date,home_team,away_team,team,scorer,minute,own_goal,penalty,MATCH_ID
2018-05-30,EST,LTU,EST,Henrik Ojamaa,23.0,False,False,20180530_EST_LTU
2018-05-30,EST,LTU,EST,Mattias Käit,42.0,False,False,20180530_EST_LTU
2018-06-02,LVA,EST,LVA,Jānis Ikaunieks,70.0,False,False,20180602_LVA_EST
2018-06-05,LTU,LVA,LVA,Kaspars Dubra,46.0,False,False,20180605_LTU_LVA
2018-06-05,LTU,LVA,LTU,Karolis Laukžemis,86.0,False,False,20180605_LTU_LVA
2018-06-14,RUS,KSA,RUS,Yury Gazinsky,12.0,False,False,20180614_RUS_KSA
2018-06-14,RUS,KSA,RUS,Denis Cheryshev,43.0,False,False,20180614_RUS_KSA
2018-06-14,RUS,KSA,RUS,Artem Dzyuba,71.0,False,False,20180614_RUS_KSA
2018-06-14,RUS,KSA,RUS,Denis Cheryshev,90.0,False,False,20180614_RUS_KSA
2018-06-14,RUS,KSA,RUS,Aleksandr Golovin,90.0,False,False,20180614_RUS_KSA
2018-06-15,EGY,URU,URU,José María Giménez,89.0,False,False,20180615_EGY_URU
2018-06-15,MAR,IRN,IRN,Aziz Bouhaddouz,90.0,True,False,20180615_MAR_IRN
2018-06-15,POR,ESP,POR,Cristiano Ronaldo,4.0,False,True,20180615_POR_ESP
2018-06-15,POR,ESP,ESP,Diego Costa,24.0,False,False,20180615_POR_ESP
2018-06-15,POR,ESP,POR,Cristiano Ronaldo,44.0,False,False,20180615_POR_ESP
2018-06-15,POR,ESP,ESP,Diego Costa,55.0,False,False,20180615_POR_ESP
2018-06-15,POR,ESP,ESP,Nacho,58.0,False,False,20180615_POR_ESP
2018-06-15,POR,ESP,POR,Cristiano Ronaldo,88.0,False,False,20180615_POR_ESP
2018-06-16,ARG,ISL,ARG,Sergio Agüero,19.0,False,False,20180616_ARG_ISL
2018-06-16,ARG,ISL,ISL,Alfreð Finnbogason,23.0,False,False,20180616_ARG_ISL
2018-06-16,CRO,NGA,CRO,Oghenekaro Etebo,32.0,True,False,20180616_CRO_NGA
2018-06-16,CRO,NGA,CRO,Luka Modrić,71.0,False,True,20180616_CRO_NGA
2018-06-16,FRA,AUS,FRA,Antoine Griezmann,58.0,False,True,20180616_FRA_AUS
2018-06-16,FRA,AUS,AUS,Mile Jedinak,62.0,False,True,20180616_FRA_AUS
2018-06-16,FRA,AUS,FRA,Aziz Behich,81.0,True,False,20180616_FRA_AUS
2018-06-16,PER,DEN,DEN,Yussuf Poulsen,59.0,False,False,20180616_PER_DEN
2018-06-17,BRA,SUI,BRA,Philippe Coutinho,20.0,False,False,20180617_BRA_SUI
2018-06-17,BRA,SUI,SUI,Steven Zuber,50.0,False,False,20180617_BRA_SUI
2018-06-17,CRC,SRB,SRB,Aleksandar Kolarov,56.0,False,False,20180617_CRC_SRB
2018-06-17,GER,MEX,MEX,Hirving Lozano,35.0,False,False,20180617_GER_MEX
2018-06-18,BEL,PAN,BEL,Dries Mertens,47.0,False,False,20180618_BEL_PAN
2018-06-18,BEL,PAN,BEL,Romelu Lukaku,69.0,False,False,20180618_BEL_PAN
2018-06-18,BEL,PAN,BEL,Romelu Lukaku,75.0,False,False,20180618_BEL_PAN
2018-06-18,SWE,KOR,SWE,Andreas Granqvist,65.0,False,True,20180618_SWE_KOR
2018-06-18,TUN,ENG,ENG,Harry Kane,11.0,False,False,20180618_TUN_ENG
2018-06-18,TUN,ENG,TUN,Ferjani Sassi,35.0,False,True,20180618_TUN_ENG
2018-06-18,TUN,ENG,ENG,Harry Kane,90.0,False,False,20180618_TUN_ENG
2018-06-19,COL,JPN,JPN,Shinji Kagawa,6.0,False,True,20180619_COL_JPN
2018-06-19,COL,JPN,COL,Juan Fernando Quintero,39.0,False,False,20180619_COL_JPN
2018-06-19,COL,JPN,JPN,Yuya Osako,73.0,False,False,20180619_COL_JPN
2018-06-19,POL,SEN,SEN,Thiago Cionek,37.0,True,False,20180619_POL_SEN
2018-06-19,POL,SEN,SEN,M'Baye Niang,60.0,False,False,20180619_POL_SEN
2018-06-19,POL,SEN,POL,Grzegorz Krychowiak,86.0,False,False,20180619_POL_SEN
2018-06-19,RUS,EGY,RUS,Ahmed Fathy,47.0,True,False,20180619_RUS_EGY
2018-06-19,RUS,EGY,RUS,Denis Cheryshev,59.0,False,False,20180619_RUS_EGY
2018-06-19,RUS,EGY,RUS,Artem Dzyuba,62.0,False,False,20180619_RUS_EGY
2018-06-19,RUS,EGY,EGY,Mohamed Salah,73.0,False,True,20180619_RUS_EGY
2018-06-20,IRN,ESP,ESP,Diego Costa,54.0,False,False,20180620_IRN_ESP
2018-06-20,POR,MAR,POR,Cristiano Ronaldo,4.0,False,False,20180620_POR_MAR
2018-06-20,URU,KSA,URU,Luis Suárez,23.0,False,False,20180620_URU_KSA
2018-06-21,ARG,CRO,CRO,Ante Rebić,53.0,False,False,20180621_ARG_CRO
2018-06-21,ARG,CRO,CRO,Luka Modrić,80.0,False,False,20180621_ARG_CRO
2018-06-21,ARG,CRO,CRO,Ivan Rakitić,90.0,False,False,20180621_ARG_CRO
2018-06-21,DEN,AUS,DEN,Christian Eriksen,7.0,False,False,20180621_DEN_AUS
2018-06-21,DEN,AUS,AUS,Mile Jedinak,38.0,False,True,20180621_DEN_AUS
2018-06-21,FRA,PER,FRA,Kylian Mbappé,34.0,False,False,20180621_FRA_PER
2018-06-22,BRA,CRC,BRA,Philippe Coutinho,90.0,False,False,20180622_BRA_CRC
2018-06-22,BRA,CRC,BRA,Neymar,90.0,False,False,20180622_BRA_CRC
2018-06-22,NGA,ISL,NGA,Ahmed Musa,49.0,False,False,20180622_NGA_ISL
2018-06-22,NGA,ISL,NGA,Ahmed Musa,75.0,False,False,20180622_NGA_ISL
2018-06-22,SRB,SUI,SRB,Aleksandar Mitrović,5.0,False,False,20180622_SRB_SUI
2018-06-22,SRB,SUI,SUI,Granit Xhaka,52.0,False,False,20180622_SRB_SUI
2018-06-22,SRB,SUI,SUI,Xherdan Shaqiri,90.0,False,False,20180622_SRB_SUI
2018-06-23,BEL,TUN,BEL,Eden Hazard,6.0,False,True,20180623_BEL_TUN
2018-06-23,BEL,TUN,BEL,Romelu Lukaku,16.0,False,False,20180623_BEL_TUN
2018-06-23,BEL,TUN,TUN,Dylan Bronn,18.0,False,False,20180623_BEL_TUN
2018-06-23,BEL,TUN,BEL,Romelu Lukaku,45.0,False,False,20180623_BEL_TUN
2018-06-23,BEL,TUN,BEL,Eden Hazard,51.0,False,False,20180623_BEL_TUN
2018-06-23,BEL,TUN,BEL,Michy Batshuayi,90.0,False,False,20180623_BEL_TUN
2018-06-23,BEL,TUN,TUN,Wahbi Khazri,90.0,False,False,20180623_BEL_TUN
2018-06-23,GER,SWE,SWE,Ola Toivonen,32.0,False,False,20180623_GER_SWE
2018-06-23,GER,SWE,GER,Marco Reus,48.0,False,False,20180623_GER_SWE
2018-06-23,GER,SWE,GER,Toni Kroos,90.0,False,False,20180623_GER_SWE
2018-06-23,KOR,MEX,MEX,Carlos Vela,26.0,False,True,20180623_KOR_MEX
2018-06-23,KOR,MEX,MEX,Javier Hernández,66.0,False,False,20180623_KOR_MEX
2018-06-23,KOR,MEX,KOR,Son Heung-min,90.0,False,False,20180623_KOR_MEX
2018-06-24,ENG,PAN,ENG,John Stones,8.0,False,False,20180624_ENG_PAN
2018-06-24,ENG,PAN,ENG,Harry Kane,22.0,False,True,20180624_ENG_PAN
2018-06-24,ENG,PAN,ENG,Jesse Lingard,36.0,False,False,20180624_ENG_PAN
2018-06-24,ENG,PAN,ENG,John Stones,40.0,False,False,20180624_ENG_PAN
2018-06-24,ENG,PAN,ENG,Harry Kane,45.0,False,True,20180624_ENG_PAN
2018-06-24,ENG,PAN,ENG,Harry Kane,62.0,False,False,20180624_ENG_PAN
2018-06-24,ENG,PAN,PAN,Felipe Baloy,78.0,False,False,20180624_ENG_PAN
2018-06-24,JPN,SEN,SEN,Sadio Mané,11.0,False,False,20180624_JPN_SEN
2018-06-24,JPN,SEN,JPN,Takashi Inui,34.0,False,False,20180624_JPN_SEN
2018-06-24,JPN,SEN,SEN,Moussa Wagué,71.0,False,False,20180624_JPN_SEN
2018-06-24,JPN,SEN,JPN,Keisuke Honda,78.0,False,False,20180624_JPN_SEN
2018-06-24,POL,COL,COL,Yerry Mina,40.0,False,False,20180624_POL_COL
2018-06-24,POL,COL,COL,Radamel Falcao,70.0,False,False,20180624_POL_COL
2018-06-24,POL,COL,COL,Juan Cuadrado,75.0,False,False,20180624_POL_COL
2018-06-25,IRN,POR,POR,Ricardo Quaresma,45.0,False,False,20180625_IRN_POR
2018-06-25,IRN,POR,IRN,Karim Ansarifard,90.0,False,True,20180625_IRN_POR
2018-06-25,RUS,URU,URU,Luis Suárez,10.0,False,False,20180625_RUS_URU
2018-06-25,RUS,URU,URU,Denis Cheryshev,23.0,True,False,20180625_RUS_URU
2018-06-25,RUS,URU,URU,Edinson Cavani,90.0,False,False,20180625_RUS_URU
2018-06-25,KSA,EGY,EGY,Mohamed Salah,22.0,False,False,20180625_KSA_EGY
2018-06-25,KSA,EGY,KSA,Salman Al-Faraj,45.0,False,True,20180625_KSA_EGY
2018-06-25,KSA,EGY,KSA,Salem Al-Dawsari,90.0,False,False,20180625_KSA_EGY
2018-06-25,ESP,MAR,MAR,Khalid Boutaïb,14.0,False,False,20180625_ESP_MAR
2018-06-25,ESP,MAR,ESP,Isco,19.0,False,False,20180625_ESP_MAR
2018-06-25,ESP,MAR,MAR,Youssef En-Nesyri,81.0,False,False,20180625_ESP_MAR
2018-06-25,ESP,MAR,ESP,Iago Aspas,90.0,False,False,20180625_ESP_MAR
2018-06-26,AUS,PER,PER,André Carrillo,18.0,False,False,20180626_AUS_PER
2018-06-26,AUS,PER,PER,Paolo Guerrero,50.0,False,False,20180626_AUS_PER
2018-06-26,ISL,CRO,CRO,Milan Badelj,53.0,False,False,20180626_ISL_CRO
2018-06-26,ISL,CRO,ISL,Gylfi Sigurðsson,76.0,False,True,20180626_ISL_CRO
2018-06-26,ISL,CRO,CRO,Ivan Perišić,90.0,False,False,20180626_ISL_CRO
2018-06-26,NGA,ARG,ARG,Lionel Messi,14.0,False,False,20180626_NGA_ARG
2018-06-26,NGA,ARG,NGA,Victor Moses,51.0,False,True,20180626_NGA_ARG
2018-06-26,NGA,ARG,ARG,Marcos Rojo,86.0,False,False,20180626_NGA_ARG
2018-06-27,MEX,SWE,SWE,Ludwig Augustinsson,50.0,False,False,20180627_MEX_SWE
2018-06-27,MEX,SWE,SWE,Andreas Granqvist,62.0,False,True,20180627_MEX_SWE
2018-06-27,MEX,SWE,SWE,Edson Álvarez,74.0,True,False,20180627_MEX_SWE
2018-06-27,SRB,BRA,BRA,Paulinho,36.0,False,False,20180627_SRB_BRA
2018-06-27,SRB,BRA,BRA,Thiago Silva,68.0,False,False,20180627_SRB_BRA
2018-06-27,KOR,GER,KOR,Kim Young-gwon,90.0,False,False,20180627_KOR_GER
2018-06-27,KOR,GER,KOR,Son Heung-min,90.0,False,False,20180627_KOR_GER
2018-06-27,SUI,CRC,SUI,Blerim Džemaili,31.0,False,False,20180627_SUI_CRC
2018-06-27,SUI,CRC,CRC,Kendall Waston,56.0,False,False,20180627_SUI_CRC
2018-06-27,SUI,CRC,SUI,Josip Drmić,88.0,False,False,20180627_SUI_CRC
2018-06-27,SUI,CRC,CRC,Yann Sommer,90.0,True,False,20180627_SUI_CRC
2018-06-28,ENG,BEL,BEL,Adnan Januzaj,51.0,False,False,20180628_ENG_BEL
2018-06-28,JPN,POL,POL,Jan Bednarek,59.0,False,False,20180628_JPN_POL
2018-06-28,PAN,TUN,PAN,Yassine Meriah,33.0,True,False,20180628_PAN_TUN
2018-06-28,PAN,TUN,TUN,Fakhreddine Ben Youssef,51.0,False,False,20180628_PAN_TUN
2018-06-28,PAN,TUN,TUN,Wahbi Khazri,66.0,False,False,20180628_PAN_TUN
2018-06-28,SEN,COL,COL,Yerry Mina,74.0,False,False,20180628_SEN_COL
2018-06-30,FRA,ARG,FRA,Antoine Griezmann,13.0,False,True,20180630_FRA_ARG
2018-06-30,FRA,ARG,ARG,Ángel Di María,41.0,False,False,20180630_FRA_ARG
2018-06-30,FRA,ARG,ARG,Gabriel Mercado,48.0,False,False,20180630_FRA_ARG
2018-06-30,FRA,ARG,FRA,Benjamin Pavard,57.0,False,False,20180630_FRA_ARG
2018-06-30,FRA,ARG,FRA,Kylian Mbappé,64.0,False,False,20180630_FRA_ARG
2018-06-30,FRA,ARG,FRA,Kylian Mbappé,68.0,False,False,20180630_FRA_ARG
2018-06-30,FRA,ARG,ARG,Sergio Agüero,90.0,False,False,20180630_FRA_ARG
2018-06-30,URU,POR,URU,Edinson Cavani,7.0,False,False,20180630_URU_POR
2018-06-30,URU,POR,POR,Pepe,55.0,False,False,20180630_URU_POR
2018-06-30,URU,POR,URU,Edinson Cavani,62.0,False,False,20180630_URU_POR
2018-07-01,CRO,DEN,DEN,Mathias Jørgensen,1.0,False,False,20180701_CRO_DEN
2018-07-01,CRO,DEN,CRO,Mario Mandžukić,4.0,False,False,20180701_CRO_DEN
2018-07-01,RUS,ESP,ESP,Sergei Ignashevich,12.0,True,False,20180701_RUS_ESP
2018-07-01,RUS,ESP,RUS,Artem Dzyuba,41.0,False,True,20180701_RUS_ESP
2018-07-02,BEL,JPN,JPN,Genki Haraguchi,48.0,False,False,20180702_BEL_JPN
2018-07-02,BEL,JPN,JPN,Takashi Inui,52.0,False,False,20180702_BEL_JPN
2018-07-02,BEL,JPN,BEL,Jan Vertonghen,69.0,False,False,20180702_BEL_JPN
2018-07-02,BEL,JPN,BEL,Marouane Fellaini,74.0,False,False,20180702_BEL_JPN
2018-07-02,BEL,JPN,BEL,Nacer Chadli,90.0,False,False,20180702_BEL_JPN
2018-07-02,BRA,MEX,BRA,Neymar,51.0,False,False,20180702_BRA_MEX
2018-07-02,BRA,MEX,BRA,Roberto Firmino,88.0,False,False,20180702_BRA_MEX
2018-07-03,COL,ENG,ENG,Harry Kane,57.0,False,True,20180703_COL_ENG
2018-07-03,COL,ENG,COL,Yerry Mina,90.0,False,False,20180703_COL_ENG
2018-07-03,SWE,SUI,SWE,Emil Forsberg,66.0,False,False,20180703_SWE_SUI
2018-07-06,BRA,BEL,BEL,Fernandinho,13.0,True,False,20180706_BRA_BEL
2018-07-06,BRA,BEL,BEL,Kevin De Bruyne,31.0,False,False,20180706_BRA_BEL
2018-07-06,BRA,BEL,BRA,Renato Augusto,76.0,False,False,20180706_BRA_BEL
2018-07-06,URU,FRA,FRA,Raphaël Varane,40.0,False,False,20180706_URU_FRA
2018-07-06,URU,FRA,FRA,Antoine Griezmann,61.0,False,False,20180706_URU_FRA
2018-07-07,RUS,CRO,RUS,Denis Cheryshev,31.0,False,False,20180707_RUS_CRO
2018-07-07,RUS,CRO,CRO,Andrej Kramarić,39.0,False,False,20180707_RUS_CRO
2018-07-07,RUS,CRO,CRO,Domagoj Vida,101.0,False,False,20180707_RUS_CRO
2018-07-07,RUS,CRO,RUS,Mário Fernandes,115.0,False,False,20180707_RUS_CRO
2018-07-07,SWE,ENG,ENG,Harry Maguire,30.0,False,False,20180707_SWE_ENG
2018-07-07,SWE,ENG,ENG,Dele Alli,59.0,False,False,20180707_SWE_ENG
2018-07-10,FRA,BEL,FRA,Samuel Umtiti,51.0,False,False,20180710_FRA_BEL
2018-07-11,CRO,ENG,ENG,Kieran Trippier,5.0,False,False,20180711_CRO_ENG
2018-07-11,CRO,ENG,CRO,Ivan Perišić,68.0,False,False,20180711_CRO_ENG
2018-07-11,CRO,ENG,CRO,Mario Mandžukić,109.0,False,False,20180711_CRO_ENG
2018-07-14,BEL,ENG,BEL,Thomas Meunier,4.0,False,False,20180714_BEL_ENG
2018-07-14,BEL,ENG,BEL,Eden Hazard,82.0,False,False,20180714_BEL_ENG
2018-07-15,FRA,CRO,FRA,Mario Mandžukić,18.0,True,False,20180715_FRA_CRO
2018-07-15,FRA,CRO,CRO,Ivan Perišić,28.0,False,False,20180715_FRA_CRO
2018-07-15,FRA,CRO,FRA,Antoine Griezmann,38.0,False,True,20180715_FRA_CRO
2018-07-15,FRA,CRO,FRA,Paul Pogba,59.0,False,False,20180715_FRA_CRO
2018-07-15,FRA,CRO,FRA,Kylian Mbappé,65.0,False,False,20180715_FRA_CRO
2018-07-15,FRA,CRO,CRO,Mario Mandžukić,69.0,False,False,20180715_FRA_CRO
2018-09-06,ARM,LIE,ARM,Marcos Pizzelli,30.0,False,False,20180906_ARM_LIE
2018-09-06,ARM,LIE,LIE,Sandro Wolfinger,33.0,False,False,20180906_ARM_LIE
2018-09-06,ARM,LIE,ARM,Tigran Barseghyan,76.0,False,False,20180906_ARM_LIE
2018-09-06,CZE,UKR,CZE,Patrik Schick,4.0,False,False,20180906_CZE_UKR
2018-09-06,CZE,UKR,UKR,Yevhen Konoplyanka,45.0,False,False,20180906_CZE_UKR
2018-09-06,CZE,UKR,UKR,Oleksandr Zinchenko,90.0,False,False,20180906_CZE_UKR
2018-09-06,GIB,MKD,MKD,Ivan Trichkovski,19.0,False,False,20180906_GIB_MKD
2018-09-06,GIB,MKD,MKD,Ezgjan Alioski,35.0,False,False,20180906_GIB_MKD
2018-09-06,KAZ,GEO,GEO,Giorgi Chakvetadze,69.0,False,False,20180906_KAZ_GEO
2018-09-06,KAZ,GEO,GEO,Serhiy Malyi,74.0,True,False,20180906_KAZ_GEO
2018-09-06,NOR,CYP,NOR,Stefan Johansen,21.0,False,False,20180906_NOR_CYP
2018-09-06,NOR,CYP,NOR,Stefan Johansen,42.0,False,False,20180906_NOR_CYP
2018-09-06,SVN,BUL,BUL,Bozhidar Kraev,3.0,False,False,20180906_SVN_BUL
2018-09-06,SVN,BUL,SVN,Miha Zajc,40.0,False,False,20180906_SVN_BUL
2018-09-06,SVN,BUL,BUL,Bozhidar Kraev,59.0,False,False,20180906_SVN_BUL
2018-09-06,WAL,IRL,WAL,Tom Lawrence,6.0,False,False,20180906_WAL_IRL
2018-09-06,WAL,IRL,WAL,Gareth Bale,18.0,False,False,20180906_WAL_IRL
2018-09-06,WAL,IRL,WAL,Aaron Ramsey,37.0,False,False,20180906_WAL_IRL
2018-09-06,WAL,IRL,WAL,Connor Roberts,55.0,False,False,20180906_WAL_IRL
2018-09-06,WAL,IRL,IRL,Shaun Williams,66.0,False,False,20180906_WAL_IRL
2018-09-07,ALB,ISR,ALB,Taulant Xhaka,55.0,False,False,20180907_ALB_ISR
2018-09-07,FRO,MLT,FRO,Jóan Símun Edmundsson,31.0,False,False,20180907_FRO_MLT
2018-09-07,FRO,MLT,FRO,René Joensen,38.0,False,False,20180907_FRO_MLT
2018-09-07,FRO,MLT,MLT,Michael Mifsud,42.0,False,False,20180907_FRO_MLT
2018-09-07,FRO,MLT,FRO,Hallur Hansson,52.0,False,False,20180907_FRO_MLT
2018-09-07,ITA,POL,POL,Piotr Zieliński,40.0,False,False,20180907_ITA_POL
2018-09-07,ITA,POL,ITA,Jorginho,78.0,False,True,20180907_ITA_POL
2018-09-07,LTU,SRB,SRB,Dušan Tadić,38.0,False,True,20180907_LTU_SRB
2018-09-07,TUR,RUS,RUS,Denis Cheryshev,13.0,False,False,20180907_TUR_RUS
2018-09-07,TUR,RUS,TUR,Serdar Aziz,41.0,False,False,20180907_TUR_RUS
2018-09-07,TUR,RUS,RUS,Artem Dzyuba,49.0,False,False,20180907_TUR_RUS
2018-09-08,BLR,SMR,BLR,Ihar Stasevich,4.0,False,False,20180908_BLR_SMR
2018-09-08,BLR,SMR,BLR,Stanislaw Drahun,26.0,False,False,20180908_BLR_SMR
2018-09-08,BLR,SMR,BLR,Anton Saroka,67.0,False,True,20180908_BLR_SMR
2018-09-08,BLR,SMR,BLR,Stanislaw Drahun,87.0,False,False,20180908_BLR_SMR
2018-09-08,BLR,SMR,BLR,Yury Kavalyow,90.0,False,False,20180908_BLR_SMR
2018-09-08,ENG,ESP,ENG,Marcus Rashford,11.0,False,False,20180908_ENG_ESP
2018-09-08,ENG,ESP,ESP,Saúl Ñíguez,13.0,False,False,20180908_ENG_ESP
2018-09-08,ENG,ESP,ESP,Rodrigo,32.0,False,False,20180908_ENG_ESP
2018-09-08,EST,GRE,GRE,Kostas Fortounis,14.0,False,False,20180908_EST_GRE
2018-09-08,FIN,HUN,FIN,Teemu Pukki,7.0,False,False,20180908_FIN_HUN
2018-09-08,LUX,MDA,LUX,Kevin Malget,34.0,False,False,20180908_LUX_MDA
2018-09-08,LUX,MDA,LUX,Olivier Thill,60.0,False,False,20180908_LUX_MDA
2018-09-08,LUX,MDA,LUX,Danel Sinani,75.0,False,False,20180908_LUX_MDA
2018-09-08,LUX,MDA,LUX,Christopher Martins,83.0,False,False,20180908_LUX_MDA
2018-09-08,NIR,BIH,BIH,Haris Duljević,36.0,False,False,20180908_NIR_BIH
2018-09-08,NIR,BIH,BIH,Elvis Sarić,64.0,False,False,20180908_NIR_BIH
2018-09-08,NIR,BIH,NIR,Will Grigg,90.0,False,False,20180908_NIR_BIH
2018-09-08,SUI,ISL,SUI,Steven Zuber,13.0,False,False,20180908_SUI_ISL
2018-09-08,SUI,ISL,SUI,Denis Zakaria,23.0,False,False,20180908_SUI_ISL
2018-09-08,SUI,ISL,SUI,Xherdan Shaqiri,53.0,False,False,20180908_SUI_ISL
2018-09-08,SUI,ISL,SUI,Haris Seferovic,67.0,False,False,20180908_SUI_ISL
2018-09-08,SUI,ISL,SUI,Albian Ajeti,71.0,False,False,20180908_SUI_ISL
2018-09-08,SUI,ISL,SUI,Admir Mehmedi,82.0,False,False,20180908_SUI_ISL
2018-09-09,BUL,NOR,BUL,Radoslav Vasilev,59.0,False,False,20180909_BUL_NOR
2018-09-09,CYP,SVN,SVN,Robert Berić,54.0,False,False,20180909_CYP_SVN
2018-09-09,CYP,SVN,CYP,Pieros Sotiriou,69.0,False,False,20180909_CYP_SVN
2018-09-09,CYP,SVN,CYP,Petar Stojanović,89.0,True,False,20180909_CYP_SVN
2018-09-09,DEN,WAL,DEN,Christian Eriksen,32.0,False,False,20180909_DEN_WAL
2018-09-09,DEN,WAL,DEN,Christian Eriksen,63.0,False,True,20180909_DEN_WAL
2018-09-09,FRA,NED,FRA,Kylian Mbappé,14.0,False,False,20180909_FRA_NED
2018-09-09,FRA,NED,NED,Ryan Babel,67.0,False,False,20180909_FRA_NED
2018-09-09,FRA,NED,FRA,Olivier Giroud,75.0,False,False,20180909_FRA_NED
2018-09-09,GEO,LVA,GEO,Tornike Okriashvili,77.0,False,True,20180909_GEO_LVA
2018-09-09,LIE,GIB,LIE,Dennis Salanović,32.0,False,False,20180909_LIE_GIB
2018-09-09,LIE,GIB,LIE,Sandro Wieser,72.0,False,False,20180909_LIE_GIB
2018-09-09,MKD,ARM,MKD,Ezgjan Alioski,14.0,False,True,20180909_MKD_ARM
2018-09-09,MKD,ARM,MKD,Goran Pandev,59.0,False,False,20180909_MKD_ARM
2018-09-09,UKR,SVK,UKR,Andriy Yarmolenko,80.0,False,True,20180909_UKR_SVK
2018-09-10,AND,KAZ,KAZ,Yuriy Logvinenko,68.0,False,False,20180910_AND_KAZ
2018-09-10,AND,KAZ,AND,Jordi Aláez,86.0,False,False,20180910_AND_KAZ
2018-09-10,KVX,FRO,KVX,Arbër Zeneli,50.0,False,False,20180910_KVX_FRO
2018-09-10,KVX,FRO,KVX,Atdhe Nuhiu,55.0,False,False,20180910_KVX_FRO
2018-09-10,MLT,AZE,MLT,Andrei Agius,10.0,False,True,20180910_MLT_AZE
2018-09-10,MLT,AZE,AZE,Tamkin Khalilzade,26.0,False,False,20180910_MLT_AZE
2018-09-10,MNE,LTU,MNE,Stefan Savić,34.0,False,True,20180910_MNE_LTU
2018-09-10,MNE,LTU,MNE,Marko Janković,35.0,False,False,20180910_MNE_LTU
2018-09-10,POR,ITA,POR,André Silva,48.0,False,False,20180910_POR_ITA
2018-09-10,SCO,ALB,SCO,Berat Djimsiti,47.0,True,False,20180910_SCO_ALB
2018-09-10,SCO,ALB,SCO,Steven Naismith,68.0,False,False,20180910_SCO_ALB
2018-09-10,SRB,ROU,SRB,Aleksandar Mitrović,26.0,False,False,20180910_SRB_ROU
2018-09-10,SRB,ROU,ROU,Nicolae Stanciu,48.0,False,True,20180910_SRB_ROU
2018-09-10,SRB,ROU,SRB,Aleksandar Mitrović,63.0,False,False,20180910_SRB_ROU
2018-09-10,SRB,ROU,ROU,George Țucudean,68.0,False,False,20180910_SRB_ROU
2018-09-10,SWE,TUR,SWE,Isaac Kiese Thelin,35.0,False,False,20180910_SWE_TUR
2018-09-10,SWE,TUR,SWE,Viktor Claesson,49.0,False,False,20180910_SWE_TUR
2018-09-10,SWE,TUR,TUR,Hakan Çalhanoğlu,51.0,False,False,20180910_SWE_TUR
2018-09-10,SWE,TUR,TUR,Emre Akbaba,88.0,False,False,20180910_SWE_TUR
2018-09-10,SWE,TUR,TUR,Emre Akbaba,90.0,False,False,20180910_SWE_TUR
2018-09-11,BIH,AUT,BIH,Edin Džeko,78.0,False,False,20180911_BIH_AUT
2018-09-11,FIN,EST,FIN,Teemu Pukki,12.0,False,False,20180911_FIN_EST
2018-09-11,HUN,GRE,HUN,Roland Sallai,15.0,False,False,20180911_HUN_GRE
2018-09-11,HUN,GRE,GRE,Kostas Manolas,18.0,False,False,20180911_HUN_GRE
2018-09-11,HUN,GRE,HUN,László Kleinheisler,43.0,False,False,20180911_HUN_GRE
2018-09-11,ISL,BEL,BEL,Eden Hazard,29.0,False,True,20180911_ISL_BEL
2018-09-11,ISL,BEL,BEL,Romelu Lukaku,31.0,False,False,20180911_ISL_BEL
2018-09-11,ISL,BEL,BEL,Romelu Lukaku,81.0,False,False,20180911_ISL_BEL
2018-09-11,SMR,LUX,LUX,Maxime Chanot,9.0,False,False,20180911_SMR_LUX
2018-09-11,SMR,LUX,LUX,Aurélien Joachim,45.0,False,False,20180911_SMR_LUX
2018-09-11,SMR,LUX,LUX,Danel Sinani,52.0,False,False,20180911_SMR_LUX
2018-09-11,ESP,CRO,ESP,Saúl Ñíguez,24.0,False,False,20180911_ESP_CRO
2018-09-11,ESP,CRO,ESP,Marco Asensio,33.0,False,False,20180911_ESP_CRO
2018-09-11,ESP,CRO,ESP,Lovre Kalinić,35.0,True,False,20180911_ESP_CRO
2018-09-11,ESP,CRO,ESP,Rodrigo,49.0,False,False,20180911_ESP_CRO
2018-09-11,ESP,CRO,ESP,Sergio Ramos,57.0,False,False,20180911_ESP_CRO
2018-09-11,ESP,CRO,ESP,Isco,70.0,False,False,20180911_ESP_CRO
2018-10-11,FRO,AZE,AZE,Richard Almeida de Oliveira,28.0,False,False,20181011_FRO_AZE
2018-10-11,FRO,AZE,AZE,Dimitrij Nazarov,67.0,False,False,20181011_FRO_AZE
2018-10-11,FRO,AZE,AZE,Richard Almeida de Oliveira,86.0,False,True,20181011_FRO_AZE
2018-10-11,ISR,SCO,SCO,Charlie Mulgrew,25.0,False,True,20181011_ISR_SCO
2018-10-11,ISR,SCO,ISR,Dor Peretz,52.0,False,False,20181011_ISR_SCO
2018-10-11,ISR,SCO,ISR,Kieran Tierney,75.0,True,False,20181011_ISR_SCO
2018-10-11,KVX,MLT,KVX,Benjamin Kololli,30.0,False,False,20181011_KVX_MLT
2018-10-11,KVX,MLT,MLT,Andrei Agius,51.0,False,False,20181011_KVX_MLT
2018-10-11,KVX,MLT,KVX,Vedat Muriqi,68.0,False,False,20181011_KVX_MLT
2018-10-11,KVX,MLT,KVX,Benjamin Kololli,81.0,False,False,20181011_KVX_MLT
2018-10-11,LTU,ROU,ROU,Alexandru Chipciu,13.0,False,False,20181011_LTU_ROU
2018-10-11,LTU,ROU,LTU,Artūras Žulpa,90.0,False,False,20181011_LTU_ROU
2018-10-11,LTU,ROU,ROU,Alexandru Maxim,90.0,False,False,20181011_LTU_ROU
2018-10-11,MNE,SRB,SRB,Aleksandar Mitrović,18.0,False,True,20181011_MNE_SRB
2018-10-11,MNE,SRB,SRB,Aleksandar Mitrović,81.0,False,False,20181011_MNE_SRB
2018-10-11,POL,POR,POL,Krzysztof Piątek,18.0,False,False,20181011_POL_POR
2018-10-11,POL,POR,POR,André Silva,32.0,False,False,20181011_POL_POR
2018-10-11,POL,POR,POR,Kamil Glik,43.0,True,False,20181011_POL_POR
2018-10-11,POL,POR,POR,Bernardo Silva,52.0,False,False,20181011_POL_POR
2018-10-11,POL,POR,POL,Jakub Błaszczykowski,77.0,False,False,20181011_POL_POR
2018-10-12,AUT,NIR,AUT,Marko Arnautović,71.0,False,False,20181012_AUT_NIR
2018-10-12,BLR,LUX,BLR,Anton Saroka,43.0,False,False,20181012_BLR_LUX
2018-10-12,BEL,SUI,BEL,Romelu Lukaku,58.0,False,False,20181012_BEL_SUI
2018-10-12,BEL,SUI,SUI,Mario Gavranović,76.0,False,False,20181012_BEL_SUI
2018-10-12,BEL,SUI,BEL,Romelu Lukaku,84.0,False,False,20181012_BEL_SUI
2018-10-12,EST,FIN,FIN,Teemu Pukki,90.0,False,False,20181012_EST_FIN
2018-10-12,GRE,HUN,GRE,Kostas Mitroglou,65.0,False,False,20181012_GRE_HUN
2018-10-12,MDA,SMR,MDA,Radu Gînsari,31.0,False,False,20181012_MDA_SMR
2018-10-12,MDA,SMR,MDA,Radu Gînsari,67.0,False,False,20181012_MDA_SMR
2018-10-13,ARM,GIB,GIB,Joseph Chipolina,50.0,False,True,20181013_ARM_GIB
2018-10-13,BUL,CYP,CYP,Grigoris Kastanos,41.0,False,False,20181013_BUL_CYP
2018-10-13,BUL,CYP,BUL,Kiril Despodov,59.0,False,False,20181013_BUL_CYP
2018-10-13,BUL,CYP,BUL,Todor Nedelev,68.0,False,False,20181013_BUL_CYP
2018-10-13,GEO,AND,GEO,Valeri Qazaishvili,33.0,False,False,20181013_GEO_AND
2018-10-13,GEO,AND,GEO,Valeri Qazaishvili,84.0,False,False,20181013_GEO_AND
2018-10-13,GEO,AND,GEO,Jaba Kankava,90.0,False,False,20181013_GEO_AND
2018-10-13,LVA,KAZ,KAZ,Bakhtiyar Zaynutdinov,16.0,False,False,20181013_LVA_KAZ
2018-10-13,LVA,KAZ,LVA,Artūrs Karašausks,40.0,False,False,20181013_LVA_KAZ
2018-10-13,NED,GER,NED,Virgil van Dijk,30.0,False,False,20181013_NED_GER
2018-10-13,NED,GER,NED,Memphis Depay,87.0,False,False,20181013_NED_GER
2018-10-13,NED,GER,NED,Georginio Wijnaldum,90.0,False,False,20181013_NED_GER
2018-10-13,MKD,LIE,MKD,Aleksandar Trajkovski,10.0,False,False,20181013_MKD_LIE
2018-10-13,MKD,LIE,MKD,Aleksandar Trajkovski,30.0,False,False,20181013_MKD_LIE
2018-10-13,MKD,LIE,MKD,Goran Pandev,36.0,False,False,20181013_MKD_LIE
2018-10-13,MKD,LIE,LIE,Seyhan Yildiz,37.0,False,False,20181013_MKD_LIE
2018-10-13,MKD,LIE,MKD,Ezgjan Alioski,67.0,False,False,20181013_MKD_LIE
2018-10-13,NOR,SVN,NOR,Ole Selnæs,45.0,False,False,20181013_NOR_SVN
2018-10-13,SVK,CZE,CZE,Michael Krmenčík,52.0,False,False,20181013_SVK_CZE
2018-10-13,SVK,CZE,SVK,Marek Hamšík,62.0,False,False,20181013_SVK_CZE
2018-10-13,SVK,CZE,CZE,Patrik Schick,76.0,False,False,20181013_SVK_CZE
2018-10-14,AZE,MLT,MLT,Rowen Muscat,37.0,False,False,20181014_AZE_MLT
2018-10-14,AZE,MLT,AZE,Araz Abdullayev,53.0,False,False,20181014_AZE_MLT
2018-10-14,FRO,KVX,KVX,Milot Rashica,9.0,False,False,20181014_FRO_KVX
2018-10-14,FRO,KVX,FRO,René Joensen,50.0,False,False,20181014_FRO_KVX
2018-10-14,ISR,ALB,ISR,Tomer Hemed,8.0,False,False,20181014_ISR_ALB
2018-10-14,ISR,ALB,ISR,Dia Saba,83.0,False,False,20181014_ISR_ALB
2018-10-14,LTU,MNE,MNE,Stefan Mugoša,10.0,False,False,20181014_LTU_MNE
2018-10-14,LTU,MNE,MNE,Boris Kopitović,35.0,False,False,20181014_LTU_MNE
2018-10-14,LTU,MNE,MNE,Stefan Mugoša,45.0,False,True,20181014_LTU_MNE
2018-10-14,LTU,MNE,MNE,Darko Zorić,86.0,False,False,20181014_LTU_MNE
2018-10-14,LTU,MNE,LTU,Rolandas Baravykas,88.0,False,False,20181014_LTU_MNE
2018-10-14,POL,ITA,ITA,Cristiano Biraghi,90.0,False,False,20181014_POL_ITA
2018-10-14,RUS,TUR,RUS,Roman Neustädter,20.0,False,False,20181014_RUS_TUR
2018-10-14,RUS,TUR,RUS,Denis Cheryshev,78.0,False,False,20181014_RUS_TUR
2018-10-15,BIH,NIR,BIH,Edin Džeko,27.0,False,False,20181015_BIH_NIR
2018-10-15,BIH,NIR,BIH,Edin Džeko,73.0,False,False,20181015_BIH_NIR
2018-10-15,EST,HUN,EST,Siim Luts,20.0,False,False,20181015_EST_HUN
2018-10-15,EST,HUN,HUN,Dominik Nagy,24.0,False,False,20181015_EST_HUN
2018-10-15,EST,HUN,HUN,Ádám Szalai,54.0,False,False,20181015_EST_HUN
2018-10-15,EST,HUN,EST,Máté Pátkai,70.0,True,False,20181015_EST_HUN
2018-10-15,EST,HUN,EST,Henri Anier,79.0,False,False,20181015_EST_HUN
2018-10-15,EST,HUN,HUN,Ádám Szalai,81.0,False,False,20181015_EST_HUN
2018-10-15,FIN,GRE,FIN,Pyry Soiri,46.0,False,False,20181015_FIN_GRE
2018-10-15,FIN,GRE,FIN,Glen Kamara,89.0,False,False,20181015_FIN_GRE
2018-10-15,ISL,SUI,SUI,Haris Seferovic,52.0,False,False,20181015_ISL_SUI
2018-10-15,ISL,SUI,SUI,Michael Lang,67.0,False,False,20181015_ISL_SUI
2018-10-15,ISL,SUI,ISL,Alfreð Finnbogason,81.0,False,False,20181015_ISL_SUI
2018-10-15,LUX,SMR,LUX,David Turpel,4.0,False,False,20181015_LUX_SMR
2018-10-15,LUX,SMR,LUX,Danel Sinani,65.0,False,False,20181015_LUX_SMR
2018-10-15,LUX,SMR,LUX,Vincent Thill,73.0,False,False,20181015_LUX_SMR
2018-10-15,ESP,ENG,ENG,Raheem Sterling,16.0,False,False,20181015_ESP_ENG
2018-10-15,ESP,ENG,ENG,Marcus Rashford,30.0,False,False,20181015_ESP_ENG
2018-10-15,ESP,ENG,ENG,Raheem Sterling,38.0,False,False,20181015_ESP_ENG
2018-10-15,ESP,ENG,ESP,Paco Alcácer,58.0,False,False,20181015_ESP_ENG
2018-10-15,ESP,ENG,ESP,Sergio Ramos,90.0,False,False,20181015_ESP_ENG
2018-10-16,ARM,MKD,ARM,Marcos Pizzelli,12.0,False,False,20181016_ARM_MKD
2018-10-16,ARM,MKD,ARM,Yura Movsisyan,67.0,False,False,20181016_ARM_MKD
2018-10-16,ARM,MKD,ARM,Gevorg Ghazaryan,81.0,False,False,20181016_ARM_MKD
2018-10-16,ARM,MKD,ARM,Henrikh Mkhitaryan,90.0,False,False,20181016_ARM_MKD
2018-10-16,FRA,GER,GER,Toni Kroos,14.0,False,True,20181016_FRA_GER
2018-10-16,FRA,GER,FRA,Antoine Griezmann,62.0,False,False,20181016_FRA_GER
2018-10-16,FRA,GER,FRA,Antoine Griezmann,80.0,False,True,20181016_FRA_GER
2018-10-16,GIB,LIE,LIE,Dennis Salanović,15.0,False,False,20181016_GIB_LIE
2018-10-16,GIB,LIE,GIB,George Cabrera,61.0,False,False,20181016_GIB_LIE
2018-10-16,GIB,LIE,GIB,Joseph Chipolina,66.0,False,False,20181016_GIB_LIE
2018-10-16,KAZ,AND,KAZ,Yerkebulan Seydakhmet,21.0,False,False,20181016_KAZ_AND
2018-10-16,KAZ,AND,KAZ,Bauyrzhan Turysbek,39.0,False,False,20181016_KAZ_AND
2018-10-16,KAZ,AND,KAZ,Josep Gómes,61.0,True,False,20181016_KAZ_AND
2018-10-16,KAZ,AND,KAZ,Roman Murtazayev,74.0,False,False,20181016_KAZ_AND
2018-10-16,LVA,GEO,GEO,Jaba Kankava,8.0,False,False,20181016_LVA_GEO
2018-10-16,LVA,GEO,GEO,Valerian Gvilia,29.0,False,False,20181016_LVA_GEO
2018-10-16,LVA,GEO,GEO,Giorgi Chakvetadze,61.0,False,False,20181016_LVA_GEO
2018-10-16,NOR,BUL,NOR,Mohamed Elyounoussi,31.0,False,False,20181016_NOR_BUL
2018-10-16,IRL,WAL,WAL,Harry Wilson,58.0,False,False,20181016_IRL_WAL
2018-10-16,SVN,CYP,CYP,Fotis Papoulis,37.0,False,False,20181016_SVN_CYP
2018-10-16,SVN,CYP,SVN,Nejc Skubic,83.0,False,False,20181016_SVN_CYP
2018-10-16,UKR,CZE,UKR,Ruslan Malinovskyi,43.0,False,False,20181016_UKR_CZE
2018-11-15,AND,GEO,GEO,Giorgi Chakvetadze,9.0,False,False,20181115_AND_GEO
2018-11-15,AND,GEO,AND,Cristian Martínez,63.0,False,False,20181115_AND_GEO
2018-11-15,BEL,ISL,BEL,Michy Batshuayi,65.0,False,False,20181115_BEL_ISL
2018-11-15,BEL,ISL,BEL,Michy Batshuayi,81.0,False,False,20181115_BEL_ISL
2018-11-15,CRO,ESP,CRO,Andrej Kramarić,54.0,False,False,20181115_CRO_ESP
2018-11-15,CRO,ESP,ESP,Dani Ceballos,56.0,False,False,20181115_CRO_ESP
2018-11-15,CRO,ESP,CRO,Tin Jedvaj,69.0,False,False,20181115_CRO_ESP
2018-11-15,CRO,ESP,ESP,Sergio Ramos,78.0,False,True,20181115_CRO_ESP
2018-11-15,CRO,ESP,CRO,Tin Jedvaj,90.0,False,False,20181115_CRO_ESP
2018-11-15,GRE,FIN,GRE,Albin Granlund,25.0,True,False,20181115_GRE_FIN
2018-11-15,HUN,EST,HUN,Willi Orbán,8.0,False,False,20181115_HUN_EST
2018-11-15,HUN,EST,HUN,Ádám Szalai,69.0,False,False,20181115_HUN_EST
2018-11-15,KAZ,LVA,KAZ,Gafurzhan Suyumbayev,37.0,False,False,20181115_KAZ_LVA
2018-11-15,KAZ,LVA,LVA,Deniss Rakels,49.0,False,False,20181115_KAZ_LVA
2018-11-15,LUX,BLR,BLR,Stanislaw Drahun,37.0,False,False,20181115_LUX_BLR
2018-11-15,LUX,BLR,BLR,Stanislaw Drahun,54.0,False,False,20181115_LUX_BLR
2018-11-15,SMR,MDA,MDA,Vitalie Damașcan,78.0,False,False,20181115_SMR_MDA
2018-11-16,CYP,BUL,CYP,Panagiotis Zachariou,24.0,False,False,20181116_CYP_BUL
2018-11-16,CYP,BUL,BUL,Nikolay Dimitrov,89.0,False,True,20181116_CYP_BUL
2018-11-16,GIB,ARM,GIB,Tjay De Barr,10.0,False,False,20181116_GIB_ARM
2018-11-16,GIB,ARM,ARM,Yura Movsisyan,27.0,False,False,20181116_GIB_ARM
2018-11-16,GIB,ARM,ARM,Yura Movsisyan,48.0,False,False,20181116_GIB_ARM
2018-11-16,GIB,ARM,ARM,Yura Movsisyan,52.0,False,False,20181116_GIB_ARM
2018-11-16,GIB,ARM,ARM,Yura Movsisyan,54.0,False,False,20181116_GIB_ARM
2018-11-16,GIB,ARM,ARM,Artur Kartashyan,66.0,False,False,20181116_GIB_ARM
2018-11-16,GIB,ARM,GIB,Adam Priestley,78.0,False,False,20181116_GIB_ARM
2018-11-16,GIB,ARM,ARM,Aleksandre Karapetian,90.0,False,False,20181116_GIB_ARM
2018-11-16,LIE,MKD,MKD,Enis Bardhi,53.0,False,False,20181116_LIE_MKD
2018-11-16,LIE,MKD,MKD,Ilija Nestorovski,90.0,False,False,20181116_LIE_MKD
2018-11-16,NED,FRA,NED,Georginio Wijnaldum,44.0,False,False,20181116_NED_FRA
2018-11-16,NED,FRA,NED,Memphis Depay,90.0,False,True,20181116_NED_FRA
2018-11-16,SVK,UKR,SVK,Albert Rusnák,6.0,False,False,20181116_SVK_UKR
2018-11-16,SVK,UKR,SVK,Juraj Kucka,26.0,False,False,20181116_SVK_UKR
2018-11-16,SVK,UKR,UKR,Yevhen Konoplyanka,47.0,False,False,20181116_SVK_UKR
2018-11-16,SVK,UKR,SVK,Adam Zreľák,52.0,False,False,20181116_SVK_UKR
2018-11-16,SVK,UKR,SVK,Róbert Mak,61.0,False,False,20181116_SVK_UKR
2018-11-16,SVN,NOR,SVN,Benjamin Verbič,9.0,False,False,20181116_SVN_NOR
2018-11-16,SVN,NOR,NOR,Bjørn Maars Johnsen,85.0,False,False,20181116_SVN_NOR
2018-11-16,WAL,DEN,DEN,Nicolai Jørgensen,42.0,False,False,20181116_WAL_DEN
2018-11-16,WAL,DEN,DEN,Martin Braithwaite,88.0,False,False,20181116_WAL_DEN
2018-11-16,WAL,DEN,WAL,Gareth Bale,89.0,False,False,20181116_WAL_DEN
2018-11-17,ALB,SCO,SCO,Ryan Fraser,14.0,False,False,20181117_ALB_SCO
2018-11-17,ALB,SCO,SCO,Steven Fletcher,45.0,False,True,20181117_ALB_SCO
2018-11-17,ALB,SCO,SCO,James Forrest,55.0,False,False,20181117_ALB_SCO
2018-11-17,ALB,SCO,SCO,James Forrest,67.0,False,False,20181117_ALB_SCO
2018-11-17,AZE,FRO,AZE,Dimitrij Nazarov,18.0,False,False,20181117_AZE_FRO
2018-11-17,AZE,FRO,AZE,Mahir Madatov,28.0,False,False,20181117_AZE_FRO
2018-11-17,MLT,KVX,KVX,Vedat Muriqi,15.0,False,False,20181117_MLT_KVX
2018-11-17,MLT,KVX,KVX,Benjamin Kololli,70.0,False,False,20181117_MLT_KVX
2018-11-17,MLT,KVX,KVX,Donis Avdijaj,78.0,False,False,20181117_MLT_KVX
2018-11-17,MLT,KVX,KVX,Donis Avdijaj,80.0,False,False,20181117_MLT_KVX
2018-11-17,MLT,KVX,KVX,Milot Rashica,86.0,False,False,20181117_MLT_KVX
2018-11-17,ROU,LTU,ROU,George Pușcaș,7.0,False,False,20181117_ROU_LTU
2018-11-17,ROU,LTU,ROU,Claudiu Keșerü,47.0,False,False,20181117_ROU_LTU
2018-11-17,ROU,LTU,ROU,Nicolae Stanciu,65.0,False,False,20181117_ROU_LTU
2018-11-17,SRB,MNE,SRB,Adem Ljajić,30.0,False,False,20181117_SRB_MNE
2018-11-17,SRB,MNE,SRB,Aleksandar Mitrović,32.0,False,False,20181117_SRB_MNE
2018-11-17,SRB,MNE,MNE,Stefan Mugoša,70.0,False,False,20181117_SRB_MNE
2018-11-17,TUR,SWE,SWE,Andreas Granqvist,71.0,False,True,20181117_TUR_SWE
2018-11-18,ENG,CRO,CRO,Andrej Kramarić,57.0,False,False,20181118_ENG_CRO
2018-11-18,ENG,CRO,ENG,Jesse Lingard,78.0,False,False,20181118_ENG_CRO
2018-11-18,ENG,CRO,ENG,Harry Kane,85.0,False,False,20181118_ENG_CRO
2018-11-18,GRE,EST,EST,Vassilis Lambropoulos,44.0,True,False,20181118_GRE_EST
2018-11-18,HUN,FIN,HUN,Ádám Szalai,29.0,False,False,20181118_HUN_FIN
2018-11-18,HUN,FIN,HUN,Ádám Nagy,37.0,False,False,20181118_HUN_FIN
2018-11-18,MDA,LUX,MDA,Radu Gînsari,58.0,False,True,20181118_MDA_LUX
2018-11-18,MDA,LUX,LUX,Stefano Bensi,70.0,False,False,20181118_MDA_LUX
2018-11-18,NIR,AUT,AUT,Xaver Schlager,49.0,False,False,20181118_NIR_AUT
2018-11-18,NIR,AUT,NIR,Corry Evans,57.0,False,False,20181118_NIR_AUT
2018-11-18,NIR,AUT,AUT,Valentino Lazaro,90.0,False,False,20181118_NIR_AUT
2018-11-18,SMR,BLR,BLR,Stanislaw Drahun,8.0,False,False,20181118_SMR_BLR
2018-11-18,SMR,BLR,BLR,Anton Saroka,52.0,False,False,20181118_SMR_BLR
2018-11-18,SUI,BEL,BEL,Thorgan Hazard,2.0,False,False,20181118_SUI_BEL
2018-11-18,SUI,BEL,BEL,Thorgan Hazard,17.0,False,False,20181118_SUI_BEL
2018-11-18,SUI,BEL,SUI,Ricardo Rodríguez,26.0,False,True,20181118_SUI_BEL
2018-11-18,SUI,BEL,SUI,Haris Seferovic,31.0,False,False,20181118_SUI_BEL
2018-11-18,SUI,BEL,SUI,Haris Seferovic,44.0,False,False,20181118_SUI_BEL
2018-11-18,SUI,BEL,SUI,Nico Elvedi,62.0,False,False,20181118_SUI_BEL
2018-11-18,SUI,BEL,SUI,Haris Seferovic,84.0,False,False,20181118_SUI_BEL
2018-11-19,BUL,SVN,BUL,Galin Ivanov,68.0,False,False,20181119_BUL_SVN
2018-11-19,BUL,SVN,SVN,Miha Zajc,75.0,False,False,20181119_BUL_SVN
2018-11-19,CYP,NOR,NOR,Ola Kamara,36.0,False,False,20181119_CYP_NOR
2018-11-19,CYP,NOR,NOR,Ola Kamara,48.0,False,False,20181119_CYP_NOR
2018-11-19,CZE,SVK,CZE,Patrik Schick,32.0,False,False,20181119_CZE_SVK
2018-11-19,GEO,KAZ,GEO,Giorgi Merebashvili,59.0,False,False,20181119_GEO_KAZ
2018-11-19,GEO,KAZ,GEO,Giorgi Chakvetadze,84.0,False,False,20181119_GEO_KAZ
2018-11-19,GEO,KAZ,KAZ,Oralkhan Omirtayev,90.0,False,False,20181119_GEO_KAZ
2018-11-19,GER,NED,GER,Timo Werner,9.0,False,False,20181119_GER_NED
2018-11-19,GER,NED,GER,Leroy Sané,20.0,False,False,20181119_GER_NED
2018-11-19,GER,NED,NED,Quincy Promes,85.0,False,False,20181119_GER_NED
2018-11-19,GER,NED,NED,Virgil van Dijk,90.0,False,False,20181119_GER_NED
2018-11-19,LIE,ARM,ARM,Sargis Adamyan,9.0,False,False,20181119_LIE_ARM
2018-11-19,LIE,ARM,LIE,Marcel Büchel,44.0,False,False,20181119_LIE_ARM
2018-11-19,LIE,ARM,LIE,Nicolas Hasler,47.0,False,False,20181119_LIE_ARM
2018-11-19,LIE,ARM,ARM,Aleksandre Karapetian,85.0,False,False,20181119_LIE_ARM
2018-11-19,MKD,GIB,MKD,Enis Bardhi,27.0,False,False,20181119_MKD_GIB
2018-11-19,MKD,GIB,MKD,Ilija Nestorovski,67.0,False,False,20181119_MKD_GIB
2018-11-19,MKD,GIB,MKD,Ilija Nestorovski,80.0,False,False,20181119_MKD_GIB
2018-11-19,MKD,GIB,MKD,Aleksandar Trajkovski,90.0,False,False,20181119_MKD_GIB
2018-11-20,KVX,AZE,KVX,Arbër Zeneli,2.0,False,False,20181120_KVX_AZE
2018-11-20,KVX,AZE,KVX,Arbër Zeneli,50.0,False,False,20181120_KVX_AZE
2018-11-20,KVX,AZE,KVX,Amir Rrahmani,61.0,False,False,20181120_KVX_AZE
2018-11-20,KVX,AZE,KVX,Arbër Zeneli,76.0,False,False,20181120_KVX_AZE
2018-11-20,MLT,FRO,FRO,René Joensen,3.0,False,False,20181120_MLT_FRO
2018-11-20,MLT,FRO,MLT,Juan Carlos Corbalan,4.0,False,False,20181120_MLT_FRO
2018-11-20,MNE,ROU,ROU,George Țucudean,44.0,False,False,20181120_MNE_ROU
2018-11-20,POR,POL,POR,André Silva,34.0,False,False,20181120_POR_POL
2018-11-20,POR,POL,POL,Arkadiusz Milik,66.0,False,True,20181120_POR_POL
2018-11-20,SCO,ISR,ISR,Beram Kayal,9.0,False,False,20181120_SCO_ISR
2018-11-20,SCO,ISR,SCO,James Forrest,34.0,False,False,20181120_SCO_ISR
2018-11-20,SCO,ISR,SCO,James Forrest,43.0,False,False,20181120_SCO_ISR
2018-11-20,SCO,ISR,SCO,James Forrest,64.0,False,False,20181120_SCO_ISR
2018-11-20,SCO,ISR,ISR,Eran Zahavi,75.0,False,False,20181120_SCO_ISR
2018-11-20,SRB,LTU,SRB,Artūras Žulpa,51.0,True,False,20181120_SRB_LTU
2018-11-20,SRB,LTU,SRB,Aleksandar Mitrović,58.0,False,False,20181120_SRB_LTU
2018-11-20,SRB,LTU,LTU,Deimantas Petravičius,64.0,False,False,20181120_SRB_LTU
2018-11-20,SRB,LTU,SRB,Aleksandar Prijović,71.0,False,False,20181120_SRB_LTU
2018-11-20,SRB,LTU,SRB,Adem Ljajić,74.0,False,False,20181120_SRB_LTU
2018-11-20,SWE,RUS,SWE,Victor Lindelöf,41.0,False,False,20181120_SWE_RUS
2018-11-20,SWE,RUS,SWE,Marcus Berg,72.0,False,False,20181120_SWE_RUS
2019-01-05,UAE,BHR,BHR,Mohamed Al-Romaihi,78.0,False,False,20190105_UAE_BHR
2019-01-05,UAE,BHR,UAE,Ahmed Khalil,88.0,False,True,20190105_UAE_BHR
2019-01-06,AUS,JOR,JOR,Anas Bani Yaseen,26.0,False,False,20190106_AUS_JOR
2019-01-06,THA,IND,IND,Sunil Chhetri,27.0,False,True,20190106_THA_IND
2019-01-06,THA,IND,THA,Teerasil Dangda,33.0,False,False,20190106_THA_IND
2019-01-06,THA,IND,IND,Sunil Chhetri,46.0,False,False,20190106_THA_IND
2019-01-06,THA,IND,IND,Anirudh Thapa,68.0,False,False,20190106_THA_IND
2019-01-06,THA,IND,IND,Jeje Lalpekhlua,80.0,False,False,20190106_THA_IND
2019-01-07,CHN,KGZ,KGZ,Akhlidin Israilov,42.0,False,False,20190107_CHN_KGZ
2019-01-07,CHN,KGZ,CHN,Pavel Matyash,50.0,True,False,20190107_CHN_KGZ
2019-01-07,CHN,KGZ,CHN,Yu Dabao,78.0,False,False,20190107_CHN_KGZ
2019-01-07,IRN,YEM,IRN,Mehdi Taremi,12.0,False,False,20190107_IRN_YEM
2019-01-07,IRN,YEM,IRN,Ashkan Dejagah,23.0,False,False,20190107_IRN_YEM
2019-01-07,IRN,YEM,IRN,Mehdi Taremi,25.0,False,False,20190107_IRN_YEM
2019-01-07,IRN,YEM,IRN,Sardar Azmoun,53.0,False,False,20190107_IRN_YEM
2019-01-07,IRN,YEM,IRN,Saman Ghoddos,78.0,False,False,20190107_IRN_YEM
2019-01-07,KOR,PHI,KOR,Hwang Ui-jo,67.0,False,False,20190107_KOR_PHI
2019-01-08,IRQ,VIE,VIE,Ali Faez,24.0,True,False,20190108_IRQ_VIE
2019-01-08,IRQ,VIE,IRQ,Mohanad Ali,35.0,False,False,20190108_IRQ_VIE
2019-01-08,IRQ,VIE,VIE,Nguyễn Công Phượng,42.0,False,False,20190108_IRQ_VIE
2019-01-08,IRQ,VIE,IRQ,Humam Tariq,60.0,False,False,20190108_IRQ_VIE
2019-01-08,IRQ,VIE,IRQ,Ali Adnan Kadhim,90.0,False,False,20190108_IRQ_VIE
2019-01-08,KSA,PRK,KSA,Hattan Bahebri,28.0,False,False,20190108_KSA_PRK
2019-01-08,KSA,PRK,KSA,Mohammed Al-Fatil,37.0,False,False,20190108_KSA_PRK
2019-01-08,KSA,PRK,KSA,Salem Al-Dawsari,70.0,False,False,20190108_KSA_PRK
2019-01-08,KSA,PRK,KSA,Fahad Al-Muwallad,87.0,False,False,20190108_KSA_PRK
2019-01-09,JPN,TKM,TKM,Arslanmyrat Amanow,26.0,False,False,20190109_JPN_TKM
2019-01-09,JPN,TKM,JPN,Yuya Osako,56.0,False,False,20190109_JPN_TKM
2019-01-09,JPN,TKM,JPN,Yuya Osako,60.0,False,False,20190109_JPN_TKM
2019-01-09,JPN,TKM,JPN,Ritsu Dōan,71.0,False,False,20190109_JPN_TKM
2019-01-09,JPN,TKM,TKM,Ahmet Ataýew,79.0,False,True,20190109_JPN_TKM
2019-01-09,QAT,LIB,QAT,Bassam Al-Rawi,65.0,False,False,20190109_QAT_LIB
2019-01-09,QAT,LIB,QAT,Almoez Ali,79.0,False,False,20190109_QAT_LIB
2019-01-09,UZB,OMA,UZB,Odil Ahmedov,34.0,False,False,20190109_UZB_OMA
2019-01-09,UZB,OMA,OMA,Muhsen Al-Ghassani,72.0,False,False,20190109_UZB_OMA
2019-01-09,UZB,OMA,UZB,Eldor Shomurodov,85.0,False,False,20190109_UZB_OMA
2019-01-10,BHR,THA,THA,Chanathip Songkrasin,58.0,False,False,20190110_BHR_THA
2019-01-10,JOR,SYR,JOR,Musa Al-Taamari,26.0,False,False,20190110_JOR_SYR
2019-01-10,JOR,SYR,JOR,Tareq Khattab,43.0,False,False,20190110_JOR_SYR
2019-01-10,UAE,IND,UAE,Khalfan Mubarak,41.0,False,False,20190110_UAE_IND
2019-01-10,UAE,IND,UAE,Ali Mabkhout,88.0,False,False,20190110_UAE_IND
2019-01-11,KGZ,KOR,KOR,Kim Min-jae,41.0,False,False,20190111_KGZ_KOR
2019-01-11,PLE,AUS,AUS,Jamie Maclaren,18.0,False,False,20190111_PLE_AUS
2019-01-11,PLE,AUS,AUS,Awer Mabil,20.0,False,False,20190111_PLE_AUS
2019-01-11,PLE,AUS,AUS,Apostolos Giannou,90.0,False,False,20190111_PLE_AUS
2019-01-11,PHI,CHN,CHN,Wu Lei,40.0,False,False,20190111_PHI_CHN
2019-01-11,PHI,CHN,CHN,Wu Lei,66.0,False,False,20190111_PHI_CHN
2019-01-11,PHI,CHN,CHN,Yu Dabao,80.0,False,False,20190111_PHI_CHN
2019-01-12,LIB,KSA,KSA,Fahad Al-Muwallad,12.0,False,False,20190112_LIB_KSA
2019-01-12,LIB,KSA,KSA,Housain Al-Mogahwi,67.0,False,False,20190112_LIB_KSA
2019-01-12,VIE,IRN,IRN,Sardar Azmoun,38.0,False,False,20190112_VIE_IRN
2019-01-12,VIE,IRN,IRN,Sardar Azmoun,69.0,False,False,20190112_VIE_IRN
2019-01-12,YEM,IRQ,IRQ,Mohanad Ali,11.0,False,False,20190112_YEM_IRQ
2019-01-12,YEM,IRQ,IRQ,Bashar Resan,19.0,False,False,20190112_YEM_IRQ
2019-01-12,YEM,IRQ,IRQ,Alaa Abbas,90.0,False,False,20190112_YEM_IRQ
2019-01-13,PRK,QAT,QAT,Almoez Ali,9.0,False,False,20190113_PRK_QAT
2019-01-13,PRK,QAT,QAT,Almoez Ali,11.0,False,False,20190113_PRK_QAT
2019-01-13,PRK,QAT,QAT,Boualem Khoukhi,43.0,False,False,20190113_PRK_QAT
2019-01-13,PRK,QAT,QAT,Almoez Ali,55.0,False,False,20190113_PRK_QAT
2019-01-13,PRK,QAT,QAT,Almoez Ali,60.0,False,False,20190113_PRK_QAT
2019-01-13,PRK,QAT,QAT,Abdelkarim Hassan,68.0,False,False,20190113_PRK_QAT
2019-01-13,OMA,JPN,JPN,Genki Haraguchi,28.0,False,True,20190113_OMA_JPN
2019-01-13,TKM,UZB,UZB,Javokhir Sidikov,17.0,False,False,20190113_TKM_UZB
2019-01-13,TKM,UZB,UZB,Eldor Shomurodov,24.0,False,False,20190113_TKM_UZB
2019-01-13,TKM,UZB,UZB,Jaloliddin Masharipov,40.0,False,False,20190113_TKM_UZB
2019-01-13,TKM,UZB,UZB,Eldor Shomurodov,42.0,False,False,20190113_TKM_UZB
2019-01-14,IND,BHR,BHR,Jamal Rashid,90.0,False,True,20190114_IND_BHR
2019-01-14,UAE,THA,UAE,Ali Mabkhout,7.0,False,False,20190114_UAE_THA
2019-01-14,UAE,THA,THA,Thitipan Puangchan,41.0,False,False,20190114_UAE_THA
2019-01-15,AUS,SYR,AUS,Awer Mabil,41.0,False,False,20190115_AUS_SYR
2019-01-15,AUS,SYR,SYR,Omar Khribin,43.0,False,False,20190115_AUS_SYR
2019-01-15,AUS,SYR,AUS,Chris Ikonomidis,54.0,False,False,20190115_AUS_SYR
2019-01-15,AUS,SYR,SYR,Omar Al Somah,80.0,False,True,20190115_AUS_SYR
2019-01-15,AUS,SYR,AUS,Tom Rogic,90.0,False,False,20190115_AUS_SYR
2019-01-16,KGZ,PHI,KGZ,Vitalij Lux,24.0,False,False,20190116_KGZ_PHI
2019-01-16,KGZ,PHI,KGZ,Vitalij Lux,51.0,False,False,20190116_KGZ_PHI
2019-01-16,KGZ,PHI,KGZ,Vitalij Lux,77.0,False,False,20190116_KGZ_PHI
2019-01-16,KGZ,PHI,PHI,Stephan Schröck,80.0,False,False,20190116_KGZ_PHI
2019-01-16,KOR,CHN,KOR,Hwang Ui-jo,14.0,False,True,20190116_KOR_CHN
2019-01-16,KOR,CHN,KOR,Kim Min-jae,51.0,False,False,20190116_KOR_CHN
2019-01-16,VIE,YEM,VIE,Nguyễn Quang Hải,38.0,False,False,20190116_VIE_YEM
2019-01-16,VIE,YEM,VIE,Quế Ngọc Hải,64.0,False,True,20190116_VIE_YEM
2019-01-17,JPN,UZB,UZB,Eldor Shomurodov,40.0,False,False,20190117_JPN_UZB
2019-01-17,JPN,UZB,JPN,Yoshinori Muto,43.0,False,False,20190117_JPN_UZB
2019-01-17,JPN,UZB,JPN,Tsukasa Shiotani,58.0,False,False,20190117_JPN_UZB
2019-01-17,LIB,PRK,PRK,Pak Kwang-ryong,9.0,False,False,20190117_LIB_PRK
2019-01-17,LIB,PRK,LIB,Felix Michel Melki,27.0,False,False,20190117_LIB_PRK
2019-01-17,LIB,PRK,LIB,Hilal El-Helwe,65.0,False,False,20190117_LIB_PRK
2019-01-17,LIB,PRK,LIB,Hassan Maatouk,80.0,False,True,20190117_LIB_PRK
2019-01-17,LIB,PRK,LIB,Hilal El-Helwe,90.0,False,False,20190117_LIB_PRK
2019-01-17,OMA,TKM,OMA,Ahmed Mubarak Al-Mahaijri,20.0,False,False,20190117_OMA_TKM
2019-01-17,OMA,TKM,TKM,Altymyrat Annadurdyýew,41.0,False,False,20190117_OMA_TKM
2019-01-17,OMA,TKM,OMA,Muhsen Al-Ghassani,84.0,False,False,20190117_OMA_TKM
2019-01-17,OMA,TKM,OMA,Mohammed Al-Musalami,90.0,False,False,20190117_OMA_TKM
2019-01-17,KSA,QAT,QAT,Almoez Ali,45.0,False,False,20190117_KSA_QAT
2019-01-17,KSA,QAT,QAT,Almoez Ali,80.0,False,False,20190117_KSA_QAT
2019-01-20,IRN,OMA,IRN,Alireza Jahanbakhsh,32.0,False,False,20190120_IRN_OMA
2019-01-20,IRN,OMA,IRN,Ashkan Dejagah,41.0,False,True,20190120_IRN_OMA
2019-01-20,JOR,VIE,JOR,Baha' Abdel-Rahman,39.0,False,False,20190120_JOR_VIE
2019-01-20,JOR,VIE,VIE,Nguyễn Công Phượng,51.0,False,False,20190120_JOR_VIE
2019-01-20,THA,CHN,THA,Supachai Jaided,31.0,False,False,20190120_THA_CHN
2019-01-20,THA,CHN,CHN,Xiao Zhi,67.0,False,False,20190120_THA_CHN
2019-01-20,THA,CHN,CHN,Gao Lin,71.0,False,True,20190120_THA_CHN
2019-01-21,JPN,KSA,JPN,Takehiro Tomiyasu,20.0,False,False,20190121_JPN_KSA
2019-01-21,UAE,KGZ,UAE,Khamis Esmaeel,14.0,False,False,20190121_UAE_KGZ
2019-01-21,UAE,KGZ,KGZ,Mirlan Murzaev,26.0,False,False,20190121_UAE_KGZ
2019-01-21,UAE,KGZ,UAE,Ali Mabkhout,64.0,False,False,20190121_UAE_KGZ
2019-01-21,UAE,KGZ,KGZ,Tursunali Rustamov,90.0,False,False,20190121_UAE_KGZ
2019-01-21,UAE,KGZ,UAE,Ahmed Khalil,103.0,False,True,20190121_UAE_KGZ
2019-01-22,QAT,IRQ,QAT,Bassam Al-Rawi,62.0,False,False,20190122_QAT_IRQ
2019-01-22,KOR,BHR,KOR,Hwang Hee-chan,43.0,False,False,20190122_KOR_BHR
2019-01-22,KOR,BHR,BHR,Mohamed Al-Romaihi,77.0,False,False,20190122_KOR_BHR
2019-01-22,KOR,BHR,KOR,Kim Jin-su,105.0,False,False,20190122_KOR_BHR
2019-01-24,CHN,IRN,IRN,Mehdi Taremi,18.0,False,False,20190124_CHN_IRN
2019-01-24,CHN,IRN,IRN,Sardar Azmoun,31.0,False,False,20190124_CHN_IRN
2019-01-24,CHN,IRN,IRN,Karim Ansarifard,90.0,False,False,20190124_CHN_IRN
2019-01-24,VIE,JPN,JPN,Ritsu Dōan,57.0,False,True,20190124_VIE_JPN
2019-01-25,KOR,QAT,QAT,Abdulaziz Hatem,78.0,False,False,20190125_KOR_QAT
2019-01-25,UAE,AUS,UAE,Ali Mabkhout,68.0,False,False,20190125_UAE_AUS
2019-01-28,IRN,JPN,JPN,Yuya Osako,56.0,False,False,20190128_IRN_JPN
2019-01-28,IRN,JPN,JPN,Yuya Osako,67.0,False,True,20190128_IRN_JPN
2019-01-28,IRN,JPN,JPN,Genki Haraguchi,90.0,False,False,20190128_IRN_JPN
2019-01-29,UAE,QAT,QAT,Boualem Khoukhi,22.0,False,False,20190129_UAE_QAT
2019-01-29,UAE,QAT,QAT,Almoez Ali,37.0,False,False,20190129_UAE_QAT
2019-01-29,UAE,QAT,QAT,Hassan Al-Haydos,80.0,False,False,20190129_UAE_QAT
2019-01-29,UAE,QAT,QAT,Hamid Ismail,90.0,False,False,20190129_UAE_QAT
2019-02-01,JPN,QAT,QAT,Almoez Ali,12.0,False,False,20190201_JPN_QAT
2019-02-01,JPN,QAT,QAT,Abdulaziz Hatem,27.0,False,False,20190201_JPN_QAT
2019-02-01,JPN,QAT,JPN,Takumi Minamino,69.0,False,False,20190201_JPN_QAT
2019-02-01,JPN,QAT,QAT,Akram Afif,83.0,False,True,20190201_JPN_QAT
2019-03-21,AUT,POL,POL,Krzysztof Piątek,69.0,False,False,20190321_AUT_POL
2019-03-21,BEL,RUS,BEL,Youri Tielemans,14.0,False,False,20190321_BEL_RUS
2019-03-21,BEL,RUS,RUS,Denis Cheryshev,16.0,False,False,20190321_BEL_RUS
2019-03-21,BEL,RUS,BEL,Eden Hazard,45.0,False,True,20190321_BEL_RUS
2019-03-21,BEL,RUS,BEL,Eden Hazard,88.0,False,False,20190321_BEL_RUS
2019-03-21,CRO,AZE,AZE,Ramil Sheydayev,19.0,False,False,20190321_CRO_AZE
2019-03-21,CRO,AZE,CRO,Borna Barišić,44.0,False,False,20190321_CRO_AZE
2019-03-21,CRO,AZE,CRO,Andrej Kramarić,79.0,False,False,20190321_CRO_AZE
2019-03-21,CYP,SMR,CYP,Pieros Sotiriou,19.0,False,True,20190321_CYP_SMR
2019-03-21,CYP,SMR,CYP,Pieros Sotiriou,23.0,False,True,20190321_CYP_SMR
2019-03-21,CYP,SMR,CYP,Ioannis Kousoulos,26.0,False,False,20190321_CYP_SMR
2019-03-21,CYP,SMR,CYP,Georgios Efrem,31.0,False,False,20190321_CYP_SMR
2019-03-21,CYP,SMR,CYP,Konstantinos Laifis,56.0,False,False,20190321_CYP_SMR
2019-03-21,ISR,SVN,SVN,Andraž Šporar,48.0,False,False,20190321_ISR_SVN
2019-03-21,ISR,SVN,ISR,Eran Zahavi,55.0,False,False,20190321_ISR_SVN
2019-03-21,KAZ,SCO,KAZ,Yuriy Pertsukh,6.0,False,False,20190321_KAZ_SCO
2019-03-21,KAZ,SCO,KAZ,Yan Vorogovsky,10.0,False,False,20190321_KAZ_SCO
2019-03-21,KAZ,SCO,KAZ,Bakhtiyar Zaynutdinov,51.0,False,False,20190321_KAZ_SCO
2019-03-21,NED,BLR,NED,Memphis Depay,1.0,False,False,20190321_NED_BLR
2019-03-21,NED,BLR,NED,Georginio Wijnaldum,21.0,False,False,20190321_NED_BLR
2019-03-21,NED,BLR,NED,Memphis Depay,55.0,False,True,20190321_NED_BLR
2019-03-21,NED,BLR,NED,Virgil van Dijk,86.0,False,False,20190321_NED_BLR
2019-03-21,MKD,LVA,MKD,Ezgjan Alioski,11.0,False,False,20190321_MKD_LVA
2019-03-21,MKD,LVA,MKD,Elif Elmas,29.0,False,False,20190321_MKD_LVA
2019-03-21,MKD,LVA,LVA,Darko Velkovski,87.0,True,False,20190321_MKD_LVA
2019-03-21,MKD,LVA,MKD,Elif Elmas,90.0,False,False,20190321_MKD_LVA
2019-03-21,NIR,EST,NIR,Niall McGinn,56.0,False,False,20190321_NIR_EST
2019-03-21,NIR,EST,NIR,Steven Davis,75.0,False,True,20190321_NIR_EST
2019-03-21,SVK,HUN,SVK,Ondrej Duda,42.0,False,False,20190321_SVK_HUN
2019-03-21,SVK,HUN,SVK,Albert Rusnák,85.0,False,False,20190321_SVK_HUN
2019-03-22,ALB,TUR,TUR,Burak Yılmaz,21.0,False,False,20190322_ALB_TUR
2019-03-22,ALB,TUR,TUR,Hakan Çalhanoğlu,55.0,False,False,20190322_ALB_TUR
2019-03-22,AND,ISL,ISL,Birkir Bjarnason,22.0,False,False,20190322_AND_ISL
2019-03-22,AND,ISL,ISL,Viðar Örn Kjartansson,80.0,False,False,20190322_AND_ISL
2019-03-22,BUL,MNE,MNE,Stefan Mugoša,50.0,False,False,20190322_BUL_MNE
2019-03-22,BUL,MNE,BUL,Todor Nedelev,82.0,False,True,20190322_BUL_MNE
2019-03-22,ENG,CZE,ENG,Raheem Sterling,24.0,False,False,20190322_ENG_CZE
2019-03-22,ENG,CZE,ENG,Harry Kane,45.0,False,True,20190322_ENG_CZE
2019-03-22,ENG,CZE,ENG,Raheem Sterling,62.0,False,False,20190322_ENG_CZE
2019-03-22,ENG,CZE,ENG,Raheem Sterling,68.0,False,False,20190322_ENG_CZE
2019-03-22,ENG,CZE,ENG,Tomáš Kalas,84.0,True,False,20190322_ENG_CZE
2019-03-22,LUX,LTU,LTU,Fedor Černych,14.0,False,False,20190322_LUX_LTU
2019-03-22,LUX,LTU,LUX,Leandro Barreiro,45.0,False,False,20190322_LUX_LTU
2019-03-22,LUX,LTU,LUX,Gerson Rodrigues,55.0,False,False,20190322_LUX_LTU
2019-03-22,MDA,FRA,FRA,Antoine Griezmann,24.0,False,False,20190322_MDA_FRA
2019-03-22,MDA,FRA,FRA,Raphaël Varane,27.0,False,False,20190322_MDA_FRA
2019-03-22,MDA,FRA,FRA,Olivier Giroud,36.0,False,False,20190322_MDA_FRA
2019-03-22,MDA,FRA,FRA,Kylian Mbappé,87.0,False,False,20190322_MDA_FRA
2019-03-22,MDA,FRA,MDA,Vladimir Ambros,89.0,False,False,20190322_MDA_FRA
2019-03-23,BIH,ARM,BIH,Rade Krunić,33.0,False,False,20190323_BIH_ARM
2019-03-23,BIH,ARM,BIH,Deni Milošević,80.0,False,False,20190323_BIH_ARM
2019-03-23,BIH,ARM,ARM,Henrikh Mkhitaryan,90.0,False,True,20190323_BIH_ARM
2019-03-23,GEO,SUI,SUI,Steven Zuber,56.0,False,False,20190323_GEO_SUI
2019-03-23,GEO,SUI,SUI,Denis Zakaria,80.0,False,False,20190323_GEO_SUI
2019-03-23,GIB,IRL,IRL,Jeff Hendrick,49.0,False,False,20190323_GIB_IRL
2019-03-23,ITA,FIN,ITA,Nicolò Barella,7.0,False,False,20190323_ITA_FIN
2019-03-23,ITA,FIN,ITA,Moise Kean,74.0,False,False,20190323_ITA_FIN
2019-03-23,LIE,GRE,GRE,Kostas Fortounis,45.0,False,False,20190323_LIE_GRE
2019-03-23,LIE,GRE,GRE,Anastasios Donis,80.0,False,False,20190323_LIE_GRE
2019-03-23,MLT,FRO,MLT,Kyrian Nwoko,13.0,False,False,20190323_MLT_FRO
2019-03-23,MLT,FRO,MLT,Steve Borg,77.0,False,True,20190323_MLT_FRO
2019-03-23,MLT,FRO,FRO,Jákup Thomsen,90.0,False,False,20190323_MLT_FRO
2019-03-23,ESP,NOR,ESP,Rodrigo,16.0,False,False,20190323_ESP_NOR
2019-03-23,ESP,NOR,NOR,Joshua King,65.0,False,True,20190323_ESP_NOR
2019-03-23,ESP,NOR,ESP,Sergio Ramos,71.0,False,True,20190323_ESP_NOR
2019-03-23,SWE,ROU,SWE,Robin Quaison,33.0,False,False,20190323_SWE_ROU
2019-03-23,SWE,ROU,SWE,Viktor Claesson,40.0,False,False,20190323_SWE_ROU
2019-03-23,SWE,ROU,ROU,Claudiu Keșerü,58.0,False,False,20190323_SWE_ROU
2019-03-24,CYP,BEL,BEL,Eden Hazard,10.0,False,False,20190324_CYP_BEL
2019-03-24,CYP,BEL,BEL,Michy Batshuayi,18.0,False,False,20190324_CYP_BEL
2019-03-24,HUN,CRO,CRO,Ante Rebić,13.0,False,False,20190324_HUN_CRO
2019-03-24,HUN,CRO,HUN,Ádám Szalai,34.0,False,False,20190324_HUN_CRO
2019-03-24,HUN,CRO,HUN,Máté Pátkai,76.0,False,False,20190324_HUN_CRO
2019-03-24,ISR,AUT,AUT,Marko Arnautović,8.0,False,False,20190324_ISR_AUT
2019-03-24,ISR,AUT,ISR,Eran Zahavi,34.0,False,False,20190324_ISR_AUT
2019-03-24,ISR,AUT,ISR,Eran Zahavi,45.0,False,False,20190324_ISR_AUT
2019-03-24,ISR,AUT,ISR,Eran Zahavi,55.0,False,False,20190324_ISR_AUT
2019-03-24,ISR,AUT,ISR,Mu'nas Dabbur,66.0,False,False,20190324_ISR_AUT
2019-03-24,ISR,AUT,AUT,Marko Arnautović,75.0,False,False,20190324_ISR_AUT
2019-03-24,KAZ,RUS,RUS,Denis Cheryshev,19.0,False,False,20190324_KAZ_RUS
2019-03-24,KAZ,RUS,RUS,Denis Cheryshev,45.0,False,False,20190324_KAZ_RUS
2019-03-24,KAZ,RUS,RUS,Artem Dzyuba,52.0,False,False,20190324_KAZ_RUS
2019-03-24,KAZ,RUS,RUS,Abzal Beisebekov,62.0,True,False,20190324_KAZ_RUS
2019-03-24,NED,GER,GER,Leroy Sané,15.0,False,False,20190324_NED_GER
2019-03-24,NED,GER,GER,Serge Gnabry,34.0,False,False,20190324_NED_GER
2019-03-24,NED,GER,NED,Matthijs de Ligt,48.0,False,False,20190324_NED_GER
2019-03-24,NED,GER,NED,Memphis Depay,63.0,False,False,20190324_NED_GER
2019-03-24,NED,GER,GER,Nico Schulz,90.0,False,False,20190324_NED_GER
2019-03-24,NIR,BLR,NIR,Jonny Evans,30.0,False,False,20190324_NIR_BLR
2019-03-24,NIR,BLR,BLR,Ihar Stasevich,33.0,False,False,20190324_NIR_BLR
2019-03-24,NIR,BLR,NIR,Josh Magennis,87.0,False,False,20190324_NIR_BLR
2019-03-24,POL,LVA,POL,Robert Lewandowski,76.0,False,False,20190324_POL_LVA
2019-03-24,POL,LVA,POL,Kamil Glik,84.0,False,False,20190324_POL_LVA
2019-03-24,SMR,SCO,SCO,Kenny McLean,4.0,False,False,20190324_SMR_SCO
2019-03-24,SMR,SCO,SCO,Johnny Russell,74.0,False,False,20190324_SMR_SCO
2019-03-24,SVN,MKD,SVN,Miha Zajc,34.0,False,False,20190324_SVN_MKD
2019-03-24,SVN,MKD,MKD,Enis Bardhi,47.0,False,False,20190324_SVN_MKD
2019-03-24,WAL,SVK,WAL,Daniel James,5.0,False,False,20190324_WAL_SVK
2019-03-25,AND,ALB,ALB,Armando Sadiku,21.0,False,False,20190325_AND_ALB
2019-03-25,AND,ALB,ALB,Bekim Balaj,87.0,False,False,20190325_AND_ALB
2019-03-25,AND,ALB,ALB,Amir Abrashi,90.0,False,False,20190325_AND_ALB
2019-03-25,FRA,ISL,FRA,Samuel Umtiti,12.0,False,False,20190325_FRA_ISL
2019-03-25,FRA,ISL,FRA,Olivier Giroud,68.0,False,False,20190325_FRA_ISL
2019-03-25,FRA,ISL,FRA,Kylian Mbappé,78.0,False,False,20190325_FRA_ISL
2019-03-25,FRA,ISL,FRA,Antoine Griezmann,84.0,False,False,20190325_FRA_ISL
2019-03-25,KVX,BUL,BUL,Vasil Bozhikov,39.0,False,False,20190325_KVX_BUL
2019-03-25,KVX,BUL,KVX,Arbër Zeneli,61.0,False,False,20190325_KVX_BUL
2019-03-25,LUX,UKR,LUX,David Turpel,34.0,False,False,20190325_LUX_UKR
2019-03-25,LUX,UKR,UKR,Viktor Tsyhankov,40.0,False,False,20190325_LUX_UKR
2019-03-25,LUX,UKR,UKR,Gerson Rodrigues,90.0,True,False,20190325_LUX_UKR
2019-03-25,MNE,ENG,MNE,Marko Vešović,17.0,False,False,20190325_MNE_ENG
2019-03-25,MNE,ENG,ENG,Michael Keane,30.0,False,False,20190325_MNE_ENG
2019-03-25,MNE,ENG,ENG,Ross Barkley,39.0,False,False,20190325_MNE_ENG
2019-03-25,MNE,ENG,ENG,Ross Barkley,59.0,False,False,20190325_MNE_ENG
2019-03-25,MNE,ENG,ENG,Harry Kane,71.0,False,False,20190325_MNE_ENG
2019-03-25,MNE,ENG,ENG,Raheem Sterling,81.0,False,False,20190325_MNE_ENG
2019-03-25,POR,SRB,SRB,Dušan Tadić,7.0,False,True,20190325_POR_SRB
2019-03-25,POR,SRB,POR,Danilo Pereira,42.0,False,False,20190325_POR_SRB
2019-03-25,TUR,MDA,TUR,Hasan Ali Kaldırım,24.0,False,False,20190325_TUR_MDA
2019-03-25,TUR,MDA,TUR,Cenk Tosun,26.0,False,False,20190325_TUR_MDA
2019-03-25,TUR,MDA,TUR,Cenk Tosun,53.0,False,False,20190325_TUR_MDA
2019-03-25,TUR,MDA,TUR,Kaan Ayhan,70.0,False,False,20190325_TUR_MDA
2019-03-26,ARM,FIN,FIN,Fredrik Jensen,14.0,False,False,20190326_ARM_FIN
2019-03-26,ARM,FIN,FIN,Pyry Soiri,78.0,False,False,20190326_ARM_FIN
2019-03-26,BIH,GRE,BIH,Edin Višća,10.0,False,False,20190326_BIH_GRE
2019-03-26,BIH,GRE,BIH,Miralem Pjanić,15.0,False,False,20190326_BIH_GRE
2019-03-26,BIH,GRE,GRE,Kostas Fortounis,64.0,False,True,20190326_BIH_GRE
2019-03-26,BIH,GRE,GRE,Dimitris Kolovos,85.0,False,False,20190326_BIH_GRE
2019-03-26,ITA,LIE,ITA,Stefano Sensi,17.0,False,False,20190326_ITA_LIE
2019-03-26,ITA,LIE,ITA,Marco Verratti,32.0,False,False,20190326_ITA_LIE
2019-03-26,ITA,LIE,ITA,Fabio Quagliarella,35.0,False,True,20190326_ITA_LIE
2019-03-26,ITA,LIE,ITA,Fabio Quagliarella,45.0,False,True,20190326_ITA_LIE
2019-03-26,ITA,LIE,ITA,Moise Kean,69.0,False,False,20190326_ITA_LIE
2019-03-26,ITA,LIE,ITA,Leonardo Pavoletti,76.0,False,False,20190326_ITA_LIE
2019-03-26,MLT,ESP,ESP,Álvaro Morata,31.0,False,False,20190326_MLT_ESP
2019-03-26,MLT,ESP,ESP,Álvaro Morata,73.0,False,False,20190326_MLT_ESP
2019-03-26,NOR,SWE,NOR,Bjørn Maars Johnsen,41.0,False,False,20190326_NOR_SWE
2019-03-26,NOR,SWE,NOR,Joshua King,59.0,False,False,20190326_NOR_SWE
2019-03-26,NOR,SWE,SWE,Viktor Claesson,70.0,False,False,20190326_NOR_SWE
2019-03-26,NOR,SWE,SWE,Håvard Nordtveit,86.0,True,False,20190326_NOR_SWE
2019-03-26,NOR,SWE,NOR,Ola Kamara,90.0,False,False,20190326_NOR_SWE
2019-03-26,NOR,SWE,SWE,Robin Quaison,90.0,False,False,20190326_NOR_SWE
2019-03-26,IRL,GEO,IRL,Conor Hourihane,36.0,False,False,20190326_IRL_GEO
2019-03-26,ROU,FRO,ROU,Ciprian Deac,26.0,False,False,20190326_ROU_FRO
2019-03-26,ROU,FRO,ROU,Claudiu Keșerü,29.0,False,False,20190326_ROU_FRO
2019-03-26,ROU,FRO,ROU,Claudiu Keșerü,33.0,False,False,20190326_ROU_FRO
2019-03-26,ROU,FRO,FRO,Viljormur Davidsen,40.0,False,True,20190326_ROU_FRO
2019-03-26,ROU,FRO,ROU,George Pușcaș,63.0,False,False,20190326_ROU_FRO
2019-03-26,SUI,DEN,SUI,Remo Freuler,19.0,False,False,20190326_SUI_DEN
2019-03-26,SUI,DEN,SUI,Granit Xhaka,66.0,False,False,20190326_SUI_DEN
2019-03-26,SUI,DEN,SUI,Breel Embolo,76.0,False,False,20190326_SUI_DEN
2019-03-26,SUI,DEN,DEN,Mathias Jørgensen,84.0,False,False,20190326_SUI_DEN
2019-03-26,SUI,DEN,DEN,Christian Gytkjær,88.0,False,False,20190326_SUI_DEN
2019-03-26,SUI,DEN,DEN,Henrik Dalsgaard,90.0,False,False,20190326_SUI_DEN
2019-06-05,POR,SUI,POR,Cristiano Ronaldo,25.0,False,False,20190605_POR_SUI
2019-06-05,POR,SUI,SUI,Ricardo Rodríguez,57.0,False,True,20190605_POR_SUI
2019-06-05,POR,SUI,POR,Cristiano Ronaldo,88.0,False,False,20190605_POR_SUI
2019-06-05,POR,SUI,POR,Cristiano Ronaldo,90.0,False,False,20190605_POR_SUI
2019-06-06,BHU,GUM,BHU,Tshering Dorji,35.0,False,False,20190606_BHU_GUM
2019-06-06,CAM,PAK,CAM,Sieng Chanthea,81.0,False,False,20190606_CAM_PAK
2019-06-06,CAM,PAK,CAM,Kouch Sokumpheak,84.0,False,False,20190606_CAM_PAK
2019-06-06,ENG,NED,ENG,Marcus Rashford,32.0,False,True,20190606_ENG_NED
2019-06-06,ENG,NED,NED,Matthijs de Ligt,73.0,False,False,20190606_ENG_NED
2019-06-06,ENG,NED,NED,Kyle Walker,97.0,True,False,20190606_ENG_NED
2019-06-06,ENG,NED,NED,Quincy Promes,114.0,False,False,20190606_ENG_NED
2019-06-06,LAO,BAN,BAN,Robiul Hasan,72.0,False,False,20190606_LAO_BAN
2019-06-06,MAC,SRI,MAC,Filipe Duarte,52.0,False,False,20190606_MAC_SRI
2019-06-06,Mongolia,BRU,Mongolia,Norjmoogiin Tsedenbal,9.0,False,False,20190606_Mongolia_BRU
2019-06-06,Mongolia,BRU,Mongolia,Nyam-Osor Naranbold,69.0,False,False,20190606_Mongolia_BRU
2019-06-07,AUT,SVN,AUT,Guido Burgstaller,74.0,False,False,20190607_AUT_SVN
2019-06-07,CZE,BUL,BUL,Ismail Isa,3.0,False,False,20190607_CZE_BUL
2019-06-07,CZE,BUL,CZE,Patrik Schick,19.0,False,False,20190607_CZE_BUL
2019-06-07,CZE,BUL,CZE,Patrik Schick,50.0,False,False,20190607_CZE_BUL
2019-06-07,DEN,IRL,DEN,Pierre-Emile Højbjerg,76.0,False,False,20190607_DEN_IRL
2019-06-07,DEN,IRL,IRL,Shane Duffy,85.0,False,False,20190607_DEN_IRL
2019-06-07,FRO,ESP,ESP,Sergio Ramos,6.0,False,False,20190607_FRO_ESP
2019-06-07,FRO,ESP,ESP,Jesús Navas,19.0,False,False,20190607_FRO_ESP
2019-06-07,FRO,ESP,FRO,Klæmint Olsen,30.0,False,False,20190607_FRO_ESP
2019-06-07,FRO,ESP,ESP,Teitur Gestsson,34.0,True,False,20190607_FRO_ESP
2019-06-07,FRO,ESP,ESP,José Luis Gayà,71.0,False,False,20190607_FRO_ESP
2019-06-07,GEO,GIB,GEO,Valerian Gvilia,30.0,False,False,20190607_GEO_GIB
2019-06-07,GEO,GIB,GEO,Giorgi Papunashvili,59.0,False,False,20190607_GEO_GIB
2019-06-07,GEO,GIB,GEO,Vato Arveladze,76.0,False,True,20190607_GEO_GIB
2019-06-07,LVA,ISR,ISR,Eran Zahavi,10.0,False,False,20190607_LVA_ISR
2019-06-07,LVA,ISR,ISR,Eran Zahavi,60.0,False,False,20190607_LVA_ISR
2019-06-07,LVA,ISR,ISR,Eran Zahavi,81.0,False,False,20190607_LVA_ISR
2019-06-07,LTU,LUX,LUX,Gerson Rodrigues,21.0,False,False,20190607_LTU_LUX
2019-06-07,LTU,LUX,LTU,Arvydas Novikovas,74.0,False,False,20190607_LTU_LUX
2019-06-07,MAS,Timor-Leste,MAS,La'Vere Corbin-Ong,12.0,False,False,20190607_MAS_Timor-Leste
2019-06-07,MAS,Timor-Leste,MAS,Shahrel Fikri,23.0,False,False,20190607_MAS_Timor-Leste
2019-06-07,MAS,Timor-Leste,MAS,Norshahrul Idlan,43.0,False,False,20190607_MAS_Timor-Leste
2019-06-07,MAS,Timor-Leste,MAS,Safawi Rasid,45.0,False,False,20190607_MAS_Timor-Leste
2019-06-07,MAS,Timor-Leste,Timor-Leste,João Pedro,52.0,False,False,20190607_MAS_Timor-Leste
2019-06-07,MAS,Timor-Leste,MAS,Safawi Rasid,59.0,False,False,20190607_MAS_Timor-Leste
2019-06-07,MAS,Timor-Leste,MAS,Faiz Nasir,78.0,False,False,20190607_MAS_Timor-Leste
2019-06-07,MAS,Timor-Leste,MAS,Akhyar Rashid,89.0,False,False,20190607_MAS_Timor-Leste
2019-06-07,MNE,KVX,KVX,Milot Rashica,24.0,False,False,20190607_MNE_KVX
2019-06-07,MNE,KVX,MNE,Stefan Mugoša,69.0,False,False,20190607_MNE_KVX
2019-06-07,MKD,POL,POL,Krzysztof Piątek,47.0,False,False,20190607_MKD_POL
2019-06-07,NOR,ROU,NOR,Tarik Elyounoussi,56.0,False,False,20190607_NOR_ROU
2019-06-07,NOR,ROU,NOR,Martin Ødegaard,70.0,False,False,20190607_NOR_ROU
2019-06-07,NOR,ROU,ROU,Claudiu Keșerü,77.0,False,False,20190607_NOR_ROU
2019-06-07,NOR,ROU,ROU,Claudiu Keșerü,90.0,False,False,20190607_NOR_ROU
2019-06-07,SWE,MLT,SWE,Robin Quaison,2.0,False,False,20190607_SWE_MLT
2019-06-07,SWE,MLT,SWE,Viktor Claesson,50.0,False,False,20190607_SWE_MLT
2019-06-07,SWE,MLT,SWE,Alexander Isak,81.0,False,False,20190607_SWE_MLT
2019-06-07,UKR,SRB,UKR,Viktor Tsyhankov,26.0,False,False,20190607_UKR_SRB
2019-06-07,UKR,SRB,UKR,Viktor Tsyhankov,27.0,False,False,20190607_UKR_SRB
2019-06-07,UKR,SRB,UKR,Yevhen Konoplyanka,46.0,False,False,20190607_UKR_SRB
2019-06-07,UKR,SRB,UKR,Roman Yaremchuk,58.0,False,False,20190607_UKR_SRB
2019-06-07,UKR,SRB,UKR,Yevhen Konoplyanka,75.0,False,False,20190607_UKR_SRB
2019-06-08,ARM,LIE,ARM,Gevorg Ghazaryan,2.0,False,False,20190608_ARM_LIE
2019-06-08,ARM,LIE,ARM,Aleksandre Karapetian,18.0,False,False,20190608_ARM_LIE
2019-06-08,ARM,LIE,ARM,Tigran Barseghyan,90.0,False,False,20190608_ARM_LIE
2019-06-08,AZE,HUN,HUN,Willi Orbán,18.0,False,False,20190608_AZE_HUN
2019-06-08,AZE,HUN,HUN,Willi Orbán,53.0,False,False,20190608_AZE_HUN
2019-06-08,AZE,HUN,AZE,Mahir Emreli,69.0,False,False,20190608_AZE_HUN
2019-06-08,AZE,HUN,HUN,Dávid Holman,71.0,False,False,20190608_AZE_HUN
2019-06-08,BLR,GER,GER,Leroy Sané,13.0,False,False,20190608_BLR_GER
2019-06-08,BLR,GER,GER,Marco Reus,62.0,False,False,20190608_BLR_GER
2019-06-08,BEL,KAZ,BEL,Dries Mertens,11.0,False,False,20190608_BEL_KAZ
2019-06-08,BEL,KAZ,BEL,Timothy Castagne,14.0,False,False,20190608_BEL_KAZ
2019-06-08,BEL,KAZ,BEL,Romelu Lukaku,50.0,False,False,20190608_BEL_KAZ
2019-06-08,CRO,WAL,CRO,James Lawrence,17.0,True,False,20190608_CRO_WAL
2019-06-08,CRO,WAL,CRO,Ivan Perišić,48.0,False,False,20190608_CRO_WAL
2019-06-08,CRO,WAL,WAL,David Brooks,77.0,False,False,20190608_CRO_WAL
2019-06-08,EST,NIR,EST,Konstantin Vassiljev,25.0,False,False,20190608_EST_NIR
2019-06-08,EST,NIR,NIR,Conor Washington,77.0,False,False,20190608_EST_NIR
2019-06-08,EST,NIR,NIR,Josh Magennis,80.0,False,False,20190608_EST_NIR
2019-06-08,FIN,BIH,FIN,Teemu Pukki,56.0,False,False,20190608_FIN_BIH
2019-06-08,FIN,BIH,FIN,Teemu Pukki,68.0,False,False,20190608_FIN_BIH
2019-06-08,GRE,ITA,ITA,Nicolò Barella,23.0,False,False,20190608_GRE_ITA
2019-06-08,GRE,ITA,ITA,Lorenzo Insigne,30.0,False,False,20190608_GRE_ITA
2019-06-08,GRE,ITA,ITA,Leonardo Bonucci,33.0,False,False,20190608_GRE_ITA
2019-06-08,ISL,ALB,ISL,Jóhann Berg Guðmundsson,22.0,False,False,20190608_ISL_ALB
2019-06-08,MDA,AND,MDA,Igor Armaș,8.0,False,False,20190608_MDA_AND
2019-06-08,RUS,SMR,RUS,Michele Cevoli,25.0,True,False,20190608_RUS_SMR
2019-06-08,RUS,SMR,RUS,Artem Dzyuba,31.0,False,True,20190608_RUS_SMR
2019-06-08,RUS,SMR,RUS,Fyodor Kudryashov,36.0,False,False,20190608_RUS_SMR
2019-06-08,RUS,SMR,RUS,Anton Miranchuk,41.0,False,False,20190608_RUS_SMR
2019-06-08,RUS,SMR,RUS,Artem Dzyuba,73.0,False,False,20190608_RUS_SMR
2019-06-08,RUS,SMR,RUS,Artem Dzyuba,76.0,False,False,20190608_RUS_SMR
2019-06-08,RUS,SMR,RUS,Fyodor Smolov,77.0,False,False,20190608_RUS_SMR
2019-06-08,RUS,SMR,RUS,Fyodor Smolov,83.0,False,False,20190608_RUS_SMR
2019-06-08,RUS,SMR,RUS,Artem Dzyuba,88.0,False,False,20190608_RUS_SMR
2019-06-08,SCO,CYP,SCO,Andrew Robertson,61.0,False,False,20190608_SCO_CYP
2019-06-08,SCO,CYP,CYP,Ioannis Kousoulos,87.0,False,False,20190608_SCO_CYP
2019-06-08,SCO,CYP,SCO,Oliver Burke,89.0,False,False,20190608_SCO_CYP
2019-06-08,TUR,FRA,TUR,Kaan Ayhan,30.0,False,False,20190608_TUR_FRA
2019-06-08,TUR,FRA,TUR,Cengiz Ünder,40.0,False,False,20190608_TUR_FRA
2019-06-09,POR,NED,POR,Gonçalo Guedes,60.0,False,False,20190609_POR_NED
2019-06-10,BUL,KVX,KVX,Milot Rashica,14.0,False,False,20190610_BUL_KVX
2019-06-10,BUL,KVX,BUL,Ivelin Popov,43.0,False,False,20190610_BUL_KVX
2019-06-10,BUL,KVX,BUL,Kristian Dimitrov,55.0,False,False,20190610_BUL_KVX
2019-06-10,BUL,KVX,KVX,Vedat Muriqi,64.0,False,False,20190610_BUL_KVX
2019-06-10,BUL,KVX,KVX,Elbasan Rashani,90.0,False,False,20190610_BUL_KVX
2019-06-10,CZE,MNE,CZE,Jakub Jankto,18.0,False,False,20190610_CZE_MNE
2019-06-10,CZE,MNE,CZE,Boris Kopitović,49.0,True,False,20190610_CZE_MNE
2019-06-10,CZE,MNE,CZE,Patrik Schick,82.0,False,True,20190610_CZE_MNE
2019-06-10,DEN,GEO,DEN,Kasper Dolberg,13.0,False,False,20190610_DEN_GEO
2019-06-10,DEN,GEO,GEO,Saba Lobzhanidze,25.0,False,False,20190610_DEN_GEO
2019-06-10,DEN,GEO,DEN,Christian Eriksen,30.0,False,True,20190610_DEN_GEO
2019-06-10,DEN,GEO,DEN,Kasper Dolberg,63.0,False,False,20190610_DEN_GEO
2019-06-10,DEN,GEO,DEN,Yussuf Poulsen,73.0,False,False,20190610_DEN_GEO
2019-06-10,DEN,GEO,DEN,Martin Braithwaite,90.0,False,False,20190610_DEN_GEO
2019-06-10,FRO,NOR,NOR,Bjørn Maars Johnsen,49.0,False,False,20190610_FRO_NOR
2019-06-10,FRO,NOR,NOR,Bjørn Maars Johnsen,83.0,False,False,20190610_FRO_NOR
2019-06-10,LVA,SVN,SVN,Domen Črnigoj,24.0,False,False,20190610_LVA_SVN
2019-06-10,LVA,SVN,SVN,Domen Črnigoj,27.0,False,False,20190610_LVA_SVN
2019-06-10,LVA,SVN,SVN,Josip Iličić,29.0,False,True,20190610_LVA_SVN
2019-06-10,LVA,SVN,SVN,Josip Iličić,44.0,False,False,20190610_LVA_SVN
2019-06-10,LVA,SVN,SVN,Miha Zajc,47.0,False,False,20190610_LVA_SVN
2019-06-10,MLT,ROU,ROU,George Pușcaș,7.0,False,False,20190610_MLT_ROU
2019-06-10,MLT,ROU,ROU,George Pușcaș,29.0,False,False,20190610_MLT_ROU
2019-06-10,MLT,ROU,ROU,Alexandru Chipciu,34.0,False,False,20190610_MLT_ROU
2019-06-10,MLT,ROU,ROU,Dennis Man,90.0,False,False,20190610_MLT_ROU
2019-06-10,MKD,AUT,MKD,Martin Hinteregger,18.0,True,False,20190610_MKD_AUT
2019-06-10,MKD,AUT,AUT,Valentino Lazaro,39.0,False,False,20190610_MKD_AUT
2019-06-10,MKD,AUT,AUT,Marko Arnautović,62.0,False,True,20190610_MKD_AUT
2019-06-10,MKD,AUT,AUT,Marko Arnautović,82.0,False,False,20190610_MKD_AUT
2019-06-10,MKD,AUT,AUT,Egzon Bejtulai,86.0,True,False,20190610_MKD_AUT
2019-06-10,POL,ISR,POL,Krzysztof Piątek,35.0,False,False,20190610_POL_ISR
2019-06-10,POL,ISR,POL,Robert Lewandowski,56.0,False,True,20190610_POL_ISR
2019-06-10,POL,ISR,POL,Kamil Grosicki,59.0,False,False,20190610_POL_ISR
2019-06-10,POL,ISR,POL,Damian Kądzior,84.0,False,False,20190610_POL_ISR
2019-06-10,IRL,GIB,IRL,Joseph Chipolina,29.0,True,False,20190610_IRL_GIB
2019-06-10,IRL,GIB,IRL,Robbie Brady,90.0,False,False,20190610_IRL_GIB
2019-06-10,SRB,LTU,SRB,Aleksandar Mitrović,20.0,False,False,20190610_SRB_LTU
2019-06-10,SRB,LTU,SRB,Aleksandar Mitrović,34.0,False,False,20190610_SRB_LTU
2019-06-10,SRB,LTU,SRB,Luka Jović,35.0,False,False,20190610_SRB_LTU
2019-06-10,SRB,LTU,LTU,Arvydas Novikovas,71.0,False,True,20190610_SRB_LTU
2019-06-10,SRB,LTU,SRB,Adem Ljajić,90.0,False,False,20190610_SRB_LTU
2019-06-10,ESP,SWE,ESP,Sergio Ramos,64.0,False,True,20190610_ESP_SWE
2019-06-10,ESP,SWE,ESP,Álvaro Morata,85.0,False,True,20190610_ESP_SWE
2019-06-10,ESP,SWE,ESP,Mikel Oyarzabal,87.0,False,False,20190610_ESP_SWE
2019-06-10,UKR,LUX,UKR,Roman Yaremchuk,6.0,False,False,20190610_UKR_LUX
2019-06-11,ALB,MDA,ALB,Sokol Çikalleshi,66.0,False,False,20190611_ALB_MDA
2019-06-11,ALB,MDA,ALB,Ylber Ramadani,90.0,False,False,20190611_ALB_MDA
2019-06-11,AND,FRA,FRA,Kylian Mbappé,11.0,False,False,20190611_AND_FRA
2019-06-11,AND,FRA,FRA,Wissam Ben Yedder,30.0,False,False,20190611_AND_FRA
2019-06-11,AND,FRA,FRA,Florian Thauvin,45.0,False,False,20190611_AND_FRA
2019-06-11,AND,FRA,FRA,Kurt Zouma,60.0,False,False,20190611_AND_FRA
2019-06-11,AZE,SVK,SVK,Stanislav Lobotka,8.0,False,False,20190611_AZE_SVK
2019-06-11,AZE,SVK,SVK,Juraj Kucka,27.0,False,False,20190611_AZE_SVK
2019-06-11,AZE,SVK,AZE,Ramil Sheydayev,29.0,False,False,20190611_AZE_SVK
2019-06-11,AZE,SVK,SVK,Marek Hamšík,30.0,False,False,20190611_AZE_SVK
2019-06-11,AZE,SVK,SVK,Marek Hamšík,57.0,False,False,20190611_AZE_SVK
2019-06-11,AZE,SVK,SVK,Dávid Hancko,85.0,False,False,20190611_AZE_SVK
2019-06-11,BLR,NIR,NIR,Paddy McNair,86.0,False,False,20190611_BLR_NIR
2019-06-11,BEL,SCO,BEL,Romelu Lukaku,45.0,False,False,20190611_BEL_SCO
2019-06-11,BEL,SCO,BEL,Romelu Lukaku,57.0,False,False,20190611_BEL_SCO
2019-06-11,BEL,SCO,BEL,Kevin De Bruyne,90.0,False,False,20190611_BEL_SCO
2019-06-11,BRU,Mongolia,BRU,Razimie Ramlli,5.0,False,False,20190611_BRU_Mongolia
2019-06-11,BRU,Mongolia,BRU,Razimie Ramlli,34.0,False,False,20190611_BRU_Mongolia
2019-06-11,BRU,Mongolia,Mongolia,Norjmoogiin Tsedenbal,47.0,False,True,20190611_BRU_Mongolia
2019-06-11,GER,EST,GER,Marco Reus,10.0,False,False,20190611_GER_EST
2019-06-11,GER,EST,GER,Serge Gnabry,17.0,False,False,20190611_GER_EST
2019-06-11,GER,EST,GER,Leon Goretzka,20.0,False,False,20190611_GER_EST
2019-06-11,GER,EST,GER,İlkay Gündoğan,26.0,False,True,20190611_GER_EST
2019-06-11,GER,EST,GER,Marco Reus,37.0,False,False,20190611_GER_EST
2019-06-11,GER,EST,GER,Serge Gnabry,62.0,False,False,20190611_GER_EST
2019-06-11,GER,EST,GER,Timo Werner,79.0,False,False,20190611_GER_EST
2019-06-11,GER,EST,GER,Leroy Sané,88.0,False,False,20190611_GER_EST
2019-06-11,GRE,ARM,ARM,Aleksandre Karapetian,8.0,False,False,20190611_GRE_ARM
2019-06-11,GRE,ARM,ARM,Gevorg Ghazaryan,33.0,False,False,20190611_GRE_ARM
2019-06-11,GRE,ARM,GRE,Zeca,54.0,False,False,20190611_GRE_ARM
2019-06-11,GRE,ARM,ARM,Tigran Barseghyan,74.0,False,False,20190611_GRE_ARM
2019-06-11,GRE,ARM,GRE,Kostas Fortounis,87.0,False,False,20190611_GRE_ARM
2019-06-11,GUM,BHU,GUM,Isiah Lagutang,23.0,False,False,20190611_GUM_BHU
2019-06-11,GUM,BHU,GUM,Jason Cunliffe,27.0,False,False,20190611_GUM_BHU
2019-06-11,GUM,BHU,GUM,Shane Malcolm,51.0,False,False,20190611_GUM_BHU
2019-06-11,GUM,BHU,GUM,Jason Cunliffe,82.0,False,False,20190611_GUM_BHU
2019-06-11,GUM,BHU,GUM,Jason Cunliffe,90.0,False,False,20190611_GUM_BHU
2019-06-11,HUN,WAL,HUN,Máté Pátkai,80.0,False,False,20190611_HUN_WAL
2019-06-11,ISL,TUR,ISL,Ragnar Sigurðsson,21.0,False,False,20190611_ISL_TUR
2019-06-11,ISL,TUR,ISL,Ragnar Sigurðsson,32.0,False,False,20190611_ISL_TUR
2019-06-11,ISL,TUR,TUR,Dorukhan Toköz,40.0,False,False,20190611_ISL_TUR
2019-06-11,ITA,BIH,BIH,Edin Džeko,32.0,False,False,20190611_ITA_BIH
2019-06-11,ITA,BIH,ITA,Lorenzo Insigne,49.0,False,False,20190611_ITA_BIH
2019-06-11,ITA,BIH,ITA,Marco Verratti,86.0,False,False,20190611_ITA_BIH
2019-06-11,KAZ,SMR,KAZ,Islambek Kuat,45.0,False,False,20190611_KAZ_SMR
2019-06-11,KAZ,SMR,KAZ,Maxim Fedin,62.0,False,False,20190611_KAZ_SMR
2019-06-11,KAZ,SMR,KAZ,Gafurzhan Suyumbayev,65.0,False,False,20190611_KAZ_SMR
2019-06-11,KAZ,SMR,KAZ,Bauyrzhan Islamkhan,79.0,False,False,20190611_KAZ_SMR
2019-06-11,LIE,FIN,FIN,Teemu Pukki,37.0,False,False,20190611_LIE_FIN
2019-06-11,LIE,FIN,FIN,Benjamin Källman,57.0,False,False,20190611_LIE_FIN
2019-06-11,MAS,Timor-Leste,MAS,Shahrel Fikri,11.0,False,False,20190611_MAS_Timor-Leste
2019-06-11,MAS,Timor-Leste,MAS,Shahrel Fikri,17.0,False,False,20190611_MAS_Timor-Leste
2019-06-11,MAS,Timor-Leste,MAS,Mohamadou Sumareh,37.0,False,False,20190611_MAS_Timor-Leste
2019-06-11,MAS,Timor-Leste,MAS,Akhyar Rashid,55.0,False,False,20190611_MAS_Timor-Leste
2019-06-11,MAS,Timor-Leste,MAS,Shahrel Fikri,64.0,False,False,20190611_MAS_Timor-Leste
2019-06-11,MAS,Timor-Leste,Timor-Leste,Rufino Gama,72.0,False,False,20190611_MAS_Timor-Leste
2019-06-11,PAK,CAM,PAK,Hassan Bashir,17.0,False,True,20190611_PAK_CAM
2019-06-11,PAK,CAM,CAM,Sath Rosib,64.0,False,False,20190611_PAK_CAM
2019-06-11,PAK,CAM,CAM,Reung Bunheing,89.0,False,False,20190611_PAK_CAM
2019-06-11,RUS,CYP,RUS,Aleksei Ionov,38.0,False,False,20190611_RUS_CYP
2019-06-14,BRA,BOL,BRA,Philippe Coutinho,50.0,False,True,20190614_BRA_BOL
2019-06-14,BRA,BOL,BRA,Philippe Coutinho,53.0,False,False,20190614_BRA_BOL
2019-06-14,BRA,BOL,BRA,Everton Soares,85.0,False,False,20190614_BRA_BOL
2019-06-15,ARG,COL,COL,Roger Martínez,71.0,False,False,20190615_ARG_COL
2019-06-15,ARG,COL,COL,Duván Zapata,86.0,False,False,20190615_ARG_COL
2019-06-15,CAN,MTQ,CAN,Jonathan David,33.0,False,False,20190615_CAN_MTQ
2019-06-15,CAN,MTQ,CAN,Jonathan David,53.0,False,False,20190615_CAN_MTQ
2019-06-15,CAN,MTQ,CAN,Junior Hoilett,63.0,False,False,20190615_CAN_MTQ
2019-06-15,CAN,MTQ,CAN,Scott Arfield,67.0,False,False,20190615_CAN_MTQ
2019-06-15,MEX,CUB,MEX,Uriel Antuna,2.0,False,False,20190615_MEX_CUB
2019-06-15,MEX,CUB,MEX,Raúl Jiménez,31.0,False,False,20190615_MEX_CUB
2019-06-15,MEX,CUB,MEX,Diego Antonio Reyes,38.0,False,False,20190615_MEX_CUB
2019-06-15,MEX,CUB,MEX,Uriel Antuna,44.0,False,False,20190615_MEX_CUB
2019-06-15,MEX,CUB,MEX,Raúl Jiménez,64.0,False,False,20190615_MEX_CUB
2019-06-15,MEX,CUB,MEX,Alexis Vega,74.0,False,False,20190615_MEX_CUB
2019-06-15,MEX,CUB,MEX,Uriel Antuna,80.0,False,False,20190615_MEX_CUB
2019-06-16,CRC,NCA,CRC,Bryan Oviedo,7.0,False,False,20190616_CRC_NCA
2019-06-16,CRC,NCA,CRC,Celso Borges,19.0,False,False,20190616_CRC_NCA
2019-06-16,CRC,NCA,CRC,Elías Aguilar,45.0,False,False,20190616_CRC_NCA
2019-06-16,CRC,NCA,CRC,Allan Cruz,75.0,False,False,20190616_CRC_NCA
2019-06-16,HAI,BER,BER,Dante Leverock,45.0,False,False,20190616_HAI_BER
2019-06-16,HAI,BER,HAI,Frantzdy Pierrot,54.0,False,False,20190616_HAI_BER
2019-06-16,HAI,BER,HAI,Frantzdy Pierrot,66.0,False,False,20190616_HAI_BER
2019-06-16,PAR,QAT,PAR,Óscar Cardozo,4.0,False,True,20190616_PAR_QAT
2019-06-16,PAR,QAT,PAR,Derlis González,56.0,False,False,20190616_PAR_QAT
2019-06-16,PAR,QAT,QAT,Almoez Ali,68.0,False,False,20190616_PAR_QAT
2019-06-16,PAR,QAT,QAT,Juan Rodrigo Rojas,77.0,True,False,20190616_PAR_QAT
2019-06-16,URU,ECU,URU,Nicolás Lodeiro,6.0,False,False,20190616_URU_ECU
2019-06-16,URU,ECU,URU,Edinson Cavani,33.0,False,False,20190616_URU_ECU
2019-06-16,URU,ECU,URU,Luis Suárez,44.0,False,False,20190616_URU_ECU
2019-06-16,URU,ECU,URU,Arturo Mina,78.0,True,False,20190616_URU_ECU
2019-06-17,CUW,SLV,SLV,Nelson Bonilla,45.0,False,False,20190617_CUW_SLV
2019-06-17,JAM,HON,JAM,Dever Orgill,15.0,False,False,20190617_JAM_HON
2019-06-17,JAM,HON,JAM,Dever Orgill,41.0,False,False,20190617_JAM_HON
2019-06-17,JAM,HON,HON,Anthony Lozano,54.0,False,False,20190617_JAM_HON
2019-06-17,JAM,HON,JAM,Damion Lowe,56.0,False,False,20190617_JAM_HON
2019-06-17,JAM,HON,HON,Rubilio Castillo,90.0,False,False,20190617_JAM_HON
2019-06-17,JPN,CHI,CHI,Erick Pulgar,41.0,False,False,20190617_JPN_CHI
2019-06-17,JPN,CHI,CHI,Eduardo Vargas,54.0,False,False,20190617_JPN_CHI
2019-06-17,JPN,CHI,CHI,Alexis Sánchez,82.0,False,False,20190617_JPN_CHI
2019-06-17,JPN,CHI,CHI,Eduardo Vargas,83.0,False,False,20190617_JPN_CHI
2019-06-18,BOL,PER,BOL,Marcelo Martins Moreno,28.0,False,True,20190618_BOL_PER
2019-06-18,BOL,PER,PER,Paolo Guerrero,45.0,False,False,20190618_BOL_PER
2019-06-18,BOL,PER,PER,Jefferson Farfán,55.0,False,False,20190618_BOL_PER
2019-06-18,BOL,PER,PER,Edison Flores,90.0,False,False,20190618_BOL_PER
2019-06-18,PAN,TRI,PAN,Armando Cooper,53.0,False,False,20190618_PAN_TRI
2019-06-18,PAN,TRI,PAN,Yoel Bárcenas,68.0,False,False,20190618_PAN_TRI
2019-06-18,USA,GUY,USA,Paul Arriola,28.0,False,False,20190618_USA_GUY
2019-06-18,USA,GUY,USA,Tyler Boyd,51.0,False,False,20190618_USA_GUY
2019-06-18,USA,GUY,USA,Gyasi Zardes,55.0,False,False,20190618_USA_GUY
2019-06-18,USA,GUY,USA,Tyler Boyd,81.0,False,False,20190618_USA_GUY
2019-06-19,ARG,PAR,PAR,Richard Sánchez,37.0,False,False,20190619_ARG_PAR
2019-06-19,ARG,PAR,ARG,Lionel Messi,57.0,False,True,20190619_ARG_PAR
2019-06-19,COL,QAT,COL,Duván Zapata,86.0,False,False,20190619_COL_QAT
2019-06-19,CUB,MTQ,MTQ,Joris Marveaux,45.0,False,False,20190619_CUB_MTQ
2019-06-19,CUB,MTQ,MTQ,Stéphane Abaul,70.0,False,False,20190619_CUB_MTQ
2019-06-19,CUB,MTQ,MTQ,Kévin Fortuné,84.0,False,False,20190619_CUB_MTQ
2019-06-19,MEX,CAN,MEX,Roberto Alvarado,40.0,False,False,20190619_MEX_CAN
2019-06-19,MEX,CAN,MEX,Andrés Guardado,54.0,False,False,20190619_MEX_CAN
2019-06-19,MEX,CAN,CAN,Lucas Cavallini,75.0,False,False,20190619_MEX_CAN
2019-06-19,MEX,CAN,MEX,Andrés Guardado,77.0,False,False,20190619_MEX_CAN
2019-06-20,CRC,BER,CRC,Mayron George,30.0,False,False,20190620_CRC_BER
2019-06-20,CRC,BER,CRC,Elías Aguilar,54.0,False,False,20190620_CRC_BER
2019-06-20,CRC,BER,BER,Nahki Wells,59.0,False,True,20190620_CRC_BER
2019-06-20,NCA,HAI,HAI,Steeven Saba,22.0,False,False,20190620_NCA_HAI
2019-06-20,NCA,HAI,HAI,Manuel Rosas Arreola,33.0,True,False,20190620_NCA_HAI
2019-06-20,URU,JPN,JPN,Koji Miyoshi,25.0,False,False,20190620_URU_JPN
2019-06-20,URU,JPN,URU,Luis Suárez,32.0,False,True,20190620_URU_JPN
2019-06-20,URU,JPN,JPN,Koji Miyoshi,59.0,False,False,20190620_URU_JPN
2019-06-20,URU,JPN,URU,José María Giménez,66.0,False,False,20190620_URU_JPN
2019-06-21,ECU,CHI,CHI,José Pedro Fuenzalida,8.0,False,False,20190621_ECU_CHI
2019-06-21,ECU,CHI,ECU,Enner Valencia,26.0,False,True,20190621_ECU_CHI
2019-06-21,ECU,CHI,CHI,Alexis Sánchez,51.0,False,False,20190621_ECU_CHI
2019-06-21,EGY,ZIM,EGY,Trézéguet,41.0,False,False,20190621_EGY_ZIM
2019-06-21,HON,CUW,CUW,Leandro Bacuna,40.0,False,False,20190621_HON_CUW
2019-06-22,BOL,VEN,VEN,Darwin Machís,2.0,False,False,20190622_BOL_VEN
2019-06-22,BOL,VEN,VEN,Darwin Machís,55.0,False,False,20190622_BOL_VEN
2019-06-22,BOL,VEN,BOL,Leonel Justiniano,82.0,False,False,20190622_BOL_VEN
2019-06-22,BOL,VEN,VEN,Josef Martínez,86.0,False,False,20190622_BOL_VEN
2019-06-22,BRA,PER,BRA,Casemiro,12.0,False,False,20190622_BRA_PER
2019-06-22,BRA,PER,BRA,Roberto Firmino,19.0,False,False,20190622_BRA_PER
2019-06-22,BRA,PER,BRA,Everton Soares,32.0,False,False,20190622_BRA_PER
2019-06-22,BRA,PER,BRA,Dani Alves,53.0,False,False,20190622_BRA_PER
2019-06-22,BRA,PER,BRA,Willian,90.0,False,False,20190622_BRA_PER
2019-06-22,COD,UGA,UGA,Patrick Kaddu,14.0,False,False,20190622_COD_UGA
2019-06-22,COD,UGA,UGA,Emmanuel Okwi,48.0,False,False,20190622_COD_UGA
2019-06-22,GUI,MAD,GUI,Sory Kaba,34.0,False,False,20190622_GUI_MAD
2019-06-22,GUI,MAD,MAD,Anicet Abel,49.0,False,False,20190622_GUI_MAD
2019-06-22,GUI,MAD,MAD,Carolus Andriamatsinoro,55.0,False,False,20190622_GUI_MAD
2019-06-22,GUI,MAD,GUI,François Kamano,66.0,False,True,20190622_GUI_MAD
2019-06-22,GUY,PAN,PAN,Abdiel Arroyo,16.0,False,False,20190622_GUY_PAN
2019-06-22,GUY,PAN,GUY,Neil Danns,33.0,False,True,20190622_GUY_PAN
2019-06-22,GUY,PAN,PAN,Terence Vancooten,40.0,True,False,20190622_GUY_PAN
2019-06-22,GUY,PAN,PAN,Eric Davis,51.0,False,True,20190622_GUY_PAN
2019-06-22,GUY,PAN,PAN,Gabriel Torres,86.0,False,False,20190622_GUY_PAN
2019-06-22,GUY,PAN,GUY,Neil Danns,90.0,False,True,20190622_GUY_PAN
2019-06-22,NGA,BDI,NGA,Odion Ighalo,77.0,False,False,20190622_NGA_BDI
2019-06-22,USA,TRI,USA,Aaron Long,41.0,False,False,20190622_USA_TRI
2019-06-22,USA,TRI,USA,Gyasi Zardes,66.0,False,False,20190622_USA_TRI
2019-06-22,USA,TRI,USA,Gyasi Zardes,69.0,False,False,20190622_USA_TRI
2019-06-22,USA,TRI,USA,Christian Pulisic,73.0,False,False,20190622_USA_TRI
2019-06-22,USA,TRI,USA,Paul Arriola,78.0,False,False,20190622_USA_TRI
2019-06-22,USA,TRI,USA,Aaron Long,90.0,False,False,20190622_USA_TRI
2019-06-23,ALG,KEN,ALG,Baghdad Bounedjah,34.0,False,True,20190623_ALG_KEN
2019-06-23,ALG,KEN,ALG,Riyad Mahrez,43.0,False,False,20190623_ALG_KEN
2019-06-23,CAN,CUB,CAN,Jonathan David,3.0,False,False,20190623_CAN_CUB
2019-06-23,CAN,CUB,CAN,Lucas Cavallini,21.0,False,False,20190623_CAN_CUB
2019-06-23,CAN,CUB,CAN,Lucas Cavallini,43.0,False,False,20190623_CAN_CUB
2019-06-23,CAN,CUB,CAN,Lucas Cavallini,45.0,False,False,20190623_CAN_CUB
2019-06-23,CAN,CUB,CAN,Junior Hoilett,50.0,False,False,20190623_CAN_CUB
2019-06-23,CAN,CUB,CAN,Jonathan David,71.0,False,False,20190623_CAN_CUB
2019-06-23,CAN,CUB,CAN,Jonathan David,77.0,False,False,20190623_CAN_CUB
2019-06-23,COL,PAR,COL,Gustavo Cuéllar,31.0,False,False,20190623_COL_PAR
2019-06-23,MTQ,MEX,MEX,Uriel Antuna,29.0,False,False,20190623_MTQ_MEX
2019-06-23,MTQ,MEX,MTQ,Kévin Parsemain,56.0,False,False,20190623_MTQ_MEX
2019-06-23,MTQ,MEX,MEX,Raúl Jiménez,61.0,False,False,20190623_MTQ_MEX
2019-06-23,MTQ,MEX,MEX,Fernando Navarro Morán,72.0,False,False,20190623_MTQ_MEX
2019-06-23,MTQ,MEX,MTQ,Jordy Delem,84.0,False,False,20190623_MTQ_MEX
2019-06-23,MAR,NAM,MAR,Itamunua Keimuine,89.0,True,False,20190623_MAR_NAM
2019-06-23,QAT,ARG,ARG,Lautaro Martínez,4.0,False,False,20190623_QAT_ARG
2019-06-23,QAT,ARG,ARG,Sergio Agüero,82.0,False,False,20190623_QAT_ARG
2019-06-23,SEN,TAN,SEN,Keita Baldé,28.0,False,False,20190623_SEN_TAN
2019-06-23,SEN,TAN,SEN,Krépin Diatta,64.0,False,False,20190623_SEN_TAN
2019-06-24,BER,NCA,BER,Lejuan Simmons,60.0,False,False,20190624_BER_NCA
2019-06-24,BER,NCA,BER,Nahki Wells,71.0,False,False,20190624_BER_NCA
2019-06-24,CHI,URU,URU,Edinson Cavani,82.0,False,False,20190624_CHI_URU
2019-06-24,ECU,JPN,JPN,Shoya Nakajima,15.0,False,False,20190624_ECU_JPN
2019-06-24,ECU,JPN,ECU,Ángel Mena,35.0,False,False,20190624_ECU_JPN
2019-06-24,HAI,CRC,CRC,Álvaro Saborío,13.0,False,False,20190624_HAI_CRC
2019-06-24,HAI,CRC,HAI,Duckens Nazon,57.0,False,True,20190624_HAI_CRC
2019-06-24,HAI,CRC,HAI,Djimy Alexis,81.0,False,False,20190624_HAI_CRC
2019-06-24,CIV,RSA,CIV,Jonathan Kodjia,64.0,False,False,20190624_CIV_RSA
2019-06-24,MLI,MTN,MLI,Abdoulay Diaby,37.0,False,False,20190624_MLI_MTN
2019-06-24,MLI,MTN,MLI,Moussa Marega,45.0,False,True,20190624_MLI_MTN
2019-06-24,MLI,MTN,MLI,Adama Traoré,55.0,False,False,20190624_MLI_MTN
2019-06-24,MLI,MTN,MTN,Moctar Sidi El Hacen,72.0,False,True,20190624_MLI_MTN
2019-06-24,MLI,MTN,MLI,Adama Traoré,74.0,False,False,20190624_MLI_MTN
2019-06-24,TUN,ANG,TUN,Youssef Msakni,34.0,False,True,20190624_TUN_ANG
2019-06-24,TUN,ANG,ANG,Djalma Campos,73.0,False,False,20190624_TUN_ANG
2019-06-25,CMR,GNB,CMR,Banana Yaya,66.0,False,False,20190625_CMR_GNB
2019-06-25,CMR,GNB,CMR,Stéphane Bahoken,69.0,False,False,20190625_CMR_GNB
2019-06-25,GHA,BEN,BEN,Mickaël Poté,2.0,False,False,20190625_GHA_BEN
2019-06-25,GHA,BEN,GHA,André Ayew,9.0,False,False,20190625_GHA_BEN
2019-06-25,GHA,BEN,GHA,Jordan Ayew,42.0,False,False,20190625_GHA_BEN
2019-06-25,GHA,BEN,BEN,Mickaël Poté,63.0,False,False,20190625_GHA_BEN
2019-06-25,HON,SLV,HON,Jorge Álvarez,59.0,False,False,20190625_HON_SLV
2019-06-25,HON,SLV,HON,Rubilio Castillo,65.0,False,False,20190625_HON_SLV
2019-06-25,HON,SLV,HON,Bryan Acosta,75.0,False,False,20190625_HON_SLV
2019-06-25,HON,SLV,HON,Emilio Izaguirre,90.0,False,False,20190625_HON_SLV
2019-06-25,JAM,CUW,JAM,Shamar Nicholson,14.0,False,False,20190625_JAM_CUW
2019-06-25,JAM,CUW,CUW,Juriën Gaari,90.0,False,False,20190625_JAM_CUW
2019-06-26,EGY,COD,EGY,Ahmed Elmohamady,25.0,False,False,20190626_EGY_COD
2019-06-26,EGY,COD,EGY,Mohamed Salah,43.0,False,False,20190626_EGY_COD
2019-06-26,NGA,GUI,NGA,Kenneth Omeruo,73.0,False,False,20190626_NGA_GUI
2019-06-26,TRI,GUY,GUY,Neil Danns,54.0,False,False,20190626_TRI_GUY
2019-06-26,TRI,GUY,TRI,Kevin Molino,80.0,False,False,20190626_TRI_GUY
2019-06-26,UGA,ZIM,UGA,Emmanuel Okwi,12.0,False,False,20190626_UGA_ZIM
2019-06-26,UGA,ZIM,ZIM,Khama Billiat,40.0,False,False,20190626_UGA_ZIM
2019-06-26,USA,PAN,USA,Jozy Altidore,66.0,False,False,20190626_USA_PAN
2019-06-27,KEN,TAN,TAN,Simon Msuva,6.0,False,False,20190627_KEN_TAN
2019-06-27,KEN,TAN,KEN,Michael Olunga,39.0,False,False,20190627_KEN_TAN
2019-06-27,KEN,TAN,TAN,Mbwana Samatta,40.0,False,False,20190627_KEN_TAN
2019-06-27,KEN,TAN,KEN,Johanna Omolo,62.0,False,False,20190627_KEN_TAN
2019-06-27,KEN,TAN,KEN,Michael Olunga,80.0,False,False,20190627_KEN_TAN
2019-06-27,MAD,BDI,MAD,Marco Ilaimaharitra,76.0,False,False,20190627_MAD_BDI
2019-06-27,SEN,ALG,ALG,Youcef Belaïli,49.0,False,False,20190627_SEN_ALG
2019-06-28,MAR,CIV,MAR,Youssef En-Nesyri,23.0,False,False,20190628_MAR_CIV
2019-06-28,RSA,NAM,RSA,Bongani Zungu,68.0,False,False,20190628_RSA_NAM
2019-06-28,TUN,MLI,MLI,Diadie Samassékou,60.0,False,False,20190628_TUN_MLI
2019-06-28,TUN,MLI,TUN,Wahbi Khazri,70.0,False,False,20190628_TUN_MLI
2019-06-28,VEN,ARG,ARG,Lautaro Martínez,10.0,False,False,20190628_VEN_ARG
2019-06-28,VEN,ARG,ARG,Giovani Lo Celso,74.0,False,False,20190628_VEN_ARG
2019-06-29,HAI,CAN,CAN,Jonathan David,18.0,False,False,20190629_HAI_CAN
2019-06-29,HAI,CAN,CAN,Lucas Cavallini,28.0,False,False,20190629_HAI_CAN
2019-06-29,HAI,CAN,HAI,Duckens Nazon,50.0,False,False,20190629_HAI_CAN
2019-06-29,HAI,CAN,HAI,Hervé Bazile,70.0,False,True,20190629_HAI_CAN
2019-06-29,HAI,CAN,HAI,Wilde-Donald Guerrier,76.0,False,False,20190629_HAI_CAN
2019-06-29,MEX,CRC,MEX,Raúl Jiménez,44.0,False,False,20190629_MEX_CRC
2019-06-29,MEX,CRC,CRC,Bryan Ruiz,52.0,False,True,20190629_MEX_CRC
2019-06-30,BDI,GUI,GUI,Mohamed Yattara,25.0,False,False,20190630_BDI_GUI
2019-06-30,BDI,GUI,GUI,Mohamed Yattara,52.0,False,False,20190630_BDI_GUI
2019-06-30,EGY,UGA,EGY,Mohamed Salah,36.0,False,False,20190630_EGY_UGA
2019-06-30,EGY,UGA,EGY,Ahmed Elmohamady,45.0,False,False,20190630_EGY_UGA
2019-06-30,JAM,PAN,JAM,Darren Mattocks,75.0,False,True,20190630_JAM_PAN
2019-06-30,MAD,NGA,MAD,Lalaïna Nomenjanahary,13.0,False,False,20190630_MAD_NGA
2019-06-30,MAD,NGA,MAD,Carolus Andriamatsinoro,53.0,False,False,20190630_MAD_NGA
2019-06-30,USA,CUW,USA,Weston McKennie,25.0,False,False,20190630_USA_CUW
2019-06-30,ZIM,COD,COD,Jonathan Bolingi,4.0,False,False,20190630_ZIM_COD
2019-06-30,ZIM,COD,COD,Cédric Bakambu,34.0,False,False,20190630_ZIM_COD
2019-06-30,ZIM,COD,COD,Cédric Bakambu,65.0,False,True,20190630_ZIM_COD
2019-06-30,ZIM,COD,COD,Britt Assombalonga,78.0,False,False,20190630_ZIM_COD
2019-07-01,KEN,SEN,SEN,Ismaïla Sarr,63.0,False,False,20190701_KEN_SEN
2019-07-01,KEN,SEN,SEN,Sadio Mané,71.0,False,False,20190701_KEN_SEN
2019-07-01,KEN,SEN,SEN,Sadio Mané,78.0,False,True,20190701_KEN_SEN
2019-07-01,NAM,CIV,CIV,Max Gradel,39.0,False,False,20190701_NAM_CIV
2019-07-01,NAM,CIV,CIV,Serey Dié,58.0,False,False,20190701_NAM_CIV
2019-07-01,NAM,CIV,NAM,Joslin Kamatuka,71.0,False,False,20190701_NAM_CIV
2019-07-01,NAM,CIV,CIV,Wilfried Zaha,84.0,False,False,20190701_NAM_CIV
2019-07-01,NAM,CIV,CIV,Maxwel Cornet,89.0,False,False,20190701_NAM_CIV
2019-07-01,RSA,MAR,MAR,Mbark Boussoufa,90.0,False,False,20190701_RSA_MAR
2019-07-01,TAN,ALG,ALG,Islam Slimani,35.0,False,False,20190701_TAN_ALG
2019-07-01,TAN,ALG,ALG,Adam Ounas,39.0,False,False,20190701_TAN_ALG
2019-07-01,TAN,ALG,ALG,Adam Ounas,45.0,False,False,20190701_TAN_ALG
2019-07-02,ANG,MLI,MLI,Amadou Haidara,37.0,False,False,20190702_ANG_MLI
2019-07-02,BRA,ARG,BRA,Gabriel Jesus,19.0,False,False,20190702_BRA_ARG
2019-07-02,BRA,ARG,BRA,Roberto Firmino,71.0,False,False,20190702_BRA_ARG
2019-07-02,GNB,GHA,GHA,Jordan Ayew,46.0,False,False,20190702_GNB_GHA
2019-07-02,GNB,GHA,GHA,Thomas Partey,72.0,False,False,20190702_GNB_GHA
2019-07-02,HAI,MEX,MEX,Raúl Jiménez,93.0,False,True,20190702_HAI_MEX
2019-07-03,CHI,PER,PER,Edison Flores,21.0,False,False,20190703_CHI_PER
2019-07-03,CHI,PER,PER,Yoshimar Yotún,38.0,False,False,20190703_CHI_PER
2019-07-03,CHI,PER,PER,Paolo Guerrero,90.0,False,False,20190703_CHI_PER
2019-07-03,USA,JAM,USA,Weston McKennie,9.0,False,False,20190703_USA_JAM
2019-07-03,USA,JAM,USA,Christian Pulisic,52.0,False,False,20190703_USA_JAM
2019-07-03,USA,JAM,JAM,Shamar Nicholson,69.0,False,False,20190703_USA_JAM
2019-07-03,USA,JAM,USA,Christian Pulisic,87.0,False,False,20190703_USA_JAM
2019-07-05,MAR,BEN,BEN,Moise Adilehou,53.0,False,False,20190705_MAR_BEN
2019-07-05,MAR,BEN,MAR,Youssef En-Nesyri,76.0,False,False,20190705_MAR_BEN
2019-07-05,UGA,SEN,SEN,Sadio Mané,15.0,False,False,20190705_UGA_SEN
2019-07-06,ARG,CHI,ARG,Sergio Agüero,12.0,False,False,20190706_ARG_CHI
2019-07-06,ARG,CHI,ARG,Paulo Dybala,22.0,False,False,20190706_ARG_CHI
2019-07-06,ARG,CHI,CHI,Arturo Vidal,59.0,False,True,20190706_ARG_CHI
2019-07-06,EGY,RSA,RSA,Thembinkosi Lorch,85.0,False,False,20190706_EGY_RSA
2019-07-06,NGA,CMR,NGA,Odion Ighalo,19.0,False,False,20190706_NGA_CMR
2019-07-06,NGA,CMR,CMR,Stéphane Bahoken,41.0,False,False,20190706_NGA_CMR
2019-07-06,NGA,CMR,CMR,Clinton N'Jie,44.0,False,False,20190706_NGA_CMR
2019-07-06,NGA,CMR,NGA,Odion Ighalo,63.0,False,False,20190706_NGA_CMR
2019-07-06,NGA,CMR,NGA,Alex Iwobi,66.0,False,False,20190706_NGA_CMR
2019-07-07,ALG,GUI,ALG,Youcef Belaïli,24.0,False,False,20190707_ALG_GUI
2019-07-07,ALG,GUI,ALG,Riyad Mahrez,57.0,False,False,20190707_ALG_GUI
2019-07-07,ALG,GUI,ALG,Adam Ounas,82.0,False,False,20190707_ALG_GUI
2019-07-07,BRA,PER,BRA,Everton Soares,15.0,False,False,20190707_BRA_PER
2019-07-07,BRA,PER,PER,Paolo Guerrero,44.0,False,True,20190707_BRA_PER
2019-07-07,BRA,PER,BRA,Gabriel Jesus,45.0,False,False,20190707_BRA_PER
2019-07-07,BRA,PER,BRA,Richarlison,90.0,False,True,20190707_BRA_PER
2019-07-07,MAD,COD,MAD,Ibrahim Amada,9.0,False,False,20190707_MAD_COD
2019-07-07,MAD,COD,COD,Cédric Bakambu,21.0,False,False,20190707_MAD_COD
2019-07-07,MAD,COD,MAD,Faneva Imà Andriatsima,77.0,False,False,20190707_MAD_COD
2019-07-07,MAD,COD,COD,Chancel Mbemba,90.0,False,False,20190707_MAD_COD
2019-07-07,USA,MEX,MEX,Jonathan dos Santos,73.0,False,False,20190707_USA_MEX
2019-07-08,GHA,TUN,TUN,Taha Yassine Khenissi,73.0,False,False,20190708_GHA_TUN
2019-07-08,GHA,TUN,GHA,Rami Bedoui,90.0,True,False,20190708_GHA_TUN
2019-07-08,MLI,CIV,CIV,Wilfried Zaha,76.0,False,False,20190708_MLI_CIV
2019-07-10,NGA,RSA,NGA,Samuel Chukwueze,27.0,False,False,20190710_NGA_RSA
2019-07-10,NGA,RSA,RSA,Bongani Zungu,71.0,False,False,20190710_NGA_RSA
2019-07-10,NGA,RSA,NGA,William Troost-Ekong,89.0,False,False,20190710_NGA_RSA
2019-07-10,SEN,BEN,SEN,Idrissa Gueye,70.0,False,False,20190710_SEN_BEN
2019-07-11,CIV,ALG,ALG,Sofiane Feghouli,20.0,False,False,20190711_CIV_ALG
2019-07-11,CIV,ALG,CIV,Jonathan Kodjia,62.0,False,False,20190711_CIV_ALG
2019-07-11,MAD,TUN,TUN,Ferjani Sassi,52.0,False,False,20190711_MAD_TUN
2019-07-11,MAD,TUN,TUN,Youssef Msakni,60.0,False,False,20190711_MAD_TUN
2019-07-11,MAD,TUN,TUN,Naïm Sliti,90.0,False,False,20190711_MAD_TUN
2019-07-14,ALG,NGA,ALG,William Troost-Ekong,40.0,True,False,20190714_ALG_NGA
2019-07-14,ALG,NGA,NGA,Odion Ighalo,72.0,False,True,20190714_ALG_NGA
2019-07-14,ALG,NGA,ALG,Riyad Mahrez,90.0,False,False,20190714_ALG_NGA
2019-07-14,SEN,TUN,SEN,Dylan Bronn,101.0,True,False,20190714_SEN_TUN
2019-07-17,TUN,NGA,NGA,Odion Ighalo,3.0,False,False,20190717_TUN_NGA
2019-07-19,SEN,ALG,ALG,Baghdad Bounedjah,2.0,False,False,20190719_SEN_ALG
2019-09-04,BDI,TAN,BDI,Cédric Amissi,81.0,False,False,20190904_BDI_TAN
2019-09-04,BDI,TAN,TAN,Simon Msuva,85.0,False,False,20190904_BDI_TAN
2019-09-04,Djibouti,SWZ,Djibouti,Mahdi Houssein Mahabeh,45.0,False,True,20190904_Djibouti_SWZ
2019-09-04,Djibouti,SWZ,SWZ,Siboniso Mamba,56.0,False,False,20190904_Djibouti_SWZ
2019-09-04,Djibouti,SWZ,Djibouti,Abdi Idleh Hamza,74.0,False,False,20190904_Djibouti_SWZ
2019-09-04,Eritrea,NAM,NAM,Peter Shalulile,50.0,False,False,20190904_Eritrea_NAM
2019-09-04,Eritrea,NAM,NAM,Esey Tesfay,58.0,True,False,20190904_Eritrea_NAM
2019-09-04,Eritrea,NAM,Eritrea,Ali Sulieman,65.0,False,False,20190904_Eritrea_NAM
2019-09-04,LBR,SLE,LBR,Terrence Tisdell,18.0,False,True,20190904_LBR_SLE
2019-09-04,LBR,SLE,SLE,Kwame Quee,56.0,False,False,20190904_LBR_SLE
2019-09-04,LBR,SLE,LBR,Mohammed Sangare,82.0,False,True,20190904_LBR_SLE
2019-09-04,LBR,SLE,LBR,Sam Johnson,88.0,False,False,20190904_LBR_SLE
2019-09-04,MRI,MOZ,MOZ,Telinho,10.0,False,False,20190904_MRI_MOZ
2019-09-04,South Sudan,EQG,EQG,Luis Meseguer,34.0,False,False,20190904_South-Sudan_EQG
2019-09-04,South Sudan,EQG,South Sudan,Niko Kata,75.0,True,False,20190904_South-Sudan_EQG
2019-09-04,São Tomé and Príncipe,GNB,GNB,Joseph Mendes,85.0,False,True,20190904_São-Tomé-and-Príncipe_GNB
2019-09-05,ARM,ITA,ARM,Aleksandre Karapetian,11.0,False,False,20190905_ARM_ITA
2019-09-05,ARM,ITA,ITA,Andrea Belotti,28.0,False,False,20190905_ARM_ITA
2019-09-05,ARM,ITA,ITA,Lorenzo Pellegrini,77.0,False,False,20190905_ARM_ITA
2019-09-05,ARM,ITA,ITA,Aram Ayrapetyan,80.0,True,False,20190905_ARM_ITA
2019-09-05,BHR,IRQ,BHR,Kamil Al Aswad,9.0,False,False,20190905_BHR_IRQ
2019-09-05,BHR,IRQ,IRQ,Mohanad Ali,85.0,False,False,20190905_BHR_IRQ
2019-09-05,BIH,LIE,BIH,Amer Gojak,11.0,False,False,20190905_BIH_LIE
2019-09-05,BIH,LIE,BIH,Andreas Malin,80.0,True,False,20190905_BIH_LIE
2019-09-05,BIH,LIE,BIH,Edin Džeko,85.0,False,False,20190905_BIH_LIE
2019-09-05,BIH,LIE,BIH,Edin Višća,87.0,False,False,20190905_BIH_LIE
2019-09-05,BIH,LIE,BIH,Amer Gojak,89.0,False,False,20190905_BIH_LIE
2019-09-05,CAM,HKG,HKG,Tan Chun Lok,16.0,False,False,20190905_CAM_HKG
2019-09-05,CAM,HKG,CAM,Keo Sokpheng,33.0,False,False,20190905_CAM_HKG
2019-09-05,CHA,SDN,SDN,Ramadan Agab,13.0,False,False,20190905_CHA_SDN
2019-09-05,CHA,SDN,SDN,Ramadan Agab,67.0,False,False,20190905_CHA_SDN
2019-09-05,CHA,SDN,SDN,Ramadan Agab,74.0,False,False,20190905_CHA_SDN
2019-09-05,CHA,SDN,CHA,Ezechiel N'Douassel,85.0,False,True,20190905_CHA_SDN
2019-09-05,FRO,SWE,SWE,Alexander Isak,12.0,False,False,20190905_FRO_SWE
2019-09-05,FRO,SWE,SWE,Alexander Isak,15.0,False,False,20190905_FRO_SWE
2019-09-05,FRO,SWE,SWE,Victor Lindelöf,23.0,False,False,20190905_FRO_SWE
2019-09-05,FRO,SWE,SWE,Robin Quaison,41.0,False,False,20190905_FRO_SWE
2019-09-05,FIN,GRE,FIN,Teemu Pukki,52.0,False,True,20190905_FIN_GRE
2019-09-05,GIB,DEN,DEN,Robert Skov,6.0,False,False,20190905_GIB_DEN
2019-09-05,GIB,DEN,DEN,Christian Eriksen,34.0,False,True,20190905_GIB_DEN
2019-09-05,GIB,DEN,DEN,Christian Eriksen,50.0,False,True,20190905_GIB_DEN
2019-09-05,GIB,DEN,DEN,Thomas Delaney,69.0,False,False,20190905_GIB_DEN
2019-09-05,GIB,DEN,DEN,Christian Gytkjær,73.0,False,False,20190905_GIB_DEN
2019-09-05,GIB,DEN,DEN,Christian Gytkjær,78.0,False,False,20190905_GIB_DEN
2019-09-05,GUM,MDV,MDV,Ibrahim Mahudhee,27.0,False,False,20190905_GUM_MDV
2019-09-05,IND,OMA,IND,Sunil Chhetri,24.0,False,False,20190905_IND_OMA
2019-09-05,IND,OMA,OMA,Rabia Al-Alawi,82.0,False,False,20190905_IND_OMA
2019-09-05,IND,OMA,OMA,Rabia Al-Alawi,90.0,False,False,20190905_IND_OMA
2019-09-05,IDN,MAS,IDN,Beto Gonçalves,11.0,False,False,20190905_IDN_MAS
2019-09-05,IDN,MAS,MAS,Mohamadou Sumareh,36.0,False,False,20190905_IDN_MAS
2019-09-05,IDN,MAS,IDN,Beto Gonçalves,38.0,False,False,20190905_IDN_MAS
2019-09-05,IDN,MAS,MAS,Syafiq Ahmad,65.0,False,False,20190905_IDN_MAS
2019-09-05,IDN,MAS,MAS,Mohamadou Sumareh,90.0,False,False,20190905_IDN_MAS
2019-09-05,ISR,MKD,ISR,Eran Zahavi,55.0,False,False,20190905_ISR_MKD
2019-09-05,ISR,MKD,MKD,Arijan Ademi,64.0,False,False,20190905_ISR_MKD
2019-09-05,KUW,NEP,KUW,Yousef Nasser,6.0,False,False,20190905_KUW_NEP
2019-09-05,KUW,NEP,KUW,Fahad Al Hajeri,13.0,False,False,20190905_KUW_NEP
2019-09-05,KUW,NEP,KUW,Yousef Nasser,50.0,False,False,20190905_KUW_NEP
2019-09-05,KUW,NEP,KUW,Abdullah Mawei,59.0,False,False,20190905_KUW_NEP
2019-09-05,KUW,NEP,KUW,Bader Al-Mutawa,67.0,False,False,20190905_KUW_NEP
2019-09-05,KUW,NEP,KUW,Redha Abujabarah,90.0,False,False,20190905_KUW_NEP
2019-09-05,KUW,NEP,KUW,Hussain Al-Musawi,90.0,False,False,20190905_KUW_NEP
2019-09-05,Mongolia,MYA,Mongolia,Dölgöön Amaraa,17.0,False,False,20190905_Mongolia_MYA
2019-09-05,PRK,LIB,PRK,Jong Il-gwan,7.0,False,False,20190905_PRK_LIB
2019-09-05,PRK,LIB,PRK,Jong Il-gwan,56.0,False,False,20190905_PRK_LIB
2019-09-05,NOR,MLT,NOR,Sander Berge,34.0,False,False,20190905_NOR_MLT
2019-09-05,NOR,MLT,NOR,Joshua King,45.0,False,True,20190905_NOR_MLT
2019-09-05,PLE,UZB,PLE,Oday Dabbagh,60.0,False,False,20190905_PLE_UZB
2019-09-05,PLE,UZB,PLE,Islam Batran,85.0,False,False,20190905_PLE_UZB
2019-09-05,PHI,SYR,PHI,Javier Patiño,6.0,False,False,20190905_PHI_SYR
2019-09-05,PHI,SYR,SYR,Omar Al Somah,14.0,False,False,20190905_PHI_SYR
2019-09-05,PHI,SYR,SYR,Khaled Mobayed,30.0,False,False,20190905_PHI_SYR
2019-09-05,PHI,SYR,SYR,Firas Al-Khatib,48.0,False,True,20190905_PHI_SYR
2019-09-05,PHI,SYR,SYR,Omar Al Somah,55.0,False,False,20190905_PHI_SYR
2019-09-05,PHI,SYR,PHI,Mike Ott,83.0,False,False,20190905_PHI_SYR
2019-09-05,PHI,SYR,SYR,Mahmoud Al-Mawas,85.0,False,False,20190905_PHI_SYR
2019-09-05,QAT,AFG,QAT,Almoez Ali,4.0,False,False,20190905_QAT_AFG
2019-09-05,QAT,AFG,QAT,Almoez Ali,10.0,False,False,20190905_QAT_AFG
2019-09-05,QAT,AFG,QAT,Hassan Al-Haydos,13.0,False,False,20190905_QAT_AFG
2019-09-05,QAT,AFG,QAT,Abdelkarim Hassan,34.0,False,False,20190905_QAT_AFG
2019-09-05,QAT,AFG,QAT,Almoez Ali,51.0,False,False,20190905_QAT_AFG
2019-09-05,QAT,AFG,QAT,Boualem Khoukhi,67.0,False,False,20190905_QAT_AFG
2019-09-05,IRL,SUI,SUI,Fabian Schär,74.0,False,False,20190905_IRL_SUI
2019-09-05,IRL,SUI,IRL,David McGoldrick,85.0,False,False,20190905_IRL_SUI
2019-09-05,ROU,ESP,ESP,Sergio Ramos,29.0,False,True,20190905_ROU_ESP
2019-09-05,ROU,ESP,ESP,Paco Alcácer,47.0,False,False,20190905_ROU_ESP
2019-09-05,ROU,ESP,ROU,Florin Andone,59.0,False,False,20190905_ROU_ESP
2019-09-05,SEY,RWA,RWA,Muhadjiri Hakizimana,32.0,False,False,20190905_SEY_RWA
2019-09-05,SEY,RWA,RWA,Yannick Mukunzi,36.0,False,False,20190905_SEY_RWA
2019-09-05,SEY,RWA,RWA,Meddie Kagere,80.0,False,False,20190905_SEY_RWA
2019-09-05,SGP,YEM,SGP,Ikhsan Fandi,27.0,False,False,20190905_SGP_YEM
2019-09-05,SGP,YEM,YEM,Abdulwasea Al-Matari,34.0,False,False,20190905_SGP_YEM
2019-09-05,SGP,YEM,YEM,Mohsen Qarawi,45.0,False,False,20190905_SGP_YEM
2019-09-05,SGP,YEM,SGP,Faris Ramli,52.0,False,False,20190905_SGP_YEM
2019-09-05,Somalia,ZIM,Somalia,Anwar Shakunda,86.0,False,False,20190905_Somalia_ZIM
2019-09-05,SRI,TKM,TKM,Wahyt Orazsähedow,8.0,False,False,20190905_SRI_TKM
2019-09-05,SRI,TKM,TKM,Arslanmyrat Amanow,53.0,False,False,20190905_SRI_TKM
2019-09-05,TPE,JOR,JOR,Baha' Faisal,19.0,False,False,20190905_TPE_JOR
2019-09-05,TPE,JOR,JOR,Ahmed Samir,37.0,False,False,20190905_TPE_JOR
2019-09-05,TPE,JOR,TPE,Wen Chih-hao,81.0,False,False,20190905_TPE_JOR
2019-09-05,TJK,KGZ,TJK,Alisher Dzhalilov,41.0,False,False,20190905_TJK_KGZ
2019-09-06,AUT,LVA,AUT,Marko Arnautović,7.0,False,False,20190906_AUT_LVA
2019-09-06,AUT,LVA,AUT,Marcel Sabitzer,13.0,False,False,20190906_AUT_LVA
2019-09-06,AUT,LVA,AUT,Marko Arnautović,53.0,False,True,20190906_AUT_LVA
2019-09-06,AUT,LVA,AUT,Pāvels Šteinbors,76.0,True,False,20190906_AUT_LVA
2019-09-06,AUT,LVA,AUT,Konrad Laimer,80.0,False,False,20190906_AUT_LVA
2019-09-06,AUT,LVA,AUT,Michael Gregoritsch,85.0,False,False,20190906_AUT_LVA
2019-09-06,COM,TOG,TOG,Kodjo Fo-Doh Laba,34.0,False,False,20190906_COM_TOG
2019-09-06,COM,TOG,COM,Ibroihim Djoudja,49.0,False,False,20190906_COM_TOG
2019-09-06,CYP,KAZ,KAZ,Aleksey Shchotkin,2.0,False,False,20190906_CYP_KAZ
2019-09-06,CYP,KAZ,CYP,Pieros Sotiriou,39.0,False,False,20190906_CYP_KAZ
2019-09-06,EST,BLR,BLR,Nikita Naumov,48.0,False,False,20190906_EST_BLR
2019-09-06,EST,BLR,EST,Erik Sorga,54.0,False,False,20190906_EST_BLR
2019-09-06,EST,BLR,BLR,Maksim Skavysh,90.0,False,False,20190906_EST_BLR
2019-09-06,GAM,ANG,ANG,Wilson Gaspar,31.0,False,False,20190906_GAM_ANG
2019-09-06,GER,NED,GER,Serge Gnabry,9.0,False,False,20190906_GER_NED
2019-09-06,GER,NED,NED,Frenkie de Jong,59.0,False,False,20190906_GER_NED
2019-09-06,GER,NED,NED,Jonathan Tah,66.0,True,False,20190906_GER_NED
2019-09-06,GER,NED,GER,Toni Kroos,73.0,False,True,20190906_GER_NED
2019-09-06,GER,NED,NED,Donyell Malen,79.0,False,False,20190906_GER_NED
2019-09-06,GER,NED,NED,Georginio Wijnaldum,90.0,False,False,20190906_GER_NED
2019-09-06,SMR,BEL,BEL,Michy Batshuayi,43.0,False,True,20190906_SMR_BEL
2019-09-06,SMR,BEL,BEL,Dries Mertens,57.0,False,False,20190906_SMR_BEL
2019-09-06,SMR,BEL,BEL,Nacer Chadli,63.0,False,False,20190906_SMR_BEL
2019-09-06,SMR,BEL,BEL,Michy Batshuayi,90.0,False,False,20190906_SMR_BEL
2019-09-06,SCO,RUS,SCO,John McGinn,11.0,False,False,20190906_SCO_RUS
2019-09-06,SCO,RUS,RUS,Artem Dzyuba,40.0,False,False,20190906_SCO_RUS
2019-09-06,SCO,RUS,RUS,Stephen O'Donnell,59.0,True,False,20190906_SCO_RUS
2019-09-06,SVK,CRO,CRO,Nikola Vlašić,45.0,False,False,20190906_SVK_CRO
2019-09-06,SVK,CRO,CRO,Ivan Perišić,46.0,False,False,20190906_SVK_CRO
2019-09-06,SVK,CRO,CRO,Bruno Petković,72.0,False,False,20190906_SVK_CRO
2019-09-06,SVK,CRO,CRO,Dejan Lovren,89.0,False,False,20190906_SVK_CRO
2019-09-06,SVN,POL,SVN,Aljaž Struna,35.0,False,False,20190906_SVN_POL
2019-09-06,SVN,POL,SVN,Andraž Šporar,65.0,False,False,20190906_SVN_POL
2019-09-06,WAL,AZE,WAL,Pavel Pashayev,26.0,True,False,20190906_WAL_AZE
2019-09-06,WAL,AZE,AZE,Mahir Emreli,59.0,False,False,20190906_WAL_AZE
2019-09-06,WAL,AZE,WAL,Gareth Bale,84.0,False,False,20190906_WAL_AZE
2019-09-07,ENG,BUL,ENG,Harry Kane,24.0,False,False,20190907_ENG_BUL
2019-09-07,ENG,BUL,ENG,Harry Kane,50.0,False,True,20190907_ENG_BUL
2019-09-07,ENG,BUL,ENG,Raheem Sterling,55.0,False,False,20190907_ENG_BUL
2019-09-07,ENG,BUL,ENG,Harry Kane,73.0,False,True,20190907_ENG_BUL
2019-09-07,FRA,ALB,FRA,Kingsley Coman,8.0,False,False,20190907_FRA_ALB
2019-09-07,FRA,ALB,FRA,Olivier Giroud,27.0,False,False,20190907_FRA_ALB
2019-09-07,FRA,ALB,FRA,Kingsley Coman,68.0,False,False,20190907_FRA_ALB
2019-09-07,FRA,ALB,FRA,Jonathan Ikoné,85.0,False,False,20190907_FRA_ALB
2019-09-07,FRA,ALB,ALB,Sokol Çikalleshi,90.0,False,True,20190907_FRA_ALB
2019-09-07,ISL,MDA,ISL,Kolbeinn Sigþórsson,31.0,False,False,20190907_ISL_MDA
2019-09-07,ISL,MDA,ISL,Birkir Bjarnason,55.0,False,False,20190907_ISL_MDA
2019-09-07,ISL,MDA,ISL,Jón Daði Böðvarsson,77.0,False,False,20190907_ISL_MDA
2019-09-07,KVX,CZE,CZE,Patrik Schick,16.0,False,False,20190907_KVX_CZE
2019-09-07,KVX,CZE,KVX,Vedat Muriqi,20.0,False,False,20190907_KVX_CZE
2019-09-07,KVX,CZE,KVX,Mërgim Vojvoda,67.0,False,False,20190907_KVX_CZE
2019-09-07,LTU,UKR,UKR,Oleksandr Zinchenko,7.0,False,False,20190907_LTU_UKR
2019-09-07,LTU,UKR,UKR,Marlos,27.0,False,False,20190907_LTU_UKR
2019-09-07,LTU,UKR,UKR,Ruslan Malinovskyi,62.0,False,False,20190907_LTU_UKR
2019-09-07,SRB,POR,POR,William Carvalho,42.0,False,False,20190907_SRB_POR
2019-09-07,SRB,POR,POR,Gonçalo Guedes,58.0,False,False,20190907_SRB_POR
2019-09-07,SRB,POR,SRB,Nikola Milenković,68.0,False,False,20190907_SRB_POR
2019-09-07,SRB,POR,POR,Cristiano Ronaldo,80.0,False,False,20190907_SRB_POR
2019-09-07,SRB,POR,SRB,Aleksandar Mitrović,85.0,False,False,20190907_SRB_POR
2019-09-07,SRB,POR,POR,Bernardo Silva,86.0,False,False,20190907_SRB_POR
2019-09-07,TUR,AND,TUR,Ozan Tufan,89.0,False,False,20190907_TUR_AND
2019-09-08,ARM,BIH,ARM,Henrikh Mkhitaryan,3.0,False,False,20190908_ARM_BIH
2019-09-08,ARM,BIH,BIH,Edin Džeko,13.0,False,False,20190908_ARM_BIH
2019-09-08,ARM,BIH,ARM,Henrikh Mkhitaryan,66.0,False,False,20190908_ARM_BIH
2019-09-08,ARM,BIH,BIH,Amer Gojak,70.0,False,False,20190908_ARM_BIH
2019-09-08,ARM,BIH,ARM,Hovhannes Hambardzumyan,77.0,False,False,20190908_ARM_BIH
2019-09-08,ARM,BIH,ARM,Stjepan Lončar,90.0,True,False,20190908_ARM_BIH
2019-09-08,EQG,South Sudan,EQG,Emilio Nsue,72.0,False,False,20190908_EQG_South-Sudan
2019-09-08,FIN,ITA,ITA,Ciro Immobile,59.0,False,False,20190908_FIN_ITA
2019-09-08,FIN,ITA,FIN,Teemu Pukki,72.0,False,True,20190908_FIN_ITA
2019-09-08,FIN,ITA,ITA,Jorginho,79.0,False,True,20190908_FIN_ITA
2019-09-08,GRE,LIE,GRE,Giorgos Masouras,33.0,False,False,20190908_GRE_LIE
2019-09-08,GRE,LIE,LIE,Dennis Salanović,85.0,False,False,20190908_GRE_LIE
2019-09-08,LES,ETH,ETH,Nkau Lerotholi,50.0,True,False,20190908_LES_ETH
2019-09-08,LES,ETH,LES,Tsepo Seturumane,56.0,False,False,20190908_LES_ETH
2019-09-08,ROU,MLT,ROU,George Pușcaș,47.0,False,False,20190908_ROU_MLT
2019-09-08,SLE,LBR,SLE,Kei Kamara,55.0,False,False,20190908_SLE_LBR
2019-09-08,ESP,FRO,ESP,Rodrigo,13.0,False,False,20190908_ESP_FRO
2019-09-08,ESP,FRO,ESP,Rodrigo,50.0,False,False,20190908_ESP_FRO
2019-09-08,ESP,FRO,ESP,Paco Alcácer,90.0,False,False,20190908_ESP_FRO
2019-09-08,ESP,FRO,ESP,Paco Alcácer,90.0,False,False,20190908_ESP_FRO
2019-09-08,SWE,NOR,NOR,Stefan Johansen,45.0,False,False,20190908_SWE_NOR
2019-09-08,SWE,NOR,SWE,Emil Forsberg,60.0,False,False,20190908_SWE_NOR
2019-09-08,SUI,GIB,SUI,Denis Zakaria,37.0,False,False,20190908_SUI_GIB
2019-09-08,SUI,GIB,SUI,Admir Mehmedi,43.0,False,False,20190908_SUI_GIB
2019-09-08,SUI,GIB,SUI,Ricardo Rodríguez,45.0,False,False,20190908_SUI_GIB
2019-09-08,SUI,GIB,SUI,Mario Gavranović,87.0,False,False,20190908_SUI_GIB
2019-09-08,TAN,BDI,TAN,Mbwana Samatta,29.0,False,False,20190908_TAN_BDI
2019-09-08,TAN,BDI,BDI,Fiston Abdul Razak,45.0,False,False,20190908_TAN_BDI
2019-09-09,AZE,CRO,CRO,Luka Modrić,11.0,False,True,20190909_AZE_CRO
2019-09-09,AZE,CRO,AZE,Tamkin Khalilzade,72.0,False,False,20190909_AZE_CRO
2019-09-09,EST,NED,NED,Ryan Babel,17.0,False,False,20190909_EST_NED
2019-09-09,EST,NED,NED,Ryan Babel,47.0,False,False,20190909_EST_NED
2019-09-09,EST,NED,NED,Memphis Depay,76.0,False,False,20190909_EST_NED
2019-09-09,EST,NED,NED,Georginio Wijnaldum,87.0,False,False,20190909_EST_NED
2019-09-09,HUN,SVK,SVK,Róbert Mak,40.0,False,False,20190909_HUN_SVK
2019-09-09,HUN,SVK,HUN,Dominik Szoboszlai,50.0,False,False,20190909_HUN_SVK
2019-09-09,HUN,SVK,SVK,Róbert Boženík,56.0,False,False,20190909_HUN_SVK
2019-09-09,LVA,MKD,MKD,Goran Pandev,14.0,False,False,20190909_LVA_MKD
2019-09-09,LVA,MKD,MKD,Enis Bardhi,17.0,False,False,20190909_LVA_MKD
2019-09-09,NIR,GER,GER,Marcel Halstenberg,48.0,False,False,20190909_NIR_GER
2019-09-09,NIR,GER,GER,Serge Gnabry,90.0,False,False,20190909_NIR_GER
2019-09-09,RUS,KAZ,RUS,Mário Fernandes,89.0,False,False,20190909_RUS_KAZ
2019-09-09,SMR,CYP,CYP,Ioannis Kousoulos,2.0,False,False,20190909_SMR_CYP
2019-09-09,SMR,CYP,CYP,Fotis Papoulis,39.0,False,False,20190909_SMR_CYP
2019-09-09,SMR,CYP,CYP,Ioannis Kousoulos,73.0,False,False,20190909_SMR_CYP
2019-09-09,SMR,CYP,CYP,Kostakis Artymatas,75.0,False,False,20190909_SMR_CYP
2019-09-09,SCO,BEL,BEL,Romelu Lukaku,9.0,False,False,20190909_SCO_BEL
2019-09-09,SCO,BEL,BEL,Thomas Vermaelen,24.0,False,False,20190909_SCO_BEL
2019-09-09,SCO,BEL,BEL,Toby Alderweireld,32.0,False,False,20190909_SCO_BEL
2019-09-09,SCO,BEL,BEL,Kevin De Bruyne,82.0,False,False,20190909_SCO_BEL
2019-09-09,SVN,ISR,SVN,Benjamin Verbič,43.0,False,False,20190909_SVN_ISR
2019-09-09,SVN,ISR,ISR,Bibras Natcho,50.0,False,False,20190909_SVN_ISR
2019-09-09,SVN,ISR,ISR,Eran Zahavi,63.0,False,False,20190909_SVN_ISR
2019-09-09,SVN,ISR,SVN,Roman Bezjak,66.0,False,False,20190909_SVN_ISR
2019-09-09,SVN,ISR,SVN,Benjamin Verbič,90.0,False,False,20190909_SVN_ISR
2019-09-10,AFG,BAN,AFG,Farshad Noor,27.0,False,False,20190910_AFG_BAN
2019-09-10,ALB,ISL,ALB,Kastriot Dermaku,32.0,False,False,20190910_ALB_ISL
2019-09-10,ALB,ISL,ISL,Gylfi Sigurðsson,47.0,False,False,20190910_ALB_ISL
2019-09-10,ALB,ISL,ALB,Elseid Hysaj,52.0,False,False,20190910_ALB_ISL
2019-09-10,ALB,ISL,ISL,Kolbeinn Sigþórsson,58.0,False,False,20190910_ALB_ISL
2019-09-10,ALB,ISL,ALB,Odise Roshi,79.0,False,False,20190910_ALB_ISL
2019-09-10,ALB,ISL,ALB,Sokol Çikalleshi,83.0,False,False,20190910_ALB_ISL
2019-09-10,ANG,GAM,ANG,Geraldo,41.0,False,False,20190910_ANG_GAM
2019-09-10,ANG,GAM,GAM,Assan Ceesay,65.0,False,False,20190910_ANG_GAM
2019-09-10,ANG,GAM,ANG,Fábio Abreu,68.0,False,False,20190910_ANG_GAM
2019-09-10,CAM,BHR,BHR,Kamil Al Aswad,78.0,False,False,20190910_CAM_BHR
2019-09-10,ENG,KVX,KVX,Valon Berisha,1.0,False,False,20190910_ENG_KVX
2019-09-10,ENG,KVX,ENG,Raheem Sterling,8.0,False,False,20190910_ENG_KVX
2019-09-10,ENG,KVX,ENG,Harry Kane,19.0,False,False,20190910_ENG_KVX
2019-09-10,ENG,KVX,ENG,Mërgim Vojvoda,38.0,True,False,20190910_ENG_KVX
2019-09-10,ENG,KVX,ENG,Jadon Sancho,44.0,False,False,20190910_ENG_KVX
2019-09-10,ENG,KVX,ENG,Jadon Sancho,45.0,False,False,20190910_ENG_KVX
2019-09-10,ENG,KVX,KVX,Valon Berisha,49.0,False,False,20190910_ENG_KVX
2019-09-10,ENG,KVX,KVX,Vedat Muriqi,55.0,False,True,20190910_ENG_KVX
2019-09-10,FRA,AND,FRA,Kingsley Coman,18.0,False,False,20190910_FRA_AND
2019-09-10,FRA,AND,FRA,Clément Lenglet,52.0,False,False,20190910_FRA_AND
2019-09-10,FRA,AND,FRA,Wissam Ben Yedder,90.0,False,False,20190910_FRA_AND
2019-09-10,GUM,PHI,PHI,Ángel Guirado,7.0,False,False,20190910_GUM_PHI
2019-09-10,GUM,PHI,PHI,Patrick Reichelt,12.0,False,False,20190910_GUM_PHI
2019-09-10,GUM,PHI,GUM,Marcus Lopez,67.0,False,True,20190910_GUM_PHI
2019-09-10,GUM,PHI,PHI,Stephan Schröck,71.0,False,False,20190910_GUM_PHI
2019-09-10,GUM,PHI,PHI,John-Patrick Strauß,81.0,False,False,20190910_GUM_PHI
2019-09-10,GNB,São Tomé and Príncipe,São Tomé and Príncipe,Iniesta,12.0,False,False,20190910_GNB_São-Tomé-and-Príncipe
2019-09-10,GNB,São Tomé and Príncipe,GNB,Joseph Mendes,66.0,False,False,20190910_GNB_São-Tomé-and-Príncipe
2019-09-10,GNB,São Tomé and Príncipe,GNB,Joseph Mendes,77.0,False,False,20190910_GNB_São-Tomé-and-Príncipe
2019-09-10,HKG,IRN,IRN,Sardar Azmoun,23.0,False,False,20190910_HKG_IRN
2019-09-10,HKG,IRN,IRN,Karim Ansarifard,54.0,False,False,20190910_HKG_IRN
2019-09-10,IDN,THA,THA,Supachok Sarachat,55.0,False,False,20190910_IDN_THA
2019-09-10,IDN,THA,THA,Theerathon Bunmathan,65.0,False,True,20190910_IDN_THA
2019-09-10,IDN,THA,THA,Supachok Sarachat,71.0,False,False,20190910_IDN_THA
2019-09-10,KUW,AUS,AUS,Mathew Leckie,7.0,False,False,20190910_KUW_AUS
2019-09-10,KUW,AUS,AUS,Mathew Leckie,30.0,False,False,20190910_KUW_AUS
2019-09-10,KUW,AUS,AUS,Aaron Mooy,38.0,False,False,20190910_KUW_AUS
2019-09-10,LTU,POR,POR,Cristiano Ronaldo,7.0,False,True,20190910_LTU_POR
2019-09-10,LTU,POR,LTU,Vytautas Andriuškevičius,28.0,False,False,20190910_LTU_POR
2019-09-10,LTU,POR,POR,Cristiano Ronaldo,62.0,False,False,20190910_LTU_POR
2019-09-10,LTU,POR,POR,Cristiano Ronaldo,65.0,False,False,20190910_LTU_POR
2019-09-10,LTU,POR,POR,Cristiano Ronaldo,76.0,False,False,20190910_LTU_POR
2019-09-10,LTU,POR,POR,William Carvalho,90.0,False,False,20190910_LTU_POR
2019-09-10,LUX,SRB,SRB,Aleksandar Mitrović,36.0,False,False,20190910_LUX_SRB
2019-09-10,LUX,SRB,SRB,Nemanja Radonjić,55.0,False,False,20190910_LUX_SRB
2019-09-10,LUX,SRB,LUX,David Turpel,66.0,False,False,20190910_LUX_SRB
2019-09-10,LUX,SRB,SRB,Aleksandar Mitrović,78.0,False,False,20190910_LUX_SRB
2019-09-10,MWI,BOT,MWI,Gerald Phiri Jr.,81.0,False,True,20190910_MWI_BOT
2019-09-10,MAS,UAE,MAS,Syafiq Ahmad,1.0,False,False,20190910_MAS_UAE
2019-09-10,MAS,UAE,UAE,Ali Mabkhout,43.0,False,False,20190910_MAS_UAE
2019-09-10,MAS,UAE,UAE,Ali Mabkhout,75.0,False,False,20190910_MAS_UAE
2019-09-10,MDV,CHN,CHN,Wu Xi,34.0,False,False,20190910_MDV_CHN
2019-09-10,MDV,CHN,CHN,Wu Lei,45.0,False,False,20190910_MDV_CHN
2019-09-10,MDV,CHN,CHN,Yang Xu,64.0,False,True,20190910_MDV_CHN
2019-09-10,MDV,CHN,CHN,Elkeson,83.0,False,True,20190910_MDV_CHN
2019-09-10,MDV,CHN,CHN,Elkeson,90.0,False,False,20190910_MDV_CHN
2019-09-10,MDA,TUR,TUR,Cenk Tosun,37.0,False,False,20190910_MDA_TUR
2019-09-10,MDA,TUR,TUR,Deniz Türüç,57.0,False,False,20190910_MDA_TUR
2019-09-10,MDA,TUR,TUR,Cenk Tosun,79.0,False,False,20190910_MDA_TUR
2019-09-10,MDA,TUR,TUR,Yusuf Yazıcı,88.0,False,False,20190910_MDA_TUR
2019-09-10,Mongolia,TJK,TJK,Davron Ergashev,81.0,False,False,20190910_Mongolia_TJK
2019-09-10,MNE,CZE,CZE,Tomáš Souček,54.0,False,False,20190910_MNE_CZE
2019-09-10,MNE,CZE,CZE,Lukáš Masopust,58.0,False,False,20190910_MNE_CZE
2019-09-10,MNE,CZE,CZE,Vladimír Darida,90.0,False,True,20190910_MNE_CZE
2019-09-10,MOZ,MRI,MOZ,Clésio,6.0,False,False,20190910_MOZ_MRI
2019-09-10,MOZ,MRI,MOZ,Geny Catamo,77.0,False,True,20190910_MOZ_MRI
2019-09-10,MYA,JPN,JPN,Shoya Nakajima,16.0,False,False,20190910_MYA_JPN
2019-09-10,MYA,JPN,JPN,Takumi Minamino,26.0,False,False,20190910_MYA_JPN
2019-09-10,NAM,Eritrea,NAM,Absalom Iimbondi,25.0,False,False,20190910_NAM_Eritrea
2019-09-10,NAM,Eritrea,NAM,Peter Shalulile,90.0,False,False,20190910_NAM_Eritrea
2019-09-10,RWA,SEY,RWA,Djihad Bizimana,16.0,False,False,20190910_RWA_SEY
2019-09-10,RWA,SEY,RWA,Meddie Kagere,27.0,False,False,20190910_RWA_SEY
2019-09-10,RWA,SEY,RWA,Jacques Tuyisenge,29.0,False,False,20190910_RWA_SEY
2019-09-10,RWA,SEY,RWA,Jacques Tuyisenge,34.0,False,False,20190910_RWA_SEY
2019-09-10,RWA,SEY,RWA,Meddie Kagere,51.0,False,False,20190910_RWA_SEY
2019-09-10,RWA,SEY,RWA,Yannick Mukunzi,57.0,False,False,20190910_RWA_SEY
2019-09-10,RWA,SEY,RWA,Muhadjiri Hakizimana,79.0,False,False,20190910_RWA_SEY
2019-09-10,SGP,PLE,SGP,Shakir Hamzah,3.0,False,False,20190910_SGP_PLE
2019-09-10,SGP,PLE,PLE,Yaser Hamed,13.0,False,False,20190910_SGP_PLE
2019-09-10,SGP,PLE,SGP,Safuwan Baharudin,38.0,False,False,20190910_SGP_PLE
2019-09-10,SRI,PRK,PRK,Jang Kuk-chol,67.0,False,False,20190910_SRI_PRK
2019-09-10,TPE,NEP,NEP,Anjan Bista,4.0,False,False,20190910_TPE_NEP
2019-09-10,TPE,NEP,NEP,Anjan Bista,62.0,False,False,20190910_TPE_NEP
2019-09-10,TOG,COM,TOG,Kassim M'Dahoma,10.0,True,False,20190910_TOG_COM
2019-09-10,TOG,COM,TOG,Gilles Sunu,71.0,False,False,20190910_TOG_COM
2019-09-10,TKM,KOR,KOR,Na Sang-ho,13.0,False,False,20190910_TKM_KOR
2019-09-10,TKM,KOR,KOR,Jung Woo-young,82.0,False,False,20190910_TKM_KOR
2019-09-10,YEM,KSA,YEM,Mohsen Qarawi,8.0,False,False,20190910_YEM_KSA
2019-09-10,YEM,KSA,KSA,Hattan Bahebri,23.0,False,False,20190910_YEM_KSA
2019-09-10,YEM,KSA,YEM,Omar Al-Dahi,37.0,False,False,20190910_YEM_KSA
2019-09-10,YEM,KSA,KSA,Salem Al-Dawsari,48.0,False,False,20190910_YEM_KSA
2019-09-10,ZIM,Somalia,ZIM,Marshall Munetsi,77.0,False,False,20190910_ZIM_Somalia
2019-09-10,ZIM,Somalia,Somalia,Omar Mohamed,85.0,False,False,20190910_ZIM_Somalia
2019-09-10,ZIM,Somalia,ZIM,Admiral Muskwe,86.0,False,False,20190910_ZIM_Somalia
2019-09-10,ZIM,Somalia,ZIM,Khama Billiat,90.0,False,False,20190910_ZIM_Somalia
2019-10-10,AUS,NEP,AUS,Jamie Maclaren,6.0,False,False,20191010_AUS_NEP
2019-10-10,AUS,NEP,AUS,Jamie Maclaren,19.0,False,False,20191010_AUS_NEP
2019-10-10,AUS,NEP,AUS,Harry Souttar,23.0,False,False,20191010_AUS_NEP
2019-10-10,AUS,NEP,AUS,Harry Souttar,59.0,False,False,20191010_AUS_NEP
2019-10-10,AUS,NEP,AUS,Jamie Maclaren,90.0,False,False,20191010_AUS_NEP
2019-10-10,AUT,ISR,ISR,Eran Zahavi,34.0,False,False,20191010_AUT_ISR
2019-10-10,AUT,ISR,AUT,Valentino Lazaro,41.0,False,False,20191010_AUT_ISR
2019-10-10,AUT,ISR,AUT,Martin Hinteregger,56.0,False,False,20191010_AUT_ISR
2019-10-10,AUT,ISR,AUT,Marcel Sabitzer,88.0,False,False,20191010_AUT_ISR
2019-10-10,BAN,QAT,QAT,Yusuf Abdurisag,28.0,False,False,20191010_BAN_QAT
2019-10-10,BAN,QAT,QAT,Karim Boudiaf,90.0,False,False,20191010_BAN_QAT
2019-10-10,BEL,SMR,BEL,Romelu Lukaku,28.0,False,False,20191010_BEL_SMR
2019-10-10,BEL,SMR,BEL,Nacer Chadli,31.0,False,False,20191010_BEL_SMR
2019-10-10,BEL,SMR,BEL,Cristian Brolli,35.0,True,False,20191010_BEL_SMR
2019-10-10,BEL,SMR,BEL,Romelu Lukaku,41.0,False,False,20191010_BEL_SMR
2019-10-10,BEL,SMR,BEL,Toby Alderweireld,43.0,False,False,20191010_BEL_SMR
2019-10-10,BEL,SMR,BEL,Youri Tielemans,45.0,False,False,20191010_BEL_SMR
2019-10-10,BEL,SMR,BEL,Christian Benteke,79.0,False,False,20191010_BEL_SMR
2019-10-10,BEL,SMR,BEL,Yari Verschaeren,84.0,False,True,20191010_BEL_SMR
2019-10-10,BEL,SMR,BEL,Timothy Castagne,90.0,False,False,20191010_BEL_SMR
2019-10-10,CHN,GUM,CHN,Yang Xu,6.0,False,False,20191010_CHN_GUM
2019-10-10,CHN,GUM,CHN,Wu Lei,17.0,False,False,20191010_CHN_GUM
2019-10-10,CHN,GUM,CHN,Yang Xu,19.0,False,False,20191010_CHN_GUM
2019-10-10,CHN,GUM,CHN,Yang Xu,24.0,False,False,20191010_CHN_GUM
2019-10-10,CHN,GUM,CHN,Yang Xu,31.0,False,False,20191010_CHN_GUM
2019-10-10,CHN,GUM,CHN,Wu Xi,45.0,False,False,20191010_CHN_GUM
2019-10-10,CHN,GUM,CHN,Elkeson,75.0,False,False,20191010_CHN_GUM
2019-10-10,CRO,HUN,CRO,Luka Modrić,5.0,False,False,20191010_CRO_HUN
2019-10-10,CRO,HUN,CRO,Bruno Petković,24.0,False,False,20191010_CRO_HUN
2019-10-10,CRO,HUN,CRO,Bruno Petković,42.0,False,False,20191010_CRO_HUN
2019-10-10,IRN,CAM,IRN,Ahmad Nourollahi,5.0,False,False,20191010_IRN_CAM
2019-10-10,IRN,CAM,IRN,Sardar Azmoun,11.0,False,False,20191010_IRN_CAM
2019-10-10,IRN,CAM,IRN,Hossein Kanaanizadegan,18.0,False,False,20191010_IRN_CAM
2019-10-10,IRN,CAM,IRN,Soeuy Visal,22.0,True,False,20191010_IRN_CAM
2019-10-10,IRN,CAM,IRN,Sardar Azmoun,35.0,False,False,20191010_IRN_CAM
2019-10-10,IRN,CAM,IRN,Karim Ansarifard,40.0,False,False,20191010_IRN_CAM
2019-10-10,IRN,CAM,IRN,Sardar Azmoun,44.0,False,False,20191010_IRN_CAM
2019-10-10,IRN,CAM,IRN,Karim Ansarifard,48.0,False,False,20191010_IRN_CAM
2019-10-10,IRN,CAM,IRN,Mehdi Taremi,54.0,False,False,20191010_IRN_CAM
2019-10-10,IRN,CAM,IRN,Karim Ansarifard,60.0,False,False,20191010_IRN_CAM
2019-10-10,IRN,CAM,IRN,Mohammad Mohebi,65.0,False,False,20191010_IRN_CAM
2019-10-10,IRN,CAM,IRN,Mohammad Mohebi,67.0,False,False,20191010_IRN_CAM
2019-10-10,IRN,CAM,IRN,Mehrdad Mohammadi,85.0,False,False,20191010_IRN_CAM
2019-10-10,IRN,CAM,IRN,Karim Ansarifard,88.0,False,False,20191010_IRN_CAM
2019-10-10,IRQ,HKG,IRQ,Mohanad Ali,37.0,False,False,20191010_IRQ_HKG
2019-10-10,IRQ,HKG,IRQ,Ali Adnan Kadhim,79.0,False,True,20191010_IRQ_HKG
2019-10-10,JPN,Mongolia,JPN,Takumi Minamino,22.0,False,False,20191010_JPN_Mongolia
2019-10-10,JPN,Mongolia,JPN,Maya Yoshida,29.0,False,False,20191010_JPN_Mongolia
2019-10-10,JPN,Mongolia,JPN,Yuto Nagatomo,33.0,False,False,20191010_JPN_Mongolia
2019-10-10,JPN,Mongolia,JPN,Kensuke Nagai,40.0,False,False,20191010_JPN_Mongolia
2019-10-10,JPN,Mongolia,JPN,Wataru Endō,57.0,False,False,20191010_JPN_Mongolia
2019-10-10,JPN,Mongolia,JPN,Daichi Kamada,82.0,False,False,20191010_JPN_Mongolia
2019-10-10,KAZ,CYP,KAZ,Temirlan Yerlanov,34.0,False,False,20191010_KAZ_CYP
2019-10-10,KAZ,CYP,CYP,Pieros Sotiriou,73.0,False,False,20191010_KAZ_CYP
2019-10-10,KAZ,CYP,CYP,Nicholas Ioannou,84.0,False,False,20191010_KAZ_CYP
2019-10-10,KGZ,MYA,KGZ,Edgar Bernhardt,5.0,False,False,20191010_KGZ_MYA
2019-10-10,KGZ,MYA,KGZ,Edgar Bernhardt,10.0,False,False,20191010_KGZ_MYA
2019-10-10,KGZ,MYA,KGZ,Alimardon Shukurov,20.0,False,False,20191010_KGZ_MYA
2019-10-10,KGZ,MYA,KGZ,Gulzhigit Alykulov,26.0,False,False,20191010_KGZ_MYA
2019-10-10,KGZ,MYA,KGZ,Valery Kichin,45.0,False,False,20191010_KGZ_MYA
2019-10-10,KGZ,MYA,KGZ,Alimardon Shukurov,71.0,False,False,20191010_KGZ_MYA
2019-10-10,KGZ,MYA,KGZ,Edgar Bernhardt,87.0,False,True,20191010_KGZ_MYA
2019-10-10,LVA,POL,POL,Robert Lewandowski,9.0,False,False,20191010_LVA_POL
2019-10-10,LVA,POL,POL,Robert Lewandowski,13.0,False,False,20191010_LVA_POL
2019-10-10,LVA,POL,POL,Robert Lewandowski,76.0,False,False,20191010_LVA_POL
2019-10-10,LIB,TKM,LIB,Hilal El-Helwe,5.0,False,False,20191010_LIB_TKM
2019-10-10,LIB,TKM,TKM,Altymyrat Annadurdyýew,62.0,False,False,20191010_LIB_TKM
2019-10-10,LIB,TKM,LIB,Nader Matar,64.0,False,False,20191010_LIB_TKM
2019-10-10,NED,NIR,NIR,Josh Magennis,75.0,False,False,20191010_NED_NIR
2019-10-10,NED,NIR,NED,Memphis Depay,80.0,False,False,20191010_NED_NIR
2019-10-10,NED,NIR,NED,Memphis Depay,90.0,False,False,20191010_NED_NIR
2019-10-10,NED,NIR,NED,Luuk de Jong,90.0,False,False,20191010_NED_NIR
2019-10-10,MKD,SVN,MKD,Elif Elmas,50.0,False,False,20191010_MKD_SVN
2019-10-10,MKD,SVN,MKD,Elif Elmas,68.0,False,False,20191010_MKD_SVN
2019-10-10,MKD,SVN,SVN,Josip Iličić,90.0,False,True,20191010_MKD_SVN
2019-10-10,OMA,AFG,OMA,Abdul Aziz Al-Muqbali,27.0,False,False,20191010_OMA_AFG
2019-10-10,OMA,AFG,OMA,Abdul Aziz Al-Muqbali,38.0,False,False,20191010_OMA_AFG
2019-10-10,OMA,AFG,OMA,Muhsen Al-Ghassani,61.0,False,True,20191010_OMA_AFG
2019-10-10,RUS,SCO,RUS,Artem Dzyuba,57.0,False,False,20191010_RUS_SCO
2019-10-10,RUS,SCO,RUS,Magomed Ozdoyev,60.0,False,False,20191010_RUS_SCO
2019-10-10,RUS,SCO,RUS,Artem Dzyuba,70.0,False,False,20191010_RUS_SCO
2019-10-10,RUS,SCO,RUS,Aleksandr Golovin,84.0,False,False,20191010_RUS_SCO
2019-10-10,KSA,SGP,KSA,Abdulfattah Asiri,28.0,False,False,20191010_KSA_SGP
2019-10-10,KSA,SGP,KSA,Abdullah Al-Hamdan,61.0,False,False,20191010_KSA_SGP
2019-10-10,KSA,SGP,KSA,Abdulfattah Asiri,67.0,False,False,20191010_KSA_SGP
2019-10-10,SVK,WAL,WAL,Kieffer Moore,25.0,False,False,20191010_SVK_WAL
2019-10-10,SVK,WAL,SVK,Juraj Kucka,53.0,False,False,20191010_SVK_WAL
2019-10-10,KOR,SRI,KOR,Son Heung-min,10.0,False,False,20191010_KOR_SRI
2019-10-10,KOR,SRI,KOR,Kim Shin-wook,17.0,False,False,20191010_KOR_SRI
2019-10-10,KOR,SRI,KOR,Hwang Hee-chan,20.0,False,False,20191010_KOR_SRI
2019-10-10,KOR,SRI,KOR,Kim Shin-wook,30.0,False,False,20191010_KOR_SRI
2019-10-10,KOR,SRI,KOR,Son Heung-min,45.0,False,True,20191010_KOR_SRI
2019-10-10,KOR,SRI,KOR,Kim Shin-wook,54.0,False,False,20191010_KOR_SRI
2019-10-10,KOR,SRI,KOR,Kim Shin-wook,64.0,False,False,20191010_KOR_SRI
2019-10-10,KOR,SRI,KOR,Kwon Chang-hoon,76.0,False,False,20191010_KOR_SRI
2019-10-10,SYR,MDV,SYR,Omar Al Somah,26.0,False,False,20191010_SYR_MDV
2019-10-10,SYR,MDV,SYR,Omar Al Somah,60.0,False,False,20191010_SYR_MDV
2019-10-10,SYR,MDV,MDV,Ali Ashfaq,70.0,False,False,20191010_SYR_MDV
2019-10-10,UAE,IDN,UAE,Khalil Ibrahim,40.0,False,False,20191010_UAE_IDN
2019-10-10,UAE,IDN,UAE,Ali Mabkhout,51.0,False,False,20191010_UAE_IDN
2019-10-10,UAE,IDN,UAE,Ali Mabkhout,63.0,False,True,20191010_UAE_IDN
2019-10-10,UAE,IDN,UAE,Ali Mabkhout,72.0,False,False,20191010_UAE_IDN
2019-10-10,UAE,IDN,UAE,Tareq Ahmed,90.0,False,False,20191010_UAE_IDN
2019-10-10,UZB,YEM,UZB,Sanjar Kodirkulov,3.0,False,False,20191010_UZB_YEM
2019-10-10,UZB,YEM,UZB,Eldor Shomurodov,33.0,False,False,20191010_UZB_YEM
2019-10-10,UZB,YEM,UZB,Jamshid Iskanderov,53.0,False,False,20191010_UZB_YEM
2019-10-10,UZB,YEM,UZB,Islom Tukhtakhujaev,72.0,False,False,20191010_UZB_YEM
2019-10-10,UZB,YEM,UZB,Igor Sergeev,90.0,False,False,20191010_UZB_YEM
2019-10-10,VIE,MAS,VIE,Nguyễn Quang Hải,40.0,False,False,20191010_VIE_MAS
2019-10-11,AND,MDA,AND,Marc Vales,63.0,False,False,20191011_AND_MDA
2019-10-11,CZE,ENG,ENG,Harry Kane,5.0,False,True,20191011_CZE_ENG
2019-10-11,CZE,ENG,CZE,Jakub Brabec,9.0,False,False,20191011_CZE_ENG
2019-10-11,CZE,ENG,CZE,Zdeněk Ondrášek,85.0,False,False,20191011_CZE_ENG
2019-10-11,ISL,FRA,FRA,Olivier Giroud,66.0,False,True,20191011_ISL_FRA
2019-10-11,POR,LUX,POR,Bernardo Silva,16.0,False,False,20191011_POR_LUX
2019-10-11,POR,LUX,POR,Cristiano Ronaldo,65.0,False,False,20191011_POR_LUX
2019-10-11,POR,LUX,POR,Gonçalo Guedes,89.0,False,False,20191011_POR_LUX
2019-10-11,TUR,ALB,TUR,Cenk Tosun,90.0,False,False,20191011_TUR_ALB
2019-10-11,UKR,LTU,UKR,Ruslan Malinovskyi,29.0,False,False,20191011_UKR_LTU
2019-10-11,UKR,LTU,UKR,Ruslan Malinovskyi,58.0,False,False,20191011_UKR_LTU
2019-10-12,BIH,FIN,BIH,Izet Hajrović,29.0,False,False,20191012_BIH_FIN
2019-10-12,BIH,FIN,BIH,Miralem Pjanić,37.0,False,True,20191012_BIH_FIN
2019-10-12,BIH,FIN,BIH,Miralem Pjanić,58.0,False,False,20191012_BIH_FIN
2019-10-12,BIH,FIN,BIH,Armin Hodžić,73.0,False,False,20191012_BIH_FIN
2019-10-12,BIH,FIN,FIN,Joel Pohjanpalo,79.0,False,False,20191012_BIH_FIN
2019-10-12,DEN,SUI,DEN,Yussuf Poulsen,84.0,False,False,20191012_DEN_SUI
2019-10-12,FRO,ROU,ROU,George Pușcaș,74.0,False,False,20191012_FRO_ROU
2019-10-12,FRO,ROU,ROU,Alexandru Mitriță,83.0,False,False,20191012_FRO_ROU
2019-10-12,FRO,ROU,ROU,Claudiu Keșerü,90.0,False,False,20191012_FRO_ROU
2019-10-12,ITA,GRE,ITA,Jorginho,63.0,False,True,20191012_ITA_GRE
2019-10-12,ITA,GRE,ITA,Federico Bernardeschi,78.0,False,False,20191012_ITA_GRE
2019-10-12,LIE,ARM,ARM,Tigran Barseghyan,19.0,False,False,20191012_LIE_ARM
2019-10-12,LIE,ARM,LIE,Yanik Frick,72.0,False,False,20191012_LIE_ARM
2019-10-12,MLT,SWE,SWE,Marcus Danielson,11.0,False,False,20191012_MLT_SWE
2019-10-12,MLT,SWE,SWE,Sebastian Larsson,58.0,False,True,20191012_MLT_SWE
2019-10-12,MLT,SWE,SWE,Andrei Agius,66.0,True,False,20191012_MLT_SWE
2019-10-12,MLT,SWE,SWE,Sebastian Larsson,71.0,False,True,20191012_MLT_SWE
2019-10-12,NOR,ESP,ESP,Saúl Ñíguez,47.0,False,False,20191012_NOR_ESP
2019-10-12,NOR,ESP,NOR,Joshua King,90.0,False,True,20191012_NOR_ESP
2019-10-13,BLR,NED,NED,Georginio Wijnaldum,32.0,False,False,20191013_BLR_NED
2019-10-13,BLR,NED,NED,Georginio Wijnaldum,41.0,False,False,20191013_BLR_NED
2019-10-13,BLR,NED,BLR,Stanislaw Drahun,54.0,False,False,20191013_BLR_NED
2019-10-13,CYP,RUS,RUS,Denis Cheryshev,9.0,False,False,20191013_CYP_RUS
2019-10-13,CYP,RUS,RUS,Magomed Ozdoyev,23.0,False,False,20191013_CYP_RUS
2019-10-13,CYP,RUS,RUS,Artem Dzyuba,79.0,False,False,20191013_CYP_RUS
2019-10-13,CYP,RUS,RUS,Aleksandr Golovin,89.0,False,False,20191013_CYP_RUS
2019-10-13,CYP,RUS,RUS,Denis Cheryshev,90.0,False,False,20191013_CYP_RUS
2019-10-13,EST,GER,GER,İlkay Gündoğan,51.0,False,False,20191013_EST_GER
2019-10-13,EST,GER,GER,İlkay Gündoğan,57.0,False,False,20191013_EST_GER
2019-10-13,EST,GER,GER,Timo Werner,71.0,False,False,20191013_EST_GER
2019-10-13,HUN,AZE,HUN,Mihály Korhut,10.0,False,False,20191013_HUN_AZE
2019-10-13,KAZ,BEL,BEL,Michy Batshuayi,21.0,False,False,20191013_KAZ_BEL
2019-10-13,KAZ,BEL,BEL,Thomas Meunier,53.0,False,False,20191013_KAZ_BEL
2019-10-13,POL,MKD,POL,Przemysław Frankowski,74.0,False,False,20191013_POL_MKD
2019-10-13,POL,MKD,POL,Arkadiusz Milik,80.0,False,False,20191013_POL_MKD
2019-10-13,SCO,SMR,SCO,John McGinn,12.0,False,False,20191013_SCO_SMR
2019-10-13,SCO,SMR,SCO,John McGinn,27.0,False,False,20191013_SCO_SMR
2019-10-13,SCO,SMR,SCO,John McGinn,45.0,False,False,20191013_SCO_SMR
2019-10-13,SCO,SMR,SCO,Lawrence Shankland,65.0,False,False,20191013_SCO_SMR
2019-10-13,SCO,SMR,SCO,Stuart Findlay,67.0,False,False,20191013_SCO_SMR
2019-10-13,SCO,SMR,SCO,Stuart Armstrong,87.0,False,False,20191013_SCO_SMR
2019-10-13,SVN,AUT,AUT,Stefan Posch,21.0,False,False,20191013_SVN_AUT
2019-10-13,WAL,CRO,CRO,Nikola Vlašić,9.0,False,False,20191013_WAL_CRO
2019-10-13,WAL,CRO,WAL,Gareth Bale,45.0,False,False,20191013_WAL_CRO
2019-10-14,BUL,ENG,ENG,Marcus Rashford,7.0,False,False,20191014_BUL_ENG
2019-10-14,BUL,ENG,ENG,Ross Barkley,20.0,False,False,20191014_BUL_ENG
2019-10-14,BUL,ENG,ENG,Ross Barkley,32.0,False,False,20191014_BUL_ENG
2019-10-14,BUL,ENG,ENG,Raheem Sterling,45.0,False,False,20191014_BUL_ENG
2019-10-14,BUL,ENG,ENG,Raheem Sterling,69.0,False,False,20191014_BUL_ENG
2019-10-14,BUL,ENG,ENG,Harry Kane,85.0,False,False,20191014_BUL_ENG
2019-10-14,FRA,TUR,FRA,Olivier Giroud,76.0,False,False,20191014_FRA_TUR
2019-10-14,FRA,TUR,TUR,Kaan Ayhan,82.0,False,False,20191014_FRA_TUR
2019-10-14,ISL,AND,ISL,Arnór Sigurðsson,38.0,False,False,20191014_ISL_AND
2019-10-14,ISL,AND,ISL,Kolbeinn Sigþórsson,65.0,False,False,20191014_ISL_AND
2019-10-14,KVX,MNE,KVX,Amir Rrahmani,10.0,False,False,20191014_KVX_MNE
2019-10-14,KVX,MNE,KVX,Vedat Muriqi,35.0,False,False,20191014_KVX_MNE
2019-10-14,LTU,SRB,SRB,Aleksandar Mitrović,49.0,False,False,20191014_LTU_SRB
2019-10-14,LTU,SRB,SRB,Aleksandar Mitrović,53.0,False,False,20191014_LTU_SRB
2019-10-14,LTU,SRB,LTU,Donatas Kazlauskas,79.0,False,False,20191014_LTU_SRB
2019-10-14,MDA,ALB,ALB,Sokol Çikalleshi,22.0,False,False,20191014_MDA_ALB
2019-10-14,MDA,ALB,ALB,Keidi Bare,34.0,False,False,20191014_MDA_ALB
2019-10-14,MDA,ALB,ALB,Lorenc Trashi,40.0,False,False,20191014_MDA_ALB
2019-10-14,MDA,ALB,ALB,Rey Manaj,90.0,False,False,20191014_MDA_ALB
2019-10-14,UKR,POR,UKR,Roman Yaremchuk,6.0,False,False,20191014_UKR_POR
2019-10-14,UKR,POR,UKR,Andriy Yarmolenko,27.0,False,False,20191014_UKR_POR
2019-10-14,UKR,POR,POR,Cristiano Ronaldo,72.0,False,True,20191014_UKR_POR
2019-10-15,BHR,IRN,BHR,Mohammed Al-Hardan,65.0,False,True,20191015_BHR_IRN
2019-10-15,CAM,IRQ,IRQ,Ibrahim Bayesh,22.0,False,False,20191015_CAM_IRQ
2019-10-15,CAM,IRQ,IRQ,Mohanad Ali,41.0,False,False,20191015_CAM_IRQ
2019-10-15,CAM,IRQ,IRQ,Amjad Attwan,57.0,False,False,20191015_CAM_IRQ
2019-10-15,CAM,IRQ,IRQ,Ahmad Ibrahim Khalaf,62.0,False,False,20191015_CAM_IRQ
2019-10-15,FRO,MLT,FRO,Rógvi Baldvinsson,71.0,False,False,20191015_FRO_MLT
2019-10-15,FIN,ARM,FIN,Fredrik Jensen,31.0,False,False,20191015_FIN_ARM
2019-10-15,FIN,ARM,FIN,Teemu Pukki,61.0,False,False,20191015_FIN_ARM
2019-10-15,FIN,ARM,FIN,Teemu Pukki,88.0,False,False,20191015_FIN_ARM
2019-10-15,GIB,GEO,GEO,Giorgi Kharaishvili,10.0,False,False,20191015_GIB_GEO
2019-10-15,GIB,GEO,GEO,Jaba Kankava,21.0,False,False,20191015_GIB_GEO
2019-10-15,GIB,GEO,GIB,Lee Casciaro,66.0,False,False,20191015_GIB_GEO
2019-10-15,GIB,GEO,GIB,Roy Chipolina,74.0,False,False,20191015_GIB_GEO
2019-10-15,GIB,GEO,GEO,Giorgi Kvilitaia,84.0,False,False,20191015_GIB_GEO
2019-10-15,GRE,BIH,GRE,Vangelis Pavlidis,30.0,False,False,20191015_GRE_BIH
2019-10-15,GRE,BIH,BIH,Amer Gojak,35.0,False,False,20191015_GRE_BIH
2019-10-15,GRE,BIH,GRE,Adnan Kovačević,88.0,True,False,20191015_GRE_BIH
2019-10-15,IND,BAN,BAN,Saad Uddin,42.0,False,False,20191015_IND_BAN
2019-10-15,IND,BAN,IND,Adil Khan,88.0,False,False,20191015_IND_BAN
2019-10-15,IDN,VIE,VIE,Đỗ Duy Mạnh,26.0,False,False,20191015_IDN_VIE
2019-10-15,IDN,VIE,VIE,Quế Ngọc Hải,55.0,False,True,20191015_IDN_VIE
2019-10-15,IDN,VIE,VIE,Nguyễn Tiến Linh,61.0,False,False,20191015_IDN_VIE
2019-10-15,IDN,VIE,IDN,Irfan Bachdim,84.0,False,False,20191015_IDN_VIE
2019-10-15,ISR,LVA,ISR,Mu'nas Dabbur,16.0,False,False,20191015_ISR_LVA
2019-10-15,ISR,LVA,ISR,Eran Zahavi,26.0,False,False,20191015_ISR_LVA
2019-10-15,ISR,LVA,LVA,Vladimirs Kamešs,40.0,False,False,20191015_ISR_LVA
2019-10-15,ISR,LVA,ISR,Mu'nas Dabbur,42.0,False,False,20191015_ISR_LVA
2019-10-15,JOR,NEP,JOR,Feras Shelbaieh,56.0,False,True,20191015_JOR_NEP
2019-10-15,JOR,NEP,JOR,Ahmad Ersan,78.0,False,False,20191015_JOR_NEP
2019-10-15,JOR,NEP,JOR,Baha' Faisal,88.0,False,False,20191015_JOR_NEP
2019-10-15,LIE,ITA,ITA,Federico Bernardeschi,2.0,False,False,20191015_LIE_ITA
2019-10-15,LIE,ITA,ITA,Andrea Belotti,70.0,False,False,20191015_LIE_ITA
2019-10-15,LIE,ITA,ITA,Alessio Romagnoli,77.0,False,False,20191015_LIE_ITA
2019-10-15,LIE,ITA,ITA,Stephan El Shaarawy,82.0,False,False,20191015_LIE_ITA
2019-10-15,LIE,ITA,ITA,Andrea Belotti,90.0,False,False,20191015_LIE_ITA
2019-10-15,Mongolia,KGZ,KGZ,Gulzhigit Alykulov,13.0,False,False,20191015_Mongolia_KGZ
2019-10-15,Mongolia,KGZ,KGZ,Mirlan Murzaev,42.0,False,False,20191015_Mongolia_KGZ
2019-10-15,Mongolia,KGZ,Mongolia,Norjmoogiin Tsedenbal,57.0,False,True,20191015_Mongolia_KGZ
2019-10-15,QAT,OMA,QAT,Akram Afif,2.0,False,False,20191015_QAT_OMA
2019-10-15,QAT,OMA,OMA,Rabia Al-Alawi,63.0,False,False,20191015_QAT_OMA
2019-10-15,QAT,OMA,QAT,Almoez Ali,71.0,False,False,20191015_QAT_OMA
2019-10-15,ROU,NOR,ROU,Alexandru Mitriță,62.0,False,False,20191015_ROU_NOR
2019-10-15,ROU,NOR,NOR,Alexander Sørloth,90.0,False,False,20191015_ROU_NOR
2019-10-15,SGP,UZB,UZB,Odil Ahmedov,15.0,False,False,20191015_SGP_UZB
2019-10-15,SGP,UZB,SGP,Ikhsan Fandi,45.0,False,False,20191015_SGP_UZB
2019-10-15,SGP,UZB,UZB,Eldor Shomurodov,51.0,False,False,20191015_SGP_UZB
2019-10-15,SGP,UZB,UZB,Eldor Shomurodov,90.0,False,False,20191015_SGP_UZB
2019-10-15,SRI,LIB,LIB,Hassan Maatouk,15.0,False,True,20191015_SRI_LIB
2019-10-15,SRI,LIB,LIB,Hilal El-Helwe,38.0,False,True,20191015_SRI_LIB
2019-10-15,SRI,LIB,LIB,Hilal El-Helwe,81.0,False,False,20191015_SRI_LIB
2019-10-15,SWE,ESP,SWE,Marcus Berg,50.0,False,False,20191015_SWE_ESP
2019-10-15,SWE,ESP,ESP,Rodrigo,90.0,False,False,20191015_SWE_ESP
2019-10-15,SUI,IRL,SUI,Haris Seferovic,16.0,False,False,20191015_SUI_IRL
2019-10-15,SUI,IRL,SUI,Edimilson Fernandes,90.0,False,False,20191015_SUI_IRL
2019-10-15,SYR,GUM,SYR,Omar Al Somah,3.0,False,False,20191015_SYR_GUM
2019-10-15,SYR,GUM,SYR,Omar Al Somah,44.0,False,False,20191015_SYR_GUM
2019-10-15,SYR,GUM,SYR,Omar Al Somah,83.0,False,False,20191015_SYR_GUM
2019-10-15,SYR,GUM,SYR,Mahmoud Al-Mawas,90.0,False,False,20191015_SYR_GUM
2019-10-15,TPE,AUS,AUS,Adam Taggart,12.0,False,False,20191015_TPE_AUS
2019-10-15,TPE,AUS,AUS,Adam Taggart,19.0,False,False,20191015_TPE_AUS
2019-10-15,TPE,AUS,TPE,Chen Yi-wei,21.0,False,False,20191015_TPE_AUS
2019-10-15,TPE,AUS,AUS,Jackson Irvine,34.0,False,False,20191015_TPE_AUS
2019-10-15,TPE,AUS,AUS,Jackson Irvine,37.0,False,False,20191015_TPE_AUS
2019-10-15,TPE,AUS,AUS,Harry Souttar,73.0,False,False,20191015_TPE_AUS
2019-10-15,TPE,AUS,AUS,Jamie Maclaren,84.0,False,False,20191015_TPE_AUS
2019-10-15,TPE,AUS,AUS,Harry Souttar,89.0,False,False,20191015_TPE_AUS
2019-10-15,TJK,JPN,JPN,Takumi Minamino,53.0,False,False,20191015_TJK_JPN
2019-10-15,TJK,JPN,JPN,Takumi Minamino,55.0,False,False,20191015_TJK_JPN
2019-10-15,TJK,JPN,JPN,Takuma Asano,82.0,False,False,20191015_TJK_JPN
2019-10-15,THA,UAE,THA,Teerasil Dangda,26.0,False,False,20191015_THA_UAE
2019-10-15,THA,UAE,UAE,Ali Mabkhout,45.0,False,False,20191015_THA_UAE
2019-10-15,THA,UAE,THA,Ekanit Panya,51.0,False,False,20191015_THA_UAE
2019-11-14,AFG,IND,AFG,Zelfy Nazary,45.0,False,False,20191114_AFG_IND
2019-11-14,AFG,IND,IND,Seiminlen Doungel,90.0,False,False,20191114_AFG_IND
2019-11-14,ALB,AND,ALB,Bekim Balaj,6.0,False,False,20191114_ALB_AND
2019-11-14,ALB,AND,AND,Cristian Martínez,18.0,False,False,20191114_ALB_AND
2019-11-14,ALB,AND,AND,Cristian Martínez,48.0,False,False,20191114_ALB_AND
2019-11-14,ALB,AND,ALB,Rey Manaj,55.0,False,False,20191114_ALB_AND
2019-11-14,CZE,KVX,KVX,Atdhe Nuhiu,50.0,False,False,20191114_CZE_KVX
2019-11-14,CZE,KVX,CZE,Alex Král,71.0,False,False,20191114_CZE_KVX
2019-11-14,CZE,KVX,CZE,Ondřej Čelůstka,79.0,False,False,20191114_CZE_KVX
2019-11-14,ENG,MNE,ENG,Alex Oxlade-Chamberlain,11.0,False,False,20191114_ENG_MNE
2019-11-14,ENG,MNE,ENG,Harry Kane,19.0,False,False,20191114_ENG_MNE
2019-11-14,ENG,MNE,ENG,Harry Kane,24.0,False,False,20191114_ENG_MNE
2019-11-14,ENG,MNE,ENG,Marcus Rashford,30.0,False,False,20191114_ENG_MNE
2019-11-14,ENG,MNE,ENG,Harry Kane,37.0,False,False,20191114_ENG_MNE
2019-11-14,ENG,MNE,ENG,Aleksandar Šofranac,66.0,True,False,20191114_ENG_MNE
2019-11-14,ENG,MNE,ENG,Tammy Abraham,84.0,False,False,20191114_ENG_MNE
2019-11-14,FRA,MDA,MDA,Vadim Rață,9.0,False,False,20191114_FRA_MDA
2019-11-14,FRA,MDA,FRA,Raphaël Varane,35.0,False,False,20191114_FRA_MDA
2019-11-14,FRA,MDA,FRA,Olivier Giroud,79.0,False,True,20191114_FRA_MDA
2019-11-14,IRQ,IRN,IRQ,Mohanad Ali,11.0,False,False,20191114_IRQ_IRN
2019-11-14,IRQ,IRN,IRN,Ahmad Nourollahi,25.0,False,False,20191114_IRQ_IRN
2019-11-14,IRQ,IRN,IRQ,Alaa Abbas,90.0,False,False,20191114_IRQ_IRN
2019-11-14,JOR,AUS,AUS,Adam Taggart,13.0,False,False,20191114_JOR_AUS
2019-11-14,KUW,TPE,KUW,Yousef Nasser,22.0,False,False,20191114_KUW_TPE
2019-11-14,KUW,TPE,KUW,Fahad Al Ansari,42.0,False,False,20191114_KUW_TPE
2019-11-14,KUW,TPE,KUW,Mobarak Al-Faneeni,49.0,False,False,20191114_KUW_TPE
2019-11-14,KUW,TPE,KUW,Bader Al-Mutawa,55.0,False,False,20191114_KUW_TPE
2019-11-14,KUW,TPE,KUW,Yousef Nasser,59.0,False,False,20191114_KUW_TPE
2019-11-14,KUW,TPE,KUW,Faisal Zayid,62.0,False,False,20191114_KUW_TPE
2019-11-14,KUW,TPE,KUW,Shabib Al-Khaldi,73.0,False,False,20191114_KUW_TPE
2019-11-14,KUW,TPE,KUW,Chen Wei-chuan,77.0,True,False,20191114_KUW_TPE
2019-11-14,KUW,TPE,KUW,Faisal Ajab Al-Azemi,81.0,False,False,20191114_KUW_TPE
2019-11-14,KGZ,JPN,JPN,Takumi Minamino,41.0,False,True,20191114_KGZ_JPN
2019-11-14,KGZ,JPN,JPN,Genki Haraguchi,54.0,False,False,20191114_KGZ_JPN
2019-11-14,MAS,THA,THA,Chanathip Songkrasin,7.0,False,False,20191114_MAS_THA
2019-11-14,MAS,THA,MAS,Brendan Gan,26.0,False,False,20191114_MAS_THA
2019-11-14,MAS,THA,MAS,Mohamadou Sumareh,57.0,False,False,20191114_MAS_THA
2019-11-14,MDV,PHI,PHI,Iain Ramsay,52.0,False,False,20191114_MDV_PHI
2019-11-14,MDV,PHI,PHI,John-Patrick Strauß,68.0,False,False,20191114_MDV_PHI
2019-11-14,MDV,PHI,MDV,Naiz Hassan,90.0,False,False,20191114_MDV_PHI
2019-11-14,MYA,TJK,MYA,Suan Lam Mang,10.0,False,False,20191114_MYA_TJK
2019-11-14,MYA,TJK,TJK,Manuchekhr Dzhalilov,36.0,False,True,20191114_MYA_TJK
2019-11-14,MYA,TJK,MYA,Suan Lam Mang,41.0,False,False,20191114_MYA_TJK
2019-11-14,MYA,TJK,MYA,Aung Thu,48.0,False,False,20191114_MYA_TJK
2019-11-14,MYA,TJK,TJK,Farkhod Vosiyev,57.0,False,False,20191114_MYA_TJK
2019-11-14,MYA,TJK,MYA,Maung Maung Lwin,63.0,False,False,20191114_MYA_TJK
2019-11-14,MYA,TJK,TJK,Manuchekhr Dzhalilov,76.0,False,False,20191114_MYA_TJK
2019-11-14,OMA,BAN,OMA,Mohsin Al-Khaldi,48.0,False,False,20191114_OMA_BAN
2019-11-14,OMA,BAN,OMA,Rabia Al-Alawi,68.0,False,False,20191114_OMA_BAN
2019-11-14,OMA,BAN,OMA,Arshad Al-Alawi,78.0,False,False,20191114_OMA_BAN
2019-11-14,OMA,BAN,BAN,Biplu Ahmed,81.0,False,False,20191114_OMA_BAN
2019-11-14,OMA,BAN,OMA,Amran Al-Hidi,90.0,False,False,20191114_OMA_BAN
2019-11-14,POR,LTU,POR,Cristiano Ronaldo,7.0,False,True,20191114_POR_LTU
2019-11-14,POR,LTU,POR,Cristiano Ronaldo,22.0,False,False,20191114_POR_LTU
2019-11-14,POR,LTU,POR,Pizzi,52.0,False,False,20191114_POR_LTU
2019-11-14,POR,LTU,POR,Gonçalo Paciência,56.0,False,False,20191114_POR_LTU
2019-11-14,POR,LTU,POR,Bernardo Silva,63.0,False,False,20191114_POR_LTU
2019-11-14,POR,LTU,POR,Cristiano Ronaldo,65.0,False,False,20191114_POR_LTU
2019-11-14,SRB,LUX,SRB,Aleksandar Mitrović,11.0,False,False,20191114_SRB_LUX
2019-11-14,SRB,LUX,SRB,Aleksandar Mitrović,43.0,False,False,20191114_SRB_LUX
2019-11-14,SRB,LUX,LUX,Gerson Rodrigues,54.0,False,False,20191114_SRB_LUX
2019-11-14,SRB,LUX,SRB,Nemanja Radonjić,70.0,False,False,20191114_SRB_LUX
2019-11-14,SRB,LUX,LUX,David Turpel,75.0,False,False,20191114_SRB_LUX
2019-11-14,SYR,CHN,SYR,Osama Omari,19.0,False,False,20191114_SYR_CHN
2019-11-14,SYR,CHN,CHN,Wu Lei,30.0,False,False,20191114_SYR_CHN
2019-11-14,SYR,CHN,SYR,Zhang Linpeng,76.0,True,False,20191114_SYR_CHN
2019-11-14,TKM,PRK,TKM,Mihail Titow,23.0,False,False,20191114_TKM_PRK
2019-11-14,TKM,PRK,TKM,Arslanmyrat Amanow,73.0,False,False,20191114_TKM_PRK
2019-11-14,TKM,PRK,TKM,Wahyt Orazsähedow,88.0,False,False,20191114_TKM_PRK
2019-11-14,TKM,PRK,PRK,Han Kwang-song,90.0,False,False,20191114_TKM_PRK
2019-11-14,UZB,KSA,UZB,Eldor Shomurodov,16.0,False,False,20191114_UZB_KSA
2019-11-14,UZB,KSA,KSA,Salman Al-Faraj,23.0,False,True,20191114_UZB_KSA
2019-11-14,UZB,KSA,UZB,Otabek Shukurov,56.0,False,True,20191114_UZB_KSA
2019-11-14,UZB,KSA,KSA,Salman Al-Faraj,85.0,False,False,20191114_UZB_KSA
2019-11-14,UZB,KSA,KSA,Salem Al-Dawsari,89.0,False,False,20191114_UZB_KSA
2019-11-14,VIE,UAE,VIE,Nguyễn Tiến Linh,44.0,False,False,20191114_VIE_UAE
2019-11-14,YEM,PLE,YEM,Omar Al-Dahi,54.0,False,False,20191114_YEM_PLE
2019-11-15,ARM,GRE,GRE,Dimitrios Limnios,35.0,False,False,20191115_ARM_GRE
2019-11-15,BIH,ITA,ITA,Francesco Acerbi,21.0,False,False,20191115_BIH_ITA
2019-11-15,BIH,ITA,ITA,Lorenzo Insigne,37.0,False,False,20191115_BIH_ITA
2019-11-15,BIH,ITA,ITA,Andrea Belotti,52.0,False,False,20191115_BIH_ITA
2019-11-15,DEN,GIB,DEN,Robert Skov,12.0,False,False,20191115_DEN_GIB
2019-11-15,DEN,GIB,DEN,Christian Gytkjær,47.0,False,False,20191115_DEN_GIB
2019-11-15,DEN,GIB,DEN,Martin Braithwaite,51.0,False,False,20191115_DEN_GIB
2019-11-15,DEN,GIB,DEN,Robert Skov,64.0,False,False,20191115_DEN_GIB
2019-11-15,DEN,GIB,DEN,Christian Eriksen,85.0,False,False,20191115_DEN_GIB
2019-11-15,DEN,GIB,DEN,Christian Eriksen,90.0,False,False,20191115_DEN_GIB
2019-11-15,FIN,LIE,FIN,Jasse Tuominen,21.0,False,False,20191115_FIN_LIE
2019-11-15,FIN,LIE,FIN,Teemu Pukki,64.0,False,True,20191115_FIN_LIE
2019-11-15,FIN,LIE,FIN,Teemu Pukki,75.0,False,False,20191115_FIN_LIE
2019-11-15,NOR,FRO,NOR,Tore Reginiussen,4.0,False,False,20191115_NOR_FRO
2019-11-15,NOR,FRO,NOR,Iver Fossum,8.0,False,False,20191115_NOR_FRO
2019-11-15,NOR,FRO,NOR,Alexander Sørloth,62.0,False,False,20191115_NOR_FRO
2019-11-15,NOR,FRO,NOR,Alexander Sørloth,65.0,False,False,20191115_NOR_FRO
2019-11-15,ROU,SWE,SWE,Marcus Berg,18.0,False,False,20191115_ROU_SWE
2019-11-15,ROU,SWE,SWE,Robin Quaison,34.0,False,False,20191115_ROU_SWE
2019-11-15,ESP,MLT,ESP,Álvaro Morata,23.0,False,False,20191115_ESP_MLT
2019-11-15,ESP,MLT,ESP,Santi Cazorla,41.0,False,False,20191115_ESP_MLT
2019-11-15,ESP,MLT,ESP,Pau Torres,62.0,False,False,20191115_ESP_MLT
2019-11-15,ESP,MLT,ESP,Pablo Sarabia,63.0,False,False,20191115_ESP_MLT
2019-11-15,ESP,MLT,ESP,Dani Olmo,69.0,False,False,20191115_ESP_MLT
2019-11-15,ESP,MLT,ESP,Gerard Moreno,71.0,False,False,20191115_ESP_MLT
2019-11-15,ESP,MLT,ESP,Jesús Navas,85.0,False,False,20191115_ESP_MLT
2019-11-15,SUI,GEO,SUI,Cedric Itten,77.0,False,False,20191115_SUI_GEO
2019-11-16,AUT,MKD,AUT,David Alaba,7.0,False,False,20191116_AUT_MKD
2019-11-16,AUT,MKD,AUT,Stefan Lainer,48.0,False,False,20191116_AUT_MKD
2019-11-16,AUT,MKD,MKD,Vlatko Stojanovski,90.0,False,False,20191116_AUT_MKD
2019-11-16,AZE,WAL,WAL,Kieffer Moore,10.0,False,False,20191116_AZE_WAL
2019-11-16,AZE,WAL,WAL,Harry Wilson,34.0,False,False,20191116_AZE_WAL
2019-11-16,CRO,SVK,SVK,Róbert Boženík,32.0,False,False,20191116_CRO_SVK
2019-11-16,CRO,SVK,CRO,Nikola Vlašić,56.0,False,False,20191116_CRO_SVK
2019-11-16,CRO,SVK,CRO,Bruno Petković,60.0,False,False,20191116_CRO_SVK
2019-11-16,CRO,SVK,CRO,Ivan Perišić,74.0,False,False,20191116_CRO_SVK
2019-11-16,CYP,SCO,SCO,Ryan Christie,12.0,False,False,20191116_CYP_SCO
2019-11-16,CYP,SCO,CYP,Georgios Efrem,47.0,False,False,20191116_CYP_SCO
2019-11-16,CYP,SCO,SCO,John McGinn,53.0,False,False,20191116_CYP_SCO
2019-11-16,GER,BLR,GER,Matthias Ginter,41.0,False,False,20191116_GER_BLR
2019-11-16,GER,BLR,GER,Leon Goretzka,49.0,False,False,20191116_GER_BLR
2019-11-16,GER,BLR,GER,Toni Kroos,55.0,False,False,20191116_GER_BLR
2019-11-16,GER,BLR,GER,Toni Kroos,83.0,False,False,20191116_GER_BLR
2019-11-16,ISR,POL,POL,Grzegorz Krychowiak,4.0,False,False,20191116_ISR_POL
2019-11-16,ISR,POL,POL,Krzysztof Piątek,54.0,False,False,20191116_ISR_POL
2019-11-16,ISR,POL,ISR,Mu'nas Dabbur,88.0,False,False,20191116_ISR_POL
2019-11-16,RUS,BEL,BEL,Thorgan Hazard,19.0,False,False,20191116_RUS_BEL
2019-11-16,RUS,BEL,BEL,Eden Hazard,33.0,False,False,20191116_RUS_BEL
2019-11-16,RUS,BEL,BEL,Eden Hazard,40.0,False,False,20191116_RUS_BEL
2019-11-16,RUS,BEL,BEL,Romelu Lukaku,72.0,False,False,20191116_RUS_BEL
2019-11-16,RUS,BEL,RUS,Georgi Dzhikiya,79.0,False,False,20191116_RUS_BEL
2019-11-16,SMR,KAZ,KAZ,Bakhtiyar Zaynutdinov,6.0,False,False,20191116_SMR_KAZ
2019-11-16,SMR,KAZ,KAZ,Gafurzhan Suyumbayev,22.0,False,False,20191116_SMR_KAZ
2019-11-16,SMR,KAZ,KAZ,Aleksey Shchotkin,26.0,False,False,20191116_SMR_KAZ
2019-11-16,SMR,KAZ,SMR,Filippo Berardi,77.0,False,False,20191116_SMR_KAZ
2019-11-16,SVN,LVA,SVN,Igors Tarasovs,53.0,True,False,20191116_SVN_LVA
2019-11-17,ALB,FRA,FRA,Corentin Tolisso,9.0,False,False,20191117_ALB_FRA
2019-11-17,ALB,FRA,FRA,Antoine Griezmann,30.0,False,False,20191117_ALB_FRA
2019-11-17,AND,TUR,TUR,Enes Ünal,17.0,False,False,20191117_AND_TUR
2019-11-17,AND,TUR,TUR,Enes Ünal,21.0,False,True,20191117_AND_TUR
2019-11-17,BUL,CZE,BUL,Vasil Bozhikov,56.0,False,False,20191117_BUL_CZE
2019-11-17,KVX,ENG,ENG,Harry Winks,32.0,False,False,20191117_KVX_ENG
2019-11-17,KVX,ENG,ENG,Harry Kane,79.0,False,False,20191117_KVX_ENG
2019-11-17,KVX,ENG,ENG,Marcus Rashford,83.0,False,False,20191117_KVX_ENG
2019-11-17,KVX,ENG,ENG,Mason Mount,90.0,False,False,20191117_KVX_ENG
2019-11-17,LUX,POR,POR,Bruno Fernandes,39.0,False,False,20191117_LUX_POR
2019-11-17,LUX,POR,POR,Cristiano Ronaldo,86.0,False,False,20191117_LUX_POR
2019-11-17,MDA,ISL,ISL,Birkir Bjarnason,17.0,False,False,20191117_MDA_ISL
2019-11-17,MDA,ISL,MDA,Nicolae Milinceanu,56.0,False,False,20191117_MDA_ISL
2019-11-17,MDA,ISL,ISL,Gylfi Sigurðsson,65.0,False,False,20191117_MDA_ISL
2019-11-17,SRB,UKR,SRB,Dušan Tadić,9.0,False,True,20191117_SRB_UKR
2019-11-17,SRB,UKR,UKR,Roman Yaremchuk,32.0,False,False,20191117_SRB_UKR
2019-11-17,SRB,UKR,SRB,Aleksandar Mitrović,56.0,False,False,20191117_SRB_UKR
2019-11-17,SRB,UKR,UKR,Artem Besyedin,90.0,False,False,20191117_SRB_UKR
2019-11-18,GIB,SUI,SUI,Cedric Itten,10.0,False,False,20191118_GIB_SUI
2019-11-18,GIB,SUI,SUI,Ruben Vargas,50.0,False,False,20191118_GIB_SUI
2019-11-18,GIB,SUI,SUI,Christian Fassnacht,57.0,False,False,20191118_GIB_SUI
2019-11-18,GIB,SUI,GIB,Reece Styche,74.0,False,False,20191118_GIB_SUI
2019-11-18,GIB,SUI,SUI,Loris Benito,75.0,False,False,20191118_GIB_SUI
2019-11-18,GIB,SUI,SUI,Cedric Itten,84.0,False,False,20191118_GIB_SUI
2019-11-18,GIB,SUI,SUI,Granit Xhaka,86.0,False,False,20191118_GIB_SUI
2019-11-18,GRE,FIN,FIN,Teemu Pukki,27.0,False,False,20191118_GRE_FIN
2019-11-18,GRE,FIN,GRE,Petros Mantalos,47.0,False,False,20191118_GRE_FIN
2019-11-18,GRE,FIN,GRE,Konstantinos Galanopoulos,70.0,False,False,20191118_GRE_FIN
2019-11-18,ITA,ARM,ITA,Ciro Immobile,8.0,False,False,20191118_ITA_ARM
2019-11-18,ITA,ARM,ITA,Nicolò Zaniolo,9.0,False,False,20191118_ITA_ARM
2019-11-18,ITA,ARM,ITA,Nicolò Barella,29.0,False,False,20191118_ITA_ARM
2019-11-18,ITA,ARM,ITA,Ciro Immobile,33.0,False,False,20191118_ITA_ARM
2019-11-18,ITA,ARM,ITA,Nicolò Zaniolo,64.0,False,False,20191118_ITA_ARM
2019-11-18,ITA,ARM,ITA,Alessio Romagnoli,72.0,False,False,20191118_ITA_ARM
2019-11-18,ITA,ARM,ITA,Jorginho,75.0,False,True,20191118_ITA_ARM
2019-11-18,ITA,ARM,ITA,Riccardo Orsolini,78.0,False,False,20191118_ITA_ARM
2019-11-18,ITA,ARM,ARM,Edgar Babayan,79.0,False,False,20191118_ITA_ARM
2019-11-18,ITA,ARM,ITA,Federico Chiesa,81.0,False,False,20191118_ITA_ARM
2019-11-18,LIE,BIH,BIH,Eldar Ćivić,57.0,False,False,20191118_LIE_BIH
2019-11-18,LIE,BIH,BIH,Armin Hodžić,64.0,False,False,20191118_LIE_BIH
2019-11-18,LIE,BIH,BIH,Armin Hodžić,72.0,False,False,20191118_LIE_BIH
2019-11-18,MLT,NOR,NOR,Joshua King,7.0,False,False,20191118_MLT_NOR
2019-11-18,MLT,NOR,MLT,Paul Fenech,40.0,False,False,20191118_MLT_NOR
2019-11-18,MLT,NOR,NOR,Alexander Sørloth,62.0,False,False,20191118_MLT_NOR
2019-11-18,IRL,DEN,DEN,Martin Braithwaite,73.0,False,False,20191118_IRL_DEN
2019-11-18,IRL,DEN,IRL,Matt Doherty,85.0,False,False,20191118_IRL_DEN
2019-11-18,ESP,ROU,ESP,Fabián Ruiz,8.0,False,False,20191118_ESP_ROU
2019-11-18,ESP,ROU,ESP,Gerard Moreno,33.0,False,False,20191118_ESP_ROU
2019-11-18,ESP,ROU,ESP,Gerard Moreno,43.0,False,False,20191118_ESP_ROU
2019-11-18,ESP,ROU,ESP,Adrian Rus,45.0,True,False,20191118_ESP_ROU
2019-11-18,ESP,ROU,ESP,Mikel Oyarzabal,90.0,False,False,20191118_ESP_ROU
2019-11-18,SWE,FRO,SWE,Sebastian Andersson,29.0,False,False,20191118_SWE_FRO
2019-11-18,SWE,FRO,SWE,Mattias Svanberg,72.0,False,False,20191118_SWE_FRO
2019-11-18,SWE,FRO,SWE,John Guidetti,80.0,False,False,20191118_SWE_FRO
2019-11-19,AFG,QAT,QAT,Akram Afif,76.0,False,True,20191119_AFG_QAT
2019-11-19,BEL,CYP,CYP,Nicholas Ioannou,14.0,False,False,20191119_BEL_CYP
2019-11-19,BEL,CYP,BEL,Christian Benteke,16.0,False,False,20191119_BEL_CYP
2019-11-19,BEL,CYP,BEL,Kevin De Bruyne,36.0,False,False,20191119_BEL_CYP
2019-11-19,BEL,CYP,BEL,Kevin De Bruyne,41.0,False,False,20191119_BEL_CYP
2019-11-19,BEL,CYP,BEL,Yannick Carrasco,44.0,False,False,20191119_BEL_CYP
2019-11-19,BEL,CYP,BEL,Kypros Christoforou,51.0,True,False,20191119_BEL_CYP
2019-11-19,BEL,CYP,BEL,Christian Benteke,68.0,False,False,20191119_BEL_CYP
2019-11-19,GER,NIR,NIR,Michael Smith,7.0,False,False,20191119_GER_NIR
2019-11-19,GER,NIR,GER,Serge Gnabry,19.0,False,False,20191119_GER_NIR
2019-11-19,GER,NIR,GER,Leon Goretzka,43.0,False,False,20191119_GER_NIR
2019-11-19,GER,NIR,GER,Serge Gnabry,47.0,False,False,20191119_GER_NIR
2019-11-19,GER,NIR,GER,Serge Gnabry,60.0,False,False,20191119_GER_NIR
2019-11-19,GER,NIR,GER,Leon Goretzka,73.0,False,False,20191119_GER_NIR
2019-11-19,GER,NIR,GER,Julian Brandt,90.0,False,False,20191119_GER_NIR
2019-11-19,HKG,CAM,HKG,James Ha,20.0,False,False,20191119_HKG_CAM
2019-11-19,HKG,CAM,HKG,Roberto Orlando Affonso Júnior,83.0,False,False,20191119_HKG_CAM
2019-11-19,JOR,TPE,JOR,Baha' Faisal,4.0,False,False,20191119_JOR_TPE
2019-11-19,JOR,TPE,JOR,Ahmad Ersan,25.0,False,False,20191119_JOR_TPE
2019-11-19,JOR,TPE,JOR,Salem Al-Ajalin,43.0,False,False,20191119_JOR_TPE
2019-11-19,JOR,TPE,JOR,Hamza Al-Dardour,62.0,False,False,20191119_JOR_TPE
2019-11-19,JOR,TPE,JOR,Baha' Faisal,75.0,False,False,20191119_JOR_TPE
2019-11-19,KGZ,TJK,TJK,Jahongir Ergashev,17.0,False,False,20191119_KGZ_TJK
2019-11-19,KGZ,TJK,KGZ,Tamirlan Kozubaev,83.0,False,False,20191119_KGZ_TJK
2019-11-19,LVA,AUT,LVA,Mārcis Ošs,65.0,False,False,20191119_LVA_AUT
2019-11-19,MAS,IDN,MAS,Safawi Rasid,30.0,False,False,20191119_MAS_IDN
2019-11-19,MAS,IDN,MAS,Safawi Rasid,73.0,False,False,20191119_MAS_IDN
2019-11-19,MDV,GUM,MDV,Ali Samooh,23.0,False,False,20191119_MDV_GUM
2019-11-19,MDV,GUM,MDV,Travis Nicklaw,38.0,True,False,20191119_MDV_GUM
2019-11-19,MDV,GUM,GUM,John Matkin,49.0,False,False,20191119_MDV_GUM
2019-11-19,MDV,GUM,MDV,Ali Ashfaq,90.0,False,False,20191119_MDV_GUM
2019-11-19,MYA,Mongolia,MYA,Hlaing Bo Bo,17.0,False,False,20191119_MYA_Mongolia
2019-11-19,NEP,KUW,KUW,Bader Al-Mutawa,28.0,False,False,20191119_NEP_KUW
2019-11-19,NED,EST,NED,Georginio Wijnaldum,6.0,False,False,20191119_NED_EST
2019-11-19,NED,EST,NED,Nathan Aké,19.0,False,False,20191119_NED_EST
2019-11-19,NED,EST,NED,Georginio Wijnaldum,66.0,False,False,20191119_NED_EST
2019-11-19,NED,EST,NED,Georginio Wijnaldum,79.0,False,False,20191119_NED_EST
2019-11-19,NED,EST,NED,Myron Boadu,87.0,False,False,20191119_NED_EST
2019-11-19,MKD,ISR,MKD,Boban Nikolov,45.0,False,False,20191119_MKD_ISR
2019-11-19,OMA,IND,OMA,Muhsen Al-Ghassani,33.0,False,False,20191119_OMA_IND
2019-11-19,POL,SVN,POL,Sebastian Szymański,3.0,False,False,20191119_POL_SVN
2019-11-19,POL,SVN,SVN,Tim Matavž,14.0,False,False,20191119_POL_SVN
2019-11-19,POL,SVN,POL,Robert Lewandowski,54.0,False,False,20191119_POL_SVN
2019-11-19,POL,SVN,SVN,Josip Iličić,61.0,False,False,20191119_POL_SVN
2019-11-19,POL,SVN,POL,Jacek Góralski,81.0,False,False,20191119_POL_SVN
2019-11-19,SMR,RUS,RUS,Daler Kuzyayev,3.0,False,False,20191119_SMR_RUS
2019-11-19,SMR,RUS,RUS,Sergei Petrov,19.0,False,False,20191119_SMR_RUS
2019-11-19,SMR,RUS,RUS,Aleksei Miranchuk,49.0,False,False,20191119_SMR_RUS
2019-11-19,SMR,RUS,RUS,Aleksei Ionov,56.0,False,False,20191119_SMR_RUS
2019-11-19,SMR,RUS,RUS,Nikolay Komlichenko,78.0,False,False,20191119_SMR_RUS
2019-11-19,SCO,KAZ,KAZ,Bakhtiyar Zaynutdinov,34.0,False,False,20191119_SCO_KAZ
2019-11-19,SCO,KAZ,SCO,John McGinn,48.0,False,False,20191119_SCO_KAZ
2019-11-19,SCO,KAZ,SCO,Steven Naismith,64.0,False,False,20191119_SCO_KAZ
2019-11-19,SCO,KAZ,SCO,John McGinn,90.0,False,False,20191119_SCO_KAZ
2019-11-19,SVK,AZE,SVK,Róbert Boženík,19.0,False,False,20191119_SVK_AZE
2019-11-19,SVK,AZE,SVK,Marek Hamšík,86.0,False,False,20191119_SVK_AZE
2019-11-19,SYR,PHI,SYR,Ward Al Salama,23.0,False,False,20191119_SYR_PHI
2019-11-19,TKM,SRI,TKM,Abdy Bäşimow,44.0,False,False,20191119_TKM_SRI
2019-11-19,TKM,SRI,TKM,Altymyrat Annadurdyýew,59.0,False,False,20191119_TKM_SRI
2019-11-19,UZB,PLE,UZB,Eldor Shomurodov,18.0,False,False,20191119_UZB_PLE
2019-11-19,UZB,PLE,UZB,Eldor Shomurodov,58.0,False,False,20191119_UZB_PLE
2019-11-19,WAL,HUN,WAL,Aaron Ramsey,15.0,False,False,20191119_WAL_HUN
2019-11-19,WAL,HUN,WAL,Aaron Ramsey,47.0,False,False,20191119_WAL_HUN
2019-11-19,YEM,SGP,SGP,Ikhsan Fandi,19.0,False,False,20191119_YEM_SGP
2019-11-19,YEM,SGP,SGP,Hafiz Nor,52.0,False,False,20191119_YEM_SGP
2019-11-19,YEM,SGP,YEM,Nasser Al-Gahwashi,85.0,False,False,20191119_YEM_SGP
2020-09-03,BUL,IRL,BUL,Bozhidar Kraev,56.0,False,False,20200903_BUL_IRL
2020-09-03,BUL,IRL,IRL,Shane Duffy,90.0,False,False,20200903_BUL_IRL
2020-09-03,FRO,MLT,FRO,Klæmint Olsen,25.0,False,False,20200903_FRO_MLT
2020-09-03,FRO,MLT,MLT,Jurgen Degabriele,37.0,False,False,20200903_FRO_MLT
2020-09-03,FRO,MLT,MLT,Andrei Agius,73.0,False,False,20200903_FRO_MLT
2020-09-03,FRO,MLT,FRO,Andreas Olsen,87.0,False,False,20200903_FRO_MLT
2020-09-03,FRO,MLT,FRO,Brandur Hendriksson,90.0,False,False,20200903_FRO_MLT
2020-09-03,FIN,WAL,WAL,Kieffer Moore,80.0,False,False,20200903_FIN_WAL
2020-09-03,GER,ESP,GER,Timo Werner,51.0,False,False,20200903_GER_ESP
2020-09-03,GER,ESP,ESP,José Gayà,90.0,False,False,20200903_GER_ESP
2020-09-03,MDA,KVX,MDA,Ion Nicolaescu,20.0,False,False,20200903_MDA_KVX
2020-09-03,MDA,KVX,KVX,Benjamin Kololli,71.0,False,False,20200903_MDA_KVX
2020-09-03,RUS,SRB,RUS,Artem Dzyuba,48.0,False,True,20200903_RUS_SRB
2020-09-03,RUS,SRB,RUS,Vyacheslav Karavayev,69.0,False,False,20200903_RUS_SRB
2020-09-03,RUS,SRB,SRB,Aleksandar Mitrović,78.0,False,False,20200903_RUS_SRB
2020-09-03,RUS,SRB,RUS,Artem Dzyuba,81.0,False,False,20200903_RUS_SRB
2020-09-03,TUR,HUN,HUN,Dominik Szoboszlai,80.0,False,False,20200903_TUR_HUN
2020-09-03,UKR,SUI,UKR,Andriy Yarmolenko,14.0,False,False,20200903_UKR_SUI
2020-09-03,UKR,SUI,SUI,Haris Seferovic,41.0,False,False,20200903_UKR_SUI
2020-09-03,UKR,SUI,UKR,Oleksandr Zinchenko,68.0,False,False,20200903_UKR_SUI
2020-09-04,BLR,ALB,ALB,Sokol Çikalleshi,23.0,False,False,20200904_BLR_ALB
2020-09-04,BLR,ALB,ALB,Keidi Bare,78.0,False,False,20200904_BLR_ALB
2020-09-04,ITA,BIH,BIH,Edin Džeko,57.0,False,False,20200904_ITA_BIH
2020-09-04,ITA,BIH,ITA,Stefano Sensi,67.0,False,False,20200904_ITA_BIH
2020-09-04,LTU,KAZ,KAZ,Bakhtiyar Zaynutdinov,3.0,False,False,20200904_LTU_KAZ
2020-09-04,LTU,KAZ,KAZ,Islambek Kuat,86.0,False,False,20200904_LTU_KAZ
2020-09-04,NED,POL,NED,Steven Bergwijn,61.0,False,False,20200904_NED_POL
2020-09-04,NOR,AUT,AUT,Michael Gregoritsch,35.0,False,False,20200904_NOR_AUT
2020-09-04,NOR,AUT,AUT,Marcel Sabitzer,54.0,False,True,20200904_NOR_AUT
2020-09-04,NOR,AUT,NOR,Erling Haaland,66.0,False,False,20200904_NOR_AUT
2020-09-04,ROU,NIR,ROU,George Pușcaș,25.0,False,False,20200904_ROU_NIR
2020-09-04,ROU,NIR,NIR,Gavin Whyte,86.0,False,False,20200904_ROU_NIR
2020-09-04,SCO,ISR,SCO,Ryan Christie,45.0,False,True,20200904_SCO_ISR
2020-09-04,SCO,ISR,ISR,Eran Zahavi,73.0,False,False,20200904_SCO_ISR
2020-09-04,SVK,CZE,CZE,Vladimír Coufal,48.0,False,False,20200904_SVK_CZE
2020-09-04,SVK,CZE,CZE,Bořek Dočkal,53.0,False,True,20200904_SVK_CZE
2020-09-04,SVK,CZE,CZE,Michael Krmenčík,86.0,False,False,20200904_SVK_CZE
2020-09-04,SVK,CZE,SVK,Ivan Schranz,88.0,False,False,20200904_SVK_CZE
2020-09-05,AZE,LUX,AZE,Ramil Sheydayev,43.0,False,False,20200905_AZE_LUX
2020-09-05,AZE,LUX,LUX,Anton Kryvotsyuk,48.0,True,False,20200905_AZE_LUX
2020-09-05,AZE,LUX,LUX,Gerson Rodrigues,72.0,False,True,20200905_AZE_LUX
2020-09-05,CYP,MNE,MNE,Stevan Jovetić,60.0,False,False,20200905_CYP_MNE
2020-09-05,CYP,MNE,MNE,Stevan Jovetić,73.0,False,False,20200905_CYP_MNE
2020-09-05,DEN,BEL,BEL,Jason Denayer,9.0,False,False,20200905_DEN_BEL
2020-09-05,DEN,BEL,BEL,Dries Mertens,76.0,False,False,20200905_DEN_BEL
2020-09-05,EST,GEO,GEO,Nika Kacharava,32.0,False,False,20200905_EST_GEO
2020-09-05,GIB,SMR,GIB,Graeme Torrilla,42.0,False,False,20200905_GIB_SMR
2020-09-05,ISL,ENG,ENG,Raheem Sterling,90.0,False,True,20200905_ISL_ENG
2020-09-05,MKD,ARM,MKD,Ezgjan Alioski,5.0,False,True,20200905_MKD_ARM
2020-09-05,MKD,ARM,MKD,Ilija Nestorovski,38.0,False,True,20200905_MKD_ARM
2020-09-05,MKD,ARM,ARM,Tigran Barseghyan,90.0,False,True,20200905_MKD_ARM
2020-09-05,POR,CRO,POR,João Cancelo,41.0,False,False,20200905_POR_CRO
2020-09-05,POR,CRO,POR,Diogo Jota,58.0,False,False,20200905_POR_CRO
2020-09-05,POR,CRO,POR,João Félix,70.0,False,False,20200905_POR_CRO
2020-09-05,POR,CRO,POR,André Silva,90.0,False,False,20200905_POR_CRO
2020-09-05,POR,CRO,CRO,Bruno Petković,90.0,False,False,20200905_POR_CRO
2020-09-05,SWE,FRA,FRA,Kylian Mbappé,41.0,False,False,20200905_SWE_FRA
2020-09-06,AND,FRO,FRO,Klæmint Olsen,31.0,False,False,20200906_AND_FRO
2020-09-06,HUN,RUS,RUS,Anton Miranchuk,15.0,False,False,20200906_HUN_RUS
2020-09-06,HUN,RUS,RUS,Magomed Ozdoyev,34.0,False,False,20200906_HUN_RUS
2020-09-06,HUN,RUS,RUS,Mário Fernandes,46.0,False,False,20200906_HUN_RUS
2020-09-06,HUN,RUS,HUN,Roland Sallai,62.0,False,False,20200906_HUN_RUS
2020-09-06,HUN,RUS,HUN,Nemanja Nikolić,70.0,False,False,20200906_HUN_RUS
2020-09-06,KVX,GRE,GRE,Dimitrios Limnios,2.0,False,False,20200906_KVX_GRE
2020-09-06,KVX,GRE,GRE,Dimitris Siovas,51.0,False,False,20200906_KVX_GRE
2020-09-06,KVX,GRE,KVX,Bernard Berisha,82.0,False,False,20200906_KVX_GRE
2020-09-06,MLT,LVA,MLT,Kyrian Nwoko,15.0,False,False,20200906_MLT_LVA
2020-09-06,MLT,LVA,LVA,Matthew Guillaumier,25.0,True,False,20200906_MLT_LVA
2020-09-06,IRL,FIN,FIN,Fredrik Jensen,64.0,False,False,20200906_IRL_FIN
2020-09-06,SVN,MDA,SVN,Damjan Bohar,28.0,False,False,20200906_SVN_MDA
2020-09-06,ESP,UKR,ESP,Sergio Ramos,3.0,False,True,20200906_ESP_UKR
2020-09-06,ESP,UKR,ESP,Sergio Ramos,29.0,False,False,20200906_ESP_UKR
2020-09-06,ESP,UKR,ESP,Ansu Fati,32.0,False,False,20200906_ESP_UKR
2020-09-06,ESP,UKR,ESP,Ferran Torres,84.0,False,False,20200906_ESP_UKR
2020-09-06,SUI,GER,GER,İlkay Gündoğan,14.0,False,False,20200906_SUI_GER
2020-09-06,SUI,GER,SUI,Silvan Widmer,58.0,False,False,20200906_SUI_GER
2020-09-06,WAL,BUL,WAL,Neco Williams,90.0,False,False,20200906_WAL_BUL
2020-09-07,ALB,LTU,LTU,Donatas Kazlauskas,51.0,False,False,20200907_ALB_LTU
2020-09-07,AUT,ROU,ROU,Denis Alibec,3.0,False,False,20200907_AUT_ROU
2020-09-07,AUT,ROU,AUT,Christoph Baumgartner,17.0,False,False,20200907_AUT_ROU
2020-09-07,AUT,ROU,ROU,Dragoș Grigore,51.0,False,False,20200907_AUT_ROU
2020-09-07,AUT,ROU,ROU,Alexandru Maxim,70.0,False,False,20200907_AUT_ROU
2020-09-07,AUT,ROU,AUT,Karim Onisiwo,81.0,False,False,20200907_AUT_ROU
2020-09-07,BIH,POL,BIH,Haris Hajradinović,24.0,False,True,20200907_BIH_POL
2020-09-07,BIH,POL,POL,Kamil Glik,45.0,False,False,20200907_BIH_POL
2020-09-07,BIH,POL,POL,Kamil Grosicki,67.0,False,False,20200907_BIH_POL
2020-09-07,CZE,SCO,CZE,Jakub Pešek,12.0,False,False,20200907_CZE_SCO
2020-09-07,CZE,SCO,SCO,Lyndon Dykes,27.0,False,False,20200907_CZE_SCO
2020-09-07,CZE,SCO,SCO,Ryan Christie,52.0,False,True,20200907_CZE_SCO
2020-09-07,ISR,SVK,SVK,Michal Ďuriš,14.0,False,False,20200907_ISR_SVK
2020-09-07,ISR,SVK,ISR,Ilay Elmkies,90.0,False,False,20200907_ISR_SVK
2020-09-07,KAZ,BLR,BLR,Maksim Bordachyov,53.0,False,False,20200907_KAZ_BLR
2020-09-07,KAZ,BLR,KAZ,Abat Aymbetov,62.0,False,False,20200907_KAZ_BLR
2020-09-07,KAZ,BLR,BLR,Vitaly Lisakovich,86.0,False,False,20200907_KAZ_BLR
2020-09-07,NED,ITA,ITA,Nicolò Barella,45.0,False,False,20200907_NED_ITA
2020-09-07,NIR,NOR,NOR,Mohamed Elyounoussi,2.0,False,False,20200907_NIR_NOR
2020-09-07,NIR,NOR,NIR,Paddy McNair,6.0,False,False,20200907_NIR_NOR
2020-09-07,NIR,NOR,NOR,Erling Haaland,7.0,False,False,20200907_NIR_NOR
2020-09-07,NIR,NOR,NOR,Alexander Sørloth,19.0,False,False,20200907_NIR_NOR
2020-09-07,NIR,NOR,NOR,Alexander Sørloth,47.0,False,False,20200907_NIR_NOR
2020-09-07,NIR,NOR,NOR,Erling Haaland,58.0,False,False,20200907_NIR_NOR
2020-09-08,ARM,EST,ARM,Aleksandre Karapetian,43.0,False,False,20200908_ARM_EST
2020-09-08,ARM,EST,ARM,Wbeimar Angulo Mosquera,65.0,False,False,20200908_ARM_EST
2020-09-08,BEL,ISL,ISL,Hólmbert Friðjónsson,11.0,False,False,20200908_BEL_ISL
2020-09-08,BEL,ISL,BEL,Axel Witsel,13.0,False,False,20200908_BEL_ISL
2020-09-08,BEL,ISL,BEL,Michy Batshuayi,17.0,False,False,20200908_BEL_ISL
2020-09-08,BEL,ISL,BEL,Dries Mertens,50.0,False,False,20200908_BEL_ISL
2020-09-08,BEL,ISL,BEL,Michy Batshuayi,69.0,False,False,20200908_BEL_ISL
2020-09-08,BEL,ISL,BEL,Jérémy Doku,80.0,False,False,20200908_BEL_ISL
2020-09-08,CYP,AZE,AZE,Maksim Medvedev,29.0,False,False,20200908_CYP_AZE
2020-09-08,FRA,CRO,CRO,Dejan Lovren,17.0,False,False,20200908_FRA_CRO
2020-09-08,FRA,CRO,FRA,Antoine Griezmann,43.0,False,False,20200908_FRA_CRO
2020-09-08,FRA,CRO,FRA,Dominik Livaković,45.0,True,False,20200908_FRA_CRO
2020-09-08,FRA,CRO,CRO,Josip Brekalo,55.0,False,False,20200908_FRA_CRO
2020-09-08,FRA,CRO,FRA,Dayot Upamecano,65.0,False,False,20200908_FRA_CRO
2020-09-08,FRA,CRO,FRA,Olivier Giroud,77.0,False,True,20200908_FRA_CRO
2020-09-08,GEO,MKD,GEO,Tornike Okriashvili,13.0,False,True,20200908_GEO_MKD
2020-09-08,GEO,MKD,MKD,Stefan Ristovski,33.0,False,False,20200908_GEO_MKD
2020-09-08,LUX,MNE,MNE,Fatos Bećiraj,90.0,False,True,20200908_LUX_MNE
2020-09-08,SMR,LIE,LIE,Nicolas Hasler,3.0,False,True,20200908_SMR_LIE
2020-09-08,SMR,LIE,LIE,Yanik Frick,14.0,False,False,20200908_SMR_LIE
2020-09-08,SWE,POR,POR,Cristiano Ronaldo,45.0,False,False,20200908_SWE_POR
2020-09-08,SWE,POR,POR,Cristiano Ronaldo,72.0,False,False,20200908_SWE_POR
2020-10-08,ARG,ECU,ARG,Lionel Messi,13.0,False,True,20201008_ARG_ECU
2020-10-08,BIH,NIR,BIH,Rade Krunić,14.0,False,False,20201008_BIH_NIR
2020-10-08,BIH,NIR,NIR,Niall McGinn,53.0,False,False,20201008_BIH_NIR
2020-10-08,BUL,HUN,HUN,Willi Orbán,17.0,False,False,20201008_BUL_HUN
2020-10-08,BUL,HUN,HUN,Zsolt Kalmár,47.0,False,False,20201008_BUL_HUN
2020-10-08,BUL,HUN,HUN,Nemanja Nikolić,75.0,False,False,20201008_BUL_HUN
2020-10-08,BUL,HUN,BUL,Georgi Yomov,89.0,False,False,20201008_BUL_HUN
2020-10-08,GEO,BLR,GEO,Tornike Okriashvili,7.0,False,True,20201008_GEO_BLR
2020-10-08,ISL,ROU,ISL,Gylfi Sigurðsson,16.0,False,False,20201008_ISL_ROU
2020-10-08,ISL,ROU,ISL,Gylfi Sigurðsson,34.0,False,False,20201008_ISL_ROU
2020-10-08,ISL,ROU,ROU,Alexandru Maxim,63.0,False,True,20201008_ISL_ROU
2020-10-08,MKD,KVX,MKD,Benjamin Kololli,16.0,True,False,20201008_MKD_KVX
2020-10-08,MKD,KVX,KVX,Florent Hadergjonaj,29.0,False,False,20201008_MKD_KVX
2020-10-08,MKD,KVX,MKD,Darko Velkovski,33.0,False,False,20201008_MKD_KVX
2020-10-08,NOR,SRB,SRB,Sergej Milinković-Savić,82.0,False,False,20201008_NOR_SRB
2020-10-08,NOR,SRB,NOR,Mathias Normann,88.0,False,False,20201008_NOR_SRB
2020-10-08,NOR,SRB,SRB,Sergej Milinković-Savić,102.0,False,False,20201008_NOR_SRB
2020-10-08,PAR,PER,PER,André Carrillo,52.0,False,False,20201008_PAR_PER
2020-10-08,PAR,PER,PAR,Ángel Romero,66.0,False,False,20201008_PAR_PER
2020-10-08,PAR,PER,PAR,Ángel Romero,81.0,False,False,20201008_PAR_PER
2020-10-08,PAR,PER,PER,André Carrillo,85.0,False,False,20201008_PAR_PER
2020-10-08,URU,CHI,URU,Luis Suárez,39.0,False,True,20201008_URU_CHI
2020-10-08,URU,CHI,CHI,Alexis Sánchez,54.0,False,False,20201008_URU_CHI
2020-10-08,URU,CHI,URU,Maxi Gómez,90.0,False,False,20201008_URU_CHI
2020-10-09,BRA,BOL,BRA,Marquinhos,16.0,False,False,20201009_BRA_BOL
2020-10-09,BRA,BOL,BRA,Roberto Firmino,30.0,False,False,20201009_BRA_BOL
2020-10-09,BRA,BOL,BRA,Roberto Firmino,49.0,False,False,20201009_BRA_BOL
2020-10-09,BRA,BOL,BRA,José María Carrasco,66.0,True,False,20201009_BRA_BOL
2020-10-09,BRA,BOL,BRA,Philippe Coutinho,73.0,False,False,20201009_BRA_BOL
2020-10-09,COL,VEN,COL,Duván Zapata,16.0,False,False,20201009_COL_VEN
2020-10-09,COL,VEN,COL,Luis Muriel,26.0,False,False,20201009_COL_VEN
2020-10-09,COL,VEN,COL,Luis Muriel,45.0,False,False,20201009_COL_VEN
2020-10-10,FRO,LVA,LVA,Jānis Ikaunieks,25.0,False,False,20201010_FRO_LVA
2020-10-10,FRO,LVA,FRO,Odmar Færø,28.0,False,False,20201010_FRO_LVA
2020-10-10,LIE,GIB,GIB,Tjay De Barr,10.0,False,False,20201010_LIE_GIB
2020-10-10,LUX,CYP,LUX,Danel Sinani,12.0,False,False,20201010_LUX_CYP
2020-10-10,LUX,CYP,LUX,Danel Sinani,26.0,False,False,20201010_LUX_CYP
2020-10-10,MNE,AZE,MNE,Stevan Jovetić,9.0,False,False,20201010_MNE_AZE
2020-10-10,MNE,AZE,MNE,Igor Ivanović,71.0,False,False,20201010_MNE_AZE
2020-10-10,ESP,SUI,ESP,Mikel Oyarzabal,14.0,False,False,20201010_ESP_SUI
2020-10-10,UKR,GER,GER,Matthias Ginter,20.0,False,False,20201010_UKR_GER
2020-10-10,UKR,GER,GER,Leon Goretzka,49.0,False,False,20201010_UKR_GER
2020-10-10,UKR,GER,UKR,Ruslan Malinovskyi,77.0,False,True,20201010_UKR_GER
2020-10-11,ARM,GEO,ARM,Khoren Bayramyan,6.0,False,False,20201011_ARM_GEO
2020-10-11,ARM,GEO,GEO,Nika Kacharava,46.0,False,False,20201011_ARM_GEO
2020-10-11,ARM,GEO,GEO,Tornike Okriashvili,74.0,False,False,20201011_ARM_GEO
2020-10-11,ARM,GEO,ARM,Henrikh Mkhitaryan,89.0,False,True,20201011_ARM_GEO
2020-10-11,CRO,SWE,CRO,Nikola Vlašić,32.0,False,False,20201011_CRO_SWE
2020-10-11,CRO,SWE,SWE,Marcus Berg,66.0,False,False,20201011_CRO_SWE
2020-10-11,CRO,SWE,CRO,Andrej Kramarić,84.0,False,False,20201011_CRO_SWE
2020-10-11,ENG,BEL,BEL,Romelu Lukaku,16.0,False,True,20201011_ENG_BEL
2020-10-11,ENG,BEL,ENG,Marcus Rashford,39.0,False,True,20201011_ENG_BEL
2020-10-11,ENG,BEL,ENG,Mason Mount,65.0,False,False,20201011_ENG_BEL
2020-10-11,EST,MKD,MKD,Märten Kuusk,3.0,True,False,20201011_EST_MKD
2020-10-11,EST,MKD,EST,Rauno Sappinen,33.0,False,False,20201011_EST_MKD
2020-10-11,EST,MKD,EST,Rauno Sappinen,61.0,False,False,20201011_EST_MKD
2020-10-11,EST,MKD,EST,Frank Liivak,76.0,False,True,20201011_EST_MKD
2020-10-11,EST,MKD,MKD,Goran Pandev,80.0,False,False,20201011_EST_MKD
2020-10-11,EST,MKD,MKD,Gjoko Zajkov,88.0,False,False,20201011_EST_MKD
2020-10-11,FIN,BUL,FIN,Robert Taylor,52.0,False,False,20201011_FIN_BUL
2020-10-11,FIN,BUL,FIN,Fredrik Jensen,67.0,False,False,20201011_FIN_BUL
2020-10-11,GRE,MDA,GRE,Tasos Bakasetas,45.0,False,True,20201011_GRE_MDA
2020-10-11,GRE,MDA,GRE,Petros Mantalos,50.0,False,False,20201011_GRE_MDA
2020-10-11,ISL,DEN,DEN,Rúnar Már Sigurjónsson,45.0,True,False,20201011_ISL_DEN
2020-10-11,ISL,DEN,DEN,Christian Eriksen,46.0,False,False,20201011_ISL_DEN
2020-10-11,ISL,DEN,DEN,Robert Skov,61.0,False,False,20201011_ISL_DEN
2020-10-11,ISR,CZE,CZE,Joel Abu Hanna,14.0,True,False,20201011_ISR_CZE
2020-10-11,ISR,CZE,CZE,Matěj Vydra,48.0,False,False,20201011_ISR_CZE
2020-10-11,ISR,CZE,ISR,Eran Zahavi,56.0,False,False,20201011_ISR_CZE
2020-10-11,KVX,SVN,SVN,Haris Vučkić,22.0,False,False,20201011_KVX_SVN
2020-10-11,LTU,BLR,LTU,Arvydas Novikovas,7.0,False,False,20201011_LTU_BLR
2020-10-11,LTU,BLR,BLR,Vitaly Lisakovich,59.0,False,True,20201011_LTU_BLR
2020-10-11,LTU,BLR,BLR,Alyaksandr Sachywka,66.0,False,False,20201011_LTU_BLR
2020-10-11,LTU,BLR,LTU,Karolis Laukžemis,75.0,False,False,20201011_LTU_BLR
2020-10-11,NIR,AUT,AUT,Michael Gregoritsch,42.0,False,False,20201011_NIR_AUT
2020-10-11,NOR,ROU,NOR,Erling Haaland,13.0,False,False,20201011_NOR_ROU
2020-10-11,NOR,ROU,NOR,Alexander Sørloth,39.0,False,False,20201011_NOR_ROU
2020-10-11,NOR,ROU,NOR,Erling Haaland,64.0,False,False,20201011_NOR_ROU
2020-10-11,NOR,ROU,NOR,Erling Haaland,74.0,False,False,20201011_NOR_ROU
2020-10-11,RUS,TUR,RUS,Anton Miranchuk,28.0,False,False,20201011_RUS_TUR
2020-10-11,RUS,TUR,TUR,Kenan Karaman,62.0,False,False,20201011_RUS_TUR
2020-10-11,SCO,SVK,SCO,Lyndon Dykes,54.0,False,False,20201011_SCO_SVK
2020-10-11,SRB,HUN,HUN,Norbert Könyves,20.0,False,False,20201011_SRB_HUN
2020-10-13,BOL,ARG,BOL,Marcelo Martins Moreno,24.0,False,False,20201013_BOL_ARG
2020-10-13,BOL,ARG,ARG,Lautaro Martínez,45.0,False,False,20201013_BOL_ARG
2020-10-13,BOL,ARG,ARG,Joaquín Correa,79.0,False,False,20201013_BOL_ARG
2020-10-13,CHI,COL,COL,Jefferson Lerma,6.0,False,False,20201013_CHI_COL
2020-10-13,CHI,COL,CHI,Arturo Vidal,37.0,False,True,20201013_CHI_COL
2020-10-13,CHI,COL,CHI,Alexis Sánchez,41.0,False,False,20201013_CHI_COL
2020-10-13,CHI,COL,COL,Radamel Falcao,90.0,False,False,20201013_CHI_COL
2020-10-13,ECU,URU,ECU,Moisés Caicedo,14.0,False,False,20201013_ECU_URU
2020-10-13,ECU,URU,ECU,Michael Estrada,45.0,False,False,20201013_ECU_URU
2020-10-13,ECU,URU,ECU,Michael Estrada,52.0,False,False,20201013_ECU_URU
2020-10-13,ECU,URU,ECU,Gonzalo Plata,75.0,False,False,20201013_ECU_URU
2020-10-13,ECU,URU,URU,Luis Suárez,83.0,False,True,20201013_ECU_URU
2020-10-13,ECU,URU,URU,Luis Suárez,90.0,False,True,20201013_ECU_URU
2020-10-13,FRO,AND,FRO,Klæmint Olsen,19.0,False,False,20201013_FRO_AND
2020-10-13,FRO,AND,FRO,Klæmint Olsen,33.0,False,False,20201013_FRO_AND
2020-10-13,GER,SUI,SUI,Mario Gavranović,5.0,False,False,20201013_GER_SUI
2020-10-13,GER,SUI,SUI,Remo Freuler,26.0,False,False,20201013_GER_SUI
2020-10-13,GER,SUI,GER,Timo Werner,28.0,False,False,20201013_GER_SUI
2020-10-13,GER,SUI,GER,Kai Havertz,55.0,False,False,20201013_GER_SUI
2020-10-13,GER,SUI,SUI,Mario Gavranović,57.0,False,False,20201013_GER_SUI
2020-10-13,GER,SUI,GER,Serge Gnabry,60.0,False,False,20201013_GER_SUI
2020-10-13,LVA,MLT,MLT,Steve Borg,90.0,False,False,20201013_LVA_MLT
2020-10-13,MNE,LUX,MNE,Igor Ivanović,34.0,False,False,20201013_MNE_LUX
2020-10-13,MNE,LUX,LUX,Edvin Muratović,42.0,False,False,20201013_MNE_LUX
2020-10-13,MNE,LUX,LUX,Danel Sinani,86.0,False,False,20201013_MNE_LUX
2020-10-13,PER,BRA,PER,André Carrillo,5.0,False,False,20201013_PER_BRA
2020-10-13,PER,BRA,BRA,Neymar,28.0,False,True,20201013_PER_BRA
2020-10-13,PER,BRA,PER,Renato Tapia,59.0,False,False,20201013_PER_BRA
2020-10-13,PER,BRA,BRA,Richarlison,64.0,False,False,20201013_PER_BRA
2020-10-13,PER,BRA,BRA,Neymar,83.0,False,True,20201013_PER_BRA
2020-10-13,PER,BRA,BRA,Neymar,90.0,False,False,20201013_PER_BRA
2020-10-13,UKR,ESP,UKR,Viktor Tsyhankov,76.0,False,False,20201013_UKR_ESP
2020-10-13,VEN,PAR,PAR,Gastón Giménez,85.0,False,False,20201013_VEN_PAR
2020-10-14,BLR,KAZ,BLR,Yevgeniy Yablonskiy,36.0,False,False,20201014_BLR_KAZ
2020-10-14,BLR,KAZ,BLR,Roman Yuzepchuk,90.0,False,False,20201014_BLR_KAZ
2020-10-14,BUL,WAL,WAL,Jonny Williams,85.0,False,False,20201014_BUL_WAL
2020-10-14,CRO,FRA,FRA,Antoine Griezmann,8.0,False,False,20201014_CRO_FRA
2020-10-14,CRO,FRA,CRO,Nikola Vlašić,64.0,False,False,20201014_CRO_FRA
2020-10-14,CRO,FRA,FRA,Kylian Mbappé,79.0,False,False,20201014_CRO_FRA
2020-10-14,ENG,DEN,DEN,Christian Eriksen,35.0,False,True,20201014_ENG_DEN
2020-10-14,EST,ARM,ARM,Kamo Hovhannisyan,8.0,False,False,20201014_EST_ARM
2020-10-14,EST,ARM,EST,Rauno Sappinen,14.0,False,False,20201014_EST_ARM
2020-10-14,FIN,IRL,FIN,Fredrik Jensen,66.0,False,False,20201014_FIN_IRL
2020-10-14,ISL,BEL,BEL,Romelu Lukaku,9.0,False,False,20201014_ISL_BEL
2020-10-14,ISL,BEL,ISL,Birkir Már Sævarsson,17.0,False,False,20201014_ISL_BEL
2020-10-14,ISL,BEL,BEL,Romelu Lukaku,38.0,False,True,20201014_ISL_BEL
2020-10-14,ITA,NED,ITA,Lorenzo Pellegrini,16.0,False,False,20201014_ITA_NED
2020-10-14,ITA,NED,NED,Donny van de Beek,25.0,False,False,20201014_ITA_NED
2020-10-14,MDA,SVN,SVN,Sandi Lovrić,8.0,False,False,20201014_MDA_SVN
2020-10-14,MDA,SVN,SVN,Haris Vučkić,37.0,False,True,20201014_MDA_SVN
2020-10-14,MDA,SVN,SVN,Haris Vučkić,42.0,False,False,20201014_MDA_SVN
2020-10-14,MDA,SVN,SVN,Haris Vučkić,55.0,False,True,20201014_MDA_SVN
2020-10-14,MKD,GEO,GEO,Khvicha Kvaratskhelia,74.0,False,False,20201014_MKD_GEO
2020-10-14,MKD,GEO,MKD,Ezgjan Alioski,90.0,False,True,20201014_MKD_GEO
2020-10-14,NOR,NIR,NOR,Stuart Dallas,68.0,True,False,20201014_NOR_NIR
2020-10-14,POL,BIH,POL,Robert Lewandowski,40.0,False,False,20201014_POL_BIH
2020-10-14,POL,BIH,POL,Karol Linetty,45.0,False,False,20201014_POL_BIH
2020-10-14,POL,BIH,POL,Robert Lewandowski,52.0,False,False,20201014_POL_BIH
2020-10-14,POR,SWE,POR,Bernardo Silva,21.0,False,False,20201014_POR_SWE
2020-10-14,POR,SWE,POR,Diogo Jota,44.0,False,False,20201014_POR_SWE
2020-10-14,POR,SWE,POR,Diogo Jota,72.0,False,False,20201014_POR_SWE
2020-10-14,ROU,AUT,AUT,Alessandro Schöpf,76.0,False,False,20201014_ROU_AUT
2020-10-14,SCO,CZE,SCO,Ryan Fraser,6.0,False,False,20201014_SCO_CZE
2020-10-14,SVK,ISR,SVK,Marek Hamšík,16.0,False,False,20201014_SVK_ISR
2020-10-14,SVK,ISR,SVK,Róbert Mak,38.0,False,False,20201014_SVK_ISR
2020-10-14,SVK,ISR,ISR,Eran Zahavi,68.0,False,False,20201014_SVK_ISR
2020-10-14,SVK,ISR,ISR,Eran Zahavi,76.0,False,False,20201014_SVK_ISR
2020-10-14,SVK,ISR,ISR,Eran Zahavi,89.0,False,False,20201014_SVK_ISR
2020-10-14,TUR,SRB,SRB,Sergej Milinković-Savić,22.0,False,False,20201014_TUR_SRB
2020-10-14,TUR,SRB,SRB,Aleksandar Mitrović,49.0,False,True,20201014_TUR_SRB
2020-10-14,TUR,SRB,TUR,Hakan Çalhanoğlu,57.0,False,False,20201014_TUR_SRB
2020-10-14,TUR,SRB,TUR,Ozan Tufan,76.0,False,False,20201014_TUR_SRB
2020-11-12,ARG,PAR,PAR,Ángel Romero,21.0,False,True,20201112_ARG_PAR
2020-11-12,ARG,PAR,ARG,Nicolás González,41.0,False,False,20201112_ARG_PAR
2020-11-12,BOL,ECU,BOL,Juan Carlos Arce,37.0,False,False,20201112_BOL_ECU
2020-11-12,BOL,ECU,ECU,Beder Caicedo,46.0,False,False,20201112_BOL_ECU
2020-11-12,BOL,ECU,ECU,Ángel Mena,55.0,False,False,20201112_BOL_ECU
2020-11-12,BOL,ECU,BOL,Marcelo Martins Moreno,60.0,False,False,20201112_BOL_ECU
2020-11-12,BOL,ECU,ECU,Carlos Gruezo,88.0,False,True,20201112_BOL_ECU
2020-11-12,GEO,MKD,MKD,Goran Pandev,56.0,False,False,20201112_GEO_MKD
2020-11-12,HUN,ISL,ISL,Gylfi Sigurðsson,11.0,False,False,20201112_HUN_ISL
2020-11-12,HUN,ISL,HUN,Loïc Négo,88.0,False,False,20201112_HUN_ISL
2020-11-12,HUN,ISL,HUN,Dominik Szoboszlai,90.0,False,False,20201112_HUN_ISL
2020-11-12,NIR,SVK,SVK,Juraj Kucka,17.0,False,False,20201112_NIR_SVK
2020-11-12,NIR,SVK,NIR,Milan Škriniar,88.0,True,False,20201112_NIR_SVK
2020-11-12,NIR,SVK,SVK,Michal Ďuriš,110.0,False,False,20201112_NIR_SVK
2020-11-12,SRB,SCO,SCO,Ryan Christie,52.0,False,False,20201112_SRB_SCO
2020-11-12,SRB,SCO,SRB,Luka Jović,90.0,False,False,20201112_SRB_SCO
2020-11-13,BRA,VEN,BRA,Roberto Firmino,66.0,False,False,20201113_BRA_VEN
2020-11-13,CHI,PER,CHI,Arturo Vidal,19.0,False,False,20201113_CHI_PER
2020-11-13,CHI,PER,CHI,Arturo Vidal,34.0,False,False,20201113_CHI_PER
2020-11-13,COL,URU,URU,Edinson Cavani,5.0,False,False,20201113_COL_URU
2020-11-13,COL,URU,URU,Luis Suárez,54.0,False,True,20201113_COL_URU
2020-11-13,COL,URU,URU,Darwin Núñez,73.0,False,False,20201113_COL_URU
2020-11-14,CYP,LUX,LUX,Ioannis Kousoulos,5.0,True,False,20201114_CYP_LUX
2020-11-14,CYP,LUX,CYP,Grigoris Kastanos,34.0,False,True,20201114_CYP_LUX
2020-11-14,CYP,LUX,CYP,Grigoris Kastanos,71.0,False,False,20201114_CYP_LUX
2020-11-14,GER,UKR,UKR,Roman Yaremchuk,12.0,False,False,20201114_GER_UKR
2020-11-14,GER,UKR,GER,Leroy Sané,23.0,False,False,20201114_GER_UKR
2020-11-14,GER,UKR,GER,Timo Werner,33.0,False,False,20201114_GER_UKR
2020-11-14,GER,UKR,GER,Timo Werner,64.0,False,False,20201114_GER_UKR
2020-11-14,LVA,FRO,LVA,Vladimirs Kamešs,59.0,False,False,20201114_LVA_FRO
2020-11-14,LVA,FRO,FRO,Gunnar Vatnhamar,60.0,False,False,20201114_LVA_FRO
2020-11-14,MLT,AND,AND,Marc Rebés,3.0,False,False,20201114_MLT_AND
2020-11-14,MLT,AND,MLT,Emili García,56.0,True,False,20201114_MLT_AND
2020-11-14,MLT,AND,MLT,Jurgen Degabriele,59.0,False,False,20201114_MLT_AND
2020-11-14,MLT,AND,MLT,Shaun Dimech,90.0,False,False,20201114_MLT_AND
2020-11-14,POR,FRA,FRA,N'Golo Kanté,54.0,False,False,20201114_POR_FRA
2020-11-14,SWE,CRO,SWE,Dejan Kulusevski,36.0,False,False,20201114_SWE_CRO
2020-11-14,SWE,CRO,SWE,Marcus Danielson,45.0,False,False,20201114_SWE_CRO
2020-11-14,SWE,CRO,CRO,Marcus Danielson,82.0,True,False,20201114_SWE_CRO
2020-11-14,SUI,ESP,SUI,Remo Freuler,26.0,False,False,20201114_SUI_ESP
2020-11-14,SUI,ESP,ESP,Gerard Moreno,89.0,False,False,20201114_SUI_ESP
2020-11-15,ALB,KAZ,ALB,Sokol Çikalleshi,16.0,False,False,20201115_ALB_KAZ
2020-11-15,ALB,KAZ,ALB,Ardian Ismajli,23.0,False,False,20201115_ALB_KAZ
2020-11-15,ALB,KAZ,KAZ,Aybol Abiken,25.0,False,False,20201115_ALB_KAZ
2020-11-15,ALB,KAZ,ALB,Rey Manaj,63.0,False,True,20201115_ALB_KAZ
2020-11-15,AUT,NIR,NIR,Josh Magennis,75.0,False,False,20201115_AUT_NIR
2020-11-15,AUT,NIR,AUT,Louis Schaub,81.0,False,False,20201115_AUT_NIR
2020-11-15,AUT,NIR,AUT,Adrian Grbić,87.0,False,False,20201115_AUT_NIR
2020-11-15,BLR,LTU,BLR,Yevgeniy Yablonskiy,5.0,False,False,20201115_BLR_LTU
2020-11-15,BLR,LTU,BLR,Max Ebong,20.0,False,False,20201115_BLR_LTU
2020-11-15,BEL,ENG,BEL,Youri Tielemans,10.0,False,False,20201115_BEL_ENG
2020-11-15,BEL,ENG,BEL,Dries Mertens,24.0,False,False,20201115_BEL_ENG
2020-11-15,BUL,FIN,FIN,Teemu Pukki,7.0,False,False,20201115_BUL_FIN
2020-11-15,BUL,FIN,FIN,Robin Lod,45.0,False,False,20201115_BUL_FIN
2020-11-15,BUL,FIN,BUL,Dimitar Iliev,68.0,False,True,20201115_BUL_FIN
2020-11-15,CZE,ISR,CZE,Vladimír Darida,7.0,False,False,20201115_CZE_ISR
2020-11-15,DEN,ISL,DEN,Christian Eriksen,12.0,False,True,20201115_DEN_ISL
2020-11-15,DEN,ISL,ISL,Viðar Örn Kjartansson,85.0,False,False,20201115_DEN_ISL
2020-11-15,DEN,ISL,DEN,Christian Eriksen,90.0,False,True,20201115_DEN_ISL
2020-11-15,GEO,ARM,ARM,Gevorg Ghazaryan,33.0,False,False,20201115_GEO_ARM
2020-11-15,GEO,ARM,GEO,Valeri Qazaishvili,65.0,False,True,20201115_GEO_ARM
2020-11-15,GEO,ARM,ARM,Sargis Adamyan,86.0,False,False,20201115_GEO_ARM
2020-11-15,HUN,SRB,SRB,Nemanja Radonjić,17.0,False,False,20201115_HUN_SRB
2020-11-15,HUN,SRB,HUN,Zsolt Kalmár,39.0,False,False,20201115_HUN_SRB
2020-11-15,ITA,POL,ITA,Jorginho,27.0,False,True,20201115_ITA_POL
2020-11-15,ITA,POL,ITA,Domenico Berardi,84.0,False,False,20201115_ITA_POL
2020-11-15,MDA,GRE,GRE,Kostas Fortounis,32.0,False,False,20201115_MDA_GRE
2020-11-15,MDA,GRE,GRE,Tasos Bakasetas,41.0,False,False,20201115_MDA_GRE
2020-11-15,NED,BIH,NED,Georginio Wijnaldum,6.0,False,False,20201115_NED_BIH
2020-11-15,NED,BIH,NED,Georginio Wijnaldum,14.0,False,False,20201115_NED_BIH
2020-11-15,NED,BIH,NED,Memphis Depay,55.0,False,False,20201115_NED_BIH
2020-11-15,NED,BIH,BIH,Smail Prevljak,63.0,False,False,20201115_NED_BIH
2020-11-15,MKD,EST,MKD,Ivan Trichkovski,29.0,False,False,20201115_MKD_EST
2020-11-15,MKD,EST,EST,Rauno Sappinen,52.0,False,False,20201115_MKD_EST
2020-11-15,MKD,EST,MKD,Vlatko Stojanovski,68.0,False,False,20201115_MKD_EST
2020-11-15,SVK,SCO,SVK,Ján Greguš,32.0,False,False,20201115_SVK_SCO
2020-11-15,SVN,KVX,KVX,Vedat Muriqi,58.0,False,False,20201115_SVN_KVX
2020-11-15,SVN,KVX,SVN,Jasmin Kurtić,63.0,False,False,20201115_SVN_KVX
2020-11-15,SVN,KVX,SVN,Josip Iličić,90.0,False,True,20201115_SVN_KVX
2020-11-15,TUR,RUS,RUS,Denis Cheryshev,11.0,False,False,20201115_TUR_RUS
2020-11-15,TUR,RUS,TUR,Kenan Karaman,26.0,False,False,20201115_TUR_RUS
2020-11-15,TUR,RUS,TUR,Cengiz Ünder,32.0,False,False,20201115_TUR_RUS
2020-11-15,TUR,RUS,TUR,Cenk Tosun,52.0,False,True,20201115_TUR_RUS
2020-11-15,TUR,RUS,RUS,Daler Kuzyayev,57.0,False,False,20201115_TUR_RUS
2020-11-15,WAL,IRL,WAL,David Brooks,67.0,False,False,20201115_WAL_IRL
2020-11-17,AND,LVA,LVA,Antonijs Černomordijs,6.0,False,False,20201117_AND_LVA
2020-11-17,AND,LVA,LVA,Jānis Ikaunieks,57.0,False,False,20201117_AND_LVA
2020-11-17,AND,LVA,LVA,Jānis Ikaunieks,60.0,False,False,20201117_AND_LVA
2020-11-17,AND,LVA,LVA,Vladislavs Gutkovskis,70.0,False,True,20201117_AND_LVA
2020-11-17,AND,LVA,LVA,Raimonds Krollis,90.0,False,True,20201117_AND_LVA
2020-11-17,CRO,POR,CRO,Mateo Kovačić,29.0,False,False,20201117_CRO_POR
2020-11-17,CRO,POR,POR,Rúben Dias,52.0,False,False,20201117_CRO_POR
2020-11-17,CRO,POR,POR,João Félix,60.0,False,False,20201117_CRO_POR
2020-11-17,CRO,POR,CRO,Mateo Kovačić,65.0,False,False,20201117_CRO_POR
2020-11-17,CRO,POR,POR,Rúben Dias,90.0,False,False,20201117_CRO_POR
2020-11-17,ECU,COL,ECU,Robert Arboleda,7.0,False,False,20201117_ECU_COL
2020-11-17,ECU,COL,ECU,Ángel Mena,9.0,False,False,20201117_ECU_COL
2020-11-17,ECU,COL,ECU,Michael Estrada,32.0,False,False,20201117_ECU_COL
2020-11-17,ECU,COL,ECU,Xavier Arreaga,39.0,False,False,20201117_ECU_COL
2020-11-17,ECU,COL,COL,James Rodríguez,45.0,False,True,20201117_ECU_COL
2020-11-17,ECU,COL,ECU,Gonzalo Plata,78.0,False,False,20201117_ECU_COL
2020-11-17,ECU,COL,ECU,Pervis Estupiñán,90.0,False,False,20201117_ECU_COL
2020-11-17,FRA,SWE,SWE,Viktor Claesson,4.0,False,False,20201117_FRA_SWE
2020-11-17,FRA,SWE,FRA,Olivier Giroud,16.0,False,False,20201117_FRA_SWE
2020-11-17,FRA,SWE,FRA,Benjamin Pavard,36.0,False,False,20201117_FRA_SWE
2020-11-17,FRA,SWE,FRA,Olivier Giroud,59.0,False,False,20201117_FRA_SWE
2020-11-17,FRA,SWE,SWE,Robin Quaison,88.0,False,False,20201117_FRA_SWE
2020-11-17,FRA,SWE,FRA,Kingsley Coman,90.0,False,False,20201117_FRA_SWE
2020-11-17,GIB,LIE,GIB,Noah Frommelt,17.0,True,False,20201117_GIB_LIE
2020-11-17,GIB,LIE,LIE,Noah Frick,44.0,False,False,20201117_GIB_LIE
2020-11-17,MLT,FRO,MLT,Matthew Guillaumier,54.0,False,False,20201117_MLT_FRO
2020-11-17,MLT,FRO,FRO,Ári Jónsson,70.0,False,False,20201117_MLT_FRO
2020-11-17,MNE,CYP,MNE,Stevan Jovetić,14.0,False,False,20201117_MNE_CYP
2020-11-17,MNE,CYP,MNE,Aleksandar Boljević,25.0,False,False,20201117_MNE_CYP
2020-11-17,MNE,CYP,MNE,Aleksandar Boljević,28.0,False,False,20201117_MNE_CYP
2020-11-17,MNE,CYP,MNE,Stefan Mugoša,60.0,False,False,20201117_MNE_CYP
2020-11-17,PAR,BOL,PAR,Ángel Romero,19.0,False,True,20201117_PAR_BOL
2020-11-17,PAR,BOL,BOL,Marcelo Martins Moreno,41.0,False,False,20201117_PAR_BOL
2020-11-17,PAR,BOL,BOL,Boris Céspedes,45.0,False,False,20201117_PAR_BOL
2020-11-17,PAR,BOL,PAR,Alejandro Romero Gamarra,72.0,False,False,20201117_PAR_BOL
2020-11-17,PER,ARG,ARG,Nicolás González,17.0,False,False,20201117_PER_ARG
2020-11-17,PER,ARG,ARG,Lautaro Martínez,28.0,False,False,20201117_PER_ARG
2020-11-17,ESP,GER,ESP,Álvaro Morata,17.0,False,False,20201117_ESP_GER
2020-11-17,ESP,GER,ESP,Ferran Torres,33.0,False,False,20201117_ESP_GER
2020-11-17,ESP,GER,ESP,Rodri,38.0,False,False,20201117_ESP_GER
2020-11-17,ESP,GER,ESP,Ferran Torres,55.0,False,False,20201117_ESP_GER
2020-11-17,ESP,GER,ESP,Ferran Torres,71.0,False,False,20201117_ESP_GER
2020-11-17,ESP,GER,ESP,Mikel Oyarzabal,89.0,False,False,20201117_ESP_GER
2020-11-17,URU,BRA,BRA,Arthur Melo,33.0,False,False,20201117_URU_BRA
2020-11-17,URU,BRA,BRA,Richarlison,45.0,False,False,20201117_URU_BRA
2020-11-17,VEN,CHI,VEN,Luis Mago,9.0,False,False,20201117_VEN_CHI
2020-11-17,VEN,CHI,CHI,Arturo Vidal,15.0,False,False,20201117_VEN_CHI
2020-11-17,VEN,CHI,VEN,Salomón Rondón,81.0,False,False,20201117_VEN_CHI
2020-11-18,ALB,BLR,ALB,Sokol Çikalleshi,20.0,False,False,20201118_ALB_BLR
2020-11-18,ALB,BLR,ALB,Sokol Çikalleshi,27.0,False,True,20201118_ALB_BLR
2020-11-18,ALB,BLR,BLR,Maksim Skavysh,35.0,False,False,20201118_ALB_BLR
2020-11-18,ALB,BLR,ALB,Rey Manaj,44.0,False,False,20201118_ALB_BLR
2020-11-18,ALB,BLR,BLR,Max Ebong,80.0,False,False,20201118_ALB_BLR
2020-11-18,ARM,MKD,ARM,Hovhannes Hambardzumyan,55.0,False,False,20201118_ARM_MKD
2020-11-18,AUT,NOR,NOR,Ghayas Zahid,61.0,False,False,20201118_AUT_NOR
2020-11-18,AUT,NOR,AUT,Adrian Grbić,90.0,False,False,20201118_AUT_NOR
2020-11-18,BEL,DEN,BEL,Youri Tielemans,3.0,False,False,20201118_BEL_DEN
2020-11-18,BEL,DEN,DEN,Jonas Wind,17.0,False,False,20201118_BEL_DEN
2020-11-18,BEL,DEN,BEL,Romelu Lukaku,56.0,False,False,20201118_BEL_DEN
2020-11-18,BEL,DEN,BEL,Romelu Lukaku,69.0,False,False,20201118_BEL_DEN
2020-11-18,BEL,DEN,DEN,Nacer Chadli,86.0,True,False,20201118_BEL_DEN
2020-11-18,BEL,DEN,BEL,Kevin De Bruyne,87.0,False,False,20201118_BEL_DEN
2020-11-18,BIH,ITA,ITA,Andrea Belotti,22.0,False,False,20201118_BIH_ITA
2020-11-18,BIH,ITA,ITA,Domenico Berardi,68.0,False,False,20201118_BIH_ITA
2020-11-18,CZE,SVK,CZE,Tomáš Souček,17.0,False,False,20201118_CZE_SVK
2020-11-18,CZE,SVK,CZE,Zdeněk Ondrášek,55.0,False,False,20201118_CZE_SVK
2020-11-18,ENG,ISL,ENG,Declan Rice,20.0,False,False,20201118_ENG_ISL
2020-11-18,ENG,ISL,ENG,Mason Mount,24.0,False,False,20201118_ENG_ISL
2020-11-18,ENG,ISL,ENG,Phil Foden,80.0,False,False,20201118_ENG_ISL
2020-11-18,ENG,ISL,ENG,Phil Foden,84.0,False,False,20201118_ENG_ISL
2020-11-18,HUN,TUR,HUN,Dávid Sigér,57.0,False,False,20201118_HUN_TUR
2020-11-18,HUN,TUR,HUN,Kevin Varga,90.0,False,False,20201118_HUN_TUR
2020-11-18,ISR,SCO,ISR,Manor Solomon,44.0,False,False,20201118_ISR_SCO
2020-11-18,KAZ,LTU,KAZ,Abat Aymbetov,38.0,False,False,20201118_KAZ_LTU
2020-11-18,KAZ,LTU,LTU,Modestas Vorobjovas,40.0,False,False,20201118_KAZ_LTU
2020-11-18,KAZ,LTU,LTU,Arvydas Novikovas,90.0,False,False,20201118_KAZ_LTU
2020-11-18,KVX,MDA,KVX,Lirim Kastrati,31.0,False,False,20201118_KVX_MDA
2020-11-18,NIR,ROU,NIR,Liam Boyce,56.0,False,False,20201118_NIR_ROU
2020-11-18,NIR,ROU,ROU,Eric Bicfalvi,81.0,False,False,20201118_NIR_ROU
2020-11-18,POL,NED,POL,Kamil Jóźwiak,6.0,False,False,20201118_POL_NED
2020-11-18,POL,NED,NED,Memphis Depay,77.0,False,True,20201118_POL_NED
2020-11-18,POL,NED,NED,Georginio Wijnaldum,84.0,False,False,20201118_POL_NED
2020-11-18,SRB,RUS,SRB,Nemanja Radonjić,10.0,False,False,20201118_SRB_RUS
2020-11-18,SRB,RUS,SRB,Luka Jović,25.0,False,False,20201118_SRB_RUS
2020-11-18,SRB,RUS,SRB,Dušan Vlahović,41.0,False,False,20201118_SRB_RUS
2020-11-18,SRB,RUS,SRB,Luka Jović,45.0,False,False,20201118_SRB_RUS
2020-11-18,SRB,RUS,SRB,Filip Mladenović,64.0,False,False,20201118_SRB_RUS
2020-11-18,WAL,FIN,WAL,Harry Wilson,29.0,False,False,20201118_WAL_FIN
2020-11-18,WAL,FIN,WAL,Daniel James,46.0,False,False,20201118_WAL_FIN
2020-11-18,WAL,FIN,FIN,Teemu Pukki,63.0,False,False,20201118_WAL_FIN
2020-11-18,WAL,FIN,WAL,Kieffer Moore,84.0,False,False,20201118_WAL_FIN
2020-12-04,QAT,BAN,QAT,Abdulaziz Hatem,9.0,False,False,20201204_QAT_BAN
2020-12-04,QAT,BAN,QAT,Akram Afif,33.0,False,False,20201204_QAT_BAN
2020-12-04,QAT,BAN,QAT,Almoez Ali,72.0,False,True,20201204_QAT_BAN
2020-12-04,QAT,BAN,QAT,Almoez Ali,78.0,False,False,20201204_QAT_BAN
2020-12-04,QAT,BAN,QAT,Akram Afif,90.0,False,False,20201204_QAT_BAN
2021-03-24,ATG,Montserrat,Montserrat,Lyle Taylor,7.0,False,True,20210324_ATG_Montserrat
2021-03-24,ATG,Montserrat,ATG,Eugene Kirwan,23.0,False,False,20210324_ATG_Montserrat
2021-03-24,ATG,Montserrat,Montserrat,Lyle Taylor,26.0,False,False,20210324_ATG_Montserrat
2021-03-24,ATG,Montserrat,ATG,D'Andre Bishop,45.0,False,False,20210324_ATG_Montserrat
2021-03-24,BEL,WAL,WAL,Harry Wilson,11.0,False,False,20210324_BEL_WAL
2021-03-24,BEL,WAL,BEL,Kevin De Bruyne,22.0,False,False,20210324_BEL_WAL
2021-03-24,BEL,WAL,BEL,Thorgan Hazard,28.0,False,False,20210324_BEL_WAL
2021-03-24,BEL,WAL,BEL,Romelu Lukaku,73.0,False,True,20210324_BEL_WAL
2021-03-24,DOM,DMA,DOM,Fran Núñez,52.0,False,False,20210324_DOM_DMA
2021-03-24,EST,CZE,EST,Rauno Sappinen,12.0,False,False,20210324_EST_CZE
2021-03-24,EST,CZE,CZE,Patrik Schick,18.0,False,False,20210324_EST_CZE
2021-03-24,EST,CZE,CZE,Antonín Barák,27.0,False,False,20210324_EST_CZE
2021-03-24,EST,CZE,CZE,Tomáš Souček,32.0,False,False,20210324_EST_CZE
2021-03-24,EST,CZE,CZE,Tomáš Souček,43.0,False,False,20210324_EST_CZE
2021-03-24,EST,CZE,CZE,Tomáš Souček,48.0,False,False,20210324_EST_CZE
2021-03-24,EST,CZE,CZE,Jakub Jankto,56.0,False,False,20210324_EST_CZE
2021-03-24,EST,CZE,EST,Henri Anier,86.0,False,False,20210324_EST_CZE
2021-03-24,FIN,BIH,BIH,Miralem Pjanić,55.0,False,False,20210324_FIN_BIH
2021-03-24,FIN,BIH,FIN,Teemu Pukki,58.0,False,False,20210324_FIN_BIH
2021-03-24,FIN,BIH,FIN,Teemu Pukki,77.0,False,False,20210324_FIN_BIH
2021-03-24,FIN,BIH,BIH,Miroslav Stevanović,84.0,False,False,20210324_FIN_BIH
2021-03-24,FRA,UKR,FRA,Antoine Griezmann,19.0,False,False,20210324_FRA_UKR
2021-03-24,FRA,UKR,UKR,Serhiy Sydorchuk,57.0,False,False,20210324_FRA_UKR
2021-03-24,GIB,NOR,NOR,Alexander Sørloth,43.0,False,False,20210324_GIB_NOR
2021-03-24,GIB,NOR,NOR,Kristian Thorstvedt,45.0,False,False,20210324_GIB_NOR
2021-03-24,GIB,NOR,NOR,Jonas Svensson,57.0,False,False,20210324_GIB_NOR
2021-03-24,GUA,CUB,GUA,Luis Martínez,59.0,False,False,20210324_GUA_CUB
2021-03-24,LVA,MNE,LVA,Jānis Ikaunieks,40.0,False,False,20210324_LVA_MNE
2021-03-24,LVA,MNE,MNE,Stevan Jovetić,41.0,False,False,20210324_LVA_MNE
2021-03-24,LVA,MNE,MNE,Stevan Jovetić,83.0,False,False,20210324_LVA_MNE
2021-03-24,MLT,RUS,RUS,Artem Dzyuba,23.0,False,False,20210324_MLT_RUS
2021-03-24,MLT,RUS,RUS,Mário Fernandes,35.0,False,False,20210324_MLT_RUS
2021-03-24,MLT,RUS,MLT,Joseph Mbong,56.0,False,False,20210324_MLT_RUS
2021-03-24,MLT,RUS,RUS,Aleksandr Sobolev,90.0,False,False,20210324_MLT_RUS
2021-03-24,POR,AZE,POR,Maksim Medvedev,36.0,True,False,20210324_POR_AZE
2021-03-24,SKN,PUR,SKN,Vinceroy Nelson,42.0,False,False,20210324_SKN_PUR
2021-03-24,SRB,IRL,IRL,Alan Browne,18.0,False,False,20210324_SRB_IRL
2021-03-24,SRB,IRL,SRB,Dušan Vlahović,40.0,False,False,20210324_SRB_IRL
2021-03-24,SRB,IRL,SRB,Aleksandar Mitrović,69.0,False,False,20210324_SRB_IRL
2021-03-24,SRB,IRL,SRB,Aleksandar Mitrović,75.0,False,False,20210324_SRB_IRL
2021-03-24,SRB,IRL,IRL,James Collins,86.0,False,False,20210324_SRB_IRL
2021-03-24,SVN,CRO,SVN,Sandi Lovrić,15.0,False,False,20210324_SVN_CRO
2021-03-24,SUR,CAY,SUR,Shaquille Pinas,22.0,False,False,20210324_SUR_CAY
2021-03-24,SUR,CAY,SUR,Ryan Donk,38.0,False,True,20210324_SUR_CAY
2021-03-24,SUR,CAY,SUR,Gleofilo Vlijter,76.0,False,False,20210324_SUR_CAY
2021-03-24,TUR,NED,TUR,Burak Yılmaz,15.0,False,False,20210324_TUR_NED
2021-03-24,TUR,NED,TUR,Burak Yılmaz,34.0,False,True,20210324_TUR_NED
2021-03-24,TUR,NED,TUR,Hakan Çalhanoğlu,46.0,False,False,20210324_TUR_NED
2021-03-24,TUR,NED,NED,Davy Klaassen,75.0,False,False,20210324_TUR_NED
2021-03-24,TUR,NED,NED,Luuk de Jong,76.0,False,False,20210324_TUR_NED
2021-03-24,TUR,NED,TUR,Burak Yılmaz,81.0,False,False,20210324_TUR_NED
2021-03-25,AND,ALB,ALB,Ermir Lenjani,41.0,False,False,20210325_AND_ALB
2021-03-25,BUL,SUI,SUI,Breel Embolo,7.0,False,False,20210325_BUL_SUI
2021-03-25,BUL,SUI,SUI,Haris Seferovic,10.0,False,False,20210325_BUL_SUI
2021-03-25,BUL,SUI,SUI,Steven Zuber,13.0,False,False,20210325_BUL_SUI
2021-03-25,BUL,SUI,BUL,Kiril Despodov,46.0,False,False,20210325_BUL_SUI
2021-03-25,CAN,BER,CAN,Cyle Larin,19.0,False,False,20210325_CAN_BER
2021-03-25,CAN,BER,CAN,Cyle Larin,27.0,False,False,20210325_CAN_BER
2021-03-25,CAN,BER,CAN,Richie Laryea,53.0,False,False,20210325_CAN_BER
2021-03-25,CAN,BER,BER,Kane Crichlow,63.0,False,False,20210325_CAN_BER
2021-03-25,CAN,BER,CAN,Cyle Larin,69.0,False,False,20210325_CAN_BER
2021-03-25,CAN,BER,CAN,Theo Corbeanu,81.0,False,False,20210325_CAN_BER
2021-03-25,CUW,VIN,CUW,Juninho Bacuna,1.0,False,False,20210325_CUW_VIN
2021-03-25,CUW,VIN,CUW,Anthony van den Hurk,17.0,False,False,20210325_CUW_VIN
2021-03-25,CUW,VIN,CUW,Juninho Bacuna,35.0,False,False,20210325_CUW_VIN
2021-03-25,CUW,VIN,CUW,Jarchinio Antonia,45.0,False,False,20210325_CUW_VIN
2021-03-25,CUW,VIN,CUW,Elson Hooi,87.0,False,False,20210325_CUW_VIN
2021-03-25,SLV,GRN,SLV,Gerson Mayen,23.0,False,False,20210325_SLV_GRN
2021-03-25,SLV,GRN,SLV,David Rugamas,46.0,False,False,20210325_SLV_GRN
2021-03-25,ENG,SMR,ENG,James Ward-Prowse,14.0,False,False,20210325_ENG_SMR
2021-03-25,ENG,SMR,ENG,Dominic Calvert-Lewin,21.0,False,False,20210325_ENG_SMR
2021-03-25,ENG,SMR,ENG,Raheem Sterling,31.0,False,False,20210325_ENG_SMR
2021-03-25,ENG,SMR,ENG,Dominic Calvert-Lewin,53.0,False,False,20210325_ENG_SMR
2021-03-25,ENG,SMR,ENG,Ollie Watkins,83.0,False,False,20210325_ENG_SMR
2021-03-25,GER,ISL,GER,Leon Goretzka,3.0,False,False,20210325_GER_ISL
2021-03-25,GER,ISL,GER,Kai Havertz,7.0,False,False,20210325_GER_ISL
2021-03-25,GER,ISL,GER,İlkay Gündoğan,56.0,False,False,20210325_GER_ISL
2021-03-25,HAI,BLZ,HAI,Ricardo Adé,50.0,False,False,20210325_HAI_BLZ
2021-03-25,HAI,BLZ,HAI,Steven Séance,81.0,False,False,20210325_HAI_BLZ
2021-03-25,HUN,POL,HUN,Roland Sallai,6.0,False,False,20210325_HUN_POL
2021-03-25,HUN,POL,HUN,Ádám Szalai,53.0,False,False,20210325_HUN_POL
2021-03-25,HUN,POL,POL,Krzysztof Piątek,60.0,False,False,20210325_HUN_POL
2021-03-25,HUN,POL,POL,Kamil Jóźwiak,61.0,False,False,20210325_HUN_POL
2021-03-25,HUN,POL,HUN,Willi Orbán,78.0,False,False,20210325_HUN_POL
2021-03-25,HUN,POL,POL,Robert Lewandowski,83.0,False,False,20210325_HUN_POL
2021-03-25,ISR,DEN,DEN,Martin Braithwaite,13.0,False,False,20210325_ISR_DEN
2021-03-25,ISR,DEN,DEN,Jonas Wind,67.0,False,False,20210325_ISR_DEN
2021-03-25,ITA,NIR,ITA,Domenico Berardi,14.0,False,False,20210325_ITA_NIR
2021-03-25,ITA,NIR,ITA,Ciro Immobile,39.0,False,False,20210325_ITA_NIR
2021-03-25,LIE,ARM,ARM,Noah Frommelt,83.0,True,False,20210325_LIE_ARM
2021-03-25,MDA,FRO,MDA,Ion Nicolaescu,9.0,False,False,20210325_MDA_FRO
2021-03-25,MDA,FRO,FRO,Meinhard Olsen,83.0,False,False,20210325_MDA_FRO
2021-03-25,PAN,BRB,PAN,Jair Catuy,82.0,False,False,20210325_PAN_BRB
2021-03-25,ROU,MKD,ROU,Florin Tănase,28.0,False,False,20210325_ROU_MKD
2021-03-25,ROU,MKD,ROU,Valentin Mihăilă,50.0,False,False,20210325_ROU_MKD
2021-03-25,ROU,MKD,MKD,Arijan Ademi,82.0,False,False,20210325_ROU_MKD
2021-03-25,ROU,MKD,MKD,Aleksandar Trajkovski,83.0,False,False,20210325_ROU_MKD
2021-03-25,ROU,MKD,ROU,Ianis Hagi,86.0,False,False,20210325_ROU_MKD
2021-03-25,SCO,AUT,AUT,Saša Kalajdžić,55.0,False,False,20210325_SCO_AUT
2021-03-25,SCO,AUT,SCO,Grant Hanley,71.0,False,False,20210325_SCO_AUT
2021-03-25,SCO,AUT,AUT,Saša Kalajdžić,80.0,False,False,20210325_SCO_AUT
2021-03-25,SCO,AUT,SCO,John McGinn,85.0,False,False,20210325_SCO_AUT
2021-03-25,ESP,GRE,ESP,Álvaro Morata,33.0,False,False,20210325_ESP_GRE
2021-03-25,ESP,GRE,GRE,Tasos Bakasetas,57.0,False,True,20210325_ESP_GRE
2021-03-25,SWE,GEO,SWE,Viktor Claesson,35.0,False,False,20210325_SWE_GEO
2021-03-25,TJK,Mongolia,TJK,Manuchekhr Dzhalilov,4.0,False,False,20210325_TJK_Mongolia
2021-03-25,TJK,Mongolia,TJK,Alisher Dzhalilov,50.0,False,False,20210325_TJK_Mongolia
2021-03-25,TJK,Mongolia,TJK,Shahrom Samiev,87.0,False,False,20210325_TJK_Mongolia
2021-03-25,TRI,GUY,TRI,Levi García,7.0,False,False,20210325_TRI_GUY
2021-03-25,TRI,GUY,TRI,Sheldon Bateau,15.0,False,False,20210325_TRI_GUY
2021-03-25,TRI,GUY,TRI,Ryan Telfer,44.0,False,False,20210325_TRI_GUY
2021-03-27,Anguilla,DOM,DOM,Dorny Romero,22.0,False,True,20210327_Anguilla_DOM
2021-03-27,Anguilla,DOM,DOM,Nowend Lorenzo,25.0,False,False,20210327_Anguilla_DOM
2021-03-27,Anguilla,DOM,DOM,Dorny Romero,27.0,False,False,20210327_Anguilla_DOM
2021-03-27,Anguilla,DOM,DOM,Nowend Lorenzo,46.0,False,False,20210327_Anguilla_DOM
2021-03-27,Anguilla,DOM,DOM,Domingo Peralta,66.0,False,False,20210327_Anguilla_DOM
2021-03-27,Anguilla,DOM,DOM,Luis Espinal,75.0,False,False,20210327_Anguilla_DOM
2021-03-27,Aruba,SUR,SUR,Nigel Hasselbaink,19.0,False,False,20210327_Aruba_SUR
2021-03-27,Aruba,SUR,SUR,Francois Croes,27.0,True,False,20210327_Aruba_SUR
2021-03-27,Aruba,SUR,SUR,Nigel Hasselbaink,37.0,False,False,20210327_Aruba_SUR
2021-03-27,Aruba,SUR,SUR,Nigel Hasselbaink,55.0,False,False,20210327_Aruba_SUR
2021-03-27,Aruba,SUR,SUR,Florian Jozefzoon,70.0,False,False,20210327_Aruba_SUR
2021-03-27,Aruba,SUR,SUR,Roland Alberg,74.0,False,False,20210327_Aruba_SUR
2021-03-27,Bahamas,SKN,SKN,Keithroy Freeman,25.0,False,False,20210327_Bahamas_SKN
2021-03-27,Bahamas,SKN,SKN,Rowan Liburd,53.0,False,True,20210327_Bahamas_SKN
2021-03-27,Bahamas,SKN,SKN,Keithroy Freeman,65.0,False,False,20210327_Bahamas_SKN
2021-03-27,Bahamas,SKN,SKN,Omari Sterling-James,82.0,False,False,20210327_Bahamas_SKN
2021-03-27,BLR,EST,EST,Henri Anier,31.0,False,False,20210327_BLR_EST
2021-03-27,BLR,EST,BLR,Vitaly Lisakovich,45.0,False,True,20210327_BLR_EST
2021-03-27,BLR,EST,EST,Henri Anier,55.0,False,False,20210327_BLR_EST
2021-03-27,BLR,EST,BLR,Yury Kendysh,64.0,False,False,20210327_BLR_EST
2021-03-27,BLR,EST,BLR,Pavel Savitsky,81.0,False,False,20210327_BLR_EST
2021-03-27,BLR,EST,BLR,Vitaly Lisakovich,83.0,False,False,20210327_BLR_EST
2021-03-27,VGB,GUA,GUA,Darwin Lom,21.0,False,False,20210327_VGB_GUA
2021-03-27,VGB,GUA,GUA,Moisés Hernández,44.0,False,False,20210327_VGB_GUA
2021-03-27,VGB,GUA,GUA,Robin Betancourth,81.0,False,False,20210327_VGB_GUA
2021-03-27,CRO,CYP,CRO,Mario Pašalić,40.0,False,False,20210327_CRO_CYP
2021-03-27,CZE,BEL,CZE,Lukáš Provod,50.0,False,False,20210327_CZE_BEL
2021-03-27,CZE,BEL,BEL,Romelu Lukaku,60.0,False,False,20210327_CZE_BEL
2021-03-27,MNE,GIB,MNE,Fatos Bećiraj,25.0,False,False,20210327_MNE_GIB
2021-03-27,MNE,GIB,GIB,Reece Styche,30.0,False,True,20210327_MNE_GIB
2021-03-27,MNE,GIB,MNE,Marko Simić,43.0,False,False,20210327_MNE_GIB
2021-03-27,MNE,GIB,MNE,Žarko Tomašević,53.0,False,False,20210327_MNE_GIB
2021-03-27,MNE,GIB,MNE,Stevan Jovetić,80.0,False,False,20210327_MNE_GIB
2021-03-27,NED,LVA,NED,Steven Berghuis,32.0,False,False,20210327_NED_LVA
2021-03-27,NED,LVA,NED,Luuk de Jong,69.0,False,False,20210327_NED_LVA
2021-03-27,NOR,TUR,TUR,Ozan Tufan,4.0,False,False,20210327_NOR_TUR
2021-03-27,NOR,TUR,TUR,Çağlar Söyüncü,28.0,False,False,20210327_NOR_TUR
2021-03-27,NOR,TUR,TUR,Ozan Tufan,59.0,False,False,20210327_NOR_TUR
2021-03-27,IRL,LUX,LUX,Gerson Rodrigues,85.0,False,False,20210327_IRL_LUX
2021-03-27,RUS,SVN,RUS,Artem Dzyuba,26.0,False,False,20210327_RUS_SVN
2021-03-27,RUS,SVN,RUS,Artem Dzyuba,35.0,False,False,20210327_RUS_SVN
2021-03-27,RUS,SVN,SVN,Josip Iličić,36.0,False,False,20210327_RUS_SVN
2021-03-27,SRB,POR,POR,Diogo Jota,11.0,False,False,20210327_SRB_POR
2021-03-27,SRB,POR,POR,Diogo Jota,36.0,False,False,20210327_SRB_POR
2021-03-27,SRB,POR,SRB,Aleksandar Mitrović,46.0,False,False,20210327_SRB_POR
2021-03-27,SRB,POR,SRB,Filip Kostić,60.0,False,False,20210327_SRB_POR
2021-03-27,SVK,MLT,MLT,Luke Gambin,16.0,False,False,20210327_SVK_MLT
2021-03-27,SVK,MLT,MLT,Alexander Satariano,20.0,False,False,20210327_SVK_MLT
2021-03-27,SVK,MLT,SVK,David Strelec,49.0,False,False,20210327_SVK_MLT
2021-03-27,SVK,MLT,SVK,Milan Škriniar,53.0,False,False,20210327_SVK_MLT
2021-03-27,Turks and Caicos Islands,NCA,NCA,Juan Barrera,3.0,False,False,20210327_Turks-and-Caicos-Islands_NCA
2021-03-27,Turks and Caicos Islands,NCA,NCA,Ariagner Smith,8.0,False,False,20210327_Turks-and-Caicos-Islands_NCA
2021-03-27,Turks and Caicos Islands,NCA,NCA,Ariagner Smith,45.0,False,False,20210327_Turks-and-Caicos-Islands_NCA
2021-03-27,Turks and Caicos Islands,NCA,NCA,Marvin Fletes,46.0,False,False,20210327_Turks-and-Caicos-Islands_NCA
2021-03-27,Turks and Caicos Islands,NCA,NCA,Juan Barrera,59.0,False,False,20210327_Turks-and-Caicos-Islands_NCA
2021-03-27,Turks and Caicos Islands,NCA,NCA,Dshon Forbes,78.0,False,False,20210327_Turks-and-Caicos-Islands_NCA
2021-03-27,Turks and Caicos Islands,NCA,NCA,Matias Belli Moldskred,87.0,False,False,20210327_Turks-and-Caicos-Islands_NCA
2021-03-27,United States Virgin Islands,ATG,ATG,Peter Byers,26.0,False,False,20210327_United-States-Virgin-Islands_ATG
2021-03-27,United States Virgin Islands,ATG,ATG,Quinton Griffith,34.0,False,True,20210327_United-States-Virgin-Islands_ATG
2021-03-27,United States Virgin Islands,ATG,ATG,Quinton Griffith,42.0,False,False,20210327_United-States-Virgin-Islands_ATG
2021-03-28,ALB,ENG,ENG,Harry Kane,38.0,False,False,20210328_ALB_ENG
2021-03-28,ALB,ENG,ENG,Mason Mount,63.0,False,False,20210328_ALB_ENG
2021-03-28,ARM,ISL,ARM,Tigran Barseghyan,53.0,False,False,20210328_ARM_ISL
2021-03-28,ARM,ISL,ARM,Khoren Bayramyan,74.0,False,False,20210328_ARM_ISL
2021-03-28,AUT,FRO,FRO,Sonni Nattestad,19.0,False,False,20210328_AUT_FRO
2021-03-28,AUT,FRO,AUT,Aleksandar Dragović,30.0,False,False,20210328_AUT_FRO
2021-03-28,AUT,FRO,AUT,Christoph Baumgartner,37.0,False,False,20210328_AUT_FRO
2021-03-28,AUT,FRO,AUT,Saša Kalajdžić,44.0,False,False,20210328_AUT_FRO
2021-03-28,BUL,ITA,ITA,Andrea Belotti,43.0,False,True,20210328_BUL_ITA
2021-03-28,BUL,ITA,ITA,Manuel Locatelli,83.0,False,False,20210328_BUL_ITA
2021-03-28,CUB,CUW,CUW,Leandro Bacuna,11.0,False,False,20210328_CUB_CUW
2021-03-28,CUB,CUW,CUB,Onel Hernández,27.0,False,False,20210328_CUB_CUW
2021-03-28,CUB,CUW,CUW,Charlison Benschop,44.0,False,False,20210328_CUB_CUW
2021-03-28,DEN,MDA,DEN,Kasper Dolberg,19.0,False,True,20210328_DEN_MDA
2021-03-28,DEN,MDA,DEN,Mikkel Damsgaard,22.0,False,False,20210328_DEN_MDA
2021-03-28,DEN,MDA,DEN,Mikkel Damsgaard,29.0,False,False,20210328_DEN_MDA
2021-03-28,DEN,MDA,DEN,Jens Stryger Larsen,35.0,False,False,20210328_DEN_MDA
2021-03-28,DEN,MDA,DEN,Mathias Jensen,39.0,False,False,20210328_DEN_MDA
2021-03-28,DEN,MDA,DEN,Kasper Dolberg,48.0,False,False,20210328_DEN_MDA
2021-03-28,DEN,MDA,DEN,Robert Skov,81.0,False,False,20210328_DEN_MDA
2021-03-28,DEN,MDA,DEN,Marcus Ingvartsen,89.0,False,False,20210328_DEN_MDA
2021-03-28,DMA,PAN,PAN,Briel Thomas,28.0,True,False,20210328_DMA_PAN
2021-03-28,DMA,PAN,DMA,Audel Laville,82.0,False,False,20210328_DMA_PAN
2021-03-28,DMA,PAN,PAN,José Fajardo,85.0,False,False,20210328_DMA_PAN
2021-03-28,GEO,ESP,GEO,Khvicha Kvaratskhelia,44.0,False,False,20210328_GEO_ESP
2021-03-28,GEO,ESP,ESP,Ferran Torres,56.0,False,False,20210328_GEO_ESP
2021-03-28,GEO,ESP,ESP,Dani Olmo,90.0,False,False,20210328_GEO_ESP
2021-03-28,ISR,SCO,ISR,Dor Peretz,44.0,False,False,20210328_ISR_SCO
2021-03-28,ISR,SCO,SCO,Ryan Fraser,56.0,False,False,20210328_ISR_SCO
2021-03-28,KAZ,FRA,FRA,Ousmane Dembélé,19.0,False,False,20210328_KAZ_FRA
2021-03-28,KAZ,FRA,FRA,Serhiy Malyi,44.0,True,False,20210328_KAZ_FRA
2021-03-28,KVX,SWE,SWE,Ludwig Augustinsson,12.0,False,False,20210328_KVX_SWE
2021-03-28,KVX,SWE,SWE,Alexander Isak,35.0,False,False,20210328_KVX_SWE
2021-03-28,KVX,SWE,SWE,Sebastian Larsson,70.0,False,True,20210328_KVX_SWE
2021-03-28,Montserrat,SLV,SLV,David Rugamas,4.0,False,False,20210328_Montserrat_SLV
2021-03-28,Montserrat,SLV,Montserrat,Lyle Taylor,89.0,False,False,20210328_Montserrat_SLV
2021-03-28,MKD,LIE,MKD,Enis Bardhi,7.0,False,False,20210328_MKD_LIE
2021-03-28,MKD,LIE,MKD,Aleksandar Trajkovski,51.0,False,False,20210328_MKD_LIE
2021-03-28,MKD,LIE,MKD,Aleksandar Trajkovski,54.0,False,False,20210328_MKD_LIE
2021-03-28,MKD,LIE,MKD,Elif Elmas,62.0,False,False,20210328_MKD_LIE
2021-03-28,MKD,LIE,MKD,Ilija Nestorovski,82.0,False,True,20210328_MKD_LIE
2021-03-28,POL,AND,POL,Robert Lewandowski,30.0,False,False,20210328_POL_AND
2021-03-28,POL,AND,POL,Robert Lewandowski,55.0,False,False,20210328_POL_AND
2021-03-28,POL,AND,POL,Karol Świderski,88.0,False,False,20210328_POL_AND
2021-03-28,PUR,TRI,TRI,Joevin Jones,54.0,False,False,20210328_PUR_TRI
2021-03-28,PUR,TRI,PUR,Ricardo Rivera,72.0,False,False,20210328_PUR_TRI
2021-03-28,ROU,GER,GER,Serge Gnabry,17.0,False,False,20210328_ROU_GER
2021-03-28,SMR,HUN,HUN,Ádám Szalai,13.0,False,True,20210328_SMR_HUN
2021-03-28,SMR,HUN,HUN,Roland Sallai,71.0,False,False,20210328_SMR_HUN
2021-03-28,SMR,HUN,HUN,Nemanja Nikolić,88.0,False,True,20210328_SMR_HUN
2021-03-28,SUI,LTU,SUI,Xherdan Shaqiri,2.0,False,False,20210328_SUI_LTU
2021-03-28,UKR,FIN,UKR,Júnior Moraes,80.0,False,False,20210328_UKR_FIN
2021-03-28,UKR,FIN,FIN,Teemu Pukki,89.0,False,True,20210328_UKR_FIN
2021-03-29,CAY,CAN,CAN,Frank Sturing,6.0,False,False,20210329_CAY_CAN
2021-03-29,CAY,CAN,CAN,Cyle Larin,13.0,False,False,20210329_CAY_CAN
2021-03-29,CAY,CAN,CAN,David Wotherspoon,25.0,False,False,20210329_CAY_CAN
2021-03-29,CAY,CAN,CAN,Alphonso Davies,27.0,False,True,20210329_CAY_CAN
2021-03-29,CAY,CAN,CAN,Mark-Anthony Kaye,32.0,False,False,20210329_CAY_CAN
2021-03-29,CAY,CAN,CAN,Alistair Johnston,44.0,False,False,20210329_CAY_CAN
2021-03-29,CAY,CAN,CAN,Mark-Anthony Kaye,63.0,False,False,20210329_CAY_CAN
2021-03-29,CAY,CAN,CAN,Lucas Cavallini,68.0,False,False,20210329_CAY_CAN
2021-03-29,CAY,CAN,CAN,Alphonso Davies,73.0,False,False,20210329_CAY_CAN
2021-03-29,CAY,CAN,CAN,Lucas Cavallini,74.0,False,False,20210329_CAY_CAN
2021-03-29,CAY,CAN,CAN,Lucas Cavallini,76.0,False,False,20210329_CAY_CAN
2021-03-30,AZE,SRB,SRB,Aleksandar Mitrović,16.0,False,False,20210330_AZE_SRB
2021-03-30,AZE,SRB,AZE,Emin Mahmudov,59.0,False,True,20210330_AZE_SRB
2021-03-30,AZE,SRB,SRB,Aleksandar Mitrović,81.0,False,False,20210330_AZE_SRB
2021-03-30,BRB,Anguilla,BRB,Emile Saimovici,81.0,False,False,20210330_BRB_Anguilla
2021-03-30,BEL,BLR,BEL,Michy Batshuayi,14.0,False,False,20210330_BEL_BLR
2021-03-30,BEL,BLR,BEL,Hans Vanaken,17.0,False,False,20210330_BEL_BLR
2021-03-30,BEL,BLR,BEL,Leandro Trossard,38.0,False,False,20210330_BEL_BLR
2021-03-30,BEL,BLR,BEL,Jérémy Doku,42.0,False,False,20210330_BEL_BLR
2021-03-30,BEL,BLR,BEL,Dennis Praet,49.0,False,False,20210330_BEL_BLR
2021-03-30,BEL,BLR,BEL,Christian Benteke,70.0,False,False,20210330_BEL_BLR
2021-03-30,BEL,BLR,BEL,Leandro Trossard,74.0,False,False,20210330_BEL_BLR
2021-03-30,BEL,BLR,BEL,Hans Vanaken,89.0,False,False,20210330_BEL_BLR
2021-03-30,BLZ,Turks and Caicos Islands,BLZ,Carlos Bernárdez,45.0,False,False,20210330_BLZ_Turks-and-Caicos-Islands
2021-03-30,BLZ,Turks and Caicos Islands,BLZ,Jesse August,47.0,False,False,20210330_BLZ_Turks-and-Caicos-Islands
2021-03-30,BLZ,Turks and Caicos Islands,BLZ,Carlos Bernárdez,48.0,False,False,20210330_BLZ_Turks-and-Caicos-Islands
2021-03-30,BLZ,Turks and Caicos Islands,BLZ,Deshawon Nembhard,81.0,False,False,20210330_BLZ_Turks-and-Caicos-Islands
2021-03-30,BLZ,Turks and Caicos Islands,BLZ,Deon McCaulay,90.0,False,False,20210330_BLZ_Turks-and-Caicos-Islands
2021-03-30,BER,Aruba,BER,Kane Crichlow,36.0,False,False,20210330_BER_Aruba
2021-03-30,BER,Aruba,BER,Jaylon Bather,40.0,False,False,20210330_BER_Aruba
2021-03-30,BER,Aruba,BER,Dante Leverock,57.0,False,False,20210330_BER_Aruba
2021-03-30,BER,Aruba,BER,Knory Scott,64.0,False,False,20210330_BER_Aruba
2021-03-30,BER,Aruba,BER,Kane Crichlow,80.0,False,False,20210330_BER_Aruba
2021-03-30,CRO,MLT,CRO,Ivan Perišić,62.0,False,False,20210330_CRO_MLT
2021-03-30,CRO,MLT,CRO,Luka Modrić,76.0,False,True,20210330_CRO_MLT
2021-03-30,CRO,MLT,CRO,Josip Brekalo,90.0,False,False,20210330_CRO_MLT
2021-03-30,CYP,SVN,CYP,Ioannis Pittas,42.0,False,False,20210330_CYP_SVN
2021-03-30,GIB,NED,NED,Steven Berghuis,42.0,False,False,20210330_GIB_NED
2021-03-30,GIB,NED,NED,Luuk de Jong,55.0,False,False,20210330_GIB_NED
2021-03-30,GIB,NED,NED,Memphis Depay,61.0,False,False,20210330_GIB_NED
2021-03-30,GIB,NED,NED,Georginio Wijnaldum,62.0,False,False,20210330_GIB_NED
2021-03-30,GIB,NED,NED,Donyell Malen,64.0,False,False,20210330_GIB_NED
2021-03-30,GIB,NED,NED,Donny van de Beek,85.0,False,False,20210330_GIB_NED
2021-03-30,GIB,NED,NED,Memphis Depay,88.0,False,False,20210330_GIB_NED
2021-03-30,GRN,United States Virgin Islands,GRN,Saydrel Lewis,33.0,False,False,20210330_GRN_United-States-Virgin-Islands
2021-03-30,GUY,Bahamas,GUY,Terence Vancooten,8.0,False,False,20210330_GUY_Bahamas
2021-03-30,GUY,Bahamas,GUY,Kadell Daniel,54.0,False,False,20210330_GUY_Bahamas
2021-03-30,GUY,Bahamas,GUY,Omari Glasgow,75.0,False,False,20210330_GUY_Bahamas
2021-03-30,GUY,Bahamas,GUY,Emery Welshman,81.0,False,False,20210330_GUY_Bahamas
2021-03-30,JPN,Mongolia,JPN,Takumi Minamino,13.0,False,False,20210330_JPN_Mongolia
2021-03-30,JPN,Mongolia,JPN,Yuya Osako,23.0,False,False,20210330_JPN_Mongolia
2021-03-30,JPN,Mongolia,JPN,Daichi Kamada,26.0,False,False,20210330_JPN_Mongolia
2021-03-30,JPN,Mongolia,JPN,Hidemasa Morita,33.0,False,False,20210330_JPN_Mongolia
2021-03-30,JPN,Mongolia,JPN,Khash-Erdene Tuya,39.0,True,False,20210330_JPN_Mongolia
2021-03-30,JPN,Mongolia,JPN,Yuya Osako,55.0,False,False,20210330_JPN_Mongolia
2021-03-30,JPN,Mongolia,JPN,Sho Inagaki,68.0,False,False,20210330_JPN_Mongolia
2021-03-30,JPN,Mongolia,JPN,Junya Ito,73.0,False,False,20210330_JPN_Mongolia
2021-03-30,JPN,Mongolia,JPN,Kyogo Furuhashi,78.0,False,False,20210330_JPN_Mongolia
2021-03-30,JPN,Mongolia,JPN,Junya Ito,79.0,False,False,20210330_JPN_Mongolia
2021-03-30,JPN,Mongolia,JPN,Kyogo Furuhashi,87.0,False,False,20210330_JPN_Mongolia
2021-03-30,JPN,Mongolia,JPN,Yuya Osako,90.0,False,False,20210330_JPN_Mongolia
2021-03-30,JPN,Mongolia,JPN,Sho Inagaki,90.0,False,False,20210330_JPN_Mongolia
2021-03-30,JPN,Mongolia,JPN,Takuma Asano,90.0,False,False,20210330_JPN_Mongolia
2021-03-30,LUX,POR,LUX,Gerson Rodrigues,30.0,False,False,20210330_LUX_POR
2021-03-30,LUX,POR,POR,Diogo Jota,45.0,False,False,20210330_LUX_POR
2021-03-30,LUX,POR,POR,Cristiano Ronaldo,51.0,False,False,20210330_LUX_POR
2021-03-30,LUX,POR,POR,João Palhinha,80.0,False,False,20210330_LUX_POR
2021-03-30,MNE,NOR,NOR,Alexander Sørloth,35.0,False,False,20210330_MNE_NOR
2021-03-30,VIN,VGB,VIN,Oalex Anderson,10.0,False,False,20210330_VIN_VGB
2021-03-30,VIN,VGB,VIN,Zidane Sam,20.0,False,False,20210330_VIN_VGB
2021-03-30,VIN,VGB,VIN,Azinho Solomon,86.0,False,False,20210330_VIN_VGB
2021-03-30,KSA,PLE,KSA,Yasser Al-Shahrani,37.0,False,False,20210330_KSA_PLE
2021-03-30,KSA,PLE,KSA,Fahad Al-Muwallad,43.0,False,False,20210330_KSA_PLE
2021-03-30,KSA,PLE,KSA,Saleh Al-Shehri,52.0,False,False,20210330_KSA_PLE
2021-03-30,KSA,PLE,KSA,Saleh Al-Shehri,58.0,False,False,20210330_KSA_PLE
2021-03-30,KSA,PLE,KSA,Salem Al-Dawsari,88.0,False,True,20210330_KSA_PLE
2021-03-30,SVK,RUS,SVK,Milan Škriniar,38.0,False,False,20210330_SVK_RUS
2021-03-30,SVK,RUS,RUS,Mário Fernandes,71.0,False,False,20210330_SVK_RUS
2021-03-30,SVK,RUS,SVK,Róbert Mak,74.0,False,False,20210330_SVK_RUS
2021-03-30,TUR,LVA,TUR,Kenan Karaman,2.0,False,False,20210330_TUR_LVA
2021-03-30,TUR,LVA,TUR,Hakan Çalhanoğlu,33.0,False,False,20210330_TUR_LVA
2021-03-30,TUR,LVA,LVA,Roberts Savaļnieks,35.0,False,False,20210330_TUR_LVA
2021-03-30,TUR,LVA,TUR,Burak Yılmaz,52.0,False,True,20210330_TUR_LVA
2021-03-30,TUR,LVA,LVA,Roberts Uldriķis,58.0,False,False,20210330_TUR_LVA
2021-03-30,TUR,LVA,LVA,Dāvis Ikaunieks,79.0,False,False,20210330_TUR_LVA
2021-03-30,WAL,CZE,WAL,Daniel James,82.0,False,False,20210330_WAL_CZE
2021-03-31,AND,HUN,HUN,Attila Fiola,45.0,False,False,20210331_AND_HUN
2021-03-31,AND,HUN,HUN,Dániel Gazdag,51.0,False,False,20210331_AND_HUN
2021-03-31,AND,HUN,HUN,László Kleinheisler,58.0,False,False,20210331_AND_HUN
2021-03-31,AND,HUN,AND,Marc Pujol,90.0,False,True,20210331_AND_HUN
2021-03-31,AND,HUN,HUN,Loïc Négo,90.0,False,False,20210331_AND_HUN
2021-03-31,ARM,ROU,ARM,Eduard Spertsyan,56.0,False,False,20210331_ARM_ROU
2021-03-31,ARM,ROU,ROU,Alexandru Cicâldău,62.0,False,False,20210331_ARM_ROU
2021-03-31,ARM,ROU,ROU,Alexandru Cicâldău,72.0,False,False,20210331_ARM_ROU
2021-03-31,ARM,ROU,ARM,Varazdat Haroyan,87.0,False,False,20210331_ARM_ROU
2021-03-31,ARM,ROU,ARM,Tigran Barseghyan,89.0,False,True,20210331_ARM_ROU
2021-03-31,AUT,DEN,DEN,Andreas Skov Olsen,58.0,False,False,20210331_AUT_DEN
2021-03-31,AUT,DEN,DEN,Joakim Mæhle,63.0,False,False,20210331_AUT_DEN
2021-03-31,AUT,DEN,DEN,Pierre-Emile Højbjerg,67.0,False,False,20210331_AUT_DEN
2021-03-31,AUT,DEN,DEN,Andreas Skov Olsen,74.0,False,False,20210331_AUT_DEN
2021-03-31,BIH,FRA,FRA,Antoine Griezmann,60.0,False,False,20210331_BIH_FRA
2021-03-31,ENG,POL,ENG,Harry Kane,19.0,False,True,20210331_ENG_POL
2021-03-31,ENG,POL,POL,Jakub Moder,58.0,False,False,20210331_ENG_POL
2021-03-31,ENG,POL,ENG,Harry Maguire,85.0,False,False,20210331_ENG_POL
2021-03-31,GER,MKD,MKD,Goran Pandev,45.0,False,False,20210331_GER_MKD
2021-03-31,GER,MKD,GER,İlkay Gündoğan,63.0,False,True,20210331_GER_MKD
2021-03-31,GER,MKD,MKD,Elif Elmas,85.0,False,False,20210331_GER_MKD
2021-03-31,GRE,GEO,GRE,Otar Kakabadze,76.0,True,False,20210331_GRE_GEO
2021-03-31,GRE,GEO,GEO,Khvicha Kvaratskhelia,78.0,False,False,20210331_GRE_GEO
2021-03-31,LIE,ISL,ISL,Birkir Már Sævarsson,12.0,False,False,20210331_LIE_ISL
2021-03-31,LIE,ISL,ISL,Birkir Bjarnason,45.0,False,False,20210331_LIE_ISL
2021-03-31,LIE,ISL,ISL,Victor Pálsson,77.0,False,False,20210331_LIE_ISL
2021-03-31,LIE,ISL,LIE,Yanik Frick,79.0,False,False,20210331_LIE_ISL
2021-03-31,LIE,ISL,ISL,Rúnar Már Sigurjónsson,90.0,False,True,20210331_LIE_ISL
2021-03-31,LTU,ITA,ITA,Stefano Sensi,48.0,False,False,20210331_LTU_ITA
2021-03-31,LTU,ITA,ITA,Ciro Immobile,90.0,False,True,20210331_LTU_ITA
2021-03-31,MDA,ISR,MDA,Cătălin Carp,29.0,False,False,20210331_MDA_ISR
2021-03-31,MDA,ISR,ISR,Eran Zahavi,45.0,False,False,20210331_MDA_ISR
2021-03-31,MDA,ISR,ISR,Manor Solomon,57.0,False,False,20210331_MDA_ISR
2021-03-31,MDA,ISR,ISR,Mu'nas Dabbur,64.0,False,False,20210331_MDA_ISR
2021-03-31,MDA,ISR,ISR,Bibras Natcho,66.0,False,False,20210331_MDA_ISR
2021-03-31,SMR,ALB,ALB,Rey Manaj,63.0,False,False,20210331_SMR_ALB
2021-03-31,SMR,ALB,ALB,Myrto Uzuni,85.0,False,False,20210331_SMR_ALB
2021-03-31,SCO,FRO,SCO,John McGinn,7.0,False,False,20210331_SCO_FRO
2021-03-31,SCO,FRO,SCO,John McGinn,53.0,False,False,20210331_SCO_FRO
2021-03-31,SCO,FRO,SCO,Ché Adams,60.0,False,False,20210331_SCO_FRO
2021-03-31,SCO,FRO,SCO,Ryan Fraser,70.0,False,False,20210331_SCO_FRO
2021-03-31,ESP,KVX,ESP,Dani Olmo,34.0,False,False,20210331_ESP_KVX
2021-03-31,ESP,KVX,ESP,Ferran Torres,36.0,False,False,20210331_ESP_KVX
2021-03-31,ESP,KVX,KVX,Besar Halimi,70.0,False,False,20210331_ESP_KVX
2021-03-31,ESP,KVX,ESP,Gerard Moreno,75.0,False,False,20210331_ESP_KVX
2021-03-31,UKR,KAZ,UKR,Roman Yaremchuk,20.0,False,False,20210331_UKR_KAZ
2021-03-31,UKR,KAZ,KAZ,Serikzhan Muzhikov,59.0,False,False,20210331_UKR_KAZ
2021-05-28,JPN,MYA,JPN,Takumi Minamino,8.0,False,False,20210528_JPN_MYA
2021-05-28,JPN,MYA,JPN,Yuya Osako,22.0,False,False,20210528_JPN_MYA
2021-05-28,JPN,MYA,JPN,Yuya Osako,30.0,False,True,20210528_JPN_MYA
2021-05-28,JPN,MYA,JPN,Yuya Osako,36.0,False,False,20210528_JPN_MYA
2021-05-28,JPN,MYA,JPN,Yuya Osako,49.0,False,False,20210528_JPN_MYA
2021-05-28,JPN,MYA,JPN,Hidemasa Morita,57.0,False,False,20210528_JPN_MYA
2021-05-28,JPN,MYA,JPN,Takumi Minamino,66.0,False,False,20210528_JPN_MYA
2021-05-28,JPN,MYA,JPN,Daichi Kamada,84.0,False,False,20210528_JPN_MYA
2021-05-28,JPN,MYA,JPN,Yuya Osako,88.0,False,False,20210528_JPN_MYA
2021-05-28,JPN,MYA,JPN,Ko Itakura,90.0,False,False,20210528_JPN_MYA
2021-05-30,CHN,GUM,CHN,Wu Lei,20.0,False,True,20210530_CHN_GUM
2021-05-30,CHN,GUM,CHN,Jin Jingdao,39.0,False,False,20210530_CHN_GUM
2021-05-30,CHN,GUM,CHN,Wu Lei,55.0,False,False,20210530_CHN_GUM
2021-05-30,CHN,GUM,CHN,Wu Xi,61.0,False,False,20210530_CHN_GUM
2021-05-30,CHN,GUM,CHN,Elkeson,65.0,False,False,20210530_CHN_GUM
2021-05-30,CHN,GUM,CHN,Alan Carvalho,83.0,False,False,20210530_CHN_GUM
2021-05-30,CHN,GUM,CHN,Alan Carvalho,87.0,False,False,20210530_CHN_GUM
2021-06-01,LTU,EST,EST,Henri Anier,59.0,False,False,20210601_LTU_EST
2021-06-02,CAY,Aruba,CAY,Jonah Ebanks,30.0,False,True,20210602_CAY_Aruba
2021-06-02,CAY,Aruba,Aruba,Joshua John,40.0,False,False,20210602_CAY_Aruba
2021-06-02,CAY,Aruba,Aruba,Terence Groothusen,45.0,False,False,20210602_CAY_Aruba
2021-06-02,CAY,Aruba,Aruba,Joshua John,75.0,False,False,20210602_CAY_Aruba
2021-06-02,CUB,VGB,CUB,Luis Paradela,33.0,False,False,20210602_CUB_VGB
2021-06-02,CUB,VGB,CUB,Onel Hernández,68.0,False,False,20210602_CUB_VGB
2021-06-02,CUB,VGB,CUB,Maikel Reyes,76.0,False,False,20210602_CUB_VGB
2021-06-02,CUB,VGB,CUB,Cavafe,80.0,False,False,20210602_CUB_VGB
2021-06-02,CUB,VGB,CUB,Dairon Reyes,90.0,False,False,20210602_CUB_VGB
2021-06-02,DMA,Anguilla,DMA,Briel Thomas,3.0,False,False,20210602_DMA_Anguilla
2021-06-02,DMA,Anguilla,DMA,Chad Bertrand,34.0,False,False,20210602_DMA_Anguilla
2021-06-02,DMA,Anguilla,DMA,Julian Wade,42.0,False,False,20210602_DMA_Anguilla
2021-06-02,PUR,Bahamas,PUR,Gerald Díaz,3.0,False,False,20210602_PUR_Bahamas
2021-06-02,PUR,Bahamas,PUR,Ricardo Rivera,13.0,False,False,20210602_PUR_Bahamas
2021-06-02,PUR,Bahamas,PUR,Isaac Angking,31.0,False,False,20210602_PUR_Bahamas
2021-06-02,PUR,Bahamas,PUR,Ricardo Rivera,43.0,False,True,20210602_PUR_Bahamas
2021-06-02,PUR,Bahamas,PUR,Devin Vega,62.0,False,False,20210602_PUR_Bahamas
2021-06-02,PUR,Bahamas,PUR,Jaden Servania,66.0,False,False,20210602_PUR_Bahamas
2021-06-02,PUR,Bahamas,PUR,Lester Hayes III,90.0,False,False,20210602_PUR_Bahamas
2021-06-03,ARG,CHI,ARG,Lionel Messi,23.0,False,True,20210603_ARG_CHI
2021-06-03,ARG,CHI,CHI,Alexis Sánchez,36.0,False,False,20210603_ARG_CHI
2021-06-03,BHR,CAM,BHR,Kamil Al Aswad,8.0,False,False,20210603_BHR_CAM
2021-06-03,BHR,CAM,BHR,Mohamed Al-Romaihi,45.0,False,False,20210603_BHR_CAM
2021-06-03,BHR,CAM,BHR,Ali Madan,46.0,False,False,20210603_BHR_CAM
2021-06-03,BHR,CAM,BHR,Jasim Al-Shaikh,51.0,False,False,20210603_BHR_CAM
2021-06-03,BHR,CAM,BHR,Ali Madan,65.0,False,False,20210603_BHR_CAM
2021-06-03,BHR,CAM,BHR,Kamil Al Aswad,71.0,False,False,20210603_BHR_CAM
2021-06-03,BHR,CAM,BHR,Ismail Abdullatif,75.0,False,False,20210603_BHR_CAM
2021-06-03,BHR,CAM,BHR,Ismail Abdullatif,90.0,False,False,20210603_BHR_CAM
2021-06-03,BAN,AFG,AFG,Amredin Sharifi,47.0,False,False,20210603_BAN_AFG
2021-06-03,BAN,AFG,BAN,Topu Barman,83.0,False,False,20210603_BAN_AFG
2021-06-03,BOL,VEN,BOL,Marcelo Martins Moreno,5.0,False,False,20210603_BOL_VEN
2021-06-03,BOL,VEN,VEN,Jhon Chancellor,26.0,False,False,20210603_BOL_VEN
2021-06-03,BOL,VEN,BOL,Diego Bejarano,60.0,False,False,20210603_BOL_VEN
2021-06-03,BOL,VEN,BOL,Marcelo Martins Moreno,83.0,False,False,20210603_BOL_VEN
2021-06-03,IRN,HKG,IRN,Ali Gholizadeh,23.0,False,False,20210603_IRN_HKG
2021-06-03,IRN,HKG,IRN,Vahid Amiri,61.0,False,False,20210603_IRN_HKG
2021-06-03,IRN,HKG,IRN,Karim Ansarifard,84.0,False,False,20210603_IRN_HKG
2021-06-03,IRN,HKG,HKG,Cheng Siu Kwan,85.0,False,False,20210603_IRN_HKG
2021-06-03,KUW,AUS,AUS,Mathew Leckie,1.0,False,False,20210603_KUW_AUS
2021-06-03,KUW,AUS,AUS,Jackson Irvine,24.0,False,False,20210603_KUW_AUS
2021-06-03,KUW,AUS,AUS,Ajdin Hrustic,66.0,False,False,20210603_KUW_AUS
2021-06-03,NEP,TPE,NEP,Anjan Bista,3.0,False,True,20210603_NEP_TPE
2021-06-03,NEP,TPE,NEP,Nawayug Shrestha,80.0,False,False,20210603_NEP_TPE
2021-06-03,PLE,SGP,PLE,Tamer Seyam,19.0,False,True,20210603_PLE_SGP
2021-06-03,PLE,SGP,PLE,Oday Dabbagh,23.0,False,False,20210603_PLE_SGP
2021-06-03,PLE,SGP,PLE,Tamer Seyam,30.0,False,True,20210603_PLE_SGP
2021-06-03,PLE,SGP,PLE,Yaser Hamed,85.0,False,False,20210603_PLE_SGP
2021-06-03,PER,COL,COL,Yerry Mina,40.0,False,False,20210603_PER_COL
2021-06-03,PER,COL,COL,Mateus Uribe,49.0,False,False,20210603_PER_COL
2021-06-03,PER,COL,COL,Luis Díaz,55.0,False,False,20210603_PER_COL
2021-06-03,QAT,IND,QAT,Abdulaziz Hatem,33.0,False,False,20210603_QAT_IND
2021-06-03,THA,IDN,THA,Narubadin Weerawatnodom,5.0,False,False,20210603_THA_IDN
2021-06-03,THA,IDN,IDN,I Kadek Agung Widnyana,39.0,False,False,20210603_THA_IDN
2021-06-03,THA,IDN,THA,Adisak Kraisorn,50.0,False,False,20210603_THA_IDN
2021-06-03,THA,IDN,IDN,Evan Dimas,60.0,False,False,20210603_THA_IDN
2021-06-03,UAE,MAS,UAE,Ali Mabkhout,18.0,False,False,20210603_UAE_MAS
2021-06-03,UAE,MAS,UAE,Fábio Virginio de Lima,83.0,False,False,20210603_UAE_MAS
2021-06-03,UAE,MAS,UAE,Ali Mabkhout,90.0,False,False,20210603_UAE_MAS
2021-06-03,UAE,MAS,UAE,Fábio Virginio de Lima,90.0,False,False,20210603_UAE_MAS
2021-06-04,ATG,GRN,ATG,Rhys Browne,20.0,False,False,20210604_ATG_GRN
2021-06-04,BRA,ECU,BRA,Richarlison,65.0,False,False,20210604_BRA_ECU
2021-06-04,BRA,ECU,BRA,Neymar,90.0,False,True,20210604_BRA_ECU
2021-06-04,DOM,BRB,BRB,Niall Reid-Stephen,42.0,False,False,20210604_DOM_BRB
2021-06-04,DOM,BRB,DOM,Manny Rodríguez,90.0,False,False,20210604_DOM_BRB
2021-06-04,GUA,VIN,GUA,Darwin Lom,2.0,False,False,20210604_GUA_VIN
2021-06-04,GUA,VIN,GUA,Rudy Barrientos,12.0,False,False,20210604_GUA_VIN
2021-06-04,GUA,VIN,GUA,Oscar Santis,16.0,False,False,20210604_GUA_VIN
2021-06-04,GUA,VIN,GUA,Moisés Hernández,33.0,False,True,20210604_GUA_VIN
2021-06-04,GUA,VIN,GUA,Gerardo Gordillo,41.0,False,False,20210604_GUA_VIN
2021-06-04,GUA,VIN,GUA,Luis Martínez,52.0,False,False,20210604_GUA_VIN
2021-06-04,GUA,VIN,GUA,Robin Betancourth,66.0,False,False,20210604_GUA_VIN
2021-06-04,GUA,VIN,GUA,Marvin Ceballos,79.0,False,True,20210604_GUA_VIN
2021-06-04,GUA,VIN,GUA,Jorge Estuardo Vargas,85.0,False,False,20210604_GUA_VIN
2021-06-04,GUA,VIN,GUA,John Méndez,89.0,False,False,20210604_GUA_VIN
2021-06-04,LVA,LTU,LVA,Markas Beneta,37.0,True,False,20210604_LVA_LTU
2021-06-04,LVA,LTU,LTU,Paulius Golubickas,67.0,False,False,20210604_LVA_LTU
2021-06-04,LVA,LTU,LVA,Eduards Emsis,69.0,False,False,20210604_LVA_LTU
2021-06-04,LVA,LTU,LVA,Roberts Uldriķis,85.0,False,False,20210604_LVA_LTU
2021-06-04,MDV,SYR,SYR,Mahmoud Al-Mawas,29.0,False,False,20210604_MDV_SYR
2021-06-04,MDV,SYR,SYR,Aias Aosman,33.0,False,True,20210604_MDV_SYR
2021-06-04,MDV,SYR,SYR,Mahmoud Al-Mawas,45.0,False,True,20210604_MDV_SYR
2021-06-04,MDV,SYR,SYR,Mahmoud Al-Mawas,71.0,False,True,20210604_MDV_SYR
2021-06-04,NCA,BLZ,NCA,Richard Rodríguez,25.0,False,False,20210604_NCA_BLZ
2021-06-04,NCA,BLZ,NCA,Byron Bonilla,46.0,False,False,20210604_NCA_BLZ
2021-06-04,NCA,BLZ,NCA,Juan Barrera,51.0,False,False,20210604_NCA_BLZ
2021-06-04,SKN,GUY,SKN,Keithroy Freeman,9.0,False,True,20210604_SKN_GUY
2021-06-04,SKN,GUY,SKN,Keithroy Freeman,36.0,False,False,20210604_SKN_GUY
2021-06-04,SKN,GUY,SKN,Romaine Sawyers,67.0,False,False,20210604_SKN_GUY
2021-06-04,SUR,BER,SUR,Sheraldo Becker,3.0,False,False,20210604_SUR_BER
2021-06-04,SUR,BER,SUR,Nigel Hasselbaink,15.0,False,False,20210604_SUR_BER
2021-06-04,SUR,BER,SUR,Sheraldo Becker,36.0,False,False,20210604_SUR_BER
2021-06-04,SUR,BER,SUR,Nigel Hasselbaink,37.0,False,False,20210604_SUR_BER
2021-06-04,SUR,BER,SUR,Nigel Hasselbaink,65.0,False,False,20210604_SUR_BER
2021-06-04,SUR,BER,SUR,Shaquille Pinas,74.0,False,False,20210604_SUR_BER
2021-06-05,Aruba,CAN,CAN,Lucas Cavallini,17.0,False,False,20210605_Aruba_CAN
2021-06-05,Aruba,CAN,CAN,Junior Hoilett,20.0,False,True,20210605_Aruba_CAN
2021-06-05,Aruba,CAN,CAN,Lucas Cavallini,45.0,False,False,20210605_Aruba_CAN
2021-06-05,Aruba,CAN,CAN,Zachary Brault-Guillard,49.0,False,False,20210605_Aruba_CAN
2021-06-05,Aruba,CAN,CAN,Alphonso Davies,78.0,False,False,20210605_Aruba_CAN
2021-06-05,Aruba,CAN,CAN,Cyle Larin,87.0,False,False,20210605_Aruba_CAN
2021-06-05,Aruba,CAN,CAN,Jonathan David,89.0,False,False,20210605_Aruba_CAN
2021-06-05,VGB,CUW,CUW,Brandley Kuwas,7.0,False,False,20210605_VGB_CUW
2021-06-05,VGB,CUW,CUW,Michaël Maria,9.0,False,False,20210605_VGB_CUW
2021-06-05,VGB,CUW,CUW,Leandro Bacuna,11.0,False,False,20210605_VGB_CUW
2021-06-05,VGB,CUW,CUW,Charlison Benschop,18.0,False,True,20210605_VGB_CUW
2021-06-05,VGB,CUW,CUW,Charlison Benschop,22.0,False,False,20210605_VGB_CUW
2021-06-05,VGB,CUW,CUW,Michaël Maria,27.0,False,False,20210605_VGB_CUW
2021-06-05,VGB,CUW,CUW,Kenji Gorré,57.0,False,False,20210605_VGB_CUW
2021-06-05,VGB,CUW,CUW,Kenji Gorré,90.0,False,False,20210605_VGB_CUW
2021-06-05,LIB,SRI,SRI,Ahmed Waseem Razeek,10.0,False,False,20210605_LIB_SRI
2021-06-05,LIB,SRI,LIB,Joan Oumari,11.0,False,False,20210605_LIB_SRI
2021-06-05,LIB,SRI,LIB,Mohamad Kdouh,17.0,False,False,20210605_LIB_SRI
2021-06-05,LIB,SRI,LIB,Joan Oumari,44.0,False,False,20210605_LIB_SRI
2021-06-05,LIB,SRI,SRI,Ahmed Waseem Razeek,61.0,False,True,20210605_LIB_SRI
2021-06-05,PAN,Anguilla,PAN,Armando Cooper,7.0,False,False,20210605_PAN_Anguilla
2021-06-05,PAN,Anguilla,PAN,Cecilio Waterman,18.0,False,False,20210605_PAN_Anguilla
2021-06-05,PAN,Anguilla,PAN,Jorman Aguilar,31.0,False,False,20210605_PAN_Anguilla
2021-06-05,PAN,Anguilla,PAN,Gabriel Torres,35.0,False,True,20210605_PAN_Anguilla
2021-06-05,PAN,Anguilla,PAN,Tafari Smith,48.0,True,False,20210605_PAN_Anguilla
2021-06-05,PAN,Anguilla,PAN,Cecilio Waterman,50.0,False,False,20210605_PAN_Anguilla
2021-06-05,PAN,Anguilla,PAN,Gabriel Torres,53.0,False,False,20210605_PAN_Anguilla
2021-06-05,PAN,Anguilla,PAN,Miguel Camargo,58.0,False,False,20210605_PAN_Anguilla
2021-06-05,PAN,Anguilla,PAN,Gabriel Torres,70.0,False,False,20210605_PAN_Anguilla
2021-06-05,PAN,Anguilla,PAN,Jair Catuy,73.0,False,False,20210605_PAN_Anguilla
2021-06-05,PAN,Anguilla,PAN,Gabriel Torres,83.0,False,True,20210605_PAN_Anguilla
2021-06-05,PAN,Anguilla,PAN,Alberto Quintero,84.0,False,False,20210605_PAN_Anguilla
2021-06-05,PAN,Anguilla,PAN,Francisco Palacios,90.0,False,False,20210605_PAN_Anguilla
2021-06-05,KSA,YEM,KSA,Salem Al-Dawsari,4.0,False,False,20210605_KSA_YEM
2021-06-05,KSA,YEM,KSA,Fahad Al-Muwallad,17.0,False,False,20210605_KSA_YEM
2021-06-05,KSA,YEM,KSA,Fahad Al-Muwallad,32.0,False,False,20210605_KSA_YEM
2021-06-05,KOR,TKM,KOR,Hwang Ui-jo,9.0,False,False,20210605_KOR_TKM
2021-06-05,KOR,TKM,KOR,Nam Tae-hee,45.0,False,False,20210605_KOR_TKM
2021-06-05,KOR,TKM,KOR,Kim Young-gwon,56.0,False,False,20210605_KOR_TKM
2021-06-05,KOR,TKM,KOR,Kwon Chang-hoon,62.0,False,False,20210605_KOR_TKM
2021-06-05,KOR,TKM,KOR,Hwang Ui-jo,72.0,False,False,20210605_KOR_TKM
2021-06-05,Turks and Caicos Islands,HAI,HAI,Duckens Nazon,27.0,False,False,20210605_Turks-and-Caicos-Islands_HAI
2021-06-05,Turks and Caicos Islands,HAI,HAI,Duckens Nazon,30.0,False,False,20210605_Turks-and-Caicos-Islands_HAI
2021-06-05,Turks and Caicos Islands,HAI,HAI,Duckens Nazon,34.0,False,False,20210605_Turks-and-Caicos-Islands_HAI
2021-06-05,Turks and Caicos Islands,HAI,HAI,Duckens Nazon,37.0,False,False,20210605_Turks-and-Caicos-Islands_HAI
2021-06-05,Turks and Caicos Islands,HAI,HAI,Carnejy Antoine,42.0,False,False,20210605_Turks-and-Caicos-Islands_HAI
2021-06-05,Turks and Caicos Islands,HAI,HAI,Carnejy Antoine,53.0,False,False,20210605_Turks-and-Caicos-Islands_HAI
2021-06-05,Turks and Caicos Islands,HAI,HAI,Frantzdy Pierrot,75.0,False,False,20210605_Turks-and-Caicos-Islands_HAI
2021-06-05,Turks and Caicos Islands,HAI,HAI,Carnejy Antoine,83.0,False,False,20210605_Turks-and-Caicos-Islands_HAI
2021-06-05,Turks and Caicos Islands,HAI,HAI,Frantzdy Pierrot,87.0,False,False,20210605_Turks-and-Caicos-Islands_HAI
2021-06-05,Turks and Caicos Islands,HAI,HAI,Frantzdy Pierrot,90.0,False,False,20210605_Turks-and-Caicos-Islands_HAI
2021-06-05,United States Virgin Islands,SLV,SLV,Marvin Monterrosa,23.0,False,False,20210605_United-States-Virgin-Islands_SLV
2021-06-05,United States Virgin Islands,SLV,SLV,Juan Carlos Portillo,30.0,False,False,20210605_United-States-Virgin-Islands_SLV
2021-06-05,United States Virgin Islands,SLV,SLV,David Rugamas,78.0,False,False,20210605_United-States-Virgin-Islands_SLV
2021-06-05,United States Virgin Islands,SLV,SLV,Joshua Pérez,79.0,False,False,20210605_United-States-Virgin-Islands_SLV
2021-06-05,United States Virgin Islands,SLV,SLV,David Rugamas,82.0,False,False,20210605_United-States-Virgin-Islands_SLV
2021-06-05,United States Virgin Islands,SLV,SLV,Marvin Monterrosa,86.0,False,False,20210605_United-States-Virgin-Islands_SLV
2021-06-05,United States Virgin Islands,SLV,SLV,David Rugamas,90.0,False,False,20210605_United-States-Virgin-Islands_SLV
2021-06-07,AUS,TPE,AUS,Harry Souttar,12.0,False,False,20210607_AUS_TPE
2021-06-07,AUS,TPE,AUS,Jamie Maclaren,27.0,False,True,20210607_AUS_TPE
2021-06-07,AUS,TPE,AUS,Trent Sainsbury,41.0,False,False,20210607_AUS_TPE
2021-06-07,AUS,TPE,AUS,Mitchell Duke,46.0,False,False,20210607_AUS_TPE
2021-06-07,AUS,TPE,TPE,Gao Wei-jie,62.0,False,False,20210607_AUS_TPE
2021-06-07,AUS,TPE,AUS,Mitchell Duke,84.0,False,False,20210607_AUS_TPE
2021-06-07,BHR,IRN,IRN,Sardar Azmoun,54.0,False,False,20210607_BHR_IRN
2021-06-07,BHR,IRN,IRN,Sardar Azmoun,61.0,False,False,20210607_BHR_IRN
2021-06-07,BHR,IRN,IRN,Mehdi Taremi,79.0,False,False,20210607_BHR_IRN
2021-06-07,BAN,IND,IND,Sunil Chhetri,79.0,False,False,20210607_BAN_IND
2021-06-07,BAN,IND,IND,Sunil Chhetri,90.0,False,False,20210607_BAN_IND
2021-06-07,CHN,PHI,CHN,Wu Lei,56.0,False,True,20210607_CHN_PHI
2021-06-07,CHN,PHI,CHN,Wu Xinghan,65.0,False,False,20210607_CHN_PHI
2021-06-07,GUM,SYR,SYR,Mardik Mardikian,6.0,False,False,20210607_GUM_SYR
2021-06-07,GUM,SYR,SYR,Mardik Mardikian,9.0,False,False,20210607_GUM_SYR
2021-06-07,GUM,SYR,SYR,Mahmoud Al-Mawas,84.0,False,False,20210607_GUM_SYR
2021-06-07,IRQ,CAM,IRQ,Mohanad Ali,1.0,False,False,20210607_IRQ_CAM
2021-06-07,IRQ,CAM,IRQ,Bashar Resan,23.0,False,False,20210607_IRQ_CAM
2021-06-07,IRQ,CAM,IRQ,Ali Adnan Kadhim,27.0,False,True,20210607_IRQ_CAM
2021-06-07,IRQ,CAM,CAM,Soeuy Visal,55.0,False,False,20210607_IRQ_CAM
2021-06-07,IRQ,CAM,IRQ,Safaa Hadi,90.0,False,False,20210607_IRQ_CAM
2021-06-07,JPN,TJK,JPN,Kyogo Furuhashi,6.0,False,False,20210607_JPN_TJK
2021-06-07,JPN,TJK,TJK,Ehson Panjshanbe,9.0,False,False,20210607_JPN_TJK
2021-06-07,JPN,TJK,JPN,Takumi Minamino,40.0,False,False,20210607_JPN_TJK
2021-06-07,JPN,TJK,JPN,Kento Hashimoto,51.0,False,False,20210607_JPN_TJK
2021-06-07,JPN,TJK,JPN,Hayao Kawabe,71.0,False,False,20210607_JPN_TJK
2021-06-07,KGZ,Mongolia,Mongolia,Oyunbaataryn Mijiddorj,34.0,False,False,20210607_KGZ_Mongolia
2021-06-07,NEP,JOR,JOR,Baha' Faisal,23.0,False,True,20210607_NEP_JOR
2021-06-07,NEP,JOR,JOR,Baha' Faisal,48.0,False,False,20210607_NEP_JOR
2021-06-07,NEP,JOR,JOR,Yazan Al-Arab,67.0,False,False,20210607_NEP_JOR
2021-06-07,QAT,OMA,QAT,Hassan Al-Haydos,39.0,False,True,20210607_QAT_OMA
2021-06-07,UAE,THA,UAE,Caio Canedo,14.0,False,False,20210607_UAE_THA
2021-06-07,UAE,THA,UAE,Fábio Virginio de Lima,33.0,False,False,20210607_UAE_THA
2021-06-07,UAE,THA,THA,Suphanat Mueanta,54.0,False,False,20210607_UAE_THA
2021-06-07,UAE,THA,UAE,Mohammed Jumaa,90.0,False,False,20210607_UAE_THA
2021-06-07,UZB,SGP,UZB,Jaloliddin Masharipov,6.0,False,False,20210607_UZB_SGP
2021-06-07,UZB,SGP,UZB,Jaloliddin Masharipov,34.0,False,False,20210607_UZB_SGP
2021-06-07,UZB,SGP,UZB,Eldor Shomurodov,45.0,False,False,20210607_UZB_SGP
2021-06-07,UZB,SGP,UZB,Odil Ahmedov,50.0,False,False,20210607_UZB_SGP
2021-06-07,UZB,SGP,UZB,Irfan Fandi,88.0,True,False,20210607_UZB_SGP
2021-06-07,VIE,IDN,VIE,Nguyễn Tiến Linh,51.0,False,False,20210607_VIE_IDN
2021-06-07,VIE,IDN,VIE,Nguyễn Quang Hải,62.0,False,False,20210607_VIE_IDN
2021-06-07,VIE,IDN,VIE,Nguyễn Công Phượng,67.0,False,False,20210607_VIE_IDN
2021-06-07,VIE,IDN,VIE,Vũ Văn Thanh,74.0,False,False,20210607_VIE_IDN
2021-06-08,BRB,DMA,BRB,Emile Saimovici,48.0,False,False,20210608_BRB_DMA
2021-06-08,BRB,DMA,DMA,Julian Wade,57.0,False,False,20210608_BRB_DMA
2021-06-08,BER,CAY,CAY,Mark Ebanks,23.0,False,False,20210608_BER_CAY
2021-06-08,BER,CAY,BER,Kole Hall,65.0,False,False,20210608_BER_CAY
2021-06-08,CAN,SUR,CAN,Alphonso Davies,37.0,False,False,20210608_CAN_SUR
2021-06-08,CAN,SUR,CAN,Jonathan David,59.0,False,False,20210608_CAN_SUR
2021-06-08,CAN,SUR,CAN,Jonathan David,73.0,False,False,20210608_CAN_SUR
2021-06-08,CAN,SUR,CAN,Jonathan David,77.0,False,True,20210608_CAN_SUR
2021-06-08,CHI,BOL,CHI,Erick Pulgar,69.0,False,False,20210608_CHI_BOL
2021-06-08,CHI,BOL,BOL,Marcelo Martins Moreno,81.0,False,True,20210608_CHI_BOL
2021-06-08,COL,ARG,ARG,Cristian Romero,3.0,False,False,20210608_COL_ARG
2021-06-08,COL,ARG,ARG,Leandro Paredes,8.0,False,False,20210608_COL_ARG
2021-06-08,COL,ARG,COL,Luis Muriel,51.0,False,True,20210608_COL_ARG
2021-06-08,COL,ARG,COL,Miguel Borja,90.0,False,False,20210608_COL_ARG
2021-06-08,ECU,PER,PER,Christian Cueva,63.0,False,False,20210608_ECU_PER
2021-06-08,ECU,PER,PER,Luis Advíncula,89.0,False,False,20210608_ECU_PER
2021-06-08,ECU,PER,ECU,Gonzalo Plata,90.0,False,False,20210608_ECU_PER
2021-06-08,SLV,ATG,SLV,Eriq Zavaleta,40.0,False,False,20210608_SLV_ATG
2021-06-08,SLV,ATG,SLV,David Rugamas,68.0,False,False,20210608_SLV_ATG
2021-06-08,SLV,ATG,SLV,Walmer Martinez,85.0,False,False,20210608_SLV_ATG
2021-06-08,GRN,Montserrat,GRN,Saydrel Lewis,51.0,False,False,20210608_GRN_Montserrat
2021-06-08,GRN,Montserrat,Montserrat,Lyle Taylor,85.0,False,False,20210608_GRN_Montserrat
2021-06-08,GRN,Montserrat,Montserrat,Lyle Taylor,87.0,False,True,20210608_GRN_Montserrat
2021-06-08,GUY,PUR,PUR,Ricardo Rivera,12.0,False,False,20210608_GUY_PUR
2021-06-08,GUY,PUR,PUR,Isaac Angking,25.0,False,True,20210608_GUY_PUR
2021-06-08,HAI,NCA,HAI,Derrick Etienne,63.0,False,False,20210608_HAI_NCA
2021-06-08,PAN,DOM,PAN,Aníbal Godoy,8.0,False,False,20210608_PAN_DOM
2021-06-08,PAN,DOM,PAN,Yoel Bárcenas,67.0,False,False,20210608_PAN_DOM
2021-06-08,PAN,DOM,PAN,Cecilio Waterman,86.0,False,False,20210608_PAN_DOM
2021-06-08,PAR,BRA,BRA,Neymar,4.0,False,False,20210608_PAR_BRA
2021-06-08,PAR,BRA,BRA,Lucas Paquetá,90.0,False,False,20210608_PAR_BRA
2021-06-08,VIN,CUB,CUB,Maikel Reyes,64.0,False,False,20210608_VIN_CUB
2021-06-08,TRI,SKN,TRI,Duane Muckette,36.0,False,False,20210608_TRI_SKN
2021-06-08,TRI,SKN,TRI,Khaleem Hyland,74.0,False,False,20210608_TRI_SKN
2021-06-09,KOR,SRI,KOR,Kim Shin-wook,14.0,False,False,20210609_KOR_SRI
2021-06-09,KOR,SRI,KOR,Lee Dong-gyeong,22.0,False,False,20210609_KOR_SRI
2021-06-09,KOR,SRI,KOR,Kim Shin-wook,42.0,False,True,20210609_KOR_SRI
2021-06-09,KOR,SRI,KOR,Hwang Hee-chan,53.0,False,False,20210609_KOR_SRI
2021-06-09,KOR,SRI,KOR,Jeong Sang-bin,77.0,False,False,20210609_KOR_SRI
2021-06-09,TKM,LIB,TKM,Zafar Babajanow,59.0,False,False,20210609_TKM_LIB
2021-06-09,TKM,LIB,LIB,Rabih Ataya,73.0,False,False,20210609_TKM_LIB
2021-06-09,TKM,LIB,LIB,Soony Saad,75.0,False,False,20210609_TKM_LIB
2021-06-09,TKM,LIB,TKM,Güýçmyrat Annagulyýew,85.0,False,False,20210609_TKM_LIB
2021-06-09,TKM,LIB,TKM,Altymyrat Annadurdyýew,90.0,False,False,20210609_TKM_LIB
2021-06-10,EST,LVA,EST,Mattias Käit,5.0,False,False,20210610_EST_LVA
2021-06-10,EST,LVA,EST,Mattias Käit,40.0,False,False,20210610_EST_LVA
2021-06-10,EST,LVA,LVA,Dāvis Ikaunieks,84.0,False,True,20210610_EST_LVA
2021-06-11,AFG,OMA,OMA,Abdullah Fawaz,13.0,False,False,20210611_AFG_OMA
2021-06-11,AFG,OMA,AFG,Omid Popalzay,23.0,False,False,20210611_AFG_OMA
2021-06-11,AFG,OMA,OMA,Abdullah Fawaz,51.0,False,False,20210611_AFG_OMA
2021-06-11,CAM,IRN,IRN,Alireza Jahanbakhsh,16.0,False,True,20210611_CAM_IRN
2021-06-11,CAM,IRN,IRN,Shojae Khalilzadeh,22.0,False,False,20210611_CAM_IRN
2021-06-11,CAM,IRN,IRN,Mehdi Taremi,27.0,False,False,20210611_CAM_IRN
2021-06-11,CAM,IRN,IRN,Sor Rotana,32.0,True,False,20210611_CAM_IRN
2021-06-11,CAM,IRN,IRN,Milad Mohammadi,58.0,False,False,20210611_CAM_IRN
2021-06-11,CAM,IRN,IRN,Morteza Pouraliganji,64.0,False,False,20210611_CAM_IRN
2021-06-11,CAM,IRN,IRN,Karim Ansarifard,77.0,False,True,20210611_CAM_IRN
2021-06-11,CAM,IRN,IRN,Kaveh Rezaei,80.0,False,False,20210611_CAM_IRN
2021-06-11,CAM,IRN,IRN,Mehdi Ghayedi,84.0,False,False,20210611_CAM_IRN
2021-06-11,CAM,IRN,IRN,Kaveh Rezaei,87.0,False,False,20210611_CAM_IRN
2021-06-11,CHN,MDV,CHN,Liu Binbin,5.0,False,False,20210611_CHN_MDV
2021-06-11,CHN,MDV,CHN,Wu Lei,30.0,False,False,20210611_CHN_MDV
2021-06-11,CHN,MDV,CHN,Alan Carvalho,68.0,False,False,20210611_CHN_MDV
2021-06-11,CHN,MDV,CHN,Zhang Yuning,69.0,False,False,20210611_CHN_MDV
2021-06-11,CHN,MDV,CHN,Tan Long,79.0,False,False,20210611_CHN_MDV
2021-06-11,HKG,IRQ,IRQ,Fung Hing Wa,11.0,True,False,20210611_HKG_IRQ
2021-06-11,ITA,TUR,ITA,Merih Demiral,53.0,True,False,20210611_ITA_TUR
2021-06-11,ITA,TUR,ITA,Ciro Immobile,66.0,False,False,20210611_ITA_TUR
2021-06-11,ITA,TUR,ITA,Lorenzo Insigne,79.0,False,False,20210611_ITA_TUR
2021-06-11,MAS,VIE,VIE,Nguyễn Tiến Linh,27.0,False,False,20210611_MAS_VIE
2021-06-11,MAS,VIE,MAS,Guilherme de Paula Lucrécio,72.0,False,True,20210611_MAS_VIE
2021-06-11,MAS,VIE,VIE,Quế Ngọc Hải,82.0,False,True,20210611_MAS_VIE
2021-06-11,MYA,KGZ,KGZ,Tursunali Rustamov,22.0,False,False,20210611_MYA_KGZ
2021-06-11,MYA,KGZ,KGZ,Gulzhigit Alykulov,29.0,False,False,20210611_MYA_KGZ
2021-06-11,MYA,KGZ,KGZ,Farhat Musabekov,34.0,False,False,20210611_MYA_KGZ
2021-06-11,MYA,KGZ,KGZ,Alimardon Shukurov,45.0,False,False,20210611_MYA_KGZ
2021-06-11,MYA,KGZ,KGZ,Mirlan Murzaev,45.0,False,False,20210611_MYA_KGZ
2021-06-11,MYA,KGZ,KGZ,Mirlan Murzaev,61.0,False,False,20210611_MYA_KGZ
2021-06-11,MYA,KGZ,KGZ,Abay Bokoleyev,63.0,False,False,20210611_MYA_KGZ
2021-06-11,MYA,KGZ,MYA,Hlaing Bo Bo,69.0,False,False,20210611_MYA_KGZ
2021-06-11,MYA,KGZ,KGZ,Mirlan Murzaev,78.0,False,False,20210611_MYA_KGZ
2021-06-11,NEP,AUS,AUS,Mathew Leckie,6.0,False,False,20210611_NEP_AUS
2021-06-11,NEP,AUS,AUS,Fran Karačić,38.0,False,False,20210611_NEP_AUS
2021-06-11,NEP,AUS,AUS,Martin Boyle,57.0,False,False,20210611_NEP_AUS
2021-06-11,PHI,GUM,PHI,Ángel Guirado,12.0,False,False,20210611_PHI_GUM
2021-06-11,PHI,GUM,PHI,Marcus Lopez,60.0,True,False,20210611_PHI_GUM
2021-06-11,PHI,GUM,PHI,Mark Hartmann,88.0,False,False,20210611_PHI_GUM
2021-06-11,KSA,SGP,KSA,Salem Al-Dawsari,84.0,False,False,20210611_KSA_SGP
2021-06-11,KSA,SGP,KSA,Fahad Al-Muwallad,86.0,False,False,20210611_KSA_SGP
2021-06-11,KSA,SGP,KSA,Saleh Al-Shehri,90.0,False,False,20210611_KSA_SGP
2021-06-11,UAE,IDN,UAE,Ali Mabkhout,22.0,False,False,20210611_UAE_IDN
2021-06-11,UAE,IDN,UAE,Fábio Virginio de Lima,28.0,False,False,20210611_UAE_IDN
2021-06-11,UAE,IDN,UAE,Ali Mabkhout,49.0,False,True,20210611_UAE_IDN
2021-06-11,UAE,IDN,UAE,Fábio Virginio de Lima,55.0,False,False,20210611_UAE_IDN
2021-06-11,UAE,IDN,UAE,Sebastián Tagliabúe,86.0,False,False,20210611_UAE_IDN
2021-06-11,YEM,UZB,UZB,Jaloliddin Masharipov,19.0,False,True,20210611_YEM_UZB
2021-06-12,DEN,FIN,FIN,Joel Pohjanpalo,60.0,False,False,20210612_DEN_FIN
2021-06-12,HAI,CAN,CAN,Cyle Larin,14.0,False,False,20210612_HAI_CAN
2021-06-12,PAN,CUW,PAN,Alberto Quintero,55.0,False,False,20210612_PAN_CUW
2021-06-12,PAN,CUW,PAN,Cecilio Waterman,77.0,False,False,20210612_PAN_CUW
2021-06-12,PAN,CUW,CUW,Rangelo Janga,87.0,False,False,20210612_PAN_CUW
2021-06-12,RUS,BEL,BEL,Romelu Lukaku,10.0,False,False,20210612_RUS_BEL
2021-06-12,RUS,BEL,BEL,Thomas Meunier,34.0,False,False,20210612_RUS_BEL
2021-06-12,RUS,BEL,BEL,Romelu Lukaku,88.0,False,False,20210612_RUS_BEL
2021-06-12,SKN,SLV,SLV,David Rugamas,3.0,False,False,20210612_SKN_SLV
2021-06-12,SKN,SLV,SLV,Joshua Pérez,20.0,False,False,20210612_SKN_SLV
2021-06-12,SKN,SLV,SLV,David Rugamas,27.0,False,False,20210612_SKN_SLV
2021-06-12,SKN,SLV,SLV,Darwin Cerén,64.0,False,True,20210612_SKN_SLV
2021-06-12,WAL,SUI,SUI,Breel Embolo,49.0,False,False,20210612_WAL_SUI
2021-06-12,WAL,SUI,WAL,Kieffer Moore,74.0,False,False,20210612_WAL_SUI
2021-06-13,AUT,MKD,AUT,Stefan Lainer,18.0,False,False,20210613_AUT_MKD
2021-06-13,AUT,MKD,MKD,Goran Pandev,28.0,False,False,20210613_AUT_MKD
2021-06-13,AUT,MKD,AUT,Michael Gregoritsch,78.0,False,False,20210613_AUT_MKD
2021-06-13,AUT,MKD,AUT,Marko Arnautović,89.0,False,False,20210613_AUT_MKD
2021-06-13,BRA,VEN,BRA,Marquinhos,23.0,False,False,20210613_BRA_VEN
2021-06-13,BRA,VEN,BRA,Neymar,64.0,False,True,20210613_BRA_VEN
2021-06-13,BRA,VEN,BRA,Gabriel Barbosa,89.0,False,False,20210613_BRA_VEN
2021-06-13,COL,ECU,COL,Edwin Cardona,42.0,False,False,20210613_COL_ECU
2021-06-13,ENG,CRO,ENG,Raheem Sterling,57.0,False,False,20210613_ENG_CRO
2021-06-13,NED,UKR,NED,Georginio Wijnaldum,52.0,False,False,20210613_NED_UKR
2021-06-13,NED,UKR,NED,Wout Weghorst,58.0,False,False,20210613_NED_UKR
2021-06-13,NED,UKR,UKR,Andriy Yarmolenko,75.0,False,False,20210613_NED_UKR
2021-06-13,NED,UKR,UKR,Roman Yaremchuk,79.0,False,False,20210613_NED_UKR
2021-06-13,NED,UKR,NED,Denzel Dumfries,85.0,False,False,20210613_NED_UKR
2021-06-13,KOR,LIB,LIB,Soony Saad,12.0,False,False,20210613_KOR_LIB
2021-06-13,KOR,LIB,KOR,Maher Sabra,50.0,True,False,20210613_KOR_LIB
2021-06-13,KOR,LIB,KOR,Son Heung-min,65.0,False,True,20210613_KOR_LIB
2021-06-14,ARG,CHI,ARG,Lionel Messi,33.0,False,False,20210614_ARG_CHI
2021-06-14,ARG,CHI,CHI,Eduardo Vargas,57.0,False,False,20210614_ARG_CHI
2021-06-14,PAR,BOL,BOL,Erwin Saavedra,10.0,False,True,20210614_PAR_BOL
2021-06-14,PAR,BOL,PAR,Alejandro Romero Gamarra,62.0,False,False,20210614_PAR_BOL
2021-06-14,PAR,BOL,PAR,Ángel Romero,65.0,False,False,20210614_PAR_BOL
2021-06-14,PAR,BOL,PAR,Ángel Romero,80.0,False,False,20210614_PAR_BOL
2021-06-14,POL,SVK,SVK,Wojciech Szczęsny,18.0,True,False,20210614_POL_SVK
2021-06-14,POL,SVK,POL,Karol Linetty,46.0,False,False,20210614_POL_SVK
2021-06-14,POL,SVK,SVK,Milan Škriniar,69.0,False,False,20210614_POL_SVK
2021-06-14,SCO,CZE,CZE,Patrik Schick,42.0,False,False,20210614_SCO_CZE
2021-06-14,SCO,CZE,CZE,Patrik Schick,52.0,False,False,20210614_SCO_CZE
2021-06-15,AUS,JOR,AUS,Harry Souttar,77.0,False,False,20210615_AUS_JOR
2021-06-15,BHR,HKG,BHR,Sayed Dhiya Saeed,49.0,False,False,20210615_BHR_HKG
2021-06-15,BHR,HKG,BHR,Hashim Sayed Isa,54.0,False,True,20210615_BHR_HKG
2021-06-15,BHR,HKG,BHR,Hashim Sayed Isa,70.0,False,False,20210615_BHR_HKG
2021-06-15,BHR,HKG,BHR,Ismail Abdullatif,90.0,False,True,20210615_BHR_HKG
2021-06-15,BAN,OMA,OMA,Mohammed Al-Ghafri,22.0,False,False,20210615_BAN_OMA
2021-06-15,BAN,OMA,OMA,Khalid Al-Hajri,60.0,False,False,20210615_BAN_OMA
2021-06-15,BAN,OMA,OMA,Khalid Al-Hajri,80.0,False,False,20210615_BAN_OMA
2021-06-15,CAN,HAI,CAN,Josué Duverger,46.0,True,False,20210615_CAN_HAI
2021-06-15,CAN,HAI,CAN,Cyle Larin,74.0,False,False,20210615_CAN_HAI
2021-06-15,CAN,HAI,CAN,Junior Hoilett,89.0,False,False,20210615_CAN_HAI
2021-06-15,CHN,SYR,CHN,Zhang Xizhe,43.0,False,False,20210615_CHN_SYR
2021-06-15,CHN,SYR,SYR,Aias Aosman,50.0,False,False,20210615_CHN_SYR
2021-06-15,CHN,SYR,CHN,Wu Lei,69.0,False,True,20210615_CHN_SYR
2021-06-15,CHN,SYR,CHN,Zhang Yuning,90.0,False,False,20210615_CHN_SYR
2021-06-15,SLV,SKN,SLV,Joshua Pérez,24.0,False,False,20210615_SLV_SKN
2021-06-15,SLV,SKN,SLV,Gerson Mayen,87.0,False,False,20210615_SLV_SKN
2021-06-15,GER,FRA,FRA,Mats Hummels,20.0,True,False,20210615_GER_FRA
2021-06-15,HUN,POR,POR,Raphaël Guerreiro,84.0,False,False,20210615_HUN_POR
2021-06-15,HUN,POR,POR,Cristiano Ronaldo,87.0,False,True,20210615_HUN_POR
2021-06-15,HUN,POR,POR,Cristiano Ronaldo,90.0,False,False,20210615_HUN_POR
2021-06-15,IND,AFG,IND,Ovays Azizi,75.0,True,False,20210615_IND_AFG
2021-06-15,IND,AFG,AFG,Hossein Zamani,81.0,False,False,20210615_IND_AFG
2021-06-15,IRN,IRQ,IRN,Sardar Azmoun,35.0,False,False,20210615_IRN_IRQ
2021-06-15,JPN,KGZ,JPN,Ado Onaiwu,27.0,False,True,20210615_JPN_KGZ
2021-06-15,JPN,KGZ,JPN,Ado Onaiwu,31.0,False,False,20210615_JPN_KGZ
2021-06-15,JPN,KGZ,JPN,Ado Onaiwu,33.0,False,False,20210615_JPN_KGZ
2021-06-15,JPN,KGZ,KGZ,Mirlan Murzaev,45.0,False,True,20210615_JPN_KGZ
2021-06-15,JPN,KGZ,JPN,Sho Sasaki,72.0,False,False,20210615_JPN_KGZ
2021-06-15,JPN,KGZ,JPN,Takuma Asano,77.0,False,False,20210615_JPN_KGZ
2021-06-15,KUW,TPE,KUW,Yousef Nasser,14.0,False,False,20210615_KUW_TPE
2021-06-15,KUW,TPE,TPE,Wu Chun-ching,51.0,False,False,20210615_KUW_TPE
2021-06-15,KUW,TPE,KUW,Yousef Nasser,71.0,False,False,20210615_KUW_TPE
2021-06-15,PLE,YEM,PLE,Oday Dabbagh,43.0,False,False,20210615_PLE_YEM
2021-06-15,PLE,YEM,PLE,Yaser Hamed,45.0,False,False,20210615_PLE_YEM
2021-06-15,PLE,YEM,PLE,Oday Dabbagh,84.0,False,False,20210615_PLE_YEM
2021-06-15,PHI,MDV,PHI,Ángel Guirado,19.0,False,False,20210615_PHI_MDV
2021-06-15,PHI,MDV,MDV,Ali Fasir,25.0,False,False,20210615_PHI_MDV
2021-06-15,KSA,UZB,KSA,Salman Al-Faraj,25.0,False,False,20210615_KSA_UZB
2021-06-15,KSA,UZB,KSA,Salman Al-Faraj,33.0,False,False,20210615_KSA_UZB
2021-06-15,KSA,UZB,KSA,Ali Al-Hassan,52.0,False,False,20210615_KSA_UZB
2021-06-15,TJK,MYA,TJK,Komron Tursunov,34.0,False,False,20210615_TJK_MYA
2021-06-15,TJK,MYA,TJK,Manuchekhr Dzhalilov,53.0,False,False,20210615_TJK_MYA
2021-06-15,TJK,MYA,TJK,Sheriddin Boboev,78.0,False,False,20210615_TJK_MYA
2021-06-15,TJK,MYA,TJK,Shahrom Samiev,87.0,False,False,20210615_TJK_MYA
2021-06-15,THA,MAS,MAS,Safawi Rasid,52.0,False,True,20210615_THA_MAS
2021-06-15,UAE,VIE,UAE,Ali Salmeen,32.0,False,False,20210615_UAE_VIE
2021-06-15,UAE,VIE,UAE,Ali Mabkhout,40.0,False,True,20210615_UAE_VIE
2021-06-15,UAE,VIE,UAE,Mahmoud Khamees,50.0,False,False,20210615_UAE_VIE
2021-06-15,UAE,VIE,VIE,Nguyễn Tiến Linh,85.0,False,False,20210615_UAE_VIE
2021-06-15,UAE,VIE,VIE,Trần Minh Vương,90.0,False,False,20210615_UAE_VIE
2021-06-16,ITA,SUI,ITA,Manuel Locatelli,26.0,False,False,20210616_ITA_SUI
2021-06-16,ITA,SUI,ITA,Manuel Locatelli,52.0,False,False,20210616_ITA_SUI
2021-06-16,ITA,SUI,ITA,Ciro Immobile,89.0,False,False,20210616_ITA_SUI
2021-06-16,RUS,FIN,RUS,Aleksei Miranchuk,45.0,False,False,20210616_RUS_FIN
2021-06-16,TUR,WAL,WAL,Aaron Ramsey,42.0,False,False,20210616_TUR_WAL
2021-06-16,TUR,WAL,WAL,Connor Roberts,90.0,False,False,20210616_TUR_WAL
2021-06-17,BRA,PER,BRA,Alex Sandro,12.0,False,False,20210617_BRA_PER
2021-06-17,BRA,PER,BRA,Neymar,68.0,False,False,20210617_BRA_PER
2021-06-17,BRA,PER,BRA,Éverton Ribeiro,89.0,False,False,20210617_BRA_PER
2021-06-17,BRA,PER,BRA,Richarlison,90.0,False,False,20210617_BRA_PER
2021-06-17,DEN,BEL,DEN,Yussuf Poulsen,2.0,False,False,20210617_DEN_BEL
2021-06-17,DEN,BEL,BEL,Thorgan Hazard,55.0,False,False,20210617_DEN_BEL
2021-06-17,DEN,BEL,BEL,Kevin De Bruyne,70.0,False,False,20210617_DEN_BEL
2021-06-17,NED,AUT,NED,Memphis Depay,11.0,False,True,20210617_NED_AUT
2021-06-17,NED,AUT,NED,Denzel Dumfries,67.0,False,False,20210617_NED_AUT
2021-06-17,UKR,MKD,UKR,Andriy Yarmolenko,29.0,False,False,20210617_UKR_MKD
2021-06-17,UKR,MKD,UKR,Roman Yaremchuk,34.0,False,False,20210617_UKR_MKD
2021-06-17,UKR,MKD,MKD,Ezgjan Alioski,57.0,False,False,20210617_UKR_MKD
2021-06-18,ARG,URU,ARG,Guido Rodríguez,13.0,False,False,20210618_ARG_URU
2021-06-18,CHI,BOL,CHI,Ben Brereton Díaz,10.0,False,False,20210618_CHI_BOL
2021-06-18,CRO,CZE,CZE,Patrik Schick,37.0,False,True,20210618_CRO_CZE
2021-06-18,CRO,CZE,CRO,Ivan Perišić,47.0,False,False,20210618_CRO_CZE
2021-06-18,SWE,SVK,SWE,Emil Forsberg,77.0,False,True,20210618_SWE_SVK
2021-06-19,GER,POR,POR,Cristiano Ronaldo,15.0,False,False,20210619_GER_POR
2021-06-19,GER,POR,GER,Rúben Dias,35.0,True,False,20210619_GER_POR
2021-06-19,GER,POR,GER,Raphaël Guerreiro,39.0,True,False,20210619_GER_POR
2021-06-19,GER,POR,GER,Kai Havertz,51.0,False,False,20210619_GER_POR
2021-06-19,GER,POR,GER,Robin Gosens,60.0,False,False,20210619_GER_POR
2021-06-19,GER,POR,POR,Diogo Jota,67.0,False,False,20210619_GER_POR
2021-06-19,HUN,FRA,HUN,Attila Fiola,45.0,False,False,20210619_HUN_FRA
2021-06-19,HUN,FRA,FRA,Antoine Griezmann,66.0,False,False,20210619_HUN_FRA
2021-06-19,ESP,POL,ESP,Álvaro Morata,25.0,False,False,20210619_ESP_POL
2021-06-19,ESP,POL,POL,Robert Lewandowski,54.0,False,False,20210619_ESP_POL
2021-06-20,COL,PER,PER,Sergio Peña,17.0,False,False,20210620_COL_PER
2021-06-20,COL,PER,COL,Miguel Borja,53.0,False,True,20210620_COL_PER
2021-06-20,COL,PER,PER,Yerry Mina,64.0,True,False,20210620_COL_PER
2021-06-20,ITA,WAL,ITA,Matteo Pessina,39.0,False,False,20210620_ITA_WAL
2021-06-20,SUI,TUR,SUI,Haris Seferovic,6.0,False,False,20210620_SUI_TUR
2021-06-20,SUI,TUR,SUI,Xherdan Shaqiri,26.0,False,False,20210620_SUI_TUR
2021-06-20,SUI,TUR,TUR,İrfan Kahveci,62.0,False,False,20210620_SUI_TUR
2021-06-20,SUI,TUR,SUI,Xherdan Shaqiri,68.0,False,False,20210620_SUI_TUR
2021-06-20,VEN,ECU,ECU,Ayrton Preciado,39.0,False,False,20210620_VEN_ECU
2021-06-20,VEN,ECU,VEN,Edson Castillo,51.0,False,False,20210620_VEN_ECU
2021-06-20,VEN,ECU,ECU,Gonzalo Plata,71.0,False,False,20210620_VEN_ECU
2021-06-20,VEN,ECU,VEN,Ronald Hernández,90.0,False,False,20210620_VEN_ECU
2021-06-21,ARG,PAR,ARG,Papu Gómez,10.0,False,False,20210621_ARG_PAR
2021-06-21,DEN,RUS,DEN,Mikkel Damsgaard,38.0,False,False,20210621_DEN_RUS
2021-06-21,DEN,RUS,DEN,Yussuf Poulsen,59.0,False,False,20210621_DEN_RUS
2021-06-21,DEN,RUS,RUS,Artem Dzyuba,70.0,False,True,20210621_DEN_RUS
2021-06-21,DEN,RUS,DEN,Andreas Christensen,79.0,False,False,20210621_DEN_RUS
2021-06-21,DEN,RUS,DEN,Joakim Mæhle,82.0,False,False,20210621_DEN_RUS
2021-06-21,FIN,BEL,BEL,Lukáš Hrádecký,74.0,True,False,20210621_FIN_BEL
2021-06-21,FIN,BEL,BEL,Romelu Lukaku,81.0,False,False,20210621_FIN_BEL
2021-06-21,NED,MKD,NED,Memphis Depay,24.0,False,False,20210621_NED_MKD
2021-06-21,NED,MKD,NED,Georginio Wijnaldum,50.0,False,False,20210621_NED_MKD
2021-06-21,NED,MKD,NED,Georginio Wijnaldum,58.0,False,False,20210621_NED_MKD
2021-06-21,UKR,AUT,AUT,Christoph Baumgartner,21.0,False,False,20210621_UKR_AUT
2021-06-21,URU,CHI,CHI,Eduardo Vargas,26.0,False,False,20210621_URU_CHI
2021-06-21,URU,CHI,URU,Luis Suárez,66.0,False,False,20210621_URU_CHI
2021-06-22,ENG,CZE,ENG,Raheem Sterling,12.0,False,False,20210622_ENG_CZE
2021-06-22,SCO,CRO,CRO,Nikola Vlašić,17.0,False,False,20210622_SCO_CRO
2021-06-22,SCO,CRO,SCO,Callum McGregor,42.0,False,False,20210622_SCO_CRO
2021-06-22,SCO,CRO,CRO,Luka Modrić,62.0,False,False,20210622_SCO_CRO
2021-06-22,SCO,CRO,CRO,Ivan Perišić,77.0,False,False,20210622_SCO_CRO
2021-06-23,BRA,COL,COL,Luis Díaz,10.0,False,False,20210623_BRA_COL
2021-06-23,BRA,COL,BRA,Roberto Firmino,78.0,False,False,20210623_BRA_COL
2021-06-23,BRA,COL,BRA,Casemiro,90.0,False,False,20210623_BRA_COL
2021-06-23,ECU,PER,ECU,Renato Tapia,23.0,True,False,20210623_ECU_PER
2021-06-23,ECU,PER,ECU,Ayrton Preciado,45.0,False,False,20210623_ECU_PER
2021-06-23,ECU,PER,PER,Gianluca Lapadula,49.0,False,False,20210623_ECU_PER
2021-06-23,ECU,PER,PER,André Carrillo,54.0,False,False,20210623_ECU_PER
2021-06-23,GER,HUN,HUN,Ádám Szalai,11.0,False,False,20210623_GER_HUN
2021-06-23,GER,HUN,GER,Kai Havertz,66.0,False,False,20210623_GER_HUN
2021-06-23,GER,HUN,HUN,András Schäfer,68.0,False,False,20210623_GER_HUN
2021-06-23,GER,HUN,GER,Leon Goretzka,84.0,False,False,20210623_GER_HUN
2021-06-23,POR,FRA,POR,Cristiano Ronaldo,31.0,False,True,20210623_POR_FRA
2021-06-23,POR,FRA,FRA,Karim Benzema,45.0,False,True,20210623_POR_FRA
2021-06-23,POR,FRA,FRA,Karim Benzema,47.0,False,False,20210623_POR_FRA
2021-06-23,POR,FRA,POR,Cristiano Ronaldo,60.0,False,True,20210623_POR_FRA
2021-06-23,ESP,SVK,ESP,Martin Dúbravka,30.0,True,False,20210623_ESP_SVK
2021-06-23,ESP,SVK,ESP,Aymeric Laporte,45.0,False,False,20210623_ESP_SVK
2021-06-23,ESP,SVK,ESP,Pablo Sarabia,56.0,False,False,20210623_ESP_SVK
2021-06-23,ESP,SVK,ESP,Ferran Torres,67.0,False,False,20210623_ESP_SVK
2021-06-23,ESP,SVK,ESP,Juraj Kucka,71.0,True,False,20210623_ESP_SVK
2021-06-23,SWE,POL,SWE,Emil Forsberg,2.0,False,False,20210623_SWE_POL
2021-06-23,SWE,POL,SWE,Emil Forsberg,59.0,False,False,20210623_SWE_POL
2021-06-23,SWE,POL,POL,Robert Lewandowski,61.0,False,False,20210623_SWE_POL
2021-06-23,SWE,POL,POL,Robert Lewandowski,84.0,False,False,20210623_SWE_POL
2021-06-23,SWE,POL,SWE,Viktor Claesson,90.0,False,False,20210623_SWE_POL
2021-06-24,BOL,URU,URU,Jairo Quinteros,40.0,True,False,20210624_BOL_URU
2021-06-24,BOL,URU,URU,Edinson Cavani,79.0,False,False,20210624_BOL_URU
2021-06-24,CHI,PAR,PAR,Braian Samudio,33.0,False,False,20210624_CHI_PAR
2021-06-24,CHI,PAR,PAR,Miguel Almirón,58.0,False,True,20210624_CHI_PAR
2021-06-26,ITA,AUT,ITA,Federico Chiesa,95.0,False,False,20210626_ITA_AUT
2021-06-26,ITA,AUT,ITA,Matteo Pessina,105.0,False,False,20210626_ITA_AUT
2021-06-26,ITA,AUT,AUT,Saša Kalajdžić,114.0,False,False,20210626_ITA_AUT
2021-06-26,WAL,DEN,DEN,Kasper Dolberg,27.0,False,False,20210626_WAL_DEN
2021-06-26,WAL,DEN,DEN,Kasper Dolberg,48.0,False,False,20210626_WAL_DEN
2021-06-26,WAL,DEN,DEN,Joakim Mæhle,88.0,False,False,20210626_WAL_DEN
2021-06-26,WAL,DEN,DEN,Martin Braithwaite,90.0,False,False,20210626_WAL_DEN
2021-06-27,BEL,POR,BEL,Thorgan Hazard,42.0,False,False,20210627_BEL_POR
2021-06-27,BRA,ECU,BRA,Éder Militão,37.0,False,False,20210627_BRA_ECU
2021-06-27,BRA,ECU,ECU,Ángel Mena,53.0,False,False,20210627_BRA_ECU
2021-06-27,NED,CZE,CZE,Tomáš Holeš,68.0,False,False,20210627_NED_CZE
2021-06-27,NED,CZE,CZE,Patrik Schick,80.0,False,False,20210627_NED_CZE
2021-06-27,VEN,PER,PER,André Carrillo,48.0,False,False,20210627_VEN_PER
2021-06-28,ARG,BOL,ARG,Papu Gómez,6.0,False,False,20210628_ARG_BOL
2021-06-28,ARG,BOL,ARG,Lionel Messi,33.0,False,True,20210628_ARG_BOL
2021-06-28,ARG,BOL,ARG,Lionel Messi,42.0,False,False,20210628_ARG_BOL
2021-06-28,ARG,BOL,BOL,Erwin Saavedra,60.0,False,False,20210628_ARG_BOL
2021-06-28,ARG,BOL,ARG,Lautaro Martínez,65.0,False,False,20210628_ARG_BOL
2021-06-28,CRO,ESP,CRO,Pedri,20.0,True,False,20210628_CRO_ESP
2021-06-28,CRO,ESP,ESP,Pablo Sarabia,38.0,False,False,20210628_CRO_ESP
2021-06-28,CRO,ESP,ESP,César Azpilicueta,57.0,False,False,20210628_CRO_ESP
2021-06-28,CRO,ESP,ESP,Ferran Torres,77.0,False,False,20210628_CRO_ESP
2021-06-28,CRO,ESP,CRO,Mislav Oršić,85.0,False,False,20210628_CRO_ESP
2021-06-28,CRO,ESP,CRO,Mario Pašalić,90.0,False,False,20210628_CRO_ESP
2021-06-28,CRO,ESP,ESP,Álvaro Morata,100.0,False,False,20210628_CRO_ESP
2021-06-28,CRO,ESP,ESP,Mikel Oyarzabal,103.0,False,False,20210628_CRO_ESP
2021-06-28,FRA,SUI,SUI,Haris Seferovic,15.0,False,False,20210628_FRA_SUI
2021-06-28,FRA,SUI,FRA,Karim Benzema,57.0,False,False,20210628_FRA_SUI
2021-06-28,FRA,SUI,FRA,Karim Benzema,59.0,False,False,20210628_FRA_SUI
2021-06-28,FRA,SUI,FRA,Paul Pogba,75.0,False,False,20210628_FRA_SUI
2021-06-28,FRA,SUI,SUI,Haris Seferovic,81.0,False,False,20210628_FRA_SUI
2021-06-28,FRA,SUI,SUI,Mario Gavranović,90.0,False,False,20210628_FRA_SUI
2021-06-28,URU,PAR,URU,Edinson Cavani,21.0,False,True,20210628_URU_PAR
2021-06-29,ENG,GER,ENG,Raheem Sterling,75.0,False,False,20210629_ENG_GER
2021-06-29,ENG,GER,ENG,Harry Kane,86.0,False,False,20210629_ENG_GER
2021-06-29,SWE,UKR,UKR,Oleksandr Zinchenko,27.0,False,False,20210629_SWE_UKR
2021-06-29,SWE,UKR,SWE,Emil Forsberg,43.0,False,False,20210629_SWE_UKR
2021-06-29,SWE,UKR,UKR,Artem Dovbyk,120.0,False,False,20210629_SWE_UKR
2021-07-02,BEL,ITA,ITA,Nicolò Barella,31.0,False,False,20210702_BEL_ITA
2021-07-02,BEL,ITA,ITA,Lorenzo Insigne,44.0,False,False,20210702_BEL_ITA
2021-07-02,BEL,ITA,BEL,Romelu Lukaku,45.0,False,True,20210702_BEL_ITA
2021-07-02,BRA,CHI,BRA,Lucas Paquetá,46.0,False,False,20210702_BRA_CHI
2021-07-02,PER,PAR,PAR,Gustavo Gómez,11.0,False,False,20210702_PER_PAR
2021-07-02,PER,PAR,PER,Gustavo Gómez,21.0,True,False,20210702_PER_PAR
2021-07-02,PER,PAR,PER,Gianluca Lapadula,40.0,False,False,20210702_PER_PAR
2021-07-02,PER,PAR,PAR,Júnior Alonso,54.0,False,False,20210702_PER_PAR
2021-07-02,PER,PAR,PER,Yoshimar Yotún,80.0,False,False,20210702_PER_PAR
2021-07-02,PER,PAR,PAR,Gabriel Ávalos,90.0,False,False,20210702_PER_PAR
2021-07-02,SUI,ESP,ESP,Denis Zakaria,8.0,True,False,20210702_SUI_ESP
2021-07-02,SUI,ESP,SUI,Xherdan Shaqiri,68.0,False,False,20210702_SUI_ESP
2021-07-03,ARG,ECU,ARG,Rodrigo De Paul,40.0,False,False,20210703_ARG_ECU
2021-07-03,ARG,ECU,ARG,Lautaro Martínez,84.0,False,False,20210703_ARG_ECU
2021-07-03,ARG,ECU,ARG,Lionel Messi,90.0,False,False,20210703_ARG_ECU
2021-07-03,CZE,DEN,DEN,Thomas Delaney,5.0,False,False,20210703_CZE_DEN
2021-07-03,CZE,DEN,DEN,Kasper Dolberg,42.0,False,False,20210703_CZE_DEN
2021-07-03,CZE,DEN,CZE,Patrik Schick,49.0,False,False,20210703_CZE_DEN
2021-07-03,UKR,ENG,ENG,Harry Kane,4.0,False,False,20210703_UKR_ENG
2021-07-03,UKR,ENG,ENG,Harry Maguire,46.0,False,False,20210703_UKR_ENG
2021-07-03,UKR,ENG,ENG,Harry Kane,50.0,False,False,20210703_UKR_ENG
2021-07-03,UKR,ENG,ENG,Jordan Henderson,63.0,False,False,20210703_UKR_ENG
2021-07-05,BRA,PER,BRA,Lucas Paquetá,35.0,False,False,20210705_BRA_PER
2021-07-06,ARG,COL,ARG,Lautaro Martínez,7.0,False,False,20210706_ARG_COL
2021-07-06,ARG,COL,COL,Luis Díaz,61.0,False,False,20210706_ARG_COL
2021-07-06,ITA,ESP,ITA,Federico Chiesa,60.0,False,False,20210706_ITA_ESP
2021-07-06,ITA,ESP,ESP,Álvaro Morata,80.0,False,False,20210706_ITA_ESP
2021-07-07,ENG,DEN,DEN,Mikkel Damsgaard,30.0,False,False,20210707_ENG_DEN
2021-07-07,ENG,DEN,ENG,Simon Kjær,39.0,True,False,20210707_ENG_DEN
2021-07-07,ENG,DEN,ENG,Harry Kane,104.0,False,False,20210707_ENG_DEN
2021-07-09,PER,COL,PER,Yoshimar Yotún,45.0,False,False,20210709_PER_COL
2021-07-09,PER,COL,COL,Juan Cuadrado,49.0,False,False,20210709_PER_COL
2021-07-09,PER,COL,COL,Luis Díaz,66.0,False,False,20210709_PER_COL
2021-07-09,PER,COL,PER,Gianluca Lapadula,82.0,False,False,20210709_PER_COL
2021-07-09,PER,COL,COL,Luis Díaz,90.0,False,False,20210709_PER_COL
2021-07-10,BRA,ARG,ARG,Ángel Di María,22.0,False,False,20210710_BRA_ARG
2021-07-11,CAN,MTQ,MTQ,Emmanuel Rivière,10.0,False,False,20210711_CAN_MTQ
2021-07-11,CAN,MTQ,CAN,Cyle Larin,16.0,False,False,20210711_CAN_MTQ
2021-07-11,CAN,MTQ,CAN,Jonathan Osorio,20.0,False,False,20210711_CAN_MTQ
2021-07-11,CAN,MTQ,CAN,Stephen Eustáquio,26.0,False,False,20210711_CAN_MTQ
2021-07-11,CAN,MTQ,CAN,Theo Corbeanu,89.0,False,False,20210711_CAN_MTQ
2021-07-11,SLV,GUA,SLV,Alex Roldan,81.0,False,False,20210711_SLV_GUA
2021-07-11,SLV,GUA,SLV,Joaquín Rivas,90.0,False,False,20210711_SLV_GUA
2021-07-11,ENG,ITA,ENG,Luke Shaw,2.0,False,False,20210711_ENG_ITA
2021-07-11,ENG,ITA,ITA,Leonardo Bonucci,67.0,False,False,20210711_ENG_ITA
2021-07-11,USA,HAI,USA,Sam Vines,8.0,False,False,20210711_USA_HAI
2021-07-12,CRC,GPE,CRC,Joel Campbell,6.0,False,False,20210712_CRC_GPE
2021-07-12,CRC,GPE,CRC,Ariel Lassiter,21.0,False,False,20210712_CRC_GPE
2021-07-12,CRC,GPE,GPE,Raphaël Mirval,45.0,False,False,20210712_CRC_GPE
2021-07-12,CRC,GPE,CRC,Celso Borges,70.0,False,False,20210712_CRC_GPE
2021-07-12,JAM,SUR,JAM,Shamar Nicholson,6.0,False,False,20210712_JAM_SUR
2021-07-12,JAM,SUR,JAM,Bobby Decordova-Reid,26.0,False,False,20210712_JAM_SUR
2021-07-13,HON,GRN,HON,Jerry Bengtson,28.0,False,False,20210713_HON_GRN
2021-07-13,HON,GRN,HON,Edwin Solano,52.0,False,False,20210713_HON_GRN
2021-07-13,HON,GRN,HON,Johnny Leverón,86.0,False,False,20210713_HON_GRN
2021-07-13,HON,GRN,HON,Romell Quioto,88.0,False,False,20210713_HON_GRN
2021-07-13,QAT,PAN,QAT,Akram Afif,48.0,False,False,20210713_QAT_PAN
2021-07-13,QAT,PAN,PAN,Rolando Blackburn,51.0,False,False,20210713_QAT_PAN
2021-07-13,QAT,PAN,QAT,Almoez Ali,53.0,False,False,20210713_QAT_PAN
2021-07-13,QAT,PAN,PAN,Rolando Blackburn,58.0,False,False,20210713_QAT_PAN
2021-07-13,QAT,PAN,QAT,Hassan Al-Haydos,63.0,False,True,20210713_QAT_PAN
2021-07-13,QAT,PAN,PAN,Eric Davis,79.0,False,True,20210713_QAT_PAN
2021-07-14,GUA,MEX,MEX,Rogelio Funes Mori,29.0,False,False,20210714_GUA_MEX
2021-07-14,GUA,MEX,MEX,Rogelio Funes Mori,55.0,False,False,20210714_GUA_MEX
2021-07-14,GUA,MEX,MEX,Orbelín Pineda,79.0,False,False,20210714_GUA_MEX
2021-07-14,TRI,SLV,SLV,Jairo Henríquez,30.0,False,False,20210714_TRI_SLV
2021-07-14,TRI,SLV,SLV,Walmer Martinez,90.0,False,False,20210714_TRI_SLV
2021-07-15,HAI,CAN,CAN,Stephen Eustáquio,5.0,False,False,20210715_HAI_CAN
2021-07-15,HAI,CAN,CAN,Cyle Larin,51.0,False,False,20210715_HAI_CAN
2021-07-15,HAI,CAN,HAI,Stéphane Lambese,56.0,False,False,20210715_HAI_CAN
2021-07-15,HAI,CAN,CAN,Cyle Larin,74.0,False,True,20210715_HAI_CAN
2021-07-15,HAI,CAN,CAN,Junior Hoilett,79.0,False,True,20210715_HAI_CAN
2021-07-15,USA,MTQ,USA,Daryl Dike,14.0,False,False,20210715_USA_MTQ
2021-07-15,USA,MTQ,USA,Samuel Camille,23.0,True,False,20210715_USA_MTQ
2021-07-15,USA,MTQ,USA,Miles Robinson,50.0,False,False,20210715_USA_MTQ
2021-07-15,USA,MTQ,USA,Daryl Dike,59.0,False,False,20210715_USA_MTQ
2021-07-15,USA,MTQ,MTQ,Emmanuel Rivière,64.0,False,True,20210715_USA_MTQ
2021-07-15,USA,MTQ,USA,Gyasi Zardes,70.0,False,False,20210715_USA_MTQ
2021-07-15,USA,MTQ,USA,Nicholas Gioacchini,90.0,False,False,20210715_USA_MTQ
2021-07-16,GPE,JAM,GPE,Dimitri Ramothe,4.0,False,False,20210716_GPE_JAM
2021-07-16,GPE,JAM,JAM,Cory Burke,14.0,False,False,20210716_GPE_JAM
2021-07-16,GPE,JAM,JAM,Junior Flemmings,87.0,False,False,20210716_GPE_JAM
2021-07-16,SUR,CRC,SUR,Gleofilo Vlijter,52.0,False,False,20210716_SUR_CRC
2021-07-16,SUR,CRC,CRC,Joel Campbell,58.0,False,False,20210716_SUR_CRC
2021-07-16,SUR,CRC,CRC,Celso Borges,59.0,False,False,20210716_SUR_CRC
2021-07-17,GRN,QAT,QAT,Abdulaziz Hatem,11.0,False,False,20210717_GRN_QAT
2021-07-17,GRN,QAT,QAT,Akram Afif,22.0,False,False,20210717_GRN_QAT
2021-07-17,GRN,QAT,QAT,Mohammed Muntari,36.0,False,False,20210717_GRN_QAT
2021-07-17,GRN,QAT,QAT,Almoez Ali,46.0,False,False,20210717_GRN_QAT
2021-07-17,PAN,HON,HON,Romell Quioto,22.0,False,False,20210717_PAN_HON
2021-07-17,PAN,HON,PAN,Eric Davis,32.0,False,True,20210717_PAN_HON
2021-07-17,PAN,HON,PAN,César Yanis,45.0,False,False,20210717_PAN_HON
2021-07-17,PAN,HON,HON,Alexander López,61.0,False,False,20210717_PAN_HON
2021-07-17,PAN,HON,HON,Romell Quioto,65.0,False,False,20210717_PAN_HON
2021-07-18,GUA,TRI,TRI,Reon Moore,12.0,False,False,20210718_GUA_TRI
2021-07-18,GUA,TRI,GUA,Gerardo Gordillo,78.0,False,False,20210718_GUA_TRI
2021-07-18,MTQ,HAI,HAI,Carnejy Antoine,3.0,False,False,20210718_MTQ_HAI
2021-07-18,MTQ,HAI,MTQ,Kévin Fortuné,53.0,False,False,20210718_MTQ_HAI
2021-07-18,MTQ,HAI,HAI,Ricardo Adé,61.0,False,False,20210718_MTQ_HAI
2021-07-18,MEX,SLV,MEX,Luis Alfonso Rodríguez,26.0,False,False,20210718_MEX_SLV
2021-07-18,USA,CAN,USA,Shaq Moore,1.0,False,False,20210718_USA_CAN
2021-07-20,CRC,JAM,CRC,Bryan Ruiz,53.0,False,False,20210720_CRC_JAM
2021-07-20,HON,QAT,QAT,Homam Ahmed,25.0,False,False,20210720_HON_QAT
2021-07-20,HON,QAT,QAT,Abdulaziz Hatem,90.0,False,False,20210720_HON_QAT
2021-07-20,PAN,GRN,PAN,Alberto Quintero,7.0,False,False,20210720_PAN_GRN
2021-07-20,PAN,GRN,PAN,José Luis Rodríguez,27.0,False,False,20210720_PAN_GRN
2021-07-20,PAN,GRN,PAN,José Luis Rodríguez,64.0,False,False,20210720_PAN_GRN
2021-07-20,PAN,GRN,GRN,Romar Frank,76.0,False,False,20210720_PAN_GRN
2021-07-20,SUR,GPE,SUR,Gleofilo Vlijter,14.0,False,False,20210720_SUR_GPE
2021-07-20,SUR,GPE,GPE,Matthias Phaëton,20.0,False,False,20210720_SUR_GPE
2021-07-20,SUR,GPE,SUR,Nigel Hasselbaink,79.0,False,False,20210720_SUR_GPE
2021-07-24,MEX,HON,MEX,Rogelio Funes Mori,26.0,False,False,20210724_MEX_HON
2021-07-24,MEX,HON,MEX,Jonathan dos Santos,31.0,False,False,20210724_MEX_HON
2021-07-24,MEX,HON,MEX,Orbelín Pineda,38.0,False,False,20210724_MEX_HON
2021-07-24,QAT,SLV,QAT,Almoez Ali,2.0,False,False,20210724_QAT_SLV
2021-07-24,QAT,SLV,QAT,Abdulaziz Hatem,8.0,False,False,20210724_QAT_SLV
2021-07-24,QAT,SLV,QAT,Almoez Ali,55.0,False,True,20210724_QAT_SLV
2021-07-24,QAT,SLV,SLV,Joaquín Rivas,63.0,False,False,20210724_QAT_SLV
2021-07-24,QAT,SLV,SLV,Joaquín Rivas,66.0,False,False,20210724_QAT_SLV
2021-07-25,CRC,CAN,CAN,Junior Hoilett,18.0,False,False,20210725_CRC_CAN
2021-07-25,CRC,CAN,CAN,Stephen Eustáquio,69.0,False,False,20210725_CRC_CAN
2021-07-25,USA,JAM,USA,Matthew Hoppe,83.0,False,False,20210725_USA_JAM
2021-07-29,MEX,CAN,MEX,Orbelín Pineda,45.0,False,True,20210729_MEX_CAN
2021-07-29,MEX,CAN,CAN,Tajon Buchanan,57.0,False,False,20210729_MEX_CAN
2021-07-29,MEX,CAN,MEX,Héctor Herrera,90.0,False,False,20210729_MEX_CAN
2021-07-29,USA,QAT,USA,Gyasi Zardes,86.0,False,False,20210729_USA_QAT
2021-08-01,USA,MEX,USA,Miles Robinson,117.0,False,False,20210801_USA_MEX
2021-09-01,CTA,CPV,CPV,Júlio Tavares,36.0,False,False,20210901_CTA_CPV
2021-09-01,CTA,CPV,CTA,Tresór Toropité,53.0,False,False,20210901_CTA_CPV
2021-09-01,DEN,SCO,DEN,Daniel Wass,14.0,False,False,20210901_DEN_SCO
2021-09-01,DEN,SCO,DEN,Joakim Mæhle,15.0,False,False,20210901_DEN_SCO
2021-09-01,EGY,ANG,EGY,Mohamed Magdy,5.0,False,True,20210901_EGY_ANG
2021-09-01,FRO,ISR,ISR,Eran Zahavi,12.0,False,False,20210901_FRO_ISR
2021-09-01,FRO,ISR,ISR,Eran Zahavi,44.0,False,False,20210901_FRO_ISR
2021-09-01,FRO,ISR,ISR,Mu'nas Dabbur,52.0,False,False,20210901_FRO_ISR
2021-09-01,FRO,ISR,ISR,Eran Zahavi,90.0,False,False,20210901_FRO_ISR
2021-09-01,FRA,BIH,BIH,Edin Džeko,36.0,False,False,20210901_FRA_BIH
2021-09-01,FRA,BIH,FRA,Antoine Griezmann,40.0,False,False,20210901_FRA_BIH
2021-09-01,GNB,GUI,GUI,François Kamano,7.0,False,False,20210901_GNB_GUI
2021-09-01,GNB,GUI,GNB,Joseph Mendes,51.0,False,False,20210901_GNB_GUI
2021-09-01,KAZ,UKR,UKR,Roman Yaremchuk,2.0,False,False,20210901_KAZ_UKR
2021-09-01,KAZ,UKR,KAZ,Ruslan Valiullin,74.0,False,False,20210901_KAZ_UKR
2021-09-01,KAZ,UKR,KAZ,Ruslan Valiullin,90.0,False,False,20210901_KAZ_UKR
2021-09-01,KAZ,UKR,UKR,Danylo Sikan,90.0,False,False,20210901_KAZ_UKR
2021-09-01,LVA,GIB,LVA,Vladislavs Gutkovskis,50.0,False,True,20210901_LVA_GIB
2021-09-01,LVA,GIB,GIB,Tjay De Barr,71.0,False,True,20210901_LVA_GIB
2021-09-01,LVA,GIB,LVA,Vladislavs Gutkovskis,85.0,False,False,20210901_LVA_GIB
2021-09-01,LVA,GIB,LVA,Andrejs Cigaņiks,89.0,False,False,20210901_LVA_GIB
2021-09-01,LBY,GAB,GAB,André Biyogo Poko,11.0,False,False,20210901_LBY_GAB
2021-09-01,LBY,GAB,LBY,Ali Salama,27.0,False,False,20210901_LBY_GAB
2021-09-01,LBY,GAB,LBY,Sanad Al Warfali,90.0,False,False,20210901_LBY_GAB
2021-09-01,LUX,AZE,LUX,Mica Pinto,8.0,False,False,20210901_LUX_AZE
2021-09-01,LUX,AZE,LUX,Gerson Rodrigues,28.0,False,True,20210901_LUX_AZE
2021-09-01,LUX,AZE,AZE,Emin Mahmudov,67.0,False,False,20210901_LUX_AZE
2021-09-01,MLI,RWA,MLI,Adama Traoré,19.0,False,False,20210901_MLI_RWA
2021-09-01,MLT,CYP,MLT,Cain Attard,44.0,False,False,20210901_MLT_CYP
2021-09-01,MLT,CYP,MLT,Joseph Mbong,46.0,False,False,20210901_MLT_CYP
2021-09-01,MLT,CYP,MLT,Cain Attard,54.0,False,False,20210901_MLT_CYP
2021-09-01,MDA,AUT,AUT,Christoph Baumgartner,45.0,False,False,20210901_MDA_AUT
2021-09-01,MDA,AUT,AUT,Marko Arnautović,90.0,False,False,20210901_MDA_AUT
2021-09-01,NOR,NED,NOR,Erling Haaland,20.0,False,False,20210901_NOR_NED
2021-09-01,NOR,NED,NED,Davy Klaassen,37.0,False,False,20210901_NOR_NED
2021-09-01,POR,IRL,IRL,John Egan,45.0,False,False,20210901_POR_IRL
2021-09-01,POR,IRL,POR,Cristiano Ronaldo,89.0,False,False,20210901_POR_IRL
2021-09-01,POR,IRL,POR,Cristiano Ronaldo,90.0,False,False,20210901_POR_IRL
2021-09-01,SEN,TOG,SEN,Sadio Mané,56.0,False,False,20210901_SEN_TOG
2021-09-01,SEN,TOG,SEN,Abdou Diallo,81.0,False,False,20210901_SEN_TOG
2021-09-01,SVN,SVK,SVK,Róbert Boženík,32.0,False,False,20210901_SVN_SVK
2021-09-01,SVN,SVK,SVN,Petar Stojanović,42.0,False,False,20210901_SVN_SVK
2021-09-01,TUR,MNE,TUR,Cengiz Ünder,9.0,False,False,20210901_TUR_MNE
2021-09-01,TUR,MNE,TUR,Yusuf Yazıcı,31.0,False,False,20210901_TUR_MNE
2021-09-01,TUR,MNE,MNE,Adam Marušić,40.0,False,False,20210901_TUR_MNE
2021-09-01,TUR,MNE,MNE,Risto Radunović,90.0,False,False,20210901_TUR_MNE
2021-09-02,ALG,Djibouti,ALG,Islam Slimani,5.0,False,False,20210902_ALG_Djibouti
2021-09-02,ALG,Djibouti,ALG,Islam Slimani,25.0,False,True,20210902_ALG_Djibouti
2021-09-02,ALG,Djibouti,ALG,Ramy Bensebaini,27.0,False,False,20210902_ALG_Djibouti
2021-09-02,ALG,Djibouti,ALG,Baghdad Bounedjah,40.0,False,True,20210902_ALG_Djibouti
2021-09-02,ALG,Djibouti,ALG,Islam Slimani,46.0,False,False,20210902_ALG_Djibouti
2021-09-02,ALG,Djibouti,ALG,Islam Slimani,53.0,False,False,20210902_ALG_Djibouti
2021-09-02,ALG,Djibouti,ALG,Riyad Mahrez,67.0,False,False,20210902_ALG_Djibouti
2021-09-02,ALG,Djibouti,ALG,Ramiz Zerrouki,69.0,False,False,20210902_ALG_Djibouti
2021-09-02,AND,SMR,AND,Marc Vales,18.0,False,False,20210902_AND_SMR
2021-09-02,AND,SMR,AND,Marc Vales,24.0,False,False,20210902_AND_SMR
2021-09-02,AUS,CHN,AUS,Awer Mabil,24.0,False,False,20210902_AUS_CHN
2021-09-02,AUS,CHN,AUS,Martin Boyle,26.0,False,False,20210902_AUS_CHN
2021-09-02,AUS,CHN,AUS,Mitchell Duke,70.0,False,False,20210902_AUS_CHN
2021-09-02,BOL,COL,COL,Roger Martínez,69.0,False,False,20210902_BOL_COL
2021-09-02,BOL,COL,BOL,Fernando Saucedo,83.0,False,False,20210902_BOL_COL
2021-09-02,CAN,HON,HON,Alexander López,40.0,False,True,20210902_CAN_HON
2021-09-02,CAN,HON,CAN,Cyle Larin,66.0,False,True,20210902_CAN_HON
2021-09-02,CHI,BRA,BRA,Éverton Ribeiro,64.0,False,False,20210902_CHI_BRA
2021-09-02,CZE,BLR,CZE,Antonín Barák,34.0,False,False,20210902_CZE_BLR
2021-09-02,COD,TAN,COD,Dieumerci Mbokani,23.0,False,False,20210902_COD_TAN
2021-09-02,COD,TAN,TAN,Simon Msuva,36.0,False,False,20210902_COD_TAN
2021-09-02,ECU,PAR,ECU,Félix Torres,88.0,False,False,20210902_ECU_PAR
2021-09-02,ECU,PAR,ECU,Michael Estrada,90.0,False,False,20210902_ECU_PAR
2021-09-02,EST,BEL,EST,Mattias Käit,2.0,False,False,20210902_EST_BEL
2021-09-02,EST,BEL,BEL,Hans Vanaken,22.0,False,False,20210902_EST_BEL
2021-09-02,EST,BEL,BEL,Romelu Lukaku,29.0,False,False,20210902_EST_BEL
2021-09-02,EST,BEL,BEL,Romelu Lukaku,52.0,False,False,20210902_EST_BEL
2021-09-02,EST,BEL,BEL,Axel Witsel,65.0,False,False,20210902_EST_BEL
2021-09-02,EST,BEL,BEL,Thomas Foket,76.0,False,False,20210902_EST_BEL
2021-09-02,EST,BEL,EST,Erik Sorga,83.0,False,False,20210902_EST_BEL
2021-09-02,GEO,KVX,KVX,Vedat Muriqi,18.0,False,False,20210902_GEO_KVX
2021-09-02,HUN,ENG,ENG,Raheem Sterling,55.0,False,False,20210902_HUN_ENG
2021-09-02,HUN,ENG,ENG,Harry Kane,63.0,False,False,20210902_HUN_ENG
2021-09-02,HUN,ENG,ENG,Harry Maguire,69.0,False,False,20210902_HUN_ENG
2021-09-02,HUN,ENG,ENG,Declan Rice,87.0,False,False,20210902_HUN_ENG
2021-09-02,ISL,ROU,ROU,Dennis Man,47.0,False,False,20210902_ISL_ROU
2021-09-02,ISL,ROU,ROU,Nicolae Stanciu,83.0,False,False,20210902_ISL_ROU
2021-09-02,IRN,SYR,IRN,Alireza Jahanbakhsh,56.0,False,False,20210902_IRN_SYR
2021-09-02,ITA,BUL,ITA,Federico Chiesa,16.0,False,False,20210902_ITA_BUL
2021-09-02,ITA,BUL,BUL,Atanas Iliev,39.0,False,False,20210902_ITA_BUL
2021-09-02,JPN,OMA,OMA,Issam Al Sabhi,88.0,False,False,20210902_JPN_OMA
2021-09-02,LIE,GER,GER,Timo Werner,41.0,False,False,20210902_LIE_GER
2021-09-02,LIE,GER,GER,Leroy Sané,77.0,False,False,20210902_LIE_GER
2021-09-02,LTU,NIR,NIR,Daniel Ballard,20.0,False,False,20210902_LTU_NIR
2021-09-02,LTU,NIR,NIR,Conor Washington,52.0,False,True,20210902_LTU_NIR
2021-09-02,LTU,NIR,LTU,Rolandas Baravykas,55.0,False,False,20210902_LTU_NIR
2021-09-02,LTU,NIR,NIR,Shayne Lavery,67.0,False,False,20210902_LTU_NIR
2021-09-02,LTU,NIR,NIR,Paddy McNair,82.0,False,True,20210902_LTU_NIR
2021-09-02,MAD,BEN,BEN,Steve Mounié,22.0,False,False,20210902_MAD_BEN
2021-09-02,MEX,JAM,MEX,Alexis Vega,50.0,False,False,20210902_MEX_JAM
2021-09-02,MEX,JAM,JAM,Shamar Nicholson,65.0,False,False,20210902_MEX_JAM
2021-09-02,MEX,JAM,MEX,Henry Martín,89.0,False,False,20210902_MEX_JAM
2021-09-02,MAR,SDN,MAR,Nayef Aguerd,10.0,False,False,20210902_MAR_SDN
2021-09-02,MAR,SDN,MAR,Abuaagla Abdalla,53.0,True,False,20210902_MAR_SDN
2021-09-02,NAM,CGO,NAM,Charles Hambira,24.0,False,False,20210902_NAM_CGO
2021-09-02,NAM,CGO,CGO,Charles Hambira,57.0,True,False,20210902_NAM_CGO
2021-09-02,NIG,BFA,BFA,Lassina Traoré,76.0,False,True,20210902_NIG_BFA
2021-09-02,NIG,BFA,BFA,Mohamed Konaté,79.0,False,False,20210902_NIG_BFA
2021-09-02,PER,URU,PER,Renato Tapia,25.0,False,False,20210902_PER_URU
2021-09-02,PER,URU,URU,Giorgian de Arrascaeta,29.0,False,False,20210902_PER_URU
2021-09-02,POL,ALB,POL,Robert Lewandowski,12.0,False,False,20210902_POL_ALB
2021-09-02,POL,ALB,ALB,Sokol Çikalleshi,25.0,False,False,20210902_POL_ALB
2021-09-02,POL,ALB,POL,Adam Buksa,44.0,False,False,20210902_POL_ALB
2021-09-02,POL,ALB,POL,Grzegorz Krychowiak,54.0,False,False,20210902_POL_ALB
2021-09-02,POL,ALB,POL,Karol Linetty,89.0,False,False,20210902_POL_ALB
2021-09-02,KSA,VIE,VIE,Nguyễn Quang Hải,3.0,False,False,20210902_KSA_VIE
2021-09-02,KSA,VIE,KSA,Salem Al-Dawsari,55.0,False,True,20210902_KSA_VIE
2021-09-02,KSA,VIE,KSA,Yasser Al-Shahrani,67.0,False,False,20210902_KSA_VIE
2021-09-02,KSA,VIE,KSA,Saleh Al-Shehri,80.0,False,True,20210902_KSA_VIE
2021-09-02,SWE,ESP,ESP,Carlos Soler,5.0,False,False,20210902_SWE_ESP
2021-09-02,SWE,ESP,SWE,Alexander Isak,6.0,False,False,20210902_SWE_ESP
2021-09-02,SWE,ESP,SWE,Viktor Claesson,57.0,False,False,20210902_SWE_ESP
2021-09-02,VEN,ARG,ARG,Lautaro Martínez,45.0,False,False,20210902_VEN_ARG
2021-09-02,VEN,ARG,ARG,Joaquín Correa,71.0,False,False,20210902_VEN_ARG
2021-09-02,VEN,ARG,ARG,Ángel Correa,74.0,False,False,20210902_VEN_ARG
2021-09-02,VEN,ARG,VEN,Yeferson Soteldo,90.0,False,True,20210902_VEN_ARG
2021-09-03,CMR,MWI,CMR,Vincent Aboubakar,9.0,False,False,20210903_CMR_MWI
2021-09-03,CMR,MWI,CMR,Michael Ngadeu-Ngadjui,22.0,False,False,20210903_CMR_MWI
2021-09-03,GHA,ETH,GHA,Mubarak Wakaso,35.0,False,False,20210903_GHA_ETH
2021-09-03,MTN,ZAM,ZAM,Enock Mwepu,10.0,False,False,20210903_MTN_ZAM
2021-09-03,MTN,ZAM,ZAM,Prince Mumba,57.0,False,False,20210903_MTN_ZAM
2021-09-03,MTN,ZAM,MTN,Mamadou Niass,69.0,False,False,20210903_MTN_ZAM
2021-09-03,NGA,LBR,NGA,Kelechi Iheanacho,22.0,False,False,20210903_NGA_LBR
2021-09-03,NGA,LBR,NGA,Kelechi Iheanacho,44.0,False,False,20210903_NGA_LBR
2021-09-03,TUN,EQG,TUN,Dylan Bronn,54.0,False,False,20210903_TUN_EQG
2021-09-03,TUN,EQG,TUN,Ellyes Skhiri,78.0,False,False,20210903_TUN_EQG
2021-09-03,TUN,EQG,TUN,Wahbi Khazri,82.0,False,True,20210903_TUN_EQG
2021-09-04,CYP,RUS,RUS,Aleksandr Yerokhin,6.0,False,False,20210904_CYP_RUS
2021-09-04,CYP,RUS,RUS,Rifat Zhemaletdinov,55.0,False,False,20210904_CYP_RUS
2021-09-04,FRO,DEN,DEN,Jonas Wind,85.0,False,False,20210904_FRO_DEN
2021-09-04,FIN,KAZ,FIN,Joel Pohjanpalo,60.0,False,False,20210904_FIN_KAZ
2021-09-04,GIB,TUR,TUR,Halil Dervişoğlu,54.0,False,False,20210904_GIB_TUR
2021-09-04,GIB,TUR,TUR,Hakan Çalhanoğlu,65.0,False,False,20210904_GIB_TUR
2021-09-04,GIB,TUR,TUR,Kenan Karaman,83.0,False,False,20210904_GIB_TUR
2021-09-04,ISR,AUT,ISR,Manor Solomon,5.0,False,False,20210904_ISR_AUT
2021-09-04,ISR,AUT,ISR,Mu'nas Dabbur,20.0,False,False,20210904_ISR_AUT
2021-09-04,ISR,AUT,ISR,Eran Zahavi,33.0,False,False,20210904_ISR_AUT
2021-09-04,ISR,AUT,AUT,Christoph Baumgartner,42.0,False,False,20210904_ISR_AUT
2021-09-04,ISR,AUT,AUT,Marko Arnautović,55.0,False,False,20210904_ISR_AUT
2021-09-04,ISR,AUT,ISR,Shon Weissman,59.0,False,False,20210904_ISR_AUT
2021-09-04,ISR,AUT,ISR,Eran Zahavi,90.0,False,False,20210904_ISR_AUT
2021-09-04,LVA,NOR,NOR,Erling Haaland,20.0,False,True,20210904_LVA_NOR
2021-09-04,LVA,NOR,NOR,Mohamed Elyounoussi,66.0,False,False,20210904_LVA_NOR
2021-09-04,NED,MNE,NED,Memphis Depay,38.0,False,True,20210904_NED_MNE
2021-09-04,NED,MNE,NED,Memphis Depay,62.0,False,False,20210904_NED_MNE
2021-09-04,NED,MNE,NED,Georginio Wijnaldum,70.0,False,False,20210904_NED_MNE
2021-09-04,NED,MNE,NED,Cody Gakpo,76.0,False,False,20210904_NED_MNE
2021-09-04,IRL,AZE,AZE,Emin Mahmudov,45.0,False,False,20210904_IRL_AZE
2021-09-04,IRL,AZE,IRL,Shane Duffy,87.0,False,False,20210904_IRL_AZE
2021-09-04,SCO,MDA,SCO,Lyndon Dykes,14.0,False,False,20210904_SCO_MDA
2021-09-04,SRB,LUX,SRB,Aleksandar Mitrović,22.0,False,False,20210904_SRB_LUX
2021-09-04,SRB,LUX,SRB,Aleksandar Mitrović,35.0,False,False,20210904_SRB_LUX
2021-09-04,SRB,LUX,LUX,Olivier Thill,77.0,False,False,20210904_SRB_LUX
2021-09-04,SRB,LUX,SRB,Maxime Chanot,82.0,True,False,20210904_SRB_LUX
2021-09-04,SRB,LUX,SRB,Nikola Milenković,90.0,False,False,20210904_SRB_LUX
2021-09-04,SVK,CRO,CRO,Marcelo Brozović,86.0,False,False,20210904_SVK_CRO
2021-09-04,SVN,MLT,SVN,Sandi Lovrić,45.0,False,True,20210904_SVN_MLT
2021-09-04,UKR,FRA,UKR,Mykola Shaparenko,44.0,False,False,20210904_UKR_FRA
2021-09-04,UKR,FRA,FRA,Anthony Martial,50.0,False,False,20210904_UKR_FRA
2021-09-05,ALB,HUN,ALB,Armando Broja,87.0,False,False,20210905_ALB_HUN
2021-09-05,BLR,WAL,WAL,Gareth Bale,6.0,False,True,20210905_BLR_WAL
2021-09-05,BLR,WAL,BLR,Vitaly Lisakovich,29.0,False,True,20210905_BLR_WAL
2021-09-05,BLR,WAL,BLR,Pavel Sedko,31.0,False,False,20210905_BLR_WAL
2021-09-05,BLR,WAL,WAL,Gareth Bale,69.0,False,True,20210905_BLR_WAL
2021-09-05,BLR,WAL,WAL,Gareth Bale,90.0,False,False,20210905_BLR_WAL
2021-09-05,BEL,CZE,BEL,Romelu Lukaku,8.0,False,False,20210905_BEL_CZE
2021-09-05,BEL,CZE,BEL,Eden Hazard,41.0,False,False,20210905_BEL_CZE
2021-09-05,BEL,CZE,BEL,Alexis Saelemaekers,65.0,False,False,20210905_BEL_CZE
2021-09-05,BUL,LTU,BUL,Ivaylo Chochev,82.0,False,False,20210905_BUL_LTU
2021-09-05,CRC,MEX,MEX,Orbelín Pineda,45.0,False,True,20210905_CRC_MEX
2021-09-05,ENG,AND,ENG,Jesse Lingard,18.0,False,False,20210905_ENG_AND
2021-09-05,ENG,AND,ENG,Harry Kane,72.0,False,True,20210905_ENG_AND
2021-09-05,ENG,AND,ENG,Jesse Lingard,78.0,False,False,20210905_ENG_AND
2021-09-05,ENG,AND,ENG,Bukayo Saka,85.0,False,False,20210905_ENG_AND
2021-09-05,GAB,EGY,GAB,Jim Allevinah,73.0,False,False,20210905_GAB_EGY
2021-09-05,GAB,EGY,EGY,Mostafa Mohamed,90.0,False,False,20210905_GAB_EGY
2021-09-05,GER,ARM,GER,Serge Gnabry,6.0,False,False,20210905_GER_ARM
2021-09-05,GER,ARM,GER,Serge Gnabry,15.0,False,False,20210905_GER_ARM
2021-09-05,GER,ARM,GER,Marco Reus,35.0,False,False,20210905_GER_ARM
2021-09-05,GER,ARM,GER,Timo Werner,45.0,False,False,20210905_GER_ARM
2021-09-05,GER,ARM,GER,Jonas Hofmann,52.0,False,False,20210905_GER_ARM
2021-09-05,GER,ARM,GER,Karim Adeyemi,90.0,False,False,20210905_GER_ARM
2021-09-05,ISL,MKD,MKD,Darko Velkovski,12.0,False,False,20210905_ISL_MKD
2021-09-05,ISL,MKD,MKD,Ezgjan Alioski,54.0,False,False,20210905_ISL_MKD
2021-09-05,ISL,MKD,ISL,Brynjar Ingi Bjarnason,78.0,False,False,20210905_ISL_MKD
2021-09-05,ISL,MKD,ISL,Andri Guðjohnsen,84.0,False,False,20210905_ISL_MKD
2021-09-05,JAM,PAN,PAN,Andrés Andrade,14.0,False,False,20210905_JAM_PAN
2021-09-05,JAM,PAN,PAN,Rolando Blackburn,39.0,False,False,20210905_JAM_PAN
2021-09-05,JAM,PAN,PAN,Cecilio Waterman,82.0,False,False,20210905_JAM_PAN
2021-09-05,KVX,GRE,GRE,Anastasios Douvikas,45.0,False,False,20210905_KVX_GRE
2021-09-05,KVX,GRE,KVX,Vedat Muriqi,90.0,False,False,20210905_KVX_GRE
2021-09-05,PAR,COL,PAR,Antonio Sanabria,40.0,False,False,20210905_PAR_COL
2021-09-05,PAR,COL,COL,Juan Cuadrado,53.0,False,True,20210905_PAR_COL
2021-09-05,PER,VEN,PER,Christian Cueva,35.0,False,False,20210905_PER_VEN
2021-09-05,ROU,LIE,ROU,Alin Toșca,11.0,False,False,20210905_ROU_LIE
2021-09-05,ROU,LIE,ROU,Cristian Manea,18.0,False,False,20210905_ROU_LIE
2021-09-05,RWA,KEN,KEN,Michael Olunga,10.0,False,False,20210905_RWA_KEN
2021-09-05,RWA,KEN,RWA,Abdul Rwatubyaye,21.0,False,False,20210905_RWA_KEN
2021-09-05,SMR,POL,POL,Robert Lewandowski,4.0,False,False,20210905_SMR_POL
2021-09-05,SMR,POL,POL,Karol Świderski,16.0,False,False,20210905_SMR_POL
2021-09-05,SMR,POL,POL,Robert Lewandowski,21.0,False,False,20210905_SMR_POL
2021-09-05,SMR,POL,POL,Karol Linetty,44.0,False,False,20210905_SMR_POL
2021-09-05,SMR,POL,SMR,Nicola Nanni,48.0,False,False,20210905_SMR_POL
2021-09-05,SMR,POL,POL,Adam Buksa,67.0,False,False,20210905_SMR_POL
2021-09-05,SMR,POL,POL,Adam Buksa,90.0,False,False,20210905_SMR_POL
2021-09-05,SMR,POL,POL,Adam Buksa,90.0,False,False,20210905_SMR_POL
2021-09-05,ESP,GEO,ESP,José Gayà,14.0,False,False,20210905_ESP_GEO
2021-09-05,ESP,GEO,ESP,Carlos Soler,25.0,False,False,20210905_ESP_GEO
2021-09-05,ESP,GEO,ESP,Ferran Torres,41.0,False,False,20210905_ESP_GEO
2021-09-05,ESP,GEO,ESP,Pablo Sarabia,63.0,False,False,20210905_ESP_GEO
2021-09-05,TOG,NAM,NAM,Elmo Kambindu,53.0,False,False,20210905_TOG_NAM
2021-09-05,USA,CAN,USA,Brenden Aaronson,55.0,False,False,20210905_USA_CAN
2021-09-05,USA,CAN,CAN,Cyle Larin,62.0,False,False,20210905_USA_CAN
2021-09-05,URU,BOL,URU,Giorgian de Arrascaeta,15.0,False,False,20210905_URU_BOL
2021-09-05,URU,BOL,URU,Federico Valverde,31.0,False,False,20210905_URU_BOL
2021-09-05,URU,BOL,URU,Agustín Álvarez,47.0,False,False,20210905_URU_BOL
2021-09-05,URU,BOL,BOL,Marcelo Martins Moreno,59.0,False,False,20210905_URU_BOL
2021-09-05,URU,BOL,URU,Giorgian de Arrascaeta,67.0,False,True,20210905_URU_BOL
2021-09-05,URU,BOL,BOL,Marcelo Martins Moreno,84.0,False,True,20210905_URU_BOL
2021-09-06,BEN,COD,COD,Dieumerci Mbokani,11.0,False,False,20210906_BEN_COD
2021-09-06,BEN,COD,BEN,Jordan Adéoti,33.0,False,False,20210906_BEN_COD
2021-09-06,Djibouti,NIG,Djibouti,Anas Farah Ali,32.0,False,False,20210906_Djibouti_NIG
2021-09-06,Djibouti,NIG,NIG,Victorien Adebayor,49.0,False,False,20210906_Djibouti_NIG
2021-09-06,Djibouti,NIG,NIG,Victorien Adebayor,56.0,False,False,20210906_Djibouti_NIG
2021-09-06,Djibouti,NIG,NIG,Mohamed Wonkoye,65.0,False,True,20210906_Djibouti_NIG
2021-09-06,Djibouti,NIG,NIG,Amadou Sabo,68.0,False,False,20210906_Djibouti_NIG
2021-09-06,Djibouti,NIG,Djibouti,Warsama Hassan,90.0,False,False,20210906_Djibouti_NIG
2021-09-06,CIV,CMR,CIV,Sébastien Haller,20.0,False,True,20210906_CIV_CMR
2021-09-06,CIV,CMR,CIV,Sébastien Haller,29.0,False,False,20210906_CIV_CMR
2021-09-06,CIV,CMR,CMR,Moumi Ngamaleu,61.0,False,True,20210906_CIV_CMR
2021-09-06,LBR,CTA,LBR,Kpah Sherman,86.0,False,False,20210906_LBR_CTA
2021-09-06,RSA,GHA,RSA,Bongokuhle Hlongwane,83.0,False,False,20210906_RSA_GHA
2021-09-07,ANG,LBY,LBY,Omar Al Khouja,43.0,False,False,20210907_ANG_LBY
2021-09-07,AUT,SCO,SCO,Lyndon Dykes,30.0,False,True,20210907_AUT_SCO
2021-09-07,AZE,POR,POR,Bernardo Silva,26.0,False,False,20210907_AZE_POR
2021-09-07,AZE,POR,POR,André Silva,31.0,False,False,20210907_AZE_POR
2021-09-07,AZE,POR,POR,Diogo Jota,75.0,False,False,20210907_AZE_POR
2021-09-07,BIH,KAZ,KAZ,Islambek Kuat,52.0,False,False,20210907_BIH_KAZ
2021-09-07,BIH,KAZ,BIH,Miralem Pjanić,74.0,False,True,20210907_BIH_KAZ
2021-09-07,BIH,KAZ,BIH,Luka Menalo,86.0,False,False,20210907_BIH_KAZ
2021-09-07,BIH,KAZ,KAZ,Bakhtiyar Zaynutdinov,90.0,False,False,20210907_BIH_KAZ
2021-09-07,BFA,ALG,ALG,Sofiane Feghouli,18.0,False,False,20210907_BFA_ALG
2021-09-07,BFA,ALG,BFA,Abdoul Tapsoba,64.0,False,False,20210907_BFA_ALG
2021-09-07,CPV,NGA,CPV,Dylan Tavares,19.0,False,False,20210907_CPV_NGA
2021-09-07,CPV,NGA,NGA,Victor Osimhen,30.0,False,False,20210907_CPV_NGA
2021-09-07,CPV,NGA,NGA,Kenny Rocha Santos,76.0,True,False,20210907_CPV_NGA
2021-09-07,CHN,JPN,JPN,Yuya Osako,40.0,False,False,20210907_CHN_JPN
2021-09-07,CGO,SEN,SEN,Boulaye Dia,27.0,False,False,20210907_CGO_SEN
2021-09-07,CGO,SEN,CGO,Silvère Ganvoula,45.0,False,True,20210907_CGO_SEN
2021-09-07,CGO,SEN,SEN,Ismaïla Sarr,82.0,False,False,20210907_CGO_SEN
2021-09-07,CGO,SEN,SEN,Sadio Mané,87.0,False,True,20210907_CGO_SEN
2021-09-07,CRO,SVN,CRO,Marko Livaja,33.0,False,False,20210907_CRO_SVN
2021-09-07,CRO,SVN,CRO,Mario Pašalić,66.0,False,False,20210907_CRO_SVN
2021-09-07,CRO,SVN,CRO,Nikola Vlašić,90.0,False,False,20210907_CRO_SVN
2021-09-07,DEN,ISR,DEN,Yussuf Poulsen,28.0,False,False,20210907_DEN_ISR
2021-09-07,DEN,ISR,DEN,Simon Kjær,31.0,False,False,20210907_DEN_ISR
2021-09-07,DEN,ISR,DEN,Andreas Skov Olsen,41.0,False,False,20210907_DEN_ISR
2021-09-07,DEN,ISR,DEN,Thomas Delaney,58.0,False,False,20210907_DEN_ISR
2021-09-07,DEN,ISR,DEN,Andreas Cornelius,90.0,False,False,20210907_DEN_ISR
2021-09-07,EQG,MTN,EQG,Iban Salvador,59.0,False,True,20210907_EQG_MTN
2021-09-07,ETH,ZIM,ETH,Aschalew Tamene,90.0,False,True,20210907_ETH_ZIM
2021-09-07,FRO,MDA,FRO,Klæmint Olsen,68.0,False,False,20210907_FRO_MDA
2021-09-07,FRO,MDA,FRO,Heini Vatnsdal,72.0,False,False,20210907_FRO_MDA
2021-09-07,FRO,MDA,MDA,Nicolae Milinceanu,84.0,False,False,20210907_FRO_MDA
2021-09-07,FRA,FIN,FRA,Antoine Griezmann,25.0,False,False,20210907_FRA_FIN
2021-09-07,FRA,FIN,FRA,Antoine Griezmann,53.0,False,False,20210907_FRA_FIN
2021-09-07,IRQ,IRN,IRN,Alireza Jahanbakhsh,3.0,False,False,20210907_IRQ_IRN
2021-09-07,IRQ,IRN,IRN,Mehdi Taremi,69.0,False,False,20210907_IRQ_IRN
2021-09-07,IRQ,IRN,IRN,Ali Gholizadeh,90.0,False,False,20210907_IRQ_IRN
2021-09-07,MWI,MOZ,MWI,Richard Mbulu,10.0,False,False,20210907_MWI_MOZ
2021-09-07,NED,TUR,NED,Davy Klaassen,1.0,False,False,20210907_NED_TUR
2021-09-07,NED,TUR,NED,Memphis Depay,16.0,False,False,20210907_NED_TUR
2021-09-07,NED,TUR,NED,Memphis Depay,38.0,False,True,20210907_NED_TUR
2021-09-07,NED,TUR,NED,Memphis Depay,54.0,False,False,20210907_NED_TUR
2021-09-07,NED,TUR,NED,Guus Til,80.0,False,False,20210907_NED_TUR
2021-09-07,NED,TUR,NED,Donyell Malen,90.0,False,False,20210907_NED_TUR
2021-09-07,NED,TUR,TUR,Cengiz Ünder,90.0,False,False,20210907_NED_TUR
2021-09-07,NOR,GIB,NOR,Kristian Thorstvedt,23.0,False,False,20210907_NOR_GIB
2021-09-07,NOR,GIB,NOR,Erling Haaland,27.0,False,False,20210907_NOR_GIB
2021-09-07,NOR,GIB,NOR,Erling Haaland,39.0,False,False,20210907_NOR_GIB
2021-09-07,NOR,GIB,GIB,Reece Styche,43.0,False,False,20210907_NOR_GIB
2021-09-07,NOR,GIB,NOR,Alexander Sørloth,59.0,False,False,20210907_NOR_GIB
2021-09-07,NOR,GIB,NOR,Erling Haaland,90.0,False,False,20210907_NOR_GIB
2021-09-07,OMA,KSA,KSA,Saleh Al-Shehri,42.0,False,False,20210907_OMA_KSA
2021-09-07,IRL,SRB,SRB,Sergej Milinković-Savić,20.0,False,False,20210907_IRL_SRB
2021-09-07,IRL,SRB,IRL,Nikola Milenković,87.0,True,False,20210907_IRL_SRB
2021-09-07,RUS,MLT,RUS,Fyodor Smolov,10.0,False,False,20210907_RUS_MLT
2021-09-07,RUS,MLT,RUS,Zelimkhan Bakayev,84.0,False,True,20210907_RUS_MLT
2021-09-07,SVK,CYP,SVK,Ivan Schranz,55.0,False,False,20210907_SVK_CYP
2021-09-07,SVK,CYP,SVK,Martin Koscelník,77.0,False,False,20210907_SVK_CYP
2021-09-07,KOR,LIB,KOR,Kwon Chang-hoon,59.0,False,False,20210907_KOR_LIB
2021-09-07,SDN,GNB,GNB,Piqueti,8.0,False,False,20210907_SDN_GNB
2021-09-07,SDN,GNB,GNB,Frédéric Mendy,11.0,False,False,20210907_SDN_GNB
2021-09-07,SDN,GNB,GNB,Piqueti,39.0,False,False,20210907_SDN_GNB
2021-09-07,SDN,GNB,SDN,Mohamed Abdelrahman,55.0,False,False,20210907_SDN_GNB
2021-09-07,SDN,GNB,GNB,Mama Baldé,82.0,False,False,20210907_SDN_GNB
2021-09-07,SDN,GNB,SDN,Mohamed Abdelrahman,90.0,False,False,20210907_SDN_GNB
2021-09-07,SYR,UAE,UAE,Ali Mabkhout,12.0,False,False,20210907_SYR_UAE
2021-09-07,SYR,UAE,SYR,Mahmoud Al Baher,64.0,False,False,20210907_SYR_UAE
2021-09-07,TAN,MAD,TAN,Erasto Nyoni,2.0,False,True,20210907_TAN_MAD
2021-09-07,TAN,MAD,TAN,Novatus Dismas,26.0,False,False,20210907_TAN_MAD
2021-09-07,TAN,MAD,MAD,Njiva Rakotoharimalala,36.0,False,False,20210907_TAN_MAD
2021-09-07,TAN,MAD,MAD,Thomas Fontaine,45.0,False,False,20210907_TAN_MAD
2021-09-07,TAN,MAD,TAN,Feisal Salum,53.0,False,False,20210907_TAN_MAD
2021-09-07,VIE,AUS,AUS,Rhyan Grant,43.0,False,False,20210907_VIE_AUS
2021-09-07,ZAM,TUN,TUN,Wahbi Khazri,8.0,False,True,20210907_ZAM_TUN
2021-09-07,ZAM,TUN,TUN,Anis Ben Slimane,90.0,False,False,20210907_ZAM_TUN
2021-09-08,ALB,SMR,ALB,Rey Manaj,32.0,False,False,20210908_ALB_SMR
2021-09-08,ALB,SMR,ALB,Qazim Laçi,58.0,False,False,20210908_ALB_SMR
2021-09-08,ALB,SMR,ALB,Armando Broja,61.0,False,False,20210908_ALB_SMR
2021-09-08,ALB,SMR,ALB,Elseid Hysaj,68.0,False,False,20210908_ALB_SMR
2021-09-08,ALB,SMR,ALB,Myrto Uzuni,80.0,False,False,20210908_ALB_SMR
2021-09-08,ARM,LIE,ARM,Henrikh Mkhitaryan,45.0,False,True,20210908_ARM_LIE
2021-09-08,ARM,LIE,LIE,Noah Frick,80.0,False,False,20210908_ARM_LIE
2021-09-08,BLR,BEL,BEL,Dennis Praet,33.0,False,False,20210908_BLR_BEL
2021-09-08,CAN,SLV,CAN,Atiba Hutchinson,6.0,False,False,20210908_CAN_SLV
2021-09-08,CAN,SLV,CAN,Jonathan David,11.0,False,False,20210908_CAN_SLV
2021-09-08,CAN,SLV,CAN,Tajon Buchanan,59.0,False,False,20210908_CAN_SLV
2021-09-08,CRC,JAM,CRC,Jimmy Marín,3.0,False,False,20210908_CRC_JAM
2021-09-08,CRC,JAM,JAM,Shamar Nicholson,47.0,False,False,20210908_CRC_JAM
2021-09-08,GRE,SWE,GRE,Tasos Bakasetas,62.0,False,False,20210908_GRE_SWE
2021-09-08,GRE,SWE,GRE,Vangelis Pavlidis,78.0,False,False,20210908_GRE_SWE
2021-09-08,GRE,SWE,SWE,Robin Quaison,80.0,False,False,20210908_GRE_SWE
2021-09-08,HON,USA,HON,Brayan Moya,27.0,False,False,20210908_HON_USA
2021-09-08,HON,USA,USA,Antonee Robinson,48.0,False,False,20210908_HON_USA
2021-09-08,HON,USA,USA,Ricardo Pepi,75.0,False,False,20210908_HON_USA
2021-09-08,HON,USA,USA,Brenden Aaronson,86.0,False,False,20210908_HON_USA
2021-09-08,HON,USA,USA,Sebastian Lletget,90.0,False,False,20210908_HON_USA
2021-09-08,HUN,AND,HUN,Ádám Szalai,9.0,False,True,20210908_HUN_AND
2021-09-08,HUN,AND,HUN,Endre Botka,18.0,False,False,20210908_HUN_AND
2021-09-08,HUN,AND,AND,Max Llovera,82.0,False,False,20210908_HUN_AND
2021-09-08,ISL,GER,GER,Serge Gnabry,4.0,False,False,20210908_ISL_GER
2021-09-08,ISL,GER,GER,Antonio Rüdiger,24.0,False,False,20210908_ISL_GER
2021-09-08,ISL,GER,GER,Leroy Sané,56.0,False,False,20210908_ISL_GER
2021-09-08,ISL,GER,GER,Timo Werner,89.0,False,False,20210908_ISL_GER
2021-09-08,ITA,LTU,ITA,Moise Kean,11.0,False,False,20210908_ITA_LTU
2021-09-08,ITA,LTU,ITA,Edgaras Utkus,14.0,True,False,20210908_ITA_LTU
2021-09-08,ITA,LTU,ITA,Giacomo Raspadori,24.0,False,False,20210908_ITA_LTU
2021-09-08,ITA,LTU,ITA,Moise Kean,29.0,False,False,20210908_ITA_LTU
2021-09-08,ITA,LTU,ITA,Giovanni Di Lorenzo,54.0,False,False,20210908_ITA_LTU
2021-09-08,KVX,ESP,ESP,Pablo Fornals,32.0,False,False,20210908_KVX_ESP
2021-09-08,KVX,ESP,ESP,Ferran Torres,90.0,False,False,20210908_KVX_ESP
2021-09-08,PAN,MEX,PAN,Rolando Blackburn,28.0,False,False,20210908_PAN_MEX
2021-09-08,PAN,MEX,MEX,Jesús Manuel Corona,76.0,False,False,20210908_PAN_MEX
2021-09-08,POL,ENG,ENG,Harry Kane,72.0,False,False,20210908_POL_ENG
2021-09-08,POL,ENG,POL,Damian Szymański,90.0,False,False,20210908_POL_ENG
2021-09-09,ARG,BOL,ARG,Lionel Messi,14.0,False,False,20210909_ARG_BOL
2021-09-09,ARG,BOL,ARG,Lionel Messi,64.0,False,False,20210909_ARG_BOL
2021-09-09,ARG,BOL,ARG,Lionel Messi,88.0,False,False,20210909_ARG_BOL
2021-09-09,BRA,PER,BRA,Éverton Ribeiro,15.0,False,False,20210909_BRA_PER
2021-09-09,BRA,PER,BRA,Neymar,40.0,False,False,20210909_BRA_PER
2021-09-09,COL,CHI,COL,Miguel Borja,19.0,False,True,20210909_COL_CHI
2021-09-09,COL,CHI,COL,Miguel Borja,20.0,False,False,20210909_COL_CHI
2021-09-09,COL,CHI,CHI,Jean Meneses,56.0,False,False,20210909_COL_CHI
2021-09-09,COL,CHI,COL,Luis Díaz,74.0,False,False,20210909_COL_CHI
2021-09-09,PAR,VEN,PAR,David Martínez,7.0,False,False,20210909_PAR_VEN
2021-09-09,PAR,VEN,PAR,Alejandro Romero Gamarra,46.0,False,False,20210909_PAR_VEN
2021-09-09,PAR,VEN,VEN,Jhon Chancellor,90.0,False,False,20210909_PAR_VEN
2021-09-09,URU,ECU,URU,Gastón Pereiro,90.0,False,False,20210909_URU_ECU
2021-10-06,ITA,ESP,ESP,Ferran Torres,17.0,False,False,20211006_ITA_ESP
2021-10-06,ITA,ESP,ESP,Ferran Torres,45.0,False,False,20211006_ITA_ESP
2021-10-06,ITA,ESP,ITA,Lorenzo Pellegrini,83.0,False,False,20211006_ITA_ESP
2021-10-06,MAR,GNB,MAR,Achraf Hakimi,31.0,False,False,20211006_MAR_GNB
2021-10-06,MAR,GNB,MAR,Imran Louza,45.0,False,True,20211006_MAR_GNB
2021-10-06,MAR,GNB,MAR,Ilias Chair,49.0,False,False,20211006_MAR_GNB
2021-10-06,MAR,GNB,MAR,Ayoub El Kaabi,62.0,False,False,20211006_MAR_GNB
2021-10-06,MAR,GNB,MAR,Munir El Haddadi,82.0,False,False,20211006_MAR_GNB
2021-10-06,SDN,GUI,GUI,Mohamed Bayo,56.0,False,False,20211006_SDN_GUI
2021-10-06,SDN,GUI,SDN,Seif Teiri,72.0,False,False,20211006_SDN_GUI
2021-10-07,AUS,OMA,AUS,Awer Mabil,9.0,False,False,20211007_AUS_OMA
2021-10-07,AUS,OMA,OMA,Rabia Al-Alawi,28.0,False,False,20211007_AUS_OMA
2021-10-07,AUS,OMA,AUS,Martin Boyle,49.0,False,False,20211007_AUS_OMA
2021-10-07,AUS,OMA,AUS,Mitchell Duke,89.0,False,False,20211007_AUS_OMA
2021-10-07,BEL,FRA,BEL,Yannick Carrasco,37.0,False,False,20211007_BEL_FRA
2021-10-07,BEL,FRA,BEL,Romelu Lukaku,40.0,False,False,20211007_BEL_FRA
2021-10-07,BEL,FRA,FRA,Karim Benzema,62.0,False,False,20211007_BEL_FRA
2021-10-07,BEL,FRA,FRA,Kylian Mbappé,69.0,False,True,20211007_BEL_FRA
2021-10-07,BEL,FRA,FRA,Théo Hernandez,90.0,False,False,20211007_BEL_FRA
2021-10-07,CHN,VIE,CHN,Zhang Yuning,53.0,False,False,20211007_CHN_VIE
2021-10-07,CHN,VIE,CHN,Wu Lei,75.0,False,False,20211007_CHN_VIE
2021-10-07,CHN,VIE,VIE,Hồ Tấn Tài,80.0,False,False,20211007_CHN_VIE
2021-10-07,CHN,VIE,CHN,Wu Lei,90.0,False,False,20211007_CHN_VIE
2021-10-07,CHN,VIE,VIE,Nguyễn Tiến Linh,90.0,False,False,20211007_CHN_VIE
2021-10-07,COD,MAD,COD,Chadrac Akolo,35.0,False,False,20211007_COD_MAD
2021-10-07,COD,MAD,COD,Dieumerci Mbokani,78.0,False,True,20211007_COD_MAD
2021-10-07,ECU,BOL,ECU,Michael Estrada,13.0,False,False,20211007_ECU_BOL
2021-10-07,ECU,BOL,ECU,Enner Valencia,16.0,False,False,20211007_ECU_BOL
2021-10-07,ECU,BOL,ECU,Enner Valencia,18.0,False,False,20211007_ECU_BOL
2021-10-07,SLV,PAN,SLV,Enrico Hernández,37.0,False,False,20211007_SLV_PAN
2021-10-07,EQG,ZAM,EQG,Saúl Coco,35.0,False,False,20211007_EQG_ZAM
2021-10-07,EQG,ZAM,EQG,Emilio Nsue,88.0,False,False,20211007_EQG_ZAM
2021-10-07,LBR,CPV,LBR,Van-Dave Harmon,45.0,False,False,20211007_LBR_CPV
2021-10-07,LBR,CPV,CPV,Jamiro Monteiro,52.0,False,False,20211007_LBR_CPV
2021-10-07,LBR,CPV,CPV,Garry Rodrigues,90.0,False,False,20211007_LBR_CPV
2021-10-07,MLI,KEN,MLI,Adama Traoré,8.0,False,False,20211007_MLI_KEN
2021-10-07,MLI,KEN,MLI,Ibrahima Koné,22.0,False,False,20211007_MLI_KEN
2021-10-07,MLI,KEN,MLI,Ibrahima Koné,36.0,False,False,20211007_MLI_KEN
2021-10-07,MLI,KEN,MLI,Ibrahima Koné,45.0,False,True,20211007_MLI_KEN
2021-10-07,MLI,KEN,MLI,Moussa Doumbia,85.0,False,False,20211007_MLI_KEN
2021-10-07,MEX,CAN,MEX,Jorge Sánchez,21.0,False,False,20211007_MEX_CAN
2021-10-07,MEX,CAN,CAN,Jonathan Osorio,42.0,False,False,20211007_MEX_CAN
2021-10-07,NGA,CTA,CTA,Karl Namnganda,90.0,False,False,20211007_NGA_CTA
2021-10-07,PER,CHI,PER,Christian Cueva,36.0,False,False,20211007_PER_CHI
2021-10-07,PER,CHI,PER,Sergio Peña,64.0,False,False,20211007_PER_CHI
2021-10-07,RWA,UGA,UGA,Fahad Bayo,41.0,False,False,20211007_RWA_UGA
2021-10-07,KSA,JPN,KSA,Firas Al-Buraikan,71.0,False,False,20211007_KSA_JPN
2021-10-07,KOR,SYR,KOR,Hwang In-beom,47.0,False,False,20211007_KOR_SYR
2021-10-07,KOR,SYR,SYR,Omar Khribin,83.0,False,False,20211007_KOR_SYR
2021-10-07,KOR,SYR,KOR,Son Heung-min,88.0,False,False,20211007_KOR_SYR
2021-10-07,TAN,BEN,BEN,Steve Mounié,72.0,False,False,20211007_TAN_BEN
2021-10-07,TUN,MTN,TUN,Ellyes Skhiri,15.0,False,False,20211007_TUN_MTN
2021-10-07,TUN,MTN,TUN,Wahbi Khazri,42.0,False,False,20211007_TUN_MTN
2021-10-07,TUN,MTN,TUN,Seifeddine Jaziri,86.0,False,False,20211007_TUN_MTN
2021-10-07,UAE,IRN,IRN,Mehdi Taremi,70.0,False,False,20211007_UAE_IRN
2021-10-07,USA,JAM,USA,Ricardo Pepi,49.0,False,False,20211007_USA_JAM
2021-10-07,USA,JAM,USA,Ricardo Pepi,62.0,False,False,20211007_USA_JAM
2021-10-07,VEN,BRA,VEN,Eric Ramírez,11.0,False,False,20211007_VEN_BRA
2021-10-07,VEN,BRA,BRA,Marquinhos,71.0,False,False,20211007_VEN_BRA
2021-10-07,VEN,BRA,BRA,Gabriel Barbosa,85.0,False,True,20211007_VEN_BRA
2021-10-07,VEN,BRA,BRA,Antony,90.0,False,False,20211007_VEN_BRA
2021-10-08,ALG,NIG,ALG,Riyad Mahrez,27.0,False,False,20211008_ALG_NIG
2021-10-08,ALG,NIG,ALG,Youssouf Oumarou,47.0,True,False,20211008_ALG_NIG
2021-10-08,ALG,NIG,NIG,Daniel Sosah,50.0,False,False,20211008_ALG_NIG
2021-10-08,ALG,NIG,ALG,Riyad Mahrez,60.0,False,True,20211008_ALG_NIG
2021-10-08,ALG,NIG,ALG,Zakariya Souleymane,70.0,True,False,20211008_ALG_NIG
2021-10-08,ALG,NIG,ALG,Islam Slimani,76.0,False,False,20211008_ALG_NIG
2021-10-08,ALG,NIG,ALG,Islam Slimani,88.0,False,False,20211008_ALG_NIG
2021-10-08,ANG,GAB,ANG,Zini,25.0,False,False,20211008_ANG_GAB
2021-10-08,ANG,GAB,ANG,Ary Papel,56.0,False,False,20211008_ANG_GAB
2021-10-08,ANG,GAB,GAB,Axel Méyé,83.0,False,False,20211008_ANG_GAB
2021-10-08,ANG,GAB,ANG,Jonathan Buatu,90.0,False,False,20211008_ANG_GAB
2021-10-08,CMR,MOZ,CMR,Eric Maxim Choupo-Moting,28.0,False,False,20211008_CMR_MOZ
2021-10-08,CMR,MOZ,CMR,Eric Maxim Choupo-Moting,51.0,False,False,20211008_CMR_MOZ
2021-10-08,CMR,MOZ,CMR,Karl Toko Ekambi,63.0,False,False,20211008_CMR_MOZ
2021-10-08,CMR,MOZ,MOZ,Geny Catamo,81.0,False,False,20211008_CMR_MOZ
2021-10-08,CYP,CRO,CRO,Ivan Perišić,45.0,False,False,20211008_CYP_CRO
2021-10-08,CYP,CRO,CRO,Joško Gvardiol,80.0,False,False,20211008_CYP_CRO
2021-10-08,CYP,CRO,CRO,Marko Livaja,90.0,False,False,20211008_CYP_CRO
2021-10-08,CZE,WAL,WAL,Aaron Ramsey,36.0,False,False,20211008_CZE_WAL
2021-10-08,CZE,WAL,CZE,Jakub Pešek,38.0,False,False,20211008_CZE_WAL
2021-10-08,CZE,WAL,CZE,Danny Ward,49.0,True,False,20211008_CZE_WAL
2021-10-08,CZE,WAL,WAL,Daniel James,69.0,False,False,20211008_CZE_WAL
2021-10-08,Djibouti,BFA,BFA,Abdoul Tapsoba,45.0,False,False,20211008_Djibouti_BFA
2021-10-08,Djibouti,BFA,BFA,Abdoul Tapsoba,48.0,False,False,20211008_Djibouti_BFA
2021-10-08,Djibouti,BFA,BFA,Issa Kaboré,51.0,False,False,20211008_Djibouti_BFA
2021-10-08,Djibouti,BFA,BFA,Mohamed Konaté,60.0,False,False,20211008_Djibouti_BFA
2021-10-08,EGY,LBY,EGY,Omar Marmoush,49.0,False,False,20211008_EGY_LBY
2021-10-08,EST,BLR,EST,Erik Sorga,58.0,False,False,20211008_EST_BLR
2021-10-08,EST,BLR,EST,Sergei Zenjov,90.0,False,False,20211008_EST_BLR
2021-10-08,GER,ROU,ROU,Ianis Hagi,9.0,False,False,20211008_GER_ROU
2021-10-08,GER,ROU,GER,Serge Gnabry,52.0,False,False,20211008_GER_ROU
2021-10-08,GER,ROU,GER,Thomas Müller,81.0,False,False,20211008_GER_ROU
2021-10-08,GIB,MNE,MNE,Adam Marušić,7.0,False,False,20211008_GIB_MNE
2021-10-08,GIB,MNE,MNE,Fatos Bećiraj,44.0,False,True,20211008_GIB_MNE
2021-10-08,GIB,MNE,MNE,Fatos Bećiraj,68.0,False,False,20211008_GIB_MNE
2021-10-08,ISL,ARM,ARM,Kamo Hovhannisyan,35.0,False,False,20211008_ISL_ARM
2021-10-08,ISL,ARM,ISL,Ísak Bergmann Jóhannesson,77.0,False,False,20211008_ISL_ARM
2021-10-08,LVA,NED,NED,Davy Klaassen,19.0,False,False,20211008_LVA_NED
2021-10-08,LIE,MKD,MKD,Darko Velkovski,39.0,False,False,20211008_LIE_MKD
2021-10-08,LIE,MKD,MKD,Ezgjan Alioski,66.0,False,True,20211008_LIE_MKD
2021-10-08,LIE,MKD,MKD,Boban Nikolov,74.0,False,False,20211008_LIE_MKD
2021-10-08,LIE,MKD,MKD,Darko Churlinov,83.0,False,False,20211008_LIE_MKD
2021-10-08,MWI,CIV,CIV,Max Gradel,36.0,False,False,20211008_MWI_CIV
2021-10-08,MWI,CIV,CIV,Ibrahim Sangaré,85.0,False,False,20211008_MWI_CIV
2021-10-08,MWI,CIV,CIV,Jérémie Boga,90.0,False,False,20211008_MWI_CIV
2021-10-08,MLT,SVN,SVN,Josip Iličić,27.0,False,False,20211008_MLT_SVN
2021-10-08,MLT,SVN,SVN,Andraž Šporar,49.0,False,False,20211008_MLT_SVN
2021-10-08,MLT,SVN,SVN,Josip Iličić,60.0,False,False,20211008_MLT_SVN
2021-10-08,MLT,SVN,SVN,Benjamin Šeško,67.0,False,False,20211008_MLT_SVN
2021-10-08,RUS,SVK,RUS,Milan Škriniar,24.0,True,False,20211008_RUS_SVK
2021-10-08,TUR,NOR,TUR,Kerem Aktürkoğlu,6.0,False,False,20211008_TUR_NOR
2021-10-08,TUR,NOR,NOR,Kristian Thorstvedt,41.0,False,False,20211008_TUR_NOR
2021-10-09,AND,ENG,ENG,Ben Chilwell,17.0,False,False,20211009_AND_ENG
2021-10-09,AND,ENG,ENG,Bukayo Saka,40.0,False,False,20211009_AND_ENG
2021-10-09,AND,ENG,ENG,Tammy Abraham,59.0,False,False,20211009_AND_ENG
2021-10-09,AND,ENG,ENG,James Ward-Prowse,79.0,False,False,20211009_AND_ENG
2021-10-09,AND,ENG,ENG,Jack Grealish,86.0,False,False,20211009_AND_ENG
2021-10-09,AZE,IRL,IRL,Callum Robinson,7.0,False,False,20211009_AZE_IRL
2021-10-09,AZE,IRL,IRL,Callum Robinson,39.0,False,False,20211009_AZE_IRL
2021-10-09,AZE,IRL,IRL,Chiedozie Ogbene,90.0,False,False,20211009_AZE_IRL
2021-10-09,ETH,RSA,RSA,Teboho Mokoena,45.0,False,False,20211009_ETH_RSA
2021-10-09,ETH,RSA,ETH,Getaneh Kebede,67.0,False,False,20211009_ETH_RSA
2021-10-09,ETH,RSA,RSA,Mothobi Mvala,71.0,False,False,20211009_ETH_RSA
2021-10-09,ETH,RSA,RSA,Evidence Makgopa,90.0,False,False,20211009_ETH_RSA
2021-10-09,FRO,AUT,AUT,Konrad Laimer,26.0,False,False,20211009_FRO_AUT
2021-10-09,FRO,AUT,AUT,Marcel Sabitzer,48.0,False,False,20211009_FRO_AUT
2021-10-09,FIN,UKR,UKR,Andriy Yarmolenko,4.0,False,False,20211009_FIN_UKR
2021-10-09,FIN,UKR,FIN,Teemu Pukki,29.0,False,False,20211009_FIN_UKR
2021-10-09,FIN,UKR,UKR,Roman Yaremchuk,34.0,False,False,20211009_FIN_UKR
2021-10-09,GEO,GRE,GRE,Tasos Bakasetas,90.0,False,True,20211009_GEO_GRE
2021-10-09,GEO,GRE,GRE,Dimitrios Pelkas,90.0,False,False,20211009_GEO_GRE
2021-10-09,GHA,ZIM,GHA,Mohammed Kudus,5.0,False,False,20211009_GHA_ZIM
2021-10-09,GHA,ZIM,ZIM,Knowledge Musona,49.0,False,True,20211009_GHA_ZIM
2021-10-09,GHA,ZIM,GHA,Thomas Partey,66.0,False,False,20211009_GHA_ZIM
2021-10-09,GHA,ZIM,GHA,André Ayew,87.0,False,False,20211009_GHA_ZIM
2021-10-09,GUI,SDN,GUI,José Kanté,48.0,False,False,20211009_GUI_SDN
2021-10-09,GUI,SDN,SDN,Ahmed Al-Tash,64.0,False,False,20211009_GUI_SDN
2021-10-09,GUI,SDN,GUI,Mohamed Bayo,67.0,False,False,20211009_GUI_SDN
2021-10-09,GUI,SDN,SDN,Amir Kamal,88.0,False,False,20211009_GUI_SDN
2021-10-09,HUN,ALB,ALB,Armando Broja,80.0,False,False,20211009_HUN_ALB
2021-10-09,KAZ,BIH,BIH,Smail Prevljak,25.0,False,False,20211009_KAZ_BIH
2021-10-09,KAZ,BIH,BIH,Smail Prevljak,66.0,False,False,20211009_KAZ_BIH
2021-10-09,LTU,BUL,LTU,Justas Lasickas,18.0,False,False,20211009_LTU_BUL
2021-10-09,LTU,BUL,BUL,Kiril Despodov,64.0,False,False,20211009_LTU_BUL
2021-10-09,LTU,BUL,LTU,Fedor Černych,82.0,False,False,20211009_LTU_BUL
2021-10-09,LTU,BUL,LTU,Fedor Černych,84.0,False,False,20211009_LTU_BUL
2021-10-09,LUX,SRB,SRB,Dušan Vlahović,68.0,False,False,20211009_LUX_SRB
2021-10-09,MDA,DEN,DEN,Andreas Skov Olsen,23.0,False,False,20211009_MDA_DEN
2021-10-09,MDA,DEN,DEN,Simon Kjær,34.0,False,True,20211009_MDA_DEN
2021-10-09,MDA,DEN,DEN,Christian Nørgaard,39.0,False,False,20211009_MDA_DEN
2021-10-09,MDA,DEN,DEN,Joakim Mæhle,44.0,False,False,20211009_MDA_DEN
2021-10-09,MAR,GNB,MAR,Ayoub El Kaabi,10.0,False,False,20211009_MAR_GNB
2021-10-09,MAR,GNB,MAR,Aymen Barkok,20.0,False,False,20211009_MAR_GNB
2021-10-09,MAR,GNB,MAR,Ayoub El Kaabi,70.0,False,False,20211009_MAR_GNB
2021-10-09,POL,SMR,POL,Karol Świderski,10.0,False,False,20211009_POL_SMR
2021-10-09,POL,SMR,POL,Cristian Brolli,20.0,True,False,20211009_POL_SMR
2021-10-09,POL,SMR,POL,Tomasz Kędziora,50.0,False,False,20211009_POL_SMR
2021-10-09,POL,SMR,POL,Adam Buksa,84.0,False,False,20211009_POL_SMR
2021-10-09,POL,SMR,POL,Krzysztof Piątek,90.0,False,False,20211009_POL_SMR
2021-10-09,SCO,ISR,ISR,Eran Zahavi,5.0,False,False,20211009_SCO_ISR
2021-10-09,SCO,ISR,SCO,John McGinn,30.0,False,False,20211009_SCO_ISR
2021-10-09,SCO,ISR,ISR,Mu'nas Dabbur,32.0,False,False,20211009_SCO_ISR
2021-10-09,SCO,ISR,SCO,Lyndon Dykes,57.0,False,False,20211009_SCO_ISR
2021-10-09,SCO,ISR,SCO,Scott McTominay,90.0,False,False,20211009_SCO_ISR
2021-10-09,SEN,NAM,SEN,Idrissa Gueye,10.0,False,False,20211009_SEN_NAM
2021-10-09,SEN,NAM,SEN,Famara Diédhiou,38.0,False,False,20211009_SEN_NAM
2021-10-09,SEN,NAM,SEN,Sadio Mané,54.0,False,False,20211009_SEN_NAM
2021-10-09,SEN,NAM,NAM,Joslin Kamatuka,75.0,False,False,20211009_SEN_NAM
2021-10-09,SEN,NAM,SEN,Keita Baldé,83.0,False,False,20211009_SEN_NAM
2021-10-09,SWE,KVX,SWE,Emil Forsberg,29.0,False,True,20211009_SWE_KVX
2021-10-09,SWE,KVX,SWE,Alexander Isak,62.0,False,False,20211009_SWE_KVX
2021-10-09,SWE,KVX,SWE,Robin Quaison,79.0,False,False,20211009_SWE_KVX
2021-10-09,SUI,NIR,SUI,Steven Zuber,45.0,False,False,20211009_SUI_NIR
2021-10-09,SUI,NIR,SUI,Christian Fassnacht,90.0,False,False,20211009_SUI_NIR
2021-10-09,TOG,CGO,CGO,Alaixys Romao,21.0,True,False,20211009_TOG_CGO
2021-10-09,TOG,CGO,TOG,Euloge Placca Fessou,56.0,False,False,20211009_TOG_CGO
2021-10-10,ARG,URU,ARG,Lionel Messi,38.0,False,False,20211010_ARG_URU
2021-10-10,ARG,URU,ARG,Rodrigo De Paul,44.0,False,False,20211010_ARG_URU
2021-10-10,ARG,URU,ARG,Lautaro Martínez,62.0,False,False,20211010_ARG_URU
2021-10-10,BEN,TAN,TAN,Simon Msuva,6.0,False,False,20211010_BEN_TAN
2021-10-10,BOL,PER,BOL,Ramiro Vaca,83.0,False,False,20211010_BOL_PER
2021-10-10,CPV,LBR,CPV,Ryan Mendes,90.0,False,False,20211010_CPV_LBR
2021-10-10,CTA,NGA,NGA,Leon Balogun,29.0,False,False,20211010_CTA_NGA
2021-10-10,CTA,NGA,NGA,Victor Osimhen,45.0,False,False,20211010_CTA_NGA
2021-10-10,CHI,PAR,CHI,Ben Brereton Díaz,69.0,False,False,20211010_CHI_PAR
2021-10-10,CHI,PAR,CHI,Mauricio Isla,72.0,False,False,20211010_CHI_PAR
2021-10-10,CRC,SLV,SLV,Jairo Henríquez,12.0,False,False,20211010_CRC_SLV
2021-10-10,CRC,SLV,CRC,Bryan Ruiz,52.0,False,False,20211010_CRC_SLV
2021-10-10,CRC,SLV,CRC,Celso Borges,58.0,False,True,20211010_CRC_SLV
2021-10-10,ITA,BEL,ITA,Nicolò Barella,46.0,False,False,20211010_ITA_BEL
2021-10-10,ITA,BEL,ITA,Domenico Berardi,65.0,False,True,20211010_ITA_BEL
2021-10-10,ITA,BEL,BEL,Charles De Ketelaere,86.0,False,False,20211010_ITA_BEL
2021-10-10,KEN,MLI,MLI,Ibrahima Koné,55.0,False,False,20211010_KEN_MLI
2021-10-10,MAD,COD,MAD,Njiva Rakotoharimalala,1.0,False,False,20211010_MAD_COD
2021-10-10,MEX,HON,MEX,Sebastián Córdova,18.0,False,False,20211010_MEX_HON
2021-10-10,MEX,HON,MEX,Rogelio Funes Mori,76.0,False,False,20211010_MEX_HON
2021-10-10,MEX,HON,MEX,Hirving Lozano,86.0,False,False,20211010_MEX_HON
2021-10-10,PAN,USA,PAN,Aníbal Godoy,54.0,False,False,20211010_PAN_USA
2021-10-10,ESP,FRA,ESP,Mikel Oyarzabal,64.0,False,False,20211010_ESP_FRA
2021-10-10,ESP,FRA,FRA,Karim Benzema,66.0,False,False,20211010_ESP_FRA
2021-10-10,ESP,FRA,FRA,Kylian Mbappé,80.0,False,False,20211010_ESP_FRA
2021-10-10,UGA,RWA,UGA,Fahad Bayo,22.0,False,False,20211010_UGA_RWA
2021-10-10,VEN,ECU,ECU,Enner Valencia,37.0,False,True,20211010_VEN_ECU
2021-10-10,VEN,ECU,VEN,Darwin Machís,45.0,False,False,20211010_VEN_ECU
2021-10-10,VEN,ECU,VEN,Eduard Bello,64.0,False,False,20211010_VEN_ECU
2021-10-10,ZAM,EQG,ZAM,Fashion Sakala,65.0,False,False,20211010_ZAM_EQG
2021-10-10,ZAM,EQG,EQG,Federico Bikoro,82.0,False,False,20211010_ZAM_EQG
2021-10-11,BLR,CZE,CZE,Patrik Schick,22.0,False,False,20211011_BLR_CZE
2021-10-11,BLR,CZE,CZE,Adam Hložek,65.0,False,False,20211011_BLR_CZE
2021-10-11,BFA,Djibouti,BFA,Issoufou Dayo,30.0,False,False,20211011_BFA_Djibouti
2021-10-11,BFA,Djibouti,BFA,Abdoul Tapsoba,63.0,False,False,20211011_BFA_Djibouti
2021-10-11,CRO,SVK,SVK,Ivan Schranz,20.0,False,False,20211011_CRO_SVK
2021-10-11,CRO,SVK,CRO,Andrej Kramarić,25.0,False,False,20211011_CRO_SVK
2021-10-11,CRO,SVK,SVK,Lukáš Haraslín,45.0,False,False,20211011_CRO_SVK
2021-10-11,CRO,SVK,CRO,Luka Modrić,71.0,False,False,20211011_CRO_SVK
2021-10-11,CYP,MLT,CYP,Fotis Papoulis,7.0,False,False,20211011_CYP_MLT
2021-10-11,CYP,MLT,MLT,Zach Muscat,53.0,False,False,20211011_CYP_MLT
2021-10-11,CYP,MLT,CYP,Pieros Sotiriou,80.0,False,False,20211011_CYP_MLT
2021-10-11,CYP,MLT,MLT,Jurgen Degabriele,90.0,False,False,20211011_CYP_MLT
2021-10-11,EST,WAL,WAL,Kieffer Moore,12.0,False,False,20211011_EST_WAL
2021-10-11,GAB,ANG,GAB,Pierre-Emerick Aubameyang,74.0,False,False,20211011_GAB_ANG
2021-10-11,GAB,ANG,GAB,Alex Moucketou-Moussounda,84.0,False,False,20211011_GAB_ANG
2021-10-11,ISL,LIE,ISL,Stefán Teitur Þórðarson,19.0,False,False,20211011_ISL_LIE
2021-10-11,ISL,LIE,ISL,Albert Guðmundsson,35.0,False,True,20211011_ISL_LIE
2021-10-11,ISL,LIE,ISL,Albert Guðmundsson,79.0,False,True,20211011_ISL_LIE
2021-10-11,ISL,LIE,ISL,Andri Guðjohnsen,89.0,False,False,20211011_ISL_LIE
2021-10-11,CIV,MWI,CIV,Nicolas Pépé,2.0,False,False,20211011_CIV_MWI
2021-10-11,CIV,MWI,MWI,Khuda Muyaba,20.0,False,False,20211011_CIV_MWI
2021-10-11,CIV,MWI,CIV,Franck Kessié,66.0,False,True,20211011_CIV_MWI
2021-10-11,LVA,TUR,LVA,Merih Demiral,70.0,True,False,20211011_LVA_TUR
2021-10-11,LVA,TUR,TUR,Serdar Dursun,76.0,False,False,20211011_LVA_TUR
2021-10-11,LVA,TUR,TUR,Burak Yılmaz,90.0,False,True,20211011_LVA_TUR
2021-10-11,LBY,EGY,EGY,Ahmed Abou El Fotouh,39.0,False,False,20211011_LBY_EGY
2021-10-11,LBY,EGY,EGY,Mostafa Mohamed,45.0,False,False,20211011_LBY_EGY
2021-10-11,LBY,EGY,EGY,Ramadan Sobhi,72.0,False,False,20211011_LBY_EGY
2021-10-11,MOZ,CMR,CMR,Michael Ngadeu-Ngadjui,68.0,False,False,20211011_MOZ_CMR
2021-10-11,NED,GIB,NED,Virgil van Dijk,9.0,False,False,20211011_NED_GIB
2021-10-11,NED,GIB,NED,Memphis Depay,21.0,False,False,20211011_NED_GIB
2021-10-11,NED,GIB,NED,Memphis Depay,45.0,False,True,20211011_NED_GIB
2021-10-11,NED,GIB,NED,Denzel Dumfries,48.0,False,False,20211011_NED_GIB
2021-10-11,NED,GIB,NED,Arnaut Danjuma,75.0,False,False,20211011_NED_GIB
2021-10-11,NED,GIB,NED,Donyell Malen,86.0,False,False,20211011_NED_GIB
2021-10-11,MKD,GER,GER,Kai Havertz,50.0,False,False,20211011_MKD_GER
2021-10-11,MKD,GER,GER,Timo Werner,70.0,False,False,20211011_MKD_GER
2021-10-11,MKD,GER,GER,Timo Werner,73.0,False,False,20211011_MKD_GER
2021-10-11,MKD,GER,GER,Jamal Musiala,83.0,False,False,20211011_MKD_GER
2021-10-11,NOR,MNE,NOR,Mohamed Elyounoussi,29.0,False,False,20211011_NOR_MNE
2021-10-11,NOR,MNE,NOR,Mohamed Elyounoussi,90.0,False,False,20211011_NOR_MNE
2021-10-11,ROU,ARM,ROU,Alexandru Mitriță,26.0,False,False,20211011_ROU_ARM
2021-10-11,SVN,RUS,RUS,Igor Diveyev,28.0,False,False,20211011_SVN_RUS
2021-10-11,SVN,RUS,RUS,Georgi Dzhikiya,32.0,False,False,20211011_SVN_RUS
2021-10-11,SVN,RUS,SVN,Josip Iličić,40.0,False,False,20211011_SVN_RUS
2021-10-12,ALB,POL,POL,Karol Świderski,77.0,False,False,20211012_ALB_POL
2021-10-12,BUL,NIR,NIR,Conor Washington,37.0,False,False,20211012_BUL_NIR
2021-10-12,BUL,NIR,BUL,Todor Nedelev,53.0,False,False,20211012_BUL_NIR
2021-10-12,BUL,NIR,BUL,Todor Nedelev,63.0,False,False,20211012_BUL_NIR
2021-10-12,CGO,TOG,TOG,Euloge Placca Fessou,43.0,False,False,20211012_CGO_TOG
2021-10-12,CGO,TOG,CGO,Guy Mbenza,71.0,False,False,20211012_CGO_TOG
2021-10-12,CGO,TOG,TOG,Kévin Denkey,77.0,False,False,20211012_CGO_TOG
2021-10-12,DEN,AUT,DEN,Joakim Mæhle,53.0,False,False,20211012_DEN_AUT
2021-10-12,ENG,HUN,HUN,Roland Sallai,24.0,False,True,20211012_ENG_HUN
2021-10-12,ENG,HUN,ENG,John Stones,37.0,False,False,20211012_ENG_HUN
2021-10-12,FRO,SCO,SCO,Lyndon Dykes,86.0,False,False,20211012_FRO_SCO
2021-10-12,IRN,KOR,KOR,Son Heung-min,48.0,False,False,20211012_IRN_KOR
2021-10-12,IRN,KOR,IRN,Alireza Jahanbakhsh,76.0,False,False,20211012_IRN_KOR
2021-10-12,ISR,MDA,ISR,Eran Zahavi,28.0,False,False,20211012_ISR_MDA
2021-10-12,ISR,MDA,ISR,Mu'nas Dabbur,49.0,False,False,20211012_ISR_MDA
2021-10-12,ISR,MDA,MDA,Ion Nicolaescu,90.0,False,False,20211012_ISR_MDA
2021-10-12,JPN,AUS,JPN,Ao Tanaka,8.0,False,False,20211012_JPN_AUS
2021-10-12,JPN,AUS,AUS,Ajdin Hrustic,70.0,False,False,20211012_JPN_AUS
2021-10-12,JPN,AUS,JPN,Aziz Behich,85.0,True,False,20211012_JPN_AUS
2021-10-12,KAZ,FIN,FIN,Teemu Pukki,45.0,False,False,20211012_KAZ_FIN
2021-10-12,KAZ,FIN,FIN,Teemu Pukki,48.0,False,False,20211012_KAZ_FIN
2021-10-12,KVX,GEO,GEO,Tornike Okriashvili,11.0,False,False,20211012_KVX_GEO
2021-10-12,KVX,GEO,KVX,Vedat Muriqi,45.0,False,True,20211012_KVX_GEO
2021-10-12,KVX,GEO,GEO,Zuriko Davitashvili,82.0,False,False,20211012_KVX_GEO
2021-10-12,LTU,SUI,SUI,Breel Embolo,31.0,False,False,20211012_LTU_SUI
2021-10-12,LTU,SUI,SUI,Renato Steffen,42.0,False,False,20211012_LTU_SUI
2021-10-12,LTU,SUI,SUI,Breel Embolo,45.0,False,False,20211012_LTU_SUI
2021-10-12,LTU,SUI,SUI,Mario Gavranović,90.0,False,False,20211012_LTU_SUI
2021-10-12,MAR,GUI,MAR,Ayoub El Kaabi,21.0,False,False,20211012_MAR_GUI
2021-10-12,MAR,GUI,GUI,Mamadou Kané,31.0,False,False,20211012_MAR_GUI
2021-10-12,MAR,GUI,MAR,Selim Amallah,43.0,False,False,20211012_MAR_GUI
2021-10-12,MAR,GUI,MAR,Selim Amallah,65.0,False,False,20211012_MAR_GUI
2021-10-12,MAR,GUI,MAR,Sofiane Boufal,89.0,False,False,20211012_MAR_GUI
2021-10-12,NAM,SEN,SEN,Famara Diédhiou,22.0,False,False,20211012_NAM_SEN
2021-10-12,NAM,SEN,NAM,Peter Shalulile,27.0,False,False,20211012_NAM_SEN
2021-10-12,NAM,SEN,SEN,Famara Diédhiou,51.0,False,False,20211012_NAM_SEN
2021-10-12,NAM,SEN,SEN,Famara Diédhiou,84.0,False,False,20211012_NAM_SEN
2021-10-12,NIG,ALG,ALG,Riyad Mahrez,21.0,False,False,20211012_NIG_ALG
2021-10-12,NIG,ALG,ALG,Aïssa Mandi,33.0,False,False,20211012_NIG_ALG
2021-10-12,NIG,ALG,ALG,Ismaël Bennacer,48.0,False,False,20211012_NIG_ALG
2021-10-12,NIG,ALG,ALG,Baghdad Bounedjah,54.0,False,False,20211012_NIG_ALG
2021-10-12,OMA,VIE,VIE,Nguyễn Tiến Linh,39.0,False,False,20211012_OMA_VIE
2021-10-12,OMA,VIE,OMA,Issam Al Sabhi,45.0,False,False,20211012_OMA_VIE
2021-10-12,OMA,VIE,OMA,Mohsin Al-Khaldi,49.0,False,False,20211012_OMA_VIE
2021-10-12,OMA,VIE,OMA,Salaah Al-Yahyaei,63.0,False,True,20211012_OMA_VIE
2021-10-12,POR,LUX,POR,Cristiano Ronaldo,8.0,False,True,20211012_POR_LUX
2021-10-12,POR,LUX,POR,Cristiano Ronaldo,13.0,False,True,20211012_POR_LUX
2021-10-12,POR,LUX,POR,Bruno Fernandes,18.0,False,False,20211012_POR_LUX
2021-10-12,POR,LUX,POR,João Palhinha,69.0,False,False,20211012_POR_LUX
2021-10-12,POR,LUX,POR,Cristiano Ronaldo,87.0,False,False,20211012_POR_LUX
2021-10-12,SMR,AND,AND,Marc Pujol,10.0,False,False,20211012_SMR_AND
2021-10-12,SMR,AND,AND,Sergi Moreno,53.0,False,False,20211012_SMR_AND
2021-10-12,SMR,AND,AND,Ricard Fernández,89.0,False,False,20211012_SMR_AND
2021-10-12,KSA,CHN,KSA,Sami Al-Najei,15.0,False,False,20211012_KSA_CHN
2021-10-12,KSA,CHN,KSA,Sami Al-Najei,38.0,False,False,20211012_KSA_CHN
2021-10-12,KSA,CHN,CHN,Aloísio,46.0,False,False,20211012_KSA_CHN
2021-10-12,KSA,CHN,KSA,Firas Al-Buraikan,72.0,False,False,20211012_KSA_CHN
2021-10-12,KSA,CHN,CHN,Wu Xi,87.0,False,False,20211012_KSA_CHN
2021-10-12,SRB,AZE,SRB,Dušan Vlahović,30.0,False,True,20211012_SRB_AZE
2021-10-12,SRB,AZE,AZE,Emin Mahmudov,45.0,False,False,20211012_SRB_AZE
2021-10-12,SRB,AZE,SRB,Dušan Vlahović,53.0,False,False,20211012_SRB_AZE
2021-10-12,SRB,AZE,SRB,Dušan Tadić,83.0,False,True,20211012_SRB_AZE
2021-10-12,RSA,ETH,RSA,Getaneh Kebede,11.0,True,False,20211012_RSA_ETH
2021-10-12,SWE,GRE,SWE,Emil Forsberg,59.0,False,True,20211012_SWE_GRE
2021-10-12,SWE,GRE,SWE,Alexander Isak,69.0,False,False,20211012_SWE_GRE
2021-10-12,SYR,LIB,SYR,Omar Khribin,20.0,False,False,20211012_SYR_LIB
2021-10-12,SYR,LIB,LIB,Mohamad Kdouh,45.0,False,False,20211012_SYR_LIB
2021-10-12,SYR,LIB,LIB,Mohamad Kdouh,45.0,False,False,20211012_SYR_LIB
2021-10-12,SYR,LIB,LIB,Soony Saad,53.0,False,False,20211012_SYR_LIB
2021-10-12,SYR,LIB,SYR,Omar Al Somah,64.0,False,False,20211012_SYR_LIB
2021-10-12,UKR,BIH,UKR,Andriy Yarmolenko,15.0,False,False,20211012_UKR_BIH
2021-10-12,UKR,BIH,BIH,Anel Ahmedhodžić,77.0,False,False,20211012_UKR_BIH
2021-10-12,UAE,IRQ,UAE,Caio Canedo,34.0,False,False,20211012_UAE_IRQ
2021-10-12,UAE,IRQ,IRQ,Mohammed Al-Attas,74.0,True,False,20211012_UAE_IRQ
2021-10-12,UAE,IRQ,IRQ,Aymen Hussein,89.0,False,False,20211012_UAE_IRQ
2021-10-12,UAE,IRQ,UAE,Ali Mabkhout,90.0,False,False,20211012_UAE_IRQ
2021-10-12,ZIM,GHA,GHA,Thomas Partey,31.0,False,False,20211012_ZIM_GHA
2021-10-13,CAN,PAN,PAN,Rolando Blackburn,5.0,False,False,20211013_CAN_PAN
2021-10-13,CAN,PAN,CAN,Michael Amir Murillo,28.0,True,False,20211013_CAN_PAN
2021-10-13,CAN,PAN,CAN,Alphonso Davies,66.0,False,False,20211013_CAN_PAN
2021-10-13,CAN,PAN,CAN,Tajon Buchanan,71.0,False,False,20211013_CAN_PAN
2021-10-13,CAN,PAN,CAN,Jonathan David,78.0,False,False,20211013_CAN_PAN
2021-10-13,SLV,MEX,MEX,Héctor Moreno,30.0,False,False,20211013_SLV_MEX
2021-10-13,SLV,MEX,MEX,Raúl Jiménez,90.0,False,True,20211013_SLV_MEX
2021-10-13,HON,JAM,JAM,Kemar Roofe,38.0,False,False,20211013_HON_JAM
2021-10-13,HON,JAM,JAM,Oniel Fisher,79.0,False,False,20211013_HON_JAM
2021-10-13,USA,CRC,CRC,Keysher Fuller,1.0,False,False,20211013_USA_CRC
2021-10-13,USA,CRC,USA,Sergiño Dest,25.0,False,False,20211013_USA_CRC
2021-10-13,USA,CRC,USA,Leonel Moreira,66.0,True,False,20211013_USA_CRC
2021-10-14,ARG,PER,ARG,Lautaro Martínez,43.0,False,False,20211014_ARG_PER
2021-10-14,BOL,PAR,BOL,Rodrigo Ramallo,21.0,False,False,20211014_BOL_PAR
2021-10-14,BOL,PAR,BOL,Moisés Villarroel Angulo,53.0,False,False,20211014_BOL_PAR
2021-10-14,BOL,PAR,BOL,Víctor Ábrego,84.0,False,False,20211014_BOL_PAR
2021-10-14,BOL,PAR,BOL,Roberto Fernández,90.0,False,False,20211014_BOL_PAR
2021-10-14,BRA,URU,BRA,Neymar,10.0,False,False,20211014_BRA_URU
2021-10-14,BRA,URU,BRA,Raphinha,18.0,False,False,20211014_BRA_URU
2021-10-14,BRA,URU,BRA,Raphinha,58.0,False,False,20211014_BRA_URU
2021-10-14,BRA,URU,URU,Luis Suárez,77.0,False,False,20211014_BRA_URU
2021-10-14,BRA,URU,BRA,Gabriel Barbosa,83.0,False,False,20211014_BRA_URU
2021-10-14,CHI,VEN,CHI,Erick Pulgar,18.0,False,False,20211014_CHI_VEN
2021-10-14,CHI,VEN,CHI,Erick Pulgar,37.0,False,False,20211014_CHI_VEN
2021-10-14,CHI,VEN,CHI,Ben Brereton Díaz,73.0,False,False,20211014_CHI_VEN
2021-11-11,ARM,MKD,MKD,Aleksandar Trajkovski,22.0,False,False,20211111_ARM_MKD
2021-11-11,ARM,MKD,MKD,Enis Bardhi,36.0,False,False,20211111_ARM_MKD
2021-11-11,ARM,MKD,MKD,Enis Bardhi,67.0,False,True,20211111_ARM_MKD
2021-11-11,ARM,MKD,MKD,Milan Ristovski,79.0,False,False,20211111_ARM_MKD
2021-11-11,ARM,MKD,MKD,Enis Bardhi,90.0,False,True,20211111_ARM_MKD
2021-11-11,AZE,LUX,LUX,Gerson Rodrigues,67.0,False,False,20211111_AZE_LUX
2021-11-11,AZE,LUX,LUX,Sébastien Thill,78.0,False,False,20211111_AZE_LUX
2021-11-11,AZE,LUX,AZE,Azər Salahlı,82.0,False,False,20211111_AZE_LUX
2021-11-11,AZE,LUX,LUX,Gerson Rodrigues,90.0,False,False,20211111_AZE_LUX
2021-11-11,BEN,MAD,BEN,Jodel Dossou,43.0,False,False,20211111_BEN_MAD
2021-11-11,BEN,MAD,BEN,Steve Mounié,79.0,False,False,20211111_BEN_MAD
2021-11-11,BRA,COL,BRA,Lucas Paquetá,72.0,False,False,20211111_BRA_COL
2021-11-11,CHN,OMA,CHN,Wu Lei,21.0,False,False,20211111_CHN_OMA
2021-11-11,CHN,OMA,OMA,Amjad Al-Harthi,75.0,False,False,20211111_CHN_OMA
2021-11-11,CGO,NAM,NAM,Peter Shalulile,42.0,False,False,20211111_CGO_NAM
2021-11-11,CGO,NAM,CGO,Guy Mbenza,54.0,False,False,20211111_CGO_NAM
2021-11-11,ECU,VEN,ECU,Piero Hincapié,41.0,False,False,20211111_ECU_VEN
2021-11-11,ETH,GHA,GHA,André Ayew,22.0,False,False,20211111_ETH_GHA
2021-11-11,ETH,GHA,ETH,Getaneh Kebede,72.0,False,False,20211111_ETH_GHA
2021-11-11,GEO,SWE,GEO,Khvicha Kvaratskhelia,61.0,False,False,20211111_GEO_SWE
2021-11-11,GEO,SWE,GEO,Khvicha Kvaratskhelia,77.0,False,False,20211111_GEO_SWE
2021-11-11,GER,LIE,GER,İlkay Gündoğan,11.0,False,True,20211111_GER_LIE
2021-11-11,GER,LIE,GER,Daniel Kaufmann,20.0,True,False,20211111_GER_LIE
2021-11-11,GER,LIE,GER,Leroy Sané,22.0,False,False,20211111_GER_LIE
2021-11-11,GER,LIE,GER,Marco Reus,23.0,False,False,20211111_GER_LIE
2021-11-11,GER,LIE,GER,Leroy Sané,49.0,False,False,20211111_GER_LIE
2021-11-11,GER,LIE,GER,Thomas Müller,76.0,False,False,20211111_GER_LIE
2021-11-11,GER,LIE,GER,Ridle Baku,80.0,False,False,20211111_GER_LIE
2021-11-11,GER,LIE,GER,Thomas Müller,86.0,False,False,20211111_GER_LIE
2021-11-11,GER,LIE,GER,Maximilian Göppel,89.0,True,False,20211111_GER_LIE
2021-11-11,GRE,ESP,ESP,Pablo Sarabia,26.0,False,True,20211111_GRE_ESP
2021-11-11,IRQ,SYR,SYR,Omar Al Somah,79.0,False,False,20211111_IRQ_SYR
2021-11-11,IRQ,SYR,IRQ,Amir Al-Ammari,86.0,False,True,20211111_IRQ_SYR
2021-11-11,LIB,IRN,LIB,Soony Saad,37.0,False,False,20211111_LIB_IRN
2021-11-11,LIB,IRN,IRN,Sardar Azmoun,90.0,False,False,20211111_LIB_IRN
2021-11-11,LIB,IRN,IRN,Ahmad Nourollahi,90.0,False,False,20211111_LIB_IRN
2021-11-11,MLT,CRO,CRO,Ivan Perišić,6.0,False,False,20211111_MLT_CRO
2021-11-11,MLT,CRO,CRO,Duje Ćaleta-Car,22.0,False,False,20211111_MLT_CRO
2021-11-11,MLT,CRO,MLT,Marcelo Brozović,31.0,True,False,20211111_MLT_CRO
2021-11-11,MLT,CRO,CRO,Mario Pašalić,39.0,False,False,20211111_MLT_CRO
2021-11-11,MLT,CRO,CRO,Luka Modrić,45.0,False,False,20211111_MLT_CRO
2021-11-11,MLT,CRO,CRO,Lovro Majer,47.0,False,False,20211111_MLT_CRO
2021-11-11,MLT,CRO,CRO,Andrej Kramarić,53.0,False,False,20211111_MLT_CRO
2021-11-11,MLT,CRO,CRO,Lovro Majer,64.0,False,False,20211111_MLT_CRO
2021-11-11,PAR,CHI,CHI,Alexis Sánchez,56.0,False,False,20211111_PAR_CHI
2021-11-11,PER,BOL,PER,Gianluca Lapadula,9.0,False,False,20211111_PER_BOL
2021-11-11,PER,BOL,PER,Christian Cueva,31.0,False,False,20211111_PER_BOL
2021-11-11,PER,BOL,PER,Sergio Peña,39.0,False,False,20211111_PER_BOL
2021-11-11,RUS,CYP,RUS,Aleksandr Yerokhin,4.0,False,False,20211111_RUS_CYP
2021-11-11,RUS,CYP,RUS,Fyodor Smolov,55.0,False,False,20211111_RUS_CYP
2021-11-11,RUS,CYP,RUS,Andrei Mostovoy,56.0,False,False,20211111_RUS_CYP
2021-11-11,RUS,CYP,RUS,Aleksei Sutormin,62.0,False,False,20211111_RUS_CYP
2021-11-11,RUS,CYP,RUS,Anton Zabolotny,82.0,False,False,20211111_RUS_CYP
2021-11-11,RUS,CYP,RUS,Aleksandr Yerokhin,87.0,False,False,20211111_RUS_CYP
2021-11-11,RWA,MLI,MLI,Moussa Djenepo,19.0,False,False,20211111_RWA_MLI
2021-11-11,RWA,MLI,MLI,Ibrahima Koné,21.0,False,False,20211111_RWA_MLI
2021-11-11,RWA,MLI,MLI,Kalifa Coulibaly,87.0,False,False,20211111_RWA_MLI
2021-11-11,SVK,SVN,SVN,Miha Zajc,18.0,False,False,20211111_SVK_SVN
2021-11-11,SVK,SVN,SVK,Ondrej Duda,58.0,False,True,20211111_SVK_SVN
2021-11-11,SVK,SVN,SVN,Miha Mevlja,62.0,False,False,20211111_SVK_SVN
2021-11-11,SVK,SVN,SVK,David Strelec,74.0,False,False,20211111_SVK_SVN
2021-11-11,RSA,ZIM,RSA,Teboho Mokoena,26.0,False,False,20211111_RSA_ZIM
2021-11-11,KOR,UAE,KOR,Hwang Hee-chan,36.0,False,True,20211111_KOR_UAE
2021-11-11,TAN,COD,COD,Gaël Kakuta,6.0,False,False,20211111_TAN_COD
2021-11-11,TAN,COD,COD,Nathan Fasika,66.0,False,False,20211111_TAN_COD
2021-11-11,TAN,COD,COD,Ben Malango,85.0,False,False,20211111_TAN_COD
2021-11-11,TOG,SEN,TOG,Pape Abou Cissé,45.0,True,False,20211111_TOG_SEN
2021-11-11,TOG,SEN,SEN,Habib Diallo,90.0,False,False,20211111_TOG_SEN
2021-11-11,UGA,KEN,KEN,Michael Olunga,62.0,False,False,20211111_UGA_KEN
2021-11-11,UGA,KEN,UGA,Fahad Bayo,89.0,False,False,20211111_UGA_KEN
2021-11-11,VIE,JPN,JPN,Junya Ito,17.0,False,False,20211111_VIE_JPN
2021-11-12,AND,POL,POL,Robert Lewandowski,5.0,False,False,20211112_AND_POL
2021-11-12,AND,POL,POL,Kamil Jóźwiak,11.0,False,False,20211112_AND_POL
2021-11-12,AND,POL,AND,Marc Vales,45.0,False,False,20211112_AND_POL
2021-11-12,AND,POL,POL,Arkadiusz Milik,45.0,False,False,20211112_AND_POL
2021-11-12,AND,POL,POL,Robert Lewandowski,73.0,False,False,20211112_AND_POL
2021-11-12,ANG,EGY,ANG,Hélder Costa,25.0,False,False,20211112_ANG_EGY
2021-11-12,ANG,EGY,ANG,M'Bala Nzola,35.0,False,True,20211112_ANG_EGY
2021-11-12,ANG,EGY,EGY,Mohamed Elneny,45.0,False,False,20211112_ANG_EGY
2021-11-12,ANG,EGY,EGY,Akram Tawfik,59.0,False,False,20211112_ANG_EGY
2021-11-12,AUT,ISR,ISR,Nir Bitton,33.0,False,False,20211112_AUT_ISR
2021-11-12,AUT,ISR,AUT,Marko Arnautović,51.0,False,True,20211112_AUT_ISR
2021-11-12,AUT,ISR,ISR,Dor Peretz,59.0,False,False,20211112_AUT_ISR
2021-11-12,AUT,ISR,AUT,Louis Schaub,62.0,False,False,20211112_AUT_ISR
2021-11-12,AUT,ISR,AUT,Louis Schaub,72.0,False,False,20211112_AUT_ISR
2021-11-12,AUT,ISR,AUT,Marcel Sabitzer,84.0,False,False,20211112_AUT_ISR
2021-11-12,BFA,NIG,NIG,Youssouf Oumarou,34.0,False,True,20211112_BFA_NIG
2021-11-12,BFA,NIG,BFA,Issoufou Dayo,55.0,False,True,20211112_BFA_NIG
2021-11-12,CAN,CRC,CAN,Jonathan David,57.0,False,False,20211112_CAN_CRC
2021-11-12,DEN,FRO,DEN,Andreas Skov Olsen,18.0,False,False,20211112_DEN_FRO
2021-11-12,DEN,FRO,DEN,Jacob Bruun Larsen,63.0,False,False,20211112_DEN_FRO
2021-11-12,DEN,FRO,FRO,Klæmint Olsen,89.0,False,False,20211112_DEN_FRO
2021-11-12,DEN,FRO,DEN,Joakim Mæhle,90.0,False,False,20211112_DEN_FRO
2021-11-12,Djibouti,ALG,ALG,Youcef Belaïli,29.0,False,False,20211112_Djibouti_ALG
2021-11-12,Djibouti,ALG,ALG,Saïd Benrahma,40.0,False,False,20211112_Djibouti_ALG
2021-11-12,Djibouti,ALG,ALG,Sofiane Feghouli,42.0,False,False,20211112_Djibouti_ALG
2021-11-12,Djibouti,ALG,ALG,Islam Slimani,87.0,False,False,20211112_Djibouti_ALG
2021-11-12,SLV,JAM,JAM,Michail Antonio,82.0,False,False,20211112_SLV_JAM
2021-11-12,SLV,JAM,SLV,Alex Roldan,90.0,False,False,20211112_SLV_JAM
2021-11-12,ENG,ALB,ENG,Harry Maguire,9.0,False,False,20211112_ENG_ALB
2021-11-12,ENG,ALB,ENG,Harry Kane,18.0,False,False,20211112_ENG_ALB
2021-11-12,ENG,ALB,ENG,Jordan Henderson,28.0,False,False,20211112_ENG_ALB
2021-11-12,ENG,ALB,ENG,Harry Kane,33.0,False,False,20211112_ENG_ALB
2021-11-12,ENG,ALB,ENG,Harry Kane,45.0,False,False,20211112_ENG_ALB
2021-11-12,GAB,LBY,GAB,Pierre-Emerick Aubameyang,54.0,False,True,20211112_GAB_LBY
2021-11-12,HON,PAN,HON,Alberth Elis,30.0,False,False,20211112_HON_PAN
2021-11-12,HON,PAN,HON,Brayan Moya,59.0,False,False,20211112_HON_PAN
2021-11-12,HON,PAN,PAN,Cecilio Waterman,77.0,False,False,20211112_HON_PAN
2021-11-12,HON,PAN,PAN,César Yanis,81.0,False,False,20211112_HON_PAN
2021-11-12,HON,PAN,PAN,Eric Davis,85.0,False,False,20211112_HON_PAN
2021-11-12,HUN,SMR,HUN,Dominik Szoboszlai,6.0,False,False,20211112_HUN_SMR
2021-11-12,HUN,SMR,HUN,Dániel Gazdag,22.0,False,False,20211112_HUN_SMR
2021-11-12,HUN,SMR,HUN,Dominik Szoboszlai,83.0,False,False,20211112_HUN_SMR
2021-11-12,HUN,SMR,HUN,Bálint Vécsei,88.0,False,False,20211112_HUN_SMR
2021-11-12,ITA,SUI,SUI,Silvan Widmer,11.0,False,False,20211112_ITA_SUI
2021-11-12,ITA,SUI,ITA,Giovanni Di Lorenzo,36.0,False,False,20211112_ITA_SUI
2021-11-12,MDA,SCO,SCO,Nathan Patterson,38.0,False,False,20211112_MDA_SCO
2021-11-12,MDA,SCO,SCO,Ché Adams,65.0,False,False,20211112_MDA_SCO
2021-11-12,MAR,SDN,MAR,Ryan Mmaee,3.0,False,False,20211112_MAR_SDN
2021-11-12,MAR,SDN,MAR,Ryan Mmaee,61.0,False,False,20211112_MAR_SDN
2021-11-12,MAR,SDN,MAR,Imran Louza,90.0,False,False,20211112_MAR_SDN
2021-11-12,NIR,LTU,NIR,Benas Šatkus,18.0,True,False,20211112_NIR_LTU
2021-11-12,USA,MEX,USA,Christian Pulisic,74.0,False,False,20211112_USA_MEX
2021-11-12,USA,MEX,USA,Weston McKennie,85.0,False,False,20211112_USA_MEX
2021-11-12,URU,ARG,ARG,Ángel Di María,7.0,False,False,20211112_URU_ARG
2021-11-13,BEL,EST,BEL,Christian Benteke,11.0,False,False,20211113_BEL_EST
2021-11-13,BEL,EST,BEL,Yannick Carrasco,53.0,False,False,20211113_BEL_EST
2021-11-13,BEL,EST,EST,Erik Sorga,70.0,False,False,20211113_BEL_EST
2021-11-13,BEL,EST,BEL,Thorgan Hazard,74.0,False,False,20211113_BEL_EST
2021-11-13,BIH,FIN,FIN,Marcus Forss,29.0,False,False,20211113_BIH_FIN
2021-11-13,BIH,FIN,FIN,Robin Lod,51.0,False,False,20211113_BIH_FIN
2021-11-13,BIH,FIN,BIH,Luka Menalo,69.0,False,False,20211113_BIH_FIN
2021-11-13,BIH,FIN,FIN,Daniel O'Shaughnessy,73.0,False,False,20211113_BIH_FIN
2021-11-13,CPV,CTA,CTA,Isaac Ngoma,11.0,False,False,20211113_CPV_CTA
2021-11-13,CPV,CTA,CPV,Júlio Tavares,51.0,False,False,20211113_CPV_CTA
2021-11-13,CPV,CTA,CPV,Stopira,75.0,False,False,20211113_CPV_CTA
2021-11-13,EQG,TUN,EQG,Pablo Ganet,84.0,False,False,20211113_EQG_TUN
2021-11-13,FRA,KAZ,FRA,Kylian Mbappé,6.0,False,False,20211113_FRA_KAZ
2021-11-13,FRA,KAZ,FRA,Kylian Mbappé,12.0,False,False,20211113_FRA_KAZ
2021-11-13,FRA,KAZ,FRA,Kylian Mbappé,32.0,False,False,20211113_FRA_KAZ
2021-11-13,FRA,KAZ,FRA,Karim Benzema,55.0,False,False,20211113_FRA_KAZ
2021-11-13,FRA,KAZ,FRA,Karim Benzema,59.0,False,False,20211113_FRA_KAZ
2021-11-13,FRA,KAZ,FRA,Adrien Rabiot,75.0,False,False,20211113_FRA_KAZ
2021-11-13,FRA,KAZ,FRA,Antoine Griezmann,84.0,False,True,20211113_FRA_KAZ
2021-11-13,FRA,KAZ,FRA,Kylian Mbappé,87.0,False,False,20211113_FRA_KAZ
2021-11-13,CIV,MOZ,CIV,Max Gradel,10.0,False,False,20211113_CIV_MOZ
2021-11-13,CIV,MOZ,CIV,Maxwel Cornet,61.0,False,False,20211113_CIV_MOZ
2021-11-13,CIV,MOZ,CIV,Jean Michaël Seri,90.0,False,False,20211113_CIV_MOZ
2021-11-13,LBR,NGA,NGA,Victor Osimhen,15.0,False,True,20211113_LBR_NGA
2021-11-13,LBR,NGA,NGA,Ahmed Musa,90.0,False,True,20211113_LBR_NGA
2021-11-13,MWI,CMR,CMR,Vincent Aboubakar,22.0,False,True,20211113_MWI_CMR
2021-11-13,MWI,CMR,CMR,André-Frank Zambo Anguissa,42.0,False,False,20211113_MWI_CMR
2021-11-13,MWI,CMR,CMR,Christian Bassogog,85.0,False,False,20211113_MWI_CMR
2021-11-13,MWI,CMR,CMR,Christian Bassogog,87.0,False,False,20211113_MWI_CMR
2021-11-13,MNE,NED,NED,Memphis Depay,25.0,False,True,20211113_MNE_NED
2021-11-13,MNE,NED,NED,Memphis Depay,54.0,False,False,20211113_MNE_NED
2021-11-13,MNE,NED,MNE,Ilija Vukotić,82.0,False,False,20211113_MNE_NED
2021-11-13,MNE,NED,MNE,Nikola Vujnović,86.0,False,False,20211113_MNE_NED
2021-11-13,TUR,GIB,TUR,Kerem Aktürkoğlu,11.0,False,False,20211113_TUR_GIB
2021-11-13,TUR,GIB,TUR,Halil Dervişoğlu,38.0,False,False,20211113_TUR_GIB
2021-11-13,TUR,GIB,TUR,Halil Dervişoğlu,41.0,False,False,20211113_TUR_GIB
2021-11-13,TUR,GIB,TUR,Merih Demiral,65.0,False,False,20211113_TUR_GIB
2021-11-13,TUR,GIB,TUR,Serdar Dursun,81.0,False,False,20211113_TUR_GIB
2021-11-13,TUR,GIB,TUR,Mert Müldür,84.0,False,False,20211113_TUR_GIB
2021-11-13,WAL,BLR,WAL,Aaron Ramsey,3.0,False,False,20211113_WAL_BLR
2021-11-13,WAL,BLR,WAL,Neco Williams,20.0,False,False,20211113_WAL_BLR
2021-11-13,WAL,BLR,WAL,Aaron Ramsey,50.0,False,True,20211113_WAL_BLR
2021-11-13,WAL,BLR,WAL,Ben Davies,77.0,False,False,20211113_WAL_BLR
2021-11-13,WAL,BLR,BLR,Artem Kontsevoy,87.0,False,False,20211113_WAL_BLR
2021-11-13,WAL,BLR,WAL,Connor Roberts,89.0,False,False,20211113_WAL_BLR
2021-11-13,ZAM,MTN,ZAM,Patson Daka,34.0,False,False,20211113_ZAM_MTN
2021-11-13,ZAM,MTN,ZAM,Fashion Sakala,37.0,False,False,20211113_ZAM_MTN
2021-11-13,ZAM,MTN,ZAM,Fashion Sakala,45.0,False,True,20211113_ZAM_MTN
2021-11-13,ZAM,MTN,ZAM,Fashion Sakala,63.0,False,False,20211113_ZAM_MTN
2021-11-14,ARM,GER,GER,Kai Havertz,15.0,False,False,20211114_ARM_GER
2021-11-14,ARM,GER,GER,İlkay Gündoğan,45.0,False,True,20211114_ARM_GER
2021-11-14,ARM,GER,GER,İlkay Gündoğan,50.0,False,False,20211114_ARM_GER
2021-11-14,ARM,GER,ARM,Henrikh Mkhitaryan,59.0,False,True,20211114_ARM_GER
2021-11-14,ARM,GER,GER,Jonas Hofmann,64.0,False,False,20211114_ARM_GER
2021-11-14,CRO,RUS,CRO,Fyodor Kudryashov,81.0,True,False,20211114_CRO_RUS
2021-11-14,COD,BEN,COD,Dieumerci Mbokani,10.0,False,True,20211114_COD_BEN
2021-11-14,COD,BEN,COD,Ben Malango,74.0,False,False,20211114_COD_BEN
2021-11-14,GHA,RSA,GHA,André Ayew,33.0,False,True,20211114_GHA_RSA
2021-11-14,GRE,KVX,GRE,Giorgos Masouras,44.0,False,False,20211114_GRE_KVX
2021-11-14,GRE,KVX,KVX,Amir Rrahmani,76.0,False,False,20211114_GRE_KVX
2021-11-14,LIE,ROU,ROU,Dennis Man,8.0,False,False,20211114_LIE_ROU
2021-11-14,LIE,ROU,ROU,Nicușor Bancu,87.0,False,False,20211114_LIE_ROU
2021-11-14,LUX,IRL,IRL,Shane Duffy,67.0,False,False,20211114_LUX_IRL
2021-11-14,LUX,IRL,IRL,Chiedozie Ogbene,75.0,False,False,20211114_LUX_IRL
2021-11-14,LUX,IRL,IRL,Callum Robinson,88.0,False,False,20211114_LUX_IRL
2021-11-14,MAD,TAN,TAN,Simon Msuva,25.0,False,False,20211114_MAD_TAN
2021-11-14,MAD,TAN,MAD,Hakim Abdallah,74.0,False,False,20211114_MAD_TAN
2021-11-14,MLI,UGA,MLI,Kalifa Coulibaly,19.0,False,False,20211114_MLI_UGA
2021-11-14,MLT,SVK,SVK,Albert Rusnák,6.0,False,False,20211114_MLT_SVK
2021-11-14,MLT,SVK,SVK,Ondrej Duda,8.0,False,False,20211114_MLT_SVK
2021-11-14,MLT,SVK,SVK,Albert Rusnák,16.0,False,False,20211114_MLT_SVK
2021-11-14,MLT,SVK,SVK,Ondrej Duda,69.0,False,False,20211114_MLT_SVK
2021-11-14,MLT,SVK,SVK,Vernon De Marco,72.0,False,False,20211114_MLT_SVK
2021-11-14,MLT,SVK,SVK,Ondrej Duda,80.0,False,False,20211114_MLT_SVK
2021-11-14,MKD,ISL,MKD,Ezgjan Alioski,7.0,False,False,20211114_MKD_ISL
2021-11-14,MKD,ISL,ISL,Jón Dagur Þorsteinsson,54.0,False,False,20211114_MKD_ISL
2021-11-14,MKD,ISL,MKD,Elif Elmas,65.0,False,False,20211114_MKD_ISL
2021-11-14,MKD,ISL,MKD,Elif Elmas,86.0,False,False,20211114_MKD_ISL
2021-11-14,POR,SRB,POR,Renato Sanches,2.0,False,False,20211114_POR_SRB
2021-11-14,POR,SRB,SRB,Dušan Tadić,33.0,False,False,20211114_POR_SRB
2021-11-14,POR,SRB,SRB,Aleksandar Mitrović,90.0,False,False,20211114_POR_SRB
2021-11-14,SEN,CGO,SEN,Ismaïla Sarr,14.0,False,False,20211114_SEN_CGO
2021-11-14,SEN,CGO,SEN,Ismaïla Sarr,24.0,False,False,20211114_SEN_CGO
2021-11-14,SVN,CYP,SVN,Miha Zajc,48.0,False,False,20211114_SVN_CYP
2021-11-14,SVN,CYP,SVN,Adam Gnezda Čerin,84.0,False,False,20211114_SVN_CYP
2021-11-14,SVN,CYP,CYP,Andronikos Kakoullis,89.0,False,False,20211114_SVN_CYP
2021-11-14,ESP,SWE,ESP,Álvaro Morata,86.0,False,False,20211114_ESP_SWE
2021-11-14,ZIM,ETH,ZIM,Kudakwashe Mahachi,39.0,False,False,20211114_ZIM_ETH
2021-11-14,ZIM,ETH,ETH,Abubeker Nassir,86.0,False,False,20211114_ZIM_ETH
2021-11-15,ALB,AND,ALB,Endri Çekiçi,73.0,False,True,20211115_ALB_AND
2021-11-15,AUT,MDA,AUT,Marko Arnautović,4.0,False,False,20211115_AUT_MDA
2021-11-15,AUT,MDA,AUT,Christopher Trimmel,22.0,False,False,20211115_AUT_MDA
2021-11-15,AUT,MDA,AUT,Marko Arnautović,55.0,False,True,20211115_AUT_MDA
2021-11-15,AUT,MDA,MDA,Ion Nicolaescu,60.0,False,False,20211115_AUT_MDA
2021-11-15,AUT,MDA,AUT,Dejan Ljubičić,83.0,False,False,20211115_AUT_MDA
2021-11-15,ISR,FRO,ISR,Mu'nas Dabbur,30.0,False,True,20211115_ISR_FRO
2021-11-15,ISR,FRO,ISR,Shon Weissman,58.0,False,False,20211115_ISR_FRO
2021-11-15,ISR,FRO,FRO,Sølvi Vatnhamar,62.0,False,False,20211115_ISR_FRO
2021-11-15,ISR,FRO,FRO,Klæmint Olsen,72.0,False,False,20211115_ISR_FRO
2021-11-15,ISR,FRO,ISR,Dor Peretz,74.0,False,False,20211115_ISR_FRO
2021-11-15,KEN,RWA,KEN,Michael Olunga,2.0,False,False,20211115_KEN_RWA
2021-11-15,KEN,RWA,KEN,Richard Odada,15.0,False,True,20211115_KEN_RWA
2021-11-15,KEN,RWA,RWA,Olivier Niyonzima,66.0,False,False,20211115_KEN_RWA
2021-11-15,NAM,TOG,TOG,Euloge Placca Fessou,88.0,False,False,20211115_NAM_TOG
2021-11-15,NIG,Djibouti,NIG,Victorien Adebayor,14.0,False,False,20211115_NIG_Djibouti
2021-11-15,NIG,Djibouti,Djibouti,Youssouf Abdi Ahmed,33.0,False,False,20211115_NIG_Djibouti
2021-11-15,NIG,Djibouti,NIG,Victorien Adebayor,36.0,False,False,20211115_NIG_Djibouti
2021-11-15,NIG,Djibouti,NIG,Mohamed Wonkoye,62.0,False,False,20211115_NIG_Djibouti
2021-11-15,NIG,Djibouti,NIG,Daniel Sosah,64.0,False,False,20211115_NIG_Djibouti
2021-11-15,NIG,Djibouti,NIG,Victorien Adebayor,75.0,False,False,20211115_NIG_Djibouti
2021-11-15,NIG,Djibouti,Djibouti,Yabe Siad Isman,84.0,False,False,20211115_NIG_Djibouti
2021-11-15,NIG,Djibouti,NIG,Issa Djibrilla,85.0,False,False,20211115_NIG_Djibouti
2021-11-15,NIG,Djibouti,NIG,Issa Djibrilla,87.0,False,False,20211115_NIG_Djibouti
2021-11-15,POL,HUN,HUN,András Schäfer,37.0,False,False,20211115_POL_HUN
2021-11-15,POL,HUN,POL,Karol Świderski,61.0,False,False,20211115_POL_HUN
2021-11-15,POL,HUN,HUN,Dániel Gazdag,80.0,False,False,20211115_POL_HUN
2021-11-15,SMR,ENG,ENG,Harry Maguire,6.0,False,False,20211115_SMR_ENG
2021-11-15,SMR,ENG,ENG,Filippo Fabbri,15.0,True,False,20211115_SMR_ENG
2021-11-15,SMR,ENG,ENG,Harry Kane,27.0,False,True,20211115_SMR_ENG
2021-11-15,SMR,ENG,ENG,Harry Kane,32.0,False,False,20211115_SMR_ENG
2021-11-15,SMR,ENG,ENG,Harry Kane,39.0,False,True,20211115_SMR_ENG
2021-11-15,SMR,ENG,ENG,Harry Kane,42.0,False,False,20211115_SMR_ENG
2021-11-15,SMR,ENG,ENG,Emile Smith Rowe,58.0,False,False,20211115_SMR_ENG
2021-11-15,SMR,ENG,ENG,Tyrone Mings,69.0,False,False,20211115_SMR_ENG
2021-11-15,SMR,ENG,ENG,Tammy Abraham,78.0,False,False,20211115_SMR_ENG
2021-11-15,SMR,ENG,ENG,Bukayo Saka,79.0,False,False,20211115_SMR_ENG
2021-11-15,SCO,DEN,SCO,John Souttar,35.0,False,False,20211115_SCO_DEN
2021-11-15,SCO,DEN,SCO,Ché Adams,86.0,False,False,20211115_SCO_DEN
2021-11-15,SUI,BUL,SUI,Noah Okafor,48.0,False,False,20211115_SUI_BUL
2021-11-15,SUI,BUL,SUI,Ruben Vargas,57.0,False,False,20211115_SUI_BUL
2021-11-15,SUI,BUL,SUI,Cedric Itten,72.0,False,False,20211115_SUI_BUL
2021-11-15,SUI,BUL,SUI,Remo Freuler,90.0,False,False,20211115_SUI_BUL
2021-11-16,ALG,BFA,ALG,Riyad Mahrez,21.0,False,False,20211116_ALG_BFA
2021-11-16,ALG,BFA,BFA,Zakaria Sanogo,37.0,False,False,20211116_ALG_BFA
2021-11-16,ALG,BFA,ALG,Sofiane Feghouli,68.0,False,False,20211116_ALG_BFA
2021-11-16,ALG,BFA,BFA,Issoufou Dayo,84.0,False,True,20211116_ALG_BFA
2021-11-16,BOL,URU,BOL,Juan Carlos Arce,29.0,False,False,20211116_BOL_URU
2021-11-16,BOL,URU,BOL,Marcelo Martins Moreno,45.0,False,False,20211116_BOL_URU
2021-11-16,BOL,URU,BOL,Juan Carlos Arce,79.0,False,False,20211116_BOL_URU
2021-11-16,BIH,UKR,UKR,Oleksandr Zinchenko,59.0,False,False,20211116_BIH_UKR
2021-11-16,BIH,UKR,UKR,Artem Dovbyk,79.0,False,False,20211116_BIH_UKR
2021-11-16,CMR,CIV,CMR,Karl Toko Ekambi,21.0,False,False,20211116_CMR_CIV
2021-11-16,CAN,MEX,CAN,Cyle Larin,45.0,False,False,20211116_CAN_MEX
2021-11-16,CAN,MEX,CAN,Cyle Larin,52.0,False,False,20211116_CAN_MEX
2021-11-16,CAN,MEX,MEX,Héctor Herrera,90.0,False,False,20211116_CAN_MEX
2021-11-16,CHI,ECU,ECU,Pervis Estupiñán,9.0,False,False,20211116_CHI_ECU
2021-11-16,CHI,ECU,ECU,Moisés Caicedo,90.0,False,False,20211116_CHI_ECU
2021-11-16,CHN,AUS,AUS,Mitchell Duke,38.0,False,False,20211116_CHN_AUS
2021-11-16,CHN,AUS,CHN,Wu Lei,71.0,False,True,20211116_CHN_AUS
2021-11-16,CRC,HON,CRC,Óscar Duarte,20.0,False,False,20211116_CRC_HON
2021-11-16,CRC,HON,HON,Romell Quioto,35.0,False,False,20211116_CRC_HON
2021-11-16,CRC,HON,CRC,Gerson Torres,90.0,False,False,20211116_CRC_HON
2021-11-16,CZE,EST,CZE,Jakub Brabec,59.0,False,False,20211116_CZE_EST
2021-11-16,CZE,EST,CZE,Jan Sýkora,85.0,False,False,20211116_CZE_EST
2021-11-16,EGY,GAB,EGY,Mohamed Magdy,4.0,False,True,20211116_EGY_GAB
2021-11-16,EGY,GAB,GAB,Jim Allevinah,54.0,False,False,20211116_EGY_GAB
2021-11-16,EGY,GAB,EGY,Johann Obiang,75.0,True,False,20211116_EGY_GAB
2021-11-16,FIN,FRA,FRA,Karim Benzema,66.0,False,False,20211116_FIN_FRA
2021-11-16,FIN,FRA,FRA,Kylian Mbappé,76.0,False,False,20211116_FIN_FRA
2021-11-16,GIB,LVA,GIB,Liam Walker,7.0,False,False,20211116_GIB_LVA
2021-11-16,GIB,LVA,LVA,Vladislavs Gutkovskis,25.0,False,False,20211116_GIB_LVA
2021-11-16,GIB,LVA,LVA,Roberts Uldriķis,55.0,False,False,20211116_GIB_LVA
2021-11-16,GIB,LVA,LVA,Raimonds Krollis,75.0,False,False,20211116_GIB_LVA
2021-11-16,IRQ,KOR,KOR,Lee Jae-sung,33.0,False,False,20211116_IRQ_KOR
2021-11-16,IRQ,KOR,KOR,Son Heung-min,74.0,False,True,20211116_IRQ_KOR
2021-11-16,IRQ,KOR,KOR,Jeong Woo-yeong,80.0,False,False,20211116_IRQ_KOR
2021-11-16,JAM,USA,USA,Timothy Weah,11.0,False,False,20211116_JAM_USA
2021-11-16,JAM,USA,JAM,Michail Antonio,22.0,False,False,20211116_JAM_USA
2021-11-16,LIB,UAE,UAE,Ali Mabkhout,85.0,False,True,20211116_LIB_UAE
2021-11-16,LBR,CTA,LBR,Marcus Macauley,2.0,False,False,20211116_LBR_CTA
2021-11-16,LBR,CTA,LBR,Peter Wilson,8.0,False,False,20211116_LBR_CTA
2021-11-16,LBR,CTA,CTA,Isaac Ngoma,61.0,False,False,20211116_LBR_CTA
2021-11-16,LBR,CTA,LBR,Peter Wilson,74.0,False,False,20211116_LBR_CTA
2021-11-16,LBY,ANG,LBY,Sanad Al Warfali,49.0,False,True,20211116_LBY_ANG
2021-11-16,LBY,ANG,ANG,Zini,81.0,False,False,20211116_LBY_ANG
2021-11-16,MTN,EQG,MTN,Aboubakar Kamara,22.0,False,False,20211116_MTN_EQG
2021-11-16,MTN,EQG,EQG,Saúl Coco,59.0,False,False,20211116_MTN_EQG
2021-11-16,MNE,TUR,MNE,Fatos Bećiraj,4.0,False,False,20211116_MNE_TUR
2021-11-16,MNE,TUR,TUR,Kerem Aktürkoğlu,22.0,False,False,20211116_MNE_TUR
2021-11-16,MNE,TUR,TUR,Orkun Kökçü,60.0,False,False,20211116_MNE_TUR
2021-11-16,MAR,GUI,MAR,Ryan Mmaee,21.0,False,True,20211116_MAR_GUI
2021-11-16,MAR,GUI,MAR,Ryan Mmaee,29.0,False,False,20211116_MAR_GUI
2021-11-16,MAR,GUI,MAR,Ayoub El Kaabi,60.0,False,False,20211116_MAR_GUI
2021-11-16,MOZ,MWI,MOZ,Limbikani Mzava,51.0,True,False,20211116_MOZ_MWI
2021-11-16,NED,NOR,NED,Steven Bergwijn,84.0,False,False,20211116_NED_NOR
2021-11-16,NED,NOR,NED,Memphis Depay,90.0,False,False,20211116_NED_NOR
2021-11-16,NGA,CPV,NGA,Victor Osimhen,1.0,False,False,20211116_NGA_CPV
2021-11-16,NGA,CPV,CPV,Stopira,5.0,False,False,20211116_NGA_CPV
2021-11-16,OMA,JPN,JPN,Junya Ito,81.0,False,False,20211116_OMA_JPN
2021-11-16,PAN,SLV,SLV,Jairo Henríquez,1.0,False,False,20211116_PAN_SLV
2021-11-16,PAN,SLV,PAN,Cecilio Waterman,50.0,False,False,20211116_PAN_SLV
2021-11-16,PAN,SLV,PAN,Freddy Góndola,52.0,False,False,20211116_PAN_SLV
2021-11-16,SYR,IRN,IRN,Sardar Azmoun,33.0,False,False,20211116_SYR_IRN
2021-11-16,SYR,IRN,IRN,Ehsan Hajsafi,42.0,False,True,20211116_SYR_IRN
2021-11-16,SYR,IRN,IRN,Ali Gholizadeh,89.0,False,False,20211116_SYR_IRN
2021-11-16,TUN,ZAM,TUN,Aïssa Laïdouni,18.0,False,False,20211116_TUN_ZAM
2021-11-16,TUN,ZAM,TUN,Mohamed Dräger,31.0,False,False,20211116_TUN_ZAM
2021-11-16,TUN,ZAM,TUN,Ali Maâloul,43.0,False,False,20211116_TUN_ZAM
2021-11-16,TUN,ZAM,ZAM,Fashion Sakala,80.0,False,False,20211116_TUN_ZAM
2021-11-16,VEN,PER,PER,Gianluca Lapadula,18.0,False,False,20211116_VEN_PER
2021-11-16,VEN,PER,VEN,Darwin Machís,52.0,False,False,20211116_VEN_PER
2021-11-16,VEN,PER,PER,Christian Cueva,65.0,False,False,20211116_VEN_PER
2021-11-16,VIE,KSA,KSA,Saleh Al-Shehri,31.0,False,False,20211116_VIE_KSA
2021-11-16,WAL,BEL,BEL,Kevin De Bruyne,12.0,False,False,20211116_WAL_BEL
2021-11-16,WAL,BEL,WAL,Kieffer Moore,32.0,False,False,20211116_WAL_BEL
2022-01-09,CMR,BFA,BFA,Gustavo Sangaré,24.0,False,False,20220109_CMR_BFA
2022-01-09,CMR,BFA,CMR,Vincent Aboubakar,40.0,False,True,20220109_CMR_BFA
2022-01-09,CMR,BFA,CMR,Vincent Aboubakar,45.0,False,True,20220109_CMR_BFA
2022-01-09,ETH,CPV,CPV,Júlio Tavares,45.0,False,False,20220109_ETH_CPV
2022-01-10,COM,GAB,GAB,Aaron Boupendza,16.0,False,False,20220110_COM_GAB
2022-01-10,GUI,MWI,GUI,Issiaga Sylla,35.0,False,False,20220110_GUI_MWI
2022-01-10,MAR,GHA,MAR,Sofiane Boufal,83.0,False,False,20220110_MAR_GHA
2022-01-10,SEN,ZIM,SEN,Sadio Mané,90.0,False,True,20220110_SEN_ZIM
2022-01-11,NGA,EGY,NGA,Kelechi Iheanacho,30.0,False,False,20220111_NGA_EGY
2022-01-12,EQG,CIV,CIV,Max Gradel,5.0,False,False,20220112_EQG_CIV
2022-01-12,MTN,GAM,GAM,Ablie Jallow,10.0,False,False,20220112_MTN_GAM
2022-01-12,TUN,MLI,MLI,Ibrahima Koné,48.0,False,True,20220112_TUN_MLI
2022-01-13,CMR,ETH,ETH,Dawa Hotessa,4.0,False,False,20220113_CMR_ETH
2022-01-13,CMR,ETH,CMR,Karl Toko Ekambi,8.0,False,False,20220113_CMR_ETH
2022-01-13,CMR,ETH,CMR,Vincent Aboubakar,53.0,False,False,20220113_CMR_ETH
2022-01-13,CMR,ETH,CMR,Vincent Aboubakar,55.0,False,False,20220113_CMR_ETH
2022-01-13,CMR,ETH,CMR,Karl Toko Ekambi,68.0,False,False,20220113_CMR_ETH
2022-01-13,CPV,BFA,BFA,Hassane Bandé,39.0,False,False,20220113_CPV_BFA
2022-01-14,GAB,GHA,GHA,André Ayew,18.0,False,False,20220114_GAB_GHA
2022-01-14,GAB,GHA,GAB,Jim Allevinah,88.0,False,False,20220114_GAB_GHA
2022-01-14,MWI,ZIM,ZIM,Ishmael Wadi,38.0,False,False,20220114_MWI_ZIM
2022-01-14,MWI,ZIM,MWI,Gabadinho Mhango,43.0,False,False,20220114_MWI_ZIM
2022-01-14,MWI,ZIM,MWI,Gabadinho Mhango,58.0,False,False,20220114_MWI_ZIM
2022-01-14,MAR,COM,MAR,Selim Amallah,16.0,False,False,20220114_MAR_COM
2022-01-14,MAR,COM,MAR,Zakaria Aboukhlal,88.0,False,False,20220114_MAR_COM
2022-01-15,GNB,EGY,EGY,Mohamed Salah,69.0,False,False,20220115_GNB_EGY
2022-01-15,NGA,SDN,NGA,Samuel Chukwueze,3.0,False,False,20220115_NGA_SDN
2022-01-15,NGA,SDN,NGA,Taiwo Awoniyi,45.0,False,False,20220115_NGA_SDN
2022-01-15,NGA,SDN,NGA,Moses Simon,46.0,False,False,20220115_NGA_SDN
2022-01-15,NGA,SDN,SDN,Walieldin Khedr,70.0,False,True,20220115_NGA_SDN
2022-01-16,ALG,EQG,EQG,Esteban Obiang,70.0,False,False,20220116_ALG_EQG
2022-01-16,GAM,MLI,MLI,Ibrahima Koné,79.0,False,True,20220116_GAM_MLI
2022-01-16,GAM,MLI,GAM,Musa Barrow,90.0,False,True,20220116_GAM_MLI
2022-01-16,CIV,SLE,CIV,Sébastien Haller,25.0,False,False,20220116_CIV_SLE
2022-01-16,CIV,SLE,SLE,Musa Noah Kamara,55.0,False,False,20220116_CIV_SLE
2022-01-16,CIV,SLE,CIV,Nicolas Pépé,65.0,False,False,20220116_CIV_SLE
2022-01-16,CIV,SLE,SLE,Alhaji Kamara,90.0,False,False,20220116_CIV_SLE
2022-01-16,TUN,MTN,TUN,Hamza Mathlouthi,4.0,False,False,20220116_TUN_MTN
2022-01-16,TUN,MTN,TUN,Wahbi Khazri,9.0,False,False,20220116_TUN_MTN
2022-01-16,TUN,MTN,TUN,Wahbi Khazri,64.0,False,False,20220116_TUN_MTN
2022-01-16,TUN,MTN,TUN,Seifeddine Jaziri,66.0,False,False,20220116_TUN_MTN
2022-01-17,BFA,ETH,BFA,Cyrille Bayala,25.0,False,False,20220117_BFA_ETH
2022-01-17,BFA,ETH,ETH,Getaneh Kebede,52.0,False,True,20220117_BFA_ETH
2022-01-17,CMR,CPV,CMR,Vincent Aboubakar,39.0,False,False,20220117_CMR_CPV
2022-01-17,CMR,CPV,CPV,Garry Rodrigues,53.0,False,False,20220117_CMR_CPV
2022-01-18,GAB,MAR,GAB,Jim Allevinah,21.0,False,False,20220118_GAB_MAR
2022-01-18,GAB,MAR,MAR,Sofiane Boufal,74.0,False,True,20220118_GAB_MAR
2022-01-18,GAB,MAR,GAB,Nayef Aguerd,81.0,True,False,20220118_GAB_MAR
2022-01-18,GAB,MAR,MAR,Achraf Hakimi,84.0,False,False,20220118_GAB_MAR
2022-01-18,GHA,COM,COM,El Fardou Ben Nabouhane,4.0,False,False,20220118_GHA_COM
2022-01-18,GHA,COM,COM,Ahmed Mogni,62.0,False,False,20220118_GHA_COM
2022-01-18,GHA,COM,GHA,Richmond Boakye,64.0,False,False,20220118_GHA_COM
2022-01-18,GHA,COM,GHA,Alexander Djiku,77.0,False,False,20220118_GHA_COM
2022-01-18,GHA,COM,COM,Ahmed Mogni,85.0,False,False,20220118_GHA_COM
2022-01-18,ZIM,GUI,ZIM,Knowledge Musona,26.0,False,False,20220118_ZIM_GUI
2022-01-18,ZIM,GUI,ZIM,Kudakwashe Mahachi,43.0,False,False,20220118_ZIM_GUI
2022-01-18,ZIM,GUI,GUI,Naby Keïta,49.0,False,False,20220118_ZIM_GUI
2022-01-19,EGY,SDN,EGY,Mohamed Abdelmonem,35.0,False,False,20220119_EGY_SDN
2022-01-19,GNB,NGA,NGA,Umar Sadiq,56.0,False,False,20220119_GNB_NGA
2022-01-19,GNB,NGA,NGA,William Troost-Ekong,75.0,False,False,20220119_GNB_NGA
2022-01-20,GAM,TUN,GAM,Ablie Jallow,90.0,False,False,20220120_GAM_TUN
2022-01-20,CIV,ALG,CIV,Franck Kessié,22.0,False,False,20220120_CIV_ALG
2022-01-20,CIV,ALG,CIV,Ibrahim Sangaré,39.0,False,False,20220120_CIV_ALG
2022-01-20,CIV,ALG,CIV,Nicolas Pépé,54.0,False,False,20220120_CIV_ALG
2022-01-20,CIV,ALG,ALG,Sofiane Bendebka,73.0,False,False,20220120_CIV_ALG
2022-01-20,MLI,MTN,MLI,Massadio Haïdara,2.0,False,False,20220120_MLI_MTN
2022-01-20,MLI,MTN,MLI,Ibrahima Koné,49.0,False,True,20220120_MLI_MTN
2022-01-20,SLE,EQG,EQG,Pablo Ganet,38.0,False,False,20220120_SLE_EQG
2022-01-23,BFA,GAB,BFA,Bertrand Traoré,28.0,False,False,20220123_BFA_GAB
2022-01-23,BFA,GAB,GAB,Adama Guira,90.0,True,False,20220123_BFA_GAB
2022-01-23,NGA,TUN,TUN,Youssef Msakni,47.0,False,False,20220123_NGA_TUN
2022-01-24,CMR,COM,CMR,Karl Toko Ekambi,29.0,False,False,20220124_CMR_COM
2022-01-24,CMR,COM,CMR,Vincent Aboubakar,70.0,False,False,20220124_CMR_COM
2022-01-24,CMR,COM,COM,Youssouf M'Changama,81.0,False,False,20220124_CMR_COM
2022-01-24,GUI,GAM,GAM,Musa Barrow,71.0,False,False,20220124_GUI_GAM
2022-01-25,MAR,MWI,MWI,Gabadinho Mhango,7.0,False,False,20220125_MAR_MWI
2022-01-25,MAR,MWI,MAR,Youssef En-Nesyri,45.0,False,False,20220125_MAR_MWI
2022-01-25,MAR,MWI,MAR,Achraf Hakimi,70.0,False,False,20220125_MAR_MWI
2022-01-25,SEN,CPV,SEN,Sadio Mané,63.0,False,False,20220125_SEN_CPV
2022-01-25,SEN,CPV,SEN,Bamba Dieng,90.0,False,False,20220125_SEN_CPV
2022-01-27,AUS,VIE,AUS,Jamie Maclaren,30.0,False,False,20220127_AUS_VIE
2022-01-27,AUS,VIE,AUS,Tom Rogic,45.0,False,False,20220127_AUS_VIE
2022-01-27,AUS,VIE,AUS,Craig Goodwin,72.0,False,False,20220127_AUS_VIE
2022-01-27,AUS,VIE,AUS,Riley McGree,76.0,False,False,20220127_AUS_VIE
2022-01-27,CHI,ARG,ARG,Ángel Di María,10.0,False,False,20220127_CHI_ARG
2022-01-27,CHI,ARG,CHI,Ben Brereton Díaz,21.0,False,False,20220127_CHI_ARG
2022-01-27,CHI,ARG,ARG,Lautaro Martínez,34.0,False,False,20220127_CHI_ARG
2022-01-27,CRC,PAN,CRC,Bryan Ruiz,65.0,False,False,20220127_CRC_PAN
2022-01-27,ECU,BRA,BRA,Casemiro,6.0,False,False,20220127_ECU_BRA
2022-01-27,ECU,BRA,ECU,Félix Torres,75.0,False,False,20220127_ECU_BRA
2022-01-27,HON,CAN,CAN,Denil Maldonado,10.0,True,False,20220127_HON_CAN
2022-01-27,HON,CAN,CAN,Jonathan David,73.0,False,False,20220127_HON_CAN
2022-01-27,IRN,IRQ,IRN,Mehdi Taremi,48.0,False,False,20220127_IRN_IRQ
2022-01-27,JAM,MEX,JAM,Daniel Johnson,50.0,False,False,20220127_JAM_MEX
2022-01-27,JAM,MEX,MEX,Henry Martín,82.0,False,False,20220127_JAM_MEX
2022-01-27,JAM,MEX,MEX,Alexis Vega,83.0,False,False,20220127_JAM_MEX
2022-01-27,JPN,CHN,JPN,Yuya Osako,13.0,False,True,20220127_JPN_CHN
2022-01-27,JPN,CHN,JPN,Junya Ito,61.0,False,False,20220127_JPN_CHN
2022-01-27,LIB,KOR,KOR,Cho Gue-sung,45.0,False,False,20220127_LIB_KOR
2022-01-27,PAR,URU,URU,Luis Suárez,50.0,False,False,20220127_PAR_URU
2022-01-27,KSA,OMA,KSA,Firas Al-Buraikan,48.0,False,False,20220127_KSA_OMA
2022-01-27,UAE,SYR,UAE,Caio Canedo,43.0,False,False,20220127_UAE_SYR
2022-01-27,UAE,SYR,UAE,Yahya Al-Ghassani,70.0,False,False,20220127_UAE_SYR
2022-01-27,USA,SLV,USA,Antonee Robinson,52.0,False,False,20220127_USA_SLV
2022-01-28,COL,PER,PER,Edison Flores,85.0,False,False,20220128_COL_PER
2022-01-28,VEN,BOL,VEN,Salomón Rondón,24.0,False,False,20220128_VEN_BOL
2022-01-28,VEN,BOL,VEN,Salomón Rondón,34.0,False,False,20220128_VEN_BOL
2022-01-28,VEN,BOL,BOL,Bruno Miranda,38.0,False,False,20220128_VEN_BOL
2022-01-28,VEN,BOL,VEN,Darwin Machís,55.0,False,False,20220128_VEN_BOL
2022-01-28,VEN,BOL,VEN,Salomón Rondón,67.0,False,False,20220128_VEN_BOL
2022-01-29,BFA,TUN,BFA,Dango Ouattara,45.0,False,False,20220129_BFA_TUN
2022-01-29,CMR,GAM,CMR,Karl Toko Ekambi,50.0,False,False,20220129_CMR_GAM
2022-01-29,CMR,GAM,CMR,Karl Toko Ekambi,57.0,False,False,20220129_CMR_GAM
2022-01-30,CAN,USA,CAN,Cyle Larin,7.0,False,False,20220130_CAN_USA
2022-01-30,CAN,USA,CAN,Sam Adekugbe,90.0,False,False,20220130_CAN_USA
2022-01-30,EGY,MAR,MAR,Sofiane Boufal,7.0,False,True,20220130_EGY_MAR
2022-01-30,EGY,MAR,EGY,Mohamed Salah,53.0,False,False,20220130_EGY_MAR
2022-01-30,EGY,MAR,EGY,Trézéguet,100.0,False,False,20220130_EGY_MAR
2022-01-30,HON,SLV,SLV,Nelson Bonilla,35.0,False,False,20220130_HON_SLV
2022-01-30,HON,SLV,SLV,Darwin Cerén,90.0,False,False,20220130_HON_SLV
2022-01-30,PAN,JAM,JAM,Michail Antonio,5.0,False,True,20220130_PAN_JAM
2022-01-30,PAN,JAM,PAN,Javain Brown,43.0,True,False,20220130_PAN_JAM
2022-01-30,PAN,JAM,PAN,Eric Davis,51.0,False,False,20220130_PAN_JAM
2022-01-30,PAN,JAM,PAN,Azmahar Ariano,69.0,False,False,20220130_PAN_JAM
2022-01-30,PAN,JAM,JAM,Andre Gray,87.0,False,False,20220130_PAN_JAM
2022-01-30,SEN,EQG,SEN,Famara Diédhiou,28.0,False,False,20220130_SEN_EQG
2022-01-30,SEN,EQG,EQG,Jannick Buyla,57.0,False,False,20220130_SEN_EQG
2022-01-30,SEN,EQG,SEN,Cheikhou Kouyaté,68.0,False,False,20220130_SEN_EQG
2022-01-30,SEN,EQG,SEN,Ismaïla Sarr,79.0,False,False,20220130_SEN_EQG
2022-02-01,ARG,COL,ARG,Lautaro Martínez,29.0,False,False,20220201_ARG_COL
2022-02-01,BOL,CHI,CHI,Alexis Sánchez,14.0,False,False,20220201_BOL_CHI
2022-02-01,BOL,CHI,BOL,Marc Enoumba,37.0,False,False,20220201_BOL_CHI
2022-02-01,BOL,CHI,CHI,Marcelino Núñez,77.0,False,False,20220201_BOL_CHI
2022-02-01,BOL,CHI,CHI,Alexis Sánchez,86.0,False,False,20220201_BOL_CHI
2022-02-01,BOL,CHI,BOL,Marcelo Martins Moreno,88.0,False,False,20220201_BOL_CHI
2022-02-01,BRA,PAR,BRA,Raphinha,28.0,False,False,20220201_BRA_PAR
2022-02-01,BRA,PAR,BRA,Philippe Coutinho,62.0,False,False,20220201_BRA_PAR
2022-02-01,BRA,PAR,BRA,Antony,86.0,False,False,20220201_BRA_PAR
2022-02-01,BRA,PAR,BRA,Rodrygo,88.0,False,False,20220201_BRA_PAR
2022-02-01,IRN,UAE,IRN,Mehdi Taremi,44.0,False,False,20220201_IRN_UAE
2022-02-01,JPN,KSA,JPN,Takumi Minamino,32.0,False,False,20220201_JPN_KSA
2022-02-01,JPN,KSA,JPN,Junya Ito,50.0,False,False,20220201_JPN_KSA
2022-02-01,LIB,IRQ,IRQ,Aymen Hussein,39.0,False,False,20220201_LIB_IRQ
2022-02-01,LIB,IRQ,LIB,Maher Sabra,45.0,False,False,20220201_LIB_IRQ
2022-02-01,OMA,AUS,AUS,Jamie Maclaren,15.0,False,True,20220201_OMA_AUS
2022-02-01,OMA,AUS,OMA,Abdullah Fawaz,54.0,False,False,20220201_OMA_AUS
2022-02-01,OMA,AUS,AUS,Aaron Mooy,79.0,False,False,20220201_OMA_AUS
2022-02-01,OMA,AUS,OMA,Abdullah Fawaz,89.0,False,True,20220201_OMA_AUS
2022-02-01,PER,ECU,ECU,Michael Estrada,2.0,False,False,20220201_PER_ECU
2022-02-01,PER,ECU,PER,Edison Flores,69.0,False,False,20220201_PER_ECU
2022-02-01,SYR,KOR,KOR,Kim Jin-su,53.0,False,False,20220201_SYR_KOR
2022-02-01,SYR,KOR,KOR,Kwon Chang-hoon,71.0,False,False,20220201_SYR_KOR
2022-02-01,URU,VEN,URU,Rodrigo Bentancur,1.0,False,False,20220201_URU_VEN
2022-02-01,URU,VEN,URU,Giorgian de Arrascaeta,23.0,False,False,20220201_URU_VEN
2022-02-01,URU,VEN,URU,Edinson Cavani,45.0,False,False,20220201_URU_VEN
2022-02-01,URU,VEN,URU,Luis Suárez,53.0,False,True,20220201_URU_VEN
2022-02-01,URU,VEN,VEN,Josef Martínez,65.0,False,False,20220201_URU_VEN
2022-02-01,VIE,CHN,VIE,Hồ Tấn Tài,9.0,False,False,20220201_VIE_CHN
2022-02-01,VIE,CHN,VIE,Nguyễn Tiến Linh,16.0,False,False,20220201_VIE_CHN
2022-02-01,VIE,CHN,VIE,Phan Văn Đức,76.0,False,False,20220201_VIE_CHN
2022-02-01,VIE,CHN,CHN,Xu Xin,90.0,False,False,20220201_VIE_CHN
2022-02-02,BFA,SEN,SEN,Abdou Diallo,70.0,False,False,20220202_BFA_SEN
2022-02-02,BFA,SEN,SEN,Idrissa Gueye,76.0,False,False,20220202_BFA_SEN
2022-02-02,BFA,SEN,BFA,Blati Touré,82.0,False,False,20220202_BFA_SEN
2022-02-02,BFA,SEN,SEN,Sadio Mané,87.0,False,False,20220202_BFA_SEN
2022-02-02,SLV,CAN,CAN,Atiba Hutchinson,66.0,False,False,20220202_SLV_CAN
2022-02-02,SLV,CAN,CAN,Jonathan David,90.0,False,False,20220202_SLV_CAN
2022-02-02,JAM,CRC,CRC,Joel Campbell,62.0,False,False,20220202_JAM_CRC
2022-02-02,MEX,PAN,MEX,Raúl Jiménez,80.0,False,True,20220202_MEX_PAN
2022-02-02,USA,HON,USA,Weston McKennie,8.0,False,False,20220202_USA_HON
2022-02-02,USA,HON,USA,Walker Zimmerman,37.0,False,False,20220202_USA_HON
2022-02-02,USA,HON,USA,Christian Pulisic,67.0,False,False,20220202_USA_HON
2022-02-05,CMR,BFA,BFA,Steeve Yago,24.0,False,False,20220205_CMR_BFA
2022-02-05,CMR,BFA,BFA,André Onana,43.0,True,False,20220205_CMR_BFA
2022-02-05,CMR,BFA,BFA,Djibril Ouattara,49.0,False,False,20220205_CMR_BFA
2022-02-05,CMR,BFA,CMR,Stéphane Bahoken,71.0,False,False,20220205_CMR_BFA
2022-02-05,CMR,BFA,CMR,Vincent Aboubakar,85.0,False,False,20220205_CMR_BFA
2022-02-05,CMR,BFA,CMR,Vincent Aboubakar,87.0,False,False,20220205_CMR_BFA
2022-03-17,Cook Islands,SOL,SOL,Atkin Kaua,20.0,False,False,20220317_Cook-Islands_SOL
2022-03-17,Cook Islands,SOL,SOL,Alwin Hou,45.0,False,False,20220317_Cook-Islands_SOL
2022-03-18,NCL,FIJ,FIJ,Sairusi Nalaubu,11.0,False,False,20220318_NCL_FIJ
2022-03-18,NCL,FIJ,NCL,Jordan Wetria,78.0,False,False,20220318_NCL_FIJ
2022-03-18,NCL,FIJ,FIJ,Sairusi Nalaubu,89.0,False,False,20220318_NCL_FIJ
2022-03-18,PNG,NZL,NZL,Ben Waine,75.0,False,False,20220318_PNG_NZL
2022-03-21,NZL,FIJ,NZL,Chris Wood,45.0,False,False,20220321_NZL_FIJ
2022-03-21,NZL,FIJ,NZL,Elijah Just,71.0,False,False,20220321_NZL_FIJ
2022-03-21,NZL,FIJ,NZL,Chris Wood,73.0,False,False,20220321_NZL_FIJ
2022-03-21,NZL,FIJ,NZL,Clayton Lewis,90.0,False,True,20220321_NZL_FIJ
2022-03-21,PNG,NCL,PNG,Tommy Semmy,8.0,False,False,20220321_PNG_NCL
2022-03-24,AUS,JPN,JPN,Kaoru Mitoma,89.0,False,False,20220324_AUS_JPN
2022-03-24,AUS,JPN,JPN,Kaoru Mitoma,90.0,False,False,20220324_AUS_JPN
2022-03-24,BRA,CHI,BRA,Neymar,44.0,False,True,20220324_BRA_CHI
2022-03-24,BRA,CHI,BRA,Vinícius Júnior,45.0,False,False,20220324_BRA_CHI
2022-03-24,BRA,CHI,BRA,Philippe Coutinho,72.0,False,True,20220324_BRA_CHI
2022-03-24,BRA,CHI,BRA,Richarlison,90.0,False,False,20220324_BRA_CHI
2022-03-24,CHN,KSA,KSA,Saleh Al-Shehri,45.0,False,False,20220324_CHN_KSA
2022-03-24,CHN,KSA,CHN,Zhu Chenjie,82.0,False,True,20220324_CHN_KSA
2022-03-24,COL,BOL,COL,Luis Díaz,39.0,False,False,20220324_COL_BOL
2022-03-24,COL,BOL,COL,Miguel Borja,72.0,False,False,20220324_COL_BOL
2022-03-24,COL,BOL,COL,Mateus Uribe,90.0,False,False,20220324_COL_BOL
2022-03-24,CRC,CAN,CRC,Celso Borges,45.0,False,False,20220324_CRC_CAN
2022-03-24,FIJ,PNG,FIJ,Tevita Waranaivalu,12.0,False,False,20220324_FIJ_PNG
2022-03-24,FIJ,PNG,PNG,Ati Kepo,45.0,False,False,20220324_FIJ_PNG
2022-03-24,FIJ,PNG,PNG,Tommy Semmy,63.0,False,False,20220324_FIJ_PNG
2022-03-24,IRQ,UAE,IRQ,Hussein Ali Al-Saedi,53.0,False,False,20220324_IRQ_UAE
2022-03-24,ITA,MKD,MKD,Aleksandar Trajkovski,90.0,False,False,20220324_ITA_MKD
2022-03-24,JAM,SLV,SLV,Eriq Zavaleta,21.0,False,False,20220324_JAM_SLV
2022-03-24,JAM,SLV,JAM,Andre Gray,72.0,False,False,20220324_JAM_SLV
2022-03-24,LIB,SYR,SYR,Alaa Al Dali,14.0,False,False,20220324_LIB_SYR
2022-03-24,LIB,SYR,SYR,Mardik Mardikian,38.0,False,True,20220324_LIB_SYR
2022-03-24,LIB,SYR,SYR,Mohammad Al Marmour,44.0,False,False,20220324_LIB_SYR
2022-03-24,MDA,KAZ,MDA,Ion Nicolaescu,45.0,False,False,20220324_MDA_KAZ
2022-03-24,MDA,KAZ,KAZ,Serhiy Malyi,63.0,False,False,20220324_MDA_KAZ
2022-03-24,MDA,KAZ,KAZ,Veaceslav Posmac,79.0,True,False,20220324_MDA_KAZ
2022-03-24,NZL,NCL,NZL,Alex Greive,8.0,False,False,20220324_NZL_NCL
2022-03-24,NZL,NCL,NCL,Jean-Philippe Saïko,12.0,False,False,20220324_NZL_NCL
2022-03-24,NZL,NCL,NZL,Logan Rogerson,36.0,False,True,20220324_NZL_NCL
2022-03-24,NZL,NCL,NZL,Alex Greive,45.0,False,False,20220324_NZL_NCL
2022-03-24,NZL,NCL,NZL,Andre de Jong,75.0,False,False,20220324_NZL_NCL
2022-03-24,NZL,NCL,NZL,Bill Tuiloma,81.0,False,False,20220324_NZL_NCL
2022-03-24,NZL,NCL,NZL,Chris Wood,83.0,False,False,20220324_NZL_NCL
2022-03-24,NZL,NCL,NZL,Chris Wood,89.0,False,False,20220324_NZL_NCL
2022-03-24,PAN,HON,PAN,Rolando Blackburn,23.0,False,False,20220324_PAN_HON
2022-03-24,PAN,HON,HON,Kevin López,65.0,False,False,20220324_PAN_HON
2022-03-24,PAR,ECU,PAR,Robert Morales,10.0,False,False,20220324_PAR_ECU
2022-03-24,PAR,ECU,PAR,Piero Hincapié,45.0,True,False,20220324_PAR_ECU
2022-03-24,PAR,ECU,PAR,Miguel Almirón,54.0,False,False,20220324_PAR_ECU
2022-03-24,PAR,ECU,ECU,Jordy Caicedo,85.0,False,True,20220324_PAR_ECU
2022-03-24,POR,TUR,POR,Otávio,15.0,False,False,20220324_POR_TUR
2022-03-24,POR,TUR,POR,Diogo Jota,42.0,False,False,20220324_POR_TUR
2022-03-24,POR,TUR,TUR,Burak Yılmaz,65.0,False,False,20220324_POR_TUR
2022-03-24,POR,TUR,POR,Matheus Nunes,90.0,False,False,20220324_POR_TUR
2022-03-24,SOL,TAH,SOL,Raphael Lea'i,20.0,False,False,20220324_SOL_TAH
2022-03-24,SOL,TAH,TAH,Alvin Tehau,26.0,False,False,20220324_SOL_TAH
2022-03-24,SOL,TAH,SOL,Raphael Lea'i,52.0,False,False,20220324_SOL_TAH
2022-03-24,SOL,TAH,SOL,Raphael Lea'i,90.0,False,False,20220324_SOL_TAH
2022-03-24,KOR,IRN,KOR,Son Heung-min,45.0,False,False,20220324_KOR_IRN
2022-03-24,KOR,IRN,KOR,Kim Young-gwon,62.0,False,False,20220324_KOR_IRN
2022-03-24,SWE,CZE,SWE,Robin Quaison,110.0,False,False,20220324_SWE_CZE
2022-03-24,URU,PER,URU,Giorgian de Arrascaeta,42.0,False,False,20220324_URU_PER
2022-03-24,VIE,OMA,OMA,Khalid Al-Hajri,65.0,False,False,20220324_VIE_OMA
2022-03-24,WAL,AUT,WAL,Gareth Bale,25.0,False,False,20220324_WAL_AUT
2022-03-24,WAL,AUT,WAL,Gareth Bale,51.0,False,False,20220324_WAL_AUT
2022-03-24,WAL,AUT,AUT,Marcel Sabitzer,65.0,False,False,20220324_WAL_AUT
2022-03-25,ARG,VEN,ARG,Nicolás González,34.0,False,False,20220325_ARG_VEN
2022-03-25,ARG,VEN,ARG,Ángel Di María,79.0,False,False,20220325_ARG_VEN
2022-03-25,ARG,VEN,ARG,Lionel Messi,82.0,False,False,20220325_ARG_VEN
2022-03-25,CMR,ALG,ALG,Islam Slimani,40.0,False,False,20220325_CMR_ALG
2022-03-25,COD,MAR,COD,Yoane Wissa,12.0,False,False,20220325_COD_MAR
2022-03-25,COD,MAR,MAR,Tarik Tissoudali,76.0,False,False,20220325_COD_MAR
2022-03-25,EGY,SEN,EGY,Saliou Ciss,4.0,True,False,20220325_EGY_SEN
2022-03-25,MLI,TUN,TUN,Moussa Sissako,36.0,True,False,20220325_MLI_TUN
2022-03-27,CAN,JAM,CAN,Cyle Larin,13.0,False,False,20220327_CAN_JAM
2022-03-27,CAN,JAM,CAN,Tajon Buchanan,44.0,False,False,20220327_CAN_JAM
2022-03-27,CAN,JAM,CAN,Junior Hoilett,83.0,False,False,20220327_CAN_JAM
2022-03-27,CAN,JAM,CAN,Adrian Mariappa,88.0,True,False,20220327_CAN_JAM
2022-03-27,SLV,CRC,CRC,Anthony Contreras,30.0,False,False,20220327_SLV_CRC
2022-03-27,SLV,CRC,SLV,Cristian Gil,31.0,False,False,20220327_SLV_CRC
2022-03-27,SLV,CRC,CRC,Joel Campbell,45.0,False,False,20220327_SLV_CRC
2022-03-27,HON,MEX,MEX,Edson Álvarez,70.0,False,False,20220327_HON_MEX
2022-03-27,NZL,TAH,NZL,Liberato Cacace,71.0,False,False,20220327_NZL_TAH
2022-03-27,SOL,PNG,PNG,Alwin Komolong,24.0,False,False,20220327_SOL_PNG
2022-03-27,SOL,PNG,SOL,Alwin Hou,33.0,False,False,20220327_SOL_PNG
2022-03-27,SOL,PNG,SOL,Alwin Hou,66.0,False,False,20220327_SOL_PNG
2022-03-27,SOL,PNG,SOL,Raphael Lea'i,71.0,False,False,20220327_SOL_PNG
2022-03-27,SOL,PNG,PNG,Ati Kepo,88.0,False,False,20220327_SOL_PNG
2022-03-27,USA,PAN,USA,Christian Pulisic,17.0,False,True,20220327_USA_PAN
2022-03-27,USA,PAN,USA,Paul Arriola,23.0,False,False,20220327_USA_PAN
2022-03-27,USA,PAN,USA,Jesús Ferreira,27.0,False,False,20220327_USA_PAN
2022-03-27,USA,PAN,USA,Christian Pulisic,45.0,False,True,20220327_USA_PAN
2022-03-27,USA,PAN,USA,Christian Pulisic,65.0,False,False,20220327_USA_PAN
2022-03-27,USA,PAN,PAN,Aníbal Godoy,86.0,False,False,20220327_USA_PAN
2022-03-29,ALG,CMR,CMR,Eric Maxim Choupo-Moting,22.0,False,False,20220329_ALG_CMR
2022-03-29,ALG,CMR,ALG,Ahmed Touba,118.0,False,False,20220329_ALG_CMR
2022-03-29,ALG,CMR,CMR,Karl Toko Ekambi,120.0,False,False,20220329_ALG_CMR
2022-03-29,BOL,BRA,BRA,Lucas Paquetá,24.0,False,False,20220329_BOL_BRA
2022-03-29,BOL,BRA,BRA,Richarlison,45.0,False,False,20220329_BOL_BRA
2022-03-29,BOL,BRA,BRA,Bruno Guimarães,66.0,False,False,20220329_BOL_BRA
2022-03-29,BOL,BRA,BRA,Richarlison,90.0,False,False,20220329_BOL_BRA
2022-03-29,CHI,URU,URU,Luis Suárez,79.0,False,False,20220329_CHI_URU
2022-03-29,CHI,URU,URU,Federico Valverde,90.0,False,False,20220329_CHI_URU
2022-03-29,CYP,EST,CYP,Marinos Tzionis,19.0,False,False,20220329_CYP_EST
2022-03-29,CYP,EST,CYP,Pieros Sotiriou,51.0,False,False,20220329_CYP_EST
2022-03-29,ECU,ARG,ARG,Julián Álvarez,24.0,False,False,20220329_ECU_ARG
2022-03-29,ECU,ARG,ECU,Enner Valencia,90.0,False,False,20220329_ECU_ARG
2022-03-29,IRN,LIB,IRN,Sardar Azmoun,35.0,False,False,20220329_IRN_LIB
2022-03-29,IRN,LIB,IRN,Alireza Jahanbakhsh,72.0,False,False,20220329_IRN_LIB
2022-03-29,JPN,VIE,VIE,Nguyễn Thanh Bình,19.0,False,False,20220329_JPN_VIE
2022-03-29,JPN,VIE,JPN,Maya Yoshida,55.0,False,False,20220329_JPN_VIE
2022-03-29,KAZ,MDA,MDA,Igor Armaș,13.0,False,False,20220329_KAZ_MDA
2022-03-29,MAR,COD,MAR,Azzedine Ounahi,21.0,False,False,20220329_MAR_COD
2022-03-29,MAR,COD,MAR,Tarik Tissoudali,45.0,False,False,20220329_MAR_COD
2022-03-29,MAR,COD,MAR,Azzedine Ounahi,54.0,False,False,20220329_MAR_COD
2022-03-29,MAR,COD,MAR,Achraf Hakimi,69.0,False,False,20220329_MAR_COD
2022-03-29,MAR,COD,COD,Ben Malango,77.0,False,False,20220329_MAR_COD
2022-03-29,NGA,GHA,GHA,Thomas Partey,10.0,False,False,20220329_NGA_GHA
2022-03-29,NGA,GHA,NGA,William Troost-Ekong,22.0,False,True,20220329_NGA_GHA
2022-03-29,OMA,CHN,OMA,Arshad Al-Alawi,12.0,False,False,20220329_OMA_CHN
2022-03-29,OMA,CHN,OMA,Abdullah Fawaz,74.0,False,False,20220329_OMA_CHN
2022-03-29,PER,PAR,PER,Gianluca Lapadula,5.0,False,False,20220329_PER_PAR
2022-03-29,PER,PAR,PER,Yoshimar Yotún,42.0,False,False,20220329_PER_PAR
2022-03-29,POL,SWE,POL,Robert Lewandowski,49.0,False,True,20220329_POL_SWE
2022-03-29,POL,SWE,POL,Piotr Zieliński,72.0,False,False,20220329_POL_SWE
2022-03-29,POR,MKD,POR,Bruno Fernandes,32.0,False,False,20220329_POR_MKD
2022-03-29,POR,MKD,POR,Bruno Fernandes,65.0,False,False,20220329_POR_MKD
2022-03-29,KSA,AUS,KSA,Salem Al-Dawsari,65.0,False,True,20220329_KSA_AUS
2022-03-29,SEN,EGY,SEN,Boulaye Dia,3.0,False,False,20220329_SEN_EGY
2022-03-29,SYR,IRQ,SYR,Alaa Al Dali,3.0,False,False,20220329_SYR_IRQ
2022-03-29,SYR,IRQ,IRQ,Aymen Hussein,31.0,False,False,20220329_SYR_IRQ
2022-03-29,UAE,KOR,UAE,Harib Al-Maazmi,54.0,False,False,20220329_UAE_KOR
2022-03-29,VEN,COL,COL,James Rodríguez,45.0,False,True,20220329_VEN_COL
2022-03-30,CRC,USA,CRC,Juan Pablo Vargas,51.0,False,False,20220330_CRC_USA
2022-03-30,CRC,USA,CRC,Anthony Contreras,59.0,False,False,20220330_CRC_USA
2022-03-30,JAM,HON,HON,Ángel Tejeda,18.0,False,True,20220330_JAM_HON
2022-03-30,JAM,HON,JAM,Leon Bailey,39.0,False,True,20220330_JAM_HON
2022-03-30,JAM,HON,JAM,Ravel Morrison,45.0,False,False,20220330_JAM_HON
2022-03-30,MEX,SLV,MEX,Uriel Antuna,17.0,False,False,20220330_MEX_SLV
2022-03-30,MEX,SLV,MEX,Raúl Jiménez,43.0,False,True,20220330_MEX_SLV
2022-03-30,PAN,CAN,PAN,Gabriel Torres,49.0,False,False,20220330_PAN_CAN
2022-03-30,SOL,NZL,NZL,Bill Tuiloma,23.0,False,False,20220330_SOL_NZL
2022-03-30,SOL,NZL,NZL,Chris Wood,39.0,False,False,20220330_SOL_NZL
2022-03-30,SOL,NZL,NZL,Joe Bell,50.0,False,False,20220330_SOL_NZL
2022-03-30,SOL,NZL,NZL,Bill Tuiloma,70.0,False,False,20220330_SOL_NZL
2022-03-30,SOL,NZL,NZL,Matthew Garbett,90.0,False,False,20220330_SOL_NZL
2022-06-01,ITA,ARG,ARG,Lautaro Martínez,28.0,False,False,20220601_ITA_ARG
2022-06-01,ITA,ARG,ARG,Ángel Di María,45.0,False,False,20220601_ITA_ARG
2022-06-01,ITA,ARG,ARG,Paulo Dybala,90.0,False,False,20220601_ITA_ARG
2022-06-01,POL,WAL,WAL,Jonny Williams,52.0,False,False,20220601_POL_WAL
2022-06-01,POL,WAL,POL,Jakub Kamiński,72.0,False,False,20220601_POL_WAL
2022-06-01,POL,WAL,POL,Karol Świderski,85.0,False,False,20220601_POL_WAL
2022-06-01,SCO,UKR,UKR,Andriy Yarmolenko,33.0,False,False,20220601_SCO_UKR
2022-06-01,SCO,UKR,UKR,Roman Yaremchuk,49.0,False,False,20220601_SCO_UKR
2022-06-01,SCO,UKR,SCO,Callum McGregor,79.0,False,False,20220601_SCO_UKR
2022-06-01,SCO,UKR,UKR,Artem Dovbyk,90.0,False,False,20220601_SCO_UKR
2022-06-02,BUL,MKD,BUL,Kiril Despodov,13.0,False,False,20220602_BUL_MKD
2022-06-02,BUL,MKD,MKD,Milan Ristovski,50.0,False,False,20220602_BUL_MKD
2022-06-02,CYP,KVX,KVX,Valon Berisha,65.0,False,False,20220602_CYP_KVX
2022-06-02,CYP,KVX,KVX,Edon Zhegrova,78.0,False,False,20220602_CYP_KVX
2022-06-02,CZE,SUI,CZE,Jan Kuchta,11.0,False,False,20220602_CZE_SUI
2022-06-02,CZE,SUI,SUI,Noah Okafor,44.0,False,False,20220602_CZE_SUI
2022-06-02,CZE,SUI,CZE,Djibril Sow,58.0,True,False,20220602_CZE_SUI
2022-06-02,EST,SMR,EST,Robert Kirss,24.0,False,False,20220602_EST_SMR
2022-06-02,EST,SMR,EST,Joonas Tamm,32.0,False,False,20220602_EST_SMR
2022-06-02,GEO,GIB,GEO,Khvicha Kvaratskhelia,12.0,False,False,20220602_GEO_GIB
2022-06-02,GEO,GIB,GEO,Guram Kashia,33.0,False,False,20220602_GEO_GIB
2022-06-02,GEO,GIB,GEO,Georges Mikautadze,87.0,False,False,20220602_GEO_GIB
2022-06-02,GEO,GIB,GEO,Valeri Qazaishvili,88.0,False,False,20220602_GEO_GIB
2022-06-02,ISR,ISL,ISR,Liel Abada,25.0,False,False,20220602_ISR_ISL
2022-06-02,ISR,ISL,ISL,Þórir Jóhann Helgason,42.0,False,False,20220602_ISR_ISL
2022-06-02,ISR,ISL,ISL,Arnór Sigurðsson,53.0,False,False,20220602_ISR_ISL
2022-06-02,ISR,ISL,ISR,Shon Weissman,84.0,False,False,20220602_ISR_ISL
2022-06-02,NIR,GRE,GRE,Tasos Bakasetas,39.0,False,False,20220602_NIR_GRE
2022-06-02,SRB,NOR,NOR,Erling Haaland,26.0,False,False,20220602_SRB_NOR
2022-06-02,SVN,SWE,SWE,Emil Forsberg,39.0,False,True,20220602_SVN_SWE
2022-06-02,SVN,SWE,SWE,Dejan Kulusevski,88.0,False,False,20220602_SVN_SWE
2022-06-02,ESP,POR,ESP,Álvaro Morata,25.0,False,False,20220602_ESP_POR
2022-06-02,ESP,POR,POR,Ricardo Horta,82.0,False,False,20220602_ESP_POR
2022-06-03,BLR,SVK,SVK,Tomáš Suslov,61.0,False,False,20220603_BLR_SVK
2022-06-03,BEL,NED,NED,Steven Bergwijn,40.0,False,False,20220603_BEL_NED
2022-06-03,BEL,NED,NED,Memphis Depay,51.0,False,False,20220603_BEL_NED
2022-06-03,BEL,NED,NED,Denzel Dumfries,61.0,False,False,20220603_BEL_NED
2022-06-03,BEL,NED,NED,Memphis Depay,65.0,False,False,20220603_BEL_NED
2022-06-03,BEL,NED,BEL,Michy Batshuayi,90.0,False,False,20220603_BEL_NED
2022-06-03,CRO,AUT,AUT,Marko Arnautović,41.0,False,False,20220603_CRO_AUT
2022-06-03,CRO,AUT,AUT,Michael Gregoritsch,54.0,False,False,20220603_CRO_AUT
2022-06-03,CRO,AUT,AUT,Marcel Sabitzer,57.0,False,False,20220603_CRO_AUT
2022-06-03,FRA,DEN,FRA,Karim Benzema,51.0,False,False,20220603_FRA_DEN
2022-06-03,FRA,DEN,DEN,Andreas Cornelius,68.0,False,False,20220603_FRA_DEN
2022-06-03,FRA,DEN,DEN,Andreas Cornelius,88.0,False,False,20220603_FRA_DEN
2022-06-03,KAZ,AZE,KAZ,Abat Aymbetov,50.0,False,False,20220603_KAZ_AZE
2022-06-03,KAZ,AZE,KAZ,Abat Aymbetov,60.0,False,False,20220603_KAZ_AZE
2022-06-03,LVA,AND,LVA,Roberts Uldriķis,9.0,False,False,20220603_LVA_AND
2022-06-03,LVA,AND,LVA,Roberts Uldriķis,77.0,False,False,20220603_LVA_AND
2022-06-03,LVA,AND,LVA,Jānis Ikaunieks,85.0,False,True,20220603_LVA_AND
2022-06-03,LIE,MDA,MDA,Ion Nicolaescu,5.0,False,True,20220603_LIE_MDA
2022-06-03,LIE,MDA,MDA,Vadim Bolohan,90.0,False,False,20220603_LIE_MDA
2022-06-04,ARM,IRL,ARM,Eduard Spertsyan,74.0,False,False,20220604_ARM_IRL
2022-06-04,FIN,BIH,FIN,Teemu Pukki,45.0,False,True,20220604_FIN_BIH
2022-06-04,FIN,BIH,BIH,Smail Prevljak,90.0,False,False,20220604_FIN_BIH
2022-06-04,HUN,ENG,HUN,Dominik Szoboszlai,66.0,False,True,20220604_HUN_ENG
2022-06-04,ITA,GER,ITA,Lorenzo Pellegrini,70.0,False,False,20220604_ITA_GER
2022-06-04,ITA,GER,GER,Joshua Kimmich,73.0,False,False,20220604_ITA_GER
2022-06-04,LTU,LUX,LUX,Danel Sinani,44.0,False,False,20220604_LTU_LUX
2022-06-04,LTU,LUX,LUX,Danel Sinani,78.0,False,False,20220604_LTU_LUX
2022-06-04,MNE,ROU,MNE,Stefan Mugoša,66.0,False,False,20220604_MNE_ROU
2022-06-04,MNE,ROU,MNE,Marko Vukčević,87.0,False,False,20220604_MNE_ROU
2022-06-04,TUR,FRO,TUR,Cengiz Ünder,37.0,False,False,20220604_TUR_FRO
2022-06-04,TUR,FRO,TUR,Halil Dervişoğlu,47.0,False,False,20220604_TUR_FRO
2022-06-04,TUR,FRO,TUR,Serdar Dursun,82.0,False,False,20220604_TUR_FRO
2022-06-04,TUR,FRO,TUR,Merih Demiral,85.0,False,False,20220604_TUR_FRO
2022-06-05,BUL,GEO,GEO,Zuriko Davitashvili,4.0,False,False,20220605_BUL_GEO
2022-06-05,BUL,GEO,GEO,Andrea Hristov,31.0,True,False,20220605_BUL_GEO
2022-06-05,BUL,GEO,BUL,Atanas Iliev,50.0,False,False,20220605_BUL_GEO
2022-06-05,BUL,GEO,GEO,Budu Zivzivadze,52.0,False,False,20220605_BUL_GEO
2022-06-05,BUL,GEO,GEO,Khvicha Kvaratskhelia,58.0,False,True,20220605_BUL_GEO
2022-06-05,BUL,GEO,GEO,Valeri Qazaishvili,69.0,False,False,20220605_BUL_GEO
2022-06-05,BUL,GEO,BUL,Iliyan Stefanov,83.0,False,False,20220605_BUL_GEO
2022-06-05,CZE,ESP,CZE,Jakub Pešek,4.0,False,False,20220605_CZE_ESP
2022-06-05,CZE,ESP,ESP,Gavi,45.0,False,False,20220605_CZE_ESP
2022-06-05,CZE,ESP,CZE,Jan Kuchta,66.0,False,False,20220605_CZE_ESP
2022-06-05,CZE,ESP,ESP,Iñigo Martínez,90.0,False,False,20220605_CZE_ESP
2022-06-05,GIB,MKD,MKD,Enis Bardhi,21.0,False,False,20220605_GIB_MKD
2022-06-05,GIB,MKD,MKD,Boban Nikolov,84.0,False,False,20220605_GIB_MKD
2022-06-05,KVX,GRE,GRE,Tasos Bakasetas,36.0,False,False,20220605_KVX_GRE
2022-06-05,POR,SUI,POR,William Carvalho,15.0,False,False,20220605_POR_SUI
2022-06-05,POR,SUI,POR,Cristiano Ronaldo,35.0,False,False,20220605_POR_SUI
2022-06-05,POR,SUI,POR,Cristiano Ronaldo,39.0,False,False,20220605_POR_SUI
2022-06-05,POR,SUI,POR,João Cancelo,68.0,False,False,20220605_POR_SUI
2022-06-05,SMR,MLT,MLT,Jan Busuttil,59.0,False,False,20220605_SMR_MLT
2022-06-05,SMR,MLT,MLT,Matthew Guillaumier,75.0,False,False,20220605_SMR_MLT
2022-06-05,SRB,SVN,SRB,Aleksandar Mitrović,24.0,False,False,20220605_SRB_SVN
2022-06-05,SRB,SVN,SVN,Petar Stojanović,30.0,False,False,20220605_SRB_SVN
2022-06-05,SRB,SVN,SRB,Sergej Milinković-Savić,56.0,False,False,20220605_SRB_SVN
2022-06-05,SRB,SVN,SRB,Luka Jović,85.0,False,False,20220605_SRB_SVN
2022-06-05,SRB,SVN,SRB,Nemanja Radonjić,90.0,False,False,20220605_SRB_SVN
2022-06-05,SWE,NOR,NOR,Erling Haaland,20.0,False,True,20220605_SWE_NOR
2022-06-05,SWE,NOR,NOR,Erling Haaland,69.0,False,False,20220605_SWE_NOR
2022-06-05,SWE,NOR,SWE,Anthony Elanga,90.0,False,False,20220605_SWE_NOR
2022-06-05,WAL,UKR,WAL,Gareth Bale,34.0,False,False,20220605_WAL_UKR
2022-06-06,AUT,DEN,DEN,Pierre-Emile Højbjerg,28.0,False,False,20220606_AUT_DEN
2022-06-06,AUT,DEN,AUT,Xaver Schlager,67.0,False,False,20220606_AUT_DEN
2022-06-06,AUT,DEN,DEN,Jens Stryger Larsen,84.0,False,False,20220606_AUT_DEN
2022-06-06,CRO,FRA,FRA,Adrien Rabiot,52.0,False,False,20220606_CRO_FRA
2022-06-06,CRO,FRA,CRO,Andrej Kramarić,83.0,False,True,20220606_CRO_FRA
2022-06-06,ISL,ALB,ALB,Taulant Seferi,30.0,False,False,20220606_ISL_ALB
2022-06-06,ISL,ALB,ISL,Jón Dagur Þorsteinsson,49.0,False,False,20220606_ISL_ALB
2022-06-06,LVA,LIE,LVA,Artūrs Zjuzins,73.0,False,False,20220606_LVA_LIE
2022-06-06,SVK,KAZ,KAZ,Aslan Darabayev,26.0,False,False,20220606_SVK_KAZ
2022-06-07,BIH,ROU,BIH,Smail Prevljak,68.0,False,False,20220607_BIH_ROU
2022-06-07,FRO,LUX,LUX,Gerson Rodrigues,74.0,False,True,20220607_FRO_LUX
2022-06-07,FIN,MNE,FIN,Joel Pohjanpalo,31.0,False,False,20220607_FIN_MNE
2022-06-07,FIN,MNE,FIN,Joel Pohjanpalo,38.0,False,False,20220607_FIN_MNE
2022-06-07,GER,ENG,GER,Jonas Hofmann,50.0,False,False,20220607_GER_ENG
2022-06-07,GER,ENG,ENG,Harry Kane,88.0,False,True,20220607_GER_ENG
2022-06-07,ITA,HUN,ITA,Nicolò Barella,30.0,False,False,20220607_ITA_HUN
2022-06-07,ITA,HUN,ITA,Lorenzo Pellegrini,45.0,False,False,20220607_ITA_HUN
2022-06-07,ITA,HUN,HUN,Gianluca Mancini,61.0,True,False,20220607_ITA_HUN
2022-06-07,LTU,TUR,TUR,Doğukan Sinik,2.0,False,False,20220607_LTU_TUR
2022-06-07,LTU,TUR,TUR,Doğukan Sinik,14.0,False,False,20220607_LTU_TUR
2022-06-07,LTU,TUR,TUR,Serdar Dursun,56.0,False,True,20220607_LTU_TUR
2022-06-07,LTU,TUR,TUR,Serdar Dursun,81.0,False,False,20220607_LTU_TUR
2022-06-07,LTU,TUR,TUR,Yunus Akgün,89.0,False,False,20220607_LTU_TUR
2022-06-07,LTU,TUR,TUR,Halil Dervişoğlu,90.0,False,False,20220607_LTU_TUR
2022-06-07,UAE,AUS,AUS,Jackson Irvine,53.0,False,False,20220607_UAE_AUS
2022-06-07,UAE,AUS,UAE,Caio Canedo,57.0,False,False,20220607_UAE_AUS
2022-06-07,UAE,AUS,AUS,Ajdin Hrustic,84.0,False,False,20220607_UAE_AUS
2022-06-08,BEL,POL,POL,Robert Lewandowski,28.0,False,False,20220608_BEL_POL
2022-06-08,BEL,POL,BEL,Axel Witsel,42.0,False,False,20220608_BEL_POL
2022-06-08,BEL,POL,BEL,Kevin De Bruyne,59.0,False,False,20220608_BEL_POL
2022-06-08,BEL,POL,BEL,Leandro Trossard,73.0,False,False,20220608_BEL_POL
2022-06-08,BEL,POL,BEL,Leandro Trossard,80.0,False,False,20220608_BEL_POL
2022-06-08,BEL,POL,BEL,Leander Dendoncker,83.0,False,False,20220608_BEL_POL
2022-06-08,BEL,POL,BEL,Loïs Openda,90.0,False,False,20220608_BEL_POL
2022-06-08,IRL,UKR,UKR,Viktor Tsyhankov,49.0,False,False,20220608_IRL_UKR
2022-06-08,SCO,ARM,SCO,Anthony Ralston,28.0,False,False,20220608_SCO_ARM
2022-06-08,SCO,ARM,SCO,Scott McKenna,40.0,False,False,20220608_SCO_ARM
2022-06-08,WAL,NED,NED,Teun Koopmeiners,50.0,False,False,20220608_WAL_NED
2022-06-08,WAL,NED,WAL,Rhys Norrington-Davies,90.0,False,False,20220608_WAL_NED
2022-06-08,WAL,NED,NED,Wout Weghorst,90.0,False,False,20220608_WAL_NED
2022-06-09,GIB,BUL,BUL,Georgi Minchev,45.0,False,False,20220609_GIB_BUL
2022-06-09,GIB,BUL,GIB,Liam Walker,61.0,False,True,20220609_GIB_BUL
2022-06-09,GRE,CYP,GRE,Tasos Bakasetas,8.0,False,False,20220609_GRE_CYP
2022-06-09,GRE,CYP,GRE,Vangelis Pavlidis,20.0,False,False,20220609_GRE_CYP
2022-06-09,GRE,CYP,GRE,Dimitrios Limnios,48.0,False,False,20220609_GRE_CYP
2022-06-09,KVX,NIR,KVX,Vedat Muriqi,9.0,False,True,20220609_KVX_NIR
2022-06-09,KVX,NIR,KVX,Zymer Bytyqi,19.0,False,False,20220609_KVX_NIR
2022-06-09,KVX,NIR,NIR,Shayne Lavery,44.0,False,False,20220609_KVX_NIR
2022-06-09,KVX,NIR,KVX,Vedat Muriqi,52.0,False,False,20220609_KVX_NIR
2022-06-09,KVX,NIR,NIR,Daniel Ballard,83.0,False,False,20220609_KVX_NIR
2022-06-09,MLT,EST,EST,Konstantin Vassiljev,21.0,False,False,20220609_MLT_EST
2022-06-09,MLT,EST,MLT,Karl Hein,56.0,True,False,20220609_MLT_EST
2022-06-09,MLT,EST,EST,Henri Anier,90.0,False,False,20220609_MLT_EST
2022-06-09,MKD,GEO,GEO,Budu Zivzivadze,52.0,False,False,20220609_MKD_GEO
2022-06-09,MKD,GEO,GEO,Khvicha Kvaratskhelia,62.0,False,False,20220609_MKD_GEO
2022-06-09,MKD,GEO,GEO,Otar Kiteishvili,84.0,False,False,20220609_MKD_GEO
2022-06-09,POR,CZE,POR,João Cancelo,33.0,False,False,20220609_POR_CZE
2022-06-09,POR,CZE,POR,Gonçalo Guedes,38.0,False,False,20220609_POR_CZE
2022-06-09,SWE,SRB,SRB,Luka Jović,45.0,False,False,20220609_SWE_SRB
2022-06-09,SUI,ESP,ESP,Pablo Sarabia,13.0,False,False,20220609_SUI_ESP
2022-06-10,ALB,ISR,ALB,Armando Broja,45.0,False,True,20220610_ALB_ISR
2022-06-10,ALB,ISR,ISR,Manor Solomon,57.0,False,False,20220610_ALB_ISR
2022-06-10,ALB,ISR,ISR,Manor Solomon,73.0,False,False,20220610_ALB_ISR
2022-06-10,AND,LIE,AND,Jordi Aláez,78.0,False,True,20220610_AND_LIE
2022-06-10,AND,LIE,AND,Jesús Rubio,82.0,False,False,20220610_AND_LIE
2022-06-10,AND,LIE,LIE,Livio Meier,90.0,False,False,20220610_AND_LIE
2022-06-10,AUT,FRA,AUT,Andreas Weimann,37.0,False,False,20220610_AUT_FRA
2022-06-10,AUT,FRA,FRA,Kylian Mbappé,83.0,False,False,20220610_AUT_FRA
2022-06-10,AZE,SVK,SVK,Vladimír Weiss,81.0,False,False,20220610_AZE_SVK
2022-06-10,BLR,KAZ,KAZ,Abat Aymbetov,13.0,False,False,20220610_BLR_KAZ
2022-06-10,BLR,KAZ,BLR,Vladislav Malkevich,84.0,False,False,20220610_BLR_KAZ
2022-06-10,DEN,CRO,CRO,Mario Pašalić,69.0,False,False,20220610_DEN_CRO
2022-06-10,MDA,LVA,MDA,Ion Nicolaescu,5.0,False,True,20220610_MDA_LVA
2022-06-10,MDA,LVA,LVA,Vladislavs Gutkovskis,19.0,False,False,20220610_MDA_LVA
2022-06-10,MDA,LVA,LVA,Jānis Ikaunieks,26.0,False,False,20220610_MDA_LVA
2022-06-10,MDA,LVA,LVA,Vladislavs Gutkovskis,60.0,False,False,20220610_MDA_LVA
2022-06-10,MDA,LVA,MDA,Nichita Moțpan,64.0,False,False,20220610_MDA_LVA
2022-06-10,MDA,LVA,LVA,Jānis Ikaunieks,75.0,False,False,20220610_MDA_LVA
2022-06-11,FRO,LTU,LTU,Fedor Černych,6.0,False,False,20220611_FRO_LTU
2022-06-11,FRO,LTU,FRO,Viljormur Davidsen,20.0,False,True,20220611_FRO_LTU
2022-06-11,FRO,LTU,FRO,Jákup Andreasen,45.0,False,False,20220611_FRO_LTU
2022-06-11,HUN,GER,HUN,Zsolt Nagy,6.0,False,False,20220611_HUN_GER
2022-06-11,HUN,GER,GER,Jonas Hofmann,9.0,False,False,20220611_HUN_GER
2022-06-11,LUX,TUR,TUR,Hakan Çalhanoğlu,37.0,False,True,20220611_LUX_TUR
2022-06-11,LUX,TUR,TUR,Serdar Dursun,76.0,False,False,20220611_LUX_TUR
2022-06-11,MNE,BIH,BIH,Luka Menalo,62.0,False,False,20220611_MNE_BIH
2022-06-11,MNE,BIH,MNE,Adam Marušić,77.0,False,False,20220611_MNE_BIH
2022-06-11,NED,POL,POL,Matty Cash,18.0,False,False,20220611_NED_POL
2022-06-11,NED,POL,POL,Piotr Zieliński,49.0,False,False,20220611_NED_POL
2022-06-11,NED,POL,NED,Davy Klaassen,51.0,False,False,20220611_NED_POL
2022-06-11,NED,POL,NED,Denzel Dumfries,54.0,False,False,20220611_NED_POL
2022-06-11,IRL,SCO,IRL,Alan Browne,20.0,False,False,20220611_IRL_SCO
2022-06-11,IRL,SCO,IRL,Troy Parrott,28.0,False,False,20220611_IRL_SCO
2022-06-11,IRL,SCO,IRL,Michael Obafemi,51.0,False,False,20220611_IRL_SCO
2022-06-11,ROU,FIN,ROU,Nicușor Bancu,30.0,False,False,20220611_ROU_FIN
2022-06-11,UKR,ARM,UKR,Ruslan Malinovskyi,61.0,False,False,20220611_UKR_ARM
2022-06-11,UKR,ARM,UKR,Oleksandr Karavayev,77.0,False,False,20220611_UKR_ARM
2022-06-11,UKR,ARM,UKR,Vitaliy Mykolenko,84.0,False,False,20220611_UKR_ARM
2022-06-11,WAL,BEL,BEL,Youri Tielemans,51.0,False,False,20220611_WAL_BEL
2022-06-11,WAL,BEL,WAL,Brennan Johnson,86.0,False,False,20220611_WAL_BEL
2022-06-12,GRE,KVX,GRE,Giorgos Giakoumakis,71.0,False,False,20220612_GRE_KVX
2022-06-12,GRE,KVX,GRE,Petros Mantalos,90.0,False,False,20220612_GRE_KVX
2022-06-12,MLT,SMR,MLT,Zach Muscat,50.0,False,False,20220612_MLT_SMR
2022-06-12,MKD,GIB,MKD,Enis Bardhi,4.0,False,False,20220612_MKD_GIB
2022-06-12,MKD,GIB,MKD,Graeme Torrilla,14.0,True,False,20220612_MKD_GIB
2022-06-12,MKD,GIB,MKD,Bojan Miovski,16.0,False,False,20220612_MKD_GIB
2022-06-12,MKD,GIB,MKD,Darko Churlinov,31.0,False,False,20220612_MKD_GIB
2022-06-12,NIR,CYP,CYP,Andronikos Kakoullis,32.0,False,False,20220612_NIR_CYP
2022-06-12,NIR,CYP,CYP,Andronikos Kakoullis,51.0,False,False,20220612_NIR_CYP
2022-06-12,NIR,CYP,NIR,Paddy McNair,71.0,False,False,20220612_NIR_CYP
2022-06-12,NIR,CYP,NIR,Jonny Evans,90.0,False,False,20220612_NIR_CYP
2022-06-12,NOR,SWE,NOR,Erling Haaland,10.0,False,False,20220612_NOR_SWE
2022-06-12,NOR,SWE,NOR,Erling Haaland,54.0,False,True,20220612_NOR_SWE
2022-06-12,NOR,SWE,SWE,Emil Forsberg,62.0,False,False,20220612_NOR_SWE
2022-06-12,NOR,SWE,NOR,Alexander Sørloth,77.0,False,False,20220612_NOR_SWE
2022-06-12,NOR,SWE,SWE,Viktor Gyökeres,90.0,False,False,20220612_NOR_SWE
2022-06-12,SVN,SRB,SRB,Andrija Živković,8.0,False,False,20220612_SVN_SRB
2022-06-12,SVN,SRB,SRB,Aleksandar Mitrović,35.0,False,False,20220612_SVN_SRB
2022-06-12,SVN,SRB,SVN,Adam Gnezda Čerin,48.0,False,False,20220612_SVN_SRB
2022-06-12,SVN,SRB,SVN,Benjamin Šeško,53.0,False,False,20220612_SVN_SRB
2022-06-12,ESP,CZE,ESP,Carlos Soler,24.0,False,False,20220612_ESP_CZE
2022-06-12,ESP,CZE,ESP,Pablo Sarabia,75.0,False,False,20220612_ESP_CZE
2022-06-12,SUI,POR,SUI,Haris Seferovic,1.0,False,False,20220612_SUI_POR
2022-06-13,AZE,BLR,AZE,Mahir Emreli,76.0,False,False,20220613_AZE_BLR
2022-06-13,AZE,BLR,AZE,Ramil Sheydayev,90.0,False,False,20220613_AZE_BLR
2022-06-13,DEN,AUT,DEN,Jonas Wind,21.0,False,False,20220613_DEN_AUT
2022-06-13,DEN,AUT,DEN,Andreas Skov Olsen,37.0,False,False,20220613_DEN_AUT
2022-06-13,FRA,CRO,CRO,Luka Modrić,5.0,False,True,20220613_FRA_CRO
2022-06-13,ISL,ISR,ISL,Jón Dagur Þorsteinsson,9.0,False,False,20220613_ISL_ISR
2022-06-13,ISL,ISR,ISR,Daníel Leó Grétarsson,35.0,True,False,20220613_ISL_ISR
2022-06-13,ISL,ISR,ISL,Þórir Jóhann Helgason,60.0,False,False,20220613_ISL_ISR
2022-06-13,ISL,ISR,ISR,Dor Peretz,65.0,False,False,20220613_ISL_ISR
2022-06-13,KAZ,SVK,KAZ,Yan Vorogovsky,18.0,False,False,20220613_KAZ_SVK
2022-06-13,KAZ,SVK,KAZ,Elkhan Astanov,39.0,False,False,20220613_KAZ_SVK
2022-06-13,KAZ,SVK,SVK,Matúš Bero,51.0,False,False,20220613_KAZ_SVK
2022-06-14,ARM,SCO,ARM,Vahan Bichakhchyan,6.0,False,False,20220614_ARM_SCO
2022-06-14,ARM,SCO,SCO,Stuart Armstrong,14.0,False,False,20220614_ARM_SCO
2022-06-14,ARM,SCO,SCO,Stuart Armstrong,45.0,False,False,20220614_ARM_SCO
2022-06-14,ARM,SCO,SCO,John McGinn,50.0,False,False,20220614_ARM_SCO
2022-06-14,ARM,SCO,SCO,Ché Adams,54.0,False,False,20220614_ARM_SCO
2022-06-14,BIH,FIN,BIH,Miralem Pjanić,5.0,False,True,20220614_BIH_FIN
2022-06-14,BIH,FIN,FIN,Teemu Pukki,10.0,False,False,20220614_BIH_FIN
2022-06-14,BIH,FIN,FIN,Benjamin Källman,18.0,False,False,20220614_BIH_FIN
2022-06-14,BIH,FIN,BIH,Edin Džeko,29.0,False,False,20220614_BIH_FIN
2022-06-14,BIH,FIN,BIH,Edin Džeko,58.0,False,False,20220614_BIH_FIN
2022-06-14,CRC,NZL,CRC,Joel Campbell,3.0,False,False,20220614_CRC_NZL
2022-06-14,ENG,HUN,HUN,Roland Sallai,16.0,False,False,20220614_ENG_HUN
2022-06-14,ENG,HUN,HUN,Roland Sallai,70.0,False,False,20220614_ENG_HUN
2022-06-14,ENG,HUN,HUN,Zsolt Nagy,80.0,False,False,20220614_ENG_HUN
2022-06-14,ENG,HUN,HUN,Dániel Gazdag,89.0,False,False,20220614_ENG_HUN
2022-06-14,GER,ITA,GER,Joshua Kimmich,10.0,False,False,20220614_GER_ITA
2022-06-14,GER,ITA,GER,İlkay Gündoğan,45.0,False,True,20220614_GER_ITA
2022-06-14,GER,ITA,GER,Thomas Müller,51.0,False,False,20220614_GER_ITA
2022-06-14,GER,ITA,GER,Timo Werner,68.0,False,False,20220614_GER_ITA
2022-06-14,GER,ITA,GER,Timo Werner,69.0,False,False,20220614_GER_ITA
2022-06-14,GER,ITA,ITA,Wilfried Gnonto,78.0,False,False,20220614_GER_ITA
2022-06-14,GER,ITA,ITA,Alessandro Bastoni,90.0,False,False,20220614_GER_ITA
2022-06-14,LIE,LVA,LVA,Vladislavs Gutkovskis,20.0,False,False,20220614_LIE_LVA
2022-06-14,LIE,LVA,LVA,Vladislavs Gutkovskis,28.0,False,False,20220614_LIE_LVA
2022-06-14,LUX,FRO,LUX,Gerson Rodrigues,12.0,False,True,20220614_LUX_FRO
2022-06-14,LUX,FRO,LUX,Leandro Barreiro,49.0,False,False,20220614_LUX_FRO
2022-06-14,LUX,FRO,FRO,Jóannes Bjartalíð,57.0,False,False,20220614_LUX_FRO
2022-06-14,LUX,FRO,FRO,Jóannes Bjartalíð,59.0,False,False,20220614_LUX_FRO
2022-06-14,MDA,AND,MDA,Mihail Caimacov,26.0,False,True,20220614_MDA_AND
2022-06-14,MDA,AND,AND,Márcio Vieira,45.0,False,False,20220614_MDA_AND
2022-06-14,MDA,AND,MDA,Ion Nicolaescu,50.0,False,True,20220614_MDA_AND
2022-06-14,NED,WAL,NED,Noa Lang,17.0,False,False,20220614_NED_WAL
2022-06-14,NED,WAL,NED,Cody Gakpo,23.0,False,False,20220614_NED_WAL
2022-06-14,NED,WAL,WAL,Brennan Johnson,26.0,False,False,20220614_NED_WAL
2022-06-14,NED,WAL,NED,Memphis Depay,90.0,False,False,20220614_NED_WAL
2022-06-14,NED,WAL,WAL,Gareth Bale,90.0,False,True,20220614_NED_WAL
2022-06-14,POL,BEL,BEL,Michy Batshuayi,16.0,False,False,20220614_POL_BEL
2022-06-14,ROU,MNE,MNE,Stefan Mugoša,42.0,False,False,20220614_ROU_MNE
2022-06-14,ROU,MNE,MNE,Stefan Mugoša,56.0,False,False,20220614_ROU_MNE
2022-06-14,ROU,MNE,MNE,Stefan Mugoša,63.0,False,False,20220614_ROU_MNE
2022-06-14,TUR,LTU,TUR,Kaan Ayhan,37.0,False,False,20220614_TUR_LTU
2022-06-14,TUR,LTU,TUR,Hakan Çalhanoğlu,54.0,False,True,20220614_TUR_LTU
2022-06-14,UKR,IRL,IRL,Nathan Collins,31.0,False,False,20220614_UKR_IRL
2022-06-14,UKR,IRL,UKR,Artem Dovbyk,47.0,False,False,20220614_UKR_IRL
2022-09-21,SCO,UKR,SCO,John McGinn,70.0,False,False,20220921_SCO_UKR
2022-09-21,SCO,UKR,SCO,Lyndon Dykes,80.0,False,False,20220921_SCO_UKR
2022-09-21,SCO,UKR,SCO,Lyndon Dykes,87.0,False,False,20220921_SCO_UKR
2022-09-22,BEL,WAL,BEL,Kevin De Bruyne,10.0,False,False,20220922_BEL_WAL
2022-09-22,BEL,WAL,BEL,Michy Batshuayi,37.0,False,False,20220922_BEL_WAL
2022-09-22,BEL,WAL,WAL,Kieffer Moore,50.0,False,False,20220922_BEL_WAL
2022-09-22,CRO,DEN,CRO,Borna Sosa,49.0,False,False,20220922_CRO_DEN
2022-09-22,CRO,DEN,DEN,Christian Eriksen,77.0,False,False,20220922_CRO_DEN
2022-09-22,CRO,DEN,CRO,Lovro Majer,79.0,False,False,20220922_CRO_DEN
2022-09-22,FRA,AUT,FRA,Kylian Mbappé,56.0,False,False,20220922_FRA_AUT
2022-09-22,FRA,AUT,FRA,Olivier Giroud,65.0,False,False,20220922_FRA_AUT
2022-09-22,KAZ,BLR,KAZ,Mikhail Gabyshev,29.0,False,False,20220922_KAZ_BLR
2022-09-22,KAZ,BLR,BLR,Pavel Savitsky,45.0,False,False,20220922_KAZ_BLR
2022-09-22,KAZ,BLR,KAZ,Bakhtiyar Zaynutdinov,79.0,False,False,20220922_KAZ_BLR
2022-09-22,LVA,MDA,MDA,Ioan-Călin Revenco,26.0,False,False,20220922_LVA_MDA
2022-09-22,LVA,MDA,MDA,Ion Nicolaescu,45.0,False,False,20220922_LVA_MDA
2022-09-22,LVA,MDA,LVA,Jānis Ikaunieks,55.0,False,False,20220922_LVA_MDA
2022-09-22,LIE,AND,AND,Albert Rosas,4.0,False,False,20220922_LIE_AND
2022-09-22,LIE,AND,AND,Joan Cervós,80.0,False,False,20220922_LIE_AND
2022-09-22,LTU,FRO,FRO,Jákup Andreasen,22.0,False,False,20220922_LTU_FRO
2022-09-22,LTU,FRO,LTU,Vykintas Slivka,41.0,False,False,20220922_LTU_FRO
2022-09-22,POL,NED,NED,Cody Gakpo,13.0,False,False,20220922_POL_NED
2022-09-22,POL,NED,NED,Steven Bergwijn,60.0,False,False,20220922_POL_NED
2022-09-22,SVK,AZE,AZE,Renat Dadashov,44.0,False,False,20220922_SVK_AZE
2022-09-22,SVK,AZE,SVK,Erik Jirka,90.0,False,True,20220922_SVK_AZE
2022-09-22,SVK,AZE,AZE,Hojjat Haghverdi,90.0,False,False,20220922_SVK_AZE
2022-09-22,TUR,LUX,LUX,Marvin da Graça,8.0,False,False,20220922_TUR_LUX
2022-09-22,TUR,LUX,TUR,Cengiz Ünder,16.0,False,True,20220922_TUR_LUX
2022-09-22,TUR,LUX,LUX,Danel Sinani,37.0,False,False,20220922_TUR_LUX
2022-09-22,TUR,LUX,TUR,Maxime Chanot,39.0,True,False,20220922_TUR_LUX
2022-09-22,TUR,LUX,LUX,Gerson Rodrigues,69.0,False,False,20220922_TUR_LUX
2022-09-22,TUR,LUX,TUR,İsmail Yüksek,87.0,False,False,20220922_TUR_LUX
2022-09-23,BIH,MNE,BIH,Ermedin Demirović,45.0,False,False,20220923_BIH_MNE
2022-09-23,BUL,GIB,BUL,Valentin Antov,23.0,False,False,20220923_BUL_GIB
2022-09-23,BUL,GIB,GIB,Roy Chipolina,26.0,False,False,20220923_BUL_GIB
2022-09-23,BUL,GIB,BUL,Kiril Despodov,36.0,False,False,20220923_BUL_GIB
2022-09-23,BUL,GIB,BUL,Radoslav Kirilov,52.0,False,False,20220923_BUL_GIB
2022-09-23,BUL,GIB,BUL,Iliyan Stefanov,55.0,False,False,20220923_BUL_GIB
2022-09-23,BUL,GIB,BUL,Marin Petkov,81.0,False,False,20220923_BUL_GIB
2022-09-23,EST,MLT,EST,Rauno Sappinen,45.0,False,True,20220923_EST_MLT
2022-09-23,EST,MLT,MLT,Teddy Teuma,51.0,False,True,20220923_EST_MLT
2022-09-23,EST,MLT,EST,Henri Anier,86.0,False,False,20220923_EST_MLT
2022-09-23,FIN,ROU,FIN,Teemu Pukki,12.0,False,False,20220923_FIN_ROU
2022-09-23,FIN,ROU,ROU,Florin Tănase,52.0,False,False,20220923_FIN_ROU
2022-09-23,GEO,MKD,GEO,Bojan Miovski,35.0,True,False,20220923_GEO_MKD
2022-09-23,GEO,MKD,GEO,Khvicha Kvaratskhelia,64.0,False,False,20220923_GEO_MKD
2022-09-23,GER,HUN,HUN,Ádám Szalai,17.0,False,False,20220923_GER_HUN
2022-09-23,ITA,ENG,ITA,Giacomo Raspadori,68.0,False,False,20220923_ITA_ENG
2022-09-24,ARM,UKR,UKR,Oleksandr Tymchyk,22.0,False,False,20220924_ARM_UKR
2022-09-24,ARM,UKR,UKR,Oleksandr Zubkov,57.0,False,False,20220924_ARM_UKR
2022-09-24,ARM,UKR,UKR,Artem Dovbyk,69.0,False,False,20220924_ARM_UKR
2022-09-24,ARM,UKR,UKR,Danylo Ihnatenko,81.0,False,False,20220924_ARM_UKR
2022-09-24,ARM,UKR,UKR,Artem Dovbyk,84.0,False,False,20220924_ARM_UKR
2022-09-24,CYP,GRE,CYP,Marinos Tzionis,18.0,False,False,20220924_CYP_GRE
2022-09-24,CZE,POR,POR,Diogo Dalot,33.0,False,False,20220924_CZE_POR
2022-09-24,CZE,POR,POR,Bruno Fernandes,45.0,False,False,20220924_CZE_POR
2022-09-24,CZE,POR,POR,Diogo Dalot,52.0,False,False,20220924_CZE_POR
2022-09-24,CZE,POR,POR,Diogo Jota,82.0,False,False,20220924_CZE_POR
2022-09-24,ISR,ALB,ISR,Shon Weissman,46.0,False,False,20220924_ISR_ALB
2022-09-24,ISR,ALB,ALB,Myrto Uzuni,88.0,False,False,20220924_ISR_ALB
2022-09-24,ISR,ALB,ISR,Tai Baribo,90.0,False,False,20220924_ISR_ALB
2022-09-24,NIR,KVX,KVX,Vedat Muriqi,58.0,False,False,20220924_NIR_KVX
2022-09-24,NIR,KVX,NIR,Gavin Whyte,82.0,False,False,20220924_NIR_KVX
2022-09-24,NIR,KVX,NIR,Josh Magennis,90.0,False,False,20220924_NIR_KVX
2022-09-24,SCO,IRL,IRL,John Egan,18.0,False,False,20220924_SCO_IRL
2022-09-24,SCO,IRL,SCO,Jack Hendry,50.0,False,False,20220924_SCO_IRL
2022-09-24,SCO,IRL,SCO,Ryan Christie,82.0,False,True,20220924_SCO_IRL
2022-09-24,SRB,SWE,SWE,Viktor Claesson,15.0,False,False,20220924_SRB_SWE
2022-09-24,SRB,SWE,SRB,Aleksandar Mitrović,18.0,False,False,20220924_SRB_SWE
2022-09-24,SRB,SWE,SRB,Aleksandar Mitrović,45.0,False,False,20220924_SRB_SWE
2022-09-24,SRB,SWE,SRB,Aleksandar Mitrović,48.0,False,False,20220924_SRB_SWE
2022-09-24,SRB,SWE,SRB,Saša Lukić,70.0,False,False,20220924_SRB_SWE
2022-09-24,SVN,NOR,NOR,Erling Haaland,47.0,False,False,20220924_SVN_NOR
2022-09-24,SVN,NOR,SVN,Andraž Šporar,69.0,False,False,20220924_SVN_NOR
2022-09-24,SVN,NOR,SVN,Benjamin Šeško,81.0,False,False,20220924_SVN_NOR
2022-09-24,ESP,SUI,SUI,Manuel Akanji,21.0,False,False,20220924_ESP_SUI
2022-09-24,ESP,SUI,ESP,Jordi Alba,55.0,False,False,20220924_ESP_SUI
2022-09-24,ESP,SUI,SUI,Breel Embolo,59.0,False,False,20220924_ESP_SUI
2022-09-25,AND,LVA,LVA,Vladislavs Gutkovskis,50.0,False,False,20220925_AND_LVA
2022-09-25,AND,LVA,AND,Albert Rosas,88.0,False,False,20220925_AND_LVA
2022-09-25,AUT,CRO,CRO,Luka Modrić,6.0,False,False,20220925_AUT_CRO
2022-09-25,AUT,CRO,AUT,Christoph Baumgartner,9.0,False,False,20220925_AUT_CRO
2022-09-25,AUT,CRO,CRO,Marko Livaja,69.0,False,False,20220925_AUT_CRO
2022-09-25,AUT,CRO,CRO,Dejan Lovren,72.0,False,False,20220925_AUT_CRO
2022-09-25,AZE,KAZ,AZE,Aleksandr Marochkin,66.0,True,False,20220925_AZE_KAZ
2022-09-25,AZE,KAZ,AZE,Filip Ozobić,74.0,False,False,20220925_AZE_KAZ
2022-09-25,AZE,KAZ,AZE,Anatoliy Nuriyev,90.0,False,False,20220925_AZE_KAZ
2022-09-25,DEN,FRA,DEN,Kasper Dolberg,34.0,False,False,20220925_DEN_FRA
2022-09-25,DEN,FRA,DEN,Andreas Skov Olsen,39.0,False,False,20220925_DEN_FRA
2022-09-25,FRO,TUR,FRO,Viljormur Davidsen,51.0,False,False,20220925_FRO_TUR
2022-09-25,FRO,TUR,FRO,Jóan Símun Edmundsson,59.0,False,False,20220925_FRO_TUR
2022-09-25,FRO,TUR,TUR,Serdar Gürler,89.0,False,False,20220925_FRO_TUR
2022-09-25,LUX,LTU,LUX,Gerson Rodrigues,89.0,False,False,20220925_LUX_LTU
2022-09-25,MDA,LIE,MDA,Victor Stînă,90.0,False,False,20220925_MDA_LIE
2022-09-25,MDA,LIE,MDA,Victor Stînă,90.0,False,False,20220925_MDA_LIE
2022-09-25,NED,BEL,NED,Virgil van Dijk,73.0,False,False,20220925_NED_BEL
2022-09-25,SVK,BLR,BLR,Ivan Bakhar,45.0,False,False,20220925_SVK_BLR
2022-09-25,SVK,BLR,SVK,Adam Zreľák,65.0,False,False,20220925_SVK_BLR
2022-09-25,WAL,POL,POL,Karol Świderski,58.0,False,False,20220925_WAL_POL
2022-09-26,ENG,GER,GER,İlkay Gündoğan,52.0,False,True,20220926_ENG_GER
2022-09-26,ENG,GER,GER,Kai Havertz,67.0,False,False,20220926_ENG_GER
2022-09-26,ENG,GER,ENG,Luke Shaw,72.0,False,False,20220926_ENG_GER
2022-09-26,ENG,GER,ENG,Mason Mount,75.0,False,False,20220926_ENG_GER
2022-09-26,ENG,GER,ENG,Harry Kane,83.0,False,True,20220926_ENG_GER
2022-09-26,ENG,GER,GER,Kai Havertz,87.0,False,False,20220926_ENG_GER
2022-09-26,GIB,GEO,GEO,Khvicha Kvaratskhelia,19.0,False,True,20220926_GIB_GEO
2022-09-26,GIB,GEO,GEO,Giorgi Tsitaishvili,48.0,False,False,20220926_GIB_GEO
2022-09-26,GIB,GEO,GIB,Louie Annesley,75.0,False,False,20220926_GIB_GEO
2022-09-26,HUN,ITA,ITA,Giacomo Raspadori,27.0,False,False,20220926_HUN_ITA
2022-09-26,HUN,ITA,ITA,Federico Dimarco,52.0,False,False,20220926_HUN_ITA
2022-09-26,MNE,FIN,FIN,Oliver Antman,47.0,False,False,20220926_MNE_FIN
2022-09-26,MNE,FIN,FIN,Benjamin Källman,53.0,False,False,20220926_MNE_FIN
2022-09-26,MKD,BUL,BUL,Kiril Despodov,50.0,False,False,20220926_MKD_BUL
2022-09-26,ROU,BIH,ROU,Dennis Man,38.0,False,False,20220926_ROU_BIH
2022-09-26,ROU,BIH,ROU,George Pușcaș,73.0,False,False,20220926_ROU_BIH
2022-09-26,ROU,BIH,BIH,Edin Džeko,77.0,False,False,20220926_ROU_BIH
2022-09-26,ROU,BIH,ROU,Andrei Rațiu,79.0,False,False,20220926_ROU_BIH
2022-09-26,ROU,BIH,ROU,George Pușcaș,86.0,False,False,20220926_ROU_BIH
2022-09-26,SMR,EST,EST,Henri Anier,38.0,False,False,20220926_SMR_EST
2022-09-26,SMR,EST,EST,Taijo Teniste,56.0,False,False,20220926_SMR_EST
2022-09-26,SMR,EST,EST,Rauno Sappinen,66.0,False,False,20220926_SMR_EST
2022-09-26,SMR,EST,EST,Henri Anier,77.0,False,False,20220926_SMR_EST
2022-09-27,ALB,ISL,ALB,Ermir Lenjani,35.0,False,False,20220927_ALB_ISL
2022-09-27,ALB,ISL,ISL,Mikael Anderson,90.0,False,False,20220927_ALB_ISL
2022-09-27,GRE,NIR,GRE,Dimitrios Pelkas,14.0,False,False,20220927_GRE_NIR
2022-09-27,GRE,NIR,NIR,Shayne Lavery,18.0,False,False,20220927_GRE_NIR
2022-09-27,GRE,NIR,GRE,Giorgos Masouras,55.0,False,False,20220927_GRE_NIR
2022-09-27,GRE,NIR,GRE,Petros Mantalos,80.0,False,False,20220927_GRE_NIR
2022-09-27,KVX,CYP,KVX,Florent Muslija,22.0,False,False,20220927_KVX_CYP
2022-09-27,KVX,CYP,KVX,Donat Rrudhani,45.0,False,False,20220927_KVX_CYP
2022-09-27,KVX,CYP,KVX,Elbasan Rashani,47.0,False,False,20220927_KVX_CYP
2022-09-27,KVX,CYP,KVX,Vedat Muriqi,52.0,False,False,20220927_KVX_CYP
2022-09-27,KVX,CYP,CYP,Valentin Roberge,81.0,False,False,20220927_KVX_CYP
2022-09-27,KVX,CYP,KVX,Vedat Muriqi,84.0,False,False,20220927_KVX_CYP
2022-09-27,NOR,SRB,SRB,Dušan Vlahović,42.0,False,False,20220927_NOR_SRB
2022-09-27,NOR,SRB,SRB,Aleksandar Mitrović,54.0,False,False,20220927_NOR_SRB
2022-09-27,POR,ESP,ESP,Álvaro Morata,88.0,False,False,20220927_POR_ESP
2022-09-27,IRL,ARM,IRL,John Egan,18.0,False,False,20220927_IRL_ARM
2022-09-27,IRL,ARM,IRL,Michael Obafemi,52.0,False,False,20220927_IRL_ARM
2022-09-27,IRL,ARM,ARM,Artak Dashyan,71.0,False,False,20220927_IRL_ARM
2022-09-27,IRL,ARM,ARM,Eduard Spertsyan,73.0,False,False,20220927_IRL_ARM
2022-09-27,IRL,ARM,IRL,Robbie Brady,90.0,False,True,20220927_IRL_ARM
2022-09-27,SWE,SVN,SVN,Benjamin Šeško,28.0,False,False,20220927_SWE_SVN
2022-09-27,SWE,SVN,SWE,Emil Forsberg,42.0,False,False,20220927_SWE_SVN
2022-09-27,SUI,CZE,SUI,Remo Freuler,29.0,False,False,20220927_SUI_CZE
2022-09-27,SUI,CZE,SUI,Breel Embolo,30.0,False,False,20220927_SUI_CZE
2022-09-27,SUI,CZE,CZE,Patrik Schick,45.0,False,False,20220927_SUI_CZE
2022-11-16,LVA,EST,EST,Sergei Zenjov,2.0,False,False,20221116_LVA_EST
2022-11-16,LVA,EST,LVA,Raimonds Krollis,45.0,False,False,20221116_LVA_EST
2022-11-19,EST,LTU,EST,Sergei Zenjov,65.0,False,False,20221119_EST_LTU
2022-11-19,EST,LTU,EST,Rasmus Peetson,89.0,False,False,20221119_EST_LTU
2022-11-19,LVA,ISL,ISL,Ísak Bergmann Jóhannesson,62.0,False,True,20221119_LVA_ISL
2022-11-19,LVA,ISL,LVA,Andrejs Cigaņiks,67.0,False,False,20221119_LVA_ISL
2022-11-20,QAT,ECU,ECU,Enner Valencia,16.0,False,True,20221120_QAT_ECU
2022-11-20,QAT,ECU,ECU,Enner Valencia,31.0,False,False,20221120_QAT_ECU
2022-11-21,ENG,IRN,ENG,Jude Bellingham,35.0,False,False,20221121_ENG_IRN
2022-11-21,ENG,IRN,ENG,Bukayo Saka,43.0,False,False,20221121_ENG_IRN
2022-11-21,ENG,IRN,ENG,Raheem Sterling,45.0,False,False,20221121_ENG_IRN
2022-11-21,ENG,IRN,ENG,Bukayo Saka,62.0,False,False,20221121_ENG_IRN
2022-11-21,ENG,IRN,IRN,Mehdi Taremi,65.0,False,False,20221121_ENG_IRN
2022-11-21,ENG,IRN,ENG,Marcus Rashford,71.0,False,False,20221121_ENG_IRN
2022-11-21,ENG,IRN,ENG,Jack Grealish,90.0,False,False,20221121_ENG_IRN
2022-11-21,ENG,IRN,IRN,Mehdi Taremi,90.0,False,True,20221121_ENG_IRN
2022-11-21,SEN,NED,NED,Cody Gakpo,84.0,False,False,20221121_SEN_NED
2022-11-21,SEN,NED,NED,Davy Klaassen,90.0,False,False,20221121_SEN_NED
2022-11-21,USA,WAL,USA,Timothy Weah,36.0,False,False,20221121_USA_WAL
2022-11-21,USA,WAL,WAL,Gareth Bale,82.0,False,True,20221121_USA_WAL
2022-11-22,ARG,KSA,ARG,Lionel Messi,10.0,False,True,20221122_ARG_KSA
2022-11-22,ARG,KSA,KSA,Saleh Al-Shehri,48.0,False,False,20221122_ARG_KSA
2022-11-22,ARG,KSA,KSA,Salem Al-Dawsari,53.0,False,False,20221122_ARG_KSA
2022-11-22,FRA,AUS,AUS,Craig Goodwin,9.0,False,False,20221122_FRA_AUS
2022-11-22,FRA,AUS,FRA,Adrien Rabiot,27.0,False,False,20221122_FRA_AUS
2022-11-22,FRA,AUS,FRA,Olivier Giroud,32.0,False,False,20221122_FRA_AUS
2022-11-22,FRA,AUS,FRA,Kylian Mbappé,68.0,False,False,20221122_FRA_AUS
2022-11-22,FRA,AUS,FRA,Olivier Giroud,71.0,False,False,20221122_FRA_AUS
2022-11-23,BEL,CAN,BEL,Michy Batshuayi,44.0,False,False,20221123_BEL_CAN
2022-11-23,GER,JPN,GER,İlkay Gündoğan,33.0,False,True,20221123_GER_JPN
2022-11-23,GER,JPN,JPN,Ritsu Dōan,75.0,False,False,20221123_GER_JPN
2022-11-23,GER,JPN,JPN,Takuma Asano,83.0,False,False,20221123_GER_JPN
2022-11-23,ESP,CRC,ESP,Dani Olmo,11.0,False,False,20221123_ESP_CRC
2022-11-23,ESP,CRC,ESP,Marco Asensio,21.0,False,False,20221123_ESP_CRC
2022-11-23,ESP,CRC,ESP,Ferran Torres,31.0,False,True,20221123_ESP_CRC
2022-11-23,ESP,CRC,ESP,Ferran Torres,54.0,False,False,20221123_ESP_CRC
2022-11-23,ESP,CRC,ESP,Gavi,74.0,False,False,20221123_ESP_CRC
2022-11-23,ESP,CRC,ESP,Carlos Soler,90.0,False,False,20221123_ESP_CRC
2022-11-23,ESP,CRC,ESP,Álvaro Morata,90.0,False,False,20221123_ESP_CRC
2022-11-24,BRA,SRB,BRA,Richarlison,62.0,False,False,20221124_BRA_SRB
2022-11-24,BRA,SRB,BRA,Richarlison,73.0,False,False,20221124_BRA_SRB
2022-11-24,POR,GHA,POR,Cristiano Ronaldo,65.0,False,True,20221124_POR_GHA
2022-11-24,POR,GHA,GHA,André Ayew,73.0,False,False,20221124_POR_GHA
2022-11-24,POR,GHA,POR,João Félix,78.0,False,False,20221124_POR_GHA
2022-11-24,POR,GHA,POR,Rafael Leão,80.0,False,False,20221124_POR_GHA
2022-11-24,POR,GHA,GHA,Osman Bukari,89.0,False,False,20221124_POR_GHA
2022-11-24,SUI,CMR,SUI,Breel Embolo,48.0,False,False,20221124_SUI_CMR
2022-11-25,NED,ECU,NED,Cody Gakpo,6.0,False,False,20221125_NED_ECU
2022-11-25,NED,ECU,ECU,Enner Valencia,49.0,False,False,20221125_NED_ECU
2022-11-25,QAT,SEN,SEN,Boulaye Dia,41.0,False,False,20221125_QAT_SEN
2022-11-25,QAT,SEN,SEN,Famara Diédhiou,48.0,False,False,20221125_QAT_SEN
2022-11-25,QAT,SEN,QAT,Mohammed Muntari,78.0,False,False,20221125_QAT_SEN
2022-11-25,QAT,SEN,SEN,Bamba Dieng,84.0,False,False,20221125_QAT_SEN
2022-11-25,WAL,IRN,IRN,Rouzbeh Cheshmi,90.0,False,False,20221125_WAL_IRN
2022-11-25,WAL,IRN,IRN,Ramin Rezaeian,90.0,False,False,20221125_WAL_IRN
2022-11-26,ARG,MEX,ARG,Lionel Messi,64.0,False,False,20221126_ARG_MEX
2022-11-26,ARG,MEX,ARG,Enzo Fernández,87.0,False,False,20221126_ARG_MEX
2022-11-26,FRA,DEN,FRA,Kylian Mbappé,61.0,False,False,20221126_FRA_DEN
2022-11-26,FRA,DEN,DEN,Andreas Christensen,68.0,False,False,20221126_FRA_DEN
2022-11-26,FRA,DEN,FRA,Kylian Mbappé,86.0,False,False,20221126_FRA_DEN
2022-11-26,POL,KSA,POL,Piotr Zieliński,39.0,False,False,20221126_POL_KSA
2022-11-26,POL,KSA,POL,Robert Lewandowski,82.0,False,False,20221126_POL_KSA
2022-11-26,TUN,AUS,AUS,Mitchell Duke,23.0,False,False,20221126_TUN_AUS
2022-11-27,BEL,MAR,MAR,Romain Saïss,73.0,False,False,20221127_BEL_MAR
2022-11-27,BEL,MAR,MAR,Zakaria Aboukhlal,90.0,False,False,20221127_BEL_MAR
2022-11-27,CRO,CAN,CAN,Alphonso Davies,2.0,False,False,20221127_CRO_CAN
2022-11-27,CRO,CAN,CRO,Andrej Kramarić,36.0,False,False,20221127_CRO_CAN
2022-11-27,CRO,CAN,CRO,Marko Livaja,44.0,False,False,20221127_CRO_CAN
2022-11-27,CRO,CAN,CRO,Andrej Kramarić,70.0,False,False,20221127_CRO_CAN
2022-11-27,CRO,CAN,CRO,Lovro Majer,90.0,False,False,20221127_CRO_CAN
2022-11-27,JPN,CRC,CRC,Keysher Fuller,81.0,False,False,20221127_JPN_CRC
2022-11-27,ESP,GER,ESP,Álvaro Morata,62.0,False,False,20221127_ESP_GER
2022-11-27,ESP,GER,GER,Niclas Füllkrug,83.0,False,False,20221127_ESP_GER
2022-11-28,BRA,SUI,BRA,Casemiro,83.0,False,False,20221128_BRA_SUI
2022-11-28,CMR,SRB,CMR,Jean-Charles Castelletto,29.0,False,False,20221128_CMR_SRB
2022-11-28,CMR,SRB,SRB,Strahinja Pavlović,45.0,False,False,20221128_CMR_SRB
2022-11-28,CMR,SRB,SRB,Sergej Milinković-Savić,45.0,False,False,20221128_CMR_SRB
2022-11-28,CMR,SRB,SRB,Aleksandar Mitrović,53.0,False,False,20221128_CMR_SRB
2022-11-28,CMR,SRB,CMR,Vincent Aboubakar,63.0,False,False,20221128_CMR_SRB
2022-11-28,CMR,SRB,CMR,Eric Maxim Choupo-Moting,66.0,False,False,20221128_CMR_SRB
2022-11-28,POR,URU,POR,Bruno Fernandes,54.0,False,False,20221128_POR_URU
2022-11-28,POR,URU,POR,Bruno Fernandes,90.0,False,True,20221128_POR_URU
2022-11-28,KOR,GHA,GHA,Mohammed Salisu,24.0,False,False,20221128_KOR_GHA
2022-11-28,KOR,GHA,GHA,Mohammed Kudus,34.0,False,False,20221128_KOR_GHA
2022-11-28,KOR,GHA,KOR,Cho Gue-sung,58.0,False,False,20221128_KOR_GHA
2022-11-28,KOR,GHA,KOR,Cho Gue-sung,61.0,False,False,20221128_KOR_GHA
2022-11-28,KOR,GHA,GHA,Mohammed Kudus,68.0,False,False,20221128_KOR_GHA
2022-11-29,ECU,SEN,SEN,Ismaïla Sarr,44.0,False,True,20221129_ECU_SEN
2022-11-29,ECU,SEN,ECU,Moisés Caicedo,67.0,False,False,20221129_ECU_SEN
2022-11-29,ECU,SEN,SEN,Kalidou Koulibaly,70.0,False,False,20221129_ECU_SEN
2022-11-29,IRN,USA,USA,Christian Pulisic,38.0,False,False,20221129_IRN_USA
2022-11-29,QAT,NED,NED,Cody Gakpo,26.0,False,False,20221129_QAT_NED
2022-11-29,QAT,NED,NED,Frenkie de Jong,49.0,False,False,20221129_QAT_NED
2022-11-29,WAL,ENG,ENG,Marcus Rashford,50.0,False,False,20221129_WAL_ENG
2022-11-29,WAL,ENG,ENG,Phil Foden,51.0,False,False,20221129_WAL_ENG
2022-11-29,WAL,ENG,ENG,Marcus Rashford,68.0,False,False,20221129_WAL_ENG
2022-11-30,AUS,DEN,AUS,Mathew Leckie,60.0,False,False,20221130_AUS_DEN
2022-11-30,POL,ARG,ARG,Alexis Mac Allister,46.0,False,False,20221130_POL_ARG
2022-11-30,POL,ARG,ARG,Julián Álvarez,67.0,False,False,20221130_POL_ARG
2022-11-30,KSA,MEX,MEX,Henry Martín,47.0,False,False,20221130_KSA_MEX
2022-11-30,KSA,MEX,MEX,Luis Chávez,52.0,False,False,20221130_KSA_MEX
2022-11-30,KSA,MEX,KSA,Salem Al-Dawsari,90.0,False,False,20221130_KSA_MEX
2022-11-30,TUN,FRA,TUN,Wahbi Khazri,58.0,False,False,20221130_TUN_FRA
2022-12-01,CAN,MAR,MAR,Hakim Ziyech,4.0,False,False,20221201_CAN_MAR
2022-12-01,CAN,MAR,MAR,Youssef En-Nesyri,23.0,False,False,20221201_CAN_MAR
2022-12-01,CAN,MAR,CAN,Nayef Aguerd,40.0,True,False,20221201_CAN_MAR
2022-12-01,CRC,GER,GER,Serge Gnabry,10.0,False,False,20221201_CRC_GER
2022-12-01,CRC,GER,CRC,Yeltsin Tejeda,58.0,False,False,20221201_CRC_GER
2022-12-01,CRC,GER,CRC,Juan Pablo Vargas,70.0,False,False,20221201_CRC_GER
2022-12-01,CRC,GER,GER,Kai Havertz,73.0,False,False,20221201_CRC_GER
2022-12-01,CRC,GER,GER,Kai Havertz,85.0,False,False,20221201_CRC_GER
2022-12-01,CRC,GER,GER,Niclas Füllkrug,89.0,False,False,20221201_CRC_GER
2022-12-01,JPN,ESP,ESP,Álvaro Morata,11.0,False,False,20221201_JPN_ESP
2022-12-01,JPN,ESP,JPN,Ritsu Dōan,48.0,False,False,20221201_JPN_ESP
2022-12-01,JPN,ESP,JPN,Ao Tanaka,51.0,False,False,20221201_JPN_ESP
2022-12-02,CMR,BRA,CMR,Vincent Aboubakar,90.0,False,False,20221202_CMR_BRA
2022-12-02,GHA,URU,URU,Giorgian de Arrascaeta,26.0,False,False,20221202_GHA_URU
2022-12-02,GHA,URU,URU,Giorgian de Arrascaeta,32.0,False,False,20221202_GHA_URU
2022-12-02,SRB,SUI,SUI,Xherdan Shaqiri,20.0,False,False,20221202_SRB_SUI
2022-12-02,SRB,SUI,SRB,Aleksandar Mitrović,26.0,False,False,20221202_SRB_SUI
2022-12-02,SRB,SUI,SRB,Dušan Vlahović,35.0,False,False,20221202_SRB_SUI
2022-12-02,SRB,SUI,SUI,Breel Embolo,44.0,False,False,20221202_SRB_SUI
2022-12-02,SRB,SUI,SUI,Remo Freuler,48.0,False,False,20221202_SRB_SUI
2022-12-02,KOR,POR,POR,Ricardo Horta,5.0,False,False,20221202_KOR_POR
2022-12-02,KOR,POR,KOR,Kim Young-gwon,27.0,False,False,20221202_KOR_POR
2022-12-02,KOR,POR,KOR,Hwang Hee-chan,90.0,False,False,20221202_KOR_POR
2022-12-03,ARG,AUS,ARG,Lionel Messi,35.0,False,False,20221203_ARG_AUS
2022-12-03,ARG,AUS,ARG,Julián Álvarez,57.0,False,False,20221203_ARG_AUS
2022-12-03,ARG,AUS,AUS,Enzo Fernández,77.0,True,False,20221203_ARG_AUS
2022-12-03,NED,USA,NED,Memphis Depay,10.0,False,False,20221203_NED_USA
2022-12-03,NED,USA,NED,Daley Blind,45.0,False,False,20221203_NED_USA
2022-12-03,NED,USA,USA,Haji Wright,76.0,False,False,20221203_NED_USA
2022-12-03,NED,USA,NED,Denzel Dumfries,81.0,False,False,20221203_NED_USA
2022-12-04,ENG,SEN,ENG,Jordan Henderson,38.0,False,False,20221204_ENG_SEN
2022-12-04,ENG,SEN,ENG,Harry Kane,45.0,False,False,20221204_ENG_SEN
2022-12-04,ENG,SEN,ENG,Bukayo Saka,57.0,False,False,20221204_ENG_SEN
2022-12-04,FRA,POL,FRA,Olivier Giroud,44.0,False,False,20221204_FRA_POL
2022-12-04,FRA,POL,FRA,Kylian Mbappé,74.0,False,False,20221204_FRA_POL
2022-12-04,FRA,POL,FRA,Kylian Mbappé,90.0,False,False,20221204_FRA_POL
2022-12-04,FRA,POL,POL,Robert Lewandowski,90.0,False,True,20221204_FRA_POL
2022-12-05,BRA,KOR,BRA,Vinícius Júnior,7.0,False,False,20221205_BRA_KOR
2022-12-05,BRA,KOR,BRA,Neymar,13.0,False,True,20221205_BRA_KOR
2022-12-05,BRA,KOR,BRA,Richarlison,29.0,False,False,20221205_BRA_KOR
2022-12-05,BRA,KOR,BRA,Lucas Paquetá,36.0,False,False,20221205_BRA_KOR
2022-12-05,BRA,KOR,KOR,Paik Seung-ho,76.0,False,False,20221205_BRA_KOR
2022-12-05,JPN,CRO,JPN,Daizen Maeda,43.0,False,False,20221205_JPN_CRO
2022-12-05,JPN,CRO,CRO,Ivan Perišić,55.0,False,False,20221205_JPN_CRO
2022-12-06,POR,SUI,POR,Gonçalo Ramos,17.0,False,False,20221206_POR_SUI
2022-12-06,POR,SUI,POR,Pepe,33.0,False,False,20221206_POR_SUI
2022-12-06,POR,SUI,POR,Gonçalo Ramos,51.0,False,False,20221206_POR_SUI
2022-12-06,POR,SUI,POR,Raphaël Guerreiro,55.0,False,False,20221206_POR_SUI
2022-12-06,POR,SUI,SUI,Manuel Akanji,58.0,False,False,20221206_POR_SUI
2022-12-06,POR,SUI,POR,Gonçalo Ramos,67.0,False,False,20221206_POR_SUI
2022-12-06,POR,SUI,POR,Rafael Leão,90.0,False,False,20221206_POR_SUI
2022-12-09,CRO,BRA,BRA,Neymar,105.0,False,False,20221209_CRO_BRA
2022-12-09,CRO,BRA,CRO,Bruno Petković,117.0,False,False,20221209_CRO_BRA
2022-12-09,NED,ARG,ARG,Nahuel Molina,35.0,False,False,20221209_NED_ARG
2022-12-09,NED,ARG,ARG,Lionel Messi,73.0,False,True,20221209_NED_ARG
2022-12-09,NED,ARG,NED,Wout Weghorst,83.0,False,False,20221209_NED_ARG
2022-12-09,NED,ARG,NED,Wout Weghorst,90.0,False,False,20221209_NED_ARG
2022-12-10,ENG,FRA,FRA,Aurélien Tchouaméni,17.0,False,False,20221210_ENG_FRA
2022-12-10,ENG,FRA,ENG,Harry Kane,54.0,False,True,20221210_ENG_FRA
2022-12-10,ENG,FRA,FRA,Olivier Giroud,78.0,False,False,20221210_ENG_FRA
2022-12-10,MAR,POR,MAR,Youssef En-Nesyri,42.0,False,False,20221210_MAR_POR
2022-12-13,ARG,CRO,ARG,Lionel Messi,34.0,False,True,20221213_ARG_CRO
2022-12-13,ARG,CRO,ARG,Julián Álvarez,39.0,False,False,20221213_ARG_CRO
2022-12-13,ARG,CRO,ARG,Julián Álvarez,69.0,False,False,20221213_ARG_CRO
2022-12-14,FRA,MAR,FRA,Théo Hernandez,5.0,False,False,20221214_FRA_MAR
2022-12-14,FRA,MAR,FRA,Randal Kolo Muani,79.0,False,False,20221214_FRA_MAR
2022-12-17,CRO,MAR,CRO,Joško Gvardiol,7.0,False,False,20221217_CRO_MAR
2022-12-17,CRO,MAR,MAR,Achraf Dari,9.0,False,False,20221217_CRO_MAR
2022-12-17,CRO,MAR,CRO,Mislav Oršić,42.0,False,False,20221217_CRO_MAR
2022-12-18,ARG,FRA,ARG,Lionel Messi,23.0,False,True,20221218_ARG_FRA
2022-12-18,ARG,FRA,ARG,Ángel Di María,36.0,False,False,20221218_ARG_FRA
2022-12-18,ARG,FRA,FRA,Kylian Mbappé,80.0,False,True,20221218_ARG_FRA
2022-12-18,ARG,FRA,FRA,Kylian Mbappé,81.0,False,False,20221218_ARG_FRA
2022-12-18,ARG,FRA,ARG,Lionel Messi,109.0,False,False,20221218_ARG_FRA
2022-12-18,ARG,FRA,FRA,Kylian Mbappé,118.0,False,True,20221218_ARG_FRA
2023-03-23,BIH,ISL,BIH,Rade Krunić,14.0,False,False,20230323_BIH_ISL
2023-03-23,BIH,ISL,BIH,Rade Krunić,40.0,False,False,20230323_BIH_ISL
2023-03-23,BIH,ISL,BIH,Amar Dedić,63.0,False,False,20230323_BIH_ISL
2023-03-23,DEN,FIN,DEN,Rasmus Højlund,21.0,False,False,20230323_DEN_FIN
2023-03-23,DEN,FIN,FIN,Oliver Antman,53.0,False,False,20230323_DEN_FIN
2023-03-23,DEN,FIN,DEN,Rasmus Højlund,82.0,False,False,20230323_DEN_FIN
2023-03-23,DEN,FIN,DEN,Rasmus Højlund,90.0,False,False,20230323_DEN_FIN
2023-03-23,ITA,ENG,ENG,Declan Rice,13.0,False,False,20230323_ITA_ENG
2023-03-23,ITA,ENG,ENG,Harry Kane,44.0,False,True,20230323_ITA_ENG
2023-03-23,ITA,ENG,ITA,Mateo Retegui,56.0,False,False,20230323_ITA_ENG
2023-03-23,KAZ,SVN,KAZ,Maksim Samorodov,23.0,False,False,20230323_KAZ_SVN
2023-03-23,KAZ,SVN,SVN,David Brekalo,47.0,False,False,20230323_KAZ_SVN
2023-03-23,KAZ,SVN,SVN,Žan Vipotnik,78.0,False,False,20230323_KAZ_SVN
2023-03-23,MKD,MLT,MKD,Elif Elmas,66.0,False,False,20230323_MKD_MLT
2023-03-23,MKD,MLT,MKD,Darko Churlinov,72.0,False,False,20230323_MKD_MLT
2023-03-23,MKD,MLT,MLT,Yannick Yankam,85.0,False,False,20230323_MKD_MLT
2023-03-23,POR,LIE,POR,João Cancelo,8.0,False,False,20230323_POR_LIE
2023-03-23,POR,LIE,POR,Bernardo Silva,47.0,False,False,20230323_POR_LIE
2023-03-23,POR,LIE,POR,Cristiano Ronaldo,51.0,False,True,20230323_POR_LIE
2023-03-23,POR,LIE,POR,Cristiano Ronaldo,63.0,False,False,20230323_POR_LIE
2023-03-23,SMR,NIR,NIR,Dion Charles,24.0,False,False,20230323_SMR_NIR
2023-03-23,SMR,NIR,NIR,Dion Charles,55.0,False,False,20230323_SMR_NIR
2023-03-24,AUT,AZE,AUT,Marcel Sabitzer,27.0,False,False,20230324_AUT_AZE
2023-03-24,AUT,AZE,AUT,Michael Gregoritsch,29.0,False,False,20230324_AUT_AZE
2023-03-24,AUT,AZE,AUT,Marcel Sabitzer,50.0,False,False,20230324_AUT_AZE
2023-03-24,AUT,AZE,AZE,Emin Mahmudov,64.0,False,False,20230324_AUT_AZE
2023-03-24,AUT,AZE,AUT,Christoph Baumgartner,69.0,False,False,20230324_AUT_AZE
2023-03-24,BUL,MNE,MNE,Nikola Krstović,70.0,False,False,20230324_BUL_MNE
2023-03-24,CZE,POL,CZE,Ladislav Krejčí,1.0,False,False,20230324_CZE_POL
2023-03-24,CZE,POL,CZE,Tomáš Čvančara,3.0,False,False,20230324_CZE_POL
2023-03-24,CZE,POL,CZE,Jan Kuchta,64.0,False,False,20230324_CZE_POL
2023-03-24,CZE,POL,POL,Damian Szymański,87.0,False,False,20230324_CZE_POL
2023-03-24,FRA,NED,FRA,Antoine Griezmann,2.0,False,False,20230324_FRA_NED
2023-03-24,FRA,NED,FRA,Dayot Upamecano,8.0,False,False,20230324_FRA_NED
2023-03-24,FRA,NED,FRA,Kylian Mbappé,21.0,False,False,20230324_FRA_NED
2023-03-24,FRA,NED,FRA,Kylian Mbappé,88.0,False,False,20230324_FRA_NED
2023-03-24,GIB,GRE,GRE,Giorgos Masouras,11.0,False,False,20230324_GIB_GRE
2023-03-24,GIB,GRE,GRE,Manolis Siopis,45.0,False,False,20230324_GIB_GRE
2023-03-24,GIB,GRE,GRE,Tasos Bakasetas,58.0,False,False,20230324_GIB_GRE
2023-03-24,MDA,FRO,FRO,Mads Boe Mikkelsen,27.0,False,False,20230324_MDA_FRO
2023-03-24,MDA,FRO,MDA,Ion Nicolaescu,87.0,False,True,20230324_MDA_FRO
2023-03-24,SRB,LTU,SRB,Dušan Tadić,16.0,False,False,20230324_SRB_LTU
2023-03-24,SRB,LTU,SRB,Dušan Vlahović,53.0,False,False,20230324_SRB_LTU
2023-03-24,SWE,BEL,BEL,Romelu Lukaku,35.0,False,False,20230324_SWE_BEL
2023-03-24,SWE,BEL,BEL,Romelu Lukaku,49.0,False,False,20230324_SWE_BEL
2023-03-24,SWE,BEL,BEL,Romelu Lukaku,83.0,False,False,20230324_SWE_BEL
2023-03-25,AND,ROU,ROU,Dennis Man,35.0,False,False,20230325_AND_ROU
2023-03-25,AND,ROU,ROU,Denis Alibec,49.0,False,False,20230325_AND_ROU
2023-03-25,ARM,TUR,ARM,Ozan Kabak,10.0,True,False,20230325_ARM_TUR
2023-03-25,ARM,TUR,TUR,Orkun Kökçü,34.0,False,False,20230325_ARM_TUR
2023-03-25,ARM,TUR,TUR,Kerem Aktürkoğlu,64.0,False,False,20230325_ARM_TUR
2023-03-25,BLR,SUI,SUI,Renato Steffen,4.0,False,False,20230325_BLR_SUI
2023-03-25,BLR,SUI,SUI,Renato Steffen,17.0,False,False,20230325_BLR_SUI
2023-03-25,BLR,SUI,SUI,Renato Steffen,29.0,False,False,20230325_BLR_SUI
2023-03-25,BLR,SUI,SUI,Granit Xhaka,62.0,False,False,20230325_BLR_SUI
2023-03-25,BLR,SUI,SUI,Zeki Amdouni,65.0,False,False,20230325_BLR_SUI
2023-03-25,CRO,WAL,CRO,Andrej Kramarić,28.0,False,False,20230325_CRO_WAL
2023-03-25,CRO,WAL,WAL,Nathan Broadhead,90.0,False,False,20230325_CRO_WAL
2023-03-25,ISR,KVX,KVX,Eli Dasa,36.0,True,False,20230325_ISR_KVX
2023-03-25,ISR,KVX,ISR,Dor Peretz,56.0,False,False,20230325_ISR_KVX
2023-03-25,SCO,CYP,SCO,John McGinn,21.0,False,False,20230325_SCO_CYP
2023-03-25,SCO,CYP,SCO,Scott McTominay,87.0,False,False,20230325_SCO_CYP
2023-03-25,SCO,CYP,SCO,Scott McTominay,90.0,False,False,20230325_SCO_CYP
2023-03-25,ESP,NOR,ESP,Dani Olmo,13.0,False,False,20230325_ESP_NOR
2023-03-25,ESP,NOR,ESP,Joselu,84.0,False,False,20230325_ESP_NOR
2023-03-25,ESP,NOR,ESP,Joselu,85.0,False,False,20230325_ESP_NOR
2023-03-26,ENG,UKR,ENG,Harry Kane,37.0,False,False,20230326_ENG_UKR
2023-03-26,ENG,UKR,ENG,Bukayo Saka,40.0,False,False,20230326_ENG_UKR
2023-03-26,KAZ,DEN,DEN,Rasmus Højlund,21.0,False,False,20230326_KAZ_DEN
2023-03-26,KAZ,DEN,DEN,Rasmus Højlund,35.0,False,False,20230326_KAZ_DEN
2023-03-26,KAZ,DEN,KAZ,Bakhtiyar Zaynutdinov,73.0,False,True,20230326_KAZ_DEN
2023-03-26,KAZ,DEN,KAZ,Askhat Tagybergen,86.0,False,False,20230326_KAZ_DEN
2023-03-26,KAZ,DEN,KAZ,Abat Aymbetov,89.0,False,False,20230326_KAZ_DEN
2023-03-26,LIE,ISL,ISL,Davíð Kristján Ólafsson,3.0,False,False,20230326_LIE_ISL
2023-03-26,LIE,ISL,ISL,Hákon Arnar Haraldsson,38.0,False,False,20230326_LIE_ISL
2023-03-26,LIE,ISL,ISL,Aron Gunnarsson,48.0,False,False,20230326_LIE_ISL
2023-03-26,LIE,ISL,ISL,Aron Gunnarsson,68.0,False,False,20230326_LIE_ISL
2023-03-26,LIE,ISL,ISL,Aron Gunnarsson,73.0,False,True,20230326_LIE_ISL
2023-03-26,LIE,ISL,ISL,Andri Guðjohnsen,85.0,False,False,20230326_LIE_ISL
2023-03-26,LIE,ISL,ISL,Mikael Egill Ellertsson,87.0,False,False,20230326_LIE_ISL
2023-03-26,LUX,POR,POR,Cristiano Ronaldo,9.0,False,False,20230326_LUX_POR
2023-03-26,LUX,POR,POR,João Félix,15.0,False,False,20230326_LUX_POR
2023-03-26,LUX,POR,POR,Bernardo Silva,18.0,False,False,20230326_LUX_POR
2023-03-26,LUX,POR,POR,Cristiano Ronaldo,31.0,False,False,20230326_LUX_POR
2023-03-26,LUX,POR,POR,Otávio,77.0,False,False,20230326_LUX_POR
2023-03-26,LUX,POR,POR,Rafael Leão,88.0,False,False,20230326_LUX_POR
2023-03-26,MLT,ITA,ITA,Mateo Retegui,15.0,False,False,20230326_MLT_ITA
2023-03-26,MLT,ITA,ITA,Matteo Pessina,27.0,False,False,20230326_MLT_ITA
2023-03-26,NIR,FIN,FIN,Benjamin Källman,28.0,False,False,20230326_NIR_FIN
2023-03-26,SVK,BIH,SVK,Róbert Mak,13.0,False,False,20230326_SVK_BIH
2023-03-26,SVK,BIH,SVK,Lukáš Haraslín,40.0,False,False,20230326_SVK_BIH
2023-03-26,SVN,SMR,SVN,Benjamin Šeško,56.0,False,False,20230326_SVN_SMR
2023-03-26,SVN,SMR,SVN,Roberto Di Maio,60.0,True,False,20230326_SVN_SMR
2023-03-27,AUT,EST,EST,Rauno Sappinen,25.0,False,False,20230327_AUT_EST
2023-03-27,AUT,EST,AUT,Florian Kainz,68.0,False,False,20230327_AUT_EST
2023-03-27,AUT,EST,AUT,Michael Gregoritsch,88.0,False,False,20230327_AUT_EST
2023-03-27,HUN,BUL,HUN,Bálint Vécsei,7.0,False,False,20230327_HUN_BUL
2023-03-27,HUN,BUL,HUN,Dominik Szoboszlai,26.0,False,False,20230327_HUN_BUL
2023-03-27,HUN,BUL,HUN,Martin Ádám,39.0,False,False,20230327_HUN_BUL
2023-03-27,MNE,SRB,SRB,Dušan Vlahović,78.0,False,False,20230327_MNE_SRB
2023-03-27,MNE,SRB,SRB,Dušan Vlahović,90.0,False,False,20230327_MNE_SRB
2023-03-27,NED,GIB,NED,Memphis Depay,23.0,False,False,20230327_NED_GIB
2023-03-27,NED,GIB,NED,Nathan Aké,50.0,False,False,20230327_NED_GIB
2023-03-27,NED,GIB,NED,Nathan Aké,82.0,False,False,20230327_NED_GIB
2023-03-27,POL,ALB,POL,Karol Świderski,41.0,False,False,20230327_POL_ALB
2023-03-27,IRL,FRA,FRA,Benjamin Pavard,50.0,False,False,20230327_IRL_FRA
2023-03-27,SWE,AZE,SWE,Emil Forsberg,38.0,False,False,20230327_SWE_AZE
2023-03-27,SWE,AZE,SWE,Bəhlul Mustafazadə,65.0,True,False,20230327_SWE_AZE
2023-03-27,SWE,AZE,SWE,Viktor Gyökeres,79.0,False,False,20230327_SWE_AZE
2023-03-27,SWE,AZE,SWE,Jesper Karlsson,88.0,False,False,20230327_SWE_AZE
2023-03-27,SWE,AZE,SWE,Anthony Elanga,89.0,False,False,20230327_SWE_AZE
2023-03-28,GEO,NOR,NOR,Alexander Sørloth,15.0,False,False,20230328_GEO_NOR
2023-03-28,GEO,NOR,GEO,Georges Mikautadze,60.0,False,False,20230328_GEO_NOR
2023-03-28,KVX,AND,KVX,Edon Zhegrova,59.0,False,False,20230328_KVX_AND
2023-03-28,KVX,AND,AND,Albert Rosas,61.0,False,False,20230328_KVX_AND
2023-03-28,ROU,BLR,ROU,Nicolae Stanciu,17.0,False,False,20230328_ROU_BLR
2023-03-28,ROU,BLR,ROU,Andrei Burcă,19.0,False,False,20230328_ROU_BLR
2023-03-28,ROU,BLR,BLR,Vladislav Morozov,86.0,False,False,20230328_ROU_BLR
2023-03-28,SCO,ESP,SCO,Scott McTominay,7.0,False,False,20230328_SCO_ESP
2023-03-28,SCO,ESP,SCO,Scott McTominay,51.0,False,False,20230328_SCO_ESP
2023-03-28,SUI,ISR,SUI,Ruben Vargas,39.0,False,False,20230328_SUI_ISR
2023-03-28,SUI,ISR,SUI,Zeki Amdouni,47.0,False,False,20230328_SUI_ISR
2023-03-28,SUI,ISR,SUI,Silvan Widmer,52.0,False,False,20230328_SUI_ISR
2023-03-28,TUR,CRO,CRO,Mateo Kovačić,20.0,False,False,20230328_TUR_CRO
2023-03-28,TUR,CRO,CRO,Mateo Kovačić,45.0,False,False,20230328_TUR_CRO
2023-03-28,WAL,LVA,WAL,Kieffer Moore,41.0,False,False,20230328_WAL_LVA
2023-06-14,NED,CRO,NED,Donyell Malen,34.0,False,False,20230614_NED_CRO
2023-06-14,NED,CRO,CRO,Andrej Kramarić,55.0,False,True,20230614_NED_CRO
2023-06-14,NED,CRO,CRO,Mario Pašalić,72.0,False,False,20230614_NED_CRO
2023-06-14,NED,CRO,NED,Noa Lang,90.0,False,False,20230614_NED_CRO
2023-06-14,NED,CRO,CRO,Bruno Petković,98.0,False,False,20230614_NED_CRO
2023-06-14,NED,CRO,CRO,Luka Modrić,116.0,False,True,20230614_NED_CRO
2023-06-15,ESP,ITA,ESP,Yeremy Pino,3.0,False,False,20230615_ESP_ITA
2023-06-15,ESP,ITA,ITA,Ciro Immobile,11.0,False,True,20230615_ESP_ITA
2023-06-15,ESP,ITA,ESP,Joselu,88.0,False,False,20230615_ESP_ITA
2023-06-16,AND,SUI,SUI,Remo Freuler,7.0,False,False,20230616_AND_SUI
2023-06-16,AND,SUI,SUI,Zeki Amdouni,32.0,False,False,20230616_AND_SUI
2023-06-16,AND,SUI,AND,Márcio Vieira,67.0,False,False,20230616_AND_SUI
2023-06-16,BLR,ISR,BLR,Max Ebong,16.0,False,False,20230616_BLR_ISR
2023-06-16,BLR,ISR,ISR,Shon Weissman,85.0,False,True,20230616_BLR_ISR
2023-06-16,BLR,ISR,ISR,Oscar Gloukh,90.0,False,False,20230616_BLR_ISR
2023-06-16,DEN,NIR,DEN,Jonas Wind,47.0,False,False,20230616_DEN_NIR
2023-06-16,FIN,SVN,FIN,Joel Pohjanpalo,13.0,False,False,20230616_FIN_SVN
2023-06-16,FIN,SVN,FIN,Oliver Antman,64.0,False,False,20230616_FIN_SVN
2023-06-16,GIB,FRA,FRA,Olivier Giroud,3.0,False,False,20230616_GIB_FRA
2023-06-16,GIB,FRA,FRA,Kylian Mbappé,45.0,False,True,20230616_GIB_FRA
2023-06-16,GIB,FRA,FRA,Aymen Mouelhi,78.0,True,False,20230616_GIB_FRA
2023-06-16,GRE,IRL,GRE,Tasos Bakasetas,15.0,False,True,20230616_GRE_IRL
2023-06-16,GRE,IRL,IRL,Nathan Collins,27.0,False,False,20230616_GRE_IRL
2023-06-16,GRE,IRL,GRE,Giorgos Masouras,49.0,False,False,20230616_GRE_IRL
2023-06-16,LVA,TUR,TUR,Abdülkerim Bardakcı,22.0,False,False,20230616_LVA_TUR
2023-06-16,LVA,TUR,LVA,Eduards Emsis,51.0,False,False,20230616_LVA_TUR
2023-06-16,LVA,TUR,TUR,Cengiz Ünder,61.0,False,False,20230616_LVA_TUR
2023-06-16,LVA,TUR,LVA,Kristers Tobers,90.0,False,False,20230616_LVA_TUR
2023-06-16,LVA,TUR,TUR,İrfan Kahveci,90.0,False,False,20230616_LVA_TUR
2023-06-16,MLT,ENG,ENG,Ferdinando Apap,8.0,True,False,20230616_MLT_ENG
2023-06-16,MLT,ENG,ENG,Trent Alexander-Arnold,28.0,False,False,20230616_MLT_ENG
2023-06-16,MLT,ENG,ENG,Harry Kane,31.0,False,True,20230616_MLT_ENG
2023-06-16,MLT,ENG,ENG,Callum Wilson,83.0,False,True,20230616_MLT_ENG
2023-06-16,MKD,UKR,MKD,Enis Bardhi,31.0,False,True,20230616_MKD_UKR
2023-06-16,MKD,UKR,MKD,Elif Elmas,39.0,False,False,20230616_MKD_UKR
2023-06-16,MKD,UKR,UKR,Illya Zabarnyi,62.0,False,False,20230616_MKD_UKR
2023-06-16,MKD,UKR,UKR,Yukhym Konoplya,67.0,False,False,20230616_MKD_UKR
2023-06-16,MKD,UKR,UKR,Viktor Tsyhankov,83.0,False,False,20230616_MKD_UKR
2023-06-16,SMR,KAZ,KAZ,Yan Vorogovsky,37.0,False,False,20230616_SMR_KAZ
2023-06-16,SMR,KAZ,KAZ,Askhat Tagybergen,64.0,False,True,20230616_SMR_KAZ
2023-06-16,SMR,KAZ,KAZ,Bakhtiyar Zaynutdinov,90.0,False,False,20230616_SMR_KAZ
2023-06-16,WAL,ARM,WAL,Daniel James,10.0,False,False,20230616_WAL_ARM
2023-06-16,WAL,ARM,ARM,Lucas Zelarayán,19.0,False,False,20230616_WAL_ARM
2023-06-16,WAL,ARM,ARM,Grant-Leon Ranos,30.0,False,False,20230616_WAL_ARM
2023-06-16,WAL,ARM,ARM,Grant-Leon Ranos,66.0,False,False,20230616_WAL_ARM
2023-06-16,WAL,ARM,WAL,Harry Wilson,72.0,False,False,20230616_WAL_ARM
2023-06-16,WAL,ARM,ARM,Lucas Zelarayán,75.0,False,False,20230616_WAL_ARM
2023-06-17,ALB,MDA,ALB,Jasir Asani,52.0,False,False,20230617_ALB_MDA
2023-06-17,ALB,MDA,ALB,Nedim Bajrami,76.0,False,False,20230617_ALB_MDA
2023-06-17,AZE,EST,EST,Rauno Sappinen,27.0,False,False,20230617_AZE_EST
2023-06-17,AZE,EST,AZE,Anton Kryvotsyuk,62.0,False,False,20230617_AZE_EST
2023-06-17,BEL,AUT,AUT,Orel Mangala,21.0,True,False,20230617_BEL_AUT
2023-06-17,BEL,AUT,BEL,Romelu Lukaku,62.0,False,False,20230617_BEL_AUT
2023-06-17,CYP,GEO,GEO,Georges Mikautadze,31.0,False,False,20230617_CYP_GEO
2023-06-17,CYP,GEO,CYP,Ioannis Pittas,39.0,False,True,20230617_CYP_GEO
2023-06-17,CYP,GEO,GEO,Zuriko Davitashvili,84.0,False,False,20230617_CYP_GEO
2023-06-17,FRO,CZE,CZE,Ladislav Krejčí,15.0,False,False,20230617_FRO_CZE
2023-06-17,FRO,CZE,CZE,Václav Černý,44.0,False,False,20230617_FRO_CZE
2023-06-17,FRO,CZE,CZE,Václav Černý,75.0,False,False,20230617_FRO_CZE
2023-06-17,ISL,SVK,SVK,Juraj Kucka,27.0,False,False,20230617_ISL_SVK
2023-06-17,ISL,SVK,ISL,Alfreð Finnbogason,41.0,False,True,20230617_ISL_SVK
2023-06-17,ISL,SVK,SVK,Tomáš Suslov,69.0,False,False,20230617_ISL_SVK
2023-06-17,LTU,BUL,LTU,Edvinas Girdvainis,15.0,False,False,20230617_LTU_BUL
2023-06-17,LTU,BUL,BUL,Marin Petkov,27.0,False,False,20230617_LTU_BUL
2023-06-17,LUX,LIE,LUX,Danel Sinani,59.0,False,False,20230617_LUX_LIE
2023-06-17,LUX,LIE,LUX,Gerson Rodrigues,89.0,False,False,20230617_LUX_LIE
2023-06-17,NOR,SCO,NOR,Erling Haaland,61.0,False,True,20230617_NOR_SCO
2023-06-17,NOR,SCO,SCO,Lyndon Dykes,87.0,False,False,20230617_NOR_SCO
2023-06-17,NOR,SCO,SCO,Kenny McLean,89.0,False,False,20230617_NOR_SCO
2023-06-17,POR,BIH,POR,Bernardo Silva,44.0,False,False,20230617_POR_BIH
2023-06-17,POR,BIH,POR,Bruno Fernandes,77.0,False,False,20230617_POR_BIH
2023-06-17,POR,BIH,POR,Bruno Fernandes,90.0,False,False,20230617_POR_BIH
2023-06-18,NED,ITA,ITA,Federico Dimarco,6.0,False,False,20230618_NED_ITA
2023-06-18,NED,ITA,ITA,Davide Frattesi,20.0,False,False,20230618_NED_ITA
2023-06-18,NED,ITA,NED,Steven Bergwijn,68.0,False,False,20230618_NED_ITA
2023-06-18,NED,ITA,ITA,Federico Chiesa,72.0,False,False,20230618_NED_ITA
2023-06-18,NED,ITA,NED,Georginio Wijnaldum,89.0,False,False,20230618_NED_ITA
2023-06-19,ARM,LVA,ARM,Nair Tiknizyan,35.0,False,False,20230619_ARM_LVA
2023-06-19,ARM,LVA,LVA,Styopa Mkrtchyan,67.0,True,False,20230619_ARM_LVA
2023-06-19,ARM,LVA,ARM,Tigran Barseghyan,90.0,False,True,20230619_ARM_LVA
2023-06-19,BLR,KVX,BLR,Vladislav Morozov,73.0,False,False,20230619_BLR_KVX
2023-06-19,BLR,KVX,BLR,Max Ebong,75.0,False,False,20230619_BLR_KVX
2023-06-19,BLR,KVX,KVX,Vedat Muriqi,87.0,False,True,20230619_BLR_KVX
2023-06-19,ENG,MKD,ENG,Harry Kane,29.0,False,False,20230619_ENG_MKD
2023-06-19,ENG,MKD,ENG,Bukayo Saka,38.0,False,False,20230619_ENG_MKD
2023-06-19,ENG,MKD,ENG,Marcus Rashford,45.0,False,False,20230619_ENG_MKD
2023-06-19,ENG,MKD,ENG,Bukayo Saka,47.0,False,False,20230619_ENG_MKD
2023-06-19,ENG,MKD,ENG,Bukayo Saka,51.0,False,False,20230619_ENG_MKD
2023-06-19,ENG,MKD,ENG,Kalvin Phillips,64.0,False,False,20230619_ENG_MKD
2023-06-19,ENG,MKD,ENG,Harry Kane,73.0,False,True,20230619_ENG_MKD
2023-06-19,FIN,SMR,FIN,Glen Kamara,16.0,False,False,20230619_FIN_SMR
2023-06-19,FIN,SMR,FIN,Benjamin Källman,39.0,False,False,20230619_FIN_SMR
2023-06-19,FIN,SMR,FIN,Daniel Håkans,65.0,False,False,20230619_FIN_SMR
2023-06-19,FIN,SMR,FIN,Daniel Håkans,72.0,False,False,20230619_FIN_SMR
2023-06-19,FIN,SMR,FIN,Daniel Håkans,74.0,False,False,20230619_FIN_SMR
2023-06-19,FIN,SMR,FIN,Teemu Pukki,76.0,False,False,20230619_FIN_SMR
2023-06-19,FRA,GRE,FRA,Kylian Mbappé,55.0,False,True,20230619_FRA_GRE
2023-06-19,ISR,AND,ISR,Raz Shlomo,42.0,False,False,20230619_ISR_AND
2023-06-19,ISR,AND,AND,Albert Rosas,52.0,False,False,20230619_ISR_AND
2023-06-19,ISR,AND,ISR,Manor Solomon,61.0,False,False,20230619_ISR_AND
2023-06-19,NIR,KAZ,KAZ,Abat Aymbetov,88.0,False,False,20230619_NIR_KAZ
2023-06-19,IRL,GIB,IRL,Mikey Johnston,52.0,False,False,20230619_IRL_GIB
2023-06-19,IRL,GIB,IRL,Evan Ferguson,59.0,False,False,20230619_IRL_GIB
2023-06-19,IRL,GIB,IRL,Adam Idah,90.0,False,False,20230619_IRL_GIB
2023-06-19,SVN,DEN,SVN,Andraž Šporar,25.0,False,False,20230619_SVN_DEN
2023-06-19,SVN,DEN,DEN,Rasmus Højlund,42.0,False,False,20230619_SVN_DEN
2023-06-19,SUI,ROU,SUI,Zeki Amdouni,28.0,False,False,20230619_SUI_ROU
2023-06-19,SUI,ROU,SUI,Zeki Amdouni,41.0,False,False,20230619_SUI_ROU
2023-06-19,SUI,ROU,ROU,Valentin Mihăilă,89.0,False,False,20230619_SUI_ROU
2023-06-19,SUI,ROU,ROU,Valentin Mihăilă,90.0,False,False,20230619_SUI_ROU
2023-06-19,TUR,WAL,TUR,Umut Nayir,72.0,False,False,20230619_TUR_WAL
2023-06-19,TUR,WAL,TUR,Arda Güler,80.0,False,False,20230619_TUR_WAL
2023-06-19,UKR,MLT,UKR,Viktor Tsyhankov,72.0,False,True,20230619_UKR_MLT
2023-06-20,AUT,SWE,AUT,Christoph Baumgartner,81.0,False,False,20230620_AUT_SWE
2023-06-20,AUT,SWE,AUT,Christoph Baumgartner,89.0,False,False,20230620_AUT_SWE
2023-06-20,BIH,LUX,LUX,Yvandro Borges Sanches,4.0,False,False,20230620_BIH_LUX
2023-06-20,BIH,LUX,LUX,Danel Sinani,74.0,False,False,20230620_BIH_LUX
2023-06-20,BUL,SRB,BUL,Kiril Despodov,47.0,False,False,20230620_BUL_SRB
2023-06-20,BUL,SRB,SRB,Darko Lazović,90.0,False,False,20230620_BUL_SRB
2023-06-20,EST,BEL,BEL,Romelu Lukaku,37.0,False,False,20230620_EST_BEL
2023-06-20,EST,BEL,BEL,Romelu Lukaku,40.0,False,False,20230620_EST_BEL
2023-06-20,EST,BEL,BEL,Johan Bakayoko,90.0,False,False,20230620_EST_BEL
2023-06-20,FRO,ALB,ALB,Nedim Bajrami,20.0,False,False,20230620_FRO_ALB
2023-06-20,FRO,ALB,FRO,Odmar Færø,45.0,False,False,20230620_FRO_ALB
2023-06-20,FRO,ALB,ALB,Kristjan Asllani,51.0,False,False,20230620_FRO_ALB
2023-06-20,FRO,ALB,ALB,Ernest Muçi,90.0,False,False,20230620_FRO_ALB
2023-06-20,HUN,LTU,HUN,Barnabás Varga,32.0,False,False,20230620_HUN_LTU
2023-06-20,HUN,LTU,HUN,Roland Sallai,83.0,False,False,20230620_HUN_LTU
2023-06-20,ISL,POR,POR,Cristiano Ronaldo,89.0,False,False,20230620_ISL_POR
2023-06-20,LIE,SVK,SVK,Denis Vavro,45.0,False,False,20230620_LIE_SVK
2023-06-20,MDA,POL,POL,Arkadiusz Milik,12.0,False,False,20230620_MDA_POL
2023-06-20,MDA,POL,POL,Robert Lewandowski,34.0,False,False,20230620_MDA_POL
2023-06-20,MDA,POL,MDA,Ion Nicolaescu,48.0,False,False,20230620_MDA_POL
2023-06-20,MDA,POL,MDA,Ion Nicolaescu,79.0,False,False,20230620_MDA_POL
2023-06-20,MDA,POL,MDA,Vladislav Baboglo,85.0,False,False,20230620_MDA_POL
2023-06-20,NOR,CYP,NOR,Ola Solbakken,12.0,False,False,20230620_NOR_CYP
2023-06-20,NOR,CYP,NOR,Erling Haaland,56.0,False,True,20230620_NOR_CYP
2023-06-20,NOR,CYP,NOR,Erling Haaland,60.0,False,False,20230620_NOR_CYP
2023-06-20,NOR,CYP,CYP,Grigoris Kastanos,90.0,False,False,20230620_NOR_CYP
2023-06-20,SCO,GEO,SCO,Callum McGregor,6.0,False,False,20230620_SCO_GEO
2023-06-20,SCO,GEO,SCO,Scott McTominay,47.0,False,False,20230620_SCO_GEO
2023-06-24,USA,JAM,JAM,Damion Lowe,13.0,False,False,20230624_USA_JAM
2023-06-24,USA,JAM,USA,Brandon Vázquez,88.0,False,False,20230624_USA_JAM
2023-06-25,HAI,QAT,QAT,Yusuf Abdurisag,20.0,False,False,20230625_HAI_QAT
2023-06-25,HAI,QAT,HAI,Duckens Nazon,45.0,False,True,20230625_HAI_QAT
2023-06-25,HAI,QAT,HAI,Frantzdy Pierrot,90.0,False,False,20230625_HAI_QAT
2023-06-25,MEX,HON,MEX,Luis Romo,1.0,False,False,20230625_MEX_HON
2023-06-25,MEX,HON,MEX,Luis Romo,23.0,False,False,20230625_MEX_HON
2023-06-25,MEX,HON,MEX,Orbelín Pineda,52.0,False,False,20230625_MEX_HON
2023-06-25,MEX,HON,MEX,Luis Chávez,64.0,False,False,20230625_MEX_HON
2023-06-25,TRI,SKN,TRI,Alvin Jones,43.0,False,False,20230625_TRI_SKN
2023-06-25,TRI,SKN,TRI,Ajani Fortune,65.0,False,False,20230625_TRI_SKN
2023-06-25,TRI,SKN,TRI,Jameel Ible,73.0,True,False,20230625_TRI_SKN
2023-06-26,CRC,PAN,PAN,José Fajardo,23.0,False,False,20230626_CRC_PAN
2023-06-26,CRC,PAN,PAN,Yoel Bárcenas,68.0,False,False,20230626_CRC_PAN
2023-06-26,CRC,PAN,CRC,Aarón Suárez,90.0,False,False,20230626_CRC_PAN
2023-06-26,SLV,MTQ,MTQ,Patrick Burner,11.0,False,False,20230626_SLV_MTQ
2023-06-26,SLV,MTQ,MTQ,Kévin Fortuné,16.0,False,False,20230626_SLV_MTQ
2023-06-26,SLV,MTQ,SLV,Bryan Tamacas,90.0,False,True,20230626_SLV_MTQ
2023-06-27,CAN,GPE,GPE,Thierry Ambrose,23.0,False,False,20230627_CAN_GPE
2023-06-27,CAN,GPE,CAN,Lucas Cavallini,49.0,False,False,20230627_CAN_GPE
2023-06-27,CAN,GPE,CAN,Méddy Lina,70.0,True,False,20230627_CAN_GPE
2023-06-27,CAN,GPE,GPE,Jacen Russell-Rowe,90.0,True,False,20230627_CAN_GPE
2023-06-27,GUA,CUB,GUA,Darwin Lom,48.0,False,False,20230627_GUA_CUB
2023-06-28,JAM,TRI,JAM,Demarai Gray,14.0,False,False,20230628_JAM_TRI
2023-06-28,JAM,TRI,JAM,Leon Bailey,18.0,False,False,20230628_JAM_TRI
2023-06-28,JAM,TRI,JAM,Demarai Gray,30.0,False,False,20230628_JAM_TRI
2023-06-28,JAM,TRI,TRI,Andre Rampersad,49.0,False,False,20230628_JAM_TRI
2023-06-28,JAM,TRI,JAM,Dujuan Richards,90.0,False,False,20230628_JAM_TRI
2023-06-28,USA,SKN,USA,Djordje Mihailovic,12.0,False,False,20230628_USA_SKN
2023-06-28,USA,SKN,USA,Bryan Reynolds,14.0,False,False,20230628_USA_SKN
2023-06-28,USA,SKN,USA,Jesús Ferreira,16.0,False,False,20230628_USA_SKN
2023-06-28,USA,SKN,USA,Jesús Ferreira,25.0,False,False,20230628_USA_SKN
2023-06-28,USA,SKN,USA,Jesús Ferreira,50.0,False,False,20230628_USA_SKN
2023-06-28,USA,SKN,USA,Djordje Mihailovic,79.0,False,False,20230628_USA_SKN
2023-06-29,HAI,MEX,MEX,Henry Martín,46.0,False,False,20230629_HAI_MEX
2023-06-29,HAI,MEX,MEX,Ricardo Adé,56.0,True,False,20230629_HAI_MEX
2023-06-29,HAI,MEX,HAI,Danley Jean Jacques,78.0,False,False,20230629_HAI_MEX
2023-06-29,HAI,MEX,MEX,Santiago Giménez,83.0,False,False,20230629_HAI_MEX
2023-06-29,QAT,HON,QAT,Tameem Al-Abdullah,7.0,False,False,20230629_QAT_HON
2023-06-29,QAT,HON,HON,Alberth Elis,90.0,False,False,20230629_QAT_HON
2023-06-30,MTQ,PAN,PAN,José Fajardo,57.0,False,False,20230630_MTQ_PAN
2023-06-30,MTQ,PAN,PAN,Michael Amir Murillo,69.0,False,False,20230630_MTQ_PAN
2023-06-30,MTQ,PAN,MTQ,Karl Fabien,90.0,False,False,20230630_MTQ_PAN
2023-07-01,CUB,GPE,GPE,Matthias Phaëton,13.0,False,False,20230701_CUB_GPE
2023-07-01,CUB,GPE,GPE,Ange-Freddy Plumain,41.0,False,False,20230701_CUB_GPE
2023-07-01,CUB,GPE,GPE,Matthias Phaëton,43.0,False,False,20230701_CUB_GPE
2023-07-01,CUB,GPE,GPE,Anthony Baron,50.0,False,False,20230701_CUB_GPE
2023-07-01,CUB,GPE,CUB,Arichel Hernández,62.0,False,True,20230701_CUB_GPE
2023-07-02,HON,HAI,HAI,Frantzdy Pierrot,20.0,False,False,20230702_HON_HAI
2023-07-02,HON,HAI,HON,Jerry Bengtson,42.0,False,False,20230702_HON_HAI
2023-07-02,HON,HAI,HON,José Pinto,59.0,False,False,20230702_HON_HAI
2023-07-02,JAM,SKN,JAM,Julani Archibald,30.0,True,False,20230702_JAM_SKN
2023-07-02,JAM,SKN,JAM,Jon Russell,45.0,False,False,20230702_JAM_SKN
2023-07-02,JAM,SKN,JAM,Di'Shon Bernard,49.0,False,False,20230702_JAM_SKN
2023-07-02,JAM,SKN,JAM,Daniel Johnson,72.0,False,False,20230702_JAM_SKN
2023-07-02,JAM,SKN,JAM,Cory Burke,74.0,False,False,20230702_JAM_SKN
2023-07-02,MEX,QAT,QAT,Hazem Shehata,27.0,False,False,20230702_MEX_QAT
2023-07-02,USA,TRI,USA,Jesús Ferreira,14.0,False,False,20230702_USA_TRI
2023-07-02,USA,TRI,USA,Jesús Ferreira,38.0,False,False,20230702_USA_TRI
2023-07-02,USA,TRI,USA,Jesús Ferreira,45.0,False,True,20230702_USA_TRI
2023-07-02,USA,TRI,USA,Cade Cowell,65.0,False,False,20230702_USA_TRI
2023-07-02,USA,TRI,USA,Gianluca Busio,79.0,False,False,20230702_USA_TRI
2023-07-02,USA,TRI,USA,Brandon Vázquez,90.0,False,False,20230702_USA_TRI
2023-07-04,CAN,CUB,CAN,Junior Hoilett,21.0,False,True,20230704_CAN_CUB
2023-07-04,CAN,CUB,CAN,Jonathan Osorio,27.0,False,False,20230704_CAN_CUB
2023-07-04,CAN,CUB,CUB,Luis Paradela,45.0,False,True,20230704_CAN_CUB
2023-07-04,CAN,CUB,CAN,Jayden Nelson,47.0,False,False,20230704_CAN_CUB
2023-07-04,CAN,CUB,CAN,Liam Millar,62.0,False,False,20230704_CAN_CUB
2023-07-04,CAN,CUB,CUB,Maikel Reyes,89.0,False,True,20230704_CAN_CUB
2023-07-04,CRC,MTQ,CRC,Kendall Waston,10.0,False,False,20230704_CRC_MTQ
2023-07-04,CRC,MTQ,MTQ,Patrick Burner,18.0,False,False,20230704_CRC_MTQ
2023-07-04,CRC,MTQ,CRC,Francisco Calvo,41.0,False,False,20230704_CRC_MTQ
2023-07-04,CRC,MTQ,CRC,Juan Pablo Vargas,55.0,False,False,20230704_CRC_MTQ
2023-07-04,CRC,MTQ,CRC,Joel Campbell,59.0,False,True,20230704_CRC_MTQ
2023-07-04,CRC,MTQ,CRC,Anthony Contreras,68.0,False,False,20230704_CRC_MTQ
2023-07-04,CRC,MTQ,MTQ,Brighton Labeau,75.0,False,True,20230704_CRC_MTQ
2023-07-04,CRC,MTQ,MTQ,Patrick Burner,79.0,False,False,20230704_CRC_MTQ
2023-07-04,CRC,MTQ,CRC,Diego Campos,90.0,False,False,20230704_CRC_MTQ
2023-07-04,CRC,MTQ,MTQ,Jonathan Mexique,90.0,False,False,20230704_CRC_MTQ
2023-07-04,GPE,GUA,GPE,Andreaw Gravillon,27.0,False,False,20230704_GPE_GUA
2023-07-04,GPE,GUA,GUA,Rubio Rubin,39.0,False,False,20230704_GPE_GUA
2023-07-04,GPE,GUA,GPE,Ange-Freddy Plumain,63.0,False,True,20230704_GPE_GUA
2023-07-04,GPE,GUA,GUA,Rubio Rubin,70.0,False,False,20230704_GPE_GUA
2023-07-04,GPE,GUA,GUA,Carlos Mejía,76.0,False,False,20230704_GPE_GUA
2023-07-04,PAN,SLV,SLV,Brayan Gil,4.0,False,False,20230704_PAN_SLV
2023-07-04,PAN,SLV,PAN,Fidel Escobar,26.0,False,False,20230704_PAN_SLV
2023-07-04,PAN,SLV,PAN,Ismael Díaz,71.0,False,False,20230704_PAN_SLV
2023-07-04,PAN,SLV,SLV,Mayer Gil,90.0,False,False,20230704_PAN_SLV
2023-07-08,MEX,CRC,MEX,Orbelín Pineda,52.0,False,True,20230708_MEX_CRC
2023-07-08,MEX,CRC,MEX,Érick Sánchez,87.0,False,False,20230708_MEX_CRC
2023-07-08,PAN,QAT,PAN,Yoel Bárcenas,19.0,False,False,20230708_PAN_QAT
2023-07-08,PAN,QAT,PAN,Ismael Díaz,56.0,False,False,20230708_PAN_QAT
2023-07-08,PAN,QAT,PAN,Ismael Díaz,63.0,False,False,20230708_PAN_QAT
2023-07-08,PAN,QAT,PAN,Ismael Díaz,65.0,False,False,20230708_PAN_QAT
2023-07-09,GUA,JAM,JAM,Amari'i Bell,51.0,False,False,20230709_GUA_JAM
2023-07-09,USA,CAN,USA,Brandon Vázquez,88.0,False,False,20230709_USA_CAN
2023-07-09,USA,CAN,CAN,Steven Vitória,90.0,False,True,20230709_USA_CAN
2023-07-09,USA,CAN,CAN,Jacob Shaffelburg,109.0,False,False,20230709_USA_CAN
2023-07-09,USA,CAN,USA,Scott Kennedy,114.0,True,False,20230709_USA_CAN
2023-07-12,JAM,MEX,MEX,Henry Martín,2.0,False,False,20230712_JAM_MEX
2023-07-12,JAM,MEX,MEX,Luis Chávez,30.0,False,False,20230712_JAM_MEX
2023-07-12,JAM,MEX,MEX,Roberto Alvarado,90.0,False,False,20230712_JAM_MEX
2023-07-12,USA,PAN,PAN,Iván Anderson,99.0,False,False,20230712_USA_PAN
2023-07-12,USA,PAN,USA,Jesús Ferreira,105.0,False,False,20230712_USA_PAN
2023-07-16,MEX,PAN,MEX,Santiago Giménez,88.0,False,False,20230716_MEX_PAN
2023-09-07,ARG,ECU,ARG,Lionel Messi,78.0,False,False,20230907_ARG_ECU
2023-09-07,COL,VEN,COL,Rafael Santos Borré,46.0,False,False,20230907_COL_VEN
2023-09-07,CZE,ALB,CZE,Václav Černý,56.0,False,False,20230907_CZE_ALB
2023-09-07,CZE,ALB,ALB,Nedim Bajrami,66.0,False,False,20230907_CZE_ALB
2023-09-07,DEN,SMR,DEN,Pierre-Emile Højbjerg,26.0,False,False,20230907_DEN_SMR
2023-09-07,DEN,SMR,DEN,Joakim Mæhle,28.0,False,False,20230907_DEN_SMR
2023-09-07,DEN,SMR,DEN,Jonas Wind,40.0,False,False,20230907_DEN_SMR
2023-09-07,DEN,SMR,DEN,Christian Eriksen,90.0,False,False,20230907_DEN_SMR
2023-09-07,FRA,IRL,FRA,Aurélien Tchouaméni,19.0,False,False,20230907_FRA_IRL
2023-09-07,FRA,IRL,FRA,Marcus Thuram,48.0,False,False,20230907_FRA_IRL
2023-09-07,KAZ,FIN,FIN,Oliver Antman,78.0,False,False,20230907_KAZ_FIN
2023-09-07,LTU,MNE,LTU,Gytis Paulauskas,71.0,False,False,20230907_LTU_MNE
2023-09-07,LTU,MNE,MNE,Nikola Krstović,78.0,False,False,20230907_LTU_MNE
2023-09-07,LTU,MNE,MNE,Stefan Savić,89.0,False,False,20230907_LTU_MNE
2023-09-07,LTU,MNE,LTU,Fedor Černych,90.0,False,False,20230907_LTU_MNE
2023-09-07,NED,GRE,NED,Marten de Roon,17.0,False,False,20230907_NED_GRE
2023-09-07,NED,GRE,NED,Cody Gakpo,31.0,False,False,20230907_NED_GRE
2023-09-07,NED,GRE,NED,Wout Weghorst,39.0,False,False,20230907_NED_GRE
2023-09-07,POL,FRO,POL,Robert Lewandowski,73.0,False,True,20230907_POL_FRO
2023-09-07,POL,FRO,POL,Robert Lewandowski,83.0,False,False,20230907_POL_FRO
2023-09-07,SRB,HUN,SRB,Attila Szalai,10.0,True,False,20230907_SRB_HUN
2023-09-07,SRB,HUN,HUN,Barnabás Varga,34.0,False,False,20230907_SRB_HUN
2023-09-07,SRB,HUN,HUN,Willi Orbán,36.0,False,False,20230907_SRB_HUN
2023-09-07,SVN,NIR,SVN,Andraž Šporar,3.0,False,False,20230907_SVN_NIR
2023-09-07,SVN,NIR,NIR,Isaac Price,7.0,False,False,20230907_SVN_NIR
2023-09-07,SVN,NIR,SVN,Jonny Evans,17.0,True,False,20230907_SVN_NIR
2023-09-07,SVN,NIR,SVN,Benjamin Šeško,42.0,False,False,20230907_SVN_NIR
2023-09-07,SVN,NIR,NIR,Jonny Evans,53.0,False,False,20230907_SVN_NIR
2023-09-07,SVN,NIR,SVN,Andraž Šporar,56.0,False,False,20230907_SVN_NIR
2023-09-08,BIH,LIE,BIH,Edin Džeko,3.0,False,False,20230908_BIH_LIE
2023-09-08,BIH,LIE,BIH,Simon Lüchinger,18.0,True,False,20230908_BIH_LIE
2023-09-08,BIH,LIE,LIE,Sandro Wolfinger,21.0,False,False,20230908_BIH_LIE
2023-09-08,BRA,BOL,BRA,Rodrygo,24.0,False,False,20230908_BRA_BOL
2023-09-08,BRA,BOL,BRA,Raphinha,47.0,False,False,20230908_BRA_BOL
2023-09-08,BRA,BOL,BRA,Rodrygo,53.0,False,False,20230908_BRA_BOL
2023-09-08,BRA,BOL,BRA,Neymar,61.0,False,False,20230908_BRA_BOL
2023-09-08,BRA,BOL,BOL,Víctor Ábrego,78.0,False,False,20230908_BRA_BOL
2023-09-08,BRA,BOL,BRA,Neymar,90.0,False,False,20230908_BRA_BOL
2023-09-08,CRO,LVA,CRO,Bruno Petković,3.0,False,False,20230908_CRO_LVA
2023-09-08,CRO,LVA,CRO,Luka Ivanušec,13.0,False,False,20230908_CRO_LVA
2023-09-08,CRO,LVA,CRO,Bruno Petković,44.0,False,False,20230908_CRO_LVA
2023-09-08,CRO,LVA,CRO,Andrej Kramarić,68.0,False,False,20230908_CRO_LVA
2023-09-08,CRO,LVA,CRO,Mario Pašalić,78.0,False,False,20230908_CRO_LVA
2023-09-08,CYP,SCO,SCO,Scott McTominay,6.0,False,False,20230908_CYP_SCO
2023-09-08,CYP,SCO,SCO,Ryan Porteous,16.0,False,False,20230908_CYP_SCO
2023-09-08,CYP,SCO,SCO,John McGinn,30.0,False,False,20230908_CYP_SCO
2023-09-08,GEO,ESP,ESP,Álvaro Morata,22.0,False,False,20230908_GEO_ESP
2023-09-08,GEO,ESP,ESP,Solomon Kvirkvelia,27.0,True,False,20230908_GEO_ESP
2023-09-08,GEO,ESP,ESP,Dani Olmo,38.0,False,False,20230908_GEO_ESP
2023-09-08,GEO,ESP,ESP,Álvaro Morata,40.0,False,False,20230908_GEO_ESP
2023-09-08,GEO,ESP,GEO,Giorgi Chakvetadze,49.0,False,False,20230908_GEO_ESP
2023-09-08,GEO,ESP,ESP,Álvaro Morata,66.0,False,False,20230908_GEO_ESP
2023-09-08,GEO,ESP,ESP,Nico Williams,68.0,False,False,20230908_GEO_ESP
2023-09-08,GEO,ESP,ESP,Lamine Yamal,74.0,False,False,20230908_GEO_ESP
2023-09-08,LUX,ISL,LUX,Maxime Chanot,9.0,False,True,20230908_LUX_ISL
2023-09-08,LUX,ISL,LUX,Yvandro Borges Sanches,70.0,False,False,20230908_LUX_ISL
2023-09-08,LUX,ISL,ISL,Hákon Arnar Haraldsson,88.0,False,False,20230908_LUX_ISL
2023-09-08,LUX,ISL,LUX,Danel Sinani,89.0,False,False,20230908_LUX_ISL
2023-09-08,SVK,POR,POR,Bruno Fernandes,43.0,False,False,20230908_SVK_POR
2023-09-08,TUR,ARM,ARM,Artak Dashyan,49.0,False,False,20230908_TUR_ARM
2023-09-08,TUR,ARM,TUR,Bertuğ Yıldırım,88.0,False,False,20230908_TUR_ARM
2023-09-08,URU,CHI,URU,Nicolás de la Cruz,38.0,False,False,20230908_URU_CHI
2023-09-08,URU,CHI,URU,Federico Valverde,45.0,False,False,20230908_URU_CHI
2023-09-08,URU,CHI,URU,Nicolás de la Cruz,71.0,False,False,20230908_URU_CHI
2023-09-08,URU,CHI,CHI,Arturo Vidal,74.0,False,False,20230908_URU_CHI
2023-09-09,AZE,BEL,BEL,Yannick Carrasco,38.0,False,False,20230909_AZE_BEL
2023-09-09,EST,SWE,SWE,Viktor Gyökeres,18.0,False,False,20230909_EST_SWE
2023-09-09,EST,SWE,SWE,Dejan Kulusevski,24.0,False,False,20230909_EST_SWE
2023-09-09,EST,SWE,SWE,Alexander Isak,39.0,False,False,20230909_EST_SWE
2023-09-09,EST,SWE,SWE,Robin Quaison,75.0,False,False,20230909_EST_SWE
2023-09-09,EST,SWE,SWE,Viktor Claesson,90.0,False,False,20230909_EST_SWE
2023-09-09,KVX,SUI,SUI,Remo Freuler,14.0,False,False,20230909_KVX_SUI
2023-09-09,KVX,SUI,KVX,Vedat Muriqi,65.0,False,False,20230909_KVX_SUI
2023-09-09,KVX,SUI,SUI,Amir Rrahmani,79.0,True,False,20230909_KVX_SUI
2023-09-09,KVX,SUI,KVX,Vedat Muriqi,90.0,False,False,20230909_KVX_SUI
2023-09-09,MKD,ITA,ITA,Ciro Immobile,47.0,False,False,20230909_MKD_ITA
2023-09-09,MKD,ITA,MKD,Enis Bardhi,81.0,False,False,20230909_MKD_ITA
2023-09-09,ROU,ISR,ROU,Denis Alibec,27.0,False,False,20230909_ROU_ISR
2023-09-09,ROU,ISR,ISR,Oscar Gloukh,53.0,False,False,20230909_ROU_ISR
2023-09-09,UKR,ENG,UKR,Oleksandr Zinchenko,26.0,False,False,20230909_UKR_ENG
2023-09-09,UKR,ENG,ENG,Kyle Walker,41.0,False,False,20230909_UKR_ENG
2023-09-10,ALB,POL,ALB,Jasir Asani,37.0,False,False,20230910_ALB_POL
2023-09-10,ALB,POL,ALB,Mirlind Daku,62.0,False,False,20230910_ALB_POL
2023-09-10,FRO,MDA,MDA,Vadim Rață,53.0,False,False,20230910_FRO_MDA
2023-09-10,FIN,DEN,DEN,Pierre-Emile Højbjerg,86.0,False,False,20230910_FIN_DEN
2023-09-10,GRE,GIB,GRE,Dimitrios Pelkas,9.0,False,False,20230910_GRE_GIB
2023-09-10,GRE,GIB,GRE,Konstantinos Mavropanos,23.0,False,False,20230910_GRE_GIB
2023-09-10,GRE,GIB,GRE,Giorgos Masouras,70.0,False,False,20230910_GRE_GIB
2023-09-10,GRE,GIB,GRE,Konstantinos Mavropanos,83.0,False,False,20230910_GRE_GIB
2023-09-10,GRE,GIB,GRE,Giorgos Masouras,90.0,False,False,20230910_GRE_GIB
2023-09-10,KAZ,NIR,KAZ,Maksim Samorodov,27.0,False,False,20230910_KAZ_NIR
2023-09-10,LTU,SRB,SRB,Aleksandar Mitrović,21.0,False,False,20230910_LTU_SRB
2023-09-10,LTU,SRB,SRB,Aleksandar Mitrović,32.0,False,False,20230910_LTU_SRB
2023-09-10,LTU,SRB,SRB,Aleksandar Mitrović,43.0,False,False,20230910_LTU_SRB
2023-09-10,LTU,SRB,LTU,Gytis Paulauskas,45.0,False,False,20230910_LTU_SRB
2023-09-10,MNE,BUL,MNE,Stefan Savić,45.0,False,False,20230910_MNE_BUL
2023-09-10,MNE,BUL,BUL,Preslav Borukov,79.0,False,False,20230910_MNE_BUL
2023-09-10,MNE,BUL,MNE,Stevan Jovetić,90.0,False,False,20230910_MNE_BUL
2023-09-10,IRL,NED,IRL,Adam Idah,5.0,False,True,20230910_IRL_NED
2023-09-10,IRL,NED,NED,Cody Gakpo,19.0,False,True,20230910_IRL_NED
2023-09-10,IRL,NED,NED,Wout Weghorst,56.0,False,False,20230910_IRL_NED
2023-09-10,SMR,SVN,SVN,Žan Vipotnik,4.0,False,False,20230910_SMR_SVN
2023-09-10,SMR,SVN,SVN,Jan Mlakar,16.0,False,False,20230910_SMR_SVN
2023-09-10,SMR,SVN,SVN,Sandi Lovrić,61.0,False,False,20230910_SMR_SVN
2023-09-10,SMR,SVN,SVN,Žan Karničnik,67.0,False,False,20230910_SMR_SVN
2023-09-11,ARM,CRO,CRO,Andrej Kramarić,13.0,False,False,20230911_ARM_CRO
2023-09-11,ISL,BIH,ISL,Alfreð Finnbogason,90.0,False,False,20230911_ISL_BIH
2023-09-11,LVA,WAL,WAL,Aaron Ramsey,29.0,False,True,20230911_LVA_WAL
2023-09-11,LVA,WAL,WAL,David Brooks,90.0,False,False,20230911_LVA_WAL
2023-09-11,POR,LUX,POR,Gonçalo Inácio,12.0,False,False,20230911_POR_LUX
2023-09-11,POR,LUX,POR,Gonçalo Ramos,18.0,False,False,20230911_POR_LUX
2023-09-11,POR,LUX,POR,Gonçalo Ramos,34.0,False,False,20230911_POR_LUX
2023-09-11,POR,LUX,POR,Gonçalo Inácio,45.0,False,False,20230911_POR_LUX
2023-09-11,POR,LUX,POR,Diogo Jota,58.0,False,False,20230911_POR_LUX
2023-09-11,POR,LUX,POR,Ricardo Horta,67.0,False,False,20230911_POR_LUX
2023-09-11,POR,LUX,POR,Diogo Jota,78.0,False,False,20230911_POR_LUX
2023-09-11,POR,LUX,POR,Bruno Fernandes,83.0,False,False,20230911_POR_LUX
2023-09-11,POR,LUX,POR,João Félix,88.0,False,False,20230911_POR_LUX
2023-09-11,SVK,LIE,SVK,Dávid Hancko,1.0,False,False,20230911_SVK_LIE
2023-09-11,SVK,LIE,SVK,Ondrej Duda,3.0,False,False,20230911_SVK_LIE
2023-09-11,SVK,LIE,SVK,Róbert Mak,6.0,False,False,20230911_SVK_LIE
2023-09-12,BEL,EST,BEL,Jan Vertonghen,4.0,False,False,20230912_BEL_EST
2023-09-12,BEL,EST,BEL,Leandro Trossard,18.0,False,False,20230912_BEL_EST
2023-09-12,BEL,EST,BEL,Romelu Lukaku,56.0,False,False,20230912_BEL_EST
2023-09-12,BEL,EST,BEL,Romelu Lukaku,58.0,False,False,20230912_BEL_EST
2023-09-12,BEL,EST,BEL,Charles De Ketelaere,88.0,False,False,20230912_BEL_EST
2023-09-12,BOL,ARG,ARG,Enzo Fernández,31.0,False,False,20230912_BOL_ARG
2023-09-12,BOL,ARG,ARG,Nicolás Tagliafico,42.0,False,False,20230912_BOL_ARG
2023-09-12,BOL,ARG,ARG,Nicolás González,83.0,False,False,20230912_BOL_ARG
2023-09-12,ECU,URU,URU,Agustín Canobbio,38.0,False,False,20230912_ECU_URU
2023-09-12,ECU,URU,ECU,Félix Torres,45.0,False,False,20230912_ECU_URU
2023-09-12,ECU,URU,ECU,Félix Torres,61.0,False,False,20230912_ECU_URU
2023-09-12,ISR,BLR,ISR,Gabi Kanichowsky,90.0,False,False,20230912_ISR_BLR
2023-09-12,ITA,UKR,ITA,Davide Frattesi,12.0,False,False,20230912_ITA_UKR
2023-09-12,ITA,UKR,ITA,Davide Frattesi,29.0,False,False,20230912_ITA_UKR
2023-09-12,ITA,UKR,UKR,Andriy Yarmolenko,41.0,False,False,20230912_ITA_UKR
2023-09-12,MLT,MKD,MKD,Elif Elmas,5.0,False,False,20230912_MLT_MKD
2023-09-12,MLT,MKD,MKD,Jovan Manev,41.0,False,False,20230912_MLT_MKD
2023-09-12,NOR,GEO,NOR,Erling Haaland,25.0,False,False,20230912_NOR_GEO
2023-09-12,NOR,GEO,NOR,Martin Ødegaard,33.0,False,False,20230912_NOR_GEO
2023-09-12,NOR,GEO,GEO,Budu Zivzivadze,90.0,False,False,20230912_NOR_GEO
2023-09-12,PER,BRA,BRA,Marquinhos,90.0,False,False,20230912_PER_BRA
2023-09-12,ROU,KVX,ROU,Nicolae Stanciu,83.0,False,False,20230912_ROU_KVX
2023-09-12,ROU,KVX,ROU,Valentin Mihăilă,90.0,False,False,20230912_ROU_KVX
2023-09-12,ESP,CYP,ESP,Gavi,18.0,False,False,20230912_ESP_CYP
2023-09-12,ESP,CYP,ESP,Mikel Merino,33.0,False,False,20230912_ESP_CYP
2023-09-12,ESP,CYP,ESP,Joselu,70.0,False,False,20230912_ESP_CYP
2023-09-12,ESP,CYP,ESP,Ferran Torres,73.0,False,False,20230912_ESP_CYP
2023-09-12,ESP,CYP,ESP,Álex Baena,77.0,False,False,20230912_ESP_CYP
2023-09-12,ESP,CYP,ESP,Ferran Torres,83.0,False,False,20230912_ESP_CYP
2023-09-12,SWE,AUT,AUT,Michael Gregoritsch,53.0,False,False,20230912_SWE_AUT
2023-09-12,SWE,AUT,AUT,Marko Arnautović,56.0,False,False,20230912_SWE_AUT
2023-09-12,SWE,AUT,AUT,Marko Arnautović,69.0,False,True,20230912_SWE_AUT
2023-09-12,SWE,AUT,SWE,Emil Holm,90.0,False,False,20230912_SWE_AUT
2023-09-12,SUI,AND,SUI,Cedric Itten,49.0,False,False,20230912_SUI_AND
2023-09-12,SUI,AND,SUI,Granit Xhaka,84.0,False,False,20230912_SUI_AND
2023-09-12,SUI,AND,SUI,Xherdan Shaqiri,90.0,False,True,20230912_SUI_AND
2023-09-12,VEN,PAR,VEN,Salomón Rondón,90.0,False,True,20230912_VEN_PAR
2023-10-12,AFG,Mongolia,AFG,Jabar Sharza,60.0,False,False,20231012_AFG_Mongolia
2023-10-12,ALB,CZE,ALB,Jasir Asani,9.0,False,False,20231012_ALB_CZE
2023-10-12,ALB,CZE,ALB,Taulant Seferi,51.0,False,False,20231012_ALB_CZE
2023-10-12,ALB,CZE,ALB,Taulant Seferi,73.0,False,False,20231012_ALB_CZE
2023-10-12,AND,KVX,KVX,Milot Rashica,26.0,False,False,20231012_AND_KVX
2023-10-12,AND,KVX,KVX,Milot Rashica,71.0,False,False,20231012_AND_KVX
2023-10-12,AND,KVX,KVX,Altin Zeqiri,83.0,False,False,20231012_AND_KVX
2023-10-12,ARG,PAR,ARG,Nicolás Otamendi,3.0,False,False,20231012_ARG_PAR
2023-10-12,BOL,ECU,ECU,Kendry Páez,45.0,False,False,20231012_BOL_ECU
2023-10-12,BOL,ECU,BOL,Rodrigo Ramallo,83.0,False,False,20231012_BOL_ECU
2023-10-12,BOL,ECU,ECU,Kevin Rodríguez,90.0,False,False,20231012_BOL_ECU
2023-10-12,BRA,VEN,BRA,Gabriel Magalhães,50.0,False,False,20231012_BRA_VEN
2023-10-12,BRA,VEN,VEN,Eduard Bello,85.0,False,False,20231012_BRA_VEN
2023-10-12,CHI,PER,CHI,Diego Valdés,74.0,False,False,20231012_CHI_PER
2023-10-12,CHI,PER,CHI,Marcelino Núñez,90.0,False,False,20231012_CHI_PER
2023-10-12,COL,URU,COL,James Rodríguez,35.0,False,False,20231012_COL_URU
2023-10-12,COL,URU,URU,Mathías Olivera,47.0,False,False,20231012_COL_URU
2023-10-12,COL,URU,COL,Mateus Uribe,52.0,False,False,20231012_COL_URU
2023-10-12,COL,URU,URU,Darwin Núñez,90.0,False,True,20231012_COL_URU
2023-10-12,CRO,TUR,TUR,Barış Alper Yılmaz,30.0,False,False,20231012_CRO_TUR
2023-10-12,CYP,NOR,NOR,Alexander Sørloth,33.0,False,False,20231012_CYP_NOR
2023-10-12,CYP,NOR,NOR,Erling Haaland,65.0,False,False,20231012_CYP_NOR
2023-10-12,CYP,NOR,NOR,Erling Haaland,72.0,False,False,20231012_CYP_NOR
2023-10-12,CYP,NOR,NOR,Fredrik Aursnes,81.0,False,False,20231012_CYP_NOR
2023-10-12,FRO,POL,POL,Sebastian Szymański,4.0,False,False,20231012_FRO_POL
2023-10-12,FRO,POL,POL,Adam Buksa,65.0,False,False,20231012_FRO_POL
2023-10-12,HKG,BHU,HKG,Michael Udebuluzor,10.0,False,False,20231012_HKG_BHU
2023-10-12,HKG,BHU,HKG,Michael Udebuluzor,16.0,False,False,20231012_HKG_BHU
2023-10-12,HKG,BHU,HKG,Shinichi Chan,28.0,False,False,20231012_HKG_BHU
2023-10-12,HKG,BHU,HKG,Tenzin Norbu,35.0,True,False,20231012_HKG_BHU
2023-10-12,IDN,BRU,IDN,Dimas Drajad,7.0,False,False,20231012_IDN_BRU
2023-10-12,IDN,BRU,IDN,Rizky Ridho,12.0,False,False,20231012_IDN_BRU
2023-10-12,IDN,BRU,IDN,Ramadhan Sananta,63.0,False,True,20231012_IDN_BRU
2023-10-12,IDN,BRU,IDN,Ramadhan Sananta,67.0,False,False,20231012_IDN_BRU
2023-10-12,IDN,BRU,IDN,Dimas Drajad,72.0,False,False,20231012_IDN_BRU
2023-10-12,IDN,BRU,IDN,Dimas Drajad,90.0,False,False,20231012_IDN_BRU
2023-10-12,LVA,ARM,LVA,Jānis Ikaunieks,39.0,False,False,20231012_LVA_ARM
2023-10-12,LVA,ARM,LVA,Daniels Balodis,68.0,False,False,20231012_LVA_ARM
2023-10-12,MDV,BAN,MDV,Hassan Nazeem,87.0,False,False,20231012_MDV_BAN
2023-10-12,MDV,BAN,BAN,Md Saad Uddin,90.0,False,False,20231012_MDV_BAN
2023-10-12,MYA,MAC,MYA,Lwin Moe Aung,39.0,False,False,20231012_MYA_MAC
2023-10-12,MYA,MAC,MAC,Niki Torrão,55.0,False,False,20231012_MYA_MAC
2023-10-12,MYA,MAC,MYA,Soe Moe Kyaw,62.0,False,False,20231012_MYA_MAC
2023-10-12,MYA,MAC,MYA,Aung Kaung Mann,81.0,False,False,20231012_MYA_MAC
2023-10-12,MYA,MAC,MYA,Lwin Moe Aung,90.0,False,False,20231012_MYA_MAC
2023-10-12,MYA,MAC,MYA,Nay Moe Naing,90.0,False,False,20231012_MYA_MAC
2023-10-12,NEP,LAO,LAO,Bounphachan Bounkong,33.0,False,False,20231012_NEP_LAO
2023-10-12,NEP,LAO,NEP,Anjan Bista,48.0,False,False,20231012_NEP_LAO
2023-10-12,SGP,GUM,SGP,Christopher van Huizen,35.0,False,False,20231012_SGP_GUM
2023-10-12,SGP,GUM,SGP,Jacob Mahler,41.0,False,False,20231012_SGP_GUM
2023-10-12,SGP,GUM,GUM,Jason Cunliffe,90.0,False,False,20231012_SGP_GUM
2023-10-12,ESP,SCO,ESP,Álvaro Morata,73.0,False,False,20231012_ESP_SCO
2023-10-12,ESP,SCO,ESP,Oihan Sancet,86.0,False,False,20231012_ESP_SCO
2023-10-12,TPE,Timor-Leste,TPE,Yu Yao-hsing,4.0,False,False,20231012_TPE_Timor-Leste
2023-10-12,TPE,Timor-Leste,TPE,Chen Ting-yang,57.0,False,False,20231012_TPE_Timor-Leste
2023-10-12,TPE,Timor-Leste,TPE,Yu Yao-hsing,60.0,False,False,20231012_TPE_Timor-Leste
2023-10-12,TPE,Timor-Leste,TPE,Ko Yu-ting,88.0,False,False,20231012_TPE_Timor-Leste
2023-10-12,YEM,SRI,YEM,Ahmed Maher,33.0,False,False,20231012_YEM_SRI
2023-10-12,YEM,SRI,YEM,Nasser Al-Gahwashi,67.0,False,False,20231012_YEM_SRI
2023-10-12,YEM,SRI,YEM,Abdulwasea Al-Matari,90.0,False,False,20231012_YEM_SRI
2023-10-13,AUT,BEL,BEL,Dodi Lukebakio,12.0,False,False,20231013_AUT_BEL
2023-10-13,AUT,BEL,BEL,Dodi Lukebakio,55.0,False,False,20231013_AUT_BEL
2023-10-13,AUT,BEL,BEL,Romelu Lukaku,58.0,False,False,20231013_AUT_BEL
2023-10-13,AUT,BEL,AUT,Konrad Laimer,72.0,False,False,20231013_AUT_BEL
2023-10-13,AUT,BEL,AUT,Marcel Sabitzer,84.0,False,True,20231013_AUT_BEL
2023-10-13,EST,AZE,AZE,Toral Bayramov,9.0,False,False,20231013_EST_AZE
2023-10-13,EST,AZE,AZE,Ramil Sheydayev,45.0,False,True,20231013_EST_AZE
2023-10-13,ISL,LUX,ISL,Orri Óskarsson,23.0,False,False,20231013_ISL_LUX
2023-10-13,ISL,LUX,LUX,Gerson Rodrigues,46.0,False,False,20231013_ISL_LUX
2023-10-13,LIE,BIH,BIH,Amar Rahmanović,13.0,False,False,20231013_LIE_BIH
2023-10-13,LIE,BIH,BIH,Miroslav Stevanović,41.0,False,False,20231013_LIE_BIH
2023-10-13,NED,FRA,FRA,Kylian Mbappé,7.0,False,False,20231013_NED_FRA
2023-10-13,NED,FRA,FRA,Kylian Mbappé,53.0,False,False,20231013_NED_FRA
2023-10-13,NED,FRA,NED,Quilindschy Hartman,83.0,False,False,20231013_NED_FRA
2023-10-13,POR,SVK,POR,Gonçalo Ramos,18.0,False,False,20231013_POR_SVK
2023-10-13,POR,SVK,POR,Cristiano Ronaldo,29.0,False,True,20231013_POR_SVK
2023-10-13,POR,SVK,SVK,Dávid Hancko,69.0,False,False,20231013_POR_SVK
2023-10-13,POR,SVK,POR,Cristiano Ronaldo,72.0,False,False,20231013_POR_SVK
2023-10-13,POR,SVK,SVK,Stanislav Lobotka,80.0,False,False,20231013_POR_SVK
2023-10-13,IRL,GRE,GRE,Giorgos Giakoumakis,20.0,False,False,20231013_IRL_GRE
2023-10-13,IRL,GRE,GRE,Giorgos Masouras,45.0,False,False,20231013_IRL_GRE
2023-10-14,BUL,LTU,LTU,Pijus Širvys,45.0,False,False,20231014_BUL_LTU
2023-10-14,BUL,LTU,LTU,Pijus Širvys,55.0,False,False,20231014_BUL_LTU
2023-10-14,DEN,KAZ,DEN,Jonas Wind,36.0,False,False,20231014_DEN_KAZ
2023-10-14,DEN,KAZ,DEN,Robert Skov,45.0,False,False,20231014_DEN_KAZ
2023-10-14,DEN,KAZ,DEN,Robert Skov,48.0,False,False,20231014_DEN_KAZ
2023-10-14,DEN,KAZ,KAZ,Yan Vorogovsky,58.0,False,False,20231014_DEN_KAZ
2023-10-14,HUN,SRB,HUN,Barnabás Varga,20.0,False,False,20231014_HUN_SRB
2023-10-14,HUN,SRB,SRB,Strahinja Pavlović,33.0,False,False,20231014_HUN_SRB
2023-10-14,HUN,SRB,HUN,Roland Sallai,34.0,False,False,20231014_HUN_SRB
2023-10-14,ITA,MLT,ITA,Giacomo Bonaventura,23.0,False,False,20231014_ITA_MLT
2023-10-14,ITA,MLT,ITA,Domenico Berardi,45.0,False,False,20231014_ITA_MLT
2023-10-14,ITA,MLT,ITA,Domenico Berardi,64.0,False,False,20231014_ITA_MLT
2023-10-14,ITA,MLT,ITA,Davide Frattesi,90.0,False,False,20231014_ITA_MLT
2023-10-14,NIR,SMR,NIR,Paul Smyth,5.0,False,False,20231014_NIR_SMR
2023-10-14,NIR,SMR,NIR,Josh Magennis,11.0,False,False,20231014_NIR_SMR
2023-10-14,NIR,SMR,NIR,Conor McMenamin,81.0,False,False,20231014_NIR_SMR
2023-10-14,SVN,FIN,SVN,Benjamin Šeško,16.0,False,True,20231014_SVN_FIN
2023-10-14,SVN,FIN,SVN,Benjamin Šeško,28.0,False,False,20231014_SVN_FIN
2023-10-14,SVN,FIN,SVN,Erik Janža,90.0,False,False,20231014_SVN_FIN
2023-10-14,UKR,MKD,UKR,Heorhiy Sudakov,30.0,False,False,20231014_UKR_MKD
2023-10-14,UKR,MKD,UKR,Oleksandr Karavayev,90.0,False,False,20231014_UKR_MKD
2023-10-15,CZE,FRO,CZE,Tomáš Souček,76.0,False,True,20231015_CZE_FRO
2023-10-15,GEO,CYP,GEO,Otar Kiteishvili,46.0,False,False,20231015_GEO_CYP
2023-10-15,GEO,CYP,GEO,Khvicha Kvaratskhelia,58.0,False,False,20231015_GEO_CYP
2023-10-15,GEO,CYP,GEO,Levan Shengelia,82.0,False,False,20231015_GEO_CYP
2023-10-15,GEO,CYP,GEO,Georges Mikautadze,90.0,False,True,20231015_GEO_CYP
2023-10-15,NOR,ESP,ESP,Gavi,49.0,False,False,20231015_NOR_ESP
2023-10-15,POL,MDA,MDA,Ion Nicolaescu,26.0,False,False,20231015_POL_MDA
2023-10-15,POL,MDA,POL,Karol Świderski,53.0,False,False,20231015_POL_MDA
2023-10-15,ROU,AND,ROU,Nicolae Stanciu,23.0,False,False,20231015_ROU_AND
2023-10-15,ROU,AND,ROU,Ianis Hagi,28.0,False,False,20231015_ROU_AND
2023-10-15,ROU,AND,ROU,Răzvan Marin,44.0,False,True,20231015_ROU_AND
2023-10-15,ROU,AND,ROU,Florinel Coman,50.0,False,False,20231015_ROU_AND
2023-10-15,SUI,BLR,SUI,Xherdan Shaqiri,28.0,False,False,20231015_SUI_BLR
2023-10-15,SUI,BLR,BLR,Max Ebong,61.0,False,False,20231015_SUI_BLR
2023-10-15,SUI,BLR,BLR,Denis Polyakov,69.0,False,False,20231015_SUI_BLR
2023-10-15,SUI,BLR,BLR,Dmitry Antilevsky,84.0,False,False,20231015_SUI_BLR
2023-10-15,SUI,BLR,SUI,Manuel Akanji,89.0,False,False,20231015_SUI_BLR
2023-10-15,SUI,BLR,SUI,Zeki Amdouni,90.0,False,False,20231015_SUI_BLR
2023-10-15,TUR,LVA,TUR,Yunus Akgün,58.0,False,False,20231015_TUR_LVA
2023-10-15,TUR,LVA,TUR,Cenk Tosun,84.0,False,False,20231015_TUR_LVA
2023-10-15,TUR,LVA,TUR,Kerem Aktürkoğlu,88.0,False,False,20231015_TUR_LVA
2023-10-15,TUR,LVA,TUR,Cenk Tosun,90.0,False,False,20231015_TUR_LVA
2023-10-15,WAL,CRO,WAL,Harry Wilson,47.0,False,False,20231015_WAL_CRO
2023-10-15,WAL,CRO,WAL,Harry Wilson,60.0,False,False,20231015_WAL_CRO
2023-10-15,WAL,CRO,CRO,Mario Pašalić,75.0,False,False,20231015_WAL_CRO
2023-10-16,AZE,AUT,AUT,Marcel Sabitzer,48.0,False,True,20231016_AZE_AUT
2023-10-16,BEL,SWE,SWE,Viktor Gyökeres,15.0,False,False,20231016_BEL_SWE
2023-10-16,BEL,SWE,BEL,Romelu Lukaku,31.0,False,True,20231016_BEL_SWE
2023-10-16,BIH,POR,POR,Cristiano Ronaldo,5.0,False,True,20231016_BIH_POR
2023-10-16,BIH,POR,POR,Cristiano Ronaldo,20.0,False,False,20231016_BIH_POR
2023-10-16,BIH,POR,POR,Bruno Fernandes,25.0,False,False,20231016_BIH_POR
2023-10-16,BIH,POR,POR,João Cancelo,32.0,False,False,20231016_BIH_POR
2023-10-16,BIH,POR,POR,João Félix,41.0,False,False,20231016_BIH_POR
2023-10-16,GIB,IRL,IRL,Evan Ferguson,8.0,False,False,20231016_GIB_IRL
2023-10-16,GIB,IRL,IRL,Mikey Johnston,28.0,False,False,20231016_GIB_IRL
2023-10-16,GIB,IRL,IRL,Matt Doherty,60.0,False,False,20231016_GIB_IRL
2023-10-16,GIB,IRL,IRL,Callum Robinson,80.0,False,False,20231016_GIB_IRL
2023-10-16,GRE,NED,NED,Virgil van Dijk,90.0,False,True,20231016_GRE_NED
2023-10-16,ISL,LIE,ISL,Gylfi Sigurðsson,22.0,False,True,20231016_ISL_LIE
2023-10-16,ISL,LIE,ISL,Alfreð Finnbogason,44.0,False,False,20231016_ISL_LIE
2023-10-16,ISL,LIE,ISL,Gylfi Sigurðsson,49.0,False,False,20231016_ISL_LIE
2023-10-16,ISL,LIE,ISL,Hákon Arnar Haraldsson,63.0,False,False,20231016_ISL_LIE
2023-10-16,LUX,SVK,SVK,Dávid Ďuriš,77.0,False,False,20231016_LUX_SVK
2023-10-17,BAN,MDV,BAN,Rakib Hossain,11.0,False,False,20231017_BAN_MDV
2023-10-17,BAN,MDV,MDV,Aisam Ibrahim,36.0,False,False,20231017_BAN_MDV
2023-10-17,BAN,MDV,BAN,Foysal Ahmed Fahim,46.0,False,False,20231017_BAN_MDV
2023-10-17,BHU,HKG,BHU,Chencho Gyeltshen,28.0,False,False,20231017_BHU_HKG
2023-10-17,BHU,HKG,BHU,Lobzang Chogyal,47.0,False,False,20231017_BHU_HKG
2023-10-17,BRU,IDN,IDN,Hokky Caraka,6.0,False,False,20231017_BRU_IDN
2023-10-17,BRU,IDN,IDN,Egy Maulana Vikri,42.0,False,False,20231017_BRU_IDN
2023-10-17,BRU,IDN,IDN,Hokky Caraka,44.0,False,False,20231017_BRU_IDN
2023-10-17,BRU,IDN,IDN,Witan Sulaeman,47.0,False,True,20231017_BRU_IDN
2023-10-17,BRU,IDN,IDN,Rizky Ridho,63.0,False,False,20231017_BRU_IDN
2023-10-17,BRU,IDN,IDN,Ramadhan Sananta,82.0,False,False,20231017_BRU_IDN
2023-10-17,ENG,ITA,ITA,Gianluca Scamacca,15.0,False,False,20231017_ENG_ITA
2023-10-17,ENG,ITA,ENG,Harry Kane,32.0,False,True,20231017_ENG_ITA
2023-10-17,ENG,ITA,ENG,Marcus Rashford,57.0,False,False,20231017_ENG_ITA
2023-10-17,ENG,ITA,ENG,Harry Kane,77.0,False,False,20231017_ENG_ITA
2023-10-17,FIN,KAZ,FIN,Robert Taylor,28.0,False,False,20231017_FIN_KAZ
2023-10-17,FIN,KAZ,KAZ,Bakhtiyar Zaynutdinov,77.0,False,True,20231017_FIN_KAZ
2023-10-17,FIN,KAZ,KAZ,Bakhtiyar Zaynutdinov,89.0,False,False,20231017_FIN_KAZ
2023-10-17,GUM,SGP,SGP,Shawal Anuar,81.0,False,False,20231017_GUM_SGP
2023-10-17,LAO,NEP,NEP,Manish Dangi,53.0,False,False,20231017_LAO_NEP
2023-10-17,LTU,HUN,LTU,Fedor Černych,20.0,False,False,20231017_LTU_HUN
2023-10-17,LTU,HUN,LTU,Pijus Širvys,36.0,False,False,20231017_LTU_HUN
2023-10-17,LTU,HUN,HUN,Dominik Szoboszlai,67.0,False,True,20231017_LTU_HUN
2023-10-17,LTU,HUN,HUN,Barnabás Varga,82.0,False,False,20231017_LTU_HUN
2023-10-17,MLT,UKR,MLT,Paul Mbong,12.0,False,False,20231017_MLT_UKR
2023-10-17,MLT,UKR,UKR,Ryan Camenzuli,38.0,True,False,20231017_MLT_UKR
2023-10-17,MLT,UKR,UKR,Artem Dovbyk,43.0,False,True,20231017_MLT_UKR
2023-10-17,MLT,UKR,UKR,Mykhailo Mudryk,85.0,False,False,20231017_MLT_UKR
2023-10-17,Mongolia,AFG,AFG,Farshad Noor,72.0,False,False,20231017_Mongolia_AFG
2023-10-17,NIR,SVN,SVN,Adam Gnezda Čerin,5.0,False,False,20231017_NIR_SVN
2023-10-17,PAK,CAM,PAK,Harun Hamid,68.0,False,False,20231017_PAK_CAM
2023-10-17,PAR,BOL,PAR,Antonio Sanabria,69.0,False,False,20231017_PAR_BOL
2023-10-17,PER,ARG,ARG,Lionel Messi,32.0,False,False,20231017_PER_ARG
2023-10-17,PER,ARG,ARG,Lionel Messi,42.0,False,False,20231017_PER_ARG
2023-10-17,SMR,DEN,DEN,Rasmus Højlund,42.0,False,False,20231017_SMR_DEN
2023-10-17,SMR,DEN,SMR,Alessandro Golinucci,61.0,False,False,20231017_SMR_DEN
2023-10-17,SMR,DEN,DEN,Yussuf Poulsen,70.0,False,False,20231017_SMR_DEN
2023-10-17,SRB,MNE,SRB,Aleksandar Mitrović,9.0,False,False,20231017_SRB_MNE
2023-10-17,SRB,MNE,MNE,Stevan Jovetić,36.0,False,False,20231017_SRB_MNE
2023-10-17,SRB,MNE,SRB,Aleksandar Mitrović,74.0,False,False,20231017_SRB_MNE
2023-10-17,SRB,MNE,SRB,Dušan Tadić,77.0,False,False,20231017_SRB_MNE
2023-10-17,SRI,YEM,YEM,Abdulwasea Al-Matari,4.0,False,False,20231017_SRI_YEM
2023-10-17,SRI,YEM,SRI,Charitha Rathnayake,89.0,False,False,20231017_SRI_YEM
2023-10-17,TPE,Timor-Leste,TPE,Yu Chia-huang,18.0,False,False,20231017_TPE_Timor-Leste
2023-10-17,TPE,Timor-Leste,TPE,Wu Yen-shu,21.0,False,False,20231017_TPE_Timor-Leste
2023-10-17,TPE,Timor-Leste,TPE,Ange Kouamé,24.0,False,False,20231017_TPE_Timor-Leste
2023-10-17,URU,BRA,URU,Darwin Núñez,42.0,False,False,20231017_URU_BRA
2023-10-17,URU,BRA,URU,Nicolás de la Cruz,77.0,False,False,20231017_URU_BRA
2023-10-17,VEN,CHI,VEN,Yeferson Soteldo,45.0,False,False,20231017_VEN_CHI
2023-10-17,VEN,CHI,VEN,Salomón Rondón,72.0,False,False,20231017_VEN_CHI
2023-10-17,VEN,CHI,VEN,Darwin Machís,79.0,False,False,20231017_VEN_CHI
2023-11-12,KVX,ISR,KVX,Milot Rashica,41.0,False,False,20231112_KVX_ISR
2023-11-15,COD,MTN,COD,Yoane Wissa,62.0,False,False,20231115_COD_MTN
2023-11-15,COD,MTN,COD,Théo Bongonda,81.0,False,False,20231115_COD_MTN
2023-11-15,ISR,SUI,SUI,Ruben Vargas,36.0,False,False,20231115_ISR_SUI
2023-11-15,ISR,SUI,ISR,Shon Weissman,88.0,False,False,20231115_ISR_SUI
2023-11-16,ALG,Somalia,ALG,Ahmed Abdullahi Abdi,2.0,True,False,20231116_ALG_Somalia
2023-11-16,ALG,Somalia,ALG,Baghdad Bounedjah,31.0,False,False,20231116_ALG_Somalia
2023-11-16,ALG,Somalia,Somalia,Yusuf Ahmed,65.0,False,False,20231116_ALG_Somalia
2023-11-16,ALG,Somalia,ALG,Islam Slimani,80.0,False,False,20231116_ALG_Somalia
2023-11-16,ARG,URU,URU,Ronald Araújo,41.0,False,False,20231116_ARG_URU
2023-11-16,ARG,URU,URU,Darwin Núñez,87.0,False,False,20231116_ARG_URU
2023-11-16,AUS,BAN,AUS,Harry Souttar,4.0,False,False,20231116_AUS_BAN
2023-11-16,AUS,BAN,AUS,Brandon Borrello,20.0,False,False,20231116_AUS_BAN
2023-11-16,AUS,BAN,AUS,Mitchell Duke,37.0,False,False,20231116_AUS_BAN
2023-11-16,AUS,BAN,AUS,Mitchell Duke,40.0,False,False,20231116_AUS_BAN
2023-11-16,AUS,BAN,AUS,Jamie Maclaren,48.0,False,False,20231116_AUS_BAN
2023-11-16,AUS,BAN,AUS,Jamie Maclaren,70.0,False,False,20231116_AUS_BAN
2023-11-16,AUS,BAN,AUS,Jamie Maclaren,84.0,False,False,20231116_AUS_BAN
2023-11-16,AZE,SWE,AZE,Emin Mahmudov,3.0,False,False,20231116_AZE_SWE
2023-11-16,AZE,SWE,AZE,Renat Dadashov,6.0,False,False,20231116_AZE_SWE
2023-11-16,AZE,SWE,AZE,Emin Mahmudov,89.0,False,False,20231116_AZE_SWE
2023-11-16,BOL,PER,BOL,Henry Vaca,20.0,False,False,20231116_BOL_PER
2023-11-16,BOL,PER,BOL,Ramiro Vaca,87.0,False,False,20231116_BOL_PER
2023-11-16,BOT,MOZ,MOZ,Clésio,14.0,False,False,20231116_BOT_MOZ
2023-11-16,BOT,MOZ,MOZ,Stanley Ratifo,52.0,False,False,20231116_BOT_MOZ
2023-11-16,BOT,MOZ,BOT,Molaodi Tlhalefang,74.0,False,False,20231116_BOT_MOZ
2023-11-16,BOT,MOZ,MOZ,Jonathan Muiomo,75.0,False,False,20231116_BOT_MOZ
2023-11-16,BOT,MOZ,BOT,Mogakolodi Ngele,85.0,False,False,20231116_BOT_MOZ
2023-11-16,BUL,HUN,HUN,Martin Ádám,10.0,False,False,20231116_BUL_HUN
2023-11-16,BUL,HUN,BUL,Spas Delev,24.0,False,False,20231116_BUL_HUN
2023-11-16,BUL,HUN,BUL,Kiril Despodov,78.0,False,True,20231116_BUL_HUN
2023-11-16,BUL,HUN,HUN,Aleks Petkov,90.0,True,False,20231116_BUL_HUN
2023-11-16,BDI,GAM,BDI,Abedi Bigirimana,31.0,False,False,20231116_BDI_GAM
2023-11-16,BDI,GAM,BDI,Frédéric Nsabiyumva,35.0,False,False,20231116_BDI_GAM
2023-11-16,BDI,GAM,GAM,Musa Barrow,45.0,False,False,20231116_BDI_GAM
2023-11-16,BDI,GAM,BDI,Sudi Abdallah,75.0,False,False,20231116_BDI_GAM
2023-11-16,BDI,GAM,GAM,Ebrima Colley,90.0,False,True,20231116_BDI_GAM
2023-11-16,COL,BRA,BRA,Gabriel Martinelli,4.0,False,False,20231116_COL_BRA
2023-11-16,COL,BRA,COL,Luis Díaz,75.0,False,False,20231116_COL_BRA
2023-11-16,COL,BRA,COL,Luis Díaz,79.0,False,False,20231116_COL_BRA
2023-11-16,CYP,ESP,ESP,Lamine Yamal,5.0,False,False,20231116_CYP_ESP
2023-11-16,CYP,ESP,ESP,Mikel Oyarzabal,22.0,False,False,20231116_CYP_ESP
2023-11-16,CYP,ESP,ESP,Joselu,28.0,False,False,20231116_CYP_ESP
2023-11-16,CYP,ESP,CYP,Kostas Pileas,75.0,False,False,20231116_CYP_ESP
2023-11-16,EGY,Djibouti,EGY,Mohamed Salah,17.0,False,False,20231116_EGY_Djibouti
2023-11-16,EGY,Djibouti,EGY,Mohamed Salah,22.0,False,True,20231116_EGY_Djibouti
2023-11-16,EGY,Djibouti,EGY,Mohamed Salah,48.0,False,False,20231116_EGY_Djibouti
2023-11-16,EGY,Djibouti,EGY,Mohamed Salah,69.0,False,False,20231116_EGY_Djibouti
2023-11-16,EGY,Djibouti,EGY,Mostafa Mohamed,73.0,False,False,20231116_EGY_Djibouti
2023-11-16,EGY,Djibouti,EGY,Trézéguet,89.0,False,False,20231116_EGY_Djibouti
2023-11-16,EST,AUT,AUT,Konrad Laimer,25.0,False,False,20231116_EST_AUT
2023-11-16,EST,AUT,AUT,Philipp Lienhart,39.0,False,False,20231116_EST_AUT
2023-11-16,GAB,KEN,KEN,Masoud Juma,40.0,False,False,20231116_GAB_KEN
2023-11-16,GAB,KEN,GAB,Denis Bouanga,60.0,False,False,20231116_GAB_KEN
2023-11-16,GAB,KEN,GAB,Guélor Kanga,88.0,False,False,20231116_GAB_KEN
2023-11-16,GEO,SCO,GEO,Khvicha Kvaratskhelia,15.0,False,False,20231116_GEO_SCO
2023-11-16,GEO,SCO,SCO,Scott McTominay,49.0,False,False,20231116_GEO_SCO
2023-11-16,GEO,SCO,GEO,Khvicha Kvaratskhelia,57.0,False,False,20231116_GEO_SCO
2023-11-16,GEO,SCO,SCO,Lawrence Shankland,90.0,False,False,20231116_GEO_SCO
2023-11-16,IRN,HKG,IRN,Sardar Azmoun,12.0,False,False,20231116_IRN_HKG
2023-11-16,IRN,HKG,IRN,Sardar Azmoun,15.0,False,False,20231116_IRN_HKG
2023-11-16,IRN,HKG,IRN,Mehdi Taremi,87.0,False,False,20231116_IRN_HKG
2023-11-16,IRN,HKG,IRN,Ramin Rezaeian,90.0,False,False,20231116_IRN_HKG
2023-11-16,IRQ,IDN,IRQ,Bashar Resan,20.0,False,False,20231116_IRQ_IDN
2023-11-16,IRQ,IDN,IRQ,Jordi Amat,35.0,True,False,20231116_IRQ_IDN
2023-11-16,IRQ,IDN,IDN,Shayne Pattynama,45.0,False,False,20231116_IRQ_IDN
2023-11-16,IRQ,IDN,IRQ,Osama Rashid,60.0,False,False,20231116_IRQ_IDN
2023-11-16,IRQ,IDN,IRQ,Youssef Amyn,81.0,False,False,20231116_IRQ_IDN
2023-11-16,IRQ,IDN,IRQ,Ali Al-Hamadi,88.0,False,False,20231116_IRQ_IDN
2023-11-16,JPN,MYA,JPN,Ayase Ueda,11.0,False,False,20231116_JPN_MYA
2023-11-16,JPN,MYA,JPN,Daichi Kamada,28.0,False,False,20231116_JPN_MYA
2023-11-16,JPN,MYA,JPN,Ayase Ueda,45.0,False,False,20231116_JPN_MYA
2023-11-16,JPN,MYA,JPN,Ayase Ueda,50.0,False,False,20231116_JPN_MYA
2023-11-16,JPN,MYA,JPN,Ritsu Dōan,86.0,False,False,20231116_JPN_MYA
2023-11-16,KUW,IND,IND,Manvir Singh,75.0,False,False,20231116_KUW_IND
2023-11-16,LIE,POR,POR,Cristiano Ronaldo,46.0,False,False,20231116_LIE_POR
2023-11-16,LIE,POR,POR,João Cancelo,57.0,False,False,20231116_LIE_POR
2023-11-16,LUX,BIH,LUX,Mathias Olesen,6.0,False,False,20231116_LUX_BIH
2023-11-16,LUX,BIH,LUX,Gerson Rodrigues,30.0,False,True,20231116_LUX_BIH
2023-11-16,LUX,BIH,LUX,Nihad Mujakić,55.0,True,False,20231116_LUX_BIH
2023-11-16,LUX,BIH,LUX,Gerson Rodrigues,90.0,False,False,20231116_LUX_BIH
2023-11-16,LUX,BIH,BIH,Renato Gojković,90.0,False,False,20231116_LUX_BIH
2023-11-16,MAS,KGZ,MAS,Dion Cools,7.0,False,False,20231116_MAS_KGZ
2023-11-16,MAS,KGZ,KGZ,Kayrat Zhyrgalbek uulu,42.0,False,False,20231116_MAS_KGZ
2023-11-16,MAS,KGZ,KGZ,Ernist Batyrkanov,44.0,False,False,20231116_MAS_KGZ
2023-11-16,MAS,KGZ,KGZ,Kai Merk,57.0,False,False,20231116_MAS_KGZ
2023-11-16,MAS,KGZ,MAS,Khristiyan Brauzman,72.0,True,False,20231116_MAS_KGZ
2023-11-16,MAS,KGZ,MAS,Dion Cools,77.0,False,False,20231116_MAS_KGZ
2023-11-16,MAS,KGZ,MAS,Faisal Halim,90.0,False,False,20231116_MAS_KGZ
2023-11-16,MNE,LTU,MNE,Edvin Kuč,3.0,False,False,20231116_MNE_LTU
2023-11-16,MNE,LTU,MNE,Stevan Jovetić,48.0,False,False,20231116_MNE_LTU
2023-11-16,NGA,LES,LES,Motlomelo Mkwanazi,56.0,False,False,20231116_NGA_LES
2023-11-16,NGA,LES,NGA,Semi Ajayi,67.0,False,False,20231116_NGA_LES
2023-11-16,OMA,TPE,OMA,Omar Al-Malki,17.0,False,False,20231116_OMA_TPE
2023-11-16,OMA,TPE,OMA,Pan Wen-chieh,41.0,True,False,20231116_OMA_TPE
2023-11-16,OMA,TPE,OMA,Mataz Saleh,90.0,False,False,20231116_OMA_TPE
2023-11-16,PHI,VIE,VIE,Nguyễn Văn Toàn,16.0,False,False,20231116_PHI_VIE
2023-11-16,PHI,VIE,VIE,Nguyễn Đình Bắc,90.0,False,False,20231116_PHI_VIE
2023-11-16,QAT,AFG,QAT,Hassan Al-Haydos,11.0,False,False,20231116_QAT_AFG
2023-11-16,QAT,AFG,AFG,Amredin Sharifi,13.0,False,False,20231116_QAT_AFG
2023-11-16,QAT,AFG,QAT,Almoez Ali,15.0,False,False,20231116_QAT_AFG
2023-11-16,QAT,AFG,QAT,Mostafa Meshaal,18.0,False,False,20231116_QAT_AFG
2023-11-16,QAT,AFG,QAT,Almoez Ali,26.0,False,False,20231116_QAT_AFG
2023-11-16,QAT,AFG,QAT,Almoez Ali,33.0,False,True,20231116_QAT_AFG
2023-11-16,QAT,AFG,QAT,Almoez Ali,45.0,False,True,20231116_QAT_AFG
2023-11-16,QAT,AFG,QAT,Ahmed Alaaeldin,53.0,False,True,20231116_QAT_AFG
2023-11-16,QAT,AFG,QAT,Tameem Al-Abdullah,90.0,False,False,20231116_QAT_AFG
2023-11-16,KSA,PAK,KSA,Saleh Al-Shehri,6.0,False,False,20231116_KSA_PAK
2023-11-16,KSA,PAK,KSA,Saleh Al-Shehri,48.0,False,True,20231116_KSA_PAK
2023-11-16,KSA,PAK,KSA,Abdulrahman Ghareeb,90.0,False,False,20231116_KSA_PAK
2023-11-16,KSA,PAK,KSA,Abdullah Radif,90.0,False,False,20231116_KSA_PAK
2023-11-16,SVK,ISL,ISL,Orri Óskarsson,17.0,False,False,20231116_SVK_ISL
2023-11-16,SVK,ISL,SVK,Juraj Kucka,30.0,False,False,20231116_SVK_ISL
2023-11-16,SVK,ISL,SVK,Ondrej Duda,36.0,False,True,20231116_SVK_ISL
2023-11-16,SVK,ISL,SVK,Lukáš Haraslín,47.0,False,False,20231116_SVK_ISL
2023-11-16,SVK,ISL,SVK,Lukáš Haraslín,55.0,False,False,20231116_SVK_ISL
2023-11-16,SVK,ISL,ISL,Andri Guðjohnsen,74.0,False,False,20231116_SVK_ISL
2023-11-16,KOR,SGP,KOR,Cho Gue-sung,44.0,False,False,20231116_KOR_SGP
2023-11-16,KOR,SGP,KOR,Hwang Hee-chan,49.0,False,False,20231116_KOR_SGP
2023-11-16,KOR,SGP,KOR,Son Heung-min,63.0,False,False,20231116_KOR_SGP
2023-11-16,KOR,SGP,KOR,Hwang Ui-jo,68.0,False,True,20231116_KOR_SGP
2023-11-16,KOR,SGP,KOR,Lee Kang-in,85.0,False,False,20231116_KOR_SGP
2023-11-16,SDN,TOG,SDN,Mohamed Eisa,17.0,False,True,20231116_SDN_TOG
2023-11-16,SDN,TOG,TOG,Kévin Denkey,43.0,False,False,20231116_SDN_TOG
2023-11-16,SYR,PRK,SYR,Omar Al Somah,37.0,False,True,20231116_SYR_PRK
2023-11-16,TJK,JOR,TJK,Shahrom Samiev,89.0,False,False,20231116_TJK_JOR
2023-11-16,TJK,JOR,JOR,Yazan Al-Naimat,90.0,False,False,20231116_TJK_JOR
2023-11-16,THA,CHN,THA,Sarach Yooyen,23.0,False,False,20231116_THA_CHN
2023-11-16,THA,CHN,CHN,Wu Lei,29.0,False,False,20231116_THA_CHN
2023-11-16,THA,CHN,CHN,Wang Shangyuan,74.0,False,False,20231116_THA_CHN
2023-11-16,TKM,UZB,TKM,Meýlis Durdyýew,44.0,False,False,20231116_TKM_UZB
2023-11-16,TKM,UZB,UZB,Otabek Shukurov,57.0,False,False,20231116_TKM_UZB
2023-11-16,TKM,UZB,UZB,Otabek Shukurov,77.0,False,False,20231116_TKM_UZB
2023-11-16,TKM,UZB,UZB,Eldor Shomurodov,90.0,False,False,20231116_TKM_UZB
2023-11-16,UAE,NEP,UAE,Khalifa Al Hammadi,11.0,False,False,20231116_UAE_NEP
2023-11-16,UAE,NEP,UAE,Ali Mabkhout,36.0,False,True,20231116_UAE_NEP
2023-11-16,UAE,NEP,UAE,Ali Mabkhout,44.0,False,False,20231116_UAE_NEP
2023-11-16,UAE,NEP,UAE,Fábio Lima,45.0,False,False,20231116_UAE_NEP
2023-11-16,YEM,BHR,BHR,Mohamed Marhoon,38.0,False,False,20231116_YEM_BHR
2023-11-16,YEM,BHR,BHR,Harwan Al-Zubaidi,48.0,True,False,20231116_YEM_BHR
2023-11-17,BFA,GNB,GNB,Mama Baldé,20.0,False,False,20231117_BFA_GNB
2023-11-17,BFA,GNB,BFA,Bertrand Traoré,61.0,False,False,20231117_BFA_GNB
2023-11-17,CMR,MRI,CMR,Bryan Mbeumo,45.0,False,False,20231117_CMR_MRI
2023-11-17,CMR,MRI,CMR,Georges-Kévin Nkoudou,87.0,False,False,20231117_CMR_MRI
2023-11-17,CMR,MRI,CMR,Frank Magri,90.0,False,False,20231117_CMR_MRI
2023-11-17,COM,CTA,CTA,Abdel-Hakim Abdallah,10.0,True,False,20231117_COM_CTA
2023-11-17,COM,CTA,COM,Kassim M'Dahoma,29.0,False,False,20231117_COM_CTA
2023-11-17,COM,CTA,COM,Benjaloud Youssouf,50.0,False,False,20231117_COM_CTA
2023-11-17,COM,CTA,COM,Rafiki Saïd,58.0,False,False,20231117_COM_CTA
2023-11-17,COM,CTA,COM,Myziane Maolida,67.0,False,False,20231117_COM_CTA
2023-11-17,COM,CTA,CTA,Younn Zahary,74.0,True,False,20231117_COM_CTA
2023-11-17,DEN,SVN,DEN,Joakim Mæhle,26.0,False,False,20231117_DEN_SVN
2023-11-17,DEN,SVN,SVN,Erik Janža,30.0,False,False,20231117_DEN_SVN
2023-11-17,DEN,SVN,DEN,Thomas Delaney,54.0,False,False,20231117_DEN_SVN
2023-11-17,ENG,MLT,ENG,Enrico Pepe,8.0,True,False,20231117_ENG_MLT
2023-11-17,ENG,MLT,ENG,Harry Kane,75.0,False,False,20231117_ENG_MLT
2023-11-17,SWZ,LBY,LBY,Ahmed Krawa'a,53.0,False,False,20231117_SWZ_LBY
2023-11-17,FIN,NIR,FIN,Joel Pohjanpalo,42.0,False,True,20231117_FIN_NIR
2023-11-17,FIN,NIR,FIN,Daniel Håkans,48.0,False,False,20231117_FIN_NIR
2023-11-17,FIN,NIR,FIN,Teemu Pukki,74.0,False,False,20231117_FIN_NIR
2023-11-17,FIN,NIR,FIN,Robin Lod,88.0,False,False,20231117_FIN_NIR
2023-11-17,GHA,MAD,GHA,Iñaki Williams,90.0,False,False,20231117_GHA_MAD
2023-11-17,GUI,UGA,GUI,Aguibou Camara,10.0,False,False,20231117_GUI_UGA
2023-11-17,GUI,UGA,UGA,Fahad Bayo,30.0,False,False,20231117_GUI_UGA
2023-11-17,GUI,UGA,GUI,Seydouba Cissé,90.0,False,False,20231117_GUI_UGA
2023-11-17,ITA,MKD,ITA,Matteo Darmian,17.0,False,False,20231117_ITA_MKD
2023-11-17,ITA,MKD,ITA,Federico Chiesa,41.0,False,False,20231117_ITA_MKD
2023-11-17,ITA,MKD,ITA,Federico Chiesa,45.0,False,False,20231117_ITA_MKD
2023-11-17,ITA,MKD,MKD,Jani Atanasov,52.0,False,False,20231117_ITA_MKD
2023-11-17,ITA,MKD,MKD,Jani Atanasov,74.0,False,False,20231117_ITA_MKD
2023-11-17,ITA,MKD,ITA,Giacomo Raspadori,81.0,False,False,20231117_ITA_MKD
2023-11-17,ITA,MKD,ITA,Stephan El Shaarawy,90.0,False,False,20231117_ITA_MKD
2023-11-17,CIV,SEY,CIV,Sébastien Haller,20.0,False,True,20231117_CIV_SEY
2023-11-17,CIV,SEY,CIV,Ibrahim Sangaré,24.0,False,False,20231117_CIV_SEY
2023-11-17,CIV,SEY,CIV,Simon Adingra,36.0,False,False,20231117_CIV_SEY
2023-11-17,CIV,SEY,CIV,Karim Konaté,40.0,False,True,20231117_CIV_SEY
2023-11-17,CIV,SEY,CIV,Seko Fofana,60.0,False,False,20231117_CIV_SEY
2023-11-17,CIV,SEY,CIV,Hamed Traorè,77.0,False,False,20231117_CIV_SEY
2023-11-17,CIV,SEY,CIV,Jean-Philippe Krasso,84.0,False,True,20231117_CIV_SEY
2023-11-17,CIV,SEY,CIV,Karim Konaté,90.0,False,False,20231117_CIV_SEY
2023-11-17,CIV,SEY,CIV,Hamed Traorè,90.0,False,False,20231117_CIV_SEY
2023-11-17,KAZ,SMR,KAZ,Islam Chesnokov,19.0,False,False,20231117_KAZ_SMR
2023-11-17,KAZ,SMR,KAZ,Islam Chesnokov,51.0,False,False,20231117_KAZ_SMR
2023-11-17,KAZ,SMR,SMR,Simone Franciosi,60.0,False,False,20231117_KAZ_SMR
2023-11-17,KAZ,SMR,KAZ,Abat Aymbetov,90.0,False,True,20231117_KAZ_SMR
2023-11-17,LBR,MWI,MWI,Chifundo Mphasi,78.0,False,False,20231117_LBR_MWI
2023-11-17,MLI,CHA,MLI,Kamory Doumbia,45.0,False,False,20231117_MLI_CHA
2023-11-17,MLI,CHA,CHA,Marius Mouandilmadji,53.0,False,False,20231117_MLI_CHA
2023-11-17,MLI,CHA,MLI,Youssoufou Niakaté,77.0,False,False,20231117_MLI_CHA
2023-11-17,MLI,CHA,MLI,Ibrahim Sissoko,81.0,False,False,20231117_MLI_CHA
2023-11-17,MDA,ALB,ALB,Sokol Çikalleshi,25.0,False,True,20231117_MDA_ALB
2023-11-17,MDA,ALB,MDA,Vladislav Baboglo,87.0,False,False,20231117_MDA_ALB
2023-11-17,POL,CZE,POL,Jakub Piotrowski,38.0,False,False,20231117_POL_CZE
2023-11-17,POL,CZE,CZE,Tomáš Souček,49.0,False,False,20231117_POL_CZE
2023-11-17,TUN,São Tomé and Príncipe,TUN,Yassine Meriah,37.0,False,False,20231117_TUN_São-Tomé-and-Príncipe
2023-11-17,TUN,São Tomé and Príncipe,TUN,Youssef Msakni,53.0,False,False,20231117_TUN_São-Tomé-and-Príncipe
2023-11-17,TUN,São Tomé and Príncipe,TUN,Hamza Rafia,79.0,False,False,20231117_TUN_São-Tomé-and-Príncipe
2023-11-17,TUN,São Tomé and Príncipe,TUN,Firas Ben Larbi,88.0,False,False,20231117_TUN_São-Tomé-and-Príncipe
2023-11-17,ZAM,CGO,ZAM,Patson Daka,5.0,False,False,20231117_ZAM_CGO
2023-11-17,ZAM,CGO,CGO,Silvère Ganvoula,13.0,False,False,20231117_ZAM_CGO
2023-11-17,ZAM,CGO,CGO,Mons Bassouamina,15.0,False,False,20231117_ZAM_CGO
2023-11-17,ZAM,CGO,ZAM,Lameck Banda,43.0,False,False,20231117_ZAM_CGO
2023-11-17,ZAM,CGO,ZAM,Fashion Sakala,69.0,False,False,20231117_ZAM_CGO
2023-11-17,ZAM,CGO,ZAM,Patson Daka,90.0,False,False,20231117_ZAM_CGO
2023-11-18,ARM,WAL,ARM,Lucas Zelarayán,5.0,False,False,20231118_ARM_WAL
2023-11-18,ARM,WAL,WAL,Nair Tiknizyan,45.0,True,False,20231118_ARM_WAL
2023-11-18,BLR,AND,BLR,Denis Laptev,83.0,False,False,20231118_BLR_AND
2023-11-18,FRA,GIB,FRA,Ethan Santos,3.0,True,False,20231118_FRA_GIB
2023-11-18,FRA,GIB,FRA,Marcus Thuram,4.0,False,False,20231118_FRA_GIB
2023-11-18,FRA,GIB,FRA,Warren Zaïre-Emery,16.0,False,False,20231118_FRA_GIB
2023-11-18,FRA,GIB,FRA,Kylian Mbappé,30.0,False,True,20231118_FRA_GIB
2023-11-18,FRA,GIB,FRA,Jonathan Clauss,34.0,False,False,20231118_FRA_GIB
2023-11-18,FRA,GIB,FRA,Kingsley Coman,36.0,False,False,20231118_FRA_GIB
2023-11-18,FRA,GIB,FRA,Youssouf Fofana,37.0,False,False,20231118_FRA_GIB
2023-11-18,FRA,GIB,FRA,Adrien Rabiot,63.0,False,False,20231118_FRA_GIB
2023-11-18,FRA,GIB,FRA,Kingsley Coman,65.0,False,False,20231118_FRA_GIB
2023-11-18,FRA,GIB,FRA,Ousmane Dembélé,73.0,False,False,20231118_FRA_GIB
2023-11-18,FRA,GIB,FRA,Kylian Mbappé,74.0,False,False,20231118_FRA_GIB
2023-11-18,FRA,GIB,FRA,Kylian Mbappé,82.0,False,False,20231118_FRA_GIB
2023-11-18,FRA,GIB,FRA,Olivier Giroud,89.0,False,False,20231118_FRA_GIB
2023-11-18,FRA,GIB,FRA,Olivier Giroud,90.0,False,False,20231118_FRA_GIB
2023-11-18,ISR,ROU,ISR,Eran Zahavi,2.0,False,False,20231118_ISR_ROU
2023-11-18,ISR,ROU,ROU,George Pușcaș,10.0,False,False,20231118_ISR_ROU
2023-11-18,ISR,ROU,ROU,Ianis Hagi,63.0,False,False,20231118_ISR_ROU
2023-11-18,LVA,CRO,CRO,Lovro Majer,7.0,False,False,20231118_LVA_CRO
2023-11-18,LVA,CRO,CRO,Andrej Kramarić,16.0,False,False,20231118_LVA_CRO
2023-11-18,NED,IRL,NED,Wout Weghorst,12.0,False,False,20231118_NED_IRL
2023-11-18,NIG,TAN,TAN,Charles M'Mombwa,56.0,False,False,20231118_NIG_TAN
2023-11-18,SEN,South Sudan,SEN,Pape Matar Sarr,1.0,False,False,20231118_SEN_South-Sudan
2023-11-18,SEN,South Sudan,SEN,Sadio Mané,5.0,False,False,20231118_SEN_South-Sudan
2023-11-18,SEN,South Sudan,SEN,Lamine Camara,45.0,False,False,20231118_SEN_South-Sudan
2023-11-18,SEN,South Sudan,SEN,Sadio Mané,56.0,False,True,20231118_SEN_South-Sudan
2023-11-18,RSA,BEN,RSA,Percy Tau,2.0,False,False,20231118_RSA_BEN
2023-11-18,RSA,BEN,RSA,Khuliso Mudau,45.0,False,False,20231118_RSA_BEN
2023-11-18,RSA,BEN,BEN,Steve Mounié,70.0,False,False,20231118_RSA_BEN
2023-11-18,SUI,KVX,SUI,Ruben Vargas,47.0,False,False,20231118_SUI_KVX
2023-11-18,SUI,KVX,KVX,Muhamet Hyseni,82.0,False,False,20231118_SUI_KVX
2023-11-19,BEL,AZE,BEL,Romelu Lukaku,17.0,False,False,20231119_BEL_AZE
2023-11-19,BEL,AZE,BEL,Romelu Lukaku,26.0,False,False,20231119_BEL_AZE
2023-11-19,BEL,AZE,BEL,Romelu Lukaku,30.0,False,False,20231119_BEL_AZE
2023-11-19,BEL,AZE,BEL,Romelu Lukaku,37.0,False,False,20231119_BEL_AZE
2023-11-19,BEL,AZE,BEL,Leandro Trossard,90.0,False,False,20231119_BEL_AZE
2023-11-19,BIH,SVK,BIH,Patrik Hrošovský,49.0,True,False,20231119_BIH_SVK
2023-11-19,BIH,SVK,SVK,Róbert Boženík,52.0,False,False,20231119_BIH_SVK
2023-11-19,BIH,SVK,SVK,Ľubomír Šatka,71.0,False,False,20231119_BIH_SVK
2023-11-19,BDI,GAB,GAB,Jim Allevinah,35.0,False,False,20231119_BDI_GAB
2023-11-19,BDI,GAB,GAB,Denis Bouanga,83.0,False,False,20231119_BDI_GAB
2023-11-19,BDI,GAB,BDI,Abedi Bigirimana,87.0,False,False,20231119_BDI_GAB
2023-11-19,HUN,MNE,MNE,Slobodan Rubežić,36.0,False,False,20231119_HUN_MNE
2023-11-19,HUN,MNE,HUN,Dominik Szoboszlai,66.0,False,False,20231119_HUN_MNE
2023-11-19,HUN,MNE,HUN,Dominik Szoboszlai,68.0,False,False,20231119_HUN_MNE
2023-11-19,HUN,MNE,HUN,Ádám Nagy,90.0,False,False,20231119_HUN_MNE
2023-11-19,LIE,LUX,LUX,Gerson Rodrigues,69.0,False,False,20231119_LIE_LUX
2023-11-19,MOZ,ALG,ALG,Farès Chaïbi,69.0,False,False,20231119_MOZ_ALG
2023-11-19,MOZ,ALG,ALG,Ramiz Zerrouki,80.0,False,False,20231119_MOZ_ALG
2023-11-19,POR,ISL,POR,Bruno Fernandes,37.0,False,False,20231119_POR_ISL
2023-11-19,POR,ISL,POR,Ricardo Horta,66.0,False,False,20231119_POR_ISL
2023-11-19,SCO,NOR,NOR,Aron Dønnum,3.0,False,False,20231119_SCO_NOR
2023-11-19,SCO,NOR,SCO,John McGinn,13.0,False,False,20231119_SCO_NOR
2023-11-19,SCO,NOR,NOR,Jørgen Strand Larsen,20.0,False,False,20231119_SCO_NOR
2023-11-19,SCO,NOR,SCO,Leo Skiri Østigård,33.0,True,False,20231119_SCO_NOR
2023-11-19,SCO,NOR,SCO,Stuart Armstrong,59.0,False,False,20231119_SCO_NOR
2023-11-19,SCO,NOR,NOR,Mohamed Elyounoussi,86.0,False,False,20231119_SCO_NOR
2023-11-19,SRB,BUL,SRB,Miloš Veljković,16.0,False,False,20231119_SRB_BUL
2023-11-19,SRB,BUL,BUL,Georgi Rusev,59.0,False,False,20231119_SRB_BUL
2023-11-19,SRB,BUL,BUL,Kiril Despodov,69.0,False,False,20231119_SRB_BUL
2023-11-19,SRB,BUL,SRB,Srđan Babić,82.0,False,False,20231119_SRB_BUL
2023-11-19,SLE,EGY,EGY,Trézéguet,18.0,False,False,20231119_SLE_EGY
2023-11-19,SLE,EGY,EGY,Trézéguet,62.0,False,False,20231119_SLE_EGY
2023-11-19,ESP,GEO,ESP,Robin Le Normand,4.0,False,False,20231119_ESP_GEO
2023-11-19,ESP,GEO,GEO,Khvicha Kvaratskhelia,10.0,False,False,20231119_ESP_GEO
2023-11-19,ESP,GEO,ESP,Ferran Torres,55.0,False,False,20231119_ESP_GEO
2023-11-19,ESP,GEO,ESP,Luka Lochoshvili,72.0,True,False,20231119_ESP_GEO
2023-11-19,SDN,COD,SDN,Charles Pickel,79.0,True,False,20231119_SDN_COD
2023-11-19,SWE,EST,SWE,Viktor Claesson,22.0,False,False,20231119_SWE_EST
2023-11-19,SWE,EST,SWE,Emil Forsberg,55.0,False,False,20231119_SWE_EST
2023-11-19,ZIM,NGA,ZIM,Walter Musona,26.0,False,False,20231119_ZIM_NGA
2023-11-19,ZIM,NGA,NGA,Kelechi Iheanacho,67.0,False,False,20231119_ZIM_NGA
2023-11-20,CHA,MAD,MAD,Njiva Rakotoharimalala,10.0,False,False,20231120_CHA_MAD
2023-11-20,CHA,MAD,MAD,Njiva Rakotoharimalala,84.0,False,False,20231120_CHA_MAD
2023-11-20,CHA,MAD,MAD,Loïc Lapoussin,90.0,False,False,20231120_CHA_MAD
2023-11-20,CZE,MDA,CZE,David Douděra,14.0,False,False,20231120_CZE_MDA
2023-11-20,CZE,MDA,CZE,Tomáš Chorý,72.0,False,False,20231120_CZE_MDA
2023-11-20,CZE,MDA,CZE,Tomáš Souček,90.0,False,False,20231120_CZE_MDA
2023-11-20,Djibouti,GNB,GNB,Mauro Rodrigues,39.0,False,False,20231120_Djibouti_GNB
2023-11-20,GAM,CIV,CIV,Christian Kouamé,45.0,False,False,20231120_GAM_CIV
2023-11-20,GAM,CIV,CIV,Seko Fofana,85.0,False,False,20231120_GAM_CIV
2023-11-20,MLI,CTA,MLI,Kamory Doumbia,76.0,False,False,20231120_MLI_CTA
2023-11-20,MLI,CTA,CTA,Geoffrey Kondogbia,79.0,False,False,20231120_MLI_CTA
2023-11-20,MKD,ENG,MKD,Enis Bardhi,41.0,False,False,20231120_MKD_ENG
2023-11-20,MKD,ENG,ENG,Jani Atanasov,59.0,True,False,20231120_MKD_ENG
2023-11-20,NIR,DEN,NIR,Isaac Price,60.0,False,False,20231120_NIR_DEN
2023-11-20,NIR,DEN,NIR,Dion Charles,81.0,False,False,20231120_NIR_DEN
2023-11-20,SMR,FIN,FIN,Pyry Soiri,50.0,False,False,20231120_SMR_FIN
2023-11-20,SMR,FIN,FIN,Pyry Soiri,58.0,False,False,20231120_SMR_FIN
2023-11-20,SMR,FIN,SMR,Filippo Berardi,90.0,False,True,20231120_SMR_FIN
2023-11-20,SEY,KEN,KEN,Michael Olunga,3.0,False,False,20231120_SEY_KEN
2023-11-20,SEY,KEN,KEN,Michael Olunga,6.0,False,False,20231120_SEY_KEN
2023-11-20,SEY,KEN,KEN,Masoud Juma,45.0,False,False,20231120_SEY_KEN
2023-11-20,SEY,KEN,KEN,Rooney Onyango,62.0,False,False,20231120_SEY_KEN
2023-11-20,SEY,KEN,KEN,Benson Omala,73.0,False,False,20231120_SEY_KEN
2023-11-20,SVN,KAZ,SVN,Benjamin Šeško,41.0,False,True,20231120_SVN_KAZ
2023-11-20,SVN,KAZ,KAZ,Ramazan Orazov,48.0,False,False,20231120_SVN_KAZ
2023-11-20,SVN,KAZ,SVN,Benjamin Verbič,86.0,False,False,20231120_SVN_KAZ
2023-11-21,AFG,KUW,KUW,Shabaib Al-Khaldi,18.0,False,True,20231121_AFG_KUW
2023-11-21,AFG,KUW,KUW,Mohammad Daham,69.0,False,False,20231121_AFG_KUW
2023-11-21,AFG,KUW,KUW,Shabaib Al-Khaldi,80.0,False,False,20231121_AFG_KUW
2023-11-21,AFG,KUW,KUW,Athbi Saleh,82.0,False,False,20231121_AFG_KUW
2023-11-21,AND,ISR,ISR,Joan Cervós,29.0,True,False,20231121_AND_ISR
2023-11-21,AND,ISR,ISR,Gadi Kinda,81.0,False,False,20231121_AND_ISR
2023-11-21,BHR,UAE,UAE,Abdullah Ramadan,36.0,False,False,20231121_BHR_UAE
2023-11-21,BHR,UAE,UAE,Ali Mabkhout,90.0,False,True,20231121_BHR_UAE
2023-11-21,BAN,LIB,LIB,Majed Osman,67.0,False,False,20231121_BAN_LIB
2023-11-21,BAN,LIB,BAN,Shekh Morsalin,72.0,False,False,20231121_BAN_LIB
2023-11-21,BOT,GUI,BOT,Kabelo Seakanyeng,79.0,False,False,20231121_BOT_GUI
2023-11-21,BRA,ARG,ARG,Nicolás Otamendi,63.0,False,False,20231121_BRA_ARG
2023-11-21,CHN,KOR,KOR,Son Heung-min,11.0,False,True,20231121_CHN_KOR
2023-11-21,CHN,KOR,KOR,Son Heung-min,45.0,False,False,20231121_CHN_KOR
2023-11-21,CHN,KOR,KOR,Jung Seung-hyun,87.0,False,False,20231121_CHN_KOR
2023-11-21,COM,GHA,COM,Myziane Maolida,43.0,False,False,20231121_COM_GHA
2023-11-21,CRO,ARM,CRO,Ante Budimir,43.0,False,False,20231121_CRO_ARM
2023-11-21,ECU,CHI,ECU,Ángel Mena,21.0,False,False,20231121_ECU_CHI
2023-11-21,SWZ,CPV,CPV,Ryan Mendes,17.0,False,False,20231121_SWZ_CPV
2023-11-21,SWZ,CPV,CPV,Jamiro Monteiro,38.0,False,False,20231121_SWZ_CPV
2023-11-21,ETH,BFA,BFA,Blati Touré,69.0,False,False,20231121_ETH_BFA
2023-11-21,ETH,BFA,BFA,Bertrand Traoré,78.0,False,True,20231121_ETH_BFA
2023-11-21,ETH,BFA,BFA,Dango Ouattara,90.0,False,False,20231121_ETH_BFA
2023-11-21,GIB,NED,NED,Calvin Stengs,10.0,False,False,20231121_GIB_NED
2023-11-21,GIB,NED,NED,Mats Wieffer,23.0,False,False,20231121_GIB_NED
2023-11-21,GIB,NED,NED,Teun Koopmeiners,38.0,False,False,20231121_GIB_NED
2023-11-21,GIB,NED,NED,Calvin Stengs,50.0,False,False,20231121_GIB_NED
2023-11-21,GIB,NED,NED,Calvin Stengs,62.0,False,False,20231121_GIB_NED
2023-11-21,GIB,NED,NED,Cody Gakpo,81.0,False,False,20231121_GIB_NED
2023-11-21,GRE,FRA,FRA,Randal Kolo Muani,42.0,False,False,20231121_GRE_FRA
2023-11-21,GRE,FRA,GRE,Tasos Bakasetas,56.0,False,False,20231121_GRE_FRA
2023-11-21,GRE,FRA,GRE,Fotis Ioannidis,61.0,False,False,20231121_GRE_FRA
2023-11-21,GRE,FRA,FRA,Youssouf Fofana,74.0,False,False,20231121_GRE_FRA
2023-11-21,HKG,TKM,TKM,Ruslan Mingazow,4.0,False,False,20231121_HKG_TKM
2023-11-21,HKG,TKM,HKG,Wong Wai,12.0,False,False,20231121_HKG_TKM
2023-11-21,HKG,TKM,TKM,Ruslan Mingazow,36.0,False,False,20231121_HKG_TKM
2023-11-21,HKG,TKM,HKG,Everton Camargo,65.0,False,False,20231121_HKG_TKM
2023-11-21,IND,QAT,QAT,Mostafa Meshaal,4.0,False,False,20231121_IND_QAT
2023-11-21,IND,QAT,QAT,Almoez Ali,47.0,False,False,20231121_IND_QAT
2023-11-21,IND,QAT,QAT,Yusuf Abdurisag,86.0,False,False,20231121_IND_QAT
2023-11-21,JOR,KSA,KSA,Saleh Al-Shehri,8.0,False,False,20231121_JOR_KSA
2023-11-21,JOR,KSA,KSA,Saleh Al-Shehri,30.0,False,False,20231121_JOR_KSA
2023-11-21,KVX,BLR,BLR,Dmitry Antilevsky,43.0,False,False,20231121_KVX_BLR
2023-11-21,KGZ,OMA,KGZ,Odilzhon Abdurakhmanov,49.0,False,False,20231121_KGZ_OMA
2023-11-21,LBY,CMR,CMR,Olivier Ntcham,34.0,False,True,20231121_LBY_CMR
2023-11-21,LBY,CMR,LBY,Abdulmunem Aleiyan,43.0,False,False,20231121_LBY_CMR
2023-11-21,MWI,TUN,TUN,Youssef Msakni,87.0,False,True,20231121_MWI_TUN
2023-11-21,MYA,PRK,PRK,Jong Il-gwan,30.0,False,False,20231121_MYA_PRK
2023-11-21,MYA,PRK,PRK,Choe Ju-song,34.0,False,True,20231121_MYA_PRK
2023-11-21,MYA,PRK,PRK,Han Kwang-song,38.0,False,False,20231121_MYA_PRK
2023-11-21,MYA,PRK,PRK,Jong Il-gwan,54.0,False,False,20231121_MYA_PRK
2023-11-21,MYA,PRK,PRK,Jong Il-gwan,56.0,False,False,20231121_MYA_PRK
2023-11-21,MYA,PRK,PRK,Ri Hyong-jin,70.0,False,False,20231121_MYA_PRK
2023-11-21,MYA,PRK,MYA,Win Naing Tun,77.0,False,False,20231121_MYA_PRK
2023-11-21,NEP,YEM,YEM,Omar Al-Dahi,72.0,False,False,20231121_NEP_YEM
2023-11-21,NEP,YEM,YEM,Mohammed Al-Dahi,90.0,False,False,20231121_NEP_YEM
2023-11-21,NIG,ZAM,NIG,Amadou Moutari,6.0,False,False,20231121_NIG_ZAM
2023-11-21,NIG,ZAM,NIG,Boubacar Goumey,28.0,False,False,20231121_NIG_ZAM
2023-11-21,NIG,ZAM,ZAM,Patson Daka,50.0,False,False,20231121_NIG_ZAM
2023-11-21,PAK,TJK,TJK,Amadoni Kamolov,9.0,False,False,20231121_PAK_TJK
2023-11-21,PAK,TJK,TJK,Rustam Soirov,13.0,False,False,20231121_PAK_TJK
2023-11-21,PAK,TJK,PAK,Rahis Nabi,21.0,False,False,20231121_PAK_TJK
2023-11-21,PAK,TJK,TJK,Parvizdzhon Umarbayev,26.0,False,False,20231121_PAK_TJK
2023-11-21,PAK,TJK,TJK,Ehson Panjshanbe,45.0,False,False,20231121_PAK_TJK
2023-11-21,PAK,TJK,TJK,Amadoni Kamolov,66.0,False,False,20231121_PAK_TJK
2023-11-21,PAK,TJK,TJK,Shahrom Samiev,90.0,False,False,20231121_PAK_TJK
2023-11-21,PLE,AUS,AUS,Harry Souttar,18.0,False,False,20231121_PLE_AUS
2023-11-21,PAR,COL,COL,Rafael Santos Borré,11.0,False,True,20231121_PAR_COL
2023-11-21,PER,VEN,PER,Yoshimar Yotún,17.0,False,False,20231121_PER_VEN
2023-11-21,PER,VEN,VEN,Jefferson Savarino,54.0,False,False,20231121_PER_VEN
2023-11-21,PHI,IDN,PHI,Patrick Reichelt,23.0,False,False,20231121_PHI_IDN
2023-11-21,PHI,IDN,IDN,Saddil Ramdani,70.0,False,False,20231121_PHI_IDN
2023-11-21,ROU,SUI,ROU,Denis Alibec,50.0,False,False,20231121_ROU_SUI
2023-11-21,RWA,RSA,RWA,Innocent Nshuti,12.0,False,False,20231121_RWA_RSA
2023-11-21,RWA,RSA,RWA,Gilbert Mugisha,28.0,False,False,20231121_RWA_RSA
2023-11-21,SGP,THA,THA,Supachok Sarachat,5.0,False,False,20231121_SGP_THA
2023-11-21,SGP,THA,SGP,Shawal Anuar,41.0,False,False,20231121_SGP_THA
2023-11-21,SGP,THA,THA,Suphanat Mueanta,66.0,False,False,20231121_SGP_THA
2023-11-21,SGP,THA,THA,Suphanat Mueanta,87.0,False,False,20231121_SGP_THA
2023-11-21,Somalia,UGA,UGA,Rogers Mato,4.0,False,False,20231121_Somalia_UGA
2023-11-21,SYR,JPN,JPN,Takefusa Kubo,32.0,False,False,20231121_SYR_JPN
2023-11-21,SYR,JPN,JPN,Ayase Ueda,37.0,False,False,20231121_SYR_JPN
2023-11-21,SYR,JPN,JPN,Ayase Ueda,40.0,False,False,20231121_SYR_JPN
2023-11-21,SYR,JPN,JPN,Yukinari Sugawara,47.0,False,False,20231121_SYR_JPN
2023-11-21,SYR,JPN,JPN,Mao Hosoya,82.0,False,False,20231121_SYR_JPN
2023-11-21,São Tomé and Príncipe,NAM,NAM,Prins Tjiueza,9.0,False,False,20231121_São-Tomé-and-Príncipe_NAM
2023-11-21,São Tomé and Príncipe,NAM,NAM,Pedro Mateus,75.0,True,False,20231121_São-Tomé-and-Príncipe_NAM
2023-11-21,TPE,MAS,MAS,Darren Lok,72.0,False,False,20231121_TPE_MAS
2023-11-21,TAN,MAR,MAR,Hakim Ziyech,28.0,False,False,20231121_TAN_MAR
2023-11-21,TAN,MAR,MAR,Bakari Mwamnyeto,54.0,True,False,20231121_TAN_MAR
2023-11-21,URU,BOL,URU,Darwin Núñez,15.0,False,False,20231121_URU_BOL
2023-11-21,URU,BOL,URU,Gabriel Villamíl,39.0,True,False,20231121_URU_BOL
2023-11-21,URU,BOL,URU,Darwin Núñez,71.0,False,False,20231121_URU_BOL
2023-11-21,UZB,IRN,IRN,Ramin Rezaeian,14.0,False,False,20231121_UZB_IRN
2023-11-21,UZB,IRN,IRN,Mehdi Taremi,38.0,False,False,20231121_UZB_IRN
2023-11-21,UZB,IRN,UZB,Oston Urunov,52.0,False,False,20231121_UZB_IRN
2023-11-21,UZB,IRN,UZB,Igor Sergeev,83.0,False,False,20231121_UZB_IRN
2023-11-21,VIE,IRQ,IRQ,Mohanad Ali,90.0,False,False,20231121_VIE_IRQ
2023-11-21,WAL,TUR,WAL,Neco Williams,7.0,False,False,20231121_WAL_TUR
2023-11-21,WAL,TUR,TUR,Yusuf Yazıcı,70.0,False,True,20231121_WAL_TUR
2024-01-12,QAT,LIB,QAT,Akram Afif,45.0,False,False,20240112_QAT_LIB
2024-01-12,QAT,LIB,QAT,Almoez Ali,56.0,False,False,20240112_QAT_LIB
2024-01-12,QAT,LIB,QAT,Akram Afif,90.0,False,False,20240112_QAT_LIB
2024-01-13,AUS,IND,AUS,Jackson Irvine,50.0,False,False,20240113_AUS_IND
2024-01-13,AUS,IND,AUS,Jordan Bos,73.0,False,False,20240113_AUS_IND
2024-01-13,CIV,GNB,CIV,Seko Fofana,4.0,False,False,20240113_CIV_GNB
2024-01-13,CIV,GNB,CIV,Jean-Philippe Krasso,58.0,False,False,20240113_CIV_GNB
2024-01-14,EGY,MOZ,EGY,Mostafa Mohamed,2.0,False,False,20240114_EGY_MOZ
2024-01-14,EGY,MOZ,MOZ,Witi,55.0,False,False,20240114_EGY_MOZ
2024-01-14,EGY,MOZ,MOZ,Clésio,58.0,False,False,20240114_EGY_MOZ
2024-01-14,EGY,MOZ,EGY,Mohamed Salah,90.0,False,True,20240114_EGY_MOZ
2024-01-14,GHA,CPV,CPV,Jamiro Monteiro,17.0,False,False,20240114_GHA_CPV
2024-01-14,GHA,CPV,GHA,Alexander Djiku,56.0,False,False,20240114_GHA_CPV
2024-01-14,GHA,CPV,CPV,Garry Rodrigues,90.0,False,False,20240114_GHA_CPV
2024-01-14,IRN,PLE,IRN,Karim Ansarifard,2.0,False,False,20240114_IRN_PLE
2024-01-14,IRN,PLE,IRN,Shojae Khalilzadeh,12.0,False,False,20240114_IRN_PLE
2024-01-14,IRN,PLE,IRN,Mehdi Ghayedi,38.0,False,False,20240114_IRN_PLE
2024-01-14,IRN,PLE,PLE,Tamer Seyam,45.0,False,False,20240114_IRN_PLE
2024-01-14,IRN,PLE,IRN,Sardar Azmoun,55.0,False,False,20240114_IRN_PLE
2024-01-14,JPN,VIE,JPN,Takumi Minamino,11.0,False,False,20240114_JPN_VIE
2024-01-14,JPN,VIE,VIE,Nguyễn Đình Bắc,16.0,False,False,20240114_JPN_VIE
2024-01-14,JPN,VIE,VIE,Phạm Tuấn Hải,33.0,False,False,20240114_JPN_VIE
2024-01-14,JPN,VIE,JPN,Takumi Minamino,45.0,False,False,20240114_JPN_VIE
2024-01-14,JPN,VIE,JPN,Keito Nakamura,45.0,False,False,20240114_JPN_VIE
2024-01-14,JPN,VIE,JPN,Ayase Ueda,85.0,False,False,20240114_JPN_VIE
2024-01-14,NGA,EQG,EQG,Iban Salvador,36.0,False,False,20240114_NGA_EQG
2024-01-14,NGA,EQG,NGA,Victor Osimhen,38.0,False,False,20240114_NGA_EQG
2024-01-14,UAE,HKG,UAE,Sultan Adil,34.0,False,True,20240114_UAE_HKG
2024-01-14,UAE,HKG,HKG,Chan Siu Kwan,49.0,False,False,20240114_UAE_HKG
2024-01-14,UAE,HKG,UAE,Zayed Sultan,52.0,False,False,20240114_UAE_HKG
2024-01-14,UAE,HKG,UAE,Yahya Al-Ghassani,90.0,False,True,20240114_UAE_HKG
2024-01-15,ALG,ANG,ALG,Baghdad Bounedjah,18.0,False,False,20240115_ALG_ANG
2024-01-15,ALG,ANG,ANG,Mabululu,68.0,False,True,20240115_ALG_ANG
2024-01-15,CMR,GUI,GUI,Mohamed Bayo,10.0,False,False,20240115_CMR_GUI
2024-01-15,CMR,GUI,CMR,Frank Magri,51.0,False,False,20240115_CMR_GUI
2024-01-15,IDN,IRQ,IRQ,Mohanad Ali,17.0,False,False,20240115_IDN_IRQ
2024-01-15,IDN,IRQ,IDN,Marselino Ferdinan,37.0,False,False,20240115_IDN_IRQ
2024-01-15,IDN,IRQ,IRQ,Osama Rashid,45.0,False,False,20240115_IDN_IRQ
2024-01-15,IDN,IRQ,IRQ,Aymen Hussein,75.0,False,False,20240115_IDN_IRQ
2024-01-15,MAS,JOR,JOR,Mahmoud Al-Mardi,12.0,False,False,20240115_MAS_JOR
2024-01-15,MAS,JOR,JOR,Musa Al-Taamari,18.0,False,True,20240115_MAS_JOR
2024-01-15,MAS,JOR,JOR,Mahmoud Al-Mardi,32.0,False,False,20240115_MAS_JOR
2024-01-15,MAS,JOR,JOR,Musa Al-Taamari,85.0,False,False,20240115_MAS_JOR
2024-01-15,SEN,GAM,SEN,Pape Gueye,4.0,False,False,20240115_SEN_GAM
2024-01-15,SEN,GAM,SEN,Lamine Camara,52.0,False,False,20240115_SEN_GAM
2024-01-15,SEN,GAM,SEN,Lamine Camara,86.0,False,False,20240115_SEN_GAM
2024-01-15,KOR,BHR,KOR,Hwang In-beom,38.0,False,False,20240115_KOR_BHR
2024-01-15,KOR,BHR,BHR,Abdullah Al-Hashash,51.0,False,False,20240115_KOR_BHR
2024-01-15,KOR,BHR,KOR,Lee Kang-in,56.0,False,False,20240115_KOR_BHR
2024-01-15,KOR,BHR,KOR,Lee Kang-in,68.0,False,False,20240115_KOR_BHR
2024-01-16,BFA,MTN,BFA,Bertrand Traoré,90.0,False,True,20240116_BFA_MTN
2024-01-16,MLI,RSA,MLI,Hamari Traoré,60.0,False,False,20240116_MLI_RSA
2024-01-16,MLI,RSA,MLI,Lassine Sinayoko,66.0,False,False,20240116_MLI_RSA
2024-01-16,KSA,OMA,OMA,Salaah Al-Yahyaei,14.0,False,True,20240116_KSA_OMA
2024-01-16,KSA,OMA,KSA,Abdulrahman Ghareeb,78.0,False,False,20240116_KSA_OMA
2024-01-16,KSA,OMA,KSA,Ali Al-Bulaihi,90.0,False,False,20240116_KSA_OMA
2024-01-16,THA,KGZ,THA,Supachai Chaided,26.0,False,False,20240116_THA_KGZ
2024-01-16,THA,KGZ,THA,Supachai Chaided,48.0,False,False,20240116_THA_KGZ
2024-01-16,TUN,NAM,NAM,Deon Hotto,88.0,False,False,20240116_TUN_NAM
2024-01-17,COD,ZAM,ZAM,Kings Kangwa,23.0,False,False,20240117_COD_ZAM
2024-01-17,COD,ZAM,COD,Yoane Wissa,27.0,False,False,20240117_COD_ZAM
2024-01-17,MAR,TAN,MAR,Romain Saïss,30.0,False,False,20240117_MAR_TAN
2024-01-17,MAR,TAN,MAR,Azzedine Ounahi,77.0,False,False,20240117_MAR_TAN
2024-01-17,MAR,TAN,MAR,Youssef En-Nesyri,80.0,False,False,20240117_MAR_TAN
2024-01-17,QAT,TJK,QAT,Akram Afif,17.0,False,False,20240117_QAT_TJK
2024-01-18,EGY,GHA,GHA,Mohammed Kudus,45.0,False,False,20240118_EGY_GHA
2024-01-18,EGY,GHA,EGY,Omar Marmoush,69.0,False,False,20240118_EGY_GHA
2024-01-18,EGY,GHA,GHA,Mohammed Kudus,71.0,False,False,20240118_EGY_GHA
2024-01-18,EGY,GHA,EGY,Mostafa Mohamed,74.0,False,False,20240118_EGY_GHA
2024-01-18,EQG,GNB,EQG,Emilio Nsue,21.0,False,False,20240118_EQG_GNB
2024-01-18,EQG,GNB,GNB,Esteban Obiang,37.0,True,False,20240118_EQG_GNB
2024-01-18,EQG,GNB,EQG,Josete Miranda,46.0,False,False,20240118_EQG_GNB
2024-01-18,EQG,GNB,EQG,Emilio Nsue,51.0,False,False,20240118_EQG_GNB
2024-01-18,EQG,GNB,EQG,Emilio Nsue,61.0,False,False,20240118_EQG_GNB
2024-01-18,EQG,GNB,GNB,Zé Turbo,90.0,False,False,20240118_EQG_GNB
2024-01-18,IND,UZB,UZB,Abbosbek Fayzullaev,4.0,False,False,20240118_IND_UZB
2024-01-18,IND,UZB,UZB,Igor Sergeev,18.0,False,False,20240118_IND_UZB
2024-01-18,IND,UZB,UZB,Sherzod Nasrullaev,45.0,False,False,20240118_IND_UZB
2024-01-18,CIV,NGA,NGA,William Troost-Ekong,55.0,False,True,20240118_CIV_NGA
2024-01-18,PLE,UAE,UAE,Sultan Adil,23.0,False,False,20240118_PLE_UAE
2024-01-18,PLE,UAE,PLE,Bader Nasser,50.0,True,False,20240118_PLE_UAE
2024-01-18,SYR,AUS,AUS,Jackson Irvine,59.0,False,False,20240118_SYR_AUS
2024-01-19,CPV,MOZ,CPV,Bebé,32.0,False,False,20240119_CPV_MOZ
2024-01-19,CPV,MOZ,CPV,Ryan Mendes,51.0,False,False,20240119_CPV_MOZ
2024-01-19,CPV,MOZ,CPV,Kevin Pina,69.0,False,False,20240119_CPV_MOZ
2024-01-19,GUI,GAM,GUI,Aguibou Camara,69.0,False,False,20240119_GUI_GAM
2024-01-19,HKG,IRN,IRN,Mehdi Ghayedi,24.0,False,False,20240119_HKG_IRN
2024-01-19,IRQ,JPN,IRQ,Aymen Hussein,5.0,False,False,20240119_IRQ_JPN
2024-01-19,IRQ,JPN,IRQ,Aymen Hussein,45.0,False,False,20240119_IRQ_JPN
2024-01-19,IRQ,JPN,JPN,Wataru Endō,90.0,False,False,20240119_IRQ_JPN
2024-01-19,SEN,CMR,SEN,Ismaïla Sarr,16.0,False,False,20240119_SEN_CMR
2024-01-19,SEN,CMR,SEN,Habib Diallo,71.0,False,False,20240119_SEN_CMR
2024-01-19,SEN,CMR,CMR,Jean-Charles Castelletto,83.0,False,False,20240119_SEN_CMR
2024-01-19,SEN,CMR,SEN,Sadio Mané,90.0,False,False,20240119_SEN_CMR
2024-01-19,VIE,IDN,IDN,Asnawi Mangkualam,42.0,False,True,20240119_VIE_IDN
2024-01-20,ALG,BFA,BFA,Mohamed Konaté,45.0,False,False,20240120_ALG_BFA
2024-01-20,ALG,BFA,ALG,Baghdad Bounedjah,51.0,False,False,20240120_ALG_BFA
2024-01-20,ALG,BFA,BFA,Bertrand Traoré,71.0,False,True,20240120_ALG_BFA
2024-01-20,ALG,BFA,ALG,Baghdad Bounedjah,90.0,False,False,20240120_ALG_BFA
2024-01-20,BHR,MAS,BHR,Ali Madan,90.0,False,False,20240120_BHR_MAS
2024-01-20,JOR,KOR,KOR,Son Heung-min,9.0,False,True,20240120_JOR_KOR
2024-01-20,JOR,KOR,JOR,Park Yong-woo,37.0,True,False,20240120_JOR_KOR
2024-01-20,JOR,KOR,JOR,Yazan Al-Naimat,45.0,False,False,20240120_JOR_KOR
2024-01-20,JOR,KOR,KOR,Yazan Al-Arab,90.0,True,False,20240120_JOR_KOR
2024-01-20,MTN,ANG,ANG,Gelson Dala,30.0,False,False,20240120_MTN_ANG
2024-01-20,MTN,ANG,MTN,Sidi Bouna Amar,43.0,False,False,20240120_MTN_ANG
2024-01-20,MTN,ANG,ANG,Gelson Dala,50.0,False,False,20240120_MTN_ANG
2024-01-20,MTN,ANG,ANG,Gilberto,53.0,False,False,20240120_MTN_ANG
2024-01-20,MTN,ANG,MTN,Aboubakary Koita,58.0,False,False,20240120_MTN_ANG
2024-01-20,TUN,MLI,MLI,Lassine Sinayoko,10.0,False,False,20240120_TUN_MLI
2024-01-20,TUN,MLI,TUN,Hamza Rafia,20.0,False,False,20240120_TUN_MLI
2024-01-21,KGZ,KSA,KSA,Mohamed Kanno,35.0,False,False,20240121_KGZ_KSA
2024-01-21,KGZ,KSA,KSA,Faisal Al-Ghamdi,84.0,False,False,20240121_KGZ_KSA
2024-01-21,MAR,COD,MAR,Achraf Hakimi,6.0,False,False,20240121_MAR_COD
2024-01-21,MAR,COD,COD,Silas Katompa Mvumpa,76.0,False,False,20240121_MAR_COD
2024-01-21,RSA,NAM,RSA,Percy Tau,14.0,False,True,20240121_RSA_NAM
2024-01-21,RSA,NAM,RSA,Themba Zwane,25.0,False,False,20240121_RSA_NAM
2024-01-21,RSA,NAM,RSA,Themba Zwane,40.0,False,False,20240121_RSA_NAM
2024-01-21,RSA,NAM,RSA,Thapelo Maseko,75.0,False,False,20240121_RSA_NAM
2024-01-21,ZAM,TAN,TAN,Simon Msuva,11.0,False,False,20240121_ZAM_TAN
2024-01-21,ZAM,TAN,ZAM,Patson Daka,88.0,False,False,20240121_ZAM_TAN
2024-01-22,CPV,EGY,CPV,Gilson Tavares,45.0,False,False,20240122_CPV_EGY
2024-01-22,CPV,EGY,EGY,Trézéguet,50.0,False,False,20240122_CPV_EGY
2024-01-22,CPV,EGY,CPV,Bryan Teixeira,90.0,False,False,20240122_CPV_EGY
2024-01-22,CPV,EGY,EGY,Mostafa Mohamed,90.0,False,False,20240122_CPV_EGY
2024-01-22,GNB,NGA,NGA,Opa Sanganté,36.0,True,False,20240122_GNB_NGA
2024-01-22,CIV,EQG,EQG,Emilio Nsue,42.0,False,False,20240122_CIV_EQG
2024-01-22,CIV,EQG,EQG,Pablo Ganet,73.0,False,False,20240122_CIV_EQG
2024-01-22,CIV,EQG,EQG,Emilio Nsue,75.0,False,False,20240122_CIV_EQG
2024-01-22,CIV,EQG,EQG,Jannick Buyla,88.0,False,False,20240122_CIV_EQG
2024-01-22,MOZ,GHA,GHA,Jordan Ayew,15.0,False,True,20240122_MOZ_GHA
2024-01-22,MOZ,GHA,GHA,Jordan Ayew,70.0,False,True,20240122_MOZ_GHA
2024-01-22,MOZ,GHA,MOZ,Geny Catamo,90.0,False,True,20240122_MOZ_GHA
2024-01-22,MOZ,GHA,MOZ,Reinildo Mandava,90.0,False,False,20240122_MOZ_GHA
2024-01-22,QAT,CHN,QAT,Hassan Al-Haydos,66.0,False,False,20240122_QAT_CHN
2024-01-22,TJK,LIB,LIB,Bassel Jradi,47.0,False,False,20240122_TJK_LIB
2024-01-22,TJK,LIB,TJK,Parvizdzhon Umarbayev,80.0,False,False,20240122_TJK_LIB
2024-01-22,TJK,LIB,TJK,Nuriddin Khamrokulov,90.0,False,False,20240122_TJK_LIB
2024-01-23,ANG,BFA,ANG,Mabululu,36.0,False,False,20240123_ANG_BFA
2024-01-23,ANG,BFA,ANG,Zini,90.0,False,False,20240123_ANG_BFA
2024-01-23,AUS,UZB,AUS,Martin Boyle,45.0,False,True,20240123_AUS_UZB
2024-01-23,AUS,UZB,UZB,Azizbek Turgunboev,78.0,False,False,20240123_AUS_UZB
2024-01-23,GAM,CMR,CMR,Karl Toko Ekambi,56.0,False,False,20240123_GAM_CMR
2024-01-23,GAM,CMR,GAM,Ablie Jallow,72.0,False,False,20240123_GAM_CMR
2024-01-23,GAM,CMR,GAM,Ebrima Colley,85.0,False,False,20240123_GAM_CMR
2024-01-23,GAM,CMR,CMR,James Gomez,87.0,True,False,20240123_GAM_CMR
2024-01-23,GAM,CMR,CMR,Christopher Wooh,90.0,False,False,20240123_GAM_CMR
2024-01-23,GUI,SEN,SEN,Abdoulaye Seck,61.0,False,False,20240123_GUI_SEN
2024-01-23,GUI,SEN,SEN,Iliman Ndiaye,90.0,False,False,20240123_GUI_SEN
2024-01-23,HKG,PLE,PLE,Oday Dabbagh,12.0,False,False,20240123_HKG_PLE
2024-01-23,HKG,PLE,PLE,Zaid Qunbar,48.0,False,False,20240123_HKG_PLE
2024-01-23,HKG,PLE,PLE,Oday Dabbagh,60.0,False,False,20240123_HKG_PLE
2024-01-23,IRN,UAE,IRN,Mehdi Taremi,26.0,False,False,20240123_IRN_UAE
2024-01-23,IRN,UAE,IRN,Mehdi Taremi,65.0,False,False,20240123_IRN_UAE
2024-01-23,IRN,UAE,UAE,Yahya Al-Ghassani,90.0,False,False,20240123_IRN_UAE
2024-01-23,MTN,ALG,MTN,Mohamed Dellahi Yali,37.0,False,False,20240123_MTN_ALG
2024-01-23,SYR,IND,SYR,Omar Khribin,76.0,False,False,20240123_SYR_IND
2024-01-24,IRQ,VIE,VIE,Bùi Hoàng Việt Anh,42.0,False,False,20240124_IRQ_VIE
2024-01-24,IRQ,VIE,IRQ,Rebin Sulaka,47.0,False,False,20240124_IRQ_VIE
2024-01-24,IRQ,VIE,IRQ,Aymen Hussein,73.0,False,False,20240124_IRQ_VIE
2024-01-24,IRQ,VIE,IRQ,Aymen Hussein,90.0,False,True,20240124_IRQ_VIE
2024-01-24,IRQ,VIE,VIE,Nguyễn Quang Hải,90.0,False,False,20240124_IRQ_VIE
2024-01-24,JPN,IDN,JPN,Ayase Ueda,6.0,False,True,20240124_JPN_IDN
2024-01-24,JPN,IDN,JPN,Ayase Ueda,52.0,False,False,20240124_JPN_IDN
2024-01-24,JPN,IDN,JPN,Justin Hubner,88.0,True,False,20240124_JPN_IDN
2024-01-24,JPN,IDN,IDN,Sandy Walsh,90.0,False,False,20240124_JPN_IDN
2024-01-24,ZAM,MAR,MAR,Hakim Ziyech,37.0,False,False,20240124_ZAM_MAR
2024-01-25,JOR,BHR,BHR,Abdulla Yusuf Helal,34.0,False,False,20240125_JOR_BHR
2024-01-25,KGZ,OMA,OMA,Muhsen Al-Ghassani,8.0,False,False,20240125_KGZ_OMA
2024-01-25,KGZ,OMA,KGZ,Joel Kojo,80.0,False,False,20240125_KGZ_OMA
2024-01-25,KOR,MAS,KOR,Jeong Woo-yeong,21.0,False,False,20240125_KOR_MAS
2024-01-25,KOR,MAS,MAS,Faisal Halim,51.0,False,False,20240125_KOR_MAS
2024-01-25,KOR,MAS,MAS,Arif Aiman Hanapi,62.0,False,True,20240125_KOR_MAS
2024-01-25,KOR,MAS,KOR,Lee Kang-in,83.0,False,False,20240125_KOR_MAS
2024-01-25,KOR,MAS,KOR,Son Heung-min,90.0,False,True,20240125_KOR_MAS
2024-01-25,KOR,MAS,MAS,Romel Morales,90.0,False,False,20240125_KOR_MAS
2024-01-27,ANG,NAM,ANG,Gelson Dala,38.0,False,False,20240127_ANG_NAM
2024-01-27,ANG,NAM,ANG,Gelson Dala,42.0,False,False,20240127_ANG_NAM
2024-01-27,ANG,NAM,ANG,Mabululu,66.0,False,False,20240127_ANG_NAM
2024-01-27,NGA,CMR,NGA,Ademola Lookman,36.0,False,False,20240127_NGA_CMR
2024-01-27,NGA,CMR,NGA,Ademola Lookman,90.0,False,False,20240127_NGA_CMR
2024-01-28,AUS,IDN,AUS,Elkan Baggott,12.0,True,False,20240128_AUS_IDN
2024-01-28,AUS,IDN,AUS,Martin Boyle,45.0,False,False,20240128_AUS_IDN
2024-01-28,AUS,IDN,AUS,Craig Goodwin,89.0,False,False,20240128_AUS_IDN
2024-01-28,AUS,IDN,AUS,Harry Souttar,90.0,False,False,20240128_AUS_IDN
2024-01-28,EGY,COD,COD,Meschak Elia,37.0,False,False,20240128_EGY_COD
2024-01-28,EGY,COD,EGY,Mostafa Mohamed,45.0,False,True,20240128_EGY_COD
2024-01-28,EQG,GUI,GUI,Mohamed Bayo,90.0,False,False,20240128_EQG_GUI
2024-01-28,TJK,UAE,TJK,Vahdat Hanonov,30.0,False,False,20240128_TJK_UAE
2024-01-28,TJK,UAE,UAE,Khalifa Al Hammadi,90.0,False,False,20240128_TJK_UAE
2024-01-29,CPV,MTN,CPV,Ryan Mendes,88.0,False,True,20240129_CPV_MTN
2024-01-29,IRQ,JOR,JOR,Yazan Al-Naimat,45.0,False,False,20240129_IRQ_JOR
2024-01-29,IRQ,JOR,IRQ,Saad Natiq,68.0,False,False,20240129_IRQ_JOR
2024-01-29,IRQ,JOR,IRQ,Aymen Hussein,76.0,False,False,20240129_IRQ_JOR
2024-01-29,IRQ,JOR,JOR,Yazan Al-Arab,90.0,False,False,20240129_IRQ_JOR
2024-01-29,IRQ,JOR,JOR,Nizar Al-Rashdan,90.0,False,False,20240129_IRQ_JOR
2024-01-29,CIV,SEN,SEN,Habib Diallo,4.0,False,False,20240129_CIV_SEN
2024-01-29,CIV,SEN,CIV,Franck Kessié,86.0,False,True,20240129_CIV_SEN
2024-01-29,QAT,PLE,PLE,Oday Dabbagh,37.0,False,False,20240129_QAT_PLE
2024-01-29,QAT,PLE,QAT,Hassan Al-Haydos,45.0,False,False,20240129_QAT_PLE
2024-01-29,QAT,PLE,QAT,Akram Afif,49.0,False,True,20240129_QAT_PLE
2024-01-30,MLI,BFA,MLI,Edmond Tapsoba,3.0,True,False,20240130_MLI_BFA
2024-01-30,MLI,BFA,MLI,Lassine Sinayoko,47.0,False,False,20240130_MLI_BFA
2024-01-30,MLI,BFA,BFA,Bertrand Traoré,57.0,False,True,20240130_MLI_BFA
2024-01-30,MAR,RSA,RSA,Evidence Makgopa,57.0,False,False,20240130_MAR_RSA
2024-01-30,MAR,RSA,RSA,Teboho Mokoena,90.0,False,False,20240130_MAR_RSA
2024-01-30,KSA,KOR,KSA,Abdullah Radif,46.0,False,False,20240130_KSA_KOR
2024-01-30,KSA,KOR,KOR,Cho Gue-sung,90.0,False,False,20240130_KSA_KOR
2024-01-30,UZB,THA,UZB,Azizbek Turgunboev,37.0,False,False,20240130_UZB_THA
2024-01-30,UZB,THA,THA,Supachok Sarachat,58.0,False,False,20240130_UZB_THA
2024-01-30,UZB,THA,UZB,Abbosbek Fayzullaev,65.0,False,False,20240130_UZB_THA
2024-01-31,BHR,JPN,JPN,Ritsu Dōan,31.0,False,False,20240131_BHR_JPN
2024-01-31,BHR,JPN,JPN,Takefusa Kubo,49.0,False,False,20240131_BHR_JPN
2024-01-31,BHR,JPN,BHR,Ayase Ueda,64.0,True,False,20240131_BHR_JPN
2024-01-31,BHR,JPN,JPN,Ayase Ueda,72.0,False,False,20240131_BHR_JPN
2024-01-31,IRN,SYR,IRN,Mehdi Taremi,34.0,False,True,20240131_IRN_SYR
2024-01-31,IRN,SYR,SYR,Omar Khribin,64.0,False,True,20240131_IRN_SYR
2024-02-02,AUS,KOR,AUS,Craig Goodwin,42.0,False,False,20240202_AUS_KOR
2024-02-02,AUS,KOR,KOR,Hwang Hee-chan,90.0,False,True,20240202_AUS_KOR
2024-02-02,AUS,KOR,KOR,Son Heung-min,104.0,False,False,20240202_AUS_KOR
2024-02-02,COD,GUI,GUI,Mohamed Bayo,21.0,False,True,20240202_COD_GUI
2024-02-02,COD,GUI,COD,Chancel Mbemba,27.0,False,False,20240202_COD_GUI
2024-02-02,COD,GUI,COD,Yoane Wissa,65.0,False,True,20240202_COD_GUI
2024-02-02,COD,GUI,COD,Arthur Masuaku,82.0,False,False,20240202_COD_GUI
2024-02-02,NGA,ANG,NGA,Ademola Lookman,41.0,False,False,20240202_NGA_ANG
2024-02-02,TJK,JOR,JOR,Vahdat Hanonov,66.0,True,False,20240202_TJK_JOR
2024-02-03,IRN,JPN,JPN,Hidemasa Morita,28.0,False,False,20240203_IRN_JPN
2024-02-03,IRN,JPN,IRN,Mohammad Mohebi,55.0,False,False,20240203_IRN_JPN
2024-02-03,IRN,JPN,IRN,Alireza Jahanbakhsh,90.0,False,True,20240203_IRN_JPN
2024-02-03,CIV,MLI,MLI,Nene Dorgeles,71.0,False,False,20240203_CIV_MLI
2024-02-03,CIV,MLI,CIV,Simon Adingra,90.0,False,False,20240203_CIV_MLI
2024-02-03,CIV,MLI,CIV,Oumar Diakité,120.0,False,False,20240203_CIV_MLI
2024-02-03,QAT,UZB,QAT,Hassan Al-Haydos,27.0,False,False,20240203_QAT_UZB
2024-02-03,QAT,UZB,UZB,Odiljon Hamrobekov,59.0,False,False,20240203_QAT_UZB
2024-02-06,JOR,KOR,JOR,Yazan Al-Naimat,53.0,False,False,20240206_JOR_KOR
2024-02-06,JOR,KOR,JOR,Musa Al-Taamari,66.0,False,False,20240206_JOR_KOR
2024-02-07,CIV,COD,CIV,Sébastien Haller,65.0,False,False,20240207_CIV_COD
2024-02-07,NGA,RSA,NGA,William Troost-Ekong,67.0,False,True,20240207_NGA_RSA
2024-02-07,NGA,RSA,RSA,Teboho Mokoena,90.0,False,True,20240207_NGA_RSA
2024-02-07,QAT,IRN,IRN,Sardar Azmoun,4.0,False,False,20240207_QAT_IRN
2024-02-07,QAT,IRN,QAT,Jassem Gaber,17.0,False,False,20240207_QAT_IRN
2024-02-07,QAT,IRN,QAT,Akram Afif,43.0,False,False,20240207_QAT_IRN
2024-02-07,QAT,IRN,IRN,Alireza Jahanbakhsh,51.0,False,True,20240207_QAT_IRN
2024-02-07,QAT,IRN,QAT,Almoez Ali,82.0,False,False,20240207_QAT_IRN
2024-02-10,QAT,JOR,QAT,Akram Afif,22.0,False,True,20240210_QAT_JOR
2024-02-10,QAT,JOR,JOR,Yazan Al-Naimat,67.0,False,False,20240210_QAT_JOR
2024-02-10,QAT,JOR,QAT,Akram Afif,73.0,False,True,20240210_QAT_JOR
2024-02-10,QAT,JOR,QAT,Akram Afif,90.0,False,True,20240210_QAT_JOR
2024-02-11,CIV,NGA,NGA,William Troost-Ekong,38.0,False,False,20240211_CIV_NGA
2024-02-11,CIV,NGA,CIV,Franck Kessié,62.0,False,False,20240211_CIV_NGA
2024-02-11,CIV,NGA,CIV,Sébastien Haller,81.0,False,False,20240211_CIV_NGA
2024-03-21,AUS,LIB,AUS,Keanu Baccus,5.0,False,False,20240321_AUS_LIB
2024-03-21,AUS,LIB,AUS,Kye Rowles,54.0,False,False,20240321_AUS_LIB
2024-03-21,BHR,NEP,BHR,Mahdi Al-Humaidan,2.0,False,False,20240321_BHR_NEP
2024-03-21,BHR,NEP,BHR,Sayed Baqer,4.0,False,False,20240321_BHR_NEP
2024-03-21,BHR,NEP,BHR,Ali Madan,45.0,False,False,20240321_BHR_NEP
2024-03-21,BHR,NEP,BHR,Ebrahim Al-Khattal,87.0,False,False,20240321_BHR_NEP
2024-03-21,BHR,NEP,BHR,Ismail Abdullatif,90.0,False,False,20240321_BHR_NEP
2024-03-21,BIH,UKR,BIH,Mykola Matviyenko,56.0,True,False,20240321_BIH_UKR
2024-03-21,BIH,UKR,UKR,Roman Yaremchuk,85.0,False,False,20240321_BIH_UKR
2024-03-21,BIH,UKR,UKR,Artem Dovbyk,88.0,False,False,20240321_BIH_UKR
2024-03-21,GEO,LUX,GEO,Budu Zivzivadze,40.0,False,False,20240321_GEO_LUX
2024-03-21,GEO,LUX,GEO,Budu Zivzivadze,63.0,False,False,20240321_GEO_LUX
2024-03-21,GIB,LTU,LTU,Armandas Kučys,60.0,False,False,20240321_GIB_LTU
2024-03-21,GRE,KAZ,GRE,Anastasios Bakasetas,9.0,False,True,20240321_GRE_KAZ
2024-03-21,GRE,KAZ,GRE,Dimitrios Pelkas,15.0,False,False,20240321_GRE_KAZ
2024-03-21,GRE,KAZ,GRE,Fotis Ioannidis,37.0,False,False,20240321_GRE_KAZ
2024-03-21,GRE,KAZ,GRE,Dimitrios Kourbelis,40.0,False,False,20240321_GRE_KAZ
2024-03-21,GRE,KAZ,GRE,Yerkin Tapalov,85.0,True,False,20240321_GRE_KAZ
2024-03-21,HKG,UZB,UZB,Eldor Shomurodov,49.0,False,False,20240321_HKG_UZB
2024-03-21,HKG,UZB,UZB,Rustam Ashurmatov,66.0,False,False,20240321_HKG_UZB
2024-03-21,IDN,VIE,IDN,Egy Maulana Vikri,52.0,False,False,20240321_IDN_VIE
2024-03-21,IRN,TKM,IRN,Hossein Kanaanizadegan,10.0,False,False,20240321_IRN_TKM
2024-03-21,IRN,TKM,IRN,Sardar Azmoun,13.0,False,False,20240321_IRN_TKM
2024-03-21,IRN,TKM,IRN,Hossein Kanaanizadegan,48.0,False,False,20240321_IRN_TKM
2024-03-21,IRN,TKM,IRN,Mohammad Mohebi,56.0,False,False,20240321_IRN_TKM
2024-03-21,IRN,TKM,IRN,Omid Noorafkan,90.0,False,False,20240321_IRN_TKM
2024-03-21,IRQ,PHI,IRQ,Mohanad Ali,84.0,False,False,20240321_IRQ_PHI
2024-03-21,ISR,ISL,ISR,Eran Zahavi,31.0,False,True,20240321_ISR_ISL
2024-03-21,ISR,ISL,ISL,Albert Guðmundsson,39.0,False,False,20240321_ISR_ISL
2024-03-21,ISR,ISL,ISL,Arnór Ingvi Traustason,42.0,False,False,20240321_ISR_ISL
2024-03-21,ISR,ISL,ISL,Albert Guðmundsson,83.0,False,False,20240321_ISR_ISL
2024-03-21,ISR,ISL,ISL,Albert Guðmundsson,87.0,False,False,20240321_ISR_ISL
2024-03-21,JPN,PRK,JPN,Ao Tanaka,2.0,False,False,20240321_JPN_PRK
2024-03-21,MYA,SYR,MYA,Soe Moe Kyaw,35.0,False,False,20240321_MYA_SYR
2024-03-21,MYA,SYR,SYR,Alaa Al Dali,71.0,False,False,20240321_MYA_SYR
2024-03-21,OMA,MAS,OMA,Issam Al-Sabhi,58.0,False,False,20240321_OMA_MAS
2024-03-21,OMA,MAS,OMA,Muhsen Al-Ghassani,88.0,False,False,20240321_OMA_MAS
2024-03-21,PAK,JOR,JOR,Musa Al-Taamari,2.0,False,False,20240321_PAK_JOR
2024-03-21,PAK,JOR,JOR,Ali Olwan,9.0,False,True,20240321_PAK_JOR
2024-03-21,PAK,JOR,JOR,Musa Al-Taamari,86.0,False,False,20240321_PAK_JOR
2024-03-21,PLE,BAN,PLE,Oday Dabbagh,43.0,False,False,20240321_PLE_BAN
2024-03-21,PLE,BAN,PLE,Shehab Qunbar,45.0,False,False,20240321_PLE_BAN
2024-03-21,PLE,BAN,PLE,Shehab Qunbar,49.0,False,False,20240321_PLE_BAN
2024-03-21,PLE,BAN,PLE,Oday Dabbagh,53.0,False,False,20240321_PLE_BAN
2024-03-21,PLE,BAN,PLE,Oday Dabbagh,77.0,False,False,20240321_PLE_BAN
2024-03-21,POL,EST,POL,Przemysław Frankowski,22.0,False,False,20240321_POL_EST
2024-03-21,POL,EST,POL,Piotr Zieliński,50.0,False,False,20240321_POL_EST
2024-03-21,POL,EST,POL,Jakub Piotrowski,70.0,False,False,20240321_POL_EST
2024-03-21,POL,EST,POL,Karol Mets,74.0,True,False,20240321_POL_EST
2024-03-21,POL,EST,POL,Sebastian Szymański,76.0,False,False,20240321_POL_EST
2024-03-21,POL,EST,EST,Martin Vetkal,78.0,False,False,20240321_POL_EST
2024-03-21,QAT,KUW,QAT,Akram Afif,47.0,False,False,20240321_QAT_KUW
2024-03-21,QAT,KUW,QAT,Ahmed Al-Rawi,51.0,False,False,20240321_QAT_KUW
2024-03-21,QAT,KUW,QAT,Akram Afif,68.0,False,False,20240321_QAT_KUW
2024-03-21,KSA,TJK,KSA,Salem Al-Dawsari,23.0,False,False,20240321_KSA_TJK
2024-03-21,SGP,CHN,CHN,Wu Lei,10.0,False,False,20240321_SGP_CHN
2024-03-21,SGP,CHN,CHN,Wu Lei,45.0,False,False,20240321_SGP_CHN
2024-03-21,SGP,CHN,SGP,Faris Ramli,53.0,False,False,20240321_SGP_CHN
2024-03-21,SGP,CHN,SGP,Jacob Mahler,81.0,False,False,20240321_SGP_CHN
2024-03-21,KOR,THA,KOR,Son Heung-min,42.0,False,False,20240321_KOR_THA
2024-03-21,KOR,THA,THA,Suphanat Mueanta,61.0,False,False,20240321_KOR_THA
2024-03-21,TPE,KGZ,KGZ,Valery Kichin,54.0,False,True,20240321_TPE_KGZ
2024-03-21,TPE,KGZ,KGZ,Kai Merk,80.0,False,False,20240321_TPE_KGZ
2024-03-21,UAE,YEM,UAE,Ali Saleh,24.0,False,True,20240321_UAE_YEM
2024-03-21,UAE,YEM,YEM,Abdulla Idrees,69.0,True,False,20240321_UAE_YEM
2024-03-21,UAE,YEM,UAE,Sultan Adil,72.0,False,False,20240321_UAE_YEM
2024-03-21,WAL,FIN,WAL,David Brooks,3.0,False,False,20240321_WAL_FIN
2024-03-21,WAL,FIN,WAL,Neco Williams,38.0,False,False,20240321_WAL_FIN
2024-03-21,WAL,FIN,FIN,Teemu Pukki,45.0,False,False,20240321_WAL_FIN
2024-03-21,WAL,FIN,WAL,Brennan Johnson,47.0,False,False,20240321_WAL_FIN
2024-03-21,WAL,FIN,WAL,Daniel James,86.0,False,False,20240321_WAL_FIN
2024-03-22,United States Virgin Islands,VGB,United States Virgin Islands,Jett Blaschka,73.0,False,False,20240322_United-States-Virgin-Islands_VGB
2024-03-22,United States Virgin Islands,VGB,VGB,Hugo Liziario,90.0,False,False,20240322_United-States-Virgin-Islands_VGB
2024-03-23,CAN,TRI,CAN,Cyle Larin,61.0,False,False,20240323_CAN_TRI
2024-03-23,CAN,TRI,CAN,Jacob Shaffelburg,90.0,False,False,20240323_CAN_TRI
2024-03-23,CRC,HON,HON,Michaell Chirinos,10.0,False,False,20240323_CRC_HON
2024-03-23,CRC,HON,CRC,Orlando Galo,12.0,False,False,20240323_CRC_HON
2024-03-23,CRC,HON,CRC,Warren Madrigal,56.0,False,False,20240323_CRC_HON
2024-03-23,CRC,HON,CRC,Jefferson Brenes,62.0,False,False,20240323_CRC_HON
2024-03-26,AUS,LIB,AUS,Kusini Yengi,2.0,False,False,20240326_AUS_LIB
2024-03-26,AUS,LIB,AUS,Bassel Jradi,47.0,True,False,20240326_AUS_LIB
2024-03-26,AUS,LIB,AUS,Craig Goodwin,48.0,False,False,20240326_AUS_LIB
2024-03-26,AUS,LIB,AUS,John Iredale,68.0,False,False,20240326_AUS_LIB
2024-03-26,AUS,LIB,AUS,Craig Goodwin,81.0,False,False,20240326_AUS_LIB
2024-03-26,BHR,NEP,BHR,Sayed Baqer,7.0,False,False,20240326_BHR_NEP
2024-03-26,BHR,NEP,BHR,Abdulla Yusuf Helal,18.0,False,True,20240326_BHR_NEP
2024-03-26,BHR,NEP,BHR,Kamil Al-Aswad,36.0,False,False,20240326_BHR_NEP
2024-03-26,BAN,PLE,PLE,Michel Termanini,90.0,False,False,20240326_BAN_PLE
2024-03-26,CHN,SGP,CHN,Wu Lei,21.0,False,False,20240326_CHN_SGP
2024-03-26,CHN,SGP,SGP,Faris Ramli,22.0,False,False,20240326_CHN_SGP
2024-03-26,CHN,SGP,CHN,Fernandinho,65.0,False,True,20240326_CHN_SGP
2024-03-26,CHN,SGP,CHN,Wu Lei,85.0,False,False,20240326_CHN_SGP
2024-03-26,CHN,SGP,CHN,Wei Shihao,90.0,False,False,20240326_CHN_SGP
2024-03-26,IND,AFG,IND,Sunil Chhetri,38.0,False,True,20240326_IND_AFG
2024-03-26,IND,AFG,AFG,Rahmat Akbari,70.0,False,False,20240326_IND_AFG
2024-03-26,IND,AFG,AFG,Sharif Mukhammad,88.0,False,True,20240326_IND_AFG
2024-03-26,JOR,PAK,JOR,Musa Al-Taamari,15.0,False,False,20240326_JOR_PAK
2024-03-26,JOR,PAK,JOR,Yazan Al-Naimat,28.0,False,True,20240326_JOR_PAK
2024-03-26,JOR,PAK,JOR,Saed Al-Rosan,52.0,False,False,20240326_JOR_PAK
2024-03-26,JOR,PAK,JOR,Musa Al-Taamari,62.0,False,False,20240326_JOR_PAK
2024-03-26,JOR,PAK,JOR,Ali Olwan,75.0,False,False,20240326_JOR_PAK
2024-03-26,JOR,PAK,JOR,Musa Al-Taamari,79.0,False,False,20240326_JOR_PAK
2024-03-26,JOR,PAK,JOR,Mohammad Abu Zrayq,83.0,False,False,20240326_JOR_PAK
2024-03-26,KUW,QAT,QAT,Almoez Ali,77.0,False,False,20240326_KUW_QAT
2024-03-26,KUW,QAT,KUW,Mohammad Daham,79.0,False,False,20240326_KUW_QAT
2024-03-26,KUW,QAT,QAT,Almoez Ali,80.0,False,False,20240326_KUW_QAT
2024-03-26,KGZ,TPE,KGZ,Joel Kojo,17.0,False,False,20240326_KGZ_TPE
2024-03-26,KGZ,TPE,KGZ,Joel Kojo,38.0,False,False,20240326_KGZ_TPE
2024-03-26,KGZ,TPE,KGZ,Joel Kojo,45.0,False,False,20240326_KGZ_TPE
2024-03-26,KGZ,TPE,KGZ,Khristiyan Brauzman,79.0,False,False,20240326_KGZ_TPE
2024-03-26,KGZ,TPE,TPE,Wu Yen-shu,87.0,False,True,20240326_KGZ_TPE
2024-03-26,KGZ,TPE,KGZ,Kimi Merk,90.0,False,False,20240326_KGZ_TPE
2024-03-26,LTU,GIB,LTU,Fedor Černych,51.0,False,False,20240326_LTU_GIB
2024-03-26,MAS,OMA,OMA,Omar Al-Malki,45.0,False,True,20240326_MAS_OMA
2024-03-26,MAS,OMA,OMA,Mohammed Al-Ghafri,90.0,False,False,20240326_MAS_OMA
2024-03-26,PHI,IRQ,IRQ,Aymen Hussein,14.0,False,True,20240326_PHI_IRQ
2024-03-26,PHI,IRQ,IRQ,Amir Al-Ammari,30.0,False,False,20240326_PHI_IRQ
2024-03-26,PHI,IRQ,IRQ,Aymen Hussein,36.0,False,False,20240326_PHI_IRQ
2024-03-26,PHI,IRQ,IRQ,Zidane Iqbal,62.0,False,False,20240326_PHI_IRQ
2024-03-26,PHI,IRQ,IRQ,Zaid Tahseen,77.0,False,False,20240326_PHI_IRQ
2024-03-26,SYR,MYA,SYR,Omar Khribin,30.0,False,False,20240326_SYR_MYA
2024-03-26,SYR,MYA,SYR,Ibrahim Hesar,47.0,False,False,20240326_SYR_MYA
2024-03-26,SYR,MYA,SYR,Moayad Ajan,51.0,False,False,20240326_SYR_MYA
2024-03-26,SYR,MYA,SYR,Omar Khribin,54.0,False,False,20240326_SYR_MYA
2024-03-26,SYR,MYA,SYR,Omar Khribin,63.0,False,True,20240326_SYR_MYA
2024-03-26,SYR,MYA,SYR,Moayad Ajan,68.0,False,False,20240326_SYR_MYA
2024-03-26,SYR,MYA,SYR,Alaa Al-Dali,80.0,False,False,20240326_SYR_MYA
2024-03-26,TJK,KSA,KSA,Firas Al-Buraikan,46.0,False,False,20240326_TJK_KSA
2024-03-26,TJK,KSA,TJK,Rustam Soirov,80.0,False,False,20240326_TJK_KSA
2024-03-26,THA,KOR,KOR,Lee Jae-sung,19.0,False,False,20240326_THA_KOR
2024-03-26,THA,KOR,KOR,Son Heung-min,54.0,False,False,20240326_THA_KOR
2024-03-26,THA,KOR,KOR,Park Jin-seob,82.0,False,False,20240326_THA_KOR
2024-03-26,TKM,IRN,IRN,Mehdi Ghayedi,45.0,False,False,20240326_TKM_IRN
2024-03-26,UKR,ISL,ISL,Albert Guðmundsson,30.0,False,False,20240326_UKR_ISL
2024-03-26,UKR,ISL,UKR,Viktor Tsyhankov,54.0,False,False,20240326_UKR_ISL
2024-03-26,UKR,ISL,UKR,Mykhailo Mudryk,84.0,False,False,20240326_UKR_ISL
2024-03-26,UZB,HKG,UZB,Eldor Shomurodov,20.0,False,False,20240326_UZB_HKG
2024-03-26,UZB,HKG,UZB,Khojimat Erkinov,63.0,False,False,20240326_UZB_HKG
2024-03-26,UZB,HKG,UZB,Oston Urunov,70.0,False,False,20240326_UZB_HKG
2024-03-26,VIE,IDN,IDN,Jay Idzes,9.0,False,False,20240326_VIE_IDN
2024-03-26,VIE,IDN,IDN,Ragnar Oratmangoen,23.0,False,False,20240326_VIE_IDN
2024-03-26,VIE,IDN,IDN,Ramadhan Sananta,90.0,False,False,20240326_VIE_IDN
2024-03-26,YEM,UAE,UAE,Fábio Lima,14.0,False,False,20240326_YEM_UAE
2024-03-26,YEM,UAE,UAE,Fábio Lima,22.0,False,False,20240326_YEM_UAE
2024-03-26,YEM,UAE,UAE,Sultan Adil,35.0,False,False,20240326_YEM_UAE
2024-06-05,ATG,BER,ATG,Raheem Deterville,26.0,False,False,20240605_ATG_BER
2024-06-05,ATG,BER,BER,Sachiel Ming,90.0,False,False,20240605_ATG_BER
2024-06-05,CTA,CHA,CTA,Vénuste Baboula,29.0,False,False,20240605_CTA_CHA
2024-06-05,CUW,BRB,CUW,Rangelo Janga,25.0,False,False,20240605_CUW_BRB
2024-06-05,CUW,BRB,CUW,Rangelo Janga,62.0,False,False,20240605_CUW_BRB
2024-06-05,CUW,BRB,CUW,Rangelo Janga,86.0,False,True,20240605_CUW_BRB
2024-06-05,CUW,BRB,CUW,Gervane Kastaneer,90.0,False,False,20240605_CUW_BRB
2024-06-05,CUW,BRB,BRB,Niall Reid-Stephen,90.0,False,True,20240605_CUW_BRB
2024-06-05,GUA,DMA,GUA,Alejandro Galindo,4.0,False,False,20240605_GUA_DMA
2024-06-05,GUA,DMA,GUA,Allen Yanes,27.0,False,False,20240605_GUA_DMA
2024-06-05,GUA,DMA,GUA,Alejandro Galindo,48.0,False,False,20240605_GUA_DMA
2024-06-05,GUA,DMA,GUA,Rubio Rubin,58.0,False,False,20240605_GUA_DMA
2024-06-05,GUA,DMA,GUA,José Carlos Martínez,78.0,False,False,20240605_GUA_DMA
2024-06-05,GUA,DMA,GUA,José Morales,83.0,False,False,20240605_GUA_DMA
2024-06-05,NAM,LBR,NAM,Tjipe Karuuombe,8.0,False,False,20240605_NAM_LBR
2024-06-05,NAM,LBR,LBR,Terry Sackor,65.0,False,False,20240605_NAM_LBR
2024-06-05,NCA,Montserrat,NCA,Jaime Moreno,3.0,False,False,20240605_NCA_Montserrat
2024-06-05,NCA,Montserrat,Montserrat,Brandon Barzey,9.0,False,False,20240605_NCA_Montserrat
2024-06-05,NCA,Montserrat,NCA,Donervon Daniels,23.0,True,False,20240605_NCA_Montserrat
2024-06-05,NCA,Montserrat,NCA,Jacob Montes,69.0,False,False,20240605_NCA_Montserrat
2024-06-05,NCA,Montserrat,NCA,Harold Medina,90.0,False,False,20240605_NCA_Montserrat
2024-06-05,SLE,Djibouti,SLE,Curtis Davies,12.0,False,False,20240605_SLE_Djibouti
2024-06-05,SLE,Djibouti,Djibouti,Gabriel Dadzie,35.0,False,True,20240605_SLE_Djibouti
2024-06-05,SLE,Djibouti,SLE,Augustus Kargbo,51.0,False,False,20240605_SLE_Djibouti
2024-06-05,SUR,VIN,VIN,Oalex Anderson,31.0,False,False,20240605_SUR_VIN
2024-06-05,SUR,VIN,SUR,Sheraldo Becker,39.0,False,True,20240605_SUR_VIN
2024-06-05,SUR,VIN,SUR,Jeredy Hilterman,45.0,False,False,20240605_SUR_VIN
2024-06-05,SUR,VIN,SUR,Justin Lonwijk,46.0,False,False,20240605_SUR_VIN
2024-06-05,SUR,VIN,SUR,Jaden Montnor,70.0,False,False,20240605_SUR_VIN
2024-06-05,TOG,South Sudan,TOG,Khaled Narey,61.0,False,False,20240605_TOG_South-Sudan
2024-06-05,TOG,South Sudan,South Sudan,Roger Aholou,68.0,True,False,20240605_TOG_South-Sudan
2024-06-05,TRI,GRN,GRN,Myles Hippolyte,24.0,False,True,20240605_TRI_GRN
2024-06-05,TRI,GRN,GRN,Myles Hippolyte,28.0,False,False,20240605_TRI_GRN
2024-06-05,TRI,GRN,TRI,Ryan Telfer,43.0,False,False,20240605_TRI_GRN
2024-06-05,TRI,GRN,TRI,Reon Moore,74.0,False,False,20240605_TRI_GRN
2024-06-05,TUN,EQG,TUN,Mohamed Ali Ben Romdhane,82.0,False,True,20240605_TUN_EQG
2024-06-06,ALG,GUI,GUI,Morlaye Sylla,50.0,False,False,20240606_ALG_GUI
2024-06-06,ALG,GUI,ALG,Yasser Baldé,52.0,True,False,20240606_ALG_GUI
2024-06-06,ALG,GUI,GUI,Aguibou Camara,63.0,False,False,20240606_ALG_GUI
2024-06-06,BAN,AUS,AUS,Ajdin Hrustic,29.0,False,False,20240606_BAN_AUS
2024-06-06,BAN,AUS,AUS,Kusini Yengi,62.0,False,False,20240606_BAN_AUS
2024-06-06,BEN,RWA,BEN,Dodo Dokou,37.0,False,False,20240606_BEN_RWA
2024-06-06,CHN,THA,THA,Supachok Sarachat,20.0,False,False,20240606_CHN_THA
2024-06-06,CHN,THA,CHN,Zhang Yuning,79.0,False,False,20240606_CHN_THA
2024-06-06,CRC,SKN,CRC,Orlando Galo,40.0,False,False,20240606_CRC_SKN
2024-06-06,CRC,SKN,CRC,Orlando Galo,50.0,False,False,20240606_CRC_SKN
2024-06-06,CRC,SKN,CRC,Josimar Alcócer,83.0,False,False,20240606_CRC_SKN
2024-06-06,CRC,SKN,CRC,Andy Rojas,84.0,False,False,20240606_CRC_SKN
2024-06-06,EGY,BFA,EGY,Trézéguet,3.0,False,False,20240606_EGY_BFA
2024-06-06,EGY,BFA,EGY,Trézéguet,8.0,False,False,20240606_EGY_BFA
2024-06-06,EGY,BFA,BFA,Lassina Traoré,57.0,False,False,20240606_EGY_BFA
2024-06-06,HAI,LCA,LCA,Caniggia Elva,18.0,False,False,20240606_HAI_LCA
2024-06-06,HAI,LCA,HAI,Jean-Kévin Duverne,47.0,False,False,20240606_HAI_LCA
2024-06-06,HAI,LCA,HAI,Duckens Nazon,78.0,False,False,20240606_HAI_LCA
2024-06-06,HON,CUB,CUB,Maikel Reyes,23.0,False,False,20240606_HON_CUB
2024-06-06,HON,CUB,HON,Anthony Lozano,26.0,False,False,20240606_HON_CUB
2024-06-06,HON,CUB,HON,Edwin Rodríguez,45.0,False,False,20240606_HON_CUB
2024-06-06,HON,CUB,HON,Rubilio Castillo,82.0,False,False,20240606_HON_CUB
2024-06-06,HKG,IRN,IRN,Mehdi Taremi,12.0,False,True,20240606_HKG_IRN
2024-06-06,HKG,IRN,HKG,Ma Hei Wai,14.0,False,False,20240606_HKG_IRN
2024-06-06,HKG,IRN,IRN,Mehdi Taremi,34.0,False,True,20240606_HKG_IRN
2024-06-06,HKG,IRN,IRN,Mehdi Taremi,56.0,False,False,20240606_HKG_IRN
2024-06-06,HKG,IRN,HKG,Anthony Pinto,59.0,False,False,20240606_HKG_IRN
2024-06-06,HKG,IRN,IRN,Sardar Azmoun,65.0,False,False,20240606_HKG_IRN
2024-06-06,IDN,IRQ,IRQ,Aymen Hussein,54.0,False,True,20240606_IDN_IRQ
2024-06-06,IDN,IRQ,IRQ,Ali Jasim,88.0,False,False,20240606_IDN_IRQ
2024-06-06,JAM,DOM,JAM,Shamar Nicholson,17.0,False,False,20240606_JAM_DOM
2024-06-06,JOR,TJK,JOR,Ali Olwan,51.0,False,False,20240606_JOR_TJK
2024-06-06,JOR,TJK,JOR,Yazan Al-Naimat,68.0,False,False,20240606_JOR_TJK
2024-06-06,JOR,TJK,JOR,Ibrahim Sadeh,90.0,False,False,20240606_JOR_TJK
2024-06-06,KGZ,MAS,KGZ,Gulzhigit Alykulov,24.0,False,False,20240606_KGZ_MAS
2024-06-06,KGZ,MAS,MAS,Odilzhon Abdurakhmanov,38.0,True,False,20240606_KGZ_MAS
2024-06-06,LBY,MRI,LBY,Faisal Al Badri,20.0,False,True,20240606_LBY_MRI
2024-06-06,LBY,MRI,MRI,Kévin Bru,34.0,False,False,20240606_LBY_MRI
2024-06-06,LBY,MRI,LBY,Ahmed Krawa'a,40.0,False,False,20240606_LBY_MRI
2024-06-06,MWI,São Tomé and Príncipe,MWI,Chawanangwa Kawonga,6.0,False,False,20240606_MWI_São-Tomé-and-Príncipe
2024-06-06,MWI,São Tomé and Príncipe,MWI,Lanjesi Nkhoma,14.0,False,False,20240606_MWI_São-Tomé-and-Príncipe
2024-06-06,MWI,São Tomé and Príncipe,São Tomé and Príncipe,Denilson Silva,67.0,False,False,20240606_MWI_São-Tomé-and-Príncipe
2024-06-06,MWI,São Tomé and Príncipe,MWI,Chifundo Mphasi,78.0,False,False,20240606_MWI_São-Tomé-and-Príncipe
2024-06-06,MLI,GHA,MLI,Kamory Doumbia,45.0,False,False,20240606_MLI_GHA
2024-06-06,MLI,GHA,GHA,Ernest Nuamah,58.0,False,False,20240606_MLI_GHA
2024-06-06,MLI,GHA,GHA,Jordan Ayew,90.0,False,False,20240606_MLI_GHA
2024-06-06,MTN,SDN,SDN,Seif Teiri,15.0,False,False,20240606_MTN_SDN
2024-06-06,MTN,SDN,SDN,Aly Abeid,29.0,True,False,20240606_MTN_SDN
2024-06-06,MYA,JPN,JPN,Keito Nakamura,17.0,False,False,20240606_MYA_JPN
2024-06-06,MYA,JPN,JPN,Ritsu Dōan,34.0,False,False,20240606_MYA_JPN
2024-06-06,MYA,JPN,JPN,Koki Ogawa,75.0,False,False,20240606_MYA_JPN
2024-06-06,MYA,JPN,JPN,Koki Ogawa,83.0,False,False,20240606_MYA_JPN
2024-06-06,MYA,JPN,JPN,Keito Nakamura,90.0,False,False,20240606_MYA_JPN
2024-06-06,NEP,UAE,UAE,Harib Abdalla,12.0,False,False,20240606_NEP_UAE
2024-06-06,NEP,UAE,UAE,Harib Abdalla,14.0,False,False,20240606_NEP_UAE
2024-06-06,NEP,UAE,UAE,Ali Saleh,53.0,False,False,20240606_NEP_UAE
2024-06-06,NEP,UAE,UAE,Hazem Mohammad,75.0,False,False,20240606_NEP_UAE
2024-06-06,PRK,SYR,PRK,Jong Il-gwan,90.0,False,False,20240606_PRK_SYR
2024-06-06,PAK,KSA,KSA,Firas Al-Buraikan,26.0,False,False,20240606_PAK_KSA
2024-06-06,PAK,KSA,KSA,Firas Al-Buraikan,41.0,False,False,20240606_PAK_KSA
2024-06-06,PAK,KSA,KSA,Musab Al-Juwayr,59.0,False,False,20240606_PAK_KSA
2024-06-06,PAN,GUY,PAN,Cristian Martínez,62.0,False,False,20240606_PAN_GUY
2024-06-06,PAN,GUY,PAN,José Luis Rodríguez,65.0,False,False,20240606_PAN_GUY
2024-06-06,SEN,COD,SEN,Ismaïla Sarr,45.0,False,False,20240606_SEN_COD
2024-06-06,SEN,COD,COD,Fiston Mayele,85.0,False,False,20240606_SEN_COD
2024-06-06,SGP,KOR,KOR,Lee Kang-in,9.0,False,False,20240606_SGP_KOR
2024-06-06,SGP,KOR,KOR,Joo Min-kyu,20.0,False,False,20240606_SGP_KOR
2024-06-06,SGP,KOR,KOR,Son Heung-min,53.0,False,False,20240606_SGP_KOR
2024-06-06,SGP,KOR,KOR,Lee Kang-in,54.0,False,False,20240606_SGP_KOR
2024-06-06,SGP,KOR,KOR,Son Heung-min,56.0,False,False,20240606_SGP_KOR
2024-06-06,SGP,KOR,KOR,Bae Jun-ho,79.0,False,False,20240606_SGP_KOR
2024-06-06,SGP,KOR,KOR,Hwang Hee-chan,81.0,False,False,20240606_SGP_KOR
2024-06-06,TPE,OMA,OMA,Abdulrahman Al-Mushaifri,31.0,False,False,20240606_TPE_OMA
2024-06-06,TPE,OMA,OMA,Abdulrahman Al-Mushaifri,55.0,False,False,20240606_TPE_OMA
2024-06-06,TPE,OMA,OMA,Abdulrahman Al-Mushaifri,75.0,False,False,20240606_TPE_OMA
2024-06-06,UZB,TKM,UZB,Husniddin Aliqulov,17.0,False,False,20240606_UZB_TKM
2024-06-06,UZB,TKM,TKM,Şanazar Tirkişow,25.0,False,False,20240606_UZB_TKM
2024-06-06,UZB,TKM,UZB,Oston Urunov,29.0,False,False,20240606_UZB_TKM
2024-06-06,UZB,TKM,UZB,Sherzod Nasrullaev,70.0,False,False,20240606_UZB_TKM
2024-06-06,VIE,PHI,PHI,Patrick Reichelt,62.0,False,False,20240606_VIE_PHI
2024-06-06,VIE,PHI,VIE,Nguyễn Tiến Linh,65.0,False,False,20240606_VIE_PHI
2024-06-06,VIE,PHI,VIE,Nguyễn Tiến Linh,76.0,False,False,20240606_VIE_PHI
2024-06-06,VIE,PHI,PHI,Kevin Ingreso,89.0,False,False,20240606_VIE_PHI
2024-06-06,VIE,PHI,VIE,Phạm Tuấn Hải,90.0,False,False,20240606_VIE_PHI
2024-06-07,ANG,SWZ,ANG,Mabululu,2.0,False,False,20240607_ANG_SWZ
2024-06-07,CIV,GAB,CIV,Seko Fofana,36.0,False,False,20240607_CIV_GAB
2024-06-07,KEN,BDI,KEN,Duke Abuya,72.0,False,False,20240607_KEN_BDI
2024-06-07,KEN,BDI,BDI,Sudi Abdallah,85.0,False,False,20240607_KEN_BDI
2024-06-07,MAD,COM,MAD,Rayan Raveloson,1.0,False,False,20240607_MAD_COM
2024-06-07,MAD,COM,MAD,Rayan Raveloson,66.0,False,False,20240607_MAD_COM
2024-06-07,MAD,COM,COM,El Fardou Ben Nabouhane,90.0,False,False,20240607_MAD_COM
2024-06-07,MAR,ZAM,MAR,Hakim Ziyech,6.0,False,True,20240607_MAR_ZAM
2024-06-07,MAR,ZAM,MAR,Eliesse Ben Seghir,67.0,False,False,20240607_MAR_ZAM
2024-06-07,MAR,ZAM,ZAM,Edward Chilufya,80.0,False,False,20240607_MAR_ZAM
2024-06-07,MOZ,Somalia,MOZ,Alfons Amade,14.0,False,False,20240607_MOZ_Somalia
2024-06-07,MOZ,Somalia,MOZ,Stanley Ratifo,29.0,False,False,20240607_MOZ_Somalia
2024-06-07,MOZ,Somalia,Somalia,Ismael Shirwa,66.0,False,False,20240607_MOZ_Somalia
2024-06-07,NGA,RSA,RSA,Themba Zwane,29.0,False,False,20240607_NGA_RSA
2024-06-07,NGA,RSA,NGA,Fisayo Dele-Bashiru,46.0,False,False,20240607_NGA_RSA
2024-06-07,UGA,BOT,UGA,Muhammad Shaban,74.0,False,False,20240607_UGA_BOT
2024-06-07,ZIM,LES,LES,Rethabile Rasethuntša,21.0,False,False,20240607_ZIM_LES
2024-06-07,ZIM,LES,LES,Jane Thabantso,31.0,False,False,20240607_ZIM_LES
2024-06-08,Anguilla,SUR,SUR,Tyrone Conraad,10.0,False,False,20240608_Anguilla_SUR
2024-06-08,Anguilla,SUR,SUR,Shaquille Pinas,62.0,False,False,20240608_Anguilla_SUR
2024-06-08,Anguilla,SUR,SUR,Tyrone Conraad,75.0,False,False,20240608_Anguilla_SUR
2024-06-08,Anguilla,SUR,SUR,Steven Austin,88.0,True,False,20240608_Anguilla_SUR
2024-06-08,Aruba,CUW,CUW,Juninho Bacuna,59.0,False,False,20240608_Aruba_CUW
2024-06-08,Aruba,CUW,CUW,Xander Severina,90.0,False,False,20240608_Aruba_CUW
2024-06-08,Bahamas,TRI,TRI,Malcolm Shaw,6.0,False,False,20240608_Bahamas_TRI
2024-06-08,Bahamas,TRI,TRI,Alvin Jones,14.0,False,True,20240608_Bahamas_TRI
2024-06-08,Bahamas,TRI,TRI,Duane Muckette,43.0,False,False,20240608_Bahamas_TRI
2024-06-08,Bahamas,TRI,TRI,Duane Muckette,45.0,False,False,20240608_Bahamas_TRI
2024-06-08,Bahamas,TRI,TRI,Reon Moore,56.0,False,False,20240608_Bahamas_TRI
2024-06-08,Bahamas,TRI,TRI,Malcolm Shaw,66.0,False,False,20240608_Bahamas_TRI
2024-06-08,Bahamas,TRI,TRI,Nathaniel James,84.0,False,False,20240608_Bahamas_TRI
2024-06-08,Bahamas,TRI,Bahamas,Wood Julmis,86.0,False,False,20240608_Bahamas_TRI
2024-06-08,BLZ,NCA,NCA,Bancy Hernández,40.0,False,False,20240608_BLZ_NCA
2024-06-08,BLZ,NCA,NCA,Juan Barrera,56.0,False,False,20240608_BLZ_NCA
2024-06-08,BLZ,NCA,NCA,Bancy Hernández,65.0,False,False,20240608_BLZ_NCA
2024-06-08,BLZ,NCA,NCA,Jaime Moreno,89.0,False,False,20240608_BLZ_NCA
2024-06-08,VGB,GUA,GUA,Óscar Castellanos,23.0,False,False,20240608_VGB_GUA
2024-06-08,VGB,GUA,GUA,Rubio Rubin,45.0,False,False,20240608_VGB_GUA
2024-06-08,VGB,GUA,GUA,José Carlos Pinto,47.0,False,True,20240608_VGB_GUA
2024-06-08,CMR,CPV,CMR,Michael Ngadeu-Ngadjui,13.0,False,False,20240608_CMR_CPV
2024-06-08,CMR,CPV,CMR,Vincent Aboubakar,25.0,False,False,20240608_CMR_CPV
2024-06-08,CMR,CPV,CPV,Jamiro Monteiro,37.0,False,False,20240608_CMR_CPV
2024-06-08,CMR,CPV,CMR,Vincent Aboubakar,44.0,False,True,20240608_CMR_CPV
2024-06-08,CMR,CPV,CMR,Nouhou Tolo,54.0,False,False,20240608_CMR_CPV
2024-06-08,CAY,ATG,CAY,Joshwa Campbell,90.0,False,False,20240608_CAY_ATG
2024-06-08,EST,FRO,FRO,Petur Knudsen,24.0,False,False,20240608_EST_FRO
2024-06-08,EST,FRO,EST,Alex Matthias Tamm,43.0,False,False,20240608_EST_FRO
2024-06-08,EST,FRO,EST,Henri Anier,50.0,False,False,20240608_EST_FRO
2024-06-08,EST,FRO,EST,Edgar Tur,83.0,False,False,20240608_EST_FRO
2024-06-08,EST,FRO,EST,Danil Kuraksin,89.0,False,False,20240608_EST_FRO
2024-06-08,GAM,SEY,GAM,Muhammed Badamosi,10.0,False,False,20240608_GAM_SEY
2024-06-08,GAM,SEY,SEY,Ryan Henriette,14.0,False,False,20240608_GAM_SEY
2024-06-08,GAM,SEY,GAM,Musa Barrow,52.0,False,True,20240608_GAM_SEY
2024-06-08,GAM,SEY,GAM,Yankuba Minteh,55.0,False,False,20240608_GAM_SEY
2024-06-08,GAM,SEY,GAM,Muhammed Badamosi,66.0,False,False,20240608_GAM_SEY
2024-06-08,GAM,SEY,GAM,Adama Sidibeh,78.0,False,False,20240608_GAM_SEY
2024-06-08,LVA,LTU,LTU,Armandas Kučys,49.0,False,False,20240608_LVA_LTU
2024-06-08,LVA,LTU,LTU,Armandas Kučys,72.0,False,False,20240608_LVA_LTU
2024-06-09,BRB,HAI,HAI,Louicius Don Deedson,12.0,False,False,20240609_BRB_HAI
2024-06-09,BRB,HAI,HAI,Duke Lacroix,45.0,False,False,20240609_BRB_HAI
2024-06-09,BRB,HAI,BRB,Niall Reid-Stephen,73.0,False,False,20240609_BRB_HAI
2024-06-09,BRB,HAI,HAI,Bryan Labissiere,84.0,False,False,20240609_BRB_HAI
2024-06-09,BER,HON,HON,Kervin Arriaga,15.0,False,False,20240609_BER_HON
2024-06-09,BER,HON,BER,Zeiko Lewis,45.0,False,False,20240609_BER_HON
2024-06-09,BER,HON,HON,David Ruiz,49.0,False,False,20240609_BER_HON
2024-06-09,BER,HON,HON,Edwin Rodríguez,53.0,False,False,20240609_BER_HON
2024-06-09,BER,HON,HON,Luis Vega,57.0,False,False,20240609_BER_HON
2024-06-09,BER,HON,HON,Andy Najar,62.0,False,False,20240609_BER_HON
2024-06-09,BER,HON,HON,Bryan Róchez,90.0,False,False,20240609_BER_HON
2024-06-09,COD,TOG,COD,Meschak Elia,6.0,False,False,20240609_COD_TOG
2024-06-09,Djibouti,ETH,Djibouti,Gabriel Dadzie,29.0,False,False,20240609_Djibouti_ETH
2024-06-09,Djibouti,ETH,ETH,Minyelu Wondimu,31.0,False,False,20240609_Djibouti_ETH
2024-06-09,DMA,JAM,JAM,Shamar Nicholson,31.0,False,False,20240609_DMA_JAM
2024-06-09,DMA,JAM,JAM,Kaheim Dixon,43.0,False,False,20240609_DMA_JAM
2024-06-09,DMA,JAM,JAM,Shamar Nicholson,80.0,False,True,20240609_DMA_JAM
2024-06-09,DMA,JAM,DMA,Javid George,83.0,False,False,20240609_DMA_JAM
2024-06-09,DMA,JAM,DMA,Troy Jules,89.0,False,False,20240609_DMA_JAM
2024-06-09,GRN,CRC,CRC,Manfred Ugalde,9.0,False,False,20240609_GRN_CRC
2024-06-09,GRN,CRC,CRC,Álvaro Zamora,34.0,False,False,20240609_GRN_CRC
2024-06-09,GRN,CRC,CRC,Gerald Taylor,70.0,False,False,20240609_GRN_CRC
2024-06-09,MTN,SEN,SEN,Habib Diallo,27.0,False,False,20240609_MTN_SEN
2024-06-09,Montserrat,PAN,PAN,Jovani Welch,41.0,False,False,20240609_Montserrat_PAN
2024-06-09,Montserrat,PAN,Montserrat,Kaleem Simon,49.0,False,False,20240609_Montserrat_PAN
2024-06-09,Montserrat,PAN,PAN,José Fajardo,62.0,False,False,20240609_Montserrat_PAN
2024-06-09,Montserrat,PAN,PAN,José Luis Rodríguez,71.0,False,False,20240609_Montserrat_PAN
2024-06-09,VIN,SLV,SLV,Jairo Henríquez,10.0,False,False,20240609_VIN_SLV
2024-06-09,VIN,SLV,VIN,Oalex Anderson,43.0,False,False,20240609_VIN_SLV
2024-06-09,VIN,SLV,SLV,Rafael Tejada,60.0,False,False,20240609_VIN_SLV
2024-06-09,VIN,SLV,SLV,Nelson Bonilla,83.0,False,False,20240609_VIN_SLV
2024-06-09,São Tomé and Príncipe,LBR,LBR,Sheikh Sesay,90.0,False,False,20240609_São-Tomé-and-Príncipe_LBR
2024-06-10,BEN,NGA,NGA,Raphael Onyedika,27.0,False,False,20240610_BEN_NGA
2024-06-10,BEN,NGA,BEN,Jodel Dossou,37.0,False,False,20240610_BEN_NGA
2024-06-10,BEN,NGA,BEN,Steve Mounié,45.0,False,False,20240610_BEN_NGA
2024-06-10,BFA,SLE,BFA,Dango Ouattara,41.0,False,False,20240610_BFA_SLE
2024-06-10,BFA,SLE,BFA,Lassina Traoré,45.0,False,True,20240610_BFA_SLE
2024-06-10,BFA,SLE,SLE,Augustus Kargbo,58.0,False,False,20240610_BFA_SLE
2024-06-10,BFA,SLE,SLE,Amadou Bakayoko,88.0,False,False,20240610_BFA_SLE
2024-06-10,EQG,MWI,EQG,Iban Salvador,81.0,False,False,20240610_EQG_MWI
2024-06-10,GHA,CTA,GHA,Jordan Ayew,6.0,False,True,20240610_GHA_CTA
2024-06-10,GHA,CTA,CTA,Louis Mafouta,11.0,False,False,20240610_GHA_CTA
2024-06-10,GHA,CTA,CTA,Louis Mafouta,41.0,False,False,20240610_GHA_CTA
2024-06-10,GHA,CTA,GHA,Jordan Ayew,60.0,False,False,20240610_GHA_CTA
2024-06-10,GHA,CTA,GHA,Abdul Fatawu,62.0,False,False,20240610_GHA_CTA
2024-06-10,GHA,CTA,GHA,Jordan Ayew,69.0,False,False,20240610_GHA_CTA
2024-06-10,GHA,CTA,CTA,Louis Mafouta,90.0,False,False,20240610_GHA_CTA
2024-06-10,GUI,MOZ,MOZ,Geny Catamo,90.0,False,True,20240610_GUI_MOZ
2024-06-10,GNB,EGY,GNB,Mama Baldé,42.0,False,False,20240610_GNB_EGY
2024-06-10,GNB,EGY,EGY,Mohamed Salah,70.0,False,False,20240610_GNB_EGY
2024-06-10,Somalia,BOT,BOT,Thabang Sesinyi,10.0,False,False,20240610_Somalia_BOT
2024-06-10,Somalia,BOT,BOT,Mosha Gaolaolwe,53.0,False,False,20240610_Somalia_BOT
2024-06-10,Somalia,BOT,BOT,Kabelo Seakanyeng,72.0,False,True,20240610_Somalia_BOT
2024-06-10,Somalia,BOT,Somalia,Sak Hassan,74.0,False,False,20240610_Somalia_BOT
2024-06-10,UGA,ALG,UGA,Travis Mutyaba,10.0,False,False,20240610_UGA_ALG
2024-06-10,UGA,ALG,ALG,Houssem Aouar,46.0,False,False,20240610_UGA_ALG
2024-06-10,UGA,ALG,ALG,Said Benrahma,58.0,False,False,20240610_UGA_ALG
2024-06-11,ANG,CMR,CMR,Bryan Mbeumo,11.0,False,False,20240611_ANG_CMR
2024-06-11,ANG,CMR,ANG,Michael Ngadeu-Ngadjui,54.0,True,False,20240611_ANG_CMR
2024-06-11,AUS,PLE,AUS,Kusini Yengi,5.0,False,True,20240611_AUS_PLE
2024-06-11,AUS,PLE,AUS,Adam Taggart,26.0,False,False,20240611_AUS_PLE
2024-06-11,AUS,PLE,AUS,Kusini Yengi,41.0,False,False,20240611_AUS_PLE
2024-06-11,AUS,PLE,AUS,Martin Boyle,53.0,False,False,20240611_AUS_PLE
2024-06-11,AUS,PLE,AUS,Nestory Irankunda,87.0,False,True,20240611_AUS_PLE
2024-06-11,CPV,LBY,CPV,Diney,10.0,False,False,20240611_CPV_LBY
2024-06-11,CHA,COM,COM,Myziane Maolida,59.0,False,False,20240611_CHA_COM
2024-06-11,CHA,COM,COM,El Fardou Ben Nabouhane,76.0,False,False,20240611_CHA_COM
2024-06-11,DOM,VGB,DOM,Rafael Núñez,2.0,False,False,20240611_DOM_VGB
2024-06-11,DOM,VGB,DOM,Dorny Romero,15.0,False,True,20240611_DOM_VGB
2024-06-11,DOM,VGB,DOM,Rafael Núñez,31.0,False,False,20240611_DOM_VGB
2024-06-11,DOM,VGB,DOM,Dorny Romero,90.0,False,False,20240611_DOM_VGB
2024-06-11,GAB,GAM,GAM,Yankuba Minteh,33.0,False,False,20240611_GAB_GAM
2024-06-11,GAB,GAM,GAB,Jim Allevinah,52.0,False,False,20240611_GAB_GAM
2024-06-11,GAB,GAM,GAB,Pierre-Emerick Aubameyang,70.0,False,False,20240611_GAB_GAM
2024-06-11,GAB,GAM,GAB,Denis Bouanga,71.0,False,False,20240611_GAB_GAM
2024-06-11,GAB,GAM,GAM,Ebou Adams,76.0,False,False,20240611_GAB_GAM
2024-06-11,GUY,BLZ,GUY,Deon Moore,66.0,False,False,20240611_GUY_BLZ
2024-06-11,GUY,BLZ,GUY,Liam Gordon,67.0,False,False,20240611_GUY_BLZ
2024-06-11,GUY,BLZ,GUY,Deon Moore,72.0,False,False,20240611_GUY_BLZ
2024-06-11,GUY,BLZ,BLZ,Carlos Bernárdez,89.0,False,False,20240611_GUY_BLZ
2024-06-11,IDN,PHI,IDN,Thom Haye,32.0,False,False,20240611_IDN_PHI
2024-06-11,IDN,PHI,IDN,Rizky Ridho,56.0,False,False,20240611_IDN_PHI
2024-06-11,IRQ,VIE,IRQ,Hussein Ali,12.0,False,False,20240611_IRQ_VIE
2024-06-11,IRQ,VIE,IRQ,Ali Jasim,71.0,False,False,20240611_IRQ_VIE
2024-06-11,IRQ,VIE,VIE,Phạm Tuấn Hải,84.0,False,False,20240611_IRQ_VIE
2024-06-11,IRQ,VIE,IRQ,Aymen Hussein,90.0,False,False,20240611_IRQ_VIE
2024-06-11,JPN,SYR,JPN,Ayase Ueda,13.0,False,False,20240611_JPN_SYR
2024-06-11,JPN,SYR,JPN,Ritsu Dōan,19.0,False,False,20240611_JPN_SYR
2024-06-11,JPN,SYR,JPN,Thaer Krouma,21.0,True,False,20240611_JPN_SYR
2024-06-11,JPN,SYR,JPN,Yuki Soma,73.0,False,True,20240611_JPN_SYR
2024-06-11,JPN,SYR,JPN,Takumi Minamino,85.0,False,False,20240611_JPN_SYR
2024-06-11,KUW,AFG,KUW,Eid Al Rashidi,81.0,False,False,20240611_KUW_AFG
2024-06-11,LVA,FRO,LVA,Andrejs Cigaņiks,49.0,False,False,20240611_LVA_FRO
2024-06-11,LIB,BAN,LIB,Hassan Maatouk,5.0,False,True,20240611_LIB_BAN
2024-06-11,LIB,BAN,LIB,Nader Matar,45.0,False,False,20240611_LIB_BAN
2024-06-11,LIB,BAN,LIB,Hassan Maatouk,49.0,False,False,20240611_LIB_BAN
2024-06-11,LIB,BAN,LIB,Hassan Maatouk,60.0,False,False,20240611_LIB_BAN
2024-06-11,LES,RWA,RWA,Jojea Kwizera,67.0,False,False,20240611_LES_RWA
2024-06-11,LTU,EST,EST,Mark Anders Lepik,82.0,False,False,20240611_LTU_EST
2024-06-11,LTU,EST,LTU,Giedrius Matulevicius,84.0,False,False,20240611_LTU_EST
2024-06-11,MAS,TPE,TPE,Yu Yao-hsing,20.0,False,False,20240611_MAS_TPE
2024-06-11,MAS,TPE,MAS,Safawi Rasid,53.0,False,False,20240611_MAS_TPE
2024-06-11,MAS,TPE,MAS,Paulo Josué,69.0,False,False,20240611_MAS_TPE
2024-06-11,MAS,TPE,MAS,Adib Raop,90.0,False,False,20240611_MAS_TPE
2024-06-11,MRI,SWZ,MRI,Mike Gaspard,19.0,False,False,20240611_MRI_SWZ
2024-06-11,MRI,SWZ,MRI,Lindsay Rose,45.0,False,False,20240611_MRI_SWZ
2024-06-11,MRI,SWZ,SWZ,Andy Junior Magagula,66.0,False,False,20240611_MRI_SWZ
2024-06-11,MAR,CGO,MAR,Azzedine Ounahi,8.0,False,False,20240611_MAR_CGO
2024-06-11,MAR,CGO,MAR,Chadi Riad,16.0,False,False,20240611_MAR_CGO
2024-06-11,MAR,CGO,MAR,Ayoub El Kaabi,30.0,False,False,20240611_MAR_CGO
2024-06-11,MAR,CGO,MAR,Ayoub El Kaabi,39.0,False,False,20240611_MAR_CGO
2024-06-11,MAR,CGO,MAR,Ayoub El Kaabi,53.0,False,False,20240611_MAR_CGO
2024-06-11,MAR,CGO,MAR,Soufiane Rahimi,62.0,False,False,20240611_MAR_CGO
2024-06-11,PRK,MYA,PRK,Ri Il-song,12.0,False,False,20240611_PRK_MYA
2024-06-11,PRK,MYA,PRK,Ri Jo-guk,16.0,False,False,20240611_PRK_MYA
2024-06-11,PRK,MYA,PRK,Ri Jo-guk,43.0,False,False,20240611_PRK_MYA
2024-06-11,PRK,MYA,MYA,Wai Lin Aung,57.0,False,False,20240611_PRK_MYA
2024-06-11,PRK,MYA,PRK,Ri Jo-guk,87.0,False,True,20240611_PRK_MYA
2024-06-11,OMA,KGZ,KGZ,Eldiyar Zarypbekov,19.0,False,False,20240611_OMA_KGZ
2024-06-11,OMA,KGZ,OMA,Alimardon Shukurov,57.0,True,False,20240611_OMA_KGZ
2024-06-11,PUR,Anguilla,PUR,Jeremy de León,20.0,False,True,20240611_PUR_Anguilla
2024-06-11,PUR,Anguilla,PUR,Roberto Ydrach,31.0,False,False,20240611_PUR_Anguilla
2024-06-11,PUR,Anguilla,PUR,Wilfredo Rivera,48.0,False,False,20240611_PUR_Anguilla
2024-06-11,PUR,Anguilla,PUR,Jeremy de León,51.0,False,False,20240611_PUR_Anguilla
2024-06-11,PUR,Anguilla,PUR,Leandro Antonetti,59.0,False,False,20240611_PUR_Anguilla
2024-06-11,PUR,Anguilla,PUR,Wilfredo Rivera,65.0,False,False,20240611_PUR_Anguilla
2024-06-11,PUR,Anguilla,PUR,Darren Ríos,71.0,False,False,20240611_PUR_Anguilla
2024-06-11,PUR,Anguilla,PUR,Nicolás Cardona,90.0,False,False,20240611_PUR_Anguilla
2024-06-11,QAT,IND,IND,Lallianzuala Chhangte,37.0,False,False,20240611_QAT_IND
2024-06-11,QAT,IND,QAT,Yousef Aymen,73.0,False,False,20240611_QAT_IND
2024-06-11,QAT,IND,QAT,Ahmed Al-Rawi,85.0,False,False,20240611_QAT_IND
2024-06-11,SKN,Bahamas,SKN,Ethan Bristow,12.0,False,False,20240611_SKN_Bahamas
2024-06-11,LCA,Aruba,Aruba,Walter Bennett,22.0,False,False,20240611_LCA_Aruba
2024-06-11,LCA,Aruba,Aruba,Isaï Marselia,43.0,False,True,20240611_LCA_Aruba
2024-06-11,LCA,Aruba,LCA,Ridel Stanislas,45.0,False,False,20240611_LCA_Aruba
2024-06-11,LCA,Aruba,LCA,Peter Pearson,66.0,False,False,20240611_LCA_Aruba
2024-06-11,KSA,JOR,KSA,Ali Lajami,16.0,False,False,20240611_KSA_JOR
2024-06-11,KSA,JOR,JOR,Ali Olwan,27.0,False,False,20240611_KSA_JOR
2024-06-11,KSA,JOR,JOR,Noor Al-Rawabdeh,45.0,False,False,20240611_KSA_JOR
2024-06-11,SEY,BDI,BDI,Sudi Abdallah,34.0,False,False,20240611_SEY_BDI
2024-06-11,SEY,BDI,BDI,Bienvenue Kanakimana,62.0,False,False,20240611_SEY_BDI
2024-06-11,SEY,BDI,BDI,Bienvenue Kanakimana,69.0,False,False,20240611_SEY_BDI
2024-06-11,SEY,BDI,SEY,Lorenzo Hoareau,78.0,False,False,20240611_SEY_BDI
2024-06-11,RSA,ZIM,RSA,Iqraam Rayners,1.0,False,False,20240611_RSA_ZIM
2024-06-11,RSA,ZIM,ZIM,Tawanda Chirewa,2.0,False,False,20240611_RSA_ZIM
2024-06-11,RSA,ZIM,RSA,Thapelo Morena,55.0,False,False,20240611_RSA_ZIM
2024-06-11,RSA,ZIM,RSA,Thapelo Morena,76.0,False,False,20240611_RSA_ZIM
2024-06-11,KOR,CHN,KOR,Lee Kang-in,61.0,False,False,20240611_KOR_CHN
2024-06-11,South Sudan,SDN,SDN,Walieldin Khedr,45.0,False,False,20240611_South-Sudan_SDN
2024-06-11,South Sudan,SDN,SDN,Yaser Muzmel,51.0,False,False,20240611_South-Sudan_SDN
2024-06-11,South Sudan,SDN,SDN,Mohamed Abdelrahman,78.0,False,False,20240611_South-Sudan_SDN
2024-06-11,TJK,PAK,TJK,Shervoni Mabatshoev,35.0,False,False,20240611_TJK_PAK
2024-06-11,TJK,PAK,TJK,Manuchekhr Safarov,65.0,False,False,20240611_TJK_PAK
2024-06-11,TJK,PAK,TJK,Vahdat Hanonov,70.0,False,False,20240611_TJK_PAK
2024-06-11,THA,SGP,THA,Suphanat Mueanta,37.0,False,False,20240611_THA_SGP
2024-06-11,THA,SGP,SGP,Ikhsan Fandi,57.0,False,False,20240611_THA_SGP
2024-06-11,THA,SGP,THA,Poramet Arjvirai,79.0,False,False,20240611_THA_SGP
2024-06-11,THA,SGP,THA,Jaroensak Wonggorn,86.0,False,False,20240611_THA_SGP
2024-06-11,UAE,BHR,BHR,Mahdi Abduljabbar,4.0,False,False,20240611_UAE_BHR
2024-06-11,UAE,BHR,UAE,Sultan Adil,10.0,False,False,20240611_UAE_BHR
2024-06-11,YEM,NEP,YEM,Nasser Al-Gahwashi,9.0,False,True,20240611_YEM_NEP
2024-06-11,YEM,NEP,NEP,Sanjeeb Bista,22.0,False,False,20240611_YEM_NEP
2024-06-11,YEM,NEP,NEP,Gillespye Jung Karki,66.0,False,False,20240611_YEM_NEP
2024-06-11,YEM,NEP,YEM,Mohammed Al-Dahi,90.0,False,False,20240611_YEM_NEP
2024-06-11,ZAM,TAN,TAN,Junior Waziri,5.0,False,False,20240611_ZAM_TAN
2024-06-14,GER,SCO,GER,Florian Wirtz,10.0,False,False,20240614_GER_SCO
2024-06-14,GER,SCO,GER,Jamal Musiala,19.0,False,False,20240614_GER_SCO
2024-06-14,GER,SCO,GER,Kai Havertz,45.0,False,True,20240614_GER_SCO
2024-06-14,GER,SCO,GER,Niclas Füllkrug,68.0,False,False,20240614_GER_SCO
2024-06-14,GER,SCO,SCO,Antonio Rüdiger,87.0,True,False,20240614_GER_SCO
2024-06-14,GER,SCO,GER,Emre Can,90.0,False,False,20240614_GER_SCO
2024-06-15,HUN,SUI,SUI,Kwadwo Duah,12.0,False,False,20240615_HUN_SUI
2024-06-15,HUN,SUI,SUI,Michel Aebischer,45.0,False,False,20240615_HUN_SUI
2024-06-15,HUN,SUI,HUN,Barnabás Varga,66.0,False,False,20240615_HUN_SUI
2024-06-15,HUN,SUI,SUI,Breel Embolo,90.0,False,False,20240615_HUN_SUI
2024-06-15,ITA,ALB,ALB,Nedim Bajrami,1.0,False,False,20240615_ITA_ALB
2024-06-15,ITA,ALB,ITA,Alessandro Bastoni,11.0,False,False,20240615_ITA_ALB
2024-06-15,ITA,ALB,ITA,Nicolò Barella,16.0,False,False,20240615_ITA_ALB
2024-06-15,ESP,CRO,ESP,Álvaro Morata,29.0,False,False,20240615_ESP_CRO
2024-06-15,ESP,CRO,ESP,Fabián Ruiz,32.0,False,False,20240615_ESP_CRO
2024-06-15,ESP,CRO,ESP,Dani Carvajal,45.0,False,False,20240615_ESP_CRO
2024-06-15,VAN,SOL,VAN,Kensi Tangis,72.0,False,False,20240615_VAN_SOL
2024-06-16,FIJ,PNG,FIJ,Nabil Begg,2.0,False,False,20240616_FIJ_PNG
2024-06-16,FIJ,PNG,FIJ,Thomas Dunn,43.0,False,False,20240616_FIJ_PNG
2024-06-16,FIJ,PNG,FIJ,Thomas Dunn,52.0,False,False,20240616_FIJ_PNG
2024-06-16,FIJ,PNG,FIJ,Alwin Komolong,55.0,True,False,20240616_FIJ_PNG
2024-06-16,FIJ,PNG,FIJ,Roy Krishna,64.0,False,False,20240616_FIJ_PNG
2024-06-16,FIJ,PNG,PNG,Tommy Semmy,88.0,False,False,20240616_FIJ_PNG
2024-06-16,POL,NED,POL,Adam Buksa,16.0,False,False,20240616_POL_NED
2024-06-16,POL,NED,NED,Cody Gakpo,29.0,False,False,20240616_POL_NED
2024-06-16,POL,NED,NED,Wout Weghorst,83.0,False,False,20240616_POL_NED
2024-06-16,SRB,ENG,ENG,Jude Bellingham,13.0,False,False,20240616_SRB_ENG
2024-06-16,SVN,DEN,DEN,Christian Eriksen,17.0,False,False,20240616_SVN_DEN
2024-06-16,SVN,DEN,SVN,Erik Janža,77.0,False,False,20240616_SVN_DEN
2024-06-16,TAH,Samoa,TAH,Matéo Degrumelle,4.0,False,False,20240616_TAH_Samoa
2024-06-16,TAH,Samoa,TAH,Teaonui Tehau,28.0,False,False,20240616_TAH_Samoa
2024-06-17,AUT,FRA,FRA,Maximilian Wöber,38.0,True,False,20240617_AUT_FRA
2024-06-17,BEL,SVK,SVK,Ivan Schranz,7.0,False,False,20240617_BEL_SVK
2024-06-17,ROU,UKR,ROU,Nicolae Stanciu,29.0,False,False,20240617_ROU_UKR
2024-06-17,ROU,UKR,ROU,Răzvan Marin,53.0,False,False,20240617_ROU_UKR
2024-06-17,ROU,UKR,ROU,Denis Drăguș,57.0,False,False,20240617_ROU_UKR
2024-06-18,NZL,SOL,NZL,Ben Waine,6.0,False,False,20240618_NZL_SOL
2024-06-18,NZL,SOL,NZL,Ben Waine,11.0,False,False,20240618_NZL_SOL
2024-06-18,NZL,SOL,NZL,Kosta Barbarouses,45.0,False,False,20240618_NZL_SOL
2024-06-18,POR,CZE,CZE,Lukáš Provod,62.0,False,False,20240618_POR_CZE
2024-06-18,POR,CZE,POR,Robin Hranáč,69.0,True,False,20240618_POR_CZE
2024-06-18,POR,CZE,POR,Francisco Conceição,90.0,False,False,20240618_POR_CZE
2024-06-18,TUR,GEO,TUR,Mert Müldür,25.0,False,False,20240618_TUR_GEO
2024-06-18,TUR,GEO,GEO,Georges Mikautadze,32.0,False,False,20240618_TUR_GEO
2024-06-18,TUR,GEO,TUR,Arda Güler,65.0,False,False,20240618_TUR_GEO
2024-06-18,TUR,GEO,TUR,Kerem Aktürkoğlu,90.0,False,False,20240618_TUR_GEO
2024-06-19,CRO,ALB,ALB,Qazim Laçi,11.0,False,False,20240619_CRO_ALB
2024-06-19,CRO,ALB,CRO,Andrej Kramarić,74.0,False,False,20240619_CRO_ALB
2024-06-19,CRO,ALB,CRO,Klaus Gjasula,76.0,True,False,20240619_CRO_ALB
2024-06-19,CRO,ALB,ALB,Klaus Gjasula,90.0,False,False,20240619_CRO_ALB
2024-06-19,FIJ,Samoa,FIJ,Setareki Hughes,3.0,False,False,20240619_FIJ_Samoa
2024-06-19,FIJ,Samoa,FIJ,Thomas Dunn,38.0,False,False,20240619_FIJ_Samoa
2024-06-19,FIJ,Samoa,FIJ,Roy Krishna,45.0,False,True,20240619_FIJ_Samoa
2024-06-19,FIJ,Samoa,Samoa,Luke Salisbury,47.0,False,False,20240619_FIJ_Samoa
2024-06-19,FIJ,Samoa,FIJ,Roy Krishna,53.0,False,True,20240619_FIJ_Samoa
2024-06-19,FIJ,Samoa,FIJ,Setareki Hughes,61.0,False,False,20240619_FIJ_Samoa
2024-06-19,FIJ,Samoa,FIJ,Filipe Baravilala,64.0,False,False,20240619_FIJ_Samoa
2024-06-19,FIJ,Samoa,FIJ,Nabil Begg,67.0,False,False,20240619_FIJ_Samoa
2024-06-19,FIJ,Samoa,FIJ,Etonia Dogalau,83.0,False,False,20240619_FIJ_Samoa
2024-06-19,FIJ,Samoa,FIJ,Etonia Dogalau,89.0,False,False,20240619_FIJ_Samoa
2024-06-19,GER,HUN,GER,Jamal Musiala,22.0,False,False,20240619_GER_HUN
2024-06-19,GER,HUN,GER,İlkay Gündoğan,67.0,False,False,20240619_GER_HUN
2024-06-19,PNG,TAH,TAH,Matéo Degrumelle,15.0,False,False,20240619_PNG_TAH
2024-06-19,PNG,TAH,PNG,Pala Paul,25.0,False,False,20240619_PNG_TAH
2024-06-19,SCO,SUI,SCO,Scott McTominay,13.0,False,False,20240619_SCO_SUI
2024-06-19,SCO,SUI,SUI,Xherdan Shaqiri,26.0,False,False,20240619_SCO_SUI
2024-06-20,ARG,CAN,ARG,Julián Álvarez,49.0,False,False,20240620_ARG_CAN
2024-06-20,ARG,CAN,ARG,Lautaro Martínez,88.0,False,False,20240620_ARG_CAN
2024-06-20,DEN,ENG,ENG,Harry Kane,18.0,False,False,20240620_DEN_ENG
2024-06-20,DEN,ENG,DEN,Morten Hjulmand,34.0,False,False,20240620_DEN_ENG
2024-06-20,SVN,SRB,SVN,Žan Karničnik,69.0,False,False,20240620_SVN_SRB
2024-06-20,SVN,SRB,SRB,Luka Jović,90.0,False,False,20240620_SVN_SRB
2024-06-20,ESP,ITA,ESP,Riccardo Calafiori,55.0,True,False,20240620_ESP_ITA
2024-06-21,POL,AUT,AUT,Gernot Trauner,9.0,False,False,20240621_POL_AUT
2024-06-21,POL,AUT,POL,Krzysztof Piątek,30.0,False,False,20240621_POL_AUT
2024-06-21,POL,AUT,AUT,Christoph Baumgartner,66.0,False,False,20240621_POL_AUT
2024-06-21,POL,AUT,AUT,Marko Arnautović,78.0,False,True,20240621_POL_AUT
2024-06-21,SVK,UKR,SVK,Ivan Schranz,17.0,False,False,20240621_SVK_UKR
2024-06-21,SVK,UKR,UKR,Mykola Shaparenko,54.0,False,False,20240621_SVK_UKR
2024-06-21,SVK,UKR,UKR,Roman Yaremchuk,80.0,False,False,20240621_SVK_UKR
2024-06-21,VAN,NZL,NZL,Max Mata,10.0,False,False,20240621_VAN_NZL
2024-06-21,VAN,NZL,NZL,Brian Kaltak,27.0,True,False,20240621_VAN_NZL
2024-06-21,VAN,NZL,NZL,Elijah Just,63.0,False,False,20240621_VAN_NZL
2024-06-21,VAN,NZL,NZL,Ben Old,78.0,False,False,20240621_VAN_NZL
2024-06-22,BEL,ROU,BEL,Youri Tielemans,2.0,False,False,20240622_BEL_ROU
2024-06-22,BEL,ROU,BEL,Kevin De Bruyne,80.0,False,False,20240622_BEL_ROU
2024-06-22,ECU,VEN,ECU,Jeremy Sarmiento,40.0,False,False,20240622_ECU_VEN
2024-06-22,ECU,VEN,VEN,Jhonder Cádiz,64.0,False,False,20240622_ECU_VEN
2024-06-22,ECU,VEN,VEN,Eduard Bello,74.0,False,False,20240622_ECU_VEN
2024-06-22,FIJ,TAH,FIJ,Roy Krishna,26.0,False,True,20240622_FIJ_TAH
2024-06-22,GEO,CZE,GEO,Georges Mikautadze,45.0,False,True,20240622_GEO_CZE
2024-06-22,GEO,CZE,CZE,Patrik Schick,59.0,False,False,20240622_GEO_CZE
2024-06-22,MEX,JAM,MEX,Gerardo Arteaga,69.0,False,False,20240622_MEX_JAM
2024-06-22,Samoa,PNG,PNG,Tommy Semmy,26.0,False,False,20240622_Samoa_PNG
2024-06-22,Samoa,PNG,PNG,Ati Kepo,47.0,False,False,20240622_Samoa_PNG
2024-06-22,Samoa,PNG,Samoa,Pharrell Trainor,67.0,False,False,20240622_Samoa_PNG
2024-06-22,TUR,POR,POR,Bernardo Silva,21.0,False,False,20240622_TUR_POR
2024-06-22,TUR,POR,POR,Samet Akaydin,28.0,True,False,20240622_TUR_POR
2024-06-22,TUR,POR,POR,Bruno Fernandes,56.0,False,False,20240622_TUR_POR
2024-06-23,GER,SUI,SUI,Dan Ndoye,28.0,False,False,20240623_GER_SUI
2024-06-23,GER,SUI,GER,Niclas Füllkrug,90.0,False,False,20240623_GER_SUI
2024-06-23,SCO,HUN,HUN,Kevin Csoboth,90.0,False,False,20240623_SCO_HUN
2024-06-23,USA,BOL,USA,Christian Pulisic,3.0,False,False,20240623_USA_BOL
2024-06-23,USA,BOL,USA,Folarin Balogun,44.0,False,False,20240623_USA_BOL
2024-06-23,URU,PAN,URU,Maximiliano Araújo,16.0,False,False,20240623_URU_PAN
2024-06-23,URU,PAN,URU,Darwin Núñez,85.0,False,False,20240623_URU_PAN
2024-06-23,URU,PAN,URU,Matías Viña,90.0,False,False,20240623_URU_PAN
2024-06-23,URU,PAN,PAN,Michael Amir Murillo,90.0,False,False,20240623_URU_PAN
2024-06-24,ALB,ESP,ESP,Ferran Torres,13.0,False,False,20240624_ALB_ESP
2024-06-24,COL,PAR,COL,Daniel Muñoz,32.0,False,False,20240624_COL_PAR
2024-06-24,COL,PAR,COL,Jefferson Lerma,42.0,False,False,20240624_COL_PAR
2024-06-24,COL,PAR,PAR,Julio Enciso,69.0,False,False,20240624_COL_PAR
2024-06-24,CRO,ITA,CRO,Luka Modrić,55.0,False,False,20240624_CRO_ITA
2024-06-24,CRO,ITA,ITA,Mattia Zaccagni,90.0,False,False,20240624_CRO_ITA
2024-06-25,CHI,ARG,ARG,Lautaro Martínez,88.0,False,False,20240625_CHI_ARG
2024-06-25,FRA,POL,FRA,Kylian Mbappé,56.0,False,True,20240625_FRA_POL
2024-06-25,FRA,POL,POL,Robert Lewandowski,79.0,False,True,20240625_FRA_POL
2024-06-25,NED,AUT,AUT,Donyell Malen,6.0,True,False,20240625_NED_AUT
2024-06-25,NED,AUT,NED,Cody Gakpo,47.0,False,False,20240625_NED_AUT
2024-06-25,NED,AUT,AUT,Romano Schmid,59.0,False,False,20240625_NED_AUT
2024-06-25,NED,AUT,NED,Memphis Depay,75.0,False,False,20240625_NED_AUT
2024-06-25,NED,AUT,AUT,Marcel Sabitzer,80.0,False,False,20240625_NED_AUT
2024-06-25,PER,CAN,CAN,Jonathan David,74.0,False,False,20240625_PER_CAN
2024-06-26,CZE,TUR,TUR,Hakan Çalhanoğlu,51.0,False,False,20240626_CZE_TUR
2024-06-26,CZE,TUR,CZE,Tomáš Souček,66.0,False,False,20240626_CZE_TUR
2024-06-26,CZE,TUR,TUR,Cenk Tosun,90.0,False,False,20240626_CZE_TUR
2024-06-26,ECU,JAM,ECU,Kasey Palmer,13.0,True,False,20240626_ECU_JAM
2024-06-26,ECU,JAM,ECU,Kendry Páez,45.0,False,True,20240626_ECU_JAM
2024-06-26,ECU,JAM,JAM,Michail Antonio,54.0,False,False,20240626_ECU_JAM
2024-06-26,ECU,JAM,ECU,Alan Minda,90.0,False,False,20240626_ECU_JAM
2024-06-26,GEO,POR,GEO,Khvicha Kvaratskhelia,2.0,False,False,20240626_GEO_POR
2024-06-26,GEO,POR,GEO,Georges Mikautadze,57.0,False,True,20240626_GEO_POR
2024-06-26,SVK,ROU,SVK,Ondrej Duda,24.0,False,False,20240626_SVK_ROU
2024-06-26,SVK,ROU,ROU,Răzvan Marin,37.0,False,True,20240626_SVK_ROU
2024-06-26,VEN,MEX,VEN,Salomón Rondón,57.0,False,True,20240626_VEN_MEX
2024-06-27,NZL,TAH,NZL,Finn Surman,7.0,False,False,20240627_NZL_TAH
2024-06-27,NZL,TAH,NZL,Ben Waine,45.0,False,False,20240627_NZL_TAH
2024-06-27,NZL,TAH,NZL,Kosta Barbarouses,45.0,False,False,20240627_NZL_TAH
2024-06-27,NZL,TAH,NZL,Ben Waine,53.0,False,False,20240627_NZL_TAH
2024-06-27,NZL,TAH,NZL,Kosta Barbarouses,72.0,False,False,20240627_NZL_TAH
2024-06-27,USA,PAN,USA,Folarin Balogun,22.0,False,False,20240627_USA_PAN
2024-06-27,USA,PAN,PAN,César Blackman,26.0,False,False,20240627_USA_PAN
2024-06-27,USA,PAN,PAN,José Fajardo,83.0,False,False,20240627_USA_PAN
2024-06-27,URU,BOL,URU,Facundo Pellistri,8.0,False,False,20240627_URU_BOL
2024-06-27,URU,BOL,URU,Darwin Núñez,21.0,False,False,20240627_URU_BOL
2024-06-27,URU,BOL,URU,Maximiliano Araújo,77.0,False,False,20240627_URU_BOL
2024-06-27,URU,BOL,URU,Federico Valverde,81.0,False,False,20240627_URU_BOL
2024-06-27,URU,BOL,URU,Rodrigo Bentancur,89.0,False,False,20240627_URU_BOL
2024-06-27,VAN,FIJ,VAN,Johnathan Spokeyjack,12.0,False,False,20240627_VAN_FIJ
2024-06-27,VAN,FIJ,FIJ,Sitiveni Cavuilagi,46.0,False,False,20240627_VAN_FIJ
2024-06-27,VAN,FIJ,VAN,Jason Thomas,56.0,False,False,20240627_VAN_FIJ
2024-06-28,COL,CRC,COL,Luis Díaz,31.0,False,True,20240628_COL_CRC
2024-06-28,COL,CRC,COL,Davinson Sánchez,59.0,False,False,20240628_COL_CRC
2024-06-28,COL,CRC,COL,Jhon Córdoba,62.0,False,False,20240628_COL_CRC
2024-06-28,PAR,BRA,BRA,Vinícius Júnior,35.0,False,False,20240628_PAR_BRA
2024-06-28,PAR,BRA,BRA,Sávio,43.0,False,False,20240628_PAR_BRA
2024-06-28,PAR,BRA,BRA,Vinícius Júnior,45.0,False,False,20240628_PAR_BRA
2024-06-28,PAR,BRA,PAR,Omar Alderete,48.0,False,False,20240628_PAR_BRA
2024-06-28,PAR,BRA,BRA,Lucas Paquetá,65.0,False,True,20240628_PAR_BRA
2024-06-29,ARG,PER,ARG,Lautaro Martínez,47.0,False,False,20240629_ARG_PER
2024-06-29,ARG,PER,ARG,Lautaro Martínez,86.0,False,False,20240629_ARG_PER
2024-06-29,GER,DEN,GER,Kai Havertz,53.0,False,True,20240629_GER_DEN
2024-06-29,GER,DEN,GER,Jamal Musiala,68.0,False,False,20240629_GER_DEN
2024-06-29,SUI,ITA,SUI,Remo Freuler,37.0,False,False,20240629_SUI_ITA
2024-06-29,SUI,ITA,SUI,Ruben Vargas,46.0,False,False,20240629_SUI_ITA
2024-06-30,ENG,SVK,SVK,Ivan Schranz,25.0,False,False,20240630_ENG_SVK
2024-06-30,ENG,SVK,ENG,Jude Bellingham,90.0,False,False,20240630_ENG_SVK
2024-06-30,ENG,SVK,ENG,Harry Kane,91.0,False,False,20240630_ENG_SVK
2024-06-30,JAM,VEN,VEN,Eduard Bello,49.0,False,False,20240630_JAM_VEN
2024-06-30,JAM,VEN,VEN,Salomón Rondón,56.0,False,False,20240630_JAM_VEN
2024-06-30,JAM,VEN,VEN,Eric Ramírez,85.0,False,False,20240630_JAM_VEN
2024-06-30,ESP,GEO,GEO,Robin Le Normand,18.0,True,False,20240630_ESP_GEO
2024-06-30,ESP,GEO,ESP,Rodri,39.0,False,False,20240630_ESP_GEO
2024-06-30,ESP,GEO,ESP,Fabián Ruiz,51.0,False,False,20240630_ESP_GEO
2024-06-30,ESP,GEO,ESP,Nico Williams,75.0,False,False,20240630_ESP_GEO
2024-06-30,ESP,GEO,ESP,Dani Olmo,83.0,False,False,20240630_ESP_GEO
2024-06-30,TAH,FIJ,FIJ,Roy Krishna,58.0,False,False,20240630_TAH_FIJ
2024-06-30,TAH,FIJ,TAH,Teaonui Tehau,72.0,False,False,20240630_TAH_FIJ
2024-06-30,TAH,FIJ,TAH,Teaonui Tehau,83.0,False,False,20240630_TAH_FIJ
2024-06-30,VAN,NZL,NZL,Cameron Howieson,2.0,False,False,20240630_VAN_NZL
2024-06-30,VAN,NZL,NZL,Jesse Randall,83.0,False,False,20240630_VAN_NZL
2024-06-30,VAN,NZL,NZL,Max Mata,90.0,False,False,20240630_VAN_NZL
2024-07-01,BOL,PAN,PAN,José Fajardo,22.0,False,False,20240701_BOL_PAN
2024-07-01,BOL,PAN,BOL,Bruno Miranda,69.0,False,False,20240701_BOL_PAN
2024-07-01,BOL,PAN,PAN,Eduardo Guerrero,79.0,False,False,20240701_BOL_PAN
2024-07-01,BOL,PAN,PAN,César Yanis,90.0,False,False,20240701_BOL_PAN
2024-07-01,FRA,BEL,FRA,Jan Vertonghen,85.0,True,False,20240701_FRA_BEL
2024-07-01,USA,URU,URU,Mathías Olivera,66.0,False,False,20240701_USA_URU
2024-07-02,AUT,TUR,TUR,Merih Demiral,1.0,False,False,20240702_AUT_TUR
2024-07-02,AUT,TUR,TUR,Merih Demiral,59.0,False,False,20240702_AUT_TUR
2024-07-02,AUT,TUR,AUT,Michael Gregoritsch,66.0,False,False,20240702_AUT_TUR
2024-07-02,BRA,COL,BRA,Raphinha,12.0,False,False,20240702_BRA_COL
2024-07-02,BRA,COL,COL,Daniel Muñoz,45.0,False,False,20240702_BRA_COL
2024-07-02,CRC,PAR,CRC,Francisco Calvo,3.0,False,False,20240702_CRC_PAR
2024-07-02,CRC,PAR,CRC,Josimar Alcócer,7.0,False,False,20240702_CRC_PAR
2024-07-02,CRC,PAR,PAR,Ramón Sosa,55.0,False,False,20240702_CRC_PAR
2024-07-02,ROU,NED,NED,Cody Gakpo,20.0,False,False,20240702_ROU_NED
2024-07-02,ROU,NED,NED,Donyell Malen,83.0,False,False,20240702_ROU_NED
2024-07-02,ROU,NED,NED,Donyell Malen,90.0,False,False,20240702_ROU_NED
2024-07-04,ARG,ECU,ARG,Lisandro Martínez,35.0,False,False,20240704_ARG_ECU
2024-07-04,ARG,ECU,ECU,Kevin Rodríguez,90.0,False,False,20240704_ARG_ECU
2024-07-05,GER,ESP,ESP,Dani Olmo,51.0,False,False,20240705_GER_ESP
2024-07-05,GER,ESP,GER,Florian Wirtz,89.0,False,False,20240705_GER_ESP
2024-07-05,GER,ESP,ESP,Mikel Merino,119.0,False,False,20240705_GER_ESP
2024-07-05,VEN,CAN,CAN,Jacob Shaffelburg,13.0,False,False,20240705_VEN_CAN
2024-07-05,VEN,CAN,VEN,Salomón Rondón,65.0,False,False,20240705_VEN_CAN
2024-07-06,COL,PAN,COL,Jhon Córdoba,8.0,False,False,20240706_COL_PAN
2024-07-06,COL,PAN,COL,James Rodríguez,15.0,False,True,20240706_COL_PAN
2024-07-06,COL,PAN,COL,Luis Díaz,41.0,False,False,20240706_COL_PAN
2024-07-06,COL,PAN,COL,Richard Ríos,70.0,False,False,20240706_COL_PAN
2024-07-06,COL,PAN,COL,Miguel Borja,90.0,False,True,20240706_COL_PAN
2024-07-06,ENG,SUI,SUI,Breel Embolo,75.0,False,False,20240706_ENG_SUI
2024-07-06,ENG,SUI,ENG,Bukayo Saka,80.0,False,False,20240706_ENG_SUI
2024-07-06,NED,TUR,TUR,Samet Akaydin,35.0,False,False,20240706_NED_TUR
2024-07-06,NED,TUR,NED,Stefan de Vrij,70.0,False,False,20240706_NED_TUR
2024-07-06,NED,TUR,NED,Mert Müldür,76.0,True,False,20240706_NED_TUR
2024-07-09,ARG,CAN,ARG,Julián Álvarez,22.0,False,False,20240709_ARG_CAN
2024-07-09,ARG,CAN,ARG,Lionel Messi,51.0,False,False,20240709_ARG_CAN
2024-07-09,ESP,FRA,FRA,Randal Kolo Muani,9.0,False,False,20240709_ESP_FRA
2024-07-09,ESP,FRA,ESP,Lamine Yamal,21.0,False,False,20240709_ESP_FRA
2024-07-09,ESP,FRA,ESP,Dani Olmo,25.0,False,False,20240709_ESP_FRA
2024-07-10,NED,ENG,NED,Xavi Simons,7.0,False,False,20240710_NED_ENG
2024-07-10,NED,ENG,ENG,Harry Kane,18.0,False,True,20240710_NED_ENG
2024-07-10,NED,ENG,ENG,Ollie Watkins,90.0,False,False,20240710_NED_ENG
2024-07-10,URU,COL,COL,Jefferson Lerma,39.0,False,False,20240710_URU_COL
2024-07-13,CAN,URU,URU,Rodrigo Bentancur,8.0,False,False,20240713_CAN_URU
2024-07-13,CAN,URU,CAN,Ismaël Koné,22.0,False,False,20240713_CAN_URU
2024-07-13,CAN,URU,CAN,Jonathan David,80.0,False,False,20240713_CAN_URU
2024-07-13,CAN,URU,URU,Luis Suárez,90.0,False,False,20240713_CAN_URU
2024-07-14,ARG,COL,ARG,Lautaro Martínez,112.0,False,False,20240714_ARG_COL
2024-07-14,ESP,ENG,ESP,Nico Williams,47.0,False,False,20240714_ESP_ENG
2024-07-14,ESP,ENG,ENG,Cole Palmer,73.0,False,False,20240714_ESP_ENG
2024-07-14,ESP,ENG,ESP,Mikel Oyarzabal,86.0,False,False,20240714_ESP_ENG
2024-09-05,ARG,CHI,ARG,Alexis Mac Allister,48.0,False,False,20240905_ARG_CHI
2024-09-05,ARG,CHI,ARG,Julián Alvarez,84.0,False,False,20240905_ARG_CHI
2024-09-05,ARG,CHI,ARG,Paulo Dybala,90.0,False,False,20240905_ARG_CHI
2024-09-05,AUS,BHR,BHR,Harry Souttar,89.0,True,False,20240905_AUS_BHR
2024-09-05,AZE,SWE,SWE,Alexander Isak,65.0,False,False,20240905_AZE_SWE
2024-09-05,AZE,SWE,SWE,Alexander Isak,71.0,False,False,20240905_AZE_SWE
2024-09-05,AZE,SWE,SWE,Viktor Gyökeres,80.0,False,True,20240905_AZE_SWE
2024-09-05,AZE,SWE,AZE,Renat Dadashov,82.0,False,False,20240905_AZE_SWE
2024-09-05,BOL,VEN,BOL,Ramiro Vaca,13.0,False,False,20240905_BOL_VEN
2024-09-05,BOL,VEN,BOL,Carmelo Algarañaz,45.0,False,True,20240905_BOL_VEN
2024-09-05,BOL,VEN,BOL,Miguel Terceros,46.0,False,False,20240905_BOL_VEN
2024-09-05,BOL,VEN,BOL,Enzo Monteiro,89.0,False,False,20240905_BOL_VEN
2024-09-05,DEN,SUI,DEN,Patrick Dorgu,82.0,False,False,20240905_DEN_SUI
2024-09-05,DEN,SUI,DEN,Pierre-Emile Højbjerg,90.0,False,False,20240905_DEN_SUI
2024-09-05,EST,SVK,SVK,Tomáš Suslov,70.0,False,False,20240905_EST_SVK
2024-09-05,IRN,KGZ,IRN,Mehdi Taremi,34.0,False,False,20240905_IRN_KGZ
2024-09-05,IRQ,OMA,IRQ,Aymen Hussein,13.0,False,False,20240905_IRQ_OMA
2024-09-05,JPN,CHN,JPN,Wataru Endo,12.0,False,False,20240905_JPN_CHN
2024-09-05,JPN,CHN,JPN,Kaoru Mitoma,45.0,False,False,20240905_JPN_CHN
2024-09-05,JPN,CHN,JPN,Takumi Minamino,52.0,False,False,20240905_JPN_CHN
2024-09-05,JPN,CHN,JPN,Takumi Minamino,58.0,False,False,20240905_JPN_CHN
2024-09-05,JPN,CHN,JPN,Junya Itō,77.0,False,False,20240905_JPN_CHN
2024-09-05,JPN,CHN,JPN,Daizen Maeda,87.0,False,False,20240905_JPN_CHN
2024-09-05,JPN,CHN,JPN,Takefusa Kubo,90.0,False,False,20240905_JPN_CHN
2024-09-05,JOR,KUW,JOR,Musa Al-Taamari,14.0,False,False,20240905_JOR_KUW
2024-09-05,JOR,KUW,KUW,Yousef Nasser,90.0,False,True,20240905_JOR_KUW
2024-09-05,NIR,LUX,NIR,Paddy McNair,11.0,False,False,20240905_NIR_LUX
2024-09-05,NIR,LUX,NIR,Daniel Ballard,16.0,False,False,20240905_NIR_LUX
2024-09-05,POR,CRO,POR,Diogo Dalot,7.0,False,False,20240905_POR_CRO
2024-09-05,POR,CRO,POR,Cristiano Ronaldo,34.0,False,False,20240905_POR_CRO
2024-09-05,POR,CRO,CRO,Diogo Dalot,41.0,True,False,20240905_POR_CRO
2024-09-05,QAT,UAE,QAT,Ibrahim Al-Hassan,38.0,False,False,20240905_QAT_UAE
2024-09-05,QAT,UAE,UAE,Harib Abdalla,68.0,False,False,20240905_QAT_UAE
2024-09-05,QAT,UAE,UAE,Khaled Ibrahim,80.0,False,False,20240905_QAT_UAE
2024-09-05,QAT,UAE,UAE,Ali Saleh,90.0,False,False,20240905_QAT_UAE
2024-09-05,SMR,LIE,SMR,Nicko Sensoli,53.0,False,False,20240905_SMR_LIE
2024-09-05,KSA,IDN,IDN,Sandy Walsh,19.0,False,False,20240905_KSA_IDN
2024-09-05,KSA,IDN,KSA,Musab Al-Juwayr,45.0,False,False,20240905_KSA_IDN
2024-09-05,SCO,POL,POL,Sebastian Szymański,8.0,False,False,20240905_SCO_POL
2024-09-05,SCO,POL,POL,Robert Lewandowski,44.0,False,True,20240905_SCO_POL
2024-09-05,SCO,POL,SCO,Billy Gilmour,46.0,False,False,20240905_SCO_POL
2024-09-05,SCO,POL,SCO,Scott McTominay,76.0,False,False,20240905_SCO_POL
2024-09-05,SCO,POL,POL,Nicola Zalewski,90.0,False,True,20240905_SCO_POL
2024-09-05,UZB,PRK,UZB,Jaloliddin Masharipov,20.0,False,False,20240905_UZB_PRK
2024-09-06,BEL,ISR,BEL,Kevin De Bruyne,21.0,False,False,20240906_BEL_ISR
2024-09-06,BEL,ISR,ISR,Timothy Castagne,36.0,True,False,20240906_BEL_ISR
2024-09-06,BEL,ISR,BEL,Youri Tielemans,48.0,False,False,20240906_BEL_ISR
2024-09-06,BEL,ISR,BEL,Kevin De Bruyne,52.0,False,True,20240906_BEL_ISR
2024-09-06,BRA,ECU,BRA,Rodrygo,30.0,False,False,20240906_BRA_ECU
2024-09-06,FRA,ITA,FRA,Bradley Barcola,1.0,False,False,20240906_FRA_ITA
2024-09-06,FRA,ITA,ITA,Federico Dimarco,30.0,False,False,20240906_FRA_ITA
2024-09-06,FRA,ITA,ITA,Davide Frattesi,51.0,False,False,20240906_FRA_ITA
2024-09-06,FRA,ITA,ITA,Giacomo Raspadori,74.0,False,False,20240906_FRA_ITA
2024-09-06,ISL,MNE,ISL,Orri Óskarsson,39.0,False,False,20240906_ISL_MNE
2024-09-06,ISL,MNE,ISL,Jón Dagur Þorsteinsson,58.0,False,False,20240906_ISL_MNE
2024-09-06,KVX,ROU,ROU,Dennis Man,40.0,False,False,20240906_KVX_ROU
2024-09-06,KVX,ROU,ROU,Răzvan Marin,51.0,False,True,20240906_KVX_ROU
2024-09-06,KVX,ROU,ROU,Denis Drăguș,82.0,False,False,20240906_KVX_ROU
2024-09-06,LTU,CYP,CYP,Ioannis Pittas,34.0,False,False,20240906_LTU_CYP
2024-09-06,PER,COL,PER,Alexander Callens,68.0,False,False,20240906_PER_COL
2024-09-06,PER,COL,COL,Luis Díaz,82.0,False,False,20240906_PER_COL
2024-09-06,SVN,AUT,SVN,Benjamin Šeško,16.0,False,True,20240906_SVN_AUT
2024-09-06,SVN,AUT,AUT,Konrad Laimer,28.0,False,False,20240906_SVN_AUT
2024-09-07,ARM,LVA,ARM,Vahan Bichakhchyan,6.0,False,False,20240907_ARM_LVA
2024-09-07,ARM,LVA,LVA,Georgy Arutyunyan,9.0,True,False,20240907_ARM_LVA
2024-09-07,ARM,LVA,ARM,Kaspars Dubra,35.0,True,False,20240907_ARM_LVA
2024-09-07,ARM,LVA,ARM,Lucas Zelarayán,48.0,False,False,20240907_ARM_LVA
2024-09-07,ARM,LVA,ARM,Eduard Spertsyan,86.0,False,False,20240907_ARM_LVA
2024-09-07,FRO,MKD,FRO,Viljormur Davidsen,9.0,False,True,20240907_FRO_MKD
2024-09-07,FRO,MKD,MKD,Enis Bardhi,49.0,False,True,20240907_FRO_MKD
2024-09-07,GEO,CZE,GEO,Khvicha Kvaratskhelia,33.0,False,True,20240907_GEO_CZE
2024-09-07,GEO,CZE,GEO,Giorgi Chakvetadze,53.0,False,False,20240907_GEO_CZE
2024-09-07,GEO,CZE,GEO,Georges Mikautadze,63.0,False,False,20240907_GEO_CZE
2024-09-07,GEO,CZE,GEO,Giorgi Kochorashvili,66.0,False,False,20240907_GEO_CZE
2024-09-07,GEO,CZE,CZE,Lukáš Kalvach,80.0,False,False,20240907_GEO_CZE
2024-09-07,GER,HUN,GER,Niclas Füllkrug,27.0,False,False,20240907_GER_HUN
2024-09-07,GER,HUN,GER,Jamal Musiala,58.0,False,False,20240907_GER_HUN
2024-09-07,GER,HUN,GER,Florian Wirtz,66.0,False,False,20240907_GER_HUN
2024-09-07,GER,HUN,GER,Aleksandar Pavlović,77.0,False,False,20240907_GER_HUN
2024-09-07,GER,HUN,GER,Kai Havertz,81.0,False,True,20240907_GER_HUN
2024-09-07,GRE,FIN,GRE,Fotis Ioannidis,23.0,False,False,20240907_GRE_FIN
2024-09-07,GRE,FIN,GRE,Benjamin Källman,37.0,True,False,20240907_GRE_FIN
2024-09-07,GRE,FIN,GRE,Fotis Ioannidis,76.0,False,False,20240907_GRE_FIN
2024-09-07,MDA,MLT,MDA,Mihail Caimacov,32.0,False,False,20240907_MDA_MLT
2024-09-07,MDA,MLT,MDA,Ion Nicolaescu,45.0,False,True,20240907_MDA_MLT
2024-09-07,NED,BIH,NED,Joshua Zirkzee,13.0,False,False,20240907_NED_BIH
2024-09-07,NED,BIH,BIH,Ermedin Demirović,27.0,False,False,20240907_NED_BIH
2024-09-07,NED,BIH,NED,Tijjani Reijnders,45.0,False,False,20240907_NED_BIH
2024-09-07,NED,BIH,NED,Cody Gakpo,56.0,False,False,20240907_NED_BIH
2024-09-07,NED,BIH,BIH,Edin Džeko,73.0,False,False,20240907_NED_BIH
2024-09-07,NED,BIH,NED,Wout Weghorst,88.0,False,False,20240907_NED_BIH
2024-09-07,NED,BIH,NED,Xavi Simons,90.0,False,False,20240907_NED_BIH
2024-09-07,IRL,ENG,ENG,Declan Rice,11.0,False,False,20240907_IRL_ENG
2024-09-07,IRL,ENG,ENG,Jack Grealish,26.0,False,False,20240907_IRL_ENG
2024-09-07,UKR,ALB,UKR,Yukhym Konoplya,49.0,False,False,20240907_UKR_ALB
2024-09-07,UKR,ALB,ALB,Ardian Ismajli,54.0,False,False,20240907_UKR_ALB
2024-09-07,UKR,ALB,ALB,Jasir Asani,66.0,False,False,20240907_UKR_ALB
2024-09-08,BUL,NIR,BUL,Kiril Despodov,40.0,False,False,20240908_BUL_NIR
2024-09-08,CRO,POL,CRO,Luka Modrić,52.0,False,False,20240908_CRO_POL
2024-09-08,DEN,SRB,DEN,Albert Grønbæk,36.0,False,False,20240908_DEN_SRB
2024-09-08,DEN,SRB,DEN,Yussuf Poulsen,61.0,False,False,20240908_DEN_SRB
2024-09-08,GIB,LIE,GIB,Liam Walker,8.0,False,False,20240908_GIB_LIE
2024-09-08,GIB,LIE,LIE,Ferhat Saglam,53.0,False,False,20240908_GIB_LIE
2024-09-08,GIB,LIE,GIB,James Scanlon,90.0,False,False,20240908_GIB_LIE
2024-09-08,GIB,LIE,LIE,Nicolas Hasler,90.0,False,True,20240908_GIB_LIE
2024-09-08,LUX,BLR,BLR,Valery Gromyko,76.0,False,False,20240908_LUX_BLR
2024-09-08,POR,SCO,SCO,Scott McTominay,7.0,False,False,20240908_POR_SCO
2024-09-08,POR,SCO,POR,Bruno Fernandes,54.0,False,False,20240908_POR_SCO
2024-09-08,POR,SCO,POR,Cristiano Ronaldo,88.0,False,False,20240908_POR_SCO
2024-09-08,SVK,AZE,SVK,Ondrej Duda,22.0,False,True,20240908_SVK_AZE
2024-09-08,SVK,AZE,SVK,David Strelec,26.0,False,False,20240908_SVK_AZE
2024-09-08,SWE,EST,SWE,Viktor Gyökeres,30.0,False,False,20240908_SWE_EST
2024-09-08,SWE,EST,SWE,Alexander Isak,40.0,False,False,20240908_SWE_EST
2024-09-08,SWE,EST,SWE,Viktor Gyökeres,44.0,False,False,20240908_SWE_EST
2024-09-08,SUI,ESP,ESP,Joselu,4.0,False,False,20240908_SUI_ESP
2024-09-08,SUI,ESP,ESP,Fabián Ruiz,13.0,False,False,20240908_SUI_ESP
2024-09-08,SUI,ESP,SUI,Zeki Amdouni,41.0,False,False,20240908_SUI_ESP
2024-09-08,SUI,ESP,ESP,Fabián Ruiz,77.0,False,False,20240908_SUI_ESP
2024-09-08,SUI,ESP,ESP,Ferran Torres,80.0,False,False,20240908_SUI_ESP
2024-09-09,CYP,KVX,KVX,Vedat Muriqi,9.0,False,True,20240909_CYP_KVX
2024-09-09,CYP,KVX,KVX,Vedat Muriqi,21.0,False,False,20240909_CYP_KVX
2024-09-09,CYP,KVX,KVX,Albion Rrahmani,48.0,False,False,20240909_CYP_KVX
2024-09-09,CYP,KVX,KVX,Lumbardh Dellova,55.0,False,False,20240909_CYP_KVX
2024-09-09,FRA,BEL,FRA,Randal Kolo Muani,29.0,False,False,20240909_FRA_BEL
2024-09-09,FRA,BEL,FRA,Ousmane Dembélé,57.0,False,False,20240909_FRA_BEL
2024-09-09,ISR,ITA,ITA,Davide Frattesi,38.0,False,False,20240909_ISR_ITA
2024-09-09,ISR,ITA,ITA,Moise Kean,62.0,False,False,20240909_ISR_ITA
2024-09-09,ISR,ITA,ISR,Mohammad Abu Fani,90.0,False,False,20240909_ISR_ITA
2024-09-09,MNE,WAL,WAL,Kieffer Moore,1.0,False,False,20240909_MNE_WAL
2024-09-09,MNE,WAL,WAL,Harry Wilson,3.0,False,False,20240909_MNE_WAL
2024-09-09,MNE,WAL,MNE,Driton Camaj,73.0,False,False,20240909_MNE_WAL
2024-09-09,NOR,AUT,NOR,Felix Horn Myhre,9.0,False,False,20240909_NOR_AUT
2024-09-09,NOR,AUT,AUT,Marcel Sabitzer,37.0,False,False,20240909_NOR_AUT
2024-09-09,NOR,AUT,NOR,Erling Haaland,80.0,False,False,20240909_NOR_AUT
2024-09-09,ROU,LTU,ROU,Valentin Mihăilă,4.0,False,False,20240909_ROU_LTU
2024-09-09,ROU,LTU,LTU,Armandas Kučys,34.0,False,False,20240909_ROU_LTU
2024-09-09,ROU,LTU,ROU,Răzvan Marin,87.0,False,True,20240909_ROU_LTU
2024-09-09,ROU,LTU,ROU,Alexandru Mitriță,90.0,False,False,20240909_ROU_LTU
2024-09-09,SVN,KAZ,SVN,Benjamin Šeško,23.0,False,False,20240909_SVN_KAZ
2024-09-09,SVN,KAZ,SVN,Benjamin Šeško,28.0,False,False,20240909_SVN_KAZ
2024-09-09,SVN,KAZ,SVN,Benjamin Šeško,63.0,False,False,20240909_SVN_KAZ
2024-09-09,TUR,ISL,TUR,Kerem Aktürkoğlu,2.0,False,False,20240909_TUR_ISL
2024-09-09,TUR,ISL,ISL,Victor Pálsson,37.0,False,False,20240909_TUR_ISL
2024-09-09,TUR,ISL,TUR,Kerem Aktürkoğlu,52.0,False,False,20240909_TUR_ISL
2024-09-09,TUR,ISL,TUR,Kerem Aktürkoğlu,88.0,False,False,20240909_TUR_ISL
2024-09-10,ALB,GEO,GEO,Giorgi Kochorashvili,71.0,False,False,20240910_ALB_GEO
2024-09-10,AND,MLT,MLT,Ryan Camenzuli,45.0,False,False,20240910_AND_MLT
2024-09-10,BHR,JPN,JPN,Ayase Ueda,37.0,False,True,20240910_BHR_JPN
2024-09-10,BHR,JPN,JPN,Ayase Ueda,47.0,False,False,20240910_BHR_JPN
2024-09-10,BHR,JPN,JPN,Hidemasa Morita,61.0,False,False,20240910_BHR_JPN
2024-09-10,BHR,JPN,JPN,Hidemasa Morita,64.0,False,False,20240910_BHR_JPN
2024-09-10,BHR,JPN,JPN,Koki Ogawa,81.0,False,False,20240910_BHR_JPN
2024-09-10,CHI,BOL,BOL,Carmelo Algarañaz,13.0,False,False,20240910_CHI_BOL
2024-09-10,CHI,BOL,CHI,Eduardo Vargas,39.0,False,False,20240910_CHI_BOL
2024-09-10,CHI,BOL,BOL,Miguel Terceros,45.0,False,False,20240910_CHI_BOL
2024-09-10,CHN,KSA,CHN,Ali Lajami,14.0,True,False,20240910_CHN_KSA
2024-09-10,CHN,KSA,KSA,Hassan Kadesh,39.0,False,False,20240910_CHN_KSA
2024-09-10,CHN,KSA,KSA,Hassan Kadesh,90.0,False,False,20240910_CHN_KSA
2024-09-10,COL,ARG,COL,Yerson Mosquera,25.0,False,False,20240910_COL_ARG
2024-09-10,COL,ARG,ARG,Nicolás González,48.0,False,False,20240910_COL_ARG
2024-09-10,COL,ARG,COL,James Rodríguez,60.0,False,True,20240910_COL_ARG
2024-09-10,CZE,UKR,CZE,Pavel Šulc,21.0,False,False,20240910_CZE_UKR
2024-09-10,CZE,UKR,UKR,Vladyslav Vanat,37.0,False,False,20240910_CZE_UKR
2024-09-10,CZE,UKR,CZE,Pavel Šulc,45.0,False,False,20240910_CZE_UKR
2024-09-10,CZE,UKR,CZE,Tomáš Souček,80.0,False,True,20240910_CZE_UKR
2024-09-10,CZE,UKR,UKR,Heorhiy Sudakov,84.0,False,False,20240910_CZE_UKR
2024-09-10,ECU,PER,ECU,Enner Valencia,54.0,False,False,20240910_ECU_PER
2024-09-10,ENG,FIN,ENG,Harry Kane,57.0,False,False,20240910_ENG_FIN
2024-09-10,ENG,FIN,ENG,Harry Kane,76.0,False,False,20240910_ENG_FIN
2024-09-10,KGZ,UZB,KGZ,Joel Kojo,15.0,False,False,20240910_KGZ_UZB
2024-09-10,KGZ,UZB,UZB,Eldor Shomurodov,17.0,False,False,20240910_KGZ_UZB
2024-09-10,KGZ,UZB,KGZ,Odilzhon Abdurakhmanov,35.0,False,False,20240910_KGZ_UZB
2024-09-10,KGZ,UZB,UZB,Husniddin Aliqulov,45.0,False,False,20240910_KGZ_UZB
2024-09-10,KGZ,UZB,UZB,Oston Urunov,72.0,False,False,20240910_KGZ_UZB
2024-09-10,LVA,FRO,LVA,Renārs Varslavāns,64.0,False,False,20240910_LVA_FRO
2024-09-10,NED,GER,NED,Tijjani Reijnders,2.0,False,False,20240910_NED_GER
2024-09-10,NED,GER,GER,Deniz Undav,38.0,False,False,20240910_NED_GER
2024-09-10,NED,GER,GER,Joshua Kimmich,45.0,False,False,20240910_NED_GER
2024-09-10,NED,GER,NED,Denzel Dumfries,50.0,False,False,20240910_NED_GER
2024-09-10,PRK,QAT,PRK,Ri Il-song,19.0,False,False,20240910_PRK_QAT
2024-09-10,PRK,QAT,QAT,Akram Afif,31.0,False,True,20240910_PRK_QAT
2024-09-10,PRK,QAT,QAT,Almoez Ali,44.0,False,False,20240910_PRK_QAT
2024-09-10,PRK,QAT,PRK,Kang Kuk-chol,52.0,False,False,20240910_PRK_QAT
2024-09-10,MKD,ARM,MKD,Enis Bardhi,70.0,False,False,20240910_MKD_ARM
2024-09-10,MKD,ARM,MKD,Bojan Miovski,78.0,False,False,20240910_MKD_ARM
2024-09-10,OMA,KOR,KOR,Hwang Hee-chan,10.0,False,False,20240910_OMA_KOR
2024-09-10,OMA,KOR,OMA,Jung Seung-hyun,45.0,True,False,20240910_OMA_KOR
2024-09-10,OMA,KOR,KOR,Son Heung-min,82.0,False,False,20240910_OMA_KOR
2024-09-10,OMA,KOR,KOR,Joo Min-kyu,90.0,False,False,20240910_OMA_KOR
2024-09-10,PLE,JOR,JOR,Yazan Al-Naimat,5.0,False,False,20240910_PLE_JOR
2024-09-10,PLE,JOR,PLE,Wessam Abou Ali,41.0,False,False,20240910_PLE_JOR
2024-09-10,PLE,JOR,JOR,Yazan Al-Naimat,50.0,False,False,20240910_PLE_JOR
2024-09-10,PLE,JOR,JOR,Noor Al-Rawabdeh,72.0,False,False,20240910_PLE_JOR
2024-09-10,PAR,BRA,PAR,Diego Gómez,20.0,False,False,20240910_PAR_BRA
2024-09-10,IRL,GRE,GRE,Fotis Ioannidis,50.0,False,False,20240910_IRL_GRE
2024-09-10,IRL,GRE,GRE,Christos Tzolis,87.0,False,False,20240910_IRL_GRE
2024-09-10,UAE,IRN,IRN,Mehdi Ghayedi,45.0,False,False,20240910_UAE_IRN
2024-10-10,AUS,CHN,CHN,Xie Wenneng,20.0,False,False,20241010_AUS_CHN
2024-10-10,AUS,CHN,AUS,Lewis Miller,45.0,False,False,20241010_AUS_CHN
2024-10-10,AUS,CHN,AUS,Craig Goodwin,53.0,False,False,20241010_AUS_CHN
2024-10-10,AUS,CHN,AUS,Nishan Velupillay,90.0,False,False,20241010_AUS_CHN
2024-10-10,AUT,KAZ,AUT,Christoph Baumgartner,10.0,False,False,20241010_AUT_KAZ
2024-10-10,AUT,KAZ,AUT,Philipp Lienhart,54.0,False,False,20241010_AUT_KAZ
2024-10-10,AUT,KAZ,AUT,Marcel Sabitzer,56.0,False,False,20241010_AUT_KAZ
2024-10-10,AUT,KAZ,AUT,Matthias Seidl,79.0,False,False,20241010_AUT_KAZ
2024-10-10,BHR,IDN,BHR,Mohamed Marhoon,15.0,False,False,20241010_BHR_IDN
2024-10-10,BHR,IDN,IDN,Ragnar Oratmangoen,45.0,False,False,20241010_BHR_IDN
2024-10-10,BHR,IDN,IDN,Rafael Struick,74.0,False,False,20241010_BHR_IDN
2024-10-10,BHR,IDN,BHR,Mohamed Marhoon,90.0,False,False,20241010_BHR_IDN
2024-10-10,BOL,COL,BOL,Miguel Terceros,58.0,False,False,20241010_BOL_COL
2024-10-10,CHI,BRA,CHI,Eduardo Vargas,2.0,False,False,20241010_CHI_BRA
2024-10-10,CHI,BRA,BRA,Igor Jesus,45.0,False,False,20241010_CHI_BRA
2024-10-10,CHI,BRA,BRA,Luiz Henrique,89.0,False,False,20241010_CHI_BRA
2024-10-10,ENG,GRE,GRE,Vangelis Pavlidis,49.0,False,False,20241010_ENG_GRE
2024-10-10,ENG,GRE,ENG,Jude Bellingham,87.0,False,False,20241010_ENG_GRE
2024-10-10,ENG,GRE,GRE,Vangelis Pavlidis,90.0,False,False,20241010_ENG_GRE
2024-10-10,FRO,ARM,FRO,Jann Benjaminsen,37.0,False,False,20241010_FRO_ARM
2024-10-10,FRO,ARM,ARM,Lucas Zelarayán,44.0,False,False,20241010_FRO_ARM
2024-10-10,FRO,ARM,FRO,Jóannes Bjartalíð,85.0,False,False,20241010_FRO_ARM
2024-10-10,FRO,ARM,ARM,Gor Manvelyan,90.0,False,False,20241010_FRO_ARM
2024-10-10,FIJ,SOL,FIJ,Roy Krishna,13.0,False,False,20241010_FIJ_SOL
2024-10-10,FIN,IRL,FIN,Joel Pohjanpalo,17.0,False,False,20241010_FIN_IRL
2024-10-10,FIN,IRL,IRL,Liam Scales,57.0,False,False,20241010_FIN_IRL
2024-10-10,FIN,IRL,IRL,Robbie Brady,88.0,False,False,20241010_FIN_IRL
2024-10-10,GIB,SMR,GIB,Ethan Britto,62.0,False,False,20241010_GIB_SMR
2024-10-10,IRQ,PLE,IRQ,Aymen Hussein,31.0,False,False,20241010_IRQ_PLE
2024-10-10,ISR,FRA,FRA,Eduardo Camavinga,7.0,False,False,20241010_ISR_FRA
2024-10-10,ISR,FRA,ISR,Omri Gandelman,24.0,False,False,20241010_ISR_FRA
2024-10-10,ISR,FRA,FRA,Christopher Nkunku,28.0,False,False,20241010_ISR_FRA
2024-10-10,ISR,FRA,FRA,Mattéo Guendouzi,87.0,False,False,20241010_ISR_FRA
2024-10-10,ISR,FRA,FRA,Bradley Barcola,89.0,False,False,20241010_ISR_FRA
2024-10-10,ITA,BEL,ITA,Andrea Cambiaso,1.0,False,False,20241010_ITA_BEL
2024-10-10,ITA,BEL,ITA,Mateo Retegui,24.0,False,False,20241010_ITA_BEL
2024-10-10,ITA,BEL,BEL,Maxim De Cuyper,42.0,False,False,20241010_ITA_BEL
2024-10-10,ITA,BEL,BEL,Leandro Trossard,61.0,False,False,20241010_ITA_BEL
2024-10-10,JOR,KOR,KOR,Lee Jae-sung,38.0,False,False,20241010_JOR_KOR
2024-10-10,JOR,KOR,KOR,Oh Hyeon-gyu,68.0,False,False,20241010_JOR_KOR
2024-10-10,LVA,MKD,MKD,Jani Atanasov,35.0,False,False,20241010_LVA_MKD
2024-10-10,LVA,MKD,MKD,Lirim Qamili,70.0,False,False,20241010_LVA_MKD
2024-10-10,LVA,MKD,MKD,Elif Elmas,90.0,False,False,20241010_LVA_MKD
2024-10-10,MDA,AND,MDA,Artur Ioniță,31.0,False,False,20241010_MDA_AND
2024-10-10,MDA,AND,MDA,Maxim Cojocaru,90.0,False,False,20241010_MDA_AND
2024-10-10,NOR,SVN,NOR,Erling Haaland,7.0,False,False,20241010_NOR_SVN
2024-10-10,NOR,SVN,NOR,Alexander Sørloth,52.0,False,False,20241010_NOR_SVN
2024-10-10,NOR,SVN,NOR,Erling Haaland,62.0,False,False,20241010_NOR_SVN
2024-10-10,OMA,KUW,OMA,Abdulrahman Al-Mushaifri,17.0,False,False,20241010_OMA_KUW
2024-10-10,OMA,KUW,OMA,Muhsen Al-Ghassani,30.0,False,False,20241010_OMA_KUW
2024-10-10,OMA,KUW,OMA,Abdulrahman Al-Mushaifri,58.0,False,False,20241010_OMA_KUW
2024-10-10,OMA,KUW,OMA,Abdullah Fawaz,79.0,False,False,20241010_OMA_KUW
2024-10-10,PNG,NCL,NCL,Joseph Athale,20.0,False,True,20241010_PNG_NCL
2024-10-10,PNG,NCL,NCL,Georges Gope-Fenepej,45.0,False,False,20241010_PNG_NCL
2024-10-10,PNG,NCL,PNG,Tommy Semmy,78.0,False,False,20241010_PNG_NCL
2024-10-10,PNG,NCL,NCL,Germain Haewegene,83.0,False,False,20241010_PNG_NCL
2024-10-10,QAT,KGZ,QAT,Almoez Ali,39.0,False,False,20241010_QAT_KGZ
2024-10-10,QAT,KGZ,QAT,Tamirlan Kozubaev,63.0,True,False,20241010_QAT_KGZ
2024-10-10,QAT,KGZ,KGZ,Alimardon Shukurov,76.0,False,False,20241010_QAT_KGZ
2024-10-10,QAT,KGZ,QAT,Ibrahim Al-Hassan,81.0,False,False,20241010_QAT_KGZ
2024-10-10,KSA,JPN,JPN,Daichi Kamada,14.0,False,False,20241010_KSA_JPN
2024-10-10,KSA,JPN,JPN,Kōki Ogawa,81.0,False,False,20241010_KSA_JPN
2024-10-10,UAE,PRK,UAE,Yahya Al-Ghassani,66.0,False,False,20241010_UAE_PRK
2024-10-10,UAE,PRK,PRK,Jong Il-gwan,86.0,False,False,20241010_UAE_PRK
2024-10-10,VEN,ARG,ARG,Nicolás Otamendi,13.0,False,False,20241010_VEN_ARG
2024-10-10,VEN,ARG,VEN,Salomón Rondón,65.0,False,False,20241010_VEN_ARG
2024-10-11,BIH,GER,GER,Deniz Undav,30.0,False,False,20241011_BIH_GER
2024-10-11,BIH,GER,GER,Deniz Undav,36.0,False,False,20241011_BIH_GER
2024-10-11,BIH,GER,BIH,Edin Džeko,70.0,False,False,20241011_BIH_GER
2024-10-11,CZE,ALB,CZE,Tomáš Chorý,3.0,False,False,20241011_CZE_ALB
2024-10-11,CZE,ALB,CZE,Tomáš Chorý,63.0,False,False,20241011_CZE_ALB
2024-10-11,EST,AZE,EST,Ioan Yakovlev,32.0,False,False,20241011_EST_AZE
2024-10-11,EST,AZE,EST,Vlasiy Sinyavskiy,45.0,False,False,20241011_EST_AZE
2024-10-11,EST,AZE,AZE,Toral Bayramov,45.0,False,True,20241011_EST_AZE
2024-10-11,EST,AZE,EST,Rocco Robert Shein,71.0,False,False,20241011_EST_AZE
2024-10-11,HUN,NED,HUN,Roland Sallai,32.0,False,False,20241011_HUN_NED
2024-10-11,HUN,NED,NED,Denzel Dumfries,83.0,False,False,20241011_HUN_NED
2024-10-11,ISL,WAL,WAL,Brennan Johnson,11.0,False,False,20241011_ISL_WAL
2024-10-11,ISL,WAL,WAL,Harry Wilson,29.0,False,False,20241011_ISL_WAL
2024-10-11,ISL,WAL,ISL,Logi Tómasson,69.0,False,False,20241011_ISL_WAL
2024-10-11,ISL,WAL,ISL,Danny Ward,72.0,True,False,20241011_ISL_WAL
2024-10-11,NZL,TAH,NZL,Elijah Just,2.0,False,False,20241011_NZL_TAH
2024-10-11,NZL,TAH,NZL,Chris Wood,67.0,False,False,20241011_NZL_TAH
2024-10-11,NZL,TAH,NZL,Ben Waine,89.0,False,False,20241011_NZL_TAH
2024-10-11,PER,URU,PER,Miguel Araujo,88.0,False,False,20241011_PER_URU
2024-10-11,SVK,SWE,SWE,Yasin Ayari,25.0,False,False,20241011_SVK_SWE
2024-10-11,SVK,SWE,SWE,Ken Sema,32.0,False,False,20241011_SVK_SWE
2024-10-11,SVK,SWE,SVK,David Strelec,44.0,False,False,20241011_SVK_SWE
2024-10-11,SVK,SWE,SVK,David Strelec,72.0,False,False,20241011_SVK_SWE
2024-10-11,TUR,MNE,TUR,İrfan Kahveci,69.0,False,False,20241011_TUR_MNE
2024-10-11,UKR,GEO,UKR,Mykhailo Mudryk,35.0,False,False,20241011_UKR_GEO
2024-10-12,CRO,SCO,SCO,Ryan Christie,33.0,False,False,20241012_CRO_SCO
2024-10-12,CRO,SCO,CRO,Igor Matanović,36.0,False,False,20241012_CRO_SCO
2024-10-12,CRO,SCO,CRO,Andrej Kramarić,70.0,False,False,20241012_CRO_SCO
2024-10-12,CYP,ROU,ROU,Dennis Man,16.0,False,False,20241012_CYP_ROU
2024-10-12,CYP,ROU,ROU,Răzvan Marin,25.0,False,True,20241012_CYP_ROU
2024-10-12,CYP,ROU,ROU,Radu Drăgușin,36.0,False,False,20241012_CYP_ROU
2024-10-12,LTU,KVX,KVX,Edon Zhegrova,20.0,False,False,20241012_LTU_KVX
2024-10-12,LTU,KVX,KVX,Ermal Krasniqi,65.0,False,False,20241012_LTU_KVX
2024-10-12,LTU,KVX,LTU,Paulius Golubickas,84.0,False,False,20241012_LTU_KVX
2024-10-12,POL,POR,POR,Bernardo Silva,26.0,False,False,20241012_POL_POR
2024-10-12,POL,POR,POR,Cristiano Ronaldo,37.0,False,False,20241012_POL_POR
2024-10-12,POL,POR,POL,Piotr Zieliński,78.0,False,False,20241012_POL_POR
2024-10-12,POL,POR,POR,Jan Bednarek,88.0,True,False,20241012_POL_POR
2024-10-12,SRB,SUI,SRB,Nico Elvedi,45.0,True,False,20241012_SRB_SUI
2024-10-12,SRB,SUI,SRB,Aleksandar Mitrović,61.0,False,False,20241012_SRB_SUI
2024-10-12,ESP,DEN,ESP,Martin Zubimendi,79.0,False,False,20241012_ESP_DEN
2024-10-12,VAN,Samoa,VAN,Mitch Cooper,7.0,False,False,20241012_VAN_Samoa
2024-10-12,VAN,Samoa,VAN,John Alick,36.0,False,False,20241012_VAN_Samoa
2024-10-12,VAN,Samoa,Samoa,Nathan Viliamu,55.0,False,False,20241012_VAN_Samoa
2024-10-12,VAN,Samoa,VAN,John Alick,57.0,False,False,20241012_VAN_Samoa
2024-10-12,VAN,Samoa,VAN,Bong Kalo,90.0,False,False,20241012_VAN_Samoa
2024-10-13,ARM,MKD,MKD,Bojan Miovski,72.0,False,False,20241013_ARM_MKD
2024-10-13,ARM,MKD,MKD,Isnik Alimi,85.0,False,False,20241013_ARM_MKD
2024-10-13,AUT,NOR,AUT,Marko Arnautović,8.0,False,False,20241013_AUT_NOR
2024-10-13,AUT,NOR,NOR,Alexander Sørloth,39.0,False,False,20241013_AUT_NOR
2024-10-13,AUT,NOR,AUT,Marko Arnautović,49.0,False,True,20241013_AUT_NOR
2024-10-13,AUT,NOR,AUT,Philipp Lienhart,58.0,False,False,20241013_AUT_NOR
2024-10-13,AUT,NOR,AUT,Stefan Posch,62.0,False,False,20241013_AUT_NOR
2024-10-13,AUT,NOR,AUT,Michael Gregoritsch,71.0,False,False,20241013_AUT_NOR
2024-10-13,FRO,LVA,FRO,Hanus Sørensen,40.0,False,False,20241013_FRO_LVA
2024-10-13,FRO,LVA,LVA,Dario Šits,69.0,False,False,20241013_FRO_LVA
2024-10-13,FIN,ENG,ENG,Jack Grealish,18.0,False,False,20241013_FIN_ENG
2024-10-13,FIN,ENG,ENG,Trent Alexander-Arnold,74.0,False,False,20241013_FIN_ENG
2024-10-13,FIN,ENG,ENG,Declan Rice,84.0,False,False,20241013_FIN_ENG
2024-10-13,FIN,ENG,FIN,Arttu Hoskonen,87.0,False,False,20241013_FIN_ENG
2024-10-13,GRE,IRL,GRE,Anastasios Bakasetas,48.0,False,False,20241013_GRE_IRL
2024-10-13,GRE,IRL,GRE,Petros Mantalos,90.0,False,False,20241013_GRE_IRL
2024-10-13,KAZ,SVN,SVN,Jan Mlakar,55.0,False,False,20241013_KAZ_SVN
2024-10-13,MLT,MDA,MLT,Teddy Teuma,87.0,False,True,20241013_MLT_MDA
2024-10-14,AZE,SVK,SVK,Rahil Mammadov,15.0,True,False,20241014_AZE_SVK
2024-10-14,AZE,SVK,AZE,Toral Bayramov,38.0,False,False,20241014_AZE_SVK
2024-10-14,AZE,SVK,SVK,Lukáš Haraslín,75.0,False,False,20241014_AZE_SVK
2024-10-14,AZE,SVK,SVK,Dávid Ďuriš,86.0,False,False,20241014_AZE_SVK
2024-10-14,BEL,FRA,FRA,Randal Kolo Muani,35.0,False,True,20241014_BEL_FRA
2024-10-14,BEL,FRA,BEL,Loïs Openda,45.0,False,False,20241014_BEL_FRA
2024-10-14,BEL,FRA,FRA,Randal Kolo Muani,62.0,False,False,20241014_BEL_FRA
2024-10-14,BIH,HUN,HUN,Dominik Szoboszlai,38.0,False,False,20241014_BIH_HUN
2024-10-14,BIH,HUN,HUN,Dominik Szoboszlai,50.0,False,True,20241014_BIH_HUN
2024-10-14,EST,SWE,SWE,Sebastian Nanasi,29.0,False,False,20241014_EST_SWE
2024-10-14,EST,SWE,SWE,Sebastian Nanasi,37.0,False,False,20241014_EST_SWE
2024-10-14,EST,SWE,SWE,Viktor Gyökeres,66.0,False,False,20241014_EST_SWE
2024-10-14,GEO,ALB,ALB,Kristjan Asllani,48.0,False,False,20241014_GEO_ALB
2024-10-14,GER,NED,GER,Jamie Leweling,64.0,False,False,20241014_GER_NED
2024-10-14,ISL,TUR,ISL,Orri Óskarsson,3.0,False,False,20241014_ISL_TUR
2024-10-14,ISL,TUR,TUR,İrfan Kahveci,62.0,False,False,20241014_ISL_TUR
2024-10-14,ISL,TUR,TUR,Hakan Çalhanoğlu,67.0,False,True,20241014_ISL_TUR
2024-10-14,ISL,TUR,ISL,Andri Guðjohnsen,83.0,False,False,20241014_ISL_TUR
2024-10-14,ISL,TUR,TUR,Arda Güler,88.0,False,False,20241014_ISL_TUR
2024-10-14,ISL,TUR,TUR,Kerem Aktürkoğlu,90.0,False,False,20241014_ISL_TUR
2024-10-14,ITA,ISR,ITA,Mateo Retegui,41.0,False,True,20241014_ITA_ISR
2024-10-14,ITA,ISR,ITA,Giovanni Di Lorenzo,54.0,False,False,20241014_ITA_ISR
2024-10-14,ITA,ISR,ISR,Mohammad Abu Fani,66.0,False,False,20241014_ITA_ISR
2024-10-14,ITA,ISR,ITA,Davide Frattesi,72.0,False,False,20241014_ITA_ISR
2024-10-14,ITA,ISR,ITA,Giovanni Di Lorenzo,79.0,False,False,20241014_ITA_ISR
2024-10-14,UKR,CZE,CZE,Lukáš Červ,18.0,False,False,20241014_UKR_CZE
2024-10-14,UKR,CZE,UKR,Artem Dovbyk,52.0,False,True,20241014_UKR_CZE
2024-10-14,WAL,MNE,WAL,Harry Wilson,36.0,False,True,20241014_WAL_MNE
2024-10-15,ARG,BOL,ARG,Lionel Messi,19.0,False,False,20241015_ARG_BOL
2024-10-15,ARG,BOL,ARG,Lautaro Martínez,43.0,False,False,20241015_ARG_BOL
2024-10-15,ARG,BOL,ARG,Julián Alvarez,45.0,False,False,20241015_ARG_BOL
2024-10-15,ARG,BOL,ARG,Thiago Almada,69.0,False,False,20241015_ARG_BOL
2024-10-15,ARG,BOL,ARG,Lionel Messi,84.0,False,False,20241015_ARG_BOL
2024-10-15,ARG,BOL,ARG,Lionel Messi,86.0,False,False,20241015_ARG_BOL
2024-10-15,BLR,LUX,BLR,Sergei Politevich,54.0,False,False,20241015_BLR_LUX
2024-10-15,BLR,LUX,LUX,Gerson Rodrigues,78.0,False,True,20241015_BLR_LUX
2024-10-15,BRA,PER,BRA,Raphinha,38.0,False,True,20241015_BRA_PER
2024-10-15,BRA,PER,BRA,Raphinha,54.0,False,True,20241015_BRA_PER
2024-10-15,BRA,PER,BRA,Andreas Pereira,71.0,False,False,20241015_BRA_PER
2024-10-15,BRA,PER,BRA,Luiz Henrique,74.0,False,False,20241015_BRA_PER
2024-10-15,CHN,IDN,CHN,Behram Abduweli,21.0,False,False,20241015_CHN_IDN
2024-10-15,CHN,IDN,CHN,Zhang Yuning,44.0,False,False,20241015_CHN_IDN
2024-10-15,CHN,IDN,IDN,Thom Haye,86.0,False,False,20241015_CHN_IDN
2024-10-15,COL,CHI,COL,Davinson Sánchez,34.0,False,False,20241015_COL_CHI
2024-10-15,COL,CHI,COL,Luis Díaz,52.0,False,False,20241015_COL_CHI
2024-10-15,COL,CHI,COL,Jhon Durán,84.0,False,False,20241015_COL_CHI
2024-10-15,COL,CHI,COL,Luis Sinisterra,90.0,False,False,20241015_COL_CHI
2024-10-15,IRN,QAT,QAT,Almoez Ali,17.0,False,False,20241015_IRN_QAT
2024-10-15,IRN,QAT,IRN,Sardar Azmoun,42.0,False,False,20241015_IRN_QAT
2024-10-15,IRN,QAT,IRN,Sardar Azmoun,48.0,False,False,20241015_IRN_QAT
2024-10-15,IRN,QAT,IRN,Mohammad Mohebi,65.0,False,False,20241015_IRN_QAT
2024-10-15,IRN,QAT,IRN,Ismaeel Mohammad,90.0,True,False,20241015_IRN_QAT
2024-10-15,JPN,AUS,AUS,Shogo Taniguchi,58.0,True,False,20241015_JPN_AUS
2024-10-15,JPN,AUS,JPN,Cameron Burgess,76.0,True,False,20241015_JPN_AUS
2024-10-15,JOR,OMA,JOR,Yazan Al-Naimat,26.0,False,False,20241015_JOR_OMA
2024-10-15,JOR,OMA,JOR,Ali Olwan,49.0,False,True,20241015_JOR_OMA
2024-10-15,JOR,OMA,JOR,Yazan Al-Naimat,54.0,False,False,20241015_JOR_OMA
2024-10-15,JOR,OMA,JOR,Ali Olwan,87.0,False,False,20241015_JOR_OMA
2024-10-15,KVX,CYP,KVX,Amir Rrahmani,30.0,False,False,20241015_KVX_CYP
2024-10-15,KVX,CYP,KVX,Ermal Krasniqi,52.0,False,False,20241015_KVX_CYP
2024-10-15,KVX,CYP,KVX,Emir Sahiti,70.0,False,False,20241015_KVX_CYP
2024-10-15,KGZ,PRK,KGZ,Khristiyan Brauzman,11.0,False,False,20241015_KGZ_PRK
2024-10-15,LTU,ROU,LTU,Armandas Kučys,7.0,False,True,20241015_LTU_ROU
2024-10-15,LTU,ROU,ROU,Răzvan Marin,18.0,False,True,20241015_LTU_ROU
2024-10-15,LTU,ROU,ROU,Denis Drăguș,65.0,False,False,20241015_LTU_ROU
2024-10-15,NIR,BUL,NIR,Isaac Price,15.0,False,False,20241015_NIR_BUL
2024-10-15,NIR,BUL,NIR,Isaac Price,29.0,False,False,20241015_NIR_BUL
2024-10-15,NIR,BUL,NIR,Dimitar Mitov,32.0,True,False,20241015_NIR_BUL
2024-10-15,NIR,BUL,NIR,Isaac Price,81.0,False,False,20241015_NIR_BUL
2024-10-15,NIR,BUL,NIR,Josh Magennis,89.0,False,False,20241015_NIR_BUL
2024-10-15,PLE,KUW,KUW,Yousef Nasser,31.0,False,True,20241015_PLE_KUW
2024-10-15,PLE,KUW,PLE,Wessam Abou Ali,41.0,False,True,20241015_PLE_KUW
2024-10-15,PLE,KUW,KUW,Yousef Nasser,80.0,False,False,20241015_PLE_KUW
2024-10-15,PLE,KUW,PLE,Zaid Qunbar,90.0,False,False,20241015_PLE_KUW
2024-10-15,PAR,VEN,VEN,Jon Aramburu,25.0,False,False,20241015_PAR_VEN
2024-10-15,PAR,VEN,PAR,Antonio Sanabria,59.0,False,False,20241015_PAR_VEN
2024-10-15,PAR,VEN,PAR,Antonio Sanabria,74.0,False,False,20241015_PAR_VEN
2024-10-15,POL,CRO,POL,Piotr Zieliński,5.0,False,False,20241015_POL_CRO
2024-10-15,POL,CRO,CRO,Borna Sosa,19.0,False,False,20241015_POL_CRO
2024-10-15,POL,CRO,CRO,Petar Sučić,24.0,False,False,20241015_POL_CRO
2024-10-15,POL,CRO,CRO,Martin Baturina,26.0,False,False,20241015_POL_CRO
2024-10-15,POL,CRO,POL,Nicola Zalewski,45.0,False,False,20241015_POL_CRO
2024-10-15,POL,CRO,POL,Sebastian Szymański,68.0,False,False,20241015_POL_CRO
2024-10-15,KOR,IRQ,KOR,Oh Se-hun,41.0,False,False,20241015_KOR_IRQ
2024-10-15,KOR,IRQ,IRQ,Aymen Hussein,50.0,False,False,20241015_KOR_IRQ
2024-10-15,KOR,IRQ,KOR,Oh Hyeon-gyu,74.0,False,False,20241015_KOR_IRQ
2024-10-15,KOR,IRQ,KOR,Lee Jae-sung,83.0,False,False,20241015_KOR_IRQ
2024-10-15,KOR,IRQ,IRQ,Ibrahim Bayesh,90.0,False,False,20241015_KOR_IRQ
2024-10-15,ESP,SRB,ESP,Aymeric Laporte,5.0,False,False,20241015_ESP_SRB
2024-10-15,ESP,SRB,ESP,Álvaro Morata,65.0,False,False,20241015_ESP_SRB
2024-10-15,ESP,SRB,ESP,Álex Baena,77.0,False,False,20241015_ESP_SRB
2024-10-15,SUI,DEN,SUI,Remo Freuler,26.0,False,False,20241015_SUI_DEN
2024-10-15,SUI,DEN,DEN,Gustav Isaksen,27.0,False,False,20241015_SUI_DEN
2024-10-15,SUI,DEN,SUI,Zeki Amdouni,45.0,False,True,20241015_SUI_DEN
2024-10-15,SUI,DEN,DEN,Christian Eriksen,69.0,False,False,20241015_SUI_DEN
2024-10-15,UZB,UAE,UZB,Otabek Shukurov,76.0,False,True,20241015_UZB_UAE
2024-11-14,ARM,FRO,FRO,Viljormur Davidsen,33.0,False,True,20241114_ARM_FRO
2024-11-14,BHR,CHN,CHN,Zhang Yuning,90.0,False,False,20241114_BHR_CHN
2024-11-14,BEL,ITA,ITA,Sandro Tonali,11.0,False,False,20241114_BEL_ITA
2024-11-14,ECU,BOL,ECU,Enner Valencia,26.0,False,True,20241114_ECU_BOL
2024-11-14,ECU,BOL,ECU,Gonzalo Plata,28.0,False,False,20241114_ECU_BOL
2024-11-14,ECU,BOL,ECU,Gonzalo Plata,49.0,False,False,20241114_ECU_BOL
2024-11-14,ECU,BOL,ECU,Alan Minda,61.0,False,False,20241114_ECU_BOL
2024-11-14,GRE,ENG,ENG,Ollie Watkins,7.0,False,False,20241114_GRE_ENG
2024-11-14,GRE,ENG,ENG,Odisseas Vlachodimos,78.0,True,False,20241114_GRE_ENG
2024-11-14,GRE,ENG,ENG,Curtis Jones,83.0,False,False,20241114_GRE_ENG
2024-11-14,KAZ,AUT,AUT,Christoph Baumgartner,15.0,False,False,20241114_KAZ_AUT
2024-11-14,KAZ,AUT,AUT,Michael Gregoritsch,25.0,False,False,20241114_KAZ_AUT
2024-11-14,KUW,KOR,KOR,Oh Se-hun,10.0,False,False,20241114_KUW_KOR
2024-11-14,KUW,KOR,KOR,Son Heung-min,19.0,False,True,20241114_KUW_KOR
2024-11-14,KUW,KOR,KUW,Mohammad Daham,60.0,False,False,20241114_KUW_KOR
2024-11-14,KUW,KOR,KOR,Bae Jun-ho,74.0,False,False,20241114_KUW_KOR
2024-11-14,PRK,IRN,IRN,Mehdi Ghayedi,29.0,False,False,20241114_PRK_IRN
2024-11-14,PRK,IRN,IRN,Mohammad Mohebi,41.0,False,False,20241114_PRK_IRN
2024-11-14,PRK,IRN,IRN,Mohammad Mohebi,45.0,False,False,20241114_PRK_IRN
2024-11-14,PRK,IRN,PRK,Mehdi Taremi,56.0,True,False,20241114_PRK_IRN
2024-11-14,PRK,IRN,PRK,Kim Yu-song,59.0,False,False,20241114_PRK_IRN
2024-11-14,MKD,LVA,MKD,Nikola Serafimov,57.0,False,False,20241114_MKD_LVA
2024-11-14,OMA,PLE,OMA,Muhsen Al-Ghassani,83.0,False,False,20241114_OMA_PLE
2024-11-14,PNG,FIJ,PNG,Joseph Joe,2.0,False,False,20241114_PNG_FIJ
2024-11-14,PNG,FIJ,FIJ,Thomas Dunn,42.0,False,False,20241114_PNG_FIJ
2024-11-14,PNG,FIJ,PNG,Ati Kepo,45.0,False,False,20241114_PNG_FIJ
2024-11-14,PNG,FIJ,FIJ,Roy Krishna,54.0,False,True,20241114_PNG_FIJ
2024-11-14,PNG,FIJ,PNG,Raymond Gunemba,90.0,False,False,20241114_PNG_FIJ
2024-11-14,PNG,FIJ,FIJ,Merrill Nand,90.0,False,False,20241114_PNG_FIJ
2024-11-14,PAR,ARG,ARG,Lautaro Martínez,11.0,False,False,20241114_PAR_ARG
2024-11-14,PAR,ARG,PAR,Antonio Sanabria,19.0,False,False,20241114_PAR_ARG
2024-11-14,PAR,ARG,PAR,Omar Alderete,47.0,False,False,20241114_PAR_ARG
2024-11-14,QAT,UZB,QAT,Almoez Ali,25.0,False,False,20241114_QAT_UZB
2024-11-14,QAT,UZB,QAT,Almoez Ali,41.0,False,False,20241114_QAT_UZB
2024-11-14,QAT,UZB,UZB,Abbosbek Fayzullaev,75.0,False,False,20241114_QAT_UZB
2024-11-14,QAT,UZB,UZB,Abbosbek Fayzullaev,80.0,False,False,20241114_QAT_UZB
2024-11-14,QAT,UZB,QAT,Lucas Mendes,90.0,False,False,20241114_QAT_UZB
2024-11-14,IRL,FIN,IRL,Evan Ferguson,45.0,False,False,20241114_IRL_FIN
2024-11-14,SVN,NOR,NOR,Antonio Nusa,4.0,False,False,20241114_SVN_NOR
2024-11-14,SVN,NOR,SVN,Benjamin Šeško,21.0,False,True,20241114_SVN_NOR
2024-11-14,SVN,NOR,NOR,Erling Haaland,45.0,False,False,20241114_SVN_NOR
2024-11-14,SVN,NOR,NOR,Antonio Nusa,59.0,False,False,20241114_SVN_NOR
2024-11-14,SVN,NOR,NOR,Jens Petter Hauge,82.0,False,False,20241114_SVN_NOR
2024-11-14,SOL,NCL,NCL,Joseph Athale,6.0,False,True,20241114_SOL_NCL
2024-11-14,SOL,NCL,SOL,Raphael Lea'i,9.0,False,False,20241114_SOL_NCL
2024-11-14,SOL,NCL,SOL,Javin Alick,39.0,False,False,20241114_SOL_NCL
2024-11-14,SOL,NCL,NCL,Joseph Athale,59.0,False,True,20241114_SOL_NCL
2024-11-14,SOL,NCL,NCL,Gérard Waia,69.0,False,False,20241114_SOL_NCL
2024-11-14,UAE,KGZ,UAE,Harib Abdalla,15.0,False,False,20241114_UAE_KGZ
2024-11-14,UAE,KGZ,UAE,Marcus Meloni,35.0,False,False,20241114_UAE_KGZ
2024-11-14,UAE,KGZ,UAE,Harib Abdalla,89.0,False,False,20241114_UAE_KGZ
2024-11-14,VEN,BRA,BRA,Raphinha,43.0,False,False,20241114_VEN_BRA
2024-11-14,VEN,BRA,VEN,Telasco Segovia,46.0,False,False,20241114_VEN_BRA
2024-11-15,CYP,LTU,CYP,Grigoris Kastanos,18.0,False,False,20241115_CYP_LTU
2024-11-15,CYP,LTU,LTU,Gvidas Gineitis,47.0,False,False,20241115_CYP_LTU
2024-11-15,CYP,LTU,CYP,Marinos Tzionis,63.0,False,False,20241115_CYP_LTU
2024-11-15,DEN,ESP,ESP,Mikel Oyarzabal,15.0,False,False,20241115_DEN_ESP
2024-11-15,DEN,ESP,ESP,Ayoze Pérez,58.0,False,False,20241115_DEN_ESP
2024-11-15,DEN,ESP,DEN,Gustav Isaksen,84.0,False,False,20241115_DEN_ESP
2024-11-15,IDN,JPN,JPN,Justin Hubner,35.0,True,False,20241115_IDN_JPN
2024-11-15,IDN,JPN,JPN,Takumi Minamino,40.0,False,False,20241115_IDN_JPN
2024-11-15,IDN,JPN,JPN,Hidemasa Morita,49.0,False,False,20241115_IDN_JPN
2024-11-15,IDN,JPN,JPN,Yukinari Sugawara,69.0,False,False,20241115_IDN_JPN
2024-11-15,LUX,BUL,BUL,Andrian Kraev,23.0,False,False,20241115_LUX_BUL
2024-11-15,NZL,VAN,NZL,Matthew Garbett,11.0,False,False,20241115_NZL_VAN
2024-11-15,NZL,VAN,VAN,Jordy Tasip,17.0,False,False,20241115_NZL_VAN
2024-11-15,NZL,VAN,NZL,Chris Wood,23.0,False,False,20241115_NZL_VAN
2024-11-15,NZL,VAN,NZL,Chris Wood,24.0,False,False,20241115_NZL_VAN
2024-11-15,NZL,VAN,NZL,Tyler Bindon,32.0,False,False,20241115_NZL_VAN
2024-11-15,NZL,VAN,NZL,Brian Kaltak,38.0,True,False,20241115_NZL_VAN
2024-11-15,NZL,VAN,NZL,Elijah Just,74.0,False,False,20241115_NZL_VAN
2024-11-15,NZL,VAN,NZL,Sarpreet Singh,82.0,False,False,20241115_NZL_VAN
2024-11-15,NZL,VAN,NZL,Callum McCowatt,89.0,False,False,20241115_NZL_VAN
2024-11-15,NIR,BLR,NIR,Daniel Ballard,50.0,False,False,20241115_NIR_BLR
2024-11-15,NIR,BLR,NIR,Dion Charles,63.0,False,True,20241115_NIR_BLR
2024-11-15,POR,POL,POR,Rafael Leão,59.0,False,False,20241115_POR_POL
2024-11-15,POR,POL,POR,Cristiano Ronaldo,72.0,False,True,20241115_POR_POL
2024-11-15,POR,POL,POR,Bruno Fernandes,80.0,False,False,20241115_POR_POL
2024-11-15,POR,POL,POR,Pedro Neto,83.0,False,False,20241115_POR_POL
2024-11-15,POR,POL,POR,Cristiano Ronaldo,87.0,False,False,20241115_POR_POL
2024-11-15,POR,POL,POL,Dominik Marczuk,88.0,False,False,20241115_POR_POL
2024-11-15,Samoa,TAH,TAH,Eddy Kaspard,59.0,False,False,20241115_Samoa_TAH
2024-11-15,Samoa,TAH,TAH,Benoît Mathon,65.0,False,False,20241115_Samoa_TAH
2024-11-15,Samoa,TAH,TAH,Teaonui Tehau,87.0,False,False,20241115_Samoa_TAH
2024-11-15,SMR,GIB,GIB,Liam Walker,11.0,False,True,20241115_SMR_GIB
2024-11-15,SMR,GIB,SMR,Nicola Nanni,90.0,False,True,20241115_SMR_GIB
2024-11-15,SCO,CRO,SCO,John McGinn,86.0,False,False,20241115_SCO_CRO
2024-11-15,SUI,SRB,SUI,Zeki Amdouni,78.0,False,False,20241115_SUI_SRB
2024-11-15,SUI,SRB,SRB,Aleksa Terzić,88.0,False,False,20241115_SUI_SRB
2024-11-15,URU,COL,COL,Juan Fernando Quintero,31.0,False,False,20241115_URU_COL
2024-11-15,URU,COL,URU,Davinson Sánchez,57.0,True,False,20241115_URU_COL
2024-11-15,URU,COL,URU,Rodrigo Aguirre,60.0,False,False,20241115_URU_COL
2024-11-15,URU,COL,URU,Manuel Ugarte,90.0,False,False,20241115_URU_COL
2024-11-15,URU,COL,COL,Andrés Gómez,90.0,False,False,20241115_URU_COL
2024-11-16,AND,MDA,MDA,Virgiliu Postolachi,90.0,False,False,20241116_AND_MDA
2024-11-16,GEO,UKR,UKR,Solomon Kverkvelia,7.0,True,False,20241116_GEO_UKR
2024-11-16,GEO,UKR,GEO,Georges Mikautadze,76.0,False,False,20241116_GEO_UKR
2024-11-16,GER,BIH,GER,Jamal Musiala,2.0,False,False,20241116_GER_BIH
2024-11-16,GER,BIH,GER,Tim Kleindienst,23.0,False,False,20241116_GER_BIH
2024-11-16,GER,BIH,GER,Kai Havertz,37.0,False,False,20241116_GER_BIH
2024-11-16,GER,BIH,GER,Florian Wirtz,50.0,False,False,20241116_GER_BIH
2024-11-16,GER,BIH,GER,Florian Wirtz,57.0,False,False,20241116_GER_BIH
2024-11-16,GER,BIH,GER,Leroy Sané,66.0,False,False,20241116_GER_BIH
2024-11-16,GER,BIH,GER,Tim Kleindienst,79.0,False,False,20241116_GER_BIH
2024-11-16,MNE,ISL,ISL,Orri Óskarsson,74.0,False,False,20241116_MNE_ISL
2024-11-16,MNE,ISL,ISL,Ísak Bergmann Jóhannesson,88.0,False,False,20241116_MNE_ISL
2024-11-16,NED,HUN,NED,Wout Weghorst,21.0,False,True,20241116_NED_HUN
2024-11-16,NED,HUN,NED,Cody Gakpo,45.0,False,True,20241116_NED_HUN
2024-11-16,NED,HUN,NED,Denzel Dumfries,64.0,False,False,20241116_NED_HUN
2024-11-16,NED,HUN,NED,Teun Koopmeiners,86.0,False,False,20241116_NED_HUN
2024-11-16,SWE,SVK,SWE,Viktor Gyökeres,3.0,False,False,20241116_SWE_SVK
2024-11-16,SWE,SVK,SVK,Dávid Hancko,19.0,False,False,20241116_SWE_SVK
2024-11-16,SWE,SVK,SWE,Alexander Isak,48.0,False,False,20241116_SWE_SVK
2024-11-17,AUT,SVN,AUT,Romano Schmid,27.0,False,False,20241117_AUT_SVN
2024-11-17,AUT,SVN,SVN,Adam Gnezda Čerin,81.0,False,False,20241117_AUT_SVN
2024-11-17,ENG,IRL,ENG,Harry Kane,53.0,False,True,20241117_ENG_IRL
2024-11-17,ENG,IRL,ENG,Anthony Gordon,56.0,False,False,20241117_ENG_IRL
2024-11-17,ENG,IRL,ENG,Conor Gallagher,58.0,False,False,20241117_ENG_IRL
2024-11-17,ENG,IRL,ENG,Jarrod Bowen,76.0,False,False,20241117_ENG_IRL
2024-11-17,ENG,IRL,ENG,Taylor Harwood-Bellis,79.0,False,False,20241117_ENG_IRL
2024-11-17,FIJ,NCL,FIJ,Roy Krishna,45.0,False,True,20241117_FIJ_NCL
2024-11-17,FIJ,NCL,NCL,Jean-Jacques Katrawa,59.0,False,False,20241117_FIJ_NCL
2024-11-17,FIN,GRE,GRE,Anastasios Bakasetas,52.0,False,False,20241117_FIN_GRE
2024-11-17,FIN,GRE,GRE,Christos Tzolis,56.0,False,False,20241117_FIN_GRE
2024-11-17,ISR,BEL,ISR,Yarden Shua,86.0,False,False,20241117_ISR_BEL
2024-11-17,ITA,FRA,FRA,Adrien Rabiot,2.0,False,False,20241117_ITA_FRA
2024-11-17,ITA,FRA,FRA,Guglielmo Vicario,33.0,True,False,20241117_ITA_FRA
2024-11-17,ITA,FRA,ITA,Andrea Cambiaso,35.0,False,False,20241117_ITA_FRA
2024-11-17,ITA,FRA,FRA,Adrien Rabiot,65.0,False,False,20241117_ITA_FRA
2024-11-17,LVA,ARM,ARM,Eduard Spertsyan,48.0,False,False,20241117_LVA_ARM
2024-11-17,LVA,ARM,LVA,Roberts Uldriķis,70.0,False,False,20241117_LVA_ARM
2024-11-17,LVA,ARM,ARM,Artur Miranyan,74.0,False,False,20241117_LVA_ARM
2024-11-17,MKD,FRO,MKD,Bojan Miovski,62.0,False,False,20241117_MKD_FRO
2024-11-17,NOR,KAZ,NOR,Erling Haaland,23.0,False,False,20241117_NOR_KAZ
2024-11-17,NOR,KAZ,NOR,Erling Haaland,37.0,False,False,20241117_NOR_KAZ
2024-11-17,NOR,KAZ,NOR,Alexander Sørloth,41.0,False,False,20241117_NOR_KAZ
2024-11-17,NOR,KAZ,NOR,Erling Haaland,71.0,False,False,20241117_NOR_KAZ
2024-11-17,NOR,KAZ,NOR,Antonio Nusa,76.0,False,False,20241117_NOR_KAZ
2024-11-17,PNG,SOL,SOL,Junior David,41.0,False,False,20241117_PNG_SOL
2024-11-17,PNG,SOL,SOL,Micah Lea'alafa,68.0,False,False,20241117_PNG_SOL
2024-11-17,PNG,SOL,PNG,Tommy Semmy,90.0,False,False,20241117_PNG_SOL
2024-11-18,BUL,BLR,BUL,Vasil Panayotov,12.0,False,False,20241118_BUL_BLR
2024-11-18,BUL,BLR,BLR,Yury Kavalyow,70.0,False,False,20241118_BUL_BLR
2024-11-18,CRO,POR,POR,João Félix,33.0,False,False,20241118_CRO_POR
2024-11-18,CRO,POR,CRO,Joško Gvardiol,65.0,False,False,20241118_CRO_POR
2024-11-18,KVX,LTU,KVX,Muharrem Jashari,5.0,False,False,20241118_KVX_LTU
2024-11-18,LIE,SMR,LIE,Aron Sele,40.0,False,False,20241118_LIE_SMR
2024-11-18,LIE,SMR,SMR,Lorenzo Lazzari,46.0,False,False,20241118_LIE_SMR
2024-11-18,LIE,SMR,SMR,Nicola Nanni,66.0,False,True,20241118_LIE_SMR
2024-11-18,LIE,SMR,SMR,Alessandro Golinucci,76.0,False,False,20241118_LIE_SMR
2024-11-18,LUX,NIR,NIR,Isaac Price,19.0,False,False,20241118_LUX_NIR
2024-11-18,LUX,NIR,NIR,Conor Bradley,50.0,False,False,20241118_LUX_NIR
2024-11-18,LUX,NIR,LUX,Seid Korać,72.0,False,False,20241118_LUX_NIR
2024-11-18,LUX,NIR,LUX,Gerson Rodrigues,75.0,False,False,20241118_LUX_NIR
2024-11-18,NZL,Samoa,NZL,Callum McCowatt,24.0,False,False,20241118_NZL_Samoa
2024-11-18,NZL,Samoa,NZL,Chris Wood,28.0,False,False,20241118_NZL_Samoa
2024-11-18,NZL,Samoa,NZL,Chris Wood,34.0,False,False,20241118_NZL_Samoa
2024-11-18,NZL,Samoa,NZL,Chris Wood,60.0,False,False,20241118_NZL_Samoa
2024-11-18,NZL,Samoa,NZL,Marko Stamenić,62.0,False,False,20241118_NZL_Samoa
2024-11-18,NZL,Samoa,NZL,Francis de Vries,75.0,False,False,20241118_NZL_Samoa
2024-11-18,NZL,Samoa,NZL,Elijah Just,87.0,False,False,20241118_NZL_Samoa
2024-11-18,NZL,Samoa,NZL,Ben Waine,90.0,False,True,20241118_NZL_Samoa
2024-11-18,POL,SCO,SCO,John McGinn,3.0,False,False,20241118_POL_SCO
2024-11-18,POL,SCO,POL,Kamil Piątkowski,59.0,False,False,20241118_POL_SCO
2024-11-18,POL,SCO,SCO,Andy Robertson,90.0,False,False,20241118_POL_SCO
2024-11-18,ROU,CYP,ROU,Daniel Bîrligea,2.0,False,False,20241118_ROU_CYP
2024-11-18,ROU,CYP,ROU,Răzvan Marin,41.0,False,False,20241118_ROU_CYP
2024-11-18,ROU,CYP,CYP,Ioannis Pittas,52.0,False,False,20241118_ROU_CYP
2024-11-18,ROU,CYP,ROU,Răzvan Marin,80.0,False,False,20241118_ROU_CYP
2024-11-18,ROU,CYP,ROU,Florinel Coman,83.0,False,False,20241118_ROU_CYP
2024-11-18,ESP,SUI,ESP,Yeremy Pino,32.0,False,False,20241118_ESP_SUI
2024-11-18,ESP,SUI,SUI,Joël Monteiro,63.0,False,False,20241118_ESP_SUI
2024-11-18,ESP,SUI,ESP,Bryan Gil,68.0,False,False,20241118_ESP_SUI
2024-11-18,ESP,SUI,SUI,Andi Zeqiri,85.0,False,True,20241118_ESP_SUI
2024-11-18,ESP,SUI,ESP,Bryan Zaragoza,90.0,False,True,20241118_ESP_SUI
2024-11-18,TAH,VAN,TAH,Johnathan Spokeyjack,8.0,True,False,20241118_TAH_VAN
2024-11-18,TAH,VAN,TAH,Benoît Mathon,67.0,False,True,20241118_TAH_VAN
2024-11-19,ALB,UKR,UKR,Oleksandr Zinchenko,5.0,False,False,20241119_ALB_UKR
2024-11-19,ALB,UKR,UKR,Roman Yaremchuk,10.0,False,False,20241119_ALB_UKR
2024-11-19,ALB,UKR,ALB,Nedim Bajrami,75.0,False,True,20241119_ALB_UKR
2024-11-19,ARG,PER,ARG,Lautaro Martínez,55.0,False,False,20241119_ARG_PER
2024-11-19,BHR,AUS,AUS,Kusini Yengi,1.0,False,False,20241119_BHR_AUS
2024-11-19,BHR,AUS,BHR,Mahdi Abduljabbar,75.0,False,False,20241119_BHR_AUS
2024-11-19,BHR,AUS,BHR,Mahdi Abduljabbar,77.0,False,False,20241119_BHR_AUS
2024-11-19,BHR,AUS,AUS,Kusini Yengi,90.0,False,False,20241119_BHR_AUS
2024-11-19,BOL,PAR,BOL,Ervin Vaca,15.0,False,False,20241119_BOL_PAR
2024-11-19,BOL,PAR,PAR,Miguel Almirón,71.0,False,False,20241119_BOL_PAR
2024-11-19,BOL,PAR,BOL,Miguel Terceros,80.0,False,True,20241119_BOL_PAR
2024-11-19,BOL,PAR,PAR,Julio Enciso,90.0,False,False,20241119_BOL_PAR
2024-11-19,BIH,NED,NED,Brian Brobbey,24.0,False,False,20241119_BIH_NED
2024-11-19,BIH,NED,BIH,Ermedin Demirović,67.0,False,False,20241119_BIH_NED
2024-11-19,BRA,URU,URU,Federico Valverde,55.0,False,False,20241119_BRA_URU
2024-11-19,BRA,URU,BRA,Gerson,62.0,False,False,20241119_BRA_URU
2024-11-19,CHI,VEN,VEN,Jefferson Savarino,13.0,False,False,20241119_CHI_VEN
2024-11-19,CHI,VEN,CHI,Eduardo Vargas,20.0,False,False,20241119_CHI_VEN
2024-11-19,CHI,VEN,VEN,Rubén Ramírez,22.0,False,False,20241119_CHI_VEN
2024-11-19,CHI,VEN,CHI,Tomás Rincón,29.0,True,False,20241119_CHI_VEN
2024-11-19,CHI,VEN,CHI,Lucas Cepeda,38.0,False,False,20241119_CHI_VEN
2024-11-19,CHI,VEN,CHI,Lucas Cepeda,47.0,False,False,20241119_CHI_VEN
2024-11-19,CHN,JPN,JPN,Kōki Ogawa,39.0,False,False,20241119_CHN_JPN
2024-11-19,CHN,JPN,JPN,Ko Itakura,45.0,False,False,20241119_CHN_JPN
2024-11-19,CHN,JPN,CHN,Lin Liangming,48.0,False,False,20241119_CHN_JPN
2024-11-19,CHN,JPN,JPN,Kōki Ogawa,54.0,False,False,20241119_CHN_JPN
2024-11-19,COL,ECU,ECU,Enner Valencia,7.0,False,False,20241119_COL_ECU
2024-11-19,CZE,GEO,CZE,Pavel Šulc,3.0,False,False,20241119_CZE_GEO
2024-11-19,CZE,GEO,CZE,Adam Hložek,24.0,False,False,20241119_CZE_GEO
2024-11-19,CZE,GEO,GEO,Georges Mikautadze,60.0,False,False,20241119_CZE_GEO
2024-11-19,HUN,GER,GER,Felix Nmecha,76.0,False,False,20241119_HUN_GER
2024-11-19,HUN,GER,HUN,Dominik Szoboszlai,90.0,False,True,20241119_HUN_GER
2024-11-19,IDN,KSA,IDN,Marselino Ferdinan,32.0,False,False,20241119_IDN_KSA
2024-11-19,IDN,KSA,IDN,Marselino Ferdinan,57.0,False,False,20241119_IDN_KSA
2024-11-19,KUW,JOR,JOR,Yazan Al-Naimat,21.0,False,False,20241119_KUW_JOR
2024-11-19,KUW,JOR,KUW,Mohammad Daham,68.0,False,False,20241119_KUW_JOR
2024-11-19,KGZ,IRN,IRN,Mehdi Taremi,12.0,False,False,20241119_KGZ_IRN
2024-11-19,KGZ,IRN,IRN,Saleh Hardani,33.0,False,False,20241119_KGZ_IRN
2024-11-19,KGZ,IRN,KGZ,Joel Kojo,51.0,False,False,20241119_KGZ_IRN
2024-11-19,KGZ,IRN,KGZ,Joel Kojo,64.0,False,True,20241119_KGZ_IRN
2024-11-19,KGZ,IRN,IRN,Sardar Azmoun,76.0,False,False,20241119_KGZ_IRN
2024-11-19,MNE,TUR,MNE,Nikola Krstović,29.0,False,False,20241119_MNE_TUR
2024-11-19,MNE,TUR,TUR,Kenan Yıldız,37.0,False,False,20241119_MNE_TUR
2024-11-19,MNE,TUR,MNE,Nikola Krstović,45.0,False,False,20241119_MNE_TUR
2024-11-19,MNE,TUR,MNE,Nikola Krstović,73.0,False,False,20241119_MNE_TUR
2024-11-19,PRK,UZB,UZB,Abbosbek Fayzullaev,44.0,False,False,20241119_PRK_UZB
2024-11-19,OMA,IRQ,IRQ,Youssef Amyn,36.0,False,False,20241119_OMA_IRQ
2024-11-19,PLE,KOR,PLE,Zaid Qunbar,12.0,False,False,20241119_PLE_KOR
2024-11-19,PLE,KOR,KOR,Son Heung-min,16.0,False,False,20241119_PLE_KOR
2024-11-19,SVK,EST,SVK,David Strelec,72.0,False,False,20241119_SVK_EST
2024-11-19,SWE,AZE,SWE,Dejan Kulusevski,10.0,False,False,20241119_SWE_AZE
2024-11-19,SWE,AZE,SWE,Viktor Gyökeres,26.0,False,False,20241119_SWE_AZE
2024-11-19,SWE,AZE,SWE,Viktor Gyökeres,37.0,False,False,20241119_SWE_AZE
2024-11-19,SWE,AZE,SWE,Dejan Kulusevski,57.0,False,False,20241119_SWE_AZE
2024-11-19,SWE,AZE,SWE,Viktor Gyökeres,58.0,False,False,20241119_SWE_AZE
2024-11-19,SWE,AZE,SWE,Viktor Gyökeres,70.0,False,False,20241119_SWE_AZE
2024-11-19,UAE,QAT,UAE,Fábio Lima,4.0,False,False,20241119_UAE_QAT
2024-11-19,UAE,QAT,UAE,Fábio Lima,45.0,False,True,20241119_UAE_QAT
2024-11-19,UAE,QAT,UAE,Fábio Lima,45.0,False,False,20241119_UAE_QAT
2024-11-19,UAE,QAT,UAE,Fábio Lima,56.0,False,True,20241119_UAE_QAT
2024-11-19,UAE,QAT,UAE,Yahya Al-Ghassani,73.0,False,False,20241119_UAE_QAT
2024-11-19,WAL,ISL,ISL,Andri Guðjohnsen,8.0,False,False,20241119_WAL_ISL
2024-11-19,WAL,ISL,WAL,Liam Cullen,32.0,False,False,20241119_WAL_ISL
2024-11-19,WAL,ISL,WAL,Liam Cullen,45.0,False,False,20241119_WAL_ISL
2024-11-19,WAL,ISL,WAL,Brennan Johnson,65.0,False,False,20241119_WAL_ISL
2024-11-19,WAL,ISL,WAL,Harry Wilson,79.0,False,False,20241119_WAL_ISL
2025-03-19,CTA,MAD,CTA,Hugo Gambor,9.0,False,False,20250319_CTA_MAD
2025-03-19,CTA,MAD,MAD,Rayan Raveloson,17.0,False,False,20250319_CTA_MAD
2025-03-19,CTA,MAD,MAD,Rayan Raveloson,21.0,False,False,20250319_CTA_MAD
2025-03-19,CTA,MAD,MAD,Arnaud Randrianantenaina,49.0,False,False,20250319_CTA_MAD
2025-03-19,CTA,MAD,MAD,Lalaïna Rafanomezantsoa,89.0,False,False,20250319_CTA_MAD
2025-03-19,LBR,TUN,TUN,Hazem Mastouri,4.0,False,False,20250319_LBR_TUN
2025-03-20,ARM,GEO,GEO,Giorgi Kochorashvili,32.0,False,False,20250320_ARM_GEO
2025-03-20,ARM,GEO,GEO,Georges Mikautadze,37.0,False,False,20250320_ARM_GEO
2025-03-20,ARM,GEO,GEO,Georges Mikautadze,59.0,False,False,20250320_ARM_GEO
2025-03-20,AUS,IDN,AUS,Martin Boyle,18.0,False,True,20250320_AUS_IDN
2025-03-20,AUS,IDN,AUS,Nishan Velupillay,20.0,False,False,20250320_AUS_IDN
2025-03-20,AUS,IDN,AUS,Jackson Irvine,34.0,False,False,20250320_AUS_IDN
2025-03-20,AUS,IDN,AUS,Lewis Miller,61.0,False,False,20250320_AUS_IDN
2025-03-20,AUS,IDN,IDN,Ole Romeny,78.0,False,False,20250320_AUS_IDN
2025-03-20,AUS,IDN,AUS,Jackson Irvine,90.0,False,False,20250320_AUS_IDN
2025-03-20,AUT,SRB,AUT,Michael Gregoritsch,37.0,False,False,20250320_AUT_SRB
2025-03-20,AUT,SRB,SRB,Lazar Samardžić,61.0,False,False,20250320_AUT_SRB
2025-03-20,BRA,COL,BRA,Raphinha,6.0,False,True,20250320_BRA_COL
2025-03-20,BRA,COL,COL,Luis Díaz,41.0,False,False,20250320_BRA_COL
2025-03-20,BRA,COL,BRA,Vinícius Júnior,90.0,False,False,20250320_BRA_COL
2025-03-20,BUL,IRL,BUL,Marin Petkov,6.0,False,False,20250320_BUL_IRL
2025-03-20,BUL,IRL,IRL,Finn Azaz,21.0,False,False,20250320_BUL_IRL
2025-03-20,BUL,IRL,IRL,Matt Doherty,42.0,False,False,20250320_BUL_IRL
2025-03-20,CPV,MRI,CPV,Yannick Semedo,84.0,False,False,20250320_CPV_MRI
2025-03-20,COM,MLI,MLI,Dorgeles Nene,20.0,False,False,20250320_COM_MLI
2025-03-20,COM,MLI,MLI,Kamory Doumbia,55.0,False,False,20250320_COM_MLI
2025-03-20,COM,MLI,MLI,Kamory Doumbia,63.0,False,False,20250320_COM_MLI
2025-03-20,CRO,FRA,CRO,Ante Budimir,26.0,False,False,20250320_CRO_FRA
2025-03-20,CRO,FRA,CRO,Ivan Perišić,45.0,False,False,20250320_CRO_FRA
2025-03-20,DEN,POR,DEN,Rasmus Højlund,78.0,False,False,20250320_DEN_POR
2025-03-20,GAB,SEY,GAB,Jim Allevinah,3.0,False,False,20250320_GAB_SEY
2025-03-20,GAB,SEY,GAB,Denis Bouanga,30.0,False,False,20250320_GAB_SEY
2025-03-20,GAB,SEY,GAB,Denis Bouanga,63.0,False,False,20250320_GAB_SEY
2025-03-20,GAM,KEN,GAM,Musa Barrow,55.0,False,False,20250320_GAM_KEN
2025-03-20,GAM,KEN,GAM,Yankuba Minteh,61.0,False,False,20250320_GAM_KEN
2025-03-20,GAM,KEN,KEN,Michael Olunga,69.0,False,True,20250320_GAM_KEN
2025-03-20,GAM,KEN,KEN,Mohammed Bajaber,75.0,False,False,20250320_GAM_KEN
2025-03-20,GAM,KEN,GAM,Musa Barrow,84.0,False,False,20250320_GAM_KEN
2025-03-20,GAM,KEN,KEN,William Wilson,90.0,False,False,20250320_GAM_KEN
2025-03-20,GRE,SCO,SCO,Scott McTominay,33.0,False,True,20250320_GRE_SCO
2025-03-20,IRN,UAE,IRN,Sardar Azmoun,45.0,False,False,20250320_IRN_UAE
2025-03-20,IRN,UAE,IRN,Mohammad Mohebi,70.0,False,False,20250320_IRN_UAE
2025-03-20,IRQ,KUW,KUW,Yousef Nasser,39.0,False,False,20250320_IRQ_KUW
2025-03-20,IRQ,KUW,KUW,Yousef Nasser,70.0,False,False,20250320_IRQ_KUW
2025-03-20,IRQ,KUW,IRQ,Akam Hashim,90.0,False,False,20250320_IRQ_KUW
2025-03-20,IRQ,KUW,IRQ,Ibrahim Bayesh,90.0,False,False,20250320_IRQ_KUW
2025-03-20,ITA,GER,ITA,Sandro Tonali,9.0,False,False,20250320_ITA_GER
2025-03-20,ITA,GER,GER,Tim Kleindienst,49.0,False,False,20250320_ITA_GER
2025-03-20,ITA,GER,GER,Leon Goretzka,76.0,False,False,20250320_ITA_GER
2025-03-20,JPN,BHR,JPN,Daichi Kamada,66.0,False,False,20250320_JPN_BHR
2025-03-20,JPN,BHR,JPN,Takefusa Kubo,87.0,False,False,20250320_JPN_BHR
2025-03-20,JOR,PLE,JOR,Yazan Al-Arab,3.0,False,False,20250320_JOR_PLE
2025-03-20,JOR,PLE,JOR,Abdallah Nasib,11.0,False,False,20250320_JOR_PLE
2025-03-20,JOR,PLE,PLE,Tamer Seyam,33.0,False,False,20250320_JOR_PLE
2025-03-20,JOR,PLE,JOR,Musa Al-Taamari,45.0,False,False,20250320_JOR_PLE
2025-03-20,KVX,ISL,KVX,Lumbardh Dellova,19.0,False,False,20250320_KVX_ISL
2025-03-20,KVX,ISL,ISL,Orri Óskarsson,22.0,False,False,20250320_KVX_ISL
2025-03-20,KVX,ISL,KVX,Elvis Rexhbeçaj,58.0,False,False,20250320_KVX_ISL
2025-03-20,LBY,ANG,LBY,Muaid Ellafi,74.0,False,False,20250320_LBY_ANG
2025-03-20,LBY,ANG,ANG,Fredy,90.0,False,False,20250320_LBY_ANG
2025-03-20,MWI,NAM,NAM,Prins Tjiueza,40.0,False,False,20250320_MWI_NAM
2025-03-20,MOZ,UGA,MOZ,Pepo Santos,3.0,False,False,20250320_MOZ_UGA
2025-03-20,MOZ,UGA,UGA,Muhammad Shaban,7.0,False,False,20250320_MOZ_UGA
2025-03-20,MOZ,UGA,MOZ,Pepo Santos,16.0,False,False,20250320_MOZ_UGA
2025-03-20,MOZ,UGA,MOZ,Stanley Ratifo,45.0,False,False,20250320_MOZ_UGA
2025-03-20,NED,ESP,ESP,Nico Williams,9.0,False,False,20250320_NED_ESP
2025-03-20,NED,ESP,NED,Cody Gakpo,28.0,False,False,20250320_NED_ESP
2025-03-20,NED,ESP,NED,Tijjani Reijnders,46.0,False,False,20250320_NED_ESP
2025-03-20,NED,ESP,ESP,Mikel Merino,90.0,False,False,20250320_NED_ESP
2025-03-20,PAR,CHI,PAR,Omar Alderete,60.0,False,False,20250320_PAR_CHI
2025-03-20,PER,BOL,PER,Andy Polo,37.0,False,False,20250320_PER_BOL
2025-03-20,PER,BOL,PER,Paolo Guerrero,45.0,False,False,20250320_PER_BOL
2025-03-20,PER,BOL,BOL,Miguel Terceros,58.0,False,True,20250320_PER_BOL
2025-03-20,PER,BOL,PER,Edison Flores,82.0,False,False,20250320_PER_BOL
2025-03-20,QAT,PRK,QAT,Akram Afif,17.0,False,False,20250320_QAT_PRK
2025-03-20,QAT,PRK,QAT,Ahmed Al Ganehi,23.0,False,False,20250320_QAT_PRK
2025-03-20,QAT,PRK,QAT,Kim Yu-song,34.0,True,False,20250320_QAT_PRK
2025-03-20,QAT,PRK,QAT,Ahmed Al-Rawi,56.0,False,False,20250320_QAT_PRK
2025-03-20,QAT,PRK,QAT,Ahmed Alaaeldin,66.0,False,False,20250320_QAT_PRK
2025-03-20,QAT,PRK,PRK,Pak Kwang-hun,86.0,False,False,20250320_QAT_PRK
2025-03-20,KSA,CHN,KSA,Salem Al-Dawsari,50.0,False,False,20250320_KSA_CHN
2025-03-20,SLE,GNB,SLE,Mustapha Bundu,19.0,False,False,20250320_SLE_GNB
2025-03-20,SLE,GNB,SLE,Musa Noah Kamara,61.0,False,False,20250320_SLE_GNB
2025-03-20,SLE,GNB,GNB,Tamble Monteiro,68.0,False,False,20250320_SLE_GNB
2025-03-20,SLE,GNB,SLE,Ibrahim Turay,90.0,False,False,20250320_SLE_GNB
2025-03-20,KOR,OMA,KOR,Hwang Hee-chan,41.0,False,False,20250320_KOR_OMA
2025-03-20,KOR,OMA,OMA,Ali Al-Busaidi,80.0,False,False,20250320_KOR_OMA
2025-03-20,TUR,HUN,TUR,Orkun Kökçü,9.0,False,False,20250320_TUR_HUN
2025-03-20,TUR,HUN,HUN,András Schäfer,25.0,False,False,20250320_TUR_HUN
2025-03-20,TUR,HUN,TUR,Kerem Aktürkoğlu,69.0,False,False,20250320_TUR_HUN
2025-03-20,TUR,HUN,TUR,İrfan Can Kahveci,73.0,False,False,20250320_TUR_HUN
2025-03-20,UKR,BEL,BEL,Romelu Lukaku,40.0,False,False,20250320_UKR_BEL
2025-03-20,UKR,BEL,UKR,Oleksiy Hutsulyak,66.0,False,False,20250320_UKR_BEL
2025-03-20,UKR,BEL,UKR,Vladyslav Vanat,73.0,False,False,20250320_UKR_BEL
2025-03-20,UKR,BEL,UKR,Illya Zabarnyi,78.0,False,False,20250320_UKR_BEL
2025-03-20,UZB,KGZ,UZB,Khojiakbar Alijonov,40.0,False,False,20250320_UZB_KGZ
2025-03-20,ZIM,BEN,BEN,Steve Mounié,12.0,False,False,20250320_ZIM_BEN
2025-03-20,ZIM,BEN,BEN,Dodo Dokou,35.0,False,False,20250320_ZIM_BEN
2025-03-20,ZIM,BEN,ZIM,Marshall Munetsi,44.0,False,False,20250320_ZIM_BEN
2025-03-20,ZIM,BEN,ZIM,Knowledge Musona,59.0,False,False,20250320_ZIM_BEN
2025-03-21,AND,LVA,LVA,Dario Šits,58.0,False,False,20250321_AND_LVA
2025-03-21,BOT,ALG,ALG,Amine Gouiri,44.0,False,False,20250321_BOT_ALG
2025-03-21,BOT,ALG,ALG,Mohamed El Amine Amoura,52.0,False,False,20250321_BOT_ALG
2025-03-21,BOT,ALG,BOT,Tebogo Kopelang,70.0,False,False,20250321_BOT_ALG
2025-03-21,BOT,ALG,ALG,Mohamed El Amine Amoura,74.0,False,False,20250321_BOT_ALG
2025-03-21,BFA,Djibouti,BFA,Josué Tiendrébéogo,12.0,False,False,20250321_BFA_Djibouti
2025-03-21,BFA,Djibouti,BFA,Bertrand Traoré,33.0,False,False,20250321_BFA_Djibouti
2025-03-21,BFA,Djibouti,BFA,Mohamed Zougrana,47.0,False,False,20250321_BFA_Djibouti
2025-03-21,BFA,Djibouti,BFA,Lassina Traoré,67.0,False,False,20250321_BFA_Djibouti
2025-03-21,BFA,Djibouti,Djibouti,Samuel Akinbinu,88.0,False,True,20250321_BFA_Djibouti
2025-03-21,BDI,CIV,CIV,Evann Guessand,16.0,False,False,20250321_BDI_CIV
2025-03-21,CYP,SMR,CYP,Ioannis Pittas,55.0,False,False,20250321_CYP_SMR
2025-03-21,CYP,SMR,CYP,Andronikos Kakoullis,86.0,False,False,20250321_CYP_SMR
2025-03-21,COD,South Sudan,COD,Théo Bongonda,45.0,False,False,20250321_COD_South-Sudan
2025-03-21,ECU,VEN,ECU,Enner Valencia,39.0,False,False,20250321_ECU_VEN
2025-03-21,ECU,VEN,ECU,Enner Valencia,46.0,False,False,20250321_ECU_VEN
2025-03-21,ECU,VEN,VEN,Jhonder Cádiz,90.0,False,False,20250321_ECU_VEN
2025-03-21,ENG,ALB,ENG,Myles Lewis-Skelly,20.0,False,False,20250321_ENG_ALB
2025-03-21,ENG,ALB,ENG,Harry Kane,77.0,False,False,20250321_ENG_ALB
2025-03-21,EQG,São Tomé and Príncipe,EQG,Emilio Nsue,14.0,False,False,20250321_EQG_São-Tomé-and-Príncipe
2025-03-21,EQG,São Tomé and Príncipe,EQG,Iban Salvador,17.0,False,False,20250321_EQG_São-Tomé-and-Príncipe
2025-03-21,ETH,EGY,EGY,Mohamed Salah,31.0,False,False,20250321_ETH_EGY
2025-03-21,ETH,EGY,EGY,Ahmed Sayed,40.0,False,False,20250321_ETH_EGY
2025-03-21,GHA,CHA,GHA,Antoine Semenyo,2.0,False,False,20250321_GHA_CHA
2025-03-21,GHA,CHA,GHA,Iñaki Williams,31.0,False,False,20250321_GHA_CHA
2025-03-21,GHA,CHA,GHA,Jordan Ayew,36.0,False,True,20250321_GHA_CHA
2025-03-21,GHA,CHA,GHA,Mohammed Salisu,56.0,False,False,20250321_GHA_CHA
2025-03-21,GHA,CHA,GHA,Ernest Nuamah,68.0,False,False,20250321_GHA_CHA
2025-03-21,MLT,FIN,FIN,Oliver Antman,38.0,False,False,20250321_MLT_FIN
2025-03-21,MAR,NIG,NIG,Youssouf Oumarou,47.0,False,False,20250321_MAR_NIG
2025-03-21,MAR,NIG,MAR,Ismael Saibari,59.0,False,False,20250321_MAR_NIG
2025-03-21,MAR,NIG,MAR,Bilal El Khannouss,90.0,False,False,20250321_MAR_NIG
2025-03-21,NCL,TAH,NCL,Georges Gope-Fenepej,50.0,False,False,20250321_NCL_TAH
2025-03-21,NCL,TAH,NCL,Georges Gope-Fenepej,76.0,False,False,20250321_NCL_TAH
2025-03-21,NCL,TAH,NCL,Lues Waya,90.0,False,False,20250321_NCL_TAH
2025-03-21,NZL,FIJ,NZL,Chris Wood,6.0,False,False,20250321_NZL_FIJ
2025-03-21,NZL,FIJ,NZL,Sarpreet Singh,16.0,False,False,20250321_NZL_FIJ
2025-03-21,NZL,FIJ,NZL,Tyler Bindon,23.0,False,False,20250321_NZL_FIJ
2025-03-21,NZL,FIJ,NZL,Tim Payne,32.0,False,False,20250321_NZL_FIJ
2025-03-21,NZL,FIJ,NZL,Chris Wood,56.0,False,False,20250321_NZL_FIJ
2025-03-21,NZL,FIJ,NZL,Chris Wood,60.0,False,False,20250321_NZL_FIJ
2025-03-21,NZL,FIJ,NZL,Kosta Barbarouses,73.0,False,False,20250321_NZL_FIJ
2025-03-21,POL,LTU,POL,Robert Lewandowski,81.0,False,False,20250321_POL_LTU
2025-03-21,ROU,BIH,BIH,Armin Gigović,14.0,False,False,20250321_ROU_BIH
2025-03-21,RWA,NGA,NGA,Victor Osimhen,11.0,False,False,20250321_RWA_NGA
2025-03-21,RWA,NGA,NGA,Victor Osimhen,45.0,False,False,20250321_RWA_NGA
2025-03-21,URU,ARG,ARG,Thiago Almada,68.0,False,False,20250321_URU_ARG
2025-03-22,CZE,FRO,CZE,Patrik Schick,25.0,False,False,20250322_CZE_FRO
2025-03-22,CZE,FRO,FRO,Gunnar Vatnhamar,83.0,False,False,20250322_CZE_FRO
2025-03-22,CZE,FRO,CZE,Patrik Schick,85.0,False,False,20250322_CZE_FRO
2025-03-22,ISR,EST,EST,Maksim Paskotši,10.0,False,False,20250322_ISR_EST
2025-03-22,ISR,EST,ISR,Karl Hein,23.0,True,False,20250322_ISR_EST
2025-03-22,ISR,EST,ISR,Eli Dasa,75.0,False,False,20250322_ISR_EST
2025-03-22,LIE,MKD,MKD,Aleksandar Trajkovski,7.0,False,False,20250322_LIE_MKD
2025-03-22,LIE,MKD,MKD,Visar Musliu,42.0,False,False,20250322_LIE_MKD
2025-03-22,LIE,MKD,MKD,Bojan Miovski,84.0,False,False,20250322_LIE_MKD
2025-03-22,MDA,NOR,NOR,Julian Ryerson,5.0,False,False,20250322_MDA_NOR
2025-03-22,MDA,NOR,NOR,Erling Haaland,23.0,False,False,20250322_MDA_NOR
2025-03-22,MDA,NOR,NOR,Thelo Aasgaard,38.0,False,False,20250322_MDA_NOR
2025-03-22,MDA,NOR,NOR,Alexander Sørloth,43.0,False,False,20250322_MDA_NOR
2025-03-22,MDA,NOR,NOR,Aron Dønnum,69.0,False,False,20250322_MDA_NOR
2025-03-22,MNE,GIB,GIB,Dan Bent,13.0,False,False,20250322_MNE_GIB
2025-03-22,MNE,GIB,MNE,Stevan Jovetić,22.0,False,False,20250322_MNE_GIB
2025-03-22,MNE,GIB,MNE,Marko Tući,70.0,False,False,20250322_MNE_GIB
2025-03-22,MNE,GIB,MNE,Adam Marušić,73.0,False,False,20250322_MNE_GIB
2025-03-22,TOG,MTN,TOG,Thibault Klidjé,4.0,False,False,20250322_TOG_MTN
2025-03-22,TOG,MTN,MTN,Aboubakary Koïta,52.0,False,False,20250322_TOG_MTN
2025-03-22,TOG,MTN,MTN,Abdallahi Mahmoud,55.0,False,False,20250322_TOG_MTN
2025-03-22,TOG,MTN,TOG,Kévin Denkey,69.0,False,False,20250322_TOG_MTN
2025-03-22,WAL,KAZ,WAL,Daniel James,9.0,False,False,20250322_WAL_KAZ
2025-03-22,WAL,KAZ,KAZ,Askhat Tagybergen,32.0,False,True,20250322_WAL_KAZ
2025-03-22,WAL,KAZ,WAL,Ben Davies,47.0,False,False,20250322_WAL_KAZ
2025-03-22,WAL,KAZ,WAL,Rabbi Matondo,90.0,False,False,20250322_WAL_KAZ
2025-03-23,BEL,UKR,BEL,Maxim De Cuyper,70.0,False,False,20250323_BEL_UKR
2025-03-23,BEL,UKR,BEL,Romelu Lukaku,75.0,False,False,20250323_BEL_UKR
2025-03-23,BEL,UKR,BEL,Romelu Lukaku,86.0,False,False,20250323_BEL_UKR
2025-03-23,SWZ,MRI,SWZ,Philani Mkhontfo,13.0,False,False,20250323_SWZ_MRI
2025-03-23,SWZ,MRI,SWZ,Philani Mkhontfo,18.0,False,False,20250323_SWZ_MRI
2025-03-23,SWZ,MRI,MRI,Lindsay Rose,47.0,False,False,20250323_SWZ_MRI
2025-03-23,SWZ,MRI,MRI,Yannick Aristide,50.0,False,False,20250323_SWZ_MRI
2025-03-23,SWZ,MRI,SWZ,Mayibongwe Mabuza,75.0,False,False,20250323_SWZ_MRI
2025-03-23,SWZ,MRI,MRI,Emmanuel Vincent,90.0,False,False,20250323_SWZ_MRI
2025-03-23,FRA,CRO,FRA,Michael Olise,52.0,False,False,20250323_FRA_CRO
2025-03-23,FRA,CRO,FRA,Ousmane Dembélé,80.0,False,False,20250323_FRA_CRO
2025-03-23,GEO,ARM,GEO,Varazdat Haroyan,4.0,True,False,20250323_GEO_ARM
2025-03-23,GEO,ARM,GEO,Georges Mikautadze,14.0,False,False,20250323_GEO_ARM
2025-03-23,GEO,ARM,GEO,Giorgi Chakvetadze,23.0,False,False,20250323_GEO_ARM
2025-03-23,GEO,ARM,GEO,Otar Kiteishvili,27.0,False,False,20250323_GEO_ARM
2025-03-23,GEO,ARM,GEO,Georges Mikautadze,35.0,False,False,20250323_GEO_ARM
2025-03-23,GEO,ARM,ARM,Edgar Sevikyan,48.0,False,False,20250323_GEO_ARM
2025-03-23,GEO,ARM,GEO,Khvicha Kvaratskhelia,62.0,False,False,20250323_GEO_ARM
2025-03-23,GER,ITA,GER,Joshua Kimmich,30.0,False,True,20250323_GER_ITA
2025-03-23,GER,ITA,GER,Jamal Musiala,36.0,False,False,20250323_GER_ITA
2025-03-23,GER,ITA,GER,Tim Kleindienst,45.0,False,False,20250323_GER_ITA
2025-03-23,GER,ITA,ITA,Moise Kean,49.0,False,False,20250323_GER_ITA
2025-03-23,GER,ITA,ITA,Moise Kean,69.0,False,False,20250323_GER_ITA
2025-03-23,GER,ITA,ITA,Giacomo Raspadori,90.0,False,True,20250323_GER_ITA
2025-03-23,HUN,TUR,TUR,Hakan Çalhanoğlu,37.0,False,True,20250323_HUN_TUR
2025-03-23,HUN,TUR,TUR,Arda Güler,39.0,False,False,20250323_HUN_TUR
2025-03-23,HUN,TUR,TUR,Abdülkerim Bardakcı,90.0,False,False,20250323_HUN_TUR
2025-03-23,ISL,KVX,ISL,Orri Óskarsson,2.0,False,False,20250323_ISL_KVX
2025-03-23,ISL,KVX,KVX,Vedat Muriqi,35.0,False,False,20250323_ISL_KVX
2025-03-23,ISL,KVX,KVX,Vedat Muriqi,45.0,False,False,20250323_ISL_KVX
2025-03-23,ISL,KVX,KVX,Vedat Muriqi,79.0,False,False,20250323_ISL_KVX
2025-03-23,KEN,GAB,GAB,Pierre-Emerick Aubameyang,16.0,False,False,20250323_KEN_GAB
2025-03-23,KEN,GAB,GAB,Pierre-Emerick Aubameyang,52.0,False,True,20250323_KEN_GAB
2025-03-23,KEN,GAB,KEN,Michael Olunga,62.0,False,False,20250323_KEN_GAB
2025-03-23,POR,DEN,POR,Joachim Andersen,38.0,True,False,20250323_POR_DEN
2025-03-23,POR,DEN,DEN,Rasmus Kristensen,56.0,False,False,20250323_POR_DEN
2025-03-23,POR,DEN,POR,Cristiano Ronaldo,72.0,False,False,20250323_POR_DEN
2025-03-23,POR,DEN,DEN,Christian Eriksen,76.0,False,False,20250323_POR_DEN
2025-03-23,POR,DEN,POR,Francisco Trincão,86.0,False,False,20250323_POR_DEN
2025-03-23,POR,DEN,POR,Francisco Trincão,91.0,False,False,20250323_POR_DEN
2025-03-23,POR,DEN,POR,Gonçalo Ramos,115.0,False,False,20250323_POR_DEN
2025-03-23,IRL,BUL,BUL,Valentin Antov,30.0,False,False,20250323_IRL_BUL
2025-03-23,IRL,BUL,IRL,Evan Ferguson,63.0,False,False,20250323_IRL_BUL
2025-03-23,IRL,BUL,IRL,Adam Idah,84.0,False,False,20250323_IRL_BUL
2025-03-23,SCO,GRE,GRE,Giannis Konstantelias,20.0,False,False,20250323_SCO_GRE
2025-03-23,SCO,GRE,GRE,Konstantinos Karetsas,42.0,False,False,20250323_SCO_GRE
2025-03-23,SCO,GRE,GRE,Christos Tzolis,46.0,False,False,20250323_SCO_GRE
2025-03-23,SRB,AUT,SRB,Nemanja Maksimović,56.0,False,False,20250323_SRB_AUT
2025-03-23,SRB,AUT,SRB,Dušan Vlahović,90.0,False,False,20250323_SRB_AUT
2025-03-23,SVN,SVK,SVN,Adam Gnezda Čerin,95.0,False,False,20250323_SVN_SVK
2025-03-23,ESP,NED,ESP,Mikel Oyarzabal,8.0,False,True,20250323_ESP_NED
2025-03-23,ESP,NED,NED,Memphis Depay,54.0,False,True,20250323_ESP_NED
2025-03-23,ESP,NED,ESP,Mikel Oyarzabal,67.0,False,False,20250323_ESP_NED
2025-03-23,ESP,NED,NED,Ian Maatsen,79.0,False,False,20250323_ESP_NED
2025-03-23,ESP,NED,ESP,Lamine Yamal,103.0,False,False,20250323_ESP_NED
2025-03-23,ESP,NED,NED,Xavi Simons,109.0,False,True,20250323_ESP_NED
2025-03-24,ALB,AND,ALB,Rey Manaj,9.0,False,False,20250324_ALB_AND
2025-03-24,ALB,AND,ALB,Rey Manaj,19.0,False,False,20250324_ALB_AND
2025-03-24,ALB,AND,ALB,Myrto Uzuni,90.0,False,False,20250324_ALB_AND
2025-03-24,BIH,CYP,BIH,Ermedin Demirović,22.0,False,False,20250324_BIH_CYP
2025-03-24,BIH,CYP,CYP,Ioannis Pittas,45.0,False,False,20250324_BIH_CYP
2025-03-24,BIH,CYP,BIH,Haris Hajradinović,56.0,False,False,20250324_BIH_CYP
2025-03-24,ENG,LVA,ENG,Reece James,38.0,False,False,20250324_ENG_LVA
2025-03-24,ENG,LVA,ENG,Harry Kane,68.0,False,False,20250324_ENG_LVA
2025-03-24,ENG,LVA,ENG,Eberechi Eze,76.0,False,False,20250324_ENG_LVA
2025-03-24,ETH,Djibouti,ETH,Bereket Desta,19.0,False,False,20250324_ETH_Djibouti
2025-03-24,ETH,Djibouti,ETH,Abubeker Nassir,34.0,False,False,20250324_ETH_Djibouti
2025-03-24,ETH,Djibouti,ETH,Abubeker Nassir,37.0,False,False,20250324_ETH_Djibouti
2025-03-24,ETH,Djibouti,Djibouti,Samuel Akinbinu,51.0,False,False,20250324_ETH_Djibouti
2025-03-24,ETH,Djibouti,ETH,Bereket Desta,52.0,False,False,20250324_ETH_Djibouti
2025-03-24,ETH,Djibouti,ETH,Abubeker Nassir,58.0,False,True,20250324_ETH_Djibouti
2025-03-24,ETH,Djibouti,ETH,Bereket Desta,70.0,False,True,20250324_ETH_Djibouti
2025-03-24,GNB,BFA,BFA,Lassina Traoré,6.0,False,False,20250324_GNB_BFA
2025-03-24,GNB,BFA,GNB,Zidane Banjaqui,36.0,False,False,20250324_GNB_BFA
2025-03-24,GNB,BFA,BFA,Lassina Traoré,73.0,False,False,20250324_GNB_BFA
2025-03-24,CIV,GAM,CIV,Sébastien Haller,15.0,False,False,20250324_CIV_GAM
2025-03-24,LBR,São Tomé and Príncipe,LBR,Nicholas Andrews,4.0,False,False,20250324_LBR_São-Tomé-and-Príncipe
2025-03-24,LBR,São Tomé and Príncipe,LBR,Jimmy Farkarlun,32.0,False,False,20250324_LBR_São-Tomé-and-Príncipe
2025-03-24,LBR,São Tomé and Príncipe,São Tomé and Príncipe,Dola,44.0,False,False,20250324_LBR_São-Tomé-and-Príncipe
2025-03-24,LTU,FIN,FIN,Kaan Kairinen,4.0,False,False,20250324_LTU_FIN
2025-03-24,LTU,FIN,FIN,Joel Pohjanpalo,17.0,False,True,20250324_LTU_FIN
2025-03-24,LTU,FIN,LTU,Armandas Kučys,39.0,False,False,20250324_LTU_FIN
2025-03-24,LTU,FIN,LTU,Gvidas Gineitis,69.0,False,False,20250324_LTU_FIN
2025-03-24,MAD,GHA,GHA,Thomas Partey,11.0,False,False,20250324_MAD_GHA
2025-03-24,MAD,GHA,GHA,Thomas Partey,53.0,False,False,20250324_MAD_GHA
2025-03-24,MAD,GHA,GHA,Mohammed Kudus,58.0,False,False,20250324_MAD_GHA
2025-03-24,NAM,EQG,NAM,Peter Shalulile,51.0,False,False,20250324_NAM_EQG
2025-03-24,NAM,EQG,EQG,Saúl Coco,54.0,False,False,20250324_NAM_EQG
2025-03-24,NZL,NCL,NZL,Michael Boxall,61.0,False,False,20250324_NZL_NCL
2025-03-24,NZL,NCL,NZL,Kosta Barbarouses,66.0,False,False,20250324_NZL_NCL
2025-03-24,NZL,NCL,NZL,Elijah Just,80.0,False,False,20250324_NZL_NCL
2025-03-24,POL,MLT,POL,Karol Świderski,27.0,False,False,20250324_POL_MLT
2025-03-24,POL,MLT,POL,Karol Świderski,51.0,False,False,20250324_POL_MLT
2025-03-24,SMR,ROU,ROU,Michele Cevoli,6.0,True,False,20250324_SMR_ROU
2025-03-24,SMR,ROU,ROU,Mihai Popescu,44.0,False,False,20250324_SMR_ROU
2025-03-24,SMR,ROU,ROU,Răzvan Marin,55.0,False,True,20250324_SMR_ROU
2025-03-24,SMR,ROU,SMR,Samuele Zannoni,67.0,False,False,20250324_SMR_ROU
2025-03-24,SMR,ROU,ROU,Ianis Hagi,75.0,False,True,20250324_SMR_ROU
2025-03-24,SMR,ROU,ROU,Denis Alibec,90.0,False,False,20250324_SMR_ROU
2025-03-24,TUN,MWI,TUN,Seifeddine Jaziri,86.0,False,False,20250324_TUN_MWI
2025-03-24,TUN,MWI,TUN,Elias Achouri,90.0,False,True,20250324_TUN_MWI
2025-03-25,ALG,MOZ,ALG,Mohamed Amoura,8.0,False,False,20250325_ALG_MOZ
2025-03-25,ALG,MOZ,ALG,Aïssa Mandi,24.0,False,False,20250325_ALG_MOZ
2025-03-25,ALG,MOZ,ALG,Mohamed Amoura,30.0,False,False,20250325_ALG_MOZ
2025-03-25,ALG,MOZ,MOZ,Geny Catamo,40.0,False,False,20250325_ALG_MOZ
2025-03-25,ALG,MOZ,ALG,Jaouen Hadjam,65.0,False,False,20250325_ALG_MOZ
2025-03-25,ALG,MOZ,ALG,Mohamed Amoura,80.0,False,False,20250325_ALG_MOZ
2025-03-25,ANG,CPV,CPV,Dailon Livramento,45.0,False,False,20250325_ANG_CPV
2025-03-25,ANG,CPV,ANG,Gelson Dala,50.0,False,False,20250325_ANG_CPV
2025-03-25,ANG,CPV,CPV,Dailon Livramento,63.0,False,False,20250325_ANG_CPV
2025-03-25,ARG,BRA,ARG,Julián Alvarez,4.0,False,False,20250325_ARG_BRA
2025-03-25,ARG,BRA,ARG,Enzo Fernández,12.0,False,False,20250325_ARG_BRA
2025-03-25,ARG,BRA,BRA,Matheus Cunha,26.0,False,False,20250325_ARG_BRA
2025-03-25,ARG,BRA,ARG,Alexis Mac Allister,37.0,False,False,20250325_ARG_BRA
2025-03-25,ARG,BRA,ARG,Giuliano Simeone,71.0,False,False,20250325_ARG_BRA
2025-03-25,BEN,RSA,RSA,Lyle Foster,53.0,False,False,20250325_BEN_RSA
2025-03-25,BEN,RSA,RSA,Jayden Adams,84.0,False,False,20250325_BEN_RSA
2025-03-25,BOT,Somalia,BOT,Gape Mohutsiwa,74.0,False,False,20250325_BOT_Somalia
2025-03-25,BOT,Somalia,BOT,Mothusi Johnson,83.0,False,False,20250325_BOT_Somalia
2025-03-25,BDI,SEY,BDI,Christophe Nduwarugira,22.0,False,False,20250325_BDI_SEY
2025-03-25,BDI,SEY,BDI,Bonfils-Caleb Bimenyimana,24.0,False,False,20250325_BDI_SEY
2025-03-25,BDI,SEY,BDI,Bonfils-Caleb Bimenyimana,31.0,False,False,20250325_BDI_SEY
2025-03-25,BDI,SEY,BDI,Bienvenue Kanakimana,50.0,False,False,20250325_BDI_SEY
2025-03-25,BDI,SEY,BDI,Jean-Claude Girumugisha,56.0,False,False,20250325_BDI_SEY
2025-03-25,CMR,LBY,CMR,Vincent Aboubakar,27.0,False,True,20250325_CMR_LBY
2025-03-25,CMR,LBY,CMR,Bryan Mbeumo,53.0,False,False,20250325_CMR_LBY
2025-03-25,CMR,LBY,CMR,Vincent Aboubakar,61.0,False,False,20250325_CMR_LBY
2025-03-25,CMR,LBY,LBY,Ezoo El Maremi,90.0,False,False,20250325_CMR_LBY
2025-03-25,CHN,AUS,AUS,Jackson Irvine,16.0,False,False,20250325_CHN_AUS
2025-03-25,CHN,AUS,AUS,Nishan Velupillay,29.0,False,False,20250325_CHN_AUS
2025-03-25,COL,PAR,COL,Luis Díaz,1.0,False,False,20250325_COL_PAR
2025-03-25,COL,PAR,COL,Jhon Durán,13.0,False,False,20250325_COL_PAR
2025-03-25,COL,PAR,PAR,Júnior Alonso,45.0,False,False,20250325_COL_PAR
2025-03-25,COL,PAR,PAR,Julio Enciso,62.0,False,False,20250325_COL_PAR
2025-03-25,COM,CHA,COM,Rafiki Saïd,24.0,False,False,20250325_COM_CHA
2025-03-25,EGY,SLE,EGY,Ahmed Sayed,45.0,False,False,20250325_EGY_SLE
2025-03-25,GIB,CZE,CZE,Václav Černý,21.0,False,False,20250325_GIB_CZE
2025-03-25,GIB,CZE,CZE,Patrik Schick,50.0,False,False,20250325_GIB_CZE
2025-03-25,GIB,CZE,CZE,Pavel Šulc,72.0,False,False,20250325_GIB_CZE
2025-03-25,GIB,CZE,CZE,Jan Kliment,90.0,False,False,20250325_GIB_CZE
2025-03-25,IDN,BHR,IDN,Ole Romeny,24.0,False,False,20250325_IDN_BHR
2025-03-25,IRN,UZB,UZB,Khojimat Erkinov,16.0,False,False,20250325_IRN_UZB
2025-03-25,IRN,UZB,IRN,Mehdi Taremi,52.0,False,False,20250325_IRN_UZB
2025-03-25,IRN,UZB,UZB,Abbosbek Fayzullaev,53.0,False,False,20250325_IRN_UZB
2025-03-25,IRN,UZB,IRN,Mehdi Taremi,83.0,False,False,20250325_IRN_UZB
2025-03-25,ISR,NOR,NOR,David Møller Wolfe,39.0,False,False,20250325_ISR_NOR
2025-03-25,ISR,NOR,ISR,Mohammad Abu Fani,55.0,False,False,20250325_ISR_NOR
2025-03-25,ISR,NOR,NOR,Alexander Sørloth,59.0,False,False,20250325_ISR_NOR
2025-03-25,ISR,NOR,NOR,Kristoffer Ajer,65.0,False,False,20250325_ISR_NOR
2025-03-25,ISR,NOR,NOR,Erling Haaland,83.0,False,False,20250325_ISR_NOR
2025-03-25,ISR,NOR,ISR,Dor Turgeman,90.0,False,False,20250325_ISR_NOR
2025-03-25,KUW,OMA,OMA,Issam Al-Sabhi,56.0,False,False,20250325_KUW_OMA
2025-03-25,KGZ,QAT,KGZ,Valery Kichin,45.0,False,False,20250325_KGZ_QAT
2025-03-25,KGZ,QAT,QAT,Lucas Mendes,52.0,False,False,20250325_KGZ_QAT
2025-03-25,KGZ,QAT,KGZ,Aleksandr Mishchenko,82.0,False,False,20250325_KGZ_QAT
2025-03-25,KGZ,QAT,KGZ,Alimardon Shukurov,90.0,False,False,20250325_KGZ_QAT
2025-03-25,LIE,KAZ,KAZ,Maksim Samorodov,42.0,False,False,20250325_LIE_KAZ
2025-03-25,LIE,KAZ,KAZ,Aleksandr Marochkin,45.0,False,False,20250325_LIE_KAZ
2025-03-25,MTN,COD,COD,Charles Pickel,4.0,False,False,20250325_MTN_COD
2025-03-25,MTN,COD,COD,Fiston Mayele,83.0,False,False,20250325_MTN_COD
2025-03-25,MDA,EST,EST,Rasmus Peetson,19.0,False,False,20250325_MDA_EST
2025-03-25,MDA,EST,EST,Rauno Sappinen,30.0,False,False,20250325_MDA_EST
2025-03-25,MDA,EST,MDA,Ion Nicolaescu,67.0,False,False,20250325_MDA_EST
2025-03-25,MDA,EST,EST,Mattias Käit,70.0,False,False,20250325_MDA_EST
2025-03-25,MDA,EST,MDA,Mihail Caimacov,90.0,False,False,20250325_MDA_EST
2025-03-25,MNE,FRO,MNE,Edvin Kuč,90.0,False,False,20250325_MNE_FRO
2025-03-25,MAR,TAN,MAR,Nayef Aguerd,51.0,False,False,20250325_MAR_TAN
2025-03-25,MAR,TAN,MAR,Brahim Díaz,58.0,False,True,20250325_MAR_TAN
2025-03-25,NGA,ZIM,NGA,Victor Osimhen,74.0,False,False,20250325_NGA_ZIM
2025-03-25,NGA,ZIM,ZIM,Tawanda Chirewa,90.0,False,False,20250325_NGA_ZIM
2025-03-25,PRK,UAE,UAE,Fábio Lima,5.0,False,False,20250325_PRK_UAE
2025-03-25,PRK,UAE,PRK,Kim Yu-song,43.0,False,False,20250325_PRK_UAE
2025-03-25,PRK,UAE,UAE,Sultan Adil,90.0,False,False,20250325_PRK_UAE
2025-03-25,MKD,WAL,MKD,Bojan Miovski,90.0,False,False,20250325_MKD_WAL
2025-03-25,MKD,WAL,WAL,David Brooks,90.0,False,False,20250325_MKD_WAL
2025-03-25,PLE,IRQ,IRQ,Aymen Hussein,34.0,False,False,20250325_PLE_IRQ
2025-03-25,PLE,IRQ,PLE,Wessam Abou Ali,88.0,False,False,20250325_PLE_IRQ
2025-03-25,PLE,IRQ,PLE,Ameed Mahajna,90.0,False,False,20250325_PLE_IRQ
2025-03-25,RWA,LES,RWA,Jojea Kwizera,58.0,False,False,20250325_RWA_LES
2025-03-25,RWA,LES,LES,Lehlohonolo Fothoane,82.0,False,False,20250325_RWA_LES
2025-03-25,SEN,TOG,SEN,Pape Matar Sarr,35.0,False,False,20250325_SEN_TOG
2025-03-25,SEN,TOG,SEN,Kévin Boma,67.0,True,False,20250325_SEN_TOG
2025-03-25,KOR,JOR,KOR,Lee Jae-sung,5.0,False,False,20250325_KOR_JOR
2025-03-25,KOR,JOR,JOR,Kwon Kyung-won,30.0,True,False,20250325_KOR_JOR
2025-03-25,SDN,South Sudan,SDN,Mohamed Eisa,76.0,False,False,20250325_SDN_South-Sudan
2025-03-25,SDN,South Sudan,South Sudan,Omot Sebit,90.0,False,False,20250325_SDN_South-Sudan
2025-03-25,UGA,GUI,UGA,Allan Okello,36.0,False,False,20250325_UGA_GUI
2025-03-25,VEN,PER,VEN,Salomón Rondón,41.0,False,True,20250325_VEN_PER
2025-06-04,BRB,Aruba,BRB,Omani Leacock,7.0,False,True,20250604_BRB_Aruba
2025-06-04,BRB,Aruba,Aruba,Diederick Luydens,15.0,False,False,20250604_BRB_Aruba
2025-06-04,BER,CAY,BER,Zeiko Lewis,12.0,False,True,20250604_BER_CAY
2025-06-04,BER,CAY,BER,Djair Parfitt,54.0,False,False,20250604_BER_CAY
2025-06-04,BER,CAY,BER,Kole Hall,64.0,False,False,20250604_BER_CAY
2025-06-04,BER,CAY,BER,Reggie Lambe,79.0,False,False,20250604_BER_CAY
2025-06-04,BER,CAY,BER,Julian Carpenter,84.0,False,False,20250604_BER_CAY
2025-06-04,DMA,VGB,DMA,Audel Laville,29.0,False,False,20250604_DMA_VGB
2025-06-04,DMA,VGB,DMA,Troy Jules,35.0,False,False,20250604_DMA_VGB
2025-06-04,DMA,VGB,DMA,Audel Laville,75.0,False,False,20250604_DMA_VGB
2025-06-04,GER,POR,GER,Florian Wirtz,48.0,False,False,20250604_GER_POR
2025-06-04,GER,POR,POR,Francisco Conceição,63.0,False,False,20250604_GER_POR
2025-06-04,GER,POR,POR,Cristiano Ronaldo,68.0,False,False,20250604_GER_POR
2025-06-04,GRN,Bahamas,GRN,Jermaine Francis,15.0,False,False,20250604_GRN_Bahamas
2025-06-04,GRN,Bahamas,GRN,Darius Johnson,36.0,False,False,20250604_GRN_Bahamas
2025-06-04,GRN,Bahamas,GRN,Keishean Francois,58.0,False,False,20250604_GRN_Bahamas
2025-06-04,GRN,Bahamas,GRN,Joshua Isaac,72.0,False,False,20250604_GRN_Bahamas
2025-06-04,GRN,Bahamas,GRN,Kayden Harrack,77.0,False,False,20250604_GRN_Bahamas
2025-06-04,GRN,Bahamas,GRN,Saydrel Lewis,90.0,False,False,20250604_GRN_Bahamas
2025-06-04,Montserrat,BLZ,Montserrat,Mark Rogers,2.0,False,False,20250604_Montserrat_BLZ
2025-06-04,VIN,Anguilla,VIN,Oalex Anderson,20.0,False,False,20250604_VIN_Anguilla
2025-06-04,VIN,Anguilla,VIN,Cornelius Stewart,25.0,False,True,20250604_VIN_Anguilla
2025-06-04,VIN,Anguilla,VIN,Micah Joseph,59.0,False,False,20250604_VIN_Anguilla
2025-06-04,VIN,Anguilla,VIN,Kyle Edwards,61.0,False,False,20250604_VIN_Anguilla
2025-06-04,VIN,Anguilla,VIN,Oalex Anderson,69.0,False,False,20250604_VIN_Anguilla
2025-06-04,VIN,Anguilla,VIN,Kirtney Franklyn,85.0,False,False,20250604_VIN_Anguilla
2025-06-05,AUS,JPN,AUS,Aziz Behich,90.0,False,False,20250605_AUS_JPN
2025-06-05,BHR,KSA,KSA,Musab Al-Juwayr,16.0,False,False,20250605_BHR_KSA
2025-06-05,BHR,KSA,KSA,Abdulrahman Al-Aboud,78.0,False,False,20250605_BHR_KSA
2025-06-05,CHI,ARG,ARG,Julián Alvarez,16.0,False,False,20250605_CHI_ARG
2025-06-05,IDN,CHN,IDN,Ole Romeny,45.0,False,True,20250605_IDN_CHN
2025-06-05,IRQ,KOR,KOR,Kim Jin-gyu,63.0,False,False,20250605_IRQ_KOR
2025-06-05,IRQ,KOR,KOR,Oh Hyeon-gyu,82.0,False,False,20250605_IRQ_KOR
2025-06-05,KUW,PLE,PLE,Tamer Seyam,32.0,False,False,20250605_KUW_PLE
2025-06-05,KUW,PLE,PLE,Wessam Abou Ali,88.0,False,True,20250605_KUW_PLE
2025-06-05,PRK,KGZ,PRK,Pak Kwang-hun,44.0,False,False,20250605_PRK_KGZ
2025-06-05,PRK,KGZ,PRK,Ri Jo-guk,52.0,False,False,20250605_PRK_KGZ
2025-06-05,PRK,KGZ,KGZ,Gulzhigit Alykulov,57.0,False,False,20250605_PRK_KGZ
2025-06-05,PRK,KGZ,KGZ,Kim Sung-hye,90.0,True,False,20250605_PRK_KGZ
2025-06-05,OMA,JOR,JOR,Ali Olwan,45.0,False,True,20250605_OMA_JOR
2025-06-05,OMA,JOR,JOR,Ali Olwan,51.0,False,False,20250605_OMA_JOR
2025-06-05,OMA,JOR,JOR,Ali Olwan,64.0,False,False,20250605_OMA_JOR
2025-06-05,PAR,URU,PAR,Matías Galarza,13.0,False,False,20250605_PAR_URU
2025-06-05,PAR,URU,PAR,Julio Enciso,81.0,False,True,20250605_PAR_URU
2025-06-05,QAT,IRN,QAT,Ró-Ró,41.0,False,False,20250605_QAT_IRN
2025-06-05,ESP,FRA,ESP,Nico Williams,22.0,False,False,20250605_ESP_FRA
2025-06-05,ESP,FRA,ESP,Mikel Merino,25.0,False,False,20250605_ESP_FRA
2025-06-05,ESP,FRA,ESP,Lamine Yamal,54.0,False,True,20250605_ESP_FRA
2025-06-05,ESP,FRA,ESP,Pedri,55.0,False,False,20250605_ESP_FRA
2025-06-05,ESP,FRA,FRA,Kylian Mbappé,59.0,False,True,20250605_ESP_FRA
2025-06-05,ESP,FRA,ESP,Lamine Yamal,67.0,False,False,20250605_ESP_FRA
2025-06-05,ESP,FRA,FRA,Rayan Cherki,79.0,False,False,20250605_ESP_FRA
2025-06-05,ESP,FRA,FRA,Daniel Vivian,84.0,True,False,20250605_ESP_FRA
2025-06-05,ESP,FRA,FRA,Randal Kolo Muani,90.0,False,False,20250605_ESP_FRA
2025-06-06,ATG,CUB,CUB,Pedro Bravo,45.0,False,False,20250606_ATG_CUB
2025-06-06,CUW,LCA,CUW,Gervane Kastaneer,37.0,False,False,20250606_CUW_LCA
2025-06-06,CUW,LCA,CUW,Gervane Kastaneer,52.0,False,False,20250606_CUW_LCA
2025-06-06,CUW,LCA,CUW,Gervane Kastaneer,57.0,False,False,20250606_CUW_LCA
2025-06-06,CUW,LCA,CUW,Juninho Bacuna,74.0,False,False,20250606_CUW_LCA
2025-06-06,CZE,MNE,CZE,Adam Hložek,23.0,False,False,20250606_CZE_MNE
2025-06-06,CZE,MNE,CZE,Patrik Schick,65.0,False,False,20250606_CZE_MNE
2025-06-06,EST,ISR,EST,Mattias Käit,31.0,False,False,20250606_EST_ISR
2025-06-06,EST,ISR,ISR,Dan Biton,39.0,False,False,20250606_EST_ISR
2025-06-06,EST,ISR,ISR,Dan Biton,49.0,False,False,20250606_EST_ISR
2025-06-06,EST,ISR,ISR,Mohammad Abu Fani,89.0,False,True,20250606_EST_ISR
2025-06-06,GIB,CRO,CRO,Mario Pašalić,28.0,False,False,20250606_GIB_CRO
2025-06-06,GIB,CRO,CRO,Ante Budimir,30.0,False,False,20250606_GIB_CRO
2025-06-06,GIB,CRO,CRO,Franjo Ivanović,60.0,False,False,20250606_GIB_CRO
2025-06-06,GIB,CRO,CRO,Franjo Ivanović,63.0,False,False,20250606_GIB_CRO
2025-06-06,GIB,CRO,CRO,Ivan Perišić,73.0,False,False,20250606_GIB_CRO
2025-06-06,GIB,CRO,CRO,Andrej Kramarić,77.0,False,False,20250606_GIB_CRO
2025-06-06,GIB,CRO,CRO,Andrej Kramarić,79.0,False,False,20250606_GIB_CRO
2025-06-06,GUA,DOM,GUA,Oscar Santis,6.0,False,False,20250606_GUA_DOM
2025-06-06,GUA,DOM,DOM,Dorny Romero,16.0,False,False,20250606_GUA_DOM
2025-06-06,GUA,DOM,DOM,Heinz Mörschel,36.0,False,False,20250606_GUA_DOM
2025-06-06,GUA,DOM,GUA,Nicolás Samayoa,53.0,False,False,20250606_GUA_DOM
2025-06-06,GUA,DOM,GUA,Oscar Santis,59.0,False,False,20250606_GUA_DOM
2025-06-06,GUA,DOM,GUA,Oscar Santis,62.0,False,False,20250606_GUA_DOM
2025-06-06,NCA,GUY,NCA,Jaime Moreno,41.0,False,False,20250606_NCA_GUY
2025-06-06,MKD,BEL,BEL,Maxim De Cuyper,28.0,False,False,20250606_MKD_BEL
2025-06-06,MKD,BEL,MKD,Ezgjan Alioski,86.0,False,False,20250606_MKD_BEL
2025-06-06,NOR,ITA,NOR,Alexander Sørloth,14.0,False,False,20250606_NOR_ITA
2025-06-06,NOR,ITA,NOR,Antonio Nusa,34.0,False,False,20250606_NOR_ITA
2025-06-06,NOR,ITA,NOR,Erling Haaland,42.0,False,False,20250606_NOR_ITA
2025-06-06,SUR,PUR,SUR,Jaden Montnor,80.0,False,False,20250606_SUR_PUR
2025-06-06,TRI,SKN,TRI,Levi García,9.0,False,False,20250606_TRI_SKN
2025-06-06,TRI,SKN,SKN,G'Vaune Amory,27.0,False,False,20250606_TRI_SKN
2025-06-06,TRI,SKN,TRI,Dante Sealy,29.0,False,False,20250606_TRI_SKN
2025-06-06,TRI,SKN,SKN,Tiquanny Williams,45.0,False,False,20250606_TRI_SKN
2025-06-06,TRI,SKN,TRI,Kevin Molino,48.0,False,True,20250606_TRI_SKN
2025-06-06,TRI,SKN,TRI,Dante Sealy,66.0,False,False,20250606_TRI_SKN
2025-06-06,TRI,SKN,TRI,Ajani Fortune,85.0,False,False,20250606_TRI_SKN
2025-06-06,TRI,SKN,TRI,Nathaniel James,89.0,False,False,20250606_TRI_SKN
2025-06-06,VEN,BOL,VEN,Héctor Cuéllar,5.0,True,False,20250606_VEN_BOL
2025-06-06,VEN,BOL,VEN,Salomón Rondón,30.0,False,False,20250606_VEN_BOL
2025-06-06,WAL,LIE,WAL,Joe Rodon,40.0,False,False,20250606_WAL_LIE
2025-06-06,WAL,LIE,WAL,Harry Wilson,65.0,False,False,20250606_WAL_LIE
2025-06-06,WAL,LIE,WAL,Kieffer Moore,68.0,False,False,20250606_WAL_LIE
2025-06-07,AND,ENG,ENG,Harry Kane,50.0,False,False,20250607_AND_ENG
2025-06-07,Anguilla,SLV,SLV,Santos Ortiz,30.0,False,False,20250607_Anguilla_SLV
2025-06-07,Anguilla,SLV,SLV,Brayan Gil,45.0,False,False,20250607_Anguilla_SLV
2025-06-07,Anguilla,SLV,SLV,Elvin Alvarado,77.0,False,False,20250607_Anguilla_SLV
2025-06-07,Aruba,HAI,HAI,Danley Jean Jacques,29.0,False,False,20250607_Aruba_HAI
2025-06-07,Aruba,HAI,HAI,Frantzdy Pierrot,35.0,False,False,20250607_Aruba_HAI
2025-06-07,Aruba,HAI,HAI,Ruben Providence,61.0,False,False,20250607_Aruba_HAI
2025-06-07,Aruba,HAI,HAI,Duckens Nazon,67.0,False,False,20250607_Aruba_HAI
2025-06-07,Aruba,HAI,HAI,Mondy Prunier,86.0,False,False,20250607_Aruba_HAI
2025-06-07,AUT,ROU,AUT,Michael Gregoritsch,42.0,False,False,20250607_AUT_ROU
2025-06-07,AUT,ROU,AUT,Marcel Sabitzer,60.0,False,False,20250607_AUT_ROU
2025-06-07,AUT,ROU,ROU,Florin Tănase,90.0,False,False,20250607_AUT_ROU
2025-06-07,Bahamas,CRC,CRC,Alonso Martínez,20.0,False,False,20250607_Bahamas_CRC
2025-06-07,Bahamas,CRC,CRC,Joseph Mora,37.0,False,False,20250607_Bahamas_CRC
2025-06-07,Bahamas,CRC,CRC,Alejandro Bran,45.0,False,False,20250607_Bahamas_CRC
2025-06-07,Bahamas,CRC,CRC,Orlando Galo,48.0,False,False,20250607_Bahamas_CRC
2025-06-07,Bahamas,CRC,CRC,Manfred Ugalde,51.0,False,False,20250607_Bahamas_CRC
2025-06-07,Bahamas,CRC,CRC,Warren Madrigal,64.0,False,False,20250607_Bahamas_CRC
2025-06-07,Bahamas,CRC,CRC,Warren Madrigal,79.0,False,False,20250607_Bahamas_CRC
2025-06-07,Bahamas,CRC,CRC,Álvaro Zamora,90.0,False,False,20250607_Bahamas_CRC
2025-06-07,BLZ,PAN,PAN,Fidel Escobar,10.0,False,False,20250607_BLZ_PAN
2025-06-07,BLZ,PAN,PAN,Eduardo Guerrero,50.0,False,False,20250607_BLZ_PAN
2025-06-07,BIH,SMR,BIH,Edin Džeko,66.0,False,False,20250607_BIH_SMR
2025-06-07,VGB,JAM,JAM,Warner Brown,17.0,False,False,20250607_VGB_JAM
2025-06-07,CAY,HON,HON,Wesley Robinson,86.0,True,False,20250607_CAY_HON
2025-06-07,FIN,NED,NED,Memphis Depay,6.0,False,False,20250607_FIN_NED
2025-06-07,FIN,NED,NED,Denzel Dumfries,23.0,False,False,20250607_FIN_NED
2025-06-08,GER,FRA,FRA,Kylian Mbappé,45.0,False,False,20250608_GER_FRA
2025-06-08,GER,FRA,FRA,Michael Olise,84.0,False,False,20250608_GER_FRA
2025-06-08,POR,ESP,ESP,Martín Zubimendi,21.0,False,False,20250608_POR_ESP
2025-06-08,POR,ESP,POR,Nuno Mendes,26.0,False,False,20250608_POR_ESP
2025-06-08,POR,ESP,ESP,Mikel Oyarzabal,45.0,False,False,20250608_POR_ESP
2025-06-08,POR,ESP,POR,Cristiano Ronaldo,61.0,False,False,20250608_POR_ESP
2025-06-09,BEL,WAL,BEL,Romelu Lukaku,15.0,False,True,20250609_BEL_WAL
2025-06-09,BEL,WAL,BEL,Youri Tielemans,19.0,False,False,20250609_BEL_WAL
2025-06-09,BEL,WAL,BEL,Jérémy Doku,28.0,False,False,20250609_BEL_WAL
2025-06-09,BEL,WAL,WAL,Harry Wilson,45.0,False,True,20250609_BEL_WAL
2025-06-09,BEL,WAL,WAL,Sorba Thomas,51.0,False,False,20250609_BEL_WAL
2025-06-09,BEL,WAL,WAL,Brennan Johnson,70.0,False,False,20250609_BEL_WAL
2025-06-09,BEL,WAL,BEL,Kevin De Bruyne,88.0,False,False,20250609_BEL_WAL
2025-06-09,CRO,CZE,CRO,Andrej Kramarić,42.0,False,False,20250609_CRO_CZE
2025-06-09,CRO,CZE,CZE,Tomáš Souček,58.0,False,False,20250609_CRO_CZE
2025-06-09,CRO,CZE,CRO,Luka Modrić,62.0,False,True,20250609_CRO_CZE
2025-06-09,CRO,CZE,CRO,Ivan Perišić,68.0,False,False,20250609_CRO_CZE
2025-06-09,CRO,CZE,CRO,Ante Budimir,72.0,False,True,20250609_CRO_CZE
2025-06-09,CRO,CZE,CRO,Andrej Kramarić,75.0,False,False,20250609_CRO_CZE
2025-06-09,EST,NOR,NOR,Erling Haaland,62.0,False,False,20250609_EST_NOR
2025-06-09,FRO,GIB,GIB,James Scanlon,23.0,False,False,20250609_FRO_GIB
2025-06-09,FRO,GIB,FRO,Árni Frederiksberg,71.0,False,False,20250609_FRO_GIB
2025-06-09,FRO,GIB,FRO,Patrik Johannesen,86.0,False,False,20250609_FRO_GIB
2025-06-09,ITA,MDA,ITA,Giacomo Raspadori,40.0,False,False,20250609_ITA_MDA
2025-06-09,ITA,MDA,ITA,Andrea Cambiaso,50.0,False,False,20250609_ITA_MDA
2025-06-09,KAZ,MKD,MKD,Aleksandar Trajkovski,33.0,False,False,20250609_KAZ_MKD
2025-06-10,ARG,COL,COL,Luis Díaz,24.0,False,False,20250610_ARG_COL
2025-06-10,ARG,COL,ARG,Thiago Almada,81.0,False,False,20250610_ARG_COL
2025-06-10,BOL,CHI,BOL,Miguel Terceros,5.0,False,False,20250610_BOL_CHI
2025-06-10,BOL,CHI,BOL,Enzo Monteiro,90.0,False,False,20250610_BOL_CHI
2025-06-10,BRA,PAR,BRA,Vinícius Júnior,44.0,False,False,20250610_BRA_PAR
2025-06-10,CHN,BHR,CHN,Wang Yudong,90.0,False,True,20250610_CHN_BHR
2025-06-10,CRC,TRI,CRC,Jeyland Mitchell,23.0,False,False,20250610_CRC_TRI
2025-06-10,CRC,TRI,CRC,Warren Madrigal,38.0,False,False,20250610_CRC_TRI
2025-06-10,CRC,TRI,TRI,Levi García,58.0,False,False,20250610_CRC_TRI
2025-06-10,CUB,BER,BER,Djair Parfitt,6.0,False,False,20250610_CUB_BER
2025-06-10,CUB,BER,CUB,Jorge Aguirre,58.0,False,False,20250610_CUB_BER
2025-06-10,CUB,BER,BER,Reggie Lambe,74.0,False,False,20250610_CUB_BER
2025-06-10,DOM,DMA,DOM,Dorny Romero,16.0,False,False,20250610_DOM_DMA
2025-06-10,DOM,DMA,DOM,Jimmy Kaparos,33.0,False,False,20250610_DOM_DMA
2025-06-10,DOM,DMA,DOM,Noah Dollenmayer,39.0,False,False,20250610_DOM_DMA
2025-06-10,DOM,DMA,DOM,Edarlyn Reyes,44.0,False,False,20250610_DOM_DMA
2025-06-10,DOM,DMA,DOM,Peter González,89.0,False,False,20250610_DOM_DMA
2025-06-10,SLV,SUR,SUR,Justin Lonwijk,19.0,False,False,20250610_SLV_SUR
2025-06-10,SLV,SUR,SLV,Brayan Gil,32.0,False,False,20250610_SLV_SUR
2025-06-10,FIN,POL,FIN,Joel Pohjanpalo,31.0,False,True,20250610_FIN_POL
2025-06-10,FIN,POL,FIN,Benjamin Källman,64.0,False,False,20250610_FIN_POL
2025-06-10,FIN,POL,POL,Jakub Kiwior,69.0,False,False,20250610_FIN_POL
2025-06-10,GUY,Montserrat,GUY,Nathan Ferguson,35.0,False,False,20250610_GUY_Montserrat
2025-06-10,GUY,Montserrat,GUY,Osaze De Rosario,38.0,False,False,20250610_GUY_Montserrat
2025-06-10,GUY,Montserrat,GUY,Omari Glasgow,72.0,False,False,20250610_GUY_Montserrat
2025-06-10,HAI,CUW,CUW,Gervane Kastaneer,12.0,False,False,20250610_HAI_CUW
2025-06-10,HAI,CUW,CUW,Kenji Gorré,15.0,False,False,20250610_HAI_CUW
2025-06-10,HAI,CUW,HAI,Louicius Don Deedson,61.0,False,False,20250610_HAI_CUW
2025-06-10,HAI,CUW,CUW,Jearl Margaritha,69.0,False,False,20250610_HAI_CUW
2025-06-10,HAI,CUW,CUW,Kevin Felida,89.0,False,False,20250610_HAI_CUW
2025-06-10,HAI,CUW,CUW,Jeremy Antonisse,90.0,False,False,20250610_HAI_CUW
2025-06-10,HON,ATG,HON,Getsel Montes,49.0,False,False,20250610_HON_ATG
2025-06-10,HON,ATG,HON,Alexy Vega,80.0,False,False,20250610_HON_ATG
2025-06-10,IRN,PRK,IRN,Mohammad Mehdi Mohebi,74.0,False,False,20250610_IRN_PRK
2025-06-10,IRN,PRK,IRN,Mehdi Taremi,77.0,False,False,20250610_IRN_PRK
2025-06-10,IRN,PRK,IRN,Amirhossein Hosseinzadeh,90.0,False,False,20250610_IRN_PRK
2025-06-10,JAM,GUA,JAM,Jon Russell,26.0,False,False,20250610_JAM_GUA
2025-06-10,JAM,GUA,JAM,Warner Brown,37.0,False,False,20250610_JAM_GUA
2025-06-10,JAM,GUA,JAM,Warner Brown,73.0,False,False,20250610_JAM_GUA
2025-06-10,JPN,IDN,JPN,Daichi Kamada,15.0,False,False,20250610_JPN_IDN
2025-06-10,JPN,IDN,JPN,Takefusa Kubo,19.0,False,False,20250610_JPN_IDN
2025-06-10,JPN,IDN,JPN,Daichi Kamada,45.0,False,False,20250610_JPN_IDN
2025-06-10,JPN,IDN,JPN,Ryōya Morishita,55.0,False,False,20250610_JPN_IDN
2025-06-10,JPN,IDN,JPN,Shūto Machino,58.0,False,False,20250610_JPN_IDN
2025-06-10,JPN,IDN,JPN,Mao Hosoya,80.0,False,False,20250610_JPN_IDN
2025-06-10,JOR,IRQ,IRQ,Sajjad Jassim,73.0,False,False,20250610_JOR_IRQ
2025-06-10,KGZ,UAE,UAE,Harib Abdalla,30.0,False,False,20250610_KGZ_UAE
2025-06-10,KGZ,UAE,KGZ,Kai Merk,90.0,False,False,20250610_KGZ_UAE
2025-06-10,LVA,ALB,ALB,Antonijs Černomordijs,29.0,True,False,20250610_LVA_ALB
2025-06-10,LVA,ALB,LVA,Antonijs Černomordijs,45.0,False,False,20250610_LVA_ALB
2025-06-10,NED,MLT,NED,Memphis Depay,9.0,False,True,20250610_NED_MLT
2025-06-10,NED,MLT,NED,Memphis Depay,16.0,False,False,20250610_NED_MLT
2025-06-10,NED,MLT,NED,Virgil van Dijk,20.0,False,False,20250610_NED_MLT
2025-06-10,NED,MLT,NED,Xavi Simons,61.0,False,False,20250610_NED_MLT
2025-06-10,NED,MLT,NED,Donyell Malen,74.0,False,False,20250610_NED_MLT
2025-06-10,NED,MLT,NED,Noa Lang,78.0,False,False,20250610_NED_MLT
2025-06-10,NED,MLT,NED,Donyell Malen,80.0,False,False,20250610_NED_MLT
2025-06-10,NED,MLT,NED,Micky van de Ven,90.0,False,False,20250610_NED_MLT
2025-06-10,PLE,OMA,PLE,Oday Kharoub,49.0,False,False,20250610_PLE_OMA
2025-06-10,PLE,OMA,OMA,Issam Al-Sabhi,90.0,False,True,20250610_PLE_OMA
2025-06-10,PAN,NCA,PAN,César Yanis,56.0,False,False,20250610_PAN_NCA
2025-06-10,PAN,NCA,PAN,Ismael Díaz,88.0,False,False,20250610_PAN_NCA
2025-06-10,PAN,NCA,PAN,Eric Davis,90.0,False,False,20250610_PAN_NCA
2025-06-10,PUR,VIN,PUR,Leandro Antonetti,11.0,False,False,20250610_PUR_VIN
2025-06-10,PUR,VIN,VIN,Oalex Anderson,47.0,False,False,20250610_PUR_VIN
2025-06-10,PUR,VIN,PUR,Steven Echevarria,77.0,False,False,20250610_PUR_VIN
2025-06-10,ROU,CYP,ROU,Florin Tănase,43.0,False,False,20250610_ROU_CYP
2025-06-10,ROU,CYP,ROU,Dennis Man,45.0,False,False,20250610_ROU_CYP
2025-06-10,SKN,GRN,SKN,Tyreece Simpson,34.0,False,False,20250610_SKN_GRN
2025-06-10,SKN,GRN,GRN,Regan Charles-Cook,49.0,False,False,20250610_SKN_GRN
2025-06-10,SKN,GRN,GRN,Jermaine Francis,76.0,False,False,20250610_SKN_GRN
2025-06-10,SKN,GRN,SKN,Romaine Sawyers,90.0,False,False,20250610_SKN_GRN
2025-06-10,SKN,GRN,GRN,Darius Johnson,90.0,False,False,20250610_SKN_GRN
2025-06-10,LCA,BRB,BRB,Devonte Richards,12.0,False,False,20250610_LCA_BRB
2025-06-10,LCA,BRB,LCA,Caniggia Elva,42.0,False,True,20250610_LCA_BRB
2025-06-10,LCA,BRB,LCA,Caniggia Elva,90.0,False,True,20250610_LCA_BRB
2025-06-10,SMR,AUT,AUT,Marko Arnautović,3.0,False,False,20250610_SMR_AUT
2025-06-10,SMR,AUT,AUT,Michael Gregoritsch,11.0,False,False,20250610_SMR_AUT
2025-06-10,SMR,AUT,AUT,Marko Arnautović,15.0,False,False,20250610_SMR_AUT
2025-06-10,SMR,AUT,AUT,Christoph Baumgartner,27.0,False,False,20250610_SMR_AUT
2025-06-10,KSA,AUS,KSA,Abdulrahman Al-Aboud,19.0,False,False,20250610_KSA_AUS
2025-06-10,KSA,AUS,AUS,Connor Metcalfe,42.0,False,False,20250610_KSA_AUS
2025-06-10,KSA,AUS,AUS,Mitch Duke,48.0,False,False,20250610_KSA_AUS
2025-06-10,SRB,AND,SRB,Aleksandar Mitrović,12.0,False,False,20250610_SRB_AND
2025-06-10,SRB,AND,SRB,Aleksandar Mitrović,24.0,False,False,20250610_SRB_AND
2025-06-10,SRB,AND,SRB,Aleksandar Mitrović,53.0,False,True,20250610_SRB_AND
2025-06-10,KOR,KUW,KOR,Fahad Al Hajeri,30.0,True,False,20250610_KOR_KUW
2025-06-10,KOR,KUW,KOR,Lee Kang-in,51.0,False,False,20250610_KOR_KUW
2025-06-10,KOR,KUW,KOR,Oh Hyeon-gyu,54.0,False,False,20250610_KOR_KUW
2025-06-10,KOR,KUW,KOR,Lee Jae-sung,72.0,False,False,20250610_KOR_KUW
2025-06-10,URU,VEN,URU,Rodrigo Aguirre,43.0,False,False,20250610_URU_VEN
2025-06-10,URU,VEN,URU,Giorgian de Arrascaeta,47.0,False,False,20250610_URU_VEN
2025-06-10,UZB,QAT,UZB,Azizbek Turgunboev,28.0,False,False,20250610_UZB_QAT
2025-06-10,UZB,QAT,UZB,Eldor Shomurodov,86.0,False,False,20250610_UZB_QAT
2025-06-10,UZB,QAT,UZB,Igor Sergeev,90.0,False,False,20250610_UZB_QAT
2025-06-14,MEX,DOM,MEX,Edson Álvarez,44.0,False,False,20250614_MEX_DOM
2025-06-14,MEX,DOM,MEX,Raúl Jiménez,47.0,False,False,20250614_MEX_DOM
2025-06-14,MEX,DOM,DOM,Peter González,51.0,False,False,20250614_MEX_DOM
2025-06-14,MEX,DOM,MEX,César Montes,53.0,False,False,20250614_MEX_DOM
2025-06-14,MEX,DOM,DOM,Edison Azcona,67.0,False,False,20250614_MEX_DOM
2025-06-15,CRC,SUR,CRC,Alonso Martínez,14.0,False,False,20250615_CRC_SUR
2025-06-15,CRC,SUR,CRC,Manfred Ugalde,19.0,False,True,20250615_CRC_SUR
2025-06-15,CRC,SUR,SUR,Gyrano Kerk,34.0,False,False,20250615_CRC_SUR
2025-06-15,CRC,SUR,SUR,Richonell Margaret,59.0,False,False,20250615_CRC_SUR
2025-06-15,CRC,SUR,SUR,Shaquille Pinas,64.0,False,True,20250615_CRC_SUR
2025-06-15,CRC,SUR,CRC,Josimar Alcócer,76.0,False,False,20250615_CRC_SUR
2025-06-15,CRC,SUR,CRC,Manfred Ugalde,90.0,False,True,20250615_CRC_SUR
2025-06-15,HAI,KSA,KSA,Saleh Al-Shehri,21.0,False,True,20250615_HAI_KSA
2025-06-15,USA,TRI,USA,Malik Tillman,16.0,False,False,20250615_USA_TRI
2025-06-15,USA,TRI,USA,Malik Tillman,41.0,False,False,20250615_USA_TRI
2025-06-15,USA,TRI,USA,Patrick Agyemang,44.0,False,False,20250615_USA_TRI
2025-06-15,USA,TRI,USA,Brenden Aaronson,82.0,False,False,20250615_USA_TRI
2025-06-15,USA,TRI,USA,Haji Wright,84.0,False,False,20250615_USA_TRI
2025-06-16,JAM,GUA,GUA,Óscar Santis,32.0,False,False,20250616_JAM_GUA
2025-06-16,PAN,GPE,PAN,Cristian Martínez,6.0,False,False,20250616_PAN_GPE
2025-06-16,PAN,GPE,PAN,Ismael Díaz,13.0,False,False,20250616_PAN_GPE
2025-06-16,PAN,GPE,PAN,Ismael Díaz,17.0,False,False,20250616_PAN_GPE
2025-06-16,PAN,GPE,PAN,Eduardo Guerrero,22.0,False,True,20250616_PAN_GPE
2025-06-16,PAN,GPE,GPE,Jordan Leborgne,29.0,False,False,20250616_PAN_GPE
2025-06-16,PAN,GPE,GPE,Florian David,71.0,False,True,20250616_PAN_GPE
2025-06-16,PAN,GPE,PAN,Tomás Rodríguez,90.0,False,False,20250616_PAN_GPE
2025-06-17,CAN,HON,CAN,Niko Sigur,27.0,False,False,20250617_CAN_HON
2025-06-17,CAN,HON,CAN,Tani Oluwaseyi,45.0,False,False,20250617_CAN_HON
2025-06-17,CAN,HON,CAN,Tajon Buchanan,48.0,False,False,20250617_CAN_HON
2025-06-17,CAN,HON,CAN,Tajon Buchanan,65.0,False,False,20250617_CAN_HON
2025-06-17,CAN,HON,CAN,Promise David,75.0,False,False,20250617_CAN_HON
2025-06-17,CAN,HON,CAN,Nathan Saliba,90.0,False,False,20250617_CAN_HON
2025-06-18,CRC,DOM,DOM,Joao Urbáez,16.0,False,False,20250618_CRC_DOM
2025-06-18,CRC,DOM,CRC,Manfred Ugalde,44.0,False,True,20250618_CRC_DOM
2025-06-18,CRC,DOM,CRC,Josimar Alcócer,85.0,False,False,20250618_CRC_DOM
2025-06-18,SUR,MEX,MEX,César Montes,57.0,False,False,20250618_SUR_MEX
2025-06-18,SUR,MEX,MEX,César Montes,63.0,False,False,20250618_SUR_MEX
2025-06-19,TRI,HAI,HAI,Frantzdy Pierrot,49.0,False,False,20250619_TRI_HAI
2025-06-19,TRI,HAI,TRI,Justin Garcia,68.0,False,False,20250619_TRI_HAI
2025-06-19,USA,KSA,USA,Chris Richards,63.0,False,False,20250619_USA_KSA
2025-06-20,GUA,PAN,PAN,Tomás Rodríguez,19.0,False,False,20250620_GUA_PAN
2025-06-20,JAM,GPE,GPE,Thierry Ambrose,32.0,False,False,20250620_JAM_GPE
2025-06-20,JAM,GPE,JAM,Leon Bailey,41.0,False,False,20250620_JAM_GPE
2025-06-20,JAM,GPE,JAM,Jon Russell,45.0,False,False,20250620_JAM_GPE
2025-06-21,CUW,CAN,CAN,Nathan Saliba,9.0,False,False,20250621_CUW_CAN
2025-06-21,CUW,CAN,CUW,Jeremy Antonisse,90.0,False,False,20250621_CUW_CAN
2025-06-21,HON,SLV,HON,Romell Quioto,33.0,False,False,20250621_HON_SLV
2025-06-21,HON,SLV,HON,Dixon Ramírez,90.0,False,False,20250621_HON_SLV
2025-06-22,KSA,TRI,TRI,Dante Sealy,10.0,False,False,20250622_KSA_TRI
2025-06-22,KSA,TRI,KSA,Firas Al-Buraikan,60.0,False,False,20250622_KSA_TRI
2025-06-22,USA,HAI,USA,Malik Tillman,10.0,False,False,20250622_USA_HAI
2025-06-22,USA,HAI,HAI,Don Deedson Louicius,19.0,False,False,20250622_USA_HAI
2025-06-22,USA,HAI,USA,Patrick Agyemang,75.0,False,False,20250622_USA_HAI
2025-06-24,CAN,SLV,CAN,Jonathan David,53.0,False,False,20250624_CAN_SLV
2025-06-24,CAN,SLV,CAN,Tajon Buchanan,56.0,False,False,20250624_CAN_SLV
2025-06-24,GPE,GUA,GUA,José Carlos Pinto,13.0,False,True,20250624_GPE_GUA
2025-06-24,GPE,GUA,GUA,Olger Escobar,29.0,False,False,20250624_GPE_GUA
2025-06-24,GPE,GUA,GPE,Ange-Freddy Plumain,50.0,False,True,20250624_GPE_GUA
2025-06-24,GPE,GUA,GUA,Rubio Rubin,70.0,False,False,20250624_GPE_GUA
2025-06-24,GPE,GUA,GPE,Matthias Phaëton,78.0,False,False,20250624_GPE_GUA
2025-06-24,HON,CUW,HON,Jorge Álvarez,32.0,False,False,20250624_HON_CUW
2025-06-24,HON,CUW,CUW,Edrick Menjívar,42.0,True,False,20250624_HON_CUW
2025-06-24,HON,CUW,HON,Luis Palma,90.0,False,False,20250624_HON_CUW
2025-06-24,PAN,JAM,PAN,Ismael Díaz,4.0,False,False,20250624_PAN_JAM
2025-06-24,PAN,JAM,PAN,Ismael Díaz,17.0,False,False,20250624_PAN_JAM
2025-06-24,PAN,JAM,JAM,Amari'i Bell,27.0,False,False,20250624_PAN_JAM
2025-06-24,PAN,JAM,PAN,Ismael Díaz,45.0,False,True,20250624_PAN_JAM
2025-06-24,PAN,JAM,PAN,Tomás Rodríguez,89.0,False,False,20250624_PAN_JAM
2025-06-28,MEX,KSA,MEX,Alexis Vega,49.0,False,False,20250628_MEX_KSA
2025-06-28,MEX,KSA,MEX,Abdullah Madu,81.0,True,False,20250628_MEX_KSA
2025-06-28,PAN,HON,PAN,Ismael Díaz,45.0,False,True,20250628_PAN_HON
2025-06-28,PAN,HON,HON,Anthony Lozano,82.0,False,False,20250628_PAN_HON
2025-06-29,CAN,GUA,CAN,Jonathan David,30.0,False,True,20250629_CAN_GUA
2025-06-29,CAN,GUA,GUA,Rubio Rubin,69.0,False,False,20250629_CAN_GUA
2025-06-29,USA,CRC,CRC,Francisco Calvo,12.0,False,True,20250629_USA_CRC
2025-06-29,USA,CRC,USA,Diego Luna,43.0,False,False,20250629_USA_CRC
2025-06-29,USA,CRC,USA,Maximilian Arfsten,47.0,False,False,20250629_USA_CRC
2025-06-29,USA,CRC,CRC,Alonso Martínez,71.0,False,False,20250629_USA_CRC
2025-07-02,MEX,HON,MEX,Raúl Jiménez,50.0,False,False,20250702_MEX_HON
2025-07-02,USA,GUA,USA,Diego Luna,4.0,False,False,20250702_USA_GUA
2025-07-02,USA,GUA,USA,Diego Luna,15.0,False,False,20250702_USA_GUA
2025-07-02,USA,GUA,GUA,Olger Escobar,80.0,False,False,20250702_USA_GUA
2025-07-06,USA,MEX,USA,Chris Richards,4.0,False,False,20250706_USA_MEX
2025-07-06,USA,MEX,MEX,Raúl Jiménez,27.0,False,False,20250706_USA_MEX
2025-07-06,USA,MEX,MEX,Edson Álvarez,77.0,False,False,20250706_USA_MEX
2025-09-03,SEY,GAB,GAB,Denis Bouanga,4.0,False,False,20250903_SEY_GAB
2025-09-03,SEY,GAB,GAB,Denis Bouanga,34.0,False,False,20250903_SEY_GAB
2025-09-03,SEY,GAB,GAB,Denis Bouanga,38.0,False,False,20250903_SEY_GAB
2025-09-03,SEY,GAB,GAB,Yannis M'Bemba,89.0,False,False,20250903_SEY_GAB
2025-09-04,ALG,BOT,ALG,Mohamed Amoura,33.0,False,False,20250904_ALG_BOT
2025-09-04,ALG,BOT,BOT,Tebogo Kopelang,43.0,False,False,20250904_ALG_BOT
2025-09-04,ALG,BOT,ALG,Baghdad Bounedjah,71.0,False,False,20250904_ALG_BOT
2025-09-04,ALG,BOT,ALG,Baghdad Bounedjah,90.0,False,False,20250904_ALG_BOT
2025-09-04,ANG,LBY,LBY,Ezoo El Maremi,48.0,False,False,20250904_ANG_LBY
2025-09-04,ARG,VEN,ARG,Lionel Messi,39.0,False,False,20250904_ARG_VEN
2025-09-04,ARG,VEN,ARG,Lautaro Martínez,76.0,False,False,20250904_ARG_VEN
2025-09-04,ARG,VEN,ARG,Lionel Messi,80.0,False,False,20250904_ARG_VEN
2025-09-04,BRA,CHI,BRA,Estêvão Willian,38.0,False,False,20250904_BRA_CHI
2025-09-04,BRA,CHI,BRA,Lucas Paquetá,72.0,False,False,20250904_BRA_CHI
2025-09-04,BRA,CHI,BRA,Bruno Guimarães,76.0,False,False,20250904_BRA_CHI
2025-09-04,BUL,ESP,ESP,Mikel Oyarzabal,5.0,False,False,20250904_BUL_ESP
2025-09-04,BUL,ESP,ESP,Marc Cucurella,30.0,False,False,20250904_BUL_ESP
2025-09-04,BUL,ESP,ESP,Mikel Merino,38.0,False,False,20250904_BUL_ESP
2025-09-04,CMR,SWZ,CMR,Gift Gamedze,6.0,True,False,20250904_CMR_SWZ
2025-09-04,CMR,SWZ,CMR,Georges-Kévin Nkoudou,25.0,False,False,20250904_CMR_SWZ
2025-09-04,CMR,SWZ,CMR,Arthur Avom,28.0,False,False,20250904_CMR_SWZ
2025-09-04,CHA,GHA,GHA,Jordan Ayew,17.0,False,False,20250904_CHA_GHA
2025-09-04,CHA,GHA,CHA,Célestin Ecua,89.0,False,False,20250904_CHA_GHA
2025-09-04,COL,BOL,COL,James Rodríguez,31.0,False,False,20250904_COL_BOL
2025-09-04,COL,BOL,COL,Jhon Córdoba,74.0,False,False,20250904_COL_BOL
2025-09-04,COL,BOL,COL,Juan Fernando Quintero,83.0,False,False,20250904_COL_BOL
2025-09-04,GEO,TUR,TUR,Mert Müldür,3.0,False,False,20250904_GEO_TUR
2025-09-04,GEO,TUR,TUR,Kerem Aktürkoğlu,41.0,False,False,20250904_GEO_TUR
2025-09-04,GEO,TUR,TUR,Kerem Aktürkoğlu,52.0,False,False,20250904_GEO_TUR
2025-09-04,GEO,TUR,GEO,Zuriko Davitashvili,63.0,False,False,20250904_GEO_TUR
2025-09-04,GEO,TUR,GEO,Khvicha Kvaratskhelia,90.0,False,False,20250904_GEO_TUR
2025-09-04,GUA,SLV,SLV,Harold Osorio,79.0,False,False,20250904_GUA_SLV
2025-09-04,GNB,SLE,SLE,Kei Kamara,45.0,False,False,20250904_GNB_SLE
2025-09-04,GNB,SLE,GNB,Mama Baldé,74.0,False,False,20250904_GNB_SLE
2025-09-04,KAZ,WAL,WAL,Kieffer Moore,24.0,False,False,20250904_KAZ_WAL
2025-09-04,LIE,BEL,BEL,Maxim De Cuyper,29.0,False,False,20250904_LIE_BEL
2025-09-04,LIE,BEL,BEL,Youri Tielemans,46.0,False,False,20250904_LIE_BEL
2025-09-04,LIE,BEL,BEL,Arthur Theate,60.0,False,False,20250904_LIE_BEL
2025-09-04,LIE,BEL,BEL,Kevin De Bruyne,62.0,False,False,20250904_LIE_BEL
2025-09-04,LIE,BEL,BEL,Youri Tielemans,70.0,False,True,20250904_LIE_BEL
2025-09-04,LIE,BEL,BEL,Malick Fofana,90.0,False,False,20250904_LIE_BEL
2025-09-04,LTU,MLT,MLT,Alexander Satariano,83.0,False,False,20250904_LTU_MLT
2025-09-04,LTU,MLT,LTU,Gvidas Gineitis,90.0,False,True,20250904_LTU_MLT
2025-09-04,LUX,NIR,NIR,Jamie Reid,7.0,False,False,20250904_LUX_NIR
2025-09-04,LUX,NIR,LUX,Aiman Dardari,30.0,False,False,20250904_LUX_NIR
2025-09-04,LUX,NIR,NIR,Shea Charles,46.0,False,False,20250904_LUX_NIR
2025-09-04,LUX,NIR,NIR,Justin Devenny,70.0,False,False,20250904_LUX_NIR
2025-09-04,MAD,CTA,MAD,Warren Caddy,45.0,False,False,20250904_MAD_CTA
2025-09-04,MAD,CTA,MAD,Arnaud Randrianantenaina,59.0,False,False,20250904_MAD_CTA
2025-09-04,MLI,COM,MLI,Dorgeles Nene,45.0,False,False,20250904_MLI_COM
2025-09-04,MLI,COM,MLI,Kamory Doumbia,70.0,False,True,20250904_MLI_COM
2025-09-04,MLI,COM,MLI,Lassana Coulibaly,76.0,False,False,20250904_MLI_COM
2025-09-04,MRI,CPV,CPV,Jovane Cabral,22.0,False,False,20250904_MRI_CPV
2025-09-04,MRI,CPV,CPV,Diney,70.0,False,False,20250904_MRI_CPV
2025-09-04,NED,POL,NED,Denzel Dumfries,28.0,False,False,20250904_NED_POL
2025-09-04,NED,POL,POL,Matty Cash,80.0,False,False,20250904_NED_POL
2025-09-04,SVK,GER,SVK,Dávid Hancko,42.0,False,False,20250904_SVK_GER
2025-09-04,SVK,GER,SVK,David Strelec,55.0,False,False,20250904_SVK_GER
2025-09-04,São Tomé and Príncipe,EQG,São Tomé and Príncipe,Ronaldo Afonso,8.0,False,True,20250904_São-Tomé-and-Príncipe_EQG
2025-09-04,São Tomé and Príncipe,EQG,São Tomé and Príncipe,Ronaldo Afonso,42.0,False,True,20250904_São-Tomé-and-Príncipe_EQG
2025-09-04,São Tomé and Príncipe,EQG,EQG,Pablo Ganet,52.0,False,False,20250904_São-Tomé-and-Príncipe_EQG
2025-09-04,São Tomé and Príncipe,EQG,EQG,Iban Salvador,61.0,False,False,20250904_São-Tomé-and-Príncipe_EQG
2025-09-04,São Tomé and Príncipe,EQG,EQG,José Nabil Ondo,69.0,False,False,20250904_São-Tomé-and-Príncipe_EQG
2025-09-04,TUN,LBR,TUN,Hazem Mastouri,5.0,False,False,20250904_TUN_LBR
2025-09-04,TUN,LBR,TUN,Ferjani Sassi,66.0,False,False,20250904_TUN_LBR
2025-09-04,TUN,LBR,TUN,Elias Saad,90.0,False,False,20250904_TUN_LBR
2025-09-04,URU,PER,URU,Rodrigo Aguirre,14.0,False,False,20250904_URU_PER
2025-09-04,URU,PER,URU,Giorgian de Arrascaeta,58.0,False,False,20250904_URU_PER
2025-09-04,URU,PER,URU,Federico Viñas,80.0,False,False,20250904_URU_PER
2025-09-05,BEN,ZIM,BEN,Steve Mounié,77.0,False,False,20250905_BEN_ZIM
2025-09-05,BER,JAM,JAM,Damion Lowe,6.0,False,False,20250905_BER_JAM
2025-09-05,BER,JAM,JAM,Renaldo Cephas,26.0,False,False,20250905_BER_JAM
2025-09-05,BER,JAM,JAM,Kasey Palmer,58.0,False,False,20250905_BER_JAM
2025-09-05,BER,JAM,JAM,Shamar Nicholson,90.0,False,False,20250905_BER_JAM
2025-09-05,CGO,TAN,CGO,Dechan Moussavou,68.0,False,False,20250905_CGO_TAN
2025-09-05,CGO,TAN,TAN,Selemani Mwalimu,84.0,False,False,20250905_CGO_TAN
2025-09-05,Djibouti,BFA,BFA,Cyriaque Irié,16.0,False,False,20250905_Djibouti_BFA
2025-09-05,Djibouti,BFA,BFA,Josué Tiendrébéogo,25.0,False,False,20250905_Djibouti_BFA
2025-09-05,Djibouti,BFA,BFA,Edmond Tapsoba,36.0,False,False,20250905_Djibouti_BFA
2025-09-05,Djibouti,BFA,BFA,Edmond Tapsoba,43.0,False,False,20250905_Djibouti_BFA
2025-09-05,Djibouti,BFA,BFA,Dango Ouattara,59.0,False,False,20250905_Djibouti_BFA
2025-09-05,Djibouti,BFA,BFA,Dango Ouattara,86.0,False,True,20250905_Djibouti_BFA
2025-09-05,EGY,ETH,EGY,Mohamed Salah,41.0,False,True,20250905_EGY_ETH
2025-09-05,EGY,ETH,EGY,Omar Marmoush,45.0,False,True,20250905_EGY_ETH
2025-09-05,FRO,CRO,CRO,Andrej Kramarić,31.0,False,False,20250905_FRO_CRO
2025-09-05,GRE,BLR,GRE,Konstantinos Karetsas,3.0,False,False,20250905_GRE_BLR
2025-09-05,GRE,BLR,GRE,Vangelis Pavlidis,17.0,False,False,20250905_GRE_BLR
2025-09-05,GRE,BLR,GRE,Anastasios Bakasetas,21.0,False,False,20250905_GRE_BLR
2025-09-05,GRE,BLR,GRE,Dimitrios Kourbelis,36.0,False,False,20250905_GRE_BLR
2025-09-05,GRE,BLR,GRE,Christos Tzolis,63.0,False,False,20250905_GRE_BLR
2025-09-05,GRE,BLR,BLR,German Barkovsky,72.0,False,True,20250905_GRE_BLR
2025-09-05,ISL,AZE,ISL,Victor Pálsson,45.0,False,False,20250905_ISL_AZE
2025-09-05,ISL,AZE,ISL,Ísak Bergmann Jóhannesson,47.0,False,False,20250905_ISL_AZE
2025-09-05,ISL,AZE,ISL,Ísak Bergmann Jóhannesson,56.0,False,False,20250905_ISL_AZE
2025-09-05,ISL,AZE,ISL,Albert Guðmundsson,66.0,False,False,20250905_ISL_AZE
2025-09-05,ISL,AZE,ISL,Kristian Hlynsson,73.0,False,False,20250905_ISL_AZE
2025-09-05,ITA,EST,ITA,Moise Kean,58.0,False,False,20250905_ITA_EST
2025-09-05,ITA,EST,ITA,Mateo Retegui,69.0,False,False,20250905_ITA_EST
2025-09-05,ITA,EST,ITA,Giacomo Raspadori,71.0,False,False,20250905_ITA_EST
2025-09-05,ITA,EST,ITA,Mateo Retegui,89.0,False,False,20250905_ITA_EST
2025-09-05,ITA,EST,ITA,Alessandro Bastoni,90.0,False,False,20250905_ITA_EST
2025-09-05,CIV,BDI,CIV,Vakoun Issouf Bayo,3.0,False,False,20250905_CIV_BDI
2025-09-05,KEN,GAM,GAM,Sheriff Sinyan,12.0,False,False,20250905_KEN_GAM
2025-09-05,KEN,GAM,GAM,Yankuba Minteh,26.0,False,False,20250905_KEN_GAM
2025-09-05,KEN,GAM,GAM,Musa Barrow,38.0,False,False,20250905_KEN_GAM
2025-09-05,KEN,GAM,KEN,Ryan Ogam,81.0,False,False,20250905_KEN_GAM
2025-09-05,MTN,TOG,MTN,Pape Ndiaga Yade,13.0,False,False,20250905_MTN_TOG
2025-09-05,MTN,TOG,MTN,Aly Abeid,68.0,False,False,20250905_MTN_TOG
2025-09-05,MDA,ISR,ISR,Dor Peretz,15.0,False,False,20250905_MDA_ISR
2025-09-05,MDA,ISR,ISR,Manor Solomon,35.0,False,False,20250905_MDA_ISR
2025-09-05,MDA,ISR,ISR,Tai Baribo,59.0,False,False,20250905_MDA_ISR
2025-09-05,MDA,ISR,ISR,Oscar Gloukh,77.0,False,False,20250905_MDA_ISR
2025-09-05,MNE,CZE,CZE,Lukáš Červ,3.0,False,False,20250905_MNE_CZE
2025-09-05,MNE,CZE,CZE,Václav Černý,90.0,False,False,20250905_MNE_CZE
2025-09-05,MAR,NIG,MAR,Ismael Saibari,29.0,False,False,20250905_MAR_NIG
2025-09-05,MAR,NIG,MAR,Ismael Saibari,38.0,False,False,20250905_MAR_NIG
2025-09-05,MAR,NIG,MAR,Ayoub El Kaabi,51.0,False,False,20250905_MAR_NIG
2025-09-05,MAR,NIG,MAR,Hamza Igamane,69.0,False,False,20250905_MAR_NIG
2025-09-05,MAR,NIG,MAR,Azzedine Ounahi,84.0,False,False,20250905_MAR_NIG
2025-09-05,NAM,MWI,MWI,Richard Mbulu,5.0,False,False,20250905_NAM_MWI
2025-09-05,NAM,MWI,MWI,Gabadinho Mhango,53.0,False,False,20250905_NAM_MWI
2025-09-05,NAM,MWI,NAM,Dawid Ndeunyema,86.0,False,False,20250905_NAM_MWI
2025-09-05,NCA,CRC,CRC,Alexis Gamboa,60.0,False,False,20250905_NCA_CRC
2025-09-05,NCA,CRC,NCA,Byron Bonilla,80.0,False,True,20250905_NCA_CRC
2025-09-05,SEN,SDN,SEN,Kalidou Koulibaly,14.0,False,False,20250905_SEN_SDN
2025-09-05,SEN,SDN,SEN,Pape Matar Sarr,41.0,False,False,20250905_SEN_SDN
2025-09-05,SVN,SWE,SWE,Anthony Elanga,18.0,False,False,20250905_SVN_SWE
2025-09-05,SVN,SWE,SVN,Sandi Lovrić,46.0,False,False,20250905_SVN_SWE
2025-09-05,SVN,SWE,SWE,Yasin Ayari,73.0,False,False,20250905_SVN_SWE
2025-09-05,SVN,SWE,SVN,Žan Vipotnik,90.0,False,False,20250905_SVN_SWE
2025-09-05,Somalia,GUI,GUI,Serhou Guirassy,22.0,False,False,20250905_Somalia_GUI
2025-09-05,Somalia,GUI,GUI,Faisal Othman,64.0,True,False,20250905_Somalia_GUI
2025-09-05,Somalia,GUI,GUI,Ousmane Camara,90.0,False,False,20250905_Somalia_GUI
2025-09-05,RSA,LES,RSA,Mohau Nkota,15.0,False,False,20250905_RSA_LES
2025-09-05,RSA,LES,RSA,Lyle Foster,63.0,False,False,20250905_RSA_LES
2025-09-05,RSA,LES,RSA,Oswin Appollis,67.0,False,False,20250905_RSA_LES
2025-09-05,South Sudan,COD,COD,Cédric Bakambu,13.0,False,False,20250905_South-Sudan_COD
2025-09-05,South Sudan,COD,COD,Cédric Bakambu,36.0,False,False,20250905_South-Sudan_COD
2025-09-05,South Sudan,COD,COD,Nathanaël Mbuku,45.0,False,False,20250905_South-Sudan_COD
2025-09-05,South Sudan,COD,COD,Yoane Wissa,57.0,False,False,20250905_South-Sudan_COD
2025-09-05,South Sudan,COD,South Sudan,Keer Majak,68.0,False,False,20250905_South-Sudan_COD
2025-09-05,SUI,KVX,SUI,Manuel Akanji,22.0,False,False,20250905_SUI_KVX
2025-09-05,SUI,KVX,SUI,Breel Embolo,25.0,False,False,20250905_SUI_KVX
2025-09-05,SUI,KVX,SUI,Silvan Widmer,39.0,False,False,20250905_SUI_KVX
2025-09-05,SUI,KVX,SUI,Breel Embolo,45.0,False,False,20250905_SUI_KVX
2025-09-05,UGA,MOZ,UGA,Allan Okello,48.0,False,False,20250905_UGA_MOZ
2025-09-05,UGA,MOZ,UGA,Rogers Mato,70.0,False,False,20250905_UGA_MOZ
2025-09-05,UGA,MOZ,UGA,Rogers Mato,84.0,False,False,20250905_UGA_MOZ
2025-09-05,UGA,MOZ,UGA,Elio Capradossi,90.0,False,False,20250905_UGA_MOZ
2025-09-05,UKR,FRA,FRA,Michael Olise,10.0,False,False,20250905_UKR_FRA
2025-09-05,UKR,FRA,FRA,Kylian Mbappé,82.0,False,False,20250905_UKR_FRA
2025-09-06,ARM,POR,POR,João Félix,10.0,False,False,20250906_ARM_POR
2025-09-06,ARM,POR,POR,Cristiano Ronaldo,21.0,False,False,20250906_ARM_POR
2025-09-06,ARM,POR,POR,João Cancelo,32.0,False,False,20250906_ARM_POR
2025-09-06,ARM,POR,POR,Cristiano Ronaldo,46.0,False,False,20250906_ARM_POR
2025-09-06,ARM,POR,POR,João Félix,62.0,False,False,20250906_ARM_POR
2025-09-06,AUT,CYP,AUT,Marcel Sabitzer,54.0,False,True,20250906_AUT_CYP
2025-09-06,ENG,AND,ENG,Christian García,25.0,True,False,20250906_ENG_AND
2025-09-06,ENG,AND,ENG,Declan Rice,67.0,False,False,20250906_ENG_AND
2025-09-06,LVA,SRB,SRB,Dušan Vlahović,12.0,False,False,20250906_LVA_SRB
2025-09-06,NGA,RWA,NGA,Tolu Arokodare,51.0,False,False,20250906_NGA_RWA
2025-09-06,IRL,HUN,HUN,Barnabás Varga,2.0,False,False,20250906_IRL_HUN
2025-09-06,IRL,HUN,HUN,Roland Sallai,15.0,False,False,20250906_IRL_HUN
2025-09-06,IRL,HUN,IRL,Evan Ferguson,49.0,False,False,20250906_IRL_HUN
2025-09-06,IRL,HUN,IRL,Adam Idah,90.0,False,False,20250906_IRL_HUN
2025-09-06,SMR,BIH,BIH,Benjamin Tahirović,21.0,False,False,20250906_SMR_BIH
2025-09-06,SMR,BIH,BIH,Edin Džeko,70.0,False,False,20250906_SMR_BIH
2025-09-06,SMR,BIH,BIH,Edin Džeko,72.0,False,False,20250906_SMR_BIH
2025-09-06,SMR,BIH,BIH,Samed Baždar,81.0,False,False,20250906_SMR_BIH
2025-09-06,SMR,BIH,BIH,Kerim Alajbegović,85.0,False,False,20250906_SMR_BIH
2025-09-06,SMR,BIH,BIH,Nihad Mujakić,90.0,False,False,20250906_SMR_BIH
2025-09-07,BEL,KAZ,BEL,Kevin De Bruyne,42.0,False,False,20250907_BEL_KAZ
2025-09-07,BEL,KAZ,BEL,Jérémy Doku,44.0,False,False,20250907_BEL_KAZ
2025-09-07,BEL,KAZ,BEL,Nicolas Raskin,51.0,False,False,20250907_BEL_KAZ
2025-09-07,BEL,KAZ,BEL,Jérémy Doku,60.0,False,False,20250907_BEL_KAZ
2025-09-07,BEL,KAZ,BEL,Kevin De Bruyne,84.0,False,False,20250907_BEL_KAZ
2025-09-07,BEL,KAZ,BEL,Thomas Meunier,87.0,False,False,20250907_BEL_KAZ
2025-09-07,CTA,COM,COM,Youssouf M'Changama,20.0,False,False,20250907_CTA_COM
2025-09-07,CTA,COM,COM,Myziane Maolida,39.0,False,False,20250907_CTA_COM
2025-09-07,GEO,BUL,GEO,Khvicha Kvaratskhelia,30.0,False,False,20250907_GEO_BUL
2025-09-07,GEO,BUL,GEO,Nika Gagnidze,44.0,False,False,20250907_GEO_BUL
2025-09-07,GEO,BUL,GEO,Georges Mikautadze,65.0,False,False,20250907_GEO_BUL
2025-09-07,GER,NIR,GER,Serge Gnabry,7.0,False,False,20250907_GER_NIR
2025-09-07,GER,NIR,NIR,Isaac Price,34.0,False,False,20250907_GER_NIR
2025-09-07,GER,NIR,GER,Nadiem Amiri,69.0,False,False,20250907_GER_NIR
2025-09-07,GER,NIR,GER,Florian Wirtz,72.0,False,False,20250907_GER_NIR
2025-09-07,LTU,NED,NED,Memphis Depay,11.0,False,False,20250907_LTU_NED
2025-09-07,LTU,NED,NED,Quinten Timber,33.0,False,False,20250907_LTU_NED
2025-09-07,LTU,NED,LTU,Gvidas Gineitis,36.0,False,False,20250907_LTU_NED
2025-09-07,LTU,NED,LTU,Edvinas Girdvainis,43.0,False,False,20250907_LTU_NED
2025-09-07,LTU,NED,NED,Memphis Depay,63.0,False,False,20250907_LTU_NED
2025-09-07,LUX,SVK,SVK,Tomáš Rigo,90.0,False,False,20250907_LUX_SVK
2025-09-07,MKD,LIE,MKD,Benjamin Büchel,15.0,True,False,20250907_MKD_LIE
2025-09-07,MKD,LIE,MKD,Enis Bardhi,52.0,False,False,20250907_MKD_LIE
2025-09-07,MKD,LIE,MKD,Darko Churlinov,56.0,False,False,20250907_MKD_LIE
2025-09-07,MKD,LIE,MKD,Lirim Qamili,82.0,False,False,20250907_MKD_LIE
2025-09-07,MKD,LIE,MKD,Luka Stankovski,90.0,False,False,20250907_MKD_LIE
2025-09-07,POL,FIN,POL,Matty Cash,27.0,False,False,20250907_POL_FIN
2025-09-07,POL,FIN,POL,Robert Lewandowski,45.0,False,False,20250907_POL_FIN
2025-09-07,POL,FIN,POL,Jakub Kamiński,54.0,False,False,20250907_POL_FIN
2025-09-07,POL,FIN,FIN,Benjamin Källman,88.0,False,False,20250907_POL_FIN
2025-09-07,TUR,ESP,ESP,Pedri,6.0,False,False,20250907_TUR_ESP
2025-09-07,TUR,ESP,ESP,Mikel Merino,22.0,False,False,20250907_TUR_ESP
2025-09-07,TUR,ESP,ESP,Mikel Merino,45.0,False,False,20250907_TUR_ESP
2025-09-07,TUR,ESP,ESP,Ferran Torres,53.0,False,False,20250907_TUR_ESP
2025-09-07,TUR,ESP,ESP,Mikel Merino,57.0,False,False,20250907_TUR_ESP
2025-09-07,TUR,ESP,ESP,Pedri,62.0,False,False,20250907_TUR_ESP
2025-09-08,BLR,SCO,SCO,Che Adams,43.0,False,False,20250908_BLR_SCO
2025-09-08,BLR,SCO,SCO,Zakhar Volkov,65.0,True,False,20250908_BLR_SCO
2025-09-08,CRO,MNE,CRO,Kristijan Jakić,35.0,False,False,20250908_CRO_MNE
2025-09-08,CRO,MNE,CRO,Andrej Kramarić,51.0,False,False,20250908_CRO_MNE
2025-09-08,CRO,MNE,CRO,Edvin Kuč,85.0,True,False,20250908_CRO_MNE
2025-09-08,CRO,MNE,CRO,Ivan Perišić,90.0,False,False,20250908_CRO_MNE
2025-09-08,SLV,SUR,SUR,Radinio Balker,12.0,False,False,20250908_SLV_SUR
2025-09-08,SLV,SUR,SLV,Anfernee Dijksteel,73.0,True,False,20250908_SLV_SUR
2025-09-08,SLV,SUR,SUR,Dhoraso Klas,81.0,False,False,20250908_SLV_SUR
2025-09-08,EQG,TUN,TUN,Mohamed Ali Ben Romdhane,90.0,False,False,20250908_EQG_TUN
2025-09-08,GHA,MLI,GHA,Alexander Djiku,49.0,False,False,20250908_GHA_MLI
2025-09-08,GIB,FRO,FRO,Martin Agnarsson,68.0,False,False,20250908_GIB_FRO
2025-09-08,GRE,DEN,DEN,Mikkel Damsgaard,32.0,False,False,20250908_GRE_DEN
2025-09-08,GRE,DEN,DEN,Andreas Christensen,62.0,False,False,20250908_GRE_DEN
2025-09-08,GRE,DEN,DEN,Rasmus Højlund,81.0,False,False,20250908_GRE_DEN
2025-09-08,GNB,Djibouti,GNB,Iano Imbeni,54.0,False,False,20250908_GNB_Djibouti
2025-09-08,GNB,Djibouti,GNB,Fali Candé,82.0,False,False,20250908_GNB_Djibouti
2025-09-08,ISR,ITA,ISR,Manuel Locatelli,16.0,True,False,20250908_ISR_ITA
2025-09-08,ISR,ITA,ITA,Moise Kean,40.0,False,False,20250908_ISR_ITA
2025-09-08,ISR,ITA,ISR,Dor Peretz,52.0,False,False,20250908_ISR_ITA
2025-09-08,ISR,ITA,ITA,Moise Kean,54.0,False,False,20250908_ISR_ITA
2025-09-08,ISR,ITA,ITA,Matteo Politano,59.0,False,False,20250908_ISR_ITA
2025-09-08,ISR,ITA,ITA,Giacomo Raspadori,81.0,False,False,20250908_ISR_ITA
2025-09-08,ISR,ITA,ISR,Alessandro Bastoni,87.0,True,False,20250908_ISR_ITA
2025-09-08,ISR,ITA,ISR,Dor Peretz,89.0,False,False,20250908_ISR_ITA
2025-09-08,ISR,ITA,ITA,Sandro Tonali,90.0,False,False,20250908_ISR_ITA
2025-09-08,KVX,SWE,KVX,Elvis Rexhbeçaj,26.0,False,False,20250908_KVX_SWE
2025-09-08,KVX,SWE,KVX,Vedat Muriqi,42.0,False,False,20250908_KVX_SWE
2025-09-08,LBY,SWZ,LBY,Muad Eisay,8.0,False,False,20250908_LBY_SWZ
2025-09-08,LBY,SWZ,LBY,Ezoo El Maremi,19.0,False,False,20250908_LBY_SWZ
2025-09-08,MAD,CHA,CHA,Yves Allarabaye,25.0,False,False,20250908_MAD_CHA
2025-09-08,MAD,CHA,MAD,Warren Caddy,52.0,False,False,20250908_MAD_CHA
2025-09-08,MAD,CHA,MAD,Rayan Raveloson,69.0,False,False,20250908_MAD_CHA
2025-09-08,MAD,CHA,MAD,Hakim Abdallah,90.0,False,False,20250908_MAD_CHA
2025-09-08,MWI,LBR,LBR,Ayouba Kosiah,3.0,False,False,20250908_MWI_LBR
2025-09-08,MWI,LBR,LBR,Ayouba Kosiah,61.0,False,False,20250908_MWI_LBR
2025-09-08,MWI,LBR,MWI,Gabadinho Mhango,72.0,False,False,20250908_MWI_LBR
2025-09-08,MWI,LBR,MWI,Chawanangwa Kawonga,80.0,False,False,20250908_MWI_LBR
2025-09-08,MOZ,BOT,MOZ,Witi,6.0,False,False,20250908_MOZ_BOT
2025-09-08,MOZ,BOT,MOZ,Faisal Bangal,71.0,False,False,20250908_MOZ_BOT
2025-09-08,PAN,GUA,GUA,Óscar Santis,35.0,False,False,20250908_PAN_GUA
2025-09-08,PAN,GUA,PAN,Carlos Harvey,37.0,False,False,20250908_PAN_GUA
2025-09-08,SUI,SVN,SUI,Nico Elvedi,18.0,False,False,20250908_SUI_SVN
2025-09-08,SUI,SVN,SUI,Breel Embolo,33.0,False,False,20250908_SUI_SVN
2025-09-08,SUI,SVN,SUI,Dan Ndoye,38.0,False,False,20250908_SUI_SVN
2025-09-08,UGA,Somalia,UGA,Allan Okello,6.0,False,True,20250908_UGA_Somalia
2025-09-08,UGA,Somalia,UGA,Jude Ssemugabi,39.0,False,False,20250908_UGA_Somalia
2025-09-08,ZAM,MAR,MAR,Youssef En-Nesyri,7.0,False,False,20250908_ZAM_MAR
2025-09-08,ZAM,MAR,MAR,Hamza Igamane,47.0,False,False,20250908_ZAM_MAR
2025-09-09,ALB,LVA,ALB,Kristjan Asllani,25.0,False,True,20250909_ALB_LVA
2025-09-09,ANG,MRI,ANG,M'Bala Nzola,17.0,False,False,20250909_ANG_MRI
2025-09-09,ANG,MRI,MRI,William François,21.0,False,False,20250909_ANG_MRI
2025-09-09,ANG,MRI,ANG,Fredy,57.0,False,False,20250909_ANG_MRI
2025-09-09,ANG,MRI,ANG,Zini,63.0,False,False,20250909_ANG_MRI
2025-09-09,ARM,IRL,ARM,Eduard Spertsyan,45.0,False,True,20250909_ARM_IRL
2025-09-09,ARM,IRL,ARM,Grant-Leon Ranos,51.0,False,False,20250909_ARM_IRL
2025-09-09,ARM,IRL,IRL,Evan Ferguson,57.0,False,False,20250909_ARM_IRL
2025-09-09,AZE,UKR,UKR,Heorhiy Sudakov,51.0,False,False,20250909_AZE_UKR
2025-09-09,AZE,UKR,AZE,Emin Mahmudov,72.0,False,True,20250909_AZE_UKR
2025-09-09,BEN,LES,BEN,Steve Mounié,6.0,False,False,20250909_BEN_LES
2025-09-09,BEN,LES,BEN,Andréas Hountondji,23.0,False,False,20250909_BEN_LES
2025-09-09,BEN,LES,BEN,Hassane Imourane,33.0,False,False,20250909_BEN_LES
2025-09-09,BEN,LES,BEN,Junior Olaitan,67.0,False,False,20250909_BEN_LES
2025-09-09,BOL,BRA,BOL,Miguel Terceros,45.0,False,True,20250909_BOL_BRA
2025-09-09,BIH,AUT,AUT,Marcel Sabitzer,49.0,False,False,20250909_BIH_AUT
2025-09-09,BIH,AUT,BIH,Edin Džeko,50.0,False,False,20250909_BIH_AUT
2025-09-09,BIH,AUT,AUT,Konrad Laimer,65.0,False,False,20250909_BIH_AUT
2025-09-09,CPV,CMR,CPV,Dailon Livramento,54.0,False,False,20250909_CPV_CMR
2025-09-09,CRC,HAI,CRC,Kenneth Vargas,1.0,False,False,20250909_CRC_HAI
2025-09-09,CRC,HAI,CRC,Alonso Martínez,35.0,False,False,20250909_CRC_HAI
2025-09-09,CRC,HAI,HAI,Duckens Nazon,55.0,False,False,20250909_CRC_HAI
2025-09-09,CRC,HAI,HAI,Duckens Nazon,58.0,False,False,20250909_CRC_HAI
2025-09-09,CRC,HAI,HAI,Duckens Nazon,86.0,False,False,20250909_CRC_HAI
2025-09-09,CRC,HAI,CRC,Juan Pablo Vargas,90.0,False,False,20250909_CRC_HAI
2025-09-09,CUW,BER,CUW,Tahith Chong,14.0,False,False,20250909_CUW_BER
2025-09-09,CUW,BER,CUW,Tahith Chong,26.0,False,False,20250909_CUW_BER
2025-09-09,CUW,BER,BER,Kane Crichlow,35.0,False,False,20250909_CUW_BER
2025-09-09,CUW,BER,BER,Djair Parfitt,42.0,False,False,20250909_CUW_BER
2025-09-09,CUW,BER,CUW,Tyrese Noslin,75.0,False,False,20250909_CUW_BER
2025-09-09,CYP,ROU,ROU,Denis Drăguș,2.0,False,False,20250909_CYP_ROU
2025-09-09,CYP,ROU,ROU,Denis Drăguș,18.0,False,False,20250909_CYP_ROU
2025-09-09,CYP,ROU,CYP,Loizos Loizou,29.0,False,False,20250909_CYP_ROU
2025-09-09,CYP,ROU,CYP,Charalampos Charalampous,76.0,False,False,20250909_CYP_ROU
2025-09-09,COD,SEN,COD,Cédric Bakambu,26.0,False,False,20250909_COD_SEN
2025-09-09,COD,SEN,COD,Yoane Wissa,33.0,False,False,20250909_COD_SEN
2025-09-09,COD,SEN,SEN,Pape Gueye,39.0,False,False,20250909_COD_SEN
2025-09-09,COD,SEN,SEN,Nicolas Jackson,53.0,False,False,20250909_COD_SEN
2025-09-09,COD,SEN,SEN,Pape Matar Sarr,87.0,False,False,20250909_COD_SEN
2025-09-09,ECU,ARG,ECU,Enner Valencia,45.0,False,True,20250909_ECU_ARG
2025-09-09,FRA,ISL,ISL,Andri Guðjohnsen,21.0,False,False,20250909_FRA_ISL
2025-09-09,FRA,ISL,FRA,Kylian Mbappé,45.0,False,True,20250909_FRA_ISL
2025-09-09,FRA,ISL,FRA,Bradley Barcola,62.0,False,False,20250909_FRA_ISL
2025-09-09,GAM,BDI,GAM,Alieu Fadera,34.0,False,True,20250909_GAM_BDI
2025-09-09,GAM,BDI,GAM,Ebou Adams,76.0,False,False,20250909_GAM_BDI
2025-09-09,HON,NCA,HON,Romell Quioto,47.0,False,False,20250909_HON_NCA
2025-09-09,HON,NCA,HON,Alexy Vega,90.0,False,False,20250909_HON_NCA
2025-09-09,HUN,POR,HUN,Barnabás Varga,21.0,False,False,20250909_HUN_POR
2025-09-09,HUN,POR,POR,Bernardo Silva,36.0,False,False,20250909_HUN_POR
2025-09-09,HUN,POR,POR,Cristiano Ronaldo,58.0,False,True,20250909_HUN_POR
2025-09-09,HUN,POR,HUN,Barnabás Varga,84.0,False,False,20250909_HUN_POR
2025-09-09,HUN,POR,POR,João Cancelo,86.0,False,False,20250909_HUN_POR
2025-09-09,JAM,TRI,JAM,Bailey Cadamarteri,36.0,False,False,20250909_JAM_TRI
2025-09-09,JAM,TRI,JAM,Jon Russell,57.0,False,False,20250909_JAM_TRI
2025-09-09,KEN,SEY,KEN,Ryan Ogam,7.0,False,False,20250909_KEN_SEY
2025-09-09,KEN,SEY,KEN,Collins Sichenje,35.0,False,False,20250909_KEN_SEY
2025-09-09,KEN,SEY,KEN,Ryan Ogam,38.0,False,False,20250909_KEN_SEY
2025-09-09,KEN,SEY,KEN,Michael Olunga,45.0,False,True,20250909_KEN_SEY
2025-09-09,KEN,SEY,KEN,Michael Olunga,67.0,False,False,20250909_KEN_SEY
2025-09-09,NAM,São Tomé and Príncipe,NAM,Peter Shalulile,41.0,False,False,20250909_NAM_São-Tomé-and-Príncipe
2025-09-09,NAM,São Tomé and Príncipe,NAM,Peter Shalulile,66.0,False,False,20250909_NAM_São-Tomé-and-Príncipe
2025-09-09,NAM,São Tomé and Príncipe,NAM,Peter Shalulile,71.0,False,False,20250909_NAM_São-Tomé-and-Príncipe
2025-09-09,NOR,MDA,NOR,Felix Horn Myhre,6.0,False,False,20250909_NOR_MDA
2025-09-09,NOR,MDA,NOR,Erling Haaland,11.0,False,False,20250909_NOR_MDA
2025-09-09,NOR,MDA,NOR,Erling Haaland,36.0,False,False,20250909_NOR_MDA
2025-09-09,NOR,MDA,NOR,Erling Haaland,43.0,False,False,20250909_NOR_MDA
2025-09-09,NOR,MDA,NOR,Martin Ødegaard,45.0,False,False,20250909_NOR_MDA
2025-09-09,NOR,MDA,NOR,Erling Haaland,52.0,False,False,20250909_NOR_MDA
2025-09-09,NOR,MDA,NOR,Thelo Aasgaard,67.0,False,False,20250909_NOR_MDA
2025-09-09,NOR,MDA,MDA,Leo Østigård,74.0,True,False,20250909_NOR_MDA
2025-09-09,NOR,MDA,NOR,Thelo Aasgaard,76.0,False,False,20250909_NOR_MDA
2025-09-09,NOR,MDA,NOR,Thelo Aasgaard,78.0,False,True,20250909_NOR_MDA
2025-09-09,NOR,MDA,NOR,Erling Haaland,83.0,False,False,20250909_NOR_MDA
2025-09-09,NOR,MDA,NOR,Thelo Aasgaard,90.0,False,False,20250909_NOR_MDA
2025-09-09,PER,PAR,PAR,Matías Galarza,78.0,False,False,20250909_PER_PAR
2025-09-09,SRB,ENG,ENG,Harry Kane,33.0,False,False,20250909_SRB_ENG
2025-09-09,SRB,ENG,ENG,Noni Madueke,35.0,False,False,20250909_SRB_ENG
2025-09-09,SRB,ENG,ENG,Ezri Konsa,52.0,False,False,20250909_SRB_ENG
2025-09-09,SRB,ENG,ENG,Marc Guéhi,75.0,False,False,20250909_SRB_ENG
2025-09-09,SRB,ENG,ENG,Marcus Rashford,90.0,False,True,20250909_SRB_ENG
2025-09-09,SLE,ETH,SLE,Momoh Kamara,37.0,False,False,20250909_SLE_ETH
2025-09-09,SLE,ETH,SLE,Alhassan Koroma,90.0,False,False,20250909_SLE_ETH
2025-09-09,RSA,NGA,RSA,William Troost-Ekong,25.0,True,False,20250909_RSA_NGA
2025-09-09,RSA,NGA,NGA,Calvin Bassey,44.0,False,False,20250909_RSA_NGA
2025-09-09,TAN,NIG,NIG,Daniel Sosah,58.0,False,False,20250909_TAN_NIG
2025-09-09,TOG,SDN,TOG,Sadik Fofana,6.0,False,False,20250909_TOG_SDN
2025-09-09,VEN,COL,VEN,Telasco Segovia,3.0,False,False,20250909_VEN_COL
2025-09-09,VEN,COL,COL,Yerry Mina,10.0,False,False,20250909_VEN_COL
2025-09-09,VEN,COL,VEN,Josef Martínez,12.0,False,False,20250909_VEN_COL
2025-09-09,VEN,COL,COL,Luis Suárez,42.0,False,False,20250909_VEN_COL
2025-09-09,VEN,COL,COL,Luis Suárez,50.0,False,False,20250909_VEN_COL
2025-09-09,VEN,COL,COL,Luis Suárez,59.0,False,False,20250909_VEN_COL
2025-09-09,VEN,COL,COL,Luis Suárez,67.0,False,False,20250909_VEN_COL
2025-09-09,VEN,COL,VEN,Salomón Rondón,76.0,False,False,20250909_VEN_COL
2025-09-09,VEN,COL,COL,Jhon Córdoba,78.0,False,False,20250909_VEN_COL
2025-09-09,ZIM,RWA,RWA,Gilbert Mugisha,40.0,False,False,20250909_ZIM_RWA
2025-10-08,CTA,GHA,GHA,Mohammed Salisu,20.0,False,False,20251008_CTA_GHA
2025-10-08,CTA,GHA,GHA,Thomas Partey,52.0,False,False,20251008_CTA_GHA
2025-10-08,CTA,GHA,GHA,Alexander Djiku,69.0,False,False,20251008_CTA_GHA
2025-10-08,CTA,GHA,GHA,Jordan Ayew,71.0,False,False,20251008_CTA_GHA
2025-10-08,CTA,GHA,GHA,Kamaldeen Sulemana,87.0,False,False,20251008_CTA_GHA
2025-10-08,CHA,MLI,MLI,Kamory Doumbia,19.0,False,False,20251008_CHA_MLI
2025-10-08,CHA,MLI,MLI,Kamory Doumbia,74.0,False,False,20251008_CHA_MLI
2025-10-08,COM,MAD,MAD,Clément Couturier,11.0,False,False,20251008_COM_MAD
2025-10-08,COM,MAD,MAD,El Hadari Raheriniaina,73.0,False,False,20251008_COM_MAD
2025-10-08,COM,MAD,COM,Rafiki Saïd,81.0,False,False,20251008_COM_MAD
2025-10-08,Djibouti,EGY,EGY,Ibrahim Adel,8.0,False,False,20251008_Djibouti_EGY
2025-10-08,Djibouti,EGY,EGY,Mohamed Salah,14.0,False,False,20251008_Djibouti_EGY
2025-10-08,Djibouti,EGY,EGY,Mohamed Salah,84.0,False,False,20251008_Djibouti_EGY
2025-10-08,SWZ,ANG,SWZ,Justice Figuareido,48.0,False,False,20251008_SWZ_ANG
2025-10-08,SWZ,ANG,SWZ,Justice Figuareido,54.0,False,False,20251008_SWZ_ANG
2025-10-08,SWZ,ANG,ANG,Jonathan Buatu,69.0,False,False,20251008_SWZ_ANG
2025-10-08,SWZ,ANG,ANG,Ary Papel,80.0,False,False,20251008_SWZ_ANG
2025-10-08,ETH,GNB,ETH,Ramkel James,27.0,False,False,20251008_ETH_GNB
2025-10-08,LBY,CPV,LBY,Roberto Lopes,1.0,True,False,20251008_LBY_CPV
2025-10-08,LBY,CPV,CPV,Telmo Arcanjo,29.0,False,False,20251008_LBY_CPV
2025-10-08,LBY,CPV,LBY,Ezoo El Maremi,42.0,False,False,20251008_LBY_CPV
2025-10-08,LBY,CPV,LBY,Mahmoud Al-Shalui,58.0,False,False,20251008_LBY_CPV
2025-10-08,LBY,CPV,CPV,Sidny Lopes Cabral,76.0,False,False,20251008_LBY_CPV
2025-10-08,LBY,CPV,CPV,Willy Semedo,82.0,False,False,20251008_LBY_CPV
2025-10-08,MRI,CMR,CMR,Moumi Ngamaleu,57.0,False,False,20251008_MRI_CMR
2025-10-08,MRI,CMR,CMR,Bryan Mbeumo,90.0,False,False,20251008_MRI_CMR
2025-10-08,NIG,CGO,NIG,Daniel Sosah,45.0,False,False,20251008_NIG_CGO
2025-10-08,NIG,CGO,NIG,Youssouf Oumarou,49.0,False,False,20251008_NIG_CGO
2025-10-08,NIG,CGO,NIG,Victorien Adebayor,67.0,False,False,20251008_NIG_CGO
2025-10-08,NIG,CGO,CGO,Déo Bassinga,90.0,False,False,20251008_NIG_CGO
2025-10-08,KSA,IDN,IDN,Kevin Diks,11.0,False,True,20251008_KSA_IDN
2025-10-08,KSA,IDN,KSA,Saleh Abu Al-Shamat,17.0,False,False,20251008_KSA_IDN
2025-10-08,KSA,IDN,KSA,Firas Al-Buraikan,36.0,False,True,20251008_KSA_IDN
2025-10-08,KSA,IDN,KSA,Firas Al-Buraikan,62.0,False,False,20251008_KSA_IDN
2025-10-08,KSA,IDN,IDN,Kevin Diks,88.0,False,True,20251008_KSA_IDN
2025-10-08,SLE,BFA,BFA,Mohamed Zougrana,42.0,False,False,20251008_SLE_BFA
2025-10-08,TAN,ZAM,ZAM,Fashion Sakala,75.0,False,False,20251008_TAN_ZAM
2025-10-09,ALG,Somalia,ALG,Mohamed Amoura,7.0,False,False,20251009_ALG_Somalia
2025-10-09,ALG,Somalia,ALG,Riyad Mahrez,19.0,False,False,20251009_ALG_Somalia
2025-10-09,ALG,Somalia,ALG,Mohamed Amoura,57.0,False,False,20251009_ALG_Somalia
2025-10-09,AUT,SMR,AUT,Romano Schmid,7.0,False,False,20251009_AUT_SMR
2025-10-09,AUT,SMR,AUT,Marko Arnautović,8.0,False,False,20251009_AUT_SMR
2025-10-09,AUT,SMR,AUT,Michael Gregoritsch,24.0,False,False,20251009_AUT_SMR
2025-10-09,AUT,SMR,AUT,Stefan Posch,30.0,False,False,20251009_AUT_SMR
2025-10-09,AUT,SMR,AUT,Stefan Posch,42.0,False,False,20251009_AUT_SMR
2025-10-09,AUT,SMR,AUT,Konrad Laimer,45.0,False,False,20251009_AUT_SMR
2025-10-09,AUT,SMR,AUT,Marko Arnautović,47.0,False,False,20251009_AUT_SMR
2025-10-09,AUT,SMR,AUT,Nikolaus Wurmbrand,76.0,False,False,20251009_AUT_SMR
2025-10-09,AUT,SMR,AUT,Marko Arnautović,83.0,False,False,20251009_AUT_SMR
2025-10-09,AUT,SMR,AUT,Marko Arnautović,84.0,False,False,20251009_AUT_SMR
2025-10-09,BLR,DEN,DEN,Victor Froholdt,14.0,False,False,20251009_BLR_DEN
2025-10-09,BLR,DEN,DEN,Rasmus Højlund,19.0,False,False,20251009_BLR_DEN
2025-10-09,BLR,DEN,DEN,Rasmus Højlund,45.0,False,False,20251009_BLR_DEN
2025-10-09,BLR,DEN,DEN,Patrick Dorgu,45.0,False,False,20251009_BLR_DEN
2025-10-09,BLR,DEN,DEN,Anders Dreyer,66.0,False,False,20251009_BLR_DEN
2025-10-09,BLR,DEN,DEN,Anders Dreyer,78.0,False,False,20251009_BLR_DEN
2025-10-09,BOT,UGA,UGA,Jude Ssemugabi,54.0,False,False,20251009_BOT_UGA
2025-10-09,BDI,KEN,KEN,Ryan Ogam,72.0,False,False,20251009_BDI_KEN
2025-10-09,CYP,BIH,BIH,Nikola Katić,10.0,False,False,20251009_CYP_BIH
2025-10-09,CYP,BIH,BIH,Neofytos Michail,36.0,True,False,20251009_CYP_BIH
2025-10-09,CYP,BIH,CYP,Konstantinos Laifis,45.0,False,False,20251009_CYP_BIH
2025-10-09,CYP,BIH,CYP,Ioannis Pittas,90.0,False,True,20251009_CYP_BIH
2025-10-09,FRO,MNE,FRO,Hanus Sørensen,16.0,False,False,20251009_FRO_MNE
2025-10-09,FRO,MNE,FRO,Milan Roganović,36.0,True,False,20251009_FRO_MNE
2025-10-09,FRO,MNE,FRO,Hanus Sørensen,55.0,False,False,20251009_FRO_MNE
2025-10-09,FRO,MNE,FRO,Árni Frederiksberg,72.0,False,True,20251009_FRO_MNE
2025-10-09,FIN,LTU,LTU,Pijus Širvys,25.0,False,False,20251009_FIN_LTU
2025-10-09,FIN,LTU,FIN,Benjamin Källman,48.0,False,False,20251009_FIN_LTU
2025-10-09,FIN,LTU,FIN,Adam Markhiyev,55.0,False,False,20251009_FIN_LTU
2025-10-09,LBR,NAM,LBR,Ayouba Kosiah,3.0,False,True,20251009_LBR_NAM
2025-10-09,LBR,NAM,LBR,Sulahman Mamadu Bah,9.0,False,False,20251009_LBR_NAM
2025-10-09,LBR,NAM,LBR,Edward Ledlum,81.0,False,False,20251009_LBR_NAM
2025-10-09,LBR,NAM,NAM,David Ndeunyema,87.0,False,False,20251009_LBR_NAM
2025-10-09,MLT,NED,NED,Cody Gakpo,12.0,False,True,20251009_MLT_NED
2025-10-09,MLT,NED,NED,Cody Gakpo,49.0,False,True,20251009_MLT_NED
2025-10-09,MLT,NED,NED,Tijjani Reijnders,57.0,False,False,20251009_MLT_NED
2025-10-09,MLT,NED,NED,Memphis Depay,90.0,False,False,20251009_MLT_NED
2025-10-09,MOZ,GUI,GUI,Abdoul Karim Traoré,2.0,False,False,20251009_MOZ_GUI
2025-10-09,MOZ,GUI,MOZ,Reinildo Mandava,19.0,False,False,20251009_MOZ_GUI
2025-10-09,MOZ,GUI,GUI,Abdoul Karim Traoré,59.0,False,False,20251009_MOZ_GUI
2025-10-09,NCA,HAI,HAI,Duckens Nazon,12.0,False,False,20251009_NCA_HAI
2025-10-09,NCA,HAI,HAI,Danley Jean Jacques,35.0,False,False,20251009_NCA_HAI
2025-10-09,NCA,HAI,HAI,Don Deedson Louicius,90.0,False,False,20251009_NCA_HAI
2025-10-09,SCO,GRE,GRE,Kostas Tsimikas,62.0,False,False,20251009_SCO_GRE
2025-10-09,SCO,GRE,SCO,Ryan Christie,64.0,False,False,20251009_SCO_GRE
2025-10-09,SCO,GRE,SCO,Lewis Ferguson,80.0,False,False,20251009_SCO_GRE
2025-10-09,SCO,GRE,SCO,Lyndon Dykes,90.0,False,False,20251009_SCO_GRE
2025-10-10,BER,TRI,TRI,Dante Sealy,10.0,False,False,20251010_BER_TRI
2025-10-10,BER,TRI,TRI,Tyrese Spicer,30.0,False,False,20251010_BER_TRI
2025-10-10,BER,TRI,TRI,Kobi Henry,49.0,False,False,20251010_BER_TRI
2025-10-10,CUW,JAM,CUW,Livano Comenencia,14.0,False,False,20251010_CUW_JAM
2025-10-10,CUW,JAM,CUW,Kenji Gorré,68.0,False,False,20251010_CUW_JAM
2025-10-10,SLV,PAN,PAN,José Fajardo,55.0,False,False,20251010_SLV_PAN
2025-10-10,FRA,AZE,FRA,Kylian Mbappé,45.0,False,False,20251010_FRA_AZE
2025-10-10,FRA,AZE,FRA,Adrien Rabiot,69.0,False,False,20251010_FRA_AZE
2025-10-10,FRA,AZE,FRA,Florian Thauvin,84.0,False,False,20251010_FRA_AZE
2025-10-10,GAM,GAB,GAB,Pierre-Emerick Aubameyang,20.0,False,False,20251010_GAM_GAB
2025-10-10,GAM,GAB,GAM,Yankuba Minteh,23.0,False,False,20251010_GAM_GAB
2025-10-10,GAM,GAB,GAB,Pierre-Emerick Aubameyang,42.0,False,False,20251010_GAM_GAB
2025-10-10,GAM,GAB,GAM,Adama Sidibeh,45.0,False,False,20251010_GAM_GAB
2025-10-10,GAM,GAB,GAM,Adama Sidibeh,47.0,False,False,20251010_GAM_GAB
2025-10-10,GAM,GAB,GAB,Pierre-Emerick Aubameyang,62.0,False,False,20251010_GAM_GAB
2025-10-10,GAM,GAB,GAB,Pierre-Emerick Aubameyang,76.0,False,False,20251010_GAM_GAB
2025-10-10,GER,LUX,GER,David Raum,12.0,False,False,20251010_GER_LUX
2025-10-10,GER,LUX,GER,Joshua Kimmich,21.0,False,True,20251010_GER_LUX
2025-10-10,GER,LUX,GER,Serge Gnabry,48.0,False,False,20251010_GER_LUX
2025-10-10,GER,LUX,GER,Joshua Kimmich,50.0,False,False,20251010_GER_LUX
2025-10-10,ISL,UKR,UKR,Ruslan Malinovskyi,14.0,False,False,20251010_ISL_UKR
2025-10-10,ISL,UKR,ISL,Mikael Egill Ellertsson,34.0,False,False,20251010_ISL_UKR
2025-10-10,ISL,UKR,UKR,Ruslan Malinovskyi,45.0,False,False,20251010_ISL_UKR
2025-10-10,ISL,UKR,UKR,Oleksiy Hutsulyak,45.0,False,False,20251010_ISL_UKR
2025-10-10,ISL,UKR,ISL,Albert Guðmundsson,59.0,False,False,20251010_ISL_UKR
2025-10-10,ISL,UKR,ISL,Albert Guðmundsson,75.0,False,False,20251010_ISL_UKR
2025-10-10,ISL,UKR,UKR,Ivan Kalyuzhnyi,85.0,False,False,20251010_ISL_UKR
2025-10-10,ISL,UKR,UKR,Oleh Ocheretko,88.0,False,False,20251010_ISL_UKR
2025-10-10,KAZ,LIE,KAZ,Galymzhan Kenzhebek,26.0,False,False,20251010_KAZ_LIE
2025-10-10,KAZ,LIE,KAZ,Baktiyor Zainutdinov,28.0,False,False,20251010_KAZ_LIE
2025-10-10,KAZ,LIE,KAZ,Galymzhan Kenzhebek,59.0,False,False,20251010_KAZ_LIE
2025-10-10,KAZ,LIE,KAZ,Alibek Kasym,81.0,False,False,20251010_KAZ_LIE
2025-10-10,LES,NGA,NGA,William Troost-Ekong,55.0,False,True,20251010_LES_NGA
2025-10-10,LES,NGA,NGA,Akor Adams,80.0,False,False,20251010_LES_NGA
2025-10-10,LES,NGA,LES,Hlompho Kalake,83.0,False,False,20251010_LES_NGA
2025-10-10,NIR,SVK,NIR,Patrik Hrošovský,18.0,True,False,20251010_NIR_SVK
2025-10-10,NIR,SVK,NIR,Trai Hume,81.0,False,False,20251010_NIR_SVK
2025-10-10,RWA,BEN,BEN,Tosin Aiyegun,80.0,False,False,20251010_RWA_BEN
2025-10-10,SEY,CIV,CIV,Ibrahim Sangaré,7.0,False,True,20251010_SEY_CIV
2025-10-10,SEY,CIV,CIV,Emmanuel Agbadou,17.0,False,False,20251010_SEY_CIV
2025-10-10,SEY,CIV,CIV,Oumar Diakité,32.0,False,False,20251010_SEY_CIV
2025-10-10,SEY,CIV,CIV,Evann Guessand,39.0,False,False,20251010_SEY_CIV
2025-10-10,SEY,CIV,CIV,Yan Diomande,55.0,False,False,20251010_SEY_CIV
2025-10-10,SEY,CIV,CIV,Simon Adingra,67.0,False,False,20251010_SEY_CIV
2025-10-10,SEY,CIV,CIV,Franck Kessié,90.0,False,False,20251010_SEY_CIV
2025-10-10,South Sudan,SEN,SEN,Ismaïla Sarr,29.0,False,False,20251010_South-Sudan_SEN
2025-10-10,South Sudan,SEN,SEN,Sadio Mané,46.0,False,False,20251010_South-Sudan_SEN
2025-10-10,South Sudan,SEN,SEN,Ismaïla Sarr,54.0,False,False,20251010_South-Sudan_SEN
2025-10-10,South Sudan,SEN,SEN,Nicolas Jackson,60.0,False,True,20251010_South-Sudan_SEN
2025-10-10,South Sudan,SEN,SEN,Cherif Ndiaye,75.0,False,False,20251010_South-Sudan_SEN
2025-10-10,SUR,GUA,GUA,Darwin Lom,75.0,False,False,20251010_SUR_GUA
2025-10-10,SUR,GUA,SUR,Virgil Misidjan,90.0,False,False,20251010_SUR_GUA
2025-10-10,SWE,SUI,SUI,Granit Xhaka,65.0,False,True,20251010_SWE_SUI
2025-10-10,SWE,SUI,SUI,Johan Manzambi,90.0,False,False,20251010_SWE_SUI
2025-10-10,TOG,COD,COD,Cedric Bakambu,7.0,False,False,20251010_TOG_COD
2025-10-10,TUN,São Tomé and Príncipe,TUN,Firas Chaouat,36.0,False,False,20251010_TUN_São-Tomé-and-Príncipe
2025-10-10,TUN,São Tomé and Príncipe,TUN,Elias Saad,39.0,False,False,20251010_TUN_São-Tomé-and-Príncipe
2025-10-10,TUN,São Tomé and Príncipe,TUN,Elias Saad,43.0,False,False,20251010_TUN_São-Tomé-and-Príncipe
2025-10-10,TUN,São Tomé and Príncipe,TUN,Ismaël Gharbi,47.0,False,False,20251010_TUN_São-Tomé-and-Príncipe
2025-10-10,TUN,São Tomé and Príncipe,TUN,Mohamed Ali Ben Romdhane,68.0,False,True,20251010_TUN_São-Tomé-and-Príncipe
2025-10-10,TUN,São Tomé and Príncipe,TUN,Mohamed Ali Ben Romdhane,90.0,False,False,20251010_TUN_São-Tomé-and-Príncipe
2025-10-11,BUL,TUR,TUR,Arda Güler,11.0,False,False,20251011_BUL_TUR
2025-10-11,BUL,TUR,BUL,Radoslav Kirilov,13.0,False,False,20251011_BUL_TUR
2025-10-11,BUL,TUR,TUR,Viktor Popov,49.0,True,False,20251011_BUL_TUR
2025-10-11,BUL,TUR,TUR,Kenan Yıldız,51.0,False,False,20251011_BUL_TUR
2025-10-11,BUL,TUR,TUR,Kenan Yıldız,56.0,False,False,20251011_BUL_TUR
2025-10-11,BUL,TUR,TUR,Zeki Çelik,65.0,False,False,20251011_BUL_TUR
2025-10-11,BUL,TUR,TUR,İrfan Can Kahveci,90.0,False,False,20251011_BUL_TUR
2025-10-11,EST,ITA,ITA,Moise Kean,4.0,False,False,20251011_EST_ITA
2025-10-11,EST,ITA,ITA,Mateo Retegui,38.0,False,False,20251011_EST_ITA
2025-10-11,EST,ITA,ITA,Pio Esposito,74.0,False,False,20251011_EST_ITA
2025-10-11,EST,ITA,EST,Rauno Sappinen,76.0,False,False,20251011_EST_ITA
2025-10-11,HUN,ARM,HUN,Dániel Lukács,56.0,False,False,20251011_HUN_ARM
2025-10-11,HUN,ARM,HUN,Zsombor Gruber,90.0,False,False,20251011_HUN_ARM
2025-10-11,IRQ,IDN,IRQ,Zidane Iqbal,76.0,False,False,20251011_IRQ_IDN
2025-10-11,LVA,AND,AND,Moisés San Nicolás,33.0,False,False,20251011_LVA_AND
2025-10-11,LVA,AND,LVA,Dmitrijs Zelenkovs,41.0,False,False,20251011_LVA_AND
2025-10-11,LVA,AND,LVA,Vladislavs Gutkovskis,55.0,False,True,20251011_LVA_AND
2025-10-11,LVA,AND,AND,Ian Olivera,78.0,False,False,20251011_LVA_AND
2025-10-11,NOR,ISR,NOR,Anan Khalaili,17.0,True,False,20251011_NOR_ISR
2025-10-11,NOR,ISR,NOR,Erling Haaland,27.0,False,False,20251011_NOR_ISR
2025-10-11,NOR,ISR,NOR,Idan Nachmias,28.0,True,False,20251011_NOR_ISR
2025-10-11,NOR,ISR,NOR,Erling Haaland,63.0,False,False,20251011_NOR_ISR
2025-10-11,NOR,ISR,NOR,Erling Haaland,72.0,False,False,20251011_NOR_ISR
2025-10-11,POR,IRL,POR,Rúben Neves,90.0,False,False,20251011_POR_IRL
2025-10-11,SRB,ALB,ALB,Rey Manaj,45.0,False,False,20251011_SRB_ALB
2025-10-11,ESP,GEO,ESP,Yéremy Pino,24.0,False,False,20251011_ESP_GEO
2025-10-11,ESP,GEO,ESP,Mikel Oyarzabal,64.0,False,False,20251011_ESP_GEO
2025-10-11,UAE,OMA,OMA,Kouame Autonne,12.0,True,False,20251011_UAE_OMA
2025-10-11,UAE,OMA,UAE,Marcus Meloni,76.0,False,False,20251011_UAE_OMA
2025-10-11,UAE,OMA,UAE,Caio Lucas,83.0,False,False,20251011_UAE_OMA
2025-10-12,BFA,ETH,BFA,Pierre Landry Kaboré,65.0,False,False,20251012_BFA_ETH
2025-10-12,BFA,ETH,BFA,Pierre Landry Kaboré,82.0,False,False,20251012_BFA_ETH
2025-10-12,BFA,ETH,ETH,Ayten Biniam,84.0,False,False,20251012_BFA_ETH
2025-10-12,BFA,ETH,BFA,Pierre Landry Kaboré,90.0,False,False,20251012_BFA_ETH
2025-10-12,CHA,CTA,CTA,Delphin Mokonou,3.0,False,False,20251012_CHA_CTA
2025-10-12,CHA,CTA,CTA,Vénuste Baboula,31.0,False,False,20251012_CHA_CTA
2025-10-12,CHA,CTA,CHA,Célestin Ecua,53.0,False,False,20251012_CHA_CTA
2025-10-12,CHA,CTA,CHA,Marius Mouandilmadji,87.0,False,False,20251012_CHA_CTA
2025-10-12,CHA,CTA,CTA,Karl Namnganda,90.0,False,False,20251012_CHA_CTA
2025-10-12,CRO,GIB,CRO,Toni Fruk,30.0,False,False,20251012_CRO_GIB
2025-10-12,CRO,GIB,CRO,Luka Sučić,78.0,False,False,20251012_CRO_GIB
2025-10-12,CRO,GIB,CRO,Martin Erlić,90.0,False,False,20251012_CRO_GIB
2025-10-12,DEN,GRE,DEN,Rasmus Højlund,21.0,False,False,20251012_DEN_GRE
2025-10-12,DEN,GRE,DEN,Joachim Andersen,40.0,False,False,20251012_DEN_GRE
2025-10-12,DEN,GRE,DEN,Mikkel Damsgaard,41.0,False,False,20251012_DEN_GRE
2025-10-12,DEN,GRE,GRE,Christos Tzolis,63.0,False,False,20251012_DEN_GRE
2025-10-12,Djibouti,SLE,Djibouti,Abdichakour Farah,29.0,False,False,20251012_Djibouti_SLE
2025-10-12,Djibouti,SLE,SLE,Juma Bah,45.0,False,False,20251012_Djibouti_SLE
2025-10-12,Djibouti,SLE,SLE,Sallieu Tarawallie,72.0,False,False,20251012_Djibouti_SLE
2025-10-12,EGY,GNB,EGY,Mohamed Hamdy,10.0,False,False,20251012_EGY_GNB
2025-10-12,FRO,CZE,FRO,Hanus Sørensen,67.0,False,False,20251012_FRO_CZE
2025-10-12,FRO,CZE,CZE,Adam Karabec,78.0,False,False,20251012_FRO_CZE
2025-10-12,FRO,CZE,FRO,Martin Agnarsson,81.0,False,False,20251012_FRO_CZE
2025-10-12,GHA,COM,GHA,Mohammed Kudus,47.0,False,False,20251012_GHA_COM
2025-10-12,LTU,POL,POL,Sebastian Szymański,15.0,False,False,20251012_LTU_POL
2025-10-12,LTU,POL,POL,Robert Lewandowski,64.0,False,False,20251012_LTU_POL
2025-10-12,MLI,MAD,MLI,Lassine Sinayoko,10.0,False,False,20251012_MLI_MAD
2025-10-12,MLI,MAD,MLI,Dorgeles Nene,39.0,False,False,20251012_MLI_MAD
2025-10-12,MLI,MAD,MLI,Lassine Sinayoko,64.0,False,False,20251012_MLI_MAD
2025-10-12,MLI,MAD,MLI,Gaoussou Diarra,90.0,False,False,20251012_MLI_MAD
2025-10-12,MLI,MAD,MAD,Johan N'Zi,90.0,False,False,20251012_MLI_MAD
2025-10-12,NED,FIN,NED,Donyell Malen,8.0,False,False,20251012_NED_FIN
2025-10-12,NED,FIN,NED,Virgil van Dijk,17.0,False,False,20251012_NED_FIN
2025-10-12,NED,FIN,NED,Memphis Depay,38.0,False,True,20251012_NED_FIN
2025-10-12,NED,FIN,NED,Cody Gakpo,84.0,False,False,20251012_NED_FIN
2025-10-12,ROU,AUT,ROU,Virgil Ghiță,90.0,False,False,20251012_ROU_AUT
2025-10-12,SMR,CYP,CYP,Loizos Loizou,9.0,False,False,20251012_SMR_CYP
2025-10-12,SMR,CYP,CYP,Stelios Andreou,59.0,False,False,20251012_SMR_CYP
2025-10-12,SMR,CYP,CYP,Grigoris Kastanos,67.0,False,True,20251012_SMR_CYP
2025-10-12,SMR,CYP,CYP,Andronikos Kakoullis,79.0,False,False,20251012_SMR_CYP
2025-10-12,SCO,BLR,SCO,Che Adams,15.0,False,False,20251012_SCO_BLR
2025-10-12,SCO,BLR,SCO,Scott McTominay,84.0,False,False,20251012_SCO_BLR
2025-10-12,SCO,BLR,BLR,Gleb Kuchko,90.0,False,False,20251012_SCO_BLR
2025-10-12,ZAM,NIG,NIG,Daniel Sosah,56.0,False,False,20251012_ZAM_NIG
2025-10-13,CPV,SWZ,CPV,Dailon Livramento,48.0,False,False,20251013_CPV_SWZ
2025-10-13,CPV,SWZ,CPV,Willy Semedo,54.0,False,False,20251013_CPV_SWZ
2025-10-13,CPV,SWZ,CPV,Stopira,90.0,False,False,20251013_CPV_SWZ
2025-10-13,CRC,NCA,CRC,Alonso Martínez,12.0,False,False,20251013_CRC_NCA
2025-10-13,CRC,NCA,NCA,Junior Arteaga,26.0,False,False,20251013_CRC_NCA
2025-10-13,CRC,NCA,CRC,Alonso Martínez,28.0,False,False,20251013_CRC_NCA
2025-10-13,CRC,NCA,CRC,Manfred Ugalde,49.0,False,False,20251013_CRC_NCA
2025-10-13,CRC,NCA,CRC,Francisco Calvo,90.0,False,False,20251013_CRC_NCA
2025-10-13,EQG,LBR,EQG,Federico Bikoro,14.0,False,False,20251013_EQG_LBR
2025-10-13,EQG,LBR,LBR,Nicholas Andrews,27.0,False,False,20251013_EQG_LBR
2025-10-13,HON,HAI,HON,Rigoberto Rivas,18.0,False,False,20251013_HON_HAI
2025-10-13,HON,HAI,HON,Anthony Lozano,26.0,False,False,20251013_HON_HAI
2025-10-13,HON,HAI,HON,Romell Quioto,40.0,False,False,20251013_HON_HAI
2025-10-13,ISL,FRA,ISL,Victor Pálsson,39.0,False,False,20251013_ISL_FRA
2025-10-13,ISL,FRA,FRA,Christopher Nkunku,63.0,False,False,20251013_ISL_FRA
2025-10-13,ISL,FRA,FRA,Jean-Philippe Mateta,68.0,False,False,20251013_ISL_FRA
2025-10-13,ISL,FRA,ISL,Kristian Hlynsson,70.0,False,False,20251013_ISL_FRA
2025-10-13,LES,ZIM,LES,Hlompho Kalake,90.0,False,False,20251013_LES_ZIM
2025-10-13,MKD,KAZ,KAZ,Dinmukhamed Karaman,54.0,False,False,20251013_MKD_KAZ
2025-10-13,MKD,KAZ,MKD,Enis Bardhi,74.0,False,False,20251013_MKD_KAZ
2025-10-13,NIR,GER,GER,Nick Woltemade,31.0,False,False,20251013_NIR_GER
2025-10-13,SVK,LUX,SVK,Adam Obert,55.0,False,False,20251013_SVK_LUX
2025-10-13,SVK,LUX,SVK,Ivan Schranz,72.0,False,False,20251013_SVK_LUX
2025-10-13,SWE,KVX,KVX,Fisnik Asllani,32.0,False,False,20251013_SWE_KVX
2025-10-13,São Tomé and Príncipe,MWI,São Tomé and Príncipe,Ronaldo Afonso,62.0,False,True,20251013_São-Tomé-and-Príncipe_MWI
2025-10-13,TUN,NAM,TUN,Ali Abdi,28.0,False,True,20251013_TUN_NAM
2025-10-13,TUN,NAM,TUN,Hannibal Mejbri,55.0,False,False,20251013_TUN_NAM
2025-10-13,TUN,NAM,TUN,Ferjani Sassi,64.0,False,False,20251013_TUN_NAM
2025-10-13,UKR,AZE,UKR,Oleksiy Hutsulyak,30.0,False,False,20251013_UKR_AZE
2025-10-13,UKR,AZE,AZE,Vitaliy Mykolenko,45.0,True,False,20251013_UKR_AZE
2025-10-13,UKR,AZE,UKR,Ruslan Malinovskyi,64.0,False,False,20251013_UKR_AZE
2025-10-13,WAL,BEL,WAL,Joe Rodon,8.0,False,False,20251013_WAL_BEL
2025-10-13,WAL,BEL,BEL,Kevin De Bruyne,18.0,False,True,20251013_WAL_BEL
2025-10-13,WAL,BEL,BEL,Thomas Meunier,24.0,False,False,20251013_WAL_BEL
2025-10-13,WAL,BEL,BEL,Kevin De Bruyne,76.0,False,True,20251013_WAL_BEL
2025-10-13,WAL,BEL,WAL,Nathan Broadhead,89.0,False,False,20251013_WAL_BEL
2025-10-13,WAL,BEL,BEL,Leandro Trossard,90.0,False,False,20251013_WAL_BEL
2025-10-14,ALG,UGA,UGA,Steven Mukwala,6.0,False,False,20251014_ALG_UGA
2025-10-14,ALG,UGA,ALG,Mohamed Amoura,81.0,False,True,20251014_ALG_UGA
2025-10-14,ALG,UGA,ALG,Mohamed Amoura,90.0,False,True,20251014_ALG_UGA
2025-10-14,AND,SRB,AND,Guillaume López,17.0,False,False,20251014_AND_SRB
2025-10-14,AND,SRB,SRB,Christian García,19.0,True,False,20251014_AND_SRB
2025-10-14,AND,SRB,SRB,Dušan Vlahović,54.0,False,False,20251014_AND_SRB
2025-10-14,AND,SRB,SRB,Aleksandar Mitrović,77.0,False,True,20251014_AND_SRB
2025-10-14,CUW,TRI,CUW,Kenji Gorré,19.0,False,False,20251014_CUW_TRI
2025-10-14,CUW,TRI,TRI,Tyrese Spicer,58.0,False,False,20251014_CUW_TRI
2025-10-14,COD,SDN,COD,Theo Bongonda,29.0,False,False,20251014_COD_SDN
2025-10-14,SLV,GUA,GUA,Óscar Santis,46.0,False,False,20251014_SLV_GUA
2025-10-14,EST,MDA,EST,Mattias Käit,12.0,False,False,20251014_EST_MDA
2025-10-14,EST,MDA,MDA,Ștefan Bodișteanu,64.0,False,False,20251014_EST_MDA
2025-10-14,GAB,BDI,GAB,Bryan Meyo,86.0,False,False,20251014_GAB_BDI
2025-10-14,GAB,BDI,GAB,Mario Lemina,90.0,False,False,20251014_GAB_BDI
2025-10-14,GUI,BOT,BOT,Segolame Boy,7.0,False,False,20251014_GUI_BOT
2025-10-14,GUI,BOT,GUI,Abdoul Karim Traoré,18.0,False,False,20251014_GUI_BOT
2025-10-14,GUI,BOT,GUI,Aliou Baldé,35.0,False,False,20251014_GUI_BOT
2025-10-14,GUI,BOT,BOT,Gape Mohutsiwa,45.0,False,False,20251014_GUI_BOT
2025-10-14,ITA,ISR,ITA,Mateo Retegui,45.0,False,True,20251014_ITA_ISR
2025-10-14,ITA,ISR,ITA,Mateo Retegui,74.0,False,False,20251014_ITA_ISR
2025-10-14,ITA,ISR,ITA,Gianluca Mancini,90.0,False,False,20251014_ITA_ISR
2025-10-14,CIV,KEN,CIV,Franck Kessié,7.0,False,False,20251014_CIV_KEN
2025-10-14,CIV,KEN,CIV,Yan Diomande,54.0,False,False,20251014_CIV_KEN
2025-10-14,CIV,KEN,CIV,Amad Diallo,84.0,False,False,20251014_CIV_KEN
2025-10-14,JAM,BER,JAM,Dante Leverock,24.0,True,False,20251014_JAM_BER
2025-10-14,JAM,BER,JAM,Bobby De Cordova-Reid,26.0,False,False,20251014_JAM_BER
2025-10-14,JAM,BER,JAM,Shamar Nicholson,35.0,False,False,20251014_JAM_BER
2025-10-14,JAM,BER,JAM,Dujuan Richards,76.0,False,False,20251014_JAM_BER
2025-10-14,LVA,ENG,ENG,Anthony Gordon,26.0,False,False,20251014_LVA_ENG
2025-10-14,LVA,ENG,ENG,Harry Kane,44.0,False,False,20251014_LVA_ENG
2025-10-14,LVA,ENG,ENG,Harry Kane,45.0,False,True,20251014_LVA_ENG
2025-10-14,LVA,ENG,ENG,Maksims Toņiševs,58.0,True,False,20251014_LVA_ENG
2025-10-14,LVA,ENG,ENG,Eberechi Eze,86.0,False,False,20251014_LVA_ENG
2025-10-14,MAR,CGO,MAR,Youssef En-Nesyri,63.0,False,False,20251014_MAR_CGO
2025-10-14,NGA,BEN,NGA,Victor Osimhen,3.0,False,False,20251014_NGA_BEN
2025-10-14,NGA,BEN,NGA,Victor Osimhen,37.0,False,False,20251014_NGA_BEN
2025-10-14,NGA,BEN,NGA,Victor Osimhen,51.0,False,False,20251014_NGA_BEN
2025-10-14,NGA,BEN,NGA,Frank Onyeka,90.0,False,False,20251014_NGA_BEN
2025-10-14,PAN,SUR,SUR,Richonell Margaret,21.0,False,False,20251014_PAN_SUR
2025-10-14,PAN,SUR,PAN,Ismael Díaz,90.0,False,False,20251014_PAN_SUR
2025-10-14,POR,HUN,HUN,Attila Szalai,8.0,False,False,20251014_POR_HUN
2025-10-14,POR,HUN,POR,Cristiano Ronaldo,22.0,False,False,20251014_POR_HUN
2025-10-14,POR,HUN,POR,Cristiano Ronaldo,45.0,False,False,20251014_POR_HUN
2025-10-14,POR,HUN,HUN,Dominik Szoboszlai,90.0,False,False,20251014_POR_HUN
2025-10-14,QAT,UAE,QAT,Boualem Khoukhi,49.0,False,False,20251014_QAT_UAE
2025-10-14,QAT,UAE,QAT,Pedro Miguel,74.0,False,False,20251014_QAT_UAE
2025-10-14,QAT,UAE,UAE,Sultan Adil,90.0,False,False,20251014_QAT_UAE
2025-10-14,IRL,ARM,IRL,Evan Ferguson,70.0,False,False,20251014_IRL_ARM
2025-10-14,SEN,MTN,SEN,Sadio Mané,45.0,False,False,20251014_SEN_MTN
2025-10-14,SEN,MTN,SEN,Sadio Mané,48.0,False,False,20251014_SEN_MTN
2025-10-14,SEN,MTN,SEN,Iliman Ndiaye,64.0,False,False,20251014_SEN_MTN
2025-10-14,SEN,MTN,SEN,Habib Diallo,85.0,False,False,20251014_SEN_MTN
2025-10-14,SEY,GAM,GAM,Adama Sidibeh,2.0,False,False,20251014_SEY_GAM
2025-10-14,SEY,GAM,GAM,Abdoulie Manneh,24.0,False,False,20251014_SEY_GAM
2025-10-14,SEY,GAM,GAM,Adama Sidibeh,46.0,False,False,20251014_SEY_GAM
2025-10-14,SEY,GAM,GAM,Musa Barrow,47.0,False,False,20251014_SEY_GAM
2025-10-14,SEY,GAM,GAM,Musa Barrow,52.0,False,False,20251014_SEY_GAM
2025-10-14,SEY,GAM,GAM,Abdoulie Manneh,67.0,False,False,20251014_SEY_GAM
2025-10-14,SEY,GAM,GAM,Abdoulie Manneh,75.0,False,False,20251014_SEY_GAM
2025-10-14,Somalia,MOZ,MOZ,Geny Catamo,6.0,False,False,20251014_Somalia_MOZ
2025-10-14,RSA,RWA,RSA,Thalente Mbatha,5.0,False,False,20251014_RSA_RWA
2025-10-14,RSA,RWA,RSA,Oswin Appollis,26.0,False,False,20251014_RSA_RWA
2025-10-14,RSA,RWA,RSA,Evidence Makgopa,72.0,False,False,20251014_RSA_RWA
2025-10-14,ESP,BUL,ESP,Mikel Merino,35.0,False,False,20251014_ESP_BUL
2025-10-14,ESP,BUL,ESP,Mikel Merino,57.0,False,False,20251014_ESP_BUL
2025-10-14,ESP,BUL,ESP,Atanas Chernev,79.0,True,False,20251014_ESP_BUL
2025-10-14,ESP,BUL,ESP,Mikel Oyarzabal,90.0,False,True,20251014_ESP_BUL
2025-10-14,TUR,GEO,TUR,Kenan Yıldız,14.0,False,False,20251014_TUR_GEO
2025-10-14,TUR,GEO,TUR,Merih Demiral,22.0,False,False,20251014_TUR_GEO
2025-10-14,TUR,GEO,TUR,Yunus Akgün,35.0,False,False,20251014_TUR_GEO
2025-10-14,TUR,GEO,TUR,Merih Demiral,52.0,False,False,20251014_TUR_GEO
2025-10-14,TUR,GEO,GEO,Giorgi Kochorashvili,64.0,False,False,20251014_TUR_GEO
2025-11-13,AND,ALB,ALB,Kristjan Asllani,67.0,False,False,20251113_AND_ALB
2025-11-13,ARM,HUN,HUN,Barnabás Varga,33.0,False,False,20251113_ARM_HUN
2025-11-13,AZE,ISL,ISL,Albert Guðmundsson,20.0,False,False,20251113_AZE_ISL
2025-11-13,AZE,ISL,ISL,Sverrir Ingi Ingason,39.0,False,False,20251113_AZE_ISL
2025-11-13,BER,CUW,CUW,Leandro Bacuna,6.0,False,True,20251113_BER_CUW
2025-11-13,BER,CUW,CUW,Juninho Bacuna,32.0,False,False,20251113_BER_CUW
2025-11-13,BER,CUW,CUW,Jordi Paulina,48.0,False,True,20251113_BER_CUW
2025-11-13,BER,CUW,CUW,Sontje Hansen,59.0,False,False,20251113_BER_CUW
2025-11-13,BER,CUW,CUW,Jordi Paulina,63.0,False,False,20251113_BER_CUW
2025-11-13,BER,CUW,CUW,Ar'jany Martha,82.0,False,False,20251113_BER_CUW
2025-11-13,BER,CUW,CUW,Roshon van Eijma,90.0,False,False,20251113_BER_CUW
2025-11-13,CMR,COD,COD,Chancel Mbemba,90.0,False,False,20251113_CMR_COD
2025-11-13,ENG,SRB,ENG,Bukayo Saka,28.0,False,False,20251113_ENG_SRB
2025-11-13,ENG,SRB,ENG,Eberechi Eze,90.0,False,False,20251113_ENG_SRB
2025-11-13,FRA,UKR,FRA,Kylian Mbappé,55.0,False,True,20251113_FRA_UKR
2025-11-13,FRA,UKR,FRA,Michael Olise,76.0,False,False,20251113_FRA_UKR
2025-11-13,FRA,UKR,FRA,Kylian Mbappé,83.0,False,False,20251113_FRA_UKR
2025-11-13,FRA,UKR,FRA,Hugo Ekitike,88.0,False,False,20251113_FRA_UKR
2025-11-13,GUA,PAN,PAN,Cecilio Waterman,30.0,False,False,20251113_GUA_PAN
2025-11-13,GUA,PAN,PAN,Cecilio Waterman,44.0,False,False,20251113_GUA_PAN
2025-11-13,GUA,PAN,GUA,Arquímides Ordóñez,69.0,False,False,20251113_GUA_PAN
2025-11-13,GUA,PAN,GUA,Rudy Muñoz,72.0,False,False,20251113_GUA_PAN
2025-11-13,GUA,PAN,PAN,José Fajardo,78.0,False,False,20251113_GUA_PAN
2025-11-13,HAI,CRC,HAI,Frantzdy Pierrot,44.0,False,False,20251113_HAI_CRC
2025-11-13,MDA,ITA,ITA,Gianluca Mancini,88.0,False,False,20251113_MDA_ITA
2025-11-13,MDA,ITA,ITA,Pio Esposito,90.0,False,False,20251113_MDA_ITA
2025-11-13,NCA,HON,NCA,Bancy Hernández,12.0,False,False,20251113_NCA_HON
2025-11-13,NCA,HON,NCA,Jaime Moreno,82.0,False,False,20251113_NCA_HON
2025-11-13,NGA,GAB,NGA,Akor Adams,78.0,False,False,20251113_NGA_GAB
2025-11-13,NGA,GAB,GAB,Mario Lemina,89.0,False,False,20251113_NGA_GAB
2025-11-13,NGA,GAB,NGA,Chidera Ejuke,97.0,False,False,20251113_NGA_GAB
2025-11-13,NGA,GAB,NGA,Victor Osimhen,102.0,False,False,20251113_NGA_GAB
2025-11-13,NGA,GAB,NGA,Victor Osimhen,110.0,False,False,20251113_NGA_GAB
2025-11-13,NOR,EST,NOR,Alexander Sørloth,50.0,False,False,20251113_NOR_EST
2025-11-13,NOR,EST,NOR,Alexander Sørloth,52.0,False,False,20251113_NOR_EST
2025-11-13,NOR,EST,NOR,Erling Haaland,56.0,False,False,20251113_NOR_EST
2025-11-13,NOR,EST,NOR,Erling Haaland,62.0,False,False,20251113_NOR_EST
2025-11-13,NOR,EST,EST,Robi Saarma,64.0,False,False,20251113_NOR_EST
2025-11-13,IRL,POR,IRL,Troy Parrott,17.0,False,False,20251113_IRL_POR
2025-11-13,IRL,POR,IRL,Troy Parrott,45.0,False,False,20251113_IRL_POR
2025-11-13,SUR,SLV,SUR,Tjaronn Chery,44.0,False,True,20251113_SUR_SLV
2025-11-13,SUR,SLV,SUR,Richonell Margaret,74.0,False,False,20251113_SUR_SLV
2025-11-13,SUR,SLV,SUR,Richonell Margaret,76.0,False,False,20251113_SUR_SLV
2025-11-13,SUR,SLV,SUR,Dhoraso Klas,83.0,False,False,20251113_SUR_SLV
2025-11-13,TRI,JAM,JAM,Renaldo Cephas,53.0,False,False,20251113_TRI_JAM
2025-11-13,TRI,JAM,TRI,Kevin Molino,85.0,False,False,20251113_TRI_JAM
2025-11-13,UAE,IRQ,IRQ,Ali Al-Hamadi,10.0,False,False,20251113_UAE_IRQ
2025-11-13,UAE,IRQ,UAE,Luanzinho,18.0,False,False,20251113_UAE_IRQ
2025-11-14,CRO,FRO,FRO,Géza Dávid Turi,16.0,False,False,20251114_CRO_FRO
2025-11-14,CRO,FRO,CRO,Joško Gvardiol,23.0,False,False,20251114_CRO_FRO
2025-11-14,CRO,FRO,CRO,Petar Musa,57.0,False,False,20251114_CRO_FRO
2025-11-14,CRO,FRO,CRO,Nikola Vlašić,70.0,False,False,20251114_CRO_FRO
2025-11-14,FIN,MLT,MLT,Jake Grech,82.0,False,False,20251114_FIN_MLT
2025-11-14,GIB,MNE,GIB,Liam Jessop,20.0,False,False,20251114_GIB_MNE
2025-11-14,GIB,MNE,MNE,Vasilije Adžić,33.0,False,False,20251114_GIB_MNE
2025-11-14,GIB,MNE,MNE,Nikola Krstović,42.0,False,True,20251114_GIB_MNE
2025-11-14,LUX,GER,GER,Nick Woltemade,49.0,False,False,20251114_LUX_GER
2025-11-14,LUX,GER,GER,Nick Woltemade,69.0,False,False,20251114_LUX_GER
2025-11-14,POL,NED,POL,Jakub Kamiński,43.0,False,False,20251114_POL_NED
2025-11-14,POL,NED,NED,Memphis Depay,47.0,False,False,20251114_POL_NED
2025-11-14,SVK,NIR,SVK,Tomáš Bobček,90.0,False,False,20251114_SVK_NIR
2025-11-15,BIH,ROU,ROU,Daniel Bîrligea,17.0,False,False,20251115_BIH_ROU
2025-11-15,BIH,ROU,BIH,Edin Džeko,49.0,False,False,20251115_BIH_ROU
2025-11-15,BIH,ROU,BIH,Esmir Bajraktarević,79.0,False,False,20251115_BIH_ROU
2025-11-15,BIH,ROU,BIH,Haris Tabaković,90.0,False,False,20251115_BIH_ROU
2025-11-15,CYP,AUT,AUT,Marko Arnautović,18.0,False,True,20251115_CYP_AUT
2025-11-15,CYP,AUT,AUT,Marko Arnautović,55.0,False,False,20251115_CYP_AUT
2025-11-15,DEN,BLR,DEN,Mikkel Damsgaard,11.0,False,False,20251115_DEN_BLR
2025-11-15,DEN,BLR,BLR,Valeri Gromyko,62.0,False,False,20251115_DEN_BLR
2025-11-15,DEN,BLR,BLR,Nikita Demchenko,65.0,False,False,20251115_DEN_BLR
2025-11-15,DEN,BLR,DEN,Gustav Isaksen,79.0,False,False,20251115_DEN_BLR
2025-11-15,GEO,ESP,ESP,Mikel Oyarzabal,11.0,False,True,20251115_GEO_ESP
2025-11-15,GEO,ESP,ESP,Martin Zubimendi,22.0,False,False,20251115_GEO_ESP
2025-11-15,GEO,ESP,ESP,Ferran Torres,35.0,False,False,20251115_GEO_ESP
2025-11-15,GEO,ESP,ESP,Mikel Oyarzabal,63.0,False,False,20251115_GEO_ESP
2025-11-15,GRE,SCO,GRE,Anastasios Bakasetas,7.0,False,False,20251115_GRE_SCO
2025-11-15,GRE,SCO,GRE,Konstantinos Karetsas,57.0,False,False,20251115_GRE_SCO
2025-11-15,GRE,SCO,GRE,Christos Tzolis,63.0,False,False,20251115_GRE_SCO
2025-11-15,GRE,SCO,SCO,Ben Gannon-Doak,65.0,False,False,20251115_GRE_SCO
2025-11-15,GRE,SCO,SCO,Ryan Christie,70.0,False,False,20251115_GRE_SCO
2025-11-15,KAZ,BEL,KAZ,Dastan Satpayev,9.0,False,False,20251115_KAZ_BEL
2025-11-15,KAZ,BEL,BEL,Hans Vanaken,48.0,False,False,20251115_KAZ_BEL
2025-11-15,LIE,WAL,WAL,Jordan James,61.0,False,False,20251115_LIE_WAL
2025-11-15,SVN,KVX,KVX,Fisnik Asllani,6.0,False,False,20251115_SVN_KVX
2025-11-15,SVN,KVX,KVX,Žan Karničnik,64.0,True,False,20251115_SVN_KVX
2025-11-15,SUI,SWE,SUI,Breel Embolo,13.0,False,False,20251115_SUI_SWE
2025-11-15,SUI,SWE,SWE,Benjamin Nygren,33.0,False,False,20251115_SUI_SWE
2025-11-15,SUI,SWE,SUI,Granit Xhaka,60.0,False,True,20251115_SUI_SWE
2025-11-15,SUI,SWE,SUI,Dan Ndoye,75.0,False,False,20251115_SUI_SWE
2025-11-15,SUI,SWE,SUI,Johan Manzambi,90.0,False,False,20251115_SUI_SWE
2025-11-15,TUR,BUL,TUR,Hakan Çalhanoğlu,18.0,False,True,20251115_TUR_BUL
2025-11-15,TUR,BUL,TUR,Atanas Chernev,83.0,True,False,20251115_TUR_BUL
2025-11-16,ALB,ENG,ENG,Harry Kane,74.0,False,False,20251116_ALB_ENG
2025-11-16,ALB,ENG,ENG,Harry Kane,82.0,False,False,20251116_ALB_ENG
2025-11-16,AZE,FRA,AZE,Renat Dadaşov,4.0,False,False,20251116_AZE_FRA
2025-11-16,AZE,FRA,FRA,Jean-Philippe Mateta,17.0,False,False,20251116_AZE_FRA
2025-11-16,AZE,FRA,FRA,Maghnes Akliouche,30.0,False,False,20251116_AZE_FRA
2025-11-16,AZE,FRA,FRA,Shakhruddin Magomedaliyev,45.0,True,False,20251116_AZE_FRA
2025-11-16,HUN,IRL,HUN,Dániel Lukács,3.0,False,False,20251116_HUN_IRL
2025-11-16,HUN,IRL,IRL,Troy Parrott,15.0,False,True,20251116_HUN_IRL
2025-11-16,HUN,IRL,HUN,Barnabás Varga,37.0,False,False,20251116_HUN_IRL
2025-11-16,HUN,IRL,IRL,Troy Parrott,80.0,False,False,20251116_HUN_IRL
2025-11-16,HUN,IRL,IRL,Troy Parrott,90.0,False,False,20251116_HUN_IRL
2025-11-16,ITA,NOR,ITA,Pio Esposito,11.0,False,False,20251116_ITA_NOR
2025-11-16,ITA,NOR,NOR,Antonio Nusa,63.0,False,False,20251116_ITA_NOR
2025-11-16,ITA,NOR,NOR,Erling Haaland,77.0,False,False,20251116_ITA_NOR
2025-11-16,ITA,NOR,NOR,Erling Haaland,79.0,False,False,20251116_ITA_NOR
2025-11-16,ITA,NOR,NOR,Jørgen Strand Larsen,90.0,False,False,20251116_ITA_NOR
2025-11-16,MDA,ISR,ISR,Dor Turgeman,21.0,False,True,20251116_MDA_ISR
2025-11-16,MDA,ISR,MDA,Ion Nicolaescu,37.0,False,False,20251116_MDA_ISR
2025-11-16,MDA,ISR,ISR,Roy Revivo,65.0,False,False,20251116_MDA_ISR
2025-11-16,MDA,ISR,ISR,Eliel Peretz,85.0,False,False,20251116_MDA_ISR
2025-11-16,MDA,ISR,ISR,Vladislav Baboglo,88.0,True,False,20251116_MDA_ISR
2025-11-16,NGA,COD,NGA,Frank Onyeka,3.0,False,False,20251116_NGA_COD
2025-11-16,NGA,COD,COD,Meschak Elia,32.0,False,False,20251116_NGA_COD
2025-11-16,POR,ARM,POR,Renato Veiga,7.0,False,False,20251116_POR_ARM
2025-11-16,POR,ARM,ARM,Eduard Spertsyan,18.0,False,False,20251116_POR_ARM
2025-11-16,POR,ARM,POR,Gonçalo Ramos,28.0,False,False,20251116_POR_ARM
2025-11-16,POR,ARM,POR,João Neves,30.0,False,False,20251116_POR_ARM
2025-11-16,POR,ARM,POR,João Neves,41.0,False,False,20251116_POR_ARM
2025-11-16,POR,ARM,POR,Bruno Fernandes,45.0,False,True,20251116_POR_ARM
2025-11-16,POR,ARM,POR,Bruno Fernandes,52.0,False,False,20251116_POR_ARM
2025-11-16,POR,ARM,POR,Bruno Fernandes,72.0,False,True,20251116_POR_ARM
2025-11-16,POR,ARM,POR,João Neves,81.0,False,False,20251116_POR_ARM
2025-11-16,POR,ARM,POR,Francisco Conceição,90.0,False,False,20251116_POR_ARM
2025-11-16,SRB,LVA,LVA,Vladislavs Gutkovskis,12.0,False,False,20251116_SRB_LVA
2025-11-16,SRB,LVA,SRB,Aleksandar Katai,49.0,False,False,20251116_SRB_LVA
2025-11-16,SRB,LVA,SRB,Aleksandar Stanković,60.0,False,False,20251116_SRB_LVA
2025-11-16,UKR,ISL,UKR,Oleksandr Zubkov,83.0,False,False,20251116_UKR_ISL
2025-11-16,UKR,ISL,UKR,Oleksiy Hutsulyak,90.0,False,False,20251116_UKR_ISL
2025-11-17,CZE,GIB,CZE,David Douděra,5.0,False,False,20251117_CZE_GIB
2025-11-17,CZE,GIB,CZE,Tomáš Chorý,18.0,False,False,20251117_CZE_GIB
2025-11-17,CZE,GIB,CZE,Vladimír Coufal,32.0,False,False,20251117_CZE_GIB
2025-11-17,CZE,GIB,CZE,Adam Karabec,39.0,False,False,20251117_CZE_GIB
2025-11-17,CZE,GIB,CZE,Tomáš Souček,44.0,False,False,20251117_CZE_GIB
2025-11-17,CZE,GIB,CZE,Robin Hranáč,51.0,False,False,20251117_CZE_GIB
2025-11-17,GER,SVK,GER,Nick Woltemade,18.0,False,False,20251117_GER_SVK
2025-11-17,GER,SVK,GER,Serge Gnabry,29.0,False,False,20251117_GER_SVK
2025-11-17,GER,SVK,GER,Leroy Sané,36.0,False,False,20251117_GER_SVK
2025-11-17,GER,SVK,GER,Leroy Sané,41.0,False,False,20251117_GER_SVK
2025-11-17,GER,SVK,GER,Ridle Baku,67.0,False,False,20251117_GER_SVK
2025-11-17,GER,SVK,GER,Assan Ouédraogo,79.0,False,False,20251117_GER_SVK
2025-11-17,MLT,POL,POL,Robert Lewandowski,32.0,False,False,20251117_MLT_POL
2025-11-17,MLT,POL,MLT,Irvin Cardona,36.0,False,False,20251117_MLT_POL
2025-11-17,MLT,POL,POL,Paweł Wszołek,59.0,False,False,20251117_MLT_POL
2025-11-17,MLT,POL,MLT,Teddy Teuma,68.0,False,True,20251117_MLT_POL
2025-11-17,MLT,POL,POL,Piotr Zieliński,85.0,False,False,20251117_MLT_POL
2025-11-17,MNE,CRO,MNE,Milutin Osmajić,3.0,False,False,20251117_MNE_CRO
2025-11-17,MNE,CRO,MNE,Nikola Krstović,17.0,False,False,20251117_MNE_CRO
2025-11-17,MNE,CRO,CRO,Ivan Perišić,37.0,False,True,20251117_MNE_CRO
2025-11-17,MNE,CRO,CRO,Kristijan Jakić,72.0,False,False,20251117_MNE_CRO
2025-11-17,MNE,CRO,CRO,Nikola Vlašić,87.0,False,False,20251117_MNE_CRO
2025-11-17,NED,LTU,NED,Tijjani Reijnders,16.0,False,False,20251117_NED_LTU
2025-11-17,NED,LTU,NED,Cody Gakpo,58.0,False,True,20251117_NED_LTU
2025-11-17,NED,LTU,NED,Xavi Simons,60.0,False,False,20251117_NED_LTU
2025-11-17,NED,LTU,NED,Donyell Malen,62.0,False,False,20251117_NED_LTU
2025-11-17,NIR,LUX,NIR,Jamie Donley,44.0,False,True,20251117_NIR_LUX
2025-11-18,AUT,BIH,BIH,Haris Tabaković,12.0,False,False,20251118_AUT_BIH
2025-11-18,AUT,BIH,AUT,Michael Gregoritsch,77.0,False,False,20251118_AUT_BIH
2025-11-18,BEL,LIE,BEL,Hans Vanaken,3.0,False,False,20251118_BEL_LIE
2025-11-18,BEL,LIE,BEL,Jérémy Doku,34.0,False,False,20251118_BEL_LIE
2025-11-18,BEL,LIE,BEL,Jérémy Doku,41.0,False,False,20251118_BEL_LIE
2025-11-18,BEL,LIE,BEL,Brandon Mechele,52.0,False,False,20251118_BEL_LIE
2025-11-18,BEL,LIE,BEL,Alexis Saelemaekers,55.0,False,False,20251118_BEL_LIE
2025-11-18,BEL,LIE,BEL,Charles De Ketelaere,57.0,False,False,20251118_BEL_LIE
2025-11-18,BEL,LIE,BEL,Charles De Ketelaere,59.0,False,False,20251118_BEL_LIE
2025-11-18,BUL,GEO,BUL,Georgi Rusev,10.0,False,False,20251118_BUL_GEO
2025-11-18,BUL,GEO,BUL,Filip Krastev,24.0,False,False,20251118_BUL_GEO
2025-11-18,BUL,GEO,GEO,Luka Lochoshvili,88.0,False,False,20251118_BUL_GEO
2025-11-18,GUA,SUR,GUA,Darwin Lom,49.0,False,False,20251118_GUA_SUR
2025-11-18,GUA,SUR,GUA,Olger Escobar,57.0,False,False,20251118_GUA_SUR
2025-11-18,GUA,SUR,GUA,Óscar Santis,65.0,False,False,20251118_GUA_SUR
2025-11-18,GUA,SUR,SUR,Nicolás Samayoa,90.0,True,False,20251118_GUA_SUR
2025-11-18,HAI,NCA,HAI,Don Deedson Louicius,9.0,False,False,20251118_HAI_NCA
2025-11-18,HAI,NCA,HAI,Ruben Providence,45.0,False,False,20251118_HAI_NCA
2025-11-18,IRQ,UAE,UAE,Caio Lucas,52.0,False,False,20251118_IRQ_UAE
2025-11-18,IRQ,UAE,IRQ,Mohanad Ali,66.0,False,False,20251118_IRQ_UAE
2025-11-18,IRQ,UAE,IRQ,Amir Al-Ammari,90.0,False,True,20251118_IRQ_UAE
2025-11-18,KVX,SUI,SUI,Rubén Vargas,47.0,False,False,20251118_KVX_SUI
2025-11-18,KVX,SUI,KVX,Florent Muslija,74.0,False,False,20251118_KVX_SUI
2025-11-18,PAN,SLV,PAN,César Blackman,17.0,False,False,20251118_PAN_SLV
2025-11-18,PAN,SLV,PAN,Eric Davis,45.0,False,True,20251118_PAN_SLV
2025-11-18,PAN,SLV,PAN,José Luis Rodríguez,85.0,False,False,20251118_PAN_SLV
2025-11-18,ROU,SMR,SMR,Nicolas Giacopetti,2.0,False,False,20251118_ROU_SMR
2025-11-18,ROU,SMR,ROU,Dante Rossi,13.0,True,False,20251118_ROU_SMR
2025-11-18,ROU,SMR,ROU,Ștefan Baiaram,29.0,False,False,20251118_ROU_SMR
2025-11-18,ROU,SMR,ROU,Dennis Man,42.0,False,False,20251118_ROU_SMR
2025-11-18,ROU,SMR,ROU,Giacomo Valentini,57.0,True,False,20251118_ROU_SMR
2025-11-18,ROU,SMR,ROU,Ianis Hagi,76.0,False,False,20251118_ROU_SMR
2025-11-18,ROU,SMR,ROU,Andrei Rațiu,82.0,False,False,20251118_ROU_SMR
2025-11-18,ROU,SMR,ROU,Louis Munteanu,86.0,False,True,20251118_ROU_SMR
2025-11-18,SCO,DEN,SCO,Scott McTominay,3.0,False,False,20251118_SCO_DEN
2025-11-18,SCO,DEN,DEN,Rasmus Højlund,57.0,False,True,20251118_SCO_DEN
2025-11-18,SCO,DEN,SCO,Lawrence Shankland,78.0,False,False,20251118_SCO_DEN
2025-11-18,SCO,DEN,DEN,Patrick Dorgu,81.0,False,False,20251118_SCO_DEN
2025-11-18,SCO,DEN,SCO,Kieran Tierney,90.0,False,False,20251118_SCO_DEN
2025-11-18,SCO,DEN,SCO,Kenny McLean,90.0,False,False,20251118_SCO_DEN
2025-11-18,ESP,TUR,ESP,Dani Olmo,4.0,False,False,20251118_ESP_TUR
2025-11-18,ESP,TUR,TUR,Deniz Gül,42.0,False,False,20251118_ESP_TUR
2025-11-18,ESP,TUR,TUR,Salih Özcan,54.0,False,False,20251118_ESP_TUR
2025-11-18,ESP,TUR,ESP,Mikel Oyarzabal,62.0,False,False,20251118_ESP_TUR
2025-11-18,SWE,SVN,SVN,Timi Max Elšnik,64.0,False,False,20251118_SWE_SVN
2025-11-18,SWE,SVN,SWE,Gustav Lundgren,87.0,False,False,20251118_SWE_SVN
2025-11-18,TRI,BER,TRI,Kobi Henry,9.0,False,False,20251118_TRI_BER
2025-11-18,TRI,BER,BER,Ne-Jai Tucker,60.0,False,False,20251118_TRI_BER
2025-11-18,TRI,BER,BER,Djair Parfitt,65.0,False,False,20251118_TRI_BER
2025-11-18,TRI,BER,TRI,Nathaniel James,66.0,False,False,20251118_TRI_BER
2025-11-18,WAL,MKD,WAL,Harry Wilson,18.0,False,True,20251118_WAL_MKD
2025-11-18,WAL,MKD,WAL,David Brooks,21.0,False,False,20251118_WAL_MKD
2025-11-18,WAL,MKD,MKD,Bojan Miovski,23.0,False,False,20251118_WAL_MKD
2025-11-18,WAL,MKD,WAL,Brennan Johnson,37.0,False,False,20251118_WAL_MKD
2025-11-18,WAL,MKD,WAL,Daniel James,57.0,False,False,20251118_WAL_MKD
2025-11-18,WAL,MKD,WAL,Harry Wilson,75.0,False,False,20251118_WAL_MKD
2025-11-18,WAL,MKD,WAL,Harry Wilson,81.0,False,True,20251118_WAL_MKD
2025-11-18,WAL,MKD,WAL,Nathan Broadhead,88.0,False,False,20251118_WAL_MKD
2025-12-21,MAR,COM,MAR,Brahim Díaz,55.0,False,False,20251221_MAR_COM
2025-12-21,MAR,COM,MAR,Ayoub El Kaabi,74.0,False,False,20251221_MAR_COM
2025-12-22,EGY,ZIM,ZIM,Prince Dube,20.0,False,False,20251222_EGY_ZIM
2025-12-22,EGY,ZIM,EGY,Omar Marmoush,64.0,False,False,20251222_EGY_ZIM
2025-12-22,EGY,ZIM,EGY,Mohamed Salah,90.0,False,False,20251222_EGY_ZIM
2025-12-22,MLI,ZAM,MLI,Lassine Sinayoko,61.0,False,False,20251222_MLI_ZAM
2025-12-22,MLI,ZAM,ZAM,Patson Daka,90.0,False,False,20251222_MLI_ZAM
2025-12-22,RSA,ANG,RSA,Oswin Appollis,21.0,False,False,20251222_RSA_ANG
2025-12-22,RSA,ANG,ANG,Show,35.0,False,False,20251222_RSA_ANG
2025-12-22,RSA,ANG,RSA,Lyle Foster,79.0,False,False,20251222_RSA_ANG
2025-12-23,COD,BEN,COD,Théo Bongonda,16.0,False,False,20251223_COD_BEN
2025-12-23,NGA,TAN,NGA,Semi Ajayi,36.0,False,False,20251223_NGA_TAN
2025-12-23,NGA,TAN,TAN,Charles M'Mombwa,50.0,False,False,20251223_NGA_TAN
2025-12-23,NGA,TAN,NGA,Ademola Lookman,52.0,False,False,20251223_NGA_TAN
2025-12-23,SEN,BOT,SEN,Nicolas Jackson,40.0,False,False,20251223_SEN_BOT
2025-12-23,SEN,BOT,SEN,Nicolas Jackson,58.0,False,False,20251223_SEN_BOT
2025-12-23,SEN,BOT,SEN,Cherif Ndiaye,90.0,False,False,20251223_SEN_BOT
2025-12-23,TUN,UGA,TUN,Ellyes Skhiri,10.0,False,False,20251223_TUN_UGA
2025-12-23,TUN,UGA,TUN,Elias Achouri,40.0,False,False,20251223_TUN_UGA
2025-12-23,TUN,UGA,TUN,Elias Achouri,64.0,False,False,20251223_TUN_UGA
2025-12-23,TUN,UGA,UGA,Denis Omedi,90.0,False,False,20251223_TUN_UGA
2025-12-24,ALG,SDN,ALG,Riyad Mahrez,2.0,False,False,20251224_ALG_SDN
2025-12-24,ALG,SDN,ALG,Riyad Mahrez,61.0,False,False,20251224_ALG_SDN
2025-12-24,ALG,SDN,ALG,Ibrahim Maza,85.0,False,False,20251224_ALG_SDN
2025-12-24,BFA,EQG,EQG,Marvin Anieboh,85.0,False,False,20251224_BFA_EQG
2025-12-24,BFA,EQG,BFA,Georgi Minoungou,90.0,False,False,20251224_BFA_EQG
2025-12-24,BFA,EQG,BFA,Edmond Tapsoba,90.0,False,False,20251224_BFA_EQG
2025-12-24,CMR,GAB,CMR,Karl Etta Eyong,6.0,False,False,20251224_CMR_GAB
2025-12-24,CIV,MOZ,CIV,Amad Diallo,49.0,False,False,20251224_CIV_MOZ
2025-12-26,ANG,ZIM,ANG,Gelson Dala,24.0,False,False,20251226_ANG_ZIM
2025-12-26,ANG,ZIM,ZIM,Knowledge Musona,45.0,False,False,20251226_ANG_ZIM
2025-12-26,EGY,RSA,EGY,Mohamed Salah,45.0,False,True,20251226_EGY_RSA
2025-12-26,MAR,MLI,MAR,Brahim Díaz,45.0,False,True,20251226_MAR_MLI
2025-12-26,MAR,MLI,MLI,Lassine Sinayoko,64.0,False,True,20251226_MAR_MLI
2025-12-27,BEN,BOT,BEN,Yohan Roche,28.0,False,False,20251227_BEN_BOT
2025-12-27,NGA,TUN,NGA,Victor Osimhen,44.0,False,False,20251227_NGA_TUN
2025-12-27,NGA,TUN,NGA,Wilfred Ndidi,50.0,False,False,20251227_NGA_TUN
2025-12-27,NGA,TUN,NGA,Ademola Lookman,67.0,False,False,20251227_NGA_TUN
2025-12-27,NGA,TUN,TUN,Montassar Talbi,74.0,False,False,20251227_NGA_TUN
2025-12-27,NGA,TUN,TUN,Ali Abdi,87.0,False,True,20251227_NGA_TUN
2025-12-27,SEN,COD,COD,Cédric Bakambu,61.0,False,False,20251227_SEN_COD
2025-12-27,SEN,COD,SEN,Sadio Mané,69.0,False,False,20251227_SEN_COD
2025-12-27,UGA,TAN,TAN,Simon Msuva,59.0,False,True,20251227_UGA_TAN
2025-12-27,UGA,TAN,UGA,Uche Ikpeazu,80.0,False,False,20251227_UGA_TAN
2025-12-28,ALG,BFA,ALG,Riyad Mahrez,23.0,False,True,20251228_ALG_BFA
2025-12-28,EQG,SDN,SDN,Saúl Coco,74.0,True,False,20251228_EQG_SDN
2025-12-28,GAB,MOZ,MOZ,Faisal Bangal,37.0,False,False,20251228_GAB_MOZ
2025-12-28,GAB,MOZ,MOZ,Geny Catamo,42.0,False,True,20251228_GAB_MOZ
2025-12-28,GAB,MOZ,GAB,Pierre-Emerick Aubameyang,45.0,False,False,20251228_GAB_MOZ
2025-12-28,GAB,MOZ,MOZ,Diogo Calila,52.0,False,False,20251228_GAB_MOZ
2025-12-28,GAB,MOZ,GAB,Alex Moucketou-Moussounda,76.0,False,False,20251228_GAB_MOZ
2025-12-28,CIV,CMR,CIV,Amad Diallo,51.0,False,False,20251228_CIV_CMR
2025-12-28,CIV,CMR,CMR,Ghislain Konan,56.0,True,False,20251228_CIV_CMR
2025-12-29,MAR,ZAM,MAR,Ayoub El Kaabi,9.0,False,False,20251229_MAR_ZAM
2025-12-29,MAR,ZAM,MAR,Brahim Díaz,27.0,False,False,20251229_MAR_ZAM
2025-12-29,MAR,ZAM,MAR,Ayoub El Kaabi,50.0,False,False,20251229_MAR_ZAM
2025-12-29,ZIM,RSA,RSA,Tshepang Moremi,7.0,False,False,20251229_ZIM_RSA
2025-12-29,ZIM,RSA,ZIM,Tawanda Maswanhise,19.0,False,False,20251229_ZIM_RSA
2025-12-29,ZIM,RSA,RSA,Lyle Foster,50.0,False,False,20251229_ZIM_RSA
2025-12-29,ZIM,RSA,ZIM,Aubrey Modiba,73.0,True,False,20251229_ZIM_RSA
2025-12-29,ZIM,RSA,RSA,Oswin Appollis,82.0,False,True,20251229_ZIM_RSA
2025-12-30,BEN,SEN,SEN,Abdoulaye Seck,38.0,False,False,20251230_BEN_SEN
2025-12-30,BEN,SEN,SEN,Habib Diallo,62.0,False,False,20251230_BEN_SEN
2025-12-30,BEN,SEN,SEN,Cherif Ndiaye,90.0,False,True,20251230_BEN_SEN
2025-12-30,BOT,COD,COD,Nathanaël Mbuku,31.0,False,False,20251230_BOT_COD
2025-12-30,BOT,COD,COD,Gaël Kakuta,41.0,False,True,20251230_BOT_COD
2025-12-30,BOT,COD,COD,Gaël Kakuta,60.0,False,False,20251230_BOT_COD
2025-12-30,TAN,TUN,TUN,Ismaël Gharbi,43.0,False,True,20251230_TAN_TUN
2025-12-30,TAN,TUN,TAN,Feisal Salum,48.0,False,False,20251230_TAN_TUN
2025-12-30,UGA,NGA,NGA,Paul Onuachu,28.0,False,False,20251230_UGA_NGA
2025-12-30,UGA,NGA,NGA,Raphael Onyedika,62.0,False,False,20251230_UGA_NGA
2025-12-30,UGA,NGA,NGA,Raphael Onyedika,67.0,False,False,20251230_UGA_NGA
2025-12-30,UGA,NGA,UGA,Rogers Mato,75.0,False,False,20251230_UGA_NGA
2025-12-31,EQG,ALG,ALG,Zineddine Belaïd,19.0,False,False,20251231_EQG_ALG
2025-12-31,EQG,ALG,ALG,Farès Chaïbi,25.0,False,False,20251231_EQG_ALG
2025-12-31,EQG,ALG,ALG,Ibrahim Maza,32.0,False,False,20251231_EQG_ALG
2025-12-31,EQG,ALG,EQG,Emilio Nsue,50.0,False,False,20251231_EQG_ALG
2025-12-31,GAB,CIV,GAB,Guélor Kanga,11.0,False,False,20251231_GAB_CIV
2025-12-31,GAB,CIV,GAB,Denis Bouanga,21.0,False,False,20251231_GAB_CIV
2025-12-31,GAB,CIV,CIV,Jean-Philippe Krasso,44.0,False,False,20251231_GAB_CIV
2025-12-31,GAB,CIV,CIV,Evann Guessand,84.0,False,False,20251231_GAB_CIV
2025-12-31,GAB,CIV,CIV,Bazoumana Touré,90.0,False,False,20251231_GAB_CIV
2025-12-31,MOZ,CMR,MOZ,Geny Catamo,23.0,False,False,20251231_MOZ_CMR
2025-12-31,MOZ,CMR,CMR,Nené,28.0,True,False,20251231_MOZ_CMR
2025-12-31,MOZ,CMR,CMR,Christian Kofane,55.0,False,False,20251231_MOZ_CMR
2025-12-31,SDN,BFA,BFA,Lassina Traoré,16.0,False,False,20251231_SDN_BFA
2025-12-31,SDN,BFA,BFA,Arsène Kouassi,85.0,False,False,20251231_SDN_BFA
2026-01-03,MLI,TUN,TUN,Firas Chaouat,88.0,False,False,20260103_MLI_TUN
2026-01-03,MLI,TUN,MLI,Lassine Sinayoko,90.0,False,True,20260103_MLI_TUN
2026-01-03,SEN,SDN,SDN,Aamir Abdallah,6.0,False,False,20260103_SEN_SDN
2026-01-03,SEN,SDN,SEN,Pape Gueye,29.0,False,False,20260103_SEN_SDN
2026-01-03,SEN,SDN,SEN,Pape Gueye,45.0,False,False,20260103_SEN_SDN
2026-01-03,SEN,SDN,SEN,Ibrahim Mbaye,77.0,False,False,20260103_SEN_SDN
2026-01-04,MAR,TAN,MAR,Brahim Díaz,64.0,False,False,20260104_MAR_TAN
2026-01-04,RSA,CMR,CMR,Junior Tchamadeu,34.0,False,False,20260104_RSA_CMR
2026-01-04,RSA,CMR,CMR,Christian Kofane,47.0,False,False,20260104_RSA_CMR
2026-01-04,RSA,CMR,RSA,Evidence Makgopa,88.0,False,False,20260104_RSA_CMR
2026-01-05,EGY,BEN,EGY,Marwan Attia,69.0,False,False,20260105_EGY_BEN
2026-01-05,EGY,BEN,BEN,Jodel Dossou,83.0,False,False,20260105_EGY_BEN
2026-01-05,EGY,BEN,EGY,Yasser Ibrahim,97.0,False,False,20260105_EGY_BEN
2026-01-05,EGY,BEN,EGY,Mohamed Salah,120.0,False,False,20260105_EGY_BEN
2026-01-05,NGA,MOZ,NGA,Ademola Lookman,20.0,False,False,20260105_NGA_MOZ
2026-01-05,NGA,MOZ,NGA,Victor Osimhen,25.0,False,False,20260105_NGA_MOZ
2026-01-05,NGA,MOZ,NGA,Victor Osimhen,47.0,False,False,20260105_NGA_MOZ
2026-01-05,NGA,MOZ,NGA,Akor Adams,75.0,False,False,20260105_NGA_MOZ
2026-01-06,ALG,COD,ALG,Adil Boulbina,119.0,False,False,20260106_ALG_COD
2026-01-06,CIV,BFA,CIV,Amad Diallo,20.0,False,False,20260106_CIV_BFA
2026-01-06,CIV,BFA,CIV,Yan Diomande,32.0,False,False,20260106_CIV_BFA
2026-01-06,CIV,BFA,CIV,Bazoumana Touré,87.0,False,False,20260106_CIV_BFA
2026-01-09,MLI,SEN,SEN,Iliman Ndiaye,27.0,False,False,20260109_MLI_SEN
2026-01-09,MAR,CMR,MAR,Brahim Díaz,26.0,False,False,20260109_MAR_CMR
2026-01-09,MAR,CMR,MAR,Ismael Saibari,74.0,False,False,20260109_MAR_CMR
2026-01-10,ALG,NGA,NGA,Victor Osimhen,47.0,False,False,20260110_ALG_NGA
2026-01-10,ALG,NGA,NGA,Akor Adams,57.0,False,False,20260110_ALG_NGA
2026-01-10,EGY,CIV,EGY,Omar Marmoush,4.0,False,False,20260110_EGY_CIV
2026-01-10,EGY,CIV,EGY,Ramy Rabia,32.0,False,False,20260110_EGY_CIV
2026-01-10,EGY,CIV,CIV,Ahmed Abou El Fotouh,40.0,True,False,20260110_EGY_CIV
2026-01-10,EGY,CIV,EGY,Mohamed Salah,52.0,False,False,20260110_EGY_CIV
2026-01-10,EGY,CIV,CIV,Guéla Doué,73.0,False,False,20260110_EGY_CIV
2026-01-14,SEN,EGY,SEN,Sadio Mané,78.0,False,False,20260114_SEN_EGY
2026-03-26,BOL,SUR,SUR,Liam van Gelderen,48.0,False,False,20260326_BOL_SUR
2026-03-26,BOL,SUR,BOL,Moisés Paniagua,72.0,False,False,20260326_BOL_SUR
2026-03-26,BOL,SUR,BOL,Miguel Terceros,79.0,False,True,20260326_BOL_SUR
2026-03-26,CZE,IRL,IRL,Troy Parrott,19.0,False,True,20260326_CZE_IRL
2026-03-26,CZE,IRL,IRL,Matěj Kovář,23.0,True,False,20260326_CZE_IRL
2026-03-26,CZE,IRL,CZE,Patrik Schick,27.0,False,True,20260326_CZE_IRL
2026-03-26,CZE,IRL,CZE,Ladislav Krejčí,86.0,False,False,20260326_CZE_IRL
2026-03-26,DEN,MKD,DEN,Mikkel Damsgaard,49.0,False,False,20260326_DEN_MKD
2026-03-26,DEN,MKD,DEN,Gustav Isaksen,58.0,False,False,20260326_DEN_MKD
2026-03-26,DEN,MKD,DEN,Gustav Isaksen,59.0,False,False,20260326_DEN_MKD
2026-03-26,DEN,MKD,DEN,Christian Nørgaard,75.0,False,False,20260326_DEN_MKD
2026-03-26,ITA,NIR,ITA,Sandro Tonali,56.0,False,False,20260326_ITA_NIR
2026-03-26,ITA,NIR,ITA,Moise Kean,80.0,False,False,20260326_ITA_NIR
2026-03-26,NCL,JAM,JAM,Bailey Cadamarteri,18.0,False,False,20260326_NCL_JAM
2026-03-26,POL,ALB,ALB,Arbër Hoxha,42.0,False,False,20260326_POL_ALB
2026-03-26,POL,ALB,POL,Robert Lewandowski,63.0,False,False,20260326_POL_ALB
2026-03-26,POL,ALB,POL,Piotr Zieliński,73.0,False,False,20260326_POL_ALB
2026-03-26,SVK,KVX,SVK,Martin Valjent,6.0,False,False,20260326_SVK_KVX
2026-03-26,SVK,KVX,KVX,Veldin Hodža,21.0,False,False,20260326_SVK_KVX
2026-03-26,SVK,KVX,SVK,Lukáš Haraslín,45.0,False,False,20260326_SVK_KVX
2026-03-26,SVK,KVX,KVX,Fisnik Asllani,47.0,False,False,20260326_SVK_KVX
2026-03-26,SVK,KVX,KVX,Florent Muslija,60.0,False,False,20260326_SVK_KVX
2026-03-26,SVK,KVX,KVX,Kreshnik Hajrizi,72.0,False,False,20260326_SVK_KVX
2026-03-26,SVK,KVX,SVK,David Strelec,90.0,False,False,20260326_SVK_KVX
2026-03-26,TUR,ROU,TUR,Ferdi Kadıoğlu,53.0,False,False,20260326_TUR_ROU
2026-03-26,UKR,SWE,SWE,Viktor Gyökeres,6.0,False,False,20260326_UKR_SWE
2026-03-26,UKR,SWE,SWE,Viktor Gyökeres,51.0,False,False,20260326_UKR_SWE
2026-03-26,UKR,SWE,SWE,Viktor Gyökeres,73.0,False,True,20260326_UKR_SWE
2026-03-26,UKR,SWE,UKR,Matviy Ponomarenko,90.0,False,False,20260326_UKR_SWE
2026-03-26,WAL,BIH,WAL,Daniel James,51.0,False,False,20260326_WAL_BIH
2026-03-26,WAL,BIH,BIH,Edin Džeko,86.0,False,False,20260326_WAL_BIH
2026-03-31,BIH,ITA,ITA,Moise Kean,15.0,False,False,20260331_BIH_ITA
2026-03-31,BIH,ITA,BIH,Haris Tabaković,79.0,False,False,20260331_BIH_ITA
2026-03-31,CZE,DEN,CZE,Pavel Šulc,3.0,False,False,20260331_CZE_DEN
2026-03-31,CZE,DEN,DEN,Joachim Andersen,72.0,False,False,20260331_CZE_DEN
2026-03-31,CZE,DEN,CZE,Ladislav Krejčí,100.0,False,False,20260331_CZE_DEN
2026-03-31,CZE,DEN,DEN,Kasper Høgh,111.0,False,False,20260331_CZE_DEN
2026-03-31,COD,JAM,COD,Axel Tuanzebe,100.0,False,False,20260331_COD_JAM
2026-03-31,IRQ,BOL,IRQ,Ali Al-Hamadi,10.0,False,False,20260331_IRQ_BOL
2026-03-31,IRQ,BOL,BOL,Moisés Paniagua,38.0,False,False,20260331_IRQ_BOL
2026-03-31,IRQ,BOL,IRQ,Aymen Hussein,53.0,False,False,20260331_IRQ_BOL
2026-03-31,KVX,TUR,TUR,Kerem Aktürkoğlu,53.0,False,False,20260331_KVX_TUR
2026-03-31,SWE,POL,SWE,Anthony Elanga,20.0,False,False,20260331_SWE_POL
2026-03-31,SWE,POL,POL,Nicola Zalewski,33.0,False,False,20260331_SWE_POL
2026-03-31,SWE,POL,SWE,Gustaf Lagerbielke,44.0,False,False,20260331_SWE_POL
2026-03-31,SWE,POL,POL,Karol Świderski,55.0,False,False,20260331_SWE_POL
2026-03-31,SWE,POL,SWE,Viktor Gyökeres,88.0,False,False,20260331_SWE_POL
2026-06-06,EST,FRO,EST,Tony Varjund,66.0,False,False,20260606_EST_FRO
2026-06-06,LTU,LVA,LTU,Armandas Kučys,28.0,False,False,20260606_LTU_LVA
2026-06-06,LTU,LVA,LVA,Maksims Toņiševs,60.0,False,False,20260606_LTU_LVA
2026-06-09,EST,LTU,EST,Karel Mustmaa,80.0,False,False,20260609_EST_LTU
2026-06-09,LVA,FRO,FRO,Hanus Sørensen,81.0,False,False,20260609_LVA_FRO
2026-06-11,MEX,RSA,MEX,Julián Quiñones,9.0,False,False,20260611_MEX_RSA
2026-06-11,MEX,RSA,MEX,Raúl Jiménez,67.0,False,False,20260611_MEX_RSA
2026-06-11,KOR,CZE,CZE,Ladislav Krejčí,59.0,False,False,20260611_KOR_CZE
2026-06-11,KOR,CZE,KOR,Hwang In-beom,67.0,False,False,20260611_KOR_CZE
2026-06-11,KOR,CZE,KOR,Oh Hyeon-gyu,80.0,False,False,20260611_KOR_CZE
2026-06-12,CAN,BIH,BIH,Jovo Lukić,21.0,False,False,20260612_CAN_BIH
2026-06-12,CAN,BIH,CAN,Cyle Larin,78.0,False,False,20260612_CAN_BIH
2026-06-12,USA,PAR,USA,Damián Bobadilla,7.0,True,False,20260612_USA_PAR
2026-06-12,USA,PAR,USA,Folarin Balogun,31.0,False,False,20260612_USA_PAR
2026-06-12,USA,PAR,USA,Folarin Balogun,45.0,False,False,20260612_USA_PAR
2026-06-12,USA,PAR,PAR,Maurício,73.0,False,False,20260612_USA_PAR
2026-06-12,USA,PAR,USA,Giovanni Reyna,90.0,False,False,20260612_USA_PAR
2026-06-13,AUS,TUR,AUS,Nestory Irankunda,27.0,False,False,20260613_AUS_TUR
2026-06-13,AUS,TUR,AUS,Connor Metcalfe,75.0,False,False,20260613_AUS_TUR
2026-06-13,BRA,MAR,MAR,Ismael Saibari,21.0,False,False,20260613_BRA_MAR
2026-06-13,BRA,MAR,BRA,Vinícius Júnior,32.0,False,False,20260613_BRA_MAR
2026-06-13,HAI,SCO,SCO,John McGinn,28.0,False,False,20260613_HAI_SCO
2026-06-13,QAT,SUI,SUI,Breel Embolo,17.0,False,True,20260613_QAT_SUI
2026-06-13,QAT,SUI,QAT,Miro Muheim,90.0,True,False,20260613_QAT_SUI
2026-06-14,GER,CUW,GER,Felix Nmecha,6.0,False,False,20260614_GER_CUW
2026-06-14,GER,CUW,CUW,Livano Comenencia,21.0,False,False,20260614_GER_CUW
2026-06-14,GER,CUW,GER,Nico Schlotterbeck,38.0,False,False,20260614_GER_CUW
2026-06-14,GER,CUW,GER,Kai Havertz,45.0,False,True,20260614_GER_CUW
2026-06-14,GER,CUW,GER,Jamal Musiala,47.0,False,False,20260614_GER_CUW
2026-06-14,GER,CUW,GER,Nathaniel Brown,68.0,False,False,20260614_GER_CUW
2026-06-14,GER,CUW,GER,Deniz Undav,78.0,False,False,20260614_GER_CUW
2026-06-14,GER,CUW,GER,Kai Havertz,88.0,False,False,20260614_GER_CUW
2026-06-14,CIV,ECU,CIV,Amad Diallo,90.0,False,False,20260614_CIV_ECU
2026-06-14,NED,JPN,NED,Virgil van Dijk,51.0,False,False,20260614_NED_JPN
2026-06-14,NED,JPN,JPN,Keito Nakamura,57.0,False,False,20260614_NED_JPN
2026-06-14,NED,JPN,NED,Crysencio Summerville,64.0,False,False,20260614_NED_JPN
2026-06-14,NED,JPN,JPN,Daichi Kamada,88.0,False,False,20260614_NED_JPN
2026-06-14,SWE,TUN,SWE,Yasin Ayari,7.0,False,False,20260614_SWE_TUN
2026-06-14,SWE,TUN,SWE,Alexander Isak,30.0,False,False,20260614_SWE_TUN
2026-06-14,SWE,TUN,TUN,Omar Rekik,43.0,False,False,20260614_SWE_TUN
2026-06-14,SWE,TUN,SWE,Viktor Gyökeres,59.0,False,False,20260614_SWE_TUN
2026-06-14,SWE,TUN,SWE,Mattias Svanberg,84.0,False,False,20260614_SWE_TUN
2026-06-14,SWE,TUN,SWE,Yasin Ayari,90.0,False,False,20260614_SWE_TUN
2026-06-15,BEL,EGY,EGY,Emam Ashour,19.0,False,False,20260615_BEL_EGY
2026-06-15,BEL,EGY,BEL,Mohamed Hany,66.0,True,False,20260615_BEL_EGY
2026-06-15,IRN,NZL,NZL,Elijah Just,7.0,False,False,20260615_IRN_NZL
2026-06-15,IRN,NZL,IRN,Ramin Rezaeian,32.0,False,False,20260615_IRN_NZL
2026-06-15,IRN,NZL,NZL,Elijah Just,54.0,False,False,20260615_IRN_NZL
2026-06-15,IRN,NZL,IRN,Mohammad Mohebi,64.0,False,False,20260615_IRN_NZL
2026-06-15,KSA,URU,KSA,Abdulelah Al-Amri,41.0,False,False,20260615_KSA_URU
2026-06-15,KSA,URU,URU,Maximiliano Araújo,80.0,False,False,20260615_KSA_URU
2026-06-16,ARG,ALG,ARG,Lionel Messi,17.0,False,False,20260616_ARG_ALG
2026-06-16,ARG,ALG,ARG,Lionel Messi,60.0,False,False,20260616_ARG_ALG
2026-06-16,ARG,ALG,ARG,Lionel Messi,76.0,False,False,20260616_ARG_ALG
2026-06-16,AUT,JOR,AUT,Romano Schmid,20.0,False,False,20260616_AUT_JOR
2026-06-16,AUT,JOR,JOR,Ali Olwan,50.0,False,False,20260616_AUT_JOR
2026-06-16,AUT,JOR,AUT,Yazan Al-Arab,76.0,True,False,20260616_AUT_JOR
2026-06-16,AUT,JOR,AUT,Marko Arnautović,90.0,False,True,20260616_AUT_JOR
2026-06-16,FRA,SEN,FRA,Kylian Mbappé,66.0,False,False,20260616_FRA_SEN
2026-06-16,FRA,SEN,FRA,Bradley Barcola,82.0,False,False,20260616_FRA_SEN
2026-06-16,FRA,SEN,FRA,Kylian Mbappé,90.0,False,False,20260616_FRA_SEN
2026-06-16,FRA,SEN,SEN,Ibrahim Mbaye,90.0,False,False,20260616_FRA_SEN
2026-06-16,IRQ,NOR,NOR,Erling Haaland,29.0,False,False,20260616_IRQ_NOR
2026-06-16,IRQ,NOR,IRQ,Aymen Hussein,39.0,False,False,20260616_IRQ_NOR
2026-06-16,IRQ,NOR,NOR,Erling Haaland,43.0,False,False,20260616_IRQ_NOR
2026-06-16,IRQ,NOR,NOR,Leo Østigård,76.0,False,False,20260616_IRQ_NOR
2026-06-16,IRQ,NOR,NOR,Aymen Hussein,90.0,True,False,20260616_IRQ_NOR
2026-06-17,ENG,CRO,ENG,Harry Kane,12.0,False,True,20260617_ENG_CRO
2026-06-17,ENG,CRO,CRO,Martin Baturina,36.0,False,False,20260617_ENG_CRO
2026-06-17,ENG,CRO,ENG,Harry Kane,42.0,False,False,20260617_ENG_CRO
2026-06-17,ENG,CRO,CRO,Petar Musa,45.0,False,False,20260617_ENG_CRO
2026-06-17,ENG,CRO,ENG,Jude Bellingham,47.0,False,False,20260617_ENG_CRO
2026-06-17,ENG,CRO,ENG,Marcus Rashford,85.0,False,False,20260617_ENG_CRO
2026-06-17,GHA,PAN,GHA,Caleb Yirenkyi,90.0,False,False,20260617_GHA_PAN
2026-06-17,POR,COD,POR,João Neves,6.0,False,False,20260617_POR_COD
2026-06-17,POR,COD,COD,Yoane Wissa,45.0,False,False,20260617_POR_COD
2026-06-17,UZB,COL,COL,Daniel Muñoz,40.0,False,False,20260617_UZB_COL
2026-06-17,UZB,COL,UZB,Abbosbek Fayzullaev,60.0,False,False,20260617_UZB_COL
2026-06-17,UZB,COL,COL,Luis Díaz,65.0,False,False,20260617_UZB_COL
2026-06-17,UZB,COL,COL,Jaminton Campaz,90.0,False,False,20260617_UZB_COL
2026-06-18,CAN,QAT,CAN,Cyle Larin,16.0,False,False,20260618_CAN_QAT
2026-06-18,CAN,QAT,CAN,Jonathan David,29.0,False,False,20260618_CAN_QAT
2026-06-18,CAN,QAT,CAN,Jonathan David,45.0,False,False,20260618_CAN_QAT
2026-06-18,CAN,QAT,CAN,Nathan Saliba,64.0,False,False,20260618_CAN_QAT
2026-06-18,CAN,QAT,CAN,Mohamed Manai,75.0,True,False,20260618_CAN_QAT
2026-06-18,CAN,QAT,CAN,Jonathan David,90.0,False,False,20260618_CAN_QAT
2026-06-18,CZE,RSA,CZE,Michal Sadílek,6.0,False,False,20260618_CZE_RSA
2026-06-18,CZE,RSA,RSA,Teboho Mokoena,83.0,False,True,20260618_CZE_RSA
2026-06-18,MEX,KOR,MEX,Luis Romo,50.0,False,False,20260618_MEX_KOR
2026-06-18,SUI,BIH,SUI,Johan Manzambi,74.0,False,False,20260618_SUI_BIH
2026-06-18,SUI,BIH,SUI,Rubén Vargas,84.0,False,False,20260618_SUI_BIH
2026-06-18,SUI,BIH,SUI,Johan Manzambi,90.0,False,False,20260618_SUI_BIH
2026-06-18,SUI,BIH,SUI,Granit Xhaka,90.0,False,True,20260618_SUI_BIH
2026-06-18,SUI,BIH,BIH,Ermin Mahmić,90.0,False,False,20260618_SUI_BIH
2026-06-19,BRA,HAI,BRA,Matheus Cunha,23.0,False,False,20260619_BRA_HAI
2026-06-19,BRA,HAI,BRA,Matheus Cunha,36.0,False,False,20260619_BRA_HAI
2026-06-19,BRA,HAI,BRA,Vinícius Júnior,45.0,False,False,20260619_BRA_HAI
2026-06-19,SCO,MAR,MAR,Ismael Saibari,2.0,False,False,20260619_SCO_MAR
2026-06-19,TUR,PAR,PAR,Matías Galarza,2.0,False,False,20260619_TUR_PAR
2026-06-19,USA,AUS,USA,Cameron Burgess,11.0,True,False,20260619_USA_AUS
2026-06-19,USA,AUS,USA,Alex Freeman,43.0,False,False,20260619_USA_AUS
2026-06-20,GER,CIV,CIV,Franck Kessié,30.0,False,False,20260620_GER_CIV
2026-06-20,GER,CIV,GER,Deniz Undav,68.0,False,False,20260620_GER_CIV
2026-06-20,GER,CIV,GER,Deniz Undav,90.0,False,False,20260620_GER_CIV
2026-06-20,NED,SWE,NED,Brian Brobbey,5.0,False,False,20260620_NED_SWE
2026-06-20,NED,SWE,NED,Brian Brobbey,17.0,False,False,20260620_NED_SWE
2026-06-20,NED,SWE,NED,Cody Gakpo,47.0,False,False,20260620_NED_SWE
2026-06-20,NED,SWE,NED,Cody Gakpo,54.0,False,False,20260620_NED_SWE
2026-06-20,NED,SWE,SWE,Anthony Elanga,59.0,False,False,20260620_NED_SWE
2026-06-20,NED,SWE,NED,Crysencio Summerville,89.0,False,False,20260620_NED_SWE
2026-06-20,TUN,JPN,JPN,Daichi Kamada,4.0,False,False,20260620_TUN_JPN
2026-06-20,TUN,JPN,JPN,Ayase Ueda,31.0,False,False,20260620_TUN_JPN
2026-06-20,TUN,JPN,JPN,Junya Itō,69.0,False,False,20260620_TUN_JPN
2026-06-20,TUN,JPN,JPN,Ayase Ueda,83.0,False,False,20260620_TUN_JPN
2026-06-21,NZL,EGY,NZL,Finn Surman,15.0,False,False,20260621_NZL_EGY
2026-06-21,NZL,EGY,EGY,Mostafa Ziko,58.0,False,False,20260621_NZL_EGY
2026-06-21,NZL,EGY,EGY,Mohamed Salah,67.0,False,False,20260621_NZL_EGY
2026-06-21,NZL,EGY,EGY,Trézéguet,82.0,False,False,20260621_NZL_EGY
2026-06-21,ESP,KSA,ESP,Lamine Yamal,10.0,False,False,20260621_ESP_KSA
2026-06-21,ESP,KSA,ESP,Mikel Oyarzabal,21.0,False,False,20260621_ESP_KSA
2026-06-21,ESP,KSA,ESP,Mikel Oyarzabal,24.0,False,False,20260621_ESP_KSA
2026-06-21,ESP,KSA,ESP,Hassan Al-Tambakti,49.0,True,False,20260621_ESP_KSA
2026-06-21,URU,CPV,CPV,Kevin Pina,21.0,False,False,20260621_URU_CPV
2026-06-21,URU,CPV,URU,Maximiliano Araújo,44.0,False,False,20260621_URU_CPV
2026-06-21,URU,CPV,URU,Agustín Canobbio,45.0,False,False,20260621_URU_CPV
2026-06-21,URU,CPV,CPV,Hélio Varela,61.0,False,False,20260621_URU_CPV
2026-06-22,ARG,AUT,ARG,Lionel Messi,38.0,False,False,20260622_ARG_AUT
2026-06-22,ARG,AUT,ARG,Lionel Messi,90.0,False,False,20260622_ARG_AUT
2026-06-22,FRA,IRQ,FRA,Kylian Mbappé,14.0,False,False,20260622_FRA_IRQ
2026-06-22,FRA,IRQ,FRA,Kylian Mbappé,54.0,False,False,20260622_FRA_IRQ
2026-06-22,FRA,IRQ,FRA,Ousmane Dembélé,66.0,False,False,20260622_FRA_IRQ
2026-06-22,JOR,ALG,JOR,Nizar Al-Rashdan,36.0,False,False,20260622_JOR_ALG
2026-06-22,JOR,ALG,ALG,Nadhir Benbouali,69.0,False,False,20260622_JOR_ALG
2026-06-22,JOR,ALG,ALG,Amine Gouiri,82.0,False,False,20260622_JOR_ALG
2026-06-22,NOR,SEN,NOR,Marcus Holmgren Pedersen,43.0,False,False,20260622_NOR_SEN
2026-06-22,NOR,SEN,NOR,Erling Haaland,48.0,False,False,20260622_NOR_SEN
2026-06-22,NOR,SEN,SEN,Ismaïla Sarr,53.0,False,False,20260622_NOR_SEN
2026-06-22,NOR,SEN,NOR,Erling Haaland,58.0,False,False,20260622_NOR_SEN
2026-06-22,NOR,SEN,SEN,Ismaïla Sarr,90.0,False,False,20260622_NOR_SEN
2026-06-23,COL,COD,COL,Daniel Muñoz,76.0,False,False,20260623_COL_COD
2026-06-23,PAN,CRO,CRO,Ante Budimir,54.0,False,False,20260623_PAN_CRO
2026-06-23,POR,UZB,POR,Cristiano Ronaldo,6.0,False,False,20260623_POR_UZB
2026-06-23,POR,UZB,POR,Nuno Mendes,17.0,False,False,20260623_POR_UZB
2026-06-23,POR,UZB,POR,Cristiano Ronaldo,39.0,False,False,20260623_POR_UZB
2026-06-23,POR,UZB,POR,Abduvohid Nematov,60.0,True,False,20260623_POR_UZB
2026-06-23,POR,UZB,POR,Rafael Leão,87.0,False,False,20260623_POR_UZB
2026-06-24,BIH,QAT,BIH,Kerim Alajbegović,29.0,False,False,20260624_BIH_QAT
2026-06-24,BIH,QAT,BIH,Mahmud Abunada,34.0,True,False,20260624_BIH_QAT
2026-06-24,BIH,QAT,QAT,Hassan Al-Haydos,42.0,False,False,20260624_BIH_QAT
2026-06-24,BIH,QAT,BIH,Ermin Mahmić,80.0,False,False,20260624_BIH_QAT
2026-06-24,CAN,SUI,SUI,Rubén Vargas,46.0,False,False,20260624_CAN_SUI
2026-06-24,CAN,SUI,SUI,Johan Manzambi,57.0,False,False,20260624_CAN_SUI
2026-06-24,CAN,SUI,CAN,Promise David,76.0,False,False,20260624_CAN_SUI
2026-06-24,MEX,CZE,MEX,Mateo Chávez,55.0,False,False,20260624_MEX_CZE
2026-06-24,MEX,CZE,MEX,Julián Quiñones,61.0,False,False,20260624_MEX_CZE
2026-06-24,MEX,CZE,MEX,Álvaro Fidalgo,90.0,False,False,20260624_MEX_CZE
2026-06-24,MAR,HAI,HAI,Yassine Bounou,10.0,True,False,20260624_MAR_HAI
2026-06-24,MAR,HAI,MAR,Achraf Hakimi,39.0,False,False,20260624_MAR_HAI
2026-06-24,MAR,HAI,HAI,Wilson Isidor,43.0,False,False,20260624_MAR_HAI
2026-06-24,MAR,HAI,MAR,Ismael Saibari,45.0,False,False,20260624_MAR_HAI
2026-06-24,MAR,HAI,MAR,Soufiane Rahimi,78.0,False,False,20260624_MAR_HAI
2026-06-24,MAR,HAI,MAR,Gessime Yassine,89.0,False,False,20260624_MAR_HAI
2026-06-24,SCO,BRA,BRA,Vinícius Júnior,7.0,False,False,20260624_SCO_BRA
2026-06-24,SCO,BRA,BRA,Vinícius Júnior,45.0,False,False,20260624_SCO_BRA
2026-06-24,SCO,BRA,BRA,Matheus Cunha,60.0,False,False,20260624_SCO_BRA
2026-06-24,RSA,KOR,RSA,Thapelo Maseko,63.0,False,False,20260624_RSA_KOR
2026-06-25,CUW,CIV,CIV,Nicolas Pépé,7.0,False,False,20260625_CUW_CIV
2026-06-25,CUW,CIV,CIV,Nicolas Pépé,64.0,False,False,20260625_CUW_CIV
2026-06-25,ECU,GER,GER,Leroy Sané,2.0,False,False,20260625_ECU_GER
2026-06-25,ECU,GER,ECU,Nilson Angulo,9.0,False,False,20260625_ECU_GER
2026-06-25,ECU,GER,ECU,Gonzalo Plata,77.0,False,False,20260625_ECU_GER
2026-06-25,JPN,SWE,JPN,Daizen Maeda,56.0,False,False,20260625_JPN_SWE
2026-06-25,JPN,SWE,SWE,Anthony Elanga,62.0,False,False,20260625_JPN_SWE
2026-06-25,TUN,NED,NED,Ellyes Skhiri,3.0,True,False,20260625_TUN_NED
2026-06-25,TUN,NED,NED,Brian Brobbey,7.0,False,False,20260625_TUN_NED
2026-06-25,TUN,NED,TUN,Hazem Mastouri,54.0,False,False,20260625_TUN_NED
2026-06-25,TUN,NED,NED,Jan Paul van Hecke,62.0,False,False,20260625_TUN_NED
2026-06-25,USA,TUR,USA,Auston Trusty,3.0,False,False,20260625_USA_TUR
2026-06-25,USA,TUR,TUR,Arda Güler,10.0,False,False,20260625_USA_TUR
2026-06-25,USA,TUR,TUR,Barış Alper Yılmaz,31.0,False,False,20260625_USA_TUR
2026-06-25,USA,TUR,USA,Sebastian Berhalter,49.0,False,False,20260625_USA_TUR
2026-06-25,USA,TUR,TUR,Kaan Ayhan,90.0,False,False,20260625_USA_TUR
2026-06-26,EGY,IRN,EGY,Mahmoud Saber,5.0,False,False,20260626_EGY_IRN
2026-06-26,EGY,IRN,IRN,Ramin Rezaeian,14.0,False,False,20260626_EGY_IRN
2026-06-26,NZL,BEL,BEL,Leandro Trossard,28.0,False,False,20260626_NZL_BEL
2026-06-26,NZL,BEL,BEL,Leandro Trossard,50.0,False,False,20260626_NZL_BEL
2026-06-26,NZL,BEL,BEL,Kevin De Bruyne,66.0,False,False,20260626_NZL_BEL
2026-06-26,NZL,BEL,NZL,Elijah Just,84.0,False,False,20260626_NZL_BEL
2026-06-26,NZL,BEL,BEL,Romelu Lukaku,86.0,False,False,20260626_NZL_BEL
2026-06-26,NZL,BEL,BEL,Alexis Saelemaekers,90.0,False,False,20260626_NZL_BEL
2026-06-26,NOR,FRA,FRA,Ousmane Dembélé,7.0,False,False,20260626_NOR_FRA
2026-06-26,NOR,FRA,FRA,Ousmane Dembélé,20.0,False,False,20260626_NOR_FRA
2026-06-26,NOR,FRA,NOR,Thelo Aasgaard,21.0,False,False,20260626_NOR_FRA
2026-06-26,NOR,FRA,FRA,Ousmane Dembélé,32.0,False,False,20260626_NOR_FRA
2026-06-26,NOR,FRA,FRA,Désiré Doué,90.0,False,False,20260626_NOR_FRA
2026-06-26,SEN,IRQ,SEN,Habib Diarra,4.0,False,False,20260626_SEN_IRQ
2026-06-26,SEN,IRQ,SEN,Ismaïla Sarr,56.0,False,False,20260626_SEN_IRQ
2026-06-26,SEN,IRQ,SEN,Pape Gueye,59.0,False,False,20260626_SEN_IRQ
2026-06-26,SEN,IRQ,SEN,Pape Gueye,71.0,False,False,20260626_SEN_IRQ
2026-06-26,SEN,IRQ,SEN,Iliman Ndiaye,82.0,False,False,20260626_SEN_IRQ
2026-06-26,URU,ESP,ESP,Álex Baena,42.0,False,False,20260626_URU_ESP
2026-06-27,ALG,AUT,AUT,Marko Arnautović,28.0,False,False,20260627_ALG_AUT
2026-06-27,ALG,AUT,ALG,Rafik Belghali,45.0,False,False,20260627_ALG_AUT
2026-06-27,ALG,AUT,AUT,Marcel Sabitzer,55.0,False,False,20260627_ALG_AUT
2026-06-27,ALG,AUT,ALG,Riyad Mahrez,60.0,False,False,20260627_ALG_AUT
2026-06-27,ALG,AUT,ALG,Riyad Mahrez,90.0,False,False,20260627_ALG_AUT
2026-06-27,ALG,AUT,AUT,Saša Kalajdžić,90.0,False,False,20260627_ALG_AUT
2026-06-27,CRO,GHA,CRO,Petar Sučić,31.0,False,False,20260627_CRO_GHA
2026-06-27,CRO,GHA,GHA,Derrick Luckassen,73.0,False,False,20260627_CRO_GHA
2026-06-27,CRO,GHA,CRO,Nikola Vlašić,83.0,False,False,20260627_CRO_GHA
2026-06-27,COD,UZB,UZB,Eldor Shomurodov,10.0,False,False,20260627_COD_UZB
2026-06-27,COD,UZB,COD,Yoane Wissa,68.0,False,True,20260627_COD_UZB
2026-06-27,COD,UZB,COD,Fiston Mayele,78.0,False,False,20260627_COD_UZB
2026-06-27,COD,UZB,COD,Yoane Wissa,90.0,False,False,20260627_COD_UZB
2026-06-27,JOR,ARG,ARG,Giovani Lo Celso,19.0,False,False,20260627_JOR_ARG
2026-06-27,JOR,ARG,ARG,Lautaro Martínez,31.0,False,True,20260627_JOR_ARG
2026-06-27,JOR,ARG,JOR,Musa Al-Taamari,55.0,False,False,20260627_JOR_ARG
2026-06-27,JOR,ARG,ARG,Lionel Messi,80.0,False,False,20260627_JOR_ARG
2026-06-27,PAN,ENG,ENG,Jude Bellingham,62.0,False,False,20260627_PAN_ENG
2026-06-27,PAN,ENG,ENG,Harry Kane,67.0,False,False,20260627_PAN_ENG
2026-06-28,RSA,CAN,CAN,Stephen Eustáquio,90.0,False,False,20260628_RSA_CAN
2026-06-29,BRA,JPN,JPN,Kaishū Sano,29.0,False,False,20260629_BRA_JPN
2026-06-29,BRA,JPN,BRA,Casemiro,56.0,False,False,20260629_BRA_JPN
2026-06-29,BRA,JPN,BRA,Gabriel Martinelli,90.0,False,False,20260629_BRA_JPN
2026-06-29,GER,PAR,PAR,Julio Enciso,42.0,False,False,20260629_GER_PAR
2026-06-29,GER,PAR,GER,Kai Havertz,54.0,False,False,20260629_GER_PAR
2026-06-29,NED,MAR,NED,Cody Gakpo,72.0,False,False,20260629_NED_MAR
2026-06-29,NED,MAR,MAR,Issa Diop,90.0,False,False,20260629_NED_MAR
2026-06-30,FRA,SWE,FRA,Kylian Mbappé,45.0,False,False,20260630_FRA_SWE
2026-06-30,FRA,SWE,FRA,Bradley Barcola,53.0,False,False,20260630_FRA_SWE
2026-06-30,FRA,SWE,FRA,Kylian Mbappé,74.0,False,False,20260630_FRA_SWE
2026-06-30,CIV,NOR,NOR,Antonio Nusa,39.0,False,False,20260630_CIV_NOR
2026-06-30,CIV,NOR,CIV,Amad Diallo,74.0,False,False,20260630_CIV_NOR
2026-06-30,CIV,NOR,NOR,Erling Haaland,86.0,False,False,20260630_CIV_NOR
2026-06-30,MEX,ECU,MEX,Julián Quiñones,22.0,False,False,20260630_MEX_ECU
2026-06-30,MEX,ECU,MEX,Raúl Jiménez,31.0,False,False,20260630_MEX_ECU
2026-07-01,BEL,SEN,SEN,Habib Diarra,25.0,False,False,20260701_BEL_SEN
2026-07-01,BEL,SEN,SEN,Ismaïla Sarr,51.0,False,False,20260701_BEL_SEN
2026-07-01,BEL,SEN,BEL,Romelu Lukaku,86.0,False,False,20260701_BEL_SEN
2026-07-01,BEL,SEN,BEL,Youri Tielemans,89.0,False,False,20260701_BEL_SEN
2026-07-01,BEL,SEN,BEL,Youri Tielemans,120.0,False,True,20260701_BEL_SEN
2026-07-01,ENG,COD,COD,Brian Cipenga,7.0,False,False,20260701_ENG_COD
2026-07-01,ENG,COD,ENG,Harry Kane,75.0,False,False,20260701_ENG_COD
2026-07-01,ENG,COD,ENG,Harry Kane,86.0,False,False,20260701_ENG_COD
2026-07-01,USA,BIH,USA,Folarin Balogun,45.0,False,False,20260701_USA_BIH
2026-07-01,USA,BIH,USA,Malik Tillman,82.0,False,False,20260701_USA_BIH
2026-07-02,POR,CRO,CRO,Ivan Perišić,53.0,False,False,20260702_POR_CRO
2026-07-02,POR,CRO,POR,Cristiano Ronaldo,68.0,False,True,20260702_POR_CRO
2026-07-02,POR,CRO,POR,Gonçalo Ramos,90.0,False,False,20260702_POR_CRO
2026-07-02,ESP,AUT,ESP,Mikel Oyarzabal,36.0,False,False,20260702_ESP_AUT
2026-07-02,ESP,AUT,ESP,Pedro Porro,66.0,False,False,20260702_ESP_AUT
2026-07-02,ESP,AUT,ESP,Mikel Oyarzabal,89.0,False,False,20260702_ESP_AUT
2026-07-02,SUI,ALG,SUI,Breel Embolo,10.0,False,False,20260702_SUI_ALG
2026-07-02,SUI,ALG,SUI,Dan Ndoye,46.0,False,False,20260702_SUI_ALG
2026-07-03,ARG,CPV,ARG,Lionel Messi,29.0,False,False,20260703_ARG_CPV
2026-07-03,ARG,CPV,CPV,Deroy Duarte,59.0,False,False,20260703_ARG_CPV
2026-07-03,ARG,CPV,ARG,Lisandro Martínez,92.0,False,False,20260703_ARG_CPV
2026-07-03,ARG,CPV,CPV,Sidny Lopes Cabral,103.0,False,False,20260703_ARG_CPV
2026-07-03,ARG,CPV,ARG,Diney,111.0,True,False,20260703_ARG_CPV
2026-07-03,AUS,EGY,EGY,Emam Ashour,13.0,False,False,20260703_AUS_EGY
2026-07-03,AUS,EGY,AUS,Mohamed Hany,55.0,True,False,20260703_AUS_EGY
2026-07-03,COL,GHA,COL,Jhon Arias,14.0,False,False,20260703_COL_GHA
2026-07-04,CAN,MAR,MAR,Azzedine Ounahi,50.0,False,False,20260704_CAN_MAR
2026-07-04,CAN,MAR,MAR,Azzedine Ounahi,82.0,False,False,20260704_CAN_MAR
2026-07-04,CAN,MAR,MAR,Soufiane Rahimi,90.0,False,False,20260704_CAN_MAR
2026-07-04,PAR,FRA,FRA,Kylian Mbappé,70.0,False,True,20260704_PAR_FRA
2026-07-05,BRA,NOR,NOR,Erling Haaland,79.0,False,False,20260705_BRA_NOR
2026-07-05,BRA,NOR,BRA,Neymar,90.0,False,True,20260705_BRA_NOR
2026-07-05,BRA,NOR,NOR,Erling Haaland,90.0,False,False,20260705_BRA_NOR
2026-07-05,MEX,ENG,ENG,Jude Bellingham,36.0,False,False,20260705_MEX_ENG
2026-07-05,MEX,ENG,ENG,Jude Bellingham,38.0,False,False,20260705_MEX_ENG
2026-07-05,MEX,ENG,MEX,Julián Quiñones,42.0,False,False,20260705_MEX_ENG
2026-07-05,MEX,ENG,ENG,Harry Kane,60.0,False,True,20260705_MEX_ENG
2026-07-05,MEX,ENG,MEX,Raúl Jiménez,69.0,False,True,20260705_MEX_ENG
2026-07-06,POR,ESP,ESP,Mikel Merino,90.0,False,False,20260706_POR_ESP
2026-07-06,USA,BEL,BEL,Charles De Ketelaere,9.0,False,False,20260706_USA_BEL
2026-07-06,USA,BEL,USA,Malik Tillman,31.0,False,False,20260706_USA_BEL
2026-07-06,USA,BEL,BEL,Charles De Ketelaere,33.0,False,False,20260706_USA_BEL
2026-07-06,USA,BEL,BEL,Hans Vanaken,57.0,False,False,20260706_USA_BEL
2026-07-06,USA,BEL,BEL,Romelu Lukaku,90.0,False,False,20260706_USA_BEL
2026-07-07,ARG,EGY,EGY,Yasser Ibrahim,15.0,False,False,20260707_ARG_EGY
2026-07-07,ARG,EGY,EGY,Mostafa Ziko,67.0,False,False,20260707_ARG_EGY
2026-07-07,ARG,EGY,ARG,Cristian Romero,79.0,False,False,20260707_ARG_EGY
2026-07-07,ARG,EGY,ARG,Lionel Messi,83.0,False,False,20260707_ARG_EGY
2026-07-07,ARG,EGY,ARG,Enzo Fernández,90.0,False,False,20260707_ARG_EGY
2026-07-09,FRA,MAR,FRA,Kylian Mbappé,60.0,False,False,20260709_FRA_MAR
2026-07-09,FRA,MAR,FRA,Ousmane Dembélé,66.0,False,False,20260709_FRA_MAR
2026-07-10,ESP,BEL,ESP,Fabián Ruiz,30.0,False,False,20260710_ESP_BEL
2026-07-10,ESP,BEL,BEL,Charles De Ketelaere,41.0,False,False,20260710_ESP_BEL
2026-07-10,ESP,BEL,ESP,Mikel Merino,88.0,False,False,20260710_ESP_BEL
2026-07-11,ARG,SUI,ARG,Alexis Mac Allister,10.0,False,False,20260711_ARG_SUI
2026-07-11,ARG,SUI,SUI,Dan Ndoye,67.0,False,False,20260711_ARG_SUI
2026-07-11,ARG,SUI,ARG,Julián Alvarez,112.0,False,False,20260711_ARG_SUI
2026-07-11,ARG,SUI,ARG,Lautaro Martínez,120.0,False,False,20260711_ARG_SUI
2026-07-11,NOR,ENG,NOR,Andreas Schjelderup,36.0,False,False,20260711_NOR_ENG
2026-07-11,NOR,ENG,ENG,Jude Bellingham,45.0,False,False,20260711_NOR_ENG
2026-07-11,NOR,ENG,ENG,Jude Bellingham,93.0,False,False,20260711_NOR_ENG
2026-07-14,FRA,ESP,ESP,Mikel Oyarzabal,22.0,False,True,20260714_FRA_ESP
2026-07-14,FRA,ESP,ESP,Pedro Porro,58.0,False,False,20260714_FRA_ESP
2026-07-15,ENG,ARG,ENG,Anthony Gordon,55.0,False,False,20260715_ENG_ARG
2026-07-15,ENG,ARG,ARG,Enzo Fernández,85.0,False,False,20260715_ENG_ARG
2026-07-15,ENG,ARG,ARG,Lautaro Martínez,90.0,False,False,20260715_ENG_ARG
