date,home_team,away_team,home_goals,away_goals,sede_ciudad,sede_pais,sede_nombre,odd_home,odd_draw,odd_away,tournament,stadium,MATCH_ID,elo_diff,home_xg,away_xg,home_shots_on,away_shots_on,home_shots_off,away_shots_off,home_possession,away_possession,home_yellow,away_yellow,home_red,away_red,home_corners,away_corners
2021-07-09 23:30:00,Real Tomayapo,Independiente Petrolero,0.0,2.0,Tarija,Bolivia,Estadio IV Centenário,,,,División Profesional,,20210709_Real-Tomayapo_Independiente-Petrolero,0.0,0.05,1.63,0,5,0,10,44.7,55.3,2,3,1,0,0,7
2021-07-10 18:30:00,Aurora,San José,3.0,0.0,Cochabamba,Bolivia,Estadio Félix Capriles,,,,División Profesional,,20210710_Aurora_San-José,0.0,1.91,0.64,6,2,15,5,46.3,53.7,4,2,0,0,12,1
2021-07-10 18:30:00,Real Potosí,The Strongest,1.0,3.0,Potosí,Bolivia,Estadio Víctor Agustín Ugarte,,,,División Profesional,,20210710_Real-Potosí_The-Strongest,0.0,1.17,1.02,3,3,7,6,58.7,41.3,0,2,0,0,2,7
2021-07-10 21:00:00,Royal Pari,Wilstermann,3.0,2.0,Santa Cruz,Bolivia,Estadio Ramón Tahuichi,,,,División Profesional,,20210710_Royal-Pari_Wilstermann,0.0,1.26,0.62,4,2,8,4,58.9,41.1,1,0,0,0,5,3
2021-07-11 19:00:00,Always Ready,Atlético Palmaflor,3.0,2.0,"El Alto, La Paz.",Bolivia,Municipal Villa Ingenio,,,,División Profesional,,20210711_Always-Ready_Atlético-Palmaflor,0.0,1.0,1.67,3,6,7,13,44.6,55.4,0,5,0,0,6,9
2021-07-11 21:15:00,Guabirá,Oriente Petrolero,1.0,1.0,Montero,Bolivia,Estadio Gilberto Parada,,,,División Profesional,,20210711_Guabirá_Oriente-Petrolero,0.0,1.39,0.47,4,3,9,6,52.4,47.6,3,2,1,0,3,3
2021-07-11 23:30:00,Bolívar,Real Santa Cruz,1.0,1.0,La Paz,Bolivia,Estadio Hernando Siles,,,,División Profesional,,20210711_Bolívar_Real-Santa-Cruz,0.0,0.06,0.92,1,3,2,7,47.0,53.0,2,1,0,1,4,1
2021-07-12 23:00:00,Blooming,Nacional Potosí,2.0,1.0,Santa Cruz,Bolivia,Estadio Ramón Tahuichi,,,,División Profesional,,20210712_Blooming_Nacional-Potosí,0.0,0.89,1.19,2,5,4,11,52.5,47.5,0,2,0,0,6,4
2021-07-16 19:00:00,Wilstermann,Real Potosí,3.0,1.0,Cochabamba,Bolivia,Estadio Félix Capriles,,,,División Profesional,,20210716_Wilstermann_Real-Potosí,0.0,0.23,1.22,3,6,7,16,49.6,50.4,2,4,0,0,7,9
2021-07-17 19:00:00,Atlético Palmaflor,Royal Pari,2.0,0.0,Cochabamba,Bolivia,Estadio Félix Capriles,,,,División Profesional,,20210717_Atlético-Palmaflor_Royal-Pari,-24.0,1.09,0.73,2,1,4,2,50.1,49.9,2,5,0,0,1,1
2021-07-17 19:00:00,Real Santa Cruz,Aurora,1.0,1.0,Santa Cruz,Bolivia,Estadio Real Santa Cruz,,,,División Profesional,,20210717_Real-Santa-Cruz_Aurora,-12.0,1.21,0.53,3,1,7,0,55.3,44.7,2,3,0,0,2,4
2021-07-17 21:15:00,San José,Real Tomayapo,1.0,2.0,Oruro,Bolivia,Estadio Jesús Bermúdez,,,,División Profesional,,20210717_San-José_Real-Tomayapo,0.0,0.45,0.97,2,2,3,3,45.8,54.2,0,2,0,0,5,4
2021-07-18 19:00:00,The Strongest,Guabirá,2.0,1.0,La Paz,Bolivia,Estadio Hernando Siles,,,,División Profesional,,20210718_The-Strongest_Guabirá,12.0,1.14,1.07,4,2,8,3,59.8,40.2,2,0,0,0,7,2
2021-07-18 21:15:00,Independiente Petrolero,Always Ready,1.0,2.0,Cochabamba,Bolivia,Estadio Olímpico Patria,,,,División Profesional,,20210718_Independiente-Petrolero_Always-Ready,0.0,1.42,1.64,4,5,9,13,50.0,50.0,4,2,0,0,8,9
2021-07-18 21:15:00,Oriente Petrolero,Blooming,3.0,0.0,Santa Cruz,Bolivia,Estadio Ramón Tahuichi,,,,División Profesional,,20210718_Oriente-Petrolero_Blooming,-12.0,1.28,0.36,5,1,10,1,49.0,51.0,1,4,0,0,2,1
2021-07-20 21:15:00,Aurora,Nacional Potosí,0.0,0.0,Cochabamba,Bolivia,Estadio Félix Capriles,,,,División Profesional,,20210720_Aurora_Nacional-Potosí,23.585699413622933,0.32,0.76,1,4,2,10,50.8,49.2,1,2,0,0,4,7
2021-07-20 23:30:00,Real Tomayapo,Real Santa Cruz,2.0,1.0,,,,,,,División Profesional,,20210720_Real-Tomayapo_Real-Santa-Cruz,-0.4143005863770668,1.61,1.66,5,3,10,7,48.6,51.4,2,1,1,1,3,7
2021-07-21 19:00:00,Royal Pari,Always Ready,2.0,1.0,,,,,,,División Profesional,,20210721_Royal-Pari_Always-Ready,-24.82761467344403,0.9,1.53,2,5,4,9,47.9,52.1,4,3,0,0,2,3
2021-07-21 22:15:00,Real Potosí,Atlético Palmaflor,1.0,5.0,,,,,,,División Profesional,,20210721_Real-Potosí_Atlético-Palmaflor,-24.82761467344403,1.56,2.0,6,6,11,11,52.9,47.1,0,1,0,0,8,3
2021-07-22 00:30:00,Blooming,The Strongest,2.0,0.0,,,,,,,División Profesional,,20210722_Blooming_The-Strongest,-24.0,1.68,1.14,5,5,12,11,49.4,50.6,1,0,0,0,5,4
2021-07-22 19:00:00,Guabirá,Wilstermann,3.0,2.0,Montero,Bolivia,Estadio Gilberto Parada,,,,División Profesional,,20210722_Guabirá_Wilstermann,-11.585699413622933,1.67,0.85,5,2,9,1,50.3,49.7,0,1,0,0,8,0
2021-07-22 21:15:00,San José,Independiente Petrolero,1.0,3.0,Oruro,Bolivia,Estadio Jesús Bermúdez,,,,División Profesional,,20210722_San-José_Independiente-Petrolero,-24.0,0.82,1.03,1,3,3,6,51.0,49.0,2,2,0,0,0,4
2021-07-22 22:15:00,Bolívar,Oriente Petrolero,1.0,1.0,La Paz,Bolivia,Estadio Hernando Siles,,,,División Profesional,,20210722_Bolívar_Oriente-Petrolero,-12.414300586377067,0.88,1.77,3,4,7,9,50.4,49.6,2,0,0,0,4,2
2021-07-24 19:00:00,Always Ready,Real Potosí,2.0,1.0,,,,,,,División Profesional,,20210724_Always-Ready_Real-Potosí,46.28788244153293,1.67,1.15,7,5,18,12,50.1,49.9,0,3,0,0,6,12
2021-07-24 22:15:00,Nacional Potosí,Real Tomayapo,0.0,0.0,Potosí,Bolivia,Estadio Víctor Agustín Ugarte,,,,División Profesional,,20210724_Nacional-Potosí_Real-Tomayapo,-23.200937291141827,1.05,0.63,4,3,8,7,51.0,49.0,0,3,0,0,3,5
2021-07-25 17:00:00,Atlético Palmaflor,Guabirá,2.0,1.0,Cochabamba,Bolivia,Estadio Félix Capriles,,,,División Profesional,,20210725_Atlético-Palmaflor_Guabirá,11.157247681882609,1.42,1.22,5,3,9,7,46.7,53.3,3,2,0,0,3,8
2021-07-25 19:00:00,Independiente Petrolero,Royal Pari,1.0,0.0,,,,,,,División Profesional,,20210725_Independiente-Petrolero_Royal-Pari,-0.8560587792335355,0.78,1.33,3,4,6,7,46.7,53.3,2,0,0,0,5,5
2021-07-25 21:15:00,The Strongest,Bolívar,3.0,1.0,,,,,,,División Profesional,,20210725_The-Strongest_Bolívar,10.329492370194657,1.88,0.61,5,2,11,6,52.4,47.6,4,2,0,0,9,9
2021-07-26 19:00:00,Real Santa Cruz,San José,5.0,0.0,,,,,,,División Profesional,,20210726_Real-Santa-Cruz_San-José,23.572376484402184,1.94,0.23,6,1,12,3,49.7,50.3,1,1,0,0,3,1
2021-07-26 22:15:00,Wilstermann,Blooming,2.0,1.0,,,,,,,División Profesional,,20210726_Wilstermann_Blooming,-24.813321713017785,0.82,2.13,3,8,8,18,58.4,41.6,1,2,0,0,2,12
2021-07-27 00:30:00,Oriente Petrolero,Aurora,1.0,0.0,,,,,,,División Profesional,,20210727_Oriente-Petrolero_Aurora,1.2133809401589133,0.33,1.36,1,6,1,11,57.7,42.3,0,3,0,0,4,8
2021-07-30 19:00:00,San José,Nacional Potosí,0.0,4.0,,,,,,,División Profesional,,20210730_San-José_Nacional-Potosí,-35.972986362369284,0.37,1.55,2,5,5,11,50.3,49.7,1,2,0,0,7,7
2021-07-30 22:15:00,Real Potosí,Royal Pari,1.0,3.0,Potosí,Bolivia,Estadio Víctor Agustín Ugarte,,,,División Profesional,,20210730_Real-Potosí_Royal-Pari,-45.5534835303813,0.75,0.82,3,3,7,4,47.0,53.0,1,1,0,0,4,1
2021-07-31 00:30:00,Blooming,Atlético Palmaflor,1.0,1.0,,,,,,,División Profesional,,20210731_Blooming_Atlético-Palmaflor,-24.02858416558638,1.31,0.69,3,2,7,6,54.3,45.7,2,1,0,0,8,2
2021-07-31 19:00:00,Aurora,The Strongest,0.0,1.0,Cochabamba,Bolivia,Estadio Félix Capriles,,,,División Profesional,,20210731_Aurora_The-Strongest,-23.587185994215133,0.71,0.65,4,1,11,2,50.8,49.2,4,3,1,0,7,2
2021-07-31 19:00:00,Real Santa Cruz,Independiente Petrolero,2.0,0.0,Santa Cruz,Bolivia,Estadio Real Santa Cruz,,,,División Profesional,,20210731_Real-Santa-Cruz_Independiente-Petrolero,-23.61487542424493,1.13,0.7,3,3,6,8,49.0,51.0,0,0,0,0,4,3
2021-07-31 23:30:00,Bolívar,Wilstermann,4.0,0.0,,,,,,,División Profesional,,20210731_Bolívar_Wilstermann,-11.670304685667588,1.42,0.66,6,3,13,7,50.3,49.7,2,2,1,0,4,7
2021-08-01 19:00:00,Real Tomayapo,Oriente Petrolero,0.0,1.0,,,,,,,División Profesional,,20210801_Real-Tomayapo_Oriente-Petrolero,-12.72963325630758,0.32,0.78,1,3,1,4,49.2,50.8,0,1,0,0,0,2
2021-08-01 21:15:00,Guabirá,Always Ready,0.0,0.0,,,,,,,División Profesional,,20210801_Guabirá_Always-Ready,-32.355073104888106,0.93,0.05,3,0,6,1,51.8,48.2,2,2,0,0,6,3
2021-08-03 19:00:00,Atlético Palmaflor,Bolívar,2.0,2.0,,,,,,,División Profesional,,20210803_Atlético-Palmaflor_Bolívar,21.569551554997588,0.59,1.18,3,3,5,7,45.2,54.8,1,1,0,0,4,6
2021-08-04 00:30:00,Independiente Petrolero,Real Potosí,2.0,1.0,,,,,,,División Profesional,,20210804_Independiente-Petrolero_Real-Potosí,66.37777647336588,1.36,1.95,4,7,8,14,55.6,44.4,2,1,0,0,10,7
2021-08-04 19:00:00,Always Ready,Blooming,5.0,1.0,,,,,,,División Profesional,,20210804_Always-Ready_Blooming,20.053977552079004,2.08,1.55,5,6,12,16,55.3,44.7,1,2,0,0,2,8
2021-08-04 21:15:00,Nacional Potosí,Real Santa Cruz,2.0,2.0,Potosí,Bolivia,Estadio Víctor Agustín Ugarte,,,,División Profesional,,20210804_Nacional-Potosí_Real-Santa-Cruz,-12.025979198536561,1.23,0.84,5,3,12,6,45.5,54.5,0,1,0,0,6,3
2021-08-04 23:00:00,Oriente Petrolero,San José,4.0,0.0,Santa Cruz,Bolivia,Estadio Ramón Tahuichi,,,,División Profesional,,20210804_Oriente-Petrolero_San-José,92.62575954595604,2.13,1.15,7,4,15,8,49.8,50.2,2,0,0,0,10,9
2021-08-04 23:00:00,The Strongest,Real Tomayapo,2.0,0.0,La Paz,Bolivia,Estadio Hernando Siles,,,,División Profesional,,20210804_The-Strongest_Real-Tomayapo,33.934362783599454,1.33,0.82,4,3,9,7,60.0,40.0,2,1,0,0,7,5
2021-08-05 19:00:00,Royal Pari,Guabirá,1.0,1.0,,,,,,,División Profesional,,20210805_Royal-Pari_Guabirá,20.1206507192162,1.36,0.71,4,3,7,6,39.8,60.2,4,1,0,1,2,9
2021-08-05 23:00:00,Wilstermann,Aurora,2.0,1.0,,,,,,,División Profesional,,20210805_Wilstermann_Aurora,0.4249744400065083,0.41,1.4,2,3,4,6,49.4,50.6,2,1,0,0,3,4
2021-08-07 19:00:00,Real Santa Cruz,Oriente Petrolero,0.0,0.0,,,,,,,División Profesional,,20210807_Real-Santa-Cruz_Oriente-Petrolero,-32.392593540324015,0.72,1.54,2,4,4,9,45.4,54.6,4,1,0,0,3,7
2021-08-07 21:15:00,San José,The Strongest,0.0,1.0,Oruro,Bolivia,Estadio Jesús Bermúdez,,,,División Profesional,,20210807_San-José_The-Strongest,-110.41560780124792,0.05,0.5,1,2,6,1,44.3,55.7,1,1,0,0,4,11
2021-08-07 23:30:00,Nacional Potosí,Independiente Petrolero,1.0,2.0,,,,,,,División Profesional,,20210807_Nacional-Potosí_Independiente-Petrolero,-19.331792546418683,1.19,0.93,4,2,8,5,50.8,49.2,2,1,0,0,9,5
2021-08-08 19:00:00,Real Tomayapo,Wilstermann,1.0,2.0,,,,,,,División Profesional,,20210808_Real-Tomayapo_Wilstermann,-11.215981069264444,0.54,1.69,2,7,3,16,51.4,48.6,2,0,0,0,2,3
2021-08-08 21:15:00,Aurora,Atlético Palmaflor,2.0,1.0,,,,,,,División Profesional,,20210808_Aurora_Atlético-Palmaflor,-46.37136597064796,0.47,1.13,3,4,7,9,45.9,54.1,2,2,0,0,1,8
2021-08-08 23:30:00,Bolívar,Always Ready,0.0,2.0,,,,,,,División Profesional,,20210808_Bolívar_Always-Ready,-29.816237453756685,0.05,0.74,0,2,0,6,49.9,50.1,2,0,0,0,0,8
2021-08-09 19:00:00,Guabirá,Real Potosí,3.0,0.0,,,,,,,División Profesional,,20210809_Guabirá_Real-Potosí,56.733069955111205,0.93,0.88,3,3,7,8,52.0,48.0,3,1,0,1,2,2
2021-08-10 00:00:00,Blooming,Royal Pari,0.0,1.0,,,,,,,División Profesional,,20210810_Blooming_Royal-Pari,-20.66208738097339,1.41,1.14,4,5,8,12,55.0,45.0,2,2,0,0,1,5
2021-08-11 19:00:00,Always Ready,The Strongest,2.0,1.0,"El Alto, La Paz.",Bolivia,Municipal Villa Ingenio,,,,División Profesional,,20210811_Always-Ready_The-Strongest,-10.008292185236314,1.49,0.46,5,2,10,5,50.6,49.4,3,2,1,0,6,3
2021-08-11 23:00:00,Nacional Potosí,Bolívar,1.0,1.0,Potosí,Bolivia,Estadio Víctor Agustín Ugarte,,,,División Profesional,,20210811_Nacional-Potosí_Bolívar,-1.5018296605596788,0.37,0.05,1,1,2,0,52.1,47.9,2,5,0,0,1,6
2021-08-13 21:15:00,Independiente Petrolero,Guabirá,2.0,1.0,,,,,,,División Profesional,,20210813_Independiente-Petrolero_Guabirá,30.389727222342117,0.07,0.87,2,4,6,10,57.5,42.5,0,1,0,0,7,3
2021-08-13 23:30:00,Real Potosí,Blooming,3.0,1.0,,,,,,,División Profesional,,20210813_Real-Potosí_Blooming,-53.573844096482844,2.08,1.1,6,4,12,10,48.6,51.4,1,0,0,0,6,5
2021-08-14 19:00:00,Always Ready,Aurora,2.0,0.0,,,,,,,División Profesional,,20210814_Always-Ready_Aurora,65.83222796475957,1.45,0.23,4,0,7,1,49.9,50.1,1,1,1,0,9,2
2021-08-14 21:15:00,Atlético Palmaflor,Real Tomayapo,2.0,0.0,,,,,,,División Profesional,,20210814_Atlético-Palmaflor_Real-Tomayapo,31.212309649180042,1.62,0.8,4,2,10,4,59.8,40.2,1,0,0,0,2,2
2021-08-14 23:30:00,The Strongest,Real Santa Cruz,1.0,2.0,,,,,,,División Profesional,,20210814_The-Strongest_Real-Santa-Cruz,27.282041964991095,0.18,1.16,3,5,7,11,56.0,44.0,0,0,0,0,2,9
2021-08-15 19:00:00,Oriente Petrolero,Nacional Potosí,0.0,0.0,,,,,,,División Profesional,,20210815_Oriente-Petrolero_Nacional-Potosí,53.753729770389555,1.93,0.27,7,0,17,0,52.3,47.7,0,4,0,0,5,3
2021-08-15 21:15:00,Wilstermann,San José,4.0,0.0,Cochabamba,Bolivia,Estadio Félix Capriles,,,,División Profesional,,20210815_Wilstermann_San-José,85.95643756232766,1.86,0.27,5,1,11,3,56.0,44.0,0,2,0,0,4,2
2021-08-16 00:00:00,Royal Pari,Bolívar,1.0,1.0,Santa Cruz,Bolivia,Estadio Ramón Tahuichi,,,,División Profesional,,20210816_Royal-Pari_Bolívar,30.119862897728808,0.53,1.44,3,5,7,11,54.8,45.2,0,2,0,0,4,10
2021-08-17 19:00:00,Always Ready,Real Tomayapo,3.0,1.0,,,,,,,División Profesional,,20210817_Always-Ready_Real-Tomayapo,98.53542393018324,1.72,1.1,5,3,11,7,53.2,46.8,4,2,0,0,7,3
2021-08-17 23:30:00,Guabirá,Blooming,4.0,2.0,,,,,,,División Profesional,,20210817_Guabirá_Blooming,26.157511559961904,0.63,0.62,5,2,12,3,55.7,44.3,2,3,0,0,7,2
2021-08-18 19:00:00,The Strongest,Nacional Potosí,7.0,0.0,La Paz,Bolivia,Estadio Hernando Siles,,,,División Profesional,,20210818_The-Strongest_Nacional-Potosí,36.092047088287245,2.05,0.15,7,0,15,0,59.7,40.3,2,2,0,0,12,2
2021-08-18 22:15:00,Atlético Palmaflor,San José,1.0,0.0,,,,,,,División Profesional,,20210818_Atlético-Palmaflor_San-José,102.74242016896733,1.26,0.15,5,1,11,4,61.0,39.0,2,2,0,0,1,3
2021-08-19 00:15:00,Oriente Petrolero,Independiente Petrolero,1.0,2.0,,,,,,,División Profesional,,20210819_Oriente-Petrolero_Independiente-Petrolero,-0.9871347255391356,1.24,0.98,5,4,11,8,43.9,56.1,0,3,0,0,9,2
2021-08-19 19:00:00,Royal Pari,Aurora,1.0,0.0,,,,,,,División Profesional,,20210819_Royal-Pari_Aurora,40.508351974922334,0.93,0.75,5,2,10,4,47.3,52.7,3,0,0,0,7,3
2021-08-19 22:15:00,Real Potosí,Bolívar,0.0,2.0,Potosí,Bolivia,Estadio Víctor Agustín Ugarte,,,,División Profesional,,20210819_Real-Potosí_Bolívar,-53.89231957740162,0.66,0.62,1,2,3,3,50.6,49.4,2,4,0,0,3,4
2021-08-20 00:15:00,Wilstermann,Real Santa Cruz,5.0,1.0,,,,,,,División Profesional,,20210820_Wilstermann_Real-Santa-Cruz,-5.301183540142574,2.14,0.57,6,3,15,6,43.1,56.9,0,2,0,0,12,3
2021-08-21 19:00:00,San José,Always Ready,0.0,4.0,,,,,,,División Profesional,,20210821_San-José_Always-Ready,-165.4522803233499,1.14,1.28,5,4,12,9,45.7,54.3,1,0,0,0,7,7
2021-08-21 21:15:00,Oriente Petrolero,The Strongest,2.0,0.0,Santa Cruz,Bolivia,Estadio Ramón Tahuichi,,,,División Profesional,,20210821_Oriente-Petrolero_The-Strongest,-8.745942333610856,1.02,0.49,2,2,4,4,44.4,55.6,1,5,0,0,6,6
2021-08-21 23:30:00,Independiente Petrolero,Blooming,3.0,0.0,Cochabamba,Bolivia,Estadio Olímpico Patria,,,,División Profesional,,20210821_Independiente-Petrolero_Blooming,101.51748841611311,0.56,0.05,3,0,6,0,56.1,43.9,0,2,0,0,7,0
2021-08-22 19:00:00,Nacional Potosí,Wilstermann,0.0,1.0,,,,,,,División Profesional,,20210822_Nacional-Potosí_Wilstermann,-52.33050619154028,0.05,0.85,1,4,2,9,49.5,50.5,1,3,0,0,2,7
2021-08-22 21:00:00,Real Tomayapo,Royal Pari,1.0,4.0,Tarija,Bolivia,Estadio IV Centenário,,,,División Profesional,,20210822_Real-Tomayapo_Royal-Pari,-72.99773100876155,1.19,0.65,4,4,8,8,44.4,55.6,0,1,0,0,4,4
2021-08-22 21:15:00,Bolívar,Guabirá,6.0,0.0,,,,,,,División Profesional,,20210822_Bolívar_Guabirá,0.8878161775874105,1.62,0.5,7,2,16,4,53.4,46.6,2,2,0,1,9,2
2021-08-23 19:00:00,Real Santa Cruz,Atlético Palmaflor,1.0,0.0,,,,,,,División Profesional,,20210823_Real-Santa-Cruz_Atlético-Palmaflor,-14.038639268546603,1.5,1.45,5,6,10,14,43.4,56.6,2,1,0,0,7,5
2021-08-23 23:00:00,Aurora,Real Potosí,5.0,0.0,,,,,,,División Profesional,,20210823_Aurora_Real-Potosí,40.9746356713772,0.91,1.27,5,6,13,13,52.4,47.6,1,3,0,0,5,7
2021-09-11 19:00:00,Royal Pari,San José,6.0,1.0,,,,,,,División Profesional,,20210911_Royal-Pari_San-José,138.74113297300596,1.95,0.05,6,1,13,0,49.2,50.8,1,1,0,0,6,1
2021-09-12 19:00:00,Real Potosí,Real Tomayapo,1.0,0.0,,,,,,,División Profesional,,20210912_Real-Potosí_Real-Tomayapo,-30.7757574556299,0.57,0.25,4,2,10,4,44.7,55.3,3,2,0,0,8,6
2021-09-12 21:15:00,Wilstermann,Oriente Petrolero,0.0,1.0,,,,,,,División Profesional,,20210912_Wilstermann_Oriente-Petrolero,1.3727251365844495,0.78,1.11,0,4,1,10,50.0,50.0,1,2,0,0,5,3
2021-09-12 23:30:00,The Strongest,Independiente Petrolero,1.0,1.0,,,,,,,División Profesional,,20210912_The-Strongest_Independiente-Petrolero,-37.06521415505108,0.56,0.7,1,2,1,3,51.6,48.4,2,0,0,0,3,2
2021-09-13 19:00:00,Guabirá,Aurora,4.0,0.0,Montero,Bolivia,Estadio Gilberto Parada,,,,División Profesional,,20210913_Guabirá_Aurora,9.776043613520642,1.97,0.78,5,4,11,8,51.2,48.8,0,0,0,0,10,3
2021-09-13 23:30:00,Atlético Palmaflor,Nacional Potosí,0.0,0.0,,,,,,,División Profesional,,20210913_Atlético-Palmaflor_Nacional-Potosí,45.025664268907576,0.67,0.7,4,3,10,6,53.2,46.8,3,0,0,0,5,6
2021-09-14 19:00:00,Always Ready,Real Santa Cruz,4.0,0.0,"El Alto, La Paz.",Bolivia,Municipal Villa Ingenio,,,,División Profesional,,20210914_Always-Ready_Real-Santa-Cruz,53.84275291748963,1.25,0.52,4,1,8,3,50.0,50.0,4,1,0,0,6,3
2021-09-15 00:00:00,Blooming,Bolívar,2.0,2.0,Santa Cruz,Bolivia,Estadio Ramón Tahuichi,,,,División Profesional,,20210915_Blooming_Bolívar,-69.80137312869465,1.01,1.42,3,4,6,9,51.1,48.9,0,4,0,0,3,4
2021-09-17 19:00:00,San José,Real Potosí,0.0,0.0,Oruro,Bolivia,Estadio Jesús Bermúdez,,,,División Profesional,,20210917_San-José_Real-Potosí,-36.44492634951166,1.48,1.08,7,3,16,5,52.7,47.3,2,2,0,0,8,3
2021-09-17 23:30:00,Real Tomayapo,Guabirá,1.0,1.0,,,,,,,División Profesional,,20210917_Real-Tomayapo_Guabirá,-65.8801661292755,1.46,1.2,6,3,13,7,51.5,48.5,1,1,0,0,8,5
2021-09-18 19:00:00,Real Santa Cruz,Royal Pari,2.0,1.0,,,,,,,División Profesional,,20210918_Real-Santa-Cruz_Royal-Pari,-31.371067160093844,0.76,0.64,2,3,5,6,46.5,53.5,1,2,0,0,3,3
2021-09-18 21:15:00,Aurora,Blooming,2.0,0.0,,,,,,,División Profesional,,20210918_Aurora_Blooming,21.157471719260002,0.25,1.41,2,4,4,10,46.6,53.4,3,0,0,0,3,4
2021-09-18 23:30:00,Nacional Potosí,Always Ready,0.0,2.0,,,,,,,División Profesional,,20210918_Nacional-Potosí_Always-Ready,-118.40760483358122,0.98,0.59,3,2,5,4,44.3,55.7,0,1,0,0,3,2
2021-09-19 19:00:00,Independiente Petrolero,Bolívar,2.0,1.0,Cochabamba,Bolivia,Estadio Olímpico Patria,,,,División Profesional,,20210919_Independiente-Petrolero_Bolívar,50.000096086458825,0.28,0.58,2,1,6,2,55.5,44.5,1,3,0,0,5,0
2021-09-19 21:15:00,The Strongest,Wilstermann,3.0,1.0,,,,,,,División Profesional,,20210919_The-Strongest_Wilstermann,-3.9080390142257784,1.48,1.23,6,3,13,7,50.5,49.5,1,3,0,0,5,7
2021-09-19 23:30:00,Oriente Petrolero,Atlético Palmaflor,3.0,0.0,Santa Cruz,Bolivia,Estadio Ramón Tahuichi,,,,División Profesional,,20210919_Oriente-Petrolero_Atlético-Palmaflor,39.938238952589245,0.34,0.05,3,1,4,1,49.7,50.3,1,0,0,0,4,1
2021-09-21 19:00:00,Guabirá,San José,4.0,0.0,Montero,Bolivia,Estadio Gilberto Parada,,,,División Profesional,,20210921_Guabirá_San-José,103.47777634269187,1.73,0.05,5,0,10,1,54.3,45.7,2,1,0,0,4,4
2021-09-21 23:00:00,Real Potosí,Real Santa Cruz,3.0,0.0,,,,,,,División Profesional,,20210921_Real-Potosí_Real-Santa-Cruz,-100.15489519894868,0.94,1.23,3,2,6,6,44.4,55.6,1,2,1,0,4,4
2021-09-22 19:00:00,Blooming,Real Tomayapo,0.0,1.0,,,,,,,División Profesional,,20210922_Blooming_Real-Tomayapo,-1.8969068762194183,0.4,0.99,2,4,4,8,47.8,52.2,1,0,0,0,4,10
2021-09-22 22:15:00,Atlético Palmaflor,The Strongest,0.0,0.0,Cochabamba,Bolivia,Estadio Félix Capriles,,,,División Profesional,,20210922_Atlético-Palmaflor_The-Strongest,-36.069700225773204,0.99,1.66,3,8,6,17,52.2,47.8,0,2,0,0,4,8
2021-09-23 00:00:00,Bolívar,Aurora,5.0,1.0,La Paz,Bolivia,Estadio Hernando Siles,,,,División Profesional,,20210923_Bolívar_Aurora,22.331004395696482,1.39,0.83,5,2,9,6,49.1,50.9,0,1,0,0,4,2
2021-09-23 19:00:00,Always Ready,Oriente Petrolero,2.0,0.0,,,,,,,División Profesional,,20210923_Always-Ready_Oriente-Petrolero,33.9716976174434,0.91,1.1,2,1,4,3,62.4,37.6,0,2,0,0,1,4
2021-09-23 21:15:00,Royal Pari,Nacional Potosí,2.0,0.0,Santa Cruz,Bolivia,Estadio Ramón Tahuichi,,,,División Profesional,,20210923_Royal-Pari_Nacional-Potosí,70.6068249401851,1.46,0.61,6,3,14,7,48.0,52.0,1,3,0,0,4,5
2021-09-23 23:30:00,Wilstermann,Independiente Petrolero,2.0,3.0,,,,,,,División Profesional,,20210923_Wilstermann_Independiente-Petrolero,-53.02632525771878,1.14,2.0,3,7,5,16,46.9,53.1,1,1,0,0,6,10
2021-09-25 21:00:00,San José,Blooming,1.0,2.0,Oruro,Bolivia,Estadio Jesús Bermúdez,,,,División Profesional,,20210925_San-José_Blooming,-36.79135241426911,1.0,1.66,3,5,6,11,46.9,53.1,0,1,0,0,4,2
2021-09-26 19:00:00,Nacional Potosí,Real Potosí,4.0,2.0,,,,,,,División Profesional,,20210926_Nacional-Potosí_Real-Potosí,9.797128289904549,0.48,0.6,4,2,9,3,49.1,50.9,2,1,0,0,6,3
2021-09-26 21:15:00,Real Tomayapo,Bolívar,1.0,3.0,Tarija,Bolivia,Estadio IV Centenário,,,,División Profesional,,20210926_Real-Tomayapo_Bolívar,-63.42715774157273,1.51,1.11,7,4,16,7,46.9,53.1,1,1,0,0,5,9
2021-09-26 23:30:00,The Strongest,Always Ready,1.0,1.0,,,,,,,División Profesional,,20210926_The-Strongest_Always-Ready,-71.16521921768526,1.33,1.02,5,3,12,7,50.8,49.2,0,2,0,0,6,4
2021-09-27 19:00:00,Real Santa Cruz,Guabirá,3.0,0.0,,,,,,,División Profesional,,20210927_Real-Santa-Cruz_Guabirá,6.7191616572486055,0.97,0.4,4,1,9,2,50.3,49.7,0,1,0,0,1,2
2021-09-27 21:15:00,Independiente Petrolero,Aurora,3.0,0.0,,,,,,,División Profesional,,20210927_Independiente-Petrolero_Aurora,114.31326386184264,1.81,0.53,6,2,12,3,54.5,45.5,1,4,0,0,6,0
2021-09-28 00:00:00,Oriente Petrolero,Royal Pari,2.0,4.0,,,,,,,División Profesional,,20210928_Oriente-Petrolero_Royal-Pari,9.527654996039928,1.4,2.46,4,9,10,20,55.3,44.7,2,1,0,0,5,12
2021-09-28 00:00:00,Wilstermann,Atlético Palmaflor,5.0,0.0,,,,,,,División Profesional,,20210928_Wilstermann_Atlético-Palmaflor,4.2838213237573655,2.09,0.81,5,1,12,3,45.2,54.8,1,1,0,0,3,3
2021-10-17 21:15:00,Aurora,Real Tomayapo,1.0,2.0,Cochabamba,Bolivia,Estadio Félix Capriles,,,,División Profesional,,20211017_Aurora_Real-Tomayapo,20.2816034107384,1.05,0.99,2,3,4,6,50.1,49.9,0,1,0,0,2,7
2021-10-17 23:30:00,Blooming,Real Santa Cruz,3.0,1.0,Santa Cruz,Bolivia,Estadio Ramón Tahuichi,,,,División Profesional,,20211017_Blooming_Real-Santa-Cruz,-91.49566474391645,0.66,1.25,3,4,7,8,43.4,56.6,2,3,0,0,3,3
2021-10-18 19:00:00,Guabirá,Nacional Potosí,3.0,2.0,Montero,Bolivia,Estadio Gilberto Parada,,,,División Profesional,,20211018_Guabirá_Nacional-Potosí,29.47596021198933,0.42,1.16,3,3,4,5,54.5,45.5,4,2,0,0,2,3
2021-10-19 19:00:00,Real Potosí,Oriente Petrolero,2.0,1.0,Potosí,Bolivia,Estadio Víctor Agustín Ugarte,,,,División Profesional,,20211019_Real-Potosí_Oriente-Petrolero,-108.45303232422384,2.19,1.05,7,2,15,6,45.6,54.4,0,4,0,0,13,2
2021-10-19 21:15:00,Royal Pari,The Strongest,0.0,1.0,Santa Cruz,Bolivia,Estadio Ramón Tahuichi,,,,División Profesional,,20211019_Royal-Pari_The-Strongest,15.909937315609568,0.58,0.64,1,2,1,5,50.2,49.8,3,3,0,0,2,2
2021-10-20 00:00:00,Bolívar,San José,4.0,1.0,La Paz,Bolivia,Estadio Hernando Siles,,,,División Profesional,,20211020_Bolívar_San-José,146.55170516746466,2.03,1.14,7,3,16,6,57.6,42.4,4,2,0,0,9,6
2021-10-20 19:00:00,Always Ready,Wilstermann,0.0,0.0,"El Alto, La Paz.",Bolivia,Municipal Villa Ingenio,,,,División Profesional,,20211020_Always-Ready_Wilstermann,86.19220298029836,0.52,0.08,1,1,3,3,52.5,47.5,2,1,0,0,2,3
2021-10-20 23:30:00,Atlético Palmaflor,Independiente Petrolero,0.0,0.0,Cochabamba,Bolivia,Estadio Félix Capriles,,,,División Profesional,,20211020_Atlético-Palmaflor_Independiente-Petrolero,-97.7157662461957,0.73,0.93,3,3,5,7,45.0,55.0,2,3,0,0,2,6
2021-10-22 19:30:00,San José,Aurora,1.0,4.0,Oruro,Bolivia,Estadio Jesús Bermúdez,,,,División Profesional,,20211022_San-José_Aurora,-78.2583561365127,1.0,0.98,4,4,9,9,47.6,52.4,2,2,0,0,6,5
2021-10-22 23:30:00,Oriente Petrolero,Guabirá,2.0,0.0,Santa Cruz,Bolivia,Estadio Ramón Tahuichi,,,,División Profesional,,20211022_Oriente-Petrolero_Guabirá,19.243421188231878,1.67,0.46,4,2,8,5,53.4,46.6,1,0,0,0,7,4
2021-10-23 19:00:00,The Strongest,Real Potosí,1.0,0.0,La Paz,Bolivia,Estadio Hernando Siles,,,,División Profesional,,20211023_The-Strongest_Real-Potosí,104.5938151297787,0.81,0.05,3,0,6,0,47.2,52.8,1,1,1,0,5,5
2021-10-23 21:15:00,Wilstermann,Royal Pari,4.0,1.0,Cochabamba,Bolivia,Estadio Félix Capriles,,,,División Profesional,,20211023_Wilstermann_Royal-Pari,-20.318730840119997,2.28,2.18,8,7,18,15,52.5,47.5,3,1,0,0,13,5
2021-10-23 23:30:00,Nacional Potosí,Blooming,4.0,0.0,Potosí,Bolivia,Estadio Víctor Agustín Ugarte,,,,División Profesional,,20211023_Nacional-Potosí_Blooming,5.691189941048833,1.3,0.22,4,2,9,3,51.0,49.0,0,2,0,1,2,4
2021-10-24 19:00:00,Independiente Petrolero,Real Tomayapo,1.0,0.0,Cochabamba,Bolivia,Estadio Olímpico Patria,,,,División Profesional,,20211024_Independiente-Petrolero_Real-Tomayapo,134.98307801638293,1.3,1.19,3,3,7,7,59.3,40.7,3,3,1,0,4,4
2021-10-24 21:15:00,Atlético Palmaflor,Always Ready,0.0,1.0,Cochabamba,Bolivia,Estadio Félix Capriles,,,,División Profesional,,20211024_Atlético-Palmaflor_Always-Ready,-107.97403177195338,1.13,0.96,3,4,8,8,42.7,57.3,3,1,0,1,4,4
2021-10-24 23:30:00,Real Santa Cruz,Bolívar,0.0,3.0,Santa Cruz,Bolivia,Estadio Ramón Tahuichi,,,,División Profesional,,20211024_Real-Santa-Cruz_Bolívar,-19.104306753965602,1.22,0.84,5,3,10,6,48.9,51.1,1,2,0,0,6,4
2021-10-26 19:00:00,Guabirá,The Strongest,0.0,0.0,Montero,Bolivia,Estadio Gilberto Parada,,,,División Profesional,,20211026_Guabirá_The-Strongest,-66.47047880141486,2.22,0.52,8,1,17,3,48.6,51.4,1,0,0,0,6,3
2021-10-26 22:15:00,Real Potosí,Wilstermann,2.0,2.0,Potosí,Bolivia,Estadio Víctor Agustín Ugarte,,,,División Profesional,,20211026_Real-Potosí_Wilstermann,-96.2805288907839,1.35,1.92,4,6,9,11,47.2,52.8,1,2,0,0,6,5
2021-10-27 19:00:00,Always Ready,Independiente Petrolero,2.0,2.0,"El Alto, La Paz.",Bolivia,Municipal Villa Ingenio,,,,División Profesional,,20211027_Always-Ready_Independiente-Petrolero,17.662942907350498,0.85,0.51,2,2,4,2,59.5,40.5,1,3,0,0,6,1
2021-10-27 22:15:00,Real Tomayapo,San José,1.0,0.0,Tarija,Bolivia,Estadio IV Centenário,,,,División Profesional,,20211027_Real-Tomayapo_San-José,85.15894826261547,0.58,1.15,2,3,2,7,48.4,51.6,4,2,0,0,3,11
2021-10-28 00:30:00,Blooming,Oriente Petrolero,1.0,1.0,Santa Cruz,Bolivia,Estadio Ramón Tahuichi,,,,División Profesional,,20211028_Blooming_Oriente-Petrolero,-99.51880062817554,1.35,0.96,2,2,4,6,49.1,50.9,5,4,0,0,0,2
2021-10-28 19:00:00,Royal Pari,Atlético Palmaflor,2.0,2.0,Santa Cruz,Bolivia,Estadio Ramón Tahuichi,,,,División Profesional,,20211028_Royal-Pari_Atlético-Palmaflor,43.62061556640083,1.93,1.01,6,4,14,9,54.0,46.0,4,2,0,0,8,2
2021-10-28 22:15:00,Bolívar,Nacional Potosí,4.0,2.0,La Paz,Bolivia,Estadio Hernando Siles,,,,División Profesional,,20211028_Bolívar_Nacional-Potosí,74.26802275356681,2.76,1.28,9,2,20,4,61.7,38.3,1,1,0,0,4,3
2021-10-30 19:00:00,The Strongest,Blooming,2.0,1.0,La Paz,Bolivia,Estadio Hernando Siles,,,,División Profesional,,20211030_The-Strongest_Blooming,118.45934836188053,1.03,1.27,2,4,3,9,55.4,44.6,2,1,0,0,3,5
2021-10-30 21:15:00,Wilstermann,Guabirá,2.0,1.0,Cochabamba,Bolivia,Estadio Félix Capriles,,,,División Profesional,,20211030_Wilstermann_Guabirá,35.660618276586774,2.17,0.05,5,2,9,5,44.6,55.4,3,0,0,0,4,1
2021-10-31 19:00:00,Always Ready,Royal Pari,2.0,1.0,"El Alto, La Paz.",Bolivia,Municipal Villa Ingenio,,,,División Profesional,,20211031_Always-Ready_Royal-Pari,82.01522992285118,1.15,0.74,6,2,13,4,54.2,45.8,0,2,0,0,5,4
2021-10-31 21:15:00,Nacional Potosí,Aurora,0.0,0.0,Potosí,Bolivia,Estadio Víctor Agustín Ugarte,,,,División Profesional,,20211031_Nacional-Potosí_Aurora,0.9881597660985335,1.07,1.58,3,4,9,9,48.7,51.3,2,3,0,0,6,4
2021-10-31 23:30:00,Oriente Petrolero,Bolívar,1.0,3.0,Santa Cruz,Bolivia,Estadio Ramón Tahuichi,,,,División Profesional,,20211031_Oriente-Petrolero_Bolívar,-16.866794167854778,0.56,1.66,2,6,5,14,53.3,46.7,1,3,0,0,2,5
2021-11-01 19:00:00,Real Santa Cruz,Real Tomayapo,2.0,0.0,Santa Cruz,Bolivia,Estadio Real Santa Cruz,,,,División Profesional,,20211101_Real-Santa-Cruz_Real-Tomayapo,45.610352195225005,1.48,0.79,4,1,9,2,51.0,49.0,4,2,0,0,3,4
2021-11-01 23:15:00,Independiente Petrolero,San José,4.0,0.0,Cochabamba,Bolivia,Estadio Olímpico Patria,,,,División Profesional,,20211101_Independiente-Petrolero_San-José,244.98593925922137,2.06,1.0,7,4,16,9,61.2,38.8,1,1,0,0,8,6
2021-11-02 00:30:00,Atlético Palmaflor,Real Potosí,0.0,1.0,Cochabamba,Bolivia,Estadio Félix Capriles,,,,División Profesional,,20211102_Atlético-Palmaflor_Real-Potosí,45.83258651801839,1.07,1.05,3,4,5,7,51.4,48.6,6,2,0,0,5,4
2021-11-07 19:00:00,Aurora,Real Santa Cruz,4.0,1.0,Cochabamba,Bolivia,Estadio Félix Capriles,,,,División Profesional,,20211107_Aurora_Real-Santa-Cruz,-53.34300038891115,2.44,1.0,9,3,20,9,46.9,53.1,1,3,0,0,12,4
2021-11-20 19:00:00,Guabirá,Atlético Palmaflor,2.0,0.0,Montero,Bolivia,Estadio Gilberto Parada,,,,División Profesional,,20211120_Guabirá_Atlético-Palmaflor,11.102926523390352,0.85,0.94,2,3,4,7,46.2,53.8,1,3,0,1,8,4
2021-11-20 21:15:00,Aurora,Oriente Petrolero,1.0,2.0,Cochabamba,Bolivia,Estadio Félix Capriles,,,,División Profesional,,20211120_Aurora_Oriente-Petrolero,-52.05578369250952,2.56,1.21,6,4,14,8,42.8,57.2,1,3,0,0,6,1
2021-11-20 23:30:00,Royal Pari,Independiente Petrolero,3.0,1.0,Santa Cruz,Bolivia,Estadio Ramón Tahuichi,,,,División Profesional,,20211120_Royal-Pari_Independiente-Petrolero,-79.49877544139122,1.03,0.39,3,1,5,2,47.1,52.9,0,0,0,0,4,2
2021-11-21 19:00:00,Real Potosí,Always Ready,3.0,2.0,Potosí,Bolivia,Estadio Víctor Agustín Ugarte,,,,División Profesional,,20211121_Real-Potosí_Always-Ready,-164.11584096751676,1.38,0.36,3,2,5,7,44.7,55.3,0,3,0,0,5,3
2021-11-21 21:15:00,Bolívar,The Strongest,0.0,1.0,La Paz,Bolivia,Estadio Hernando Siles,,,,División Profesional,,20211121_Bolívar_The-Strongest,-5.408391718059647,0.41,1.26,3,5,7,10,54.1,45.9,2,0,0,0,4,9
2021-11-21 23:30:00,Blooming,Wilstermann,2.0,2.0,Santa Cruz,Bolivia,Estadio Ramón Tahuichi,,,,División Profesional,,20211121_Blooming_Wilstermann,-111.0185860916888,1.21,1.09,2,3,7,7,43.3,56.7,1,0,0,0,6,7
2021-11-22 19:45:00,San José,Real Santa Cruz,1.0,2.0,Oruro,Bolivia,Estadio Jesús Bermúdez,,,,División Profesional,,20211122_San-José_Real-Santa-Cruz,-150.31603166420336,1.32,0.45,3,2,7,4,42.5,57.5,2,1,0,0,4,5
2021-11-23 00:00:00,Real Tomayapo,Nacional Potosí,3.0,0.0,Tarija,Bolivia,Estadio IV Centenário,,,,División Profesional,,20211123_Real-Tomayapo_Nacional-Potosí,-14.054575801238343,0.71,1.83,3,7,6,14,52.8,47.2,2,2,1,0,4,5
2021-11-26 19:00:00,Nacional Potosí,San José,7.0,1.0,Potosí,Bolivia,Estadio Víctor Agustín Ugarte,,,,División Profesional,,20211126_Nacional-Potosí_San-José,106.34548281968614,2.63,0.36,9,1,20,2,55.2,44.8,0,3,0,0,8,3
2021-11-26 22:15:00,The Strongest,Aurora,3.0,0.0,La Paz,Bolivia,Estadio Hernando Siles,,,,División Profesional,,20211126_The-Strongest_Aurora,119.19537398862076,1.41,0.95,5,2,11,6,50.4,49.6,3,1,0,0,7,7
2021-11-27 00:30:00,Oriente Petrolero,Real Tomayapo,3.0,1.0,Santa Cruz,Bolivia,Estadio Ramón Tahuichi,,,,División Profesional,,20211127_Oriente-Petrolero_Real-Tomayapo,76.74874741927647,1.89,0.79,6,2,13,5,59.5,40.5,4,3,0,0,6,2
2021-11-27 19:00:00,Always Ready,Guabirá,6.0,1.0,"El Alto, La Paz.",Bolivia,Municipal Villa Ingenio,,,,División Profesional,,20211127_Always-Ready_Guabirá,105.43016117083789,1.87,1.09,6,4,13,7,52.4,47.6,1,2,0,0,13,8
2021-11-27 21:15:00,Atlético Palmaflor,Blooming,3.0,0.0,Cochabamba,Bolivia,Estadio Félix Capriles,,,,División Profesional,,20211127_Atlético-Palmaflor_Blooming,27.38406600084636,0.71,0.35,3,1,6,3,51.5,48.5,1,3,0,0,4,3
2021-11-27 23:30:00,Independiente Petrolero,Real Santa Cruz,2.0,1.0,Cochabamba,Bolivia,Estadio Olímpico Patria,,,,División Profesional,,20211127_Independiente-Petrolero_Real-Santa-Cruz,82.27872432255049,1.31,1.94,3,6,5,13,52.0,48.0,1,1,0,0,5,4
2021-11-28 19:00:00,Royal Pari,Real Potosí,5.0,0.0,Santa Cruz,Bolivia,Estadio Ramón Tahuichi,,,,División Profesional,,20211128_Royal-Pari_Real-Potosí,61.08065394412711,3.05,0.88,9,4,20,10,45.0,55.0,1,1,0,0,5,5
2021-11-28 21:15:00,Wilstermann,Bolívar,1.0,0.0,Cochabamba,Bolivia,Estadio Félix Capriles,,,,División Profesional,,20211128_Wilstermann_Bolívar,-10.048336088721044,0.8,0.79,3,3,7,6,41.4,58.6,1,3,0,0,2,6
2021-11-30 19:45:00,San José,Oriente Petrolero,0.0,2.0,Cochabamba,Bolivia,Estadio Félix Capriles,,,,División Profesional,,20211130_San-José_Oriente-Petrolero,-211.83898861651437,0.57,1.16,0,4,0,10,45.9,54.1,2,0,0,0,1,4
2021-12-01 00:00:00,Blooming,Always Ready,1.0,2.0,Santa Cruz,Bolivia,Estadio Ramón Tahuichi,,,,División Profesional,,20211201_Blooming_Always-Ready,-186.6729671264054,1.24,1.35,6,5,15,10,44.4,55.6,4,1,0,0,5,4
2021-12-01 19:00:00,Real Santa Cruz,Nacional Potosí,1.0,1.0,Santa Cruz,Bolivia,Estadio Real Santa Cruz,,,,División Profesional,,20211201_Real-Santa-Cruz_Nacional-Potosí,40.54217996109651,1.46,0.33,5,1,9,2,51.6,48.4,0,1,0,0,5,8
2021-12-01 23:00:00,Aurora,Wilstermann,1.0,1.0,Cochabamba,Bolivia,Estadio Félix Capriles,,,,División Profesional,,20211201_Aurora_Wilstermann,-100.49657021499206,0.57,1.08,3,4,8,8,43.5,56.5,2,0,0,0,7,6
2021-12-01 23:30:00,Bolívar,Atlético Palmaflor,3.0,1.0,La Paz,Bolivia,Estadio Hernando Siles,,,,División Profesional,,20211201_Bolívar_Atlético-Palmaflor,62.86163315823501,1.62,1.75,4,7,8,17,51.6,48.4,1,4,0,0,7,11
2021-12-02 19:00:00,Guabirá,Royal Pari,3.0,2.0,Montero,Bolivia,Estadio Gilberto Parada,,,,División Profesional,,20211202_Guabirá_Royal-Pari,-55.335731344966234,1.47,1.58,4,3,9,6,50.1,49.9,3,0,0,0,6,2
2021-12-02 19:00:00,Real Potosí,Independiente Petrolero,0.0,5.0,Potosí,Bolivia,Estadio Víctor Agustín Ugarte,,,,División Profesional,,20211202_Real-Potosí_Independiente-Petrolero,-130.30369471112294,1.58,1.68,4,7,11,13,41.4,58.6,2,1,0,0,4,6
2021-12-03 00:00:00,Real Tomayapo,The Strongest,0.0,0.0,Tarija,Bolivia,Estadio IV Centenário,,,,División Profesional,,20211203_Real-Tomayapo_The-Strongest,-140.8864351178579,0.69,1.42,1,4,0,10,37.1,62.9,1,2,0,0,4,4
2021-12-04 19:00:00,Atlético Palmaflor,Aurora,3.0,2.0,Cochabamba,Bolivia,Estadio Félix Capriles,,,,División Profesional,,20211204_Atlético-Palmaflor_Aurora,9.759771916500085,0.98,1.08,4,4,11,10,57.1,42.9,1,0,0,0,6,3
2021-12-05 00:30:00,Oriente Petrolero,Real Santa Cruz,2.0,0.0,Santa Cruz,Bolivia,Estadio Ramón Tahuichi,,,,División Profesional,,20211205_Oriente-Petrolero_Real-Santa-Cruz,54.94306143100221,2.4,1.5,7,7,15,17,54.0,46.0,0,1,0,0,6,7
2021-12-05 19:00:00,Always Ready,Bolívar,1.0,1.0,"El Alto, La Paz.",Bolivia,Municipal Villa Ingenio,,,,División Profesional,,20211205_Always-Ready_Bolívar,70.57157536930072,0.7,0.12,5,1,13,2,48.5,51.5,1,1,0,0,3,3
2021-12-05 19:00:00,Independiente Petrolero,Nacional Potosí,2.0,0.0,Cochabamba,Bolivia,Estadio Olímpico Patria,,,,División Profesional,,20211205_Independiente-Petrolero_Nacional-Potosí,147.54650400334117,1.56,0.84,4,3,6,7,54.2,45.8,1,1,0,0,3,2
2021-12-05 19:00:00,Real Potosí,Guabirá,1.0,3.0,Potosí,Bolivia,Estadio Víctor Agustín Ugarte,,,,División Profesional,,20211205_Real-Potosí_Guabirá,-47.16303801439153,0.33,3.07,1,10,4,20,48.7,51.3,1,3,0,0,3,7
2021-12-05 19:00:00,Royal Pari,Blooming,4.0,3.0,Santa Cruz,Bolivia,Estadio Ramón Tahuichi,,,,División Profesional,,20211205_Royal-Pari_Blooming,111.85937122791961,2.33,0.71,5,4,11,10,54.4,45.6,2,2,0,0,6,9
2021-12-05 19:00:00,The Strongest,San José,2.0,0.0,La Paz,Bolivia,Estadio Hernando Siles,,,,División Profesional,,20211205_The-Strongest_San-José,258.0507549539168,0.71,1.02,2,1,4,2,60.5,39.5,4,2,0,0,2,8
2021-12-06 23:00:00,Wilstermann,Real Tomayapo,3.0,0.0,Cochabamba,Bolivia,Estadio Félix Capriles,,,,División Profesional,,20211206_Wilstermann_Real-Tomayapo,98.11970236991056,1.64,0.05,4,1,9,2,45.1,54.9,1,0,0,0,6,1
2021-12-10 19:00:00,Nacional Potosí,Oriente Petrolero,1.0,0.0,Potosí,Bolivia,Estadio Víctor Agustín Ugarte,,,,División Profesional,,20211210_Nacional-Potosí_Oriente-Petrolero,-110.00500717708428,1.58,0.65,8,3,16,7,44.3,55.7,3,0,0,0,11,9
2021-12-10 23:00:00,Bolívar,Royal Pari,2.0,0.0,La Paz,Bolivia,Estadio Hernando Siles,,,,División Profesional,,20211210_Bolívar_Royal-Pari,10.59942898926306,0.5,0.65,2,3,5,5,53.3,46.7,0,0,0,0,3,2
2021-12-11 19:00:00,Real Tomayapo,Atlético Palmaflor,3.0,3.0,Tarija,Bolivia,Estadio IV Centenário,,,,División Profesional,,20211211_Real-Tomayapo_Atlético-Palmaflor,-34.49899673181335,0.64,1.85,3,7,8,14,50.3,49.7,0,2,0,0,10,5
2021-12-11 19:00:00,San José,Wilstermann,0.0,3.0,Oruro,Bolivia,Estadio Jesús Bermúdez,,,,División Profesional,,20211211_San-José_Wilstermann,-237.6444598108735,0.46,1.62,2,7,7,15,43.9,56.1,4,5,0,0,9,5
2021-12-11 23:00:00,Blooming,Real Potosí,1.0,0.0,Santa Cruz,Bolivia,Estadio Ramón Tahuichi,,,,División Profesional,,20211211_Blooming_Real-Potosí,-35.03477751698324,0.49,0.13,3,1,4,2,45.2,54.8,2,1,0,0,7,4
2021-12-12 19:00:00,Aurora,Always Ready,3.0,4.0,Cochabamba,Bolivia,Estadio Félix Capriles,,,,División Profesional,,20211212_Aurora_Always-Ready,-172.15594329213513,1.09,2.32,3,8,9,15,47.9,52.1,4,1,1,0,5,9
2021-12-12 19:00:00,Guabirá,Independiente Petrolero,2.0,3.0,Montero,Bolivia,Estadio Gilberto Parada,,,,División Profesional,,20211212_Guabirá_Independiente-Petrolero,-95.34785806535683,1.46,1.18,4,6,9,13,46.5,53.5,3,1,0,0,9,10
2021-12-12 19:00:00,Real Santa Cruz,The Strongest,1.0,0.0,Santa Cruz,Bolivia,Estadio Real Santa Cruz,,,,División Profesional,,20211212_Real-Santa-Cruz_The-Strongest,-104.75767139787627,0.9,1.18,3,4,8,9,46.2,53.8,1,2,0,0,4,4
2022-02-04 22:00:00,Universitario de Vinto,Real Tomayapo,1.0,1.0,Cochabamba,Bolivia,Estadio Félix Capriles,,,,División Profesional,,20220204_Universitario-de-Vinto_Real-Tomayapo,56.60448956732807,0.05,1.49,1,5,3,11,60.8,39.2,3,3,0,0,5,6
2022-02-05 21:15:00,Nacional Potosí,Atlético Palmaflor,1.0,1.0,Potosí,Bolivia,Estadio Víctor Agustín Ugarte,,,,División Profesional,,20220205_Nacional-Potosí_Atlético-Palmaflor,-12.433846963080896,1.73,0.92,5,5,11,11,48.4,51.6,0,4,0,0,7,7
2022-02-06 16:00:00,Real Santa Cruz,Universitario de Sucre,0.0,1.0,Santa Cruz,Bolivia,Estadio Real Santa Cruz,,,,División Profesional,,20220206_Real-Santa-Cruz_Universitario-de-Sucre,-2.253658666444835,0.29,0.93,2,1,5,3,55.2,44.8,3,2,0,0,3,4
2022-02-06 19:00:00,Aurora,Guabirá,0.0,0.0,Cochabamba,Bolivia,Estadio Félix Capriles,,,,División Profesional,,20220206_Aurora_Guabirá,-68.07495725419449,0.38,1.45,3,5,6,10,55.8,44.2,1,3,0,0,8,7
2022-02-06 19:00:00,Blooming,Bolívar,0.0,7.0,Santa Cruz,Bolivia,Estadio Ramón Tahuichi,,,,División Profesional,,20220206_Blooming_Bolívar,-137.41623657179002,0.05,2.63,2,7,7,16,48.3,51.7,1,0,0,0,5,11
2022-02-06 19:00:00,Independiente Petrolero,Always Ready,1.0,2.0,Cochabamba,Bolivia,Estadio Olímpico Patria,,,,División Profesional,,20220206_Independiente-Petrolero_Always-Ready,-4.1532232800543625,0.73,1.47,2,3,6,7,52.0,48.0,2,2,0,0,5,2
2022-02-06 21:15:00,The Strongest,Oriente Petrolero,2.0,0.0,La Paz,Bolivia,Estadio Hernando Siles,,,,División Profesional,,20220206_The-Strongest_Oriente-Petrolero,29.7435853506679,1.38,0.39,6,1,11,1,52.6,47.4,3,1,1,0,9,2
2022-02-06 23:30:00,Royal Pari,Wilstermann,0.0,2.0,Santa Cruz,Bolivia,Estadio Ramón Tahuichi,,,,División Profesional,,20220206_Royal-Pari_Wilstermann,-34.81402397375359,0.95,1.63,4,3,10,6,48.5,51.5,1,1,0,1,6,4
2022-02-12 00:00:00,Oriente Petrolero,Aurora,2.0,0.0,Santa Cruz,Bolivia,Estadio Ramón Tahuichi,,,,División Profesional,,20220212_Oriente-Petrolero_Aurora,91.31485740529024,1.05,0.52,3,1,6,2,50.4,49.6,1,0,0,0,2,1
2022-02-12 19:00:00,Always Ready,Royal Pari,2.0,2.0,"El Alto, La Paz.",Bolivia,Municipal Villa Ingenio,,,,División Profesional,,20220212_Always-Ready_Royal-Pari,117.15131072302688,0.61,0.42,3,2,6,3,49.9,50.1,0,1,0,0,4,3
2022-02-12 19:00:00,Wilstermann,Blooming,0.0,1.0,Cochabamba,,Municipal de Sacaba,,,,División Profesional,,20220212_Wilstermann_Blooming,156.65109539377227,0.67,2.14,0,6,0,14,57.3,42.7,2,0,0,0,1,10
2022-02-12 23:30:00,Universitario de Sucre,Nacional Potosí,4.0,3.0,Cochabamba,Bolivia,Estadio Olímpico Patria,,,,División Profesional,,20220212_Universitario-de-Sucre_Nacional-Potosí,48.407540447750534,1.38,1.43,4,4,7,8,52.9,47.1,2,1,0,0,8,6
2022-02-13 16:00:00,Atlético Palmaflor,The Strongest,0.0,3.0,Coachabamba,,Samancha Urabi,,,,División Profesional,,20220213_Atlético-Palmaflor_The-Strongest,-107.36447004393926,0.56,1.65,3,5,8,9,45.8,54.2,3,2,0,0,4,6
2022-02-13 19:00:00,Bolívar,Universitario de Vinto,2.0,0.0,La Paz,Bolivia,Estadio Hernando Siles,,,,División Profesional,,20220213_Bolívar_Universitario-de-Vinto,71.07310094383365,0.88,1.37,4,4,8,9,44.2,55.8,2,2,0,0,3,5
2022-02-13 19:00:00,Real Santa Cruz,Guabirá,2.0,2.0,Santa Cruz,Bolivia,Estadio Real Santa Cruz,,,,División Profesional,,20220213_Real-Santa-Cruz_Guabirá,-17.05316627672687,1.22,1.35,2,6,5,13,51.4,48.6,2,1,0,0,8,9
2022-02-13 21:15:00,Real Tomayapo,Independiente Petrolero,1.0,1.0,Tarija,Bolivia,Estadio IV Centenário,,,,División Profesional,,20220213_Real-Tomayapo_Independiente-Petrolero,-160.93090954859576,0.86,0.78,3,2,6,5,42.9,57.1,1,3,0,0,3,4
2022-02-18 21:15:00,Nacional Potosí,Real Santa Cruz,1.0,0.0,Potosí,Bolivia,Estadio Víctor Agustín Ugarte,,,,División Profesional,,20220218_Nacional-Potosí_Real-Santa-Cruz,-33.23687794500279,0.99,0.67,2,2,5,7,51.1,48.9,2,3,0,0,3,4
2022-02-18 23:30:00,The Strongest,Universitario de Sucre,1.0,1.0,La Paz,Bolivia,Estadio Hernando Siles,,,,División Profesional,,20220218_The-Strongest_Universitario-de-Sucre,68.59890400944369,1.14,1.34,5,2,13,5,48.1,51.9,0,2,0,0,7,2
2022-02-19 19:00:00,Always Ready,Real Tomayapo,0.0,1.0,"El Alto, La Paz.",Bolivia,Municipal Villa Ingenio,,,,División Profesional,,20220219_Always-Ready_Real-Tomayapo,179.70544071164636,0.8,0.86,6,4,12,8,56.6,43.4,3,1,0,0,9,6
2022-02-19 19:00:00,Aurora,Atlético Palmaflor,1.0,2.0,Cochabamba,Bolivia,Estadio Félix Capriles,,,,División Profesional,,20220219_Aurora_Atlético-Palmaflor,-36.1556698836273,0.18,0.79,1,2,2,4,45.3,54.7,3,1,0,0,1,2
2022-02-19 23:30:00,Royal Pari,Blooming,1.0,1.0,Santa Cruz,Bolivia,Estadio Ramón Tahuichi,,,,División Profesional,,20220219_Royal-Pari_Blooming,87.06205801086116,1.51,0.89,5,3,10,6,53.5,46.5,0,2,0,0,10,5
2022-02-20 19:00:00,Universitario de Vinto,Wilstermann,2.0,0.0,Cochabamba,Bolivia,Estadio Félix Capriles,,,,División Profesional,,20220220_Universitario-de-Vinto_Wilstermann,-67.84194573668447,0.47,0.78,2,4,3,10,47.2,52.8,0,1,1,0,2,9
2022-02-20 20:00:00,Independiente Petrolero,Bolívar,1.0,0.0,Cochabamba,Bolivia,Estadio Olímpico Patria,,,,División Profesional,,20220220_Independiente-Petrolero_Bolívar,22.358057313766267,1.68,1.19,6,4,12,12,52.0,48.0,3,2,0,0,5,8
2022-02-20 23:30:00,Oriente Petrolero,Guabirá,2.0,1.0,Santa Cruz,Bolivia,Estadio Ramón Tahuichi,,,,División Profesional,,20220220_Oriente-Petrolero_Guabirá,37.38837312590181,1.33,0.86,4,4,9,8,50.8,49.2,0,7,0,0,3,2
2022-02-25 19:00:00,Nacional Potosí,Guabirá,3.0,1.0,Potosí,Bolivia,Estadio Víctor Agustín Ugarte,,,,División Profesional,,20220225_Nacional-Potosí_Guabirá,-25.254913135207744,1.49,1.62,5,6,11,13,54.7,45.3,1,0,0,0,3,10
2022-02-26 00:00:00,Blooming,Universitario de Vinto,5.0,0.0,Santa Cruz,Bolivia,Estadio Ramón Tahuichi,,,,División Profesional,,20220226_Blooming_Universitario-de-Vinto,-66.03448237995599,1.54,1.71,7,6,17,13,47.4,52.6,1,1,0,0,6,5
2022-02-26 19:00:00,Atlético Palmaflor,Oriente Petrolero,2.0,1.0,Coachabamba,,Samancha Urabi,,,,División Profesional,,20220226_Atlético-Palmaflor_Oriente-Petrolero,-72.9506157411588,1.54,0.76,6,2,15,3,49.5,50.5,3,2,0,0,6,4
2022-02-26 19:00:00,Real Santa Cruz,The Strongest,1.0,2.0,Santa Cruz,Bolivia,Estadio Real Santa Cruz,,,,División Profesional,,20220226_Real-Santa-Cruz_The-Strongest,-115.25262850174136,0.94,1.68,2,5,3,11,44.3,55.7,2,4,0,0,3,5
2022-02-26 21:15:00,Real Tomayapo,Royal Pari,1.0,0.0,Tarija,Bolivia,Estadio IV Centenário,,,,División Profesional,,20220226_Real-Tomayapo_Royal-Pari,-49.700927822596896,1.47,0.44,8,2,18,6,46.5,53.5,2,2,0,0,5,1
2022-02-27 19:00:00,Universitario de Sucre,Aurora,1.0,1.0,Cochabamba,Bolivia,Estadio Olímpico Patria,,,,División Profesional,,20220227_Universitario-de-Sucre_Aurora,104.82687572237751,2.01,1.25,5,5,10,12,51.7,48.3,1,0,0,0,7,3
2022-02-27 21:15:00,Bolívar,Always Ready,3.0,0.0,La Paz,Bolivia,Estadio Hernando Siles,,,,División Profesional,,20220227_Bolívar_Always-Ready,-45.03914417009719,2.19,0.99,8,4,17,10,42.7,57.3,0,0,0,0,7,2
2022-02-27 23:15:00,Wilstermann,Independiente Petrolero,1.0,0.0,Cochabamba,Bolivia,Bicentenario de Villa Tunari,,,,División Profesional,,20220227_Wilstermann_Independiente-Petrolero,-70.2897012658409,0.62,0.45,2,3,3,5,44.8,55.2,4,5,1,0,2,2
2022-03-03 19:00:00,Royal Pari,Universitario de Vinto,2.0,1.0,Santa Cruz,Bolivia,Estadio Ramón Tahuichi,,,,División Profesional,,20220303_Royal-Pari_Universitario-de-Vinto,15.68502078049687,1.55,0.15,4,1,8,0,45.7,54.3,2,0,0,0,1,2
2022-03-03 23:30:00,Oriente Petrolero,Universitario de Sucre,1.0,0.0,Santa Cruz,Bolivia,Estadio Ramón Tahuichi,,,,División Profesional,,20220303_Oriente-Petrolero_Universitario-de-Sucre,14.822188831797803,1.61,0.46,6,1,13,2,50.2,49.8,3,1,0,0,11,2
2022-03-05 19:00:00,Atlético Palmaflor,Guabirá,1.0,0.0,Coachabamba,,Samancha Urabi,,,,División Profesional,,20220305_Atlético-Palmaflor_Guabirá,13.218963484187952,1.31,1.02,4,4,9,7,51.4,48.6,0,0,0,0,2,5
2022-03-05 21:15:00,The Strongest,Nacional Potosí,1.0,1.0,La Paz,Bolivia,Estadio Hernando Siles,,,,División Profesional,,20220305_The-Strongest_Nacional-Potosí,117.48899638683224,0.05,1.24,1,4,1,9,46.9,53.1,3,3,0,0,0,2
2022-03-05 23:30:00,Real Tomayapo,Bolívar,1.0,1.0,Tarija,Bolivia,Estadio IV Centenário,,,,División Profesional,,20220305_Real-Tomayapo_Bolívar,-99.09474860885075,0.37,0.31,2,1,3,2,48.3,51.7,0,1,0,0,1,4
2022-03-06 19:00:00,Always Ready,Wilstermann,0.0,0.0,"El Alto, La Paz.",Bolivia,Municipal Villa Ingenio,,,,División Profesional,,20220306_Always-Ready_Wilstermann,42.571026280797014,0.54,1.36,2,5,5,8,57.7,42.3,2,0,0,0,5,6
2022-03-06 19:00:00,Real Santa Cruz,Aurora,2.0,2.0,Santa Cruz,Bolivia,Estadio Real Santa Cruz,,,,División Profesional,,20220306_Real-Santa-Cruz_Aurora,41.82137739316295,0.15,1.5,2,3,5,5,47.9,52.1,4,2,0,0,1,2
2022-03-06 21:15:00,Independiente Petrolero,Blooming,2.0,3.0,Cochabamba,Bolivia,Estadio Olímpico Patria,,,,División Profesional,,20220306_Independiente-Petrolero_Blooming,146.88962994573922,2.28,0.66,7,5,15,11,58.9,41.1,1,2,0,0,3,5
2022-03-12 19:00:00,Atlético Palmaflor,Universitario de Vinto,1.0,0.0,Coachabamba,,Samancha Urabi,,,,División Profesional,,20220312_Atlético-Palmaflor_Universitario-de-Vinto,26.382378798912896,1.52,0.31,2,1,2,4,56.0,44.0,1,1,0,0,1,3
2022-03-12 19:00:00,Real Santa Cruz,Always Ready,0.0,1.0,Santa Cruz,Bolivia,Estadio Real Santa Cruz,,,,División Profesional,,20220312_Real-Santa-Cruz_Always-Ready,-133.84285690506135,0.67,0.45,0,1,2,2,54.5,45.5,3,2,0,0,4,3
2022-03-13 00:00:00,Oriente Petrolero,Blooming,1.0,2.0,Santa Cruz,Bolivia,Estadio Ramón Tahuichi,,,,División Profesional,,20220313_Oriente-Petrolero_Blooming,79.58847099077661,1.12,1.13,3,3,9,5,53.4,46.6,2,4,0,0,4,4
2022-03-13 19:00:00,Aurora,Wilstermann,1.0,0.0,Cochabamba,Bolivia,Estadio Félix Capriles,,,,División Profesional,,20220313_Aurora_Wilstermann,-133.1442355344227,1.66,1.24,5,5,12,10,37.8,62.2,2,1,0,0,11,4
2022-03-13 19:00:00,Nacional Potosí,Real Tomayapo,5.0,0.0,Potosí,Bolivia,Estadio Víctor Agustín Ugarte,,,,División Profesional,,20220313_Nacional-Potosí_Real-Tomayapo,-2.1690949693600032,2.18,0.91,6,1,14,3,52.1,47.9,2,0,0,0,9,1
2022-03-13 21:30:00,Universitario de Sucre,Independiente Petrolero,1.0,2.0,Cochabamba,Bolivia,Estadio Olímpico Patria,,,,División Profesional,,20220313_Universitario-de-Sucre_Independiente-Petrolero,-71.51756447046,0.67,1.71,1,7,1,16,44.9,55.1,2,0,0,0,2,10
2022-03-14 23:00:00,The Strongest,Bolívar,0.0,1.0,La Paz,Bolivia,Estadio Hernando Siles,,,,División Profesional,,20220314_The-Strongest_Bolívar,15.07058482234811,1.18,0.52,3,2,6,4,50.0,50.0,1,1,0,0,7,3
2022-03-21 00:30:00,Guabirá,Royal Pari,0.0,3.0,Montero,Bolivia,Estadio Gilberto Parada,,,,División Profesional,,20220321_Guabirá_Royal-Pari,-48.52616480289612,1.99,0.57,6,3,12,6,43.2,56.8,0,3,0,0,6,2
2022-04-01 22:00:00,Nacional Potosí,Aurora,2.0,1.0,Potosí,Bolivia,Estadio Víctor Agustín Ugarte,,,,División Profesional,,20220401_Nacional-Potosí_Aurora,54.0647570294002,1.14,0.62,4,2,10,3,53.9,46.1,2,2,0,0,3,3
2022-04-02 00:30:00,Blooming,Always Ready,1.0,0.0,Santa Cruz,Bolivia,Estadio Ramón Tahuichi,,,,División Profesional,,20220402_Blooming_Always-Ready,-122.598229641319,0.73,1.62,2,6,7,12,37.3,62.7,2,3,0,0,4,4
2022-04-02 19:00:00,Real Santa Cruz,Oriente Petrolero,2.0,1.0,Santa Cruz,Bolivia,Estadio Real Santa Cruz,,,,División Profesional,,20220402_Real-Santa-Cruz_Oriente-Petrolero,-76.61571648297058,1.71,0.47,6,1,13,2,53.9,46.1,4,1,0,0,6,4
2022-04-02 19:00:00,Universitario de Vinto,Independiente Petrolero,2.0,2.0,Cochabamba,,Municipal de Sacaba,,,,División Profesional,,20220402_Universitario-de-Vinto_Independiente-Petrolero,-124.68457830145667,2.21,0.43,8,4,17,10,49.5,50.5,1,0,0,0,8,7
2022-04-02 21:15:00,Wilstermann,Real Tomayapo,1.0,2.0,Cochabamba,Bolivia,Estadio Félix Capriles,,,,División Profesional,,20220402_Wilstermann_Real-Tomayapo,68.28820513300275,1.25,1.35,4,2,10,7,48.4,51.6,1,1,0,0,5,3
2022-04-02 23:30:00,Universitario de Sucre,Atlético Palmaflor,2.0,0.0,Cochabamba,Bolivia,Estadio Olímpico Patria,,,,División Profesional,,20220402_Universitario-de-Sucre_Atlético-Palmaflor,-14.524784352436654,0.59,1.0,2,2,6,2,49.6,50.4,3,3,0,0,3,6
2022-04-03 19:00:00,Guabirá,The Strongest,1.0,3.0,Montero,Bolivia,Estadio Gilberto Parada,,,,División Profesional,,20220403_Guabirá_The-Strongest,-123.42379418628911,0.43,2.11,1,5,3,13,43.3,56.7,0,2,0,0,5,8
2022-04-03 21:15:00,Bolívar,Royal Pari,6.0,0.0,La Paz,Bolivia,Estadio Hernando Siles,,,,División Profesional,,20220403_Bolívar_Royal-Pari,64.19787180159278,1.75,1.69,6,6,13,11,52.2,47.8,0,0,0,0,5,9
2022-04-08 19:00:00,Always Ready,Universitario de Vinto,6.0,2.0,"El Alto, La Paz.",Bolivia,Municipal Villa Ingenio,,,,División Profesional,,20220408_Always-Ready_Universitario-de-Vinto,118.91570875979437,1.65,0.84,6,4,11,11,47.2,52.8,0,1,0,0,6,11
2022-04-09 19:00:00,Atlético Palmaflor,Real Santa Cruz,2.0,1.0,Cochabamba,Bolivia,Estadio Municipal de Quillacollo,,,,División Profesional,,20220409_Atlético-Palmaflor_Real-Santa-Cruz,31.37367437227863,1.03,0.94,2,3,5,4,48.7,51.3,0,1,0,0,3,3
2022-04-09 19:00:00,Royal Pari,Independiente Petrolero,5.0,1.0,Santa Cruz,Bolivia,Estadio Ramón Tahuichi,,,,División Profesional,,20220409_Royal-Pari_Independiente-Petrolero,-70.33394079334425,2.09,1.24,5,5,11,12,45.6,54.4,1,0,0,0,8,7
2022-04-09 21:15:00,Bolívar,Wilstermann,0.0,1.0,La Paz,Bolivia,Estadio Hernando Siles,,,,División Profesional,,20220409_Bolívar_Wilstermann,72.87246112346884,0.92,1.15,3,3,9,9,51.3,48.7,2,0,0,0,11,1
2022-04-09 23:30:00,Oriente Petrolero,Nacional Potosí,4.0,2.0,Santa Cruz,Bolivia,Estadio Ramón Tahuichi,,,,División Profesional,,20220409_Oriente-Petrolero_Nacional-Potosí,12.766446448265015,1.32,1.13,4,3,10,6,49.0,51.0,0,2,0,0,4,3
2022-04-10 19:00:00,Universitario de Sucre,Guabirá,2.0,0.0,Cochabamba,Bolivia,Estadio Olímpico Patria,,,,División Profesional,,20220410_Universitario-de-Sucre_Guabirá,63.615977222468246,1.07,0.18,2,1,6,4,56.0,44.0,3,2,0,0,2,4
2022-04-10 21:15:00,Real Tomayapo,Blooming,1.0,2.0,Tarija,Bolivia,Estadio IV Centenário,,,,División Profesional,,20220410_Real-Tomayapo_Blooming,-11.052334929973085,0.05,1.37,2,5,6,10,43.7,56.3,0,2,0,0,7,4
2022-04-11 22:30:00,Aurora,The Strongest,1.0,0.0,Cochabamba,Bolivia,Estadio Félix Capriles,,,,División Profesional,,20220411_Aurora_The-Strongest,-157.19402293584676,1.44,0.96,6,3,12,5,39.6,60.4,1,1,0,0,6,5
2022-04-15 22:00:00,Real Tomayapo,Universitario de Vinto,0.0,1.0,Tarija,Bolivia,Estadio IV Centenário,,,,División Profesional,,20220415_Real-Tomayapo_Universitario-de-Vinto,13.826709967493798,1.75,0.61,6,3,13,8,49.2,50.8,5,4,1,0,10,4
2022-04-16 00:00:00,Universitario de Sucre,Real Santa Cruz,2.0,3.0,Cochabamba,Bolivia,Estadio Olímpico Patria,,,,División Profesional,,20220416_Universitario-de-Sucre_Real-Santa-Cruz,62.59798176268919,1.07,1.12,5,4,13,10,54.5,45.5,2,1,0,0,7,4
2022-04-16 19:00:00,Always Ready,Independiente Petrolero,1.0,1.0,"El Alto, La Paz.",Bolivia,Municipal Villa Ingenio,,,,División Profesional,,20220416_Always-Ready_Independiente-Petrolero,24.93499508580021,1.47,0.47,6,1,12,2,52.9,47.1,1,2,0,1,3,3
2022-04-16 21:15:00,Bolívar,Blooming,6.0,0.0,La Paz,Bolivia,Estadio Hernando Siles,,,,División Profesional,,20220416_Bolívar_Blooming,75.35191937735681,1.86,0.05,6,0,13,2,62.6,37.4,5,1,0,0,10,4
2022-04-16 23:30:00,Wilstermann,Royal Pari,2.0,2.0,Cochabamba,Bolivia,Estadio Félix Capriles,,,,División Profesional,,20220416_Wilstermann_Royal-Pari,11.024624506316059,0.78,0.42,3,2,6,4,49.2,50.8,1,2,0,0,6,5
2022-04-17 19:00:00,Atlético Palmaflor,Nacional Potosí,1.0,0.0,Cochabamba,Bolivia,Estadio Félix Capriles,,,,División Profesional,,20220417_Atlético-Palmaflor_Nacional-Potosí,19.21126847160781,0.45,0.77,3,1,7,2,48.6,51.4,3,2,0,0,6,0
2022-04-17 21:15:00,Guabirá,Aurora,3.0,2.0,Montero,Bolivia,Estadio Gilberto Parada,,,,División Profesional,,20220417_Guabirá_Aurora,-8.95922846025428,1.81,1.3,5,4,11,8,47.2,52.8,0,3,0,0,5,3
2022-04-17 23:30:00,Oriente Petrolero,The Strongest,1.0,1.0,La Paz,Bolivia,Estadio Hernando Siles,,,,División Profesional,,20220417_Oriente-Petrolero_The-Strongest,-41.421525170542054,0.4,1.03,2,3,5,6,52.0,48.0,0,2,0,0,1,6
2022-04-19 22:00:00,Independiente Petrolero,Real Tomayapo,1.0,1.0,Cochabamba,Bolivia,Estadio Olímpico Patria,,,,División Profesional,,20220419_Independiente-Petrolero_Real-Tomayapo,109.58306509256454,1.42,0.5,4,2,9,5,52.3,47.7,4,2,0,0,5,3
2022-04-19 22:00:00,Universitario de Vinto,Bolívar,1.0,4.0,Cochabamba,Bolivia,Estadio Félix Capriles,,,,División Profesional,,20220419_Universitario-de-Vinto_Bolívar,-120.42793688624943,0.63,1.91,2,5,5,8,47.1,52.9,0,3,0,0,4,4
2022-04-20 00:30:00,Blooming,Wilstermann,3.0,3.0,Santa Cruz,Bolivia,Estadio Ramón Tahuichi,,,,División Profesional,,20220420_Blooming_Wilstermann,-40.4976084298105,1.72,1.18,5,4,11,10,43.3,56.7,0,0,0,0,6,4
2022-04-20 19:00:00,Royal Pari,Always Ready,5.0,1.0,Santa Cruz,Bolivia,Estadio Ramón Tahuichi,,,,División Profesional,,20220420_Royal-Pari_Always-Ready,-65.23533977412512,3.0,1.54,11,5,20,11,49.1,50.9,1,2,0,0,8,6
2022-04-20 22:30:00,Aurora,Oriente Petrolero,1.0,1.0,Cochabamba,Bolivia,Estadio Félix Capriles,,,,División Profesional,,20220420_Aurora_Oriente-Petrolero,-95.33210085264272,0.51,0.77,4,3,8,6,45.4,54.6,0,0,0,0,8,3
2022-04-21 00:00:00,The Strongest,Atlético Palmaflor,4.0,1.0,La Paz,Bolivia,Estadio Hernando Siles,,,,División Profesional,,20220421_The-Strongest_Atlético-Palmaflor,45.33417433890395,0.98,0.68,4,3,8,7,53.2,46.8,1,2,0,0,5,4
2022-04-21 22:15:00,Guabirá,Real Santa Cruz,1.0,0.0,Montero,Bolivia,Estadio Gilberto Parada,,,,División Profesional,,20220421_Guabirá_Real-Santa-Cruz,-22.501609769578636,0.73,0.84,4,2,8,2,48.5,51.5,0,2,0,0,9,2
2022-04-22 00:00:00,Nacional Potosí,Universitario de Sucre,1.0,1.0,Potosí,Bolivia,Estadio Víctor Agustín Ugarte,,,,División Profesional,,20220422_Nacional-Potosí_Universitario-de-Sucre,-25.795099928167474,0.44,0.62,1,1,1,2,47.0,53.0,2,1,0,1,1,1
2022-04-22 22:00:00,Wilstermann,Universitario de Vinto,1.0,1.0,Cochabamba,Bolivia,Estadio Félix Capriles,,,,División Profesional,,20220422_Wilstermann_Universitario-de-Vinto,73.30572096838955,1.44,0.39,4,1,9,2,49.1,50.9,0,2,0,0,6,1
2022-04-23 00:00:00,Bolívar,Independiente Petrolero,3.0,1.0,La Paz,Bolivia,Estadio Hernando Siles,,,,División Profesional,,20220423_Bolívar_Independiente-Petrolero,33.63644290906973,2.04,1.26,4,4,10,7,47.1,52.9,1,1,0,0,3,4
2022-04-23 21:15:00,Real Tomayapo,Always Ready,1.0,1.0,Tarija,Bolivia,Estadio IV Centenário,,,,División Profesional,,20220423_Real-Tomayapo_Always-Ready,-114.90736502168647,0.83,0.94,2,2,5,3,47.1,52.9,1,3,0,1,1,2
2022-04-24 19:00:00,Atlético Palmaflor,Aurora,0.0,1.0,Coachabamba,,Samancha Urabi,,,,División Profesional,,20220424_Atlético-Palmaflor_Aurora,74.91615888194065,0.48,1.32,1,5,1,11,55.9,44.1,0,3,0,0,0,3
2022-04-24 19:00:00,Real Santa Cruz,Nacional Potosí,3.0,2.0,Santa Cruz,Bolivia,Estadio Real Santa Cruz,,,,División Profesional,,20220424_Real-Santa-Cruz_Nacional-Potosí,-22.190347299795803,2.15,0.8,7,3,17,6,49.7,50.3,0,1,0,0,10,7
2022-04-24 19:00:00,Universitario de Sucre,The Strongest,0.0,1.0,Cochabamba,Bolivia,Estadio Olímpico Patria,,,,División Profesional,,20220424_Universitario-de-Sucre_The-Strongest,-72.7569632502391,0.67,1.07,1,5,1,10,49.0,51.0,2,2,0,0,4,5
2022-04-24 21:15:00,Guabirá,Oriente Petrolero,0.0,0.0,Montero,Bolivia,Estadio Gilberto Parada,,,,División Profesional,,20220424_Guabirá_Oriente-Petrolero,-63.68405574863277,1.31,0.98,4,3,10,6,43.8,56.2,1,3,0,0,9,6
2022-04-24 23:30:00,Blooming,Royal Pari,1.0,1.0,Santa Cruz,Bolivia,Estadio Ramón Tahuichi,,,,División Profesional,,20220424_Blooming_Royal-Pari,-43.06888402433856,0.95,1.55,2,6,3,14,39.1,60.9,0,2,0,0,2,6
2022-04-29 19:00:00,Guabirá,Nacional Potosí,1.0,2.0,Montero,Bolivia,Estadio Gilberto Parada,,,,División Profesional,,20220429_Guabirá_Nacional-Potosí,-4.199121240725162,1.36,2.22,4,6,8,14,57.6,42.4,2,1,0,0,8,6
2022-04-30 19:00:00,The Strongest,Real Santa Cruz,1.0,1.0,La Paz,Bolivia,Estadio Hernando Siles,,,,División Profesional,,20220430_The-Strongest_Real-Santa-Cruz,115.72159168049029,0.99,1.27,3,4,5,9,53.6,46.4,1,3,0,0,2,7
2022-04-30 21:15:00,Aurora,Universitario de Sucre,3.0,0.0,Cochabamba,Bolivia,Estadio Félix Capriles,,,,División Profesional,,20220430_Aurora_Universitario-de-Sucre,-44.30814177864954,0.72,0.16,3,0,6,1,51.0,49.0,2,1,1,0,8,1
2022-04-30 23:30:00,Independiente Petrolero,Wilstermann,3.0,2.0,Cochabamba,Bolivia,Estadio Olímpico Patria,,,,División Profesional,,20220430_Independiente-Petrolero_Wilstermann,21.137916081223466,2.07,0.87,8,2,18,2,51.8,48.2,1,0,0,0,11,3
2022-04-30 23:30:00,Royal Pari,Real Tomayapo,6.0,1.0,Santa Cruz,Bolivia,Estadio Ramón Tahuichi,,,,División Profesional,,20220430_Royal-Pari_Real-Tomayapo,72.81601093916265,1.93,1.73,7,5,14,10,48.7,51.3,2,2,0,0,8,3
2022-05-01 19:00:00,Always Ready,Bolívar,1.0,2.0,"El Alto, La Paz.",Bolivia,Municipal Villa Ingenio,,,,División Profesional,,20220501_Always-Ready_Bolívar,-35.655798011239995,1.2,1.62,4,5,7,10,47.2,52.8,1,1,0,0,9,4
2022-05-01 19:00:00,Universitario de Vinto,Blooming,2.0,1.0,Cochabamba,,Municipal de Sacaba,,,,División Profesional,,20220501_Universitario-de-Vinto_Blooming,-34.57798463860286,1.2,0.54,3,1,7,2,48.1,51.9,4,1,0,0,6,3
2022-05-02 00:00:00,Oriente Petrolero,Atlético Palmaflor,2.0,1.0,Santa Cruz,Bolivia,Estadio Ramón Tahuichi,,,,División Profesional,,20220502_Oriente-Petrolero_Atlético-Palmaflor,26.363950667538802,1.51,0.98,5,3,12,7,46.7,53.3,0,2,0,0,4,3
2022-05-06 23:30:00,Royal Pari,Guabirá,1.0,3.0,Santa Cruz,Bolivia,Estadio Ramón Tahuichi,,,,División Profesional,,20220506_Royal-Pari_Guabirá,98.76273219359337,1.11,1.53,2,4,5,9,45.0,55.0,3,1,0,0,1,3
2022-05-07 19:00:00,Real Tomayapo,Nacional Potosí,1.0,0.0,Tarija,Bolivia,Estadio IV Centenário,,,,División Profesional,,20220507_Real-Tomayapo_Nacional-Potosí,-21.004771675314487,0.4,0.08,1,1,2,1,44.1,55.9,1,2,0,0,4,3
2022-05-07 21:15:00,Universitario de Vinto,Atlético Palmaflor,0.0,1.0,Cochabamba,Bolivia,Estadio Félix Capriles,,,,División Profesional,,20220507_Universitario-de-Vinto_Atlético-Palmaflor,-5.988436799365672,0.23,1.04,1,3,2,5,51.3,48.7,1,2,0,0,0,5
2022-05-07 23:00:00,Independiente Petrolero,Universitario de Sucre,1.0,0.0,Cochabamba,Bolivia,Estadio Olímpico Patria,,,,División Profesional,,20220507_Independiente-Petrolero_Universitario-de-Sucre,85.48838851687378,0.87,0.68,3,2,5,3,50.6,49.4,0,2,0,0,3,2
2022-05-08 19:00:00,Always Ready,Real Santa Cruz,5.0,0.0,"El Alto, La Paz.",Bolivia,Municipal Villa Ingenio,,,,División Profesional,,20220508_Always-Ready_Real-Santa-Cruz,89.6499606675045,1.56,0.14,5,0,10,0,46.8,53.2,3,3,0,0,8,0
2022-05-08 19:00:00,Bolívar,The Strongest,1.0,0.0,La Paz,Bolivia,Estadio Hernando Siles,,,,División Profesional,,20220508_Bolívar_The-Strongest,38.840476472088994,1.56,0.47,4,4,11,8,57.2,42.8,3,1,0,0,6,9
2022-05-08 21:15:00,Wilstermann,Aurora,0.0,0.0,Cochabamba,Bolivia,Estadio Félix Capriles,,,,División Profesional,,20220508_Wilstermann_Aurora,59.07275829575633,0.35,1.06,2,3,2,6,49.8,50.2,2,0,0,0,2,3
2022-05-08 23:30:00,Blooming,Oriente Petrolero,1.0,2.0,Santa Cruz,Bolivia,Estadio Ramón Tahuichi,,,,División Profesional,,20220508_Blooming_Oriente-Petrolero,-46.337440525339616,1.57,2.19,5,7,11,14,50.7,49.3,0,0,0,0,1,11
2022-05-10 19:00:00,Universitario de Vinto,Royal Pari,3.0,2.0,Cochabamba,Bolivia,Estadio Félix Capriles,,,,División Profesional,,20220510_Universitario-de-Vinto_Royal-Pari,-67.48882569648981,1.73,1.24,7,5,15,9,51.9,48.1,2,0,1,0,7,1
2022-05-11 00:00:00,Guabirá,Atlético Palmaflor,3.0,0.0,Montero,Bolivia,Estadio Gilberto Parada,,,,División Profesional,,20220511_Guabirá_Atlético-Palmaflor,-30.20443658353588,0.38,1.57,3,2,6,4,55.1,44.9,2,0,0,0,6,5
2022-05-11 22:00:00,Wilstermann,Always Ready,1.0,0.0,Cochabamba,Bolivia,Estadio Félix Capriles,,,,División Profesional,,20220511_Wilstermann_Always-Ready,-52.29169746274192,0.9,1.0,4,2,8,3,54.1,45.9,3,2,0,0,3,3
2022-05-12 00:00:00,Nacional Potosí,The Strongest,1.0,1.0,Potosí,Bolivia,Estadio Víctor Agustín Ugarte,,,,División Profesional,,20220512_Nacional-Potosí_The-Strongest,-105.41222514179367,0.05,1.41,1,4,2,10,37.8,62.2,0,2,0,0,3,3
2022-05-12 00:00:00,Universitario de Sucre,Oriente Petrolero,1.0,1.0,Cochabamba,Bolivia,Estadio Olímpico Patria,,,,División Profesional,,20220512_Universitario-de-Sucre_Oriente-Petrolero,-72.00345251926592,0.75,1.36,2,1,5,3,58.3,41.7,5,4,0,0,4,3
2022-05-12 19:00:00,Aurora,Real Santa Cruz,2.0,4.0,Cochabamba,Bolivia,Estadio Félix Capriles,,,,División Profesional,,20220512_Aurora_Real-Santa-Cruz,0.268311637863917,1.66,0.96,6,4,13,12,45.2,54.8,0,0,1,0,3,4
2022-05-13 00:00:00,Blooming,Independiente Petrolero,4.0,0.0,Santa Cruz,Bolivia,Estadio Ramón Tahuichi,,,,División Profesional,,20220513_Blooming_Independiente-Petrolero,-98.85137417506735,1.68,0.46,6,2,13,5,45.5,54.5,1,3,0,0,4,5
2022-05-13 00:00:00,Bolívar,Real Tomayapo,1.0,0.0,La Paz,Bolivia,Estadio Hernando Siles,,,,División Profesional,,20220513_Bolívar_Real-Tomayapo,161.13639646320235,1.45,1.57,4,6,9,13,48.0,52.0,0,0,0,0,3,7
2022-05-14 19:30:00,The Strongest,Guabirá,0.0,0.0,La Paz,,Estadio Rafael Mendoza,,,,División Profesional,,20220514_The-Strongest_Guabirá,88.70089402632061,0.93,0.56,4,1,11,1,50.2,49.8,1,1,0,0,4,3
2022-05-14 20:00:00,Atlético Palmaflor,Universitario de Sucre,3.0,1.0,Cochabamba,Bolivia,Estadio Félix Capriles,,,,División Profesional,,20220514_Atlético-Palmaflor_Universitario-de-Sucre,9.348862554848665,1.8,1.72,7,6,13,13,51.5,48.5,1,1,0,0,7,11
2022-05-14 20:00:00,Oriente Petrolero,Real Santa Cruz,1.0,2.0,Santa Cruz,Bolivia,Estadio Ramón Tahuichi,,,,División Profesional,,20220514_Oriente-Petrolero_Real-Santa-Cruz,63.9481378737803,1.95,0.79,6,2,14,4,56.2,43.8,0,0,0,0,5,4
2022-05-15 19:00:00,Always Ready,Blooming,3.0,0.0,"El Alto, La Paz.",Bolivia,Municipal Villa Ingenio,,,,División Profesional,,20220515_Always-Ready_Blooming,67.21958879654017,1.1,0.11,3,1,5,1,50.6,49.4,2,2,0,0,2,2
2022-05-15 19:00:00,Aurora,Nacional Potosí,2.0,3.0,Cochabamba,Bolivia,Estadio Félix Capriles,,,,División Profesional,,20220515_Aurora_Nacional-Potosí,-16.179148639462255,0.76,1.66,4,4,9,9,51.8,48.2,0,1,0,0,9,4
2022-05-15 19:00:00,Independiente Petrolero,Universitario de Vinto,0.0,0.0,Cochabamba,Bolivia,Estadio Olímpico Patria,,,,División Profesional,,20220515_Independiente-Petrolero_Universitario-de-Vinto,78.80578805509231,1.26,1.26,3,4,7,9,55.5,44.5,0,5,0,0,3,3
2022-05-15 19:00:00,Real Tomayapo,Wilstermann,1.0,1.0,Tarija,Bolivia,Estadio IV Centenário,,,,División Profesional,,20220515_Real-Tomayapo_Wilstermann,-70.5443659606342,1.16,0.78,4,4,10,8,48.0,52.0,2,2,1,0,9,7
2022-05-15 19:00:00,Royal Pari,Bolívar,2.0,1.0,Santa Cruz,Bolivia,Estadio Ramón Tahuichi,,,,División Profesional,,20220515_Royal-Pari_Bolívar,-118.42880308763779,1.49,1.21,5,6,12,12,49.3,50.7,1,2,0,0,8,3
2022-05-20 00:00:00,Guabirá,Universitario de Sucre,1.0,0.0,Montero,Bolivia,Estadio Gilberto Parada,,,,División Profesional,,20220520_Guabirá_Universitario-de-Sucre,19.901563626372308,0.51,1.04,3,3,8,6,44.4,55.6,2,3,1,0,7,3
2022-05-21 19:00:00,Nacional Potosí,Oriente Petrolero,4.0,2.0,Potosí,Bolivia,Estadio Víctor Agustín Ugarte,,,,División Profesional,,20220521_Nacional-Potosí_Oriente-Petrolero,-45.893533880924,1.19,1.91,4,5,9,10,47.2,52.8,1,1,0,0,3,7
2022-05-21 19:00:00,Real Santa Cruz,Atlético Palmaflor,1.0,2.0,Santa Cruz,Bolivia,Estadio Real Santa Cruz,,,,División Profesional,,20220521_Real-Santa-Cruz_Atlético-Palmaflor,-3.690462110455428,1.06,0.57,1,2,0,5,49.9,50.1,1,1,0,1,5,3
2022-05-21 19:00:00,The Strongest,Aurora,1.0,0.0,La Paz,,Estadio Rafael Mendoza,,,,División Profesional,,20220521_The-Strongest_Aurora,122.9680988202042,1.88,0.64,5,2,8,3,56.0,44.0,1,2,0,0,6,0
2022-05-21 21:15:00,Independiente Petrolero,Royal Pari,0.0,0.0,Cochabamba,Bolivia,Estadio Olímpico Patria,,,,División Profesional,,20220521_Independiente-Petrolero_Royal-Pari,21.30604434731299,0.31,1.2,1,5,5,11,56.0,44.0,4,1,0,0,3,8
2022-05-22 19:00:00,Blooming,Real Tomayapo,2.0,1.0,Santa Cruz,Bolivia,Estadio Ramón Tahuichi,,,,División Profesional,,20220522_Blooming_Real-Tomayapo,15.920887283956517,1.7,0.47,5,2,13,6,52.3,47.7,2,2,0,0,5,6
2022-05-22 19:00:00,Universitario de Vinto,Always Ready,2.0,1.0,Cochabamba,,Municipal de Sacaba,,,,División Profesional,,20220522_Universitario-de-Vinto_Always-Ready,-84.85467748532051,1.89,1.48,6,5,14,10,40.1,59.9,1,1,0,0,7,9
2022-05-22 19:00:00,Wilstermann,Bolívar,1.0,4.0,Cochabamba,Bolivia,Estadio Félix Capriles,,,,División Profesional,,20220522_Wilstermann_Bolívar,-90.66061575808112,0.33,1.47,2,5,4,10,46.6,53.4,3,1,0,0,6,9
2022-05-28 19:00:00,Nacional Potosí,Blooming,3.0,1.0,Potosí,Bolivia,Estadio Víctor Agustín Ugarte,,,,División Profesional,,20220528_Nacional-Potosí_Blooming,1.1332293289156041,0.98,0.12,5,3,11,6,52.4,47.6,3,2,0,0,6,5
2022-05-29 19:00:00,Always Ready,Atlético Palmaflor,2.0,1.0,"El Alto, La Paz.",Bolivia,Municipal Villa Ingenio,,,,División Profesional,,20220529_Always-Ready_Atlético-Palmaflor,46.87510623423759,1.62,0.21,6,2,13,4,55.1,44.9,1,4,0,0,5,3
2022-05-29 22:00:00,Royal Pari,The Strongest,0.0,3.0,Montero,Bolivia,Estadio Gilberto Parada,,,,División Profesional,,20220529_Royal-Pari_The-Strongest,-36.17415282242132,0.63,0.72,2,3,4,6,45.7,54.3,2,2,0,0,4,1
2022-05-29 23:30:00,Oriente Petrolero,Bolívar,1.0,0.0,Santa Cruz,Bolivia,Estadio Ramón Tahuichi,,,,División Profesional,,20220529_Oriente-Petrolero_Bolívar,-118.08946527159651,1.37,0.68,3,1,8,0,46.6,53.4,3,0,0,0,2,1
2022-06-01 20:00:00,Atlético Palmaflor,Always Ready,2.0,1.0,Cochabamba,Bolivia,Estadio Félix Capriles,,,,División Profesional,,20220601_Atlético-Palmaflor_Always-Ready,-67.65659349774114,2.2,1.04,8,4,18,11,51.8,48.2,0,0,0,0,8,8
2022-06-02 00:30:00,The Strongest,Royal Pari,4.0,0.0,La Paz,Bolivia,Estadio Hernando Siles,,,,División Profesional,,20220602_The-Strongest_Royal-Pari,57.684321357518684,1.31,0.25,4,0,9,0,56.3,43.7,0,1,0,0,3,0
2022-06-03 00:00:00,Blooming,Nacional Potosí,2.0,0.0,Santa Cruz,Bolivia,Estadio Ramón Tahuichi,,,,División Profesional,,20220603_Blooming_Nacional-Potosí,-25.05494889772399,0.73,1.51,2,4,5,10,49.5,50.5,0,2,0,0,6,3
2022-06-03 00:00:00,Bolívar,Oriente Petrolero,1.0,0.0,La Paz,Bolivia,Estadio Hernando Siles,,,,División Profesional,,20220603_Bolívar_Oriente-Petrolero,86.23239041339093,1.44,1.32,5,2,9,3,60.0,40.0,0,1,0,0,9,2
2022-06-04 19:00:00,The Strongest,Atlético Palmaflor,2.0,1.0,La Paz,Bolivia,Estadio Hernando Siles,,,,División Profesional,,20220604_The-Strongest_Atlético-Palmaflor,82.81482245152574,1.46,1.01,3,3,7,5,47.4,52.6,0,1,0,0,9,5
2022-06-05 19:00:00,Blooming,Bolívar,2.0,3.0,Santa Cruz,Bolivia,Estadio Ramón Tahuichi,,,,División Profesional,,20220605_Blooming_Bolívar,-130.2141038348857,0.45,2.17,2,8,4,17,44.9,55.1,0,3,0,0,3,12
2022-06-08 20:00:00,Atlético Palmaflor,The Strongest,1.0,2.0,Cochabamba,Bolivia,Estadio Félix Capriles,,,,División Profesional,,20220608_Atlético-Palmaflor_The-Strongest,-101.20011097519318,0.6,0.89,2,3,6,5,48.7,51.3,1,3,0,0,6,1
2022-06-09 00:00:00,Bolívar,Blooming,4.0,0.0,La Paz,Bolivia,Estadio Hernando Siles,,,,División Profesional,,20220609_Bolívar_Blooming,145.61799639986953,1.53,1.07,6,4,13,8,57.4,42.6,2,3,0,0,4,4
2022-06-12 20:00:00,The Strongest,Bolívar,0.0,3.0,La Paz,Bolivia,Estadio Hernando Siles,,,,División Profesional,,20220612_The-Strongest_Bolívar,-28.106247172704116,0.29,1.52,2,5,5,12,52.2,47.8,2,1,0,0,4,7
2022-07-01 19:00:00,Real Santa Cruz,Universitario de Sucre,3.0,0.0,Santa Cruz,Bolivia,Estadio Real Santa Cruz,,,,División Profesional,,20220701_Real-Santa-Cruz_Universitario-de-Sucre,28.45359412012749,1.32,1.11,4,3,11,10,47.6,52.4,1,2,0,0,6,4
2022-07-01 23:30:00,Independiente Petrolero,Universitario de Vinto,1.0,1.0,Cochabamba,Bolivia,Estadio Olímpico Patria,,,,División Profesional,,20220701_Independiente-Petrolero_Universitario-de-Vinto,57.84472556631181,1.24,0.47,3,2,7,3,54.1,45.9,2,2,0,0,0,1
2022-07-02 19:00:00,Wilstermann,Atlético Palmaflor,2.0,1.0,Cochabamba,Bolivia,Estadio Félix Capriles,,,,División Profesional,,20220702_Wilstermann_Atlético-Palmaflor,29.870094474066264,1.02,0.64,4,2,6,1,57.8,42.2,3,0,0,0,5,1
2022-07-02 21:15:00,Real Tomayapo,Royal Pari,2.0,1.0,Tarija,Bolivia,Estadio IV Centenário,,,,División Profesional,,20220702_Real-Tomayapo_Royal-Pari,-61.251637502550466,0.53,1.59,3,4,6,8,50.4,49.6,1,0,0,0,4,2
2022-07-02 23:30:00,Oriente Petrolero,The Strongest,3.0,0.0,Santa Cruz,Bolivia,Estadio Ramón Tahuichi,,,,División Profesional,,20220702_Oriente-Petrolero_The-Strongest,-80.20509539535124,0.86,0.32,4,1,9,1,47.8,52.2,1,0,0,0,8,0
2022-07-03 19:00:00,Nacional Potosí,Aurora,3.0,1.0,Potosí,Bolivia,Estadio Víctor Agustín Ugarte,,,,División Profesional,,20220703_Nacional-Potosí_Aurora,59.65699871701804,0.8,1.61,3,6,5,14,47.6,52.4,2,3,0,1,3,5
2022-07-03 21:15:00,Guabirá,Always Ready,0.0,1.0,Montero,Bolivia,Estadio Gilberto Parada,,,,División Profesional,,20220703_Guabirá_Always-Ready,-56.31899353217682,1.01,1.44,3,3,6,7,51.6,48.4,1,1,0,0,6,5
2022-07-03 23:30:00,Blooming,Bolívar,2.0,1.0,Santa Cruz,Bolivia,Estadio Ramón Tahuichi,,,,División Profesional,,20220703_Blooming_Bolívar,-171.1407751757397,0.1,0.44,2,1,3,5,49.3,50.7,0,3,0,0,3,3
2022-07-05 19:00:00,Atlético Palmaflor,Real Tomayapo,2.0,1.0,Cochabamba,Bolivia,Estadio Félix Capriles,,,,División Profesional,,20220705_Atlético-Palmaflor_Real-Tomayapo,13.314969054740004,0.97,1.2,2,5,5,12,50.7,49.3,3,1,0,0,5,4
2022-07-05 22:15:00,Royal Pari,Independiente Petrolero,3.0,2.0,Santa Cruz,Bolivia,Estadio Ramón Tahuichi,,,,División Profesional,,20220705_Royal-Pari_Independiente-Petrolero,-52.73124222624574,0.25,1.28,3,4,6,10,47.3,52.7,1,1,0,0,3,5
2022-07-06 00:30:00,Universitario de Sucre,Oriente Petrolero,2.0,0.0,Cochabamba,Bolivia,Estadio Olímpico Patria,,,,División Profesional,,20220706_Universitario-de-Sucre_Oriente-Petrolero,-94.9188110254945,1.79,1.32,5,5,10,11,47.0,53.0,3,1,0,0,3,6
2022-07-06 19:00:00,Always Ready,Nacional Potosí,2.0,1.0,"El Alto, La Paz.",Bolivia,Municipal Villa Ingenio,,,,División Profesional,,20220706_Always-Ready_Nacional-Potosí,56.273929707501566,1.26,0.21,5,1,12,2,50.8,49.2,0,2,0,0,3,2
2022-07-06 22:00:00,Aurora,Guabirá,1.0,0.0,Cochabamba,Bolivia,Estadio Félix Capriles,,,,División Profesional,,20220706_Aurora_Guabirá,-59.387661018664176,0.65,0.85,3,4,6,8,49.5,50.5,1,0,0,0,3,5
2022-07-07 00:30:00,Blooming,Real Santa Cruz,5.0,1.0,Santa Cruz,Bolivia,Estadio Ramón Tahuichi,,,,División Profesional,,20220707_Blooming_Real-Santa-Cruz,6.412783103127822,1.25,2.22,5,6,11,13,49.6,50.4,1,4,0,0,2,8
2022-07-07 19:00:00,Universitario de Vinto,Bolívar,0.0,1.0,Cochabamba,Bolivia,Estadio Félix Capriles,,,,División Profesional,,20220707_Universitario-de-Vinto_Bolívar,-132.43933872715616,0.47,1.55,0,6,2,13,38.6,61.4,3,4,0,0,3,9
2022-07-09 00:00:00,Oriente Petrolero,Royal Pari,0.0,1.0,Santa Cruz,Bolivia,Estadio Ramón Tahuichi,,,,División Profesional,,20220709_Oriente-Petrolero_Royal-Pari,4.101631457427857,0.75,0.86,1,4,3,10,49.9,50.1,1,4,0,0,7,4
2022-07-09 19:00:00,Real Santa Cruz,Atlético Palmaflor,0.0,0.0,Santa Cruz,Bolivia,Estadio Real Santa Cruz,,,,División Profesional,,20220709_Real-Santa-Cruz_Atlético-Palmaflor,-14.888137421193505,1.38,1.1,5,4,11,7,52.7,47.3,1,1,1,0,9,4
2022-07-09 21:15:00,Aurora,Always Ready,1.0,1.0,Cochabamba,Bolivia,Estadio Félix Capriles,,,,División Profesional,,20220709_Aurora_Always-Ready,-131.89175283325108,0.05,1.21,1,5,2,9,37.8,62.2,1,1,0,0,3,7
2022-07-09 23:30:00,Independiente Petrolero,Blooming,3.0,0.0,Cochabamba,Bolivia,Estadio Olímpico Patria,,,,División Profesional,,20220709_Independiente-Petrolero_Blooming,32.050619355960634,1.56,0.99,4,4,8,9,49.4,50.6,2,0,0,0,4,10
2022-07-10 19:00:00,Nacional Potosí,The Strongest,1.0,5.0,Potosí,Bolivia,Estadio Víctor Agustín Ugarte,,,,División Profesional,,20220710_Nacional-Potosí_The-Strongest,-92.08859837804403,0.3,1.59,1,6,3,12,47.2,52.8,1,1,0,0,1,8
2022-07-10 21:15:00,Real Tomayapo,Bolívar,0.0,2.0,Tarija,Bolivia,Estadio IV Centenário,,,,División Profesional,,20220710_Real-Tomayapo_Bolívar,-183.52437918952705,0.7,0.62,2,3,6,6,47.8,52.2,2,1,0,0,3,5
2022-07-10 23:30:00,Wilstermann,Universitario de Vinto,2.0,0.0,Cochabamba,Bolivia,Estadio Félix Capriles,,,,División Profesional,,20220710_Wilstermann_Universitario-de-Vinto,40.852287689318246,0.83,1.48,4,3,11,6,46.3,53.7,0,0,0,0,5,3
2022-07-12 00:00:00,Guabirá,Universitario de Sucre,5.0,0.0,Montero,Bolivia,Estadio Gilberto Parada,,,,División Profesional,,20220712_Guabirá_Universitario-de-Sucre,14.245470598510337,1.74,0.06,6,1,14,2,51.4,48.6,0,0,0,0,7,3
2022-07-15 22:00:00,Wilstermann,Guabirá,2.0,2.0,Cochabamba,Bolivia,Estadio Félix Capriles,,,,División Profesional,,20220715_Wilstermann_Guabirá,63.51611539498708,1.15,1.1,2,6,5,14,62.0,38.0,1,1,0,0,3,5
2022-07-15 23:30:00,Real Tomayapo,Real Santa Cruz,1.0,2.0,Tarija,Bolivia,Estadio IV Centenário,,,,División Profesional,,20220715_Real-Tomayapo_Real-Santa-Cruz,-28.213136738599133,0.56,2.7,1,8,2,18,55.8,44.2,2,0,0,0,1,9
2022-07-16 19:30:00,Royal Pari,Nacional Potosí,2.0,2.0,Santa Cruz,Bolivia,Estadio Ramón Tahuichi,,,,División Profesional,,20220716_Royal-Pari_Nacional-Potosí,43.06017775689452,0.93,0.93,4,4,7,10,56.1,43.9,0,0,0,0,6,9
2022-07-16 21:15:00,Independiente Petrolero,Bolívar,1.0,4.0,Cochabamba,Bolivia,Estadio Olímpico Patria,,,,División Profesional,,20220716_Independiente-Petrolero_Bolívar,-95.291966352406,0.52,1.15,2,4,6,11,43.3,56.7,1,0,0,0,2,8
2022-07-16 23:30:00,Atlético Palmaflor,Aurora,1.0,2.0,Cochabamba,Bolivia,Estadio Félix Capriles,,,,División Profesional,,20220716_Atlético-Palmaflor_Aurora,50.61984181817252,0.38,1.54,1,5,0,9,52.5,47.5,1,1,0,0,0,8
2022-07-17 19:00:00,Always Ready,Universitario de Vinto,3.0,0.0,"El Alto, La Paz.",Bolivia,Municipal Villa Ingenio,,,,División Profesional,,20220717_Always-Ready_Universitario-de-Vinto,83.23735284459735,1.74,0.93,6,3,13,7,47.6,52.4,1,0,0,0,4,3
2022-07-17 19:00:00,Universitario de Sucre,The Strongest,0.0,3.0,Cochabamba,Bolivia,Estadio Olímpico Patria,,,,División Profesional,,20220717_Universitario-de-Sucre_The-Strongest,-150.88079293906253,1.02,1.06,4,3,9,5,48.2,51.8,1,1,0,0,7,5
2022-07-17 23:30:00,Blooming,Oriente Petrolero,2.0,2.0,Santa Cruz,Bolivia,Estadio Ramón Tahuichi,,,,División Profesional,,20220717_Blooming_Oriente-Petrolero,-9.790321996317743,0.57,1.9,2,5,6,9,41.0,59.0,3,2,1,0,9,1
2022-07-22 23:00:00,Royal Pari,Atlético Palmaflor,2.0,2.0,Santa Cruz,Bolivia,Estadio Ramón Tahuichi,,,,División Profesional,,20220722_Royal-Pari_Atlético-Palmaflor,46.9278911510371,0.86,2.22,4,8,10,17,57.6,42.4,0,1,0,0,4,10
2022-07-23 19:00:00,Real Santa Cruz,Oriente Petrolero,2.0,1.0,Santa Cruz,Bolivia,Estadio Real Santa Cruz,,,,División Profesional,,20220723_Real-Santa-Cruz_Oriente-Petrolero,-16.984386929689663,1.68,1.57,9,6,18,14,47.4,52.6,3,2,0,0,6,7
2022-07-23 21:15:00,Guabirá,Nacional Potosí,2.0,1.0,Montero,Bolivia,Estadio Gilberto Parada,,,,División Profesional,,20220723_Guabirá_Nacional-Potosí,-3.056600839117891,1.1,0.05,3,1,7,3,45.9,54.1,2,2,0,0,6,2
2022-07-24 19:00:00,Always Ready,Real Tomayapo,5.0,0.0,"El Alto, La Paz.",Bolivia,Municipal Villa Ingenio,,,,División Profesional,,20220724_Always-Ready_Real-Tomayapo,134.85496707536709,1.81,0.73,7,3,14,8,56.2,43.8,3,0,0,0,11,10
2022-07-24 21:15:00,The Strongest,Aurora,4.0,0.0,La Paz,Bolivia,Estadio Hernando Siles,,,,División Profesional,,20220724_The-Strongest_Aurora,145.4607076478694,1.63,0.21,5,0,11,1,58.0,42.0,1,2,0,0,6,3
2022-07-24 23:30:00,Independiente Petrolero,Universitario de Sucre,2.0,0.0,Cochabamba,Bolivia,Estadio Olímpico Patria,,,,División Profesional,,20220724_Independiente-Petrolero_Universitario-de-Sucre,106.24417160632902,1.58,1.82,4,6,10,13,56.1,43.9,1,2,0,0,4,10
2022-07-25 23:00:00,Bolívar,Wilstermann,3.0,0.0,La Paz,Bolivia,Estadio Hernando Siles,,,,División Profesional,,20220725_Bolívar_Wilstermann,113.41199895616865,1.88,1.55,7,3,14,7,53.1,46.9,5,3,0,0,7,4
2022-07-26 22:15:00,Nacional Potosí,Real Santa Cruz,3.0,1.0,Potosí,Bolivia,Estadio Víctor Agustín Ugarte,,,,División Profesional,,20220726_Nacional-Potosí_Real-Santa-Cruz,-28.76809269772275,1.29,1.6,4,5,9,13,46.1,53.9,3,1,0,0,4,5
2022-07-27 00:30:00,Oriente Petrolero,Guabirá,4.0,1.0,Santa Cruz,Bolivia,Estadio Ramón Tahuichi,,,,División Profesional,,20220727_Oriente-Petrolero_Guabirá,-0.574362788867802,1.35,0.07,4,1,9,1,53.6,46.4,0,3,0,0,2,0
2022-07-27 19:00:00,Real Tomayapo,Universitario de Vinto,4.0,0.0,Tarija,Bolivia,Estadio IV Centenário,,,,División Profesional,,20220727_Real-Tomayapo_Universitario-de-Vinto,-40.822800863551265,1.11,0.29,4,0,8,0,47.3,52.7,0,3,0,0,5,2
2022-07-27 22:00:00,Universitario de Sucre,Royal Pari,1.0,0.0,Cochabamba,Bolivia,Estadio Olímpico Patria,,,,División Profesional,,20220727_Universitario-de-Sucre_Royal-Pari,-96.51212125047414,1.35,1.52,5,6,12,11,47.9,52.1,2,3,0,0,10,6
2022-07-28 00:15:00,The Strongest,Always Ready,4.0,2.0,La Paz,Bolivia,Estadio Hernando Siles,,,,División Profesional,,20220728_The-Strongest_Always-Ready,26.51053413064392,1.92,0.82,7,3,18,7,54.8,45.2,2,3,1,0,9,6
2022-07-28 19:00:00,Bolívar,Atlético Palmaflor,2.0,2.0,La Paz,Bolivia,Estadio Hernando Siles,,,,División Profesional,,20220728_Bolívar_Atlético-Palmaflor,182.9645627183843,0.33,0.97,2,5,4,8,56.1,43.9,2,2,0,0,1,7
2022-07-28 23:30:00,Blooming,Wilstermann,0.0,1.0,Santa Cruz,Bolivia,Estadio Ramón Tahuichi,,,,División Profesional,,20220728_Blooming_Wilstermann,-35.95733060032376,1.04,1.81,5,6,11,13,44.1,55.9,2,1,0,0,5,7
2022-07-29 23:00:00,Aurora,Independiente Petrolero,1.0,0.0,Cochabamba,Bolivia,Estadio Félix Capriles,,,,División Profesional,,20220729_Aurora_Independiente-Petrolero,-102.3282962042797,1.02,1.15,3,3,8,5,51.5,48.5,3,3,1,0,8,6
2022-07-30 19:00:00,Always Ready,Universitario de Sucre,4.0,0.0,"El Alto, La Paz.",Bolivia,Municipal Villa Ingenio,,,,División Profesional,,20220730_Always-Ready_Universitario-de-Sucre,127.91169307018276,1.56,0.05,4,1,8,5,57.9,42.1,2,3,1,0,9,5
2022-07-30 21:15:00,Universitario de Vinto,Guabirá,0.0,1.0,Cochabamba,Bolivia,Estadio Félix Capriles,,,,División Profesional,,20220730_Universitario-de-Vinto_Guabirá,-23.364882542881105,1.14,0.52,4,1,8,2,44.7,55.3,1,3,0,1,4,5
2022-07-31 19:00:00,Wilstermann,Real Tomayapo,0.0,2.0,Cochabamba,Bolivia,Estadio Félix Capriles,,,,División Profesional,,20220731_Wilstermann_Real-Tomayapo,99.01789214017549,0.79,1.17,1,4,1,6,56.1,43.9,2,2,0,0,2,5
2022-07-31 21:15:00,Bolívar,The Strongest,0.0,4.0,La Paz,Bolivia,Estadio Hernando Siles,,,,División Profesional,,20220731_Bolívar_The-Strongest,38.132693073877135,0.43,1.36,1,6,3,10,52.5,47.5,4,3,0,0,3,10
2022-07-31 23:30:00,Royal Pari,Blooming,3.0,1.0,Santa Cruz,Bolivia,Estadio Ramón Tahuichi,,,,División Profesional,,20220731_Royal-Pari_Blooming,22.05548358099759,1.8,0.16,9,1,20,4,53.4,46.6,0,1,0,0,12,1
2022-08-01 19:00:00,Real Santa Cruz,Aurora,1.0,1.0,Santa Cruz,Bolivia,Estadio Real Santa Cruz,,,,División Profesional,,20220801_Real-Santa-Cruz_Aurora,25.460688363672716,1.1,0.41,3,1,5,1,60.6,39.4,3,1,1,0,4,2
2022-08-01 21:15:00,Atlético Palmaflor,Nacional Potosí,0.0,1.0,Cochabamba,Bolivia,Estadio Félix Capriles,,,,División Profesional,,20220801_Atlético-Palmaflor_Nacional-Potosí,-0.3083373321367162,0.08,0.97,1,4,2,8,43.0,57.0,1,2,0,0,6,4
2022-08-01 23:30:00,Independiente Petrolero,Oriente Petrolero,1.0,2.0,Cochabamba,Bolivia,Estadio Olímpico Patria,,,,División Profesional,,20220801_Independiente-Petrolero_Oriente-Petrolero,29.1732871069853,1.36,1.23,5,2,11,4,47.0,53.0,4,1,0,0,7,4
2022-08-03 22:00:00,Universitario de Vinto,Blooming,2.0,2.0,Cochabamba,Bolivia,Estadio Félix Capriles,,,,División Profesional,,20220803_Universitario-de-Vinto_Blooming,-27.474775937762388,0.8,0.4,2,2,4,4,45.5,54.5,4,1,0,0,8,2
2022-08-04 00:15:00,The Strongest,Wilstermann,2.0,0.0,La Paz,Bolivia,Estadio Hernando Siles,,,,División Profesional,,20220804_The-Strongest_Wilstermann,103.79807986421588,1.39,0.09,4,0,7,2,61.9,38.1,0,0,0,0,1,2
2022-08-05 19:00:00,Always Ready,Real Santa Cruz,4.0,0.0,"El Alto, La Paz.",Bolivia,Municipal Villa Ingenio,,,,División Profesional,,20220805_Always-Ready_Real-Santa-Cruz,90.11765224520082,3.34,0.05,11,2,20,4,59.8,40.2,1,3,0,0,9,5
2022-08-05 23:30:00,Oriente Petrolero,Atlético Palmaflor,0.0,0.0,Santa Cruz,Bolivia,Estadio Ramón Tahuichi,,,,División Profesional,,20220805_Oriente-Petrolero_Atlético-Palmaflor,44.91159700216667,1.16,0.36,4,3,9,8,54.9,45.1,3,1,0,0,2,0
2022-08-06 19:00:00,Independiente Petrolero,Wilstermann,4.0,1.0,Cochabamba,Bolivia,Estadio Olímpico Patria,,,,División Profesional,,20220806_Independiente-Petrolero_Wilstermann,1.844312807972301,2.03,0.06,8,1,18,4,44.9,55.1,5,1,0,0,13,5
2022-08-06 21:15:00,Guabirá,Royal Pari,1.0,0.0,Montero,Bolivia,Estadio Gilberto Parada,,,,División Profesional,,20220806_Guabirá_Royal-Pari,-26.2554415872944,0.11,0.05,2,2,4,5,51.0,49.0,1,1,0,0,1,3
2022-08-06 23:45:00,Blooming,Real Tomayapo,1.0,0.0,Santa Cruz,Bolivia,Estadio Ramón Tahuichi,,,,División Profesional,,20220806_Blooming_Real-Tomayapo,14.019075115441638,1.41,1.14,6,2,14,4,50.3,49.7,2,3,0,0,5,2
2022-08-07 19:00:00,Nacional Potosí,Bolívar,2.0,1.0,Potosí,Bolivia,Estadio Víctor Agustín Ugarte,,,,División Profesional,,20220807_Nacional-Potosí_Bolívar,-145.76814967543487,0.36,0.69,2,2,4,5,39.5,60.5,0,2,0,0,5,4
2022-08-07 21:15:00,The Strongest,Universitario de Vinto,3.0,2.0,La Paz,Bolivia,Estadio Hernando Siles,,,,División Profesional,,20220807_The-Strongest_Universitario-de-Vinto,192.23510303173384,1.95,0.4,6,2,13,6,56.6,43.4,3,1,0,0,8,1
2022-08-07 23:30:00,Aurora,Universitario de Sucre,1.0,1.0,Cochabamba,Bolivia,Estadio Félix Capriles,,,,División Profesional,,20220807_Aurora_Universitario-de-Sucre,29.63183490248707,0.67,1.26,3,4,7,11,49.0,51.0,1,3,0,0,3,6
2022-08-09 22:00:00,Real Tomayapo,Independiente Petrolero,1.0,0.0,Tarija,Bolivia,Estadio IV Centenário,,,,División Profesional,,20220809_Real-Tomayapo_Independiente-Petrolero,-85.13608645361,1.35,1.0,5,2,12,4,51.0,49.0,1,1,0,0,12,2
2022-08-10 00:15:00,Wilstermann,Oriente Petrolero,0.0,1.0,Cochabamba,Bolivia,Estadio Félix Capriles,,,,División Profesional,,20220810_Wilstermann_Oriente-Petrolero,-9.075213475444798,0.2,0.89,0,4,0,9,46.1,53.9,1,1,0,0,4,5
2022-08-10 19:00:00,Real Santa Cruz,The Strongest,0.0,3.0,Santa Cruz,Bolivia,Estadio Real Santa Cruz,,,,División Profesional,,20220810_Real-Santa-Cruz_The-Strongest,-167.77831159945777,1.69,1.66,6,6,12,14,45.7,54.3,2,1,0,0,3,4
2022-08-10 22:00:00,Atlético Palmaflor,Blooming,2.0,1.0,Cochabamba,Bolivia,Estadio Félix Capriles,,,,División Profesional,,20220810_Atlético-Palmaflor_Blooming,-10.383189418138954,1.5,1.09,4,2,9,4,49.7,50.3,0,1,0,0,3,3
2022-08-11 00:15:00,Bolívar,Guabirá,3.0,0.0,La Paz,Bolivia,Estadio Hernando Siles,,,,División Profesional,,20220811_Bolívar_Guabirá,120.75616310027999,0.64,0.27,3,0,6,0,53.6,46.4,1,1,0,0,6,0
2022-08-11 22:00:00,Universitario de Vinto,Aurora,0.0,3.0,Cochabamba,Bolivia,Estadio Félix Capriles,,,,División Profesional,,20220811_Universitario-de-Vinto_Aurora,-20.614476433262325,0.99,1.6,4,4,9,9,44.5,55.5,1,2,0,0,9,6
2022-08-12 00:15:00,Universitario de Sucre,Nacional Potosí,0.0,1.0,Cochabamba,Bolivia,Estadio Olímpico Patria,,,,División Profesional,,20220812_Universitario-de-Sucre_Nacional-Potosí,-79.15635833196825,0.56,1.22,2,3,4,9,46.8,53.2,2,0,0,0,3,3
2022-08-13 19:00:00,Real Santa Cruz,Bolívar,1.0,2.0,Santa Cruz,Bolivia,Estadio Real Santa Cruz,,,,División Profesional,,20220813_Real-Santa-Cruz_Bolívar,-162.65331128929574,1.8,2.03,6,6,11,14,35.6,64.4,2,2,0,0,5,10
2022-08-13 21:15:00,The Strongest,Atlético Palmaflor,1.0,1.0,La Paz,Bolivia,Estadio Hernando Siles,,,,División Profesional,,20220813_The-Strongest_Atlético-Palmaflor,165.74423341372403,0.63,1.79,2,6,4,14,56.4,43.6,2,1,1,0,2,7
2022-08-13 23:30:00,Guabirá,Independiente Petrolero,1.0,1.0,Montero,Bolivia,Estadio Gilberto Parada,,,,División Profesional,,20220813_Guabirá_Independiente-Petrolero,-20.57673872380451,1.61,1.05,5,4,11,9,51.3,48.7,1,1,0,0,4,6
2022-08-14 19:00:00,Nacional Potosí,Wilstermann,1.0,0.0,Potosí,Bolivia,Estadio Víctor Agustín Ugarte,,,,División Profesional,,20220814_Nacional-Potosí_Wilstermann,27.75092631706434,1.63,0.85,4,4,8,8,56.3,43.7,1,3,0,0,8,8
2022-08-14 21:15:00,Universitario de Sucre,Universitario de Vinto,2.0,1.0,Cochabamba,Bolivia,Estadio Olímpico Patria,,,,División Profesional,,20220814_Universitario-de-Sucre_Universitario-de-Vinto,-4.9989548010175895,0.84,1.5,2,7,5,15,56.2,43.8,4,1,0,0,6,7
2022-08-14 23:30:00,Oriente Petrolero,Real Tomayapo,3.0,0.0,Santa Cruz,Bolivia,Estadio Ramón Tahuichi,,,,División Profesional,,20220814_Oriente-Petrolero_Real-Tomayapo,65.29798904809445,1.64,0.9,5,4,12,7,56.0,44.0,1,1,0,1,7,4
2022-08-15 19:00:00,Always Ready,Blooming,5.0,0.0,"El Alto, La Paz.",Bolivia,Municipal Villa Ingenio,,,,División Profesional,,20220815_Always-Ready_Blooming,113.7110593388984,2.11,1.17,6,3,15,6,53.4,46.6,2,0,0,0,11,6
2022-08-15 23:00:00,Aurora,Royal Pari,2.0,1.0,Cochabamba,Bolivia,Estadio Félix Capriles,,,,División Profesional,,20220815_Aurora_Royal-Pari,-32.217524467025896,1.44,2.28,3,9,7,20,51.3,48.7,2,4,0,0,1,8
2022-08-19 19:00:00,Universitario de Vinto,Nacional Potosí,3.0,1.0,,,,,,,División Profesional,,20220819_Universitario-de-Vinto_Nacional-Potosí,-115.99835534855174,0.97,1.41,4,6,9,13,44.3,55.7,1,1,0,0,5,10
2022-08-19 22:00:00,Real Tomayapo,Aurora,3.0,0.0,Tarija,Bolivia,Estadio IV Centenário,,,,División Profesional,,20220819_Real-Tomayapo_Aurora,-33.89088825389604,0.25,0.19,3,2,5,3,45.5,54.5,5,0,0,0,4,3
2022-08-20 00:15:00,Independiente Petrolero,Real Santa Cruz,1.0,0.0,,,,,,,División Profesional,,20220820_Independiente-Petrolero_Real-Santa-Cruz,52.54466925595602,0.54,0.4,3,3,5,8,55.4,44.6,3,3,0,0,7,5
2022-08-20 19:00:00,Royal Pari,The Strongest,0.0,2.0,,,,,,,División Profesional,,20220820_Royal-Pari_The-Strongest,-154.44280697665545,1.37,0.9,3,2,7,2,43.4,56.6,0,2,0,0,3,5
2022-08-20 21:15:00,Bolívar,Oriente Petrolero,1.0,0.0,La Paz,Bolivia,Estadio Hernando Siles,,,,División Profesional,,20220820_Bolívar_Oriente-Petrolero,103.21900285393508,1.42,1.54,3,5,6,12,59.3,40.7,2,2,0,0,0,2
2022-08-20 23:30:00,Wilstermann,Universitario de Sucre,5.0,1.0,,,,,,,División Profesional,,20220820_Wilstermann_Universitario-de-Sucre,46.81399193576158,1.94,0.81,6,3,13,5,47.0,53.0,1,0,0,0,11,6
2022-08-21 19:00:00,Atlético Palmaflor,Always Ready,2.0,4.0,,,,,,,División Profesional,,20220821_Atlético-Palmaflor_Always-Ready,-102.25771087242629,1.65,0.77,7,4,15,8,46.1,53.9,1,0,0,0,7,7
2022-08-21 21:15:00,Blooming,Guabirá,1.0,3.0,,,,,,,División Profesional,,20220821_Blooming_Guabirá,-33.90054209716163,0.19,1.57,1,4,1,9,49.5,50.5,3,0,0,0,5,4
2022-08-23 19:00:00,Real Santa Cruz,Royal Pari,2.0,1.0,Santa Cruz,Bolivia,Estadio Real Santa Cruz,,,,División Profesional,,20220823_Real-Santa-Cruz_Royal-Pari,-31.21039455854134,1.36,0.22,4,1,8,1,56.3,43.7,1,3,0,0,2,3
2022-08-23 22:15:00,Oriente Petrolero,Universitario de Vinto,0.0,0.0,Santa Cruz,Bolivia,Estadio Ramón Tahuichi,,,,División Profesional,,20220823_Oriente-Petrolero_Universitario-de-Vinto,95.02303363972078,1.06,0.83,6,2,14,3,54.2,45.8,1,4,0,0,8,3
2022-08-24 00:30:00,Aurora,Bolívar,1.0,4.0,Cochabamba,Bolivia,Estadio Félix Capriles,,,,División Profesional,,20220824_Aurora_Bolívar,-175.87095095870382,0.67,0.43,4,4,9,10,42.5,57.5,0,0,0,0,3,4
2022-08-24 19:00:00,Guabirá,Real Tomayapo,2.0,1.0,,,,,,,División Profesional,,20220824_Guabirá_Real-Tomayapo,42.94000849736631,1.63,1.26,6,5,12,11,52.6,47.4,0,4,0,0,6,10
2022-08-24 22:00:00,Universitario de Sucre,Atlético Palmaflor,2.0,1.0,,,,,,,División Profesional,,20220824_Universitario-de-Sucre_Atlético-Palmaflor,-56.30415899731452,1.77,0.87,6,3,14,7,44.0,56.0,2,2,0,0,11,4
2022-08-25 00:15:00,The Strongest,Blooming,3.0,1.0,La Paz,Bolivia,Estadio Hernando Siles,,,,División Profesional,,20220825_The-Strongest_Blooming,200.7827586723322,2.14,1.72,7,6,15,12,52.3,47.7,0,0,0,0,11,8
2022-08-25 19:00:00,Always Ready,Wilstermann,2.0,1.0,"El Alto, La Paz.",Bolivia,Municipal Villa Ingenio,,,,División Profesional,,20220825_Always-Ready_Wilstermann,108.09566929010703,1.66,1.22,5,3,12,7,61.3,38.7,1,1,0,0,7,3
2022-08-25 23:00:00,Nacional Potosí,Independiente Petrolero,3.0,2.0,,,,,,,División Profesional,,20220825_Nacional-Potosí_Independiente-Petrolero,-9.078983558868003,1.44,0.19,5,2,11,6,49.5,50.5,1,2,0,0,8,3
2022-08-26 19:00:00,Universitario de Vinto,Real Santa Cruz,2.0,0.0,,,,,,,División Profesional,,20220826_Universitario-de-Vinto_Real-Santa-Cruz,-30.27960520283591,1.08,0.75,3,4,8,6,50.2,49.8,0,3,0,0,3,7
2022-08-26 23:30:00,Bolívar,Royal Pari,3.0,0.0,La Paz,Bolivia,Estadio Hernando Siles,,,,División Profesional,,20220826_Bolívar_Royal-Pari,183.16845070553427,1.69,0.84,5,2,11,4,57.8,42.2,2,2,1,0,5,3
2022-08-27 19:00:00,Atlético Palmaflor,Guabirá,2.0,0.0,,,,,,,División Profesional,,20220827_Atlético-Palmaflor_Guabirá,-49.884900788756795,0.8,1.71,2,5,5,11,49.2,50.8,1,1,0,0,5,5
2022-08-27 21:15:00,Real Tomayapo,The Strongest,0.0,1.0,Tarija,Bolivia,Estadio IV Centenário,,,,División Profesional,,20220827_Real-Tomayapo_The-Strongest,-204.42735572050674,1.04,0.37,3,3,4,6,45.2,54.8,2,0,1,0,6,6
2022-08-28 00:15:00,Blooming,Universitario de Sucre,1.0,1.0,Santa Cruz,Bolivia,Estadio Ramón Tahuichi,,,,División Profesional,,20220828_Blooming_Universitario-de-Sucre,6.496453374836392,0.89,1.35,5,5,9,13,50.5,49.5,3,1,0,0,8,7
2022-08-28 19:00:00,Wilstermann,Aurora,2.0,0.0,,,,,,,División Profesional,,20220828_Wilstermann_Aurora,19.259418952631222,1.78,0.86,6,3,13,6,52.6,47.4,3,1,0,0,11,3
2022-08-28 21:15:00,Independiente Petrolero,Always Ready,1.0,1.0,Cochabamba,Bolivia,Estadio Olímpico Patria,,,,División Profesional,,20220828_Independiente-Petrolero_Always-Ready,-96.13139335754727,1.18,1.59,5,6,11,11,48.2,51.8,0,3,0,0,9,5
2022-08-28 23:30:00,Oriente Petrolero,Nacional Potosí,4.0,0.0,Santa Cruz,Bolivia,Estadio Ramón Tahuichi,,,,División Profesional,,20220828_Oriente-Petrolero_Nacional-Potosí,-4.7634964920268885,1.24,1.41,4,5,8,12,49.8,50.2,1,2,0,0,5,8
2022-08-30 19:00:00,Royal Pari,Universitario de Vinto,2.0,1.0,Santa Cruz,Bolivia,Estadio Ramón Tahuichi,,,,División Profesional,,20220830_Royal-Pari_Universitario-de-Vinto,16.095526905894076,0.56,1.06,2,2,5,5,50.9,49.1,1,1,0,0,1,2
2022-08-30 22:00:00,The Strongest,Guabirá,2.0,3.0,La Paz,Bolivia,Estadio Hernando Siles,,,,División Profesional,,20220830_The-Strongest_Guabirá,159.8049138231288,1.05,0.73,5,3,12,5,54.7,45.3,1,3,0,0,5,8
2022-08-31 00:15:00,Universitario de Sucre,Bolívar,2.0,3.0,,,,,,,División Profesional,,20220831_Universitario-de-Sucre_Bolívar,-220.6701755896081,1.07,1.27,2,5,3,11,47.0,53.0,2,1,0,0,3,5
2022-08-31 19:00:00,Always Ready,Oriente Petrolero,3.0,0.0,,,,,,,División Profesional,,20220831_Always-Ready_Oriente-Petrolero,69.94429891978893,0.96,0.56,3,0,8,0,47.5,52.5,2,1,0,0,4,3
2022-08-31 22:00:00,Atlético Palmaflor,Independiente Petrolero,2.0,1.0,,,,,,,División Profesional,,20220831_Atlético-Palmaflor_Independiente-Petrolero,-35.09688418239148,0.5,0.16,2,1,4,1,51.8,48.2,1,0,0,0,2,3
2022-09-01 00:15:00,Nacional Potosí,Real Tomayapo,2.0,1.0,Potosí,Bolivia,Estadio Víctor Agustín Ugarte,,,,División Profesional,,20220901_Nacional-Potosí_Real-Tomayapo,68.71266344784317,0.81,0.75,2,1,4,3,52.4,47.6,0,2,0,0,4,1
2022-09-01 19:00:00,Real Santa Cruz,Wilstermann,0.0,0.0,,,,,,,División Profesional,,20220901_Real-Santa-Cruz_Wilstermann,-43.203269013115005,1.42,0.74,4,3,9,9,47.2,52.8,0,1,0,0,4,7
2022-09-01 22:30:00,Aurora,Blooming,1.0,0.0,,,,,,,División Profesional,,20220901_Aurora_Blooming,8.422307835030324,0.65,1.69,2,7,4,15,52.0,48.0,2,3,0,0,7,6
2022-09-03 19:00:00,Independiente Petrolero,The Strongest,1.0,1.0,,,,,,,División Profesional,,20220903_Independiente-Petrolero_The-Strongest,-143.21801097815182,1.18,0.57,4,1,8,2,46.8,53.2,3,2,0,0,3,1
2022-09-03 22:00:00,Universitario de Vinto,Atlético Palmaflor,1.0,1.0,Cochabamba,Bolivia,Estadio Félix Capriles,,,,División Profesional,,20220903_Universitario-de-Vinto_Atlético-Palmaflor,-57.584012793548254,0.73,1.41,2,4,4,9,39.7,60.3,1,3,0,0,4,7
2022-09-04 00:15:00,Real Tomayapo,Universitario de Sucre,1.0,1.0,,,,,,,División Profesional,,20220904_Real-Tomayapo_Universitario-de-Sucre,4.068862776314518,1.31,0.76,2,3,6,7,56.8,43.2,2,4,0,0,1,3
2022-09-04 19:00:00,Guabirá,Real Santa Cruz,2.0,1.0,,,,,,,División Profesional,,20220904_Guabirá_Real-Santa-Cruz,66.8766856399991,1.17,0.4,5,3,11,6,56.9,43.1,1,2,0,0,10,6
2022-09-04 23:30:00,Blooming,Nacional Potosí,4.0,0.0,,,,,,,División Profesional,,20220904_Blooming_Nacional-Potosí,-92.49634328555658,0.97,1.25,4,2,10,5,49.0,51.0,2,2,0,0,7,3
2022-09-04 23:30:00,Bolívar,Always Ready,3.0,0.0,La Paz,Bolivia,Estadio Hernando Siles,,,,División Profesional,,20220904_Bolívar_Always-Ready,49.627328570800955,1.29,0.27,5,1,13,1,49.7,50.3,1,0,0,0,10,2
2022-09-05 22:00:00,Wilstermann,Royal Pari,2.0,1.0,Cochabamba,Bolivia,Estadio Félix Capriles,,,,División Profesional,,20220905_Wilstermann_Royal-Pari,18.37196407395686,1.95,1.11,5,2,12,2,51.4,48.6,1,1,0,0,5,4
2022-09-06 00:15:00,Oriente Petrolero,Aurora,2.0,1.0,Santa Cruz,Bolivia,Estadio Ramón Tahuichi,,,,División Profesional,,20220906_Oriente-Petrolero_Aurora,60.94770868219916,1.38,0.7,5,1,9,3,48.3,51.7,1,2,0,0,4,3
2022-09-06 23:00:00,Universitario de Vinto,Independiente Petrolero,4.0,1.0,,,,,,,División Profesional,,20220906_Universitario-de-Vinto_Independiente-Petrolero,-68.97805242573963,1.01,1.45,5,4,12,8,36.6,63.4,1,4,0,0,8,5
2022-09-07 19:00:00,Always Ready,Guabirá,2.0,1.0,"El Alto, La Paz.",Bolivia,Municipal Villa Ingenio,,,,División Profesional,,20220907_Always-Ready_Guabirá,74.72970286473924,0.86,0.31,3,1,8,0,48.7,51.3,2,3,1,0,3,6
2022-09-07 22:00:00,Universitario de Sucre,Real Santa Cruz,3.0,1.0,,,,,,,División Profesional,,20220907_Universitario-de-Sucre_Real-Santa-Cruz,-10.083942306211839,0.92,0.59,3,4,6,8,46.8,53.2,3,0,0,0,4,2
2022-09-08 00:15:00,Bolívar,Blooming,3.0,0.0,La Paz,Bolivia,Estadio Hernando Siles,,,,División Profesional,,20220908_Bolívar_Blooming,226.76879652400658,0.97,0.05,3,1,7,0,54.6,45.4,1,2,0,0,3,1
2022-09-08 19:00:00,Royal Pari,Real Tomayapo,0.0,1.0,,,,,,,División Profesional,,20220908_Royal-Pari_Real-Tomayapo,26.510576505077097,0.96,0.97,3,4,3,7,50.8,49.2,2,0,0,0,3,4
2022-09-08 22:00:00,Atlético Palmaflor,Wilstermann,1.0,1.0,Cochabamba,Bolivia,Estadio Félix Capriles,,,,División Profesional,,20220908_Atlético-Palmaflor_Wilstermann,-13.109346765840655,0.67,1.5,1,4,3,7,49.5,50.5,1,2,0,0,3,5
2022-09-09 00:15:00,The Strongest,Oriente Petrolero,2.0,1.0,,,,,,,División Profesional,,20220909_The-Strongest_Oriente-Petrolero,105.31475262341314,1.05,1.07,4,4,9,9,52.5,47.5,4,2,0,0,3,5
2022-09-09 23:00:00,Aurora,Nacional Potosí,1.0,5.0,,,,,,,División Profesional,,20220909_Aurora_Nacional-Potosí,-55.45067063910437,0.79,0.74,2,5,4,11,48.8,51.2,0,0,0,0,6,8
2022-09-10 19:30:00,Real Santa Cruz,Blooming,1.0,3.0,Montero,Bolivia,Estadio Gilberto Parada,,,,División Profesional,,20220910_Real-Santa-Cruz_Blooming,-11.726406735355795,1.24,0.54,5,3,12,7,45.0,55.0,2,2,0,0,10,1
2022-09-10 21:15:00,Bolívar,Universitario de Vinto,2.0,0.0,,,,,,,División Profesional,,20220910_Bolívar_Universitario-de-Vinto,227.46501527591886,2.8,1.29,9,5,18,11,63.8,36.2,1,0,0,0,18,7
2022-09-11 19:00:00,Independiente Petrolero,Royal Pari,3.0,0.0,,,,,,,División Profesional,,20220911_Independiente-Petrolero_Royal-Pari,41.89275241067435,2.01,0.7,6,3,14,6,51.8,48.2,1,0,0,1,5,7
2022-09-11 21:15:00,Wilstermann,The Strongest,0.0,3.0,Cochabamba,Bolivia,Estadio Félix Capriles,,,,División Profesional,,20220911_Wilstermann_The-Strongest,-144.9985860136901,0.05,1.85,1,5,4,11,44.8,55.2,2,1,0,0,2,7
2022-09-11 23:30:00,Oriente Petrolero,Universitario de Sucre,1.0,0.0,Santa Cruz,Bolivia,Estadio Ramón Tahuichi,,,,División Profesional,,20220911_Oriente-Petrolero_Universitario-de-Sucre,81.34548904704457,1.2,1.52,5,5,12,10,51.8,48.2,6,3,0,0,7,8
2022-09-12 19:00:00,Guabirá,Aurora,1.0,1.0,,,,,,,División Profesional,,20220912_Guabirá_Aurora,75.65662098757252,1.5,1.16,6,4,14,8,55.2,44.8,2,1,0,0,9,8
2022-09-12 22:00:00,Real Tomayapo,Atlético Palmaflor,2.0,2.0,Tarija,Bolivia,Estadio IV Centenário,,,,División Profesional,,20220912_Real-Tomayapo_Atlético-Palmaflor,-42.0439811082324,1.09,1.29,5,3,9,8,58.6,41.4,2,1,0,0,7,5
2022-09-13 00:15:00,Nacional Potosí,Always Ready,1.0,1.0,Potosí,Bolivia,Estadio Víctor Agustín Ugarte,,,,División Profesional,,20220913_Nacional-Potosí_Always-Ready,-93.6498701958526,1.2,1.5,3,5,7,11,50.7,49.3,3,1,0,0,2,7
2022-09-16 19:00:00,Atlético Palmaflor,Real Santa Cruz,4.0,0.0,Cochabamba,Bolivia,Estadio Félix Capriles,,,,División Profesional,,20220916_Atlético-Palmaflor_Real-Santa-Cruz,71.15994402988326,1.67,1.33,5,4,9,9,52.4,47.6,0,1,0,0,4,5
2022-09-16 23:00:00,The Strongest,Nacional Potosí,1.0,1.0,,,,,,,División Profesional,,20220916_The-Strongest_Nacional-Potosí,133.11877967359328,0.71,1.67,2,5,5,10,57.7,42.3,1,2,0,0,3,3
2022-09-17 19:00:00,Always Ready,Aurora,0.0,1.0,,,,,,,División Profesional,,20220917_Always-Ready_Aurora,163.57135789902236,0.39,1.45,3,5,8,10,57.6,42.4,1,1,0,0,6,6
2022-09-17 21:15:00,Universitario de Sucre,Guabirá,1.0,1.0,Cochabamba,Bolivia,Estadio Olímpico Patria,,,,División Profesional,,20220917_Universitario-de-Sucre_Guabirá,-81.25908475053598,1.4,1.44,4,3,9,7,47.9,52.1,2,0,0,0,3,3
2022-09-17 23:30:00,Blooming,Independiente Petrolero,1.0,0.0,Santa Cruz,Bolivia,Estadio Ramón Tahuichi,,,,División Profesional,,20220917_Blooming_Independiente-Petrolero,-48.78001696795695,0.54,0.61,1,1,2,4,47.5,52.5,0,1,0,0,3,3
2022-09-18 19:00:00,Universitario de Vinto,Wilstermann,0.0,0.0,,,,,,,División Profesional,,20220918_Universitario-de-Vinto_Wilstermann,-49.785815870596934,1.88,0.52,5,0,10,0,43.4,56.6,0,1,0,0,8,2
2022-09-18 21:15:00,Bolívar,Real Tomayapo,4.0,1.0,La Paz,Bolivia,Estadio Hernando Siles,,,,División Profesional,,20220918_Bolívar_Real-Tomayapo,233.422773088113,0.88,0.81,4,1,7,1,59.7,40.3,7,4,0,0,5,2
2022-09-18 23:30:00,Royal Pari,Oriente Petrolero,1.0,0.0,Santa Cruz,Bolivia,Estadio Ramón Tahuichi,,,,División Profesional,,20220918_Royal-Pari_Oriente-Petrolero,-96.10987340596171,0.86,0.52,3,1,8,3,42.4,57.6,3,2,0,0,5,3
2022-09-28 19:00:00,Royal Pari,Always Ready,0.0,2.0,Santa Cruz,Bolivia,Estadio Ramón Tahuichi,,,,División Profesional,,20220928_Royal-Pari_Always-Ready,-138.0985183688956,0.65,1.46,2,2,5,4,43.7,56.3,2,1,1,0,4,2
2022-09-30 19:00:00,Real Santa Cruz,Real Tomayapo,1.0,1.0,Santa Cruz,Bolivia,Estadio Real Santa Cruz,,,,División Profesional,,20220930_Real-Santa-Cruz_Real-Tomayapo,-36.616491274033706,1.15,0.23,5,1,11,3,46.1,53.9,1,3,0,0,2,3
2022-10-01 00:00:00,Guabirá,Wilstermann,1.0,1.0,,,,,,,División Profesional,,20221001_Guabirá_Wilstermann,19.631853369607825,0.64,1.38,3,5,7,13,48.5,51.5,3,0,0,0,5,10
2022-10-01 19:00:00,Nacional Potosí,Royal Pari,1.0,0.0,,,,,,,División Profesional,,20221001_Nacional-Potosí_Royal-Pari,79.88337443328851,0.84,0.73,3,2,8,5,45.5,54.5,1,0,0,0,5,3
2022-10-01 21:15:00,Aurora,Atlético Palmaflor,0.0,0.0,Cochabamba,Bolivia,Estadio Félix Capriles,,,,División Profesional,,20221001_Aurora_Atlético-Palmaflor,-35.755376523541145,0.41,1.33,2,4,5,9,54.7,45.3,0,3,0,0,2,6
2022-10-01 23:30:00,Bolívar,Independiente Petrolero,0.0,0.0,La Paz,Bolivia,Estadio Hernando Siles,,,,División Profesional,,20221001_Bolívar_Independiente-Petrolero,200.37175117070137,1.04,0.59,3,1,7,1,54.7,45.3,0,2,0,0,5,4
2022-10-02 19:00:00,Universitario de Vinto,Always Ready,1.0,2.0,Cochabamba,Bolivia,Estadio Félix Capriles,,,,División Profesional,,20221002_Universitario-de-Vinto_Always-Ready,-152.01869550239098,0.93,0.15,4,2,10,5,46.0,54.0,1,2,0,0,5,2
2022-10-02 21:15:00,The Strongest,Universitario de Sucre,1.0,0.0,La Paz,Bolivia,Estadio Hernando Siles,,,,División Profesional,,20221002_The-Strongest_Universitario-de-Sucre,212.96293857367164,1.06,0.4,5,2,12,4,63.8,36.2,3,2,0,0,4,4
2022-10-02 23:30:00,Oriente Petrolero,Blooming,1.0,0.0,Santa Cruz,Bolivia,Estadio Ramón Tahuichi,,,,División Profesional,,20221002_Oriente-Petrolero_Blooming,52.96586613456657,1.51,0.74,4,3,10,6,47.7,52.3,0,1,0,0,6,6
2022-10-04 19:00:00,Atlético Palmaflor,Royal Pari,1.0,1.0,Cochabamba,Bolivia,Estadio Municipal de Quillacollo,,,,División Profesional,,20221004_Atlético-Palmaflor_Royal-Pari,60.33920482733447,0.66,0.8,5,4,9,8,48.7,51.3,1,4,0,1,5,6
2022-10-04 22:15:00,Nacional Potosí,Guabirá,3.0,1.0,Potosí,Bolivia,Estadio Víctor Agustín Ugarte,,,,División Profesional,,20221004_Nacional-Potosí_Guabirá,22.834461578931723,2.11,1.29,8,6,18,14,52.4,47.6,4,1,0,0,3,8
2022-10-05 00:30:00,Wilstermann,Bolívar,1.0,1.0,,,,,,,División Profesional,,20221005_Wilstermann_Bolívar,-187.63636508278114,0.17,1.48,1,5,2,10,43.7,56.3,0,1,0,1,4,7
2022-10-05 22:00:00,Real Tomayapo,Always Ready,0.0,0.0,Tarija,Bolivia,Estadio IV Centenário,,,,División Profesional,,20221005_Real-Tomayapo_Always-Ready,-162.7665167950081,1.03,0.39,2,2,4,1,41.1,58.9,3,1,0,0,0,2
2022-10-05 23:30:00,Aurora,The Strongest,0.0,0.0,Cochabamba,Bolivia,Estadio Félix Capriles,,,,División Profesional,,20221005_Aurora_The-Strongest,-191.92070460668901,0.94,0.95,4,2,9,2,39.9,60.1,0,1,0,0,7,1
2022-10-06 00:30:00,Oriente Petrolero,Real Santa Cruz,3.0,1.0,,,,,,,División Profesional,,20221006_Oriente-Petrolero_Real-Santa-Cruz,120.05702784121627,1.38,0.41,5,2,14,5,52.9,47.1,0,0,0,0,9,4
2022-10-06 22:15:00,Blooming,Universitario de Vinto,0.0,0.0,,,,,,,División Profesional,,20221006_Blooming_Universitario-de-Vinto,15.99899528765286,1.49,0.65,3,1,6,2,52.2,47.8,1,2,0,0,2,2
2022-10-07 00:30:00,Universitario de Sucre,Independiente Petrolero,2.0,1.0,,,,,,,División Profesional,,20221007_Universitario-de-Sucre_Independiente-Petrolero,-61.9882955978826,1.09,0.89,3,3,6,6,49.0,51.0,2,1,0,0,4,5
2022-10-07 19:00:00,Atlético Palmaflor,Bolívar,1.0,1.0,Cochabamba,Bolivia,Estadio Municipal de Quillacollo,,,,División Profesional,,20221007_Atlético-Palmaflor_Bolívar,-180.79290665758413,0.81,0.79,3,1,7,1,38.9,61.1,3,2,1,0,3,1
2022-10-08 19:00:00,Always Ready,The Strongest,1.0,3.0,"El Alto, La Paz.",Bolivia,Municipal Villa Ingenio,,,,División Profesional,,20221008_Always-Ready_The-Strongest,-48.8008521250099,0.84,1.09,3,4,7,7,46.8,53.2,1,3,0,0,3,4
2022-10-08 19:00:00,Real Santa Cruz,Nacional Potosí,2.0,1.0,,,,,,,División Profesional,,20221008_Real-Santa-Cruz_Nacional-Potosí,-145.1659642813579,1.74,1.1,5,4,10,7,46.5,53.5,3,4,0,0,2,3
2022-10-09 19:00:00,Royal Pari,Universitario de Sucre,3.0,1.0,,,,,,,División Profesional,,20221009_Royal-Pari_Universitario-de-Sucre,-7.166953273889703,1.86,0.89,7,4,16,9,49.2,50.8,1,1,0,0,10,4
2022-10-09 19:00:00,Universitario de Vinto,Real Tomayapo,1.0,1.0,Cochabamba,Bolivia,Estadio Félix Capriles,,,,División Profesional,,20221009_Universitario-de-Vinto_Real-Tomayapo,-8.065046723268097,1.28,2.14,2,8,5,18,53.2,46.8,1,1,0,0,7,15
2022-10-09 21:15:00,Guabirá,Oriente Petrolero,2.0,1.0,,,,,,,División Profesional,,20221009_Guabirá_Oriente-Petrolero,-36.172247020367195,1.37,1.6,4,2,8,2,53.4,46.6,1,3,0,0,8,2
2022-10-09 23:30:00,Wilstermann,Blooming,1.0,0.0,Cochabamba,Bolivia,Estadio Félix Capriles,,,,División Profesional,,20221009_Wilstermann_Blooming,44.5777397873394,1.03,0.56,3,3,9,5,46.6,53.4,3,0,1,0,4,1
2022-10-11 00:00:00,Independiente Petrolero,Aurora,1.0,1.0,Cochabamba,Bolivia,Estadio Olímpico Patria,,,,División Profesional,,20221011_Independiente-Petrolero_Aurora,9.908682013782482,0.5,0.69,1,3,5,6,45.4,54.6,2,0,0,0,3,2
2022-10-12 00:00:00,Nacional Potosí,Atlético Palmaflor,6.0,1.0,,,,,,,División Profesional,,20221012_Nacional-Potosí_Atlético-Palmaflor,28.92015603480877,1.82,0.89,7,3,15,4,56.5,43.5,1,2,0,0,8,7
2022-10-12 19:00:00,Guabirá,Universitario de Vinto,1.0,0.0,,,,,,,División Profesional,,20221012_Guabirá_Universitario-de-Vinto,73.58699460758339,1.75,0.88,4,3,8,8,54.4,45.6,1,1,0,0,5,12
2022-10-12 22:30:00,Universitario de Sucre,Always Ready,1.0,3.0,Cochabamba,Bolivia,Estadio Olímpico Patria,,,,División Profesional,,20221012_Universitario-de-Sucre_Always-Ready,-156.82889423637448,1.23,0.81,4,3,10,6,43.1,56.9,2,6,0,0,8,5
2022-10-13 00:00:00,Blooming,Royal Pari,0.0,0.0,Santa Cruz,Bolivia,Estadio Ramón Tahuichi,,,,División Profesional,,20221013_Blooming_Royal-Pari,-6.09209099994473,0.33,1.65,0,6,1,15,47.0,53.0,2,1,0,0,0,10
2022-10-13 00:00:00,The Strongest,Bolívar,4.0,4.0,La Paz,Bolivia,Estadio Hernando Siles,,,,División Profesional,,20221013_The-Strongest_Bolívar,-10.069514228478283,1.57,2.14,6,8,14,17,42.0,58.0,3,2,0,0,7,7
2022-10-13 19:00:00,Oriente Petrolero,Independiente Petrolero,3.0,3.0,,,,,,,División Profesional,,20221013_Oriente-Petrolero_Independiente-Petrolero,44.701614897014,1.61,0.61,7,3,16,7,51.8,48.2,1,5,0,0,8,1
2022-10-13 22:15:00,Aurora,Real Santa Cruz,1.0,2.0,,,,,,,División Profesional,,20221013_Aurora_Real-Santa-Cruz,52.16684550091941,0.53,0.37,1,2,1,4,51.3,48.7,0,4,0,0,0,5
2022-10-14 00:00:00,Real Tomayapo,Wilstermann,1.0,0.0,Tarija,Bolivia,Estadio IV Centenário,,,,División Profesional,,20221014_Real-Tomayapo_Wilstermann,-62.15453711441273,1.16,0.98,3,4,8,9,41.9,58.1,0,1,0,0,3,6
2022-10-15 19:00:00,Universitario de Vinto,The Strongest,2.0,1.0,Cochabamba,Bolivia,Estadio Municipal de Quillacollo,,,,División Profesional,,20221015_Universitario-de-Vinto_The-Strongest,-229.03552384147724,1.3,0.98,5,4,10,9,44.3,55.7,2,2,0,0,5,5
2022-10-15 21:15:00,Bolívar,Nacional Potosí,3.0,1.0,La Paz,Bolivia,Estadio Hernando Siles,,,,División Profesional,,20221015_Bolívar_Nacional-Potosí,129.0500873348069,1.1,0.25,3,2,5,4,56.7,43.3,1,1,0,0,2,2
2022-10-15 23:30:00,Royal Pari,Guabirá,3.0,2.0,Santa Cruz,Bolivia,Estadio Ramón Tahuichi,,,,División Profesional,,20221015_Royal-Pari_Guabirá,-73.05366117652807,2.22,1.79,6,6,11,13,51.8,48.2,2,1,0,0,5,6
2022-10-16 19:00:00,Atlético Palmaflor,Oriente Petrolero,2.0,2.0,,,,,,,División Profesional,,20221016_Atlético-Palmaflor_Oriente-Petrolero,-32.79725061180852,1.84,0.79,6,2,12,5,47.2,52.8,0,3,0,0,9,4
2022-10-16 21:15:00,Real Santa Cruz,Always Ready,1.0,0.0,Santa Cruz,Bolivia,Estadio Ramón Tahuichi,,,,División Profesional,,20221016_Real-Santa-Cruz_Always-Ready,-165.69876841907876,0.05,0.83,1,1,3,2,47.6,52.4,1,0,0,0,3,2
2022-10-16 23:30:00,Universitario de Sucre,Aurora,1.0,1.0,Cochabamba,Bolivia,Estadio Olímpico Patria,,,,División Profesional,,20221016_Universitario-de-Sucre_Aurora,-29.56727253950976,0.54,1.48,1,6,2,13,44.5,55.5,2,2,0,0,6,10
2022-10-17 22:30:00,Wilstermann,Independiente Petrolero,1.0,3.0,Cochabamba,Bolivia,Estadio Félix Capriles,,,,División Profesional,,20221017_Wilstermann_Independiente-Petrolero,15.435038917966267,0.05,1.25,1,3,2,8,53.2,46.8,0,3,0,0,1,4
2022-10-18 00:30:00,Real Tomayapo,Blooming,1.0,1.0,Tarija,Bolivia,Estadio IV Centenário,,,,División Profesional,,20221018_Real-Tomayapo_Blooming,17.274406628068846,0.73,1.48,2,5,5,12,50.6,49.4,2,2,0,0,2,4
2022-10-19 19:00:00,Always Ready,Royal Pari,1.0,0.0,"El Alto, La Paz.",Bolivia,Municipal Villa Ingenio,,,,División Profesional,,20221019_Always-Ready_Royal-Pari,114.82282218580508,1.12,1.0,4,5,8,9,47.6,52.4,0,3,0,0,5,4
2022-10-19 21:15:00,The Strongest,Real Santa Cruz,5.0,2.0,La Paz,Bolivia,Estadio Hernando Siles,,,,División Profesional,,20221019_The-Strongest_Real-Santa-Cruz,192.3153697579953,1.62,0.96,6,3,12,5,58.5,41.5,0,2,0,0,9,4
2022-10-19 23:00:00,Nacional Potosí,Universitario de Sucre,3.0,2.0,Potosí,Bolivia,Estadio Víctor Agustín Ugarte,,,,División Profesional,,20221019_Nacional-Potosí_Universitario-de-Sucre,105.12015101734755,3.43,2.18,10,7,20,14,50.6,49.4,2,0,0,0,12,10
2022-10-20 00:30:00,Guabirá,Bolívar,2.0,1.0,,,,,,,División Profesional,,20221020_Guabirá_Bolívar,-168.05487979047666,1.17,0.74,4,4,10,10,51.8,48.2,3,1,0,0,10,1
2022-10-20 19:00:00,Aurora,Universitario de Vinto,0.0,2.0,,,,,,,División Profesional,,20221020_Aurora_Universitario-de-Vinto,5.098029767958224,1.11,1.31,5,4,11,8,47.7,52.3,0,2,0,0,7,1
2022-10-20 22:15:00,Blooming,Atlético Palmaflor,1.0,0.0,Santa Cruz,Bolivia,Estadio Ramón Tahuichi,,,,División Profesional,,20221020_Blooming_Atlético-Palmaflor,-45.11233597446312,1.0,1.65,3,5,6,9,40.5,59.5,4,3,0,0,5,5
2022-10-21 00:30:00,Independiente Petrolero,Real Tomayapo,1.0,0.0,Cochabamba,Bolivia,Estadio Olímpico Patria,,,,División Profesional,,20221021_Independiente-Petrolero_Real-Tomayapo,31.60014079627922,0.99,0.78,3,2,5,4,56.3,43.7,0,2,0,0,7,3
2022-10-22 00:00:00,Oriente Petrolero,Wilstermann,2.0,1.0,,,,,,,División Profesional,,20221022_Oriente-Petrolero_Wilstermann,37.598957238741605,0.27,0.89,2,3,4,5,56.6,43.4,2,3,0,0,5,4
2023-02-04 19:00:00,Libertad Gran Mamoré,Vaca Díez,3.0,2.0,Trinidad,Bolivia,Estadio Gran Mamoré,,,,División Profesional,,20230204_Libertad-Gran-Mamoré_Vaca-Díez,0.0,0.8,0.41,3,2,6,8,48.7,51.3,3,7,0,0,4,4
2023-02-04 21:30:00,The Strongest,Universitario de Vinto,2.0,1.0,La Paz,Bolivia,Estadio Hernando Siles,,,,División Profesional,,20230204_The-Strongest_Universitario-de-Vinto,184.9533252608246,0.65,1.7,2,6,3,13,57.8,42.2,3,1,0,0,1,7
2023-02-05 00:00:00,Oriente Petrolero,Nacional Potosí,3.0,0.0,Santa Cruz,Bolivia,Estadio Ramón Tahuichi,,,,División Profesional,,20230205_Oriente-Petrolero_Nacional-Potosí,-9.291894243659044,2.14,0.71,6,1,12,2,55.5,44.5,2,2,0,0,10,2
2023-02-05 19:00:00,Guabirá,Bolívar,1.0,2.0,Montero,Bolivia,Estadio Gilberto Parada,,,,División Profesional,,20230205_Guabirá_Bolívar,-133.2740179091561,0.96,0.76,3,2,6,4,42.3,57.7,1,0,0,0,0,4
2023-02-05 21:30:00,Aurora,Always Ready,0.0,0.0,Cochabamba,Bolivia,Estadio Félix Capriles,,,,División Profesional,,20230205_Aurora_Always-Ready,-145.1506965008391,0.44,1.22,1,2,3,4,41.5,58.5,0,1,0,0,0,3
2023-02-05 23:30:00,Blooming,Wilstermann,1.0,1.0,Santa Cruz,Bolivia,Estadio Ramón Tahuichi,,,,División Profesional,,20230205_Blooming_Wilstermann,-13.795930017638057,1.42,0.73,6,2,13,4,60.4,39.6,0,3,0,0,5,2
2023-02-06 19:00:00,Real Santa Cruz,Atlético Palmaflor,2.0,1.0,Santa Cruz,Bolivia,Estadio Ramón Tahuichi,,,,División Profesional,,20230206_Real-Santa-Cruz_Atlético-Palmaflor,-34.18857665841233,0.6,0.81,2,1,4,3,44.2,55.8,2,1,0,0,3,6
2023-02-06 23:00:00,Royal Pari,Independiente Petrolero,2.0,1.0,Santa Cruz,Bolivia,Estadio Ramón Tahuichi,,,,División Profesional,,20230206_Royal-Pari_Independiente-Petrolero,-47.204522450529566,1.33,1.17,4,4,9,9,51.1,48.9,2,2,0,0,7,6
2023-02-10 19:00:00,Always Ready,Libertad Gran Mamoré,5.0,0.0,"El Alto, La Paz.",Bolivia,Municipal Villa Ingenio,,,,División Profesional,,20230210_Always-Ready_Libertad-Gran-Mamoré,81.92833716715177,2.71,0.72,10,3,20,6,55.2,44.8,2,0,0,0,4,2
2023-02-11 19:00:00,Universitario de Vinto,Oriente Petrolero,1.0,1.0,Cochabamba,Bolivia,Estadio Félix Capriles,,,,División Profesional,,20230211_Universitario-de-Vinto_Oriente-Petrolero,-88.17147581494964,1.9,0.66,6,2,13,6,47.2,52.8,4,0,0,0,3,2
2023-02-11 21:30:00,Nacional Potosí,Blooming,3.0,0.0,Potosí,Bolivia,Estadio Víctor Agustín Ugarte,,,,División Profesional,,20230211_Nacional-Potosí_Blooming,69.3025308282447,1.26,0.36,3,0,8,0,48.6,51.4,1,2,1,0,4,2
2023-02-12 00:00:00,Bolívar,Royal Pari,3.0,0.0,La Paz,Bolivia,Estadio Hernando Siles,,,,División Profesional,,20230212_Bolívar_Royal-Pari,196.90700595305248,1.53,1.3,4,2,10,4,56.6,43.4,4,1,0,0,6,1
2023-02-12 19:00:00,Real Tomayapo,Real Santa Cruz,1.0,0.0,Tarija,Bolivia,Estadio IV Centenário,,,,División Profesional,,20230212_Real-Tomayapo_Real-Santa-Cruz,-5.380821323059081,1.0,1.1,3,4,5,7,49.0,51.0,0,2,0,0,5,1
2023-02-12 21:30:00,Independiente Petrolero,The Strongest,1.0,4.0,Cochabamba,Bolivia,Estadio Olímpico Patria,,,,División Profesional,,20230212_Independiente-Petrolero_The-Strongest,-162.7944700941041,0.53,1.88,3,5,7,13,42.9,57.1,1,0,0,0,9,9
2023-02-12 23:30:00,Wilstermann,Aurora,0.0,2.0,Cochabamba,Bolivia,Estadio Félix Capriles,,,,División Profesional,,20230212_Wilstermann_Aurora,24.72200069487053,0.83,1.42,1,4,4,9,56.0,44.0,1,0,0,0,5,3
2023-02-13 23:00:00,Atlético Palmaflor,Guabirá,2.0,0.0,Cochabamba,Bolivia,Bicentenario de Villa Tunari,,,,División Profesional,,20230213_Atlético-Palmaflor_Guabirá,-55.03662372568078,1.29,1.72,4,4,11,8,53.3,46.7,3,0,0,0,6,5
2023-02-15 00:00:00,Blooming,Vaca Díez,1.0,2.0,,,,,,,División Profesional,,20230215_Blooming_Vaca-Díez,-27.500073558838494,0.13,0.56,1,2,1,3,56.8,43.2,1,2,0,0,4,1
2023-02-15 19:00:00,Royal Pari,Libertad Gran Mamoré,3.0,0.0,,,,,,,División Profesional,,20230215_Royal-Pari_Libertad-Gran-Mamoré,-27.50121855620273,0.3,0.51,4,2,8,6,43.2,56.8,2,2,0,0,5,2
2023-02-15 22:00:00,Independiente Petrolero,Always Ready,1.0,4.0,,,,,,,División Profesional,,20230215_Independiente-Petrolero_Always-Ready,-108.8202422180018,1.02,1.36,2,4,5,8,50.8,49.2,2,4,0,0,4,9
2023-02-16 00:30:00,Oriente Petrolero,Real Tomayapo,0.0,0.0,,,,,,,División Profesional,,20230216_Oriente-Petrolero_Real-Tomayapo,78.34003866670673,0.6,1.09,2,3,2,6,50.9,49.1,0,1,0,0,2,3
2023-02-17 22:00:00,Blooming,Universitario de Vinto,3.0,4.0,Santa Cruz,Bolivia,Estadio Ramón Tahuichi,,,,División Profesional,,20230217_Blooming_Universitario-de-Vinto,-20.152252413894985,1.42,1.6,5,4,12,11,53.6,46.4,1,2,0,0,3,10
2023-02-18 00:30:00,The Strongest,Bolívar,3.0,2.0,La Paz,Bolivia,Estadio Hernando Siles,,,,División Profesional,,20230218_The-Strongest_Bolívar,-13.237724000677417,1.26,0.38,3,2,4,4,55.2,44.8,2,1,0,0,2,5
2023-02-18 19:00:00,Royal Pari,Atlético Palmaflor,0.0,3.0,Santa Cruz,Bolivia,Estadio Ramón Tahuichi,,,,División Profesional,,20230218_Royal-Pari_Atlético-Palmaflor,-0.15785122411489283,0.74,1.33,3,4,10,10,53.1,46.9,0,1,0,0,4,7
2023-02-18 21:30:00,Guabirá,Real Tomayapo,1.0,0.0,Montero,Bolivia,Estadio Gilberto Parada,,,,División Profesional,,20230218_Guabirá_Real-Tomayapo,39.52013625644804,0.57,1.74,2,5,5,10,49.5,50.5,2,3,0,0,4,3
2023-02-19 00:00:00,Oriente Petrolero,Independiente Petrolero,2.0,0.0,Santa Cruz,Bolivia,Estadio Ramón Tahuichi,,,,División Profesional,,20230219_Oriente-Petrolero_Independiente-Petrolero,63.177516356566,0.51,1.03,3,3,9,7,55.5,44.5,4,1,1,0,6,7
2023-02-19 19:00:00,Libertad Gran Mamoré,Wilstermann,1.0,1.0,Trinidad,Bolivia,Estadio Gran Mamoré,,,,División Profesional,,20230219_Libertad-Gran-Mamoré_Wilstermann,19.70195428010561,1.39,0.1,4,1,10,3,48.5,51.5,2,4,0,0,5,3
2023-02-19 23:30:00,Aurora,Nacional Potosí,2.0,0.0,Cochabamba,Bolivia,Estadio Félix Capriles,,,,División Profesional,,20230219_Aurora_Nacional-Potosí,-77.96628437132745,1.18,0.52,4,0,12,0,42.3,57.7,0,1,0,0,6,3
2023-02-22 19:00:00,Guabirá,Real Santa Cruz,0.0,1.0,,,,,,,División Profesional,,20230222_Guabirá_Real-Santa-Cruz,71.81268633813147,1.58,0.19,5,1,9,3,50.9,49.1,2,3,0,0,5,0
2023-02-23 00:00:00,Aurora,The Strongest,0.0,0.0,,,,,,,División Profesional,,20230223_Aurora_The-Strongest,-197.3323466202737,0.62,1.5,2,5,5,8,47.4,52.6,2,1,0,0,4,6
2023-02-24 00:00:00,Wilstermann,Bolívar,3.0,1.0,,,,,,,División Profesional,,20230224_Wilstermann_Bolívar,-200.6077390118096,1.18,0.63,4,1,8,3,35.9,64.1,1,2,0,0,5,1
2023-02-25 00:00:00,Real Tomayapo,Royal Pari,0.0,2.0,Tarija,Bolivia,Estadio IV Centenário,,,,División Profesional,,20230225_Real-Tomayapo_Royal-Pari,-10.742304409149483,0.12,0.85,1,2,4,4,47.2,52.8,1,2,0,0,1,3
2023-02-25 19:30:00,Real Santa Cruz,Guabirá,0.0,0.0,Santa Cruz,Bolivia,Estadio Real Santa Cruz,,,,División Profesional,,20230225_Real-Santa-Cruz_Guabirá,-42.921498252883566,1.28,0.96,4,3,8,6,55.7,44.3,1,2,0,0,9,2
2023-02-25 21:30:00,Nacional Potosí,Libertad Gran Mamoré,5.0,1.0,Potosí,Bolivia,Estadio Víctor Agustín Ugarte,,,,División Profesional,,20230225_Nacional-Potosí_Libertad-Gran-Mamoré,45.27839091747683,2.01,1.25,7,5,15,9,47.7,52.3,3,1,0,0,9,5
2023-02-26 00:00:00,Independiente Petrolero,Blooming,2.0,0.0,Cochabamba,Bolivia,Estadio Olímpico Patria,,,,División Profesional,,20230226_Independiente-Petrolero_Blooming,37.98526744955757,0.77,1.33,2,4,4,10,49.9,50.1,3,2,0,0,6,2
2023-02-26 19:00:00,Universitario de Vinto,Aurora,1.0,1.0,Cochabamba,Bolivia,Estadio Félix Capriles,,,,División Profesional,,20230226_Universitario-de-Vinto_Aurora,-11.021592550977857,0.05,1.63,1,4,3,8,53.6,46.4,1,0,0,0,3,8
2023-02-26 21:30:00,Bolívar,Oriente Petrolero,4.0,0.0,La Paz,Bolivia,Estadio Hernando Siles,,,,División Profesional,,20230226_Bolívar_Oriente-Petrolero,94.1776858812027,1.31,0.19,4,1,9,2,57.8,42.2,1,2,0,0,3,3
2023-02-26 23:30:00,Atlético Palmaflor,The Strongest,0.0,1.0,Cochabamba,Bolivia,Bicentenario de Villa Tunari,,,,División Profesional,,20230226_Atlético-Palmaflor_The-Strongest,-176.54847490144607,1.65,2.15,5,8,12,16,33.9,66.1,1,0,0,0,7,6
2023-02-27 23:00:00,Wilstermann,Vaca Díez,2.0,2.0,Cochabamba,Bolivia,Estadio Félix Capriles,,,,División Profesional,,20230227_Wilstermann_Vaca-Díez,-9.994606426789005,1.75,0.24,5,2,13,5,50.3,49.7,2,2,0,0,4,4
2023-03-03 23:00:00,Oriente Petrolero,Atlético Palmaflor,1.0,2.0,Santa Cruz,Bolivia,Estadio Ramón Tahuichi,,,,División Profesional,,20230303_Oriente-Petrolero_Atlético-Palmaflor,56.165056735436565,1.61,0.48,5,2,11,6,59.5,40.5,4,2,1,0,7,2
2023-03-04 19:00:00,Vaca Díez,Nacional Potosí,0.0,2.0,Cobija,Bolivia,Estadio Roberto Jordan Cuellár,,,,División Profesional,,20230304_Vaca-Díez_Nacional-Potosí,-46.16703457136509,1.1,0.68,4,2,9,7,42.9,57.1,3,1,1,0,9,2
2023-03-04 21:30:00,Royal Pari,Real Santa Cruz,1.0,1.0,Santa Cruz,Bolivia,Estadio Ramón Tahuichi,,,,División Profesional,,20230304_Royal-Pari_Real-Santa-Cruz,17.461633327002346,0.11,1.79,1,4,1,9,53.4,46.6,0,0,0,0,1,5
2023-03-05 00:00:00,Aurora,Independiente Petrolero,2.0,0.0,Cochabamba,Bolivia,Estadio Félix Capriles,,,,División Profesional,,20230305_Aurora_Independiente-Petrolero,4.724285753670529,1.62,1.47,6,5,11,10,55.3,44.7,3,1,0,0,3,3
2023-03-05 19:00:00,Always Ready,Wilstermann,2.0,2.0,"El Alto, La Paz.",Bolivia,Municipal Villa Ingenio,,,,División Profesional,,20230305_Always-Ready_Wilstermann,122.1070289043812,1.06,1.08,3,2,7,4,54.5,45.5,2,2,0,0,2,5
2023-03-05 21:30:00,The Strongest,Real Tomayapo,3.0,1.0,La Paz,Bolivia,Estadio Hernando Siles,,,,División Profesional,,20230305_The-Strongest_Real-Tomayapo,229.4448132463192,0.15,0.94,3,4,7,9,58.6,41.4,1,2,0,0,7,7
2023-03-05 23:30:00,Blooming,Bolívar,0.0,5.0,Santa Cruz,Bolivia,Estadio Ramón Tahuichi,,,,División Profesional,,20230305_Blooming_Bolívar,-234.54164418331357,0.48,1.03,2,5,6,11,37.5,62.5,2,0,0,0,3,9
2023-03-06 19:00:00,Libertad Gran Mamoré,Universitario de Vinto,0.0,0.0,Trinidad,Bolivia,Estadio Gran Mamoré,,,,División Profesional,,20230306_Libertad-Gran-Mamoré_Universitario-de-Vinto,-2.5794790700313115,0.79,0.46,3,2,6,5,47.1,52.9,1,3,0,0,1,6
2023-03-10 21:30:00,Independiente Petrolero,Libertad Gran Mamoré,4.0,0.0,Cochabamba,Bolivia,Estadio Olímpico Patria,,,,División Profesional,,20230310_Independiente-Petrolero_Libertad-Gran-Mamoré,-3.8102329092532727,1.05,1.37,5,5,11,9,55.7,44.3,2,2,0,0,6,4
2023-03-11 19:00:00,Real Santa Cruz,The Strongest,1.0,1.0,Santa Cruz,Bolivia,Estadio Real Santa Cruz,,,,División Profesional,,20230311_Real-Santa-Cruz_The-Strongest,-217.3598449831204,0.79,0.87,4,4,8,10,52.5,47.5,2,1,1,0,2,12
2023-03-11 21:30:00,Guabirá,Royal Pari,3.0,2.0,Montero,Bolivia,Estadio Gilberto Parada,,,,División Profesional,,20230311_Guabirá_Royal-Pari,23.11254065339608,1.51,1.71,3,3,6,7,51.3,48.7,5,1,0,0,1,6
2023-03-12 00:00:00,Real Tomayapo,Oriente Petrolero,1.0,1.0,Tarija,Bolivia,Estadio IV Centenário,,,,División Profesional,,20230312_Real-Tomayapo_Oriente-Petrolero,-87.43874012135348,1.29,0.82,4,1,10,2,40.7,59.3,1,1,0,0,9,3
2023-03-12 19:00:00,Nacional Potosí,Always Ready,0.0,2.0,Potosí,Bolivia,Estadio Víctor Agustín Ugarte,,,,División Profesional,,20230312_Nacional-Potosí_Always-Ready,-52.16887974233737,1.41,0.87,5,3,10,5,53.0,47.0,0,1,0,0,7,5
2023-03-12 21:30:00,Bolívar,Aurora,1.0,0.0,La Paz,Bolivia,Estadio Hernando Siles,,,,División Profesional,,20230312_Bolívar_Aurora,163.54915425406898,0.05,0.82,1,1,4,4,54.7,45.3,1,5,0,0,5,2
2023-03-13 19:00:00,Universitario de Vinto,Vaca Díez,2.0,0.0,Cochabamba,Bolivia,Estadio Félix Capriles,,,,División Profesional,,20230313_Universitario-de-Vinto_Vaca-Díez,-7.096068304196706,1.25,1.48,4,5,9,12,52.9,47.1,3,0,0,0,5,5
2023-03-13 23:30:00,Atlético Palmaflor,Blooming,3.0,2.0,Cochabamba,Bolivia,Bicentenario de Villa Tunari,,,,División Profesional,,20230313_Atlético-Palmaflor_Blooming,85.41320539705384,0.46,1.47,4,6,6,15,57.8,42.2,1,0,0,0,7,7
2023-03-19 19:00:00,Nacional Potosí,Universitario de Vinto,0.0,0.0,,,,,,,División Profesional,,20230319_Nacional-Potosí_Universitario-de-Vinto,51.63600862591784,0.91,2.21,3,8,6,19,50.0,50.0,3,1,0,0,6,11
2023-03-31 00:00:00,Blooming,Real Tomayapo,2.0,2.0,Santa Cruz,Bolivia,Estadio Ramón Tahuichi,,,,División Profesional,,20230331_Blooming_Real-Tomayapo,-38.35902665841445,0.49,1.12,2,3,4,6,48.5,51.5,1,3,0,0,5,4
2023-04-01 19:00:00,Vaca Díez,Independiente Petrolero,1.0,0.0,Cobija,Bolivia,Estadio Roberto Jordan Cuellár,,,,División Profesional,,20230401_Vaca-Díez_Independiente-Petrolero,-11.069051494060204,0.29,0.37,2,1,4,1,51.9,48.1,1,0,0,0,1,1
2023-04-02 19:00:00,Always Ready,Universitario de Vinto,1.0,2.0,"El Alto, La Paz.",Bolivia,Municipal Villa Ingenio,,,,División Profesional,,20230402_Always-Ready_Universitario-de-Vinto,122.45760246045029,1.06,1.01,3,3,7,5,53.9,46.1,2,1,0,0,3,2
2023-04-03 23:00:00,Aurora,Atlético Palmaflor,2.0,1.0,Cochabamba,Bolivia,Estadio Félix Capriles,,,,División Profesional,,20230403_Aurora_Atlético-Palmaflor,-20.38243066865516,1.18,0.99,4,1,9,1,55.3,44.7,1,3,0,1,7,2
2023-04-04 23:00:00,Wilstermann,Nacional Potosí,0.0,0.0,Cochabamba,Bolivia,Estadio Félix Capriles,,,,División Profesional,,20230404_Wilstermann_Nacional-Potosí,-49.85224025639468,1.55,1.11,4,3,7,4,36.8,63.2,1,1,0,0,3,0
2023-04-07 23:00:00,Atlético Palmaflor,Libertad Gran Mamoré,4.0,1.0,Cochabamba,Bolivia,Bicentenario de Villa Tunari,,,,División Profesional,,20230407_Atlético-Palmaflor_Libertad-Gran-Mamoré,37.6640690947886,2.5,0.4,9,2,20,5,45.4,54.6,1,1,0,0,7,6
2023-04-08 19:00:00,Royal Pari,The Strongest,0.0,2.0,Santa Cruz,Bolivia,Estadio Ramón Tahuichi,,,,División Profesional,,20230408_Royal-Pari_The-Strongest,-205.64602114547824,0.97,1.14,3,4,6,9,45.0,55.0,2,4,0,0,3,3
2023-04-08 21:30:00,Universitario de Vinto,Wilstermann,0.0,1.0,Cochabamba,Bolivia,Estadio Félix Capriles,,,,División Profesional,,20230408_Universitario-de-Vinto_Wilstermann,16.109652186712538,0.05,0.51,0,1,0,2,47.3,52.7,1,3,0,0,2,3
2023-04-09 00:00:00,Real Santa Cruz,Blooming,2.0,1.0,Santa Cruz,Bolivia,Estadio Real Santa Cruz,,,,División Profesional,,20230409_Real-Santa-Cruz_Blooming,62.9398820841368,0.71,1.59,2,5,3,12,49.4,50.6,3,1,0,0,6,6
2023-04-09 19:00:00,Bolívar,Vaca Díez,3.0,0.0,La Paz,Bolivia,Estadio Hernando Siles,,,,División Profesional,,20230409_Bolívar_Vaca-Díez,185.2369020401968,1.11,1.12,5,2,12,4,55.8,44.2,2,5,0,0,5,2
2023-04-09 21:30:00,Guabirá,Oriente Petrolero,2.0,3.0,Montero,Bolivia,Estadio Gilberto Parada,,,,División Profesional,,20230409_Guabirá_Oriente-Petrolero,-11.71108509601936,1.04,1.34,3,5,8,12,51.6,48.4,1,1,0,0,3,2
2023-04-09 23:30:00,Independiente Petrolero,Always Ready,1.0,2.0,Cochabamba,Bolivia,Estadio Olímpico Patria,,,,División Profesional,,20230409_Independiente-Petrolero_Always-Ready,-126.87252573450132,1.55,1.62,6,6,13,13,48.3,51.7,1,0,0,0,6,5
2023-04-11 00:00:00,Real Tomayapo,Aurora,2.0,1.0,Tarija,Bolivia,Estadio IV Centenário,,,,División Profesional,,20230411_Real-Tomayapo_Aurora,-58.91036426697087,1.59,1.27,4,4,7,9,45.8,54.2,1,2,0,0,2,1
2023-04-12 19:00:00,Libertad Gran Mamoré,Bolívar,2.0,0.0,Trinidad,Bolivia,Estadio Gran Mamoré,,,,División Profesional,,20230412_Libertad-Gran-Mamoré_Bolívar,-223.85372599382117,1.71,0.85,4,2,8,5,48.2,51.8,1,2,0,0,1,3
2023-04-15 00:00:00,Oriente Petrolero,Royal Pari,1.0,2.0,Santa Cruz,Bolivia,Estadio Ramón Tahuichi,,,,División Profesional,,20230415_Oriente-Petrolero_Royal-Pari,74.44998405259162,1.61,1.4,6,2,12,4,56.4,43.6,3,0,0,0,4,2
2023-04-15 19:00:00,Always Ready,Bolívar,2.0,2.0,"El Alto, La Paz.",Bolivia,Municipal Villa Ingenio,,,,División Profesional,,20230415_Always-Ready_Bolívar,-51.58945826955846,1.36,1.86,4,5,8,10,49.5,50.5,2,4,0,0,3,10
2023-04-15 20:30:00,Blooming,Guabirá,3.0,1.0,Santa Cruz,Bolivia,Estadio Ramón Tahuichi,,,,División Profesional,,20230415_Blooming_Guabirá,-105.1054199161133,0.39,0.72,3,1,7,2,37.5,62.5,7,2,0,0,7,2
2023-04-16 00:00:00,Wilstermann,Independiente Petrolero,0.0,1.0,Cochabamba,Bolivia,Estadio Félix Capriles,,,,División Profesional,,20230416_Wilstermann_Independiente-Petrolero,40.78953651205211,0.7,0.94,1,2,3,7,50.5,49.5,3,3,0,0,6,2
2023-04-16 19:00:00,Libertad Gran Mamoré,Real Tomayapo,1.0,1.0,Trinidad,Bolivia,Estadio Gran Mamoré,,,,División Profesional,,20230416_Libertad-Gran-Mamoré_Real-Tomayapo,10.316620709508243,0.61,0.05,3,1,8,3,51.6,48.4,0,1,0,0,2,3
2023-04-16 21:30:00,Nacional Potosí,Universitario de Vinto,2.0,1.0,Potosí,Bolivia,Estadio Víctor Agustín Ugarte,,,,División Profesional,,20230416_Nacional-Potosí_Universitario-de-Vinto,42.8783666894858,0.76,1.37,4,5,9,11,44.8,55.2,3,1,0,0,4,7
2023-04-16 23:30:00,Aurora,Real Santa Cruz,1.0,1.0,Cochabamba,Bolivia,Estadio Félix Capriles,,,,División Profesional,,20230416_Aurora_Real-Santa-Cruz,7.825455153435087,1.05,0.66,2,1,7,3,55.3,44.7,1,2,0,0,8,4
2023-04-17 19:00:00,Vaca Díez,Atlético Palmaflor,3.0,1.0,Cobija,Bolivia,Estadio Roberto Jordan Cuellár,,,,División Profesional,,20230417_Vaca-Díez_Atlético-Palmaflor,-32.748715434744554,1.35,2.25,5,8,9,15,46.3,53.7,2,4,0,0,7,9
2023-04-21 22:00:00,Independiente Petrolero,Nacional Potosí,0.0,1.0,Cochabamba,Bolivia,Estadio Olímpico Patria,,,,División Profesional,,20230421_Independiente-Petrolero_Nacional-Potosí,-71.78966035514281,0.7,1.48,2,4,5,9,52.5,47.5,1,4,0,0,3,2
2023-04-22 00:00:00,Royal Pari,Blooming,1.0,2.0,Santa Cruz,Bolivia,Estadio Ramón Tahuichi,,,,División Profesional,,20230422_Royal-Pari_Blooming,64.56723764993944,0.64,1.39,1,5,1,12,52.8,47.2,1,4,0,1,4,6
2023-04-22 21:30:00,Guabirá,Aurora,1.0,0.0,Montero,Bolivia,Estadio Gilberto Parada,,,,División Profesional,,20230422_Guabirá_Aurora,-0.612272229070868,0.46,1.83,2,6,4,15,52.7,47.3,2,2,0,0,3,8
2023-04-23 00:00:00,The Strongest,Oriente Petrolero,0.0,0.0,La Paz,Bolivia,Estadio Hernando Siles,,,,División Profesional,,20230423_The-Strongest_Oriente-Petrolero,156.97859740774356,0.84,0.56,3,1,5,2,52.5,47.5,1,2,0,0,4,4
2023-04-23 19:00:00,Real Santa Cruz,Libertad Gran Mamoré,3.0,2.0,Santa Cruz,Bolivia,Estadio Ramón Tahuichi,,,,División Profesional,,20230423_Real-Santa-Cruz_Libertad-Gran-Mamoré,13.363913998587122,1.92,1.3,6,6,14,13,52.4,47.6,1,4,0,0,9,5
2023-04-23 21:30:00,Bolívar,Wilstermann,1.0,3.0,La Paz,Bolivia,Estadio Hernando Siles,,,,División Profesional,,20230423_Bolívar_Wilstermann,164.91177296370347,0.58,1.4,1,3,2,7,56.0,44.0,3,4,0,0,6,4
2023-04-23 23:30:00,Real Tomayapo,Vaca Díez,3.0,2.0,Tarija,Bolivia,Estadio IV Centenário,,,,División Profesional,,20230423_Real-Tomayapo_Vaca-Díez,-30.598054540433168,1.93,0.5,6,3,14,7,53.3,46.7,1,3,0,0,6,4
2023-04-25 19:00:00,Always Ready,Blooming,0.0,0.0,,,,,,,División Profesional,,20230425_Always-Ready_Blooming,176.57889543085525,0.83,0.45,4,0,9,0,47.9,52.1,0,2,0,0,4,4
2023-04-25 19:00:00,Universitario de Vinto,Independiente Petrolero,2.0,0.0,,,,,,,División Profesional,,20230425_Universitario-de-Vinto_Independiente-Petrolero,17.41344787064054,0.1,0.25,2,1,6,3,35.8,64.2,4,0,0,0,3,2
2023-04-26 00:00:00,The Strongest,Atlético Palmaflor,2.0,0.0,,,,,,,División Profesional,,20230426_The-Strongest_Atlético-Palmaflor,180.34046164847905,0.65,0.73,2,1,4,4,57.1,42.9,3,1,0,0,3,4
2023-04-26 19:00:00,Real Santa Cruz,Aurora,0.0,1.0,,,,,,,División Profesional,,20230426_Real-Santa-Cruz_Aurora,16.274818120356258,0.52,1.82,2,7,4,16,53.7,46.3,1,1,0,0,6,13
2023-04-27 00:00:00,Bolívar,Royal Pari,5.0,1.0,,,,,,,División Profesional,,20230427_Bolívar_Royal-Pari,171.1694790506872,1.83,1.23,6,4,12,10,51.6,48.4,0,6,1,0,8,7
2023-04-27 19:00:00,Vaca Díez,Nacional Potosí,5.0,2.0,,,,,,,División Profesional,,20230427_Vaca-Díez_Nacional-Potosí,-79.32186723092559,1.31,1.84,5,4,11,10,47.6,52.4,1,3,0,0,4,6
2023-04-27 22:00:00,Real Tomayapo,Wilstermann,1.0,5.0,,,,,,,División Profesional,,20230427_Real-Tomayapo_Wilstermann,-33.755097605856236,1.6,1.75,5,5,10,14,41.1,58.9,0,2,0,0,3,5
2023-04-28 19:00:00,Universitario de Vinto,Independiente Petrolero,0.0,1.0,Cochabamba,Bolivia,Estadio Municipal de Quillacollo,,,,División Profesional,,20230428_Universitario-de-Vinto_Independiente-Petrolero,40.21157570826608,1.47,1.75,3,5,5,11,55.8,44.2,1,2,0,0,7,1
2023-04-29 00:00:00,Blooming,The Strongest,1.0,3.0,Santa Cruz,Bolivia,Estadio Ramón Tahuichi,,,,División Profesional,,20230429_Blooming_The-Strongest,-248.29827803781268,0.99,0.78,2,3,7,6,43.2,56.8,1,2,0,0,3,3
2023-04-30 00:00:00,Aurora,Royal Pari,3.0,0.0,Cochabamba,Bolivia,Estadio Félix Capriles,,,,División Profesional,,20230430_Aurora_Royal-Pari,31.373047831109943,1.83,0.05,6,0,15,0,53.8,46.2,2,4,0,0,5,0
2023-04-30 19:00:00,Vaca Díez,Real Santa Cruz,2.0,1.0,Cobija,Bolivia,Estadio Roberto Jordan Cuellár,,,,División Profesional,,20230430_Vaca-Díez_Real-Santa-Cruz,10.291960269777292,1.05,1.66,5,5,12,10,51.0,49.0,2,1,0,0,2,7
2023-04-30 21:30:00,Nacional Potosí,Bolívar,3.0,2.0,La Paz,Bolivia,Estadio Hernando Siles,,,,División Profesional,,20230430_Nacional-Potosí_Bolívar,-101.46538703243209,2.54,1.15,6,5,12,9,43.8,56.2,1,0,0,0,5,3
2023-04-30 23:30:00,Wilstermann,Atlético Palmaflor,4.0,0.0,Cochabamba,Bolivia,Estadio Félix Capriles,,,,División Profesional,,20230430_Wilstermann_Atlético-Palmaflor,26.83203819936307,2.18,0.91,8,3,19,6,51.2,48.8,3,1,0,0,11,8
2023-05-01 19:00:00,Libertad Gran Mamoré,Guabirá,0.0,1.0,Trinidad,Bolivia,Estadio Gran Mamoré,,,,División Profesional,,20230501_Libertad-Gran-Mamoré_Guabirá,-43.596426397647974,0.56,0.98,4,2,9,5,51.5,48.5,3,1,0,0,6,7
2023-05-02 19:00:00,Always Ready,Real Tomayapo,1.0,1.0,"El Alto, La Paz.",Bolivia,Municipal Villa Ingenio,,,,División Profesional,,20230502_Always-Ready_Real-Tomayapo,138.52666701035992,1.76,0.8,5,3,11,8,55.6,44.4,5,2,0,0,9,7
2023-05-05 23:00:00,Guabirá,Vaca Díez,2.0,2.0,Montero,Bolivia,Estadio Gilberto Parada,,,,División Profesional,,20230505_Guabirá_Vaca-Díez,8.282399185954091,1.52,1.95,6,7,11,15,52.3,47.7,2,1,0,0,11,6
2023-05-06 19:00:00,Real Santa Cruz,Always Ready,2.0,1.0,Santa Cruz,Bolivia,Estadio Real Santa Cruz,,,,División Profesional,,20230506_Real-Santa-Cruz_Always-Ready,-125.89639600091891,0.95,0.86,2,3,5,8,51.8,48.2,1,0,0,0,3,2
2023-05-07 19:00:00,The Strongest,Aurora,2.0,2.0,La Paz,Bolivia,Estadio Hernando Siles,,,,División Profesional,,20230507_The-Strongest_Aurora,186.63193038009467,1.09,1.06,4,2,10,6,60.9,39.1,1,1,0,0,7,5
2023-05-08 00:00:00,Oriente Petrolero,Blooming,1.0,1.0,Santa Cruz,Bolivia,Estadio Ramón Tahuichi,,,,División Profesional,,20230508_Oriente-Petrolero_Blooming,99.84176591347978,0.92,0.26,1,2,3,6,55.5,44.5,2,0,0,0,0,4
2023-05-08 23:00:00,Bolívar,Universitario de Vinto,1.0,1.0,La Paz,Bolivia,Estadio Hernando Siles,,,,División Profesional,,20230508_Bolívar_Universitario-de-Vinto,146.83436546542157,1.1,0.59,3,2,8,5,51.7,48.3,2,0,0,0,7,3
2023-05-10 19:00:00,Vaca Díez,Always Ready,1.0,1.0,Cobija,Bolivia,Estadio Roberto Jordan Cuellár,,,,División Profesional,,20230510_Vaca-Díez_Always-Ready,-75.86167945726174,1.14,1.24,1,4,2,9,45.4,54.6,2,0,0,0,4,8
2023-05-10 21:30:00,The Strongest,Guabirá,1.0,0.0,La Paz,Bolivia,Estadio Hernando Siles,,,,División Profesional,,20230510_The-Strongest_Guabirá,170.57677011883084,0.94,1.33,4,4,10,7,52.4,47.6,1,2,0,1,2,5
2023-05-11 00:00:00,Oriente Petrolero,Real Santa Cruz,0.0,1.0,Santa Cruz,Bolivia,Estadio Ramón Tahuichi,,,,División Profesional,,20230511_Oriente-Petrolero_Real-Santa-Cruz,40.79015401857987,1.08,1.62,3,4,8,8,58.3,41.7,1,1,0,0,5,2
2023-05-12 22:00:00,Universitario de Vinto,Atlético Palmaflor,0.0,1.0,Cochabamba,Bolivia,Estadio Félix Capriles,,,,División Profesional,,20230512_Universitario-de-Vinto_Atlético-Palmaflor,6.445450759272262,0.87,0.1,3,2,7,4,50.7,49.3,3,1,0,0,4,8
2023-05-13 00:00:00,Nacional Potosí,Real Tomayapo,3.0,1.0,Potosí,Bolivia,Estadio Víctor Agustín Ugarte,,,,División Profesional,,20230513_Nacional-Potosí_Real-Tomayapo,90.81846544412383,1.38,0.1,4,1,8,3,54.6,45.4,1,3,0,1,6,1
2023-05-13 19:00:00,Vaca Díez,Royal Pari,1.0,1.0,Cobija,Bolivia,Estadio Roberto Jordan Cuellár,,,,División Profesional,,20230513_Vaca-Díez_Royal-Pari,58.2457232622437,0.87,2.12,3,5,5,11,48.4,51.6,1,3,0,0,4,6
2023-05-13 23:00:00,Wilstermann,Real Santa Cruz,1.0,0.0,Cochabamba,Bolivia,Estadio Félix Capriles,,,,División Profesional,,20230513_Wilstermann_Real-Santa-Cruz,28.851775857693838,0.59,1.18,3,4,7,9,54.0,46.0,2,3,0,0,7,1
2023-05-14 19:00:00,Libertad Gran Mamoré,The Strongest,1.0,0.0,Trinidad,Bolivia,Estadio Gran Mamoré,,,,División Profesional,,20230514_Libertad-Gran-Mamoré_The-Strongest,-241.43162844484232,0.76,0.14,1,2,3,5,44.4,55.6,3,2,0,0,4,6
2023-05-14 21:30:00,Independiente Petrolero,Bolívar,2.0,1.0,Cochabamba,Bolivia,Estadio Olímpico Patria,,,,División Profesional,,20230514_Independiente-Petrolero_Bolívar,-155.49090348086042,1.19,0.88,5,3,10,6,44.2,55.8,0,1,0,0,6,1
2023-05-14 23:30:00,Aurora,Oriente Petrolero,2.0,2.0,Cochabamba,Bolivia,Estadio Félix Capriles,,,,División Profesional,,20230514_Aurora_Oriente-Petrolero,-6.252553332216166,1.11,1.5,3,4,8,10,49.4,50.6,2,0,0,0,5,7
2023-05-15 19:00:00,Always Ready,Guabirá,3.0,0.0,"El Alto, La Paz.",Bolivia,Municipal Villa Ingenio,,,,División Profesional,,20230515_Always-Ready_Guabirá,72.11225969127258,1.5,0.25,5,1,11,3,51.7,48.3,2,0,0,0,6,2
2023-05-17 19:00:00,Libertad Gran Mamoré,Oriente Petrolero,4.0,0.0,,,,,,,División Profesional,,20230517_Libertad-Gran-Mamoré_Oriente-Petrolero,-46.8628568683464,1.35,0.75,6,3,14,7,53.9,46.1,2,2,0,1,12,7
2023-05-19 19:00:00,Real Santa Cruz,Nacional Potosí,2.0,0.0,Santa Cruz,Bolivia,Estadio Real Santa Cruz,,,,División Profesional,,20230519_Real-Santa-Cruz_Nacional-Potosí,-77.64917985911597,0.57,0.86,3,1,7,1,47.2,52.8,3,2,0,0,3,2
2023-05-20 00:00:00,Real Tomayapo,Universitario de Vinto,0.0,2.0,Tarija,Bolivia,Estadio IV Centenário,,,,División Profesional,,20230520_Real-Tomayapo_Universitario-de-Vinto,-16.13304469888726,0.45,1.06,0,4,0,9,51.7,48.3,0,3,0,0,1,10
2023-05-20 19:00:00,Royal Pari,Always Ready,1.0,2.0,Montero,Bolivia,Estadio Gilberto Parada,,,,División Profesional,,20230520_Royal-Pari_Always-Ready,-136.50017576240498,1.12,1.46,1,5,2,10,45.9,54.1,2,1,0,0,3,7
2023-05-21 00:00:00,The Strongest,Vaca Díez,4.0,1.0,La Paz,Bolivia,Estadio Hernando Siles,,,,División Profesional,,20230521_The-Strongest_Vaca-Díez,165.02779125852953,1.37,0.12,5,2,11,5,54.2,45.8,0,3,0,0,8,3
2023-05-21 19:00:00,Blooming,Aurora,2.0,1.0,Santa Cruz,Bolivia,Estadio Real Santa Cruz,,,,División Profesional,,20230521_Blooming_Aurora,-73.68969425258388,0.71,0.1,3,1,7,1,54.6,45.4,0,3,0,1,4,4
2023-05-21 19:00:00,Guabirá,Wilstermann,1.0,1.0,Montero,Bolivia,Estadio Gilberto Parada,,,,División Profesional,,20230521_Guabirá_Wilstermann,-43.93458729170629,1.57,1.69,6,4,12,9,49.1,50.9,0,2,0,0,8,1
2023-05-21 23:30:00,Atlético Palmaflor,Independiente Petrolero,0.0,1.0,Cochabamba,Bolivia,Bicentenario de Villa Tunari,,,,División Profesional,,20230521_Atlético-Palmaflor_Independiente-Petrolero,6.974508522417636,1.21,0.18,2,1,2,3,47.3,52.7,5,3,0,0,3,1
2023-05-27 00:00:00,Bolívar,Atlético Palmaflor,5.0,1.0,La Paz,Bolivia,Estadio Hernando Siles,,,,División Profesional,,20230527_Bolívar_Atlético-Palmaflor,126.68028255638023,2.72,0.65,9,3,20,6,55.0,45.0,2,1,0,0,12,7
2023-05-27 19:00:00,Libertad Gran Mamoré,Blooming,2.0,1.0,Trinidad,Bolivia,Estadio Gran Mamoré,,,,División Profesional,,20230527_Libertad-Gran-Mamoré_Blooming,31.748705140394577,1.55,1.72,4,5,8,11,50.9,49.1,2,1,0,0,8,8
2023-05-27 21:30:00,Wilstermann,Royal Pari,0.0,0.0,Cochabamba,Bolivia,Estadio Félix Capriles,,,,División Profesional,,20230527_Wilstermann_Royal-Pari,95.2380369684447,0.92,1.24,3,5,7,12,51.9,48.1,0,3,0,0,6,3
2023-05-28 00:00:00,Independiente Petrolero,Real Tomayapo,0.0,3.0,Cochabamba,Bolivia,Estadio Olímpico Patria,,,,División Profesional,,20230528_Independiente-Petrolero_Real-Tomayapo,50.842313466268024,0.05,1.18,0,4,0,8,51.3,48.7,1,2,0,0,1,5
2023-05-28 21:30:00,Nacional Potosí,Guabirá,6.0,0.0,Potosí,Bolivia,Estadio Víctor Agustín Ugarte,,,,División Profesional,,20230528_Nacional-Potosí_Guabirá,54.57289328702518,2.53,0.17,8,0,15,0,54.9,45.1,1,1,0,0,11,1
2023-05-28 23:30:00,Universitario de Vinto,Real Santa Cruz,1.0,0.0,Cochabamba,Bolivia,Estadio Félix Capriles,,,,División Profesional,,20230528_Universitario-de-Vinto_Real-Santa-Cruz,-18.096754257478324,0.59,1.07,3,3,6,8,54.0,46.0,0,2,0,0,7,3
2023-05-29 19:00:00,Always Ready,The Strongest,2.0,0.0,"El Alto, La Paz.",Bolivia,Municipal Villa Ingenio,,,,División Profesional,,20230529_Always-Ready_The-Strongest,-81.96656589079225,1.79,0.68,6,2,14,6,53.0,47.0,0,2,0,0,8,4
2023-05-29 19:00:00,Vaca Díez,Oriente Petrolero,3.0,1.0,Cobija,Bolivia,Estadio Roberto Jordan Cuellár,,,,División Profesional,,20230529_Vaca-Díez_Oriente-Petrolero,-1.9703637556324338,1.22,1.57,4,7,11,15,53.6,46.4,1,1,0,0,5,9
2023-05-31 19:00:00,Atlético Palmaflor,Always Ready,0.0,2.0,Cochabamba,Bolivia,Bicentenario de Villa Tunari,,,,División Profesional,,20230531_Atlético-Palmaflor_Always-Ready,-137.37521983466377,1.52,1.36,5,4,12,12,44.6,55.4,3,2,0,0,5,2
2023-06-02 23:00:00,Aurora,Libertad Gran Mamoré,5.0,0.0,Cochabamba,Bolivia,Estadio Félix Capriles,,,,División Profesional,,20230602_Aurora_Libertad-Gran-Mamoré,2.0191844627718183,1.95,1.01,5,3,11,5,50.3,49.7,4,0,0,0,2,2
2023-06-03 19:00:00,Royal Pari,Nacional Potosí,2.0,2.0,Santa Cruz,Bolivia,Estadio Ramón Tahuichi,,,,División Profesional,,20230603_Royal-Pari_Nacional-Potosí,-115.81621221296405,2.53,0.78,6,3,13,5,49.6,50.4,0,0,0,1,3,1
2023-06-03 21:30:00,Real Tomayapo,Bolívar,0.0,0.0,Tarija,Bolivia,Estadio IV Centenário,,,,División Profesional,,20230603_Real-Tomayapo_Bolívar,-154.0805117987104,0.66,0.96,2,3,5,7,40.9,59.1,4,1,0,0,5,4
2023-06-04 00:00:00,Blooming,Vaca Díez,3.0,1.0,Santa Cruz,Bolivia,Estadio Ramón Tahuichi,,,,División Profesional,,20230604_Blooming_Vaca-Díez,-72.39805031008109,2.18,1.43,6,3,12,7,38.4,61.6,2,0,0,0,7,5
2023-06-04 19:00:00,Real Santa Cruz,Independiente Petrolero,1.0,0.0,Santa Cruz,Bolivia,Estadio Real Santa Cruz,,,,División Profesional,,20230604_Real-Santa-Cruz_Independiente-Petrolero,7.3929824780643685,0.77,0.58,2,0,5,0,54.3,45.7,1,1,0,0,4,1
2023-06-04 21:30:00,The Strongest,Wilstermann,1.0,0.0,La Paz,Bolivia,Estadio Hernando Siles,,,,División Profesional,,20230604_The-Strongest_Wilstermann,126.68632801823082,0.35,0.3,2,2,4,4,47.6,52.4,1,2,0,0,5,6
2023-06-04 23:30:00,Oriente Petrolero,Always Ready,2.0,0.0,Santa Cruz,Bolivia,Estadio Ramón Tahuichi,,,,División Profesional,,20230604_Oriente-Petrolero_Always-Ready,-128.81321060886899,2.05,1.27,6,3,14,7,47.2,52.8,1,1,0,0,10,4
2023-06-05 19:00:00,Guabirá,Universitario de Vinto,1.0,0.0,Montero,Bolivia,Estadio Gilberto Parada,,,,División Profesional,,20230605_Guabirá_Universitario-de-Vinto,-10.858161999443382,1.13,0.61,3,2,9,3,48.6,51.4,2,2,0,0,3,1
2023-06-11 23:30:00,Oriente Petrolero,Libertad Gran Mamoré,1.0,1.0,Santa Cruz,Bolivia,Estadio Ramón Tahuichi,,,,División Profesional,,20230611_Oriente-Petrolero_Libertad-Gran-Mamoré,24.856716819954727,1.23,0.79,5,3,13,4,50.7,49.3,2,3,0,0,6,2
2023-06-23 19:00:00,Vaca Díez,Aurora,2.0,3.0,Cobija,Bolivia,Estadio Roberto Jordan Cuellár,,,,División Profesional,,20230623_Vaca-Díez_Aurora,-9.578026570852899,1.03,1.17,3,3,8,7,50.3,49.7,6,3,1,0,4,6
2023-06-23 23:00:00,Atlético Palmaflor,Real Tomayapo,0.0,0.0,Cochabamba,Bolivia,Bicentenario de Villa Tunari,,,,División Profesional,,20230623_Atlético-Palmaflor_Real-Tomayapo,-0.7034679433522797,1.38,1.22,4,6,9,12,58.6,41.4,2,2,0,0,4,5
2023-06-24 19:00:00,Nacional Potosí,The Strongest,6.0,3.0,Potosí,Bolivia,Estadio Víctor Agustín Ugarte,,,,División Profesional,,20230624_Nacional-Potosí_The-Strongest,-111.35614538085883,0.98,1.57,6,4,13,8,43.7,56.3,1,2,0,0,11,9
2023-06-25 00:00:00,Universitario de Vinto,Royal Pari,1.0,2.0,Cochabamba,Bolivia,Estadio Félix Capriles,,,,División Profesional,,20230625_Universitario-de-Vinto_Royal-Pari,35.607350028430574,1.0,0.49,2,2,5,3,59.5,40.5,0,1,0,0,6,4
2023-06-25 19:00:00,Always Ready,Blooming,2.0,0.0,"El Alto, La Paz.",Bolivia,Municipal Villa Ingenio,,,,División Profesional,,20230625_Always-Ready_Blooming,148.32473785679917,1.15,1.11,4,3,10,7,49.7,50.3,0,1,0,0,5,5
2023-06-25 21:30:00,Bolívar,Real Santa Cruz,3.0,0.0,La Paz,Bolivia,Estadio Hernando Siles,,,,División Profesional,,20230625_Bolívar_Real-Santa-Cruz,106.58943615347175,1.09,1.13,3,5,8,10,52.9,47.1,1,2,0,0,11,1
2023-06-25 23:30:00,Wilstermann,Oriente Petrolero,3.0,2.0,Cochabamba,Bolivia,Estadio Félix Capriles,,,,División Profesional,,20230625_Wilstermann_Oriente-Petrolero,23.838906510524566,0.38,1.91,3,6,7,13,48.1,51.9,1,0,0,0,2,13
2023-06-26 23:00:00,Independiente Petrolero,Guabirá,1.0,0.0,Cochabamba,Bolivia,Estadio Olímpico Patria,,,,División Profesional,,20230626_Independiente-Petrolero_Guabirá,-27.80661599051109,1.28,0.84,5,3,9,8,46.5,53.5,1,3,0,0,8,5
2023-07-01 00:00:00,Royal Pari,Wilstermann,2.0,1.0,,,,,,,División Profesional,,20230701_Royal-Pari_Wilstermann,-75.10474240765552,0.86,0.05,4,1,8,2,49.1,50.9,1,2,0,0,7,4
2023-07-01 19:00:00,Libertad Gran Mamoré,Real Tomayapo,0.0,0.0,,,,,,,División Profesional,,20230701_Libertad-Gran-Mamoré_Real-Tomayapo,15.114895362371499,0.16,0.61,1,2,2,7,49.4,50.6,1,0,0,0,3,8
2023-07-01 21:30:00,Nacional Potosí,Always Ready,4.0,0.0,,,,,,,División Profesional,,20230701_Nacional-Potosí_Always-Ready,-33.82000149771034,2.29,0.84,7,3,15,7,57.4,42.6,2,3,0,0,14,5
2023-07-02 00:00:00,Atlético Palmaflor,Aurora,0.0,0.0,,,,,,,División Profesional,,20230702_Atlético-Palmaflor_Aurora,-52.46168689007641,0.33,0.13,2,1,5,2,42.0,58.0,0,3,0,0,5,2
2023-07-02 19:00:00,Guabirá,The Strongest,0.0,0.0,,,,,,,División Profesional,,20230702_Guabirá_The-Strongest,-167.19554202218433,1.53,0.72,5,2,11,4,44.2,55.8,2,1,0,0,6,1
2023-07-02 19:00:00,Vaca Díez,Universitario de Vinto,2.0,1.0,,,,,,,División Profesional,,20230702_Vaca-Díez_Universitario-de-Vinto,11.56440651477078,1.49,1.05,5,3,13,5,48.3,51.7,1,2,0,0,7,6
2023-07-02 23:30:00,Oriente Petrolero,Bolívar,0.0,2.0,,,,,,,División Profesional,,20230702_Oriente-Petrolero_Bolívar,-125.45849531627937,0.05,1.13,1,3,1,6,49.4,50.6,3,2,0,0,3,5
2023-07-04 00:00:00,Blooming,Independiente Petrolero,2.0,0.0,,,,,,,División Profesional,,20230704_Blooming_Independiente-Petrolero,-39.67052539845736,1.4,1.36,3,4,7,8,51.3,48.7,2,3,0,0,2,4
2023-07-08 00:00:00,Atlético Palmaflor,Real Santa Cruz,1.0,0.0,Cochabamba,Bolivia,Bicentenario de Villa Tunari,,,,División Profesional,,20230708_Atlético-Palmaflor_Real-Santa-Cruz,-27.945505051016426,1.62,0.63,3,3,6,7,47.4,52.6,2,2,0,0,1,3
2023-07-08 19:00:00,Vaca Díez,Libertad Gran Mamoré,2.0,1.0,Cobija,Bolivia,Estadio Roberto Jordan Cuellár,,,,División Profesional,,20230708_Vaca-Díez_Libertad-Gran-Mamoré,15.89779775314878,1.64,0.19,3,1,7,0,57.9,42.1,0,3,0,0,4,3
2023-07-08 21:30:00,Bolívar,Guabirá,3.0,1.0,La Paz,Bolivia,Estadio Hernando Siles,,,,División Profesional,,20230708_Bolívar_Guabirá,133.5325045757645,0.51,0.43,3,1,5,2,63.6,36.4,2,1,0,0,4,3
2023-07-09 00:00:00,Wilstermann,Blooming,1.0,0.0,Cochabamba,Bolivia,Estadio Félix Capriles,,,,División Profesional,,20230709_Wilstermann_Blooming,65.4314603692062,0.6,0.91,3,1,11,2,53.3,46.7,1,1,0,0,3,3
2023-07-09 19:00:00,Always Ready,Aurora,3.0,1.0,"El Alto, La Paz.",Bolivia,Municipal Villa Ingenio,,,,División Profesional,,20230709_Always-Ready_Aurora,79.41035337050926,1.65,0.66,5,2,13,4,47.3,52.7,2,1,0,0,9,4
2023-07-09 21:30:00,Independiente Petrolero,Royal Pari,4.0,2.0,Cochabamba,Bolivia,Estadio Olímpico Patria,,,,División Profesional,,20230709_Independiente-Petrolero_Royal-Pari,-6.493411766580948,0.42,1.62,4,5,9,12,44.0,56.0,1,4,0,0,4,8
2023-07-09 23:30:00,Universitario de Vinto,The Strongest,1.0,3.0,Cochabamba,Bolivia,Estadio Félix Capriles,,,,División Profesional,,20230709_Universitario-de-Vinto_The-Strongest,-187.58839035759456,1.02,1.89,4,6,7,15,42.4,57.6,1,3,0,1,4,9
2023-07-11 00:00:00,Atlético Palmaflor,Real Santa Cruz,0.0,0.0,,,,,,,División Profesional,,20230711_Atlético-Palmaflor_Real-Santa-Cruz,-2.019250172833381,1.37,0.88,3,3,6,6,46.8,53.2,2,1,1,0,6,1
2023-07-11 00:00:00,Nacional Potosí,Oriente Petrolero,3.0,1.0,Potosí,Bolivia,Estadio Víctor Agustín Ugarte,,,,División Profesional,,20230711_Nacional-Potosí_Oriente-Petrolero,102.6939531640503,1.48,1.22,6,3,11,5,52.5,47.5,0,4,0,0,8,2
2023-07-12 00:00:00,Bolívar,Libertad Gran Mamoré,4.0,0.0,,,,,,,División Profesional,,20230712_Bolívar_Libertad-Gran-Mamoré,164.84438873416684,1.7,1.61,5,4,13,8,59.7,40.3,5,3,0,0,7,5
2023-07-12 19:00:00,Always Ready,Vaca Díez,3.0,1.0,,,,,,,División Profesional,,20230712_Always-Ready_Vaca-Díez,96.78063216518603,2.34,1.12,5,2,12,5,53.0,47.0,0,0,0,0,7,7
2023-07-12 22:00:00,Aurora,Guabirá,0.0,0.0,,,,,,,División Profesional,,20230712_Aurora_Guabirá,21.455443455944533,0.81,0.05,2,0,5,0,48.3,51.7,2,0,0,0,3,3
2023-07-13 00:00:00,Blooming,Universitario de Vinto,2.0,1.0,,,,,,,División Profesional,,20230713_Blooming_Universitario-de-Vinto,-6.118185303834025,1.63,1.6,5,4,11,7,55.2,44.8,5,3,0,0,5,3
2023-07-13 19:00:00,Royal Pari,Real Tomayapo,3.0,0.0,,,,,,,División Profesional,,20230713_Royal-Pari_Real-Tomayapo,-0.02202586070234247,2.21,1.05,6,5,12,12,45.0,55.0,1,1,0,0,11,8
2023-07-13 22:00:00,Independiente Petrolero,Nacional Potosí,1.0,2.0,,,,,,,División Profesional,,20230713_Independiente-Petrolero_Nacional-Potosí,-112.02580382747419,0.93,0.05,2,2,5,4,47.4,52.6,1,3,0,0,5,6
2023-07-14 00:00:00,Wilstermann,Oriente Petrolero,0.0,0.0,,,,,,,División Profesional,,20230714_Wilstermann_Oriente-Petrolero,57.805519503905316,1.8,2.01,7,5,14,10,53.5,46.5,4,0,0,0,7,6
2023-07-15 19:00:00,Guabirá,Atlético Palmaflor,1.0,0.0,Montero,Bolivia,Estadio Gilberto Parada,,,,División Profesional,,20230715_Guabirá_Atlético-Palmaflor,5.812799940414834,1.66,1.18,5,2,12,5,46.3,53.7,2,4,0,0,9,7
2023-07-15 19:00:00,Libertad Gran Mamoré,Always Ready,1.0,2.0,Trinidad,Bolivia,Estadio Gran Mamoré,,,,División Profesional,,20230715_Libertad-Gran-Mamoré_Always-Ready,-151.02063276432727,0.74,1.6,3,5,7,12,43.8,56.2,3,5,0,0,5,5
2023-07-16 19:00:00,Royal Pari,Bolívar,0.0,0.0,Santa Cruz,Bolivia,Estadio Ramón Tahuichi,,,,División Profesional,,20230716_Royal-Pari_Bolívar,-162.18426189589582,1.05,0.97,3,1,6,2,46.1,53.9,0,0,0,1,6,3
2023-07-16 21:30:00,Aurora,Wilstermann,1.0,0.0,Cochabamba,Bolivia,Estadio Félix Capriles,,,,División Profesional,,20230716_Aurora_Wilstermann,-26.54372648695903,0.97,1.28,3,2,8,3,45.7,54.3,2,1,0,0,3,6
2023-07-16 23:30:00,Blooming,Nacional Potosí,1.0,0.0,Santa Cruz,Bolivia,Estadio Ramón Tahuichi,,,,División Profesional,,20230716_Blooming_Nacional-Potosí,-143.00671362799335,0.62,0.96,3,5,10,10,50.1,49.9,1,1,0,0,2,8
2023-07-17 19:00:00,Real Santa Cruz,Real Tomayapo,1.0,0.0,Santa Cruz,Bolivia,Estadio Real Santa Cruz,,,,División Profesional,,20230717_Real-Santa-Cruz_Real-Tomayapo,27.535117620653637,1.57,0.05,5,0,10,0,47.8,52.2,1,0,0,0,6,1
2023-07-17 21:30:00,The Strongest,Independiente Petrolero,2.0,0.0,La Paz,Bolivia,Estadio Hernando Siles,,,,División Profesional,,20230717_The-Strongest_Independiente-Petrolero,179.203071020665,0.49,1.25,2,4,2,8,54.4,45.6,2,0,0,0,3,3
2023-07-18 00:00:00,Oriente Petrolero,Universitario de Vinto,1.0,1.0,Santa Cruz,Bolivia,Estadio Ramón Tahuichi,,,,División Profesional,,20230718_Oriente-Petrolero_Universitario-de-Vinto,35.23020227630559,1.42,0.96,6,3,14,6,44.5,55.5,0,3,0,1,12,2
2023-07-19 19:00:00,Guabirá,Atlético Palmaflor,1.0,0.0,,,,,,,División Profesional,,20230719_Guabirá_Atlético-Palmaflor,29.411303406262732,1.09,1.3,2,4,3,7,50.4,49.6,0,2,0,0,3,3
2023-07-19 19:00:00,Libertad Gran Mamoré,Wilstermann,0.0,2.0,,,,,,,División Profesional,,20230719_Libertad-Gran-Mamoré_Wilstermann,-64.23900538956536,0.61,1.59,2,4,3,10,45.4,54.6,1,3,0,0,4,5
2023-07-20 00:00:00,Nacional Potosí,Blooming,0.0,1.0,,,,,,,División Profesional,,20230720_Nacional-Potosí_Blooming,109.65065413168963,1.29,0.96,4,1,9,0,50.0,50.0,1,0,0,0,3,1
2023-07-20 19:00:00,Real Santa Cruz,The Strongest,0.0,0.0,,,,,,,División Profesional,,20230720_Real-Santa-Cruz_The-Strongest,-168.59800242948086,0.79,0.18,3,3,7,8,42.7,57.3,1,1,0,0,5,4
2023-07-20 22:00:00,Oriente Petrolero,Royal Pari,2.0,1.0,,,,,,,División Profesional,,20230720_Oriente-Petrolero_Royal-Pari,-6.281294127666797,0.98,1.23,4,4,6,9,44.4,55.6,2,1,0,0,5,4
2023-07-21 00:00:00,Real Tomayapo,Bolívar,1.0,0.0,,,,,,,División Profesional,,20230721_Real-Tomayapo_Bolívar,-191.98735532145065,0.6,0.89,1,5,2,12,44.8,55.2,0,0,0,0,4,6
2023-07-21 19:00:00,Vaca Díez,Independiente Petrolero,0.0,1.0,,,,,,,División Profesional,,20230721_Vaca-Díez_Independiente-Petrolero,29.31250587419845,2.11,1.26,6,5,12,12,57.2,42.8,1,3,0,0,11,7
2023-07-21 23:00:00,Universitario de Vinto,Always Ready,0.0,0.0,,,,,,,División Profesional,,20230721_Universitario-de-Vinto_Always-Ready,-175.91181652065643,0.71,1.27,4,4,9,7,51.8,48.2,1,2,0,0,9,4
2023-07-22 19:00:00,Nacional Potosí,Aurora,0.0,0.0,Potosí,Bolivia,Estadio Víctor Agustín Ugarte,,,,División Profesional,,20230722_Nacional-Potosí_Aurora,53.516427471060524,1.8,0.97,5,3,11,3,49.4,50.6,0,2,0,0,8,3
2023-07-22 21:30:00,Wilstermann,Libertad Gran Mamoré,1.0,0.0,Cochabamba,Bolivia,Estadio Félix Capriles,,,,División Profesional,,20230722_Wilstermann_Libertad-Gran-Mamoré,83.8514166445791,0.46,1.04,3,2,8,5,54.5,45.5,1,1,0,0,7,4
2023-07-23 19:00:00,Real Tomayapo,Guabirá,2.0,0.0,Tarija,Bolivia,Estadio IV Centenário,,,,División Profesional,,20230723_Real-Tomayapo_Guabirá,-47.2754958272144,2.07,0.95,7,1,16,4,37.6,62.4,3,4,0,0,9,4
2023-07-23 21:30:00,Bolívar,The Strongest,3.0,0.0,La Paz,Bolivia,Estadio Hernando Siles,,,,División Profesional,,20230723_Bolívar_The-Strongest,-38.87173702067639,1.73,0.71,7,3,16,7,45.3,54.7,4,1,1,0,6,3
2023-07-23 23:30:00,Atlético Palmaflor,Royal Pari,2.0,2.0,Cochabamba,Bolivia,Bicentenario de Villa Tunari,,,,División Profesional,,20230723_Atlético-Palmaflor_Royal-Pari,-14.120420246099002,0.77,0.91,2,2,4,5,48.2,51.8,1,4,0,0,4,2
2023-07-24 19:00:00,Always Ready,Vaca Díez,1.0,0.0,"El Alto, La Paz.",Bolivia,Municipal Villa Ingenio,,,,División Profesional,,20230724_Always-Ready_Vaca-Díez,128.75754582164927,1.34,0.91,5,3,9,7,53.4,46.6,3,1,0,0,6,5
2023-07-24 22:00:00,Universitario de Vinto,Blooming,1.0,0.0,Cochabamba,Bolivia,Estadio Félix Capriles,,,,División Profesional,,20230724_Universitario-de-Vinto_Blooming,-43.83122317525044,0.58,0.8,1,1,0,3,42.1,57.9,2,2,0,0,1,7
2023-07-25 00:00:00,Independiente Petrolero,Oriente Petrolero,2.0,0.0,Cochabamba,Bolivia,Estadio Olímpico Patria,,,,División Profesional,,20230725_Independiente-Petrolero_Oriente-Petrolero,-6.764834877254316,0.89,1.53,2,5,5,11,50.8,49.2,3,0,0,0,7,6
2023-07-28 23:30:00,Royal Pari,Real Tomayapo,1.0,2.0,Santa Cruz,Bolivia,Estadio Ramón Tahuichi,,,,División Profesional,,20230728_Royal-Pari_Real-Tomayapo,-4.098833816541173,0.76,0.77,1,2,2,4,49.0,51.0,2,1,0,0,1,4
2023-07-29 19:00:00,Vaca Díez,Wilstermann,2.0,2.0,Cobija,Bolivia,Estadio Roberto Jordan Cuellár,,,,División Profesional,,20230729_Vaca-Díez_Wilstermann,-60.11288965379367,1.0,0.87,2,4,4,10,47.4,52.6,3,4,0,0,2,4
2023-07-29 21:30:00,The Strongest,Atlético Palmaflor,4.0,0.0,La Paz,Bolivia,Estadio Hernando Siles,,,,División Profesional,,20230729_The-Strongest_Atlético-Palmaflor,185.08473114253388,2.02,1.09,5,6,12,15,53.1,46.9,2,1,0,1,2,9
2023-07-30 00:00:00,Oriente Petrolero,Bolívar,1.0,1.0,Santa Cruz,Bolivia,Estadio Ramón Tahuichi,,,,División Profesional,,20230730_Oriente-Petrolero_Bolívar,-153.33508852261457,0.64,0.28,3,2,6,8,39.6,60.4,0,2,0,0,3,3
2023-07-30 19:00:00,Aurora,Universitario de Vinto,0.0,1.0,Cochabamba,Bolivia,Estadio Félix Capriles,,,,División Profesional,,20230730_Aurora_Universitario-de-Vinto,56.96091316307911,0.93,1.36,2,3,4,7,49.8,50.2,3,2,0,0,5,3
2023-07-30 19:00:00,Guabirá,Real Santa Cruz,1.0,2.0,Montero,Bolivia,Estadio Gilberto Parada,,,,División Profesional,,20230730_Guabirá_Real-Santa-Cruz,-3.360311478287258,1.11,1.0,4,4,8,8,55.2,44.8,1,1,0,0,6,5
2023-07-30 23:30:00,Blooming,Independiente Petrolero,1.0,0.0,Santa Cruz,Bolivia,Estadio Ramón Tahuichi,,,,División Profesional,,20230730_Blooming_Independiente-Petrolero,-14.560447422194784,1.02,0.91,4,3,10,5,52.3,47.7,1,0,0,0,12,6
2023-07-31 19:00:00,Libertad Gran Mamoré,Nacional Potosí,3.0,2.0,Trinidad,Bolivia,Estadio Gran Mamoré,,,,División Profesional,,20230731_Libertad-Gran-Mamoré_Nacional-Potosí,-134.17284237210333,1.59,1.76,4,5,9,12,45.8,54.2,1,0,0,0,7,4
2023-08-04 19:00:00,Universitario de Vinto,Libertad Gran Mamoré,1.0,1.0,Cochabamba,Bolivia,Estadio Félix Capriles,,,,División Profesional,,20230804_Universitario-de-Vinto_Libertad-Gran-Mamoré,24.896491320634368,1.52,0.59,6,1,13,1,46.3,53.7,0,1,0,0,9,2
2023-08-04 23:00:00,Bolívar,Blooming,6.0,1.0,La Paz,Bolivia,Estadio Hernando Siles,,,,División Profesional,,20230804_Bolívar_Blooming,132.71353219242997,1.81,1.27,6,4,15,8,60.9,39.1,1,1,1,0,8,4
2023-08-05 19:00:00,Nacional Potosí,Vaca Díez,6.0,1.0,Potosí,Bolivia,Estadio Víctor Agustín Ugarte,,,,División Profesional,,20230805_Nacional-Potosí_Vaca-Díez,73.64415914658912,2.21,2.16,7,7,16,16,58.2,41.8,2,4,0,0,6,7
2023-08-05 21:30:00,Independiente Petrolero,Aurora,1.0,1.0,Cochabamba,Bolivia,Estadio Olímpico Patria,,,,División Profesional,,20230805_Independiente-Petrolero_Aurora,-24.133719816258008,1.53,1.01,5,2,12,5,57.6,42.4,1,5,0,0,3,5
2023-08-06 00:00:00,Atlético Palmaflor,Oriente Petrolero,1.0,2.0,Cochabamba,Bolivia,Bicentenario de Villa Tunari,,,,División Profesional,,20230806_Atlético-Palmaflor_Oriente-Petrolero,-30.67945566603339,0.96,1.25,2,5,4,10,47.0,53.0,1,0,0,0,9,4
2023-08-06 19:00:00,Real Santa Cruz,Royal Pari,1.0,0.0,Montero,Bolivia,Estadio Gilberto Parada,,,,División Profesional,,20230806_Real-Santa-Cruz_Royal-Pari,51.23135249810366,0.71,0.22,2,0,5,0,52.1,47.9,3,4,1,0,7,2
2023-08-06 21:30:00,Real Tomayapo,The Strongest,0.0,0.0,Tarija,Bolivia,Estadio IV Centenário,,,,División Profesional,,20230806_Real-Tomayapo_The-Strongest,-162.13244667419508,0.9,1.16,2,4,4,8,44.4,55.6,1,3,0,0,7,7
2023-08-06 23:30:00,Wilstermann,Always Ready,3.0,0.0,Cochabamba,Bolivia,Estadio Félix Capriles,,,,División Profesional,,20230806_Wilstermann_Always-Ready,-86.19214110417988,1.69,0.64,6,3,14,8,45.6,54.4,0,1,0,0,8,3
2023-08-08 19:00:00,Universitario de Vinto,Nacional Potosí,3.0,1.0,,,,,,,División Profesional,,20230808_Universitario-de-Vinto_Nacional-Potosí,-86.79511163436996,1.72,1.14,7,5,11,10,46.6,53.4,1,2,0,0,4,1
2023-08-08 19:00:00,Vaca Díez,Blooming,0.0,2.0,,,,,,,División Profesional,,20230808_Vaca-Díez_Blooming,-14.440384125233777,1.44,0.44,5,2,10,4,47.1,52.9,3,1,0,1,7,3
2023-08-09 19:00:00,Always Ready,Independiente Petrolero,3.0,2.0,,,,,,,División Profesional,,20230809_Always-Ready_Independiente-Petrolero,124.31528088905475,1.76,1.57,6,4,13,10,47.5,52.5,2,1,0,0,5,1
2023-08-09 23:00:00,The Strongest,Aurora,0.0,1.0,,,,,,,División Profesional,,20230809_The-Strongest_Aurora,137.95613308388033,0.05,0.89,1,4,2,11,49.1,50.9,1,1,0,0,2,7
2023-08-10 19:00:00,Real Santa Cruz,Guabirá,1.0,3.0,,,,,,,División Profesional,,20230810_Real-Santa-Cruz_Guabirá,37.37144244939077,1.31,1.14,4,3,8,8,52.6,47.4,2,3,0,1,7,2
2023-08-11 19:00:00,Vaca Díez,Universitario de Vinto,0.0,0.0,Cobija,Bolivia,Estadio Roberto Jordan Cuellár,,,,División Profesional,,20230811_Vaca-Díez_Universitario-de-Vinto,-32.27521842115084,0.52,0.05,2,1,5,3,43.4,56.6,4,0,1,0,2,5
2023-08-12 19:00:00,Always Ready,Nacional Potosí,3.0,3.0,"El Alto, La Paz.",Bolivia,Municipal Villa Ingenio,,,,División Profesional,,20230812_Always-Ready_Nacional-Potosí,66.9557268271401,1.53,1.52,4,6,11,12,52.8,47.2,4,3,0,0,8,5
2023-08-12 21:30:00,Aurora,Bolívar,2.0,1.0,Cochabamba,Bolivia,Estadio Félix Capriles,,,,División Profesional,,20230812_Aurora_Bolívar,-110.95440966827528,1.18,0.87,4,3,7,9,42.8,57.2,1,2,0,0,7,3
2023-08-13 00:00:00,Oriente Petrolero,Real Tomayapo,2.0,0.0,Santa Cruz,Bolivia,Estadio Ramón Tahuichi,,,,División Profesional,,20230813_Oriente-Petrolero_Real-Tomayapo,1.1432967959706275,1.01,0.82,4,2,10,3,53.5,46.5,4,1,0,0,5,7
2023-08-13 19:00:00,Libertad Gran Mamoré,Independiente Petrolero,0.0,1.0,Trinidad,Bolivia,Estadio Gran Mamoré,,,,División Profesional,,20230813_Libertad-Gran-Mamoré_Independiente-Petrolero,-21.917011047165033,0.55,0.1,2,1,3,4,50.4,49.6,1,2,0,0,3,4
2023-08-13 21:30:00,The Strongest,Real Santa Cruz,4.0,0.0,La Paz,Bolivia,Estadio Hernando Siles,,,,División Profesional,,20230813_The-Strongest_Real-Santa-Cruz,120.00419131388048,1.78,1.41,4,6,10,12,57.0,43.0,1,1,0,0,3,7
2023-08-13 23:30:00,Royal Pari,Guabirá,4.0,1.0,Santa Cruz,Bolivia,Estadio Ramón Tahuichi,,,,División Profesional,,20230813_Royal-Pari_Guabirá,-47.63221050756147,1.98,0.71,5,1,9,1,48.7,51.3,1,1,0,0,4,4
2023-08-14 23:30:00,Blooming,Atlético Palmaflor,1.0,1.0,Santa Cruz,Bolivia,Estadio Ramón Tahuichi,,,,División Profesional,,20230814_Blooming_Atlético-Palmaflor,56.1647848610462,1.26,0.5,3,2,6,4,59.5,40.5,2,1,0,0,2,6
2023-08-15 22:30:00,Real Tomayapo,Oriente Petrolero,1.0,0.0,,,,,,,División Profesional,,20230815_Real-Tomayapo_Oriente-Petrolero,-25.06432093625631,0.05,0.41,1,1,3,5,54.3,45.7,2,1,0,0,2,2
2023-08-16 00:00:00,Bolívar,Wilstermann,2.0,0.0,,,,,,,División Profesional,,20230816_Bolívar_Wilstermann,66.28804582494104,0.41,1.35,2,4,4,7,46.5,53.5,1,2,0,0,5,5
2023-08-16 19:00:00,Libertad Gran Mamoré,Royal Pari,2.0,1.0,,,,,,,División Profesional,,20230816_Libertad-Gran-Mamoré_Royal-Pari,-20.136509305688605,1.91,0.85,6,2,15,3,50.9,49.1,1,1,0,0,8,2
2023-08-16 22:30:00,Nacional Potosí,Vaca Díez,5.0,0.0,,,,,,,División Profesional,,20230816_Nacional-Potosí_Vaca-Díez,90.36923241428053,1.22,0.93,5,4,10,8,47.3,52.7,2,0,0,0,8,2
2023-08-17 00:00:00,Independiente Petrolero,Universitario de Vinto,0.0,0.0,,,,,,,División Profesional,,20230817_Independiente-Petrolero_Universitario-de-Vinto,-3.844015370686293,0.94,0.91,3,2,7,4,49.3,50.7,2,1,0,0,5,5
2023-08-18 00:00:00,Blooming,Always Ready,2.0,1.0,,,,,,,División Profesional,,20230818_Blooming_Always-Ready,-118.34747994709119,1.8,1.6,6,6,12,13,53.2,46.8,2,2,1,0,6,7
2023-08-18 23:00:00,Atlético Palmaflor,Aurora,0.0,1.0,Cochabamba,Bolivia,Bicentenario de Villa Tunari,,,,División Profesional,,20230818_Atlético-Palmaflor_Aurora,-95.460065987407,0.92,1.92,3,6,7,14,48.9,51.1,2,3,0,0,4,6
2023-08-19 00:00:00,Bolívar,Libertad Gran Mamoré,3.0,0.0,La Paz,Bolivia,Estadio Hernando Siles,,,,División Profesional,,20230819_Bolívar_Libertad-Gran-Mamoré,172.33072321582358,1.63,1.33,4,6,8,14,52.0,48.0,2,0,0,0,2,7
2023-08-19 19:00:00,Real Santa Cruz,Oriente Petrolero,0.0,5.0,Santa Cruz,Bolivia,Estadio Ramón Tahuichi,,,,División Profesional,,20230819_Real-Santa-Cruz_Oriente-Petrolero,6.895029463814581,0.93,1.86,3,6,6,14,52.5,47.5,2,3,0,0,2,2
2023-08-20 00:00:00,Independiente Petrolero,Vaca Díez,0.0,1.0,Cochabamba,Bolivia,Estadio Olímpico Patria,,,,División Profesional,,20230820_Independiente-Petrolero_Vaca-Díez,35.2881545435373,0.52,0.65,1,1,4,1,50.3,49.7,2,2,0,1,3,1
2023-08-20 19:00:00,Universitario de Vinto,Always Ready,1.0,1.0,Cochabamba,Bolivia,Estadio Municipal de Quillacollo,,,,División Profesional,,20230820_Universitario-de-Vinto_Always-Ready,-106.90039453690065,0.88,1.16,3,4,7,8,50.8,49.2,1,1,0,0,5,3
2023-08-20 21:30:00,Nacional Potosí,Wilstermann,2.0,1.0,Potosí,Bolivia,Estadio Víctor Agustín Ugarte,,,,División Profesional,,20230820_Nacional-Potosí_Wilstermann,18.25182320772865,1.92,1.1,6,4,14,10,51.3,48.7,1,4,0,0,9,4
2023-08-22 00:00:00,Real Tomayapo,Blooming,0.0,0.0,Tarija,Bolivia,Estadio IV Centenário,,,,División Profesional,,20230822_Real-Tomayapo_Blooming,-17.85206832230483,1.0,0.98,4,3,8,6,56.2,43.8,3,1,0,0,5,4
2023-08-23 19:00:00,Wilstermann,Universitario de Vinto,0.0,0.0,Cochabamba,Bolivia,Estadio Municipal de Quillacollo,,,,División Profesional,,20230823_Wilstermann_Universitario-de-Vinto,36.195217657037574,1.09,0.92,4,3,10,6,52.9,47.1,4,2,0,0,3,2
2023-08-24 00:00:00,The Strongest,Royal Pari,3.0,2.0,La Paz,Bolivia,Estadio Hernando Siles,,,,División Profesional,,20230824_The-Strongest_Royal-Pari,185.50853638754688,1.34,0.45,3,2,5,4,52.1,47.9,2,2,0,0,2,2
2023-08-24 19:00:00,Aurora,Real Tomayapo,1.0,2.0,Cochabamba,Bolivia,Estadio Municipal de Quillacollo,,,,División Profesional,,20230824_Aurora_Real-Tomayapo,53.224552453191336,1.19,0.99,4,3,11,6,46.4,53.6,4,3,0,0,5,3
2023-08-25 00:30:00,Blooming,Real Santa Cruz,1.0,3.0,Santa Cruz,Bolivia,Estadio Ramón Tahuichi,,,,División Profesional,,20230825_Blooming_Real-Santa-Cruz,23.243170645876262,1.53,1.43,6,5,12,11,50.4,49.6,3,5,0,0,8,1
2023-08-26 00:00:00,Oriente Petrolero,Guabirá,1.0,0.0,Santa Cruz,Bolivia,Estadio Ramón Tahuichi,,,,División Profesional,,20230826_Oriente-Petrolero_Guabirá,21.76531297443762,1.2,0.89,3,1,7,3,56.1,43.9,2,2,0,0,7,2
2023-08-26 19:00:00,Libertad Gran Mamoré,Atlético Palmaflor,2.0,1.0,Trinidad,Bolivia,Estadio Gran Mamoré,,,,División Profesional,,20230826_Libertad-Gran-Mamoré_Atlético-Palmaflor,14.698636454320422,0.56,1.53,2,4,6,9,57.5,42.5,1,0,0,0,6,7
2023-10-03 19:00:00,Universitario de Vinto,Nacional Potosí,0.0,0.0,Cochabamba,Bolivia,Estadio Municipal de Quillacollo,,,,División Profesional,,20231003_Universitario-de-Vinto_Nacional-Potosí,-75.94177266093334,0.17,0.75,0,3,0,6,47.9,52.1,4,1,0,0,1,4
2023-10-03 22:00:00,Independiente Petrolero,Wilstermann,0.0,3.0,Cochabamba,Bolivia,Estadio Olímpico Patria,,,,División Profesional,,20231003_Independiente-Petrolero_Wilstermann,-55.32265400719598,1.24,1.66,4,3,10,5,47.1,52.9,3,1,0,0,3,5
2023-10-04 00:30:00,Bolívar,Always Ready,5.0,0.0,La Paz,Bolivia,Estadio Hernando Siles,,,,División Profesional,,20231004_Bolívar_Always-Ready,40.08103096519744,1.66,0.58,7,1,14,4,50.6,49.4,1,1,0,0,7,1
2023-10-04 19:00:00,Real Santa Cruz,Aurora,1.0,1.0,Santa Cruz,Bolivia,Estadio Ramón Tahuichi,,,,División Profesional,,20231004_Real-Santa-Cruz_Aurora,-33.222088508487104,1.58,1.76,4,5,7,9,47.5,52.5,1,1,0,0,4,6
2023-10-04 22:00:00,Real Tomayapo,Libertad Gran Mamoré,3.0,2.0,Tarija,Bolivia,Estadio IV Centenário,,,,División Profesional,,20231004_Real-Tomayapo_Libertad-Gran-Mamoré,47.435234557401145,1.12,1.15,4,3,7,5,48.4,51.6,1,0,0,0,5,4
2023-10-05 00:30:00,Royal Pari,Oriente Petrolero,1.0,1.0,Santa Cruz,Bolivia,Estadio Ramón Tahuichi,,,,División Profesional,,20231005_Royal-Pari_Oriente-Petrolero,-72.2110018505798,1.9,1.53,7,4,16,8,49.4,50.6,2,2,0,0,12,3
2023-10-05 19:00:00,Atlético Palmaflor,Vaca Díez,2.0,2.0,Cochabamba,Bolivia,Bicentenario de Villa Tunari,,,,División Profesional,,20231005_Atlético-Palmaflor_Vaca-Díez,-42.453179991533034,1.23,1.06,4,4,11,9,41.0,59.0,1,1,0,0,4,11
2023-10-06 00:00:00,Guabirá,Blooming,2.0,1.0,Montero,Bolivia,Estadio Gilberto Parada,,,,División Profesional,,20231006_Guabirá_Blooming,-25.87492324280356,0.86,1.62,3,4,6,10,43.4,56.6,1,1,1,0,6,2
2023-10-07 19:00:00,Libertad Gran Mamoré,Real Santa Cruz,1.0,0.0,Trinidad,Bolivia,Estadio Gran Mamoré,,,,División Profesional,,20231007_Libertad-Gran-Mamoré_Real-Santa-Cruz,-51.305285551719635,0.85,1.63,3,5,6,11,46.6,53.4,4,2,0,0,2,4
2023-10-07 21:30:00,Nacional Potosí,Independiente Petrolero,2.0,4.0,Potosí,Bolivia,Estadio Víctor Agustín Ugarte,,,,División Profesional,,20231007_Nacional-Potosí_Independiente-Petrolero,105.0837424269796,1.35,1.28,4,4,9,9,60.1,39.9,0,2,0,0,5,4
2023-10-08 19:00:00,Always Ready,Atlético Palmaflor,2.0,0.0,La Paz,Bolivia,Estadio Hernando Siles,,,,División Profesional,,20231008_Always-Ready_Atlético-Palmaflor,159.34485359047676,1.68,0.4,5,2,11,6,59.7,40.3,1,1,0,0,5,8
2023-10-08 21:30:00,Wilstermann,Bolívar,3.0,1.0,Cochabamba,Bolivia,Estadio Félix Capriles,,,,División Profesional,,20231008_Wilstermann_Bolívar,-105.38850223514146,1.16,1.42,3,5,6,12,44.4,55.6,2,3,0,0,5,8
2023-10-08 23:30:00,Oriente Petrolero,The Strongest,1.0,1.0,Santa Cruz,Bolivia,Estadio Ramón Tahuichi,,,,División Profesional,,20231008_Oriente-Petrolero_The-Strongest,-128.03508561628314,0.63,1.26,2,6,4,15,42.9,57.1,2,1,0,0,2,9
2023-10-09 19:00:00,Vaca Díez,Real Tomayapo,0.0,1.0,Cobija,Bolivia,Estadio Roberto Jordan Cuellár,,,,División Profesional,,20231009_Vaca-Díez_Real-Tomayapo,-54.496726854965345,0.05,1.23,0,4,0,10,45.9,54.1,1,2,0,0,0,5
2023-10-09 22:00:00,Aurora,Guabirá,1.0,0.0,Cochabamba,Bolivia,Estadio Félix Capriles,,,,División Profesional,,20231009_Aurora_Guabirá,47.42102601858414,1.4,0.05,4,0,11,0,50.7,49.3,0,2,0,0,2,2
2023-10-10 00:30:00,Blooming,Royal Pari,1.0,1.0,Santa Cruz,Bolivia,Estadio Ramón Tahuichi,,,,División Profesional,,20231010_Blooming_Royal-Pari,38.4713264621023,0.18,1.57,1,6,3,14,50.3,49.7,3,1,0,0,3,9
2023-10-15 20:00:00,Atlético Palmaflor,Wilstermann,2.0,0.0,Cochabamba,Bolivia,Bicentenario de Villa Tunari,,,,División Profesional,,20231015_Atlético-Palmaflor_Wilstermann,-137.6655952707872,1.91,1.28,6,5,14,10,41.3,58.7,1,2,0,0,7,6
2023-10-19 23:00:00,Royal Pari,Aurora,2.0,2.0,Santa Cruz,Bolivia,Estadio Ramón Tahuichi,,,,División Profesional,,20231019_Royal-Pari_Aurora,-94.85039124819332,0.83,0.78,3,2,7,6,43.0,57.0,3,0,0,0,6,1
2023-10-20 19:00:00,Real Santa Cruz,Vaca Díez,2.0,1.0,Santa Cruz,Bolivia,Estadio Ramón Tahuichi,,,,División Profesional,,20231020_Real-Santa-Cruz_Vaca-Díez,33.997061666525724,0.18,0.67,2,3,4,7,44.7,55.3,2,0,0,0,1,1
2023-10-20 23:00:00,The Strongest,Blooming,1.0,0.0,La Paz,Bolivia,Estadio Hernando Siles,,,,División Profesional,,20231020_The-Strongest_Blooming,153.9482544854843,1.64,0.7,4,2,7,6,61.7,38.3,0,1,0,0,4,4
2023-10-21 00:30:00,Real Tomayapo,Always Ready,2.0,0.0,Tarija,Bolivia,Estadio IV Centenário,,,,División Profesional,,20231021_Real-Tomayapo_Always-Ready,-62.032347708129464,0.89,1.48,2,5,5,12,48.6,51.4,0,1,0,0,6,4
2023-10-21 21:00:00,Bolívar,Nacional Potosí,4.0,3.0,La Paz,Bolivia,Estadio Hernando Siles,,,,División Profesional,,20231021_Bolívar_Nacional-Potosí,75.82821760590946,1.14,2.17,4,7,8,19,60.8,39.2,2,0,0,0,4,8
2023-10-22 00:00:00,Guabirá,Libertad Gran Mamoré,2.0,2.0,Montero,Bolivia,Estadio Gilberto Parada,,,,División Profesional,,20231022_Guabirá_Libertad-Gran-Mamoré,10.686932172791103,1.09,2.11,4,6,9,13,55.8,44.2,0,3,0,0,5,7
2023-10-22 20:00:00,Independiente Petrolero,Universitario de Vinto,0.0,2.0,Cochabamba,Bolivia,Estadio Olímpico Patria,,,,División Profesional,,20231022_Independiente-Petrolero_Universitario-de-Vinto,-18.78316947664598,0.97,1.71,3,4,9,9,52.6,47.4,3,1,0,0,7,7
2023-10-23 22:00:00,Atlético Palmaflor,The Strongest,2.0,0.0,,,,,,,División Profesional,,20231023_Atlético-Palmaflor_The-Strongest,-210.7244949055314,1.21,1.42,3,6,7,13,44.2,55.8,2,0,0,0,4,3
2023-10-24 00:30:00,Aurora,Real Santa Cruz,2.0,1.0,,,,,,,División Profesional,,20231024_Aurora_Real-Santa-Cruz,41.03913970574331,1.16,1.07,4,4,8,10,49.7,50.3,1,3,0,1,6,2
2023-10-24 19:00:00,Royal Pari,Bolívar,1.0,2.0,,,,,,,División Profesional,,20231024_Royal-Pari_Bolívar,-187.74749680935838,1.13,1.64,1,5,3,12,45.1,54.9,3,0,0,0,2,8
2023-10-24 22:00:00,Wilstermann,Real Tomayapo,0.0,1.0,,,,,,,División Profesional,,20231024_Wilstermann_Real-Tomayapo,-3.992377068030919,0.98,0.91,4,3,9,8,45.2,54.8,3,1,0,0,4,10
2023-10-25 00:30:00,Oriente Petrolero,Libertad Gran Mamoré,1.0,2.0,,,,,,,División Profesional,,20231025_Oriente-Petrolero_Libertad-Gran-Mamoré,53.835433058890885,0.51,1.14,1,5,2,13,49.4,50.6,2,2,0,0,3,6
2023-10-25 19:00:00,Always Ready,Nacional Potosí,0.0,0.0,,,,,,,División Profesional,,20231025_Always-Ready_Nacional-Potosí,32.19011530818011,0.65,0.41,0,1,2,2,44.3,55.7,3,0,0,0,2,1
2023-10-25 19:00:00,Universitario de Vinto,Vaca Díez,3.0,2.0,,,,,,,División Profesional,,20231025_Universitario-de-Vinto_Vaca-Díez,66.83300041526013,1.17,1.04,3,3,7,5,51.2,48.8,1,2,0,0,5,3
2023-10-25 23:30:00,Independiente Petrolero,Blooming,0.0,2.0,,,,,,,División Profesional,,20231025_Independiente-Petrolero_Blooming,-8.51490951383289,0.55,1.05,1,3,3,6,45.8,54.2,2,1,0,0,2,2
2023-10-26 22:30:00,Aurora,Atlético Palmaflor,0.0,0.0,,,,,,,División Profesional,,20231026_Aurora_Atlético-Palmaflor,97.68862556003842,0.95,0.64,1,1,5,0,52.3,47.7,2,0,0,0,9,3
2023-10-27 00:30:00,The Strongest,Guabirá,1.0,0.0,,,,,,,División Profesional,,20231027_The-Strongest_Guabirá,151.9624412815465,1.53,1.56,3,5,5,10,54.8,45.2,2,0,0,1,3,5
2023-10-27 22:00:00,Wilstermann,Royal Pari,2.0,0.0,,,,,,,División Profesional,,20231027_Wilstermann_Royal-Pari,81.69973928750028,0.05,0.95,2,4,4,9,52.5,47.5,4,1,0,0,3,4
2023-10-27 23:00:00,Real Tomayapo,Libertad Gran Mamoré,0.0,1.0,,,,,,,División Profesional,,20231027_Real-Tomayapo_Libertad-Gran-Mamoré,76.3210050750638,1.29,0.99,6,3,13,8,57.1,42.9,2,3,0,0,9,2
2023-10-28 00:30:00,Bolívar,Oriente Petrolero,4.0,0.0,,,,,,,División Profesional,,20231028_Bolívar_Oriente-Petrolero,140.6674376245212,1.37,0.09,4,0,10,1,61.9,38.1,1,1,0,0,7,1
2023-10-28 19:00:00,Universitario de Vinto,Blooming,2.0,1.0,,,,,,,División Profesional,,20231028_Universitario-de-Vinto_Blooming,30.985789099884187,0.6,1.75,5,5,13,10,54.2,45.8,2,1,0,0,13,5
2023-10-28 19:00:00,Vaca Díez,Always Ready,2.0,0.0,,,,,,,División Profesional,,20231028_Vaca-Díez_Always-Ready,-142.11571035586826,0.6,2.24,2,8,5,16,39.1,60.9,2,0,0,0,3,11
2023-10-28 21:30:00,Nacional Potosí,Independiente Petrolero,0.0,0.0,,,,,,,División Profesional,,20231028_Nacional-Potosí_Independiente-Petrolero,88.78304297264503,1.65,1.02,4,4,10,8,51.8,48.2,1,3,0,0,3,5
2023-10-29 19:00:00,Real Santa Cruz,Atlético Palmaflor,0.0,0.0,,,,,,,División Profesional,,20231029_Real-Santa-Cruz_Atlético-Palmaflor,32.183401589742516,0.05,0.12,1,0,4,0,42.3,57.7,0,2,0,0,3,1
2023-10-29 23:30:00,Guabirá,Aurora,2.0,0.0,,,,,,,División Profesional,,20231029_Guabirá_Aurora,-79.70108344550954,1.15,0.14,5,0,11,0,49.5,50.5,3,0,0,0,6,0
2023-10-30 19:30:00,Libertad Gran Mamoré,Bolívar,0.0,2.0,,,,,,,División Profesional,,20231030_Libertad-Gran-Mamoré_Bolívar,-159.6097603400433,0.71,2.33,2,8,6,17,43.0,57.0,0,3,0,0,3,7
2023-10-30 22:30:00,Real Tomayapo,Royal Pari,0.0,0.0,,,,,,,División Profesional,,20231030_Real-Tomayapo_Royal-Pari,104.05098555591371,0.19,1.4,1,5,2,12,57.5,42.5,2,3,0,0,1,4
2023-10-31 00:30:00,Oriente Petrolero,Wilstermann,0.0,0.0,,,,,,,División Profesional,,20231031_Oriente-Petrolero_Wilstermann,-39.07805063176943,0.69,1.98,2,6,3,12,51.7,48.3,1,2,0,0,3,7
2023-10-31 19:00:00,Always Ready,Universitario de Vinto,4.0,0.0,,,,,,,División Profesional,,20231031_Always-Ready_Universitario-de-Vinto,28.25873396057068,1.34,1.51,4,5,10,10,59.5,40.5,1,3,0,0,6,3
2023-10-31 22:00:00,Independiente Petrolero,Vaca Díez,3.0,0.0,,,,,,,División Profesional,,20231031_Independiente-Petrolero_Vaca-Díez,9.709329185708384,1.41,0.52,3,2,8,5,46.6,53.4,4,2,0,0,5,8
2023-11-01 00:00:00,Blooming,Nacional Potosí,2.0,1.0,,,,,,,División Profesional,,20231101_Blooming_Nacional-Potosí,-64.78741213725698,1.48,0.5,5,2,12,5,45.8,54.2,2,1,0,0,2,5
2023-11-01 19:00:00,Atlético Palmaflor,Guabirá,3.0,2.0,,,,,,,División Profesional,,20231101_Atlético-Palmaflor_Guabirá,-25.008908747378428,1.09,1.37,4,6,7,14,51.3,48.7,1,2,0,0,4,7
2023-11-01 23:00:00,The Strongest,Real Santa Cruz,4.0,0.0,,,,,,,División Profesional,,20231101_The-Strongest_Real-Santa-Cruz,146.42392585905304,1.94,0.36,6,1,15,1,56.6,43.4,2,2,0,0,9,4
2023-11-02 19:00:00,Wilstermann,Libertad Gran Mamoré,4.0,1.0,,,,,,,División Profesional,,20231102_Wilstermann_Libertad-Gran-Mamoré,48.73991478167727,1.65,0.96,5,3,10,5,46.6,53.4,4,3,1,0,5,6
2023-11-02 21:30:00,Bolívar,Real Tomayapo,2.0,1.0,,,,,,,División Profesional,,20231102_Bolívar_Real-Tomayapo,122.81261886258903,1.37,1.53,5,4,11,9,63.2,36.8,2,0,0,0,4,5
2023-11-03 00:00:00,Royal Pari,Oriente Petrolero,1.0,0.0,,,,,,,División Profesional,,20231103_Royal-Pari_Oriente-Petrolero,-58.93381727681299,1.31,1.36,3,5,6,10,48.4,51.6,1,2,0,0,4,7
2023-11-04 19:00:00,Always Ready,Real Santa Cruz,2.0,0.0,"El Alto, La Paz.",Bolivia,Municipal Villa Ingenio,,,,División Profesional,,20231104_Always-Ready_Real-Santa-Cruz,90.03389465720602,0.31,0.15,2,0,5,0,49.8,50.2,2,6,0,0,0,3
2023-11-04 19:00:00,Vaca Díez,Guabirá,3.0,0.0,Cobija,Bolivia,Estadio Roberto Jordan Cuellár,,,,División Profesional,,20231104_Vaca-Díez_Guabirá,-30.87116510894043,0.17,0.1,3,0,5,1,47.9,52.1,0,3,0,0,0,3
2023-11-04 22:30:00,Aurora,The Strongest,0.0,3.0,Cochabamba,Bolivia,Estadio Félix Capriles,,,,División Profesional,,20231104_Aurora_The-Strongest,-108.313759953606,0.44,1.06,2,5,4,10,43.0,57.0,1,3,0,0,3,7
2023-11-05 19:00:00,Libertad Gran Mamoré,Royal Pari,0.0,2.0,Trinidad,Bolivia,Estadio Gran Mamoré,,,,División Profesional,,20231105_Libertad-Gran-Mamoré_Royal-Pari,22.240121359034674,1.0,2.84,5,9,9,20,52.9,47.1,3,1,0,0,7,7
2023-11-05 19:00:00,Universitario de Vinto,Bolívar,2.0,2.0,Cochabamba,Bolivia,Estadio Municipal de Quillacollo,,,,División Profesional,,20231105_Universitario-de-Vinto_Bolívar,-147.7698317434115,1.23,1.28,2,5,5,11,40.7,59.3,2,0,0,0,4,4
2023-11-05 23:30:00,Blooming,Oriente Petrolero,2.0,1.0,Santa Cruz,Bolivia,Estadio Ramón Tahuichi,,,,División Profesional,,20231105_Blooming_Oriente-Petrolero,7.509682422334436,1.72,1.42,5,7,11,14,52.6,47.4,5,4,0,0,4,5
2023-11-06 22:00:00,Nacional Potosí,Atlético Palmaflor,4.0,1.0,Potosí,Bolivia,Estadio Víctor Agustín Ugarte,,,,División Profesional,,20231106_Nacional-Potosí_Atlético-Palmaflor,58.355360910928994,1.65,0.69,6,2,14,6,50.7,49.3,3,2,0,1,12,10
2023-11-07 00:00:00,Wilstermann,Real Tomayapo,3.0,0.0,Cochabamba,Bolivia,Estadio Félix Capriles,,,,División Profesional,,20231107_Wilstermann_Real-Tomayapo,16.506942575375888,2.17,1.6,8,7,17,16,56.3,43.7,2,2,0,0,9,9
2023-11-07 19:00:00,Always Ready,Independiente Petrolero,3.0,2.0,"El Alto, La Paz.",Bolivia,Municipal Villa Ingenio,,,,División Profesional,,20231107_Always-Ready_Independiente-Petrolero,107.42208062323266,1.42,1.93,3,7,9,16,59.1,40.9,4,3,0,0,7,8
2023-11-07 23:30:00,Guabirá,The Strongest,4.0,1.0,Montero,Bolivia,Estadio Gilberto Parada,,,,División Profesional,,20231107_Guabirá_The-Strongest,-192.90525239950125,1.95,0.05,6,1,14,0,38.8,61.2,2,2,0,0,6,3
2023-11-08 19:00:00,Vaca Díez,Bolívar,4.0,3.0,Cobija,Bolivia,Estadio Roberto Jordan Cuellár,,,,División Profesional,,20231108_Vaca-Díez_Bolívar,-211.0813643704039,2.36,1.53,8,4,19,7,45.4,54.6,2,1,0,0,4,4
2023-11-10 22:00:00,Atlético Palmaflor,Universitario de Vinto,1.0,1.0,Cochabamba,Bolivia,Bicentenario de Villa Tunari,,,,División Profesional,,20231110_Atlético-Palmaflor_Universitario-de-Vinto,-64.4249544074762,0.47,1.97,2,6,5,11,50.4,49.6,2,1,0,0,3,7
2023-11-11 00:00:00,The Strongest,Libertad Gran Mamoré,8.0,0.0,La Paz,Bolivia,Estadio Hernando Siles,,,,División Profesional,,20231111_The-Strongest_Libertad-Gran-Mamoré,168.0189395629327,1.71,0.57,8,1,18,5,55.6,44.4,0,2,0,0,6,7
2023-11-11 19:00:00,Real Santa Cruz,Wilstermann,1.0,1.0,Santa Cruz,Bolivia,Estadio Real Santa Cruz,,,,División Profesional,,20231111_Real-Santa-Cruz_Wilstermann,-85.72255522704063,1.05,1.79,3,7,5,15,44.6,55.4,2,0,0,0,2,2
2023-11-11 21:30:00,Bolívar,Independiente Petrolero,5.0,1.0,La Paz,Bolivia,Estadio Hernando Siles,,,,División Profesional,,20231111_Bolívar_Independiente-Petrolero,181.00093406955466,2.34,0.11,6,1,13,3,52.0,48.0,2,2,0,0,5,3
2023-11-12 00:00:00,Guabirá,Always Ready,0.0,0.0,Montero,Bolivia,Estadio Gilberto Parada,,,,División Profesional,,20231112_Guabirá_Always-Ready,-113.00370487746659,0.54,0.05,3,0,8,0,53.1,46.9,1,5,0,0,6,3
2023-11-12 21:30:00,Real Tomayapo,Nacional Potosí,0.0,0.0,Tarija,Bolivia,Estadio IV Centenário,,,,División Profesional,,20231112_Real-Tomayapo_Nacional-Potosí,-21.079658284408197,0.86,1.36,2,5,4,10,47.4,52.6,2,2,0,1,2,1
2023-11-12 23:30:00,Oriente Petrolero,Aurora,1.0,0.0,Santa Cruz,Bolivia,Estadio Ramón Tahuichi,,,,División Profesional,,20231112_Oriente-Petrolero_Aurora,-51.31929773152433,0.76,0.95,2,4,4,9,50.4,49.6,2,2,0,0,1,7
2023-11-13 23:30:00,Royal Pari,Vaca Díez,2.0,1.0,Santa Cruz,Bolivia,Estadio Ramón Tahuichi,,,,División Profesional,,20231113_Royal-Pari_Vaca-Díez,-3.6372016440902826,1.18,0.94,3,3,6,5,50.2,49.8,3,0,0,0,5,7
2023-11-18 19:00:00,Universitario de Vinto,Real Tomayapo,0.0,1.0,Cochabamba,Bolivia,Estadio Félix Capriles,,,,División Profesional,,20231118_Universitario-de-Vinto_Real-Tomayapo,4.215638973734258,0.97,1.15,2,4,5,7,48.6,51.4,2,2,0,0,4,4
2023-11-18 21:30:00,Nacional Potosí,Real Santa Cruz,6.0,0.0,Potosí,Bolivia,Estadio Víctor Agustín Ugarte,,,,División Profesional,,20231118_Nacional-Potosí_Real-Santa-Cruz,63.805398434703875,1.27,1.17,6,3,15,5,48.8,51.2,2,0,0,0,9,4
2023-11-19 19:00:00,Libertad Gran Mamoré,Oriente Petrolero,3.0,1.0,Trinidad,Bolivia,Estadio Gran Mamoré,,,,División Profesional,,20231119_Libertad-Gran-Mamoré_Oriente-Petrolero,-30.058012851315652,0.88,0.57,4,3,10,8,48.1,51.9,4,2,0,0,2,7
2023-11-19 21:30:00,Wilstermann,Guabirá,1.0,0.0,Cochabamba,Bolivia,Estadio Félix Capriles,,,,División Profesional,,20231119_Wilstermann_Guabirá,75.6993999027743,1.73,0.78,6,3,11,6,56.2,43.8,3,2,0,0,9,5
2023-11-19 23:30:00,Independiente Petrolero,Atlético Palmaflor,1.0,0.0,Cochabamba,Bolivia,Estadio Olímpico Patria,,,,División Profesional,,20231119_Independiente-Petrolero_Atlético-Palmaflor,-5.407145463083452,1.63,0.77,5,3,11,4,48.3,51.7,2,2,0,0,7,2
2023-11-23 19:00:00,Always Ready,Royal Pari,3.0,0.0,"El Alto, La Paz.",Bolivia,Municipal Villa Ingenio,,,,División Profesional,,20231123_Always-Ready_Royal-Pari,105.03297222100969,1.05,0.49,4,2,9,3,52.0,48.0,7,2,0,0,5,6
2023-11-23 19:00:00,Vaca Díez,The Strongest,2.0,2.0,Cobija,Bolivia,Estadio Roberto Jordan Cuellár,,,,División Profesional,,20231123_Vaca-Díez_The-Strongest,-179.8238409026808,0.92,1.28,2,5,4,9,50.3,49.7,1,2,0,0,2,10
2023-11-23 23:30:00,Aurora,Blooming,3.0,1.0,Cochabamba,Bolivia,Estadio Félix Capriles,,,,División Profesional,,20231123_Aurora_Blooming,6.568558539288006,1.79,1.54,7,4,15,6,55.7,44.3,3,0,0,0,4,6
2023-11-24 23:30:00,Real Tomayapo,Independiente Petrolero,2.0,1.0,Tarija,Bolivia,Estadio IV Centenário,,,,División Profesional,,20231124_Real-Tomayapo_Independiente-Petrolero,61.17531251914511,0.55,0.59,3,1,8,4,49.8,50.2,1,1,0,0,1,4
2023-11-25 19:00:00,Real Santa Cruz,Universitario de Vinto,0.0,0.0,Santa Cruz,Bolivia,Estadio Ramón Tahuichi,,,,División Profesional,,20231125_Real-Santa-Cruz_Universitario-de-Vinto,-46.070815011069044,1.13,0.68,4,2,10,4,53.8,46.2,3,4,0,0,5,1
2023-11-25 21:30:00,Guabirá,Nacional Potosí,6.0,1.0,Montero,Bolivia,Estadio Gilberto Parada,,,,División Profesional,,20231125_Guabirá_Nacional-Potosí,-78.83316696943143,3.05,2.1,9,7,20,16,47.1,52.9,3,1,0,0,8,9
2023-11-25 23:30:00,Atlético Palmaflor,Bolívar,1.0,7.0,Cochabamba,Bolivia,Bicentenario de Villa Tunari,,,,División Profesional,,20231125_Atlético-Palmaflor_Bolívar,-200.2979077658881,0.55,2.56,2,10,6,20,37.6,62.4,2,1,0,0,1,9
2023-11-26 19:00:00,Royal Pari,Wilstermann,0.0,0.0,Santa Cruz,Bolivia,Estadio Ramón Tahuichi,,,,División Profesional,,20231126_Royal-Pari_Wilstermann,-93.17553913373331,0.32,1.76,1,5,4,11,53.1,46.9,1,1,0,0,6,1
2023-11-26 21:30:00,The Strongest,Always Ready,1.0,1.0,La Paz,Bolivia,Estadio Hernando Siles,,,,División Profesional,,20231126_The-Strongest_Always-Ready,39.98801238048259,1.69,0.63,6,1,14,2,60.7,39.3,0,1,0,0,4,3
2023-11-26 23:30:00,Blooming,Libertad Gran Mamoré,0.0,1.0,Santa Cruz,Bolivia,Estadio Ramón Tahuichi,,,,División Profesional,,20231126_Blooming_Libertad-Gran-Mamoré,22.480557416811052,1.62,0.06,4,1,8,1,58.8,41.2,4,1,0,1,10,5
2023-11-28 00:00:00,Oriente Petrolero,Vaca Díez,1.0,0.0,Santa Cruz,Bolivia,Estadio Ramón Tahuichi,,,,División Profesional,,20231128_Oriente-Petrolero_Vaca-Díez,9.896298519080347,1.6,0.05,4,1,9,0,53.6,46.4,1,1,0,0,4,1
2023-11-28 19:00:00,Universitario de Vinto,Bolívar,0.0,0.0,,,,,,,División Profesional,,20231128_Universitario-de-Vinto_Bolívar,-147.57234411057948,1.5,0.45,3,1,5,1,43.8,56.2,2,1,0,0,2,2
2023-11-29 19:00:00,Always Ready,Aurora,0.0,1.0,,,,,,,División Profesional,,20231129_Always-Ready_Aurora,71.28619189129608,0.87,0.86,2,3,3,8,60.3,39.7,1,1,0,0,2,4
2023-11-29 23:00:00,Royal Pari,Blooming,0.0,0.0,,,,,,,División Profesional,,20231129_Royal-Pari_Blooming,-6.046248467207533,0.8,0.91,2,4,6,9,51.3,48.7,1,1,0,0,5,4
2023-11-30 00:30:00,Wilstermann,The Strongest,1.0,2.0,,,,,,,División Profesional,,20231130_Wilstermann_The-Strongest,-70.57136344397077,1.62,1.32,5,4,10,10,46.8,53.2,1,2,0,0,3,5
2023-12-01 19:00:00,Universitario de Vinto,Guabirá,1.0,0.0,Cochabamba,Bolivia,Estadio Félix Capriles,,,,División Profesional,,20231201_Universitario-de-Vinto_Guabirá,30.00929599951678,0.36,0.83,1,5,2,13,59.9,40.1,3,0,0,0,3,14
2023-12-01 23:00:00,Bolívar,Real Tomayapo,4.0,1.0,La Paz,Bolivia,Estadio Hernando Siles,,,,División Profesional,,20231201_Bolívar_Real-Tomayapo,111.19510809943381,1.89,1.39,8,3,18,7,56.4,43.6,1,1,0,0,7,7
2023-12-02 00:30:00,Wilstermann,The Strongest,1.0,1.0,Cochabamba,Bolivia,Estadio Félix Capriles,,,,División Profesional,,20231202_Wilstermann_The-Strongest,-89.76242098364264,0.17,0.56,1,2,1,4,46.0,54.0,1,3,0,1,3,6
2023-12-02 19:00:00,Always Ready,Oriente Petrolero,4.0,1.0,"El Alto, La Paz.",Bolivia,Municipal Villa Ingenio,,,,División Profesional,,20231202_Always-Ready_Oriente-Petrolero,93.80833247125042,2.69,1.09,7,2,15,3,62.1,37.9,5,0,0,0,11,5
2023-12-02 19:00:00,Independiente Petrolero,Real Santa Cruz,1.0,0.0,Cochabamba,Bolivia,Estadio Olímpico Patria,,,,División Profesional,,20231202_Independiente-Petrolero_Real-Santa-Cruz,-6.519560798472185,1.24,0.74,4,3,8,8,47.8,52.2,1,2,0,0,5,6
2023-12-02 19:00:00,Libertad Gran Mamoré,Aurora,0.0,1.0,Trinidad,Bolivia,Estadio Gran Mamoré,,,,División Profesional,,20231202_Libertad-Gran-Mamoré_Aurora,-54.24822035115858,1.22,0.59,6,3,13,7,56.8,43.2,1,1,0,0,12,3
2023-12-02 19:00:00,Vaca Díez,Blooming,0.0,3.0,Cobija,Bolivia,Estadio Roberto Jordan Cuellár,,,,División Profesional,,20231202_Vaca-Díez_Blooming,-27.06412053798158,0.05,0.85,0,4,0,10,50.9,49.1,1,2,0,0,3,5
2023-12-03 22:00:00,Nacional Potosí,Royal Pari,6.0,1.0,Potosí,Bolivia,Estadio Víctor Agustín Ugarte,,,,División Profesional,,20231203_Nacional-Potosí_Royal-Pari,59.428230876360885,1.92,0.22,6,1,11,0,63.0,37.0,0,1,0,0,8,4
2023-12-05 19:00:00,Real Santa Cruz,Bolívar,3.0,1.0,Montero,Bolivia,Estadio Gilberto Parada,,,,División Profesional,,20231205_Real-Santa-Cruz_Bolívar,-206.1787325499704,2.22,1.75,6,4,13,8,40.7,59.3,5,3,0,0,7,5
2023-12-06 00:00:00,Aurora,Vaca Díez,3.0,0.0,Cochabamba,Bolivia,Estadio Félix Capriles,,,,División Profesional,,20231206_Aurora_Vaca-Díez,105.79986737139143,1.6,0.7,7,1,15,0,51.3,48.7,3,1,0,0,9,2
2023-12-06 00:00:00,Guabirá,Independiente Petrolero,2.0,0.0,Montero,Bolivia,Estadio Gilberto Parada,,,,División Profesional,,20231206_Guabirá_Independiente-Petrolero,1.036973693187747,1.42,0.89,5,3,13,4,53.7,46.3,2,0,0,0,10,0
2023-12-06 00:00:00,Oriente Petrolero,Wilstermann,3.0,0.0,Santa Cruz,Bolivia,Estadio Ramón Tahuichi,,,,División Profesional,,20231206_Oriente-Petrolero_Wilstermann,-77.17704742047863,1.74,1.22,5,2,12,4,50.9,49.1,3,3,0,1,5,3
2023-12-06 19:00:00,Royal Pari,Universitario de Vinto,1.0,1.0,Santa Cruz,Bolivia,Estadio Ramón Tahuichi,,,,División Profesional,,20231206_Royal-Pari_Universitario-de-Vinto,-60.89168759287213,0.28,1.31,2,3,5,7,46.3,53.7,1,1,0,0,1,2
2023-12-06 23:00:00,The Strongest,Nacional Potosí,1.0,0.0,La Paz,Bolivia,Estadio Hernando Siles,,,,División Profesional,,20231206_The-Strongest_Nacional-Potosí,94.41873660047963,0.48,1.77,2,6,4,12,50.3,49.7,2,2,0,0,6,4
2023-12-07 00:00:00,Blooming,Always Ready,2.0,1.0,Santa Cruz,Bolivia,Estadio Ramón Tahuichi,,,,División Profesional,,20231207_Blooming_Always-Ready,-97.72643738277498,0.8,1.14,3,3,7,8,45.8,54.2,2,1,0,0,6,4
2023-12-07 00:00:00,Real Tomayapo,Atlético Palmaflor,4.0,0.0,Tarija,Bolivia,Estadio IV Centenário,,,,División Profesional,,20231207_Real-Tomayapo_Atlético-Palmaflor,87.52343561311523,1.83,0.24,7,0,13,0,53.6,46.4,4,3,1,0,9,2
2023-12-09 19:00:00,Aurora,Always Ready,4.0,1.0,,,,,,,División Profesional,,20231209_Aurora_Always-Ready,-17.381159717946275,1.62,1.05,5,4,10,9,51.0,49.0,0,1,0,1,8,5
2023-12-09 21:30:00,Bolívar,Universitario de Vinto,2.0,2.0,,,,,,,División Profesional,,20231209_Bolívar_Universitario-de-Vinto,118.96310557842344,1.25,0.62,4,3,6,9,53.1,46.9,2,0,0,0,5,3
2023-12-10 21:30:00,The Strongest,Wilstermann,0.0,2.0,,,,,,,División Profesional,,20231210_The-Strongest_Wilstermann,107.13570177337124,0.38,0.45,0,2,0,4,60.3,39.7,2,2,0,0,2,2
2023-12-10 23:30:00,Blooming,Royal Pari,1.0,2.0,,,,,,,División Profesional,,20231210_Blooming_Royal-Pari,39.87017478438952,1.11,1.17,6,5,13,10,55.0,45.0,0,2,0,0,3,7
2023-12-12 00:00:00,Bolívar,Aurora,3.0,1.0,,,,,,,División Profesional,,20231212_Bolívar_Aurora,69.49848505808836,1.91,1.35,6,3,12,9,56.9,43.1,1,2,0,0,7,6
2024-02-17 00:00:00,Always Ready,Universitario de Vinto,1.0,1.0,"El Alto, La Paz.",Bolivia,Municipal Villa Ingenio,,,,División Profesional,,20240217_Always-Ready_Universitario-de-Vinto,33.73522150230701,1.51,0.4,5,1,9,2,40.8,59.2,1,0,0,0,4,3
2024-02-17 21:30:00,Bolívar,GV San José,3.0,1.0,La Paz,Bolivia,Estadio Hernando Siles,,,,División Profesional,,20240217_Bolívar_GV-San-José,150.0620841464147,0.05,0.61,3,2,7,5,58.0,42.0,4,3,0,0,3,3
2024-02-18 00:00:00,Real Santa Cruz,Real Tomayapo,1.0,2.0,Santa Cruz,Bolivia,Estadio Real Santa Cruz,,,,División Profesional,,20240218_Real-Santa-Cruz_Real-Tomayapo,-69.06388608115185,0.36,1.84,2,7,3,14,47.0,53.0,1,1,0,0,3,6
2024-02-18 19:00:00,Nacional Potosí,Blooming,3.0,3.0,Potosí,Bolivia,Estadio Víctor Agustín Ugarte,,,,División Profesional,,20240218_Nacional-Potosí_Blooming,41.96480295504216,1.13,1.09,4,3,9,7,57.1,42.9,0,1,0,0,5,4
2024-02-18 21:30:00,Guabirá,Independiente Petrolero,2.0,1.0,Montero,Bolivia,Estadio Gilberto Parada,,,,División Profesional,,20240218_Guabirá_Independiente-Petrolero,24.965342300855582,1.63,0.37,7,1,16,5,49.9,50.1,3,3,0,0,7,4
2024-02-18 23:30:00,Wilstermann,Oriente Petrolero,3.0,0.0,Cochabamba,Bolivia,Estadio Félix Capriles,,,,División Profesional,,20240218_Wilstermann_Oriente-Petrolero,63.51918265060249,1.38,1.09,3,4,7,8,48.6,51.4,1,0,1,0,4,3
2024-02-20 22:00:00,Real Tomayapo,San Antonio Bulo Bulo,2.0,2.0,Tarija,Bolivia,Estadio IV Centenário,,,,División Profesional,,20240220_Real-Tomayapo_San-Antonio-Bulo-Bulo,53.69371647892149,0.96,1.07,4,4,8,10,48.2,51.8,1,0,0,0,4,2
2024-02-21 00:00:00,The Strongest,Real Santa Cruz,3.0,0.0,La Paz,Bolivia,Estadio Hernando Siles,,,,División Profesional,,20240221_The-Strongest_Real-Santa-Cruz,168.2856519671643,1.55,0.72,4,1,8,2,57.5,42.5,1,3,0,0,6,1
2024-02-21 19:00:00,Universitario de Vinto,Guabirá,1.0,0.0,Cochabamba,Bolivia,Estadio Municipal de Quillacollo,,,,División Profesional,,20240221_Universitario-de-Vinto_Guabirá,31.873202678837515,1.25,0.42,4,1,9,3,57.7,42.3,1,0,0,1,5,6
2024-02-22 00:00:00,Oriente Petrolero,Bolívar,0.0,2.0,Santa Cruz,Bolivia,Estadio Ramón Tahuichi,,,,División Profesional,,20240222_Oriente-Petrolero_Bolívar,-172.86510352758273,1.65,0.94,6,5,11,10,46.0,54.0,0,2,0,0,5,5
2024-02-22 15:00:00,GV San José,Wilstermann,2.0,2.0,Oruro,Bolivia,Estadio Jesús Bermúdez,,,,División Profesional,,20240222_GV-San-José_Wilstermann,-74.61059548532853,1.11,0.93,3,3,5,7,49.5,50.5,2,2,0,0,7,5
2024-02-22 19:00:00,Royal Pari,Nacional Potosí,0.0,1.0,Santa Cruz,Bolivia,Estadio Ramón Tahuichi,,,,División Profesional,,20240222_Royal-Pari_Nacional-Potosí,-53.65046447820487,0.77,1.22,4,2,10,4,54.7,45.3,1,2,0,0,4,6
2024-02-23 19:00:00,Independiente Petrolero,Always Ready,1.0,1.0,Cochabamba,Bolivia,Estadio Olímpico Patria,,,,División Profesional,,20240223_Independiente-Petrolero_Always-Ready,-110.52913314920829,0.92,0.68,4,2,10,6,48.4,51.6,0,2,0,1,7,3
2024-02-24 19:00:00,San Antonio Bulo Bulo,Universitario de Vinto,0.0,0.0,Entre Rios,Bolivia,Estadio Dr. Carlos Villegas,,,,División Profesional,,20240224_San-Antonio-Bulo-Bulo_Universitario-de-Vinto,-39.6026220452452,0.79,0.79,1,1,1,3,47.8,52.2,2,3,0,0,4,1
2024-02-24 21:30:00,Guabirá,Real Santa Cruz,1.0,2.0,Montero,Bolivia,Estadio Gilberto Parada,,,,División Profesional,,20240224_Guabirá_Real-Santa-Cruz,29.029351434458704,1.31,1.16,3,5,7,11,51.1,48.9,2,1,0,0,6,6
2024-02-25 19:00:00,Aurora,Wilstermann,1.0,0.0,Cochabamba,Bolivia,Estadio Félix Capriles,,,,División Profesional,,20240225_Aurora_Wilstermann,-3.6542005755950413,0.21,0.8,1,2,4,6,50.4,49.6,1,3,0,0,2,4
2024-02-25 21:30:00,Bolívar,The Strongest,4.0,4.0,La Paz,Bolivia,Estadio Hernando Siles,,,,División Profesional,,20240225_Bolívar_The-Strongest,23.429241417187086,1.44,1.5,4,5,9,11,51.2,48.8,4,1,0,0,6,4
2024-02-25 23:30:00,Blooming,Oriente Petrolero,2.0,1.0,Santa Cruz,Bolivia,Estadio Ramón Tahuichi,,,,División Profesional,,20240225_Blooming_Oriente-Petrolero,18.800689606232254,1.13,0.55,3,2,5,6,50.8,49.2,3,2,0,0,6,1
2024-02-27 00:00:00,Real Tomayapo,Royal Pari,0.0,2.0,Tarija,Bolivia,Estadio IV Centenário,,,,División Profesional,,20240227_Real-Tomayapo_Royal-Pari,79.94900704174302,1.57,0.51,4,4,7,10,59.2,40.8,3,3,0,0,8,5
2024-02-28 00:00:00,Independiente Petrolero,Nacional Potosí,1.0,1.0,Cochabamba,Bolivia,Estadio Olímpico Patria,,,,División Profesional,,20240228_Independiente-Petrolero_Nacional-Potosí,-90.76132097320192,0.44,1.45,1,5,4,9,49.1,50.9,1,2,0,0,1,3
2024-02-28 19:00:00,San Antonio Bulo Bulo,The Strongest,5.0,1.0,Entre Rios,Bolivia,Estadio Dr. Carlos Villegas,,,,División Profesional,,20240228_San-Antonio-Bulo-Bulo_The-Strongest,-137.8337644488122,0.99,0.74,5,1,12,2,43.2,56.8,1,2,0,0,7,2
2024-03-02 00:00:00,Royal Pari,Blooming,1.0,2.0,Santa Cruz,Bolivia,Estadio Ramón Tahuichi,,,,División Profesional,,20240302_Royal-Pari_Blooming,-21.36970794413378,1.25,1.33,6,4,12,10,44.2,55.8,2,0,0,0,4,2
2024-03-02 19:00:00,The Strongest,Real Tomayapo,2.0,1.0,La Paz,Bolivia,Estadio Hernando Siles,,,,División Profesional,,20240302_The-Strongest_Real-Tomayapo,87.3697334488113,1.17,0.85,3,1,11,1,53.7,46.3,0,1,0,0,5,4
2024-03-02 21:30:00,Wilstermann,Bolívar,1.0,2.0,Cochabamba,Bolivia,Estadio Félix Capriles,,,,División Profesional,,20240302_Wilstermann_Bolívar,-110.01948860470361,1.01,1.3,3,3,4,7,55.7,44.3,2,4,0,1,5,7
2024-03-03 00:00:00,Guabirá,Always Ready,3.0,1.0,Montero,Bolivia,Estadio Gilberto Parada,,,,División Profesional,,20240303_Guabirá_Always-Ready,-83.4941379093234,1.26,0.34,3,2,7,4,39.4,60.6,0,2,0,0,3,0
2024-03-03 19:00:00,Nacional Potosí,Aurora,1.0,0.0,Potosí,Bolivia,Estadio Víctor Agustín Ugarte,,,,División Profesional,,20240303_Nacional-Potosí_Aurora,-30.614520410119667,1.39,0.05,4,0,6,0,53.6,46.4,2,2,0,0,8,4
2024-03-03 21:30:00,Universitario de Vinto,Independiente Petrolero,2.0,1.0,Cochabamba,Bolivia,Estadio Félix Capriles,,,,División Profesional,,20240303_Universitario-de-Vinto_Independiente-Petrolero,81.89811117726867,1.05,1.52,4,3,10,9,55.1,44.9,1,3,0,0,7,3
2024-03-03 23:30:00,GV San José,Oriente Petrolero,1.0,3.0,Oruro,Bolivia,Estadio Jesús Bermúdez,,,,División Profesional,,20240303_GV-San-José_Oriente-Petrolero,28.936203396227484,1.64,1.28,5,5,11,10,50.7,49.3,3,3,0,0,9,6
2024-03-04 19:00:00,Real Santa Cruz,San Antonio Bulo Bulo,0.0,3.0,Santa Cruz,Bolivia,Estadio Ramón Tahuichi,,,,División Profesional,,20240304_Real-Santa-Cruz_San-Antonio-Bulo-Bulo,-47.99162785786325,1.89,1.86,6,7,14,15,48.1,51.9,1,4,0,1,5,6
2024-03-08 19:00:00,Real Santa Cruz,Guabirá,1.0,1.0,Santa Cruz,Bolivia,Estadio Real Santa Cruz,,,,División Profesional,,20240308_Real-Santa-Cruz_Guabirá,-28.211142721947,0.55,2.25,1,7,3,15,45.8,54.2,2,5,1,0,1,5
2024-03-09 00:30:00,Royal Pari,Real Tomayapo,1.0,1.0,Santa Cruz,Bolivia,Estadio Ramón Tahuichi,,,,División Profesional,,20240309_Royal-Pari_Real-Tomayapo,-52.74023097816985,0.66,0.82,1,4,2,8,49.1,50.9,0,2,0,0,2,5
2024-03-09 19:00:00,Universitario de Vinto,San Antonio Bulo Bulo,1.0,0.0,Cochabamba,Bolivia,Estadio Municipal de Quillacollo,,,,División Profesional,,20240309_Universitario-de-Vinto_San-Antonio-Bulo-Bulo,19.22281637088713,1.8,1.31,5,4,10,9,51.6,48.4,1,1,0,0,3,5
2024-03-09 21:30:00,Always Ready,GV San José,1.0,1.0,"El Alto, La Paz.",Bolivia,Municipal Villa Ingenio,,,,División Profesional,,20240309_Always-Ready_GV-San-José,61.005203679945225,1.69,0.77,4,2,8,5,45.9,54.1,1,0,0,0,5,5
2024-03-10 00:00:00,Nacional Potosí,Independiente Petrolero,3.0,1.0,Potosí,Bolivia,Estadio Víctor Agustín Ugarte,,,,División Profesional,,20240310_Nacional-Potosí_Independiente-Petrolero,106.90783086870306,2.47,0.14,6,1,11,1,55.2,44.8,2,1,0,0,6,5
2024-03-10 19:00:00,Wilstermann,Aurora,1.0,1.0,Cochabamba,Bolivia,Estadio Félix Capriles,,,,División Profesional,,20240310_Wilstermann_Aurora,-15.865731545310382,1.1,1.66,3,5,6,12,45.3,54.7,2,0,0,0,4,5
2024-03-10 21:30:00,The Strongest,Bolívar,2.0,1.0,La Paz,Bolivia,Estadio Hernando Siles,,,,División Profesional,,20240310_The-Strongest_Bolívar,-37.61667853857398,0.45,1.0,2,4,7,10,49.7,50.3,1,0,0,0,4,8
2024-03-10 23:30:00,Oriente Petrolero,Blooming,0.0,0.0,Santa Cruz,Bolivia,Estadio Ramón Tahuichi,,,,División Profesional,,20240310_Oriente-Petrolero_Blooming,-39.7689792359879,0.41,1.02,1,4,2,10,43.4,56.6,2,1,0,0,5,7
2024-03-12 22:00:00,Always Ready,Guabirá,1.0,0.0,"El Alto, La Paz.",Bolivia,Municipal Villa Ingenio,,,,División Profesional,,20240312_Always-Ready_Guabirá,52.72167730667479,1.75,0.84,6,3,12,7,56.7,43.3,1,1,0,0,6,2
2024-03-13 00:00:00,Independiente Petrolero,Universitario de Vinto,1.0,0.0,Cochabamba,Bolivia,Estadio Olímpico Patria,,,,División Profesional,,20240313_Independiente-Petrolero_Universitario-de-Vinto,-120.09986008782153,0.91,0.69,2,3,2,8,52.0,48.0,2,1,0,0,1,3
2024-03-13 19:00:00,San Antonio Bulo Bulo,Real Santa Cruz,2.0,1.0,Entre Rios,Bolivia,Estadio Dr. Carlos Villegas,,,,División Profesional,,20240313_San-Antonio-Bulo-Bulo_Real-Santa-Cruz,56.388421818591496,1.17,1.88,5,7,10,14,50.1,49.9,1,1,0,0,5,4
2024-03-13 22:00:00,Aurora,Nacional Potosí,4.0,1.0,Cochabamba,Bolivia,Estadio Félix Capriles,,,,División Profesional,,20240313_Aurora_Nacional-Potosí,-4.462222836529008,1.92,0.55,5,3,11,6,47.4,52.6,1,4,0,0,5,2
2024-03-14 00:00:00,Real Tomayapo,The Strongest,2.0,0.0,Tarija,Bolivia,Estadio IV Centenário,,,,División Profesional,,20240314_Real-Tomayapo_The-Strongest,-120.560427285385,1.54,0.87,4,1,9,2,40.9,59.1,0,4,0,0,3,5
2024-03-14 22:00:00,Oriente Petrolero,GV San José,1.0,0.0,Santa Cruz,Bolivia,Estadio Ramón Tahuichi,,,,División Profesional,,20240314_Oriente-Petrolero_GV-San-José,-3.6600206749865265,1.19,1.41,5,6,12,13,38.7,61.3,1,2,0,0,8,13
2024-03-15 00:00:00,Bolívar,Wilstermann,2.0,1.0,La Paz,Bolivia,Estadio Hernando Siles,,,,División Profesional,,20240315_Bolívar_Wilstermann,112.82206134503508,1.16,0.64,2,1,5,1,57.4,42.6,2,2,1,0,4,1
2024-03-16 00:00:00,Blooming,Royal Pari,0.0,2.0,Santa Cruz,Bolivia,Estadio Ramón Tahuichi,,,,División Profesional,,20240316_Blooming_Royal-Pari,40.72007588150518,1.25,1.52,3,5,7,10,50.8,49.2,1,0,0,0,7,6
2024-03-20 23:00:00,Aurora,Royal Pari,4.0,1.0,Cochabamba,Bolivia,Estadio Félix Capriles,,,,División Profesional,,20240320_Aurora_Royal-Pari,81.41609553780404,2.26,0.79,6,4,14,8,50.3,49.7,4,1,0,0,7,5
2024-03-28 19:00:00,GV San José,Always Ready,1.0,0.0,Oruro,Bolivia,Estadio Jesús Bermúdez,,,,División Profesional,,20240328_GV-San-José_Always-Ready,-79.153208851827,1.23,1.28,4,4,9,8,46.4,53.6,1,1,0,0,2,6
2024-03-29 00:00:00,Blooming,Aurora,1.0,0.0,Santa Cruz,Bolivia,Estadio Ramón Tahuichi,,,,División Profesional,,20240329_Blooming_Aurora,-76.73440722037753,0.52,1.16,2,4,4,9,44.4,55.6,2,2,0,0,5,4
2024-03-30 19:00:00,San Antonio Bulo Bulo,Real Tomayapo,3.0,0.0,Entre Rios,Bolivia,Estadio Dr. Carlos Villegas,,,,División Profesional,,20240330_San-Antonio-Bulo-Bulo_Real-Tomayapo,-13.479706749259549,1.56,0.62,6,1,11,3,42.4,57.6,3,2,0,0,5,4
2024-03-30 21:30:00,Guabirá,Universitario de Vinto,3.0,1.0,Montero,Bolivia,Estadio Gilberto Parada,,,,División Profesional,,20240330_Guabirá_Universitario-de-Vinto,-66.2205615827113,2.02,1.02,6,2,15,3,47.4,52.6,1,3,0,0,13,1
2024-03-31 00:00:00,Nacional Potosí,Royal Pari,2.0,0.0,Potosí,Bolivia,Estadio Víctor Agustín Ugarte,,,,División Profesional,,20240331_Nacional-Potosí_Royal-Pari,70.8084492031935,0.95,1.01,3,4,5,8,48.7,51.3,0,2,0,0,5,7
2024-03-31 19:30:00,Always Ready,Independiente Petrolero,0.0,1.0,"El Alto, La Paz.",Bolivia,Municipal Villa Ingenio,,,,División Profesional,,20240331_Always-Ready_Independiente-Petrolero,80.31844266620715,1.47,1.4,5,3,12,7,48.9,51.1,1,3,0,0,5,7
2024-03-31 21:30:00,Bolívar,Oriente Petrolero,4.0,2.0,La Paz,Bolivia,Estadio Hernando Siles,,,,División Profesional,,20240331_Bolívar_Oriente-Petrolero,173.13551413577557,1.1,0.78,4,3,10,6,52.0,48.0,0,0,0,0,8,4
2024-03-31 23:30:00,Aurora,Blooming,4.0,2.0,Cochabamba,Bolivia,Estadio Félix Capriles,,,,División Profesional,,20240331_Aurora_Blooming,47.51831924548719,2.15,1.9,6,6,12,12,46.6,53.4,4,1,0,0,2,4
2024-04-02 00:00:00,Wilstermann,GV San José,3.0,4.0,Cochabamba,Bolivia,Estadio Félix Capriles,,,,División Profesional,,20240402_Wilstermann_GV-San-José,49.74934662744522,0.14,1.39,3,5,6,10,53.8,46.2,0,2,0,0,7,9
2024-04-05 22:00:00,The Strongest,San Antonio Bulo Bulo,2.0,0.0,La Paz,Bolivia,Estadio Hernando Siles,,,,División Profesional,,20240405_The-Strongest_San-Antonio-Bulo-Bulo,89.56568233940516,1.74,1.23,6,4,13,9,51.0,49.0,1,2,0,0,7,6
2024-04-06 20:00:00,Blooming,Nacional Potosí,2.0,1.0,Santa Cruz,Bolivia,Estadio Ramón Tahuichi,,,,División Profesional,,20240406_Blooming_Nacional-Potosí,-52.99861304029582,2.14,1.03,8,3,17,8,54.5,45.5,0,1,0,0,12,5
2024-04-06 20:00:00,Royal Pari,Aurora,0.0,0.0,Montero,Bolivia,Estadio Gilberto Parada,,,,División Profesional,,20240406_Royal-Pari_Aurora,-105.2413609540738,1.25,0.2,6,1,14,0,51.8,48.2,1,2,0,0,6,4
2024-04-06 22:00:00,Universitario de Vinto,Always Ready,1.0,1.0,Cochabamba,Bolivia,Estadio Félix Capriles,,,,División Profesional,,20240406_Universitario-de-Vinto_Always-Ready,8.266428284521453,0.94,0.47,5,3,13,8,53.3,46.7,0,3,0,0,4,4
2024-04-07 20:00:00,GV San José,Bolívar,2.0,1.0,Oruro,Bolivia,Estadio Jesús Bermúdez,,,,División Profesional,,20240407_GV-San-José_Bolívar,-171.80457986180954,1.67,0.96,5,3,11,5,45.9,54.1,3,0,0,0,4,4
2024-04-07 20:00:00,Oriente Petrolero,Wilstermann,2.0,1.0,Santa Cruz,Bolivia,Estadio Ramón Tahuichi,,,,División Profesional,,20240407_Oriente-Petrolero_Wilstermann,-36.607859349524915,0.71,0.78,4,4,9,9,48.5,51.5,2,0,0,0,8,0
2024-04-07 23:30:00,Real Tomayapo,Real Santa Cruz,2.0,1.0,Tarija,Bolivia,Estadio IV Centenário,,,,División Profesional,,20240407_Real-Tomayapo_Real-Santa-Cruz,77.54145956743969,1.25,0.91,5,4,13,8,49.2,50.8,1,3,1,0,8,9
2024-04-08 23:00:00,Independiente Petrolero,Guabirá,3.0,2.0,Cochabamba,Bolivia,Estadio Olímpico Patria,,,,División Profesional,,20240408_Independiente-Petrolero_Guabirá,-21.432631099354467,2.02,1.98,6,5,12,10,47.8,52.2,1,2,0,0,5,5
2024-04-11 23:00:00,Real Santa Cruz,The Strongest,2.0,3.0,Santa Cruz,Bolivia,Estadio Real Santa Cruz,,,,División Profesional,,20240411_Real-Santa-Cruz_The-Strongest,-196.89678898548232,0.97,1.75,2,7,4,16,37.1,62.9,1,2,0,0,8,14
2024-04-14 19:00:00,San Antonio Bulo Bulo,Bolívar,1.0,0.0,Entre Rios,Bolivia,Estadio Dr. Carlos Villegas,,,,División Profesional,,20240414_San-Antonio-Bulo-Bulo_Bolívar,-122.78362783617763,1.26,0.67,3,3,9,7,45.0,55.0,1,3,0,0,11,6
2024-04-14 21:30:00,GV San José,The Strongest,0.0,2.0,Oruro,Bolivia,Estadio Jesús Bermúdez,,,,División Profesional,,20240414_GV-San-José_The-Strongest,-127.39124401482013,1.56,0.67,5,2,9,4,50.6,49.4,1,0,0,0,6,0
2024-04-14 23:30:00,Nacional Potosí,Universitario de Vinto,0.0,1.0,Potosí,Bolivia,Estadio Víctor Agustín Ugarte,,,,División Profesional,,20240414_Nacional-Potosí_Universitario-de-Vinto,17.80048209101369,0.59,1.82,1,6,3,14,44.9,55.1,1,1,0,0,5,11
2024-04-15 23:00:00,Independiente Petrolero,Aurora,0.0,1.0,Cochabamba,Bolivia,Estadio Olímpico Patria,,,,División Profesional,,20240415_Independiente-Petrolero_Aurora,-89.45548350114473,1.03,1.19,3,2,7,4,51.4,48.6,0,1,1,0,3,3
2024-04-17 19:00:00,Universitario de Vinto,Nacional Potosí,3.0,1.0,Cochabamba,Bolivia,Estadio Félix Capriles,,,,División Profesional,,20240417_Universitario-de-Vinto_Nacional-Potosí,7.428056902335356,2.22,0.79,7,3,15,9,54.6,45.4,1,2,0,0,5,3
2024-04-18 00:00:00,The Strongest,GV San José,2.0,1.0,La Paz,Bolivia,Estadio Hernando Siles,,,,División Profesional,,20240418_The-Strongest_GV-San-José,142.9656097688844,1.46,1.32,4,5,8,9,49.2,50.8,2,4,0,0,4,5
2024-04-18 23:00:00,Bolívar,San Antonio Bulo Bulo,1.0,1.0,La Paz,Bolivia,Estadio Hernando Siles,,,,División Profesional,,20240418_Bolívar_San-Antonio-Bulo-Bulo,90.63833724489837,1.61,1.59,4,4,8,8,56.0,44.0,2,1,0,0,5,5
2024-04-19 00:00:00,Aurora,Independiente Petrolero,2.0,3.0,Cochabamba,Bolivia,Estadio Félix Capriles,,,,División Profesional,,20240419_Aurora_Independiente-Petrolero,107.40914019365414,1.9,0.83,6,3,14,8,56.7,43.3,2,2,0,0,7,5
2024-04-20 21:30:00,Universitario de Vinto,The Strongest,0.0,1.0,Vinto,Bolivia,Estadio Hipólito Lazarte,,,,División Profesional,,20240420_Universitario-de-Vinto_The-Strongest,-106.31036323020203,0.95,1.4,3,4,6,9,53.2,46.8,1,5,0,0,4,4
2024-04-22 19:00:00,San Antonio Bulo Bulo,Independiente Petrolero,6.0,1.0,Entre Rios,Bolivia,Estadio Dr. Carlos Villegas,,,,División Profesional,,20240422_San-Antonio-Bulo-Bulo_Independiente-Petrolero,60.82444339032645,2.56,0.05,9,2,19,4,48.8,51.2,4,2,0,0,5,3
2024-04-28 20:00:00,The Strongest,Universitario de Vinto,1.0,2.0,La Paz,Bolivia,Estadio Hernando Siles,,,,División Profesional,,20240428_The-Strongest_Universitario-de-Vinto,123.18762261715005,1.54,1.82,5,7,10,15,53.5,46.5,0,3,0,0,2,5
2024-04-28 22:00:00,Independiente Petrolero,San Antonio Bulo Bulo,3.0,1.0,Cochabamba,Bolivia,Estadio Olímpico Patria,,,,División Profesional,,20240428_Independiente-Petrolero_San-Antonio-Bulo-Bulo,-80.66524404878328,2.17,2.05,9,7,20,15,45.6,54.4,0,0,0,0,13,7
2024-05-01 19:00:00,Universitario de Vinto,San Antonio Bulo Bulo,1.0,2.0,Cochabamba,Bolivia,Estadio Félix Capriles,,,,División Profesional,,20240501_Universitario-de-Vinto_San-Antonio-Bulo-Bulo,15.485882406506335,1.31,1.09,4,2,7,5,40.8,59.2,3,3,0,0,4,4
2024-05-05 19:00:00,San Antonio Bulo Bulo,Universitario de Vinto,1.0,1.0,Entre Rios,Bolivia,Estadio Dr. Carlos Villegas,,,,División Profesional,,20240505_San-Antonio-Bulo-Bulo_Universitario-de-Vinto,9.583136621263293,1.43,0.86,6,2,15,4,43.1,56.9,3,1,0,0,8,4
2024-05-11 00:00:00,Real Tomayapo,GV San José,2.0,0.0,Tarija,Bolivia,Estadio IV Centenário,,,,División Profesional,,20240511_Real-Tomayapo_GV-San-José,36.03240257307175,0.61,0.58,3,2,6,4,45.2,54.8,1,1,0,0,4,4
2024-05-11 19:00:00,San Antonio Bulo Bulo,Guabirá,3.0,2.0,Entre Rios,Bolivia,Estadio Dr. Carlos Villegas,,,,División Profesional,,20240511_San-Antonio-Bulo-Bulo_Guabirá,78.87649744941632,1.53,1.79,4,6,8,13,46.6,53.4,4,0,0,0,3,6
2024-05-11 21:30:00,Always Ready,Blooming,1.0,0.0,"El Alto, La Paz.",Bolivia,Municipal Villa Ingenio,,,,División Profesional,,20240511_Always-Ready_Blooming,-0.13026052708733005,1.56,0.66,7,3,16,7,54.3,45.7,2,0,0,0,5,7
2024-05-12 00:00:00,The Strongest,Nacional Potosí,2.0,1.0,La Paz,Bolivia,Estadio Hernando Siles,,,,División Profesional,,20240512_The-Strongest_Nacional-Potosí,129.57902930608589,0.95,0.53,3,1,8,3,52.3,47.7,1,2,0,0,4,2
2024-05-12 19:00:00,Independiente Petrolero,Bolívar,0.0,1.0,Cochabamba,Bolivia,Estadio Olímpico Patria,,,,División Profesional,,20240512_Independiente-Petrolero_Bolívar,-140.52330634191344,1.02,0.96,3,4,6,6,38.5,61.5,1,1,0,0,2,4
2024-05-12 21:30:00,Aurora,Oriente Petrolero,3.0,1.0,Cochabamba,Bolivia,Estadio Félix Capriles,,,,División Profesional,,20240512_Aurora_Oriente-Petrolero,67.06654529856314,2.64,0.83,7,2,17,3,53.4,46.6,0,1,0,0,2,2
2024-05-12 23:30:00,Real Santa Cruz,Wilstermann,0.0,2.0,Santa Cruz,Bolivia,Estadio Ramón Tahuichi,,,,División Profesional,,20240512_Real-Santa-Cruz_Wilstermann,-72.77797129137002,0.8,0.75,2,2,6,3,34.6,65.4,1,1,0,0,2,1
2024-05-13 23:00:00,Universitario de Vinto,Royal Pari,2.0,1.0,Cochabamba,Bolivia,Estadio Félix Capriles,,,,División Profesional,,20240513_Universitario-de-Vinto_Royal-Pari,74.63970329215272,1.76,0.51,7,1,15,2,50.2,49.8,6,2,0,0,10,6
2024-05-18 00:00:00,Blooming,San Antonio Bulo Bulo,1.0,0.0,Santa Cruz,Bolivia,Estadio Ramón Tahuichi,,,,División Profesional,,20240518_Blooming_San-Antonio-Bulo-Bulo,-57.613141449888644,2.14,1.67,6,3,15,6,51.2,48.8,1,1,0,0,7,5
2024-05-18 19:00:00,GV San José,Independiente Petrolero,2.0,2.0,Oruro,Bolivia,Estadio Jesús Bermúdez,,,,División Profesional,,20240518_GV-San-José_Independiente-Petrolero,4.364008618681055,1.92,2.0,5,6,13,13,55.4,44.6,2,3,0,0,8,4
2024-05-18 21:30:00,Nacional Potosí,Real Santa Cruz,1.0,0.0,Potosí,Bolivia,Estadio Víctor Agustín Ugarte,,,,División Profesional,,20240518_Nacional-Potosí_Real-Santa-Cruz,88.27253371540951,0.78,0.08,4,1,9,0,52.9,47.1,3,0,0,0,5,5
2024-05-19 00:00:00,Oriente Petrolero,Universitario de Vinto,2.0,1.0,Santa Cruz,Bolivia,Estadio Ramón Tahuichi,,,,División Profesional,,20240519_Oriente-Petrolero_Universitario-de-Vinto,-69.31227298300587,0.84,1.6,2,5,4,12,51.4,48.6,2,1,0,0,7,5
2024-05-19 19:00:00,Guabirá,Aurora,1.0,1.0,Montero,Bolivia,Estadio Gilberto Parada,,,,División Profesional,,20240519_Guabirá_Aurora,-105.91588670276019,1.07,1.27,3,3,7,6,43.5,56.5,2,0,0,0,3,4
2024-05-19 21:30:00,Bolívar,Real Tomayapo,4.0,1.0,La Paz,Bolivia,Estadio Hernando Siles,,,,División Profesional,,20240519_Bolívar_Real-Tomayapo,93.39686160204383,1.17,1.31,4,3,8,7,48.2,51.8,1,2,0,0,6,2
2024-05-19 23:30:00,Wilstermann,The Strongest,0.0,0.0,Cochabamba,Bolivia,Estadio Félix Capriles,,,,División Profesional,,20240519_Wilstermann_The-Strongest,-141.47081263937707,0.88,1.46,3,4,5,10,44.2,55.8,0,2,0,0,6,5
2024-05-20 23:00:00,Royal Pari,Always Ready,0.0,2.0,Santa Cruz,Bolivia,Estadio Ramón Tahuichi,,,,División Profesional,,20240520_Royal-Pari_Always-Ready,-68.6091617066686,0.31,0.43,3,2,7,4,48.5,51.5,0,0,0,0,2,4
2024-05-22 00:00:00,Independiente Petrolero,Oriente Petrolero,3.0,2.0,Cochabamba,Bolivia,Estadio Olímpico Patria,,,,División Profesional,,20240522_Independiente-Petrolero_Oriente-Petrolero,-16.228968434959597,1.12,1.74,5,6,11,13,51.7,48.3,1,3,0,0,7,3
2024-05-22 19:00:00,Real Tomayapo,Universitario de Vinto,0.0,1.0,Tarija,Bolivia,Estadio IV Centenário,,,,División Profesional,,20240522_Real-Tomayapo_Universitario-de-Vinto,-3.9000020713444883,0.8,1.53,2,4,4,9,53.1,46.9,1,3,0,0,5,8
2024-05-22 23:00:00,Aurora,Bolívar,1.0,1.0,Cochabamba,Bolivia,Estadio Félix Capriles,,,,División Profesional,,20240522_Aurora_Bolívar,-79.20433840155965,1.42,1.18,5,3,9,7,42.3,57.7,1,3,0,0,4,8
2024-05-23 00:30:00,Blooming,Wilstermann,3.0,0.0,Santa Cruz,Bolivia,Estadio Ramón Tahuichi,,,,División Profesional,,20240523_Blooming_Wilstermann,0.49710509199599073,2.21,1.25,7,4,15,8,52.5,47.5,1,2,0,0,8,6
2024-05-23 19:00:00,San Antonio Bulo Bulo,Royal Pari,0.0,3.0,Cochabamba,Bolivia,Bicentenario de Villa Tunari,,,,División Profesional,,20240523_San-Antonio-Bulo-Bulo_Royal-Pari,98.03237165262499,0.73,1.16,4,4,8,9,52.8,47.2,1,1,0,0,9,8
2024-05-23 22:00:00,Always Ready,Nacional Potosí,2.0,1.0,"El Alto, La Paz.",Bolivia,Municipal Villa Ingenio,,,,División Profesional,,20240523_Always-Ready_Nacional-Potosí,19.23286505860915,1.08,1.16,3,3,5,6,49.2,50.8,1,5,0,0,3,3
2024-05-24 00:00:00,The Strongest,Guabirá,3.0,2.0,La Paz,Bolivia,Estadio Hernando Siles,,,,División Profesional,,20240524_The-Strongest_Guabirá,182.03715829720545,1.39,0.87,4,2,11,4,55.4,44.6,4,0,0,0,5,2
2024-05-25 19:00:00,Universitario de Vinto,Aurora,2.0,2.0,Cochabamba,Bolivia,Estadio Félix Capriles,,,,División Profesional,,20240525_Universitario-de-Vinto_Aurora,-18.81582647009418,1.01,1.64,2,4,3,10,45.3,54.7,3,2,0,0,2,6
2024-05-25 21:30:00,Bolívar,Real Santa Cruz,4.0,0.0,La Paz,Bolivia,Estadio Hernando Siles,,,,División Profesional,,20240525_Bolívar_Real-Santa-Cruz,230.9718694178307,2.18,0.05,5,0,11,0,57.6,42.4,1,3,0,0,3,2
2024-05-25 23:00:00,Blooming,Real Tomayapo,1.0,0.0,Santa Cruz,Bolivia,Estadio Ramón Tahuichi,,,,División Profesional,,20240525_Blooming_Real-Tomayapo,7.251450870803183,0.36,0.21,1,0,0,0,46.0,54.0,2,2,0,0,4,2
2024-05-26 19:00:00,Guabirá,Nacional Potosí,1.0,1.0,Montero,Bolivia,Estadio Gilberto Parada,,,,División Profesional,,20240526_Guabirá_Nacional-Potosí,-45.55879444318953,1.85,0.92,5,4,9,8,46.7,53.3,1,1,0,0,6,4
2024-05-26 21:30:00,Wilstermann,Always Ready,1.0,0.0,Cochabamba,Bolivia,Estadio Félix Capriles,,,,División Profesional,,20240526_Wilstermann_Always-Ready,-43.383877373645646,0.05,0.48,1,1,2,0,47.3,52.7,1,1,0,0,4,3
2024-05-26 23:30:00,Oriente Petrolero,The Strongest,0.0,1.0,Santa Cruz,Bolivia,Estadio Ramón Tahuichi,,,,División Profesional,,20240526_Oriente-Petrolero_The-Strongest,-170.589215457936,0.97,1.65,3,4,5,11,44.7,55.3,1,4,0,0,5,8
2024-05-27 22:00:00,GV San José,San Antonio Bulo Bulo,2.0,0.0,Oruro,Bolivia,Estadio Jesús Bermúdez,,,,División Profesional,,20240527_GV-San-José_San-Antonio-Bulo-Bulo,-46.62719980419797,1.24,0.62,4,1,8,2,46.7,53.3,3,0,0,0,1,0
2024-05-28 00:00:00,Royal Pari,Independiente Petrolero,2.0,2.0,Santa Cruz,Bolivia,Estadio Ramón Tahuichi,,,,División Profesional,,20240528_Royal-Pari_Independiente-Petrolero,-29.30505450793089,1.51,1.25,7,4,15,9,46.7,53.3,0,1,0,0,9,4
2024-05-30 19:00:00,Real Santa Cruz,GV San José,2.0,3.0,Santa Cruz,Bolivia,Estadio Real Santa Cruz,,,,División Profesional,,20240530_Real-Santa-Cruz_GV-San-José,-92.33385525511312,0.97,2.28,3,7,6,15,44.6,55.4,1,3,0,0,1,7
2024-07-12 22:00:00,Independiente Petrolero,Guabirá,0.0,0.0,Cochabamba,Bolivia,Estadio Olímpico Patria,,,,División Profesional,,20240712_Independiente-Petrolero_Guabirá,30.22712441596923,0.87,0.56,3,2,5,4,45.4,54.6,3,4,0,0,7,6
2024-07-13 00:00:00,Always Ready,Real Tomayapo,1.0,1.0,"El Alto, La Paz.",Bolivia,Municipal Villa Ingenio,,,,División Profesional,,20240713_Always-Ready_Real-Tomayapo,24.431455678172824,1.11,1.18,3,3,5,8,48.8,51.2,3,1,0,0,2,6
2024-07-13 19:00:00,San Antonio Bulo Bulo,Oriente Petrolero,1.0,2.0,Entre Rios,Bolivia,Estadio Dr. Carlos Villegas,,,,División Profesional,,20240713_San-Antonio-Bulo-Bulo_Oriente-Petrolero,39.96000330318111,0.38,0.73,1,2,1,4,50.6,49.4,4,5,0,0,1,2
2024-07-13 21:30:00,Aurora,GV San José,2.0,1.0,Cochabamba,Bolivia,Estadio Félix Capriles,,,,División Profesional,,20240713_Aurora_GV-San-José,60.3003966030617,0.99,0.05,3,1,6,2,50.1,49.9,0,0,0,0,7,5
2024-07-14 00:00:00,The Strongest,Universitario de Vinto,1.0,0.0,La Paz,Bolivia,Estadio Hernando Siles,,,,División Profesional,,20240714_The-Strongest_Universitario-de-Vinto,111.46760320779754,0.6,0.48,1,3,2,5,54.3,45.7,2,2,0,0,3,3
2024-07-14 19:00:00,Nacional Potosí,Wilstermann,0.0,0.0,Potosí,Bolivia,Estadio Víctor Agustín Ugarte,,,,División Profesional,,20240714_Nacional-Potosí_Wilstermann,-13.577057919588242,0.05,1.64,1,4,1,9,49.9,50.1,1,2,0,0,5,4
2024-07-14 21:00:00,Blooming,Bolívar,0.0,5.0,Santa Cruz,Bolivia,Estadio Ramón Tahuichi,,,,División Profesional,,20240714_Blooming_Bolívar,-106.29284105435295,0.4,1.58,3,5,8,9,46.8,53.2,1,2,0,1,1,5
2024-07-19 19:00:00,Universitario de Vinto,Real Santa Cruz,1.0,1.0,Cochabamba,Bolivia,Estadio Félix Capriles,,,,División Profesional,,20240719_Universitario-de-Vinto_Real-Santa-Cruz,144.60782674639745,0.68,0.05,3,1,6,4,53.3,46.7,1,0,0,0,4,1
2024-07-20 00:00:00,Royal Pari,Blooming,2.0,1.0,Santa Cruz,Bolivia,Estadio Ramón Tahuichi,,,,División Profesional,,20240720_Royal-Pari_Blooming,-67.34755101562973,1.6,0.46,5,1,10,2,55.6,44.4,0,2,0,0,8,3
2024-07-20 19:00:00,Real Tomayapo,Nacional Potosí,2.0,0.0,Tarija,Bolivia,Estadio IV Centenário,,,,División Profesional,,20240720_Real-Tomayapo_Nacional-Potosí,5.9218549175225235,1.54,0.72,5,3,12,8,48.4,51.6,2,1,0,0,8,7
2024-07-20 21:30:00,GV San José,The Strongest,5.0,2.0,Oruro,Bolivia,Estadio Jesús Bermúdez,,,,División Profesional,,20240720_GV-San-José_The-Strongest,-172.46553487540496,2.61,0.85,8,3,19,7,43.3,56.7,4,1,0,0,7,7
2024-07-21 00:00:00,Wilstermann,San Antonio Bulo Bulo,0.0,1.0,Cochabamba,Bolivia,Estadio Félix Capriles,,,,División Profesional,,20240721_Wilstermann_San-Antonio-Bulo-Bulo,13.146404097986078,1.26,0.49,5,1,12,3,54.4,45.6,4,0,0,0,6,0
2024-07-21 19:00:00,Independiente Petrolero,Aurora,2.0,1.0,Cochabamba,Bolivia,Estadio Olímpico Patria,,,,División Profesional,,20240721_Independiente-Petrolero_Aurora,-86.27672083710286,1.57,0.94,5,3,11,7,50.9,49.1,2,0,0,0,3,8
2024-07-21 21:30:00,Bolívar,Always Ready,0.0,0.0,La Paz,Bolivia,Estadio Hernando Siles,,,,División Profesional,,20240721_Bolívar_Always-Ready,121.89362254482853,0.44,1.02,2,3,2,8,56.4,43.6,2,1,1,0,1,5
2024-07-21 23:30:00,Oriente Petrolero,Guabirá,2.0,1.0,Santa Cruz,Bolivia,Estadio Ramón Tahuichi,,,,División Profesional,,20240721_Oriente-Petrolero_Guabirá,28.138423164866936,1.68,0.88,5,3,9,5,43.8,56.2,0,2,0,0,3,2
2024-07-26 19:00:00,San Antonio Bulo Bulo,Real Tomayapo,1.0,1.0,Entre Rios,Bolivia,Estadio Dr. Carlos Villegas,,,,División Profesional,,20240726_San-Antonio-Bulo-Bulo_Real-Tomayapo,-5.770235966137761,1.34,1.38,3,4,6,10,48.2,51.8,2,4,0,0,1,6
2024-07-27 00:00:00,Blooming,Independiente Petrolero,2.0,1.0,Santa Cruz,Bolivia,Estadio Ramón Tahuichi,,,,División Profesional,,20240727_Blooming_Independiente-Petrolero,11.885898857586426,1.46,1.71,7,4,14,9,48.5,51.5,1,1,0,0,7,5
2024-07-27 19:00:00,Real Santa Cruz,Oriente Petrolero,0.0,1.0,Santa Cruz,Bolivia,Estadio Ramón Tahuichi,,,,División Profesional,,20240727_Real-Santa-Cruz_Oriente-Petrolero,-100.36280303797776,0.6,1.39,2,4,5,9,47.2,52.8,5,4,0,0,4,1
2024-07-27 21:30:00,The Strongest,Aurora,1.0,1.0,La Paz,Bolivia,Estadio Hernando Siles,,,,División Profesional,,20240727_The-Strongest_Aurora,89.69799623526842,1.01,0.63,3,2,7,4,55.5,44.5,5,2,0,0,7,3
2024-07-28 00:15:00,Wilstermann,Royal Pari,2.0,0.0,Cochabamba,Bolivia,Estadio Félix Capriles,,,,División Profesional,,20240728_Wilstermann_Royal-Pari,25.845132833889238,0.98,0.85,3,4,8,7,56.4,43.6,2,1,0,0,2,5
2024-07-28 19:00:00,Guabirá,GV San José,1.0,0.0,Montero,Bolivia,Estadio Gilberto Parada,,,,División Profesional,,20240728_Guabirá_GV-San-José,-62.786349513465666,0.97,1.41,2,6,5,13,50.6,49.4,2,2,0,0,4,4
2024-07-28 21:30:00,Nacional Potosí,Bolívar,2.0,1.0,Potosí,Bolivia,Estadio Víctor Agustín Ugarte,,,,División Profesional,,20240728_Nacional-Potosí_Bolívar,-158.3121076892437,1.82,0.94,5,2,10,5,38.9,61.1,2,4,0,0,8,6
2024-07-28 23:30:00,Always Ready,Universitario de Vinto,1.0,2.0,"El Alto, La Paz.",Bolivia,Municipal Villa Ingenio,,,,División Profesional,,20240728_Always-Ready_Universitario-de-Vinto,0.6067618994511577,2.26,0.23,7,2,15,5,47.4,52.6,0,1,0,0,7,4
2024-07-30 22:00:00,Aurora,San Antonio Bulo Bulo,2.0,3.0,Cochabamba,Bolivia,Estadio Félix Capriles,,,,División Profesional,,20240730_Aurora_San-Antonio-Bulo-Bulo,48.52866435902456,1.44,2.07,5,5,9,11,50.4,49.6,1,0,0,0,7,5
2024-07-31 00:00:00,Oriente Petrolero,Wilstermann,1.0,0.0,Santa Cruz,Bolivia,Estadio Ramón Tahuichi,,,,División Profesional,,20240731_Oriente-Petrolero_Wilstermann,-5.356166537102581,1.45,0.6,6,1,12,1,53.5,46.5,4,2,0,0,7,1
2024-07-31 19:00:00,Real Tomayapo,Guabirá,2.0,1.0,Tarija,Bolivia,Estadio IV Centenário,,,,División Profesional,,20240731_Real-Tomayapo_Guabirá,56.259987344726596,0.55,1.08,3,6,9,12,50.7,49.3,0,3,0,0,5,7
2024-07-31 22:00:00,Bolívar,GV San José,4.0,0.0,La Paz,Bolivia,Estadio Hernando Siles,,,,División Profesional,,20240731_Bolívar_GV-San-José,133.6442460114738,1.67,0.76,6,1,14,2,58.3,41.7,2,3,0,0,9,3
2024-08-01 19:00:00,Universitario de Vinto,Blooming,1.0,0.0,Cochabamba,Bolivia,Estadio Félix Capriles,,,,División Profesional,,20240801_Universitario-de-Vinto_Blooming,19.44496278060592,1.58,0.86,5,2,10,3,48.4,51.6,0,3,0,0,10,2
2024-08-02 00:00:00,Always Ready,The Strongest,0.0,0.0,"El Alto, La Paz.",Bolivia,Municipal Villa Ingenio,,,,División Profesional,,20240802_Always-Ready_The-Strongest,-123.61812723314256,2.2,0.93,8,2,16,4,50.2,49.8,2,1,0,0,8,1
2024-08-03 19:00:00,GV San José,Oriente Petrolero,2.0,0.0,Oruro,Bolivia,Estadio Jesús Bermúdez,,,,División Profesional,,20240803_GV-San-José_Oriente-Petrolero,-29.968756180117225,1.86,1.28,4,3,8,7,44.8,55.2,2,0,0,0,5,3
2024-08-04 00:00:00,Royal Pari,Bolívar,0.0,1.0,Santa Cruz,Bolivia,Estadio Ramón Tahuichi,,,,División Profesional,,20240804_Royal-Pari_Bolívar,-173.76548237875204,0.65,2.6,1,9,2,19,39.7,60.3,2,2,0,0,2,9
2024-08-04 19:00:00,Guabirá,Universitario de Vinto,4.0,2.0,Montero,Bolivia,Estadio Gilberto Parada,,,,División Profesional,,20240804_Guabirá_Universitario-de-Vinto,-104.27271566143804,1.41,2.4,5,8,12,17,49.2,50.8,2,2,0,0,7,13
2024-08-04 21:30:00,The Strongest,Independiente Petrolero,5.0,0.0,La Paz,Bolivia,Estadio Hernando Siles,,,,División Profesional,,20240804_The-Strongest_Independiente-Petrolero,150.59498136221077,2.21,0.88,8,1,18,2,60.9,39.1,1,1,0,0,9,3
2024-08-04 23:30:00,Wilstermann,Real Tomayapo,2.0,1.0,Cochabamba,Bolivia,Estadio Félix Capriles,,,,División Profesional,,20240804_Wilstermann_Real-Tomayapo,-28.481895170264806,0.92,1.13,2,2,4,3,46.1,53.9,2,1,0,0,3,2
2024-08-05 19:00:00,Real Santa Cruz,Aurora,2.0,2.0,Santa Cruz,Bolivia,Estadio Ramón Tahuichi,,,,División Profesional,,20240805_Real-Santa-Cruz_Aurora,-158.68769996516357,1.27,1.34,4,4,8,9,38.5,61.5,1,1,0,0,5,5
2024-08-06 00:00:00,Blooming,Nacional Potosí,4.0,1.0,Santa Cruz,Bolivia,Estadio Ramón Tahuichi,,,,División Profesional,,20240806_Blooming_Nacional-Potosí,8.030993798274494,1.66,0.4,6,1,14,4,54.5,45.5,2,0,0,0,8,1
2024-08-07 19:00:00,Universitario de Vinto,GV San José,1.0,1.0,Cochabamba,Bolivia,Estadio Municipal de Quillacollo,,,,División Profesional,,20240807_Universitario-de-Vinto_GV-San-José,38.77266694648597,0.68,0.51,3,2,6,5,54.3,45.7,2,2,0,0,5,4
2024-08-07 22:00:00,Oriente Petrolero,Royal Pari,0.0,0.0,Santa Cruz,Bolivia,Estadio Ramón Tahuichi,,,,División Profesional,,20240807_Oriente-Petrolero_Royal-Pari,48.312688490963865,0.84,1.39,4,3,8,8,45.0,55.0,2,2,0,0,11,5
2024-08-08 00:00:00,Real Tomayapo,Independiente Petrolero,3.0,2.0,Tarija,Bolivia,Estadio IV Centenário,,,,División Profesional,,20240808_Real-Tomayapo_Independiente-Petrolero,32.09390282518484,1.42,1.03,3,2,7,4,51.4,48.6,2,0,0,0,4,3
2024-08-08 19:00:00,Real Santa Cruz,The Strongest,1.0,2.0,Montero,Bolivia,Estadio Gilberto Parada,,,,División Profesional,,20240808_Real-Santa-Cruz_The-Strongest,-253.86338548132062,0.71,1.16,1,3,0,7,44.7,55.3,2,3,0,0,2,5
2024-08-08 22:00:00,Aurora,Blooming,1.0,0.0,Cochabamba,Bolivia,Estadio Félix Capriles,,,,División Profesional,,20240808_Aurora_Blooming,16.80401189453596,1.09,0.71,3,1,6,3,41.2,58.8,1,0,0,0,4,4
2024-08-09 00:00:00,Bolívar,Wilstermann,2.0,0.0,La Paz,Bolivia,Estadio Hernando Siles,,,,División Profesional,,20240809_Bolívar_Wilstermann,131.3591297854025,0.57,0.68,3,3,7,7,43.7,56.3,0,0,0,0,4,2
2024-08-09 22:00:00,Nacional Potosí,San Antonio Bulo Bulo,3.0,1.0,Potosí,Bolivia,Estadio Víctor Agustín Ugarte,,,,División Profesional,,20240809_Nacional-Potosí_San-Antonio-Bulo-Bulo,-32.21136978007826,1.02,1.78,3,5,9,9,45.2,54.8,0,0,0,0,2,3
2024-08-10 00:00:00,Always Ready,Guabirá,3.0,0.0,"El Alto, La Paz.",Bolivia,Municipal Villa Ingenio,,,,División Profesional,,20240810_Always-Ready_Guabirá,58.10951593071536,1.5,0.85,3,2,8,6,50.5,49.5,2,3,0,0,5,5
2024-08-10 22:00:00,Royal Pari,Real Tomayapo,0.0,2.0,Montero,Bolivia,Estadio Gilberto Parada,,,,División Profesional,,20240810_Royal-Pari_Real-Tomayapo,-67.06845082406517,0.42,0.54,0,2,1,6,49.8,50.2,1,1,0,0,0,2
2024-08-11 20:00:00,Aurora,Wilstermann,0.0,0.0,Cochabamba,Bolivia,Estadio Félix Capriles,,,,División Profesional,,20240811_Aurora_Wilstermann,48.87688089786752,0.92,1.12,4,4,8,6,56.0,44.0,1,1,0,0,3,5
2024-08-11 23:30:00,Oriente Petrolero,Blooming,0.0,1.0,Santa Cruz,Bolivia,Estadio Ramón Tahuichi,,,,División Profesional,,20240811_Oriente-Petrolero_Blooming,-10.223482182442694,1.01,1.63,3,7,6,16,48.7,51.3,1,2,0,0,3,9
2024-08-12 19:00:00,San Antonio Bulo Bulo,Universitario de Vinto,2.0,1.0,Entre Rios,Bolivia,Estadio Dr. Carlos Villegas,,,,División Profesional,,20240812_San-Antonio-Bulo-Bulo_Universitario-de-Vinto,-25.92410146424413,1.82,0.7,7,3,13,6,54.8,45.2,1,1,0,0,8,7
2024-08-12 22:00:00,GV San José,Always Ready,0.0,1.0,Oruro,Bolivia,Estadio Jesús Bermúdez,,,,División Profesional,,20240812_GV-San-José_Always-Ready,-32.281474483404054,1.08,0.87,3,3,8,4,49.2,50.8,1,1,0,0,5,4
2024-08-13 00:00:00,Independiente Petrolero,Nacional Potosí,3.0,3.0,Cochabamba,Bolivia,Estadio Olímpico Patria,,,,División Profesional,,20240813_Independiente-Petrolero_Nacional-Potosí,-35.08805737623334,0.77,1.39,3,4,8,7,46.1,53.9,2,5,0,0,4,5
2024-08-13 23:00:00,Guabirá,Real Santa Cruz,0.0,1.0,Montero,Bolivia,Estadio Gilberto Parada,,,,División Profesional,,20240813_Guabirá_Real-Santa-Cruz,67.73714222418198,0.73,1.22,3,5,6,11,58.2,41.8,1,1,0,0,2,2
2024-08-17 00:00:00,Always Ready,Oriente Petrolero,2.0,3.0,"El Alto, La Paz.",Bolivia,Municipal Villa Ingenio,,,,División Profesional,,20240817_Always-Ready_Oriente-Petrolero,53.90461501268442,1.21,1.78,2,6,4,13,47.2,52.8,0,3,0,0,3,12
2024-08-17 19:00:00,Universitario de Vinto,Independiente Petrolero,1.0,2.0,Cochabamba,Bolivia,Estadio Félix Capriles,,,,División Profesional,,20240817_Universitario-de-Vinto_Independiente-Petrolero,52.90327550233292,1.88,1.08,7,4,16,11,57.8,42.2,2,2,0,0,10,5
2024-08-17 21:30:00,Nacional Potosí,GV San José,2.0,1.0,Potosí,Bolivia,Estadio Víctor Agustín Ugarte,,,,División Profesional,,20240817_Nacional-Potosí_GV-San-José,13.869106974872238,1.83,1.4,6,4,12,8,50.0,50.0,3,1,0,0,12,2
2024-08-18 00:00:00,Blooming,Real Santa Cruz,3.0,1.0,Santa Cruz,Bolivia,Estadio Ramón Tahuichi,,,,División Profesional,,20240818_Blooming_Real-Santa-Cruz,122.06034334955734,1.99,0.93,7,3,18,6,49.9,50.1,0,1,1,0,12,1
2024-08-18 19:00:00,Real Tomayapo,The Strongest,2.0,0.0,Tarija,Bolivia,Estadio IV Centenário,,,,División Profesional,,20240818_Real-Tomayapo_The-Strongest,-116.61601979116699,2.4,0.94,8,3,18,6,37.9,62.1,1,1,0,0,7,2
2024-08-18 21:30:00,Wilstermann,Guabirá,3.0,0.0,Cochabamba,Bolivia,Estadio Félix Capriles,,,,División Profesional,,20240818_Wilstermann_Guabirá,63.74127806930778,2.17,1.8,8,7,19,17,48.0,52.0,2,3,0,0,15,10
2024-08-18 23:30:00,Royal Pari,Aurora,1.0,1.0,Santa Cruz,Bolivia,Estadio Ramón Tahuichi,,,,División Profesional,,20240818_Royal-Pari_Aurora,-102.89912002437063,1.41,0.78,5,1,10,2,45.0,55.0,2,0,0,0,2,3
2024-08-20 00:00:00,Bolívar,San Antonio Bulo Bulo,0.0,0.0,La Paz,Bolivia,Estadio Hernando Siles,,,,División Profesional,,20240820_Bolívar_San-Antonio-Bulo-Bulo,125.52194559025656,1.02,1.09,3,5,6,7,53.8,46.2,3,2,0,0,3,2
2024-08-20 23:00:00,Independiente Petrolero,Real Santa Cruz,3.0,0.0,Cochabamba,Bolivia,Estadio Olímpico Patria,,,,División Profesional,,20240820_Independiente-Petrolero_Real-Santa-Cruz,91.34887809807628,1.43,0.59,5,2,12,3,52.5,47.5,0,0,0,0,2,6
2024-08-21 23:00:00,Nacional Potosí,Royal Pari,2.0,1.0,Potosí,Bolivia,Estadio Víctor Agustín Ugarte,,,,División Profesional,,20240821_Nacional-Potosí_Royal-Pari,64.84499814558922,1.07,0.9,3,3,6,7,47.3,52.7,2,2,0,0,4,6
2024-08-23 23:00:00,Guabirá,Blooming,4.0,2.0,Montero,Bolivia,Estadio Gilberto Parada,,,,División Profesional,,20240823_Guabirá_Blooming,-100.71622001279388,1.94,0.64,6,2,12,5,48.2,51.8,0,2,0,0,6,3
2024-08-24 19:00:00,Real Santa Cruz,Always Ready,2.0,1.0,Santa Cruz,Bolivia,Estadio Real Santa Cruz,,,,División Profesional,,20240824_Real-Santa-Cruz_Always-Ready,-145.46562463930331,0.64,0.05,3,1,7,1,42.8,57.2,2,3,0,0,5,1
2024-08-24 21:30:00,GV San José,Wilstermann,0.0,0.0,Oruro,Bolivia,Estadio Jesús Bermúdez,,,,División Profesional,,20240824_GV-San-José_Wilstermann,-35.812219059227345,0.57,0.05,2,0,3,1,48.2,51.8,1,6,0,0,2,2
2024-08-25 00:00:00,Independiente Petrolero,San Antonio Bulo Bulo,3.0,3.0,Cochabamba,Bolivia,Estadio Olímpico Patria,,,,División Profesional,,20240825_Independiente-Petrolero_San-Antonio-Bulo-Bulo,-34.19384564482857,1.69,1.71,5,5,10,10,47.3,52.7,1,0,0,0,3,8
2024-08-25 19:00:00,The Strongest,Royal Pari,3.0,1.0,La Paz,Bolivia,Estadio Hernando Siles,,,,División Profesional,,20240825_The-Strongest_Royal-Pari,193.55757448002782,1.2,1.06,4,3,10,8,55.8,44.2,2,0,0,0,9,6
2024-08-25 21:30:00,Universitario de Vinto,Bolívar,0.0,1.0,Cochabamba,Bolivia,Estadio Félix Capriles,,,,División Profesional,,20240825_Universitario-de-Vinto_Bolívar,-135.04241953913584,1.39,1.18,4,3,9,6,40.9,59.1,2,1,0,0,4,3
2024-08-25 23:30:00,Oriente Petrolero,Nacional Potosí,2.0,2.0,Santa Cruz,Bolivia,Estadio Ramón Tahuichi,,,,División Profesional,,20240825_Oriente-Petrolero_Nacional-Potosí,-21.175988458599477,1.28,0.95,4,3,10,9,46.7,53.3,0,1,0,1,3,2
2024-08-26 23:00:00,Aurora,Real Tomayapo,0.0,0.0,Cochabamba,Bolivia,Estadio Félix Capriles,,,,División Profesional,,20240826_Aurora_Real-Tomayapo,-2.929763154574175,1.25,1.45,4,6,9,16,51.0,49.0,3,4,0,0,7,8
2024-09-01 19:00:00,Real Santa Cruz,Royal Pari,1.0,1.0,Santa Cruz,Bolivia,Estadio Real Santa Cruz,,,,División Profesional,,20240901_Real-Santa-Cruz_Royal-Pari,-33.33409400385676,0.49,1.02,1,4,2,8,52.2,47.8,3,3,0,0,1,3
2024-09-12 23:00:00,Royal Pari,Guabirá,3.0,3.0,Santa Cruz,Bolivia,Estadio Ramón Tahuichi,,,,División Profesional,,20240912_Royal-Pari_Guabirá,-12.60693629758407,1.35,1.73,3,5,6,12,47.6,52.4,2,2,0,0,2,6
2024-09-13 22:00:00,Wilstermann,Universitario de Vinto,1.0,1.0,Cochabamba,Bolivia,Estadio Félix Capriles,,,,División Profesional,,20240913_Wilstermann_Universitario-de-Vinto,10.329050748124246,1.45,0.18,4,1,8,2,56.5,43.5,5,4,0,0,5,1
2024-09-14 00:00:00,Real Tomayapo,Real Santa Cruz,2.0,1.0,Tarija,Bolivia,Estadio IV Centenário,,,,División Profesional,,20240914_Real-Tomayapo_Real-Santa-Cruz,146.722835137301,1.75,1.0,4,3,10,7,58.1,41.9,2,1,0,0,7,5
2024-09-14 20:15:00,San Antonio Bulo Bulo,The Strongest,0.0,3.0,Entre Rios,Bolivia,Estadio Dr. Carlos Villegas,,,,División Profesional,,20240914_San-Antonio-Bulo-Bulo_The-Strongest,-113.3048712744735,0.14,2.47,0,8,2,19,43.9,56.1,1,3,0,0,4,12
2024-09-14 21:30:00,Nacional Potosí,Aurora,1.0,3.0,Potosí,Bolivia,Estadio Víctor Agustín Ugarte,,,,División Profesional,,20240914_Nacional-Potosí_Aurora,-22.19258277056747,0.05,1.39,1,4,2,10,49.8,50.2,2,3,0,0,6,7
2024-09-15 19:00:00,Always Ready,Independiente Petrolero,0.0,0.0,"El Alto, La Paz.",Bolivia,Municipal Villa Ingenio,,,,División Profesional,,20240915_Always-Ready_Independiente-Petrolero,18.35834384831537,0.05,0.97,0,2,0,6,52.9,47.1,0,0,0,0,2,8
2024-09-15 21:30:00,Bolívar,Oriente Petrolero,2.0,0.0,La Paz,Bolivia,Estadio Hernando Siles,,,,División Profesional,,20240915_Bolívar_Oriente-Petrolero,148.15559682956768,2.41,0.05,7,2,16,5,60.9,39.1,3,4,0,0,9,6
2024-09-15 23:30:00,Blooming,GV San José,1.0,2.0,Santa Cruz,Bolivia,Estadio Ramón Tahuichi,,,,División Profesional,,20240915_Blooming_GV-San-José,36.52461722877479,0.68,1.94,3,6,6,13,56.9,43.1,1,2,0,1,5,5
2024-09-18 19:00:00,San Antonio Bulo Bulo,Always Ready,3.0,3.0,Entre Rios,Bolivia,Estadio Dr. Carlos Villegas,,,,División Profesional,,20240918_San-Antonio-Bulo-Bulo_Always-Ready,5.8948926738305545,0.41,1.33,3,4,8,10,46.2,53.8,1,0,0,0,7,4
2024-09-19 00:00:00,The Strongest,Bolívar,1.0,1.0,La Paz,Bolivia,Estadio Hernando Siles,,,,División Profesional,,20240919_The-Strongest_Bolívar,-11.591758659305924,0.5,1.05,2,4,4,9,38.3,61.7,0,2,0,0,1,10
2024-09-20 19:00:00,Universitario de Vinto,Nacional Potosí,0.0,1.0,Cochabamba,Bolivia,Estadio Municipal de Quillacollo,,,,División Profesional,,20240920_Universitario-de-Vinto_Nacional-Potosí,-10.125260587241428,0.05,0.68,1,1,1,2,45.2,54.8,0,3,0,0,2,3
2024-09-20 23:00:00,GV San José,Royal Pari,3.0,0.0,Oruro,Bolivia,Estadio Jesús Bermúdez,,,,División Profesional,,20240920_GV-San-José_Royal-Pari,58.851504821930575,2.22,1.05,8,4,18,10,48.8,51.2,2,1,0,0,8,7
2024-09-21 19:00:00,Real Santa Cruz,San Antonio Bulo Bulo,1.0,0.0,Santa Cruz,Bolivia,Estadio Real Santa Cruz,,,,División Profesional,,20240921_Real-Santa-Cruz_San-Antonio-Bulo-Bulo,-123.0895287050098,0.35,0.25,4,0,8,0,41.5,58.5,4,0,1,0,7,2
2024-09-21 21:00:00,Oriente Petrolero,Real Tomayapo,4.0,2.0,Montero,Bolivia,Estadio Gilberto Parada,,,,División Profesional,,20240921_Oriente-Petrolero_Real-Tomayapo,-59.020600581555755,1.66,0.44,6,2,12,4,45.9,54.1,3,1,0,0,5,3
2024-09-21 23:00:00,Aurora,Always Ready,1.0,0.0,Cochabamba,Bolivia,Estadio Félix Capriles,,,,División Profesional,,20240921_Aurora_Always-Ready,44.841764124954125,0.85,0.92,4,5,7,9,57.7,42.3,2,1,0,0,3,7
2024-09-22 19:00:00,Guabirá,Bolívar,0.0,3.0,Montero,Bolivia,Estadio Gilberto Parada,,,,División Profesional,,20240922_Guabirá_Bolívar,-213.80507627127918,1.04,1.85,4,6,10,15,40.1,59.9,2,2,0,0,9,8
2024-09-22 21:30:00,Independiente Petrolero,Wilstermann,2.0,2.0,Cochabamba,Bolivia,Estadio Olímpico Patria,,,,División Profesional,,20240922_Independiente-Petrolero_Wilstermann,-16.965560021999863,1.5,0.7,5,2,11,4,43.2,56.8,2,0,0,0,4,8
2024-09-22 23:30:00,The Strongest,Blooming,1.0,1.0,La Paz,Bolivia,Estadio Hernando Siles,,,,División Profesional,,20240922_The-Strongest_Blooming,145.88786851905616,0.85,0.6,2,2,6,4,52.8,47.2,1,2,0,0,6,4
2024-09-24 19:00:00,Royal Pari,Universitario de Vinto,0.0,0.0,Montero,Bolivia,Estadio Gilberto Parada,,,,División Profesional,,20240924_Royal-Pari_Universitario-de-Vinto,-67.30551187113724,1.49,1.12,5,4,13,9,45.7,54.3,6,2,0,0,6,6
2024-09-24 22:00:00,GV San José,Real Tomayapo,5.0,0.0,Oruro,Bolivia,Estadio Jesús Bermúdez,,,,División Profesional,,20240924_GV-San-José_Real-Tomayapo,-39.605503579553215,2.07,1.03,7,2,15,6,45.9,54.1,2,2,0,0,6,2
2024-09-25 00:00:00,Oriente Petrolero,Aurora,5.0,0.0,Montero,Bolivia,Estadio Gilberto Parada,,,,División Profesional,,20240925_Oriente-Petrolero_Aurora,-56.75481669135638,1.36,1.6,5,4,11,10,49.7,50.3,0,0,0,0,4,10
2024-09-25 19:30:00,Guabirá,San Antonio Bulo Bulo,1.0,2.0,Montero,Bolivia,Estadio Gilberto Parada,,,,División Profesional,,20240925_Guabirá_San-Antonio-Bulo-Bulo,-62.008919566758095,0.82,0.62,3,2,7,4,43.4,56.6,1,1,0,0,1,2
2024-09-25 22:00:00,Nacional Potosí,The Strongest,1.0,1.0,Potosí,Bolivia,Estadio Víctor Agustín Ugarte,,,,División Profesional,,20240925_Nacional-Potosí_The-Strongest,-119.24308736166586,0.05,1.26,1,4,1,9,50.4,49.6,1,3,0,0,2,6
2024-09-26 00:00:00,Bolívar,Independiente Petrolero,3.0,0.0,La Paz,Bolivia,Estadio Hernando Siles,,,,División Profesional,,20240926_Bolívar_Independiente-Petrolero,168.7616613679154,1.26,1.34,5,3,14,5,55.5,44.5,2,0,0,0,5,2
2024-09-26 22:00:00,Wilstermann,Real Santa Cruz,2.0,0.0,Cochabamba,Bolivia,Estadio Félix Capriles,,,,División Profesional,,20240926_Wilstermann_Real-Santa-Cruz,100.60491023372333,1.37,0.96,5,3,11,6,57.3,42.7,2,2,0,0,5,8
2024-09-27 00:00:00,Blooming,Always Ready,1.0,1.0,Montero,Bolivia,Estadio Gilberto Parada,,,,División Profesional,,20240927_Blooming_Always-Ready,5.169764978833655,1.45,0.5,3,1,5,4,49.8,50.2,1,3,0,0,1,3
2024-09-28 19:00:00,Independiente Petrolero,GV San José,0.0,1.0,Cochabamba,Bolivia,Estadio Olímpico Patria,,,,División Profesional,,20240928_Independiente-Petrolero_GV-San-José,-26.58516292083027,1.42,2.28,5,6,13,13,52.1,47.9,1,2,0,1,4,7
2024-09-29 23:30:00,Aurora,Guabirá,2.0,1.0,Cochabamba,Bolivia,Estadio Félix Capriles,,,,División Profesional,,20240929_Aurora_Guabirá,123.84246294625746,1.0,1.82,2,6,6,14,52.5,47.5,2,2,0,0,0,13
2024-09-30 19:00:00,San Antonio Bulo Bulo,Blooming,0.0,1.0,Cochabamba,Bolivia,Estadio Félix Capriles,,,,División Profesional,,20240930_San-Antonio-Bulo-Bulo_Blooming,4.755020575408935,0.64,1.3,2,5,4,12,49.7,50.3,0,1,0,0,7,3
2024-10-01 19:00:00,Real Santa Cruz,Nacional Potosí,2.0,4.0,Santa Cruz,Bolivia,Estadio Real Santa Cruz,,,,División Profesional,,20241001_Real-Santa-Cruz_Nacional-Potosí,-125.93357376317954,1.06,1.83,3,5,4,12,43.5,56.5,1,3,0,0,3,9
2024-10-18 19:00:00,Universitario de Vinto,Real Tomayapo,2.0,1.0,Cochabamba,Bolivia,Estadio Félix Capriles,,,,División Profesional,,20241018_Universitario-de-Vinto_Real-Tomayapo,-40.05858801109184,0.46,0.4,2,2,3,4,49.3,50.7,3,1,0,0,5,2
2024-10-18 23:00:00,Royal Pari,San Antonio Bulo Bulo,1.0,0.0,Montero,Bolivia,Estadio Gilberto Parada,,,,División Profesional,,20241018_Royal-Pari_San-Antonio-Bulo-Bulo,-73.72730369138822,1.04,0.05,4,0,10,0,51.3,48.7,5,2,0,0,6,3
2024-10-19 19:00:00,GV San José,Real Santa Cruz,4.0,0.0,Oruro,Bolivia,Estadio Jesús Bermúdez,,,,División Profesional,,20241019_GV-San-José_Real-Santa-Cruz,132.33957433974456,1.19,1.36,4,5,6,10,58.2,41.8,1,2,0,0,4,6
2024-10-19 22:30:00,Wilstermann,Blooming,3.0,0.0,Cochabamba,Bolivia,Estadio Félix Capriles,,,,División Profesional,,20241019_Wilstermann_Blooming,1.0086155788217184,2.23,0.19,8,0,17,0,51.6,48.4,0,0,0,0,7,1
2024-10-20 00:00:00,Bolívar,Aurora,0.0,1.0,La Paz,Bolivia,Estadio Hernando Siles,,,,División Profesional,,20241020_Bolívar_Aurora,109.38874400906457,0.47,0.85,2,3,3,6,51.1,48.9,1,0,0,0,3,2
2024-10-20 19:00:00,Guabirá,The Strongest,1.0,0.0,Montero,Bolivia,Estadio Gilberto Parada,,,,División Profesional,,20241020_Guabirá_The-Strongest,-217.48846390579297,0.62,2.18,3,7,8,16,41.6,58.4,0,4,0,0,5,11
2024-10-20 21:30:00,Nacional Potosí,Always Ready,1.0,2.0,Potosí,Bolivia,Estadio Víctor Agustín Ugarte,,,,División Profesional,,20241020_Nacional-Potosí_Always-Ready,33.907174695719505,1.43,0.93,5,2,12,3,49.0,51.0,0,1,0,0,7,2
2024-10-22 19:00:00,San Antonio Bulo Bulo,GV San José,3.0,3.0,Santa Cruz,Bolivia,Estadio Ramón Tahuichi,,,,División Profesional,,20241022_San-Antonio-Bulo-Bulo_GV-San-José,-49.39392061535841,2.48,1.44,7,5,16,9,51.5,48.5,2,2,0,0,10,6
2024-10-22 22:00:00,Aurora,Universitario de Vinto,1.0,2.0,Cochabamba,Bolivia,Estadio Félix Capriles,,,,División Profesional,,20241022_Aurora_Universitario-de-Vinto,75.4256995953699,0.33,0.11,1,2,3,4,57.5,42.5,4,2,0,0,1,4
2024-10-23 00:00:00,Real Tomayapo,Blooming,0.0,1.0,Tarija,Bolivia,Estadio IV Centenário,,,,División Profesional,,20241023_Real-Tomayapo_Blooming,8.059058948098027,1.5,0.05,4,1,7,2,48.6,51.4,0,3,0,1,5,4
2024-10-23 19:00:00,Real Santa Cruz,Bolívar,2.0,3.0,Santa Cruz,Bolivia,Estadio Real Santa Cruz,,,,División Profesional,,20241023_Real-Santa-Cruz_Bolívar,-268.5927278696586,0.87,0.72,3,3,5,6,42.0,58.0,1,3,0,0,5,5
2024-10-23 22:00:00,Independiente Petrolero,Royal Pari,2.0,2.0,Cochabamba,Bolivia,Estadio Olímpico Patria,,,,División Profesional,,20241023_Independiente-Petrolero_Royal-Pari,37.7130216276571,1.95,0.72,5,2,12,5,53.1,46.9,2,1,0,0,8,3
2024-10-24 20:00:00,Always Ready,Wilstermann,1.0,0.0,"El Alto, La Paz.",Bolivia,Municipal Villa Ingenio,,,,División Profesional,,20241024_Always-Ready_Wilstermann,-16.783269873474637,0.37,1.53,1,4,2,8,51.7,48.3,2,1,0,0,2,6
2024-10-24 22:00:00,Nacional Potosí,Guabirá,3.0,0.0,Potosí,Bolivia,Estadio Víctor Agustín Ugarte,,,,División Profesional,,20241024_Nacional-Potosí_Guabirá,82.17415013520554,1.78,0.68,5,2,11,5,52.3,47.7,0,4,0,0,6,4
2024-10-26 19:00:00,Universitario de Vinto,The Strongest,2.0,4.0,Cochabamba,Bolivia,Estadio Félix Capriles,,,,División Profesional,,20241026_Universitario-de-Vinto_The-Strongest,-104.3952734287675,0.91,1.18,3,4,6,9,38.0,62.0,0,2,0,0,4,6
2024-10-26 21:30:00,Royal Pari,Real Santa Cruz,0.0,2.0,Santa Cruz,Bolivia,Estadio Ramón Tahuichi,,,,División Profesional,,20241026_Royal-Pari_Real-Santa-Cruz,59.02526868701034,0.48,1.04,0,3,1,8,42.5,57.5,1,1,1,0,3,4
2024-10-27 00:00:00,Bolívar,Blooming,0.0,0.0,La Paz,Bolivia,Estadio Hernando Siles,,,,División Profesional,,20241027_Bolívar_Blooming,140.19087573631305,0.51,0.05,2,0,5,0,50.8,49.2,2,4,0,1,2,2
2024-10-27 19:00:00,Real Tomayapo,Always Ready,2.0,0.0,Tarija,Bolivia,Estadio IV Centenário,,,,División Profesional,,20241027_Real-Tomayapo_Always-Ready,-24.95413752071113,1.13,0.96,3,2,5,3,48.2,51.8,2,3,0,0,4,4
2024-10-27 21:30:00,Guabirá,Independiente Petrolero,1.0,2.0,Montero,Bolivia,Estadio Gilberto Parada,,,,División Profesional,,20241027_Guabirá_Independiente-Petrolero,-45.248581256606485,0.41,1.33,4,4,8,7,56.3,43.7,4,1,0,0,5,5
2024-10-27 23:30:00,Wilstermann,Nacional Potosí,2.0,2.0,Cochabamba,Bolivia,Estadio Félix Capriles,,,,División Profesional,,20241027_Wilstermann_Nacional-Potosí,-12.581881351085258,1.09,1.47,4,5,6,11,49.0,51.0,1,1,0,0,5,4
2024-10-28 23:00:00,Oriente Petrolero,San Antonio Bulo Bulo,0.0,2.0,Santa Cruz,Bolivia,Estadio Ramón Tahuichi,,,,División Profesional,,20241028_Oriente-Petrolero_San-Antonio-Bulo-Bulo,38.18174494884897,0.73,0.5,2,2,5,3,46.4,53.6,2,0,0,0,4,3
2024-10-29 19:00:00,Real Santa Cruz,Universitario de Vinto,1.0,1.0,Santa Cruz,Bolivia,Estadio Real Santa Cruz,,,,División Profesional,,20241029_Real-Santa-Cruz_Universitario-de-Vinto,-111.35650683817244,1.06,1.08,5,2,10,6,50.7,49.3,1,3,0,0,9,6
2024-10-30 13:00:00,The Strongest,GV San José,3.0,2.0,La Paz,Bolivia,Estadio Hernando Siles,,,,División Profesional,,20241030_The-Strongest_GV-San-José,96.63253438820311,2.07,1.66,6,6,11,12,62.9,37.1,0,1,0,0,12,6
2024-10-30 19:00:00,Nacional Potosí,Real Tomayapo,1.0,0.0,Potosí,Bolivia,Estadio Víctor Agustín Ugarte,,,,División Profesional,,20241030_Nacional-Potosí_Real-Tomayapo,15.866063173602925,0.29,1.89,2,7,4,17,46.5,53.5,3,0,0,0,4,5
2024-10-30 20:00:00,Always Ready,Bolívar,1.0,5.0,"El Alto, La Paz.",Bolivia,Municipal Villa Ingenio,,,,División Profesional,,20241030_Always-Ready_Bolívar,-139.99939119812598,1.64,1.51,6,6,14,15,55.1,44.9,1,1,0,0,6,6
2024-10-30 22:00:00,Blooming,Royal Pari,2.0,1.0,Santa Cruz,Bolivia,Estadio Ramón Tahuichi,,,,División Profesional,,20241030_Blooming_Royal-Pari,96.42205582788984,1.56,1.56,4,4,7,9,58.8,41.2,3,0,0,0,6,5
2024-10-31 22:00:00,Aurora,Independiente Petrolero,2.0,0.0,Cochabamba,Bolivia,Estadio Félix Capriles,,,,División Profesional,,20241031_Aurora_Independiente-Petrolero,75.58134224567993,1.02,0.59,6,2,12,4,53.8,46.2,2,1,0,0,4,2
2024-11-01 00:00:00,Guabirá,Oriente Petrolero,2.0,0.0,Montero,Bolivia,Estadio Gilberto Parada,,,,División Profesional,,20241101_Guabirá_Oriente-Petrolero,-90.55135212008622,1.84,0.27,6,1,13,2,46.6,53.4,3,1,0,0,5,0
2024-11-01 23:00:00,San Antonio Bulo Bulo,Wilstermann,1.0,2.0,Cochabamba,Bolivia,Estadio Félix Capriles,,,,División Profesional,,20241101_San-Antonio-Bulo-Bulo_Wilstermann,-19.903185973266773,1.17,0.69,3,2,5,6,45.5,54.5,1,6,1,1,2,1
2024-11-17 19:00:00,GV San José,Guabirá,5.0,0.0,Oruro,Bolivia,Estadio Jesús Bermúdez,,,,División Profesional,,20241117_GV-San-José_Guabirá,87.88328635667153,1.17,0.05,5,1,8,2,57.4,42.6,4,0,0,0,8,2
2024-11-20 19:00:00,GV San José,Aurora,2.0,2.0,Oruro,Bolivia,Estadio Jesús Bermúdez,,,,División Profesional,,20241120_GV-San-José_Aurora,-39.1821238403586,1.18,0.47,3,2,6,3,49.3,50.7,3,0,0,0,8,1
2024-11-20 23:00:00,Independiente Petrolero,Blooming,5.0,1.0,Cochabamba,Bolivia,Estadio Olímpico Patria,,,,División Profesional,,20241120_Independiente-Petrolero_Blooming,-55.02133036893133,2.46,1.13,8,3,19,8,50.2,49.8,3,1,0,0,10,4
2024-11-21 00:00:00,Universitario de Vinto,Oriente Petrolero,4.0,1.0,Cochabamba,Bolivia,Estadio Félix Capriles,,,,División Profesional,,20241121_Universitario-de-Vinto_Oriente-Petrolero,7.714579562441031,1.5,0.61,4,3,10,6,55.9,44.1,4,2,0,0,8,1
2024-11-21 21:30:00,Always Ready,Royal Pari,4.0,0.0,"El Alto, La Paz.",Bolivia,Municipal Villa Ingenio,,,,División Profesional,,20241121_Always-Ready_Royal-Pari,88.76524644121218,1.7,0.47,4,1,7,2,56.8,43.2,1,2,0,0,3,2
2024-11-21 23:00:00,Real Tomayapo,Bolívar,2.0,2.0,Tarija,Bolivia,Estadio IV Centenário,,,,División Profesional,,20241121_Real-Tomayapo_Bolívar,-158.09545247369715,0.89,1.96,3,6,8,12,44.8,55.2,2,3,0,0,3,12
2024-11-22 00:00:00,The Strongest,Wilstermann,2.0,1.0,La Paz,Bolivia,Estadio Hernando Siles,,,,División Profesional,,20241122_The-Strongest_Wilstermann,106.85318368654157,1.42,2.11,4,6,9,15,60.5,39.5,3,0,0,0,5,13
2024-11-23 00:00:00,Oriente Petrolero,Independiente Petrolero,1.0,1.0,Santa Cruz,Bolivia,Estadio Ramón Tahuichi,,,,División Profesional,,20241123_Oriente-Petrolero_Independiente-Petrolero,-6.836016405646205,0.65,1.0,2,3,5,6,47.8,52.2,2,0,0,0,1,3
2024-11-23 21:30:00,Real Tomayapo,San Antonio Bulo Bulo,1.0,0.0,Tarija,Bolivia,Estadio IV Centenário,,,,División Profesional,,20241123_Real-Tomayapo_San-Antonio-Bulo-Bulo,20.723541937607934,0.83,0.74,1,4,0,8,53.0,47.0,0,4,0,0,1,8
2024-11-24 00:00:00,Royal Pari,Wilstermann,0.0,1.0,Santa Cruz,Bolivia,Estadio Ramón Tahuichi,,,,División Profesional,,20241124_Royal-Pari_Wilstermann,-112.9861446499674,0.08,1.28,0,4,0,8,45.7,54.3,0,3,0,0,1,1
2024-11-24 19:00:00,Universitario de Vinto,Always Ready,1.0,2.0,Cochabamba,Bolivia,Estadio Félix Capriles,,,,División Profesional,,20241124_Universitario-de-Vinto_Always-Ready,-0.6280087713507783,1.4,0.84,4,3,8,6,51.1,48.9,2,2,0,0,5,3
2024-11-24 21:30:00,Bolívar,Nacional Potosí,5.0,3.0,La Paz,Bolivia,Estadio Hernando Siles,,,,División Profesional,,20241124_Bolívar_Nacional-Potosí,114.21226636152392,1.63,0.8,5,3,11,6,56.2,43.8,0,2,0,0,6,4
2024-11-24 23:30:00,Aurora,The Strongest,1.0,0.0,Cochabamba,Bolivia,Estadio Félix Capriles,,,,División Profesional,,20241124_Aurora_The-Strongest,-75.6836233728261,0.37,1.29,1,4,1,11,48.0,52.0,2,0,0,0,2,9
2024-11-26 00:00:00,Oriente Petrolero,Real Santa Cruz,1.0,3.0,Santa Cruz,Bolivia,Estadio Ramón Tahuichi,,,,División Profesional,,20241126_Oriente-Petrolero_Real-Santa-Cruz,84.70518551327382,0.67,1.52,2,4,6,10,52.6,47.4,0,3,0,0,2,3
2024-11-26 19:00:00,San Antonio Bulo Bulo,Aurora,3.0,3.0,,,,,,,División Profesional,,20241126_San-Antonio-Bulo-Bulo_Aurora,-107.97945022476324,2.7,0.73,9,3,20,5,47.4,52.6,4,1,0,0,14,4
2024-11-26 23:30:00,Guabirá,Real Tomayapo,2.0,1.0,Montero,Bolivia,Estadio Gilberto Parada,,,,División Profesional,,20241126_Guabirá_Real-Tomayapo,-93.6609966859603,1.88,1.15,6,4,14,9,38.7,61.3,0,2,0,0,3,8
2024-11-27 00:30:00,Blooming,Universitario de Vinto,1.0,0.0,Santa Cruz,Bolivia,Estadio Ramón Tahuichi,,,,División Profesional,,20241127_Blooming_Universitario-de-Vinto,14.884612063366149,1.84,1.03,8,3,19,7,48.7,51.3,3,2,0,1,11,1
2024-11-27 19:00:00,GV San José,Bolívar,3.0,2.0,,,,,,,División Profesional,,20241127_GV-San-José_Bolívar,-131.15176009979064,1.01,1.01,4,4,11,10,34.7,65.3,3,1,0,0,2,5
2024-11-27 23:00:00,The Strongest,Always Ready,1.0,0.0,La Paz,Bolivia,Estadio Hernando Siles,,,,División Profesional,,20241127_The-Strongest_Always-Ready,103.36707820773381,1.67,0.59,4,1,11,1,56.6,43.4,2,0,0,0,10,2
2024-11-28 00:30:00,Royal Pari,Nacional Potosí,2.0,0.0,Santa Cruz,Bolivia,Estadio Ramón Tahuichi,,,,División Profesional,,20241128_Royal-Pari_Nacional-Potosí,-133.29801320650176,1.81,1.49,4,6,11,13,48.5,51.5,1,1,0,0,7,4
2024-11-28 19:00:00,Real Santa Cruz,Independiente Petrolero,0.0,2.0,Santa Cruz,Bolivia,Estadio Real Santa Cruz,,,,División Profesional,,20241128_Real-Santa-Cruz_Independiente-Petrolero,-76.20005348701784,0.73,0.42,3,2,5,6,44.4,55.6,1,1,0,0,7,5
2024-11-29 00:00:00,Wilstermann,Oriente Petrolero,2.0,2.0,Cochabamba,Bolivia,Estadio Félix Capriles,,,,División Profesional,,20241129_Wilstermann_Oriente-Petrolero,60.89483687041161,1.67,0.96,5,3,12,8,55.4,44.6,4,1,0,0,4,5
2024-11-29 19:00:00,Always Ready,San Antonio Bulo Bulo,1.0,1.0,"El Alto, La Paz.",Bolivia,Municipal Villa Ingenio,,,,División Profesional,,20241129_Always-Ready_San-Antonio-Bulo-Bulo,39.003679259721594,0.27,0.55,1,2,2,8,43.7,56.3,2,3,0,0,3,6
2024-11-29 21:30:00,Universitario de Vinto,Guabirá,1.0,0.0,Cochabamba,Bolivia,Estadio Félix Capriles,,,,División Profesional,,20241129_Universitario-de-Vinto_Guabirá,50.28676953415834,1.95,0.47,5,0,10,0,48.5,51.5,2,3,0,0,6,2
2024-11-30 19:00:00,Nacional Potosí,Blooming,4.0,2.0,,,,,,,División Profesional,,20241130_Nacional-Potosí_Blooming,-11.850267781862158,0.51,1.63,4,6,7,13,45.1,54.9,1,3,0,0,6,3
2024-11-30 21:30:00,Bolívar,Royal Pari,5.0,0.0,La Paz,Bolivia,Estadio Hernando Siles,,,,División Profesional,,20241130_Bolívar_Royal-Pari,231.17632975776064,1.73,0.68,5,1,10,0,59.4,40.6,1,3,0,0,4,2
2024-12-01 00:00:00,Aurora,Real Santa Cruz,7.0,1.0,,,,,,,División Profesional,,20241201_Aurora_Real-Santa-Cruz,176.01421615203094,2.22,1.28,7,6,16,14,50.1,49.9,1,0,0,0,3,4
2024-12-01 19:00:00,Independiente Petrolero,The Strongest,0.0,2.0,,,,,,,División Profesional,,20241201_Independiente-Petrolero_The-Strongest,-139.67723865134894,1.02,0.59,3,3,8,6,46.1,53.9,0,0,1,0,4,2
2024-12-01 21:30:00,Real Tomayapo,Wilstermann,0.0,1.0,,,,,,,División Profesional,,20241201_Real-Tomayapo_Wilstermann,-23.40607076449055,0.3,1.67,1,6,1,14,48.7,51.3,4,1,0,0,1,5
2024-12-01 23:30:00,Oriente Petrolero,GV San José,4.0,2.0,,,,,,,División Profesional,,20241201_Oriente-Petrolero_GV-San-José,-78.43526000752126,1.92,1.75,6,4,12,9,45.1,54.9,1,2,0,0,7,0
2024-12-02 19:00:00,Guabirá,Always Ready,1.0,3.0,Montero,Bolivia,Estadio Gilberto Parada,,,,División Profesional,,20241202_Guabirá_Always-Ready,-86.7597257696757,1.9,1.38,5,5,12,10,44.2,55.8,1,1,0,0,7,3
2024-12-03 19:00:00,GV San José,Universitario de Vinto,4.0,1.0,,,,,,,División Profesional,,20241203_GV-San-José_Universitario-de-Vinto,33.22792694825807,1.72,1.12,5,2,11,5,49.2,50.8,2,1,0,0,7,4
2024-12-03 20:00:00,San Antonio Bulo Bulo,Nacional Potosí,2.0,3.0,Entre Rios,Bolivia,Estadio Dr. Carlos Villegas,,,,División Profesional,,20241203_San-Antonio-Bulo-Bulo_Nacional-Potosí,-48.538805297165254,1.5,1.18,4,3,7,6,49.7,50.3,0,3,0,0,4,4
2024-12-04 00:00:00,Blooming,Aurora,1.0,1.0,Santa Cruz,Bolivia,Estadio Ramón Tahuichi,,,,División Profesional,,20241204_Blooming_Aurora,-70.23181477100707,1.34,1.47,4,5,11,11,46.2,53.8,2,1,0,0,4,6
2024-12-04 22:00:00,Independiente Petrolero,Real Tomayapo,2.0,1.0,,,,,,,División Profesional,,20241204_Independiente-Petrolero_Real-Tomayapo,-0.9914551005749672,1.6,0.97,2,4,4,7,47.4,52.6,0,0,0,0,1,4
2024-12-04 23:00:00,The Strongest,Real Santa Cruz,4.0,0.0,,,,,,,División Profesional,,20241204_The-Strongest_Real-Santa-Cruz,248.50864429566582,0.82,1.22,4,3,8,8,54.8,45.2,1,3,0,0,5,1
2024-12-05 00:30:00,Royal Pari,Oriente Petrolero,2.0,1.0,Santa Cruz,Bolivia,Estadio Ramón Tahuichi,,,,División Profesional,,20241205_Royal-Pari_Oriente-Petrolero,-73.92259529177454,0.9,0.95,2,2,4,3,46.3,53.7,1,2,0,0,4,2
2024-12-06 00:00:00,Wilstermann,Bolívar,2.0,2.0,Cochabamba,Bolivia,Estadio Félix Capriles,,,,División Profesional,,20241206_Wilstermann_Bolívar,-114.0275972796187,0.44,0.05,2,2,2,3,39.6,60.4,0,1,0,0,2,1
2024-12-06 19:00:00,Always Ready,GV San José,1.0,0.0,"El Alto, La Paz.",Bolivia,Municipal Villa Ingenio,,,,División Profesional,,20241206_Always-Ready_GV-San-José,-19.096976981441458,0.81,0.19,4,0,9,1,48.0,52.0,1,1,0,0,3,3
2024-12-06 21:00:00,Universitario de Vinto,San Antonio Bulo Bulo,0.0,2.0,Cochabamba,Bolivia,Estadio Félix Capriles,,,,División Profesional,,20241206_Universitario-de-Vinto_San-Antonio-Bulo-Bulo,19.87659111439598,0.99,1.02,2,4,3,9,59.6,40.4,0,0,0,0,3,8
2024-12-07 19:00:00,Real Santa Cruz,Guabirá,0.0,1.0,,,,,,,División Profesional,,20241207_Real-Santa-Cruz_Guabirá,-28.125537561500323,0.18,0.76,0,3,0,7,60.2,39.8,4,0,0,0,3,2
2024-12-07 21:30:00,Nacional Potosí,Independiente Petrolero,2.0,0.0,Potosí,Bolivia,Estadio Víctor Agustín Ugarte,,,,División Profesional,,20241207_Nacional-Potosí_Independiente-Petrolero,35.843626358038364,0.99,0.2,2,0,5,2,59.1,40.9,1,3,0,0,2,2
2024-12-08 00:00:00,Real Tomayapo,Royal Pari,1.0,0.0,,,,,,,División Profesional,,20241208_Real-Tomayapo_Royal-Pari,54.84109003116123,0.32,0.05,2,0,5,2,50.5,49.5,2,2,0,0,5,4
2024-12-08 19:00:00,Wilstermann,Aurora,1.0,3.0,,,,,,,División Profesional,,20241208_Wilstermann_Aurora,-41.82817911670327,1.18,1.48,6,4,12,9,45.7,54.3,4,2,0,0,7,6
2024-12-08 21:30:00,Bolívar,The Strongest,4.0,1.0,,,,,,,División Profesional,,20241208_Bolívar_The-Strongest,-2.1414035440730004,1.97,1.65,6,5,15,11,52.5,47.5,1,0,0,0,6,6
2024-12-08 23:30:00,Blooming,Oriente Petrolero,0.0,0.0,Santa Cruz,Bolivia,Estadio Ramón Tahuichi,,,,División Profesional,,20241208_Blooming_Oriente-Petrolero,47.96071894774332,0.52,0.78,1,1,0,4,54.1,45.9,2,2,0,0,3,5
2024-12-09 19:00:00,GV San José,Nacional Potosí,2.0,1.0,,,,,,,División Profesional,,20241209_GV-San-José_Nacional-Potosí,-17.816622935030182,1.19,0.71,3,3,7,8,42.4,57.6,3,1,0,0,2,9
2024-12-09 23:30:00,Independiente Petrolero,Universitario de Vinto,3.0,2.0,Cochabamba,Bolivia,Estadio Olímpico Patria,,,,División Profesional,,20241209_Independiente-Petrolero_Universitario-de-Vinto,15.406677577256232,1.49,1.46,6,4,11,9,45.1,54.9,1,0,0,0,8,2
2024-12-10 19:00:00,San Antonio Bulo Bulo,Bolívar,1.0,3.0,,,,,,,División Profesional,,20241210_San-Antonio-Bulo-Bulo_Bolívar,-177.72575848282736,0.56,2.06,1,6,2,14,39.5,60.5,1,0,0,0,2,10
2024-12-10 23:00:00,The Strongest,Real Tomayapo,2.0,0.0,La Paz,Bolivia,Estadio Hernando Siles,,,,División Profesional,,20241210_The-Strongest_Real-Tomayapo,147.99672449333366,1.65,0.05,5,0,12,1,49.2,50.8,2,1,0,0,6,5
2024-12-11 00:30:00,Oriente Petrolero,Always Ready,2.0,1.0,Santa Cruz,Bolivia,Estadio Ramón Tahuichi,,,,División Profesional,,20241211_Oriente-Petrolero_Always-Ready,-66.39442252378512,0.84,1.7,5,5,9,11,40.5,59.5,3,1,0,0,4,4
2024-12-11 19:00:00,Real Santa Cruz,Blooming,0.0,1.0,,,,,,,División Profesional,,20241211_Real-Santa-Cruz_Blooming,-134.97744491716458,1.66,0.82,5,3,12,8,42.0,58.0,5,2,1,0,4,7
2024-12-11 23:00:00,Aurora,Royal Pari,0.0,3.0,Cochabamba,Bolivia,Estadio Félix Capriles,,,,División Profesional,,20241211_Aurora_Royal-Pari,178.98167396672943,0.91,1.14,2,5,4,13,55.0,45.0,4,0,0,0,5,6
2024-12-12 00:30:00,Guabirá,Wilstermann,3.0,1.0,Montero,Bolivia,Estadio Gilberto Parada,,,,División Profesional,,20241212_Guabirá_Wilstermann,-99.4915456683882,1.01,0.9,5,2,12,3,41.6,58.4,1,2,0,0,6,2
2024-12-12 19:00:00,San Antonio Bulo Bulo,Independiente Petrolero,3.0,1.0,,,,,,,División Profesional,,20241212_San-Antonio-Bulo-Bulo_Independiente-Petrolero,-27.726267157884877,1.72,1.48,5,5,9,12,46.4,53.6,2,1,0,0,7,10
2024-12-13 22:00:00,Real Tomayapo,Aurora,2.0,1.0,,,,,,,División Profesional,,20241213_Real-Tomayapo_Aurora,-93.38697452163524,1.1,0.87,3,3,6,9,45.9,54.1,1,3,0,0,3,6
2024-12-13 23:00:00,Bolívar,Universitario de Vinto,5.0,1.0,La Paz,Bolivia,Estadio Hernando Siles,,,,División Profesional,,20241213_Bolívar_Universitario-de-Vinto,201.0352264266785,2.09,1.24,8,5,17,13,55.7,44.3,1,1,0,0,4,2
2024-12-14 00:30:00,Nacional Potosí,Oriente Petrolero,4.0,1.0,Potosí,Bolivia,Estadio Víctor Agustín Ugarte,,,,División Profesional,,20241214_Nacional-Potosí_Oriente-Petrolero,51.109682074951934,1.03,0.91,4,2,10,3,50.5,49.5,0,0,0,0,6,1
2024-12-14 19:00:00,Always Ready,Real Santa Cruz,5.0,2.0,"El Alto, La Paz.",Bolivia,Municipal Villa Ingenio,,,,División Profesional,,20241214_Always-Ready_Real-Santa-Cruz,149.99684536550672,2.81,0.72,9,2,20,2,52.6,47.4,2,2,0,0,9,9
2024-12-14 19:00:00,Royal Pari,The Strongest,1.0,2.0,,,,,,,División Profesional,,20241214_Royal-Pari_The-Strongest,-212.56993154030852,0.18,0.05,1,2,1,3,41.8,58.2,2,1,0,0,1,3
2024-12-14 21:30:00,Wilstermann,GV San José,0.0,0.0,,,,,,,División Profesional,,20241214_Wilstermann_GV-San-José,-28.764127220888213,0.15,0.6,1,3,2,7,46.7,53.3,4,1,0,0,2,3
2024-12-15 00:00:00,Blooming,Guabirá,1.0,1.0,Santa Cruz,Bolivia,Estadio Ramón Tahuichi,,,,División Profesional,,20241215_Blooming_Guabirá,77.00438945003566,1.57,0.47,6,1,13,0,57.8,42.2,2,3,0,0,8,0
2024-12-17 00:00:00,The Strongest,Oriente Petrolero,6.0,2.0,La Paz,Bolivia,Estadio Hernando Siles,,,,División Profesional,,20241217_The-Strongest_Oriente-Petrolero,175.03469285168012,1.64,1.31,6,3,12,7,60.6,39.4,2,1,0,0,8,4
2024-12-17 19:00:00,GV San José,Blooming,6.0,0.0,,,,,,,División Profesional,,20241217_GV-San-José_Blooming,22.18625602768975,1.31,1.58,6,4,15,8,46.4,53.6,1,0,0,0,6,9
2024-12-17 23:00:00,Aurora,Nacional Potosí,1.0,1.0,,,,,,,División Profesional,,20241217_Aurora_Nacional-Potosí,13.862223956809885,0.94,1.2,3,6,6,15,49.1,50.9,1,4,0,0,5,5
2024-12-17 23:00:00,Independiente Petrolero,Always Ready,3.0,7.0,,,,,,,División Profesional,,20241217_Independiente-Petrolero_Always-Ready,-40.12119341388984,0.92,2.56,3,8,7,18,47.9,52.1,2,4,0,0,5,3
2024-12-18 00:00:00,Guabirá,Royal Pari,0.0,0.0,Montero,Bolivia,Estadio Gilberto Parada,,,,División Profesional,,20241218_Guabirá_Royal-Pari,22.267442128450284,0.89,0.67,2,3,5,7,56.9,43.1,6,1,0,0,6,5
2024-12-18 19:00:00,Real Santa Cruz,Real Tomayapo,1.0,5.0,,,,,,,División Profesional,,20241218_Real-Santa-Cruz_Real-Tomayapo,-131.3848525826595,1.02,1.22,3,5,8,10,45.3,54.7,1,1,0,0,6,2
2024-12-18 23:00:00,Universitario de Vinto,Wilstermann,1.0,1.0,Cochabamba,Bolivia,Estadio Félix Capriles,,,,División Profesional,,20241218_Universitario-de-Vinto_Wilstermann,-57.016579349274025,1.1,0.92,2,2,4,5,40.9,59.1,2,1,0,0,3,1
2024-12-19 00:30:00,Oriente Petrolero,Bolívar,1.0,4.0,Santa Cruz,Bolivia,Estadio Ramón Tahuichi,,,,División Profesional,,20241219_Oriente-Petrolero_Bolívar,-202.9147048387374,0.21,1.57,1,5,2,14,40.8,59.2,2,3,0,1,4,6
2024-12-19 00:30:00,The Strongest,San Antonio Bulo Bulo,8.0,0.0,La Paz,Bolivia,Estadio Hernando Siles,,,,División Profesional,,20241219_The-Strongest_San-Antonio-Bulo-Bulo,168.16053903278112,1.88,0.63,8,3,17,5,51.8,48.2,0,1,0,0,8,5
2024-12-19 19:00:00,Royal Pari,GV San José,3.0,1.0,,,,,,,División Profesional,,20241219_Royal-Pari_GV-San-José,-126.69094870509048,0.34,0.55,3,2,7,5,42.9,57.1,2,3,0,0,2,2
2024-12-20 19:00:00,San Antonio Bulo Bulo,Real Santa Cruz,2.0,3.0,,,,,,,División Profesional,,20241220_San-Antonio-Bulo-Bulo_Real-Santa-Cruz,123.35837735502764,1.49,1.91,6,7,13,17,54.8,45.2,1,4,0,0,9,11
2024-12-20 21:30:00,Nacional Potosí,Universitario de Vinto,1.0,2.0,,,,,,,División Profesional,,20241220_Nacional-Potosí_Universitario-de-Vinto,86.15056002821143,1.66,1.53,5,4,14,8,52.7,47.3,3,4,0,0,2,5
2024-12-20 23:00:00,Blooming,The Strongest,4.0,1.0,Santa Cruz,Bolivia,Estadio Ramón Tahuichi,,,,División Profesional,,20241220_Blooming_The-Strongest,-153.70239070607022,1.04,0.64,4,1,9,4,45.7,54.3,1,3,0,0,3,4
2024-12-20 23:00:00,Bolívar,Guabirá,3.0,2.0,La Paz,Bolivia,Estadio Hernando Siles,,,,División Profesional,,20241220_Bolívar_Guabirá,229.13468750935795,0.6,1.0,3,2,8,2,59.5,40.5,1,2,0,0,2,0
2024-12-21 19:00:00,Always Ready,Aurora,2.0,3.0,,,,,,,División Profesional,,20241221_Always-Ready_Aurora,-19.138409158627837,1.48,0.65,4,3,7,6,50.8,49.2,1,1,0,0,7,2
2024-12-21 19:00:00,Real Tomayapo,Oriente Petrolero,4.0,3.0,,,,,,,División Profesional,,20241221_Real-Tomayapo_Oriente-Petrolero,42.15811702391579,2.41,2.2,7,8,19,17,55.3,44.7,0,2,0,0,2,16
2024-12-21 21:30:00,Wilstermann,Independiente Petrolero,3.0,2.0,Cochabamba,Bolivia,Estadio Félix Capriles,,,,División Profesional,,20241221_Wilstermann_Independiente-Petrolero,34.55765287199233,0.94,1.47,3,4,7,7,49.8,50.2,1,2,0,0,4,5
2024-12-22 21:00:00,San Antonio Bulo Bulo,Bolívar,0.0,2.0,Cochabamba,Bolivia,Estadio Félix Capriles,,,,División Profesional,,20241222_San-Antonio-Bulo-Bulo_Bolívar,-216.6561400630485,0.19,1.58,0,5,1,11,41.3,58.7,2,2,0,0,3,3
2025-03-28 19:00:00,Universitario de Vinto,Guabirá,4.0,2.0,Cochabamba,Bolivia,Estadio Félix Capriles,,,,División Profesional,,20250328_Universitario-de-Vinto_Guabirá,32.85797229960508,0.67,1.46,4,4,11,10,45.9,54.1,1,0,0,0,3,8
2025-03-28 21:30:00,Nacional Potosí,Always Ready,0.0,1.0,Potosí,Bolivia,Estadio Víctor Agustín Ugarte,,,,División Profesional,,20250328_Nacional-Potosí_Always-Ready,2.656881488028148,0.89,2.11,3,8,7,17,45.7,54.3,0,1,0,0,2,11
2025-03-29 00:00:00,Bolívar,Real Oruro,3.0,1.0,La Paz,Bolivia,Estadio Hernando Siles,,,,División Profesional,,20250329_Bolívar_Real-Oruro,205.32756626689456,0.66,1.21,3,6,7,12,55.6,44.4,0,2,0,0,7,5
2025-03-29 19:00:00,ABB,San Antonio Bulo Bulo,2.0,0.0,"El Alto, La Paz.",Bolivia,Municipal Villa Ingenio,,,,División Profesional,,20250329_ABB_San-Antonio-Bulo-Bulo,22.041688532848866,1.27,1.78,4,6,8,12,47.3,52.7,2,2,0,0,3,6
2025-03-29 21:30:00,Wilstermann,Independiente Petrolero,0.0,1.0,Cochabamba,Bolivia,Estadio Félix Capriles,,,,División Profesional,,20250329_Wilstermann_Independiente-Petrolero,56.178336019525204,0.55,1.76,1,6,3,15,61.6,38.4,2,1,0,0,5,12
2025-03-30 19:00:00,GV San José,Real Tomayapo,3.0,1.0,Oruro,Bolivia,Estadio Jesús Bermúdez,,,,División Profesional,,20250330_GV-San-José_Real-Tomayapo,22.224658853661367,1.99,0.77,6,2,14,6,46.7,53.3,2,2,0,0,10,3
2025-03-30 21:15:00,Aurora,Oriente Petrolero,5.0,1.0,Cochabamba,Bolivia,Estadio Félix Capriles,,,,División Profesional,,20250330_Aurora_Oriente-Petrolero,118.9905358461408,1.25,1.8,5,3,13,10,58.1,41.9,0,0,0,0,7,3
2025-03-30 23:30:00,Blooming,The Strongest,3.0,1.0,Santa Cruz,Bolivia,Estadio Ramón Tahuichi,,,,División Profesional,,20250330_Blooming_The-Strongest,-119.72740484852693,2.17,1.14,6,4,13,10,42.1,57.9,5,0,0,0,5,4
2025-04-04 00:00:00,Oriente Petrolero,Universitario de Vinto,0.0,0.0,Santa Cruz,Bolivia,Estadio Ramón Tahuichi,,,,División Profesional,,20250404_Oriente-Petrolero_Universitario-de-Vinto,-42.42337408652293,1.56,0.62,5,2,11,5,46.7,53.3,0,1,0,0,6,5
2025-04-04 21:30:00,Real Oruro,ABB,0.0,1.0,Oruro,Bolivia,Estadio Jesús Bermúdez,,,,División Profesional,,20250404_Real-Oruro_ABB,-16.872523852208815,1.03,0.22,4,1,8,2,52.4,47.6,5,0,0,0,5,4
2025-04-05 00:00:00,Guabirá,Aurora,5.0,2.0,Montero,Bolivia,Estadio Gilberto Parada,,,,División Profesional,,20250405_Guabirá_Aurora,-147.2495282382631,1.64,0.77,5,3,7,6,51.1,48.9,1,2,0,0,4,5
2025-04-05 19:00:00,San Antonio Bulo Bulo,Wilstermann,2.0,0.0,Entre Rios,Bolivia,Estadio Dr. Carlos Villegas,,,,División Profesional,,20250405_San-Antonio-Bulo-Bulo_Wilstermann,-61.93220894366391,1.55,0.05,6,2,16,4,44.1,55.9,2,1,0,0,5,4
2025-04-05 21:30:00,Always Ready,Blooming,2.0,1.0,"El Alto, La Paz.",Bolivia,Municipal Villa Ingenio,,,,División Profesional,,20250405_Always-Ready_Blooming,-0.7225096627023504,1.32,2.23,4,7,10,16,43.5,56.5,5,2,0,0,4,13
2025-04-06 00:00:00,Real Tomayapo,Bolívar,2.0,1.0,Tarija,Bolivia,Estadio IV Centenário,,,,División Profesional,,20250406_Real-Tomayapo_Bolívar,-188.87775713855672,1.1,0.91,2,5,4,10,44.7,55.3,4,1,0,0,2,6
2025-04-06 19:00:00,Independiente Petrolero,GV San José,0.0,2.0,Cochabamba,Bolivia,Estadio Olímpico Patria,,,,División Profesional,,20250406_Independiente-Petrolero_GV-San-José,-66.45448100509293,0.91,1.07,1,3,2,7,43.6,56.4,4,0,0,0,3,6
2025-04-06 21:15:00,The Strongest,Nacional Potosí,2.0,0.0,La Paz,Bolivia,Estadio Hernando Siles,,,,División Profesional,,20250406_The-Strongest_Nacional-Potosí,110.01862347915176,0.6,0.54,2,1,3,3,47.3,52.7,1,0,0,0,0,5
2025-04-11 19:00:00,ABB,Real Tomayapo,0.0,0.0,"El Alto, La Paz.",Bolivia,Municipal Villa Ingenio,,,,División Profesional,,20250411_ABB_Real-Tomayapo,-17.37398314233951,1.59,0.35,6,1,14,0,43.2,56.8,3,1,0,0,6,1
2025-04-11 23:00:00,Independiente Petrolero,Real Oruro,0.0,0.0,Cochabamba,Bolivia,Estadio Olímpico Patria,,,,División Profesional,,20250411_Independiente-Petrolero_Real-Oruro,7.637817692041153,0.54,1.34,1,6,2,11,48.3,51.7,2,0,0,0,0,9
2025-04-12 19:00:00,Universitario de Vinto,Blooming,1.0,2.0,Cochabamba,Bolivia,Estadio Félix Capriles,,,,División Profesional,,20250412_Universitario-de-Vinto_Blooming,-45.0404826998647,1.15,1.88,4,4,10,9,50.2,49.8,3,3,0,1,6,8
2025-04-12 21:30:00,Bolívar,Wilstermann,5.0,1.0,La Paz,Bolivia,Estadio Hernando Siles,,,,División Profesional,,20250412_Bolívar_Wilstermann,178.47745552205174,1.44,0.05,6,1,13,4,54.6,45.4,1,2,0,0,6,3
2025-04-13 00:00:00,Aurora,San Antonio Bulo Bulo,2.0,0.0,Cochabamba,Bolivia,Estadio Félix Capriles,,,,División Profesional,,20250413_Aurora_San-Antonio-Bulo-Bulo,99.45314653541868,0.84,1.41,2,4,6,8,50.2,49.8,1,1,0,0,7,5
2025-04-13 19:00:00,GV San José,The Strongest,0.0,4.0,Oruro,Bolivia,Estadio Jesús Bermúdez,,,,División Profesional,,20250413_GV-San-José_The-Strongest,-79.62820375390356,0.22,2.81,1,9,3,19,43.1,56.9,3,4,0,0,0,6
2025-04-13 23:30:00,Oriente Petrolero,Always Ready,1.0,2.0,Santa Cruz,Bolivia,Estadio Ramón Tahuichi,,,,División Profesional,,20250413_Oriente-Petrolero_Always-Ready,-107.87523112066424,0.76,0.86,2,2,3,5,49.3,50.7,1,1,0,0,0,4
2025-04-14 21:30:00,Nacional Potosí,Guabirá,3.0,0.0,Potosí,Bolivia,Estadio Víctor Agustín Ugarte,,,,División Profesional,,20250414_Nacional-Potosí_Guabirá,62.82932458706546,1.65,1.14,5,5,10,12,46.6,53.4,5,1,1,0,4,10
2025-04-18 19:00:00,San Antonio Bulo Bulo,Nacional Potosí,2.0,2.0,,,,,,,División Profesional,,20250418_San-Antonio-Bulo-Bulo_Nacional-Potosí,-67.1455101939282,1.22,1.42,3,4,8,9,45.3,54.7,0,3,0,1,5,7
2025-04-18 21:30:00,The Strongest,Aurora,3.0,2.0,La Paz,Bolivia,Estadio Hernando Siles,,,,División Profesional,,20250418_The-Strongest_Aurora,76.48729264800727,0.94,0.22,3,2,6,5,52.3,47.7,2,0,0,0,4,6
2025-04-19 00:00:00,Real Tomayapo,Universitario de Vinto,1.0,1.0,,,,,,,División Profesional,,20250419_Real-Tomayapo_Universitario-de-Vinto,46.907293778569056,0.43,0.9,4,3,9,6,53.3,46.7,3,1,0,0,8,3
2025-04-19 21:30:00,Always Ready,GV San José,2.0,0.0,"El Alto, La Paz.",Bolivia,Municipal Villa Ingenio,,,,División Profesional,,20250419_Always-Ready_GV-San-José,12.5252863953001,1.05,0.86,4,2,9,6,53.7,46.3,0,0,0,0,5,5
2025-04-20 00:00:00,Blooming,Independiente Petrolero,3.0,1.0,Santa Cruz,Bolivia,Estadio Ramón Tahuichi,,,,División Profesional,,20250420_Blooming_Independiente-Petrolero,68.14748935665125,1.2,0.26,3,1,5,3,56.6,43.4,1,1,0,0,1,2
2025-04-20 19:00:00,Guabirá,Bolívar,2.0,4.0,,,,,,,División Profesional,,20250420_Guabirá_Bolívar,-242.54868271045893,1.11,1.53,3,5,9,10,42.3,57.7,2,2,0,0,6,4
2025-04-20 21:15:00,Real Oruro,Oriente Petrolero,1.0,1.0,Oruro,Bolivia,Estadio Jesús Bermúdez,,,,División Profesional,,20250420_Real-Oruro_Oriente-Petrolero,28.132462357106988,1.45,1.4,4,6,9,12,49.2,50.8,2,0,1,0,5,9
2025-04-20 23:30:00,Wilstermann,ABB,0.0,1.0,Cochabamba,Bolivia,Estadio Félix Capriles,,,,División Profesional,,20250420_Wilstermann_ABB,-15.049030690359132,0.05,0.93,0,5,0,8,51.4,48.6,0,3,1,1,2,4
2025-04-25 22:00:00,Aurora,Real Oruro,2.0,2.0,Cochabamba,Bolivia,Estadio Félix Capriles,,,,División Profesional,,20250425_Aurora_Real-Oruro,97.30046900003344,1.57,0.95,5,2,11,3,53.1,46.9,1,2,0,0,3,6
2025-04-26 00:30:00,Guabirá,Real Tomayapo,1.0,0.0,,,,,,,División Profesional,,20250426_Guabirá_Real-Tomayapo,-85.79447177106158,0.88,0.05,3,0,7,0,42.4,57.6,1,2,0,0,4,2
2025-04-26 19:00:00,GV San José,ABB,1.0,1.0,,,,,,,División Profesional,,20250426_GV-San-José_ABB,20.90442428706615,0.87,0.84,3,4,5,11,45.8,54.2,2,1,0,0,3,3
2025-04-26 21:30:00,Oriente Petrolero,San Antonio Bulo Bulo,1.0,1.0,Santa Cruz,Bolivia,Estadio Ramón Tahuichi,,,,División Profesional,,20250426_Oriente-Petrolero_San-Antonio-Bulo-Bulo,-18.41975793517031,0.86,1.99,3,8,7,17,45.8,54.2,0,2,0,0,5,4
2025-04-27 00:00:00,Independiente Petrolero,The Strongest,1.0,1.0,,,,,,,División Profesional,,20250427_Independiente-Petrolero_The-Strongest,-194.18409258965607,1.27,0.05,5,1,11,2,46.8,53.2,1,1,0,0,7,3
2025-04-27 19:00:00,Nacional Potosí,Wilstermann,1.0,2.0,,,,,,,División Profesional,,20250427_Nacional-Potosí_Wilstermann,40.306832507535546,1.11,0.61,5,2,9,6,49.0,51.0,1,2,0,0,3,3
2025-04-27 21:15:00,Universitario de Vinto,Always Ready,0.0,7.0,Cochabamba,Bolivia,Estadio Félix Capriles,,,,División Profesional,,20250427_Universitario-de-Vinto_Always-Ready,-97.16753430442577,0.25,2.44,1,7,2,17,44.5,55.5,1,0,0,0,7,7
2025-04-27 23:30:00,Bolívar,Blooming,5.0,1.0,La Paz,Bolivia,Estadio Hernando Siles,,,,División Profesional,,20250427_Bolívar_Blooming,135.95263038448707,1.69,0.97,7,3,18,6,48.9,51.1,1,1,0,0,5,9
2025-05-02 19:00:00,San Antonio Bulo Bulo,Independiente Petrolero,4.0,2.0,Entre Rios,Bolivia,Estadio Dr. Carlos Villegas,,,,División Profesional,,20250502_San-Antonio-Bulo-Bulo_Independiente-Petrolero,-12.899056600310814,2.14,2.34,7,6,16,13,49.5,50.5,3,4,0,0,5,9
2025-05-03 21:30:00,The Strongest,Guabirá,5.0,1.0,La Paz,Bolivia,Estadio Hernando Siles,,,,División Profesional,,20250503_The-Strongest_Guabirá,201.81421259257763,2.07,1.21,7,4,16,9,51.4,48.6,0,4,0,0,6,3
2025-05-04 00:30:00,Real Tomayapo,Aurora,0.0,0.0,Tarija,Bolivia,Estadio IV Centenário,,,,División Profesional,,20250504_Real-Tomayapo_Aurora,-53.35168632073464,0.79,0.1,2,1,4,4,43.6,56.4,0,2,0,0,5,5
2025-05-04 19:00:00,ABB,Bolívar,0.0,3.0,,,,,,,División Profesional,,20250504_ABB_Bolívar,-176.17118234546638,0.52,0.81,1,3,2,6,42.5,57.5,2,1,0,0,1,2
2025-05-04 21:15:00,Wilstermann,Always Ready,2.0,7.0,Cochabamba,Bolivia,Estadio Félix Capriles,,,,División Profesional,,20250504_Wilstermann_Always-Ready,-89.917860028316,0.47,3.0,2,12,4,20,48.1,51.9,2,1,0,0,1,8
2025-05-05 00:15:00,Blooming,GV San José,5.0,1.0,Montero,Bolivia,Estadio Gilberto Parada,,,,División Profesional,,20250505_Blooming_GV-San-José,5.696008458520964,0.79,0.05,5,1,13,3,52.7,47.3,5,0,0,1,8,4
2025-05-05 19:00:00,Real Oruro,Universitario de Vinto,2.0,0.0,Oruro,Bolivia,Estadio Jesús Bermúdez,,,,División Profesional,,20250505_Real-Oruro_Universitario-de-Vinto,0.11307773267503762,0.32,0.12,2,0,5,0,49.8,50.2,2,2,0,0,5,2
2025-05-10 00:00:00,Blooming,Wilstermann,3.0,1.0,Montero,Bolivia,Estadio Gilberto Parada,,,,División Profesional,,20250510_Blooming_Wilstermann,71.2686446036746,1.35,1.27,5,2,11,4,55.8,44.2,2,1,0,0,5,4
2025-05-10 19:00:00,Universitario de Vinto,ABB,2.0,0.0,,,,,,,División Profesional,,20250510_Universitario-de-Vinto_ABB,-55.660529362636225,1.4,0.39,4,0,9,0,49.7,50.3,4,0,0,0,7,2
2025-05-10 21:15:00,Guabirá,Real Oruro,3.0,1.0,,,,,,,División Profesional,,20250510_Guabirá_Real-Oruro,-36.30425731760852,1.01,0.7,4,3,8,6,52.8,47.2,0,1,0,1,7,5
2025-05-11 00:00:00,Independiente Petrolero,Oriente Petrolero,5.0,2.0,,,,,,,División Profesional,,20250511_Independiente-Petrolero_Oriente-Petrolero,17.60230046480956,1.9,1.38,6,5,12,12,44.3,55.7,1,3,0,0,9,2
2025-05-11 19:00:00,Always Ready,Real Tomayapo,1.0,1.0,"El Alto, La Paz.",Bolivia,Municipal Villa Ingenio,,,,División Profesional,,20250511_Always-Ready_Real-Tomayapo,84.24769695633836,0.86,1.76,2,5,4,12,55.5,44.5,1,0,0,0,3,7
2025-05-11 21:15:00,The Strongest,San Antonio Bulo Bulo,6.0,3.0,,,,,,,División Profesional,,20250511_The-Strongest_San-Antonio-Bulo-Bulo,188.18630389004647,2.41,0.87,8,3,16,6,53.6,46.4,1,2,0,0,5,4
2025-05-11 23:30:00,Aurora,Bolívar,0.0,2.0,Cochabamba,Bolivia,Estadio Félix Capriles,,,,División Profesional,,20250511_Aurora_Bolívar,-143.57767043637796,0.99,1.06,4,4,9,8,44.0,56.0,1,1,0,0,4,7
2025-05-16 19:00:00,ABB,Guabirá,1.0,1.0,,,,,,,División Profesional,,20250516_ABB_Guabirá,40.70399226079189,0.54,1.37,3,5,7,11,56.7,43.3,0,1,0,0,6,5
2025-05-16 22:00:00,Nacional Potosí,Aurora,3.0,1.0,Potosí,Bolivia,Estadio Víctor Agustín Ugarte,,,,División Profesional,,20250516_Nacional-Potosí_Aurora,-43.486802227197586,0.9,0.92,3,3,6,9,48.4,51.6,2,1,0,0,1,9
2025-05-17 00:30:00,Real Tomayapo,Independiente Petrolero,3.0,3.0,,,,,,,División Profesional,,20250517_Real-Tomayapo_Independiente-Petrolero,41.9186931752447,1.73,0.54,5,3,13,6,56.2,43.8,0,0,0,0,10,4
2025-05-17 19:00:00,Real Oruro,Always Ready,2.0,2.0,,,,,,,División Profesional,,20250517_Real-Oruro_Always-Ready,-121.87310307124494,0.36,0.51,2,2,5,5,40.1,59.9,1,0,0,0,6,8
2025-05-17 21:30:00,Wilstermann,Universitario de Vinto,0.0,2.0,Cochabamba,Bolivia,Estadio Félix Capriles,,,,División Profesional,,20250517_Wilstermann_Universitario-de-Vinto,4.262897449686079,0.8,2.06,1,6,2,13,53.4,46.6,0,0,0,0,3,8
2025-05-18 19:00:00,San Antonio Bulo Bulo,Blooming,2.0,2.0,Entre Rios,Bolivia,Estadio Dr. Carlos Villegas,,,,División Profesional,,20250518_San-Antonio-Bulo-Bulo_Blooming,-101.78196477498864,1.24,2.39,5,6,14,13,43.9,56.1,2,0,0,0,5,8
2025-05-18 23:30:00,Oriente Petrolero,The Strongest,3.0,2.0,Montero,Bolivia,Estadio Gilberto Parada,,,,División Profesional,,20250518_Oriente-Petrolero_The-Strongest,-235.24195722601075,1.78,1.4,6,4,13,11,44.8,55.2,1,3,0,0,6,9
2025-05-24 19:00:00,Universitario de Vinto,Bolívar,1.0,1.0,Cochabamba,Bolivia,Estadio Félix Capriles,,,,División Profesional,,20250524_Universitario-de-Vinto_Bolívar,-225.85991597511156,0.39,0.74,1,3,2,5,39.3,60.7,2,1,0,0,3,3
2025-05-24 23:00:00,Blooming,Nacional Potosí,0.0,0.0,Santa Cruz,Bolivia,Estadio Ramón Tahuichi,,,,División Profesional,,20250524_Blooming_Nacional-Potosí,41.43184835002603,0.05,1.03,0,5,0,11,41.8,58.2,1,0,1,0,2,4
2025-05-25 19:00:00,Always Ready,San Antonio Bulo Bulo,5.0,2.0,"El Alto, La Paz.",Bolivia,Municipal Villa Ingenio,,,,División Profesional,,20250525_Always-Ready_San-Antonio-Bulo-Bulo,118.46543124757886,1.71,1.61,8,4,18,8,45.4,54.6,2,3,0,0,6,4
2025-05-25 21:15:00,GV San José,Real Oruro,0.0,0.0,Oruro,Bolivia,Estadio Jesús Bermúdez,,,,División Profesional,,20250525_GV-San-José_Real-Oruro,54.8068531505653,0.81,1.32,3,5,7,10,51.3,48.7,3,3,0,0,6,4
2025-05-25 23:30:00,Guabirá,Oriente Petrolero,1.0,3.0,,,,,,,División Profesional,,20250525_Guabirá_Oriente-Petrolero,11.491033684467311,1.27,1.57,4,5,10,12,46.8,53.2,1,1,0,1,4,8
2025-05-26 22:00:00,The Strongest,ABB,3.0,2.0,La Paz,Bolivia,Estadio Hernando Siles,,,,División Profesional,,20250526_The-Strongest_ABB,147.69502997008635,1.66,1.88,4,8,9,16,55.3,44.7,0,2,0,1,2,6
2025-05-27 00:30:00,Independiente Petrolero,Aurora,2.0,4.0,Cochabamba,Bolivia,Estadio Olímpico Patria,,,,División Profesional,,20250527_Independiente-Petrolero_Aurora,-66.51930113357139,2.21,1.86,6,7,13,16,46.7,53.3,2,0,0,0,5,8
2025-05-27 23:00:00,Wilstermann,Real Tomayapo,0.0,0.0,Cochabamba,Bolivia,Estadio Félix Capriles,,,,División Profesional,,20250527_Wilstermann_Real-Tomayapo,-46.726822502491814,1.57,0.19,5,0,12,1,39.6,60.4,3,2,0,0,5,2
2025-06-01 20:00:00,GV San José,Nacional Potosí,1.0,0.0,Oruro,Bolivia,Estadio Jesús Bermúdez,,,,División Profesional,,20250601_GV-San-José_Nacional-Potosí,2.6733691642791655,1.39,1.22,2,3,4,7,49.7,50.3,1,0,0,0,2,5
2025-06-08 21:15:00,Bolívar,GV San José,1.0,3.0,La Paz,Bolivia,Estadio Hernando Siles,,,,División Profesional,,20250608_Bolívar_GV-San-José,165.31484297171596,0.64,1.48,3,4,8,8,57.9,42.1,2,1,0,0,1,5
2025-06-14 19:00:00,San Antonio Bulo Bulo,Guabirá,1.0,1.0,Cochabamba,Bolivia,Estadio Félix Capriles,,,,División Profesional,,20250614_San-Antonio-Bulo-Bulo_Guabirá,12.105812341703995,0.6,0.71,1,2,2,4,41.2,58.8,3,1,0,0,1,3
2025-06-14 21:30:00,Real Oruro,The Strongest,1.0,2.0,Oruro,Bolivia,Estadio Jesús Bermúdez,,,,División Profesional,,20250614_Real-Oruro_The-Strongest,-178.4571850595371,0.97,1.46,2,5,5,15,42.3,57.7,0,0,0,0,5,5
2025-06-15 00:00:00,Real Tomayapo,Blooming,2.0,2.0,,,,,,,División Profesional,,20250615_Real-Tomayapo_Blooming,-52.59566449875729,0.67,0.63,2,2,4,2,44.3,55.7,1,2,0,0,4,4
2025-06-15 00:30:00,Aurora,GV San José,3.0,1.0,Cochabamba,Bolivia,Estadio Félix Capriles,,,,División Profesional,,20250615_Aurora_GV-San-José,-7.09131795414055,1.43,0.41,4,2,6,4,61.1,38.9,2,3,0,0,5,2
2025-06-15 21:15:00,Bolívar,Always Ready,2.0,2.0,La Paz,Bolivia,Estadio Hernando Siles,,,,División Profesional,,20250615_Bolívar_Always-Ready,90.99393847791339,1.7,1.1,5,4,12,6,62.3,37.7,0,1,0,0,6,0
2025-06-15 23:30:00,Oriente Petrolero,Wilstermann,2.0,0.0,Montero,Bolivia,Estadio Gilberto Parada,,,,División Profesional,,20250615_Oriente-Petrolero_Wilstermann,-4.270515988184343,0.64,0.5,2,2,4,2,51.1,48.9,2,2,0,0,3,6
2025-06-20 22:00:00,GV San José,Guabirá,4.0,1.0,Oruro,Bolivia,Estadio Jesús Bermúdez,,,,División Profesional,,20250620_GV-San-José_Guabirá,94.33648819046448,2.3,1.28,7,4,19,13,61.6,38.4,1,3,1,0,14,10
2025-06-21 00:30:00,Real Tomayapo,Real Oruro,3.0,2.0,Tarija,Bolivia,Estadio IV Centenário,,,,División Profesional,,20250621_Real-Tomayapo_Real-Oruro,42.49582907858803,3.07,1.07,10,4,20,6,52.4,47.6,3,3,1,0,10,4
2025-06-21 19:00:00,Always Ready,ABB,5.0,1.0,"El Alto, La Paz.",Bolivia,Municipal Villa Ingenio,,,,División Profesional,,20250621_Always-Ready_ABB,106.64745080421017,1.34,0.66,5,1,10,3,55.5,44.5,0,3,0,0,5,3
2025-06-21 21:30:00,Universitario de Vinto,San Antonio Bulo Bulo,1.0,1.0,Cochabamba,Bolivia,Estadio Félix Capriles,,,,División Profesional,,20250621_Universitario-de-Vinto_San-Antonio-Bulo-Bulo,31.17309797429948,2.06,1.55,7,5,14,10,52.6,47.4,1,0,0,0,7,9
2025-06-22 00:00:00,Independiente Petrolero,Nacional Potosí,1.0,1.0,Cochabamba,Bolivia,Estadio Olímpico Patria,,,,División Profesional,,20250622_Independiente-Petrolero_Nacional-Potosí,-49.26763656034973,0.57,1.21,3,3,6,6,42.9,57.1,1,5,0,0,2,0
2025-06-22 19:00:00,Bolívar,The Strongest,1.0,2.0,La Paz,Bolivia,Estadio Hernando Siles,,,,División Profesional,,20250622_Bolívar_The-Strongest,23.103173302542245,1.85,1.81,4,6,9,13,48.2,51.8,0,1,0,0,2,4
2025-06-22 21:15:00,Blooming,Oriente Petrolero,2.0,1.0,Montero,Bolivia,Estadio Gilberto Parada,,,,División Profesional,,20250622_Blooming_Oriente-Petrolero,86.43421951788196,1.12,1.53,3,5,7,13,51.3,48.7,2,2,0,1,6,5
2025-06-22 23:30:00,Wilstermann,Aurora,1.0,1.0,Cochabamba,Bolivia,Estadio Félix Capriles,,,,División Profesional,,20250622_Wilstermann_Aurora,-106.72742942011814,0.78,0.82,2,2,6,5,44.1,55.9,2,2,0,0,4,4
2025-06-28 19:00:00,San Antonio Bulo Bulo,GV San José,2.0,0.0,Entre Rios,Bolivia,Estadio Dr. Carlos Villegas,,,,División Profesional,,20250628_San-Antonio-Bulo-Bulo_GV-San-José,-90.81228819805392,1.2,0.48,3,1,7,0,42.7,57.3,3,1,0,0,5,2
2025-06-28 21:30:00,Oriente Petrolero,Real Tomayapo,2.0,1.0,Santa Cruz,Bolivia,Estadio Ramón Tahuichi,,,,División Profesional,,20250628_Oriente-Petrolero_Real-Tomayapo,-57.058523506241954,1.49,0.32,6,2,13,5,47.1,52.9,1,5,0,0,2,7
2025-06-29 19:00:00,Nacional Potosí,Bolívar,1.0,1.0,Potosí,Bolivia,Estadio Víctor Agustín Ugarte,,,,División Profesional,,20250629_Nacional-Potosí_Bolívar,-160.3095914829546,0.16,1.59,1,6,2,13,45.6,54.4,3,4,0,0,4,4
2025-06-29 21:15:00,Aurora,Always Ready,1.0,1.0,Cochabamba,Bolivia,Estadio Félix Capriles,,,,División Profesional,,20250629_Aurora_Always-Ready,-49.613482803352326,0.05,1.26,1,3,2,5,44.7,55.3,1,1,0,0,6,5
2025-06-29 23:30:00,The Strongest,Universitario de Vinto,3.0,2.0,La Paz,Bolivia,Estadio Hernando Siles,,,,División Profesional,,20250629_The-Strongest_Universitario-de-Vinto,182.5184976041271,0.64,1.67,3,5,8,11,62.1,37.9,2,1,0,0,3,9
2025-06-30 19:00:00,ABB,Blooming,1.0,1.0,"El Alto, La Paz.",Bolivia,Municipal Villa Ingenio,,,,División Profesional,,20250630_ABB_Blooming,-86.27052524963506,0.34,0.51,1,1,1,3,48.9,51.1,3,3,0,0,3,3
2025-06-30 21:30:00,Real Oruro,Wilstermann,3.0,1.0,Oruro,Bolivia,Estadio Jesús Bermúdez,,,,División Profesional,,20250630_Real-Oruro_Wilstermann,0.8588465636278215,1.16,0.9,6,1,16,4,45.9,54.1,2,2,0,0,6,5
2025-07-01 00:00:00,Guabirá,Independiente Petrolero,1.0,1.0,Montero,Bolivia,Estadio Gilberto Parada,,,,División Profesional,,20250701_Guabirá_Independiente-Petrolero,-24.020258008001065,0.43,0.69,2,1,7,1,48.9,51.1,2,1,0,0,6,2
2025-07-05 21:30:00,Real Tomayapo,San Antonio Bulo Bulo,1.0,1.0,Tarija,Bolivia,Estadio IV Centenário,,,,División Profesional,,20250705_Real-Tomayapo_San-Antonio-Bulo-Bulo,31.651813908207487,1.09,0.9,3,3,5,7,48.2,51.8,0,3,1,0,4,4
2025-07-06 00:00:00,Universitario de Vinto,Aurora,1.0,2.0,Cochabamba,Bolivia,Estadio Félix Capriles,,,,División Profesional,,20250706_Universitario-de-Vinto_Aurora,-74.71163590125389,0.05,0.9,1,4,3,9,48.5,51.5,3,2,0,0,4,5
2025-07-06 19:00:00,Always Ready,The Strongest,7.0,2.0,"El Alto, La Paz.",Bolivia,Municipal Villa Ingenio,,,,División Profesional,,20250706_Always-Ready_The-Strongest,-74.03416395505496,1.87,0.82,7,3,14,9,46.0,54.0,0,0,0,0,9,5
2025-07-06 21:30:00,GV San José,Oriente Petrolero,5.0,1.0,Oruro,Bolivia,Estadio Jesús Bermúdez,,,,División Profesional,,20250706_GV-San-José_Oriente-Petrolero,58.178558467117455,1.65,1.01,5,3,11,8,51.0,49.0,3,1,0,0,5,5
2025-07-06 23:30:00,Blooming,Real Oruro,4.0,2.0,Santa Cruz,Bolivia,Estadio Ramón Tahuichi,,,,División Profesional,,20250706_Blooming_Real-Oruro,96.20985527165931,1.51,1.88,6,6,14,14,52.9,47.1,1,0,0,1,7,9
2025-07-07 19:00:00,ABB,Nacional Potosí,2.0,2.0,"El Alto, La Paz.",Bolivia,Municipal Villa Ingenio,,,,División Profesional,,20250707_ABB_Nacional-Potosí,-29.07213312669478,1.63,1.23,7,6,16,15,50.9,49.1,0,0,0,0,3,7
2025-07-07 22:00:00,Bolívar,Independiente Petrolero,4.0,0.0,La Paz,Bolivia,Estadio Hernando Siles,,,,División Profesional,,20250707_Bolívar_Independiente-Petrolero,201.85010690416607,1.86,0.05,5,1,11,5,56.6,43.4,1,0,0,0,8,4
2025-07-08 00:00:00,Wilstermann,Guabirá,1.0,1.0,Cochabamba,Bolivia,Estadio Félix Capriles,,,,División Profesional,,20250708_Wilstermann_Guabirá,4.602889367547732,0.89,1.04,2,3,3,5,51.2,48.8,3,1,0,0,1,3
2025-07-11 23:00:00,Guabirá,Always Ready,5.0,0.0,Montero,Bolivia,Estadio Gilberto Parada,,,,División Profesional,,20250711_Guabirá_Always-Ready,-178.42316769825675,1.95,0.52,7,2,18,5,46.9,53.1,3,5,0,0,6,4
2025-07-12 19:00:00,Independiente Petrolero,Universitario de Vinto,1.0,1.0,Cochabamba,Bolivia,Estadio Olímpico Patria,,,,División Profesional,,20250712_Independiente-Petrolero_Universitario-de-Vinto,-17.039359449128597,1.26,0.9,6,4,13,8,52.9,47.1,1,0,0,0,14,5
2025-07-12 21:30:00,The Strongest,Real Tomayapo,6.0,0.0,La Paz,Bolivia,Estadio Hernando Siles,,,,División Profesional,,20250712_The-Strongest_Real-Tomayapo,157.61468366828944,1.88,1.13,6,5,11,10,63.0,37.0,1,0,0,0,6,8
2025-07-13 21:15:00,GV San José,Wilstermann,2.0,1.0,Oruro,Bolivia,Estadio Jesús Bermúdez,,,,División Profesional,,20250713_GV-San-José_Wilstermann,101.64542000659435,0.97,0.05,3,1,5,0,57.8,42.2,3,5,0,0,1,5
2025-07-13 23:30:00,Oriente Petrolero,ABB,3.0,3.0,Montero,Bolivia,Estadio Gilberto Parada,,,,División Profesional,,20250713_Oriente-Petrolero_ABB,-18.29087639358545,2.21,0.5,7,3,17,8,45.4,54.6,2,0,0,0,5,8
2025-07-14 22:00:00,Nacional Potosí,Real Oruro,2.0,3.0,Potosí,Bolivia,Estadio Víctor Agustín Ugarte,,,,División Profesional,,20250714_Nacional-Potosí_Real-Oruro,52.60895033986412,0.6,1.69,3,5,9,11,57.4,42.6,1,2,0,0,5,9
2025-07-19 19:00:00,ABB,Aurora,2.0,1.0,"El Alto, La Paz.",Bolivia,Municipal Villa Ingenio,,,,División Profesional,,20250719_ABB_Aurora,-81.76010760994245,0.51,1.41,2,3,4,8,48.7,51.3,3,2,0,0,6,8
2025-07-19 21:30:00,Bolívar,Oriente Petrolero,1.0,0.0,La Paz,Bolivia,Estadio Hernando Siles,,,,División Profesional,,20250719_Bolívar_Oriente-Petrolero,201.4096604540273,0.96,1.96,2,7,5,16,64.7,35.3,0,0,0,0,2,9
2025-07-20 00:00:00,Universitario de Vinto,GV San José,4.0,0.0,Cochabamba,Bolivia,Estadio Félix Capriles,,,,División Profesional,,20250720_Universitario-de-Vinto_GV-San-José,-81.58007854122502,0.86,1.02,4,3,11,8,40.2,59.8,0,5,0,0,9,5
2025-07-20 19:00:00,Real Oruro,San Antonio Bulo Bulo,0.0,2.0,Oruro,Bolivia,Estadio Jesús Bermúdez,,,,División Profesional,,20250720_Real-Oruro_San-Antonio-Bulo-Bulo,-2.045871315505792,0.53,1.07,2,4,5,9,49.7,50.3,0,1,0,0,6,10
2025-07-20 21:15:00,Always Ready,Independiente Petrolero,5.0,0.0,"El Alto, La Paz.",Bolivia,Municipal Villa Ingenio,,,,División Profesional,,20250720_Always-Ready_Independiente-Petrolero,143.6775858516287,1.58,1.03,5,5,12,10,54.2,45.8,3,2,0,0,12,4
2025-07-20 23:30:00,Wilstermann,The Strongest,1.0,2.0,Cochabamba,Bolivia,Estadio Félix Capriles,,,,División Profesional,,20250720_Wilstermann_The-Strongest,-234.62169216025222,0.47,1.41,2,6,3,11,37.5,62.5,1,0,0,0,2,9
2025-07-21 23:00:00,Blooming,Guabirá,2.0,1.0,Montero,Bolivia,Estadio Gilberto Parada,,,,División Profesional,,20250721_Blooming_Guabirá,116.54031966998787,1.74,0.93,5,4,12,7,50.2,49.8,4,2,0,0,5,5
2025-07-22 23:00:00,Real Tomayapo,Nacional Potosí,0.0,1.0,Tarija,Bolivia,Estadio IV Centenário,,,,División Profesional,,20250722_Real-Tomayapo_Nacional-Potosí,-0.38633960893753283,0.05,1.43,1,3,2,7,48.4,51.6,1,2,0,0,4,6
2025-07-29 21:30:00,ABB,Independiente Petrolero,1.0,2.0,"El Alto, La Paz.",Bolivia,Municipal Villa Ingenio,,,,División Profesional,,20250729_ABB_Independiente-Petrolero,50.395279557176536,0.55,1.87,3,9,8,20,48.2,51.8,2,0,0,0,5,5
2025-07-30 00:00:00,Nacional Potosí,Oriente Petrolero,4.0,1.0,Potosí,Bolivia,Estadio Víctor Agustín Ugarte,,,,División Profesional,,20250730_Nacional-Potosí_Oriente-Petrolero,48.64225911501558,1.01,0.81,4,3,8,7,48.1,51.9,2,1,0,0,6,5
2025-08-02 19:00:00,San Antonio Bulo Bulo,ABB,4.0,0.0,Entre Rios,Bolivia,Estadio Dr. Carlos Villegas,,,,División Profesional,,20250802_San-Antonio-Bulo-Bulo_ABB,1.8248740223509685,1.03,0.05,4,2,9,5,54.6,45.4,4,2,0,0,3,3
2025-08-02 21:30:00,Real Oruro,Bolívar,3.0,1.0,Oruro,Bolivia,Estadio Jesús Bermúdez,,,,División Profesional,,20250802_Real-Oruro_Bolívar,-213.14697222913105,0.9,1.23,3,5,7,12,42.5,57.5,2,2,0,0,6,9
2025-08-03 00:00:00,Real Tomayapo,GV San José,2.0,1.0,Tarija,Bolivia,Estadio IV Centenário,,,,División Profesional,,20250803_Real-Tomayapo_GV-San-José,-52.83283282474554,0.43,1.34,2,2,3,3,46.6,53.4,2,1,0,0,3,4
2025-08-03 19:00:00,Guabirá,Universitario de Vinto,3.0,0.0,Montero,Bolivia,Estadio Gilberto Parada,,,,División Profesional,,20250803_Guabirá_Universitario-de-Vinto,-38.150329746100624,1.2,1.04,5,1,9,2,42.2,57.8,0,1,0,0,5,3
2025-08-03 21:15:00,The Strongest,Blooming,3.0,2.0,La Paz,Bolivia,Estadio Hernando Siles,,,,División Profesional,,20250803_The-Strongest_Blooming,92.92703757111394,1.33,1.2,3,4,8,10,55.1,44.9,1,1,0,0,7,8
2025-08-04 19:45:00,Oriente Petrolero,Aurora,3.0,0.0,Montero,Bolivia,Estadio Gilberto Parada,,,,División Profesional,,20250804_Oriente-Petrolero_Aurora,-100.07721217070002,2.24,1.06,7,4,16,10,50.7,49.3,1,3,0,0,4,7
2025-08-04 21:55:00,Always Ready,Nacional Potosí,1.0,0.0,"El Alto, La Paz.",Bolivia,Municipal Villa Ingenio,,,,División Profesional,,20250804_Always-Ready_Nacional-Potosí,86.44592077879724,0.71,0.24,3,2,3,4,57.9,42.1,0,2,0,0,1,2
2025-08-06 19:00:00,San Antonio Bulo Bulo,Bolívar,0.0,1.0,Entre Rios,Bolivia,Estadio Dr. Carlos Villegas,,,,División Profesional,,20250806_San-Antonio-Bulo-Bulo_Bolívar,-156.7465329286199,0.37,1.73,0,6,2,12,38.9,61.1,4,2,0,0,0,7
2025-08-08 19:00:00,Universitario de Vinto,Oriente Petrolero,2.0,1.0,Cochabamba,Bolivia,Estadio Félix Capriles,,,,División Profesional,,20250808_Universitario-de-Vinto_Oriente-Petrolero,6.7238156424186855,0.92,1.0,4,2,9,2,51.1,48.9,1,0,0,0,1,5
2025-08-08 22:00:00,ABB,Real Oruro,1.0,2.0,"El Alto, La Paz.",Bolivia,Municipal Villa Ingenio,,,,División Profesional,,20250808_ABB_Real-Oruro,-6.416214992620326,0.91,0.98,1,5,2,14,49.5,50.5,4,2,0,0,2,8
2025-08-09 21:30:00,Nacional Potosí,The Strongest,0.0,2.0,Potosí,Bolivia,Estadio Víctor Agustín Ugarte,,,,División Profesional,,20250809_Nacional-Potosí_The-Strongest,-171.5911172496467,0.73,0.94,3,3,3,4,46.8,53.2,3,0,1,0,0,6
2025-08-10 00:00:00,Bolívar,Real Tomayapo,5.0,0.0,La Paz,Bolivia,Estadio Hernando Siles,,,,División Profesional,,20250810_Bolívar_Real-Tomayapo,163.14433721455612,1.63,0.28,5,1,12,1,61.2,38.8,1,2,0,0,12,3
2025-08-10 19:00:00,GV San José,Independiente Petrolero,2.0,1.0,Oruro,Bolivia,Estadio Jesús Bermúdez,,,,División Profesional,,20250810_GV-San-José_Independiente-Petrolero,62.43933770693343,0.81,0.84,3,2,6,6,52.4,47.6,0,0,0,0,3,3
2025-08-10 21:15:00,Blooming,Always Ready,1.0,0.0,Montero,Bolivia,Estadio Gilberto Parada,,,,División Profesional,,20250810_Blooming_Always-Ready,-43.660259048893295,0.56,1.19,2,5,4,12,56.9,43.1,3,2,0,0,3,8
2025-08-10 23:30:00,Aurora,Guabirá,0.0,2.0,Cochabamba,Bolivia,Estadio Félix Capriles,,,,División Profesional,,20250810_Aurora_Guabirá,74.15090086572968,0.84,1.24,4,5,8,11,51.2,48.8,1,2,0,0,0,5
2025-08-12 22:00:00,Nacional Potosí,Universitario de Vinto,5.0,1.0,Potosí,Bolivia,Estadio Víctor Agustín Ugarte,,,,División Profesional,,20250812_Nacional-Potosí_Universitario-de-Vinto,19.861412171762822,2.4,0.12,8,1,18,3,59.3,40.7,2,0,1,0,4,4
2025-08-13 00:30:00,Wilstermann,San Antonio Bulo Bulo,0.0,3.0,Cochabamba,Bolivia,Estadio Félix Capriles,,,,División Profesional,,20250813_Wilstermann_San-Antonio-Bulo-Bulo,-62.51338148207901,1.09,0.61,3,3,7,5,50.5,49.5,1,0,0,0,10,3
2025-08-13 22:00:00,Aurora,Blooming,4.0,1.0,Cochabamba,Bolivia,Estadio Félix Capriles,,,,División Profesional,,20250813_Aurora_Blooming,-64.47378448797622,1.34,1.34,5,2,12,4,49.7,50.3,1,1,1,0,5,2
2025-08-20 23:30:00,Independiente Petrolero,Wilstermann,2.0,1.0,Cochabamba,Bolivia,Estadio Olímpico Patria,,,,División Profesional,,20250820_Independiente-Petrolero_Wilstermann,32.73659859434974,1.69,1.2,4,3,8,8,53.9,46.1,2,0,0,0,4,4
2025-08-22 19:00:00,Always Ready,Oriente Petrolero,2.0,0.0,"El Alto, La Paz.",Bolivia,Municipal Villa Ingenio,,,,División Profesional,,20250822_Always-Ready_Oriente-Petrolero,147.72795786065694,1.22,0.76,3,2,6,3,57.0,43.0,2,2,0,0,6,5
2025-08-22 23:00:00,Real Tomayapo,ABB,2.0,1.0,Tarija,Bolivia,Estadio IV Centenário,,,,División Profesional,,20250822_Real-Tomayapo_ABB,31.25947054561948,1.2,0.74,4,3,8,5,54.4,45.6,1,0,0,0,1,3
2025-08-23 15:00:00,The Strongest,GV San José,2.0,1.0,La Paz,Bolivia,Estadio Hernando Siles,,,,División Profesional,,20250823_The-Strongest_GV-San-José,154.83142210285405,0.66,0.05,2,1,2,1,60.5,39.5,1,1,1,0,3,7
2025-08-23 19:00:00,San Antonio Bulo Bulo,Aurora,1.0,2.0,Entre Rios,Bolivia,Estadio Dr. Carlos Villegas,,,,División Profesional,,20250823_San-Antonio-Bulo-Bulo_Aurora,-33.55765718756834,0.64,1.19,2,4,4,9,51.1,48.9,3,3,0,0,2,4
2025-08-24 00:00:00,Guabirá,Nacional Potosí,1.0,0.0,Montero,Bolivia,Estadio Gilberto Parada,,,,División Profesional,,20250824_Guabirá_Nacional-Potosí,-39.94661364296212,0.74,1.12,1,3,1,6,44.7,55.3,2,0,0,0,2,4
2025-08-24 19:00:00,Blooming,Universitario de Vinto,1.0,0.0,Montero,Bolivia,Estadio Gilberto Parada,,,,División Profesional,,20250824_Blooming_Universitario-de-Vinto,97.92158399943332,0.97,1.12,2,3,4,6,61.4,38.6,1,1,0,0,1,7
2025-08-24 21:15:00,Real Oruro,Independiente Petrolero,3.0,4.0,Oruro,Bolivia,Estadio Jesús Bermúdez,,,,División Profesional,,20250824_Real-Oruro_Independiente-Petrolero,28.189658147648743,0.91,1.54,4,5,10,12,58.7,41.3,5,1,0,0,3,8
2025-08-24 23:30:00,Wilstermann,Bolívar,2.0,2.0,Cochabamba,Bolivia,Estadio Félix Capriles,,,,División Profesional,,20250824_Wilstermann_Bolívar,-260.5939316418519,0.41,0.38,2,2,3,6,46.5,53.5,1,2,0,0,3,2
2025-09-12 19:00:00,Universitario de Vinto,Real Tomayapo,1.0,0.0,Cochabamba,Bolivia,Estadio Félix Capriles,,,,División Profesional,,20250912_Universitario-de-Vinto_Real-Tomayapo,-38.76556412957757,0.32,0.05,1,0,0,0,47.0,53.0,3,1,1,0,3,3
2025-09-13 00:00:00,Bolívar,Guabirá,4.0,0.0,La Paz,Bolivia,Estadio Hernando Siles,,,,División Profesional,,20250913_Bolívar_Guabirá,172.23345452628496,1.01,1.02,4,4,9,8,60.4,39.6,1,3,0,0,6,3
2025-09-13 19:00:00,Oriente Petrolero,Real Oruro,3.0,0.0,Santa Cruz,Bolivia,Estadio Real Santa Cruz,,,,División Profesional,,20250913_Oriente-Petrolero_Real-Oruro,-31.008768473091095,1.52,0.54,4,2,7,4,44.9,55.1,1,1,0,0,5,4
2025-09-13 21:30:00,Nacional Potosí,San Antonio Bulo Bulo,2.0,3.0,Potosí,Bolivia,Estadio Víctor Agustín Ugarte,,,,División Profesional,,20250913_Nacional-Potosí_San-Antonio-Bulo-Bulo,11.668412819686637,0.91,1.45,2,5,3,9,49.5,50.5,1,0,0,0,5,2
2025-09-13 23:30:00,Aurora,The Strongest,2.0,1.0,Cochabamba,Bolivia,Estadio Félix Capriles,,,,División Profesional,,20250913_Aurora_The-Strongest,-150.07701373365353,1.71,0.12,7,2,15,4,36.4,63.6,0,0,0,0,7,5
2025-09-14 19:00:00,ABB,Wilstermann,0.0,0.0,"El Alto, La Paz.",Bolivia,Municipal Villa Ingenio,,,,División Profesional,,20250914_ABB_Wilstermann,34.153129467530334,0.43,0.65,1,1,2,2,50.7,49.3,0,0,0,0,2,6
2025-09-14 21:15:00,GV San José,Always Ready,0.0,1.0,Oruro,Bolivia,Estadio Jesús Bermúdez,,,,División Profesional,,20250914_GV-San-José_Always-Ready,-81.98710797756348,0.05,0.58,1,2,2,4,42.8,57.2,1,2,0,0,7,2
2025-09-15 23:30:00,Independiente Petrolero,Blooming,3.0,0.0,Cochabamba,Bolivia,Estadio Olímpico Patria,,,,División Profesional,,20250915_Independiente-Petrolero_Blooming,-103.99324015533807,0.37,1.08,3,2,8,4,42.8,57.2,1,2,1,0,6,2
2025-09-16 19:00:00,San Antonio Bulo Bulo,Oriente Petrolero,1.0,1.0,Entre Rios,Bolivia,Estadio Dr. Carlos Villegas,,,,División Profesional,,20250916_San-Antonio-Bulo-Bulo_Oriente-Petrolero,42.91262000487177,1.58,0.75,5,2,13,5,48.2,51.8,3,1,1,0,6,1
2025-09-17 00:00:00,Real Oruro,Aurora,5.0,3.0,Oruro,Bolivia,Estadio Jesús Bermúdez,,,,División Profesional,,20250917_Real-Oruro_Aurora,-97.76754842465039,2.12,1.15,7,4,14,12,53.6,46.4,2,2,0,0,9,8
2025-09-17 19:00:00,ABB,GV San José,0.0,0.0,"El Alto, La Paz.",Bolivia,Municipal Villa Ingenio,,,,División Profesional,,20250917_ABB_GV-San-José,-68.9818501656298,0.05,0.51,0,1,0,2,57.1,42.9,1,0,0,0,5,5
2025-09-17 22:00:00,Wilstermann,Nacional Potosí,2.0,5.0,Cochabamba,Bolivia,Estadio Félix Capriles,,,,División Profesional,,20250917_Wilstermann_Nacional-Potosí,-72.73680267822829,0.98,2.15,3,6,5,15,44.1,55.9,1,1,0,0,6,12
2025-09-18 19:00:00,Always Ready,Universitario de Vinto,5.0,1.0,"El Alto, La Paz.",Bolivia,Municipal Villa Ingenio,,,,División Profesional,,20250918_Always-Ready_Universitario-de-Vinto,140.55872851044387,2.49,1.96,7,7,16,18,53.0,47.0,1,2,0,0,5,7
2025-09-19 23:00:00,Aurora,Real Tomayapo,1.0,2.0,Cochabamba,Bolivia,Estadio Félix Capriles,,,,División Profesional,,20250919_Aurora_Real-Tomayapo,57.56122028137111,0.46,2.34,2,6,6,15,56.6,43.4,2,4,0,0,2,7
2025-09-20 15:00:00,Bolívar,ABB,3.0,2.0,La Paz,Bolivia,Estadio Hernando Siles,,,,División Profesional,,20250920_Bolívar_ABB,216.51560420724422,1.07,1.87,4,6,9,13,60.0,40.0,2,1,0,0,2,3
2025-09-20 19:00:00,Oriente Petrolero,Nacional Potosí,2.0,2.0,Santa Cruz,Bolivia,Estadio Real Santa Cruz,,,,División Profesional,,20250920_Oriente-Petrolero_Nacional-Potosí,-37.82448256100565,1.43,0.61,4,2,8,3,51.1,48.9,4,3,0,0,8,1
2025-09-20 21:30:00,Independiente Petrolero,San Antonio Bulo Bulo,4.0,2.0,Cochabamba,Bolivia,Estadio Olímpico Patria,,,,División Profesional,,20250920_Independiente-Petrolero_San-Antonio-Bulo-Bulo,-10.2557658325577,1.05,1.83,4,6,11,14,55.3,44.7,0,2,0,0,7,7
2025-09-21 19:00:00,Guabirá,The Strongest,2.0,1.0,Montero,Bolivia,Estadio Gilberto Parada,,,,División Profesional,,20250921_Guabirá_The-Strongest,-196.46618645070907,1.21,1.31,3,4,6,8,41.5,58.5,1,0,0,0,4,2
2025-09-21 21:15:00,Always Ready,Wilstermann,2.0,0.0,"El Alto, La Paz.",Bolivia,Municipal Villa Ingenio,,,,División Profesional,,20250921_Always-Ready_Wilstermann,218.1275066224357,0.46,0.43,2,2,4,5,60.9,39.1,1,1,0,0,1,6
2025-09-21 23:30:00,GV San José,Blooming,1.0,4.0,Oruro,Bolivia,Estadio Jesús Bermúdez,,,,División Profesional,,20250921_GV-San-José_Blooming,-48.728831124292356,0.72,2.47,1,7,2,13,54.1,45.9,2,1,0,0,3,6
2025-09-22 19:00:00,Universitario de Vinto,Real Oruro,2.0,2.0,Cochabamba,Bolivia,Estadio Félix Capriles,,,,División Profesional,,20250922_Universitario-de-Vinto_Real-Oruro,-9.867085503217368,1.53,0.85,4,2,9,5,54.8,45.2,1,1,0,0,3,1
2025-09-23 19:00:00,Oriente Petrolero,Independiente Petrolero,2.0,1.0,Montero,Bolivia,Estadio Gilberto Parada,,,,División Profesional,,20250923_Oriente-Petrolero_Independiente-Petrolero,-40.76038208420596,0.78,1.13,2,4,5,7,54.8,45.2,1,2,0,0,3,5
2025-09-24 19:00:00,Nacional Potosí,GV San José,1.0,2.0,Potosí,Bolivia,Estadio Víctor Agustín Ugarte,,,,División Profesional,,20250924_Nacional-Potosí_GV-San-José,-7.144333307814577,0.89,0.69,3,2,7,5,45.6,54.4,3,2,1,0,3,5
2025-09-24 22:30:00,Wilstermann,Blooming,1.0,0.0,Cochabamba,Bolivia,Estadio Félix Capriles,,,,División Profesional,,20250924_Wilstermann_Blooming,-172.33358067772087,0.62,0.79,1,2,4,6,49.2,50.8,1,1,0,0,2,8
2025-09-25 00:30:00,Real Tomayapo,Always Ready,1.0,2.0,Tarija,Bolivia,Estadio IV Centenário,,,,División Profesional,,20250925_Real-Tomayapo_Always-Ready,-127.20509986409525,1.81,1.12,5,3,9,5,49.3,50.7,0,5,0,0,9,2
2025-09-25 19:00:00,San Antonio Bulo Bulo,The Strongest,3.0,4.0,Entre Rios,Bolivia,Estadio Dr. Carlos Villegas,,,,División Profesional,,20250925_San-Antonio-Bulo-Bulo_The-Strongest,-171.7218862742602,0.89,1.33,3,4,6,9,49.9,50.1,0,1,0,0,3,5
2025-09-25 21:30:00,ABB,Universitario de Vinto,2.0,0.0,"El Alto, La Paz.",Bolivia,Municipal Villa Ingenio,,,,División Profesional,,20250925_ABB_Universitario-de-Vinto,-24.80462992891512,1.54,0.19,6,1,10,3,55.7,44.3,1,1,0,0,5,2
2025-09-26 00:00:00,Real Oruro,Guabirá,3.0,6.0,Oruro,Bolivia,Estadio Jesús Bermúdez,,,,División Profesional,,20250926_Real-Oruro_Guabirá,-20.806125749438024,1.2,2.78,3,9,8,20,47.2,52.8,3,1,0,0,3,4
2025-09-27 19:00:00,Independiente Petrolero,Real Tomayapo,2.0,1.0,Cochabamba,Bolivia,Estadio Olímpico Patria,,,,División Profesional,,20250927_Independiente-Petrolero_Real-Tomayapo,-5.830735452944964,1.08,0.43,2,2,6,3,57.3,42.7,4,0,0,0,4,3
2025-09-27 21:30:00,Aurora,Nacional Potosí,1.0,2.0,Cochabamba,Bolivia,Estadio Félix Capriles,,,,División Profesional,,20250927_Aurora_Nacional-Potosí,47.13490908735457,0.95,1.85,4,5,9,12,50.9,49.1,0,5,0,1,7,5
2025-09-28 19:00:00,GV San José,Bolívar,0.0,2.0,Oruro,Bolivia,Estadio Jesús Bermúdez,,,,División Profesional,,20250928_GV-San-José_Bolívar,-156.17177055408501,1.01,0.7,2,3,3,5,43.0,57.0,7,4,0,0,2,6
2025-09-28 21:15:00,Universitario de Vinto,Wilstermann,1.0,1.0,Cochabamba,Bolivia,Estadio Félix Capriles,,,,División Profesional,,20250928_Universitario-de-Vinto_Wilstermann,38.080138500939256,1.77,1.47,5,6,10,13,58.8,41.2,3,1,0,0,4,10
2025-09-28 23:30:00,Blooming,San Antonio Bulo Bulo,0.0,3.0,Montero,Bolivia,Estadio Gilberto Parada,,,,División Profesional,,20250928_Blooming_San-Antonio-Bulo-Bulo,74.44423323415936,1.04,1.5,3,4,7,10,47.2,52.8,4,3,1,0,7,9
2025-09-29 19:00:00,The Strongest,Oriente Petrolero,2.0,0.0,La Paz,Bolivia,Estadio Hernando Siles,,,,División Profesional,,20250929_The-Strongest_Oriente-Petrolero,191.13735890871772,1.0,1.66,3,6,3,12,59.7,40.3,5,1,0,0,6,7
2025-09-29 21:30:00,Always Ready,Real Oruro,4.0,0.0,"El Alto, La Paz.",Bolivia,Municipal Villa Ingenio,,,,División Profesional,,20250929_Always-Ready_Real-Oruro,170.21654088131868,2.1,1.41,7,4,15,8,59.0,41.0,1,1,0,0,6,10
2025-09-30 00:00:00,Guabirá,ABB,5.0,1.0,Montero,Bolivia,Estadio Gilberto Parada,,,,División Profesional,,20250930_Guabirá_ABB,53.22340097718984,1.51,1.14,5,3,13,8,58.4,41.6,0,2,0,0,9,3
2025-10-17 21:30:00,Real Tomayapo,Guabirá,3.0,2.0,Tarija,Bolivia,Estadio IV Centenário,,,,División Profesional,,20251017_Real-Tomayapo_Guabirá,-38.32214781696439,1.65,0.73,7,2,15,5,44.5,55.5,0,2,0,0,13,9
2025-10-18 00:00:00,The Strongest,Independiente Petrolero,3.0,1.0,La Paz,Bolivia,Estadio Hernando Siles,,,,División Profesional,,20251018_The-Strongest_Independiente-Petrolero,170.97091036315624,0.32,1.18,3,2,8,4,59.2,40.8,1,2,0,0,7,9
2025-10-18 19:00:00,Blooming,Bolívar,1.0,2.0,Santa Cruz,Bolivia,Estadio Real Santa Cruz,,,,División Profesional,,20251018_Blooming_Bolívar,-137.52285803689642,0.17,1.15,1,3,2,8,41.9,58.1,1,0,0,0,0,7
2025-11-01 19:00:00,Real Oruro,GV San José,1.0,1.0,Oruro,Bolivia,Estadio Jesús Bermúdez,,,,División Profesional,,20251101_Real-Oruro_GV-San-José,-47.963597767197825,1.2,0.74,3,4,8,8,49.0,51.0,0,1,0,0,4,2
2025-11-02 19:00:00,ABB,The Strongest,1.0,2.0,"El Alto, La Paz.",Bolivia,Municipal Villa Ingenio,,,,División Profesional,,20251102_ABB_The-Strongest,-231.32559213082595,1.4,1.73,7,6,16,14,41.8,58.2,2,1,0,0,13,7
2025-11-02 21:15:00,Real Tomayapo,Wilstermann,6.0,1.0,Tarija,Bolivia,Estadio IV Centenário,,,,División Profesional,,20251102_Real-Tomayapo_Wilstermann,76.07153278232158,3.76,0.51,10,1,20,4,57.9,42.1,1,0,0,0,7,5
2025-11-03 19:00:00,Oriente Petrolero,Guabirá,4.0,0.0,Santa Cruz,Bolivia,Estadio Real Santa Cruz,,,,División Profesional,,20251103_Oriente-Petrolero_Guabirá,-38.58337934973997,1.74,1.5,5,4,8,9,48.5,51.5,1,1,0,0,3,3
2025-11-03 21:15:00,Bolívar,Universitario de Vinto,3.0,0.0,La Paz,Bolivia,Estadio Hernando Siles,,,,División Profesional,,20251103_Bolívar_Universitario-de-Vinto,231.02182427160233,1.16,1.04,4,4,8,9,60.4,39.6,2,0,0,0,3,5
2025-11-03 23:30:00,Aurora,Independiente Petrolero,2.0,3.0,Cochabamba,Bolivia,Estadio Félix Capriles,,,,División Profesional,,20251103_Aurora_Independiente-Petrolero,23.95461735522099,0.2,0.05,2,3,6,9,52.7,47.3,3,1,0,0,1,5
2025-11-04 19:00:00,San Antonio Bulo Bulo,Always Ready,0.0,1.0,Cochabamba,Bolivia,Estadio Félix Capriles,,,,División Profesional,,20251104_San-Antonio-Bulo-Bulo_Always-Ready,-148.19907737505832,0.22,1.63,1,5,1,9,40.3,59.7,3,1,0,0,0,4
2025-11-04 23:00:00,Nacional Potosí,Blooming,3.0,0.0,Potosí,Bolivia,Estadio Víctor Agustín Ugarte,,,,División Profesional,,20251104_Nacional-Potosí_Blooming,-35.140322333192444,2.71,0.8,10,3,20,7,59.1,40.9,0,0,0,0,8,3
2025-11-06 23:00:00,Bolívar,Aurora,6.0,1.0,La Paz,Bolivia,Estadio Hernando Siles,,,,División Profesional,,20251106_Bolívar_Aurora,185.5779524301363,0.59,1.06,6,4,13,7,62.3,37.7,4,2,0,0,7,1
2025-11-21 21:30:00,GV San José,Aurora,4.0,1.0,Oruro,Bolivia,Estadio Jesús Bermúdez,,,,División Profesional,,20251121_GV-San-José_Aurora,7.509344635680918,2.02,1.58,5,6,12,14,50.6,49.4,1,2,0,0,7,10
2025-11-21 23:30:00,Independiente Petrolero,ABB,2.0,0.0,Cochabamba,Bolivia,Estadio Olímpico Patria,,,,División Profesional,,20251121_Independiente-Petrolero_ABB,65.13518519111562,2.09,0.05,8,0,17,0,54.4,45.6,0,1,0,1,6,4
2025-11-22 19:00:00,Blooming,Real Tomayapo,2.0,0.0,Santa Cruz,Bolivia,Estadio Real Santa Cruz,,,,División Profesional,,20251122_Blooming_Real-Tomayapo,15.297066615684116,0.05,0.17,2,0,5,0,44.8,55.2,1,4,1,0,4,3
2025-11-22 21:30:00,The Strongest,Real Oruro,2.0,1.0,La Paz,Bolivia,Estadio Hernando Siles,,,,División Profesional,,20251122_The-Strongest_Real-Oruro,221.21420980574044,1.46,1.54,4,4,9,7,65.6,34.4,2,2,0,0,8,2
2025-11-23 00:00:00,Wilstermann,Oriente Petrolero,3.0,1.0,Cochabamba,Bolivia,Estadio Félix Capriles,,,,División Profesional,,20251123_Wilstermann_Oriente-Petrolero,-71.91473429470898,1.3,1.4,3,6,5,15,47.9,52.1,2,0,0,0,6,11
2025-11-23 19:30:00,Always Ready,Bolívar,1.0,1.0,"El Alto, La Paz.",Bolivia,Municipal Villa Ingenio,,,,División Profesional,,20251123_Always-Ready_Bolívar,-46.17356900363097,1.04,2.03,2,7,6,14,48.3,51.7,3,0,0,0,2,7
2025-11-23 21:45:00,Universitario de Vinto,Nacional Potosí,2.0,2.0,Cochabamba,Bolivia,Estadio Félix Capriles,,,,División Profesional,,20251123_Universitario-de-Vinto_Nacional-Potosí,-61.62142763559018,1.44,2.74,5,9,10,19,48.0,52.0,1,2,0,0,8,14
2025-11-24 00:00:00,Guabirá,San Antonio Bulo Bulo,1.0,2.0,Montero,Bolivia,Estadio Gilberto Parada,,,,División Profesional,,20251124_Guabirá_San-Antonio-Bulo-Bulo,5.504325138131435,0.92,1.4,3,4,11,11,52.5,47.5,1,1,0,0,9,8
2025-11-28 22:00:00,Real Oruro,Real Tomayapo,5.0,2.0,Oruro,Bolivia,Estadio Jesús Bermúdez,,,,División Profesional,,20251128_Real-Oruro_Real-Tomayapo,-36.63662226318502,2.2,1.42,7,5,16,11,47.3,52.7,3,2,0,0,12,10
2025-11-29 00:00:00,ABB,Always Ready,0.0,7.0,"El Alto, La Paz.",Bolivia,Municipal Villa Ingenio,,,,División Profesional,,20251129_ABB_Always-Ready,-220.34139507505301,1.51,2.27,6,7,14,16,43.6,56.4,3,0,1,0,7,9
2025-11-29 19:00:00,San Antonio Bulo Bulo,Universitario de Vinto,2.0,0.0,Cochabamba,Bolivia,Estadio Félix Capriles,,,,División Profesional,,20251129_San-Antonio-Bulo-Bulo_Universitario-de-Vinto,48.56968295863294,1.09,1.33,2,4,3,9,50.8,49.2,2,1,0,0,5,6
2025-11-29 21:30:00,Guabirá,GV San José,2.0,1.0,Montero,Bolivia,Estadio Gilberto Parada,,,,División Profesional,,20251129_Guabirá_GV-San-José,-36.796921409130846,0.93,1.19,3,4,8,8,48.6,51.4,2,0,0,0,5,7
2025-11-30 00:00:00,Nacional Potosí,Independiente Petrolero,2.0,1.0,Potosí,Bolivia,Estadio Víctor Agustín Ugarte,,,,División Profesional,,20251130_Nacional-Potosí_Independiente-Petrolero,-7.44322014231102,0.98,0.05,2,1,4,2,46.1,53.9,1,1,0,0,8,8
2025-11-30 19:00:00,Oriente Petrolero,Blooming,3.0,1.0,Santa Cruz,Bolivia,Estadio Real Santa Cruz,,,,División Profesional,,20251130_Oriente-Petrolero_Blooming,-64.20239325205421,0.83,0.44,4,1,8,2,48.7,51.3,1,3,0,0,4,1
2025-11-30 21:15:00,The Strongest,Bolívar,2.0,3.0,La Paz,Bolivia,Estadio Hernando Siles,,,,División Profesional,,20251130_The-Strongest_Bolívar,-6.967171621043008,0.73,1.86,3,6,7,13,46.6,53.4,1,0,0,0,6,2
2025-11-30 23:30:00,Aurora,Wilstermann,1.0,0.0,Cochabamba,Bolivia,Estadio Félix Capriles,,,,División Profesional,,20251130_Aurora_Wilstermann,63.01092519481449,2.2,1.13,6,2,13,2,51.2,48.8,1,0,0,0,8,1
2025-12-02 21:30:00,GV San José,San Antonio Bulo Bulo,1.0,5.0,Oruro,Bolivia,Estadio Jesús Bermúdez,,,,División Profesional,,20251202_GV-San-José_San-Antonio-Bulo-Bulo,-5.678442505852672,1.42,1.78,4,5,10,10,56.8,43.2,1,2,0,0,5,3
2025-12-02 23:30:00,Independiente Petrolero,Guabirá,3.0,1.0,Cochabamba,Bolivia,Estadio Olímpico Patria,,,,División Profesional,,20251202_Independiente-Petrolero_Guabirá,9.635024543790905,2.34,1.15,7,2,15,5,55.0,45.0,1,1,0,1,8,3
2025-12-03 19:00:00,Blooming,ABB,6.0,0.0,Santa Cruz,Bolivia,Estadio Real Santa Cruz,,,,División Profesional,,20251203_Blooming_ABB,90.6202461332964,1.9,0.66,6,1,14,3,60.7,39.3,1,2,0,0,10,2
2025-12-03 22:00:00,Real Tomayapo,Oriente Petrolero,1.0,0.0,Tarija,Bolivia,Estadio IV Centenário,,,,División Profesional,,20251203_Real-Tomayapo_Oriente-Petrolero,-1.4919585360198653,0.69,0.63,2,2,0,3,53.9,46.1,3,4,0,0,3,3
2025-12-04 00:00:00,Wilstermann,Real Oruro,3.0,1.0,Cochabamba,Bolivia,Estadio Félix Capriles,,,,División Profesional,,20251204_Wilstermann_Real-Oruro,-55.44944168845814,1.44,0.28,3,1,7,1,48.7,51.3,0,3,0,0,4,0
2025-12-04 19:00:00,Always Ready,Aurora,5.0,3.0,"El Alto, La Paz.",Bolivia,Municipal Villa Ingenio,,,,División Profesional,,20251204_Always-Ready_Aurora,160.4272119504867,2.05,0.54,6,3,15,7,50.7,49.3,3,4,0,0,9,5
2025-12-04 22:00:00,Universitario de Vinto,The Strongest,0.0,1.0,Cochabamba,Bolivia,Estadio Félix Capriles,,,,División Profesional,,20251204_Universitario-de-Vinto_The-Strongest,-235.1150740406481,0.33,1.46,1,4,1,7,41.9,58.1,0,0,0,1,2,2
2025-12-05 00:00:00,Bolívar,Nacional Potosí,5.0,2.0,La Paz,Bolivia,Estadio Hernando Siles,,,,División Profesional,,20251205_Bolívar_Nacional-Potosí,185.60183966311115,2.07,0.78,5,2,9,1,58.7,41.3,0,1,0,0,2,2
2025-12-06 19:00:00,Oriente Petrolero,GV San José,0.0,2.0,Santa Cruz,Bolivia,Estadio Real Santa Cruz,,,,División Profesional,,20251206_Oriente-Petrolero_GV-San-José,-23.77371037213743,1.5,0.67,6,2,15,4,48.5,51.5,4,1,0,0,10,2
2025-12-06 21:30:00,Real Oruro,Blooming,10.0,1.0,Oruro,Bolivia,Estadio Jesús Bermúdez,,,,División Profesional,,20251206_Real-Oruro_Blooming,-70.2626440679337,3.96,1.24,12,4,20,9,41.5,58.5,1,4,0,0,11,4
2025-12-07 00:00:00,Guabirá,Wilstermann,6.0,3.0,Montero,Bolivia,Estadio Gilberto Parada,,,,División Profesional,,20251207_Guabirá_Wilstermann,54.75175980715471,2.49,0.86,8,3,18,10,65.4,34.6,1,0,0,0,4,3
2025-12-07 19:00:00,Independiente Petrolero,Bolívar,1.0,2.0,Cochabamba,Bolivia,Estadio Olímpico Patria,,,,División Profesional,,20251207_Independiente-Petrolero_Bolívar,-197.14233046862455,0.45,0.13,1,3,3,5,46.3,53.7,0,0,0,0,3,4
2025-12-07 21:15:00,The Strongest,Always Ready,2.0,3.0,La Paz,Bolivia,Estadio Hernando Siles,,,,División Profesional,,20251207_The-Strongest_Always-Ready,17.112807963704654,1.04,1.52,4,6,8,13,41.8,58.2,0,1,0,0,6,4
2025-12-08 00:00:00,Aurora,Universitario de Vinto,2.0,0.0,Cochabamba,Bolivia,Estadio Félix Capriles,,,,División Profesional,,20251208_Aurora_Universitario-de-Vinto,53.7860941041497,0.24,0.66,2,2,5,4,50.4,49.6,2,0,0,0,3,1
2025-12-08 19:00:00,San Antonio Bulo Bulo,Real Tomayapo,5.0,4.0,Cochabamba,Bolivia,Estadio Félix Capriles,,,,División Profesional,,20251208_San-Antonio-Bulo-Bulo_Real-Tomayapo,30.44883321374391,2.18,1.5,5,6,10,16,55.0,45.0,3,1,0,0,3,4
2025-12-08 23:00:00,Nacional Potosí,ABB,2.0,0.0,Potosí,Bolivia,Estadio Víctor Agustín Ugarte,,,,División Profesional,,20251208_Nacional-Potosí_ABB,97.57266257070523,0.76,0.36,3,1,8,1,54.3,45.7,2,2,0,0,6,1
2025-12-09 23:00:00,Wilstermann,GV San José,2.0,2.0,Cochabamba,Bolivia,Estadio Félix Capriles,,,,División Profesional,,20251209_Wilstermann_GV-San-José,-86.18431943605651,0.6,1.6,2,4,5,9,48.6,51.4,0,1,0,0,4,1
2025-12-10 19:00:00,Blooming,Aurora,2.0,1.0,Santa Cruz,Bolivia,Estadio Real Santa Cruz,,,,División Profesional,,20251210_Blooming_Aurora,11.378330824605655,0.93,1.29,2,3,6,7,53.0,47.0,4,1,0,0,4,3
2025-12-10 21:30:00,Universitario de Vinto,Independiente Petrolero,2.0,3.0,Cochabamba,Bolivia,Estadio Félix Capriles,,,,División Profesional,,20251210_Universitario-de-Vinto_Independiente-Petrolero,-83.8416262198391,0.52,1.69,2,5,4,14,52.3,47.7,3,1,0,1,5,8
2025-12-11 19:00:00,ABB,Oriente Petrolero,5.0,2.0,"El Alto, La Paz.",Bolivia,Municipal Villa Ingenio,,,,División Profesional,,20251211_ABB_Oriente-Petrolero,-49.2263353565379,1.52,1.95,5,7,12,17,48.6,51.4,2,1,0,0,8,5
2025-12-11 21:30:00,Real Oruro,Nacional Potosí,1.0,2.0,Oruro,Bolivia,Estadio Jesús Bermúdez,,,,División Profesional,,20251211_Real-Oruro_Nacional-Potosí,-53.65830606662439,1.13,1.73,4,6,9,11,57.1,42.9,0,1,0,0,6,11
2025-12-12 00:15:00,Always Ready,Guabirá,6.0,0.0,"El Alto, La Paz.",Bolivia,Municipal Villa Ingenio,,,,División Profesional,,20251212_Always-Ready_Guabirá,183.76983536445914,1.89,0.16,6,0,14,0,56.9,43.1,0,0,0,1,7,4
2025-12-12 00:15:00,Bolívar,San Antonio Bulo Bulo,5.0,0.0,La Paz,Bolivia,Estadio Hernando Siles,,,,División Profesional,,20251212_Bolívar_San-Antonio-Bulo-Bulo,185.58520959194675,1.62,0.58,5,3,8,6,65.2,34.8,4,1,0,0,6,1
2025-12-12 00:15:00,Real Tomayapo,The Strongest,1.0,0.0,Tarija,Bolivia,Estadio IV Centenário,,,,División Profesional,,20251212_Real-Tomayapo_The-Strongest,-187.81160249514073,0.49,1.28,3,4,8,7,47.0,53.0,5,2,0,0,6,6
2025-12-13 21:30:00,GV San José,Universitario de Vinto,5.0,0.0,Oruro,Bolivia,Estadio Jesús Bermúdez,,,,División Profesional,,20251213_GV-San-José_Universitario-de-Vinto,84.26059018183014,1.37,0.86,5,2,10,5,44.4,55.6,5,1,0,0,4,7
2025-12-14 19:00:00,Independiente Petrolero,Always Ready,5.0,2.0,Cochabamba,Bolivia,Estadio Olímpico Patria,,,,División Profesional,,20251214_Independiente-Petrolero_Always-Ready,-163.78917442027932,2.0,0.56,6,2,14,4,43.1,56.9,1,1,0,0,8,2
2025-12-14 19:00:00,Oriente Petrolero,Bolívar,1.0,3.0,Santa Cruz,Bolivia,Estadio Real Santa Cruz,,,,División Profesional,,20251214_Oriente-Petrolero_Bolívar,-280.6026292388467,1.72,1.58,5,5,12,9,40.5,59.5,2,2,0,0,4,10
2025-12-14 19:00:00,The Strongest,Wilstermann,6.0,0.0,La Paz,Bolivia,Estadio Hernando Siles,,,,División Profesional,,20251214_The-Strongest_Wilstermann,229.86402950061574,2.2,0.73,6,1,11,5,57.7,42.3,0,0,0,0,1,1
2025-12-14 21:30:00,Guabirá,Blooming,1.0,0.0,Montero,Bolivia,Estadio Gilberto Parada,,,,División Profesional,,20251214_Guabirá_Blooming,-36.43590513635263,0.46,0.92,1,5,1,11,49.4,50.6,2,3,0,0,3,7
2025-12-14 21:30:00,Nacional Potosí,Real Tomayapo,1.0,0.0,Potosí,Bolivia,Estadio Víctor Agustín Ugarte,,,,División Profesional,,20251214_Nacional-Potosí_Real-Tomayapo,35.17809201345244,1.17,0.37,4,3,9,7,48.0,52.0,1,2,0,0,6,5
2025-12-15 19:00:00,San Antonio Bulo Bulo,Real Oruro,5.0,3.0,Entre Rios,Bolivia,Estadio Dr. Carlos Villegas,,,,División Profesional,,20251215_San-Antonio-Bulo-Bulo_Real-Oruro,67.09533234689047,2.24,1.37,8,5,17,9,54.1,45.9,0,0,0,0,9,5
2025-12-15 23:00:00,Aurora,ABB,3.0,2.0,Cochabamba,Bolivia,Estadio Félix Capriles,,,,División Profesional,,20251215_Aurora_ABB,66.14581964799709,2.01,1.23,6,5,14,13,49.2,50.8,2,0,0,0,9,4
2026-04-03 19:00:00,Bolívar,Real Oruro,5.0,2.0,La Paz,Bolivia,Estadio Hernando Siles,,,,División Profesional,,20260403_Bolívar_Real-Oruro,278.6468464880047,2.02,1.07,7,3,16,7,53.4,46.6,1,2,0,0,10,4
2026-04-03 21:15:00,Independiente Petrolero,Nacional Potosí,0.0,3.0,Cochabamba,Bolivia,Estadio Olímpico Patria,,,,División Profesional,,20260403_Independiente-Petrolero_Nacional-Potosí,-8.34002212533278,1.37,1.43,5,4,12,9,47.5,52.5,1,1,1,0,1,4
2026-04-03 23:30:00,Blooming,Guabirá,5.0,0.0,Santa Cruz,Bolivia,Estadio Ramón Tahuichi,,,,División Profesional,,20260403_Blooming_Guabirá,9.928188464348295,2.09,1.01,7,4,17,8,53.3,46.7,1,4,0,0,10,4
2026-04-04 19:00:00,Always Ready,Real Tomayapo,4.0,0.0,"El Alto, La Paz.",Bolivia,Municipal Villa Ingenio,,,,División Profesional,,20260404_Always-Ready_Real-Tomayapo,177.66113460587212,2.03,0.84,5,0,10,1,61.2,38.8,5,1,0,0,7,2
2026-04-04 21:15:00,Real Potosí,Aurora,0.0,0.0,Potosí,Bolivia,Estadio Víctor Agustín Ugarte,,,,División Profesional,,20260404_Real-Potosí_Aurora,-85.3518754306001,0.99,0.61,4,2,7,5,42.0,58.0,1,2,0,0,8,3
2026-04-04 23:30:00,San Antonio Bulo Bulo,Oriente Petrolero,2.0,0.0,Cochabamba,Bolivia,Estadio Félix Capriles,,,,División Profesional,,20260404_San-Antonio-Bulo-Bulo_Oriente-Petrolero,96.43424115026369,1.9,0.05,6,0,15,0,51.0,49.0,2,2,0,0,10,0
2026-04-05 19:00:00,GV San José,ABB,1.0,2.0,Oruro,Bolivia,Estadio Jesús Bermúdez,,,,División Profesional,,20260405_GV-San-José_ABB,97.64243175399747,1.0,1.45,3,4,5,10,54.9,45.1,0,0,0,0,6,10
2026-04-05 21:15:00,Universitario de Vinto,The Strongest,1.0,2.0,Cochabamba,Bolivia,Estadio Félix Capriles,,,,División Profesional,,20260405_Universitario-de-Vinto_The-Strongest,-247.96687133705404,1.2,1.27,4,5,9,9,48.0,52.0,2,2,0,0,3,4
2026-04-11 00:00:00,Guabirá,Independiente Petrolero,2.0,2.0,Montero,Bolivia,Estadio Gilberto Parada,,,,División Profesional,,20260411_Guabirá_Independiente-Petrolero,-36.314624184297145,1.78,1.2,6,4,15,7,51.1,48.9,1,1,0,0,5,4
2026-04-11 19:00:00,ABB,Bolívar,0.0,2.0,"El Alto, La Paz.",Bolivia,Municipal Villa Ingenio,,,,División Profesional,,20260411_ABB_Bolívar,-304.90599498361075,1.58,1.32,7,4,15,8,43.9,56.1,1,2,0,0,8,4
2026-04-11 21:15:00,Nacional Potosí,Universitario de Vinto,1.0,0.0,Potosí,Bolivia,Estadio Víctor Agustín Ugarte,,,,División Profesional,,20260411_Nacional-Potosí_Universitario-de-Vinto,153.2736611302248,0.85,0.43,2,3,3,8,57.4,42.6,2,1,0,0,3,3
2026-04-11 23:30:00,Aurora,Always Ready,1.0,1.0,Cochabamba,Bolivia,Estadio Félix Capriles,,,,División Profesional,,20260411_Aurora_Always-Ready,-176.52030480243957,1.4,1.03,7,4,15,12,51.4,48.6,0,1,0,0,7,6
2026-04-12 19:00:00,Real Oruro,Blooming,2.0,2.0,Oruro,Bolivia,Estadio Jesús Bermúdez,,,,División Profesional,,20260412_Real-Oruro_Blooming,-75.3750381137213,0.93,1.9,2,8,6,19,51.9,48.1,0,5,0,0,5,9
2026-04-12 21:15:00,The Strongest,San Antonio Bulo Bulo,3.0,2.0,La Paz,Bolivia,Estadio Hernando Siles,,,,División Profesional,,20260412_The-Strongest_San-Antonio-Bulo-Bulo,114.90477636886385,1.32,1.14,5,5,9,10,54.1,45.9,4,2,0,0,5,7
2026-04-12 23:30:00,Oriente Petrolero,GV San José,2.0,1.0,Santa Cruz,Bolivia,Estadio Ramón Tahuichi,,,,División Profesional,,20260412_Oriente-Petrolero_GV-San-José,-63.49779028840885,1.2,1.06,4,5,10,11,46.7,53.3,4,2,0,0,6,6
2026-04-14 00:00:00,Real Tomayapo,Real Potosí,1.0,1.0,Tarija,Bolivia,Estadio IV Centenário,,,,División Profesional,,20260414_Real-Tomayapo_Real-Potosí,65.7348684333133,0.65,2.16,2,7,5,15,50.3,49.7,1,2,0,0,5,6
2026-04-21 19:00:00,Universitario de Vinto,ABB,5.0,2.0,Cochabamba,Bolivia,Estadio Félix Capriles,,,,División Profesional,,20260421_Universitario-de-Vinto_ABB,-28.326851682285906,1.36,1.25,5,4,13,8,52.2,47.8,3,2,0,0,8,6
2026-04-21 22:00:00,GV San José,Aurora,1.0,1.0,Oruro,Bolivia,Estadio Jesús Bermúdez,,,,División Profesional,,20260421_GV-San-José_Aurora,-20.175234692516597,1.05,0.31,4,1,11,2,49.9,50.1,1,0,0,0,6,7
2026-04-22 00:00:00,Bolívar,Independiente Petrolero,1.0,2.0,La Paz,Bolivia,Estadio Hernando Siles,,,,División Profesional,,20260422_Bolívar_Independiente-Petrolero,213.02312369384344,1.23,0.95,3,3,7,7,57.9,42.1,3,3,1,0,4,3
2026-04-22 19:00:00,Always Ready,Oriente Petrolero,1.0,0.0,"El Alto, La Paz.",Bolivia,Municipal Villa Ingenio,,,,División Profesional,,20260422_Always-Ready_Oriente-Petrolero,220.61275832681235,1.38,0.33,5,1,9,3,57.5,42.5,0,2,0,0,5,3
2026-04-22 22:00:00,Real Potosí,Guabirá,3.0,0.0,Potosí,Bolivia,Estadio Víctor Agustín Ugarte,,,,División Profesional,,20260422_Real-Potosí_Guabirá,-71.4786329652602,1.72,0.72,3,4,6,9,38.4,61.6,1,1,0,0,4,7
2026-04-23 00:00:00,Blooming,Nacional Potosí,2.0,1.0,Santa Cruz,Bolivia,Estadio Ramón Tahuichi,,,,División Profesional,,20260423_Blooming_Nacional-Potosí,-44.42412464603717,1.25,1.12,4,5,10,12,50.8,49.2,2,4,0,0,5,4
2026-04-23 19:00:00,San Antonio Bulo Bulo,Real Oruro,2.0,1.0,Cochabamba,Bolivia,Estadio Félix Capriles,,,,División Profesional,,20260423_San-Antonio-Bulo-Bulo_Real-Oruro,88.55443311779754,1.53,0.26,5,1,11,1,58.8,41.2,0,1,0,0,7,5
2026-04-24 00:00:00,Real Tomayapo,The Strongest,0.0,0.0,Tarija,Bolivia,Estadio IV Centenário,,,,División Profesional,,20260424_Real-Tomayapo_The-Strongest,-189.21136408600046,1.08,1.27,2,3,6,8,43.6,56.4,0,0,0,0,2,5
2026-04-25 00:00:00,Independiente Petrolero,Universitario de Vinto,2.0,1.0,Cochabamba,Bolivia,Estadio Olímpico Patria,,,,División Profesional,,20260425_Independiente-Petrolero_Universitario-de-Vinto,132.86439040292157,1.39,0.19,6,1,14,1,57.0,43.0,2,3,0,0,4,5
2026-04-25 19:00:00,Nacional Potosí,GV San José,1.0,1.0,Potosí,Bolivia,Estadio Víctor Agustín Ugarte,,,,División Profesional,,20260425_Nacional-Potosí_GV-San-José,68.33613069777016,0.2,1.65,1,5,1,13,50.8,49.2,1,0,0,0,4,7
2026-04-25 21:15:00,ABB,Blooming,3.0,2.0,"El Alto, La Paz.",Bolivia,Municipal Villa Ingenio,,,,División Profesional,,20260425_ABB_Blooming,-121.07447141577359,0.71,0.96,3,4,8,9,43.4,56.6,1,3,0,0,2,4
2026-04-25 23:30:00,Guabirá,Always Ready,1.0,2.0,Montero,Bolivia,Estadio Gilberto Parada,,,,División Profesional,,20260425_Guabirá_Always-Ready,-196.4454366495827,1.12,0.53,3,2,6,7,46.3,53.7,2,2,0,0,2,4
2026-04-26 19:00:00,Real Oruro,The Strongest,2.0,3.0,Oruro,Bolivia,Estadio Jesús Bermúdez,,,,División Profesional,,20260426_Real-Oruro_The-Strongest,-222.84763465420383,1.39,0.56,4,3,10,7,39.1,60.9,3,1,0,0,4,2
2026-04-26 21:15:00,Bolívar,Real Tomayapo,6.0,0.0,La Paz,Bolivia,Estadio Hernando Siles,,,,División Profesional,,20260426_Bolívar_Real-Tomayapo,232.55605918038236,1.35,1.6,6,5,12,10,58.5,41.5,1,3,0,0,3,2
2026-04-26 23:30:00,Oriente Petrolero,Real Potosí,2.0,0.0,Santa Cruz,Bolivia,Estadio Ramón Tahuichi,,,,División Profesional,,20260426_Oriente-Petrolero_Real-Potosí,7.917478529047003,1.71,0.41,4,2,8,5,44.6,55.4,2,0,0,0,3,1
2026-04-28 00:00:00,Aurora,San Antonio Bulo Bulo,3.0,1.0,Cochabamba,Bolivia,Estadio Félix Capriles,,,,División Profesional,,20260428_Aurora_San-Antonio-Bulo-Bulo,-45.96684455284708,1.77,1.28,7,3,16,6,44.8,55.2,1,0,0,0,8,5
2026-05-01 19:00:00,San Antonio Bulo Bulo,Independiente Petrolero,2.0,2.0,Cochabamba,Bolivia,Estadio Félix Capriles,,,,División Profesional,,20260501_San-Antonio-Bulo-Bulo_Independiente-Petrolero,-16.83041623237932,1.49,1.96,6,5,15,10,42.6,57.4,2,1,0,0,12,3
2026-05-01 21:15:00,Real Potosí,Real Oruro,1.0,2.0,Potosí,Bolivia,Estadio Víctor Agustín Ugarte,,,,División Profesional,,20260501_Real-Potosí_Real-Oruro,-13.736055658514942,1.12,1.71,2,3,3,9,54.4,45.6,1,3,0,0,4,2
2026-05-02 19:00:00,Always Ready,Nacional Potosí,3.0,1.0,"El Alto, La Paz.",Bolivia,Municipal Villa Ingenio,,,,División Profesional,,20260502_Always-Ready_Nacional-Potosí,129.86971545553206,0.36,0.22,3,1,7,2,48.6,51.4,5,3,0,0,3,5
2026-05-02 21:15:00,Aurora,Guabirá,4.0,2.0,Cochabamba,Bolivia,Estadio Félix Capriles,,,,División Profesional,,20260502_Aurora_Guabirá,44.643821952001645,2.46,0.96,6,2,13,6,50.9,49.1,6,4,1,0,7,4
2026-05-02 23:30:00,Oriente Petrolero,Real Tomayapo,3.0,1.0,Santa Cruz,Bolivia,Estadio Ramón Tahuichi,,,,División Profesional,,20260502_Oriente-Petrolero_Real-Tomayapo,-28.14100121779211,1.62,1.38,6,4,13,7,43.9,56.1,1,0,0,0,7,6
2026-05-03 19:00:00,GV San José,Bolívar,1.0,2.0,Oruro,Bolivia,Estadio Jesús Bermúdez,,,,División Profesional,,20260503_GV-San-José_Bolívar,-238.94598010796676,1.34,1.72,2,6,3,13,40.0,60.0,1,6,0,0,1,7
2026-05-03 21:15:00,The Strongest,ABB,3.0,1.0,La Paz,Bolivia,Estadio Hernando Siles,,,,División Profesional,,20260503_The-Strongest_ABB,240.3309652462101,0.96,1.34,3,2,7,4,58.1,41.9,2,3,0,0,6,8
2026-05-05 00:00:00,Universitario de Vinto,Blooming,1.0,1.0,Cochabamba,Bolivia,Estadio Félix Capriles,,,,División Profesional,,20260505_Universitario-de-Vinto_Blooming,-115.05094263929755,1.47,0.66,4,1,6,3,42.1,57.9,3,3,0,0,7,6
2026-05-09 21:15:00,Guabirá,GV San José,3.0,0.0,Montero,Bolivia,Estadio Gilberto Parada,,,,División Profesional,,20260509_Guabirá_GV-San-José,-20.23735301020224,1.69,0.29,5,0,11,1,44.9,55.1,1,0,0,0,5,2
2026-05-09 23:30:00,Real Tomayapo,San Antonio Bulo Bulo,1.0,0.0,Tarija,Bolivia,Estadio IV Centenário,,,,División Profesional,,20260509_Real-Tomayapo_San-Antonio-Bulo-Bulo,-65.97278292758551,1.69,1.06,6,5,13,11,40.6,59.4,1,0,0,0,12,3
2026-05-10 19:00:00,Independiente Petrolero,Always Ready,0.0,0.0,Cochabamba,Bolivia,Estadio Olímpico Patria,,,,División Profesional,,20260510_Independiente-Petrolero_Always-Ready,-136.16677418783343,1.13,0.05,6,1,14,2,44.9,55.1,0,2,0,0,11,2
2026-05-10 21:15:00,The Strongest,Real Potosí,0.0,0.0,La Paz,Bolivia,Estadio Hernando Siles,,,,División Profesional,,20260510_The-Strongest_Real-Potosí,263.33985435157933,0.05,0.21,1,0,1,1,52.1,47.9,1,3,0,1,2,1
2026-05-10 23:30:00,Blooming,Bolívar,0.0,0.0,Santa Cruz,Bolivia,Estadio Ramón Tahuichi,,,,División Profesional,,20260510_Blooming_Bolívar,-215.0086983480685,1.04,1.28,2,5,4,8,41.4,58.6,3,1,0,0,3,4
2026-05-11 19:00:00,ABB,Oriente Petrolero,3.0,1.0,"El Alto, La Paz.",Bolivia,Municipal Villa Ingenio,,,,División Profesional,,20260511_ABB_Oriente-Petrolero,-42.47923564250027,1.06,0.14,3,1,8,3,50.4,49.6,1,5,0,0,8,2
2026-05-12 19:00:00,San Antonio Bulo Bulo,Universitario de Vinto,0.0,2.0,Cochabamba,Bolivia,Estadio Félix Capriles,,,,División Profesional,,20260512_San-Antonio-Bulo-Bulo_Universitario-de-Vinto,113.77336908060579,1.18,0.77,5,2,10,5,57.2,42.8,3,0,0,0,8,3
2026-05-13 00:00:00,Aurora,Real Oruro,1.0,1.0,Cochabamba,Bolivia,Estadio Félix Capriles,,,,División Profesional,,20260513_Aurora_Real-Oruro,78.32839984985412,0.96,0.48,4,1,11,1,53.5,46.5,2,1,0,0,6,4
2026-05-13 22:00:00,Independiente Petrolero,Blooming,3.0,1.0,Cochabamba,Bolivia,Estadio Olímpico Patria,,,,División Profesional,,20260513_Independiente-Petrolero_Blooming,34.18420065169653,0.33,0.79,3,3,5,6,52.5,47.5,0,0,0,0,6,5
2026-05-14 00:00:00,Bolívar,Nacional Potosí,1.0,1.0,La Paz,Bolivia,Estadio Hernando Siles,,,,División Profesional,,20260514_Bolívar_Nacional-Potosí,181.22048585760126,0.92,0.97,2,4,5,10,57.5,42.5,0,2,0,0,3,5
2026-05-14 19:00:00,Always Ready,The Strongest,0.0,1.0,"El Alto, La Paz.",Bolivia,Municipal Villa Ingenio,,,,División Profesional,,20260514_Always-Ready_The-Strongest,15.738332838344832,0.24,1.21,0,4,1,10,58.0,42.0,0,2,0,0,4,6
2026-05-15 00:00:00,Oriente Petrolero,Guabirá,2.0,2.0,Santa Cruz,Bolivia,Estadio Ramón Tahuichi,,,,División Profesional,,20260515_Oriente-Petrolero_Guabirá,-19.83108708495797,0.91,1.05,2,4,4,9,47.8,52.2,2,2,0,0,4,5
2026-05-16 00:00:00,Real Tomayapo,Aurora,0.0,2.0,Tarija,Bolivia,Estadio IV Centenário,,,,División Profesional,,20260516_Real-Tomayapo_Aurora,-40.13638974995911,0.35,1.11,0,4,0,7,43.0,57.0,2,3,0,1,1,7
2026-05-16 19:00:00,Universitario de Vinto,Bolívar,3.0,2.0,Cochabamba,Bolivia,Estadio Félix Capriles,,,,División Profesional,,20260516_Universitario-de-Vinto_Bolívar,-294.244557562291,0.72,1.87,3,5,7,11,43.6,56.4,1,3,0,0,8,8
2026-05-17 23:30:00,Guabirá,Nacional Potosí,2.0,1.0,Montero,Bolivia,Estadio Gilberto Parada,,,,División Profesional,,20260517_Guabirá_Nacional-Potosí,-74.77543586191223,0.65,0.2,2,1,4,0,43.8,56.2,1,2,0,0,2,1
2026-05-29 19:00:00,San Antonio Bulo Bulo,Guabirá,1.0,2.0,Cochabamba,Bolivia,Estadio Félix Capriles,,,,División Profesional,,20260529_San-Antonio-Bulo-Bulo_Guabirá,17.897108824599627,0.51,1.12,1,3,3,9,54.9,45.1,1,1,0,0,3,6
2026-05-30 19:00:00,ABB,Always Ready,1.0,3.0,"El Alto, La Paz.",Bolivia,Municipal Villa Ingenio,,,,División Profesional,,20260530_ABB_Always-Ready,-232.00955263016522,0.84,0.94,3,6,7,15,43.6,56.4,3,2,0,0,7,6
2026-05-31 20:00:00,Oriente Petrolero,Blooming,0.0,1.0,Santa Cruz,Bolivia,Estadio Ramón Tahuichi,,,,División Profesional,,20260531_Oriente-Petrolero_Blooming,-56.08739848591313,0.93,1.47,2,4,5,8,46.8,53.2,1,3,0,0,1,5
2026-06-02 00:00:00,Universitario de Vinto,Aurora,1.0,2.0,Cochabamba,Bolivia,Estadio Félix Capriles,,,,División Profesional,,20260602_Universitario-de-Vinto_Aurora,-90.99180496266808,1.11,1.35,3,4,8,11,46.2,53.8,2,2,0,0,2,3
2026-07-07 23:30:00,GV San José,Real Tomayapo,3.0,2.0,Oruro,Bolivia,Estadio Jesús Bermúdez,,,,División Profesional,,20260707_GV-San-José_Real-Tomayapo,-4.620921013996394,0.8,0.73,3,4,8,9,46.6,53.4,1,3,0,0,6,4
2026-07-08 22:00:00,Real Oruro,Universitario de Vinto,4.0,1.0,Oruro,Bolivia,Estadio Jesús Bermúdez,,,,División Profesional,,20260708_Real-Oruro_Universitario-de-Vinto,16.29161291164769,1.36,0.94,4,3,9,7,55.1,44.9,2,3,0,0,5,6
2026-07-09 00:00:00,Real Potosí,ABB,3.0,1.0,Potosí,Bolivia,Estadio Víctor Agustín Ugarte,,,,División Profesional,,20260709_Real-Potosí_ABB,-14.170740897004634,1.16,0.51,5,1,9,3,46.6,53.4,0,1,1,0,4,5
2026-07-10 00:00:00,Nacional Potosí,Aurora,2.0,0.0,Potosí,Bolivia,Estadio Víctor Agustín Ugarte,,,,División Profesional,,20260710_Nacional-Potosí_Aurora,-10.21749308603944,0.83,0.99,2,2,4,5,42.3,57.7,2,1,0,0,3,3
2026-07-11 19:00:00,Real Oruro,GV San José,3.0,1.0,Oruro,Bolivia,Estadio Jesús Bermúdez,,,,División Profesional,,20260711_Real-Oruro_GV-San-José,-18.352198000868384,1.64,0.88,6,3,12,6,47.3,52.7,2,2,0,0,6,6
2026-07-12 19:00:00,Real Potosí,Nacional Potosí,1.0,1.0,Potosí,Bolivia,Estadio Víctor Agustín Ugarte,,,,División Profesional,,20260712_Real-Potosí_Nacional-Potosí,-113.97041240878139,1.91,0.32,5,1,13,1,47.3,52.7,1,1,1,0,8,3
2026-07-12 21:15:00,The Strongest,Bolívar,1.0,1.0,La Paz,Bolivia,Estadio Hernando Siles,,,,División Profesional,,20260712_The-Strongest_Bolívar,-17.576881273317667,0.05,1.05,1,4,2,11,52.7,47.3,4,2,0,0,2,2
2026-07-12 23:30:00,Real Tomayapo,Independiente Petrolero,2.0,1.0,Tarija,Bolivia,Estadio IV Centenário,,,,División Profesional,,20260712_Real-Tomayapo_Independiente-Petrolero,-105.46862564936396,0.84,0.93,4,5,9,11,54.4,45.6,0,2,0,0,8,8
2026-07-14 22:00:00,Real Oruro,Always Ready,0.0,6.0,Oruro,Bolivia,Estadio Jesús Bermúdez,,,,División Profesional,,20260714_Real-Oruro_Always-Ready,-200.3352148969584,0.6,1.9,2,8,2,18,43.8,56.2,3,2,0,0,5,17
2026-07-15 00:00:00,Blooming,GV San José,1.0,1.0,Montero,Bolivia,Estadio Gilberto Parada,,,,División Profesional,,20260715_Blooming_GV-San-José,52.652671348500235,0.05,1.62,1,5,1,11,53.4,46.6,1,2,0,1,5,6
2026-07-15 22:00:00,Real Potosí,San Antonio Bulo Bulo,5.0,0.0,Potosí,Bolivia,Estadio Víctor Agustín Ugarte,,,,División Profesional,,20260715_Real-Potosí_San-Antonio-Bulo-Bulo,-57.40766229525548,0.71,1.33,5,3,11,7,47.1,52.9,3,1,0,0,3,7
2026-07-16 00:00:00,The Strongest,Oriente Petrolero,2.0,1.0,La Paz,Bolivia,Estadio Hernando Siles,,,,División Profesional,,20260716_The-Strongest_Oriente-Petrolero,235.80006582331634,2.01,1.18,7,3,14,10,54.4,45.6,2,3,0,0,6,4
2026-07-16 19:00:00,ABB,Independiente Petrolero,3.0,1.0,"El Alto, La Paz.",Bolivia,Municipal Villa Ingenio,,,,División Profesional,,20260716_ABB_Independiente-Petrolero,-130.11357575808643,0.69,0.78,3,4,6,8,43.6,56.4,2,0,0,0,5,4
2026-07-18 00:00:00,Bolívar,Guabirá,4.0,0.0,La Paz,Bolivia,Estadio Hernando Siles,,,,División Profesional,,20260718_Bolívar_Guabirá,196.46056061643117,1.47,0.42,5,1,10,4,48.9,51.1,0,3,0,0,4,6
2026-07-18 19:00:00,Always Ready,Universitario de Vinto,4.0,0.0,"El Alto, La Paz.",Bolivia,Municipal Villa Ingenio,,,,División Profesional,,20260718_Always-Ready_Universitario-de-Vinto,257.89316541118296,2.18,0.22,5,1,11,1,56.9,43.1,1,3,0,0,7,1
2026-07-19 00:30:00,Aurora,Oriente Petrolero,2.0,2.0,Cochabamba,Bolivia,Estadio Félix Capriles,,,,División Profesional,,20260719_Aurora_Oriente-Petrolero,91.55080116065096,1.5,0.21,3,2,6,4,55.3,44.7,1,4,0,0,7,5
2026-07-19 15:00:00,GV San José,The Strongest,0.0,0.0,Oruro,Bolivia,Estadio Jesús Bermúdez,,,,División Profesional,,20260719_GV-San-José_The-Strongest,-215.3136635126075,0.05,1.35,0,5,1,11,38.4,61.6,0,1,0,1,1,3
2026-07-20 00:30:00,Blooming,Real Tomayapo,1.0,0.0,Montero,Bolivia,Estadio Gilberto Parada,,,,División Profesional,,20260720_Blooming_Real-Tomayapo,42.37805679187727,1.32,0.92,4,1,9,3,48.6,51.4,2,0,0,0,7,3
2026-07-20 19:00:00,San Antonio Bulo Bulo,ABB,2.0,1.0,Cochabamba,Bolivia,Estadio Félix Capriles,,,,División Profesional,,20260720_San-Antonio-Bulo-Bulo_ABB,41.75632074009559,2.08,1.55,7,5,12,12,51.3,48.7,1,3,0,0,10,9
2026-07-20 23:00:00,Nacional Potosí,Real Oruro,1.0,4.0,Potosí,Bolivia,Estadio Víctor Agustín Ugarte,,,,División Profesional,,20260720_Nacional-Potosí_Real-Oruro,72.57547752906521,0.79,1.73,2,6,4,15,51.5,48.5,3,3,0,0,4,7
2026-07-21 23:00:00,Independiente Petrolero,Real Potosí,1.0,2.0,Cochabamba,Bolivia,Estadio Olímpico Patria,,,,División Profesional,,20260721_Independiente-Petrolero_Real-Potosí,85.24498240475623,0.81,1.84,2,7,6,17,49.6,50.4,1,2,0,0,4,8
2026-07-24 23:00:00,Aurora,ABB,3.0,2.0,Cochabamba,Bolivia,Estadio Félix Capriles,,,,División Profesional,,20260724_Aurora_ABB,101.46872684224263,1.09,0.97,3,2,6,4,56.2,43.8,0,0,0,1,5,2
2026-07-25 19:00:00,Always Ready,San Antonio Bulo Bulo,3.0,1.0,"El Alto, La Paz.",Bolivia,Municipal Villa Ingenio,,,,División Profesional,,20260725_Always-Ready_San-Antonio-Bulo-Bulo,196.069706465918,0.9,1.22,3,5,6,11,65.5,34.5,3,1,0,0,4,7
2026-07-25 21:15:00,Guabirá,Real Oruro,4.0,1.0,Montero,Bolivia,Estadio Gilberto Parada,,,,División Profesional,,20260725_Guabirá_Real-Oruro,10.626236776949781,0.98,1.4,4,4,10,9,49.3,50.7,2,1,0,0,11,7
2026-07-25 23:30:00,Independiente Petrolero,Oriente Petrolero,1.0,2.0,Cochabamba,Bolivia,Estadio Olímpico Patria,,,,División Profesional,,20260725_Independiente-Petrolero_Oriente-Petrolero,77.10203373515128,1.57,1.11,6,3,11,6,54.0,46.0,2,0,0,0,7,6
2026-07-26 19:00:00,Blooming,The Strongest,1.0,1.0,Santa Cruz,Bolivia,Estadio Ramón Tahuichi,,,,División Profesional,,20260726_Blooming_The-Strongest,-149.11577215345164,1.53,1.28,5,5,10,10,45.3,54.7,4,2,0,0,8,5
2026-07-26 21:15:00,Bolívar,Real Potosí,2.0,1.0,La Paz,Bolivia,Estadio Hernando Siles,,,,División Profesional,,20260726_Bolívar_Real-Potosí,238.2106056443438,0.8,1.5,5,4,11,9,60.9,39.1,1,1,0,0,11,7
2026-07-26 23:30:00,Nacional Potosí,Real Tomayapo,4.0,1.0,Potosí,Bolivia,Estadio Víctor Agustín Ugarte,,,,División Profesional,,20260726_Nacional-Potosí_Real-Tomayapo,61.33504639704529,1.96,0.78,6,1,13,3,55.1,44.9,1,1,0,0,9,8
2026-07-27 19:00:00,GV San José,Universitario de Vinto,2.0,1.0,Oruro,Bolivia,Estadio Jesús Bermúdez,,,,División Profesional,,20260727_GV-San-José_Universitario-de-Vinto,57.73573709883817,1.55,0.88,4,5,8,11,53.2,46.8,1,3,0,0,6,8
2026-07-31 19:00:00,Universitario de Vinto,Guabirá,1.0,1.0,Cochabamba,Bolivia,Estadio Félix Capriles,,,,División Profesional,,20260731_Universitario-de-Vinto_Guabirá,-97.23068195179849,0.05,1.37,1,5,3,7,53.7,46.3,0,0,0,0,3,6
2026-07-31 21:30:00,The Strongest,Aurora,1.0,1.0,La Paz,Bolivia,Estadio Hernando Siles,,,,División Profesional,,20260731_The-Strongest_Aurora,137.10545047676305,0.92,0.05,2,2,5,5,59.8,40.2,3,1,1,0,3,2
2026-07-31 23:00:00,Real Tomayapo,ABB,1.0,1.0,Tarija,Bolivia,Estadio IV Centenário,,,,División Profesional,,20260731_Real-Tomayapo_ABB,38.12921396259185,0.39,0.39,2,1,3,3,54.6,45.4,1,2,0,0,2,4
2026-08-01 19:00:00,Real Oruro,Independiente Petrolero,0.0,3.0,Oruro,Bolivia,Estadio Jesús Bermúdez,,,,División Profesional,,20260801_Real-Oruro_Independiente-Petrolero,-33.072604831371336,1.16,1.42,6,4,14,9,48.4,51.6,2,1,0,0,9,3
2026-08-01 21:15:00,San Antonio Bulo Bulo,Blooming,2.0,0.0,Cochabamba,Bolivia,Estadio Félix Capriles,,,,División Profesional,,20260801_San-Antonio-Bulo-Bulo_Blooming,-50.74167097049076,1.24,0.05,3,3,8,6,51.1,48.9,2,0,0,0,2,4
