date,home_team,away_team,home_goals,away_goals,sede_ciudad,sede_pais,sede_nombre,odd_home,odd_draw,odd_away,tournament,stadium,MATCH_ID,elo_diff,home_xg,away_xg,home_shots_on,away_shots_on,home_shots_off,away_shots_off,home_possession,away_possession,home_yellow,away_yellow,home_red,away_red,home_corners,away_corners
2021-07-10 22:00:00,Barcelona SC,Emelec,1.0,1.0,Quito,Ecuador,Estadio Banco Pichincha,,,,LigaPro Serie A,,20210710_Barcelona-SC_Emelec,0.0,1.99,0.71,5,3,8,5,52.0,48.0,2,0,0,0,3,3
2021-07-10 22:00:00,Independiente del Valle,Universidad Católica (Quito),2.0,3.0,Quito,Ecuador,Estadio Banco Guayaquil,,,,LigaPro Serie A,,20210710_Independiente-del-Valle_Universidad-Católica-(Quito),0.0,1.44,1.81,5,7,10,14,48.4,51.6,0,1,1,0,6,7
2021-07-17 00:00:00,Técnico Universitario,Liga de Quito,0.0,1.0,Ambato,Ecuador,Estadio Universidad Indoamérica Bellavista,,,,LigaPro Serie A,,20210717_Técnico-Universitario_Liga-de-Quito,0.0,1.46,1.08,4,4,8,9,52.6,47.4,2,2,0,0,6,4
2021-07-17 17:30:00,Mushuc Runa,Delfín,6.0,1.0,Ambato,Ecuador,Cooperativa de Ahorro y Crédito Mushuc Runa,,,,LigaPro Serie A,,20210717_Mushuc-Runa_Delfín,0.0,2.57,1.22,6,5,13,11,51.5,48.5,3,3,0,0,2,11
2021-07-17 20:00:00,Orense,Olmedo,0.0,0.0,Machala,Ecuador,9 de Mayo,,,,LigaPro Serie A,,20210717_Orense_Olmedo,0.0,1.49,0.33,5,1,11,1,50.5,49.5,1,3,0,0,8,3
2021-07-17 22:30:00,Aucas,Guayaquil City FC,3.0,0.0,Quito,Ecuador,Estadio Cooprogreso Gonzalo Pozo Ripalda,,,,LigaPro Serie A,,20210717_Aucas_Guayaquil-City-FC,0.0,1.24,0.93,4,2,7,4,48.4,51.6,1,1,0,0,5,4
2021-07-18 01:00:00,Independiente del Valle,Deportivo Cuenca,0.0,0.0,Quito,Ecuador,Estadio Banco Guayaquil,,,,LigaPro Serie A,,20210718_Independiente-del-Valle_Deportivo-Cuenca,-12.0,0.8,0.98,2,2,4,3,44.5,55.5,2,1,0,0,5,6
2021-07-18 20:30:00,Barcelona SC,Macará,3.0,0.0,Quito,Ecuador,Estadio Banco Pichincha,,,,LigaPro Serie A,,20210718_Barcelona-SC_Macará,0.0,0.87,1.17,3,3,7,8,44.5,55.5,2,4,0,1,6,7
2021-07-18 20:30:00,Manta F.C.,Emelec,0.0,4.0,Manta,Ecuador,Estadio Jocay,,,,LigaPro Serie A,,20210718_Manta-F.C._Emelec,0.0,1.45,1.49,5,4,11,8,53.8,46.2,1,4,0,0,10,3
2021-07-20 00:00:00,9 de Octubre,Universidad Católica (Quito),1.0,0.0,Quito,Ecuador,Estadio Alberto Spencer,,,,LigaPro Serie A,,20210720_9-de-Octubre_Universidad-Católica-(Quito),-12.0,1.47,0.65,6,3,12,7,50.1,49.9,1,3,0,0,5,8
2021-07-24 00:00:00,Aucas,Mushuc Runa,1.0,1.0,Quito,Ecuador,Estadio Cooprogreso Gonzalo Pozo Ripalda,,,,LigaPro Serie A,,20210724_Aucas_Mushuc-Runa,0.0,0.74,1.04,2,3,6,6,51.4,48.6,2,1,0,0,2,4
2021-07-24 20:00:00,Olmedo,Universidad Católica (Quito),0.0,3.0,Riobamba,Ecuador,Estadio Fernando Guerrero Guerrero,,,,LigaPro Serie A,,20210724_Olmedo_Universidad-Católica-(Quito),0.4143005863770668,1.24,0.69,4,3,8,7,50.7,49.3,0,2,0,0,3,10
2021-07-24 22:30:00,Macará,Guayaquil City FC,0.0,2.0,Ambato,Ecuador,Estadio Universidad Indoamérica Bellavista,,,,LigaPro Serie A,,20210724_Macará_Guayaquil-City-FC,0.0,1.03,1.55,3,5,8,11,54.4,45.6,1,1,0,0,4,5
2021-07-25 01:00:00,Deportivo Cuenca,Emelec,0.0,1.0,Cuenca,Ecuador,Banco del Austro Alejandro Serrano Aguil,,,,LigaPro Serie A,,20210725_Deportivo-Cuenca_Emelec,-12.414300586377067,0.05,1.3,0,4,0,9,50.5,49.5,1,0,0,0,2,6
2021-07-25 19:00:00,Independiente del Valle,Orense,3.0,2.0,Quito,Ecuador,Estadio Banco Guayaquil,,,,LigaPro Serie A,,20210725_Independiente-del-Valle_Orense,-11.585699413622933,0.85,0.83,3,3,6,8,51.8,48.2,3,1,0,0,2,3
2021-07-25 21:30:00,9 de Octubre,Liga de Quito,4.0,1.0,Quito,Ecuador,Estadio Alberto Spencer,,,,LigaPro Serie A,,20210725_9-de-Octubre_Liga-de-Quito,0.4143005863770668,1.31,1.65,5,7,10,16,48.6,51.4,1,3,0,0,4,7
2021-07-26 00:00:00,Barcelona SC,Manta F.C.,2.0,0.0,Quito,Ecuador,Estadio Banco Pichincha,,,,LigaPro Serie A,,20210726_Barcelona-SC_Manta-F.C.,24.0,0.58,0.96,2,5,5,12,54.5,45.5,1,2,0,0,4,3
2021-07-27 00:00:00,Delfín,Técnico Universitario,1.0,1.0,Manta,Ecuador,Estadio Jocay,,,,LigaPro Serie A,,20210727_Delfín_Técnico-Universitario,0.0,0.46,1.41,1,4,0,9,52.3,47.7,1,1,0,0,2,2
2021-07-31 00:00:00,Manta F.C.,Universidad Católica (Quito),0.0,1.0,Manta,Ecuador,Estadio Jocay,,,,LigaPro Serie A,,20210731_Manta-F.C._Universidad-Católica-(Quito),-34.77239416870975,1.36,1.5,5,4,11,9,47.9,52.1,1,1,0,0,7,3
2021-07-31 19:00:00,Mushuc Runa,9 de Octubre,1.0,2.0,Ambato,Ecuador,Cooperativa de Ahorro y Crédito Mushuc Runa,,,,LigaPro Serie A,,20210731_Mushuc-Runa_9-de-Octubre,-12.399991157846216,1.19,0.97,4,3,9,7,57.9,42.1,0,3,0,0,3,6
2021-07-31 21:30:00,Guayaquil City FC,Deportivo Cuenca,2.0,1.0,Quito,Ecuador,Estadio Christian Benítez Betancourt,,,,LigaPro Serie A,,20210731_Guayaquil-City-FC_Deportivo-Cuenca,11.985708216392823,0.55,1.5,2,5,4,13,50.7,49.3,2,2,0,0,2,6
2021-08-01 00:00:00,Técnico Universitario,Barcelona SC,1.0,2.0,Ambato,Ecuador,Estadio Universidad Indoamérica Bellavista,,,,LigaPro Serie A,,20210801_Técnico-Universitario_Barcelona-SC,-35.17238532655597,1.14,0.33,5,2,9,4,48.6,51.4,1,2,0,0,4,4
2021-08-01 19:00:00,Orense,Delfín,2.0,2.0,Machala,Ecuador,9 de Mayo,,,,LigaPro Serie A,,20210801_Orense_Delfín,-0.4000076259508205,1.33,1.4,4,4,9,9,50.5,49.5,3,2,0,0,8,6
2021-08-01 21:30:00,Independiente del Valle,Macará,4.0,0.0,Quito,Ecuador,Estadio Banco Guayaquil,,,,LigaPro Serie A,,20210801_Independiente-del-Valle_Macará,24.814308212327887,2.67,1.33,8,3,16,8,41.1,58.9,1,1,0,0,5,0
2021-08-02 00:00:00,Emelec,Aucas,2.0,2.0,Quito,Ecuador,Estadio George Capwell Banco del Austro,,,,LigaPro Serie A,,20210802_Emelec_Aucas,11.571407630015756,1.73,0.9,6,4,13,10,48.3,51.7,0,2,0,0,7,4
2021-08-03 00:00:00,Liga de Quito,Olmedo,4.0,0.0,Quito,Ecuador,Rodrigo Paz Delgado,,,,LigaPro Serie A,,20210803_Liga-de-Quito_Olmedo,12.028618857061701,0.5,0.88,4,3,11,8,58.3,41.7,3,2,0,0,3,5
2021-08-07 00:00:00,Deportivo Cuenca,Manta F.C.,1.0,0.0,Cuenca,Ecuador,Banco del Austro Alejandro Serrano Aguil,,,,LigaPro Serie A,,20210807_Deportivo-Cuenca_Manta-F.C.,10.40348268270509,0.69,1.0,3,3,5,7,53.4,46.6,1,2,0,0,2,3
2021-08-07 20:00:00,Mushuc Runa,Independiente del Valle,0.0,2.0,Ambato,Ecuador,Cooperativa de Ahorro y Crédito Mushuc Runa,,,,LigaPro Serie A,,20210807_Mushuc-Runa_Independiente-del-Valle,-11.5306079147515,0.35,0.97,0,2,0,3,52.6,47.4,4,1,0,0,2,5
2021-08-07 22:30:00,Universidad Católica (Quito),Liga de Quito,2.0,2.0,Quito,Ecuador,Estadio Olímpico Atahualpa,,,,LigaPro Serie A,,20210807_Universidad-Católica-(Quito)_Liga-de-Quito,10.803985298468433,0.89,1.18,2,3,5,6,61.9,38.1,2,3,1,0,2,7
2021-08-08 01:00:00,Barcelona SC,Guayaquil City FC,2.0,1.0,Quito,Ecuador,Estadio Banco Pichincha,,,,LigaPro Serie A,,20210808_Barcelona-SC_Guayaquil-City-FC,22.375514733147384,1.23,0.62,4,1,9,2,54.6,45.4,5,3,1,0,7,4
2021-08-08 19:00:00,Aucas,Orense,0.0,0.0,Quito,Ecuador,Estadio Cooprogreso Gonzalo Pozo Ripalda,,,,LigaPro Serie A,,20210808_Aucas_Orense,24.785706411151295,0.39,1.82,1,4,1,11,56.4,43.6,1,1,0,0,5,5
2021-08-08 21:30:00,9 de Octubre,Técnico Universitario,0.0,1.0,Quito,Ecuador,Estadio Alberto Spencer,,,,LigaPro Serie A,,20210808_9-de-Octubre_Técnico-Universitario,58.76121424152984,1.24,0.09,5,2,10,9,56.4,43.6,2,4,0,0,7,7
2021-08-09 00:00:00,Delfín,Emelec,1.0,2.0,Manta,Ecuador,Estadio Jocay,,,,LigaPro Serie A,,20210809_Delfín_Emelec,-35.18570884481528,1.9,0.55,6,2,16,3,55.7,44.3,1,2,0,0,10,1
2021-08-10 00:00:00,Macará,Olmedo,3.0,2.0,Ambato,Ecuador,Estadio Universidad Indoamérica Bellavista,,,,LigaPro Serie A,,20210810_Macará_Olmedo,-11.545376909104107,1.23,1.31,4,2,11,2,51.2,48.8,2,0,0,0,7,1
2021-08-14 00:00:00,Técnico Universitario,Universidad Católica (Quito),1.0,1.0,Ambato,Ecuador,Estadio Universidad Indoamérica Bellavista,,,,LigaPro Serie A,,20210814_Técnico-Universitario_Universidad-Católica-(Quito),-30.808884462572678,1.62,0.77,6,3,14,7,43.0,57.0,1,1,0,0,9,4
2021-08-14 20:00:00,Independiente del Valle,Aucas,1.0,0.0,Quito,Ecuador,Estadio Banco Guayaquil,,,,LigaPro Serie A,,20210814_Independiente-del-Valle_Aucas,12.015703867094999,0.99,0.98,3,3,8,5,47.1,52.9,0,3,0,1,6,4
2021-08-14 22:30:00,Guayaquil City FC,Delfín,2.0,1.0,Quito,Ecuador,Estadio Christian Benítez Betancourt,,,,LigaPro Serie A,,20210814_Guayaquil-City-FC_Delfín,23.160630790350297,1.04,0.48,3,2,7,5,53.1,46.9,2,1,0,0,0,1
2021-08-15 01:00:00,Emelec,Macará,3.0,0.0,Quito,Ecuador,Estadio George Capwell Banco del Austro,,,,LigaPro Serie A,,20210815_Emelec_Macará,56.706541431890855,1.23,0.78,4,1,10,1,58.6,41.4,3,1,0,0,7,3
2021-08-15 18:00:00,Manta F.C.,Mushuc Runa,0.0,0.0,Manta,Ecuador,Estadio Jocay,,,,LigaPro Serie A,,20210815_Manta-F.C._Mushuc-Runa,-34.4423728443121,1.41,1.53,6,4,13,9,54.2,45.8,1,2,0,0,6,5
2021-08-15 20:30:00,Orense,Barcelona SC,1.0,0.0,Machala,Ecuador,9 de Mayo,,,,LigaPro Serie A,,20210815_Orense_Barcelona-SC,-56.72152415001278,0.75,0.66,3,2,5,5,58.1,41.9,1,3,1,0,9,5
2021-08-15 23:00:00,Liga de Quito,Deportivo Cuenca,3.0,3.0,Quito,Ecuador,Rodrigo Paz Delgado,,,,LigaPro Serie A,,20210815_Liga-de-Quito_Deportivo-Cuenca,23.90317463430324,2.02,1.07,7,5,14,13,46.6,53.4,2,4,1,0,5,6
2021-08-17 00:00:00,Olmedo,9 de Octubre,1.0,2.0,Riobamba,Ecuador,Estadio Fernando Guerrero Guerrero,,,,LigaPro Serie A,,20210817_Olmedo_9-de-Octubre,-57.9591223773532,0.44,1.63,1,5,4,10,49.0,51.0,1,2,0,0,4,4
2021-08-21 00:00:00,Macará,Mushuc Runa,1.0,1.0,Ambato,Ecuador,Estadio Universidad Indoamérica Bellavista,,,,LigaPro Serie A,,20210821_Macará_Mushuc-Runa,-20.444905489131315,1.51,1.21,3,5,5,10,53.4,46.6,1,3,0,1,5,7
2021-08-21 20:00:00,Olmedo,Técnico Universitario,0.0,0.0,Riobamba,Ecuador,Estadio Fernando Guerrero Guerrero,,,,LigaPro Serie A,,20210821_Olmedo_Técnico-Universitario,-38.296573074185744,0.33,1.53,1,5,3,10,45.0,55.0,0,4,1,0,4,6
2021-08-21 22:30:00,Universidad Católica (Quito),Guayaquil City FC,1.0,1.0,Quito,Ecuador,Estadio Olímpico Atahualpa,,,,LigaPro Serie A,,20210821_Universidad-Católica-(Quito)_Guayaquil-City-FC,9.40945822214212,2.28,0.75,7,1,15,2,51.3,48.7,1,4,0,0,10,4
2021-08-22 01:00:00,9 de Octubre,Emelec,2.0,2.0,Quito,Ecuador,Estadio Alberto Spencer,,,,LigaPro Serie A,,20210822_9-de-Octubre_Emelec,-12.041380664326198,1.2,0.05,4,2,8,3,50.0,50.0,0,2,0,0,11,4
2021-08-22 19:00:00,Orense,Deportivo Cuenca,1.0,1.0,Machala,Ecuador,9 de Mayo,,,,LigaPro Serie A,,20210822_Orense_Deportivo-Cuenca,13.517127749442352,0.3,1.18,1,3,2,7,51.5,48.5,1,2,0,0,3,4
2021-08-22 21:30:00,Aucas,Manta F.C.,3.0,0.0,Quito,Ecuador,Estadio Cooprogreso Gonzalo Pozo Ripalda,,,,LigaPro Serie A,,20210822_Aucas_Manta-F.C.,44.390189550239256,0.15,1.46,3,2,5,4,52.4,47.6,2,0,0,0,4,7
2021-08-23 00:00:00,Delfín,Independiente del Valle,0.0,0.0,Manta,Ecuador,Estadio Jocay,,,,LigaPro Serie A,,20210823_Delfín_Independiente-del-Valle,-69.14968251198115,0.95,0.05,1,0,4,0,48.6,51.4,2,1,0,0,4,3
2021-08-24 00:00:00,Barcelona SC,Liga de Quito,0.0,2.0,Quito,Ecuador,Estadio Banco Pichincha,,,,LigaPro Serie A,,20210824_Barcelona-SC_Liga-de-Quito,20.100309138829743,1.11,2.24,3,7,8,15,50.3,49.7,1,3,0,0,2,12
2021-08-28 00:00:00,Emelec,Olmedo,4.0,0.0,Quito,Ecuador,Estadio George Capwell Banco del Austro,,,,LigaPro Serie A,,20210828_Emelec_Olmedo,88.3004452354744,2.15,0.84,7,4,16,11,54.0,46.0,1,0,0,0,1,5
2021-08-28 20:00:00,Aucas,9 de Octubre,1.0,1.0,Quito,Ecuador,Estadio Cooprogreso Gonzalo Pozo Ripalda,,,,LigaPro Serie A,,20210828_Aucas_9-de-Octubre,-21.958896674366088,2.03,1.47,7,5,16,12,51.6,48.4,2,1,0,0,4,7
2021-08-28 22:30:00,Manta F.C.,Orense,0.0,0.0,Manta,Ecuador,Estadio Jocay,,,,LigaPro Serie A,,20210828_Manta-F.C._Orense,-56.84922445195184,0.21,0.8,0,3,0,8,45.8,54.2,1,1,1,0,2,2
2021-08-29 01:00:00,Mushuc Runa,Liga de Quito,1.0,3.0,Ambato,Ecuador,Estadio Universidad Indoamérica Bellavista,,,,LigaPro Serie A,,20210829_Mushuc-Runa_Liga-de-Quito,-36.906076224720664,1.72,1.13,4,4,7,10,49.5,50.5,2,2,0,0,4,4
2021-08-29 19:00:00,Guayaquil City FC,Técnico Universitario,1.0,0.0,Quito,Ecuador,Estadio Christian Benítez Betancourt,,,,LigaPro Serie A,,20210829_Guayaquil-City-FC_Técnico-Universitario,20.919082100510195,1.51,0.97,5,2,10,4,50.5,49.5,0,2,0,0,6,3
2021-08-29 21:30:00,Macará,Universidad Católica (Quito),1.0,2.0,Ambato,Ecuador,Estadio Universidad Indoamérica Bellavista,,,,LigaPro Serie A,,20210829_Macará_Universidad-Católica-(Quito),-52.742825610716864,0.13,1.76,3,5,7,11,44.6,55.4,1,4,0,1,3,5
2021-08-30 00:00:00,Independiente del Valle,Barcelona SC,1.0,0.0,Quito,Ecuador,Estadio Banco Guayaquil,,,,LigaPro Serie A,,20210830_Independiente-del-Valle_Barcelona-SC,14.23384222822392,1.25,0.66,4,1,9,1,47.8,52.2,1,3,0,0,3,1
2021-08-31 00:00:00,Deportivo Cuenca,Delfín,2.0,3.0,Cuenca,Ecuador,Banco del Austro Alejandro Serrano Aguil,,,,LigaPro Serie A,,20210831_Deportivo-Cuenca_Delfín,21.00642300499726,1.72,1.65,5,4,12,10,51.4,48.6,2,1,0,0,4,4
2021-09-14 00:00:00,Universidad Católica (Quito),Independiente del Valle,1.0,3.0,Quito,Ecuador,Estadio Olímpico Atahualpa,,,,LigaPro Serie A,,20210914_Universidad-Católica-(Quito)_Independiente-del-Valle,-13.461180453915176,0.92,1.68,3,6,7,13,44.8,55.2,1,1,0,0,7,3
2021-09-18 00:00:00,Barcelona SC,Deportivo Cuenca,3.0,2.0,Quito,Ecuador,Estadio Banco Pichincha,,,,LigaPro Serie A,,20210918_Barcelona-SC_Deportivo-Cuenca,30.410812969698554,1.54,1.54,4,5,10,12,51.0,49.0,3,2,0,0,5,4
2021-09-18 20:00:00,Orense,Guayaquil City FC,2.0,0.0,Machala,Ecuador,9 de Mayo,,,,LigaPro Serie A,,20210918_Orense_Guayaquil-City-FC,-23.164953391994686,0.68,0.05,4,0,9,0,49.8,50.2,2,3,0,0,4,2
2021-09-18 22:30:00,Delfín,Aucas,1.0,2.0,Manta,Ecuador,Estadio Jocay,,,,LigaPro Serie A,,20210918_Delfín_Aucas,-30.114239550288403,0.97,0.37,2,2,3,7,46.5,53.5,3,2,1,0,4,1
2021-09-19 01:00:00,9 de Octubre,Macará,1.0,1.0,Quito,Ecuador,Estadio Alberto Spencer,,,,LigaPro Serie A,,20210919_9-de-Octubre_Macará,73.92759588788317,0.7,0.84,1,3,3,7,55.3,44.7,3,1,0,0,4,7
2021-09-19 19:00:00,Olmedo,Mushuc Runa,2.0,5.0,Riobamba,Ecuador,Estadio Fernando Guerrero Guerrero,,,,LigaPro Serie A,,20210919_Olmedo_Mushuc-Runa,-29.916081164777097,2.68,2.13,8,7,19,14,46.5,53.5,1,2,0,0,7,11
2021-09-19 21:30:00,Técnico Universitario,Manta F.C.,0.0,0.0,Ambato,Ecuador,Estadio Universidad Indoamérica Bellavista,,,,LigaPro Serie A,,20210919_Técnico-Universitario_Manta-F.C.,32.64606065000794,0.34,1.17,1,5,0,10,42.9,57.1,0,0,0,0,5,7
2021-09-20 00:00:00,Liga de Quito,Emelec,3.0,2.0,Quito,Ecuador,Rodrigo Paz Delgado,,,,LigaPro Serie A,,20210920_Liga-de-Quito_Emelec,-18.04656587165823,1.61,1.37,7,4,17,8,44.7,55.3,0,2,0,0,11,2
2021-09-25 00:00:00,Independiente del Valle,Técnico Universitario,1.0,1.0,Quito,Ecuador,Estadio Banco Guayaquil,,,,LigaPro Serie A,,20210925_Independiente-del-Valle_Técnico-Universitario,77.2699907649012,1.04,1.0,3,4,7,7,50.9,49.1,3,2,0,0,7,2
2021-09-25 20:00:00,Mushuc Runa,Orense,0.0,0.0,Ambato,Ecuador,Cooperativa de Ahorro y Crédito Mushuc Runa,,,,LigaPro Serie A,,20210925_Mushuc-Runa_Orense,-25.622047060937803,0.32,0.05,2,1,5,2,45.5,54.5,2,1,0,0,5,1
2021-09-25 22:30:00,Guayaquil City FC,9 de Octubre,0.0,1.0,Quito,Ecuador,Estadio Christian Benítez Betancourt,,,,LigaPro Serie A,,20210925_Guayaquil-City-FC_9-de-Octubre,-18.757246385641793,0.72,0.15,2,1,4,2,48.7,51.3,3,2,0,0,7,5
2021-09-26 01:00:00,Manta F.C.,Liga de Quito,2.0,2.0,Manta,Ecuador,Estadio Jocay,,,,LigaPro Serie A,,20210926_Manta-F.C._Liga-de-Quito,-99.02920996612943,0.33,0.89,2,2,3,6,40.0,60.0,1,2,0,0,2,1
2021-09-26 19:00:00,Deportivo Cuenca,Olmedo,5.0,0.0,Cuenca,Ecuador,Banco del Austro Alejandro Serrano Aguil,,,,LigaPro Serie A,,20210926_Deportivo-Cuenca_Olmedo,30.363106426999366,1.68,1.15,5,5,10,9,51.8,48.2,1,0,0,0,6,9
2021-09-26 21:30:00,Macará,Delfín,2.0,3.0,Ambato,Ecuador,Estadio Universidad Indoamérica Bellavista,,,,LigaPro Serie A,,20210926_Macará_Delfín,-9.891303199411823,1.53,1.4,4,5,9,13,50.1,49.9,1,5,0,0,5,6
2021-09-27 00:00:00,Emelec,Universidad Católica (Quito),2.0,2.0,Quito,Ecuador,Estadio George Capwell Banco del Austro,,,,LigaPro Serie A,,20210927_Emelec_Universidad-Católica-(Quito),20.69450830010237,0.75,1.28,2,4,5,7,44.6,55.4,1,1,0,0,5,8
2021-10-02 00:00:00,Universidad Católica (Quito),Deportivo Cuenca,3.0,2.0,Quito,Ecuador,Estadio Olímpico Atahualpa,,,,LigaPro Serie A,,20211002_Universidad-Católica-(Quito)_Deportivo-Cuenca,43.37776940042863,1.35,0.96,4,3,10,7,52.6,47.4,3,1,0,0,11,7
2021-10-02 20:00:00,Orense,Macará,2.0,1.0,Machala,Ecuador,9 de Mayo,,,,LigaPro Serie A,,20211002_Orense_Macará,63.34727505550313,1.99,0.63,6,1,12,4,43.6,56.4,1,2,0,0,6,1
2021-10-02 22:30:00,9 de Octubre,Independiente del Valle,1.0,0.0,Quito,Ecuador,Estadio Alberto Spencer,,,,LigaPro Serie A,,20211002_9-de-Octubre_Independiente-del-Valle,-12.733175962610403,1.45,0.87,4,2,8,5,45.9,54.1,0,4,0,0,6,7
2021-10-03 01:00:00,Liga de Quito,Guayaquil City FC,3.0,1.0,Quito,Ecuador,Rodrigo Paz Delgado,,,,LigaPro Serie A,,20211003_Liga-de-Quito_Guayaquil-City-FC,44.85265566419616,1.1,1.41,3,6,6,13,50.7,49.3,1,2,0,0,1,7
2021-10-03 19:00:00,Olmedo,Aucas,1.0,4.0,Riobamba,Ecuador,Estadio Fernando Guerrero Guerrero,,,,LigaPro Serie A,,20211003_Olmedo_Aucas,-97.78899658973319,1.09,1.22,3,4,8,10,43.2,56.8,3,2,0,0,11,5
2021-10-03 21:30:00,Barcelona SC,Mushuc Runa,4.0,0.0,Quito,Ecuador,Estadio Banco Pichincha,,,,LigaPro Serie A,,20211003_Barcelona-SC_Mushuc-Runa,29.940566308673397,1.17,0.39,4,1,7,3,52.5,47.5,1,0,0,0,7,1
2021-10-04 00:00:00,Técnico Universitario,Emelec,1.0,0.0,Ambato,Ecuador,Estadio Universidad Indoamérica Bellavista,,,,LigaPro Serie A,,20211004_Técnico-Universitario_Emelec,-58.09313741023402,0.82,0.5,3,1,7,4,56.2,43.8,4,1,0,0,3,3
2021-10-05 00:00:00,Delfín,Manta F.C.,2.0,1.0,Manta,Ecuador,Estadio Jocay,,,,LigaPro Serie A,,20211005_Delfín_Manta-F.C.,30.27850658681291,0.99,1.61,2,5,5,10,50.3,49.7,2,2,0,0,5,3
2021-10-16 00:00:00,Emelec,Orense,1.0,0.0,Quito,Ecuador,Estadio George Capwell Banco del Austro,,,,LigaPro Serie A,,20211016_Emelec_Orense,3.5442027590522684,1.1,0.98,4,3,7,6,55.7,44.3,0,2,0,0,4,3
2021-10-16 20:00:00,Guayaquil City FC,Olmedo,4.0,2.0,Quito,Ecuador,Estadio Christian Benítez Betancourt,,,,LigaPro Serie A,,20211016_Guayaquil-City-FC_Olmedo,72.89455773985583,1.27,0.05,5,2,10,5,46.9,53.1,1,0,0,0,3,2
2021-10-16 22:30:00,Aucas,Universidad Católica (Quito),1.0,2.0,Quito,Ecuador,Estadio Cooprogreso Gonzalo Pozo Ripalda,,,,LigaPro Serie A,,20211016_Aucas_Universidad-Católica-(Quito),0.33962269244079835,1.86,1.61,6,5,14,14,56.0,44.0,6,1,0,0,1,7
2021-10-17 01:00:00,Macará,Liga de Quito,2.0,1.0,Ambato,Ecuador,Estadio Universidad Indoamérica Bellavista,,,,LigaPro Serie A,,20211017_Macará_Liga-de-Quito,-115.59303240318286,0.96,0.97,4,2,8,6,49.8,50.2,1,1,1,0,5,4
2021-10-17 19:00:00,Mushuc Runa,Técnico Universitario,0.0,1.0,Ambato,Ecuador,Cooperativa de Ahorro y Crédito Mushuc Runa,,,,LigaPro Serie A,,20211017_Mushuc-Runa_Técnico-Universitario,-18.086784779069376,0.65,1.59,2,5,4,11,51.5,48.5,1,1,0,0,2,6
2021-10-17 21:30:00,Deportivo Cuenca,9 de Octubre,3.0,1.0,Cuenca,Ecuador,Banco del Austro Alejandro Serrano Aguil,,,,LigaPro Serie A,,20211017_Deportivo-Cuenca_9-de-Octubre,-86.7859047445495,0.88,2.06,4,6,8,12,48.6,51.4,1,4,0,1,7,11
2021-10-18 00:00:00,Delfín,Barcelona SC,4.0,1.0,Manta,Ecuador,Estadio Jocay,,,,LigaPro Serie A,,20211018_Delfín_Barcelona-SC,-36.23586512794418,1.35,0.9,5,3,12,7,50.0,50.0,2,2,0,0,3,1
2021-10-19 00:00:00,Independiente del Valle,Manta F.C.,1.0,1.0,Quito,Ecuador,Estadio Banco Guayaquil,,,,LigaPro Serie A,,20211019_Independiente-del-Valle_Manta-F.C.,100.2285204611278,1.33,1.06,4,4,8,10,56.2,43.8,0,2,0,1,7,5
2021-10-23 00:00:00,Técnico Universitario,Aucas,1.0,1.0,Ambato,Ecuador,Estadio Universidad Indoamérica Bellavista,,,,LigaPro Serie A,,20211023_Técnico-Universitario_Aucas,-12.30003857128986,1.1,2.46,4,8,7,17,44.3,55.7,3,0,0,0,3,7
2021-10-23 20:00:00,Universidad Católica (Quito),Mushuc Runa,0.0,1.0,Quito,Ecuador,Estadio Olímpico Atahualpa,,,,LigaPro Serie A,,20211023_Universidad-Católica-(Quito)_Mushuc-Runa,76.82239753142903,0.05,0.89,0,4,0,8,44.0,56.0,2,3,0,0,0,7
2021-10-23 22:30:00,9 de Octubre,Orense,3.0,1.0,Quito,Ecuador,Estadio Alberto Spencer,,,,LigaPro Serie A,,20211023_9-de-Octubre_Orense,28.10505804292393,1.02,0.4,3,1,8,1,54.5,45.5,1,0,0,0,7,0
2021-10-24 01:00:00,Liga de Quito,Independiente del Valle,0.0,2.0,Quito,Ecuador,Rodrigo Paz Delgado,,,,LigaPro Serie A,,20211024_Liga-de-Quito_Independiente-del-Valle,1.073122742449641,0.36,0.65,1,3,4,5,51.1,48.9,4,0,0,0,3,5
2021-10-24 18:30:00,Olmedo,Delfín,1.0,3.0,Riobamba,Ecuador,Estadio Fernando Guerrero Guerrero,,,,LigaPro Serie A,,20211024_Olmedo_Delfín,-99.8396729366134,1.39,1.01,3,5,9,10,52.0,48.0,4,0,0,0,8,3
2021-10-24 21:00:00,Manta F.C.,Guayaquil City FC,1.0,1.0,Manta,Ecuador,Estadio Jocay,,,,LigaPro Serie A,,20211024_Manta-F.C._Guayaquil-City-FC,-54.16252591575039,0.86,1.33,3,4,7,10,44.1,55.9,0,1,1,0,2,3
2021-10-24 23:30:00,Emelec,Barcelona SC,2.0,1.0,Quito,Ecuador,Estadio George Capwell Banco del Austro,,,,LigaPro Serie A,,20211024_Emelec_Barcelona-SC,21.451140513409882,0.71,0.05,2,1,5,2,52.2,47.8,0,1,0,0,0,0
2021-10-26 00:00:00,Deportivo Cuenca,Macará,1.0,1.0,Cuenca,Ecuador,Banco del Austro Alejandro Serrano Aguil,,,,LigaPro Serie A,,20211026_Deportivo-Cuenca_Macará,26.48274878459074,0.4,1.45,2,3,4,5,53.7,46.3,3,3,0,0,3,7
2021-10-28 00:00:00,Aucas,Barcelona SC,1.0,0.0,Quito,Ecuador,Estadio Cooprogreso Gonzalo Pozo Ripalda,,,,LigaPro Serie A,,20211028_Aucas_Barcelona-SC,13.967658996224827,0.92,1.97,2,6,3,14,63.5,36.5,0,1,0,0,1,5
2021-10-30 00:00:00,Delfín,Universidad Católica (Quito),0.0,2.0,Manta,Ecuador,Estadio Jocay,,,,LigaPro Serie A,,20211030_Delfín_Universidad-Católica-(Quito),-13.303437347947693,0.21,1.55,1,5,0,10,45.5,54.5,1,2,0,0,2,5
2021-10-30 20:00:00,Orense,Técnico Universitario,0.0,0.0,Machala,Ecuador,9 de Mayo,,,,LigaPro Serie A,,20211030_Orense_Técnico-Universitario,-8.136521730524464,0.05,0.05,1,0,4,1,52.3,47.7,1,0,0,0,2,2
2021-10-30 22:30:00,Macará,Manta F.C.,1.0,2.0,Ambato,Ecuador,Estadio Bellavista,,,,LigaPro Serie A,,20211030_Macará_Manta-F.C.,9.73091130895159,0.79,1.47,2,4,2,8,45.4,54.6,1,1,0,0,5,5
2021-10-31 00:00:00,Guayaquil City FC,Emelec,0.0,1.0,Quito,Ecuador,Estadio Christian Benítez Betancourt,,,,LigaPro Serie A,,20211031_Guayaquil-City-FC_Emelec,-52.21658674589253,0.08,1.09,0,3,1,7,48.1,51.9,3,1,0,0,1,6
2021-10-31 19:00:00,Mushuc Runa,Deportivo Cuenca,1.0,0.0,Ambato,Ecuador,Cooperativa de Ahorro y Crédito Mushuc Runa,,,,LigaPro Serie A,,20211031_Mushuc-Runa_Deportivo-Cuenca,0.1733444313883865,0.81,0.78,3,1,6,1,52.7,47.3,1,4,0,0,3,0
2021-10-31 21:30:00,Independiente del Valle,Olmedo,5.0,0.0,Quito,Ecuador,Estadio Banco Guayaquil,,,,LigaPro Serie A,,20211031_Independiente-del-Valle_Olmedo,151.94072445946358,2.66,0.84,8,3,17,8,59.4,40.6,1,1,1,0,5,5
2021-11-01 00:00:00,Aucas,Liga de Quito,1.0,0.0,Quito,Ecuador,Estadio Cooprogreso Gonzalo Pozo Ripalda,,,,LigaPro Serie A,,20211101_Aucas_Liga-de-Quito,3.5107635262181702,1.19,0.36,3,0,9,1,49.4,50.6,1,2,0,0,3,4
2021-11-02 00:00:00,Barcelona SC,9 de Octubre,1.0,3.0,Quito,Ecuador,Estadio Banco Pichincha,,,,LigaPro Serie A,,20211102_Barcelona-SC_9-de-Octubre,-56.066087389488985,0.43,1.7,3,5,7,11,53.2,46.8,1,2,0,1,3,7
2021-11-06 00:00:00,Emelec,Mushuc Runa,2.0,0.0,Quito,Ecuador,Estadio George Capwell Banco del Austro,,,,LigaPro Serie A,,20211106_Emelec_Mushuc-Runa,66.32248625838884,0.68,0.5,3,1,5,2,56.6,43.4,0,2,0,0,7,2
2021-11-06 20:00:00,Universidad Católica (Quito),Orense,1.0,0.0,Quito,Ecuador,Estadio Olímpico Atahualpa,,,,LigaPro Serie A,,20211106_Universidad-Católica-(Quito)_Orense,40.34457350260823,1.07,1.17,4,4,9,10,52.4,47.6,0,2,0,0,3,7
2021-11-06 22:30:00,Deportivo Cuenca,Aucas,2.0,1.0,Cuenca,Ecuador,Banco del Austro Alejandro Serrano Aguil,,,,LigaPro Serie A,,20211106_Deportivo-Cuenca_Aucas,-73.6669075453392,1.66,0.75,5,4,10,7,45.4,54.6,2,0,0,0,6,3
2021-11-07 01:00:00,Olmedo,Barcelona SC,0.0,2.0,Riobamba,Ecuador,Estadio Fernando Guerrero Guerrero,,,,LigaPro Serie A,,20211107_Olmedo_Barcelona-SC,-92.42992199165201,0.63,1.61,2,4,6,10,47.8,52.2,1,3,0,0,3,10
2021-11-07 19:00:00,Técnico Universitario,Macará,2.0,0.0,Ambato,Ecuador,Estadio Universidad Indoamérica Bellavista,,,,LigaPro Serie A,,20211107_Técnico-Universitario_Macará,63.53752906790078,1.34,1.16,4,3,10,4,47.9,52.1,0,1,0,0,3,6
2021-11-07 21:30:00,Liga de Quito,Delfín,1.0,1.0,Quito,Ecuador,Rodrigo Paz Delgado,,,,LigaPro Serie A,,20211107_Liga-de-Quito_Delfín,11.474951893414982,1.39,0.06,4,1,7,1,46.2,53.8,0,3,0,0,2,2
2021-11-08 00:00:00,Guayaquil City FC,Independiente del Valle,0.0,2.0,Quito,Ecuador,Estadio Christian Benítez Betancourt,,,,LigaPro Serie A,,20211108_Guayaquil-City-FC_Independiente-del-Valle,-70.4940018555194,0.93,0.99,3,4,6,9,50.4,49.6,2,2,0,0,4,1
2021-11-09 00:00:00,Manta F.C.,9 de Octubre,1.0,3.0,Manta,Ecuador,Estadio Jocay,,,,LigaPro Serie A,,20211109_Manta-F.C._9-de-Octubre,-100.98891552153032,1.12,2.07,3,6,7,13,48.6,51.4,2,0,0,0,5,6
2021-11-20 00:00:00,Aucas,Macará,2.0,4.0,Quito,Ecuador,Estadio Cooprogreso Gonzalo Pozo Ripalda,,,,LigaPro Serie A,,20211120_Aucas_Macará,93.98854382192894,1.41,1.09,5,4,11,10,52.0,48.0,3,4,0,0,8,9
2021-11-21 01:00:00,9 de Octubre,Delfín,1.0,0.0,Quito,Ecuador,Estadio Alberto Spencer,,,,LigaPro Serie A,,20211121_9-de-Octubre_Delfín,64.21820702262903,0.95,0.85,3,2,9,4,63.9,36.1,2,0,0,1,6,0
2021-11-21 01:00:00,Barcelona SC,Universidad Católica (Quito),1.0,1.0,Quito,Ecuador,Estadio Banco Pichincha,,,,LigaPro Serie A,,20211121_Barcelona-SC_Universidad-Católica-(Quito),-58.33591616954459,1.26,1.65,3,6,6,13,46.3,53.7,2,3,0,0,5,6
2021-11-21 01:00:00,Independiente del Valle,Emelec,3.0,2.0,Quito,Ecuador,Estadio Banco Guayaquil,,,,LigaPro Serie A,,20211121_Independiente-del-Valle_Emelec,-2.281138616134058,0.81,0.88,3,3,7,9,52.5,47.5,3,0,1,0,3,2
2021-11-21 20:30:00,Manta F.C.,Olmedo,3.0,0.0,Manta,Ecuador,Estadio Jocay,,,,LigaPro Serie A,,20211121_Manta-F.C._Olmedo,67.94129207123274,0.89,0.92,4,2,9,5,55.2,44.8,1,2,0,0,10,10
2021-11-21 20:30:00,Mushuc Runa,Guayaquil City FC,1.0,0.0,Ambato,Ecuador,Cooperativa de Ahorro y Crédito Mushuc Runa,,,,LigaPro Serie A,,20211121_Mushuc-Runa_Guayaquil-City-FC,6.175387756515875,0.65,0.05,1,2,4,4,50.3,49.7,1,0,0,0,1,5
2021-11-21 20:30:00,Orense,Liga de Quito,1.0,1.0,Machala,Ecuador,9 de Mayo,,,,LigaPro Serie A,,20211121_Orense_Liga-de-Quito,-25.651198683444818,0.34,0.87,1,2,3,5,47.9,52.1,3,2,0,0,4,1
2021-11-23 00:00:00,Técnico Universitario,Deportivo Cuenca,3.0,1.0,Ambato,Ecuador,Estadio Universidad Indoamérica Bellavista,,,,LigaPro Serie A,,20211123_Técnico-Universitario_Deportivo-Cuenca,33.861339361329556,1.23,1.43,5,2,9,3,49.9,50.1,1,1,0,0,4,2
2021-11-27 00:00:00,Liga de Quito,Técnico Universitario,1.0,0.0,Quito,Ecuador,Rodrigo Paz Delgado,,,,LigaPro Serie A,,20211127_Liga-de-Quito_Técnico-Universitario,-14.084299221396805,2.11,0.99,6,2,15,5,50.4,49.6,2,3,0,0,9,2
2021-11-28 01:00:00,Delfín,Mushuc Runa,3.0,0.0,Manta,Ecuador,Estadio Jocay,,,,LigaPro Serie A,,20211128_Delfín_Mushuc-Runa,-0.6983899350846059,0.9,0.57,3,3,7,9,58.0,42.0,3,1,0,0,6,9
2021-11-28 01:00:00,Deportivo Cuenca,Independiente del Valle,1.0,1.0,Cuenca,Ecuador,Banco del Austro Alejandro Serrano Aguil,,,,LigaPro Serie A,,20211128_Deportivo-Cuenca_Independiente-del-Valle,-106.34548165506794,1.56,1.13,6,4,13,8,47.0,53.0,4,3,0,0,3,5
2021-11-28 01:00:00,Emelec,Manta F.C.,4.0,0.0,Quito,Ecuador,Estadio George Capwell Banco del Austro,,,,LigaPro Serie A,,20211128_Emelec_Manta-F.C.,97.12374682990048,2.63,0.39,9,1,20,2,52.9,47.1,4,2,0,0,12,1
2021-11-28 01:00:00,Guayaquil City FC,Aucas,1.0,0.0,Quito,Ecuador,Estadio Christian Benítez Betancourt,,,,LigaPro Serie A,,20211128_Guayaquil-City-FC_Aucas,-47.528162453307004,1.65,1.16,6,3,12,8,54.6,45.4,0,1,0,0,1,7
2021-11-28 01:00:00,Olmedo,Orense,0.0,2.0,Riobamba,Ecuador,Estadio Fernando Guerrero Guerrero,,,,LigaPro Serie A,,20211128_Olmedo_Orense,-117.52456600323899,0.49,1.13,2,3,5,5,43.3,56.7,2,0,0,0,4,4
2021-11-29 00:00:00,Macará,Barcelona SC,1.0,1.0,Ambato,Ecuador,Estadio Universidad Indoamérica Bellavista,,,,LigaPro Serie A,,20211129_Macará_Barcelona-SC,-45.240838863421686,1.26,0.42,5,2,11,3,51.6,48.4,1,2,0,0,8,5
2021-11-29 00:00:00,Universidad Católica (Quito),9 de Octubre,3.0,0.0,Quito,Ecuador,Estadio Olímpico Atahualpa,,,,LigaPro Serie A,,20211129_Universidad-Católica-(Quito)_9-de-Octubre,-29.419727250367032,1.52,0.85,7,2,18,5,46.5,53.5,3,2,0,0,5,6
2021-12-06 01:00:00,Independiente del Valle,Emelec,3.0,1.0,Quito,Ecuador,Estadio Banco Guayaquil,,,,LigaPro Serie A,,20211206_Independiente-del-Valle_Emelec,9.583760909923058,1.45,0.11,5,1,11,2,46.7,53.3,3,1,0,0,2,3
2021-12-13 00:00:00,Emelec,Independiente del Valle,1.0,1.0,Quito,Ecuador,Estadio George Capwell Banco del Austro,,,,LigaPro Serie A,,20211213_Emelec_Independiente-del-Valle,-32.92190601805214,0.05,1.75,1,4,2,10,51.6,48.4,1,1,0,1,2,12
2022-02-19 00:00:00,Emelec,Macará,4.0,0.0,Quito,Ecuador,Estadio George Capwell Banco del Austro,,,,LigaPro Serie A,,20220219_Emelec_Macará,104.44205481701283,2.09,0.73,7,2,14,4,58.3,41.7,0,2,0,0,6,2
2022-02-19 20:00:00,Mushuc Runa,Universidad Católica (Quito),1.0,2.0,Ambato,Ecuador,Cooperativa de Ahorro y Crédito Mushuc Runa,,,,LigaPro Serie A,,20220219_Mushuc-Runa_Universidad-Católica-(Quito),-78.7517110348083,0.05,1.44,1,4,2,9,50.8,49.2,1,2,0,0,4,3
2022-02-19 22:30:00,Liga de Quito,Gualaceo,1.0,0.0,Quito,Ecuador,Rodrigo Paz Delgado,,,,LigaPro Serie A,,20220219_Liga-de-Quito_Gualaceo,25.761283638977375,1.24,1.18,4,3,8,7,49.3,50.7,2,2,0,0,6,5
2022-02-20 01:00:00,Delfín,Barcelona SC,0.0,1.0,Manta,Ecuador,Estadio Jocay,,,,LigaPro Serie A,,20220220_Delfín_Barcelona-SC,13.509292963578218,1.29,0.47,5,2,11,5,44.0,56.0,0,1,0,1,11,5
2022-02-20 19:00:00,Orense,Aucas,1.0,1.0,Machala,Ecuador,9 de Mayo,,,,LigaPro Serie A,,20220220_Orense_Aucas,-1.034773415741256,1.14,0.7,3,3,8,8,42.2,57.8,2,2,0,1,3,5
2022-02-20 21:30:00,Guayaquil City FC,Deportivo Cuenca,2.0,0.0,Quito,Ecuador,Estadio Christian Benítez Betancourt,,,,LigaPro Serie A,,20220220_Guayaquil-City-FC_Deportivo-Cuenca,2.85869840406167,0.89,1.26,3,5,6,11,48.7,51.3,1,0,0,0,8,5
2022-02-21 00:00:00,Cumbayá,Independiente del Valle,0.0,1.0,Quito,Ecuador,Estadio Olímpico Atahualpa,,,,LigaPro Serie A,,20220221_Cumbayá_Independiente-del-Valle,-85.14812241886511,0.4,1.11,2,3,4,7,49.3,50.7,2,2,0,0,2,3
2022-02-22 00:00:00,Técnico Universitario,9 de Octubre,2.0,1.0,Ambato,Ecuador,Estadio Universidad Indoamérica Bellavista,,,,LigaPro Serie A,,20220222_Técnico-Universitario_9-de-Octubre,-49.61507257692688,1.64,0.78,4,2,9,5,51.9,48.1,2,0,0,0,6,3
2022-02-26 00:00:00,Deportivo Cuenca,Liga de Quito,2.0,0.0,Cuenca,Ecuador,Banco del Austro Alejandro Serrano Aguil,,,,LigaPro Serie A,,20220226_Deportivo-Cuenca_Liga-de-Quito,-73.38220142487307,0.71,1.77,2,6,4,11,49.2,50.8,2,2,0,0,6,9
2022-02-26 20:00:00,Aucas,Delfín,3.0,0.0,Quito,Ecuador,Estadio Cooprogreso Gonzalo Pozo Ripalda,,,,LigaPro Serie A,,20220226_Aucas_Delfín,5.252797753903451,1.82,1.1,5,4,10,9,50.1,49.9,3,1,0,0,6,3
2022-02-26 22:30:00,Universidad Católica (Quito),Guayaquil City FC,1.0,1.0,Quito,Ecuador,Estadio Olímpico Atahualpa,,,,LigaPro Serie A,,20220226_Universidad-Católica-(Quito)_Guayaquil-City-FC,80.26943072207723,0.54,0.57,2,3,5,7,46.3,53.7,1,2,0,1,5,4
2022-02-27 01:00:00,Barcelona SC,Técnico Universitario,1.0,0.0,Quito,Ecuador,Estadio Banco Pichincha,,,,LigaPro Serie A,,20220227_Barcelona-SC_Técnico-Universitario,-23.92413609789878,0.43,1.5,1,3,2,7,48.3,51.7,3,2,0,0,2,6
2022-02-27 19:00:00,Gualaceo,Cumbayá,0.0,1.0,Azogues,Ecuador,Estadio Jorge Andrade Cantos,,,,LigaPro Serie A,,20220227_Gualaceo_Cumbayá,-1.995277476522233,1.25,0.95,4,4,9,8,55.7,44.3,1,2,1,0,3,8
2022-02-27 21:30:00,9 de Octubre,Mushuc Runa,2.0,0.0,Quito,Ecuador,Estadio Alberto Spencer,,,,LigaPro Serie A,,20220227_9-de-Octubre_Mushuc-Runa,77.76760572467015,0.31,0.05,2,1,3,3,51.9,48.1,1,1,0,0,6,3
2022-02-28 00:00:00,Independiente del Valle,Emelec,0.0,1.0,Quito,Ecuador,Estadio Banco Guayaquil,,,,LigaPro Serie A,,20220228_Independiente-del-Valle_Emelec,31.273541108007294,1.27,1.06,3,2,5,5,56.6,43.4,2,3,0,0,10,5
2022-03-01 00:00:00,Macará,Orense,1.0,0.0,Ambato,Ecuador,Estadio Universidad Indoamérica Bellavista,,,,LigaPro Serie A,,20220301_Macará_Orense,-55.96326211432415,0.98,0.17,5,1,11,3,47.2,52.8,1,4,0,0,5,1
2022-03-05 00:00:00,Emelec,Guayaquil City FC,2.0,2.0,Quito,Ecuador,Estadio George Capwell Banco del Austro,,,,LigaPro Serie A,,20220305_Emelec_Guayaquil-City-FC,83.19212121769942,1.88,1.47,6,6,12,13,54.7,45.3,1,1,0,0,4,10
2022-03-05 20:00:00,Técnico Universitario,Mushuc Runa,1.0,3.0,Ambato,Ecuador,Estadio Universidad Indoamérica Bellavista,,,,LigaPro Serie A,,20220305_Técnico-Universitario_Mushuc-Runa,52.08968342270782,1.04,1.98,2,6,4,13,46.2,53.8,2,3,0,0,2,8
2022-03-05 22:30:00,Liga de Quito,Universidad Católica (Quito),2.0,1.0,Quito,Ecuador,Rodrigo Paz Delgado,,,,LigaPro Serie A,,20220305_Liga-de-Quito_Universidad-Católica-(Quito),-45.32185227709556,1.25,1.91,4,6,9,14,44.0,56.0,1,2,0,0,4,11
2022-03-06 01:00:00,9 de Octubre,Barcelona SC,1.0,3.0,Quito,Ecuador,Estadio Alberto Spencer,,,,LigaPro Serie A,,20220306_9-de-Octubre_Barcelona-SC,42.66800124647534,0.37,0.43,1,3,3,7,46.1,53.9,1,2,0,0,3,4
2022-03-06 19:00:00,Cumbayá,Orense,1.0,1.0,Quito,Ecuador,Estadio Olímpico Atahualpa,,,,LigaPro Serie A,,20220306_Cumbayá_Orense,19.213620100942535,0.91,0.69,2,2,4,5,49.5,50.5,0,4,0,0,4,2
2022-03-06 21:30:00,Delfín,Macará,1.0,0.0,Manta,Ecuador,Estadio Jocay,,,,LigaPro Serie A,,20220306_Delfín_Macará,25.93881200927717,1.21,0.66,2,3,6,8,50.6,49.4,3,2,1,0,3,9
2022-03-07 00:00:00,Independiente del Valle,Aucas,1.0,0.0,Quito,Ecuador,Estadio Banco Guayaquil,,,,LigaPro Serie A,,20220307_Independiente-del-Valle_Aucas,70.8883463788693,1.26,0.05,4,0,8,1,53.8,46.2,1,0,0,0,6,1
2022-03-08 00:00:00,Deportivo Cuenca,Gualaceo,2.0,1.0,Cuenca,Ecuador,Banco del Austro Alejandro Serrano Aguil,,,,LigaPro Serie A,,20220308_Deportivo-Cuenca_Gualaceo,1.0313995788417287,1.81,0.6,6,1,14,0,53.9,46.1,3,5,0,0,3,1
2022-03-12 00:00:00,Aucas,Deportivo Cuenca,0.0,0.0,Quito,Ecuador,Estadio Cooprogreso Gonzalo Pozo Ripalda,,,,LigaPro Serie A,,20220312_Aucas_Deportivo-Cuenca,10.761271924199036,0.81,0.16,1,0,2,0,55.8,44.2,4,1,0,0,3,3
2022-03-12 20:00:00,Mushuc Runa,Cumbayá,4.0,2.0,Ambato,Ecuador,Cooperativa de Ahorro y Crédito Mushuc Runa,,,,LigaPro Serie A,,20220312_Mushuc-Runa_Cumbayá,-24.70520111832616,1.65,1.17,8,5,18,9,47.7,52.3,5,1,0,0,10,6
2022-03-12 22:30:00,Técnico Universitario,Liga de Quito,1.0,2.0,Ambato,Ecuador,Estadio Universidad Indoamérica Bellavista,,,,LigaPro Serie A,,20220312_Técnico-Universitario_Liga-de-Quito,-33.967651214840544,0.94,2.27,3,8,8,17,43.3,56.7,2,0,0,0,3,13
2022-03-13 01:00:00,Barcelona SC,Independiente del Valle,2.0,0.0,Quito,Ecuador,Estadio Banco Pichincha,,,,LigaPro Serie A,,20220313_Barcelona-SC_Independiente-del-Valle,-59.82998577484955,0.98,0.99,3,4,6,7,46.5,53.5,1,3,0,0,3,8
2022-03-13 19:00:00,Orense,9 de Octubre,2.0,1.0,Machala,Ecuador,9 de Mayo,,,,LigaPro Serie A,,20220313_Orense_9-de-Octubre,-62.41401252901005,1.37,2.05,5,8,12,19,52.4,47.6,1,1,0,1,2,9
2022-03-13 21:30:00,Universidad Católica (Quito),Macará,2.0,2.0,Quito,Ecuador,Estadio Olímpico Atahualpa,,,,LigaPro Serie A,,20220313_Universidad-Católica-(Quito)_Macará,109.77638646177456,1.98,0.48,5,2,10,3,53.3,46.7,1,2,0,0,6,2
2022-03-14 00:00:00,Gualaceo,Emelec,2.0,1.0,Azogues,Ecuador,Estadio Jorge Andrade Cantos,,,,LigaPro Serie A,,20220314_Gualaceo_Emelec,-108.25606576213931,0.05,0.55,2,3,4,8,41.5,58.5,1,2,0,0,2,3
2022-03-15 00:00:00,Guayaquil City FC,Delfín,1.0,1.0,Quito,Ecuador,Estadio Christian Benítez Betancourt,,,,LigaPro Serie A,,20220315_Guayaquil-City-FC_Delfín,3.181047980236599,0.48,1.03,1,3,2,7,44.5,55.5,4,1,0,0,1,5
2022-03-19 00:00:00,Independiente del Valle,Orense,1.0,1.0,Quito,Ecuador,Estadio Banco Guayaquil,,,,LigaPro Serie A,,20220319_Independiente-del-Valle_Orense,78.32959209241767,1.88,0.05,4,1,8,1,50.3,49.7,0,1,0,0,3,0
2022-03-19 20:00:00,Cumbayá,Técnico Universitario,2.0,0.0,Quito,Ecuador,Estadio Olímpico Atahualpa,,,,LigaPro Serie A,,20220319_Cumbayá_Técnico-Universitario,-1.8343039485505415,1.41,0.9,5,1,11,3,46.1,53.9,1,2,0,0,7,3
2022-03-19 22:30:00,Liga de Quito,Aucas,4.0,4.0,Quito,Ecuador,Rodrigo Paz Delgado,,,,LigaPro Serie A,,20220319_Liga-de-Quito_Aucas,46.42017306818525,1.88,1.33,4,5,10,12,61.0,39.0,4,1,0,1,3,6
2022-03-20 01:00:00,Mushuc Runa,Barcelona SC,1.0,1.0,Ambato,Ecuador,Cooperativa de Ahorro y Crédito Mushuc Runa,,,,LigaPro Serie A,,20220320_Mushuc-Runa_Barcelona-SC,-54.69055856041928,0.05,0.29,1,2,2,4,40.1,59.9,2,2,0,0,1,2
2022-03-20 19:00:00,9 de Octubre,Gualaceo,1.0,1.0,Quito,Ecuador,Estadio Alberto Spencer,,,,LigaPro Serie A,,20220320_9-de-Octubre_Gualaceo,51.92979751994858,0.96,1.02,3,3,8,8,60.8,39.2,1,1,0,0,4,3
2022-03-20 21:30:00,Macará,Guayaquil City FC,2.0,0.0,Ambato,Ecuador,Estadio Universidad Indoamérica Bellavista,,,,LigaPro Serie A,,20220320_Macará_Guayaquil-City-FC,-47.551312987782694,1.0,0.05,3,0,7,0,52.4,47.6,2,0,0,0,7,0
2022-03-21 17:00:00,Emelec,Delfín,1.0,2.0,Quito,Ecuador,Estadio George Capwell Banco del Austro,,,,LigaPro Serie A,,20220321_Emelec_Delfín,65.0014100478445,0.76,1.11,1,3,3,7,54.5,45.5,2,2,0,0,5,2
2022-03-22 00:00:00,Deportivo Cuenca,Universidad Católica (Quito),0.0,2.0,Cuenca,Ecuador,Banco del Austro Alejandro Serrano Aguil,,,,LigaPro Serie A,,20220322_Deportivo-Cuenca_Universidad-Católica-(Quito),-60.146352577143034,0.85,0.26,2,2,3,5,48.3,51.7,1,1,0,0,2,2
2022-04-02 00:00:00,Universidad Católica (Quito),Barcelona SC,1.0,2.0,Quito,Ecuador,Estadio Olímpico Atahualpa,,,,LigaPro Serie A,,20220402_Universidad-Católica-(Quito)_Barcelona-SC,17.298592191793205,1.46,1.14,5,4,10,9,45.2,54.8,3,2,0,0,9,5
2022-04-02 02:00:00,Emelec,Liga de Quito,2.0,0.0,Quito,Ecuador,Estadio George Capwell Banco del Austro,,,,LigaPro Serie A,,20220402_Emelec_Liga-de-Quito,-1.761934338401943,0.96,1.02,3,3,6,6,59.1,40.9,0,5,0,0,4,5
2022-04-02 21:30:00,Gualaceo,Independiente del Valle,1.0,3.0,Azogues,Ecuador,Estadio Jorge Andrade Cantos,,,,LigaPro Serie A,,20220402_Gualaceo_Independiente-del-Valle,-91.6701589543045,1.51,0.68,5,3,9,6,46.1,53.9,1,2,0,0,5,1
2022-04-03 00:00:00,Aucas,9 de Octubre,1.0,1.0,Quito,Ecuador,Estadio Cooprogreso Gonzalo Pozo Ripalda,,,,LigaPro Serie A,,20220403_Aucas_9-de-Octubre,-28.828308757944797,1.62,0.47,5,1,8,0,43.9,56.1,3,4,0,0,9,2
2022-04-03 19:00:00,Orense,Mushuc Runa,0.0,0.0,Machala,Ecuador,9 de Mayo,,,,LigaPro Serie A,,20220403_Orense_Mushuc-Runa,8.885405649912855,0.2,1.37,0,4,0,9,45.6,54.4,3,0,0,0,1,6
2022-04-03 21:30:00,Guayaquil City FC,Técnico Universitario,0.0,1.0,Quito,Ecuador,Estadio Christian Benítez Betancourt,,,,LigaPro Serie A,,20220403_Guayaquil-City-FC_Técnico-Universitario,2.883248647014625,0.08,1.0,0,4,0,9,51.2,48.8,1,1,0,0,2,7
2022-04-04 00:00:00,Delfín,Deportivo Cuenca,0.0,0.0,Manta,Ecuador,Estadio Jocay,,,,LigaPro Serie A,,20220404_Delfín_Deportivo-Cuenca,26.46275065843247,0.31,0.66,0,4,0,7,49.7,50.3,1,1,0,0,0,3
2022-04-05 00:00:00,Macará,Cumbayá,0.0,0.0,Ambato,Ecuador,Estadio Universidad Indoamérica Bellavista,,,,LigaPro Serie A,,20220405_Macará_Cumbayá,-39.6960970744517,0.45,0.86,0,2,0,4,45.8,54.2,1,1,0,0,4,1
2022-04-09 00:00:00,Técnico Universitario,Gualaceo,1.0,1.0,Ambato,Ecuador,Estadio Universidad Indoamérica Bellavista,,,,LigaPro Serie A,,20220409_Técnico-Universitario_Gualaceo,17.679969205508087,0.51,0.37,2,2,4,4,56.9,43.1,2,0,0,0,3,4
2022-04-09 19:30:00,Mushuc Runa,Delfín,1.0,2.0,Ambato,Ecuador,Cooperativa de Ahorro y Crédito Mushuc Runa,,,,LigaPro Serie A,,20220409_Mushuc-Runa_Delfín,-13.453254347035454,1.39,0.82,5,2,10,5,48.7,51.3,2,2,0,0,3,3
2022-04-09 22:00:00,9 de Octubre,Universidad Católica (Quito),0.0,4.0,Quito,Ecuador,Estadio Alberto Spencer,,,,LigaPro Serie A,,20220409_9-de-Octubre_Universidad-Católica-(Quito),-18.045634969226512,1.78,1.59,6,6,13,15,42.5,57.5,2,1,0,0,7,5
2022-04-10 00:30:00,Cumbayá,Liga de Quito,0.0,2.0,Quito,Ecuador,Estadio Olímpico Atahualpa,,,,LigaPro Serie A,,20220410_Cumbayá_Liga-de-Quito,-33.11008804726703,0.1,0.99,1,3,5,6,45.2,54.8,2,4,0,0,4,8
2022-04-10 18:00:00,Independiente del Valle,Guayaquil City FC,0.0,0.0,Quito,Ecuador,Estadio Banco Guayaquil,,,,LigaPro Serie A,,20220410_Independiente-del-Valle_Guayaquil-City-FC,113.1167180689788,1.18,0.56,3,2,8,4,59.1,40.9,1,0,0,0,3,5
2022-04-10 20:30:00,Deportivo Cuenca,Emelec,2.0,2.0,Cuenca,Ecuador,Banco del Austro Alejandro Serrano Aguil,,,,LigaPro Serie A,,20220410_Deportivo-Cuenca_Emelec,-74.1743144110826,1.37,0.98,5,2,12,5,41.5,58.5,1,3,0,1,9,1
2022-04-10 23:00:00,Barcelona SC,Orense,2.0,0.0,Quito,Ecuador,Estadio Banco Pichincha,,,,LigaPro Serie A,,20220410_Barcelona-SC_Orense,54.96196346479246,1.99,0.53,7,1,15,1,45.4,54.6,0,2,0,0,8,2
2022-04-12 00:00:00,Aucas,Macará,2.0,0.0,Quito,Ecuador,Estadio Cooprogreso Gonzalo Pozo Ripalda,,,,LigaPro Serie A,,20220412_Aucas_Macará,39.89768986218496,0.09,1.0,2,3,3,6,50.7,49.3,0,1,0,0,7,4
2022-04-16 00:00:00,Gualaceo,Mushuc Runa,3.0,2.0,Azogues,Ecuador,Estadio Jorge Andrade Cantos,,,,LigaPro Serie A,,20220416_Gualaceo_Mushuc-Runa,-6.84257025461261,0.97,1.41,4,5,7,11,51.6,48.4,2,0,0,0,4,4
2022-04-16 17:30:00,Orense,Técnico Universitario,0.0,0.0,Machala,Ecuador,9 de Mayo,,,,LigaPro Serie A,,20220416_Orense_Técnico-Universitario,0.07280814995147011,0.14,0.46,0,1,0,3,51.4,48.6,0,1,0,0,3,2
2022-04-16 20:00:00,Delfín,Cumbayá,1.0,1.0,Manta,Ecuador,Estadio Jocay,,,,LigaPro Serie A,,20220416_Delfín_Cumbayá,28.329284263253157,1.42,1.52,3,5,7,10,45.5,54.5,1,4,0,0,7,4
2022-04-16 22:30:00,Guayaquil City FC,Aucas,4.0,0.0,Quito,Ecuador,Estadio Christian Benítez Betancourt,,,,LigaPro Serie A,,20220416_Guayaquil-City-FC_Aucas,-39.92897631054825,2.45,0.4,8,2,19,2,47.1,52.9,3,2,0,0,9,3
2022-04-17 01:00:00,Universidad Católica (Quito),Independiente del Valle,3.0,1.0,Quito,Ecuador,Estadio Olímpico Atahualpa,,,,LigaPro Serie A,,20220417_Universidad-Católica-(Quito)_Independiente-del-Valle,-20.002389304241433,1.4,0.05,3,1,8,3,52.0,48.0,2,2,1,0,8,4
2022-04-17 18:00:00,Macará,Deportivo Cuenca,0.0,1.0,Ambato,Ecuador,Estadio Universidad Indoamérica Bellavista,,,,LigaPro Serie A,,20220417_Macará_Deportivo-Cuenca,-31.413078875413248,0.96,0.81,4,3,10,8,41.1,58.9,3,1,0,0,3,4
2022-04-17 20:30:00,Emelec,9 de Octubre,2.0,1.0,Quito,Ecuador,Estadio George Capwell Banco del Austro,,,,LigaPro Serie A,,20220417_Emelec_9-de-Octubre,34.550174558160734,0.93,0.91,2,3,5,9,45.7,54.3,1,3,0,0,6,4
2022-04-17 23:00:00,Liga de Quito,Barcelona SC,2.0,0.0,Quito,Ecuador,Rodrigo Paz Delgado,,,,LigaPro Serie A,,20220417_Liga-de-Quito_Barcelona-SC,-21.86171391609355,1.18,1.68,2,5,5,11,53.0,47.0,1,4,0,1,1,7
2022-04-20 00:00:00,Técnico Universitario,Delfín,1.0,1.0,Ambato,Ecuador,Estadio Universidad Indoamérica Bellavista,,,,LigaPro Serie A,,20220420_Técnico-Universitario_Delfín,-25.928426768168492,0.55,1.58,1,3,1,6,51.2,48.8,1,1,0,0,2,5
2022-04-20 17:30:00,Independiente del Valle,Deportivo Cuenca,2.0,0.0,Quito,Ecuador,Estadio Banco Guayaquil,,,,LigaPro Serie A,,20220420_Independiente-del-Valle_Deportivo-Cuenca,71.77133312072965,1.24,0.24,2,0,6,1,44.3,55.7,1,1,0,0,3,1
2022-04-20 20:00:00,Orense,Liga de Quito,3.0,0.0,Machala,Ecuador,9 de Mayo,,,,LigaPro Serie A,,20220420_Orense_Liga-de-Quito,-66.09156479193757,1.6,0.41,4,2,9,5,48.6,51.4,0,2,0,0,6,6
2022-04-21 01:00:00,Barcelona SC,Gualaceo,0.0,1.0,Quito,Ecuador,Estadio Banco Pichincha,,,,LigaPro Serie A,,20220421_Barcelona-SC_Gualaceo,66.73883819015305,1.21,0.59,4,2,9,4,56.7,43.3,5,1,0,0,4,10
2022-04-21 18:00:00,Mushuc Runa,Macará,0.0,0.0,Ambato,Ecuador,Cooperativa de Ahorro y Crédito Mushuc Runa,,,,LigaPro Serie A,,20220421_Mushuc-Runa_Macará,27.22055612051213,0.59,0.88,3,2,5,5,50.0,50.0,1,1,1,0,4,4
2022-04-21 20:30:00,Aucas,Universidad Católica (Quito),3.0,2.0,Quito,Ecuador,Estadio Cooprogreso Gonzalo Pozo Ripalda,,,,LigaPro Serie A,,20220421_Aucas_Universidad-Católica-(Quito),-71.69954390994167,0.18,0.93,3,4,5,8,46.3,53.7,1,2,0,0,6,6
2022-04-21 23:00:00,Cumbayá,Emelec,1.0,1.0,Quito,Ecuador,Estadio Olímpico Atahualpa,,,,LigaPro Serie A,,20220421_Cumbayá_Emelec,-73.64036685304177,1.28,0.78,4,2,9,5,47.3,52.7,2,1,0,0,8,3
2022-04-23 19:00:00,Gualaceo,Orense,2.0,1.0,Azogues,Ecuador,Estadio Jorge Andrade Cantos,,,,LigaPro Serie A,,20220423_Gualaceo_Orense,-4.272164674348232,1.16,0.64,4,3,9,4,48.0,52.0,0,2,0,1,6,7
2022-04-23 21:30:00,Deportivo Cuenca,9 de Octubre,1.0,1.0,Cuenca,Ecuador,Banco del Austro Alejandro Serrano Aguil,,,,LigaPro Serie A,,20220423_Deportivo-Cuenca_9-de-Octubre,-22.404010828406626,0.69,0.05,4,1,8,2,54.3,45.7,1,1,0,0,3,4
2022-04-24 00:00:00,Delfín,Independiente del Valle,0.0,1.0,Manta,Ecuador,Estadio Jocay,,,,LigaPro Serie A,,20220424_Delfín_Independiente-del-Valle,-60.465055184547964,1.09,2.61,3,10,6,20,41.4,58.6,1,0,0,0,5,7
2022-04-24 17:00:00,Universidad Católica (Quito),Técnico Universitario,4.0,1.0,Quito,Ecuador,Estadio Olímpico Atahualpa,,,,LigaPro Serie A,,20220424_Universidad-Católica-(Quito)_Técnico-Universitario,65.98590632967239,2.21,1.29,7,4,18,8,51.1,48.9,2,2,0,0,15,3
2022-04-24 19:30:00,Liga de Quito,Mushuc Runa,3.0,2.0,Quito,Ecuador,Rodrigo Paz Delgado,,,,LigaPro Serie A,,20220424_Liga-de-Quito_Mushuc-Runa,74.69799027285399,1.97,1.1,6,2,14,6,48.9,51.1,2,0,0,0,14,7
2022-04-24 22:00:00,Emelec,Aucas,1.0,0.0,Quito,Ecuador,Estadio George Capwell Banco del Austro,,,,LigaPro Serie A,,20220424_Emelec_Aucas,46.62213265443711,1.07,0.39,4,1,8,1,51.8,48.2,1,2,0,0,3,1
2022-04-25 00:30:00,Macará,Barcelona SC,0.0,1.0,Ambato,Ecuador,Estadio Universidad Indoamérica Bellavista,,,,LigaPro Serie A,,20220425_Macará_Barcelona-SC,-96.3740464111761,0.66,1.87,1,6,1,13,47.6,52.4,3,1,0,0,2,5
2022-04-26 00:00:00,Guayaquil City FC,Cumbayá,4.0,1.0,Quito,Ecuador,Estadio Christian Benítez Betancourt,,,,LigaPro Serie A,,20220426_Guayaquil-City-FC_Cumbayá,-5.618539097620669,0.7,0.14,4,1,9,0,51.5,48.5,0,1,0,0,4,3
2022-04-30 00:00:00,Gualaceo,Macará,2.0,1.0,Azogues,Ecuador,Estadio Jorge Andrade Cantos,,,,LigaPro Serie A,,20220430_Gualaceo_Macará,79.09121627690524,0.99,0.16,3,1,7,1,53.0,47.0,3,2,0,0,2,2
2022-04-30 20:00:00,Mushuc Runa,Guayaquil City FC,2.0,0.0,Ambato,Ecuador,Estadio Universidad Indoamérica Bellavista,,,,LigaPro Serie A,,20220430_Mushuc-Runa_Guayaquil-City-FC,-40.88654958799657,0.72,1.0,2,5,5,9,48.4,51.6,4,3,0,0,2,3
2022-04-30 22:30:00,9 de Octubre,Delfín,0.0,1.0,Quito,Ecuador,Estadio Christian Benítez Betancourt,,,,LigaPro Serie A,,20220430_9-de-Octubre_Delfín,1.1458891383470018,0.24,0.57,0,2,0,5,54.5,45.5,0,0,0,0,3,2
2022-05-01 01:00:00,Técnico Universitario,Aucas,0.0,1.0,Ambato,Ecuador,Estadio Universidad Indoamérica Bellavista,,,,LigaPro Serie A,,20220501_Técnico-Universitario_Aucas,-22.518674673257465,0.05,1.02,0,2,0,5,49.5,50.5,2,2,0,0,0,4
2022-05-01 19:00:00,Orense,Universidad Católica (Quito),1.0,0.0,Machala,Ecuador,9 de Mayo,,,,LigaPro Serie A,,20220501_Orense_Universidad-Católica-(Quito),-74.45191299396924,0.88,1.43,2,4,3,8,47.8,52.2,2,1,0,0,3,5
2022-05-01 21:30:00,Cumbayá,Deportivo Cuenca,0.0,1.0,Quito,Ecuador,Estadio Olímpico Atahualpa,,,,LigaPro Serie A,,20220501_Cumbayá_Deportivo-Cuenca,-5.525731066936487,0.88,0.93,1,2,3,7,51.2,48.8,2,1,0,0,5,2
2022-05-02 00:00:00,Independiente del Valle,Liga de Quito,1.0,0.0,Quito,Ecuador,Estadio Banco Guayaquil,,,,LigaPro Serie A,,20220502_Independiente-del-Valle_Liga-de-Quito,34.06923007055161,1.37,2.11,3,7,5,16,50.9,49.1,0,1,0,0,3,4
2022-05-07 00:00:00,Deportivo Cuenca,Técnico Universitario,1.0,0.0,Cuenca,Ecuador,Banco del Austro Alejandro Serrano Aguil,,,,LigaPro Serie A,,20220507_Deportivo-Cuenca_Técnico-Universitario,27.276004930408817,0.46,1.02,1,5,0,10,49.5,50.5,2,1,0,0,6,6
2022-05-07 20:00:00,Delfín,Orense,2.0,1.0,Manta,Ecuador,Estadio Jocay,,,,LigaPro Serie A,,20220507_Delfín_Orense,10.433046468597468,0.95,1.12,5,4,13,8,45.1,54.9,1,3,0,0,5,2
2022-05-07 22:30:00,Aucas,Cumbayá,1.0,0.0,Quito,Ecuador,Estadio Cooprogreso Gonzalo Pozo Ripalda,,,,LigaPro Serie A,,20220507_Aucas_Cumbayá,46.83336860745271,1.04,0.43,4,1,6,4,54.3,45.7,2,1,0,0,8,3
2022-05-08 01:00:00,Emelec,Mushuc Runa,4.0,0.0,Quito,Ecuador,Estadio George Capwell Banco del Austro,,,,LigaPro Serie A,,20220508_Emelec_Mushuc-Runa,99.93298606895951,1.16,1.37,4,4,7,8,53.5,46.5,4,1,0,0,2,8
2022-05-08 19:00:00,Universidad Católica (Quito),Gualaceo,3.0,1.0,Quito,Ecuador,Estadio Olímpico Atahualpa,,,,LigaPro Serie A,,20220508_Universidad-Católica-(Quito)_Gualaceo,30.5816398733632,1.44,2.0,4,7,8,14,47.5,52.5,1,0,0,1,5,8
2022-05-08 21:30:00,Liga de Quito,9 de Octubre,2.0,0.0,Quito,Ecuador,Rodrigo Paz Delgado,,,,LigaPro Serie A,,20220508_Liga-de-Quito_9-de-Octubre,46.327350863083666,0.88,1.44,2,6,4,16,48.2,51.8,0,1,0,0,2,12
2022-05-09 00:00:00,Guayaquil City FC,Barcelona SC,1.0,4.0,Quito,Ecuador,Estadio Christian Benítez Betancourt,,,,LigaPro Serie A,,20220509_Guayaquil-City-FC_Barcelona-SC,-61.76235686144764,0.77,1.66,1,5,5,9,39.7,60.3,1,1,0,0,4,5
2022-05-10 00:00:00,Macará,Independiente del Valle,0.0,1.0,Ambato,Ecuador,Estadio Universidad Indoamérica Bellavista,,,,LigaPro Serie A,,20220510_Macará_Independiente-del-Valle,-172.46608397338218,1.94,0.4,5,1,9,2,51.5,48.5,3,1,0,0,10,3
2022-05-11 22:00:00,9 de Octubre,Guayaquil City FC,2.0,2.0,Quito,Ecuador,Estadio Alberto Spencer,,,,LigaPro Serie A,,20220511_9-de-Octubre_Guayaquil-City-FC,8.46050555281704,1.04,1.31,5,6,12,10,49.4,50.6,1,1,0,0,8,5
2022-05-12 01:00:00,Barcelona SC,Emelec,1.0,1.0,Quito,Ecuador,Estadio Banco Pichincha,,,,LigaPro Serie A,,20220512_Barcelona-SC_Emelec,-22.847035759474238,0.33,0.45,1,1,3,2,53.2,46.8,3,3,0,1,5,3
2022-05-14 00:00:00,Universidad Católica (Quito),Cumbayá,1.0,0.0,Quito,Ecuador,Estadio Olímpico Atahualpa,,,,LigaPro Serie A,,20220514_Universidad-Católica-(Quito)_Cumbayá,105.37896062831896,0.65,0.45,2,2,2,4,60.5,39.5,5,0,0,0,1,2
2022-05-14 19:00:00,Mushuc Runa,Aucas,1.0,1.0,Ambato,Ecuador,Estadio Universidad Indoamérica Bellavista,,,,LigaPro Serie A,,20220514_Mushuc-Runa_Aucas,-62.76825611220829,1.3,0.07,3,1,6,3,57.3,42.7,0,1,0,0,1,1
2022-05-14 21:30:00,9 de Octubre,Macará,1.0,1.0,Milagro,Ecuador,Los Chirijos,,,,LigaPro Serie A,,20220514_9-de-Octubre_Macará,66.2025746936165,0.7,1.68,2,4,3,9,50.4,49.6,3,1,1,0,3,6
2022-05-15 00:00:00,Liga de Quito,Delfín,3.0,2.0,Quito,Ecuador,Rodrigo Paz Delgado,,,,LigaPro Serie A,,20220515_Liga-de-Quito_Delfín,22.163647567064572,1.38,1.37,3,4,7,10,49.6,50.4,1,1,0,0,4,7
2022-05-15 18:00:00,Técnico Universitario,Independiente del Valle,2.0,3.0,Ambato,Ecuador,Estadio Universidad Indoamérica Bellavista,,,,LigaPro Serie A,,20220515_Técnico-Universitario_Independiente-del-Valle,-143.88497924522812,0.28,0.68,3,3,7,4,42.5,57.5,0,3,0,0,8,2
2022-05-15 20:30:00,Orense,Emelec,2.0,0.0,Machala,Ecuador,9 de Mayo,,,,LigaPro Serie A,,20220515_Orense_Emelec,-83.8691192833819,1.17,1.28,5,4,11,9,46.9,53.1,2,2,0,0,5,4
2022-05-15 23:00:00,Barcelona SC,Deportivo Cuenca,1.0,1.0,Quito,Ecuador,Estadio Banco Pichincha,,,,LigaPro Serie A,,20220515_Barcelona-SC_Deportivo-Cuenca,49.40843131231168,1.28,1.5,5,4,12,7,49.0,51.0,2,3,0,1,7,5
2022-05-17 00:00:00,Gualaceo,Guayaquil City FC,2.0,1.0,Azogues,Ecuador,Estadio Jorge Andrade Cantos,,,,LigaPro Serie A,,20220517_Gualaceo_Guayaquil-City-FC,34.936045555456985,1.58,1.02,4,3,10,6,52.5,47.5,1,1,0,0,2,3
2022-05-21 00:00:00,Cumbayá,9 de Octubre,3.0,2.0,Quito,Ecuador,Estadio Olímpico Atahualpa,,,,LigaPro Serie A,,20220521_Cumbayá_9-de-Octubre,-32.05324161275303,1.43,0.88,5,4,11,7,45.3,54.7,0,0,0,0,8,2
2022-05-21 20:00:00,Delfín,Gualaceo,1.0,0.0,Manta,Ecuador,Estadio Jocay,,,,LigaPro Serie A,,20220521_Delfín_Gualaceo,-3.818275893939699,0.96,1.31,3,2,6,5,50.2,49.8,0,3,0,0,5,3
2022-05-21 22:30:00,Emelec,Universidad Católica (Quito),0.0,1.0,Quito,Ecuador,Estadio George Capwell Banco del Austro,,,,LigaPro Serie A,,20220521_Emelec_Universidad-Católica-(Quito),-7.413111918830964,0.7,1.29,2,5,5,9,42.5,57.5,4,1,0,0,1,2
2022-05-22 01:00:00,Guayaquil City FC,Liga de Quito,2.0,2.0,Quito,Ecuador,Estadio Christian Benítez Betancourt,,,,LigaPro Serie A,,20220522_Guayaquil-City-FC_Liga-de-Quito,-97.34728451022215,0.41,0.44,2,2,4,3,54.5,45.5,6,3,0,0,7,5
2022-05-22 21:30:00,Macará,Técnico Universitario,3.0,1.0,Ambato,Ecuador,Estadio Universidad Indoamérica Bellavista,,,,LigaPro Serie A,,20220522_Macará_Técnico-Universitario,-32.00285622620959,1.74,0.45,4,2,8,8,46.4,53.6,2,1,0,0,5,2
2022-05-23 00:00:00,Aucas,Barcelona SC,2.0,1.0,Quito,Ecuador,Estadio Cooprogreso Gonzalo Pozo Ripalda,,,,LigaPro Serie A,,20220523_Aucas_Barcelona-SC,-32.8363747426929,1.26,0.26,4,1,9,1,48.2,51.8,0,0,0,0,3,1
2022-05-23 00:00:00,Independiente del Valle,Mushuc Runa,0.0,1.0,Quito,Ecuador,Estadio Banco Guayaquil,,,,LigaPro Serie A,,20220523_Independiente-del-Valle_Mushuc-Runa,145.38752579754305,0.05,0.72,2,3,4,4,51.7,48.3,1,5,0,0,4,3
2022-05-24 00:00:00,Deportivo Cuenca,Orense,1.0,1.0,Cuenca,Ecuador,Banco del Austro Alejandro Serrano Aguil,,,,LigaPro Serie A,,20220524_Deportivo-Cuenca_Orense,0.042941519034911835,2.54,1.11,8,5,18,11,45.2,54.8,1,2,0,0,6,6
2022-05-28 00:00:00,Gualaceo,Aucas,1.0,4.0,Azogues,Ecuador,Estadio Jorge Andrade Cantos,,,,LigaPro Serie A,,20220528_Gualaceo_Aucas,-27.03387843024734,1.27,0.28,3,4,8,10,54.9,45.1,1,2,0,0,2,8
2022-05-28 18:00:00,Mushuc Runa,Deportivo Cuenca,1.0,0.0,Ambato,Ecuador,Estadio Universidad Indoamérica Bellavista,,,,LigaPro Serie A,,20220528_Mushuc-Runa_Deportivo-Cuenca,-28.54801744246538,1.49,0.84,6,2,13,4,48.4,51.6,2,1,0,0,10,4
2022-05-28 20:30:00,Orense,Guayaquil City FC,0.0,1.0,Machala,Ecuador,9 de Mayo,,,,LigaPro Serie A,,20220528_Orense_Guayaquil-City-FC,41.801818396687395,0.21,1.36,0,2,0,2,50.1,49.9,0,0,0,0,2,4
2022-05-28 23:00:00,Técnico Universitario,Emelec,1.0,1.0,Ambato,Ecuador,Estadio Universidad Indoamérica Bellavista,,,,LigaPro Serie A,,20220528_Técnico-Universitario_Emelec,-113.88797124900111,1.38,0.07,3,1,7,3,45.5,54.5,3,3,0,0,4,2
2022-05-29 23:00:00,9 de Octubre,Independiente del Valle,1.0,1.0,Milagro,Ecuador,Los Chirijos,,,,LigaPro Serie A,,20220529_9-de-Octubre_Independiente-del-Valle,-125.15273381977704,1.11,1.34,4,5,10,9,46.6,53.4,0,4,0,0,4,7
2022-05-29 23:00:00,Barcelona SC,Cumbayá,4.0,0.0,Quito,Ecuador,Estadio Banco Pichincha,,,,LigaPro Serie A,,20220529_Barcelona-SC_Cumbayá,80.54268150642679,1.73,1.41,6,5,13,9,58.6,41.4,1,2,0,0,7,6
2022-05-29 23:00:00,Liga de Quito,Macará,3.0,2.0,Quito,Ecuador,Rodrigo Paz Delgado,,,,LigaPro Serie A,,20220529_Liga-de-Quito_Macará,126.23781542523625,2.36,0.6,10,4,20,9,65.5,34.5,2,0,0,0,6,6
2022-05-29 23:00:00,Universidad Católica (Quito),Delfín,4.0,2.0,Quito,Ecuador,Estadio Olímpico Atahualpa,,,,LigaPro Serie A,,20220529_Universidad-Católica-(Quito)_Delfín,53.57556234907929,2.85,1.43,10,5,20,11,51.8,48.2,1,2,0,0,11,6
2022-07-09 00:00:00,Universidad Católica (Quito),Mushuc Runa,2.0,1.0,Quito,Ecuador,Estadio Olímpico Atahualpa,,,,LigaPro Serie A,,20220709_Universidad-Católica-(Quito)_Mushuc-Runa,99.02957838238785,0.99,0.95,4,3,7,5,48.8,51.2,3,1,0,0,0,5
2022-07-09 20:00:00,Aucas,Orense,2.0,0.0,Quito,Ecuador,Estadio Cooprogreso Gonzalo Pozo Ripalda,,,,LigaPro Serie A,,20220709_Aucas_Orense,50.85910765880158,0.76,1.15,4,4,9,11,45.4,54.6,1,0,0,0,8,6
2022-07-09 22:30:00,9 de Octubre,Técnico Universitario,2.0,0.0,Milagro,Ecuador,Los Chirijos,,,,LigaPro Serie A,,20220709_9-de-Octubre_Técnico-Universitario,30.025846409018868,0.68,1.03,2,3,3,7,48.1,51.9,1,3,0,0,3,3
2022-07-10 01:00:00,Gualaceo,Liga de Quito,0.0,1.0,Azogues,Ecuador,Estadio Jorge Andrade Cantos,,,,LigaPro Serie A,,20220710_Gualaceo_Liga-de-Quito,-68.56167313542119,2.37,1.51,7,4,17,9,42.0,58.0,0,4,0,0,11,6
2022-07-10 19:00:00,Independiente del Valle,Cumbayá,2.0,0.0,Quito,Ecuador,Estadio Banco Guayaquil,,,,LigaPro Serie A,,20220710_Independiente-del-Valle_Cumbayá,136.12013711900863,1.8,0.96,7,4,16,10,58.5,41.5,3,2,0,1,6,7
2022-07-10 21:30:00,Macará,Emelec,1.0,3.0,Ambato,Ecuador,Estadio Universidad Indoamérica Bellavista,,,,LigaPro Serie A,,20220710_Macará_Emelec,-123.71006385695023,0.99,1.08,3,3,6,6,52.3,47.7,1,0,0,0,5,4
2022-07-11 00:00:00,Barcelona SC,Delfín,0.0,1.0,Quito,Ecuador,Estadio Christian Benítez Betancourt,,,,LigaPro Serie A,,20220711_Barcelona-SC_Delfín,32.5942886857149,0.38,0.59,2,1,3,3,62.8,37.2,3,1,0,0,3,0
2022-07-12 00:00:00,Deportivo Cuenca,Guayaquil City FC,1.0,0.0,Cuenca,Ecuador,Banco del Austro Alejandro Serrano Aguil,,,,LigaPro Serie A,,20220712_Deportivo-Cuenca_Guayaquil-City-FC,15.421135957902834,1.23,0.91,4,2,9,5,55.1,44.9,1,2,0,0,4,6
2022-07-16 00:00:00,Cumbayá,Gualaceo,1.0,2.0,Quito,Ecuador,Estadio Olímpico Atahualpa,,,,LigaPro Serie A,,20220716_Cumbayá_Gualaceo,-42.99572144986473,0.66,1.04,2,3,3,6,51.2,48.8,2,0,0,0,7,4
2022-07-16 20:00:00,Orense,Macará,1.0,1.0,Machala,Ecuador,9 de Mayo,,,,LigaPro Serie A,,20220716_Orense_Macará,69.27478046932583,0.77,1.22,3,3,6,7,42.7,57.3,1,2,0,0,6,6
2022-07-16 22:30:00,Liga de Quito,Deportivo Cuenca,1.0,1.0,Quito,Ecuador,Rodrigo Paz Delgado,,,,LigaPro Serie A,,20220716_Liga-de-Quito_Deportivo-Cuenca,67.95205350136825,0.96,0.55,1,2,0,3,51.1,48.9,0,3,0,0,3,5
2022-07-17 01:00:00,Técnico Universitario,Barcelona SC,0.0,2.0,Ambato,Ecuador,Estadio Universidad Indoamérica Bellavista,,,,LigaPro Serie A,,20220717_Técnico-Universitario_Barcelona-SC,-107.68828835288491,0.78,0.36,3,2,10,3,46.2,53.8,1,1,0,0,1,2
2022-07-17 19:00:00,Mushuc Runa,9 de Octubre,3.0,1.0,Ambato,Ecuador,Estadio Universidad Indoamérica Bellavista,,,,LigaPro Serie A,,20220717_Mushuc-Runa_9-de-Octubre,2.464414333710465,2.06,0.76,6,3,12,6,51.7,48.3,1,2,0,0,5,10
2022-07-17 21:30:00,Guayaquil City FC,Universidad Católica (Quito),2.0,0.0,Quito,Ecuador,Estadio Christian Benítez Betancourt,,,,LigaPro Serie A,,20220717_Guayaquil-City-FC_Universidad-Católica-(Quito),-132.00737138357613,1.14,0.41,6,2,12,4,43.5,56.5,2,2,0,0,7,5
2022-07-18 00:00:00,Emelec,Independiente del Valle,2.0,3.0,Quito,Ecuador,Estadio George Capwell Banco del Austro,,,,LigaPro Serie A,,20220718_Emelec_Independiente-del-Valle,-40.22394028287886,0.52,0.9,2,3,3,7,43.2,56.8,2,1,0,0,3,4
2022-07-19 00:00:00,Delfín,Aucas,0.0,0.0,Manta,Ecuador,Estadio Jocay,,,,LigaPro Serie A,,20220719_Delfín_Aucas,-24.95401816990079,0.05,0.47,0,2,3,4,45.4,54.6,2,1,0,0,3,4
2022-07-23 00:00:00,Gualaceo,Deportivo Cuenca,0.0,0.0,Azogues,Ecuador,Estadio Jorge Andrade Cantos,,,,LigaPro Serie A,,20220723_Gualaceo_Deportivo-Cuenca,-11.729072056973337,1.2,0.39,4,2,8,6,42.6,57.4,0,3,0,0,7,8
2022-07-23 20:00:00,Orense,Cumbayá,3.0,1.0,Machala,Ecuador,9 de Mayo,,,,LigaPro Serie A,,20220723_Orense_Cumbayá,48.874279411239286,1.23,0.3,3,2,8,6,62.9,37.1,0,2,0,0,10,3
2022-07-23 22:30:00,Aucas,Independiente del Valle,5.0,0.0,Quito,Ecuador,Estadio Cooprogreso Gonzalo Pozo Ripalda,,,,LigaPro Serie A,,20220723_Aucas_Independiente-del-Valle,-50.56388446281608,0.57,0.05,5,0,12,1,42.8,57.2,0,0,0,0,5,1
2022-07-24 01:00:00,Guayaquil City FC,Emelec,0.0,0.0,Quito,Ecuador,Estadio Christian Benítez Betancourt,,,,LigaPro Serie A,,20220724_Guayaquil-City-FC_Emelec,-59.404583294185386,0.49,1.26,1,6,1,12,45.3,54.7,1,3,0,0,2,4
2022-07-24 19:00:00,Mushuc Runa,Técnico Universitario,0.0,0.0,Ambato,Ecuador,Estadio Universidad Indoamérica Bellavista,,,,LigaPro Serie A,,20220724_Mushuc-Runa_Técnico-Universitario,74.73146148029946,0.32,0.2,2,2,6,5,55.0,45.0,2,1,0,1,6,5
2022-07-24 21:30:00,Universidad Católica (Quito),Liga de Quito,4.0,0.0,Quito,Ecuador,Estadio Olímpico Atahualpa,,,,LigaPro Serie A,,20220724_Universidad-Católica-(Quito)_Liga-de-Quito,11.664298057519318,1.97,0.54,9,0,20,0,41.8,58.2,2,2,0,0,12,1
2022-07-25 00:00:00,Barcelona SC,9 de Octubre,2.0,2.0,Quito,Ecuador,Estadio Banco Pichincha,,,,LigaPro Serie A,,20220725_Barcelona-SC_9-de-Octubre,76.04157021474361,1.55,3.16,5,11,10,20,48.5,51.5,0,1,0,0,8,11
2022-07-26 00:30:00,Macará,Delfín,1.0,2.0,Ambato,Ecuador,Estadio Universidad Indoamérica Bellavista,,,,LigaPro Serie A,,20220726_Macará_Delfín,-114.19047563903837,1.27,1.04,5,3,12,7,46.4,53.6,1,1,0,0,9,5
2022-07-30 00:00:00,Deportivo Cuenca,Aucas,1.0,2.0,Cuenca,Ecuador,Banco del Austro Alejandro Serrano Aguil,,,,LigaPro Serie A,,20220730_Deportivo-Cuenca_Aucas,-60.11541678011986,0.56,0.97,2,2,4,4,44.3,55.7,0,1,0,0,3,4
2022-07-30 20:00:00,Delfín,Guayaquil City FC,1.0,3.0,Manta,Ecuador,Estadio Jocay,,,,LigaPro Serie A,,20220730_Delfín_Guayaquil-City-FC,53.22533749161903,0.53,1.02,1,4,2,9,49.3,50.7,1,2,0,0,2,9
2022-07-30 22:30:00,Liga de Quito,Técnico Universitario,2.0,0.0,Quito,Ecuador,Rodrigo Paz Delgado,,,,LigaPro Serie A,,20220730_Liga-de-Quito_Técnico-Universitario,137.02928411374523,1.49,1.01,4,4,8,8,55.6,44.4,2,3,0,0,7,4
2022-07-31 01:00:00,Independiente del Valle,Barcelona SC,1.0,1.0,Quito,Ecuador,Estadio Banco Guayaquil,,,,LigaPro Serie A,,20220731_Independiente-del-Valle_Barcelona-SC,48.763928642337305,1.21,0.49,3,1,8,0,61.1,38.9,1,0,1,0,4,4
2022-07-31 19:00:00,Cumbayá,Mushuc Runa,1.0,1.0,Quito,Ecuador,Estadio Olímpico Atahualpa,,,,LigaPro Serie A,,20220731_Cumbayá_Mushuc-Runa,-70.43065031142578,1.38,1.74,6,5,14,11,39.3,60.7,1,0,0,0,8,5
2022-07-31 21:30:00,Macará,Universidad Católica (Quito),1.0,3.0,Ambato,Ecuador,Estadio Universidad Indoamérica Bellavista,,,,LigaPro Serie A,,20220731_Macará_Universidad-Católica-(Quito),-186.2181693404916,2.03,1.25,6,3,13,8,40.7,59.3,3,0,0,0,2,8
2022-08-01 00:00:00,Emelec,Gualaceo,2.0,1.0,Portoviejo,Ecuador,Estadio Reales Tamarindos,,,,LigaPro Serie A,,20220801_Emelec_Gualaceo,44.37456115266491,1.88,0.86,3,2,6,4,58.7,41.3,1,2,0,1,7,2
2022-08-02 00:00:00,9 de Octubre,Orense,0.0,0.0,Milagro,Ecuador,Los Chirijos,,,,LigaPro Serie A,,20220802_9-de-Octubre_Orense,-20.256504306998067,0.05,0.05,0,1,1,2,52.4,47.6,4,4,0,0,4,1
2022-08-06 00:00:00,Técnico Universitario,Cumbayá,3.0,3.0,Ambato,Ecuador,Estadio Universidad Indoamérica Bellavista,,,,LigaPro Serie A,,20220806_Técnico-Universitario_Cumbayá,-9.114729117942716,1.33,2.11,4,8,9,17,45.8,54.2,2,1,0,0,8,7
2022-08-06 20:00:00,Orense,Independiente del Valle,1.0,2.0,Machala,Ecuador,9 de Mayo,,,,LigaPro Serie A,,20220806_Orense_Independiente-del-Valle,-98.40409487716283,1.79,1.11,6,2,13,4,40.6,59.4,4,4,0,0,7,3
2022-08-06 22:30:00,Guayaquil City FC,Macará,0.0,0.0,Quito,Ecuador,Estadio Christian Benítez Betancourt,,,,LigaPro Serie A,,20220806_Guayaquil-City-FC_Macará,97.29423897102765,0.05,0.75,1,3,2,8,56.7,43.3,2,2,1,0,3,7
2022-08-07 01:00:00,Delfín,Emelec,0.0,3.0,Manta,Ecuador,Estadio Jocay,,,,LigaPro Serie A,,20220807_Delfín_Emelec,-26.41497549203632,1.21,0.92,4,4,8,9,38.6,61.4,2,2,0,0,3,8
2022-08-07 19:00:00,Aucas,Liga de Quito,1.0,1.0,Quito,Ecuador,Estadio Cooprogreso Gonzalo Pozo Ripalda,,,,LigaPro Serie A,,20220807_Aucas_Liga-de-Quito,10.436651139358446,0.05,0.99,1,2,1,7,56.2,43.8,1,2,0,0,3,6
2022-08-07 21:30:00,Universidad Católica (Quito),Deportivo Cuenca,0.0,2.0,Quito,Ecuador,Estadio Olímpico Atahualpa,,,,LigaPro Serie A,,20220807_Universidad-Católica-(Quito)_Deportivo-Cuenca,103.04847841272544,0.58,1.28,2,4,4,9,53.3,46.7,0,1,0,0,3,2
2022-08-08 00:00:00,Barcelona SC,Mushuc Runa,4.0,1.0,Quito,Ecuador,Estadio Christian Benítez Betancourt,,,,LigaPro Serie A,,20220808_Barcelona-SC_Mushuc-Runa,53.77728382722103,2.36,0.96,7,4,16,8,60.1,39.9,5,2,0,0,6,7
2022-08-09 00:00:00,Gualaceo,9 de Octubre,1.0,0.0,Azogues,Ecuador,Estadio Jorge Andrade Cantos,,,,LigaPro Serie A,,20220809_Gualaceo_9-de-Octubre,14.330460996910006,1.11,1.18,3,3,6,6,49.9,50.1,4,3,0,0,6,3
2022-08-13 00:00:00,Mushuc Runa,Orense,1.0,1.0,Ambato,Ecuador,Cooperativa de Ahorro y Crédito Mushuc Runa,,,,LigaPro Serie A,,20220813_Mushuc-Runa_Orense,-2.258561270988139,2.03,1.72,5,5,9,13,48.6,51.4,3,2,0,0,3,10
2022-08-13 20:00:00,Independiente del Valle,Gualaceo,2.0,0.0,Quito,Ecuador,Estadio Banco Guayaquil,,,,LigaPro Serie A,,20220813_Independiente-del-Valle_Gualaceo,100.11642809494765,1.78,0.72,5,3,11,7,55.3,44.7,1,1,0,0,8,3
2022-08-13 22:30:00,9 de Octubre,Aucas,1.0,2.0,Quito,Ecuador,Estadio Alberto Spencer,,,,LigaPro Serie A,,20220813_9-de-Octubre_Aucas,-116.92980382138398,1.43,1.13,5,4,12,7,44.9,55.1,1,2,0,1,4,6
2022-08-14 01:00:00,Barcelona SC,Universidad Católica (Quito),0.0,0.0,Quito,Ecuador,Estadio Banco Pichincha,,,,LigaPro Serie A,,20220814_Barcelona-SC_Universidad-Católica-(Quito),-31.36840837470004,0.05,1.74,0,4,0,8,48.7,51.3,0,4,0,0,2,4
2022-08-14 18:00:00,Cumbayá,Macará,1.0,0.0,Quito,Ecuador,Estadio Olímpico Atahualpa,,,,LigaPro Serie A,,20220814_Cumbayá_Macará,18.477291143275124,0.93,0.7,4,3,8,6,51.4,48.6,1,2,0,0,0,4
2022-08-14 20:30:00,Técnico Universitario,Guayaquil City FC,3.0,1.0,Ambato,Ecuador,Estadio Universidad Indoamérica Bellavista,,,,LigaPro Serie A,,20220814_Técnico-Universitario_Guayaquil-City-FC,-80.75169146448457,0.98,0.45,3,1,6,4,49.2,50.8,2,0,0,0,4,4
2022-08-14 23:00:00,Liga de Quito,Emelec,2.0,0.0,Quito,Ecuador,Rodrigo Paz Delgado,,,,LigaPro Serie A,,20220814_Liga-de-Quito_Emelec,4.9628419695941375,0.99,0.29,3,2,5,6,51.6,48.4,3,2,0,0,3,4
2022-08-16 00:00:00,Deportivo Cuenca,Delfín,3.0,2.0,Cuenca,Ecuador,Banco del Austro Alejandro Serrano Aguil,,,,LigaPro Serie A,,20220816_Deportivo-Cuenca_Delfín,-0.9124595895684706,1.15,1.12,5,6,10,12,47.9,52.1,1,0,0,0,4,5
2022-08-20 00:00:00,Gualaceo,Técnico Universitario,0.0,3.0,Azogues,Ecuador,Estadio Jorge Andrade Cantos,,,,LigaPro Serie A,,20220820_Gualaceo_Técnico-Universitario,58.823926470538254,1.01,1.65,4,3,7,6,53.4,46.6,0,2,0,0,3,6
2022-08-20 20:00:00,Orense,Barcelona SC,1.0,2.0,Machala,Ecuador,9 de Mayo,,,,LigaPro Serie A,,20220820_Orense_Barcelona-SC,-72.99180315851618,1.53,1.32,4,6,8,12,45.3,54.7,2,3,0,0,4,6
2022-08-20 22:30:00,Liga de Quito,Cumbayá,1.0,0.0,Quito,Ecuador,Rodrigo Paz Delgado,,,,LigaPro Serie A,,20220820_Liga-de-Quito_Cumbayá,144.0522642237911,1.31,1.21,4,3,7,7,58.9,41.1,3,3,0,0,5,4
2022-08-21 01:00:00,Macará,Aucas,1.0,1.0,Ambato,Ecuador,Estadio Universidad Indoamérica Bellavista,,,,LigaPro Serie A,,20220821_Macará_Aucas,-191.24898176950614,0.92,1.13,4,5,8,10,42.6,57.4,1,3,0,0,4,3
2022-08-23 00:00:00,Guayaquil City FC,Independiente del Valle,0.0,1.0,Quito,Ecuador,Estadio Christian Benítez Betancourt,,,,LigaPro Serie A,,20220823_Guayaquil-City-FC_Independiente-del-Valle,-124.93794200424804,0.46,0.44,1,2,3,6,48.2,51.8,4,3,0,0,4,7
2022-08-27 00:00:00,Deportivo Cuenca,Macará,1.0,1.0,Cuenca,Ecuador,Banco del Austro Alejandro Serrano Aguil,,,,LigaPro Serie A,,20220827_Deportivo-Cuenca_Macará,124.97783436353075,0.68,1.43,2,5,5,9,47.8,52.2,0,4,0,0,7,2
2022-08-27 20:00:00,Cumbayá,Delfín,2.0,1.0,Quito,Ecuador,Estadio Olímpico Atahualpa,,,,LigaPro Serie A,,20220827_Cumbayá_Delfín,-73.92688686222186,2.07,1.51,7,5,17,12,46.5,53.5,3,1,0,0,6,7
2022-08-27 22:30:00,Aucas,Guayaquil City FC,2.0,1.0,Quito,Ecuador,Estadio Cooprogreso Gonzalo Pozo Ripalda,,,,LigaPro Serie A,,20220827_Aucas_Guayaquil-City-FC,105.73402522128549,1.51,1.02,4,4,11,11,52.7,47.3,1,1,0,0,6,1
2022-08-28 01:00:00,9 de Octubre,Emelec,0.0,3.0,Milagro,Ecuador,Los Chirijos,,,,LigaPro Serie A,,20220828_9-de-Octubre_Emelec,-98.52969317263478,0.95,1.54,2,5,4,13,51.4,48.6,2,2,0,0,3,6
2022-08-28 19:00:00,Mushuc Runa,Gualaceo,2.0,0.0,Ambato,Ecuador,Estadio Universidad Indoamérica Bellavista,,,,LigaPro Serie A,,20220828_Mushuc-Runa_Gualaceo,4.8004261546009275,1.37,1.42,5,5,11,12,49.9,50.1,3,1,1,0,8,7
2022-08-28 21:30:00,Independiente del Valle,Universidad Católica (Quito),1.0,2.0,Quito,Ecuador,Estadio Banco Guayaquil,,,,LigaPro Serie A,,20220828_Independiente-del-Valle_Universidad-Católica-(Quito),30.157866552647874,1.24,1.11,3,5,7,11,48.2,51.8,1,3,1,0,3,3
2022-08-29 00:00:00,Barcelona SC,Liga de Quito,1.0,1.0,Quito,Ecuador,Estadio Banco Pichincha,,,,LigaPro Serie A,,20220829_Barcelona-SC_Liga-de-Quito,-22.229820408308342,1.06,1.13,2,4,5,8,46.2,53.8,2,1,0,0,5,5
2022-08-30 00:00:00,Técnico Universitario,Orense,2.0,0.0,Ambato,Ecuador,Estadio Universidad Indoamérica Bellavista,,,,LigaPro Serie A,,20220830_Técnico-Universitario_Orense,-28.18647448767433,1.63,1.37,4,4,10,10,52.0,48.0,1,2,0,0,7,10
2022-09-03 00:00:00,Emelec,Cumbayá,1.0,0.0,Quito,Ecuador,Estadio George Capwell Banco del Austro,,,,LigaPro Serie A,,20220903_Emelec_Cumbayá,116.89339945700226,1.21,0.54,4,1,10,2,52.1,47.9,2,1,0,0,6,4
2022-09-03 19:00:00,Deportivo Cuenca,Independiente del Valle,2.0,1.0,Cuenca,Ecuador,Banco del Austro Alejandro Serrano Aguil,,,,LigaPro Serie A,,20220903_Deportivo-Cuenca_Independiente-del-Valle,-80.27819121505377,0.8,0.05,2,1,3,2,48.5,51.5,4,0,0,0,2,1
2022-09-03 21:30:00,Guayaquil City FC,9 de Octubre,1.0,1.0,Quito,Ecuador,Estadio Christian Benítez Betancourt,,,,LigaPro Serie A,,20220903_Guayaquil-City-FC_9-de-Octubre,21.62843615219913,1.19,0.6,4,3,9,7,45.8,54.2,4,2,0,0,5,2
2022-09-04 00:00:00,Gualaceo,Barcelona SC,2.0,1.0,Azogues,Ecuador,Estadio Jorge Andrade Cantos,,,,LigaPro Serie A,,20220904_Gualaceo_Barcelona-SC,-102.0111307165173,1.96,1.37,8,3,17,6,53.9,46.1,3,1,0,0,5,3
2022-09-04 19:00:00,Macará,Mushuc Runa,3.0,0.0,Ambato,Ecuador,Estadio Universidad Indoamérica Bellavista,,,,LigaPro Serie A,,20220904_Macará_Mushuc-Runa,-87.39048764328209,0.95,1.38,3,4,7,8,52.2,47.8,5,0,0,0,8,3
2022-09-04 21:30:00,Liga de Quito,Orense,1.0,2.0,Quito,Ecuador,Rodrigo Paz Delgado,,,,LigaPro Serie A,,20220904_Liga-de-Quito_Orense,126.45707358271306,1.09,1.17,4,3,8,7,56.1,43.9,1,1,0,0,4,3
2022-09-05 00:00:00,Universidad Católica (Quito),Aucas,1.0,2.0,Quito,Ecuador,Estadio Olímpico Atahualpa,,,,LigaPro Serie A,,20220905_Universidad-Católica-(Quito)_Aucas,9.351580435969481,1.34,2.31,5,7,12,15,47.6,52.4,2,1,0,0,5,5
2022-09-06 00:00:00,Delfín,Técnico Universitario,0.0,0.0,Manta,Ecuador,Estadio Jocay,,,,LigaPro Serie A,,20220906_Delfín_Técnico-Universitario,30.243863295081155,0.65,1.32,3,4,7,10,44.3,55.7,0,2,0,0,7,8
2022-09-10 00:00:00,Mushuc Runa,Liga de Quito,1.0,2.0,Ambato,Ecuador,Estadio Universidad Indoamérica Bellavista,,,,LigaPro Serie A,,20220910_Mushuc-Runa_Liga-de-Quito,-93.0103906105885,1.66,1.13,5,3,10,7,49.3,50.7,1,2,0,0,7,4
2022-09-10 19:00:00,Orense,Gualaceo,4.0,1.0,Machala,Ecuador,9 de Mayo,,,,LigaPro Serie A,,20220910_Orense_Gualaceo,-2.990576812647305,1.41,0.67,5,1,10,1,48.2,51.8,2,2,0,1,5,0
2022-09-10 21:30:00,Cumbayá,Guayaquil City FC,3.0,0.0,Ambato,Ecuador,Estadio Universidad Indoamérica Bellavista,,,,LigaPro Serie A,,20220910_Cumbayá_Guayaquil-City-FC,-29.983887725038585,1.24,0.61,3,3,7,6,49.1,50.9,0,2,0,0,1,5
2022-09-11 00:00:00,Barcelona SC,Macará,5.0,3.0,Quito,Ecuador,Estadio Christian Benítez Betancourt,,,,LigaPro Serie A,,20220911_Barcelona-SC_Macará,130.55102940250185,2.05,1.72,7,5,17,12,48.7,51.3,2,2,0,0,14,5
2022-09-11 19:00:00,Independiente del Valle,Delfín,2.0,0.0,Quito,Ecuador,Estadio Banco Guayaquil,,,,LigaPro Serie A,,20220911_Independiente-del-Valle_Delfín,100.12225754047222,2.23,0.93,8,2,17,5,45.7,54.3,3,2,0,0,4,5
2022-09-11 21:30:00,Aucas,Emelec,1.0,1.0,Quito,Ecuador,Estadio Cooprogreso Gonzalo Pozo Ripalda,,,,LigaPro Serie A,,20220911_Aucas_Emelec,32.59029223904872,0.43,0.91,2,3,4,7,55.4,44.6,1,4,0,1,2,3
2022-09-12 00:00:00,9 de Octubre,Deportivo Cuenca,1.0,0.0,Milagro,Ecuador,Los Chirijos,,,,LigaPro Serie A,,20220912_9-de-Octubre_Deportivo-Cuenca,-91.40762670069739,0.97,1.36,3,6,8,14,48.6,51.4,2,2,0,0,4,5
2022-09-13 00:00:00,Técnico Universitario,Universidad Católica (Quito),1.0,1.0,Ambato,Ecuador,Estadio Universidad Indoamérica Bellavista,,,,LigaPro Serie A,,20220913_Técnico-Universitario_Universidad-Católica-(Quito),-126.60384279798154,0.34,1.37,1,2,0,4,40.3,59.7,3,1,0,0,4,5
2022-09-17 00:00:00,Deportivo Cuenca,Cumbayá,1.0,1.0,Cuenca,Ecuador,Banco del Austro Alejandro Serrano Aguil,,,,LigaPro Serie A,,20220917_Deportivo-Cuenca_Cumbayá,73.13592034767748,0.85,1.77,3,7,8,16,52.3,47.7,1,1,0,0,1,9
2022-09-17 18:00:00,Macará,Gualaceo,1.0,1.0,Ambato,Ecuador,Estadio Universidad Indoamérica Bellavista,,,,LigaPro Serie A,,20220917_Macará_Gualaceo,-54.979349595219446,1.37,0.57,4,2,7,4,52.1,47.9,2,0,0,0,1,8
2022-09-17 20:30:00,Delfín,9 de Octubre,3.0,1.0,Manta,Ecuador,Estadio Jocay,,,,LigaPro Serie A,,20220917_Delfín_9-de-Octubre,18.3939873340546,0.89,0.57,4,3,11,6,54.9,45.1,0,3,0,0,5,9
2022-09-17 23:00:00,Liga de Quito,Independiente del Valle,2.0,2.0,Quito,Ecuador,Rodrigo Paz Delgado,,,,LigaPro Serie A,,20220917_Liga-de-Quito_Independiente-del-Valle,-16.580321906827066,2.38,0.48,7,2,14,2,45.0,55.0,3,2,0,0,7,2
2022-09-18 18:00:00,Universidad Católica (Quito),Orense,2.0,0.0,Quito,Ecuador,Estadio Olímpico Atahualpa,,,,LigaPro Serie A,,20220918_Universidad-Católica-(Quito)_Orense,92.92537170104492,1.54,0.94,4,1,10,2,59.5,40.5,4,2,0,0,4,0
2022-09-18 20:30:00,Aucas,Técnico Universitario,5.0,2.0,Quito,Ecuador,Estadio Cooprogreso Gonzalo Pozo Ripalda,,,,LigaPro Serie A,,20220918_Aucas_Técnico-Universitario,136.58679757077857,1.1,1.73,5,5,13,9,51.3,48.7,0,1,0,0,6,3
2022-09-19 17:00:00,Emelec,Barcelona SC,1.0,3.0,Quito,Ecuador,Estadio George Capwell Banco del Austro,,,,LigaPro Serie A,,20220919_Emelec_Barcelona-SC,11.201329135030164,1.17,2.29,2,8,5,16,55.0,45.0,2,0,0,0,3,5
2022-09-20 00:00:00,Guayaquil City FC,Mushuc Runa,4.0,1.0,Quito,Ecuador,Estadio Christian Benítez Betancourt,,,,LigaPro Serie A,,20220920_Guayaquil-City-FC_Mushuc-Runa,-16.453299903851303,1.8,1.1,6,6,12,12,56.7,43.3,1,5,0,0,7,4
2022-09-24 21:30:00,Universidad Católica (Quito),9 de Octubre,3.0,0.0,Quito,Ecuador,Estadio Olímpico Atahualpa,,,,LigaPro Serie A,,20220924_Universidad-Católica-(Quito)_9-de-Octubre,141.51363455827527,1.71,0.05,6,0,14,0,44.4,55.6,4,0,0,0,10,1
2022-09-25 00:00:00,Independiente del Valle,Macará,1.0,0.0,Quito,Ecuador,Estadio Banco Guayaquil,,,,LigaPro Serie A,,20220925_Independiente-del-Valle_Macará,181.1671352353344,0.05,1.1,2,1,6,3,59.6,40.4,1,1,0,0,4,3
2022-09-25 20:30:00,Delfín,Mushuc Runa,0.0,0.0,Manta,Ecuador,Estadio Jocay,,,,LigaPro Serie A,,20220925_Delfín_Mushuc-Runa,33.85677368550682,1.5,0.32,5,0,13,1,48.8,51.2,1,1,0,0,10,0
2022-09-25 23:00:00,Emelec,Deportivo Cuenca,3.0,1.0,Portoviejo,Ecuador,Estadio Reales Tamarindos,,,,LigaPro Serie A,,20220925_Emelec_Deportivo-Cuenca,38.166167253291405,1.25,0.84,3,2,5,1,50.1,49.9,2,1,0,0,5,1
2022-10-01 00:00:00,Gualaceo,Universidad Católica (Quito),0.0,1.0,Azogues,Ecuador,Estadio Jorge Andrade Cantos,,,,LigaPro Serie A,,20221001_Gualaceo_Universidad-Católica-(Quito),-132.2552479066644,1.26,1.26,4,5,9,10,38.7,61.3,4,1,0,0,5,6
2022-10-01 22:45:00,9 de Octubre,Liga de Quito,2.0,2.0,Quito,Ecuador,Estadio Alberto Spencer,,,,LigaPro Serie A,,20221001_9-de-Octubre_Liga-de-Quito,-138.50831342747688,2.3,1.18,8,5,15,12,41.5,58.5,0,3,0,0,9,8
2022-10-02 01:00:00,Mushuc Runa,Emelec,0.0,0.0,Ambato,Ecuador,Cooperativa de Ahorro y Crédito Mushuc Runa,,,,LigaPro Serie A,,20221002_Mushuc-Runa_Emelec,-110.53085489642785,1.06,1.94,2,5,4,14,45.1,54.9,3,4,0,0,3,6
2022-10-02 18:00:00,Orense,Delfín,1.0,1.0,Machala,Ecuador,9 de Mayo,,,,LigaPro Serie A,,20221002_Orense_Delfín,-9.100363703896846,1.69,1.28,5,3,10,7,51.2,48.8,2,1,0,0,4,6
2022-10-02 20:30:00,Cumbayá,Aucas,0.0,0.0,Quito,Ecuador,Estadio Olímpico Atahualpa,,,,LigaPro Serie A,,20221002_Cumbayá_Aucas,-156.56707037647357,0.43,0.13,0,0,1,0,40.8,59.2,1,5,0,0,3,1
2022-10-02 23:00:00,Barcelona SC,Guayaquil City FC,1.0,1.0,Milagro,Ecuador,Los Chirijos,,,,LigaPro Serie A,,20221002_Barcelona-SC_Guayaquil-City-FC,105.89923312144288,0.6,0.82,2,1,5,3,51.2,48.8,2,1,0,0,3,7
2022-10-04 00:00:00,Técnico Universitario,Deportivo Cuenca,1.0,0.0,Ambato,Ecuador,Estadio Universidad Indoamérica Bellavista,,,,LigaPro Serie A,,20221004_Técnico-Universitario_Deportivo-Cuenca,-52.512556846912275,0.05,1.17,1,4,4,9,43.8,56.2,3,1,0,0,3,5
2022-10-08 00:00:00,Delfín,Liga de Quito,3.0,0.0,Manta,Ecuador,Estadio Jocay,,,,LigaPro Serie A,,20221008_Delfín_Liga-de-Quito,-86.95229283182493,1.48,0.58,4,3,10,9,46.2,53.8,2,2,0,0,6,3
2022-10-08 18:00:00,Cumbayá,Universidad Católica (Quito),0.0,0.0,Sangolqui,Ecuador,Estadio Rumiñahui,,,,LigaPro Serie A,,20221008_Cumbayá_Universidad-Católica-(Quito),-149.49706506556072,0.76,1.09,1,1,4,3,38.6,61.4,0,1,0,0,3,4
2022-10-08 20:30:00,Macará,9 de Octubre,3.0,1.0,Ambato,Ecuador,Estadio Universidad Indoamérica Bellavista,,,,LigaPro Serie A,,20221008_Macará_9-de-Octubre,-38.02283428076316,1.39,0.8,5,3,11,8,45.5,54.5,2,3,1,0,9,3
2022-10-08 23:00:00,Deportivo Cuenca,Barcelona SC,2.0,1.0,Cuenca,Ecuador,Banco del Austro Alejandro Serrano Aguil,,,,LigaPro Serie A,,20221008_Deportivo-Cuenca_Barcelona-SC,-72.67701167510313,1.31,1.8,3,6,6,13,40.3,59.7,1,1,0,0,1,4
2022-10-09 18:00:00,Guayaquil City FC,Gualaceo,1.0,0.0,Quito,Ecuador,Estadio Christian Benítez Betancourt,,,,LigaPro Serie A,,20221009_Guayaquil-City-FC_Gualaceo,10.515068634663976,0.97,0.88,3,1,8,4,52.0,48.0,3,0,1,0,3,3
2022-10-09 20:30:00,Aucas,Mushuc Runa,0.0,0.0,Quito,Ecuador,Estadio Cooprogreso Gonzalo Pozo Ripalda,,,,LigaPro Serie A,,20221009_Aucas_Mushuc-Runa,141.32462247832746,0.37,1.05,0,3,0,8,52.8,47.2,0,2,0,0,2,3
2022-10-09 23:00:00,Emelec,Orense,0.0,0.0,Quevedo,Ecuador,Estadio 7 de Octubre,,,,LigaPro Serie A,,20221009_Emelec_Orense,84.09775189600168,0.24,0.87,0,1,0,2,53.8,46.2,0,1,0,0,3,3
2022-10-11 00:00:00,Independiente del Valle,Técnico Universitario,0.0,1.0,Quito,Ecuador,Estadio Banco Guayaquil,,,,LigaPro Serie A,,20221011_Independiente-del-Valle_Técnico-Universitario,132.12115646641996,0.05,1.36,0,4,0,7,50.1,49.9,0,1,0,0,2,8
2022-10-15 23:00:00,Gualaceo,Delfín,2.0,1.0,Azogues,Ecuador,Estadio Jorge Andrade Cantos,,,,LigaPro Serie A,,20221015_Gualaceo_Delfín,-57.24008249341864,1.77,0.72,5,3,10,7,48.5,51.5,2,4,0,0,8,7
2022-10-15 23:00:00,Liga de Quito,Guayaquil City FC,2.0,0.0,Quito,Ecuador,Rodrigo Paz Delgado,,,,LigaPro Serie A,,20221015_Liga-de-Quito_Guayaquil-City-FC,80.51932811370511,1.6,0.4,5,2,11,5,50.8,49.2,1,1,0,0,6,8
2022-10-15 23:00:00,Orense,Deportivo Cuenca,1.0,0.0,Machala,Ecuador,9 de Mayo,,,,LigaPro Serie A,,20221015_Orense_Deportivo-Cuenca,-26.07622762883784,1.05,1.13,4,3,7,6,47.4,52.6,1,4,0,0,2,1
2022-10-16 23:00:00,Barcelona SC,Aucas,0.0,2.0,Quito,Ecuador,Estadio Banco Pichincha,,,,LigaPro Serie A,,20221016_Barcelona-SC_Aucas,-44.996426195104505,0.34,1.37,1,6,3,13,45.3,54.7,0,3,0,0,3,11
2022-10-16 23:00:00,Mushuc Runa,Independiente del Valle,0.0,1.0,Ambato,Ecuador,Cooperativa de Ahorro y Crédito Mushuc Runa,,,,LigaPro Serie A,,20221016_Mushuc-Runa_Independiente-del-Valle,-119.72134804824645,1.14,1.56,2,3,5,9,51.3,48.7,1,1,0,0,4,6
2022-10-16 23:00:00,Universidad Católica (Quito),Emelec,2.0,0.0,Quito,Ecuador,Estadio Olímpico Atahualpa,,,,LigaPro Serie A,,20221016_Universidad-Católica-(Quito)_Emelec,39.231992296058024,1.36,0.07,4,1,9,0,55.0,45.0,0,1,0,0,7,4
2022-10-18 00:00:00,9 de Octubre,Cumbayá,0.0,1.0,Milagro,Ecuador,Los Chirijos,,,,LigaPro Serie A,,20221018_9-de-Octubre_Cumbayá,-28.017909753100184,1.39,0.73,4,4,8,7,48.9,51.1,1,3,0,0,3,4
2022-10-18 00:00:00,Técnico Universitario,Macará,3.0,1.0,Ambato,Ecuador,Estadio Universidad Indoamérica Bellavista,,,,LigaPro Serie A,,20221018_Técnico-Universitario_Macará,64.60181968825532,1.8,0.2,5,2,10,6,50.6,49.4,1,1,0,0,6,9
2022-10-22 00:00:00,Deportivo Cuenca,Mushuc Runa,3.0,1.0,Cuenca,Ecuador,Banco del Austro Alejandro Serrano Aguil,,,,LigaPro Serie A,,20221022_Deportivo-Cuenca_Mushuc-Runa,38.464495776979675,2.21,0.99,7,3,14,6,56.8,43.2,1,5,0,0,8,7
2022-10-22 18:00:00,Macará,Liga de Quito,0.0,5.0,Ambato,Ecuador,Estadio Universidad Indoamérica Bellavista,,,,LigaPro Serie A,,20221022_Macará_Liga-de-Quito,-158.25162384709483,0.76,1.06,4,5,8,8,46.9,53.1,0,4,0,0,2,7
2022-10-22 20:30:00,Emelec,Técnico Universitario,3.0,1.0,Quito,Ecuador,Estadio George Capwell Banco del Austro,,,,LigaPro Serie A,,20221022_Emelec_Técnico-Universitario,54.90963805998558,1.48,1.83,4,7,10,16,47.0,53.0,1,1,0,0,5,7
2022-10-22 23:00:00,Cumbayá,Barcelona SC,1.0,1.0,Quito,Ecuador,Estadio Olímpico Atahualpa,,,,LigaPro Serie A,,20221022_Cumbayá_Barcelona-SC,-70.44821808120241,0.51,1.26,2,4,2,9,48.1,51.9,2,2,0,0,1,4
2022-10-23 20:30:00,Independiente del Valle,9 de Octubre,1.0,0.0,Quito,Ecuador,Estadio Banco Guayaquil,,,,LigaPro Serie A,,20221023_Independiente-del-Valle_9-de-Octubre,171.66112042663872,1.04,0.73,3,2,6,6,60.7,39.3,1,3,0,0,3,4
2022-10-23 23:00:00,Aucas,Gualaceo,3.0,0.0,Quito,Ecuador,Estadio Cooprogreso Gonzalo Pozo Ripalda,,,,LigaPro Serie A,,20221023_Aucas_Gualaceo,147.97183792101805,0.7,1.27,3,3,7,6,54.2,45.8,1,1,0,0,8,4
2022-10-23 23:00:00,Delfín,Universidad Católica (Quito),2.0,1.0,Manta,Ecuador,Estadio Jocay,,,,LigaPro Serie A,,20221023_Delfín_Universidad-Católica-(Quito),-121.67661893370791,0.61,0.85,3,2,6,6,44.5,55.5,2,2,0,0,2,4
2022-10-23 23:00:00,Guayaquil City FC,Orense,1.0,1.0,Quito,Ecuador,Estadio Christian Benítez Betancourt,,,,LigaPro Serie A,,20221023_Guayaquil-City-FC_Orense,-25.05307697986268,1.16,0.52,3,2,7,6,46.3,53.7,1,2,0,0,4,3
2022-11-06 21:00:00,Barcelona SC,Aucas,0.0,1.0,Quito,Ecuador,Estadio Banco Pichincha,,,,LigaPro Serie A,,20221106_Barcelona-SC_Aucas,-75.48319184386492,0.98,1.11,3,4,6,9,47.8,52.2,1,2,0,0,2,5
2022-11-13 23:00:00,Aucas,Barcelona SC,0.0,0.0,Quito,Ecuador,Estadio Cooprogreso Gonzalo Pozo Ripalda,,,,LigaPro Serie A,,20221113_Aucas_Barcelona-SC,94.34951631710737,0.99,0.86,3,2,6,3,53.7,46.3,2,1,0,0,5,5
2023-02-25 00:00:00,Deportivo Cuenca,Liga de Quito,2.0,0.0,Cuenca,Ecuador,Banco del Austro Alejandro Serrano Aguil,,,,LigaPro Serie A,,20230225_Deportivo-Cuenca_Liga-de-Quito,-69.92968860640394,0.69,0.79,3,2,8,4,44.5,55.5,2,0,0,0,7,7
2023-02-25 19:00:00,Independiente del Valle,Mushuc Runa,3.0,1.0,Quito,Ecuador,Estadio Banco Guayaquil,,,,LigaPro Serie A,,20230225_Independiente-del-Valle_Mushuc-Runa,152.95128019089407,1.68,0.83,6,3,13,6,50.2,49.8,0,2,0,1,7,6
2023-02-25 21:30:00,Guayaquil City FC,Cumbayá,1.0,1.0,Quito,Ecuador,Estadio Christian Benítez Betancourt,,,,LigaPro Serie A,,20230225_Guayaquil-City-FC_Cumbayá,-2.592832700748886,0.81,0.37,2,2,5,3,51.1,48.9,2,1,0,0,5,1
2023-02-26 00:00:00,Gualaceo,Barcelona SC,2.0,1.0,Azogues,Ecuador,Estadio Jorge Andrade Cantos,,,,LigaPro Serie A,,20230226_Gualaceo_Barcelona-SC,-80.59110673527834,1.67,1.36,5,5,10,12,44.6,55.4,2,2,0,0,6,6
2023-02-26 19:00:00,Técnico Universitario,Universidad Católica (Quito),4.0,1.0,Ambato,Ecuador,Estadio Universidad Indoamérica Bellavista,,,,LigaPro Serie A,,20230226_Técnico-Universitario_Universidad-Católica-(Quito),-109.52338425396101,1.09,0.05,4,1,9,5,50.2,49.8,0,2,0,0,6,3
2023-02-26 21:30:00,Aucas,El Nacional,0.0,2.0,Quito,Ecuador,Estadio Cooprogreso Gonzalo Pozo Ripalda,,,,LigaPro Serie A,,20230226_Aucas_El-Nacional,124.06241737824712,0.42,1.64,1,4,3,7,54.7,45.3,2,1,0,0,1,4
2023-02-27 00:00:00,Emelec,Libertad (Ecuador),2.0,0.0,Quito,Ecuador,Estadio George Capwell Banco del Austro,,,,LigaPro Serie A,,20230227_Emelec_Libertad-(Ecuador),63.244772611162944,1.46,1.49,5,6,9,13,44.8,55.2,2,0,0,0,9,5
2023-02-28 00:00:00,Delfín,Orense,1.0,1.0,Manta,Ecuador,Estadio Jocay,,,,LigaPro Serie A,,20230228_Delfín_Orense,10.609050456620935,1.54,0.46,6,1,13,3,43.9,56.1,2,0,0,0,11,5
2023-03-04 00:00:00,Libertad (Ecuador),Deportivo Cuenca,3.0,1.0,Loja,Ecuador,Estadio Reina del Cisne,,,,LigaPro Serie A,,20230304_Libertad-(Ecuador)_Deportivo-Cuenca,-33.453777466177144,0.51,1.36,3,5,6,13,51.9,48.1,2,2,0,0,5,6
2023-03-04 19:00:00,El Nacional,Técnico Universitario,3.0,2.0,Quito,Ecuador,Estadio Olímpico Atahualpa,,,,LigaPro Serie A,,20230304_El-Nacional_Técnico-Universitario,12.352496685581855,1.57,0.05,4,2,8,3,54.1,45.9,1,2,0,0,5,2
2023-03-04 21:30:00,Liga de Quito,Aucas,1.0,1.0,Quito,Ecuador,Rodrigo Paz Delgado,,,,LigaPro Serie A,,20230304_Liga-de-Quito_Aucas,-43.173070387462985,0.81,1.59,3,5,6,13,46.8,53.2,1,1,0,0,7,8
2023-03-05 00:00:00,Barcelona SC,Delfín,5.0,0.0,Quito,Ecuador,Estadio Banco Pichincha,,,,LigaPro Serie A,,20230305_Barcelona-SC_Delfín,13.685165919582687,2.28,0.58,8,0,18,0,47.4,52.6,1,2,0,1,7,4
2023-03-05 19:00:00,Mushuc Runa,Gualaceo,2.0,1.0,Ambato,Ecuador,Cooperativa de Ahorro y Crédito Mushuc Runa,,,,LigaPro Serie A,,20230305_Mushuc-Runa_Gualaceo,-27.839335440082095,1.09,1.32,4,3,11,6,50.1,49.9,0,2,0,0,8,0
2023-03-05 21:30:00,Universidad Católica (Quito),Guayaquil City FC,3.0,0.0,Quito,Ecuador,Estadio Olímpico Atahualpa,,,,LigaPro Serie A,,20230305_Universidad-Católica-(Quito)_Guayaquil-City-FC,107.78173684866806,0.51,0.3,3,1,9,3,52.1,47.9,2,3,0,0,4,2
2023-03-06 00:00:00,Orense,Emelec,2.0,1.0,Machala,Ecuador,9 de Mayo,,,,LigaPro Serie A,,20230306_Orense_Emelec,-75.30571635568981,0.97,0.84,6,2,13,6,42.3,57.7,2,1,0,0,7,6
2023-03-07 00:00:00,Cumbayá,Independiente del Valle,1.0,0.0,Quito,Ecuador,Estadio Olímpico Atahualpa,,,,LigaPro Serie A,,20230307_Cumbayá_Independiente-del-Valle,-132.80819733428484,0.62,1.58,4,6,10,14,39.5,60.5,2,1,0,0,7,7
2023-03-18 00:00:00,Gualaceo,Orense,2.0,1.0,Azogues,Ecuador,Estadio Jorge Andrade Cantos,,,,LigaPro Serie A,,20230318_Gualaceo_Orense,-55.08068769524539,1.18,0.05,4,1,10,3,46.6,53.4,1,3,0,0,4,3
2023-03-18 19:00:00,Delfín,Libertad (Ecuador),3.0,2.0,Manta,Ecuador,Estadio Jocay,,,,LigaPro Serie A,,20230318_Delfín_Libertad-(Ecuador),-7.185153522387054,1.48,1.1,5,2,11,4,45.6,54.4,0,1,0,0,5,1
2023-03-18 21:30:00,Guayaquil City FC,Mushuc Runa,4.0,1.0,Quito,Ecuador,Estadio Christian Benítez Betancourt,,,,LigaPro Serie A,,20230318_Guayaquil-City-FC_Mushuc-Runa,10.445499316912219,2.03,0.11,5,1,11,3,49.9,50.1,0,0,0,0,10,2
2023-03-19 00:00:00,Independiente del Valle,Barcelona SC,1.0,0.0,Quito,Ecuador,Estadio Banco Guayaquil,,,,LigaPro Serie A,,20230319_Independiente-del-Valle_Barcelona-SC,60.15458469115583,0.81,1.12,4,5,9,12,55.2,44.8,1,0,0,0,4,8
2023-03-19 19:00:00,Aucas,Universidad Católica (Quito),4.0,1.0,Quito,Ecuador,Estadio Cooprogreso Gonzalo Pozo Ripalda,,,,LigaPro Serie A,,20230319_Aucas_Universidad-Católica-(Quito),16.116893883470993,1.95,0.93,6,3,13,5,48.5,51.5,2,2,0,0,8,2
2023-03-19 21:30:00,El Nacional,Liga de Quito,0.0,2.0,Quito,Ecuador,Estadio Olímpico Atahualpa,,,,LigaPro Serie A,,20230319_El-Nacional_Liga-de-Quito,-38.575971058681944,0.05,0.77,2,2,3,3,46.9,53.1,3,1,0,0,3,5
2023-03-20 00:00:00,Emelec,Técnico Universitario,1.0,0.0,Quito,Ecuador,Estadio George Capwell Banco del Austro,,,,LigaPro Serie A,,20230320_Emelec_Técnico-Universitario,66.3375590697674,0.9,0.05,2,0,3,0,55.5,44.5,1,3,0,0,5,2
2023-03-21 00:00:00,Deportivo Cuenca,Cumbayá,1.0,0.0,Cuenca,Ecuador,Banco del Austro Alejandro Serrano Aguil,,,,LigaPro Serie A,,20230321_Deportivo-Cuenca_Cumbayá,17.49654371624365,0.52,0.49,1,2,0,3,55.6,44.4,4,2,0,0,2,2
2023-03-31 22:30:00,Universidad Católica (Quito),Independiente del Valle,2.0,3.0,Quito,Ecuador,Estadio Olímpico Atahualpa,,,,LigaPro Serie A,,20230331_Universidad-Católica-(Quito)_Independiente-del-Valle,-24.05848864668178,1.6,0.84,6,3,12,4,54.6,45.4,0,3,0,0,6,6
2023-04-01 01:00:00,Liga de Quito,Gualaceo,6.0,1.0,Quito,Ecuador,Rodrigo Paz Delgado,,,,LigaPro Serie A,,20230401_Liga-de-Quito_Gualaceo,105.78885743895125,2.11,0.3,8,1,18,3,53.2,46.8,1,3,0,0,10,4
2023-04-01 19:00:00,Libertad (Ecuador),Aucas,2.0,2.0,Loja,Ecuador,Estadio Reina del Cisne,,,,LigaPro Serie A,,20230401_Libertad-(Ecuador)_Aucas,-126.84661553548176,1.8,1.56,7,5,14,11,46.5,53.5,3,0,0,0,3,4
2023-04-01 21:30:00,Barcelona SC,Mushuc Runa,1.0,0.0,Quito,Ecuador,Estadio Banco Pichincha,,,,LigaPro Serie A,,20230401_Barcelona-SC_Mushuc-Runa,79.2257243905824,1.2,0.05,5,0,11,2,54.5,45.5,1,2,0,0,7,5
2023-04-02 00:00:00,Delfín,Emelec,3.0,2.0,Manta,Ecuador,Estadio Jocay,,,,LigaPro Serie A,,20230402_Delfín_Emelec,-59.883966762084356,1.51,0.92,5,4,13,7,44.9,55.1,1,1,0,0,0,3
2023-04-02 19:00:00,Técnico Universitario,Deportivo Cuenca,3.0,0.0,Ambato,Ecuador,Estadio Universidad Indoamérica Bellavista,,,,LigaPro Serie A,,20230402_Técnico-Universitario_Deportivo-Cuenca,-39.4092531031456,1.54,0.53,3,3,6,6,49.1,50.9,1,3,0,0,2,4
2023-04-02 21:30:00,Cumbayá,El Nacional,2.0,0.0,Quito,Ecuador,Estadio Olímpico Atahualpa,,,,LigaPro Serie A,,20230402_Cumbayá_El-Nacional,-35.44241203919637,2.19,0.94,7,1,16,4,49.7,50.3,0,2,0,0,7,5
2023-04-03 00:00:00,Orense,Guayaquil City FC,3.0,2.0,Machala,Ecuador,9 de Mayo,,,,LigaPro Serie A,,20230403_Orense_Guayaquil-City-FC,21.029581793948182,1.68,1.23,6,2,13,4,47.1,52.9,3,2,0,0,2,5
2023-04-08 00:00:00,Orense,Deportivo Cuenca,2.0,0.0,Machala,Ecuador,9 de Mayo,,,,LigaPro Serie A,,20230408_Orense_Deportivo-Cuenca,1.2240392243436418,0.96,1.31,4,3,10,6,45.3,54.7,3,1,0,0,7,8
2023-04-08 18:00:00,Gualaceo,Técnico Universitario,1.0,1.0,Azogues,Ecuador,Estadio Jorge Andrade Cantos,,,,LigaPro Serie A,,20230408_Gualaceo_Técnico-Universitario,-33.11440689772098,0.05,0.3,1,3,2,5,49.3,50.7,1,2,0,0,1,4
2023-04-08 20:30:00,El Nacional,Universidad Católica (Quito),1.0,2.0,Sangolqui,Ecuador,Estadio Rumiñahui,,,,LigaPro Serie A,,20230408_El-Nacional_Universidad-Católica-(Quito),-63.94398745375588,0.45,0.67,1,2,3,3,46.9,53.1,1,3,0,0,3,4
2023-04-08 23:00:00,Independiente del Valle,Delfín,3.0,0.0,Quito,Ecuador,Estadio Banco Guayaquil,,,,LigaPro Serie A,,20230408_Independiente-del-Valle_Delfín,91.7119166819316,1.43,0.71,5,4,10,7,59.9,40.1,0,2,0,0,7,8
2023-04-09 18:00:00,Mushuc Runa,Libertad (Ecuador),2.0,1.0,Ambato,Ecuador,Cooperativa de Ahorro y Crédito Mushuc Runa,,,,LigaPro Serie A,,20230409_Mushuc-Runa_Libertad-(Ecuador),-60.87169725046897,1.33,1.41,2,5,5,9,45.5,54.5,0,1,0,0,3,6
2023-04-09 20:30:00,Guayaquil City FC,Liga de Quito,1.0,2.0,Quito,Ecuador,Estadio Christian Benítez Betancourt,,,,LigaPro Serie A,,20230409_Guayaquil-City-FC_Liga-de-Quito,-119.2406441568362,0.08,0.53,1,2,2,7,51.6,48.4,3,2,0,0,5,5
2023-04-09 23:00:00,Aucas,Emelec,2.0,1.0,Quito,Ecuador,Estadio Cooprogreso Gonzalo Pozo Ripalda,,,,LigaPro Serie A,,20230409_Aucas_Emelec,59.50330216097109,0.43,1.28,2,5,5,10,47.9,52.1,1,2,0,0,2,8
2023-04-11 00:00:00,Barcelona SC,Cumbayá,4.0,1.0,Quito,Ecuador,Estadio Banco Pichincha,,,,LigaPro Serie A,,20230411_Barcelona-SC_Cumbayá,37.445264796583615,1.76,1.25,5,5,13,10,52.4,47.6,3,0,0,0,4,1
2023-04-15 00:00:00,Libertad (Ecuador),Independiente del Valle,0.0,0.0,Loja,Ecuador,Estadio Reina del Cisne,,,,LigaPro Serie A,,20230415_Libertad-(Ecuador)_Independiente-del-Valle,-141.85993047590364,0.23,1.22,0,4,0,8,43.5,56.5,4,4,0,0,3,3
2023-04-15 17:30:00,Técnico Universitario,Aucas,0.0,1.0,Ambato,Ecuador,Estadio Universidad Indoamérica Bellavista,,,,LigaPro Serie A,,20230415_Técnico-Universitario_Aucas,-129.0148632304456,0.05,0.86,0,2,0,4,41.8,58.2,2,0,0,0,0,0
2023-04-15 20:00:00,Deportivo Cuenca,Guayaquil City FC,4.0,1.0,Cuenca,Ecuador,Banco del Austro Alejandro Serrano Aguil,,,,LigaPro Serie A,,20230415_Deportivo-Cuenca_Guayaquil-City-FC,38.43292081469235,2.24,1.51,7,5,15,11,53.3,46.7,4,2,0,0,5,9
2023-04-15 23:00:00,Liga de Quito,Barcelona SC,0.0,1.0,Quito,Ecuador,Rodrigo Paz Delgado,,,,LigaPro Serie A,,20230415_Liga-de-Quito_Barcelona-SC,50.47876621537671,1.24,0.88,4,3,8,4,50.3,49.7,0,2,0,0,4,2
2023-04-16 18:00:00,Cumbayá,Gualaceo,1.0,0.0,Sangolqui,Ecuador,Estadio Rumiñahui,,,,LigaPro Serie A,,20230416_Cumbayá_Gualaceo,20.24733207642862,0.93,0.44,2,1,6,2,48.3,51.7,3,0,0,0,7,2
2023-04-16 20:30:00,Delfín,Mushuc Runa,3.0,0.0,Portoviejo,Ecuador,Estadio Reales Tamarindos,,,,LigaPro Serie A,,20230416_Delfín_Mushuc-Runa,65.04942444568587,1.46,1.13,6,3,12,8,47.2,52.8,0,2,0,0,6,6
2023-04-17 17:00:00,Emelec,El Nacional,1.0,2.0,Quito,Ecuador,Estadio George Capwell Banco del Austro,,,,LigaPro Serie A,,20230417_Emelec_El-Nacional,50.270487312819796,1.81,0.83,6,3,15,6,51.9,48.1,3,2,0,1,10,2
2023-04-18 00:00:00,Universidad Católica (Quito),Orense,1.0,1.0,Latacunga,Ecuador,Estadio La Cocha,,,,LigaPro Serie A,,20230418_Universidad-Católica-(Quito)_Orense,55.86717793168009,1.15,1.4,3,7,7,16,48.4,51.6,0,1,0,0,3,7
2023-04-22 00:00:00,Guayaquil City FC,Delfín,2.0,1.0,Quito,Ecuador,Estadio Christian Benítez Betancourt,,,,LigaPro Serie A,,20230422_Guayaquil-City-FC_Delfín,-75.86401332846503,1.14,1.41,4,6,10,13,47.4,52.6,2,2,1,0,5,6
2023-04-22 18:00:00,Gualaceo,Universidad Católica (Quito),1.0,0.0,Azogues,Ecuador,Estadio Jorge Andrade Cantos,,,,LigaPro Serie A,,20230422_Gualaceo_Universidad-Católica-(Quito),-123.10998966219313,0.91,0.05,3,0,6,0,36.2,63.8,0,3,0,0,4,3
2023-04-22 20:30:00,Independiente del Valle,Técnico Universitario,1.0,0.0,Quito,Ecuador,Estadio Banco Guayaquil,,,,LigaPro Serie A,,20230422_Independiente-del-Valle_Técnico-Universitario,131.46863728445896,1.22,1.05,3,2,8,3,59.4,40.6,1,2,0,0,5,2
2023-04-22 23:00:00,Orense,Liga de Quito,2.0,1.0,Machala,Ecuador,9 de Mayo,,,,LigaPro Serie A,,20230422_Orense_Liga-de-Quito,-56.095808417382614,1.05,0.58,2,4,3,9,51.2,48.8,4,1,0,0,5,4
2023-04-23 18:00:00,El Nacional,Libertad (Ecuador),4.0,2.0,Quito,Ecuador,Estadio Olímpico Atahualpa,,,,LigaPro Serie A,,20230423_El-Nacional_Libertad-(Ecuador),21.87655572672429,1.42,1.58,4,5,7,11,48.0,52.0,2,0,0,0,5,9
2023-04-23 20:30:00,Barcelona SC,Deportivo Cuenca,2.0,1.0,Quito,Ecuador,Estadio Banco Pichincha,,,,LigaPro Serie A,,20230423_Barcelona-SC_Deportivo-Cuenca,49.454309461807725,0.89,1.04,2,4,4,8,53.4,46.6,0,2,0,0,4,8
2023-04-23 23:00:00,Mushuc Runa,Emelec,0.0,0.0,Ambato,Ecuador,Estadio Universidad Indoamérica Bellavista,,,,LigaPro Serie A,,20230423_Mushuc-Runa_Emelec,-91.83140368303634,1.51,0.35,4,1,8,2,54.3,45.7,0,2,1,0,10,4
2023-04-25 00:00:00,Aucas,Cumbayá,2.0,1.0,Quito,Ecuador,Estadio Cooprogreso Gonzalo Pozo Ripalda,,,,LigaPro Serie A,,20230425_Aucas_Cumbayá,136.03800230434808,1.84,1.89,5,5,13,12,53.8,46.2,3,0,0,0,1,9
2023-04-28 22:30:00,Aucas,Guayaquil City FC,1.0,0.0,Quito,Ecuador,Estadio Cooprogreso Gonzalo Pozo Ripalda,,,,LigaPro Serie A,,20230428_Aucas_Guayaquil-City-FC,176.93099017814188,0.25,0.05,1,0,3,1,62.8,37.2,1,3,0,0,2,1
2023-04-29 01:00:00,Emelec,Independiente del Valle,2.0,3.0,Quito,Ecuador,Estadio George Capwell Banco del Austro,,,,LigaPro Serie A,,20230429_Emelec_Independiente-del-Valle,-98.63673810679302,0.91,1.4,2,5,4,11,47.0,53.0,0,1,0,0,6,5
2023-04-29 18:00:00,Deportivo Cuenca,Gualaceo,1.0,2.0,Cuenca,Ecuador,Banco del Austro Alejandro Serrano Aguil,,,,LigaPro Serie A,,20230429_Deportivo-Cuenca_Gualaceo,28.30844366567635,1.86,1.61,5,6,14,15,53.4,46.6,1,1,0,0,13,6
2023-04-29 20:30:00,Universidad Católica (Quito),Liga de Quito,0.0,4.0,Quito,Ecuador,Estadio Olímpico Atahualpa,,,,LigaPro Serie A,,20230429_Universidad-Católica-(Quito)_Liga-de-Quito,-6.2166748816853215,0.88,0.92,3,4,6,9,55.4,44.6,0,2,0,0,7,7
2023-04-29 23:00:00,Técnico Universitario,Barcelona SC,2.0,2.0,Ambato,Ecuador,Estadio Universidad Indoamérica Bellavista,,,,LigaPro Serie A,,20230429_Técnico-Universitario_Barcelona-SC,-87.71907517807426,1.53,1.83,5,7,11,17,45.5,54.5,0,0,0,1,5,11
2023-04-30 18:00:00,Cumbayá,Mushuc Runa,1.0,1.0,Quito,Ecuador,Estadio Olímpico Atahualpa,,,,LigaPro Serie A,,20230430_Cumbayá_Mushuc-Runa,46.06089041024825,2.52,0.19,8,1,17,5,59.7,40.3,0,2,0,0,5,3
2023-04-30 20:30:00,Libertad (Ecuador),Orense,0.0,0.0,Loja,Ecuador,Estadio Reina del Cisne,,,,LigaPro Serie A,,20230430_Libertad-(Ecuador)_Orense,-62.94056214650618,0.74,1.12,3,3,5,6,51.8,48.2,1,1,0,0,2,5
2023-04-30 23:00:00,Delfín,El Nacional,2.0,0.0,Manta,Ecuador,Estadio Jocay,,,,LigaPro Serie A,,20230430_Delfín_El-Nacional,-10.226492394117258,1.74,0.05,7,0,16,0,52.1,47.9,2,2,0,0,12,1
2023-05-06 00:00:00,Orense,Técnico Universitario,2.0,1.0,Machala,Ecuador,9 de Mayo,,,,LigaPro Serie A,,20230506_Orense_Técnico-Universitario,53.139528751476064,1.1,0.54,2,2,4,3,57.5,42.5,2,3,0,0,4,2
2023-05-06 18:00:00,Universidad Católica (Quito),Deportivo Cuenca,1.0,0.0,Quito,Ecuador,Estadio Olímpico Atahualpa,,,,LigaPro Serie A,,20230506_Universidad-Católica-(Quito)_Deportivo-Cuenca,63.82658875084462,0.71,1.32,3,5,8,12,49.4,50.6,0,3,0,0,1,6
2023-05-06 23:00:00,Gualaceo,Independiente del Valle,1.0,2.0,Azogues,Ecuador,Estadio Jorge Andrade Cantos,,,,LigaPro Serie A,,20230506_Gualaceo_Independiente-del-Valle,-153.15376339408363,0.46,0.48,1,4,2,10,39.0,61.0,2,0,0,0,3,7
2023-05-07 18:00:00,Mushuc Runa,El Nacional,0.0,1.0,Ambato,Ecuador,Cooperativa de Ahorro y Crédito Mushuc Runa,,,,LigaPro Serie A,,20230507_Mushuc-Runa_El-Nacional,-63.220223070613656,1.26,1.2,4,3,8,8,49.4,50.6,1,1,0,0,11,3
2023-05-07 20:30:00,Cumbayá,Emelec,0.0,0.0,Latacunga,Ecuador,Estadio La Cocha,,,,LigaPro Serie A,,20230507_Cumbayá_Emelec,-32.470484160821115,0.12,0.53,2,2,3,5,49.9,50.1,0,1,0,1,3,3
2023-05-07 23:00:00,Barcelona SC,Aucas,5.0,1.0,Quito,Ecuador,Estadio Banco Pichincha,,,,LigaPro Serie A,,20230507_Barcelona-SC_Aucas,-81.2984928389692,1.72,0.05,6,1,13,3,47.6,52.4,0,2,0,0,4,4
2023-05-09 00:00:00,Liga de Quito,Delfín,1.0,1.0,Quito,Ecuador,Rodrigo Paz Delgado,,,,LigaPro Serie A,,20230509_Liga-de-Quito_Delfín,56.486052788076904,0.62,1.8,1,6,4,13,50.6,49.4,4,5,0,0,1,4
2023-05-13 00:00:00,Deportivo Cuenca,Mushuc Runa,3.0,0.0,Cuenca,Ecuador,Banco del Austro Alejandro Serrano Aguil,,,,LigaPro Serie A,,20230513_Deportivo-Cuenca_Mushuc-Runa,40.59238216208769,1.42,0.51,4,2,10,4,51.0,49.0,3,1,0,0,2,3
2023-05-13 18:00:00,El Nacional,Orense,3.0,1.0,Quito,Ecuador,Estadio Olímpico Atahualpa,,,,LigaPro Serie A,,20230513_El-Nacional_Orense,-29.114452275030544,1.42,1.06,4,3,6,5,55.5,44.5,1,1,0,1,3,5
2023-05-13 20:30:00,Aucas,Gualaceo,1.0,0.0,Quito,Ecuador,Estadio Cooprogreso Gonzalo Pozo Ripalda,,,,LigaPro Serie A,,20230513_Aucas_Gualaceo,155.99582737642277,1.46,0.05,5,1,12,3,56.9,43.1,1,1,0,0,8,7
2023-05-13 23:00:00,Libertad (Ecuador),Barcelona SC,2.0,2.0,Loja,Ecuador,Estadio Reina del Cisne,,,,LigaPro Serie A,,20230513_Libertad-(Ecuador)_Barcelona-SC,-102.04320520985766,0.57,1.14,2,3,6,6,45.9,54.1,0,1,0,0,5,6
2023-05-14 18:00:00,Delfín,Universidad Católica (Quito),0.0,0.0,Manta,Ecuador,Estadio Jocay,,,,LigaPro Serie A,,20230514_Delfín_Universidad-Católica-(Quito),-34.584792112060995,1.35,0.64,5,3,11,7,42.4,57.6,0,1,1,0,6,5
2023-05-14 20:30:00,Independiente del Valle,Guayaquil City FC,4.0,0.0,Quito,Ecuador,Estadio Banco Guayaquil,,,,LigaPro Serie A,,20230514_Independiente-del-Valle_Guayaquil-City-FC,186.12288869153986,1.93,0.49,8,1,18,1,61.3,38.7,1,2,0,0,4,4
2023-05-14 23:00:00,Emelec,Liga de Quito,1.0,1.0,Quito,Ecuador,Estadio George Capwell Banco del Austro,,,,LigaPro Serie A,,20230514_Emelec_Liga-de-Quito,-58.00217640370897,1.45,0.28,5,1,11,2,48.6,51.4,1,3,0,0,9,4
2023-05-16 00:00:00,Técnico Universitario,Cumbayá,0.0,0.0,Ambato,Ecuador,Estadio Universidad Indoamérica Bellavista,,,,LigaPro Serie A,,20230516_Técnico-Universitario_Cumbayá,-15.338092057277208,0.54,1.65,4,6,10,13,42.5,57.5,3,1,0,0,5,3
2023-05-19 22:30:00,Liga de Quito,Técnico Universitario,2.0,1.0,Quito,Ecuador,Rodrigo Paz Delgado,,,,LigaPro Serie A,,20230519_Liga-de-Quito_Técnico-Universitario,101.05994520697755,1.88,0.22,6,3,15,6,49.4,50.6,4,0,0,0,6,5
2023-05-20 01:00:00,Barcelona SC,Orense,2.0,0.0,Quito,Ecuador,Estadio Banco Pichincha,,,,LigaPro Serie A,,20230520_Barcelona-SC_Orense,42.80141875998038,0.99,0.64,3,3,9,6,50.9,49.1,1,1,0,0,6,4
2023-05-20 18:00:00,Mushuc Runa,Aucas,0.0,0.0,Ambato,Ecuador,Cooperativa de Ahorro y Crédito Mushuc Runa,,,,LigaPro Serie A,,20230520_Mushuc-Runa_Aucas,-214.57420368676844,0.75,0.91,4,2,7,3,38.4,61.6,2,1,0,0,9,0
2023-05-20 20:30:00,Deportivo Cuenca,Independiente del Valle,1.0,2.0,Cuenca,Ecuador,Banco del Austro Alejandro Serrano Aguil,,,,LigaPro Serie A,,20230520_Deportivo-Cuenca_Independiente-del-Valle,-163.16356158614963,1.37,0.42,4,2,8,4,44.5,55.5,1,3,0,0,6,4
2023-05-20 23:00:00,Universidad Católica (Quito),Emelec,3.0,2.0,Quito,Ecuador,Estadio Olímpico Atahualpa,,,,LigaPro Serie A,,20230520_Universidad-Católica-(Quito)_Emelec,36.79330993668191,2.17,0.83,8,3,19,8,53.1,46.9,3,1,1,0,16,2
2023-05-21 18:00:00,Gualaceo,Libertad (Ecuador),1.0,1.0,Azogues,Ecuador,Estadio Jorge Andrade Cantos,,,,LigaPro Serie A,,20230521_Gualaceo_Libertad-(Ecuador),-12.543371203132892,0.28,1.26,3,4,5,9,50.9,49.1,5,1,0,0,4,5
2023-05-21 20:30:00,Cumbayá,Delfín,0.0,1.0,Quito,Ecuador,Estadio Olímpico Atahualpa,,,,LigaPro Serie A,,20230521_Cumbayá_Delfín,-37.338034495933925,0.87,1.59,3,7,8,15,49.3,50.7,2,1,0,0,3,5
2023-05-21 23:00:00,Guayaquil City FC,El Nacional,3.0,1.0,Quito,Ecuador,Estadio Christian Benítez Betancourt,,,,LigaPro Serie A,,20230521_Guayaquil-City-FC_El-Nacional,-79.91302188970258,1.39,2.42,3,8,8,17,52.5,47.5,2,1,0,1,7,12
2023-05-27 00:00:00,Libertad (Ecuador),Universidad Católica (Quito),2.0,2.0,Loja,Ecuador,Estadio Reina del Cisne,,,,LigaPro Serie A,,20230527_Libertad-(Ecuador)_Universidad-Católica-(Quito),-87.41221858917629,1.7,0.39,5,2,12,6,43.1,56.9,1,1,0,0,5,8
2023-05-27 18:00:00,Técnico Universitario,Mushuc Runa,1.0,0.0,Ambato,Ecuador,Estadio Universidad Indoamérica Bellavista,,,,LigaPro Serie A,,20230527_Técnico-Universitario_Mushuc-Runa,34.45361455780176,1.51,0.38,4,0,9,0,47.6,52.4,1,3,0,0,3,4
2023-05-27 20:30:00,Orense,Cumbayá,1.0,0.0,Machala,Ecuador,9 de Mayo,,,,LigaPro Serie A,,20230527_Orense_Cumbayá,45.87143789523316,1.41,1.5,4,5,9,11,53.0,47.0,4,1,1,0,6,2
2023-05-27 23:00:00,Delfín,Gualaceo,1.0,0.0,Manta,Ecuador,Estadio Jocay,,,,LigaPro Serie A,,20230527_Delfín_Gualaceo,66.8672800752679,0.42,0.41,2,0,2,0,57.4,42.6,2,2,0,0,3,3
2023-05-28 18:00:00,Aucas,Deportivo Cuenca,0.0,2.0,Quito,Ecuador,Estadio Cooprogreso Gonzalo Pozo Ripalda,,,,LigaPro Serie A,,20230528_Aucas_Deportivo-Cuenca,152.92501482749458,0.67,0.83,2,5,4,11,51.1,48.9,1,2,0,1,7,0
2023-05-28 20:30:00,Independiente del Valle,Liga de Quito,2.0,3.0,Quito,Ecuador,Estadio Banco Guayaquil,,,,LigaPro Serie A,,20230528_Independiente-del-Valle_Liga-de-Quito,72.39344587992218,0.86,0.66,4,3,8,6,50.3,49.7,2,1,1,0,2,1
2023-05-28 23:00:00,El Nacional,Barcelona SC,4.0,1.0,Quito,Ecuador,Estadio Olímpico Atahualpa,,,,LigaPro Serie A,,20230528_El-Nacional_Barcelona-SC,-71.15096817611402,2.11,0.75,7,2,16,4,45.1,54.9,2,2,0,0,7,8
2023-05-30 00:00:00,Emelec,Guayaquil City FC,0.0,0.0,Quito,Ecuador,Estadio George Capwell Banco del Austro,,,,LigaPro Serie A,,20230530_Emelec_Guayaquil-City-FC,44.637759533761255,0.51,0.73,1,2,2,4,51.1,48.9,4,0,0,0,3,2
2023-06-02 22:00:00,Independiente del Valle,Aucas,2.0,0.0,Quito,Ecuador,Estadio Banco Guayaquil,,,,LigaPro Serie A,,20230602_Independiente-del-Valle_Aucas,26.229532799115077,2.23,1.4,6,5,12,11,49.1,50.9,2,1,0,0,9,7
2023-06-03 00:30:00,Liga de Quito,Libertad (Ecuador),4.0,2.0,Quito,Ecuador,Rodrigo Paz Delgado,,,,LigaPro Serie A,,20230603_Liga-de-Quito_Libertad-(Ecuador),114.02987891225894,1.9,0.75,7,2,16,4,58.6,41.4,5,3,0,1,13,3
2023-06-03 20:00:00,Mushuc Runa,Orense,3.0,1.0,Ambato,Ecuador,Cooperativa de Ahorro y Crédito Mushuc Runa,,,,LigaPro Serie A,,20230603_Mushuc-Runa_Orense,-113.73241361852433,0.88,0.05,4,1,10,1,47.3,52.7,3,1,0,0,4,0
2023-06-03 23:00:00,Barcelona SC,Emelec,1.0,3.0,Quito,Ecuador,Estadio Banco Pichincha,,,,LigaPro Serie A,,20230603_Barcelona-SC_Emelec,64.11099054714327,0.05,0.96,1,3,3,6,60.1,39.9,2,3,0,0,4,4
2023-06-04 18:00:00,Cumbayá,Universidad Católica (Quito),0.0,1.0,Latacunga,Ecuador,Estadio La Cocha,,,,LigaPro Serie A,,20230604_Cumbayá_Universidad-Católica-(Quito),-98.45873590008455,0.68,0.88,3,4,7,8,45.1,54.9,2,2,0,0,5,7
2023-06-04 20:30:00,Técnico Universitario,Guayaquil City FC,3.0,0.0,Ambato,Ecuador,Estadio Universidad Indoamérica Bellavista,,,,LigaPro Serie A,,20230604_Técnico-Universitario_Guayaquil-City-FC,9.01994830390754,2.79,1.24,7,3,15,4,49.9,50.1,2,2,0,0,9,4
2023-06-04 23:00:00,Gualaceo,El Nacional,3.0,4.0,Azogues,Ecuador,Estadio Jorge Andrade Cantos,,,,LigaPro Serie A,,20230604_Gualaceo_El-Nacional,-70.82098470772371,2.2,2.35,7,8,13,17,46.2,53.8,1,2,0,1,4,8
2023-06-06 00:00:00,Deportivo Cuenca,Delfín,4.0,0.0,Cuenca,Ecuador,Banco del Austro Alejandro Serrano Aguil,,,,LigaPro Serie A,,20230606_Deportivo-Cuenca_Delfín,-49.68192883643269,0.94,1.26,4,5,9,14,43.6,56.4,1,3,1,0,2,8
2023-06-10 00:00:00,Universidad Católica (Quito),Mushuc Runa,3.0,2.0,Quito,Ecuador,Estadio Olímpico Atahualpa,,,,LigaPro Serie A,,20230610_Universidad-Católica-(Quito)_Mushuc-Runa,138.36403868920888,0.81,1.18,3,4,5,8,52.0,48.0,0,3,0,0,2,5
2023-06-10 18:00:00,Libertad (Ecuador),Técnico Universitario,1.0,0.0,Loja,Ecuador,Estadio Reina del Cisne,,,,LigaPro Serie A,,20230610_Libertad-(Ecuador)_Técnico-Universitario,-11.995210408027333,0.05,1.79,1,6,4,13,41.9,58.1,2,2,0,1,2,8
2023-06-10 20:30:00,Liga de Quito,Cumbayá,0.0,0.0,Quito,Ecuador,Rodrigo Paz Delgado,,,,LigaPro Serie A,,20230610_Liga-de-Quito_Cumbayá,147.87503932014306,0.44,0.54,1,3,0,8,56.2,43.8,2,0,0,0,1,3
2023-06-10 23:00:00,El Nacional,Deportivo Cuenca,3.0,1.0,Latacunga,Ecuador,Estadio La Cocha,,,,LigaPro Serie A,,20230610_El-Nacional_Deportivo-Cuenca,30.08136588093157,1.17,0.53,5,2,10,4,54.5,45.5,0,3,0,0,7,2
2023-06-11 18:00:00,Delfín,Aucas,2.0,0.0,Manta,Ecuador,Estadio Jocay,,,,LigaPro Serie A,,20230611_Delfín_Aucas,-71.92113524504771,0.78,0.32,5,0,10,0,50.9,49.1,1,1,1,0,8,1
2023-06-11 20:30:00,Guayaquil City FC,Barcelona SC,1.0,2.0,Quito,Ecuador,Estadio Christian Benítez Betancourt,,,,LigaPro Serie A,,20230611_Guayaquil-City-FC_Barcelona-SC,-103.18114902511843,1.61,1.67,5,3,10,6,37.8,62.2,2,1,0,0,9,2
2023-06-11 23:00:00,Orense,Independiente del Valle,0.0,2.0,Machala,Ecuador,9 de Mayo,,,,LigaPro Serie A,,20230611_Orense_Independiente-del-Valle,-134.62255705814277,0.41,1.51,3,4,7,8,49.8,50.2,1,1,0,1,6,4
2023-06-13 00:00:00,Emelec,Gualaceo,0.0,0.0,Quito,Ecuador,Estadio George Capwell Banco del Austro,,,,LigaPro Serie A,,20230613_Emelec_Gualaceo,72.7903774395179,0.05,0.05,1,1,3,2,59.5,40.5,2,1,0,0,1,1
2023-06-17 00:00:00,Independiente del Valle,El Nacional,3.0,4.0,Quito,Ecuador,Estadio Banco Guayaquil,,,,LigaPro Serie A,,20230617_Independiente-del-Valle_El-Nacional,109.14029904168547,1.72,1.45,4,6,7,14,55.8,44.2,1,0,0,0,3,6
2023-06-17 18:00:00,Cumbayá,Libertad (Ecuador),2.0,1.0,Quito,Ecuador,Estadio Olímpico Atahualpa,,,,LigaPro Serie A,,20230617_Cumbayá_Libertad-(Ecuador),-25.0452111196023,1.5,0.07,3,2,6,4,54.3,45.7,1,2,0,0,10,2
2023-06-17 20:30:00,Gualaceo,Guayaquil City FC,2.0,1.0,Azogues,Ecuador,Estadio Jorge Andrade Cantos,,,,LigaPro Serie A,,20230617_Gualaceo_Guayaquil-City-FC,5.67421382663224,1.05,2.08,3,7,8,14,48.3,51.7,1,1,0,0,4,13
2023-06-17 23:00:00,Mushuc Runa,Liga de Quito,2.0,2.0,Ambato,Ecuador,Estadio Universidad Indoamérica Bellavista,,,,LigaPro Serie A,,20230617_Mushuc-Runa_Liga-de-Quito,-173.04404769655685,1.49,0.65,4,2,9,3,36.2,63.8,0,2,0,0,7,2
2023-06-18 20:30:00,Deportivo Cuenca,Emelec,3.0,2.0,Cuenca,Ecuador,Banco del Austro Alejandro Serrano Aguil,,,,LigaPro Serie A,,20230618_Deportivo-Cuenca_Emelec,-21.361923309510985,1.76,1.15,5,3,11,6,49.3,50.7,2,2,0,0,10,3
2023-06-18 23:00:00,Barcelona SC,Universidad Católica (Quito),1.0,2.0,Quito,Ecuador,Estadio Banco Pichincha,,,,LigaPro Serie A,,20230618_Barcelona-SC_Universidad-Católica-(Quito),-14.524794575081387,1.24,1.32,3,2,8,6,53.0,47.0,2,3,0,0,4,6
2023-06-20 00:00:00,Técnico Universitario,Delfín,3.0,0.0,Ambato,Ecuador,Estadio Universidad Indoamérica Bellavista,,,,LigaPro Serie A,,20230620_Técnico-Universitario_Delfín,-71.31248137935063,1.88,0.83,3,4,5,9,52.8,47.2,3,0,0,0,2,5
2023-06-24 00:00:00,Aucas,Orense,2.0,0.0,Quito,Ecuador,Estadio Cooprogreso Gonzalo Pozo Ripalda,,,,LigaPro Serie A,,20230624_Aucas_Orense,79.32210235859384,1.72,0.59,5,1,12,3,49.3,50.7,1,2,0,0,7,4
2023-08-05 00:00:00,Libertad (Ecuador),Emelec,0.0,0.0,Loja,Ecuador,Estadio Reina del Cisne,,,,LigaPro Serie A,,20230805_Libertad-(Ecuador)_Emelec,-32.281970224646784,0.57,1.33,1,3,2,7,44.3,55.7,2,2,0,0,3,11
2023-08-05 18:00:00,Universidad Católica (Quito),Técnico Universitario,0.0,0.0,Quito,Ecuador,Estadio Olímpico Atahualpa,,,,LigaPro Serie A,,20230805_Universidad-Católica-(Quito)_Técnico-Universitario,103.33011069388203,0.49,1.19,3,3,7,6,54.5,45.5,0,4,1,0,3,2
2023-08-05 20:30:00,Orense,Delfín,0.0,0.0,Machala,Ecuador,9 de Mayo,,,,LigaPro Serie A,,20230805_Orense_Delfín,-31.17724576280534,0.94,0.77,3,3,7,6,44.1,55.9,2,0,0,0,4,4
2023-08-05 23:00:00,El Nacional,Aucas,2.0,2.0,Quito,Ecuador,Estadio Olímpico Atahualpa,,,,LigaPro Serie A,,20230805_El-Nacional_Aucas,-32.35684957807098,0.74,0.84,4,3,9,6,48.5,51.5,3,2,0,0,6,3
2023-08-06 18:00:00,Mushuc Runa,Independiente del Valle,1.0,0.0,Ambato,Ecuador,Cooperativa de Ahorro y Crédito Mushuc Runa,,,,LigaPro Serie A,,20230806_Mushuc-Runa_Independiente-del-Valle,-210.61881291719078,0.4,0.97,1,4,4,12,40.8,59.2,2,0,0,0,3,13
2023-08-06 20:30:00,Cumbayá,Guayaquil City FC,2.0,2.0,Quito,Ecuador,Estadio Olímpico Atahualpa,,,,LigaPro Serie A,,20230806_Cumbayá_Guayaquil-City-FC,40.97574975765042,0.85,1.18,3,4,9,9,52.8,47.2,2,1,0,0,4,5
2023-08-06 23:00:00,Barcelona SC,Gualaceo,2.0,0.0,Quito,Ecuador,Estadio Banco Pichincha,,,,LigaPro Serie A,,20230806_Barcelona-SC_Gualaceo,91.27917655965939,0.54,0.34,3,2,5,2,55.1,44.9,0,4,0,0,5,3
2023-08-08 00:00:00,Liga de Quito,Deportivo Cuenca,2.0,0.0,Quito,Ecuador,Rodrigo Paz Delgado,,,,LigaPro Serie A,,20230808_Liga-de-Quito_Deportivo-Cuenca,84.13277891548205,0.86,0.91,2,2,4,3,53.3,46.7,2,3,0,1,3,2
2023-08-11 22:30:00,Guayaquil City FC,Universidad Católica (Quito),0.0,0.0,Quito,Ecuador,Estadio Christian Benítez Betancourt,,,,LigaPro Serie A,,20230811_Guayaquil-City-FC_Universidad-Católica-(Quito),-153.20751389934708,0.37,0.49,1,2,2,3,46.3,53.7,3,3,0,0,9,6
2023-08-12 01:00:00,Gualaceo,Mushuc Runa,0.0,0.0,Azogues,Ecuador,Estadio Jorge Andrade Cantos,,,,LigaPro Serie A,,20230812_Gualaceo_Mushuc-Runa,3.0363120124425222,1.28,1.11,4,4,10,8,45.2,54.8,0,1,0,0,7,3
2023-08-12 18:00:00,Deportivo Cuenca,Libertad (Ecuador),2.0,1.0,Cuenca,Ecuador,Banco del Austro Alejandro Serrano Aguil,,,,LigaPro Serie A,,20230812_Deportivo-Cuenca_Libertad-(Ecuador),26.13238406209871,0.43,0.55,2,1,5,3,51.2,48.8,0,1,0,0,4,4
2023-08-12 20:30:00,Técnico Universitario,El Nacional,3.0,3.0,Ambato,Ecuador,Estadio Universidad Indoamérica Bellavista,,,,LigaPro Serie A,,20230812_Técnico-Universitario_El-Nacional,-74.5033910315517,1.11,1.7,3,6,5,13,44.6,55.4,2,1,0,0,2,9
2023-08-12 23:00:00,Delfín,Barcelona SC,1.0,1.0,Portoviejo,Ecuador,Estadio Reales Tamarindos,,,,LigaPro Serie A,,20230812_Delfín_Barcelona-SC,-33.34550780037944,0.5,1.03,4,2,9,5,53.7,46.3,0,1,0,0,9,4
2023-08-13 18:00:00,Independiente del Valle,Cumbayá,2.0,0.0,Quito,Ecuador,Estadio Banco Guayaquil,,,,LigaPro Serie A,,20230813_Independiente-del-Valle_Cumbayá,151.38496563497688,1.73,0.97,5,4,7,7,56.8,43.2,2,1,0,0,8,8
2023-08-13 20:30:00,Emelec,Orense,0.0,0.0,Quito,Ecuador,Estadio George Capwell Banco del Austro,,,,LigaPro Serie A,,20230813_Emelec_Orense,4.35956446278351,0.6,1.1,4,4,8,8,50.9,49.1,0,0,0,0,7,8
2023-08-13 23:00:00,Aucas,Liga de Quito,0.0,0.0,Quito,Ecuador,Estadio Cooprogreso Gonzalo Pozo Ripalda,,,,LigaPro Serie A,,20230813_Aucas_Liga-de-Quito,-7.117932885381151,0.78,1.34,2,4,5,9,48.0,52.0,0,1,0,0,2,4
2023-08-16 21:30:00,Mushuc Runa,Guayaquil City FC,3.0,0.0,Ambato,Ecuador,Cooperativa de Ahorro y Crédito Mushuc Runa,,,,LigaPro Serie A,,20230816_Mushuc-Runa_Guayaquil-City-FC,11.050855640643476,0.92,1.76,3,2,6,3,49.9,50.1,3,0,0,0,4,4
2023-08-17 00:00:00,Orense,Gualaceo,2.0,0.0,Machala,Ecuador,9 de Mayo,,,,LigaPro Serie A,,20230817_Orense_Gualaceo,46.99557559254117,1.22,0.69,4,4,9,10,56.2,43.8,1,2,0,0,3,4
2023-08-17 19:00:00,Libertad (Ecuador),Delfín,1.0,3.0,Loja,Ecuador,Estadio Reina del Cisne,,,,LigaPro Serie A,,20230817_Libertad-(Ecuador)_Delfín,-66.97550882632186,0.71,1.28,1,4,3,8,47.2,52.8,0,1,0,1,3,6
2023-08-17 21:30:00,Universidad Católica (Quito),Aucas,2.0,2.0,Quito,Ecuador,Estadio Olímpico Atahualpa,,,,LigaPro Serie A,,20230817_Universidad-Católica-(Quito)_Aucas,-13.455122822596422,0.42,0.91,2,3,6,6,52.0,48.0,3,0,0,0,3,7
2023-08-18 00:00:00,Técnico Universitario,Emelec,0.0,0.0,Ambato,Ecuador,Estadio Universidad Indoamérica Bellavista,,,,LigaPro Serie A,,20230818_Técnico-Universitario_Emelec,-10.558325497589522,0.69,1.07,3,3,5,7,49.5,50.5,0,1,0,0,3,4
2023-08-18 20:00:00,Cumbayá,Deportivo Cuenca,1.0,1.0,Quito,Ecuador,Estadio Olímpico Atahualpa,,,,LigaPro Serie A,,20230818_Cumbayá_Deportivo-Cuenca,-46.14905502814349,2.22,1.53,6,4,13,5,47.8,52.2,1,2,0,0,10,2
2023-08-18 22:30:00,Liga de Quito,El Nacional,0.0,0.0,Quito,Ecuador,Rodrigo Paz Delgado,,,,LigaPro Serie A,,20230818_Liga-de-Quito_El-Nacional,39.53480543992305,1.62,0.05,5,0,11,0,58.1,41.9,1,3,0,0,11,1
2023-08-19 01:00:00,Barcelona SC,Independiente del Valle,1.0,1.0,Quito,Ecuador,Estadio Banco Pichincha,,,,LigaPro Serie A,,20230819_Barcelona-SC_Independiente-del-Valle,-69.69970197850421,0.63,1.64,1,6,4,13,46.2,53.8,1,2,0,0,2,6
2023-08-26 00:00:00,El Nacional,Cumbayá,2.0,2.0,Quito,Ecuador,Estadio Olímpico Atahualpa,,,,LigaPro Serie A,,20230826_El-Nacional_Cumbayá,97.47640442315424,0.49,0.39,2,2,5,4,51.3,48.7,2,3,0,0,5,4
2023-08-26 18:00:00,Independiente del Valle,Universidad Católica (Quito),0.0,1.0,Quito,Ecuador,Estadio Banco Guayaquil,,,,LigaPro Serie A,,20230826_Independiente-del-Valle_Universidad-Católica-(Quito),45.547946488809885,0.34,0.37,2,3,5,7,51.5,48.5,4,0,0,0,2,2
2023-08-26 20:30:00,Guayaquil City FC,Orense,1.0,0.0,Quito,Ecuador,Estadio Christian Benítez Betancourt,,,,LigaPro Serie A,,20230826_Guayaquil-City-FC_Orense,-82.87811099835835,1.1,0.67,3,5,5,13,53.9,46.1,0,4,0,0,2,2
2023-08-26 23:00:00,Mushuc Runa,Barcelona SC,2.0,2.0,Ambato,Ecuador,Cooperativa de Ahorro y Crédito Mushuc Runa,,,,LigaPro Serie A,,20230826_Mushuc-Runa_Barcelona-SC,-101.65537770742435,0.24,1.48,2,6,5,11,51.9,48.1,1,3,0,0,5,2
2023-08-27 18:00:00,Aucas,Libertad (Ecuador),1.0,2.0,Quito,Ecuador,Estadio Cooprogreso Gonzalo Pozo Ripalda,,,,LigaPro Serie A,,20230827_Aucas_Libertad-(Ecuador),142.04195580866553,0.97,1.54,2,5,3,11,48.3,51.7,3,2,0,0,4,8
2023-08-27 20:30:00,Emelec,Delfín,0.0,1.0,Quito,Ecuador,Estadio George Capwell Banco del Austro,,,,LigaPro Serie A,,20230827_Emelec_Delfín,-36.04809312567613,1.18,0.05,5,1,13,2,50.2,49.8,0,1,0,0,6,0
2023-08-27 23:00:00,Gualaceo,Liga de Quito,1.0,3.0,Azogues,Ecuador,Estadio Jorge Andrade Cantos,,,,LigaPro Serie A,,20230827_Gualaceo_Liga-de-Quito,-158.49186469783035,1.35,1.25,5,4,11,9,43.1,56.9,0,1,0,0,5,3
2023-08-29 00:00:00,Deportivo Cuenca,Técnico Universitario,1.0,1.0,Cuenca,Ecuador,Banco del Austro Alejandro Serrano Aguil,,,,LigaPro Serie A,,20230829_Deportivo-Cuenca_Técnico-Universitario,15.932804470322935,1.44,0.05,5,1,10,3,49.3,50.7,3,3,0,0,4,4
2023-09-02 00:00:00,Delfín,Independiente del Valle,1.0,0.0,Manta,Ecuador,Estadio Jocay,,,,LigaPro Serie A,,20230902_Delfín_Independiente-del-Valle,-64.33467778482986,1.17,0.05,4,2,10,4,50.0,50.0,3,1,0,0,5,2
2023-09-02 18:00:00,Libertad (Ecuador),Mushuc Runa,0.0,1.0,Loja,Ecuador,Estadio Reina del Cisne,,,,LigaPro Serie A,,20230902_Libertad-(Ecuador)_Mushuc-Runa,4.775763043686311,1.17,1.15,4,4,8,9,46.8,53.2,1,3,0,1,2,3
2023-09-02 20:30:00,Universidad Católica (Quito),El Nacional,1.0,1.0,Quito,Ecuador,Estadio Olímpico Atahualpa,,,,LigaPro Serie A,,20230902_Universidad-Católica-(Quito)_El-Nacional,35.40353598286629,0.05,0.61,1,2,4,4,52.2,47.8,3,0,0,0,7,0
2023-09-02 23:00:00,Emelec,Aucas,0.0,0.0,Quito,Ecuador,Estadio George Capwell Banco del Austro,,,,LigaPro Serie A,,20230902_Emelec_Aucas,-85.79422551647053,1.31,2.41,4,6,8,13,43.1,56.9,0,0,0,0,4,4
2023-09-03 18:00:00,Deportivo Cuenca,Orense,1.0,0.0,Cuenca,Ecuador,Banco del Austro Alejandro Serrano Aguil,,,,LigaPro Serie A,,20230903_Deportivo-Cuenca_Orense,13.67032061811301,1.78,0.05,6,1,12,3,46.4,53.6,1,4,0,1,12,2
2023-09-03 20:30:00,Técnico Universitario,Gualaceo,4.0,0.0,Ambato,Ecuador,Estadio Universidad Indoamérica Bellavista,,,,LigaPro Serie A,,20230903_Técnico-Universitario_Gualaceo,58.673262030048136,2.31,0.97,8,5,16,11,51.9,48.1,1,2,0,0,7,1
2023-09-03 23:00:00,Cumbayá,Barcelona SC,2.0,2.0,Quito,Ecuador,Estadio Olímpico Atahualpa,,,,LigaPro Serie A,,20230903_Cumbayá_Barcelona-SC,-89.93875565988878,1.77,0.78,5,3,11,6,39.4,60.6,1,3,0,0,7,5
2023-09-05 00:00:00,Liga de Quito,Guayaquil City FC,2.0,0.0,Quito,Ecuador,Rodrigo Paz Delgado,,,,LigaPro Serie A,,20230905_Liga-de-Quito_Guayaquil-City-FC,165.66811096917058,1.16,1.0,3,4,7,8,66.4,33.6,2,1,0,0,5,5
2023-09-16 00:00:00,Orense,Universidad Católica (Quito),1.0,2.0,Machala,Ecuador,9 de Mayo,,,,LigaPro Serie A,,20230916_Orense_Universidad-Católica-(Quito),-111.14879902534312,0.47,0.69,1,2,2,4,51.1,48.9,0,3,0,0,3,6
2023-09-16 18:00:00,Mushuc Runa,Delfín,2.0,0.0,Ambato,Ecuador,Cooperativa de Ahorro y Crédito Mushuc Runa,,,,LigaPro Serie A,,20230916_Mushuc-Runa_Delfín,-87.32293587944127,1.04,0.52,4,2,8,4,51.9,48.1,0,0,0,0,5,5
2023-09-16 20:30:00,Guayaquil City FC,Deportivo Cuenca,0.0,0.0,Quito,Ecuador,Estadio Christian Benítez Betancourt,,,,LigaPro Serie A,,20230916_Guayaquil-City-FC_Deportivo-Cuenca,-85.1332487102236,0.05,1.4,0,4,0,10,48.7,51.3,3,0,0,0,1,3
2023-09-16 23:00:00,El Nacional,Emelec,1.0,1.0,Quito,Ecuador,Estadio Olímpico Atahualpa,,,,LigaPro Serie A,,20230916_El-Nacional_Emelec,66.39265883056396,1.51,0.4,4,1,10,0,49.1,50.9,2,0,0,0,6,4
2023-09-17 17:30:00,Aucas,Técnico Universitario,2.0,4.0,Quito,Ecuador,Estadio Cooprogreso Gonzalo Pozo Ripalda,,,,LigaPro Serie A,,20230917_Aucas_Técnico-Universitario,71.41715046949776,1.86,1.61,6,4,11,8,56.2,43.8,0,2,0,0,5,2
2023-09-17 20:00:00,Independiente del Valle,Libertad (Ecuador),2.0,0.0,Quito,Ecuador,Estadio Banco Guayaquil,,,,LigaPro Serie A,,20230917_Independiente-del-Valle_Libertad-(Ecuador),142.8177515083603,0.15,0.41,2,2,6,4,55.7,44.3,1,1,0,0,6,4
2023-09-17 23:00:00,Barcelona SC,Liga de Quito,1.0,0.0,Quito,Ecuador,Estadio Banco Pichincha,,,,LigaPro Serie A,,20230917_Barcelona-SC_Liga-de-Quito,-57.66295768656778,1.49,1.03,5,4,12,10,44.2,55.8,4,2,0,0,3,7
2023-09-19 00:00:00,Gualaceo,Cumbayá,0.0,3.0,Azogues,Ecuador,Estadio Jorge Andrade Cantos,,,,LigaPro Serie A,,20230919_Gualaceo_Cumbayá,-47.38876301374398,1.46,0.64,5,3,11,6,48.1,51.9,2,5,0,0,7,3
2023-09-23 00:00:00,Liga de Quito,Orense,1.0,0.0,Quito,Ecuador,Rodrigo Paz Delgado,,,,LigaPro Serie A,,20230923_Liga-de-Quito_Orense,124.92585612739276,1.15,1.58,4,5,8,9,51.5,48.5,0,5,0,0,4,6
2023-09-23 18:00:00,Universidad Católica (Quito),Gualaceo,0.0,0.0,Quito,Ecuador,Estadio Olímpico Atahualpa,,,,LigaPro Serie A,,20230923_Universidad-Católica-(Quito)_Gualaceo,188.10937117547314,1.11,0.22,3,2,7,6,62.4,37.6,3,2,0,0,7,4
2023-09-23 20:30:00,Emelec,Mushuc Runa,3.0,1.0,Quito,Ecuador,Estadio George Capwell Banco del Austro,,,,LigaPro Serie A,,20230923_Emelec_Mushuc-Runa,5.775028598860217,2.44,0.97,9,1,20,4,49.5,50.5,1,2,1,0,9,1
2023-09-23 23:00:00,Técnico Universitario,Independiente del Valle,2.0,2.0,Ambato,Ecuador,Estadio Universidad Indoamérica Bellavista,,,,LigaPro Serie A,,20230923_Técnico-Universitario_Independiente-del-Valle,-89.1269311837018,0.72,0.45,3,2,6,5,49.5,50.5,1,0,0,0,6,7
2023-09-24 19:00:00,Cumbayá,Aucas,1.0,1.0,Quito,Ecuador,Estadio Olímpico Atahualpa,,,,LigaPro Serie A,,20230924_Cumbayá_Aucas,-77.8809164547913,0.82,0.68,1,2,3,3,48.8,51.2,4,0,0,0,3,5
2023-09-24 21:30:00,Delfín,Guayaquil City FC,1.0,0.0,Manta,Ecuador,Estadio Jocay,,,,LigaPro Serie A,,20230924_Delfín_Guayaquil-City-FC,111.21893589036813,1.37,0.42,5,1,13,3,58.7,41.3,4,0,1,0,6,1
2023-09-25 00:00:00,Deportivo Cuenca,Barcelona SC,1.0,2.0,Cuenca,Ecuador,Banco del Austro Alejandro Serrano Aguil,,,,LigaPro Serie A,,20230925_Deportivo-Cuenca_Barcelona-SC,-53.07950224876117,0.97,1.04,2,3,5,7,51.2,48.8,2,2,0,0,5,3
2023-09-26 00:00:00,Libertad (Ecuador),El Nacional,0.0,1.0,Loja,Ecuador,Estadio Reina del Cisne,,,,LigaPro Serie A,,20230926_Libertad-(Ecuador)_El-Nacional,-109.47217157605178,0.62,0.62,2,1,5,2,48.0,52.0,0,7,0,1,4,3
2023-09-30 00:00:00,Gualaceo,Deportivo Cuenca,1.0,1.0,Azogues,Ecuador,Estadio Jorge Andrade Cantos,,,,LigaPro Serie A,,20230930_Gualaceo_Deportivo-Cuenca,-86.40766934046178,0.6,0.92,1,3,2,6,41.5,58.5,1,2,1,0,3,7
2023-09-30 18:00:00,Mushuc Runa,Cumbayá,1.0,1.0,Ambato,Ecuador,Cooperativa de Ahorro y Crédito Mushuc Runa,,,,LigaPro Serie A,,20230930_Mushuc-Runa_Cumbayá,-5.6276683804640015,0.62,0.11,2,1,6,3,46.8,53.2,2,0,0,0,4,2
2023-09-30 20:30:00,El Nacional,Delfín,2.0,2.0,Quito,Ecuador,Estadio Olímpico Atahualpa,,,,LigaPro Serie A,,20230930_El-Nacional_Delfín,10.276332809530686,1.69,1.21,5,5,11,11,49.4,50.6,0,1,0,0,11,2
2023-09-30 23:00:00,Independiente del Valle,Emelec,2.0,1.0,Quito,Ecuador,Estadio Banco Guayaquil,,,,LigaPro Serie A,,20230930_Independiente-del-Valle_Emelec,95.04893232537506,1.27,0.11,5,1,11,0,55.2,44.8,1,0,0,0,8,2
2023-10-01 18:00:00,Guayaquil City FC,Aucas,0.0,1.0,Quito,Ecuador,Estadio Christian Benítez Betancourt,,,,LigaPro Serie A,,20231001_Guayaquil-City-FC_Aucas,-128.5053899897066,0.65,0.6,1,2,2,3,53.5,46.5,1,1,0,0,2,2
2023-10-01 20:30:00,Orense,Libertad (Ecuador),3.0,0.0,Machala,Ecuador,9 de Mayo,,,,LigaPro Serie A,,20231001_Orense_Libertad-(Ecuador),25.745776423463667,0.19,0.2,3,4,7,9,52.4,47.6,1,1,0,0,7,5
2023-10-01 23:00:00,Barcelona SC,Técnico Universitario,1.0,0.0,Quito,Ecuador,Estadio Banco Pichincha,,,,LigaPro Serie A,,20231001_Barcelona-SC_Técnico-Universitario,59.300883174675164,0.6,0.95,2,3,5,5,51.4,48.6,0,2,0,0,2,3
2023-10-07 00:00:00,Deportivo Cuenca,Universidad Católica (Quito),2.0,3.0,Cuenca,Ecuador,Banco del Austro Alejandro Serrano Aguil,,,,LigaPro Serie A,,20231007_Deportivo-Cuenca_Universidad-Católica-(Quito),-92.76853914054436,0.65,1.79,2,7,4,18,44.9,55.1,1,1,0,0,6,7
2023-10-07 18:00:00,Técnico Universitario,Orense,2.0,1.0,Ambato,Ecuador,Estadio Universidad Indoamérica Bellavista,,,,LigaPro Serie A,,20231007_Técnico-Universitario_Orense,32.868035207739695,1.15,0.99,3,3,7,8,53.9,46.1,1,0,0,0,5,8
2023-10-07 20:30:00,Emelec,Cumbayá,3.0,0.0,Quito,Ecuador,Estadio George Capwell Banco del Austro,,,,LigaPro Serie A,,20231007_Emelec_Cumbayá,15.146182382276038,2.28,1.26,7,3,15,6,47.5,52.5,1,1,0,0,7,5
2023-10-07 23:00:00,Aucas,Barcelona SC,3.0,2.0,Quito,Ecuador,Estadio Cooprogreso Gonzalo Pozo Ripalda,,,,LigaPro Serie A,,20231007_Aucas_Barcelona-SC,-24.625011705598354,1.35,1.85,4,5,10,11,46.4,53.6,1,2,0,0,8,5
2023-10-08 18:00:00,El Nacional,Mushuc Runa,2.0,0.0,Quito,Ecuador,Estadio Olímpico Atahualpa,,,,LigaPro Serie A,,20231008_El-Nacional_Mushuc-Runa,87.22715230796302,0.89,0.05,3,0,6,0,53.4,46.6,2,1,0,0,2,1
2023-10-08 20:30:00,Independiente del Valle,Gualaceo,2.0,0.0,Quito,Ecuador,Estadio Banco Guayaquil,,,,LigaPro Serie A,,20231008_Independiente-del-Valle_Gualaceo,189.5220731459783,1.91,0.96,5,3,11,8,56.1,43.9,2,0,0,0,5,6
2023-10-08 23:00:00,Delfín,Liga de Quito,0.0,0.0,Manta,Ecuador,Estadio Jocay,,,,LigaPro Serie A,,20231008_Delfín_Liga-de-Quito,-50.166386081974224,2.24,0.84,6,2,10,7,44.6,55.4,3,1,0,0,6,4
2023-10-10 00:00:00,Libertad (Ecuador),Guayaquil City FC,1.0,0.0,Loja,Ecuador,Estadio Reina del Cisne,,,,LigaPro Serie A,,20231010_Libertad-(Ecuador)_Guayaquil-City-FC,8.554918242514532,1.13,0.05,6,2,13,4,49.8,50.2,2,1,0,0,10,3
2023-10-21 00:00:00,Orense,El Nacional,1.0,1.0,Machala,Ecuador,9 de Mayo,,,,LigaPro Serie A,,20231021_Orense_El-Nacional,-108.85497463932666,0.35,1.31,1,4,0,7,55.3,44.7,2,1,0,0,1,3
2023-10-21 18:00:00,Cumbayá,Técnico Universitario,0.0,1.0,Quito,Ecuador,Estadio Olímpico Atahualpa,,,,LigaPro Serie A,,20231021_Cumbayá_Técnico-Universitario,-48.26378512255974,0.31,0.84,1,4,4,8,43.8,56.2,1,0,0,0,2,2
2023-10-21 20:30:00,Mushuc Runa,Deportivo Cuenca,1.0,1.0,Ambato,Ecuador,Cooperativa de Ahorro y Crédito Mushuc Runa,,,,LigaPro Serie A,,20231021_Mushuc-Runa_Deportivo-Cuenca,-24.243320862042992,1.4,0.56,4,3,11,7,47.5,52.5,2,2,0,0,4,5
2023-10-21 23:00:00,Barcelona SC,Libertad (Ecuador),1.0,0.0,Quito,Ecuador,Estadio Banco Pichincha,,,,LigaPro Serie A,,20231021_Barcelona-SC_Libertad-(Ecuador),135.52876863714823,1.3,1.56,4,5,9,10,57.7,42.3,0,2,0,0,2,8
2023-10-22 17:30:00,Gualaceo,Aucas,1.0,2.0,Azogues,Ecuador,Estadio Jorge Andrade Cantos,,,,LigaPro Serie A,,20231022_Gualaceo_Aucas,-161.1544532987407,1.32,1.94,4,7,9,16,54.3,45.7,4,3,0,0,2,7
2023-10-22 20:00:00,Guayaquil City FC,Independiente del Valle,0.0,2.0,Quito,Ecuador,Estadio Christian Benítez Betancourt,,,,LigaPro Serie A,,20231022_Guayaquil-City-FC_Independiente-del-Valle,-209.00250542646745,0.88,2.27,4,6,6,12,39.8,60.2,0,3,0,0,6,13
2023-10-23 17:00:00,Liga de Quito,Emelec,1.0,0.0,Quito,Ecuador,Rodrigo Paz Delgado,,,,LigaPro Serie A,,20231023_Liga-de-Quito_Emelec,94.24377902562833,1.07,0.92,3,3,8,5,51.6,48.4,1,2,0,0,5,1
2023-10-24 00:00:00,Universidad Católica (Quito),Delfín,2.0,2.0,Quito,Ecuador,Estadio Olímpico Atahualpa,,,,LigaPro Serie A,,20231024_Universidad-Católica-(Quito)_Delfín,46.32146117054208,0.86,1.09,4,3,9,9,58.9,41.1,0,0,0,0,5,5
2023-10-28 00:00:00,Libertad (Ecuador),Gualaceo,3.0,0.0,Loja,Ecuador,Estadio Reina del Cisne,,,,LigaPro Serie A,,20231028_Libertad-(Ecuador)_Gualaceo,23.811183439621118,1.61,0.99,3,3,6,6,61.1,38.9,3,2,0,0,1,4
2023-10-28 18:00:00,Independiente del Valle,Deportivo Cuenca,2.0,0.0,Quito,Ecuador,Estadio Banco Guayaquil,,,,LigaPro Serie A,,20231028_Independiente-del-Valle_Deportivo-Cuenca,130.24558481936174,1.12,2.2,3,6,6,14,50.7,49.3,0,1,0,0,2,8
2023-10-28 23:00:00,Emelec,Universidad Católica (Quito),2.0,1.0,Quito,Ecuador,Estadio George Capwell Banco del Austro,,,,LigaPro Serie A,,20231028_Emelec_Universidad-Católica-(Quito),-101.07235647399148,0.8,0.43,4,1,9,2,49.6,50.4,1,1,0,0,7,2
2023-10-29 18:00:00,Delfín,Cumbayá,4.0,0.0,Manta,Ecuador,Estadio Jocay,,,,LigaPro Serie A,,20231029_Delfín_Cumbayá,97.55360648198325,1.75,0.39,4,1,9,3,54.3,45.7,1,2,0,0,6,5
2023-10-29 20:30:00,Aucas,Mushuc Runa,4.0,0.0,Quito,Ecuador,Estadio Cooprogreso Gonzalo Pozo Ripalda,,,,LigaPro Serie A,,20231029_Aucas_Mushuc-Runa,113.63985896675831,2.09,0.56,6,1,13,2,50.7,49.3,1,2,0,0,9,1
2023-10-29 23:00:00,Orense,Barcelona SC,2.0,3.0,Machala,Ecuador,9 de Mayo,,,,LigaPro Serie A,,20231029_Orense_Barcelona-SC,-114.03241068215812,1.36,2.16,5,5,11,12,52.6,47.4,1,2,0,0,5,8
2023-10-31 00:00:00,El Nacional,Guayaquil City FC,2.0,0.0,Quito,Ecuador,Estadio Olímpico Atahualpa,,,,LigaPro Serie A,,20231031_El-Nacional_Guayaquil-City-FC,168.11766733689342,1.55,1.07,4,3,8,5,54.8,45.2,2,1,0,0,4,3
2023-11-02 00:00:00,Liga de Quito,Universidad Católica (Quito),1.0,0.0,Quito,Ecuador,Rodrigo Paz Delgado,,,,LigaPro Serie A,,20231102_Liga-de-Quito_Universidad-Católica-(Quito),26.21206193532862,0.94,0.05,3,1,7,0,50.4,49.6,2,2,0,0,1,4
2023-11-04 00:00:00,Deportivo Cuenca,Aucas,0.0,0.0,Cuenca,Ecuador,Banco del Austro Alejandro Serrano Aguil,,,,LigaPro Serie A,,20231104_Deportivo-Cuenca_Aucas,-106.9787385716395,1.92,0.22,6,0,12,0,52.1,47.9,1,3,0,0,6,2
2023-11-04 18:00:00,Gualaceo,Delfín,2.0,2.0,Cuenca,Ecuador,Banco del Austro Alejandro Serrano Aguil,,,,LigaPro Serie A,,20231104_Gualaceo_Delfín,-170.19766092279815,2.13,1.35,6,5,13,11,38.9,61.1,0,2,1,0,3,10
2023-11-04 20:30:00,Guayaquil City FC,Emelec,0.0,0.0,Quito,Ecuador,Estadio Christian Benítez Betancourt,,,,LigaPro Serie A,,20231104_Guayaquil-City-FC_Emelec,-120.526184728501,0.96,2.08,4,8,8,18,45.5,54.5,0,2,0,0,3,8
2023-11-04 23:00:00,Liga de Quito,Independiente del Valle,2.0,0.0,Quito,Ecuador,Rodrigo Paz Delgado,,,,LigaPro Serie A,,20231104_Liga-de-Quito_Independiente-del-Valle,-6.27991409165611,2.09,1.37,6,6,16,12,54.2,45.8,2,0,0,0,10,4
2023-11-05 17:30:00,Mushuc Runa,Técnico Universitario,1.0,0.0,Ambato,Ecuador,Cooperativa de Ahorro y Crédito Mushuc Runa,,,,LigaPro Serie A,,20231105_Mushuc-Runa_Técnico-Universitario,-68.79149991228928,1.09,0.95,4,4,8,10,46.8,53.2,4,1,0,0,2,4
2023-11-05 20:00:00,Cumbayá,Orense,0.0,1.0,Quito,Ecuador,Estadio Olímpico Atahualpa,,,,LigaPro Serie A,,20231105_Cumbayá_Orense,-8.16386755164649,0.6,1.19,3,4,8,7,49.2,50.8,2,2,0,0,3,7
2023-11-05 23:00:00,Barcelona SC,El Nacional,3.0,2.0,Quito,Ecuador,Estadio Banco Pichincha,,,,LigaPro Serie A,,20231105_Barcelona-SC_El-Nacional,14.049325847685168,1.13,1.13,4,4,11,9,51.5,48.5,1,2,0,0,4,5
2023-11-07 00:00:00,Universidad Católica (Quito),Libertad (Ecuador),0.0,0.0,Quito,Ecuador,Estadio Olímpico Atahualpa,,,,LigaPro Serie A,,20231107_Universidad-Católica-(Quito)_Libertad-(Ecuador),131.96073799583314,1.1,0.05,3,0,6,4,50.1,49.9,1,3,0,0,6,4
2023-11-09 00:00:00,Técnico Universitario,Liga de Quito,0.0,2.0,Ambato,Ecuador,Estadio Universidad Indoamérica Bellavista,,,,LigaPro Serie A,,20231109_Técnico-Universitario_Liga-de-Quito,-120.21806083119895,0.05,1.53,0,4,2,10,47.2,52.8,2,2,0,0,3,6
2023-11-11 00:00:00,Orense,Mushuc Runa,1.0,0.0,Machala,Ecuador,9 de Mayo,,,,LigaPro Serie A,,20231111_Orense_Mushuc-Runa,-3.339535009190058,1.07,0.64,4,1,9,2,50.5,49.5,1,1,0,0,3,3
2023-11-11 18:00:00,Universidad Católica (Quito),Cumbayá,1.0,0.0,Quito,Ecuador,Estadio Olímpico Atahualpa,,,,LigaPro Serie A,,20231111_Universidad-Católica-(Quito)_Cumbayá,130.28606958926503,1.54,0.84,5,0,11,1,54.7,45.3,1,2,0,0,6,3
2023-11-11 20:30:00,Guayaquil City FC,Técnico Universitario,1.0,0.0,Quito,Ecuador,Estadio Christian Benítez Betancourt,,,,LigaPro Serie A,,20231111_Guayaquil-City-FC_Técnico-Universitario,-108.10501635549826,1.83,1.15,6,2,14,3,50.8,49.2,3,1,0,0,5,2
2023-11-11 23:00:00,Aucas,Independiente del Valle,2.0,0.0,Quito,Ecuador,Estadio Cooprogreso Gonzalo Pozo Ripalda,,,,LigaPro Serie A,,20231111_Aucas_Independiente-del-Valle,-30.03437613573442,0.05,0.2,2,2,3,5,43.5,56.5,3,1,0,0,1,3
2023-11-12 17:30:00,El Nacional,Gualaceo,4.0,2.0,Quito,Ecuador,Estadio Olímpico Atahualpa,,,,LigaPro Serie A,,20231112_El-Nacional_Gualaceo,162.78782082602334,1.8,0.92,5,5,9,10,53.6,46.4,2,1,0,0,10,7
2023-11-12 20:00:00,Libertad (Ecuador),Liga de Quito,0.0,2.0,Loja,Ecuador,Estadio Reina del Cisne,,,,LigaPro Serie A,,20231112_Libertad-(Ecuador)_Liga-de-Quito,-196.23784824996915,1.2,1.62,3,6,6,12,45.4,54.6,0,3,0,0,3,5
2023-11-12 23:00:00,Emelec,Barcelona SC,0.0,0.0,Quito,Ecuador,Estadio George Capwell Banco del Austro,,,,LigaPro Serie A,,20231112_Emelec_Barcelona-SC,-90.3750078803555,0.82,1.73,2,4,4,7,48.9,51.1,2,4,1,0,3,7
2023-11-14 00:00:00,Delfín,Deportivo Cuenca,0.0,0.0,Manta,Ecuador,Estadio Jocay,,,,LigaPro Serie A,,20231114_Delfín_Deportivo-Cuenca,73.9990786101439,0.44,0.39,2,3,5,8,56.4,43.6,0,3,0,0,5,6
2023-11-25 23:00:00,Aucas,Delfín,0.0,0.0,Quito,Ecuador,Estadio Cooprogreso Gonzalo Pozo Ripalda,,,,LigaPro Serie A,,20231125_Aucas_Delfín,41.36749379508797,0.69,0.88,1,3,5,7,55.4,44.6,1,1,0,0,2,6
2023-11-25 23:00:00,Deportivo Cuenca,El Nacional,1.0,0.0,Cuenca,Ecuador,Banco del Austro Alejandro Serrano Aguil,,,,LigaPro Serie A,,20231125_Deportivo-Cuenca_El-Nacional,-81.72580709210706,0.64,1.81,1,6,2,14,46.8,53.2,3,1,0,0,4,4
2023-11-25 23:00:00,Independiente del Valle,Orense,2.0,2.0,Quito,Ecuador,Estadio Banco Guayaquil,,,,LigaPro Serie A,,20231125_Independiente-del-Valle_Orense,120.3543318804177,1.33,0.05,5,2,8,4,53.3,46.7,1,5,0,0,8,5
2023-11-25 23:00:00,Mushuc Runa,Universidad Católica (Quito),0.0,2.0,Ambato,Ecuador,Estadio Universidad Indoamérica Bellavista,,,,LigaPro Serie A,,20231125_Mushuc-Runa_Universidad-Católica-(Quito),-115.16162285856672,1.51,1.17,6,5,11,12,50.7,49.3,2,5,0,1,7,1
2023-11-26 23:00:00,Barcelona SC,Guayaquil City FC,2.0,1.0,Quito,Ecuador,Estadio Banco Pichincha,,,,LigaPro Serie A,,20231126_Barcelona-SC_Guayaquil-City-FC,184.22347796371423,1.35,0.78,3,2,6,2,52.0,48.0,1,1,0,0,5,4
2023-11-26 23:00:00,Cumbayá,Liga de Quito,1.0,2.0,Quito,Ecuador,Estadio Olímpico Atahualpa,,,,LigaPro Serie A,,20231126_Cumbayá_Liga-de-Quito,-216.8255314778321,0.72,2.01,3,7,6,17,44.0,56.0,2,1,0,0,4,8
2023-11-26 23:00:00,Gualaceo,Emelec,0.0,2.0,Azogues,Ecuador,Estadio Jorge Andrade Cantos,,,,LigaPro Serie A,,20231126_Gualaceo_Emelec,-119.30083293453868,1.41,1.4,3,6,6,13,40.4,59.6,2,1,0,0,8,12
2023-11-26 23:00:00,Técnico Universitario,Libertad (Ecuador),1.0,1.0,Ambato,Ecuador,Estadio Universidad Indoamérica Bellavista,,,,LigaPro Serie A,,20231126_Técnico-Universitario_Libertad-(Ecuador),50.251547567337184,1.85,1.01,5,1,11,2,54.8,45.2,1,0,0,0,3,4
2023-12-02 17:30:00,El Nacional,Independiente del Valle,2.0,1.0,Latacunga,Ecuador,Estadio La Cocha,,,,LigaPro Serie A,,20231202_El-Nacional_Independiente-del-Valle,-43.34338003216135,0.25,0.33,2,1,3,3,43.3,56.7,0,1,0,0,2,1
2023-12-02 20:00:00,Guayaquil City FC,Gualaceo,0.0,2.0,Quito,Ecuador,Estadio Christian Benítez Betancourt,,,,LigaPro Serie A,,20231202_Guayaquil-City-FC_Gualaceo,21.20747669597813,1.09,1.21,5,4,12,8,51.8,48.2,2,1,0,0,2,4
2023-12-02 20:00:00,Libertad (Ecuador),Cumbayá,3.0,1.0,Loja,Ecuador,Estadio Reina del Cisne,,,,LigaPro Serie A,,20231202_Libertad-(Ecuador)_Cumbayá,15.940850114174964,1.89,1.2,5,2,11,5,52.8,47.2,0,0,0,0,5,3
2023-12-02 23:00:00,Liga de Quito,Mushuc Runa,3.0,1.0,Quito,Ecuador,Rodrigo Paz Delgado,,,,LigaPro Serie A,,20231202_Liga-de-Quito_Mushuc-Runa,199.8160225710467,0.96,0.05,3,1,6,2,60.9,39.1,4,1,0,0,3,4
2023-12-03 23:00:00,Delfín,Técnico Universitario,2.0,2.0,Manta,Ecuador,Estadio Jocay,,,,LigaPro Serie A,,20231203_Delfín_Técnico-Universitario,70.46658302594506,0.48,1.39,3,3,7,8,53.4,46.6,1,0,0,0,6,5
2023-12-03 23:00:00,Emelec,Deportivo Cuenca,2.0,1.0,Quito,Ecuador,Estadio George Capwell Banco del Austro,,,,LigaPro Serie A,,20231203_Emelec_Deportivo-Cuenca,17.98966784753361,0.46,1.54,3,5,7,10,50.3,49.7,0,2,0,0,3,4
2023-12-03 23:00:00,Orense,Aucas,1.0,2.0,Machala,Ecuador,9 de Mayo,,,,LigaPro Serie A,,20231203_Orense_Aucas,-110.96920590389595,0.4,0.46,1,2,3,4,41.4,58.6,3,1,0,0,0,1
2023-12-03 23:00:00,Universidad Católica (Quito),Barcelona SC,0.0,1.0,Latacunga,Ecuador,Estadio La Cocha,,,,LigaPro Serie A,,20231203_Universidad-Católica-(Quito)_Barcelona-SC,-18.795972038098853,0.97,1.35,5,5,12,10,49.3,50.7,1,3,0,0,4,9
2023-12-10 21:30:00,Independiente del Valle,Liga de Quito,0.0,0.0,Quito,Ecuador,Estadio Banco Guayaquil,,,,LigaPro Serie A,,20231210_Independiente-del-Valle_Liga-de-Quito,-73.66680293683567,0.05,0.89,0,3,0,6,52.0,48.0,1,1,0,0,5,6
2023-12-17 21:30:00,Liga de Quito,Independiente del Valle,1.0,1.0,Quito,Ecuador,Rodrigo Paz Delgado,,,,LigaPro Serie A,,20231217_Liga-de-Quito_Independiente-del-Valle,68.65299115826292,1.11,0.5,3,3,5,9,50.3,49.7,1,1,0,0,5,5
2024-03-02 00:00:00,Delfín,Independiente del Valle,0.0,1.0,Manta,Ecuador,Estadio Jocay,,,,LigaPro Serie A,,20240302_Delfín_Independiente-del-Valle,-33.67142032194488,0.81,1.35,3,5,7,10,46.3,53.7,1,2,0,0,9,4
2024-03-02 18:00:00,Mushuc Runa,Libertad (Ecuador),2.0,1.0,Ambato,Ecuador,Cooperativa de Ahorro y Crédito Mushuc Runa,,,,LigaPro Serie A,,20240302_Mushuc-Runa_Libertad-(Ecuador),-5.4468621548812735,0.36,1.67,2,5,5,11,50.3,49.7,1,2,0,0,2,4
2024-03-02 20:30:00,Aucas,Orense,2.0,0.0,Quito,Ecuador,Estadio Cooprogreso Gonzalo Pozo Ripalda,,,,LigaPro Serie A,,20240302_Aucas_Orense,127.55417024911162,1.54,0.39,4,2,11,3,57.5,42.5,1,0,0,0,4,7
2024-03-02 23:00:00,Deportivo Cuenca,Emelec,1.0,2.0,Cuenca,Ecuador,Banco del Austro Alejandro Serrano Aguil,,,,LigaPro Serie A,,20240302_Deportivo-Cuenca_Emelec,-40.74809497339788,0.05,0.95,1,2,2,4,51.0,49.0,2,2,0,0,4,3
2024-03-03 18:00:00,Universidad Católica (Quito),El Nacional,3.0,0.0,Quito,Ecuador,Estadio Olímpico Atahualpa,,,,LigaPro Serie A,,20240303_Universidad-Católica-(Quito)_El-Nacional,4.5789999374731,2.21,0.27,6,1,12,3,43.1,56.9,0,1,0,0,10,4
2024-03-03 20:30:00,Técnico Universitario,Cumbayá,1.0,0.0,Ambato,Ecuador,Estadio Universidad Indoamérica Bellavista,,,,LigaPro Serie A,,20240303_Técnico-Universitario_Cumbayá,76.59595437225084,1.07,0.8,2,3,5,6,53.2,46.8,1,1,0,0,3,7
2024-03-03 23:00:00,Barcelona SC,Imbabura,2.0,0.0,Quito,Ecuador,Estadio Banco Pichincha,,,,LigaPro Serie A,,20240303_Barcelona-SC_Imbabura,120.99607995236624,1.58,1.25,5,3,10,6,51.8,48.2,3,1,0,0,6,8
2024-03-05 00:00:00,Liga de Quito,Macará,2.0,1.0,Quito,Ecuador,Rodrigo Paz Delgado,,,,LigaPro Serie A,,20240305_Liga-de-Quito_Macará,252.95931160270834,1.1,0.83,4,4,10,8,61.6,38.4,1,2,0,0,1,5
2024-03-09 00:00:00,Emelec,Mushuc Runa,0.0,0.0,Quito,Ecuador,Estadio George Capwell Banco del Austro,,,,LigaPro Serie A,,20240309_Emelec_Mushuc-Runa,83.43411816008393,0.83,0.71,3,2,7,2,46.9,53.1,1,3,0,0,6,6
2024-03-09 18:00:00,Macará,El Nacional,1.0,0.0,Ambato,Ecuador,Estadio Universidad Indoamérica Bellavista,,,,LigaPro Serie A,,20240309_Macará_El-Nacional,-160.47096223292738,1.51,1.77,5,4,10,9,47.2,52.8,2,0,0,1,8,5
2024-03-09 20:30:00,Imbabura,Delfín,3.0,0.0,Ibarra,Ecuador,Estadio Olímpico de Ibarra,,,,LigaPro Serie A,,20240309_Imbabura_Delfín,-59.60069350983008,1.47,0.96,3,4,6,8,51.9,48.1,0,2,0,0,5,7
2024-03-09 23:00:00,Independiente del Valle,Barcelona SC,3.0,1.0,Quito,Ecuador,Estadio Banco Guayaquil,,,,LigaPro Serie A,,20240309_Independiente-del-Valle_Barcelona-SC,-22.006806856469666,1.79,0.92,5,2,9,7,44.9,55.1,1,2,0,0,4,3
2024-03-10 18:00:00,Aucas,Técnico Universitario,3.0,1.0,Quito,Ecuador,Estadio Cooprogreso Gonzalo Pozo Ripalda,,,,LigaPro Serie A,,20240310_Aucas_Técnico-Universitario,113.26716119009825,1.37,0.88,5,2,14,5,42.5,57.5,3,2,1,0,10,3
2024-03-10 20:30:00,Orense,Deportivo Cuenca,1.0,1.0,Machala,Ecuador,9 de Mayo,,,,LigaPro Serie A,,20240310_Orense_Deportivo-Cuenca,-10.928726292774854,0.94,0.97,5,4,8,10,55.5,44.5,1,3,0,0,5,4
2024-03-10 23:00:00,Cumbayá,Liga de Quito,1.0,3.0,Quito,Ecuador,Estadio Olímpico Atahualpa,,,,LigaPro Serie A,,20240310_Cumbayá_Liga-de-Quito,-253.83722186343152,0.2,1.8,1,5,5,12,45.5,54.5,1,0,0,0,2,11
2024-03-12 00:00:00,Libertad (Ecuador),Universidad Católica (Quito),0.0,1.0,Loja,Ecuador,Estadio Reina del Cisne,,,,LigaPro Serie A,,20240312_Libertad-(Ecuador)_Universidad-Católica-(Quito),-144.48799348581701,1.13,1.16,4,4,9,9,51.1,48.9,1,2,0,0,7,4
2024-03-15 21:30:00,Macará,Libertad (Ecuador),3.0,0.0,Ambato,Ecuador,Estadio Universidad Indoamérica Bellavista,,,,LigaPro Serie A,,20240315_Macará_Libertad-(Ecuador),-19.787714844987022,1.11,0.61,5,2,10,4,53.7,46.3,1,2,0,1,2,1
2024-03-16 00:00:00,Independiente del Valle,Cumbayá,3.0,0.0,Quito,Ecuador,Estadio Banco Guayaquil,,,,LigaPro Serie A,,20240316_Independiente-del-Valle_Cumbayá,213.44700263708546,1.57,0.55,5,0,10,0,60.5,39.5,2,1,0,0,10,1
2024-03-16 18:00:00,Mushuc Runa,Imbabura,3.0,0.0,Ambato,Ecuador,Cooperativa de Ahorro y Crédito Mushuc Runa,,,,LigaPro Serie A,,20240316_Mushuc-Runa_Imbabura,-37.44848492644064,1.38,1.07,3,4,7,8,43.2,56.8,2,2,0,0,6,5
2024-03-16 20:30:00,Liga de Quito,Aucas,1.0,2.0,Quito,Ecuador,Rodrigo Paz Delgado,,,,LigaPro Serie A,,20240316_Liga-de-Quito_Aucas,41.47904001683196,0.73,1.49,4,4,9,8,54.8,45.2,0,0,1,0,3,7
2024-03-16 23:00:00,Barcelona SC,Orense,0.0,0.0,Quito,Ecuador,Estadio Banco Pichincha,,,,LigaPro Serie A,,20240316_Barcelona-SC_Orense,139.50205604557004,0.63,0.6,2,2,4,5,61.5,38.5,1,1,0,0,3,2
2024-03-17 18:00:00,Universidad Católica (Quito),Deportivo Cuenca,3.0,3.0,Quito,Ecuador,Estadio Olímpico Atahualpa,,,,LigaPro Serie A,,20240317_Universidad-Católica-(Quito)_Deportivo-Cuenca,111.7266604204151,1.5,0.09,5,3,12,7,50.0,50.0,4,1,0,0,7,5
2024-03-17 20:30:00,Delfín,Técnico Universitario,2.0,0.0,Manta,Ecuador,Estadio Jocay,,,,LigaPro Serie A,,20240317_Delfín_Técnico-Universitario,39.60967802607843,0.75,1.34,2,5,6,11,46.5,53.5,2,0,0,0,3,7
2024-03-17 23:00:00,El Nacional,Emelec,0.0,1.0,Quito,Ecuador,Estadio Olímpico Atahualpa,,,,LigaPro Serie A,,20240317_El-Nacional_Emelec,-0.48994342194851015,0.34,1.02,3,3,9,10,54.2,45.8,1,2,0,1,5,5
2024-03-19 21:30:00,Cumbayá,Mushuc Runa,2.0,1.0,Quito,Ecuador,Estadio Olímpico Atahualpa,,,,LigaPro Serie A,,20240319_Cumbayá_Mushuc-Runa,-81.04684972770951,1.24,0.51,6,2,15,5,47.4,52.6,0,0,0,0,8,2
2024-03-20 00:00:00,Orense,Imbabura,1.0,2.0,Machala,Ecuador,9 de Mayo,,,,LigaPro Serie A,,20240320_Orense_Imbabura,-11.476054344062504,0.8,1.5,2,5,4,13,47.4,52.6,3,1,0,0,2,3
2024-03-20 21:30:00,Deportivo Cuenca,Macará,1.0,1.0,Cuenca,Ecuador,Banco del Austro Alejandro Serrano Aguil,,,,LigaPro Serie A,,20240320_Deportivo-Cuenca_Macará,58.15482066877735,0.91,0.73,4,3,7,7,54.4,45.6,4,4,0,0,5,4
2024-03-21 00:00:00,Aucas,El Nacional,3.0,4.0,Quito,Ecuador,Estadio Cooprogreso Gonzalo Pozo Ripalda,,,,LigaPro Serie A,,20240321_Aucas_El-Nacional,107.19108467423098,1.73,1.95,5,7,10,13,54.9,45.1,2,0,0,0,5,13
2024-03-21 21:30:00,Técnico Universitario,Independiente del Valle,1.0,1.0,Ambato,Ecuador,Estadio Universidad Indoamérica Bellavista,,,,LigaPro Serie A,,20240321_Técnico-Universitario_Independiente-del-Valle,-137.83170917241864,0.99,0.48,3,1,7,2,45.5,54.5,0,0,0,0,4,6
2024-03-22 00:00:00,Emelec,Delfín,2.0,0.0,Quito,Ecuador,Estadio George Capwell Banco del Austro,,,,LigaPro Serie A,,20240322_Emelec_Delfín,10.15221315961412,0.87,0.54,2,1,6,3,51.4,48.6,3,4,0,0,4,8
2024-03-23 20:30:00,Imbabura,Cumbayá,0.0,0.0,Ibarra,Ecuador,Estadio Olímpico de Ibarra,,,,LigaPro Serie A,,20240323_Imbabura_Cumbayá,88.77266568821483,1.26,0.16,4,0,6,0,59.3,40.7,3,0,0,0,4,0
2024-03-24 17:00:00,El Nacional,Deportivo Cuenca,2.0,1.0,Latacunga,Ecuador,Estadio La Cocha,,,,LigaPro Serie A,,20240324_El-Nacional_Deportivo-Cuenca,60.87087317916098,1.07,0.5,2,3,5,6,51.4,48.6,2,3,0,0,5,5
2024-03-24 20:30:00,Técnico Universitario,Macará,1.0,1.0,Ambato,Ecuador,Estadio Universidad Indoamérica Bellavista,,,,LigaPro Serie A,,20240324_Técnico-Universitario_Macará,57.400648573529,1.19,0.4,6,1,14,3,42.5,57.5,1,4,0,0,7,3
2024-03-24 23:00:00,Independiente del Valle,Aucas,1.0,1.0,Quito,Ecuador,Estadio Banco Guayaquil,,,,LigaPro Serie A,,20240324_Independiente-del-Valle_Aucas,-4.877312121680461,2.09,0.66,7,4,15,8,46.2,53.8,1,1,0,0,5,6
2024-03-25 21:30:00,Delfín,Libertad (Ecuador),1.0,1.0,Manta,Ecuador,Estadio Jocay,,,,LigaPro Serie A,,20240325_Delfín_Libertad-(Ecuador),109.67868631564215,1.05,0.41,3,3,7,7,56.1,43.9,1,3,0,0,6,2
2024-03-26 00:00:00,Orense,Emelec,1.0,1.0,Machala,Ecuador,9 de Mayo,,,,LigaPro Serie A,,20240326_Orense_Emelec,-100.3313019879306,0.55,0.55,1,3,4,6,46.2,53.8,2,5,0,0,0,3
2024-03-29 00:00:00,Liga de Quito,Imbabura,5.0,0.0,Quito,Ecuador,Rodrigo Paz Delgado,,,,LigaPro Serie A,,20240329_Liga-de-Quito_Imbabura,154.36160694034947,2.42,0.34,5,0,14,1,51.4,48.6,1,3,0,0,8,1
2024-03-30 00:00:00,Macará,Barcelona SC,1.0,1.0,Ambato,Ecuador,Estadio Universidad Indoamérica Bellavista,,,,LigaPro Serie A,,20240330_Macará_Barcelona-SC,-175.22193709549583,0.67,0.45,1,1,4,1,42.3,57.7,2,1,0,0,6,3
2024-03-30 18:00:00,Mushuc Runa,Aucas,0.0,2.0,Ambato,Ecuador,Cooperativa de Ahorro y Crédito Mushuc Runa,,,,LigaPro Serie A,,20240330_Mushuc-Runa_Aucas,-158.20064105255005,0.59,1.41,3,5,5,9,41.0,59.0,1,2,0,0,5,7
2024-03-30 20:30:00,Libertad (Ecuador),Técnico Universitario,1.0,0.0,Loja,Ecuador,Estadio Reina del Cisne,,,,LigaPro Serie A,,20240330_Libertad-(Ecuador)_Técnico-Universitario,-59.33653202956134,2.25,0.99,9,3,19,8,43.7,56.3,2,3,0,0,6,9
2024-03-30 23:00:00,Cumbayá,El Nacional,1.0,0.0,Quito,Ecuador,Estadio Olímpico Atahualpa,,,,LigaPro Serie A,,20240330_Cumbayá_El-Nacional,-140.82166898340165,0.33,0.4,1,1,3,2,44.2,55.8,0,1,0,0,2,5
2024-03-31 18:00:00,Universidad Católica (Quito),Orense,5.0,1.0,Quito,Ecuador,Estadio Olímpico Atahualpa,,,,LigaPro Serie A,,20240331_Universidad-Católica-(Quito)_Orense,121.82623591328934,1.39,1.2,5,4,11,9,56.9,43.1,2,5,0,0,8,2
2024-03-31 20:30:00,Deportivo Cuenca,Delfín,0.0,0.0,Azogues,Ecuador,Estadio Jorge Andrade Cantos,,,,LigaPro Serie A,,20240331_Deportivo-Cuenca_Delfín,-54.18790687914952,1.26,0.72,6,2,12,5,49.6,50.4,2,1,0,0,4,6
2024-03-31 23:00:00,Emelec,Independiente del Valle,0.0,0.0,Quito,Ecuador,Estadio George Capwell Banco del Austro,,,,LigaPro Serie A,,20240331_Emelec_Independiente-del-Valle,-54.15967662110802,1.38,0.12,6,0,13,0,41.4,58.6,1,0,0,1,10,0
2024-04-06 00:00:00,Orense,Mushuc Runa,2.0,2.0,Machala,Ecuador,9 de Mayo,,,,LigaPro Serie A,,20240406_Orense_Mushuc-Runa,4.841480773410012,1.12,1.92,4,7,11,16,53.3,46.7,2,0,0,0,5,14
2024-04-06 18:00:00,Aucas,Cumbayá,3.0,0.0,Quito,Ecuador,Estadio Cooprogreso Gonzalo Pozo Ripalda,,,,LigaPro Serie A,,20240406_Aucas_Cumbayá,197.01808761655502,0.59,0.44,3,2,6,5,55.4,44.6,3,2,0,0,2,2
2024-04-06 20:30:00,El Nacional,Liga de Quito,1.0,2.0,Quito,Ecuador,Estadio Olímpico Atahualpa,,,,LigaPro Serie A,,20240406_El-Nacional_Liga-de-Quito,-119.91801607151979,1.78,0.33,4,2,8,2,51.2,48.8,2,3,0,0,7,5
2024-04-06 23:00:00,Barcelona SC,Deportivo Cuenca,4.0,0.0,Quito,Ecuador,Estadio Banco Pichincha,,,,LigaPro Serie A,,20240406_Barcelona-SC_Deportivo-Cuenca,125.48802235319499,1.55,0.56,5,1,12,3,55.3,44.7,2,0,0,0,10,4
2024-04-07 18:00:00,Independiente del Valle,Libertad (Ecuador),3.0,0.0,Quito,Ecuador,Estadio Banco Guayaquil,,,,LigaPro Serie A,,20240407_Independiente-del-Valle_Libertad-(Ecuador),174.36491141048873,1.83,0.86,5,3,10,9,57.8,42.2,1,0,0,0,4,7
2024-04-07 20:30:00,Delfín,Universidad Católica (Quito),0.0,2.0,Manta,Ecuador,Estadio Jocay,,,,LigaPro Serie A,,20240407_Delfín_Universidad-Católica-(Quito),-71.79850710153164,0.61,2.02,2,6,5,13,49.9,50.1,3,2,0,0,3,10
2024-04-07 23:00:00,Técnico Universitario,Emelec,1.0,1.0,Ambato,Ecuador,Estadio Universidad Indoamérica Bellavista,,,,LigaPro Serie A,,20240407_Técnico-Universitario_Emelec,-92.63934013736889,1.33,1.18,4,3,10,5,46.9,53.1,4,4,0,0,7,2
2024-04-09 00:00:00,Imbabura,Macará,0.0,1.0,Ibarra,Ecuador,Estadio Olímpico de Ibarra,,,,LigaPro Serie A,,20240409_Imbabura_Macará,52.368723356714554,1.03,1.54,4,6,6,12,51.7,48.3,2,3,1,0,2,9
2024-04-13 00:00:00,Deportivo Cuenca,Aucas,3.0,3.0,Cuenca,Ecuador,Banco del Austro Alejandro Serrano Aguil,,,,LigaPro Serie A,,20240413_Deportivo-Cuenca_Aucas,-165.34883268189992,2.41,1.18,7,4,16,9,45.6,54.4,2,1,0,0,8,7
2024-04-13 18:00:00,Mushuc Runa,Técnico Universitario,1.0,2.0,Ambato,Ecuador,Cooperativa de Ahorro y Crédito Mushuc Runa,,,,LigaPro Serie A,,20240413_Mushuc-Runa_Técnico-Universitario,-18.560192563074224,0.48,0.74,3,2,6,5,49.1,50.9,2,0,0,0,1,3
2024-04-13 20:30:00,Macará,Orense,0.0,0.0,Ambato,Ecuador,Estadio Universidad Indoamérica Bellavista,,,,LigaPro Serie A,,20240413_Macará_Orense,-9.13295552834461,0.22,0.71,1,2,3,6,49.6,50.4,2,0,0,0,2,7
2024-04-13 23:00:00,Emelec,Cumbayá,2.0,0.0,Quito,Ecuador,Estadio George Capwell Banco del Austro,,,,LigaPro Serie A,,20240413_Emelec_Cumbayá,136.00460326050165,0.68,1.49,3,7,8,15,56.6,43.4,2,4,0,1,11,7
2024-04-14 18:00:00,Universidad Católica (Quito),Independiente del Valle,2.0,2.0,Quito,Ecuador,Rodrigo Paz Delgado,,,,LigaPro Serie A,,20240414_Universidad-Católica-(Quito)_Independiente-del-Valle,-12.99045161892127,0.98,1.06,3,3,7,6,52.5,47.5,2,1,0,0,4,3
2024-04-14 20:30:00,El Nacional,Imbabura,2.0,0.0,Quito,Ecuador,Estadio Cooprogreso Gonzalo Pozo Ripalda,,,,LigaPro Serie A,,20240414_El-Nacional_Imbabura,54.2109680403787,0.41,0.27,3,1,4,0,51.1,48.9,0,2,0,0,2,2
2024-04-14 23:00:00,Libertad (Ecuador),Barcelona SC,0.0,3.0,Loja,Ecuador,Estadio Reina del Cisne,,,,LigaPro Serie A,,20240414_Libertad-(Ecuador)_Barcelona-SC,-175.75329190920024,0.05,1.36,1,4,3,7,42.4,57.6,0,2,1,0,5,5
2024-04-16 00:00:00,Liga de Quito,Delfín,2.0,1.0,Quito,Ecuador,Rodrigo Paz Delgado,,,,LigaPro Serie A,,20240416_Liga-de-Quito_Delfín,149.25140152299218,1.82,1.22,4,2,10,4,53.1,46.9,1,1,0,0,9,2
2024-04-17 21:30:00,Cumbayá,Libertad (Ecuador),0.0,0.0,Latacunga,Ecuador,Estadio La Cocha,,,,LigaPro Serie A,,20240417_Cumbayá_Libertad-(Ecuador),-9.906252548787279,0.11,0.61,0,0,0,1,52.9,47.1,3,3,0,0,5,5
2024-04-18 00:00:00,Técnico Universitario,Deportivo Cuenca,2.0,1.0,Ambato,Ecuador,Estadio Universidad Indoamérica Bellavista,,,,LigaPro Serie A,,20240418_Técnico-Universitario_Deportivo-Cuenca,12.308630738664306,0.7,1.73,2,4,5,8,50.3,49.7,1,1,0,0,4,4
2024-04-18 19:00:00,Imbabura,Universidad Católica (Quito),2.0,2.0,Ibarra,Ecuador,Estadio Olímpico de Ibarra,,,,LigaPro Serie A,,20240418_Imbabura_Universidad-Católica-(Quito),-142.4073196223378,1.88,1.44,7,3,17,5,39.3,60.7,2,3,0,0,5,3
2024-04-18 21:30:00,Independiente del Valle,Mushuc Runa,2.0,1.0,Quito,Ecuador,Estadio Banco Guayaquil,,,,LigaPro Serie A,,20240418_Independiente-del-Valle_Mushuc-Runa,175.87021382054468,1.98,1.47,7,6,15,13,58.1,41.9,3,6,0,0,5,8
2024-04-19 00:00:00,Barcelona SC,El Nacional,1.0,0.0,Quito,Ecuador,Estadio Banco Pichincha,,,,LigaPro Serie A,,20240419_Barcelona-SC_El-Nacional,75.36677324913808,1.03,0.05,3,1,9,2,53.1,46.9,0,2,0,0,2,0
2024-04-19 19:00:00,Delfín,Macará,1.0,1.0,Manta,Ecuador,Estadio Jocay,,,,LigaPro Serie A,,20240419_Delfín_Macará,58.2305728950073,1.35,0.65,5,3,13,4,48.4,51.6,2,1,0,0,3,1
2024-04-19 21:30:00,Aucas,Emelec,3.0,1.0,Quito,Ecuador,Estadio Cooprogreso Gonzalo Pozo Ripalda,,,,LigaPro Serie A,,20240419_Aucas_Emelec,59.8524722063637,1.56,0.46,5,1,12,1,48.3,51.7,3,0,1,0,7,2
2024-04-19 21:30:00,Orense,Liga de Quito,1.0,0.0,Machala,Ecuador,9 de Mayo,,,,LigaPro Serie A,,20240419_Orense_Liga-de-Quito,-213.26046855380173,0.99,0.37,2,1,3,4,45.8,54.2,0,0,0,0,1,2
2024-04-27 00:00:00,Deportivo Cuenca,Mushuc Runa,5.0,0.0,Cuenca,Ecuador,Banco del Austro Alejandro Serrano Aguil,,,,LigaPro Serie A,,20240427_Deportivo-Cuenca_Mushuc-Runa,23.791930294755275,2.36,1.33,8,4,18,5,54.8,45.2,0,0,0,0,3,2
2024-04-27 18:00:00,Universidad Católica (Quito),Cumbayá,2.0,1.0,Quito,Ecuador,Estadio Olímpico Atahualpa,,,,LigaPro Serie A,,20240427_Universidad-Católica-(Quito)_Cumbayá,186.00017582829855,2.1,0.87,6,3,12,7,54.0,46.0,0,4,0,1,10,5
2024-04-27 20:30:00,Libertad (Ecuador),Orense,1.0,1.0,Loja,Ecuador,Estadio Reina del Cisne,,,,LigaPro Serie A,,20240427_Libertad-(Ecuador)_Orense,-51.77473246657041,0.76,1.76,3,6,6,12,43.4,56.6,3,6,0,0,0,5
2024-04-27 23:00:00,Liga de Quito,Técnico Universitario,1.0,0.0,Quito,Ecuador,Rodrigo Paz Delgado,,,,LigaPro Serie A,,20240427_Liga-de-Quito_Técnico-Universitario,157.39568989832992,0.88,0.38,2,0,3,2,51.8,48.2,1,2,0,0,5,3
2024-04-28 17:30:00,Imbabura,Independiente del Valle,0.0,1.0,Ibarra,Ecuador,Estadio Olímpico de Ibarra,,,,LigaPro Serie A,,20240428_Imbabura_Independiente-del-Valle,-156.23667443981276,1.13,1.29,2,4,4,10,41.0,59.0,1,0,0,0,4,3
2024-04-28 20:00:00,Macará,Aucas,0.0,2.0,Ambato,Ecuador,Estadio Universidad Indoamérica Bellavista,,,,LigaPro Serie A,,20240428_Macará_Aucas,-184.59973518781794,0.72,1.73,3,5,4,11,45.7,54.3,1,0,0,0,5,5
2024-04-28 23:00:00,Emelec,Barcelona SC,1.0,1.0,Quito,Ecuador,Estadio George Capwell Banco del Austro,,,,LigaPro Serie A,,20240428_Emelec_Barcelona-SC,-66.78651316683295,0.33,1.08,1,3,4,6,48.9,51.1,1,1,0,0,4,6
2024-04-30 00:00:00,El Nacional,Delfín,1.0,0.0,Quito,Ecuador,Estadio Olímpico Atahualpa,,,,LigaPro Serie A,,20240430_El-Nacional_Delfín,23.141654443234756,1.39,0.81,6,4,12,8,47.1,52.9,0,1,0,0,8,9
2024-05-01 00:00:00,Libertad (Ecuador),Liga de Quito,2.0,3.0,Loja,Ecuador,Estadio Reina del Cisne,,,,LigaPro Serie A,,20240501_Libertad-(Ecuador)_Liga-de-Quito,-233.04420047527537,0.71,1.09,2,3,6,6,40.4,59.6,4,3,0,0,3,5
2024-05-02 00:00:00,Universidad Católica (Quito),Barcelona SC,0.0,1.0,Quito,Ecuador,Estadio Olímpico Atahualpa,,,,LigaPro Serie A,,20240502_Universidad-Católica-(Quito)_Barcelona-SC,-13.148027018778293,0.2,0.31,0,2,0,6,52.4,47.6,4,1,0,0,2,3
2024-05-04 00:00:00,Orense,El Nacional,0.0,1.0,Machala,Ecuador,9 de Mayo,,,,LigaPro Serie A,,20240504_Orense_El-Nacional,-65.29276251573765,1.48,1.15,3,2,6,4,50.4,49.6,0,2,0,1,7,3
2024-05-04 18:00:00,Cumbayá,Macará,1.0,0.0,Quito,Ecuador,Estadio Olímpico Atahualpa,,,,LigaPro Serie A,,20240504_Cumbayá_Macará,-35.88872140693206,0.4,1.0,2,3,4,8,50.9,49.1,2,3,0,0,1,3
2024-05-04 20:30:00,Mushuc Runa,Liga de Quito,0.0,1.0,Ambato,Ecuador,Cooperativa de Ahorro y Crédito Mushuc Runa,,,,LigaPro Serie A,,20240504_Mushuc-Runa_Liga-de-Quito,-239.70762635166216,1.06,0.1,4,1,9,2,43.5,56.5,1,3,0,0,7,2
2024-05-04 23:00:00,Delfín,Barcelona SC,1.0,3.0,Manta,Ecuador,Estadio Jocay,,,,LigaPro Serie A,,20240504_Delfín_Barcelona-SC,-137.851695952618,1.64,1.28,7,4,13,7,44.8,55.2,3,0,0,0,9,3
2024-05-05 18:00:00,Aucas,Libertad (Ecuador),2.0,0.0,Quito,Ecuador,Estadio Cooprogreso Gonzalo Pozo Ripalda,,,,LigaPro Serie A,,20240505_Aucas_Libertad-(Ecuador),220.66565998878468,1.49,0.16,4,1,8,2,57.0,43.0,1,0,0,0,6,2
2024-05-05 20:30:00,Independiente del Valle,Deportivo Cuenca,1.0,0.0,Quito,Ecuador,Estadio Banco Guayaquil,,,,LigaPro Serie A,,20240505_Independiente-del-Valle_Deportivo-Cuenca,160.63165354270336,0.9,2.03,2,7,2,13,60.6,39.4,0,1,0,0,3,9
2024-05-05 23:00:00,Emelec,Universidad Católica (Quito),2.0,1.0,Quito,Ecuador,Estadio George Capwell Banco del Austro,,,,LigaPro Serie A,,20240505_Emelec_Universidad-Católica-(Quito),-37.53493406469488,1.14,0.78,4,3,8,8,45.7,54.3,0,1,0,0,4,10
2024-05-07 00:00:00,Técnico Universitario,Imbabura,1.0,1.0,Ambato,Ecuador,Estadio Universidad Indoamérica Bellavista,,,,LigaPro Serie A,,20240507_Técnico-Universitario_Imbabura,26.85740364674757,1.08,0.9,2,1,4,2,54.1,45.9,2,3,0,0,4,4
2024-05-11 00:00:00,Deportivo Cuenca,Cumbayá,2.0,1.0,Cuenca,Ecuador,Banco del Austro Alejandro Serrano Aguil,,,,LigaPro Serie A,,20240511_Deportivo-Cuenca_Cumbayá,41.534245607740104,1.09,0.45,5,1,10,2,59.0,41.0,1,3,0,1,5,5
2024-05-11 18:00:00,Imbabura,Libertad (Ecuador),4.0,2.0,Ibarra,Ecuador,Estadio Olímpico de Ibarra,,,,LigaPro Serie A,,20240511_Imbabura_Libertad-(Ecuador),46.13740353812045,1.46,1.27,4,4,9,11,49.3,50.7,2,3,0,0,3,5
2024-05-11 20:30:00,Macará,Mushuc Runa,0.0,0.0,Ambato,Ecuador,Estadio Universidad Indoamérica Bellavista,,,,LigaPro Serie A,,20240511_Macará_Mushuc-Runa,12.043706826214247,1.06,0.69,3,2,7,4,46.0,54.0,1,0,0,0,4,3
2024-05-11 23:00:00,Liga de Quito,Emelec,2.0,2.0,Quito,Ecuador,Rodrigo Paz Delgado,,,,LigaPro Serie A,,20240511_Liga-de-Quito_Emelec,97.50346426041028,0.5,1.13,2,2,6,4,53.5,46.5,0,0,0,0,3,4
2024-05-12 18:00:00,El Nacional,Independiente del Valle,1.0,2.0,Quito,Ecuador,Estadio Olímpico Atahualpa,,,,LigaPro Serie A,,20240512_El-Nacional_Independiente-del-Valle,-88.62138156486299,0.79,1.39,4,2,10,2,49.9,50.1,0,1,0,0,6,1
2024-05-12 20:30:00,Delfín,Orense,0.0,1.0,Manta,Ecuador,Estadio Jocay,,,,LigaPro Serie A,,20240512_Delfín_Orense,22.044536084503534,0.95,0.66,3,2,6,5,49.6,50.4,0,1,0,0,4,3
2024-05-12 23:00:00,Barcelona SC,Aucas,1.0,1.0,Quito,Ecuador,Estadio Banco Pichincha,,,,LigaPro Serie A,,20240512_Barcelona-SC_Aucas,-7.6551667749736225,0.05,1.13,1,4,2,9,48.0,52.0,1,1,0,0,6,6
2024-05-14 00:00:00,Universidad Católica (Quito),Técnico Universitario,3.0,2.0,Quito,Ecuador,Estadio Olímpico Atahualpa,,,,LigaPro Serie A,,20240514_Universidad-Católica-(Quito)_Técnico-Universitario,95.38406279241121,2.21,1.25,6,4,14,12,52.9,47.1,1,2,0,0,8,6
2024-05-18 00:00:00,Deportivo Cuenca,Imbabura,5.0,2.0,Cuenca,Ecuador,Banco del Austro Alejandro Serrano Aguil,,,,LigaPro Serie A,,20240518_Deportivo-Cuenca_Imbabura,1.9001817646776544,1.29,1.07,5,3,12,6,57.2,42.8,0,3,0,0,8,3
2024-05-18 18:00:00,Libertad (Ecuador),El Nacional,0.0,2.0,Loja,Ecuador,Estadio Reina del Cisne,,,,LigaPro Serie A,,20240518_Libertad-(Ecuador)_El-Nacional,-134.9356725698649,0.82,1.0,1,4,3,8,45.4,54.6,2,1,0,0,3,4
2024-05-18 20:30:00,Emelec,Macará,0.0,1.0,Quito,Ecuador,Estadio George Capwell Banco del Austro,,,,LigaPro Serie A,,20240518_Emelec_Macará,143.5076534136108,1.06,1.04,4,4,9,7,53.4,46.6,2,1,0,0,7,7
2024-05-18 23:00:00,Independiente del Valle,Liga de Quito,1.0,1.0,Quito,Ecuador,Estadio Banco Guayaquil,,,,LigaPro Serie A,,20240518_Independiente-del-Valle_Liga-de-Quito,-18.64775139561266,1.64,0.39,6,1,15,1,51.3,48.7,2,1,0,0,9,3
2024-05-19 18:00:00,Mushuc Runa,Delfín,5.0,0.0,Ambato,Ecuador,Cooperativa de Ahorro y Crédito Mushuc Runa,,,,LigaPro Serie A,,20240519_Mushuc-Runa_Delfín,-53.83567925960892,1.98,0.2,8,1,17,2,47.0,53.0,2,0,0,0,6,4
2024-05-19 20:30:00,Aucas,Universidad Católica (Quito),2.0,2.0,Quito,Ecuador,Estadio Cooprogreso Gonzalo Pozo Ripalda,,,,LigaPro Serie A,,20240519_Aucas_Universidad-Católica-(Quito),55.610355792970495,1.06,0.83,4,3,9,8,50.7,49.3,1,4,0,0,3,10
2024-05-19 23:00:00,Cumbayá,Barcelona SC,0.0,1.0,Quito,Ecuador,Estadio Olímpico Atahualpa,,,,LigaPro Serie A,,20240519_Cumbayá_Barcelona-SC,-228.02250874132392,0.22,0.97,1,4,3,8,40.7,59.3,0,1,0,0,3,3
2024-05-21 00:00:00,Técnico Universitario,Orense,1.0,0.0,Ambato,Ecuador,Estadio Universidad Indoamérica Bellavista,,,,LigaPro Serie A,,20240521_Técnico-Universitario_Orense,0.9081097917228362,1.85,2.0,5,7,11,17,47.6,52.4,0,0,0,0,4,5
2024-05-22 20:30:00,Mushuc Runa,Universidad Católica (Quito),2.0,1.0,Ambato,Ecuador,Cooperativa de Ahorro y Crédito Mushuc Runa,,,,LigaPro Serie A,,20240522_Mushuc-Runa_Universidad-Católica-(Quito),-159.23565364329215,1.21,1.13,4,3,7,7,45.6,54.4,0,2,0,0,11,8
2024-05-23 00:00:00,Barcelona SC,Liga de Quito,2.0,0.0,Quito,Ecuador,Estadio Banco Pichincha,,,,LigaPro Serie A,,20240523_Barcelona-SC_Liga-de-Quito,-20.26687837558734,0.92,1.02,4,2,9,7,51.4,48.6,0,1,0,0,6,5
2024-05-25 00:00:00,Imbabura,Emelec,1.0,2.0,Ibarra,Ecuador,Estadio Olímpico de Ibarra,,,,LigaPro Serie A,,20240525_Imbabura_Emelec,-97.54560142121522,1.7,1.95,5,4,10,8,53.3,46.7,2,0,0,0,6,8
2024-05-26 01:00:00,Barcelona SC,Técnico Universitario,3.0,0.0,Quito,Ecuador,Estadio Banco Pichincha,,,,LigaPro Serie A,,20240526_Barcelona-SC_Técnico-Universitario,167.25956587954556,0.88,0.41,3,2,5,6,53.6,46.4,3,1,0,0,5,5
2024-05-26 01:00:00,Delfín,Aucas,2.0,0.0,Manta,Ecuador,Estadio Jocay,,,,LigaPro Serie A,,20240526_Delfín_Aucas,-184.8907317246451,0.05,0.65,2,1,7,3,44.9,55.1,3,0,0,1,7,2
2024-05-26 01:00:00,Liga de Quito,Universidad Católica (Quito),2.0,1.0,Quito,Ecuador,Rodrigo Paz Delgado,,,,LigaPro Serie A,,20240526_Liga-de-Quito_Universidad-Católica-(Quito),76.38088080869716,1.66,0.89,6,3,13,7,54.1,45.9,2,4,0,1,6,5
2024-05-26 01:00:00,Macará,Independiente del Valle,0.0,1.0,Ambato,Ecuador,Estadio Universidad Indoamérica Bellavista,,,,LigaPro Serie A,,20240526_Macará_Independiente-del-Valle,-199.75024447692726,0.06,0.36,1,1,3,3,47.1,52.9,1,1,0,0,3,3
2024-05-26 20:30:00,El Nacional,Mushuc Runa,1.0,0.0,Quito,Ecuador,Estadio Olímpico Atahualpa,,,,LigaPro Serie A,,20240526_El-Nacional_Mushuc-Runa,96.9538137844288,1.4,0.35,4,3,9,8,53.4,46.6,4,0,0,0,5,5
2024-05-26 23:00:00,Orense,Cumbayá,1.0,0.0,Machala,Ecuador,9 de Mayo,,,,LigaPro Serie A,,20240526_Orense_Cumbayá,58.795239152083695,0.92,0.81,3,3,5,7,55.7,44.3,3,3,0,0,3,5
2024-05-28 00:00:00,Libertad (Ecuador),Deportivo Cuenca,0.0,0.0,Loja,Ecuador,Estadio Reina del Cisne,,,,LigaPro Serie A,,20240528_Libertad-(Ecuador)_Deportivo-Cuenca,-88.36398664475837,0.69,0.61,5,0,12,0,45.8,54.2,4,4,0,0,4,3
2024-06-01 00:00:00,Técnico Universitario,El Nacional,1.0,2.0,Ambato,Ecuador,Estadio Universidad Indoamérica Bellavista,,,,LigaPro Serie A,,20240601_Técnico-Universitario_El-Nacional,-73.12155015873554,0.85,0.27,3,2,8,4,45.4,54.6,0,2,0,0,5,2
2024-06-01 18:00:00,Aucas,Imbabura,2.0,2.0,Quito,Ecuador,Estadio Cooprogreso Gonzalo Pozo Ripalda,,,,LigaPro Serie A,,20240601_Aucas_Imbabura,175.27264740735882,1.48,1.7,5,4,11,9,59.0,41.0,4,0,0,0,5,7
2024-06-01 20:30:00,Cumbayá,Delfín,1.0,0.0,Latacunga,Ecuador,Estadio La Cocha,,,,LigaPro Serie A,,20240601_Cumbayá_Delfín,-81.27578932408937,1.08,0.61,4,3,11,4,44.6,55.4,2,2,0,0,4,7
2024-06-01 23:00:00,Emelec,Libertad (Ecuador),0.0,0.0,Quito,Ecuador,Estadio George Capwell Banco del Austro,,,,LigaPro Serie A,,20240601_Emelec_Libertad-(Ecuador),165.86954056840045,0.05,2.28,0,8,0,19,62.5,37.5,1,1,1,0,5,5
2024-06-02 20:00:00,Universidad Católica (Quito),Macará,3.0,0.0,Quito,Ecuador,Rodrigo Paz Delgado,,,,LigaPro Serie A,,20240602_Universidad-Católica-(Quito)_Macará,124.39979141414346,1.85,0.99,6,3,12,5,49.5,50.5,1,0,0,1,4,4
2024-06-02 23:00:00,Deportivo Cuenca,Liga de Quito,2.0,2.0,Cuenca,Ecuador,Banco del Austro Alejandro Serrano Aguil,,,,LigaPro Serie A,,20240602_Deportivo-Cuenca_Liga-de-Quito,-178.4577325373707,0.55,1.3,2,3,5,6,36.0,64.0,3,1,0,0,2,0
2024-06-02 23:00:00,Independiente del Valle,Orense,1.0,0.0,Quito,Ecuador,Estadio Banco Guayaquil,,,,LigaPro Serie A,,20240602_Independiente-del-Valle_Orense,178.09570260227656,0.96,0.61,2,3,5,3,54.6,45.4,6,1,0,0,2,2
2024-06-02 23:00:00,Mushuc Runa,Barcelona SC,1.0,0.0,Latacunga,Ecuador,Estadio La Cocha,,,,LigaPro Serie A,,20240602_Mushuc-Runa_Barcelona-SC,-221.82612844896812,0.76,1.47,2,4,5,9,39.6,60.4,3,1,0,0,7,6
2024-08-03 00:00:00,Orense,Aucas,4.0,0.0,Machala,Ecuador,9 de Mayo,,,,LigaPro Serie A,,20240803_Orense_Aucas,-152.45450102781183,2.61,0.93,7,2,17,7,43.3,56.7,2,1,1,0,4,7
2024-08-03 19:00:00,Libertad (Ecuador),Mushuc Runa,2.0,2.0,Loja,Ecuador,Estadio Reina del Cisne,,,,LigaPro Serie A,,20240803_Libertad-(Ecuador)_Mushuc-Runa,-54.81560865923552,0.43,3.21,2,9,3,20,41.7,58.3,1,0,0,0,1,11
2024-08-03 21:30:00,Independiente del Valle,Delfín,1.0,2.0,Quito,Ecuador,Estadio Banco Guayaquil,,,,LigaPro Serie A,,20240803_Independiente-del-Valle_Delfín,196.68548074998716,1.73,1.52,5,3,12,8,60.6,39.4,4,0,0,0,4,3
2024-08-04 00:00:00,Imbabura,Barcelona SC,1.0,3.0,Ibarra,Ecuador,Estadio Olímpico de Ibarra,,,,LigaPro Serie A,,20240804_Imbabura_Barcelona-SC,-187.96116897694674,0.75,0.52,3,3,6,5,42.4,57.6,1,2,0,0,0,2
2024-08-04 18:00:00,El Nacional,Universidad Católica (Quito),0.0,2.0,Quito,Ecuador,Estadio Olímpico Atahualpa,,,,LigaPro Serie A,,20240804_El-Nacional_Universidad-Católica-(Quito),-8.220470160370724,0.05,1.05,0,4,0,6,52.5,47.5,1,1,0,0,1,3
2024-08-04 20:30:00,Macará,Liga de Quito,0.0,4.0,Ambato,Ecuador,Estadio Universidad Indoamérica Bellavista,,,,LigaPro Serie A,,20240804_Macará_Liga-de-Quito,-221.79255669938448,1.6,1.74,4,6,6,14,39.6,60.4,2,1,0,0,4,5
2024-08-04 23:00:00,Emelec,Deportivo Cuenca,0.0,1.0,Quito,Ecuador,Estadio George Capwell Banco del Austro,,,,LigaPro Serie A,,20240804_Emelec_Deportivo-Cuenca,72.47787451107115,0.89,1.14,2,2,6,6,52.4,47.6,0,2,0,0,5,2
2024-08-06 00:00:00,Cumbayá,Técnico Universitario,1.0,2.0,Quito,Ecuador,Estadio Olímpico Atahualpa,,,,LigaPro Serie A,,20240806_Cumbayá_Técnico-Universitario,-62.729383527155505,0.41,1.16,1,3,3,5,50.3,49.7,0,3,0,0,3,6
2024-08-10 00:00:00,Deportivo Cuenca,Orense,1.0,2.0,Cuenca,Ecuador,Banco del Austro Alejandro Serrano Aguil,,,,LigaPro Serie A,,20240810_Deportivo-Cuenca_Orense,17.456368840475307,1.36,0.81,5,2,11,7,49.5,50.5,1,1,0,0,5,6
2024-08-10 17:30:00,Universidad Católica (Quito),Libertad (Ecuador),1.0,2.0,Quito,Ecuador,Estadio Olímpico Atahualpa,,,,LigaPro Serie A,,20240810_Universidad-Católica-(Quito)_Libertad-(Ecuador),178.04442673556832,1.13,1.4,2,4,4,9,52.8,47.2,1,2,0,0,3,5
2024-08-10 20:00:00,Liga de Quito,Cumbayá,2.0,1.0,Quito,Ecuador,Rodrigo Paz Delgado,,,,LigaPro Serie A,,20240810_Liga-de-Quito_Cumbayá,259.8214823442843,0.91,0.59,3,3,7,6,60.0,40.0,2,1,0,1,5,4
2024-08-10 23:00:00,Barcelona SC,Independiente del Valle,3.0,2.0,Quito,Ecuador,Estadio Banco Pichincha,,,,LigaPro Serie A,,20240810_Barcelona-SC_Independiente-del-Valle,9.774714130729535,1.22,0.98,3,4,7,12,43.3,56.7,1,2,0,0,8,4
2024-08-11 18:00:00,El Nacional,Macará,1.0,3.0,Quito,Ecuador,Estadio Olímpico Atahualpa,,,,LigaPro Serie A,,20240811_El-Nacional_Macará,125.45381103664658,1.74,1.66,7,6,18,12,58.5,41.5,2,2,0,1,7,7
2024-08-11 20:30:00,Delfín,Imbabura,1.0,1.0,Manta,Ecuador,Estadio Jocay,,,,LigaPro Serie A,,20240811_Delfín_Imbabura,29.951038335859266,0.92,1.15,4,4,7,8,44.7,55.3,1,2,0,0,7,3
2024-08-11 23:00:00,Mushuc Runa,Emelec,3.0,0.0,Latacunga,Ecuador,Estadio La Cocha,,,,LigaPro Serie A,,20240811_Mushuc-Runa_Emelec,-87.80401089309817,2.2,0.84,7,5,15,9,46.8,53.2,0,0,0,0,7,3
2024-08-13 00:00:00,Técnico Universitario,Aucas,2.0,0.0,Ambato,Ecuador,Estadio Universidad Indoamérica Bellavista,,,,LigaPro Serie A,,20240813_Técnico-Universitario_Aucas,-120.59539963738666,0.73,0.8,2,1,6,2,37.8,62.2,1,1,0,0,6,4
2024-08-17 00:00:00,Libertad (Ecuador),Macará,0.0,1.0,Loja,Ecuador,Estadio Reina del Cisne,,,,LigaPro Serie A,,20240817_Libertad-(Ecuador)_Macará,-19.429671497786103,0.69,0.67,1,3,3,7,46.2,53.8,2,1,0,0,5,2
2024-08-17 19:00:00,Cumbayá,Independiente del Valle,1.0,3.0,Quito,Ecuador,Estadio Olímpico Atahualpa,,,,LigaPro Serie A,,20240817_Cumbayá_Independiente-del-Valle,-232.885184397594,1.62,1.89,6,7,13,15,50.7,49.3,2,4,0,0,5,6
2024-08-17 21:30:00,Aucas,Liga de Quito,0.0,1.0,Quito,Ecuador,Estadio Cooprogreso Gonzalo Pozo Ripalda,,,,LigaPro Serie A,,20240817_Aucas_Liga-de-Quito,-77.18283769547611,0.07,0.42,0,1,0,1,52.2,47.8,1,0,0,0,2,3
2024-08-18 00:00:00,Orense,Barcelona SC,3.0,2.0,Machala,Ecuador,9 de Mayo,,,,LigaPro Serie A,,20240818_Orense_Barcelona-SC,-164.50151543123206,1.07,0.94,4,3,8,7,40.0,60.0,0,1,0,0,2,3
2024-08-18 18:00:00,Imbabura,Mushuc Runa,2.0,3.0,Ibarra,Ecuador,Estadio Olímpico de Ibarra,,,,LigaPro Serie A,,20240818_Imbabura_Mushuc-Runa,-21.802720936295145,1.5,1.63,5,4,10,9,48.8,51.2,2,0,0,0,7,7
2024-08-18 20:30:00,Deportivo Cuenca,Universidad Católica (Quito),1.0,2.0,Cuenca,Ecuador,Banco del Austro Alejandro Serrano Aguil,,,,LigaPro Serie A,,20240818_Deportivo-Cuenca_Universidad-Católica-(Quito),-77.6630527168636,0.59,1.07,2,5,6,12,44.1,55.9,1,3,0,0,1,5
2024-08-18 23:00:00,Emelec,El Nacional,0.0,1.0,Quito,Ecuador,Estadio George Capwell Banco del Austro,,,,LigaPro Serie A,,20240818_Emelec_El-Nacional,-6.343155722485108,0.76,1.41,2,3,3,3,47.1,52.9,2,1,0,0,3,0
2024-08-20 00:00:00,Técnico Universitario,Delfín,0.0,1.0,Ambato,Ecuador,Estadio Universidad Indoamérica Bellavista,,,,LigaPro Serie A,,20240820_Técnico-Universitario_Delfín,19.711970099303926,0.99,1.01,3,2,8,4,54.1,45.9,0,1,0,0,1,3
2024-08-24 00:00:00,Macará,Deportivo Cuenca,3.0,1.0,Ambato,Ecuador,Estadio Universidad Indoamérica Bellavista,,,,LigaPro Serie A,,20240824_Macará_Deportivo-Cuenca,-24.936163238697418,1.55,1.06,6,4,12,7,52.0,48.0,2,1,0,0,6,3
2024-08-24 18:00:00,Mushuc Runa,Cumbayá,0.0,0.0,Latacunga,Ecuador,Estadio La Cocha,,,,LigaPro Serie A,,20240824_Mushuc-Runa_Cumbayá,93.27148357165856,0.6,0.62,3,2,5,3,46.8,53.2,0,1,0,0,5,1
2024-08-24 20:30:00,El Nacional,Aucas,0.0,0.0,Quito,Ecuador,Estadio Olímpico Atahualpa,,,,LigaPro Serie A,,20240824_El-Nacional_Aucas,-29.01466059459017,2.01,0.05,7,0,13,0,47.4,52.6,1,1,0,0,8,1
2024-08-24 23:00:00,Delfín,Emelec,0.0,1.0,Manta,Ecuador,Estadio Jocay,,,,LigaPro Serie A,,20240824_Delfín_Emelec,-27.31911387144396,0.66,0.65,2,2,4,5,55.5,44.5,3,1,0,0,3,5
2024-08-25 18:00:00,Independiente del Valle,Técnico Universitario,1.0,0.0,Quito,Ecuador,Estadio Banco Guayaquil,,,,LigaPro Serie A,,20240825_Independiente-del-Valle_Técnico-Universitario,147.70108107830356,0.76,0.34,3,1,7,1,53.2,46.8,3,3,0,0,3,2
2024-08-25 20:30:00,Liga de Quito,Libertad (Ecuador),3.0,0.0,Quito,Ecuador,Rodrigo Paz Delgado,,,,LigaPro Serie A,,20240825_Liga-de-Quito_Libertad-(Ecuador),260.63788202120736,1.68,1.34,6,4,16,10,61.3,38.7,3,2,0,0,6,10
2024-08-25 23:00:00,Barcelona SC,Universidad Católica (Quito),1.0,0.0,Quito,Ecuador,Estadio Banco Pichincha,,,,LigaPro Serie A,,20240825_Barcelona-SC_Universidad-Católica-(Quito),67.93349088972695,0.4,0.55,1,0,3,0,50.7,49.3,1,3,0,0,1,2
2024-08-27 00:00:00,Imbabura,Orense,0.0,1.0,Ibarra,Ecuador,Estadio Olímpico de Ibarra,,,,LigaPro Serie A,,20240827_Imbabura_Orense,-74.78039237895246,0.9,0.82,3,3,5,5,52.2,47.8,1,3,0,0,4,9
2024-08-31 00:00:00,Universidad Católica (Quito),Mushuc Runa,5.0,1.0,Quito,Ecuador,Estadio Olímpico Atahualpa,,,,LigaPro Serie A,,20240831_Universidad-Católica-(Quito)_Mushuc-Runa,85.92891434738931,1.62,0.47,5,2,9,4,47.3,52.7,0,3,0,0,4,2
2024-08-31 17:30:00,Deportivo Cuenca,El Nacional,1.0,2.0,Cuenca,Ecuador,Banco del Austro Alejandro Serrano Aguil,,,,LigaPro Serie A,,20240831_Deportivo-Cuenca_El-Nacional,-82.52049519175398,0.97,0.64,4,2,8,3,46.3,53.7,0,1,0,0,4,5
2024-08-31 20:00:00,Libertad (Ecuador),Delfín,2.0,0.0,Loja,Ecuador,Estadio Reina del Cisne,,,,LigaPro Serie A,,20240831_Libertad-(Ecuador)_Delfín,-71.78040885551218,1.16,1.12,4,3,9,7,48.3,51.7,2,3,0,0,9,3
2024-08-31 23:00:00,Liga de Quito,Barcelona SC,3.0,0.0,Quito,Ecuador,Rodrigo Paz Delgado,,,,LigaPro Serie A,,20240831_Liga-de-Quito_Barcelona-SC,23.987271802353916,0.77,2.07,3,7,7,15,54.0,46.0,1,2,0,0,5,10
2024-09-01 18:00:00,Macará,Técnico Universitario,0.0,0.0,Ambato,Ecuador,Estadio Universidad Indoamérica Bellavista,,,,LigaPro Serie A,,20240901_Macará_Técnico-Universitario,-10.679697562595493,0.23,1.51,0,5,0,11,49.4,50.6,2,1,0,0,1,5
2024-09-01 20:30:00,Aucas,Independiente del Valle,0.0,2.0,Quito,Ecuador,Estadio Cooprogreso Gonzalo Pozo Ripalda,,,,LigaPro Serie A,,20240901_Aucas_Independiente-del-Valle,-63.99905583429563,0.57,1.12,2,4,6,9,45.5,54.5,1,2,0,0,5,3
2024-09-01 23:00:00,Emelec,Orense,2.0,1.0,Quito,Ecuador,Estadio George Capwell Banco del Austro,,,,LigaPro Serie A,,20240901_Emelec_Orense,5.956006332779225,0.38,0.4,2,1,4,4,50.0,50.0,2,2,0,0,4,4
2024-09-03 00:00:00,Cumbayá,Imbabura,1.0,2.0,Quito,Ecuador,Estadio Olímpico Atahualpa,,,,LigaPro Serie A,,20240903_Cumbayá_Imbabura,-36.37027111440352,0.74,1.19,2,4,6,7,45.1,54.9,2,2,0,0,3,4
2024-09-14 00:00:00,Orense,Universidad Católica (Quito),2.0,2.0,Machala,Ecuador,9 de Mayo,,,,LigaPro Serie A,,20240914_Orense_Universidad-Católica-(Quito),-63.73003834051838,1.69,0.68,5,2,11,6,43.2,56.8,1,0,0,0,6,3
2024-09-14 19:00:00,Delfín,Deportivo Cuenca,0.0,0.0,Manta,Ecuador,Estadio Jocay,,,,LigaPro Serie A,,20240914_Delfín_Deportivo-Cuenca,7.995897805769118,0.54,1.42,3,5,5,11,47.7,52.3,2,1,0,0,6,9
2024-09-14 21:30:00,Imbabura,Liga de Quito,4.0,0.0,Ibarra,Ecuador,Estadio Olímpico de Ibarra,,,,LigaPro Serie A,,20240914_Imbabura_Liga-de-Quito,-248.24902932525038,2.2,0.95,8,3,16,7,38.6,61.4,1,1,0,0,7,2
2024-09-15 00:00:00,Independiente del Valle,Emelec,2.0,1.0,Quito,Ecuador,Estadio Banco Guayaquil,,,,LigaPro Serie A,,20240915_Independiente-del-Valle_Emelec,108.88048261507902,1.32,1.19,5,5,12,12,47.7,52.3,1,3,0,0,9,3
2024-09-15 17:30:00,El Nacional,Cumbayá,2.0,1.0,Quito,Ecuador,Estadio Olímpico Atahualpa,,,,LigaPro Serie A,,20240915_El-Nacional_Cumbayá,175.81645141617923,1.67,0.75,5,1,13,2,55.1,44.9,3,1,0,0,9,4
2024-09-15 20:00:00,Aucas,Mushuc Runa,1.0,2.0,Quito,Ecuador,Estadio Cooprogreso Gonzalo Pozo Ripalda,,,,LigaPro Serie A,,20240915_Aucas_Mushuc-Runa,95.17886759899466,1.4,1.36,5,4,9,8,52.5,47.5,2,1,0,0,3,9
2024-09-15 22:30:00,Barcelona SC,Macará,2.0,1.0,Quito,Ecuador,Estadio Banco Pichincha,,,,LigaPro Serie A,,20240915_Barcelona-SC_Macará,174.5372881340877,1.93,0.65,4,1,9,1,60.8,39.2,6,1,0,0,2,1
2024-09-17 00:00:00,Técnico Universitario,Libertad (Ecuador),3.0,0.0,Ambato,Ecuador,Estadio Universidad Indoamérica Bellavista,,,,LigaPro Serie A,,20240917_Técnico-Universitario_Libertad-(Ecuador),55.19207980826923,0.77,0.78,3,3,6,7,53.4,46.6,0,2,0,0,6,1
2024-09-21 00:00:00,Libertad (Ecuador),Independiente del Valle,1.0,1.0,Loja,Ecuador,Estadio Reina del Cisne,,,,LigaPro Serie A,,20240921_Libertad-(Ecuador)_Independiente-del-Valle,-245.9139951388902,0.65,1.08,3,4,5,8,38.9,61.1,0,2,0,0,2,4
2024-09-21 19:00:00,Cumbayá,Aucas,0.0,3.0,Quito,Ecuador,Estadio Olímpico Atahualpa,,,,LigaPro Serie A,,20240921_Cumbayá_Aucas,-175.00524954658795,2.3,0.86,6,3,11,9,43.1,56.9,1,0,0,0,10,7
2024-09-21 21:30:00,Liga de Quito,El Nacional,1.0,1.0,Quito,Ecuador,Rodrigo Paz Delgado,,,,LigaPro Serie A,,20240921_Liga-de-Quito_El-Nacional,104.53984231388722,0.67,2.0,1,5,3,11,45.0,55.0,3,1,0,0,2,11
2024-09-22 00:00:00,Deportivo Cuenca,Barcelona SC,1.0,0.0,Cuenca,Ecuador,Banco del Austro Alejandro Serrano Aguil,,,,LigaPro Serie A,,20240922_Deportivo-Cuenca_Barcelona-SC,-191.0479441470618,1.41,0.05,4,1,8,4,48.6,51.4,3,4,0,0,4,2
2024-09-22 18:00:00,Macará,Imbabura,2.0,0.0,Ambato,Ecuador,Estadio Universidad Indoamérica Bellavista,,,,LigaPro Serie A,,20240922_Macará_Imbabura,1.5844384736108168,1.28,0.83,5,2,11,3,58.6,41.4,3,2,0,0,5,1
2024-09-22 20:30:00,Mushuc Runa,Orense,3.0,0.0,Latacunga,Ecuador,Estadio La Cocha,,,,LigaPro Serie A,,20240922_Mushuc-Runa_Orense,-27.350531145484638,1.74,1.08,4,5,8,11,50.2,49.8,0,2,0,1,7,9
2024-09-22 23:00:00,Emelec,Técnico Universitario,3.0,1.0,Quito,Ecuador,Estadio George Capwell Banco del Austro,,,,LigaPro Serie A,,20240922_Emelec_Técnico-Universitario,44.906500344216965,0.69,1.35,3,4,8,7,45.5,54.5,1,0,0,0,4,2
2024-09-23 22:00:00,Universidad Católica (Quito),Delfín,2.0,1.0,Quito,Ecuador,Estadio Olímpico Atahualpa,,,,LigaPro Serie A,,20240923_Universidad-Católica-(Quito)_Delfín,107.95942805776008,1.9,0.05,5,1,11,3,52.4,47.6,2,1,0,0,4,1
2024-09-27 22:00:00,Orense,Macará,1.0,0.0,Machala,Ecuador,9 de Mayo,,,,LigaPro Serie A,,20240927_Orense_Macará,27.49272226681478,1.16,0.64,4,2,8,6,48.8,51.2,0,0,0,0,4,6
2024-09-28 16:00:00,Imbabura,El Nacional,1.0,0.0,Ibarra,Ecuador,Estadio Olímpico de Ibarra,,,,LigaPro Serie A,,20240928_Imbabura_El-Nacional,-120.43593024114966,0.78,1.42,4,5,8,12,37.2,62.8,0,5,0,0,4,2
2024-09-28 18:30:00,Independiente del Valle,Universidad Católica (Quito),5.0,2.0,Quito,Ecuador,Estadio Banco Guayaquil,,,,LigaPro Serie A,,20240928_Independiente-del-Valle_Universidad-Católica-(Quito),69.53143285736269,2.03,0.75,5,3,12,8,44.0,56.0,0,1,0,0,5,4
2024-09-28 21:00:00,Cumbayá,Emelec,1.0,0.0,Quito,Ecuador,Estadio Olímpico Atahualpa,,,,LigaPro Serie A,,20240928_Cumbayá_Emelec,-173.4791679815105,0.31,1.21,1,2,3,4,37.8,62.2,0,2,0,0,5,0
2024-09-29 17:30:00,Aucas,Deportivo Cuenca,1.0,4.0,Quito,Ecuador,Estadio Cooprogreso Gonzalo Pozo Ripalda,,,,LigaPro Serie A,,20240929_Aucas_Deportivo-Cuenca,81.85445483736157,0.65,1.01,2,4,6,11,55.8,44.2,2,3,0,0,1,7
2024-09-29 20:00:00,Delfín,Liga de Quito,3.0,2.0,Manta,Ecuador,Estadio Jocay,,,,LigaPro Serie A,,20240929_Delfín_Liga-de-Quito,-209.0240604780936,0.97,0.53,3,2,6,7,45.1,54.9,2,0,0,0,3,7
2024-09-29 22:30:00,Barcelona SC,Libertad (Ecuador),0.0,0.0,Quito,Ecuador,Estadio Banco Pichincha,,,,LigaPro Serie A,,20240929_Barcelona-SC_Libertad-(Ecuador),211.01244171671578,1.4,0.79,3,3,7,6,60.0,40.0,2,0,0,0,4,5
2024-09-30 20:30:00,Técnico Universitario,Mushuc Runa,2.0,2.0,Ambato,Ecuador,Estadio Universidad Indoamérica Bellavista,,,,LigaPro Serie A,,20240930_Técnico-Universitario_Mushuc-Runa,-21.946277028349414,1.41,1.13,4,2,9,5,45.9,54.1,4,1,0,0,6,3
2024-10-05 00:00:00,Libertad (Ecuador),Cumbayá,2.0,1.0,Loja,Ecuador,Estadio Reina del Cisne,,,,LigaPro Serie A,,20241005_Libertad-(Ecuador)_Cumbayá,38.98345679971112,1.15,1.42,2,5,3,11,61.8,38.2,1,1,0,0,1,3
2024-10-05 16:00:00,Mushuc Runa,Independiente del Valle,1.0,1.0,Ambato,Ecuador,Cooperativa de Ahorro y Crédito Mushuc Runa,,,,LigaPro Serie A,,20241005_Mushuc-Runa_Independiente-del-Valle,-162.08947784695783,1.2,1.14,4,3,8,7,48.5,51.5,3,1,1,1,5,2
2024-10-05 18:30:00,Deportivo Cuenca,Técnico Universitario,1.0,1.0,Cuenca,Ecuador,Banco del Austro Alejandro Serrano Aguil,,,,LigaPro Serie A,,20241005_Deportivo-Cuenca_Técnico-Universitario,12.351611222764632,0.41,0.49,1,3,3,8,41.4,58.6,2,1,0,1,1,1
2024-10-05 21:00:00,El Nacional,Barcelona SC,3.0,0.0,Quito,Ecuador,Estadio Olímpico Atahualpa,,,,LigaPro Serie A,,20241005_El-Nacional_Barcelona-SC,-71.98431335738746,1.1,1.93,3,5,7,10,46.6,53.4,1,2,0,0,4,5
2024-10-06 17:00:00,Universidad Católica (Quito),Imbabura,2.0,1.0,Quito,Ecuador,Estadio Olímpico Atahualpa,,,,LigaPro Serie A,,20241006_Universidad-Católica-(Quito)_Imbabura,108.04286475973367,0.67,0.76,3,2,9,2,52.2,47.8,2,0,0,0,3,10
2024-10-06 19:30:00,Liga de Quito,Orense,2.0,0.0,Quito,Ecuador,Rodrigo Paz Delgado,,,,LigaPro Serie A,,20241006_Liga-de-Quito_Orense,135.48619396756294,1.81,0.28,4,1,10,1,55.3,44.7,1,1,0,0,10,4
2024-10-06 22:00:00,Emelec,Aucas,0.0,0.0,Quito,Ecuador,Estadio George Capwell Banco del Austro,,,,LigaPro Serie A,,20241006_Emelec_Aucas,-17.12838849996865,0.19,0.75,1,3,2,7,50.2,49.8,0,0,0,0,3,3
2024-10-07 20:30:00,Macará,Delfín,0.0,2.0,Ambato,Ecuador,Estadio Universidad Indoamérica Bellavista,,,,LigaPro Serie A,,20241007_Macará_Delfín,-12.976504738919402,1.04,0.59,2,2,3,4,56.0,44.0,3,1,0,0,0,2
2024-10-18 19:30:00,Cumbayá,Universidad Católica (Quito),1.0,1.0,Latacunga,Ecuador,Estadio La Cocha,,,,LigaPro Serie A,,20241018_Cumbayá_Universidad-Católica-(Quito),-203.64922184622446,0.96,0.93,3,4,6,10,43.4,56.6,2,1,0,0,3,3
2024-10-18 23:00:00,Orense,Libertad (Ecuador),1.0,0.0,Machala,Ecuador,9 de Mayo,,,,LigaPro Serie A,,20241018_Orense_Libertad-(Ecuador),67.39570003904305,0.16,1.02,3,3,8,5,52.8,47.2,2,1,0,0,1,3
2024-10-19 18:00:00,Mushuc Runa,Deportivo Cuenca,1.0,1.0,Latacunga,Ecuador,Estadio La Cocha,,,,LigaPro Serie A,,20241019_Mushuc-Runa_Deportivo-Cuenca,13.731819907941826,0.77,0.16,2,1,4,2,50.7,49.3,2,0,0,0,6,2
2024-10-19 20:30:00,Técnico Universitario,Liga de Quito,1.0,2.0,Ambato,Ecuador,Estadio Universidad Indoamérica Bellavista,,,,LigaPro Serie A,,20241019_Técnico-Universitario_Liga-de-Quito,-176.3106632301542,0.98,0.97,5,4,11,10,45.5,54.5,2,4,0,0,7,6
2024-10-19 23:00:00,Independiente del Valle,Imbabura,3.0,1.0,Quito,Ecuador,Estadio Banco Guayaquil,,,,LigaPro Serie A,,20241019_Independiente-del-Valle_Imbabura,199.99378459604782,1.55,0.8,4,1,7,3,56.8,43.2,1,4,0,0,4,4
2024-10-20 16:00:00,Aucas,Macará,3.0,1.0,Quito,Ecuador,Estadio Cooprogreso Gonzalo Pozo Ripalda,,,,LigaPro Serie A,,20241020_Aucas_Macará,91.5057367677557,1.67,1.34,5,4,11,9,51.5,48.5,3,4,0,0,7,4
2024-10-20 18:30:00,Delfín,El Nacional,1.0,1.0,Manta,Ecuador,Estadio Jocay,,,,LigaPro Serie A,,20241020_Delfín_El-Nacional,-79.93537203820756,1.12,0.98,4,3,9,7,46.6,53.4,1,4,0,0,5,6
2024-10-20 22:00:00,Barcelona SC,Emelec,2.0,1.0,Quito,Ecuador,Estadio Banco Pichincha,,,,LigaPro Serie A,,20241020_Barcelona-SC_Emelec,83.53809361478329,0.57,0.81,3,2,5,4,55.3,44.7,1,2,0,0,0,4
2024-10-25 20:00:00,Deportivo Cuenca,Independiente del Valle,0.0,2.0,Cuenca,Ecuador,Banco del Austro Alejandro Serrano Aguil,,,,LigaPro Serie A,,20241025_Deportivo-Cuenca_Independiente-del-Valle,-170.66408230748902,0.06,1.05,0,4,0,12,35.4,64.6,3,4,0,0,3,2
2024-10-26 15:30:00,Libertad (Ecuador),Aucas,1.0,1.0,Loja,Ecuador,Estadio Reina del Cisne,,,,LigaPro Serie A,,20241026_Libertad-(Ecuador)_Aucas,-123.90756718114699,1.28,1.4,5,6,10,14,45.4,54.6,3,1,0,1,5,4
2024-10-26 18:00:00,Universidad Católica (Quito),Emelec,2.0,0.0,Quito,Ecuador,Estadio Olímpico Atahualpa,,,,LigaPro Serie A,,20241026_Universidad-Católica-(Quito)_Emelec,56.84119585097278,0.91,1.14,2,3,4,6,51.5,48.5,2,2,0,0,7,5
2024-10-26 20:30:00,Liga de Quito,Mushuc Runa,1.0,1.0,Quito,Ecuador,Rodrigo Paz Delgado,,,,LigaPro Serie A,,20241026_Liga-de-Quito_Mushuc-Runa,157.93853284141164,0.96,0.49,4,1,8,1,52.9,47.1,0,1,0,0,3,3
2024-10-27 15:30:00,Macará,Cumbayá,1.0,1.0,Ambato,Ecuador,Estadio Universidad Indoamérica Bellavista,,,,LigaPro Serie A,,20241027_Macará_Cumbayá,58.85598484144475,1.25,0.36,4,1,10,3,52.9,47.1,2,0,0,0,3,1
2024-10-27 18:00:00,El Nacional,Orense,0.0,1.0,Quito,Ecuador,Estadio Olímpico Atahualpa,,,,LigaPro Serie A,,20241027_El-Nacional_Orense,49.99626640263591,0.05,1.63,0,6,0,13,60.9,39.1,0,1,0,0,2,6
2024-10-27 20:30:00,Barcelona SC,Delfín,4.0,0.0,Quito,Ecuador,Estadio Banco Pichincha,,,,LigaPro Serie A,,20241027_Barcelona-SC_Delfín,129.47301169862635,1.38,0.28,4,0,10,0,46.9,53.1,1,1,0,0,8,0
2024-10-28 20:00:00,Imbabura,Técnico Universitario,0.0,6.0,Ibarra,Ecuador,Estadio Olímpico de Ibarra,,,,LigaPro Serie A,,20241028_Imbabura_Técnico-Universitario,-22.50497094029879,0.05,2.35,0,8,0,16,49.1,50.9,1,1,0,0,0,2
2024-11-01 20:30:00,Orense,Delfín,0.0,0.0,Machala,Ecuador,9 de Mayo,,,,LigaPro Serie A,,20241101_Orense_Delfín,45.95203876033111,0.85,1.1,2,3,6,7,53.1,46.9,2,3,0,0,2,5
2024-11-02 15:30:00,Cumbayá,Deportivo Cuenca,1.0,0.0,Quito,Ecuador,Estadio Olímpico Atahualpa,,,,LigaPro Serie A,,20241102_Cumbayá_Deportivo-Cuenca,-99.05708862946449,0.05,0.66,1,2,3,5,47.1,52.9,1,4,0,0,2,2
2024-11-02 18:00:00,Libertad (Ecuador),Imbabura,3.0,1.0,Loja,Ecuador,Estadio Reina del Cisne,,,,LigaPro Serie A,,20241102_Libertad-(Ecuador)_Imbabura,-7.140273888814818,1.74,1.45,4,5,7,10,52.9,47.1,2,0,0,0,7,8
2024-11-02 20:30:00,Aucas,Barcelona SC,1.0,1.0,Quito,Ecuador,Estadio Cooprogreso Gonzalo Pozo Ripalda,,,,LigaPro Serie A,,20241102_Aucas_Barcelona-SC,-79.68159966060034,0.54,0.95,1,5,1,10,43.1,56.9,0,3,0,0,1,3
2024-11-03 15:30:00,Mushuc Runa,Macará,2.0,1.0,Ambato,Ecuador,Cooperativa de Ahorro y Crédito Mushuc Runa,,,,LigaPro Serie A,,20241103_Mushuc-Runa_Macará,68.65782694364111,0.38,1.41,2,5,4,11,53.8,46.2,4,4,0,0,4,6
2024-11-03 18:00:00,Independiente del Valle,El Nacional,2.0,0.0,Quito,Ecuador,Estadio Banco Guayaquil,,,,LigaPro Serie A,,20241103_Independiente-del-Valle_El-Nacional,117.45616865331635,0.6,1.46,2,6,3,12,59.7,40.3,0,4,0,0,2,6
2024-11-03 20:30:00,Emelec,Liga de Quito,0.0,1.0,Quito,Ecuador,Estadio George Capwell Banco del Austro,,,,LigaPro Serie A,,20241103_Emelec_Liga-de-Quito,-149.1199036834821,0.82,0.88,3,3,8,7,52.5,47.5,3,2,0,0,2,6
2024-11-04 20:00:00,Técnico Universitario,Universidad Católica (Quito),2.0,0.0,Ambato,Ecuador,Estadio Universidad Indoamérica Bellavista,,,,LigaPro Serie A,,20241104_Técnico-Universitario_Universidad-Católica-(Quito),-100.57727525763994,1.22,0.62,6,3,13,8,45.0,55.0,1,1,0,0,5,2
2024-11-08 20:00:00,Delfín,Mushuc Runa,4.0,2.0,Manta,Ecuador,Estadio Jocay,,,,LigaPro Serie A,,20241108_Delfín_Mushuc-Runa,-34.7453019665204,1.87,2.27,5,8,12,18,44.8,55.2,3,0,0,0,7,7
2024-11-09 15:00:00,Universidad Católica (Quito),Aucas,3.0,2.0,Quito,Ecuador,Estadio Olímpico Atahualpa,,,,LigaPro Serie A,,20241109_Universidad-Católica-(Quito)_Aucas,18.89167380746335,1.48,1.24,5,3,12,7,56.6,43.4,0,1,0,0,7,1
2024-11-09 17:30:00,Macará,Emelec,1.0,1.0,Ambato,Ecuador,Estadio Universidad Indoamérica Bellavista,,,,LigaPro Serie A,,20241109_Macará_Emelec,-69.7755110230703,1.36,0.83,4,2,12,2,49.9,50.1,0,1,0,0,8,2
2024-11-09 20:30:00,Liga de Quito,Independiente del Valle,2.0,1.0,Quito,Ecuador,Rodrigo Paz Delgado,,,,LigaPro Serie A,,20241109_Liga-de-Quito_Independiente-del-Valle,-12.53443737387056,1.71,0.86,5,4,11,7,53.7,46.3,3,2,0,0,3,6
2024-11-10 15:30:00,El Nacional,Libertad (Ecuador),1.0,4.0,Latacunga,Ecuador,Estadio La Cocha,,,,LigaPro Serie A,,20241110_El-Nacional_Libertad-(Ecuador),98.63443515227686,1.14,0.26,4,4,9,7,47.2,52.8,2,2,0,0,4,5
2024-11-10 18:00:00,Orense,Técnico Universitario,0.0,2.0,Machala,Ecuador,9 de Mayo,,,,LigaPro Serie A,,20241110_Orense_Técnico-Universitario,27.355041256532104,1.13,1.39,4,3,10,6,49.2,50.8,0,2,0,0,6,1
2024-11-10 20:30:00,Barcelona SC,Cumbayá,8.0,1.0,Quito,Ecuador,Estadio Banco Pichincha,,,,LigaPro Serie A,,20241110_Barcelona-SC_Cumbayá,223.70762064295855,2.26,1.03,8,4,18,9,56.7,43.3,2,1,0,0,8,4
2024-11-11 20:00:00,Imbabura,Deportivo Cuenca,0.0,2.0,Ibarra,Ecuador,Estadio Olímpico de Ibarra,,,,LigaPro Serie A,,20241111_Imbabura_Deportivo-Cuenca,-42.463132167119056,0.23,0.31,1,2,3,3,52.7,47.3,0,2,0,0,3,3
2024-11-23 20:30:00,Cumbayá,Orense,2.0,2.0,Latacunga,Ecuador,Estadio La Cocha,,,,LigaPro Serie A,,20241123_Cumbayá_Orense,-118.11169788744564,1.16,1.0,4,2,10,2,40.9,59.1,4,2,0,0,9,3
2024-11-23 20:30:00,Deportivo Cuenca,Libertad (Ecuador),1.0,1.0,Cuenca,Ecuador,Banco del Austro Alejandro Serrano Aguil,,,,LigaPro Serie A,,20241123_Deportivo-Cuenca_Libertad-(Ecuador),20.33282882922731,1.19,1.49,4,3,9,5,56.0,44.0,2,2,0,0,4,6
2024-11-23 20:30:00,Emelec,Imbabura,2.0,2.0,Quito,Ecuador,Estadio George Capwell Banco del Austro,,,,LigaPro Serie A,,20241123_Emelec_Imbabura,81.84541028132162,1.48,0.4,5,2,11,5,51.5,48.5,1,3,0,0,7,6
2024-11-23 20:30:00,Técnico Universitario,Barcelona SC,2.0,2.0,Ambato,Ecuador,Estadio Universidad Indoamérica Bellavista,,,,LigaPro Serie A,,20241123_Técnico-Universitario_Barcelona-SC,-117.44434778259074,0.84,0.79,2,2,5,5,42.1,57.9,0,1,0,0,1,8
2024-11-24 15:30:00,Mushuc Runa,El Nacional,2.0,2.0,Latacunga,Ecuador,Estadio La Cocha,,,,LigaPro Serie A,,20241124_Mushuc-Runa_El-Nacional,-21.98211299211175,2.07,2.21,7,7,16,16,50.0,50.0,0,1,0,0,7,8
2024-11-24 18:00:00,Aucas,Delfín,2.0,0.0,Quito,Ecuador,Estadio Cooprogreso Gonzalo Pozo Ripalda,,,,LigaPro Serie A,,20241124_Aucas_Delfín,41.82265197498009,0.05,0.51,2,2,6,5,56.2,43.8,3,0,0,0,3,5
2024-11-24 20:30:00,Independiente del Valle,Macará,7.0,0.0,Quito,Ecuador,Estadio Banco Guayaquil,,,,LigaPro Serie A,,20241124_Independiente-del-Valle_Macará,230.90734839406855,2.16,0.05,7,1,15,0,49.2,50.8,0,5,0,0,2,6
2024-11-24 20:30:00,Universidad Católica (Quito),Liga de Quito,2.0,4.0,Quito,Ecuador,Estadio Olímpico Atahualpa,,,,LigaPro Serie A,,20241124_Universidad-Católica-(Quito)_Liga-de-Quito,-95.77916669305932,0.89,2.92,4,9,7,18,54.8,45.2,0,2,0,0,2,4
2024-11-30 18:00:00,Macará,Universidad Católica (Quito),1.0,2.0,Ambato,Ecuador,Estadio Universidad Indoamérica Bellavista,,,,LigaPro Serie A,,20241130_Macará_Universidad-Católica-(Quito),-143.7089460669231,1.66,0.33,6,2,12,4,39.1,60.9,0,5,0,0,5,6
2024-11-30 20:30:00,Delfín,Cumbayá,6.0,4.0,Manta,Ecuador,Estadio Jocay,,,,LigaPro Serie A,,20241130_Delfín_Cumbayá,86.96281427322765,1.8,1.04,7,4,16,10,46.7,53.3,2,5,0,0,13,1
2024-11-30 20:30:00,Imbabura,Aucas,1.0,2.0,Ibarra,Ecuador,Estadio Olímpico de Ibarra,,,,LigaPro Serie A,,20241130_Imbabura_Aucas,-130.48404686183449,1.23,1.51,3,4,8,9,50.5,49.5,0,0,0,0,6,8
2024-11-30 20:30:00,Libertad (Ecuador),Emelec,2.0,1.0,Loja,Ecuador,Estadio Reina del Cisne,,,,LigaPro Serie A,,20241130_Libertad-(Ecuador)_Emelec,-35.15668213934782,1.51,0.16,5,1,10,4,54.4,45.6,2,0,0,0,7,5
2024-12-01 20:30:00,Barcelona SC,Mushuc Runa,2.0,2.0,Quito,Ecuador,Estadio Banco Pichincha,,,,LigaPro Serie A,,20241201_Barcelona-SC_Mushuc-Runa,119.612251332695,1.49,1.29,5,4,10,9,52.5,47.5,2,0,0,0,4,4
2024-12-01 20:30:00,El Nacional,Técnico Universitario,2.0,1.0,Quito,Ecuador,Estadio Olímpico Atahualpa,,,,LigaPro Serie A,,20241201_El-Nacional_Técnico-Universitario,10.480498115584169,2.51,1.34,6,5,12,11,50.7,49.3,2,1,0,0,11,10
2024-12-01 20:30:00,Liga de Quito,Deportivo Cuenca,5.0,0.0,Quito,Ecuador,Rodrigo Paz Delgado,,,,LigaPro Serie A,,20241201_Liga-de-Quito_Deportivo-Cuenca,205.9947368186272,1.7,0.38,7,1,13,3,53.5,46.5,1,1,0,0,7,5
2024-12-01 20:30:00,Orense,Independiente del Valle,0.0,0.0,Machala,Ecuador,9 de Mayo,,,,LigaPro Serie A,,20241201_Orense_Independiente-del-Valle,-159.15371054833713,1.48,0.74,3,3,8,6,37.0,63.0,2,2,0,1,6,2
2024-12-07 20:30:00,Liga de Quito,Independiente del Valle,3.0,0.0,Quito,Ecuador,Rodrigo Paz Delgado,,,,LigaPro Serie A,,20241207_Liga-de-Quito_Independiente-del-Valle,26.839793316949226,1.1,2.1,3,6,6,14,56.4,43.6,2,1,0,1,2,6
2024-12-14 20:30:00,Independiente del Valle,Liga de Quito,1.0,0.0,Quito,Ecuador,Estadio Banco Guayaquil,,,,LigaPro Serie A,,20241214_Independiente-del-Valle_Liga-de-Quito,-48.98944541074229,0.27,0.29,1,1,1,3,47.7,52.3,2,1,0,0,3,3
2025-02-15 00:00:00,Manta F.C.,Barcelona SC,2.0,3.0,Manta,Ecuador,Estadio Jocay,,,,LigaPro Serie A,,20250215_Manta-F.C._Barcelona-SC,-179.8724193485425,0.48,1.09,2,4,2,7,48.4,51.6,0,1,0,0,1,1
2025-02-15 19:00:00,Aucas,Técnico Universitario,4.0,1.0,Quito,Ecuador,Estadio Cooprogreso Gonzalo Pozo Ripalda,,,,LigaPro Serie A,,20250215_Aucas_Técnico-Universitario,52.62049097684485,1.64,1.52,6,5,14,12,60.5,39.5,0,4,0,0,5,16
2025-02-15 21:30:00,Libertad (Ecuador),Independiente del Valle,2.0,0.0,Loja,Ecuador,Estadio Reina del Cisne,,,,LigaPro Serie A,,20250215_Libertad-(Ecuador)_Independiente-del-Valle,-193.09703282333135,1.36,1.12,5,4,10,10,46.1,53.9,0,3,0,0,9,6
2025-02-16 00:00:00,Macará,Orense,1.0,0.0,Ambato,Ecuador,Estadio Universidad Indoamérica Bellavista,,,,LigaPro Serie A,,20250216_Macará_Orense,-94.24321160708564,1.4,0.95,5,2,12,4,45.3,54.7,4,0,0,0,4,1
2025-02-16 17:45:00,Liga de Quito,Vinotinto,0.0,0.0,Quito,Ecuador,Rodrigo Paz Delgado,,,,LigaPro Serie A,,20250216_Liga-de-Quito_Vinotinto,196.54225515332655,0.46,0.11,2,0,7,1,56.8,43.2,1,4,0,0,3,2
2025-02-16 20:15:00,El Nacional,Deportivo Cuenca,0.0,1.0,Quito,Ecuador,Estadio Olímpico Atahualpa,,,,LigaPro Serie A,,20250216_El-Nacional_Deportivo-Cuenca,64.86314022898318,0.63,1.55,1,4,4,10,57.1,42.9,2,1,0,0,0,8
2025-02-16 23:00:00,Emelec,Universidad Católica (Quito),0.0,4.0,Quito,Ecuador,Estadio George Capwell Banco del Austro,,,,LigaPro Serie A,,20250216_Emelec_Universidad-Católica-(Quito),-96.95386639388835,1.13,1.22,4,4,9,11,49.4,50.6,2,1,0,0,6,4
2025-02-18 00:00:00,Mushuc Runa,Delfín,2.0,0.0,Riobamba,Ecuador,Estadio Fernando Guerrero Guerrero,,,,LigaPro Serie A,,20250218_Mushuc-Runa_Delfín,14.591633954412146,0.77,0.05,2,0,5,0,56.6,43.4,2,1,0,0,4,3
2025-02-22 00:00:00,Deportivo Cuenca,Aucas,2.0,0.0,Cuenca,Ecuador,Banco del Austro Alejandro Serrano Aguil,,,,LigaPro Serie A,,20250222_Deportivo-Cuenca_Aucas,-79.70857952758956,0.88,1.19,4,5,10,13,45.4,54.6,1,2,0,0,5,8
2025-02-22 19:00:00,Vinotinto,Macará,1.0,2.0,Quito,Ecuador,Estadio Olímpico Atahualpa,,,,LigaPro Serie A,,20250222_Vinotinto_Macará,61.77270558557984,1.2,1.03,3,4,6,8,48.1,51.9,2,1,0,0,1,4
2025-02-22 21:30:00,Delfín,Emelec,2.0,0.0,Manta,Ecuador,Estadio Jocay,,,,LigaPro Serie A,,20250222_Delfín_Emelec,10.74954268592819,0.74,2.09,2,6,3,13,52.9,47.1,2,0,1,0,3,4
2025-02-23 00:00:00,Independiente del Valle,Liga de Quito,1.0,1.0,Quito,Ecuador,Estadio Banco Guayaquil,,,,LigaPro Serie A,,20250223_Independiente-del-Valle_Liga-de-Quito,-33.539402360844406,0.49,1.24,1,3,2,4,40.4,59.6,1,3,0,0,1,6
2025-02-23 17:45:00,Universidad Católica (Quito),El Nacional,1.0,1.0,Quito,Ecuador,Estadio Olímpico Atahualpa,,,,LigaPro Serie A,,20250223_Universidad-Católica-(Quito)_El-Nacional,63.673890934831206,1.1,0.05,3,1,7,1,48.8,51.2,0,2,0,0,1,2
2025-02-23 20:15:00,Orense,Manta F.C.,2.0,1.0,Machala,Ecuador,9 de Mayo,,,,LigaPro Serie A,,20250223_Orense_Manta-F.C.,64.10575193649652,1.48,1.27,6,4,14,11,54.5,45.5,0,0,0,0,8,5
2025-02-23 23:00:00,Barcelona SC,Mushuc Runa,1.0,0.0,Quito,Ecuador,Estadio Banco Pichincha,,,,LigaPro Serie A,,20250223_Barcelona-SC_Mushuc-Runa,106.45386728614949,1.23,0.78,3,1,6,2,50.7,49.3,1,0,0,0,2,1
2025-02-25 00:00:00,Técnico Universitario,Libertad (Ecuador),2.0,2.0,Ambato,Ecuador,Estadio Universidad Indoamérica Bellavista,,,,LigaPro Serie A,,20250225_Técnico-Universitario_Libertad-(Ecuador),2.955498144310468,1.24,1.18,4,4,10,7,53.2,46.8,2,2,0,0,6,5
2025-03-01 00:00:00,Emelec,Macará,0.0,0.0,Quito,Ecuador,Estadio George Capwell Banco del Austro,,,,LigaPro Serie A,,20250301_Emelec_Macará,11.704598090597983,1.28,0.35,3,0,7,1,47.7,52.3,0,3,0,0,6,3
2025-03-01 19:00:00,Mushuc Runa,Deportivo Cuenca,3.0,1.0,Riobamba,Ecuador,Estadio Fernando Guerrero Guerrero,,,,LigaPro Serie A,,20250301_Mushuc-Runa_Deportivo-Cuenca,10.876629521552559,1.1,1.16,4,5,10,11,45.5,54.5,1,0,0,0,2,7
2025-03-01 21:30:00,Liga de Quito,Orense,4.0,0.0,Quito,Ecuador,Rodrigo Paz Delgado,,,,LigaPro Serie A,,20250301_Liga-de-Quito_Orense,171.16869615943597,1.6,1.49,4,5,6,11,56.7,43.3,1,1,0,0,0,9
2025-03-02 00:00:00,Libertad (Ecuador),Barcelona SC,1.0,4.0,Loja,Ecuador,Estadio Reina del Cisne,,,,LigaPro Serie A,,20250302_Libertad-(Ecuador)_Barcelona-SC,-145.0624275476564,0.18,1.76,2,6,3,11,49.8,50.2,1,4,0,0,4,13
2025-03-02 18:00:00,Independiente del Valle,Universidad Católica (Quito),1.0,1.0,Quito,Ecuador,Estadio Banco Guayaquil,,,,LigaPro Serie A,,20250302_Independiente-del-Valle_Universidad-Católica-(Quito),63.942827278337745,1.14,0.69,2,1,3,1,51.7,48.3,2,2,0,0,4,4
2025-03-02 20:30:00,Aucas,Vinotinto,2.0,2.0,Quito,Ecuador,Estadio Cooprogreso Gonzalo Pozo Ripalda,,,,LigaPro Serie A,,20250302_Aucas_Vinotinto,69.10363071276379,0.05,0.66,2,2,5,4,50.8,49.2,0,1,0,0,4,3
2025-03-02 23:00:00,El Nacional,Técnico Universitario,0.0,0.0,Quito,Ecuador,Estadio Olímpico Atahualpa,,,,LigaPro Serie A,,20250302_El-Nacional_Técnico-Universitario,32.015448830941295,1.21,0.05,4,0,9,3,55.2,44.8,0,2,0,0,4,1
2025-03-04 00:00:00,Manta F.C.,Delfín,2.0,2.0,Manta,Ecuador,Estadio Jocay,,,,LigaPro Serie A,,20250304_Manta-F.C._Delfín,-69.85135912370401,0.49,1.69,2,4,4,10,47.2,52.8,0,1,0,0,4,1
2025-03-08 00:00:00,Deportivo Cuenca,Libertad (Ecuador),0.0,1.0,Cuenca,Ecuador,Banco del Austro Alejandro Serrano Aguil,,,,LigaPro Serie A,,20250308_Deportivo-Cuenca_Libertad-(Ecuador),6.5011507981926115,0.35,1.3,1,4,2,9,46.8,53.2,1,0,0,0,3,6
2025-03-08 19:00:00,Liga de Quito,Delfín,3.0,0.0,Quito,Ecuador,Rodrigo Paz Delgado,,,,LigaPro Serie A,,20250308_Liga-de-Quito_Delfín,193.94905913120374,0.86,0.05,3,0,7,0,58.9,41.1,2,1,0,0,5,2
2025-03-08 21:30:00,Manta F.C.,El Nacional,4.0,3.0,Manta,Ecuador,Estadio Jocay,,,,LigaPro Serie A,,20250308_Manta-F.C._El-Nacional,-96.91588501677074,1.62,1.33,4,5,11,11,50.2,49.8,0,5,0,0,5,4
2025-03-09 00:00:00,Barcelona SC,Independiente del Valle,0.0,4.0,Quito,Ecuador,Estadio Banco Pichincha,,,,LigaPro Serie A,,20250309_Barcelona-SC_Independiente-del-Valle,-3.525435421158818,0.71,2.38,2,9,5,19,49.8,50.2,1,0,0,0,3,10
2025-03-09 18:00:00,Universidad Católica (Quito),Mushuc Runa,1.0,1.0,Quito,Ecuador,Estadio Olímpico Atahualpa,,,,LigaPro Serie A,,20250309_Universidad-Católica-(Quito)_Mushuc-Runa,62.90994708865969,1.57,0.58,2,1,4,2,52.9,47.1,4,2,0,0,4,3
2025-03-09 20:30:00,Macará,Aucas,1.0,1.0,Ambato,Ecuador,Estadio Universidad Indoamérica Bellavista,,,,LigaPro Serie A,,20250309_Macará_Aucas,-99.89374923750552,0.69,1.05,3,4,7,7,39.9,60.1,3,1,0,0,2,2
2025-03-09 23:00:00,Vinotinto,Emelec,2.0,1.0,Quito,Ecuador,Estadio Olímpico Atahualpa,,,,LigaPro Serie A,,20250309_Vinotinto_Emelec,24.605283525567756,0.74,1.02,2,1,3,3,55.4,44.6,1,1,0,0,6,1
2025-03-11 00:00:00,Orense,Técnico Universitario,2.0,1.0,Machala,Ecuador,9 de Mayo,,,,LigaPro Serie A,,20250311_Orense_Técnico-Universitario,7.7166532560067935,1.46,0.21,3,1,4,2,51.9,48.1,0,1,0,0,1,3
2025-03-15 00:00:00,Mushuc Runa,Vinotinto,1.0,2.0,Riobamba,Ecuador,Estadio Fernando Guerrero Guerrero,,,,LigaPro Serie A,,20250315_Mushuc-Runa_Vinotinto,29.94964195595321,0.82,1.43,3,5,8,11,50.9,49.1,0,1,0,0,1,6
2025-03-15 19:00:00,Libertad (Ecuador),Orense,4.0,1.0,Loja,Ecuador,Estadio Reina del Cisne,,,,LigaPro Serie A,,20250315_Libertad-(Ecuador)_Orense,-18.34155539804442,1.76,0.54,5,2,9,4,40.0,60.0,2,1,0,0,4,6
2025-03-15 21:30:00,Universidad Católica (Quito),Manta F.C.,3.0,0.0,Quito,Ecuador,Estadio Olímpico Atahualpa,,,,LigaPro Serie A,,20250315_Universidad-Católica-(Quito)_Manta-F.C.,142.1139417125953,1.22,0.05,3,1,8,3,53.8,46.2,0,2,0,0,5,4
2025-03-16 00:00:00,Delfín,Deportivo Cuenca,0.0,0.0,Manta,Ecuador,Estadio Jocay,,,,LigaPro Serie A,,20250316_Delfín_Deportivo-Cuenca,8.903649716933387,0.59,0.05,3,0,7,0,45.3,54.7,2,3,0,0,5,3
2025-03-16 18:00:00,Independiente del Valle,Macará,1.0,1.0,Quito,Ecuador,Estadio Banco Guayaquil,,,,LigaPro Serie A,,20250316_Independiente-del-Valle_Macará,205.45851837611622,1.48,0.22,6,1,14,3,55.4,44.6,2,2,0,0,11,6
2025-03-16 20:30:00,El Nacional,Aucas,0.0,1.0,Quito,Ecuador,Estadio Olímpico Atahualpa,,,,LigaPro Serie A,,20250316_El-Nacional_Aucas,-37.04589319815136,0.21,1.56,2,5,5,11,47.8,52.2,2,0,0,1,3,8
2025-03-16 23:00:00,Emelec,Liga de Quito,1.0,0.0,Quito,Ecuador,Estadio George Capwell Banco del Austro,,,,LigaPro Serie A,,20250316_Emelec_Liga-de-Quito,-243.0514278266039,0.7,0.98,1,4,2,8,41.4,58.6,3,1,0,0,0,7
2025-03-18 00:00:00,Técnico Universitario,Barcelona SC,0.0,1.0,Ambato,Ecuador,Estadio Universidad Indoamérica Bellavista,,,,LigaPro Serie A,,20250318_Técnico-Universitario_Barcelona-SC,-148.32560589370587,0.43,0.66,3,2,7,7,40.7,59.3,0,3,0,0,2,2
2025-03-28 21:30:00,Aucas,Independiente del Valle,1.0,2.0,Quito,Ecuador,Estadio Cooprogreso Gonzalo Pozo Ripalda,,,,LigaPro Serie A,,20250328_Aucas_Independiente-del-Valle,-95.18536587287599,1.13,1.49,2,4,4,9,45.9,54.1,0,2,0,0,6,6
2025-03-29 00:00:00,Barcelona SC,Delfín,2.0,0.0,Quito,Ecuador,Estadio Banco Pichincha,,,,LigaPro Serie A,,20250329_Barcelona-SC_Delfín,152.00226940900166,1.7,0.71,6,2,15,4,54.2,45.8,2,0,0,0,5,4
2025-03-29 19:00:00,Vinotinto,Universidad Católica (Quito),3.0,2.0,Quito,Ecuador,Estadio Olímpico Atahualpa,,,,LigaPro Serie A,,20250329_Vinotinto_Universidad-Católica-(Quito),-82.87707786031183,0.78,0.78,3,2,7,4,39.6,60.4,4,2,0,1,4,3
2025-03-29 21:30:00,Deportivo Cuenca,Liga de Quito,1.0,2.0,Cuenca,Ecuador,Banco del Austro Alejandro Serrano Aguil,,,,LigaPro Serie A,,20250329_Deportivo-Cuenca_Liga-de-Quito,-195.13629098461524,1.37,2.16,4,6,6,13,42.5,57.5,3,3,0,0,9,6
2025-03-30 00:00:00,Mushuc Runa,Emelec,1.0,1.0,Riobamba,Ecuador,Estadio Fernando Guerrero Guerrero,,,,LigaPro Serie A,,20250330_Mushuc-Runa_Emelec,44.57717154460374,1.16,0.46,4,2,7,6,53.9,46.1,1,0,0,0,2,2
2025-03-30 18:00:00,Macará,Técnico Universitario,0.0,1.0,Ambato,Ecuador,Estadio Universidad Indoamérica Bellavista,,,,LigaPro Serie A,,20250330_Macará_Técnico-Universitario,-16.313428398520728,0.05,1.99,0,6,0,14,53.1,46.9,3,0,0,0,0,10
2025-03-30 20:30:00,Manta F.C.,Libertad (Ecuador),1.0,1.0,Manta,Ecuador,Estadio Jocay,,,,LigaPro Serie A,,20250330_Manta-F.C._Libertad-(Ecuador),-72.93226179148996,1.24,0.88,3,4,7,9,42.1,57.9,3,6,0,0,4,6
2025-03-30 23:00:00,El Nacional,Orense,0.0,1.0,Quito,Ecuador,Estadio Olímpico Atahualpa,,,,LigaPro Serie A,,20250330_El-Nacional_Orense,-2.9955905528236144,1.88,1.39,6,5,12,10,52.4,47.6,3,2,0,0,8,4
2025-04-05 00:00:00,Libertad (Ecuador),El Nacional,1.0,3.0,Loja,Ecuador,Estadio Reina del Cisne,,,,LigaPro Serie A,,20250405_Libertad-(Ecuador)_El-Nacional,19.33375548140475,0.47,1.43,1,4,1,10,49.4,50.6,2,2,0,0,2,10
2025-04-05 19:00:00,Delfín,Aucas,1.0,1.0,Manta,Ecuador,Estadio Jocay,,,,LigaPro Serie A,,20250405_Delfín_Aucas,-68.83016285016674,1.28,0.41,5,1,11,1,48.4,51.6,1,1,0,0,6,3
2025-04-05 21:30:00,Orense,Vinotinto,0.0,0.0,Machala,Ecuador,9 de Mayo,,,,LigaPro Serie A,,20250405_Orense_Vinotinto,-10.838001542209668,1.01,1.16,2,5,3,12,50.4,49.6,4,2,0,0,6,5
2025-04-06 00:00:00,Independiente del Valle,Deportivo Cuenca,4.0,0.0,Quito,Ecuador,Estadio Banco Guayaquil,,,,LigaPro Serie A,,20250406_Independiente-del-Valle_Deportivo-Cuenca,188.7172429892912,1.92,0.52,6,1,14,1,57.4,42.6,2,2,0,0,10,1
2025-04-06 18:00:00,Técnico Universitario,Mushuc Runa,1.0,1.0,Ambato,Ecuador,Estadio Universidad Indoamérica Bellavista,,,,LigaPro Serie A,,20250406_Técnico-Universitario_Mushuc-Runa,-24.560742677390408,1.16,1.17,1,5,2,10,55.1,44.9,2,0,0,0,0,4
2025-04-06 20:30:00,Universidad Católica (Quito),Macará,1.0,0.0,Quito,Ecuador,Estadio Olímpico Atahualpa,,,,LigaPro Serie A,,20250406_Universidad-Católica-(Quito)_Macará,129.4611410728719,0.85,1.31,3,3,6,7,50.0,50.0,2,1,0,0,4,4
2025-04-06 23:00:00,Emelec,Manta F.C.,1.0,1.0,Quito,Ecuador,Estadio George Capwell Banco del Austro,,,,LigaPro Serie A,,20250406_Emelec_Manta-F.C.,32.290502174717176,1.06,0.44,4,1,11,0,52.0,48.0,3,1,0,0,8,1
2025-04-10 00:00:00,Vinotinto,Delfín,5.0,0.0,Quito,Ecuador,Estadio Cooprogreso Gonzalo Pozo Ripalda,,,,LigaPro Serie A,,20250410_Vinotinto_Delfín,42.135156005461795,2.05,0.3,7,1,15,3,55.0,45.0,2,1,0,0,12,3
2025-04-10 21:30:00,Macará,Deportivo Cuenca,0.0,1.0,Ambato,Ecuador,Estadio Universidad Indoamérica Bellavista,,,,LigaPro Serie A,,20250410_Macará_Deportivo-Cuenca,-25.898865680879,1.34,0.73,4,1,9,1,47.4,52.6,2,2,1,0,2,2
2025-04-11 00:00:00,Manta F.C.,Técnico Universitario,2.0,1.0,Manta,Ecuador,Estadio Jocay,,,,LigaPro Serie A,,20250411_Manta-F.C._Técnico-Universitario,-48.979248824558,0.87,0.54,3,2,6,6,50.6,49.4,0,2,0,0,5,4
2025-04-12 00:00:00,Emelec,Libertad (Ecuador),1.0,1.0,Quito,Ecuador,Estadio George Capwell Banco del Austro,,,,LigaPro Serie A,,20250412_Emelec_Libertad-(Ecuador),-24.121493546605507,1.85,1.14,7,2,17,4,47.6,52.4,2,0,0,0,6,1
2025-04-14 19:00:00,Mushuc Runa,Liga de Quito,1.0,0.0,Riobamba,Ecuador,Estadio Fernando Guerrero Guerrero,,,,LigaPro Serie A,,20250414_Mushuc-Runa_Liga-de-Quito,-168.2439121190896,1.15,1.76,2,4,4,7,47.4,52.6,4,0,0,0,2,5
2025-04-14 21:30:00,El Nacional,Independiente del Valle,1.0,3.0,Quito,Ecuador,Estadio Olímpico Atahualpa,,,,LigaPro Serie A,,20250414_El-Nacional_Independiente-del-Valle,-167.75898330521136,0.54,1.66,3,6,6,11,45.2,54.8,2,2,0,0,5,6
2025-04-15 00:00:00,Orense,Barcelona SC,3.0,1.0,Machala,Ecuador,9 de Mayo,,,,LigaPro Serie A,,20250415_Orense_Barcelona-SC,-131.73237030564133,1.89,0.54,5,2,12,4,44.4,55.6,3,1,0,1,6,3
2025-04-16 00:00:00,Aucas,Universidad Católica (Quito),2.0,1.0,Quito,Ecuador,Estadio Cooprogreso Gonzalo Pozo Ripalda,,,,LigaPro Serie A,,20250416_Aucas_Universidad-Católica-(Quito),-39.355517126084806,0.81,0.89,3,3,6,8,47.1,52.9,0,0,0,1,5,5
2025-04-18 21:30:00,Liga de Quito,Aucas,3.0,1.0,Quito,Ecuador,Rodrigo Paz Delgado,,,,LigaPro Serie A,,20250418_Liga-de-Quito_Aucas,102.56572463896441,1.43,1.44,3,3,4,7,54.3,45.7,0,4,0,0,3,4
2025-04-19 00:00:00,Barcelona SC,El Nacional,1.0,0.0,Quito,Ecuador,Estadio Banco Pichincha,,,,LigaPro Serie A,,20250419_Barcelona-SC_El-Nacional,136.50220806561288,0.95,0.57,3,1,7,2,50.3,49.7,3,3,1,0,4,6
2025-04-19 19:00:00,Libertad (Ecuador),Mushuc Runa,2.0,1.0,Loja,Ecuador,Estadio Reina del Cisne,,,,LigaPro Serie A,,20250419_Libertad-(Ecuador)_Mushuc-Runa,-35.88580097154977,1.34,1.47,5,6,12,11,47.1,52.9,1,1,0,0,8,2
2025-04-19 21:30:00,Deportivo Cuenca,Emelec,0.0,1.0,Cuenca,Ecuador,Banco del Austro Alejandro Serrano Aguil,,,,LigaPro Serie A,,20250419_Deportivo-Cuenca_Emelec,7.32822232971148,1.34,0.63,3,3,6,7,49.1,50.9,1,1,0,0,6,6
2025-04-20 00:00:00,Independiente del Valle,Manta F.C.,2.0,0.0,Quito,Ecuador,Estadio Banco Guayaquil,,,,LigaPro Serie A,,20250420_Independiente-del-Valle_Manta-F.C.,220.88439134011605,1.68,1.25,4,5,7,12,60.8,39.2,2,0,0,0,7,7
2025-04-20 18:00:00,Técnico Universitario,Vinotinto,1.0,3.0,Ambato,Ecuador,Estadio Universidad Indoamérica Bellavista,,,,LigaPro Serie A,,20250420_Técnico-Universitario_Vinotinto,-60.026739084416704,0.85,1.32,3,5,6,12,52.4,47.6,3,1,0,0,5,9
2025-04-20 20:30:00,Universidad Católica (Quito),Orense,2.0,0.0,Quito,Ecuador,Estadio Olímpico Atahualpa,,,,LigaPro Serie A,,20250420_Universidad-Católica-(Quito)_Orense,41.74952586660561,1.19,0.53,3,1,5,3,50.5,49.5,2,3,0,1,1,0
2025-04-20 23:00:00,Delfín,Macará,0.0,0.0,Manta,Ecuador,Estadio Jocay,,,,LigaPro Serie A,,20250420_Delfín_Macará,41.973449518671714,0.81,1.04,1,2,0,4,55.8,44.2,1,2,0,0,1,0
2025-04-26 00:00:00,El Nacional,Delfín,3.0,2.0,Quito,Ecuador,Estadio Olímpico Atahualpa,,,,LigaPro Serie A,,20250426_El-Nacional_Delfín,15.412674314898595,2.79,0.8,9,2,19,4,52.1,47.9,3,2,0,0,8,3
2025-04-26 19:00:00,Vinotinto,Deportivo Cuenca,0.0,1.0,Quito,Ecuador,Estadio Banco Guayaquil,,,,LigaPro Serie A,,20250426_Vinotinto_Deportivo-Cuenca,79.29926160917285,1.21,0.6,4,3,10,7,52.1,47.9,2,2,0,0,3,5
2025-04-26 21:30:00,Manta F.C.,Liga de Quito,1.0,1.0,Manta,Ecuador,Estadio Jocay,,,,LigaPro Serie A,,20250426_Manta-F.C._Liga-de-Quito,-222.82683055616826,0.55,1.35,2,5,4,11,49.6,50.4,1,5,0,0,2,4
2025-04-27 00:00:00,Macará,Barcelona SC,0.0,1.0,Ambato,Ecuador,Estadio Universidad Indoamérica Bellavista,,,,LigaPro Serie A,,20250427_Macará_Barcelona-SC,-206.0306611072058,1.08,0.62,5,2,9,3,47.2,52.8,2,1,0,0,10,3
2025-04-27 18:00:00,Aucas,Mushuc Runa,2.0,0.0,Quito,Ecuador,Estadio Cooprogreso Gonzalo Pozo Ripalda,,,,LigaPro Serie A,,20250427_Aucas_Mushuc-Runa,35.56502076540619,1.61,0.43,5,2,10,3,54.4,45.6,1,2,0,1,2,3
2025-04-27 20:30:00,Orense,Independiente del Valle,1.0,2.0,Machala,Ecuador,9 de Mayo,,,,LigaPro Serie A,,20250427_Orense_Independiente-del-Valle,-159.35810239870693,0.28,1.68,1,3,2,7,47.0,53.0,1,2,0,0,6,2
2025-04-27 23:00:00,Emelec,Técnico Universitario,0.0,1.0,Quito,Ecuador,Estadio George Capwell Banco del Austro,,,,LigaPro Serie A,,20250427_Emelec_Técnico-Universitario,17.79966613967258,0.76,0.57,3,1,6,2,53.9,46.1,2,4,0,0,5,2
2025-04-29 00:00:00,Libertad (Ecuador),Universidad Católica (Quito),3.0,1.0,Loja,Ecuador,Estadio Reina del Cisne,,,,LigaPro Serie A,,20250429_Libertad-(Ecuador)_Universidad-Católica-(Quito),-76.75106883739181,1.3,1.04,6,4,12,9,49.0,51.0,3,2,0,0,6,5
2025-05-03 00:00:00,Deportivo Cuenca,Manta F.C.,2.0,0.0,Cuenca,Ecuador,Banco del Austro Alejandro Serrano Aguil,,,,LigaPro Serie A,,20250503_Deportivo-Cuenca_Manta-F.C.,25.451209107891145,1.69,1.68,6,7,13,15,51.7,48.3,1,1,0,0,7,8
2025-05-03 19:00:00,Liga de Quito,El Nacional,2.0,2.0,Quito,Ecuador,Rodrigo Paz Delgado,,,,LigaPro Serie A,,20250503_Liga-de-Quito_El-Nacional,166.93697741782194,1.88,1.56,5,6,10,14,56.9,43.1,1,0,0,0,7,6
2025-05-03 21:30:00,Técnico Universitario,Universidad Católica (Quito),1.0,1.0,Ambato,Ecuador,Estadio Universidad Indoamérica Bellavista,,,,LigaPro Serie A,,20250503_Técnico-Universitario_Universidad-Católica-(Quito),-90.76780561166174,0.91,1.67,2,4,4,11,41.2,58.8,1,1,0,0,8,5
2025-05-04 00:00:00,Mushuc Runa,Macará,4.0,3.0,Riobamba,Ecuador,Estadio Fernando Guerrero Guerrero,,,,LigaPro Serie A,,20250504_Mushuc-Runa_Macará,79.29033811788395,1.59,1.88,5,5,12,12,44.8,55.2,1,1,0,0,10,6
2025-05-04 18:00:00,Delfín,Orense,0.0,0.0,Manta,Ecuador,Estadio Jocay,,,,LigaPro Serie A,,20250504_Delfín_Orense,-54.43484520911966,0.91,0.84,2,2,6,4,42.5,57.5,2,1,0,0,2,2
2025-05-04 21:30:00,Barcelona SC,Vinotinto,2.0,1.0,Quito,Ecuador,Estadio Banco Pichincha,,,,LigaPro Serie A,,20250504_Barcelona-SC_Vinotinto,112.62170619142103,2.05,0.97,6,3,14,7,61.8,38.2,1,3,0,0,7,4
2025-05-04 23:30:00,Independiente del Valle,Emelec,1.0,2.0,Quito,Ecuador,Estadio Banco Guayaquil,,,,LigaPro Serie A,,20250504_Independiente-del-Valle_Emelec,216.13595455240807,0.85,1.44,3,3,6,7,55.1,44.9,0,1,0,0,3,3
2025-05-06 00:00:00,Aucas,Libertad (Ecuador),2.0,0.0,Quito,Ecuador,Estadio Cooprogreso Gonzalo Pozo Ripalda,,,,LigaPro Serie A,,20250506_Aucas_Libertad-(Ecuador),41.14800423427209,1.22,1.44,3,4,8,7,49.6,50.4,0,1,0,0,3,4
2025-05-10 00:00:00,Orense,Deportivo Cuenca,1.0,0.0,Machala,Ecuador,9 de Mayo,,,,LigaPro Serie A,,20250510_Orense_Deportivo-Cuenca,19.957805832012355,0.49,0.91,2,3,5,7,52.0,48.0,0,1,0,0,4,5
2025-05-10 18:00:00,Manta F.C.,Mushuc Runa,2.0,1.0,Manta,Ecuador,Estadio Jocay,,,,LigaPro Serie A,,20250510_Manta-F.C._Mushuc-Runa,-70.4469954629576,1.13,1.99,3,7,5,14,44.4,55.6,0,0,0,0,3,10
2025-05-10 20:30:00,Macará,Liga de Quito,0.0,1.0,Ambato,Ecuador,Estadio Universidad Indoamérica Bellavista,,,,LigaPro Serie A,,20250510_Macará_Liga-de-Quito,-242.46950090292376,0.28,0.72,1,3,3,7,34.1,65.9,1,6,0,0,6,4
2025-05-11 00:00:00,Libertad (Ecuador),Delfín,0.0,1.0,Loja,Ecuador,Estadio Reina del Cisne,,,,LigaPro Serie A,,20250511_Libertad-(Ecuador)_Delfín,49.57346590861903,0.05,0.16,2,1,4,0,59.9,40.1,0,0,0,0,3,3
2025-05-11 18:00:00,Técnico Universitario,Independiente del Valle,1.0,2.0,Ambato,Ecuador,Estadio Universidad Indoamérica Bellavista,,,,LigaPro Serie A,,20250511_Técnico-Universitario_Independiente-del-Valle,-187.0105852200652,1.87,1.36,6,2,13,3,41.2,58.8,0,2,0,0,8,2
2025-05-11 20:30:00,Universidad Católica (Quito),Barcelona SC,2.0,2.0,Quito,Ecuador,Estadio Olímpico Atahualpa,,,,LigaPro Serie A,,20250511_Universidad-Católica-(Quito)_Barcelona-SC,-85.77487036927596,1.43,0.92,4,4,7,10,52.3,47.7,3,3,1,0,3,6
2025-05-11 23:00:00,Emelec,Aucas,0.0,1.0,Quito,Ecuador,Estadio George Capwell Banco del Austro,,,,LigaPro Serie A,,20250511_Emelec_Aucas,-83.76517581879102,0.82,1.32,2,5,5,12,41.5,58.5,0,0,0,0,4,3
2025-05-13 00:00:00,El Nacional,Vinotinto,2.0,1.0,Quito,Ecuador,Estadio Olímpico Atahualpa,,,,LigaPro Serie A,,20250513_El-Nacional_Vinotinto,-19.455087510019666,0.99,1.62,2,5,5,11,51.0,49.0,3,2,0,0,3,2
2025-05-17 00:00:00,Deportivo Cuenca,Técnico Universitario,2.0,0.0,Cuenca,Ecuador,Banco del Austro Alejandro Serrano Aguil,,,,LigaPro Serie A,,20250517_Deportivo-Cuenca_Técnico-Universitario,5.545278125419145,0.86,0.5,2,2,2,4,45.7,54.3,1,2,0,0,3,2
2025-05-17 19:00:00,Aucas,Manta F.C.,1.0,1.0,Quito,Ecuador,Estadio Cooprogreso Gonzalo Pozo Ripalda,,,,LigaPro Serie A,,20250517_Aucas_Manta-F.C.,123.60252862671405,1.24,1.13,4,2,8,6,62.2,37.8,0,0,0,0,8,6
2025-05-17 21:30:00,Mushuc Runa,Orense,2.0,5.0,Riobamba,Ecuador,Estadio Fernando Guerrero Guerrero,,,,LigaPro Serie A,,20250517_Mushuc-Runa_Orense,-22.918837167043193,1.21,2.1,5,8,7,14,49.2,50.8,3,3,0,0,5,9
2025-05-18 00:00:00,Macará,El Nacional,1.0,1.0,Ambato,Ecuador,Estadio Universidad Indoamérica Bellavista,,,,LigaPro Serie A,,20250518_Macará_El-Nacional,-103.68663971643286,1.02,1.16,3,3,6,4,47.8,52.2,0,2,0,0,4,3
2025-05-18 18:00:00,Vinotinto,Independiente del Valle,1.0,3.0,Quito,Ecuador,Estadio Olímpico Atahualpa,,,,LigaPro Serie A,,20250518_Vinotinto_Independiente-del-Valle,-164.47385760301836,1.04,1.22,5,4,11,8,43.7,56.3,2,1,0,0,4,3
2025-05-18 20:30:00,Delfín,Universidad Católica (Quito),1.0,0.0,Manta,Ecuador,Estadio Jocay,,,,LigaPro Serie A,,20250518_Delfín_Universidad-Católica-(Quito),-93.83029679361357,0.05,0.67,1,0,4,0,47.8,52.2,0,4,0,0,5,3
2025-05-18 22:00:00,Barcelona SC,Emelec,2.0,0.0,Quito,Ecuador,Estadio Banco Pichincha,,,,LigaPro Serie A,,20250518_Barcelona-SC_Emelec,168.53277443548723,1.25,1.82,5,6,10,12,57.3,42.7,2,2,0,0,6,9
2025-05-20 00:00:00,Liga de Quito,Libertad (Ecuador),1.0,1.0,Quito,Ecuador,Rodrigo Paz Delgado,,,,LigaPro Serie A,,20250520_Liga-de-Quito_Libertad-(Ecuador),166.95217983062412,0.89,0.97,2,4,7,9,53.8,46.2,0,1,0,0,2,5
2025-05-23 21:30:00,Independiente del Valle,Mushuc Runa,2.0,1.0,Quito,Ecuador,Estadio Banco Guayaquil,,,,LigaPro Serie A,,20250523_Independiente-del-Valle_Mushuc-Runa,191.92170113048383,1.6,0.11,5,1,10,1,55.4,44.6,3,0,0,0,4,2
2025-05-24 00:00:00,Barcelona SC,Deportivo Cuenca,0.0,0.0,Quito,Ecuador,Estadio Banco Pichincha,,,,LigaPro Serie A,,20250524_Barcelona-SC_Deportivo-Cuenca,162.85031370775323,0.46,0.05,1,1,2,1,57.4,42.6,0,1,0,0,2,9
2025-05-24 19:00:00,Manta F.C.,Vinotinto,2.0,2.0,Manta,Ecuador,Estadio Jocay,,,,LigaPro Serie A,,20250524_Manta-F.C._Vinotinto,-40.36943132065562,1.67,1.6,6,4,13,10,47.6,52.4,2,3,0,0,14,2
2025-05-24 21:30:00,Universidad Católica (Quito),Liga de Quito,3.0,1.0,Quito,Ecuador,Estadio Olímpico Atahualpa,,,,LigaPro Serie A,,20250524_Universidad-Católica-(Quito)_Liga-de-Quito,-105.09822677847774,1.42,1.43,6,5,12,11,45.9,54.1,2,3,0,0,6,4
2025-05-25 00:00:00,Orense,Aucas,2.0,1.0,Machala,Ecuador,9 de Mayo,,,,LigaPro Serie A,,20250525_Orense_Aucas,-43.73018290365076,0.91,0.86,2,3,6,4,47.3,52.7,1,1,0,0,3,3
2025-05-25 18:00:00,Libertad (Ecuador),Macará,0.0,1.0,Loja,Ecuador,Estadio Reina del Cisne,,,,LigaPro Serie A,,20250525_Libertad-(Ecuador)_Macará,86.9262196395548,0.74,0.6,2,3,4,6,54.2,45.8,2,0,0,0,6,6
2025-05-25 20:30:00,Técnico Universitario,Delfín,1.0,2.0,Ambato,Ecuador,Estadio Universidad Indoamérica Bellavista,,,,LigaPro Serie A,,20250525_Técnico-Universitario_Delfín,-26.78283245872035,1.66,0.84,5,2,9,4,51.3,48.7,0,2,0,1,7,5
2025-05-25 23:00:00,El Nacional,Emelec,2.0,0.0,Quito,Ecuador,Estadio Cooprogreso Gonzalo Pozo Ripalda,,,,LigaPro Serie A,,20250525_El-Nacional_Emelec,38.667028113107335,0.83,0.99,4,3,8,7,47.4,52.6,1,4,0,0,4,4
2025-05-31 00:00:00,Macará,Manta F.C.,2.0,2.0,Ambato,Ecuador,Estadio Universidad Indoamérica Bellavista,,,,LigaPro Serie A,,20250531_Macará_Manta-F.C.,-33.68934974652802,0.08,1.3,2,4,3,8,47.3,52.7,1,2,0,0,3,3
2025-05-31 16:30:00,Liga de Quito,Técnico Universitario,3.0,2.0,Quito,Ecuador,Rodrigo Paz Delgado,,,,LigaPro Serie A,,20250531_Liga-de-Quito_Técnico-Universitario,190.93653071779,1.42,1.25,6,3,14,6,55.0,45.0,3,1,1,0,6,5
2025-05-31 21:30:00,Delfín,Independiente del Valle,1.0,1.0,Manta,Ecuador,Estadio Jocay,,,,LigaPro Serie A,,20250531_Delfín_Independiente-del-Valle,-185.84038596406026,1.48,0.81,4,3,6,6,46.7,53.3,0,1,0,0,5,2
2025-06-01 00:00:00,Emelec,Orense,1.0,0.0,Quito,Ecuador,Estadio George Capwell Banco del Austro,,,,LigaPro Serie A,,20250601_Emelec_Orense,-85.0294530360161,1.03,0.63,3,2,7,4,43.9,56.1,0,1,0,0,3,4
2025-06-01 18:00:00,Mushuc Runa,El Nacional,2.0,3.0,Riobamba,Ecuador,Estadio Fernando Guerrero Guerrero,,,,LigaPro Serie A,,20250601_Mushuc-Runa_El-Nacional,-39.79018125350217,1.1,1.82,3,5,7,11,47.3,52.7,5,1,0,0,4,9
2025-06-01 20:30:00,Deportivo Cuenca,Universidad Católica (Quito),3.0,1.0,Cuenca,Ecuador,Banco del Austro Alejandro Serrano Aguil,,,,LigaPro Serie A,,20250601_Deportivo-Cuenca_Universidad-Católica-(Quito),-71.39958835144444,1.49,0.81,5,2,10,3,41.2,58.8,1,3,0,0,3,2
2025-06-01 23:00:00,Aucas,Barcelona SC,2.0,0.0,Quito,Ecuador,Estadio Cooprogreso Gonzalo Pozo Ripalda,,,,LigaPro Serie A,,20250601_Aucas_Barcelona-SC,-85.39485704942672,0.81,1.26,3,5,6,12,56.0,44.0,1,3,0,1,5,11
2025-06-03 00:00:00,Vinotinto,Libertad (Ecuador),1.0,0.0,Quito,Ecuador,Estadio Olímpico Atahualpa,,,,LigaPro Serie A,,20250603_Vinotinto_Libertad-(Ecuador),14.238841214304557,0.77,0.42,1,3,1,4,51.1,48.9,2,2,0,0,1,0
2025-06-14 19:00:00,Independiente del Valle,Libertad (Ecuador),1.0,1.0,Quito,Ecuador,Estadio Banco Guayaquil,,,,LigaPro Serie A,,20250614_Independiente-del-Valle_Libertad-(Ecuador),205.12966065021874,1.11,1.57,4,4,8,11,55.8,44.2,2,2,0,0,2,12
2025-06-14 21:30:00,Barcelona SC,Manta F.C.,1.0,2.0,Quito,Ecuador,Estadio Banco Pichincha,,,,LigaPro Serie A,,20250614_Barcelona-SC_Manta-F.C.,172.18006569147656,0.13,0.88,1,2,2,5,56.1,43.9,2,4,0,0,0,3
2025-06-15 00:00:00,Vinotinto,Liga de Quito,1.0,2.0,Quito,Ecuador,Estadio Cooprogreso Gonzalo Pozo Ripalda,,,,LigaPro Serie A,,20250615_Vinotinto_Liga-de-Quito,-135.90065892617122,1.16,1.79,3,7,5,15,39.4,60.6,1,2,0,0,3,6
2025-06-15 18:00:00,Técnico Universitario,Aucas,1.0,1.0,Ambato,Ecuador,Estadio Universidad Indoamérica Bellavista,,,,LigaPro Serie A,,20250615_Técnico-Universitario_Aucas,-133.3376742197263,0.61,1.54,1,5,1,9,39.2,60.8,3,2,0,0,2,6
2025-06-15 20:30:00,Deportivo Cuenca,El Nacional,4.0,1.0,Cuenca,Ecuador,Banco del Austro Alejandro Serrano Aguil,,,,LigaPro Serie A,,20250615_Deportivo-Cuenca_El-Nacional,-21.415513176857303,2.67,1.29,9,3,19,7,51.4,48.6,2,0,0,0,11,6
2025-06-15 23:00:00,Delfín,Mushuc Runa,3.0,1.0,Manta,Ecuador,Estadio Jocay,,,,LigaPro Serie A,,20250615_Delfín_Mushuc-Runa,34.52681023166929,0.05,2.03,3,7,6,15,49.0,51.0,1,2,0,0,5,9
2025-06-17 00:00:00,Orense,Macará,1.0,0.0,Machala,Ecuador,9 de Mayo,,,,LigaPro Serie A,,20250617_Orense_Macará,101.44127746667277,0.05,0.65,1,1,5,3,54.9,45.1,3,4,0,0,3,3
2025-06-19 00:00:00,Liga de Quito,Barcelona SC,3.0,1.0,Quito,Ecuador,Rodrigo Paz Delgado,,,,LigaPro Serie A,,20250619_Liga-de-Quito_Barcelona-SC,39.01762410807214,0.74,0.3,3,1,6,2,49.1,50.9,1,2,1,0,6,4
2025-06-21 00:00:00,Libertad (Ecuador),Técnico Universitario,4.0,1.0,Loja,Ecuador,Estadio Reina del Cisne,,,,LigaPro Serie A,,20250621_Libertad-(Ecuador)_Técnico-Universitario,31.746001430678007,2.05,1.18,6,4,13,8,53.1,46.9,1,2,0,1,5,7
2025-06-21 19:00:00,El Nacional,Universidad Católica (Quito),0.0,3.0,Quito,Ecuador,Estadio Banco Guayaquil,,,,LigaPro Serie A,,20250621_El-Nacional_Universidad-Católica-(Quito),-33.85897458579757,0.64,1.46,2,3,5,7,54.2,45.8,1,2,0,0,4,1
2025-06-21 21:30:00,Emelec,Delfín,2.0,2.0,Quito,Ecuador,Estadio George Capwell Banco del Austro,,,,LigaPro Serie A,,20250621_Emelec_Delfín,-40.04377896162555,0.8,2.26,2,7,4,16,45.4,54.6,1,1,0,0,5,9
2025-06-22 00:00:00,Macará,Vinotinto,1.0,0.0,Ambato,Ecuador,Estadio Universidad Indoamérica Bellavista,,,,LigaPro Serie A,,20250622_Macará_Vinotinto,-82.69203986553816,1.29,1.14,3,4,5,8,46.1,53.9,1,0,0,0,0,5
2025-06-22 17:00:00,Liga de Quito,Independiente del Valle,1.0,1.0,Quito,Ecuador,Rodrigo Paz Delgado,,,,LigaPro Serie A,,20250622_Liga-de-Quito_Independiente-del-Valle,-7.421139368708737,0.72,0.72,3,2,8,3,50.4,49.6,2,0,0,0,3,1
2025-06-22 20:00:00,Aucas,Deportivo Cuenca,1.0,3.0,Quito,Ecuador,Estadio Cooprogreso Gonzalo Pozo Ripalda,,,,LigaPro Serie A,,20250622_Aucas_Deportivo-Cuenca,50.29249404707389,0.76,1.36,3,5,6,11,52.9,47.1,1,1,0,0,4,6
2025-06-22 23:00:00,Mushuc Runa,Barcelona SC,0.0,5.0,Riobamba,Ecuador,Estadio Fernando Guerrero Guerrero,,,,LigaPro Serie A,,20250622_Mushuc-Runa_Barcelona-SC,-145.32283367169998,1.25,1.7,4,5,9,10,39.7,60.3,1,0,0,0,7,8
2025-06-24 00:00:00,Manta F.C.,Orense,0.0,0.0,Manta,Ecuador,Estadio Jocay,,,,LigaPro Serie A,,20250624_Manta-F.C._Orense,-61.16090779551769,0.9,0.05,2,0,3,0,44.3,55.7,1,4,0,0,4,3
2025-06-26 00:00:00,Universidad Católica (Quito),Emelec,1.0,1.0,Quito,Ecuador,Estadio Banco Guayaquil,,,,LigaPro Serie A,,20250626_Universidad-Católica-(Quito)_Emelec,86.33661303275676,0.37,2.1,1,9,1,20,57.8,42.2,0,2,0,0,1,8
2025-06-28 00:00:00,Deportivo Cuenca,Mushuc Runa,1.0,0.0,Cuenca,Ecuador,Banco del Austro Alejandro Serrano Aguil,,,,LigaPro Serie A,,20250628_Deportivo-Cuenca_Mushuc-Runa,84.16745858138506,1.15,0.29,2,1,6,3,56.5,43.5,2,1,0,0,2,5
2025-06-28 19:00:00,Delfín,Manta F.C.,2.0,0.0,Manta,Ecuador,Estadio Jocay,,,,LigaPro Serie A,,20250628_Delfín_Manta-F.C.,33.87387523274492,0.38,1.15,2,4,2,8,47.1,52.9,2,1,0,0,2,6
2025-06-28 21:30:00,Barcelona SC,Libertad (Ecuador),3.0,3.0,Quito,Ecuador,Estadio Banco Pichincha,,,,LigaPro Serie A,,20250628_Barcelona-SC_Libertad-(Ecuador),120.9980197334894,1.73,0.36,6,3,14,6,52.6,47.4,0,0,0,0,5,2
2025-06-29 00:00:00,Orense,Liga de Quito,2.0,1.0,Machala,Ecuador,9 de Mayo,,,,LigaPro Serie A,,20250629_Orense_Liga-de-Quito,-128.0348430346794,0.68,0.05,2,1,2,1,45.8,54.2,2,2,0,0,2,4
2025-06-29 18:00:00,Técnico Universitario,El Nacional,0.0,0.0,Ambato,Ecuador,Estadio Universidad Indoamérica Bellavista,,,,LigaPro Serie A,,20250629_Técnico-Universitario_El-Nacional,-70.27197830005139,0.89,0.05,4,2,10,4,47.8,52.2,3,0,0,0,5,4
2025-06-29 20:30:00,Universidad Católica (Quito),Independiente del Valle,0.0,3.0,Quito,Ecuador,Rodrigo Paz Delgado,,,,LigaPro Serie A,,20250629_Universidad-Católica-(Quito)_Independiente-del-Valle,-111.9240030085225,0.07,0.34,2,3,4,6,52.0,48.0,2,1,0,0,4,1
2025-06-29 23:00:00,Macará,Emelec,1.0,1.0,Ambato,Ecuador,Estadio Universidad Indoamérica Bellavista,,,,LigaPro Serie A,,20250629_Macará_Emelec,-44.25923243083503,1.35,1.4,4,4,8,9,47.0,53.0,2,3,0,0,4,5
2025-07-01 00:00:00,Vinotinto,Aucas,0.0,1.0,Quito,Ecuador,Estadio Banco Guayaquil,,,,LigaPro Serie A,,20250701_Vinotinto_Aucas,-70.52465493787895,0.3,2.31,1,8,1,17,43.6,56.4,4,0,0,0,2,11
2025-07-05 00:00:00,Libertad (Ecuador),Deportivo Cuenca,2.0,1.0,Loja,Ecuador,Estadio Reina del Cisne,,,,LigaPro Serie A,,20250705_Libertad-(Ecuador)_Deportivo-Cuenca,-50.464569894776105,1.39,1.34,5,4,13,8,54.1,45.9,3,0,0,0,5,2
2025-07-05 19:00:00,Mushuc Runa,Universidad Católica (Quito),1.0,1.0,Riobamba,Ecuador,Estadio Fernando Guerrero Guerrero,,,,LigaPro Serie A,,20250705_Mushuc-Runa_Universidad-Católica-(Quito),-109.03750125145802,0.9,1.47,1,4,0,9,36.5,63.5,1,0,0,0,1,2
2025-07-05 21:30:00,Emelec,Vinotinto,2.0,0.0,Quito,Ecuador,Estadio George Capwell Banco del Austro,,,,LigaPro Serie A,,20250705_Emelec_Vinotinto,-0.749480782820001,1.79,1.43,5,4,10,9,50.8,49.2,0,1,0,0,4,4
2025-07-06 00:00:00,Independiente del Valle,Barcelona SC,1.0,1.0,Quito,Ecuador,Estadio Banco Guayaquil,,,,LigaPro Serie A,,20250706_Independiente-del-Valle_Barcelona-SC,72.52486808507956,1.12,1.31,4,3,10,6,52.2,47.8,2,2,0,0,5,3
2025-07-06 18:00:00,Aucas,Macará,1.0,4.0,Quito,Ecuador,Estadio Cooprogreso Gonzalo Pozo Ripalda,,,,LigaPro Serie A,,20250706_Aucas_Macará,131.68663446677283,1.64,2.4,4,9,9,19,60.5,39.5,2,4,0,0,6,10
2025-07-06 20:30:00,El Nacional,Manta F.C.,1.0,0.0,Latacunga,Ecuador,Estadio La Cocha,,,,LigaPro Serie A,,20250706_El-Nacional_Manta-F.C.,35.832382809202045,0.85,0.89,3,3,8,5,59.7,40.3,1,3,0,1,5,2
2025-07-06 23:00:00,Delfín,Liga de Quito,0.0,4.0,Manta,Ecuador,Estadio Jocay,,,,LigaPro Serie A,,20250706_Delfín_Liga-de-Quito,-124.07411125756425,0.64,1.43,0,5,0,10,43.0,57.0,2,1,0,0,3,4
2025-07-08 00:00:00,Técnico Universitario,Orense,1.0,2.0,Ambato,Ecuador,Estadio Universidad Indoamérica Bellavista,,,,LigaPro Serie A,,20250708_Técnico-Universitario_Orense,-113.69569974325645,0.35,1.15,1,5,2,11,40.8,59.2,0,3,0,0,3,9
2025-07-12 00:00:00,Macará,Independiente del Valle,1.0,2.0,Ambato,Ecuador,Estadio Universidad Indoamérica Bellavista,,,,LigaPro Serie A,,20250712_Macará_Independiente-del-Valle,-224.60647927039395,2.42,0.65,9,2,18,4,35.4,64.6,3,1,1,0,3,2
2025-07-12 19:00:00,Manta F.C.,Universidad Católica (Quito),4.0,2.0,Manta,Ecuador,Estadio Jocay,,,,LigaPro Serie A,,20250712_Manta-F.C._Universidad-Católica-(Quito),-89.68934235270694,2.03,1.9,5,6,13,14,45.9,54.1,0,0,0,0,8,6
2025-07-12 21:30:00,Liga de Quito,Emelec,2.0,0.0,Quito,Ecuador,Rodrigo Paz Delgado,,,,LigaPro Serie A,,20250712_Liga-de-Quito_Emelec,166.65814228255908,1.14,0.72,4,2,8,4,59.0,41.0,1,0,0,0,5,4
2025-07-13 00:00:00,Barcelona SC,Técnico Universitario,1.0,1.0,Quito,Ecuador,Estadio Banco Pichincha,,,,LigaPro Serie A,,20250713_Barcelona-SC_Técnico-Universitario,178.8213116139816,1.64,2.12,6,7,14,14,52.9,47.1,0,1,0,0,5,4
2025-07-13 18:00:00,Vinotinto,Mushuc Runa,1.0,1.0,Ibarra,Ecuador,Estadio Olímpico de Ibarra,,,,LigaPro Serie A,,20250713_Vinotinto_Mushuc-Runa,20.363773614236834,0.84,0.19,3,1,6,0,45.7,54.3,4,1,0,0,3,3
2025-07-13 20:30:00,Orense,Libertad (Ecuador),0.0,1.0,Machala,Ecuador,9 de Mayo,,,,LigaPro Serie A,,20250713_Orense_Libertad-(Ecuador),52.98979428785833,0.65,1.26,1,3,2,6,52.3,47.7,3,3,1,1,4,3
2025-07-13 23:00:00,Deportivo Cuenca,Delfín,1.0,1.0,Cuenca,Ecuador,Banco del Austro Alejandro Serrano Aguil,,,,LigaPro Serie A,,20250713_Deportivo-Cuenca_Delfín,14.612448128454389,1.49,0.72,4,2,8,3,51.5,48.5,3,1,0,0,4,5
2025-07-15 00:00:00,Aucas,El Nacional,1.0,0.0,Ambato,Ecuador,Estadio Universidad Indoamérica Bellavista,,,,LigaPro Serie A,,20250715_Aucas_El-Nacional,36.346210211590915,1.34,0.72,3,0,7,0,52.9,47.1,0,6,0,0,6,3
2025-07-19 00:00:00,Independiente del Valle,Aucas,2.0,1.0,Quito,Ecuador,Estadio Olímpico Atahualpa,,,,LigaPro Serie A,,20250719_Independiente-del-Valle_Aucas,120.02382026894657,0.89,0.96,3,5,8,11,56.0,44.0,4,1,0,0,6,2
2025-07-19 19:00:00,Universidad Católica (Quito),Vinotinto,3.0,0.0,Quito,Ecuador,Estadio Olímpico Atahualpa,,,,LigaPro Serie A,,20250719_Universidad-Católica-(Quito)_Vinotinto,67.05139904477483,0.9,0.93,4,5,10,9,53.7,46.3,2,3,0,0,6,3
2025-07-19 21:30:00,Orense,El Nacional,1.0,1.0,Machala,Ecuador,9 de Mayo,,,,LigaPro Serie A,,20250719_Orense_El-Nacional,42.58661997495619,1.6,0.66,5,1,12,1,59.3,40.7,1,2,0,0,7,5
2025-07-20 00:00:00,Delfín,Barcelona SC,0.0,1.0,Manta,Ecuador,Estadio Jocay,,,,LigaPro Serie A,,20250720_Delfín_Barcelona-SC,-87.12243858814008,0.69,1.8,3,6,5,12,45.4,54.6,0,1,0,0,3,5
2025-07-20 18:00:00,Técnico Universitario,Macará,1.0,0.0,Ambato,Ecuador,Estadio Universidad Indoamérica Bellavista,,,,LigaPro Serie A,,20250720_Técnico-Universitario_Macará,-10.949752480354164,1.95,0.26,4,0,10,0,45.4,54.6,2,0,1,0,6,3
2025-07-20 20:30:00,Emelec,Mushuc Runa,1.0,0.0,Quito,Ecuador,Estadio George Capwell Banco del Austro,,,,LigaPro Serie A,,20250720_Emelec_Mushuc-Runa,36.31538373494163,1.18,0.96,4,5,9,11,49.6,50.4,0,2,0,0,6,8
2025-07-20 23:00:00,Liga de Quito,Deportivo Cuenca,2.0,2.0,Quito,Ecuador,Rodrigo Paz Delgado,,,,LigaPro Serie A,,20250720_Liga-de-Quito_Deportivo-Cuenca,132.3901411239092,1.94,1.42,6,4,14,7,57.3,42.7,2,0,0,0,8,7
2025-07-22 00:00:00,Libertad (Ecuador),Manta F.C.,1.0,0.0,Cuenca,Ecuador,Banco del Austro Alejandro Serrano Aguil,,,,LigaPro Serie A,,20250722_Libertad-(Ecuador)_Manta-F.C.,48.81507804067064,0.05,0.42,2,0,5,1,56.5,43.5,4,4,1,0,0,3
2025-07-25 00:00:00,Barcelona SC,Liga de Quito,0.0,1.0,Quito,Ecuador,Estadio Banco Pichincha,,,,LigaPro Serie A,,20250725_Barcelona-SC_Liga-de-Quito,-45.455509852751675,0.11,0.28,0,1,0,3,52.5,47.5,0,1,0,0,2,4
2025-07-26 00:00:00,El Nacional,Libertad (Ecuador),2.0,2.0,Latacunga,Ecuador,Estadio La Cocha,,,,LigaPro Serie A,,20250726_El-Nacional_Libertad-(Ecuador),-26.09053754603974,0.98,1.32,3,4,6,8,51.4,48.6,0,3,0,0,8,4
2025-07-26 19:00:00,Aucas,Delfín,2.0,1.0,Quito,Ecuador,Estadio Cooprogreso Gonzalo Pozo Ripalda,,,,LigaPro Serie A,,20250726_Aucas_Delfín,46.577292054281315,1.49,1.15,4,2,7,6,55.0,45.0,1,2,0,1,6,6
2025-07-26 21:30:00,Manta F.C.,Emelec,2.0,4.0,Manta,Ecuador,Estadio Jocay,,,,LigaPro Serie A,,20250726_Manta-F.C._Emelec,-31.008407987069404,0.89,2.35,2,7,4,16,48.6,51.4,1,2,0,0,7,13
2025-07-27 00:00:00,Vinotinto,Orense,0.0,1.0,Quito,Ecuador,Estadio Olímpico Atahualpa,,,,LigaPro Serie A,,20250727_Vinotinto_Orense,-89.84500289790367,0.05,1.95,0,7,1,15,43.8,56.2,4,4,1,0,2,8
2025-07-27 18:00:00,Mushuc Runa,Técnico Universitario,0.0,1.0,Riobamba,Ecuador,Estadio Fernando Guerrero Guerrero,,,,LigaPro Serie A,,20250727_Mushuc-Runa_Técnico-Universitario,-13.071653593640349,0.66,0.74,0,1,0,1,44.5,55.5,6,0,0,0,4,2
2025-07-27 20:30:00,Macará,Universidad Católica (Quito),1.0,4.0,Ambato,Ecuador,Estadio Universidad Indoamérica Bellavista,,,,LigaPro Serie A,,20250727_Macará_Universidad-Católica-(Quito),-107.20754258631041,0.35,1.7,2,5,3,12,45.0,55.0,3,2,0,0,4,5
2025-07-27 23:00:00,Deportivo Cuenca,Independiente del Valle,0.0,3.0,Cuenca,Ecuador,Banco del Austro Alejandro Serrano Aguil,,,,LigaPro Serie A,,20250727_Deportivo-Cuenca_Independiente-del-Valle,-155.605462092454,1.05,0.7,4,3,7,8,41.1,58.9,1,0,0,0,4,3
2025-08-02 00:00:00,Deportivo Cuenca,Macará,1.0,1.0,Cuenca,Ecuador,Banco del Austro Alejandro Serrano Aguil,,,,LigaPro Serie A,,20250802_Deportivo-Cuenca_Macará,101.18022086688416,1.02,1.51,5,5,12,10,52.2,47.8,3,0,0,0,3,9
2025-08-02 21:30:00,Barcelona SC,Orense,2.0,0.0,Quito,Ecuador,Estadio Banco Pichincha,,,,LigaPro Serie A,,20250802_Barcelona-SC_Orense,47.95648498921855,1.65,1.1,4,4,10,8,50.9,49.1,1,2,0,0,5,6
2025-08-03 00:00:00,Independiente del Valle,El Nacional,1.0,0.0,Quito,Ecuador,Estadio Banco Guayaquil,,,,LigaPro Serie A,,20250803_Independiente-del-Valle_El-Nacional,190.4756074500308,0.89,1.38,3,4,9,9,60.4,39.6,2,1,0,0,5,3
2025-08-03 16:00:00,Liga de Quito,Mushuc Runa,2.0,1.0,Quito,Ecuador,Rodrigo Paz Delgado,,,,LigaPro Serie A,,20250803_Liga-de-Quito_Mushuc-Runa,244.6443075350976,0.05,0.95,2,3,1,6,49.0,51.0,2,2,0,0,5,6
2025-08-03 18:15:00,Universidad Católica (Quito),Aucas,6.0,2.0,Quito,Ecuador,Estadio Olímpico Atahualpa,,,,LigaPro Serie A,,20250803_Universidad-Católica-(Quito)_Aucas,-14.068791405613865,2.27,1.14,9,5,19,10,45.2,54.8,2,0,0,0,9,6
2025-08-03 20:30:00,Técnico Universitario,Manta F.C.,3.0,1.0,Ambato,Ecuador,Estadio Universidad Indoamérica Bellavista,,,,LigaPro Serie A,,20250803_Técnico-Universitario_Manta-F.C.,8.744735917933212,1.4,1.56,6,5,16,10,51.9,48.1,4,2,0,1,8,6
2025-08-03 23:00:00,Libertad (Ecuador),Emelec,1.0,2.0,Loja,Ecuador,Estadio Reina del Cisne,,,,LigaPro Serie A,,20250803_Libertad-(Ecuador)_Emelec,26.62537135771231,1.06,1.94,3,6,7,12,49.5,50.5,1,4,0,0,3,6
2025-08-05 00:00:00,Delfín,Vinotinto,3.0,3.0,Manta,Ecuador,Estadio Jocay,,,,LigaPro Serie A,,20250805_Delfín_Vinotinto,50.54074454829447,1.16,1.82,3,4,8,7,43.9,56.1,2,2,0,0,6,7
2025-08-09 00:00:00,Orense,Universidad Católica (Quito),1.0,1.0,Machala,Ecuador,9 de Mayo,,,,LigaPro Serie A,,20250809_Orense_Universidad-Católica-(Quito),-18.91720431776821,0.84,1.48,3,6,4,12,48.1,51.9,3,1,0,0,7,7
2025-08-09 19:00:00,Mushuc Runa,Libertad (Ecuador),1.0,2.0,Ambato,Ecuador,Cooperativa de Ahorro y Crédito Mushuc Runa,,,,LigaPro Serie A,,20250809_Mushuc-Runa_Libertad-(Ecuador),-98.72014709128757,1.53,1.32,6,3,13,7,50.9,49.1,1,0,0,0,3,4
2025-08-09 21:30:00,Aucas,Liga de Quito,1.0,0.0,Quito,Ecuador,Estadio Cooprogreso Gonzalo Pozo Ripalda,,,,LigaPro Serie A,,20250809_Aucas_Liga-de-Quito,-121.34533499865506,1.67,1.79,6,6,11,12,53.3,46.7,5,2,0,0,4,10
2025-08-10 00:00:00,Manta F.C.,Independiente del Valle,0.0,0.0,Manta,Ecuador,Estadio Jocay,,,,LigaPro Serie A,,20250810_Manta-F.C._Independiente-del-Valle,-263.38911981489014,0.99,1.15,3,4,6,9,34.4,65.6,0,3,0,0,4,5
2025-08-10 18:00:00,Vinotinto,Técnico Universitario,0.0,1.0,Quito,Ecuador,Estadio Olímpico Atahualpa,,,,LigaPro Serie A,,20250810_Vinotinto_Técnico-Universitario,-23.552739933024895,1.08,0.51,2,1,5,2,52.2,47.8,5,3,0,0,5,4
2025-08-10 20:30:00,Macará,Delfín,0.0,0.0,Ambato,Ecuador,Estadio Universidad Indoamérica Bellavista,,,,LigaPro Serie A,,20250810_Macará_Delfín,-65.58564200662454,0.05,0.97,0,3,0,6,51.8,48.2,2,1,0,0,2,4
2025-08-10 23:00:00,El Nacional,Barcelona SC,1.0,2.0,Quito,Ecuador,Estadio Olímpico Atahualpa,,,,LigaPro Serie A,,20250810_El-Nacional_Barcelona-SC,-112.04450334405033,0.26,1.63,2,4,5,8,41.4,58.6,2,1,0,1,5,5
2025-08-11 21:00:00,Emelec,Deportivo Cuenca,1.0,1.0,Quito,Ecuador,Estadio George Capwell Banco del Austro,,,,LigaPro Serie A,,20250811_Emelec_Deportivo-Cuenca,-6.970457507787614,1.16,0.55,4,1,8,4,51.9,48.1,0,2,0,0,3,2
2025-08-16 00:00:00,Delfín,El Nacional,0.0,3.0,Manta,Ecuador,Estadio Jocay,,,,LigaPro Serie A,,20250816_Delfín_El-Nacional,0.7880094450872548,0.1,0.98,0,3,0,8,44.1,55.9,0,3,0,0,3,1
2025-08-16 19:00:00,Mushuc Runa,Aucas,1.0,0.0,Ambato,Ecuador,Cooperativa de Ahorro y Crédito Mushuc Runa,,,,LigaPro Serie A,,20250816_Mushuc-Runa_Aucas,-157.43903806171443,1.23,1.15,4,4,8,9,46.6,53.4,2,3,0,0,4,4
2025-08-16 21:30:00,Universidad Católica (Quito),Libertad (Ecuador),1.0,1.0,Quito,Ecuador,Estadio Olímpico Atahualpa,,,,LigaPro Serie A,,20250816_Universidad-Católica-(Quito)_Libertad-(Ecuador),35.58161024442029,1.26,0.05,4,1,8,3,56.1,43.9,0,0,0,0,3,0
2025-08-17 00:00:00,Independiente del Valle,Orense,2.0,1.0,Quito,Ecuador,Estadio Banco Guayaquil,,,,LigaPro Serie A,,20250817_Independiente-del-Valle_Orense,150.78290789815355,0.89,0.93,3,3,8,6,49.4,50.6,0,1,0,0,7,4
2025-08-17 18:00:00,Liga de Quito,Manta F.C.,1.0,1.0,Quito,Ecuador,Rodrigo Paz Delgado,,,,LigaPro Serie A,,20250817_Liga-de-Quito_Manta-F.C.,209.92599310388664,1.44,1.33,6,5,11,8,51.7,48.3,1,0,0,0,6,7
2025-08-17 20:30:00,Técnico Universitario,Emelec,0.0,1.0,Ambato,Ecuador,Estadio Universidad Indoamérica Bellavista,,,,LigaPro Serie A,,20250817_Técnico-Universitario_Emelec,-34.40009458412578,0.7,0.89,2,2,4,5,42.9,57.1,4,3,1,0,3,7
2025-08-17 23:00:00,Barcelona SC,Macará,0.0,2.0,Quito,Ecuador,Estadio Banco Pichincha,,,,LigaPro Serie A,,20250817_Barcelona-SC_Macará,188.8825380953142,0.77,1.18,3,3,6,5,55.5,44.5,1,3,0,0,5,2
2025-08-19 00:00:00,Deportivo Cuenca,Vinotinto,2.0,0.0,Cuenca,Ecuador,Banco del Austro Alejandro Serrano Aguil,,,,LigaPro Serie A,,20250819_Deportivo-Cuenca_Vinotinto,86.81737651082358,0.51,0.55,2,1,5,3,58.4,41.6,1,3,0,0,2,0
2025-08-23 00:00:00,Libertad (Ecuador),Aucas,3.0,2.0,Loja,Ecuador,Estadio Reina del Cisne,,,,LigaPro Serie A,,20250823_Libertad-(Ecuador)_Aucas,-23.042010241434582,1.01,1.39,3,3,7,6,46.3,53.7,4,0,0,0,0,3
2025-08-23 19:00:00,Macará,Mushuc Runa,2.0,1.0,Ambato,Ecuador,Estadio Universidad Indoamérica Bellavista,,,,LigaPro Serie A,,20250823_Macará_Mushuc-Runa,22.291900668459903,1.29,1.27,4,4,10,9,52.4,47.6,3,1,0,0,8,6
2025-08-23 21:30:00,Manta F.C.,Deportivo Cuenca,0.0,1.0,Manta,Ecuador,Estadio Jocay,,,,LigaPro Serie A,,20250823_Manta-F.C._Deportivo-Cuenca,-79.12004749020866,0.66,0.88,2,2,4,6,52.1,47.9,3,2,1,0,3,4
2025-08-24 00:00:00,Vinotinto,Barcelona SC,0.0,1.0,Quito,Ecuador,Estadio Olímpico Atahualpa,,,,LigaPro Serie A,,20250824_Vinotinto_Barcelona-SC,-174.91070348701305,0.59,1.8,1,5,2,11,44.5,55.5,2,2,0,1,2,7
2025-08-24 18:00:00,El Nacional,Liga de Quito,1.0,0.0,Quito,Ecuador,Estadio Olímpico Atahualpa,,,,LigaPro Serie A,,20250824_El-Nacional_Liga-de-Quito,-146.46244438159442,1.7,0.18,6,0,15,0,41.0,59.0,0,2,0,0,4,3
2025-08-24 20:30:00,Emelec,Independiente del Valle,0.0,1.0,Quito,Ecuador,Estadio George Capwell Banco del Austro,,,,LigaPro Serie A,,20250824_Emelec_Independiente-del-Valle,-174.26150881351055,0.89,1.0,4,4,9,8,40.3,59.7,1,1,0,0,4,4
2025-08-24 23:00:00,Universidad Católica (Quito),Técnico Universitario,2.0,0.0,Quito,Ecuador,Estadio Olímpico Atahualpa,,,,LigaPro Serie A,,20250824_Universidad-Católica-(Quito)_Técnico-Universitario,88.80101496419911,1.89,0.05,4,1,8,4,58.4,41.6,1,1,0,0,7,2
2025-08-26 00:00:00,Orense,Delfín,3.0,1.0,Machala,Ecuador,9 de Mayo,,,,LigaPro Serie A,,20250826_Orense_Delfín,56.43450139850188,1.3,1.11,5,3,11,7,52.3,47.7,5,0,0,0,8,5
2025-08-30 00:00:00,Vinotinto,El Nacional,0.0,1.0,Quito,Ecuador,Estadio Olímpico Atahualpa,,,,LigaPro Serie A,,20250830_Vinotinto_El-Nacional,-99.5256022626354,1.11,1.01,5,2,11,6,42.9,57.1,3,2,0,0,6,3
2025-08-30 19:00:00,Independiente del Valle,Técnico Universitario,4.0,0.0,Quito,Ecuador,Estadio Banco Guayaquil,,,,LigaPro Serie A,,20250830_Independiente-del-Valle_Técnico-Universitario,245.73090789274875,2.31,1.37,8,4,17,11,61.4,38.6,1,1,0,0,3,5
2025-08-30 21:30:00,Liga de Quito,Macará,1.0,1.0,Quito,Ecuador,Rodrigo Paz Delgado,,,,LigaPro Serie A,,20250830_Liga-de-Quito_Macará,172.8509530577494,0.72,0.87,2,4,3,9,54.4,45.6,0,2,1,0,2,7
2025-08-30 21:30:00,Mushuc Runa,Manta F.C.,2.0,0.0,Riobamba,Ecuador,Estadio Fernando Guerrero Guerrero,,,,LigaPro Serie A,,20250830_Mushuc-Runa_Manta-F.C.,-28.10540402158813,0.7,1.14,2,5,3,12,45.1,54.9,4,2,0,0,1,10
2025-08-31 00:00:00,Aucas,Emelec,1.0,2.0,Quito,Ecuador,Estadio Cooprogreso Gonzalo Pozo Ripalda,,,,LigaPro Serie A,,20250831_Aucas_Emelec,16.324351236663233,0.3,0.94,3,3,7,6,54.5,45.5,0,1,0,0,4,6
2025-08-31 20:30:00,Deportivo Cuenca,Orense,1.0,1.0,Cuenca,Ecuador,Banco del Austro Alejandro Serrano Aguil,,,,LigaPro Serie A,,20250831_Deportivo-Cuenca_Orense,-5.304774337600065,1.18,1.37,3,5,7,8,45.3,54.7,2,0,0,0,3,0
2025-08-31 23:00:00,Barcelona SC,Universidad Católica (Quito),2.0,3.0,Quito,Ecuador,Estadio Banco Pichincha,,,,LigaPro Serie A,,20250831_Barcelona-SC_Universidad-Católica-(Quito),39.35906701985709,2.17,1.37,7,4,15,9,53.7,46.3,1,0,0,0,8,6
2025-09-02 00:00:00,Delfín,Libertad (Ecuador),0.0,0.0,Manta,Ecuador,Estadio Jocay,,,,LigaPro Serie A,,20250902_Delfín_Libertad-(Ecuador),-69.64797481204073,1.2,0.78,1,4,3,10,52.6,47.4,1,1,0,0,4,4
2025-09-13 00:00:00,Libertad (Ecuador),Liga de Quito,0.0,1.0,Loja,Ecuador,Estadio Reina del Cisne,,,,LigaPro Serie A,,20250913_Libertad-(Ecuador)_Liga-de-Quito,-90.22183513221444,1.12,1.15,4,4,8,7,39.8,60.2,1,0,0,0,7,9
2025-09-13 19:00:00,Independiente del Valle,Vinotinto,3.0,1.0,Quito,Ecuador,Estadio Banco Guayaquil,,,,LigaPro Serie A,,20250913_Independiente-del-Valle_Vinotinto,300.67599539376806,1.29,1.38,3,4,8,9,57.7,42.3,5,2,0,0,4,4
2025-09-13 21:30:00,Universidad Católica (Quito),Delfín,1.0,1.0,Quito,Ecuador,Estadio Olímpico Atahualpa,,,,LigaPro Serie A,,20250913_Universidad-Católica-(Quito)_Delfín,109.96336739581238,0.71,1.61,1,6,0,14,57.7,42.3,1,1,0,0,3,7
2025-09-14 00:00:00,Orense,Mushuc Runa,3.0,1.0,Machala,Ecuador,9 de Mayo,,,,LigaPro Serie A,,20250914_Orense_Mushuc-Runa,118.00554366606252,2.25,0.82,7,2,18,3,54.4,45.6,2,1,0,0,8,2
2025-09-14 16:45:00,El Nacional,Macará,0.0,2.0,Quito,Ecuador,Estadio Olímpico Atahualpa,,,,LigaPro Serie A,,20250914_El-Nacional_Macará,63.07792758448886,0.41,1.47,1,6,0,13,51.9,48.1,0,1,0,0,2,4
2025-09-14 19:00:00,Técnico Universitario,Deportivo Cuenca,0.0,2.0,Ambato,Ecuador,Estadio Universidad Indoamérica Bellavista,,,,LigaPro Serie A,,20250914_Técnico-Universitario_Deportivo-Cuenca,-83.95440456662641,1.08,1.68,4,6,8,13,54.9,45.1,3,0,0,0,12,4
2025-09-14 22:30:00,Emelec,Barcelona SC,0.0,4.0,Quito,Ecuador,Estadio George Capwell Banco del Austro,,,,LigaPro Serie A,,20250914_Emelec_Barcelona-SC,-61.64933408666707,0.05,2.0,3,6,7,13,53.4,46.6,5,1,0,0,3,4
2025-09-16 00:00:00,Manta F.C.,Aucas,1.0,1.0,Manta,Ecuador,Estadio Jocay,,,,LigaPro Serie A,,20250916_Manta-F.C._Aucas,-93.9877239676689,0.61,0.25,2,2,4,6,45.0,55.0,1,1,0,0,5,1
2025-09-20 19:00:00,Mushuc Runa,Independiente del Valle,2.0,2.0,Ambato,Ecuador,Cooperativa de Ahorro y Crédito Mushuc Runa,,,,LigaPro Serie A,,20250920_Mushuc-Runa_Independiente-del-Valle,-295.9141941038995,1.59,1.18,5,4,11,10,37.2,62.8,1,2,0,0,10,3
2025-09-20 21:30:00,Delfín,Técnico Universitario,0.0,1.0,Manta,Ecuador,Estadio Jocay,,,,LigaPro Serie A,,20250920_Delfín_Técnico-Universitario,27.71127744685282,0.05,0.49,0,1,0,2,44.9,55.1,3,2,0,0,3,3
2025-09-20 21:30:00,Vinotinto,Manta F.C.,4.0,1.0,Quito,Ecuador,Estadio Cooprogreso Gonzalo Pozo Ripalda,,,,LigaPro Serie A,,20250920_Vinotinto_Manta-F.C.,-25.39642143936453,1.73,0.89,4,2,8,4,49.9,50.1,2,1,0,0,5,2
2025-09-21 21:00:00,Aucas,Orense,0.0,0.0,Quito,Ecuador,Estadio Cooprogreso Gonzalo Pozo Ripalda,,,,LigaPro Serie A,,20250921_Aucas_Orense,-33.092980965211154,1.54,1.25,6,4,14,8,50.4,49.6,2,2,0,0,5,4
2025-09-21 21:00:00,Deportivo Cuenca,Barcelona SC,0.0,1.0,Cuenca,Ecuador,Banco del Austro Alejandro Serrano Aguil,,,,LigaPro Serie A,,20250921_Deportivo-Cuenca_Barcelona-SC,-54.27782691262951,0.05,0.26,0,1,1,2,51.8,48.2,3,1,0,0,2,1
2025-09-21 21:00:00,Emelec,El Nacional,4.0,0.0,Quito,Ecuador,Estadio George Capwell Banco del Austro,,,,LigaPro Serie A,,20250921_Emelec_El-Nacional,8.83531103489372,0.73,1.04,4,2,9,6,50.1,49.9,1,1,0,0,7,3
2025-09-21 21:00:00,Liga de Quito,Universidad Católica (Quito),2.0,4.0,Quito,Ecuador,Rodrigo Paz Delgado,,,,LigaPro Serie A,,20250921_Liga-de-Quito_Universidad-Católica-(Quito),57.78687586286674,0.98,2.18,4,7,9,15,47.4,52.6,1,1,0,0,5,12
2025-09-21 21:00:00,Macará,Libertad (Ecuador),1.0,1.0,Ambato,Ecuador,Estadio Universidad Indoamérica Bellavista,,,,LigaPro Serie A,,20250921_Macará_Libertad-(Ecuador),-48.4783900812306,2.3,1.31,7,3,15,7,46.7,53.3,2,1,0,0,15,5
2025-09-27 19:00:00,Manta F.C.,Macará,1.0,3.0,Manta,Ecuador,Estadio Jocay,,,,LigaPro Serie A,,20250927_Manta-F.C._Macará,-60.66411084247966,1.66,1.5,5,5,11,9,49.0,51.0,1,1,0,0,9,4
2025-09-27 21:30:00,El Nacional,Mushuc Runa,0.0,5.0,Quito,Ecuador,Estadio Olímpico Atahualpa,,,,LigaPro Serie A,,20250927_El-Nacional_Mushuc-Runa,74.30588511683868,1.25,1.76,4,6,8,13,53.1,46.9,3,1,0,0,4,6
2025-09-28 00:00:00,Barcelona SC,Aucas,1.0,1.0,Quito,Ecuador,Estadio Banco Pichincha,,,,LigaPro Serie A,,20250928_Barcelona-SC_Aucas,92.51472962755156,0.66,0.83,3,3,7,6,52.7,47.3,0,1,0,0,1,8
2025-09-28 21:00:00,Independiente del Valle,Delfín,0.0,0.0,Quito,Ecuador,Estadio Banco Guayaquil,,,,LigaPro Serie A,,20250928_Independiente-del-Valle_Delfín,244.8231073372374,1.1,0.93,3,3,6,8,56.2,43.8,0,2,0,0,5,4
2025-09-28 21:00:00,Libertad (Ecuador),Vinotinto,1.0,0.0,Loja,Ecuador,Estadio Reina del Cisne,,,,LigaPro Serie A,,20250928_Libertad-(Ecuador)_Vinotinto,105.46051371219278,0.24,0.75,1,3,2,6,61.5,38.5,0,4,0,0,2,2
2025-09-28 21:00:00,Orense,Emelec,0.0,0.0,Machala,Ecuador,9 de Mayo,,,,LigaPro Serie A,,20250928_Orense_Emelec,18.179553923686854,2.02,1.1,6,3,15,7,47.4,52.6,1,7,0,0,11,2
2025-09-28 21:00:00,Técnico Universitario,Liga de Quito,1.0,3.0,Ambato,Ecuador,Estadio Universidad Indoamérica Bellavista,,,,LigaPro Serie A,,20250928_Técnico-Universitario_Liga-de-Quito,-161.17661558848044,0.41,2.54,1,8,2,16,43.8,56.2,1,0,0,0,0,7
2025-09-28 21:00:00,Universidad Católica (Quito),Deportivo Cuenca,2.0,1.0,Quito,Ecuador,Estadio Olímpico Atahualpa,,,,LigaPro Serie A,,20250928_Universidad-Católica-(Quito)_Deportivo-Cuenca,52.17527341479263,1.01,0.05,2,1,4,2,51.7,48.3,0,2,0,0,2,3
2025-10-04 19:00:00,Delfín,El Nacional,2.0,2.0,Manta,Ecuador,Estadio Jocay,,,,LigaPro Serie A,,20251004_Delfín_El-Nacional,-18.006077493381326,1.71,0.29,3,2,7,4,54.4,45.6,1,3,1,0,8,3
2025-10-04 21:30:00,Emelec,Deportivo Cuenca,3.0,1.0,Quito,Ecuador,Estadio George Capwell Banco del Austro,,,,LigaPro Serie A,,20251004_Emelec_Deportivo-Cuenca,5.516941001191526,1.74,1.16,6,3,15,6,42.5,57.5,1,2,0,0,3,4
2025-10-05 00:00:00,Universidad Católica (Quito),Liga de Quito,2.0,2.0,Quito,Ecuador,Estadio Olímpico Atahualpa,,,,LigaPro Serie A,,20251005_Universidad-Católica-(Quito)_Liga-de-Quito,-26.421025961627265,1.63,0.86,4,2,7,2,49.1,50.9,2,1,0,0,2,2
2025-10-05 17:00:00,Macará,Aucas,3.0,2.0,Ambato,Ecuador,Estadio Universidad Indoamérica Bellavista,,,,LigaPro Serie A,,20251005_Macará_Aucas,-34.196325012796024,0.35,1.1,3,3,5,7,50.5,49.5,0,1,0,0,3,2
2025-10-05 19:30:00,Libertad (Ecuador),Orense,2.0,0.0,Loja,Ecuador,Estadio Reina del Cisne,,,,LigaPro Serie A,,20251005_Libertad-(Ecuador)_Orense,-17.570147907249293,1.69,0.05,4,0,8,0,44.3,55.7,3,2,0,0,4,3
2025-10-05 22:30:00,Barcelona SC,Independiente del Valle,0.0,3.0,Quito,Ecuador,Estadio Banco Pichincha,,,,LigaPro Serie A,,20251005_Barcelona-SC_Independiente-del-Valle,-88.7298323043376,0.98,1.49,4,5,8,11,44.3,55.7,1,3,0,0,4,7
2025-10-17 23:00:00,Orense,Independiente del Valle,1.0,2.0,Machala,Ecuador,9 de Mayo,,,,LigaPro Serie A,,20251017_Orense_Independiente-del-Valle,-169.54274338291793,1.26,0.62,4,2,8,6,47.1,52.9,2,4,0,0,6,2
2025-10-18 01:15:00,Liga de Quito,Barcelona SC,3.0,0.0,Quito,Ecuador,Rodrigo Paz Delgado,,,,LigaPro Serie A,,20251018_Liga-de-Quito_Barcelona-SC,25.460424310812414,1.47,1.53,4,4,8,8,57.0,43.0,2,1,0,0,2,8
2025-10-18 20:30:00,Mushuc Runa,Vinotinto,2.0,1.0,Ambato,Ecuador,Cooperativa de Ahorro y Crédito Mushuc Runa,,,,LigaPro Serie A,,20251018_Mushuc-Runa_Vinotinto,30.40626933042904,1.45,1.54,5,5,10,10,43.4,56.6,3,1,0,0,4,7
2025-10-18 23:00:00,Delfín,Macará,0.0,4.0,Manta,Ecuador,Estadio Jocay,,,,LigaPro Serie A,,20251018_Delfín_Macará,-33.606402556949206,0.51,1.27,1,4,1,8,53.4,46.6,3,1,0,0,5,4
2025-10-19 18:00:00,Manta F.C.,Técnico Universitario,2.0,0.0,Manta,Ecuador,Estadio Jocay,,,,LigaPro Serie A,,20251019_Manta-F.C._Técnico-Universitario,-43.5754370998136,1.85,0.82,5,3,9,9,48.1,51.9,0,4,0,0,4,3
2025-10-19 20:30:00,Aucas,Emelec,0.0,0.0,Quito,Ecuador,Estadio Cooprogreso Gonzalo Pozo Ripalda,,,,LigaPro Serie A,,20251019_Aucas_Emelec,-35.12652140927139,0.69,0.51,1,1,3,2,40.4,59.6,0,2,0,0,2,2
2025-10-19 23:00:00,Libertad (Ecuador),Universidad Católica (Quito),1.0,1.0,Loja,Ecuador,Estadio Reina del Cisne,,,,LigaPro Serie A,,20251019_Libertad-(Ecuador)_Universidad-Católica-(Quito),-56.030751801876704,1.42,1.72,4,6,11,14,49.7,50.3,0,0,0,1,3,10
2025-10-21 00:00:00,El Nacional,Deportivo Cuenca,0.0,2.0,Quito,Ecuador,Estadio Olímpico Atahualpa,,,,LigaPro Serie A,,20251021_El-Nacional_Deportivo-Cuenca,-30.67539863480033,0.05,2.02,0,6,0,13,47.0,53.0,1,2,0,0,2,13
2025-10-25 00:00:00,Orense,Universidad Católica (Quito),2.0,1.0,Machala,Ecuador,9 de Mayo,,,,LigaPro Serie A,,20251025_Orense_Universidad-Católica-(Quito),-68.32327238049106,1.01,1.19,5,2,10,5,43.4,56.6,3,0,0,0,4,7
2025-10-25 19:00:00,Mushuc Runa,Manta F.C.,1.0,1.0,Ambato,Ecuador,Cooperativa de Ahorro y Crédito Mushuc Runa,,,,LigaPro Serie A,,20251025_Mushuc-Runa_Manta-F.C.,29.676685902626332,1.19,0.9,3,4,6,9,53.2,46.8,0,0,0,0,4,3
2025-10-25 21:30:00,Barcelona SC,Libertad (Ecuador),1.0,0.0,Quito,Ecuador,Estadio Banco Pichincha,,,,LigaPro Serie A,,20251025_Barcelona-SC_Libertad-(Ecuador),42.12893561111105,0.29,1.26,1,5,2,9,49.2,50.8,2,2,0,0,2,5
2025-10-26 00:00:00,Deportivo Cuenca,Aucas,1.0,2.0,Cuenca,Ecuador,Banco del Austro Alejandro Serrano Aguil,,,,LigaPro Serie A,,20251026_Deportivo-Cuenca_Aucas,15.724788716108606,0.84,1.0,3,4,5,7,49.7,50.3,8,2,0,1,3,2
2025-10-26 18:00:00,Vinotinto,Técnico Universitario,1.0,2.0,Quito,Ecuador,Estadio Cooprogreso Gonzalo Pozo Ripalda,,,,LigaPro Serie A,,20251026_Vinotinto_Técnico-Universitario,-39.21557570634741,1.94,1.47,6,5,13,10,50.2,49.8,4,0,0,0,7,7
2025-10-26 20:30:00,El Nacional,Macará,2.0,0.0,Latacunga,Ecuador,Estadio La Cocha,,,,LigaPro Serie A,,20251026_El-Nacional_Macará,-38.62916459303551,1.2,0.05,4,0,10,0,50.9,49.1,3,1,0,0,4,1
2025-10-26 23:00:00,Emelec,Delfín,1.0,0.0,Quito,Ecuador,Estadio George Capwell Banco del Austro,,,,LigaPro Serie A,,20251026_Emelec_Delfín,86.20842126630168,1.69,0.2,5,0,10,0,51.1,48.9,3,1,1,0,5,1
2025-11-01 00:00:00,Delfín,Deportivo Cuenca,2.0,0.0,Manta,Ecuador,Estadio Jocay,,,,LigaPro Serie A,,20251101_Delfín_Deportivo-Cuenca,-65.76426915113188,0.82,0.05,2,0,4,0,47.4,52.6,1,2,0,0,11,3
2025-11-01 19:00:00,Técnico Universitario,Mushuc Runa,0.0,0.0,Ambato,Ecuador,Estadio Universidad Indoamérica Bellavista,,,,LigaPro Serie A,,20251101_Técnico-Universitario_Mushuc-Runa,-1.4218732838824053,0.29,0.92,1,5,2,11,61.6,38.4,1,0,0,0,2,8
2025-11-01 21:30:00,Aucas,El Nacional,3.0,3.0,Quito,Ecuador,Estadio Cooprogreso Gonzalo Pozo Ripalda,,,,LigaPro Serie A,,20251101_Aucas_El-Nacional,36.05112837365891,1.46,1.92,4,5,9,11,47.1,52.9,4,0,0,0,4,4
2025-11-02 18:00:00,Vinotinto,Manta F.C.,2.0,0.0,Quito,Ecuador,Estadio Cooprogreso Gonzalo Pozo Ripalda,,,,LigaPro Serie A,,20251102_Vinotinto_Manta-F.C.,-34.30831439652184,0.93,0.86,5,4,8,7,46.8,53.2,2,2,0,0,9,3
2025-11-02 20:30:00,Macará,Emelec,3.0,0.0,Ambato,Ecuador,Estadio Universidad Indoamérica Bellavista,,,,LigaPro Serie A,,20251102_Macará_Emelec,-53.3270919070369,1.15,0.05,3,3,6,4,50.7,49.3,2,4,0,0,2,3
2025-11-02 23:00:00,Universidad Católica (Quito),Barcelona SC,1.0,1.0,Quito,Ecuador,Estadio Banco Guayaquil,,,,LigaPro Serie A,,20251102_Universidad-Católica-(Quito)_Barcelona-SC,-14.817296813297617,1.39,1.5,5,2,13,3,53.7,46.3,2,1,0,0,6,6
2025-11-04 00:00:00,Libertad (Ecuador),Independiente del Valle,1.0,3.0,Loja,Ecuador,Estadio Reina del Cisne,,,,LigaPro Serie A,,20251104_Libertad-(Ecuador)_Independiente-del-Valle,-177.1022292025316,1.1,0.74,6,3,14,6,40.9,59.1,4,3,0,0,5,4
2025-11-05 00:00:00,Liga de Quito,Orense,4.0,0.0,Quito,Ecuador,Rodrigo Paz Delgado,,,,LigaPro Serie A,,20251105_Liga-de-Quito_Orense,91.63369000192779,1.69,0.69,6,3,15,7,59.8,40.2,1,0,0,0,12,1
2025-11-08 00:00:00,Deportivo Cuenca,Macará,0.0,2.0,Cuenca,Ecuador,Banco del Austro Alejandro Serrano Aguil,,,,LigaPro Serie A,,20251108_Deportivo-Cuenca_Macará,-13.353466579394308,1.03,0.91,4,3,9,7,48.1,51.9,2,0,0,0,5,9
2025-11-08 19:00:00,Manta F.C.,Mushuc Runa,3.0,0.0,Manta,Ecuador,Estadio Jocay,,,,LigaPro Serie A,,20251108_Manta-F.C._Mushuc-Runa,-40.76368523753126,1.79,0.89,6,4,14,7,44.5,55.5,1,2,0,0,11,4
2025-11-08 21:30:00,Independiente del Valle,Universidad Católica (Quito),0.0,2.0,Quito,Ecuador,Estadio Banco Guayaquil,,,,LigaPro Serie A,,20251108_Independiente-del-Valle_Universidad-Católica-(Quito),134.5381911120594,1.34,0.95,4,4,9,9,54.8,45.2,2,1,0,1,4,7
2025-11-09 00:00:00,Liga de Quito,Libertad (Ecuador),3.0,1.0,Quito,Ecuador,Rodrigo Paz Delgado,,,,LigaPro Serie A,,20251109_Liga-de-Quito_Libertad-(Ecuador),115.6553259271725,0.75,0.54,3,1,8,3,51.6,48.4,1,4,0,1,4,2
2025-11-09 18:00:00,Técnico Universitario,Vinotinto,1.0,1.0,Ambato,Ecuador,Estadio Universidad Indoamérica Bellavista,,,,LigaPro Serie A,,20251109_Técnico-Universitario_Vinotinto,47.38608409738276,0.05,0.77,3,1,7,4,53.9,46.1,2,0,0,0,5,3
2025-11-09 20:30:00,El Nacional,Emelec,2.0,1.0,Latacunga,Ecuador,Estadio La Cocha,,,,LigaPro Serie A,,20251109_El-Nacional_Emelec,-50.23055373299189,1.17,1.07,4,3,8,6,48.3,51.7,1,5,0,0,6,2
2025-11-09 23:00:00,Orense,Barcelona SC,1.0,2.0,Machala,Ecuador,9 de Mayo,,,,LigaPro Serie A,,20251109_Orense_Barcelona-SC,-62.87589739931582,0.81,0.94,1,5,3,11,43.2,56.8,3,3,0,0,3,3
2025-11-11 00:00:00,Aucas,Delfín,8.0,0.0,Quito,Ecuador,Estadio Cooprogreso Gonzalo Pozo Ripalda,,,,LigaPro Serie A,,20251111_Aucas_Delfín,59.63958380831741,3.03,1.22,10,3,20,6,54.0,46.0,1,1,0,0,9,7
2025-11-21 21:30:00,Universidad Católica (Quito),Libertad (Ecuador),1.0,1.0,Quito,Ecuador,Estadio Olímpico Atahualpa,,,,LigaPro Serie A,,20251121_Universidad-Católica-(Quito)_Libertad-(Ecuador),79.8645476087795,1.75,0.73,5,2,11,2,55.4,44.6,1,2,0,0,8,4
2025-11-22 00:00:00,Deportivo Cuenca,El Nacional,5.0,0.0,Cuenca,Ecuador,Banco del Austro Alejandro Serrano Aguil,,,,LigaPro Serie A,,20251122_Deportivo-Cuenca_El-Nacional,-14.05688624272807,1.19,1.81,5,6,12,11,52.0,48.0,1,2,0,0,10,4
2025-11-22 19:00:00,Manta F.C.,Vinotinto,3.0,1.0,Manta,Ecuador,Estadio Jocay,,,,LigaPro Serie A,,20251122_Manta-F.C._Vinotinto,19.720971884235496,1.25,1.41,3,4,7,9,47.9,52.1,2,1,0,0,4,3
2025-11-22 19:00:00,Mushuc Runa,Técnico Universitario,1.0,0.0,Ambato,Ecuador,Estadio COAC Mushuc Runa,,,,LigaPro Serie A,,20251122_Mushuc-Runa_Técnico-Universitario,-10.451264413602757,1.24,1.12,3,5,5,11,48.9,51.1,1,0,0,0,4,6
2025-11-23 00:00:00,Emelec,Aucas,0.0,2.0,Quito,Ecuador,Estadio George Capwell Banco del Austro,,,,LigaPro Serie A,,20251123_Emelec_Aucas,-7.022182896708728,1.21,0.49,4,2,9,4,43.6,56.4,0,2,0,0,6,3
2025-11-23 18:00:00,Macará,Delfín,3.0,0.0,Ambato,Ecuador,Estadio Bellavista,,,,LigaPro Serie A,,20251123_Macará_Delfín,72.12752195199369,1.76,0.51,4,3,9,8,51.6,48.4,3,3,0,0,4,6
2025-11-23 20:30:00,Barcelona SC,Liga de Quito,2.0,2.0,Quito,Ecuador,Estadio Banco Pichincha,,,,LigaPro Serie A,,20251123_Barcelona-SC_Liga-de-Quito,-44.86570897788465,2.39,0.96,7,4,17,10,51.1,48.9,0,1,0,0,6,2
2025-11-23 23:00:00,Independiente del Valle,Orense,0.0,0.0,Quito,Ecuador,Estadio Banco Guayaquil,,,,LigaPro Serie A,,20251123_Independiente-del-Valle_Orense,177.04380030535913,0.57,0.28,2,3,5,5,59.1,40.9,2,3,0,0,4,2
2025-11-29 00:00:00,Liga de Quito,Independiente del Valle,2.0,1.0,Quito,Ecuador,Rodrigo Paz Delgado,,,,LigaPro Serie A,,20251129_Liga-de-Quito_Independiente-del-Valle,-45.50440549385962,1.98,0.72,5,3,12,4,45.6,54.4,1,2,0,0,6,4
2025-11-29 19:00:00,Técnico Universitario,Manta F.C.,2.0,3.0,Ambato,Ecuador,Estadio Bellavista,,,,LigaPro Serie A,,20251129_Técnico-Universitario_Manta-F.C.,0.7314866434903706,1.35,1.51,4,3,9,9,50.0,50.0,3,2,0,0,6,2
2025-11-29 19:00:00,Vinotinto,Mushuc Runa,0.0,0.0,Quito,Ecuador,Estadio Gonzalo Pozo Ripalda,,,,LigaPro Serie A,,20251129_Vinotinto_Mushuc-Runa,-57.36210887097309,1.2,1.08,2,3,4,7,45.9,54.1,2,2,0,0,5,5
2025-11-29 21:30:00,Universidad Católica (Quito),Orense,0.0,0.0,Quito,Ecuador,Estadio Olímpico Atahualpa,,,,LigaPro Serie A,,20251129_Universidad-Católica-(Quito)_Orense,67.014732416382,0.86,1.03,1,4,1,10,55.6,44.4,1,1,0,0,1,7
2025-11-30 00:00:00,Libertad (Ecuador),Barcelona SC,1.0,1.0,Loja,Ecuador,Estadio Federativo Reina del Cisne,,,,LigaPro Serie A,,20251130_Libertad-(Ecuador)_Barcelona-SC,-85.91321378868065,0.47,1.91,1,7,4,15,50.4,49.6,0,1,0,0,4,5
2025-11-30 18:00:00,Aucas,Deportivo Cuenca,2.0,1.0,Quito,Ecuador,Estadio Gonzalo Pozo Ripalda,,,,LigaPro Serie A,,20251130_Aucas_Deportivo-Cuenca,43.136046472809994,1.67,0.86,6,3,15,4,52.1,47.9,1,2,0,0,5,1
2025-11-30 20:30:00,Macará,El Nacional,2.0,0.0,Ambato,Ecuador,Estadio Bellavista,,,,LigaPro Serie A,,20251130_Macará_El-Nacional,44.40383788096756,1.29,0.05,3,0,7,0,54.7,45.3,0,1,0,0,4,2
2025-11-30 23:00:00,Delfín,Emelec,0.0,1.0,Manta,Ecuador,Estadio Jocay,,,,LigaPro Serie A,,20251130_Delfín_Emelec,-70.32412737923005,0.81,1.33,3,5,7,10,50.4,49.6,1,1,0,0,2,7
2025-12-06 00:00:00,Deportivo Cuenca,Delfín,0.0,0.0,Cuenca,Ecuador,Banco del Austro Alejandro Serrano Aguil,,,,LigaPro Serie A,,20251206_Deportivo-Cuenca_Delfín,56.81123890377921,1.65,0.95,5,2,10,6,53.0,47.0,2,2,0,0,8,2
2025-12-06 22:00:00,Independiente del Valle,Libertad (Ecuador),1.0,1.0,Quito,Ecuador,Estadio Banco Guayaquil,,,,LigaPro Serie A,,20251206_Independiente-del-Valle_Libertad-(Ecuador),156.7301866009866,0.66,1.45,3,4,5,5,52.8,47.2,2,2,0,0,4,3
2025-12-06 22:00:00,Orense,Liga de Quito,2.0,1.0,Machala,Ecuador,Estadio 9 de Mayo,,,,LigaPro Serie A,,20251206_Orense_Liga-de-Quito,-131.54511378102256,1.44,1.75,7,5,14,9,53.7,46.3,0,2,0,0,9,4
2025-12-07 19:00:00,El Nacional,Aucas,3.0,1.0,Latacunga,Ecuador,Estadio La Cocha,,,,LigaPro Serie A,,20251207_El-Nacional_Aucas,-75.04202991368811,1.28,0.62,4,1,9,1,45.7,54.3,0,1,0,0,5,3
2025-12-07 21:30:00,Barcelona SC,Universidad Católica (Quito),1.0,1.0,Quito,Ecuador,Estadio Banco Pichincha,,,,LigaPro Serie A,,20251207_Barcelona-SC_Universidad-Católica-(Quito),10.848378329191291,0.41,0.84,2,3,5,6,55.5,44.5,0,5,0,0,4,5
2025-12-09 00:00:00,Emelec,Macará,0.0,2.0,Quito,Ecuador,Estadio George Capwell Banco del Austro,,,,LigaPro Serie A,,20251209_Emelec_Macará,-21.762281039790878,1.21,1.56,6,6,16,14,40.1,59.9,3,1,0,0,10,5
2025-12-10 22:00:00,Independiente del Valle,Liga de Quito,0.0,0.0,Quito,Ecuador,Estadio Banco Guayaquil,,,,LigaPro Serie A,,20251210_Independiente-del-Valle_Liga-de-Quito,29.643305877184957,0.71,1.82,3,6,8,12,48.1,51.9,2,1,0,0,5,6
2025-12-13 20:30:00,Delfín,Aucas,0.0,1.0,Manta,Ecuador,Estadio Jocay,,,,LigaPro Serie A,,20251213_Delfín_Aucas,-104.48558797020246,0.65,2.19,1,7,0,16,45.4,54.6,0,3,0,0,3,3
2025-12-13 20:30:00,Macará,Deportivo Cuenca,0.0,1.0,Ambato,Ecuador,Estadio Bellavista,,,,LigaPro Serie A,,20251213_Macará_Deportivo-Cuenca,67.67684877904708,0.43,1.05,3,1,7,1,49.6,50.4,3,2,0,0,4,1
2025-12-14 21:30:00,Barcelona SC,Orense,2.0,1.0,Quito,Ecuador,Estadio Banco Pichincha,,,,LigaPro Serie A,,20251214_Barcelona-SC_Orense,56.577823558961654,1.53,1.05,2,5,3,12,47.9,52.1,2,1,0,0,5,4
2025-12-14 21:30:00,Libertad (Ecuador),Liga de Quito,2.0,1.0,Loja,Ecuador,Estadio Federativo Reina del Cisne,,,,LigaPro Serie A,,20251214_Libertad-(Ecuador)_Liga-de-Quito,-117.96086707653535,0.48,1.22,2,6,5,14,47.8,52.2,1,2,1,0,2,14
2025-12-14 21:30:00,Universidad Católica (Quito),Independiente del Valle,0.0,1.0,Quito,Ecuador,Estadio Olímpico Atahualpa,,,,LigaPro Serie A,,20251214_Universidad-Católica-(Quito)_Independiente-del-Valle,-81.01232699964089,1.31,1.15,4,2,9,4,47.2,52.8,2,2,0,0,5,3
2025-12-16 00:00:00,Emelec,El Nacional,5.0,0.0,Quito,Ecuador,Estadio George Capwell Banco del Austro,,,,LigaPro Serie A,,20251216_Emelec_El-Nacional,17.789207762833257,1.63,1.1,6,1,14,2,49.2,50.8,2,1,0,0,9,0
2025-12-19 21:00:00,El Nacional,Delfín,0.0,3.0,Latacunga,Ecuador,Estadio La Cocha,,,,LigaPro Serie A,,20251219_El-Nacional_Delfín,55.658219947878706,1.78,0.69,7,3,15,6,49.5,50.5,0,3,0,1,6,5
2025-12-20 21:30:00,Aucas,Macará,0.0,2.0,Quito,Ecuador,Estadio Gonzalo Pozo Ripalda,,,,LigaPro Serie A,,20251220_Aucas_Macará,6.691822746974822,0.78,1.25,2,4,4,9,53.5,46.5,0,0,0,0,5,8
2025-12-20 21:30:00,Deportivo Cuenca,Emelec,5.0,1.0,Cuenca,Ecuador,Banco del Austro Alejandro Serrano Aguil,,,,LigaPro Serie A,,20251220_Deportivo-Cuenca_Emelec,-20.493654994433427,2.39,0.65,6,4,12,9,51.7,48.3,0,1,0,0,5,9
2025-12-21 21:30:00,Independiente del Valle,Barcelona SC,1.0,0.0,Quito,Ecuador,Estadio Banco Guayaquil,,,,LigaPro Serie A,,20251221_Independiente-del-Valle_Barcelona-SC,70.10168531878867,0.76,0.17,5,2,12,7,50.1,49.9,1,1,0,0,4,1
2025-12-21 21:30:00,Liga de Quito,Universidad Católica (Quito),2.0,0.0,Quito,Ecuador,Rodrigo Paz Delgado,,,,LigaPro Serie A,,20251221_Liga-de-Quito_Universidad-Católica-(Quito),46.73874637187282,1.79,1.15,8,3,18,4,59.4,40.6,1,1,0,0,9,5
2025-12-21 21:30:00,Orense,Libertad (Ecuador),3.0,2.0,Machala,Ecuador,Estadio 9 de Mayo,,,,LigaPro Serie A,,20251221_Orense_Libertad-(Ecuador),-7.917002573570699,1.51,0.88,5,4,12,11,55.0,45.0,2,2,0,0,4,7
2026-02-21 00:00:00,Orense,Liga de Quito,1.0,2.0,Machala,Ecuador,Estadio 9 de Mayo,,,,LigaPro Serie A,,20260221_Orense_Liga-de-Quito,-92.15069954125124,0.05,0.1,1,2,2,5,41.8,58.2,0,0,0,0,1,4
2026-02-21 19:00:00,Aucas,Mushuc Runa,1.0,1.0,Quito,Ecuador,Estadio Gonzalo Pozo Ripalda,,,,LigaPro Serie A,,20260221_Aucas_Mushuc-Runa,88.89576049911602,0.91,1.21,2,6,4,15,55.2,44.8,0,1,0,0,1,8
2026-02-21 21:30:00,Barcelona SC,Técnico Universitario,1.0,0.0,Quito,Ecuador,Estadio Banco Pichincha,,,,LigaPro Serie A,,20260221_Barcelona-SC_Técnico-Universitario,184.69682049070707,1.24,0.14,6,0,14,2,56.1,43.9,2,1,0,0,7,4
2026-02-22 18:00:00,Macará,Leones,0.0,0.0,Latacunga,Ecuador,Estadio La Cocha,,,,LigaPro Serie A,,20260222_Macará_Leones,69.13352304981754,0.74,1.39,3,5,7,12,53.3,46.7,2,0,0,0,2,6
2026-02-22 20:30:00,Delfín,Deportivo Cuenca,1.0,0.0,Manta,Ecuador,Estadio Jocay,,,,LigaPro Serie A,,20260222_Delfín_Deportivo-Cuenca,-74.526927263571,1.52,1.17,4,3,7,5,42.2,57.8,0,2,0,0,2,6
2026-02-22 23:00:00,Independiente del Valle,Guayaquil City FC,2.0,0.0,Quito,Ecuador,Estadio Banco Guayaquil,,,,LigaPro Serie A,,20260222_Independiente-del-Valle_Guayaquil-City-FC,311.812684841806,0.77,0.05,4,0,8,0,60.3,39.7,3,2,0,0,3,2
2026-02-24 00:30:00,Libertad (Ecuador),Manta F.C.,1.0,0.0,Loja,Ecuador,Estadio Federativo Reina del Cisne,,,,LigaPro Serie A,,20260224_Libertad-(Ecuador)_Manta-F.C.,89.92873794436969,0.97,0.62,3,1,6,2,53.2,46.8,2,3,0,0,4,2
2026-02-28 00:30:00,Técnico Universitario,Orense,1.0,1.0,Ambato,Ecuador,Estadio Bellavista,,,,LigaPro Serie A,,20260228_Técnico-Universitario_Orense,-127.1485115656078,0.97,2.01,3,6,8,14,41.8,58.2,3,3,1,0,7,7
2026-02-28 19:00:00,Leones,Libertad (Ecuador),1.0,1.0,Ibarra,Ecuador,Estadio Olímpico de Ibarra,,,,LigaPro Serie A,,20260228_Leones_Libertad-(Ecuador),-57.98760835482062,0.72,0.43,1,2,4,7,47.5,52.5,3,1,1,0,5,4
2026-02-28 21:30:00,Guayaquil City FC,Aucas,1.0,1.0,Quito,Ecuador,Estadio Christian Benítez Betancourt,,,,LigaPro Serie A,,20260228_Guayaquil-City-FC_Aucas,-151.43423430513099,0.92,0.93,3,3,7,6,45.9,54.1,3,1,0,0,4,8
2026-03-01 00:00:00,Emelec,Delfín,1.0,1.0,Quito,Ecuador,Estadio George Capwell Banco del Austro,,,,LigaPro Serie A,,20260301_Emelec_Delfín,55.07126800140918,0.23,0.41,1,1,2,1,47.7,52.3,1,2,0,0,8,0
2026-03-01 17:00:00,Liga de Quito,Macará,0.0,2.0,Quito,Ecuador,Rodrigo Paz Delgado,,,,LigaPro Serie A,,20260301_Liga-de-Quito_Macará,102.27639747250214,0.68,0.83,3,3,5,8,54.9,45.1,0,3,0,0,2,11
2026-03-01 19:30:00,Mushuc Runa,Universidad Católica (Quito),0.0,0.0,Latacunga,Ecuador,Estadio La Cocha,,,,LigaPro Serie A,,20260301_Mushuc-Runa_Universidad-Católica-(Quito),-127.16140597418394,1.01,1.69,5,6,11,12,44.2,55.8,0,0,0,0,5,9
2026-03-01 22:00:00,Deportivo Cuenca,Barcelona SC,2.0,1.0,Cuenca,Ecuador,Banco del Austro Alejandro Serrano Aguil,,,,LigaPro Serie A,,20260301_Deportivo-Cuenca_Barcelona-SC,-112.97866061030595,0.72,0.96,2,2,5,4,44.4,55.6,1,0,0,0,2,1
2026-03-03 00:30:00,Manta F.C.,Independiente del Valle,0.0,2.0,Manta,Ecuador,Estadio Jocay,,,,LigaPro Serie A,,20260303_Manta-F.C._Independiente-del-Valle,-263.08243695477404,0.2,2.22,2,6,4,13,46.0,54.0,1,2,0,0,2,4
2026-03-07 00:30:00,Delfín,Guayaquil City FC,1.0,0.0,Manta,Ecuador,Estadio Jocay,,,,LigaPro Serie A,,20260307_Delfín_Guayaquil-City-FC,70.59762142441446,1.66,0.52,4,1,8,2,55.7,44.3,3,2,1,0,5,5
2026-03-07 21:30:00,Barcelona SC,Emelec,1.0,0.0,Quito,Ecuador,Estadio Banco Pichincha,,,,LigaPro Serie A,,20260307_Barcelona-SC_Emelec,89.47985396817467,1.65,0.64,6,3,15,6,57.0,43.0,1,2,0,0,11,4
2026-03-07 21:30:00,Independiente del Valle,Mushuc Runa,3.0,1.0,Quito,Ecuador,Estadio Banco Guayaquil,,,,LigaPro Serie A,,20260307_Independiente-del-Valle_Mushuc-Runa,250.22353572301972,2.11,1.38,5,3,9,7,56.0,44.0,0,3,0,0,4,4
2026-03-08 00:00:00,Libertad (Ecuador),Liga de Quito,2.0,1.0,Loja,Ecuador,Estadio Federativo Reina del Cisne,,,,LigaPro Serie A,,20260308_Libertad-(Ecuador)_Liga-de-Quito,-95.25933165398828,2.26,0.73,5,2,11,5,53.0,47.0,1,0,0,0,6,1
2026-03-08 16:00:00,Aucas,Deportivo Cuenca,0.0,1.0,Quito,Ecuador,Estadio Gonzalo Pozo Ripalda,,,,LigaPro Serie A,,20260308_Aucas_Deportivo-Cuenca,11.651407124225443,0.97,0.54,2,1,3,4,60.4,39.6,3,2,0,0,2,4
2026-03-08 18:30:00,Macará,Técnico Universitario,1.0,1.0,Ambato,Ecuador,Estadio Bellavista,,,,LigaPro Serie A,,20260308_Macará_Técnico-Universitario,146.03086705462147,1.9,0.45,8,2,17,6,55.4,44.6,1,2,0,0,5,3
2026-03-08 21:00:00,Universidad Católica (Quito),Leones,3.0,0.0,Quito,Ecuador,Estadio Gonzalo Pozo Ripalda,,,,LigaPro Serie A,,20260308_Universidad-Católica-(Quito)_Leones,84.08680377378118,1.68,0.83,6,2,14,3,55.9,44.1,4,3,0,0,10,9
2026-03-10 00:30:00,Orense,Manta F.C.,1.0,1.0,Machala,Ecuador,Estadio 9 de Mayo,,,,LigaPro Serie A,,20260310_Orense_Manta-F.C.,106.75158651090305,0.51,1.84,2,7,5,16,56.8,43.2,1,3,0,0,4,6
2026-03-13 21:30:00,Técnico Universitario,Libertad (Ecuador),2.0,1.0,Ambato,Ecuador,Estadio Bellavista,,,,LigaPro Serie A,,20260313_Técnico-Universitario_Libertad-(Ecuador),-132.62396965592575,1.31,0.61,6,3,13,5,45.1,54.9,3,3,0,0,12,0
2026-03-14 00:00:00,Deportivo Cuenca,Leones,1.0,1.0,Cuenca,Ecuador,Banco del Austro Alejandro Serrano Aguil,,,,LigaPro Serie A,,20260314_Deportivo-Cuenca_Leones,48.99640393378036,0.25,0.49,1,2,2,5,51.9,48.1,1,2,0,0,4,4
2026-03-14 19:00:00,Independiente del Valle,Aucas,2.0,2.0,Quito,Ecuador,Estadio Banco Guayaquil,,,,LigaPro Serie A,,20260314_Independiente-del-Valle_Aucas,193.46412729635176,2.72,0.69,6,3,13,6,56.9,43.1,1,0,0,0,4,1
2026-03-14 21:30:00,Delfín,Manta F.C.,0.0,1.0,Manta,Ecuador,Estadio Jocay,,,,LigaPro Serie A,,20260314_Delfín_Manta-F.C.,30.29761611690924,0.69,0.46,1,2,1,3,54.5,45.5,2,2,0,0,1,5
2026-03-15 00:00:00,Liga de Quito,Universidad Católica (Quito),1.0,1.0,Quito,Ecuador,Rodrigo Paz Delgado,,,,LigaPro Serie A,,20260315_Liga-de-Quito_Universidad-Católica-(Quito),40.83002405826005,1.18,1.16,4,4,9,7,55.6,44.4,0,1,0,0,7,5
2026-03-15 18:00:00,Mushuc Runa,Macará,0.0,0.0,Ambato,Ecuador,Estadio COAC Mushuc Runa,,,,LigaPro Serie A,,20260315_Mushuc-Runa_Macará,-112.36162422306461,1.0,1.42,1,5,0,12,52.0,48.0,1,1,0,0,6,12
2026-03-15 20:30:00,Emelec,Orense,2.0,1.0,Quito,Ecuador,Estadio George Capwell Banco del Austro,,,,LigaPro Serie A,,20260315_Emelec_Orense,-36.57552213838744,1.42,0.65,5,2,11,3,46.3,53.7,2,3,0,1,7,3
2026-03-15 23:15:00,Guayaquil City FC,Barcelona SC,0.0,0.0,Quito,Ecuador,Estadio Christian Benítez Betancourt,,,,LigaPro Serie A,,20260315_Guayaquil-City-FC_Barcelona-SC,-229.94679608878096,1.08,1.76,3,5,8,12,49.7,50.3,0,0,0,0,8,3
2026-03-17 21:30:00,Universidad Católica (Quito),Deportivo Cuenca,1.0,0.0,Quito,Ecuador,Estadio Olímpico Atahualpa,,,,LigaPro Serie A,,20260317_Universidad-Católica-(Quito)_Deportivo-Cuenca,56.477612173804346,0.17,1.36,1,4,3,9,50.0,50.0,0,1,0,0,3,4
2026-03-18 00:00:00,Leones,Liga de Quito,0.0,2.0,Ibarra,Ecuador,Estadio Olímpico de Ibarra,,,,LigaPro Serie A,,20260318_Leones_Liga-de-Quito,-140.13422262093786,0.79,2.07,3,6,7,13,44.6,55.4,1,1,0,0,6,7
2026-03-18 19:00:00,Macará,Delfín,1.0,0.0,Ambato,Ecuador,Estadio Bellavista,,,,LigaPro Serie A,,20260318_Macará_Delfín,104.69852120542214,2.5,0.71,9,2,20,5,57.8,42.2,1,3,0,0,10,3
2026-03-18 21:30:00,Manta F.C.,Guayaquil City FC,0.0,1.0,Manta,Ecuador,Estadio Jocay,,,,LigaPro Serie A,,20260318_Manta-F.C._Guayaquil-City-FC,65.57807983766747,0.87,0.05,2,1,5,1,53.5,46.5,3,2,0,0,2,1
2026-03-19 00:00:00,Libertad (Ecuador),Barcelona SC,0.0,0.0,Loja,Ecuador,Estadio Federativo Reina del Cisne,,,,LigaPro Serie A,,20260319_Libertad-(Ecuador)_Barcelona-SC,-58.04384559811115,0.39,1.04,2,2,4,6,42.4,57.6,2,1,0,0,0,4
2026-03-19 19:00:00,Aucas,Técnico Universitario,0.0,1.0,Quito,Ecuador,Estadio Gonzalo Pozo Ripalda,,,,LigaPro Serie A,,20260319_Aucas_Técnico-Universitario,79.7842981176068,0.05,0.51,0,1,0,1,52.8,47.2,4,1,0,0,4,4
2026-03-19 21:30:00,Orense,Mushuc Runa,3.0,2.0,Machala,Ecuador,Estadio 9 de Mayo,,,,LigaPro Serie A,,20260319_Orense_Mushuc-Runa,69.24978857758924,0.55,0.63,3,2,6,4,56.0,44.0,1,0,0,0,4,0
2026-03-20 00:00:00,Emelec,Independiente del Valle,2.0,0.0,Quito,Ecuador,Estadio George Capwell Banco del Austro,,,,LigaPro Serie A,,20260320_Emelec_Independiente-del-Valle,-190.40473398675067,0.48,0.39,3,1,7,4,36.3,63.7,0,1,0,0,3,5
2026-03-21 19:00:00,Delfín,Libertad (Ecuador),0.0,0.0,Manta,Ecuador,Estadio Jocay,,,,LigaPro Serie A,,20260321_Delfín_Libertad-(Ecuador),-98.68055557224375,0.57,0.13,1,0,0,1,36.4,63.6,0,3,0,0,1,2
2026-03-21 21:30:00,Deportivo Cuenca,Macará,1.0,1.0,Cuenca,Ecuador,Banco del Austro Alejandro Serrano Aguil,,,,LigaPro Serie A,,20260321_Deportivo-Cuenca_Macará,-49.743870035898,0.5,1.74,2,5,5,11,51.0,49.0,0,2,0,0,6,3
2026-03-22 00:00:00,Liga de Quito,Manta F.C.,1.0,0.0,Quito,Ecuador,Rodrigo Paz Delgado,,,,LigaPro Serie A,,20260322_Liga-de-Quito_Manta-F.C.,193.86542523701814,0.47,0.05,1,0,2,0,57.2,42.8,0,0,0,0,3,3
2026-03-22 18:00:00,Técnico Universitario,Independiente del Valle,1.0,2.0,Ambato,Ecuador,Estadio Bellavista,,,,LigaPro Serie A,,20260322_Técnico-Universitario_Independiente-del-Valle,-228.41671406355294,1.52,1.25,4,3,10,6,41.3,58.7,6,2,0,0,10,5
2026-03-22 20:30:00,Barcelona SC,Universidad Católica (Quito),1.0,1.0,Quito,Ecuador,Estadio Banco Pichincha,,,,LigaPro Serie A,,20260322_Barcelona-SC_Universidad-Católica-(Quito),4.207898872123906,1.86,0.35,6,1,14,2,50.1,49.9,0,0,0,0,6,2
2026-03-22 23:15:00,Mushuc Runa,Emelec,2.0,0.0,Latacunga,Ecuador,Estadio La Cocha,,,,LigaPro Serie A,,20260322_Mushuc-Runa_Emelec,-86.81939399866383,1.19,1.37,3,4,6,7,48.4,51.6,2,0,0,0,3,3
2026-03-23 21:30:00,Guayaquil City FC,Leones,0.0,0.0,Quito,Ecuador,Estadio Christian Benítez Betancourt,,,,LigaPro Serie A,,20260323_Guayaquil-City-FC_Leones,-76.01959822550748,1.49,0.55,5,2,10,6,42.6,57.4,1,0,0,0,2,1
2026-03-24 00:00:00,Aucas,Orense,3.0,2.0,Quito,Ecuador,Estadio Gonzalo Pozo Ripalda,,,,LigaPro Serie A,,20260324_Aucas_Orense,-25.330249013634784,1.05,1.22,3,3,6,5,48.1,51.9,2,3,0,0,2,4
2026-04-04 00:00:00,Liga de Quito,Barcelona SC,0.0,2.0,Quito,Ecuador,Rodrigo Paz Delgado,,,,LigaPro Serie A,,20260404_Liga-de-Quito_Barcelona-SC,37.222158177675965,0.13,1.04,1,4,5,9,51.7,48.3,3,1,0,0,4,6
2026-04-04 19:00:00,Independiente del Valle,Orense,2.0,0.0,Quito,Ecuador,Estadio Banco Guayaquil,,,,LigaPro Serie A,,20260404_Independiente-del-Valle_Orense,170.6720682241155,1.39,1.19,3,4,5,10,59.9,40.1,1,1,0,0,4,11
2026-04-04 21:30:00,Universidad Católica (Quito),Guayaquil City FC,4.0,1.0,Quito,Ecuador,Estadio Olímpico Atahualpa,,,,LigaPro Serie A,,20260404_Universidad-Católica-(Quito)_Guayaquil-City-FC,193.1648494568658,1.8,2.15,8,6,16,13,52.5,47.5,2,2,1,0,8,3
2026-04-05 00:00:00,Emelec,Deportivo Cuenca,0.0,2.0,Quito,Ecuador,Estadio George Capwell Banco del Austro,,,,LigaPro Serie A,,20260405_Emelec_Deportivo-Cuenca,-3.0694606312915766,1.38,0.18,5,2,10,3,55.1,44.9,6,2,1,0,9,7
2026-04-05 18:00:00,Leones,Delfín,1.0,0.0,Ibarra,Ecuador,Estadio Olímpico de Ibarra,,,,LigaPro Serie A,,20260405_Leones_Delfín,23.055401604784947,0.9,0.67,3,0,6,1,43.3,56.7,2,1,0,0,2,2
2026-04-05 20:30:00,Manta F.C.,Técnico Universitario,0.0,2.0,Manta,Ecuador,Estadio Jocay,,,,LigaPro Serie A,,20260405_Manta-F.C._Técnico-Universitario,-22.32040430288589,1.01,0.52,5,2,13,4,49.7,50.3,2,3,0,1,7,2
2026-04-05 23:10:00,Macará,Aucas,0.0,1.0,Ambato,Ecuador,Estadio Bellavista,,,,LigaPro Serie A,,20260405_Macará_Aucas,45.21046844553871,1.6,0.81,5,1,12,2,56.1,43.9,2,0,0,0,5,1
2026-04-07 00:00:00,Libertad (Ecuador),Mushuc Runa,2.0,2.0,Loja,Ecuador,Estadio Federativo Reina del Cisne,,,,LigaPro Serie A,,20260407_Libertad-(Ecuador)_Mushuc-Runa,81.73437454446412,2.15,0.85,7,2,15,4,52.8,47.2,2,1,0,0,5,2
2026-04-09 00:00:00,Universidad Católica (Quito),Emelec,1.0,1.0,Quito,Ecuador,Estadio Olímpico Atahualpa,,,,LigaPro Serie A,,20260409_Universidad-Católica-(Quito)_Emelec,95.95280668739474,0.05,0.87,1,2,1,3,51.0,49.0,1,0,0,0,3,3
2026-04-11 00:00:00,Barcelona SC,Leones,2.0,1.0,Quito,Ecuador,Estadio Banco Pichincha,,,,LigaPro Serie A,,20260411_Barcelona-SC_Leones,128.30736529965748,0.8,1.17,2,5,5,13,59.6,40.4,0,3,0,0,3,8
2026-04-11 00:00:00,Delfín,Liga de Quito,1.0,0.0,Manta,Ecuador,Estadio Jocay,,,,LigaPro Serie A,,20260411_Delfín_Liga-de-Quito,-184.43322458548892,0.86,1.06,3,2,5,3,43.4,56.6,1,1,0,0,3,2
2026-04-11 19:00:00,Mushuc Runa,Manta F.C.,1.0,0.0,Ambato,Ecuador,Estadio COAC Mushuc Runa,,,,LigaPro Serie A,,20260411_Mushuc-Runa_Manta-F.C.,43.510065074868635,0.57,1.46,1,3,4,8,53.7,46.3,1,3,0,0,5,1
2026-04-12 00:00:00,Orense,Libertad (Ecuador),2.0,1.0,Machala,Ecuador,Estadio 9 de Mayo,,,,LigaPro Serie A,,20260412_Orense_Libertad-(Ecuador),-24.78251061641049,1.82,1.13,6,3,14,5,53.5,46.5,1,2,0,0,12,6
2026-04-12 17:00:00,Técnico Universitario,Universidad Católica (Quito),0.0,2.0,Ambato,Ecuador,Estadio Bellavista,,,,LigaPro Serie A,,20260412_Técnico-Universitario_Universidad-Católica-(Quito),-133.72772898123367,0.05,1.41,0,5,1,10,45.7,54.3,1,1,0,0,2,4
2026-04-12 18:00:00,Deportivo Cuenca,Independiente del Valle,2.0,3.0,Cuenca,Ecuador,Banco del Austro Alejandro Serrano Aguil,,,,LigaPro Serie A,,20260412_Deportivo-Cuenca_Independiente-del-Valle,-166.0198363818597,0.82,0.83,2,3,6,6,46.9,53.1,1,4,0,0,5,5
2026-04-12 20:30:00,Guayaquil City FC,Macará,2.0,1.0,Quito,Ecuador,Estadio Christian Benítez Betancourt,,,,LigaPro Serie A,,20260412_Guayaquil-City-FC_Macará,-156.8340991967193,1.14,0.77,4,2,11,5,48.3,51.7,3,1,0,0,6,5
2026-04-12 23:10:00,Aucas,Emelec,2.0,0.0,Quito,Ecuador,Estadio Gonzalo Pozo Ripalda,,,,LigaPro Serie A,,20260412_Aucas_Emelec,26.40438472822416,1.11,0.96,6,4,11,9,50.8,49.2,1,4,0,0,7,12
2026-04-17 22:00:00,Leones,Aucas,0.0,1.0,Ibarra,Ecuador,Estadio Olímpico de Ibarra,,,,LigaPro Serie A,,20260417_Leones_Aucas,-69.58275894871963,1.05,1.13,4,5,9,11,49.1,50.9,2,1,0,0,6,6
2026-04-18 00:30:00,Emelec,Guayaquil City FC,1.0,3.0,Quito,Ecuador,Estadio George Capwell Banco del Austro,,,,LigaPro Serie A,,20260418_Emelec_Guayaquil-City-FC,84.15835227073012,0.54,2.08,1,6,0,13,50.7,49.3,0,1,0,0,1,5
2026-04-18 19:00:00,Mushuc Runa,Técnico Universitario,1.0,0.0,Ambato,Ecuador,Estadio COAC Mushuc Runa,,,,LigaPro Serie A,,20260418_Mushuc-Runa_Técnico-Universitario,16.830948457645718,0.69,0.95,1,1,0,2,49.9,50.1,1,2,0,0,2,2
2026-04-18 21:30:00,Universidad Católica (Quito),Libertad (Ecuador),2.0,0.0,Quito,Ecuador,Estadio Gonzalo Pozo Ripalda,,,,LigaPro Serie A,,20260418_Universidad-Católica-(Quito)_Libertad-(Ecuador),79.25913547666642,1.53,0.29,6,1,13,3,57.1,42.9,2,1,0,0,6,1
2026-04-19 00:00:00,Orense,Delfín,0.0,0.0,Machala,Ecuador,Estadio 9 de Mayo,,,,LigaPro Serie A,,20260419_Orense_Delfín,70.71403189757825,1.65,0.93,6,3,14,5,58.1,41.9,2,1,0,0,11,4
2026-04-19 18:00:00,Manta F.C.,Deportivo Cuenca,0.0,1.0,Manta,Ecuador,Estadio Jocay,,,,LigaPro Serie A,,20260419_Manta-F.C._Deportivo-Cuenca,-116.48457031064368,0.57,0.36,2,2,4,6,43.2,56.8,2,0,0,0,5,5
2026-04-19 20:30:00,Independiente del Valle,Liga de Quito,0.0,2.0,Quito,Ecuador,Estadio Banco Guayaquil,,,,LigaPro Serie A,,20260419_Independiente-del-Valle_Liga-de-Quito,99.50408441503328,0.15,1.28,0,5,0,10,51.2,48.8,2,0,1,0,4,5
2026-04-19 23:10:00,Macará,Barcelona SC,3.0,1.0,Ambato,Ecuador,Estadio Bellavista,,,,LigaPro Serie A,,20260419_Macará_Barcelona-SC,-84.30500477865189,1.81,1.17,5,4,10,10,51.7,48.3,2,3,0,0,7,9
2026-04-21 22:00:00,Libertad (Ecuador),Guayaquil City FC,0.0,1.0,Loja,Ecuador,Estadio Federativo Reina del Cisne,,,,LigaPro Serie A,,20260421_Libertad-(Ecuador)_Guayaquil-City-FC,88.9135006162719,1.07,0.65,3,3,8,6,53.1,46.9,0,0,0,0,4,3
2026-04-22 00:30:00,Técnico Universitario,Emelec,0.0,1.0,Ambato,Ecuador,Estadio Bellavista,,,,LigaPro Serie A,,20260422_Técnico-Universitario_Emelec,-37.31430010396798,0.46,1.02,1,4,1,8,46.2,53.8,1,4,0,0,1,7
2026-04-22 16:00:00,Leones,Manta F.C.,3.0,0.0,Ibarra,Ecuador,Estadio Olímpico de Ibarra,,,,LigaPro Serie A,,20260422_Leones_Manta-F.C.,65.92939284334693,0.91,1.31,3,4,5,6,52.3,47.7,4,2,0,0,6,6
2026-04-22 18:00:00,Delfín,Independiente del Valle,0.0,1.0,Manta,Ecuador,Estadio Jocay,,,,LigaPro Serie A,,20260422_Delfín_Independiente-del-Valle,-230.51776127455446,0.05,1.36,0,3,2,7,41.0,59.0,3,0,0,0,5,6
2026-04-22 20:30:00,Deportivo Cuenca,Orense,1.0,3.0,Cuenca,Ecuador,Banco del Austro Alejandro Serrano Aguil,,,,LigaPro Serie A,,20260422_Deportivo-Cuenca_Orense,8.737448180394267,0.08,1.75,1,6,1,13,50.2,49.8,0,4,0,0,0,2
2026-04-22 23:00:00,Barcelona SC,Mushuc Runa,2.0,1.0,Quito,Ecuador,Estadio Banco Pichincha,,,,LigaPro Serie A,,20260422_Barcelona-SC_Mushuc-Runa,120.46778258903896,0.33,1.23,2,2,4,6,43.6,56.4,2,0,0,0,6,4
2026-04-23 01:00:00,Liga de Quito,Aucas,0.0,0.0,Quito,Ecuador,Rodrigo Paz Delgado,,,,LigaPro Serie A,,20260423_Liga-de-Quito_Aucas,65.02996686739039,0.38,0.64,3,1,6,1,53.3,46.7,2,2,0,0,3,2
2026-04-24 00:00:00,Universidad Católica (Quito),Macará,4.0,0.0,Quito,Ecuador,Estadio Gonzalo Pozo Ripalda,,,,LigaPro Serie A,,20260424_Universidad-Católica-(Quito)_Macará,64.10504506753159,2.04,0.09,7,1,15,0,52.4,47.6,1,2,0,1,8,2
2026-04-25 16:45:00,Mushuc Runa,Deportivo Cuenca,4.0,1.0,Ambato,Ecuador,Estadio COAC Mushuc Runa,,,,LigaPro Serie A,,20260425_Mushuc-Runa_Deportivo-Cuenca,-44.36292353121166,1.09,1.06,4,3,9,6,39.5,60.5,3,1,0,0,6,5
2026-04-25 19:10:00,Independiente del Valle,Leones,2.0,1.0,Quito,Ecuador,Estadio Banco Guayaquil,,,,LigaPro Serie A,,20260425_Independiente-del-Valle_Leones,217.9639674255402,0.67,0.33,2,1,5,0,57.5,42.5,1,1,0,0,3,3
2026-04-25 22:00:00,Emelec,Liga de Quito,1.0,0.0,Quito,Ecuador,Estadio George Capwell Banco del Austro,,,,LigaPro Serie A,,20260425_Emelec_Liga-de-Quito,-125.15707509763092,0.91,1.07,1,3,0,9,49.0,51.0,0,2,0,0,2,6
2026-04-26 18:00:00,Macará,Libertad (Ecuador),3.0,0.0,Ambato,Ecuador,Estadio Bellavista,,,,LigaPro Serie A,,20260426_Macará_Libertad-(Ecuador),38.96705858625205,2.0,0.95,6,1,14,1,53.5,46.5,2,1,0,0,7,4
2026-04-26 20:30:00,Guayaquil City FC,Técnico Universitario,1.0,0.0,Quito,Ecuador,Estadio Christian Benítez Betancourt,,,,LigaPro Serie A,,20260426_Guayaquil-City-FC_Técnico-Universitario,8.580083535920494,1.36,1.16,5,2,11,4,50.4,49.6,3,1,1,0,9,1
2026-04-26 23:10:00,Orense,Barcelona SC,1.0,1.0,Machala,Ecuador,Estadio 9 de Mayo,,,,LigaPro Serie A,,20260426_Orense_Barcelona-SC,-76.23544780661086,0.05,1.34,1,5,3,12,50.6,49.4,1,2,0,0,2,5
2026-04-27 21:30:00,Manta F.C.,Universidad Católica (Quito),1.0,0.0,Manta,Ecuador,Estadio Jocay,,,,LigaPro Serie A,,20260427_Manta-F.C._Universidad-Católica-(Quito),-233.60051401370083,0.82,0.79,2,1,5,0,44.5,55.5,2,3,0,0,1,6
2026-04-28 00:00:00,Aucas,Delfín,1.0,0.0,Quito,Ecuador,Estadio Gonzalo Pozo Ripalda,,,,LigaPro Serie A,,20260428_Aucas_Delfín,103.92731452230282,1.5,1.15,3,6,5,14,56.2,43.8,2,5,0,0,6,4
2026-05-01 21:30:00,Universidad Católica (Quito),Independiente del Valle,2.0,3.0,Quito,Ecuador,Estadio Olímpico Atahualpa,,,,LigaPro Serie A,,20260501_Universidad-Católica-(Quito)_Independiente-del-Valle,-94.1561228049643,1.91,1.68,4,5,9,12,42.5,57.5,0,1,0,0,8,6
2026-05-02 00:00:00,Libertad (Ecuador),Aucas,3.0,2.0,Loja,Ecuador,Estadio Federativo Reina del Cisne,,,,LigaPro Serie A,,20260502_Libertad-(Ecuador)_Aucas,-75.00533389158795,1.92,1.39,7,5,14,11,38.1,61.9,3,1,0,0,5,6
2026-05-02 19:00:00,Deportivo Cuenca,Técnico Universitario,2.0,1.0,Cuenca,Ecuador,Banco del Austro Alejandro Serrano Aguil,,,,LigaPro Serie A,,20260502_Deportivo-Cuenca_Técnico-Universitario,84.92974140057277,2.46,1.28,6,5,12,11,52.6,47.4,1,1,1,0,5,3
2026-05-02 21:30:00,Liga de Quito,Guayaquil City FC,1.0,0.0,Quito,Ecuador,Rodrigo Paz Delgado,,,,LigaPro Serie A,,20260502_Liga-de-Quito_Guayaquil-City-FC,147.47485134518797,0.99,0.61,3,2,6,4,61.1,38.9,6,3,0,0,2,2
2026-05-03 00:00:00,Barcelona SC,Manta F.C.,1.0,1.0,Quito,Ecuador,Estadio Banco Pichincha,,,,LigaPro Serie A,,20260503_Barcelona-SC_Manta-F.C.,200.6462131790288,0.79,0.68,3,2,9,4,58.0,42.0,1,2,0,0,6,5
2026-05-03 18:00:00,Macará,Orense,1.0,2.0,Ambato,Ecuador,Estadio Bellavista,,,,LigaPro Serie A,,20260503_Macará_Orense,11.901516073890662,1.22,1.41,2,4,5,8,52.4,47.6,1,2,0,0,1,6
2026-05-03 20:30:00,Delfín,Mushuc Runa,1.0,0.0,Manta,Ecuador,Estadio Jocay,,,,LigaPro Serie A,,20260503_Delfín_Mushuc-Runa,-45.03812212883349,0.05,0.96,1,3,1,6,43.7,56.3,1,4,0,0,3,3
2026-05-03 22:00:00,Leones,Emelec,2.0,0.0,Ibarra,Ecuador,Estadio Olímpico de Ibarra,,,,LigaPro Serie A,,20260503_Leones_Emelec,-38.21258791449213,0.76,0.91,3,2,7,5,58.2,41.8,0,2,0,0,4,3
2026-05-09 00:00:00,Orense,Leones,2.0,0.0,Machala,Ecuador,Estadio 9 de Mayo,,,,LigaPro Serie A,,20260509_Orense_Leones,67.62497679435592,1.16,1.54,3,2,5,5,51.8,48.2,1,1,0,1,7,3
2026-05-09 18:30:00,Técnico Universitario,Delfín,4.0,0.0,Ambato,Ecuador,Estadio Bellavista,,,,LigaPro Serie A,,20260509_Técnico-Universitario_Delfín,-45.24723258486961,2.0,0.05,6,0,14,0,47.6,52.4,1,2,0,0,12,3
2026-05-09 21:00:00,Guayaquil City FC,Deportivo Cuenca,0.0,1.0,Quito,Ecuador,Estadio Christian Benítez Betancourt,,,,LigaPro Serie A,,20260509_Guayaquil-City-FC_Deportivo-Cuenca,-69.25768222750548,0.05,0.05,0,1,1,3,49.0,51.0,0,2,0,0,3,4
2026-05-09 21:30:00,Aucas,Universidad Católica (Quito),2.0,1.0,Quito,Ecuador,Estadio Gonzalo Pozo Ripalda,,,,LigaPro Serie A,,20260509_Aucas_Universidad-Católica-(Quito),-45.035313131211524,1.28,1.76,4,6,7,14,45.1,54.9,2,1,0,0,3,7
2026-05-10 00:00:00,Independiente del Valle,Barcelona SC,1.0,0.0,Quito,Ecuador,Estadio Banco Guayaquil,,,,LigaPro Serie A,,20260510_Independiente-del-Valle_Barcelona-SC,104.1092687193186,0.49,0.05,1,0,2,1,51.5,48.5,3,0,0,0,2,3
2026-05-10 20:30:00,Emelec,Libertad (Ecuador),1.0,1.0,Quito,Ecuador,Estadio George Capwell Banco del Austro,,,,LigaPro Serie A,,20260510_Emelec_Libertad-(Ecuador),-9.796585735917006,1.12,1.7,5,4,11,10,50.4,49.6,2,2,0,0,5,5
2026-05-10 23:10:00,Manta F.C.,Macará,0.0,1.0,Manta,Ecuador,Estadio Jocay,,,,LigaPro Serie A,,20260510_Manta-F.C._Macará,-122.83441078207011,0.45,1.96,3,6,6,14,47.4,52.6,0,1,0,0,8,2
2026-05-12 00:00:00,Mushuc Runa,Liga de Quito,1.0,3.0,Ambato,Ecuador,Estadio Bellavista,,,,LigaPro Serie A,,20260512_Mushuc-Runa_Liga-de-Quito,-132.5862762907832,0.63,1.36,1,4,2,9,45.5,54.5,0,2,0,0,1,5
2026-05-15 21:30:00,Liga de Quito,Técnico Universitario,2.0,1.0,Quito,Ecuador,Rodrigo Paz Delgado,,,,LigaPro Serie A,,20260515_Liga-de-Quito_Técnico-Universitario,189.85450982048883,1.43,2.39,6,8,14,17,56.9,43.1,1,2,0,0,7,6
2026-05-16 00:00:00,Libertad (Ecuador),Deportivo Cuenca,0.0,1.0,Loja,Ecuador,Estadio Federativo Reina del Cisne,,,,LigaPro Serie A,,20260516_Libertad-(Ecuador)_Deportivo-Cuenca,-20.953446112670008,1.12,0.61,4,3,10,7,49.2,50.8,0,0,0,0,6,5
2026-05-16 19:00:00,Macará,Independiente del Valle,0.0,3.0,Ambato,Ecuador,Estadio Bellavista,,,,LigaPro Serie A,,20260516_Macará_Independiente-del-Valle,-170.00294176900206,0.21,1.7,0,8,1,18,39.2,60.8,2,2,0,0,3,10
2026-05-16 21:30:00,Universidad Católica (Quito),Delfín,2.0,2.0,Quito,Ecuador,Estadio Gonzalo Pozo Ripalda,,,,LigaPro Serie A,,20260516_Universidad-Católica-(Quito)_Delfín,137.89951391992372,1.88,0.6,5,3,10,6,56.0,44.0,1,4,0,0,5,1
2026-05-17 00:00:00,Barcelona SC,Aucas,3.0,0.0,Quito,Ecuador,Estadio Banco Pichincha,,,,LigaPro Serie A,,20260517_Barcelona-SC_Aucas,30.67787806086676,0.95,0.94,3,4,8,9,47.3,52.7,2,3,0,0,7,1
2026-05-17 18:00:00,Leones,Mushuc Runa,3.0,1.0,Ibarra,Ecuador,Estadio Olímpico de Ibarra,,,,LigaPro Serie A,,20260517_Leones_Mushuc-Runa,5.566723100557738,0.51,1.27,3,5,5,11,49.0,51.0,3,1,0,0,1,5
2026-05-17 23:10:00,Manta F.C.,Emelec,0.0,0.0,Manta,Ecuador,Estadio Jocay,,,,LigaPro Serie A,,20260517_Manta-F.C._Emelec,-87.97734752549627,0.65,1.21,0,5,0,12,40.3,59.7,2,0,0,0,0,8
2026-05-19 00:00:00,Guayaquil City FC,Orense,0.0,1.0,Quito,Ecuador,Estadio Christian Benítez Betancourt,,,,LigaPro Serie A,,20260519_Guayaquil-City-FC_Orense,-123.85894864127317,0.8,1.65,2,4,3,8,47.5,52.5,1,5,0,0,4,1
2026-05-23 00:00:00,Independiente del Valle,Libertad (Ecuador),2.0,3.0,Quito,Ecuador,Estadio Banco Guayaquil,,,,LigaPro Serie A,,20260523_Independiente-del-Valle_Libertad-(Ecuador),229.4247371487702,1.27,1.05,3,3,8,7,56.5,43.5,1,3,0,1,4,4
2026-05-23 19:00:00,Mushuc Runa,Guayaquil City FC,2.0,2.0,Ambato,Ecuador,Estadio COAC Mushuc Runa,,,,LigaPro Serie A,,20260523_Mushuc-Runa_Guayaquil-City-FC,27.3672840622653,1.18,0.87,5,4,10,11,51.3,48.7,0,0,0,0,4,4
2026-05-23 21:30:00,Orense,Universidad Católica (Quito),1.0,2.0,Machala,Ecuador,Estadio 9 de Mayo,,,,LigaPro Serie A,,20260523_Orense_Universidad-Católica-(Quito),-9.031337731779558,0.69,1.64,3,4,5,7,47.8,52.2,2,1,0,0,4,4
2026-05-24 00:00:00,Deportivo Cuenca,Liga de Quito,1.0,1.0,Cuenca,Ecuador,Banco del Austro Alejandro Serrano Aguil,,,,LigaPro Serie A,,20260524_Deportivo-Cuenca_Liga-de-Quito,-85.34089054303035,0.8,1.05,4,1,10,1,41.6,58.4,3,2,0,0,5,2
2026-05-24 18:00:00,Técnico Universitario,Leones,2.0,1.0,Ambato,Ecuador,Estadio Bellavista,,,,LigaPro Serie A,,20260524_Técnico-Universitario_Leones,-65.4070896402377,1.81,0.8,6,1,12,3,49.2,50.8,2,1,0,0,4,1
2026-05-24 20:30:00,Emelec,Macará,2.0,0.0,Quito,Ecuador,Estadio George Capwell Banco del Austro,,,,LigaPro Serie A,,20260524_Emelec_Macará,-47.12797927327938,2.02,0.87,7,3,15,10,46.7,53.3,2,3,0,0,7,6
2026-05-24 23:10:00,Delfín,Barcelona SC,1.0,2.0,Manta,Ecuador,Estadio Jocay,,,,LigaPro Serie A,,20260524_Delfín_Barcelona-SC,-157.0512806004224,1.07,2.66,2,7,3,15,45.3,54.7,6,1,0,0,5,10
2026-05-26 00:00:00,Aucas,Manta F.C.,3.0,1.0,Quito,Ecuador,Estadio Gonzalo Pozo Ripalda,,,,LigaPro Serie A,,20260526_Aucas_Manta-F.C.,142.9671618850473,2.31,1.37,6,4,12,8,51.1,48.9,2,3,0,0,7,6
2026-05-30 19:00:00,Manta F.C.,Libertad (Ecuador),2.0,1.0,Manta,Ecuador,Estadio Jocay,,,,LigaPro Serie A,,20260530_Manta-F.C._Libertad-(Ecuador),-109.11109496095924,0.8,0.09,2,1,5,2,46.6,53.4,2,3,0,0,3,3
2026-05-31 00:00:00,Deportivo Cuenca,Delfín,1.0,0.0,Cuenca,Ecuador,Banco del Austro Alejandro Serrano Aguil,,,,LigaPro Serie A,,20260531_Deportivo-Cuenca_Delfín,97.67949182299617,2.23,1.1,8,4,17,6,51.5,48.5,1,3,0,1,10,5
2026-05-31 18:00:00,Mushuc Runa,Aucas,0.0,0.0,Ambato,Ecuador,Estadio COAC Mushuc Runa,,,,LigaPro Serie A,,20260531_Mushuc-Runa_Aucas,-105.2211973136873,0.05,1.25,1,3,4,6,43.0,57.0,3,2,0,0,6,3
2026-05-31 20:30:00,Guayaquil City FC,Independiente del Valle,2.0,4.0,Quito,Ecuador,Estadio Christian Benítez Betancourt,,,,LigaPro Serie A,,20260531_Guayaquil-City-FC_Independiente-del-Valle,-273.7382182729257,1.9,1.91,5,4,9,9,37.9,62.1,1,1,0,0,6,8
2026-05-31 23:10:00,Emelec,Universidad Católica (Quito),1.0,0.0,Quito,Ecuador,Estadio George Capwell Banco del Austro,,,,LigaPro Serie A,,20260531_Emelec_Universidad-Católica-(Quito),-83.36800684379955,0.71,0.56,2,4,4,7,45.9,54.1,3,1,0,0,6,4
2026-06-01 22:00:00,Leones,Macará,1.0,1.0,Ibarra,Ecuador,Estadio Olímpico de Ibarra,,,,LigaPro Serie A,,20260601_Leones_Macará,-54.57504851602789,0.52,0.57,2,3,5,7,44.3,55.7,2,2,0,0,4,6
2026-06-02 00:30:00,Técnico Universitario,Barcelona SC,1.0,0.0,Ambato,Ecuador,Estadio Bellavista,,,,LigaPro Serie A,,20260602_Técnico-Universitario_Barcelona-SC,-178.42831075462595,0.81,0.66,3,1,5,2,42.7,57.3,2,2,0,0,3,3
2026-07-01 22:00:00,Liga de Quito,Orense,3.0,0.0,Quito,Ecuador,Rodrigo Paz Delgado,,,,LigaPro Serie A,,20260701_Liga-de-Quito_Orense,62.198945031440644,1.5,0.87,6,1,13,4,58.8,41.2,1,1,0,1,7,4
2026-07-04 00:00:00,Independiente del Valle,Manta F.C.,4.0,0.0,Quito,Ecuador,Estadio Banco Guayaquil,,,,LigaPro Serie A,,20260704_Independiente-del-Valle_Manta-F.C.,289.1138598924165,2.82,1.52,10,7,20,14,57.9,42.1,1,3,1,0,8,8
2026-07-04 19:00:00,Libertad (Ecuador),Leones,1.0,3.0,Loja,Ecuador,Estadio Federativo Reina del Cisne,,,,LigaPro Serie A,,20260704_Libertad-(Ecuador)_Leones,23.307160883444794,1.04,1.03,4,4,8,7,51.3,48.7,3,2,0,0,5,7
2026-07-05 00:00:00,Barcelona SC,Deportivo Cuenca,2.0,0.0,Quito,Ecuador,Estadio Banco Pichincha,,,,LigaPro Serie A,,20260705_Barcelona-SC_Deportivo-Cuenca,46.82121215137454,0.73,0.68,2,3,4,7,46.8,53.2,4,1,0,0,5,2
2026-07-05 18:00:00,Macará,Liga de Quito,1.0,0.0,Ambato,Ecuador,Estadio Bellavista,,,,LigaPro Serie A,,20260705_Macará_Liga-de-Quito,-105.01100991159728,1.86,0.94,6,3,14,6,42.4,57.6,1,2,0,0,11,3
2026-07-05 22:00:00,Delfín,Emelec,1.0,1.0,Manta,Ecuador,Estadio Jocay,,,,LigaPro Serie A,,20260705_Delfín_Emelec,-87.61951819946466,0.27,1.46,3,4,6,9,51.0,49.0,2,1,0,0,7,6
2026-07-06 21:30:00,Universidad Católica (Quito),Mushuc Runa,2.0,3.0,Quito,Ecuador,Estadio Olímpico Atahualpa,,,,LigaPro Serie A,,20260706_Universidad-Católica-(Quito)_Mushuc-Runa,115.59103454690376,0.83,0.84,2,3,5,6,49.4,50.6,2,2,0,0,2,3
2026-07-07 00:00:00,Orense,Técnico Universitario,1.0,2.0,Machala,Ecuador,Estadio 9 de Mayo,,,,LigaPro Serie A,,20260707_Orense_Técnico-Universitario,95.0377455116352,0.52,0.26,1,2,5,4,50.7,49.3,1,1,0,0,5,3
2026-07-08 00:00:00,Aucas,Guayaquil City FC,1.0,0.0,Quito,Ecuador,Estadio Gonzalo Pozo Ripalda,,,,LigaPro Serie A,,20260708_Aucas_Guayaquil-City-FC,131.28839340882746,1.53,1.3,5,3,9,5,54.7,45.3,0,2,0,0,6,8
2026-07-10 22:00:00,Leones,Universidad Católica (Quito),1.0,0.0,Ibarra,Ecuador,Estadio Olímpico de Ibarra,,,,LigaPro Serie A,,20260710_Leones_Universidad-Católica-(Quito),-72.70061928422638,0.68,0.13,2,0,2,1,48.6,51.4,3,2,0,0,2,5
2026-07-11 00:15:00,Técnico Universitario,Macará,0.0,2.0,Ambato,Ecuador,Estadio Bellavista,,,,LigaPro Serie A,,20260711_Técnico-Universitario_Macará,-72.29185331551957,0.54,1.02,3,2,7,1,47.9,52.1,2,0,0,0,9,2
2026-07-11 17:00:00,Manta F.C.,Orense,0.0,0.0,Manta,Ecuador,Estadio Jocay,,,,LigaPro Serie A,,20260711_Manta-F.C._Orense,-117.02187377099176,0.74,1.32,0,4,0,8,49.2,50.8,3,1,0,0,3,7
2026-07-11 19:10:00,Mushuc Runa,Independiente del Valle,1.0,4.0,Ambato,Ecuador,Estadio COAC Mushuc Runa,,,,LigaPro Serie A,,20260711_Mushuc-Runa_Independiente-del-Valle,-236.81320415055416,0.99,1.23,2,4,3,9,42.9,57.1,1,1,0,0,3,9
2026-07-11 23:00:00,Guayaquil City FC,Delfín,2.0,1.0,Quito,Ecuador,Estadio Christian Benítez Betancourt,,,,LigaPro Serie A,,20260711_Guayaquil-City-FC_Delfín,-18.008934924524283,0.37,1.46,2,4,5,11,48.9,51.1,0,1,0,0,1,7
2026-07-12 17:00:00,Liga de Quito,Libertad (Ecuador),0.0,0.0,Quito,Ecuador,Rodrigo Paz Delgado,,,,LigaPro Serie A,,20260712_Liga-de-Quito_Libertad-(Ecuador),129.82308569999213,0.47,1.14,1,3,2,7,57.6,42.4,0,2,0,0,2,6
2026-07-12 19:15:00,Deportivo Cuenca,Aucas,0.0,1.0,Cuenca,Ecuador,Banco del Austro Alejandro Serrano Aguil,,,,LigaPro Serie A,,20260712_Deportivo-Cuenca_Aucas,-26.87064822043817,0.94,1.68,2,3,6,5,54.4,45.6,3,2,0,0,3,1
2026-07-12 23:40:00,Emelec,Barcelona SC,0.0,0.0,Quito,Ecuador,Estadio George Capwell Banco del Austro,,,,LigaPro Serie A,,20260712_Emelec_Barcelona-SC,-87.66233408009361,0.09,0.81,2,1,4,1,49.6,50.4,0,1,0,0,6,3
2026-07-14 21:30:00,Macará,Mushuc Runa,2.0,1.0,Ambato,Ecuador,Estadio Bellavista,,,,LigaPro Serie A,,20260714_Macará_Mushuc-Runa,79.16805521648394,2.15,0.67,6,2,15,6,51.4,48.6,1,1,0,0,9,7
2026-07-15 00:00:00,Manta F.C.,Delfín,0.0,1.0,Manta,Ecuador,Estadio Jocay,,,,LigaPro Serie A,,20260715_Manta-F.C._Delfín,-4.791426368245084,1.77,1.12,5,2,10,6,50.0,50.0,1,1,0,0,10,8
2026-07-15 17:00:00,Libertad (Ecuador),Técnico Universitario,1.0,0.0,Loja,Ecuador,Estadio Federativo Reina del Cisne,,,,LigaPro Serie A,,20260715_Libertad-(Ecuador)_Técnico-Universitario,30.26380220886972,0.93,1.17,1,3,5,6,53.9,46.1,1,2,0,0,4,3
2026-07-15 22:00:00,Leones,Deportivo Cuenca,1.0,1.0,Ibarra,Ecuador,Estadio Olímpico de Ibarra,,,,LigaPro Serie A,,20260715_Leones_Deportivo-Cuenca,-26.378277615593788,1.37,0.37,4,1,8,3,47.9,52.1,1,6,0,0,6,1
2026-07-15 22:00:00,Universidad Católica (Quito),Liga de Quito,1.0,0.0,Quito,Ecuador,Estadio Olímpico Atahualpa,,,,LigaPro Serie A,,20260715_Universidad-Católica-(Quito)_Liga-de-Quito,-65.01073320725573,1.04,0.81,4,3,9,5,49.1,50.9,1,0,0,0,6,2
2026-07-16 00:30:00,Barcelona SC,Guayaquil City FC,1.0,1.0,Quito,Ecuador,Estadio Banco Pichincha,,,,LigaPro Serie A,,20260716_Barcelona-SC_Guayaquil-City-FC,171.77683125877752,1.48,0.3,6,1,14,2,50.0,50.0,3,4,0,0,3,4
2026-07-16 21:30:00,Aucas,Independiente del Valle,0.0,3.0,Quito,Ecuador,Estadio Gonzalo Pozo Ripalda,,,,LigaPro Serie A,,20260716_Aucas_Independiente-del-Valle,-140.6432543705905,1.11,1.47,3,4,8,10,44.6,55.4,2,0,0,0,3,3
2026-07-17 00:00:00,Orense,Emelec,0.0,2.0,Machala,Ecuador,Estadio 9 de Mayo,,,,LigaPro Serie A,,20260717_Orense_Emelec,7.160630225930163,0.43,1.56,1,5,4,12,47.1,52.9,1,2,0,0,4,6
2026-07-18 00:00:00,Delfín,Macará,2.0,1.0,Manta,Ecuador,Estadio Jocay,,,,LigaPro Serie A,,20260718_Delfín_Macará,-123.01098514922842,1.14,2.49,6,9,13,20,43.9,56.1,3,1,0,0,8,15
2026-07-18 19:00:00,Deportivo Cuenca,Universidad Católica (Quito),0.0,2.0,Cuenca,Ecuador,Banco del Austro Alejandro Serrano Aguil,,,,LigaPro Serie A,,20260718_Deportivo-Cuenca_Universidad-Católica-(Quito),-32.50127010095025,0.05,1.08,0,3,1,7,58.2,41.8,3,2,0,0,0,7
2026-07-18 21:30:00,Liga de Quito,Leones,0.0,1.0,Quito,Ecuador,Rodrigo Paz Delgado,,,,LigaPro Serie A,,20260718_Liga-de-Quito_Leones,93.63253198976054,1.5,0.39,5,3,12,7,52.2,47.8,2,2,0,0,5,3
2026-07-19 00:00:00,Barcelona SC,Libertad (Ecuador),1.0,0.0,Quito,Ecuador,Estadio Banco Pichincha,,,,LigaPro Serie A,,20260719_Barcelona-SC_Libertad-(Ecuador),98.13252345310366,0.56,0.99,3,4,5,9,50.1,49.9,1,0,0,0,1,0
2026-07-19 16:45:00,Técnico Universitario,Aucas,0.0,1.0,Ambato,Ecuador,Estadio Bellavista,,,,LigaPro Serie A,,20260719_Técnico-Universitario_Aucas,-121.71537057809087,0.36,1.77,1,6,5,11,47.7,52.3,1,5,0,0,2,5
2026-07-19 21:45:00,Guayaquil City FC,Manta F.C.,1.0,0.0,Quito,Ecuador,Estadio Christian Benítez Betancourt,,,,LigaPro Serie A,,20260719_Guayaquil-City-FC_Manta-F.C.,29.352459912493032,1.26,0.37,5,1,9,3,49.4,50.6,5,2,0,0,5,2
2026-07-20 00:15:00,Independiente del Valle,Emelec,6.0,1.0,Quito,Ecuador,Estadio Banco Guayaquil,,,,LigaPro Serie A,,20260720_Independiente-del-Valle_Emelec,190.82264786008977,1.91,1.11,6,2,12,5,54.7,45.3,1,0,0,0,9,3
2026-07-20 19:00:00,Mushuc Runa,Orense,2.0,1.0,Ambato,Ecuador,Estadio COAC Mushuc Runa,,,,LigaPro Serie A,,20260720_Mushuc-Runa_Orense,-55.1385349482307,0.34,1.02,2,3,5,6,47.9,52.1,1,1,0,0,4,4
2026-07-21 21:30:00,Libertad (Ecuador),Delfín,1.0,0.0,Loja,Ecuador,Estadio Federativo Reina del Cisne,,,,LigaPro Serie A,,20260721_Libertad-(Ecuador)_Delfín,38.77364508156552,0.87,1.29,3,3,6,8,46.4,53.6,1,3,0,0,4,6
2026-07-22 00:00:00,Universidad Católica (Quito),Barcelona SC,2.0,1.0,Quito,Ecuador,Estadio Olímpico Atahualpa,,,,LigaPro Serie A,,20260722_Universidad-Católica-(Quito)_Barcelona-SC,-36.44779580593581,0.91,0.7,2,2,6,4,50.0,50.0,0,0,0,0,1,2
2026-07-22 19:00:00,Macará,Deportivo Cuenca,3.0,0.0,Ambato,Ecuador,Estadio Bellavista,,,,LigaPro Serie A,,20260722_Macará_Deportivo-Cuenca,27.260180788046,1.46,1.44,6,5,15,10,58.9,41.1,1,0,0,0,7,4
2026-07-22 21:30:00,Independiente del Valle,Técnico Universitario,3.0,0.0,Quito,Ecuador,Estadio Banco Guayaquil,,,,LigaPro Serie A,,20260722_Independiente-del-Valle_Técnico-Universitario,291.1020870793318,2.45,0.56,8,2,19,3,63.5,36.5,3,4,0,0,9,2
2026-07-23 00:00:00,Manta F.C.,Liga de Quito,1.0,1.0,Manta,Ecuador,Estadio Jocay,,,,LigaPro Serie A,,20260723_Manta-F.C._Liga-de-Quito,-183.91603334056595,1.54,0.88,5,3,11,7,43.0,57.0,3,1,0,0,9,5
2026-07-23 21:30:00,Leones,Guayaquil City FC,1.0,1.0,Ibarra,Ecuador,Estadio Olímpico de Ibarra,,,,LigaPro Serie A,,20260723_Leones_Guayaquil-City-FC,69.26956857034315,1.05,0.57,4,2,6,5,52.9,47.1,1,1,0,0,7,1
2026-07-23 21:30:00,Orense,Aucas,2.0,1.0,Machala,Ecuador,Estadio 9 de Mayo,,,,LigaPro Serie A,,20260723_Orense_Aucas,-74.57919863818984,0.76,1.89,2,5,5,10,45.6,54.4,2,1,0,0,7,6
2026-07-24 00:00:00,Emelec,Mushuc Runa,1.0,1.0,Quito,Ecuador,Estadio George Capwell Banco del Austro,,,,LigaPro Serie A,,20260724_Emelec_Mushuc-Runa,52.5832151008924,1.53,1.69,7,5,16,11,54.8,45.2,0,3,0,0,8,2
2026-07-26 00:00:00,Técnico Universitario,Manta F.C.,1.0,0.0,Ambato,Ecuador,Estadio Bellavista,,,,LigaPro Serie A,,20260726_Técnico-Universitario_Manta-F.C.,33.25916610881063,0.81,0.65,3,4,6,8,58.5,41.5,3,2,0,0,4,1
2026-07-26 18:15:00,Aucas,Macará,1.0,4.0,Quito,Ecuador,Estadio Gonzalo Pozo Ripalda,,,,LigaPro Serie A,,20260726_Aucas_Macará,8.51927215232081,0.63,0.74,3,4,6,10,50.5,49.5,2,1,0,0,6,2
2026-07-26 18:15:00,Delfín,Leones,0.0,1.0,Manta,Ecuador,Estadio Jocay,,,,LigaPro Serie A,,20260726_Delfín_Leones,-73.37563230900719,1.39,0.19,7,1,14,1,43.5,56.5,4,0,0,0,8,6
2026-07-26 20:45:00,Orense,Independiente del Valle,2.0,3.0,Machala,Ecuador,Estadio 9 de Mayo,,,,LigaPro Serie A,,20260726_Orense_Independiente-del-Valle,-217.29273624002144,1.6,1.27,5,3,10,5,36.4,63.6,2,1,0,0,4,3
2026-07-27 00:15:00,Barcelona SC,Liga de Quito,0.0,1.0,Quito,Ecuador,Estadio Banco Pichincha,,,,LigaPro Serie A,,20260727_Barcelona-SC_Liga-de-Quito,18.47910815531236,0.93,0.97,5,3,12,6,48.7,51.3,3,4,0,0,4,5
2026-07-27 19:00:00,Mushuc Runa,Libertad (Ecuador),0.0,2.0,Ambato,Ecuador,Estadio COAC Mushuc Runa,,,,LigaPro Serie A,,20260727_Mushuc-Runa_Libertad-(Ecuador),-24.609625707920486,0.14,1.96,0,8,1,18,50.0,50.0,1,0,0,0,7,6
2026-07-27 21:30:00,Guayaquil City FC,Universidad Católica (Quito),0.0,0.0,Quito,Ecuador,Estadio Christian Benítez Betancourt,,,,LigaPro Serie A,,20260727_Guayaquil-City-FC_Universidad-Católica-(Quito),-132.94628352831,0.65,0.58,2,3,6,7,49.7,50.3,3,2,0,0,3,9
2026-07-28 00:00:00,Deportivo Cuenca,Emelec,2.0,1.0,Cuenca,Ecuador,Banco del Austro Alejandro Serrano Aguil,,,,LigaPro Serie A,,20260728_Deportivo-Cuenca_Emelec,-21.27750793391897,0.67,1.23,2,5,3,11,46.3,53.7,1,1,0,0,3,6
2026-08-01 00:00:00,Libertad (Ecuador),Orense,3.0,0.0,Loja,Ecuador,Estadio Federativo Reina del Cisne,,,,LigaPro Serie A,,20260801_Libertad-(Ecuador)_Orense,1.0064168812630214,0.68,1.05,3,4,5,9,48.2,51.8,1,1,0,0,4,1
2026-08-01 19:00:00,Manta F.C.,Mushuc Runa,1.0,2.0,Manta,Ecuador,Estadio Jocay,,,,LigaPro Serie A,,20260801_Manta-F.C._Mushuc-Runa,-74.2437209387706,1.56,0.85,5,3,11,5,47.6,52.4,0,1,0,1,6,7
2026-08-01 21:30:00,Universidad Católica (Quito),Técnico Universitario,5.0,0.0,Quito,Ecuador,Estadio Gonzalo Pozo Ripalda,,,,LigaPro Serie A,,20260801_Universidad-Católica-(Quito)_Técnico-Universitario,132.32459139977914,2.32,0.72,8,3,17,6,56.7,43.3,1,2,0,0,8,5
2026-08-02 00:00:00,Emelec,Aucas,0.0,2.0,Quito,Ecuador,Estadio George Capwell Banco del Austro,,,,LigaPro Serie A,,20260802_Emelec_Aucas,-37.06252851367503,1.09,0.18,4,2,10,5,44.8,55.2,4,2,0,0,5,9
