date,home_team,away_team,home_goals,away_goals,sede_ciudad,sede_pais,sede_nombre,odd_home,odd_draw,odd_away,tournament,stadium,MATCH_ID,elo_diff,home_xg,away_xg,home_shots_on,away_shots_on,home_shots_off,away_shots_off,home_possession,away_possession,home_yellow,away_yellow,home_red,away_red,home_corners,away_corners
2021-07-02 01:00:00,Colorado Springs Switchbacks FC,Orange County SC,0.0,2.0,"Colorado Springs, Colorado",USA,Weidner Field,,,,USL Championship,,20210702_Colorado-Springs-Switchbacks-FC_Orange-County-SC,0.0,0.54,0.52,1,2,0,5,56.6,43.4,2,4,0,1,1,3
2021-07-02 23:00:00,New York Red Bulls II,Miami FC,1.0,1.0,"Montclair, New Jersey",USA,MSU Soccer Park,,,,USL Championship,,20210702_New-York-Red-Bulls-II_Miami-FC,0.0,1.63,0.22,4,1,11,3,51.7,48.3,1,1,0,0,7,7
2021-07-02 23:30:00,Tampa Bay Rowdies,Charleston Battery,1.0,0.0,"St. Petersburg, Florida",USA,Al Lang Stadium,,,,USL Championship,,20210702_Tampa-Bay-Rowdies_Charleston-Battery,0.0,2.06,1.14,5,5,12,10,54.0,46.0,0,1,0,0,10,6
2021-07-03 00:00:00,Sporting Kansas City II,Louisville City FC,2.0,4.0,"Kansas City, Kansas",USA,Children's Mercy Park,,,,USL Championship,,20210703_Sporting-Kansas-City-II_Louisville-City-FC,0.0,1.04,1.73,4,7,9,14,42.9,57.1,3,1,0,0,4,7
2021-07-03 00:30:00,Oklahoma City Energy FC,FC Tulsa,0.0,0.0,"Oklahoma City, Oklahoma",USA,Taft Stadium,,,,USL Championship,,20210703_Oklahoma-City-Energy-FC_FC-Tulsa,0.0,1.34,0.47,4,2,8,5,48.2,51.8,2,0,0,0,6,3
2021-07-03 23:00:00,Indy Eleven,Birmingham Legion FC,0.0,1.0,"Indianapolis, Indiana",USA,Michael A. Carroll Stadium,,,,USL Championship,,20210703_Indy-Eleven_Birmingham-Legion-FC,0.0,1.37,1.76,3,5,5,13,47.3,52.7,0,0,0,0,3,4
2021-07-03 23:00:00,Pittsburgh Riverhounds,Charlotte Independence,1.0,0.0,"Pittsburgh, Pennsylvania",USA,Highmark Stadium,,,,USL Championship,,20210703_Pittsburgh-Riverhounds_Charlotte-Independence,0.0,1.19,1.18,5,5,11,11,46.4,53.6,0,3,0,0,7,4
2021-07-03 23:00:00,San Diego Loyal SC,Sacramento Republic FC,1.0,1.0,"San Diego, California",USA,Torero Stadium,,,,USL Championship,,20210703_San-Diego-Loyal-SC_Sacramento-Republic-FC,0.0,0.79,0.87,3,3,5,6,54.8,45.2,0,0,0,0,1,2
2021-07-03 23:30:00,Atlanta United 2,Memphis 901 FC,2.0,2.0,"Kennesaw, Georgia",USA,Fifth Third Bank Stadium,,,,USL Championship,,20210703_Atlanta-United-2_Memphis-901-FC,0.0,1.78,1.55,6,4,15,8,51.4,48.6,4,2,0,0,7,4
2021-07-04 00:30:00,San Antonio FC,Austin Bold FC,0.0,1.0,"San Antonio, Texas",USA,Toyota Field,,,,USL Championship,,20210704_San-Antonio-FC_Austin-Bold-FC,0.0,0.51,1.39,2,3,5,7,54.4,45.6,4,3,0,0,3,6
2021-07-04 01:30:00,El Paso Locomotive FC,New Mexico United,2.0,1.0,"El Paso, Texas",USA,Southwest University Park,,,,USL Championship,,20210704_El-Paso-Locomotive-FC_New-Mexico-United,0.0,0.98,0.07,3,1,8,1,52.0,48.0,2,2,0,0,10,2
2021-07-04 02:30:00,Las Vegas Lights FC,Tacoma Defiance,1.0,0.0,"Las Vegas, Nevada",USA,Cashman Field,,,,USL Championship,,20210704_Las-Vegas-Lights-FC_Tacoma-Defiance,0.0,1.81,0.77,5,3,11,8,55.2,44.8,1,1,0,0,4,5
2021-07-04 02:30:00,Phoenix Rising FC,Ventura County FC,3.0,0.0,"Chandler, Arizona",USA,Phoenix Rising Stadium at Wild Horse Pass,,,,USL Championship,,20210704_Phoenix-Rising-FC_Ventura-County-FC,0.0,1.33,0.71,5,1,11,5,54.4,45.6,2,0,0,0,7,5
2021-07-04 21:00:00,Loudoun United FC,Hartford Athletic,0.0,2.0,"Leesburg, Virginia",USA,Segra Field,,,,USL Championship,,20210704_Loudoun-United-FC_Hartford-Athletic,0.0,1.0,1.34,3,2,6,5,48.3,51.7,1,1,0,0,4,5
2021-07-05 00:30:00,Colorado Springs Switchbacks FC,Real Monarchs SLC,3.0,1.0,"Colorado Springs, Colorado",USA,Weidner Field,,,,USL Championship,,20210705_Colorado-Springs-Switchbacks-FC_Real-Monarchs-SLC,-12.0,0.84,1.17,3,5,6,9,50.6,49.4,2,3,0,0,3,5
2021-07-07 02:00:00,Orange County SC,Tacoma Defiance,0.0,0.0,"Irvine, California",USA,Championship Soccer Stadium,,,,USL Championship,,20210707_Orange-County-SC_Tacoma-Defiance,24.0,0.64,1.12,2,2,5,4,49.5,50.5,1,1,0,0,5,2
2021-07-07 20:00:00,Charleston Battery,Pittsburgh Riverhounds,1.0,1.0,"Mount Pleasant, South Carolina",USA,Patriots Point,,,,USL Championship,,20210707_Charleston-Battery_Pittsburgh-Riverhounds,-24.0,0.5,1.49,2,6,6,13,44.3,55.7,2,2,1,0,5,5
2021-07-07 23:00:00,Charlotte Independence,New York Red Bulls II,2.0,3.0,"Charlotte, North Carolina",USA,American Legion Memorial Stadium,,,,USL Championship,,20210707_Charlotte-Independence_New-York-Red-Bulls-II,-12.0,0.27,1.16,2,4,5,8,47.1,52.9,3,0,0,0,4,4
2021-07-07 23:30:00,Atlanta United 2,Indy Eleven,1.0,1.0,"Kennesaw, Georgia",USA,Fifth Third Bank Stadium,,,,USL Championship,,20210707_Atlanta-United-2_Indy-Eleven,12.0,1.3,1.69,4,4,9,8,48.0,52.0,0,1,0,0,8,10
2021-07-07 23:30:00,Miami FC,Tampa Bay Rowdies,2.0,1.0,"Miami, Florida",USA,FIU Soccer Stadium,,,,USL Championship,,20210707_Miami-FC_Tampa-Bay-Rowdies,-12.0,0.79,0.45,2,1,4,2,48.9,51.1,1,0,0,0,2,0
2021-07-08 01:00:00,Austin Bold FC,Rio Grande Valley FC Toros,1.0,1.0,Austin,USA,Bold Stadium,,,,USL Championship,,20210708_Austin-Bold-FC_Rio-Grande-Valley-FC-Toros,12.0,0.75,0.99,3,6,8,14,48.6,51.4,0,2,0,0,8,11
2021-07-08 03:00:00,Sacramento Republic FC,Oakland Roots,0.0,0.0,"Sacramento, California",USA,Heart Health Park,,,,USL Championship,,20210708_Sacramento-Republic-FC_Oakland-Roots,0.0,0.05,1.33,0,4,1,7,51.8,48.2,0,1,0,0,1,2
2021-07-10 01:30:00,New Mexico United,Colorado Springs Switchbacks FC,3.0,1.0,"Albuquerque, New Mexico",USA,Rio Grande Credit Union Field at Isotopes Park,,,,USL Championship,,20210710_New-Mexico-United_Colorado-Springs-Switchbacks-FC,-12.414300586377067,1.63,1.54,5,4,11,9,44.0,56.0,1,0,0,0,3,8
2021-07-10 02:00:00,Real Monarchs SLC,El Paso Locomotive FC,1.0,3.0,"Herriman, Utah",USA,Zions Bank Stadium,,,,USL Championship,,20210710_Real-Monarchs-SLC_El-Paso-Locomotive-FC,-24.414300586377067,1.01,1.6,3,6,7,14,42.7,57.3,1,2,0,0,5,8
2021-07-10 20:00:00,FC Tulsa,Louisville City FC,3.0,2.0,"Tulsa, Oklahoma",USA,ONEOK Field,,,,USL Championship,,20210710_FC-Tulsa_Louisville-City-FC,-12.0,2.0,2.52,5,7,7,14,46.8,53.2,1,4,0,0,8,5
2021-07-10 23:00:00,Charlotte Independence,Phoenix Rising FC,1.0,1.0,"Charlotte, North Carolina",USA,American Legion Memorial Stadium,,,,USL Championship,,20210710_Charlotte-Independence_Phoenix-Rising-FC,-35.58569941362293,0.05,1.0,1,4,3,10,47.1,52.9,0,3,0,0,2,6
2021-07-10 23:00:00,Hartford Athletic,New York Red Bulls II,2.0,2.0,"Hartford, Connecticut",USA,Trinity Health Stadium,,,,USL Championship,,20210710_Hartford-Athletic_New-York-Red-Bulls-II,0.4143005863770668,0.88,1.58,3,5,6,12,44.1,55.9,3,3,0,0,4,6
2021-07-10 23:30:00,Atlanta United 2,Sporting Kansas City II,0.0,1.0,"Kennesaw, Georgia",USA,Fifth Third Bank Stadium,,,,USL Championship,,20210710_Atlanta-United-2_Sporting-Kansas-City-II,11.585699413622933,0.32,1.38,4,6,8,14,55.2,44.8,0,1,0,0,7,7
2021-07-10 23:30:00,Birmingham Legion FC,Memphis 901 FC,0.0,1.0,"Birmingham, Alabama",USA,BBVA Field,,,,USL Championship,,20210710_Birmingham-Legion-FC_Memphis-901-FC,12.0,1.13,0.05,5,1,9,5,48.9,51.1,1,1,0,0,5,4
2021-07-11 02:00:00,Oakland Roots,Las Vegas Lights FC,1.0,2.0,Livermore,,Las Positas College,,,,USL Championship,,20210711_Oakland-Roots_Las-Vegas-Lights-FC,-12.0,1.66,0.61,3,2,8,6,58.3,41.7,1,2,0,1,6,3
2021-07-11 03:00:00,Sacramento Republic FC,Orange County SC,0.0,2.0,"Sacramento, California",USA,Heart Health Park,,,,USL Championship,,20210711_Sacramento-Republic-FC_Orange-County-SC,-11.172385326555968,0.37,1.54,2,5,2,10,50.1,49.9,2,2,1,0,0,9
2021-07-11 21:00:00,Loudoun United FC,Miami FC,1.0,4.0,"Leesburg, Virginia",USA,Segra Field,,,,USL Championship,,20210711_Loudoun-United-FC_Miami-FC,-24.414300586377067,1.04,1.96,4,5,6,11,51.7,48.3,1,1,0,0,3,8
2021-07-12 00:00:00,Ventura County FC,Tacoma Defiance,1.0,1.0,"Carson, California",USA,Dignity Health Sports Park,,,,USL Championship,,20210712_Ventura-County-FC_Tacoma-Defiance,-0.8276146734440317,0.9,0.97,1,4,2,11,47.9,52.1,0,1,0,0,4,3
2021-07-13 01:30:00,New Mexico United,Charleston Battery,2.0,1.0,"Albuquerque, New Mexico",USA,Rio Grande Credit Union Field at Isotopes Park,,,,USL Championship,,20210713_New-Mexico-United_Charleston-Battery,11.600977696540212,1.58,1.44,3,5,7,11,52.6,47.4,1,1,0,0,4,5
2021-07-13 23:30:00,Tampa Bay Rowdies,Hartford Athletic,0.0,1.0,"St. Petersburg, Florida",USA,Al Lang Stadium,,,,USL Championship,,20210713_Tampa-Bay-Rowdies_Hartford-Athletic,-12.399991157846216,1.64,1.66,6,6,13,11,51.5,48.5,1,1,0,0,7,11
2021-07-14 23:30:00,Louisville City FC,Oklahoma City Energy FC,3.0,1.0,"Louisville, Kentucky",USA,Lynn Family Stadium,,,,USL Championship,,20210714_Louisville-City-FC_Oklahoma-City-Energy-FC,-0.4143005863770668,1.18,0.81,4,1,10,3,52.7,47.3,0,3,0,0,4,5
2021-07-15 02:30:00,Las Vegas Lights FC,Sacramento Republic FC,1.0,2.0,"Las Vegas, Nevada",USA,Cashman Field,,,,USL Championship,,20210715_Las-Vegas-Lights-FC_Sacramento-Republic-FC,35.19995184713639,1.5,1.05,5,3,13,8,54.5,45.5,1,1,0,0,7,1
2021-07-15 02:30:00,San Diego Loyal SC,Orange County SC,2.0,1.0,"San Diego, California",USA,Torero Stadium,,,,USL Championship,,20210715_San-Diego-Loyal-SC_Orange-County-SC,-22.786637760069425,0.94,0.24,3,1,6,0,37.8,62.2,3,3,0,1,1,3
2021-07-17 18:00:00,Colorado Springs Switchbacks FC,San Antonio FC,2.0,3.0,"Colorado Springs, Colorado",USA,Weidner Field,,,,USL Championship,,20210717_Colorado-Springs-Switchbacks-FC_San-Antonio-FC,-0.014291783607177422,0.14,1.42,2,4,5,8,50.6,49.4,0,0,0,0,5,4
2021-07-17 23:00:00,Indy Eleven,Memphis 901 FC,1.0,1.0,"Indianapolis, Indiana",USA,Michael A. Carroll Stadium,,,,USL Championship,,20210717_Indy-Eleven_Memphis-901-FC,-24.0,1.64,0.87,7,3,16,3,45.7,54.3,1,0,0,0,3,3
2021-07-17 23:00:00,Pittsburgh Riverhounds,Loudoun United FC,1.0,0.0,"Pittsburgh, Pennsylvania",USA,Highmark Stadium,,,,USL Championship,,20210717_Pittsburgh-Riverhounds_Loudoun-United-FC,34.33053045950328,1.07,0.39,3,1,7,3,50.6,49.4,2,3,0,0,6,3
2021-07-17 23:30:00,Charleston Battery,Hartford Athletic,3.0,1.0,"Mount Pleasant, South Carolina",USA,Patriots Point,,,,USL Championship,,20210717_Charleston-Battery_Hartford-Athletic,-46.329442396434615,1.68,0.44,6,1,14,3,42.8,57.2,2,0,0,0,4,2
2021-07-17 23:30:00,Louisville City FC,Atlanta United 2,2.0,0.0,"Louisville, Kentucky",USA,Lynn Family Stadium,,,,USL Championship,,20210717_Louisville-City-FC_Atlanta-United-2,24.41431705448167,0.96,1.81,2,4,4,8,52.8,47.2,3,2,1,0,1,7
2021-07-17 23:30:00,Miami FC,Tampa Bay Rowdies,2.0,1.0,"Miami, Florida",USA,FIU Soccer Stadium,,,,USL Championship,,20210717_Miami-FC_Tampa-Bay-Rowdies,35.558647536138096,0.81,1.32,3,4,5,7,54.4,45.6,1,0,0,0,2,5
2021-07-18 00:00:00,FC Tulsa,Oklahoma City Energy FC,1.0,2.0,"Tulsa, Oklahoma",USA,ONEOK Field,,,,USL Championship,,20210718_FC-Tulsa_Oklahoma-City-Energy-FC,24.428610014907918,1.35,2.14,4,6,10,12,51.8,48.2,1,2,0,0,2,6
2021-07-18 00:00:00,Orange County SC,Rio Grande Valley FC Toros,0.0,2.0,"Irvine, California",USA,Championship Soccer Stadium,,,,USL Championship,,20210718_Orange-County-SC_Rio-Grande-Valley-FC-Toros,9.586441087486264,1.11,1.72,2,5,3,11,54.6,45.4,1,2,0,0,3,4
2021-07-18 01:30:00,El Paso Locomotive FC,Las Vegas Lights FC,1.0,0.0,"El Paso, Texas",USA,Southwest University Park,,,,USL Championship,,20210718_El-Paso-Locomotive-FC_Las-Vegas-Lights-FC,12.784066281082005,0.64,0.19,3,0,7,0,49.1,50.9,2,2,0,0,7,1
2021-07-18 02:30:00,Phoenix Rising FC,Ventura County FC,5.0,0.0,"Chandler, Arizona",USA,Phoenix Rising Stadium at Wild Horse Pass,,,,USL Championship,,20210718_Phoenix-Rising-FC_Ventura-County-FC,22.7466087541859,1.4,0.82,5,2,11,6,46.2,53.8,2,0,0,0,5,3
2021-07-19 01:00:00,Austin Bold FC,Real Monarchs SLC,1.0,0.0,Austin,USA,Bold Stadium,,,,USL Championship,,20210719_Austin-Bold-FC_Real-Monarchs-SLC,35.15814513294731,1.58,1.1,5,3,11,8,48.5,51.5,2,3,0,0,3,2
2021-07-22 01:30:00,San Antonio FC,New Mexico United,3.0,0.0,"San Antonio, Texas",USA,Toyota Field,,,,USL Championship,,20210722_San-Antonio-FC_New-Mexico-United,-12.02855125867518,1.48,0.81,5,2,9,5,55.8,44.2,1,1,0,0,4,1
2021-07-23 23:00:00,New York Red Bulls II,Pittsburgh Riverhounds,1.0,3.0,"Montclair, New Jersey",USA,MSU Soccer Park,,,,USL Championship,,20210723_New-York-Red-Bulls-II_Pittsburgh-Riverhounds,-10.390485991654714,0.05,1.35,1,4,3,9,50.6,49.4,2,2,0,0,3,4
2021-07-23 23:30:00,Charleston Battery,Charlotte Independence,2.0,0.0,"Mount Pleasant, South Carolina",USA,Patriots Point,,,,USL Championship,,20210723_Charleston-Battery_Charlotte-Independence,13.179787178572951,0.38,0.61,2,2,3,4,41.7,58.3,3,1,0,0,3,4
2021-07-24 02:00:00,Real Monarchs SLC,Las Vegas Lights FC,3.0,2.0,"Herriman, Utah",USA,Zions Bank Stadium,,,,USL Championship,,20210724_Real-Monarchs-SLC_Las-Vegas-Lights-FC,-33.17768010254417,1.59,1.07,5,5,12,11,50.8,49.2,2,2,0,0,11,5
2021-07-24 02:55:00,Colorado Springs Switchbacks FC,Louisville City FC,1.0,1.0,"Colorado Springs, Colorado",USA,Weidner Field,,,,USL Championship,,20210724_Colorado-Springs-Switchbacks-FC_Louisville-City-FC,-46.7719515720014,0.55,1.56,2,5,4,12,50.2,49.8,0,1,0,0,4,3
2021-07-24 23:00:00,Hartford Athletic,Miami FC,2.0,0.0,"Hartford, Connecticut",USA,Trinity Health Stadium,,,,USL Championship,,20210724_Hartford-Athletic_Miami-FC,-24.381716889316067,1.2,0.66,2,3,6,7,51.6,48.4,1,0,0,0,7,6
2021-07-24 23:00:00,Indy Eleven,Birmingham Legion FC,1.0,2.0,"Indianapolis, Indiana",USA,Michael A. Carroll Stadium,,,,USL Championship,,20210724_Indy-Eleven_Birmingham-Legion-FC,-10.343784153801835,0.26,0.98,1,3,3,5,48.2,51.8,2,3,0,0,2,1
2021-07-24 23:30:00,Tampa Bay Rowdies,Loudoun United FC,3.0,1.0,"St. Petersburg, Florida",USA,Al Lang Stadium,,,,USL Championship,,20210724_Tampa-Bay-Rowdies_Loudoun-United-FC,11.213934712699938,1.06,1.19,5,5,12,12,60.9,39.1,5,2,0,0,9,7
2021-07-25 00:30:00,Memphis 901 FC,FC Tulsa,1.0,0.0,"Memphis, Tennessee",USA,AutoZone Park,,,,USL Championship,,20210725_Memphis-901-FC_FC-Tulsa,12.014731989905158,1.34,0.86,3,3,8,7,48.5,51.5,1,3,0,0,2,5
2021-07-25 00:30:00,Oklahoma City Energy FC,Sporting Kansas City II,0.0,0.0,"Oklahoma City, Oklahoma",USA,Taft Stadium,,,,USL Championship,,20210725_Oklahoma-City-Energy-FC_Sporting-Kansas-City-II,0.4280296088675186,0.05,1.13,1,3,1,7,42.6,57.4,4,2,0,0,0,8
2021-07-25 01:00:00,Rio Grande Valley FC Toros,Austin Bold FC,1.0,1.0,"Edinburg, Texas",USA,H-E-B Park,,,,USL Championship,,20210725_Rio-Grande-Valley-FC-Toros_Austin-Bold-FC,-9.63018756948918,0.22,1.68,1,4,4,9,50.8,49.2,2,3,1,0,0,4
2021-07-25 01:30:00,New Mexico United,El Paso Locomotive FC,0.0,0.0,"Albuquerque, New Mexico",USA,Rio Grande Credit Union Field at Isotopes Park,,,,USL Championship,,20210725_New-Mexico-United_El-Paso-Locomotive-FC,-35.10402618512694,1.34,0.26,4,0,10,0,45.9,54.1,1,1,0,0,6,1
2021-07-25 02:00:00,Orange County SC,Sacramento Republic FC,2.0,2.0,"Irvine, California",USA,Championship Soccer Stadium,,,,USL Championship,,20210725_Orange-County-SC_Sacramento-Republic-FC,-3.927646399950163,0.99,0.64,2,2,4,5,53.2,46.8,3,2,0,0,5,5
2021-07-25 02:30:00,San Diego Loyal SC,Phoenix Rising FC,0.0,1.0,"San Diego, California",USA,Torero Stadium,,,,USL Championship,,20210725_San-Diego-Loyal-SC_Phoenix-Rising-FC,-9.204777959190778,1.17,0.67,5,5,10,11,51.3,48.7,2,2,0,0,4,6
2021-07-26 00:00:00,Ventura County FC,Oakland Roots,3.0,0.0,"Carson, California",USA,Dignity Health Sports Park,,,,USL Championship,,20210726_Ventura-County-FC_Oakland-Roots,-11.601196389424786,1.2,0.57,3,3,6,6,56.1,43.9,1,3,1,0,3,5
2021-07-27 23:00:00,Loudoun United FC,Charleston Battery,3.0,5.0,"Leesburg, Virginia",USA,Segra Field,,,,USL Championship,,20210727_Loudoun-United-FC_Charleston-Battery,-47.95297227053311,0.34,1.89,3,7,7,14,52.5,47.5,2,0,0,0,5,9
2021-07-28 02:30:00,Las Vegas Lights FC,Orange County SC,3.0,1.0,"Las Vegas, Nevada",USA,Cashman Field,,,,USL Championship,,20210728_Las-Vegas-Lights-FC_Orange-County-SC,-12.13239231416901,1.62,1.61,4,6,8,13,49.3,50.7,4,1,0,0,3,7
2021-07-28 23:30:00,Atlanta United 2,FC Tulsa,2.0,1.0,"Kennesaw, Georgia",USA,Fifth Third Bank Stadium,,,,USL Championship,,20210728_Atlanta-United-2_FC-Tulsa,-11.959215506343526,2.32,0.91,6,4,13,8,58.5,41.5,2,2,0,0,8,7
2021-07-29 00:00:00,Sporting Kansas City II,Louisville City FC,1.0,2.0,"Kansas City, Kansas",USA,Children's Mercy Park,,,,USL Championship,,20210729_Sporting-Kansas-City-II_Louisville-City-FC,-20.737604704176192,0.44,2.09,1,6,3,13,51.4,48.6,2,1,1,0,4,3
2021-07-29 00:30:00,San Antonio FC,El Paso Locomotive FC,1.0,2.0,"San Antonio, Texas",USA,Toyota Field,,,,USL Championship,,20210729_San-Antonio-FC_El-Paso-Locomotive-FC,-21.09366528468081,1.47,0.41,5,2,11,5,48.0,52.0,1,1,0,0,10,3
2021-07-30 02:00:00,Tacoma Defiance,San Diego Loyal SC,2.0,1.0,"Tacoma, Washington",USA,Cheney Stadium,,,,USL Championship,,20210730_Tacoma-Defiance_San-Diego-Loyal-SC,-12.30471356184421,1.13,0.75,3,2,7,4,44.5,55.5,1,1,0,0,4,1
2021-07-31 23:00:00,Charlotte Independence,Tampa Bay Rowdies,2.0,0.0,"Charlotte, North Carolina",USA,American Legion Memorial Stadium,,,,USL Championship,,20210731_Charlotte-Independence_Tampa-Bay-Rowdies,-22.756396348041335,0.44,0.05,2,1,2,1,54.8,45.2,2,1,0,0,4,1
2021-07-31 23:00:00,Loudoun United FC,Colorado Springs Switchbacks FC,1.0,3.0,"Leesburg, Virginia",USA,Segra Field,,,,USL Championship,,20210731_Loudoun-United-FC_Colorado-Springs-Switchbacks-FC,-33.53523309434013,0.83,1.01,3,4,6,7,46.3,53.7,0,1,0,1,4,6
2021-07-31 23:00:00,Pittsburgh Riverhounds,Hartford Athletic,3.0,1.0,"Pittsburgh, Pennsylvania",USA,Highmark Stadium,,,,USL Championship,,20210731_Pittsburgh-Riverhounds_Hartford-Athletic,10.824145175412468,1.5,1.24,4,5,9,11,48.1,51.9,1,0,0,0,1,5
2021-07-31 23:30:00,Birmingham Legion FC,Atlanta United 2,2.0,2.0,"Birmingham, Alabama",USA,BBVA Field,,,,USL Championship,,20210731_Birmingham-Legion-FC_Atlanta-United-2,22.788102448464315,0.89,0.88,4,2,10,5,51.8,48.2,3,2,0,1,1,3
2021-07-31 23:30:00,Louisville City FC,Oklahoma City Energy FC,2.0,1.0,"Louisville, Kentucky",USA,Lynn Family Stadium,,,,USL Championship,,20210731_Louisville-City-FC_Oklahoma-City-Energy-FC,31.62374019155095,0.81,1.19,3,4,8,10,51.8,48.2,2,2,0,0,3,6
2021-08-01 00:30:00,Oakland Roots,Orange County SC,0.0,3.0,Livermore,,Las Positas College,,,,USL Championship,,20210801_Oakland-Roots_Orange-County-SC,-9.372745997139418,0.12,2.21,0,8,3,19,52.7,47.3,2,2,0,0,6,15
2021-08-01 01:00:00,Austin Bold FC,San Antonio FC,0.0,3.0,Austin,USA,Bold Stadium,,,,USL Championship,,20210801_Austin-Bold-FC_San-Antonio-FC,20.900530886181286,0.71,1.1,0,5,0,10,55.9,44.1,3,3,0,0,5,10
2021-08-01 01:30:00,El Paso Locomotive FC,Real Monarchs SLC,3.0,1.0,"El Paso, Texas",USA,Southwest University Park,,,,USL Championship,,20210801_El-Paso-Locomotive-FC_Real-Monarchs-SLC,66.00061008405669,0.48,1.33,3,3,7,7,50.1,49.9,2,2,0,0,7,5
2021-08-01 02:30:00,Phoenix Rising FC,Rio Grande Valley FC Toros,3.0,1.0,"Chandler, Arizona",USA,Phoenix Rising Stadium at Wild Horse Pass,,,,USL Championship,,20210801_Phoenix-Rising-FC_Rio-Grande-Valley-FC-Toros,20.594976367902746,0.15,0.55,3,2,8,2,46.6,53.4,1,0,0,0,1,3
2021-08-01 03:00:00,Sacramento Republic FC,New York Red Bulls II,3.0,1.0,"Sacramento, California",USA,Heart Health Park,,,,USL Championship,,20210801_Sacramento-Republic-FC_New-York-Red-Bulls-II,1.502941243588566,1.37,1.02,5,3,10,6,51.1,48.9,0,0,0,0,3,5
2021-08-01 20:30:00,Tacoma Defiance,New Mexico United,0.0,0.0,"Tacoma, Washington",USA,Cheney Stadium,,,,USL Championship,,20210801_Tacoma-Defiance_New-Mexico-United,0.4027288873876387,1.51,1.92,4,5,8,12,46.8,53.2,0,3,0,0,2,8
2021-08-01 21:00:00,Sporting Kansas City II,Memphis 901 FC,1.0,2.0,"Kansas City, Kansas",USA,Children's Mercy Park,,,,USL Championship,,20210801_Sporting-Kansas-City-II_Memphis-901-FC,-34.0416837447799,1.18,0.86,4,3,10,6,52.2,47.8,2,1,0,0,8,2
2021-08-01 23:30:00,Miami FC,Charleston Battery,3.0,2.0,"Miami, Florida",USA,FIU Soccer Stadium,,,,USL Championship,,20210801_Miami-FC_Charleston-Battery,8.789729766627033,0.62,1.36,3,4,6,6,48.0,52.0,0,1,0,0,6,3
2021-08-02 00:00:00,Ventura County FC,San Diego Loyal SC,0.0,2.0,"Carson, California",USA,Dignity Health Sports Park,,,,USL Championship,,20210802_Ventura-County-FC_San-Diego-Loyal-SC,0.534715136810064,1.24,1.25,3,3,6,5,50.3,49.7,1,1,0,0,2,1
2021-08-04 23:00:00,Hartford Athletic,Miami FC,1.0,1.0,"Hartford, Connecticut",USA,Trinity Health Stadium,,,,USL Championship,,20210804_Hartford-Athletic_Miami-FC,-22.022993311753908,0.05,0.78,1,4,5,9,40.8,59.2,3,4,0,0,4,6
2021-08-05 00:00:00,Birmingham Legion FC,Atlanta United 2,3.0,1.0,"Birmingham, Alabama",USA,BBVA Field,,,,USL Championship,,20210805_Birmingham-Legion-FC_Atlanta-United-2,21.216209532950188,1.26,1.72,4,7,8,13,48.3,51.7,4,2,0,0,4,8
2021-08-05 00:00:00,FC Tulsa,Indy Eleven,0.0,2.0,"Tulsa, Oklahoma",USA,ONEOK Field,,,,USL Championship,,20210805_FC-Tulsa_Indy-Eleven,-2.0252022772090186,1.27,1.61,1,5,3,12,52.8,47.2,1,0,0,0,5,5
2021-08-05 01:00:00,Austin Bold FC,Colorado Springs Switchbacks FC,2.0,1.0,Austin,USA,Bold Stadium,,,,USL Championship,,20210805_Austin-Bold-FC_Colorado-Springs-Switchbacks-FC,20.884692082149286,1.13,1.1,3,2,7,3,45.0,55.0,2,1,1,0,3,1
2021-08-05 01:00:00,El Paso Locomotive FC,San Antonio FC,2.0,0.0,"El Paso, Texas",USA,Southwest University Park,,,,USL Championship,,20210805_El-Paso-Locomotive-FC_San-Antonio-FC,40.66479534619634,1.5,0.73,4,1,9,2,50.7,49.3,1,3,0,0,9,2
2021-08-05 02:00:00,Oakland Roots,Phoenix Rising FC,0.0,1.0,"Oakland, California",USA,Laney Football Stadium,,,,USL Championship,,20210805_Oakland-Roots_Phoenix-Rising-FC,-80.62493035313219,0.91,0.57,5,3,11,6,53.0,47.0,2,2,0,0,9,2
2021-08-05 02:00:00,Real Monarchs SLC,Rio Grande Valley FC Toros,0.0,3.0,"Herriman, Utah",USA,Zions Bank Stadium,,,,USL Championship,,20210805_Real-Monarchs-SLC_Rio-Grande-Valley-FC-Toros,-32.75560245309839,0.84,0.87,3,4,7,7,51.2,48.8,2,1,0,0,9,4
2021-08-06 02:00:00,Tacoma Defiance,Sacramento Republic FC,1.0,1.0,"Tacoma, Washington",USA,Cheney Stadium,,,,USL Championship,,20210806_Tacoma-Defiance_Sacramento-Republic-FC,-12.199876051506408,1.2,1.19,5,2,11,3,43.0,57.0,0,0,0,0,6,3
2021-08-06 23:00:00,Loudoun United FC,Charlotte Independence,0.0,0.0,"Leesburg, Virginia",USA,Segra Field,,,,USL Championship,,20210806_Loudoun-United-FC_Charlotte-Independence,-45.66755016393836,0.81,0.84,1,3,0,7,41.7,58.3,3,1,0,0,1,5
2021-08-06 23:00:00,New York Red Bulls II,Tampa Bay Rowdies,1.0,2.0,"Montclair, New Jersey",USA,MSU Soccer Park,,,,USL Championship,,20210806_New-York-Red-Bulls-II_Tampa-Bay-Rowdies,11.945043119521188,0.72,1.09,3,3,6,5,46.0,54.0,0,1,0,0,1,2
2021-08-06 23:30:00,Charleston Battery,Pittsburgh Riverhounds,2.0,3.0,"Mount Pleasant, South Carolina",USA,Patriots Point,,,,USL Championship,,20210806_Charleston-Battery_Pittsburgh-Riverhounds,-44.236374465188646,1.57,1.53,6,6,15,14,54.4,45.6,1,3,0,0,13,8
2021-08-07 23:30:00,Louisville City FC,Sporting Kansas City II,4.0,1.0,"Louisville, Kentucky",USA,Lynn Family Stadium,,,,USL Championship,,20210807_Louisville-City-FC_Sporting-Kansas-City-II,65.04555146330404,1.96,0.61,6,3,12,7,54.2,45.8,1,1,0,0,6,8
2021-08-08 00:00:00,FC Tulsa,Birmingham Legion FC,3.0,1.0,"Tulsa, Oklahoma",USA,ONEOK Field,,,,USL Championship,,20210808_FC-Tulsa_Birmingham-Legion-FC,-58.06690805753897,0.48,0.05,3,1,6,3,50.7,49.3,4,2,0,0,2,1
2021-08-08 00:30:00,Oklahoma City Energy FC,Memphis 901 FC,4.0,1.0,"Oklahoma City, Oklahoma",USA,Taft Stadium,,,,USL Championship,,20210808_Oklahoma-City-Energy-FC_Memphis-901-FC,-44.097374498087675,1.88,1.37,7,6,14,12,44.0,56.0,3,0,0,0,8,6
2021-08-08 01:00:00,Colorado Springs Switchbacks FC,Hartford Athletic,4.0,2.0,"Colorado Springs, Colorado",USA,Weidner Field,,,,USL Championship,,20210808_Colorado-Springs-Switchbacks-FC_Hartford-Athletic,-34.783202692087116,0.91,1.26,4,4,10,10,48.2,51.8,2,3,0,0,6,5
2021-08-08 01:30:00,El Paso Locomotive FC,Austin Bold FC,3.0,0.0,"El Paso, Texas",USA,Southwest University Park,,,,USL Championship,,20210808_El-Paso-Locomotive-FC_Austin-Bold-FC,44.52861334527711,1.33,0.72,3,4,6,9,55.1,44.9,0,1,0,0,6,10
2021-08-08 02:00:00,Orange County SC,Ventura County FC,2.0,3.0,"Irvine, California",USA,Championship Soccer Stadium,,,,USL Championship,,20210808_Orange-County-SC_Ventura-County-FC,19.867681553849252,1.64,1.88,5,6,9,13,56.2,43.8,2,2,1,0,7,6
2021-08-08 02:30:00,Las Vegas Lights FC,Phoenix Rising FC,2.0,2.0,"Las Vegas, Nevada",USA,Cashman Field,,,,USL Championship,,20210808_Las-Vegas-Lights-FC_Phoenix-Rising-FC,-56.13473130544685,0.72,0.4,3,2,7,4,51.1,48.9,2,0,0,0,3,2
2021-08-08 02:30:00,San Diego Loyal SC,Real Monarchs SLC,0.0,1.0,"San Diego, California",USA,Torero Stadium,,,,USL Championship,,20210808_San-Diego-Loyal-SC_Real-Monarchs-SLC,42.53666022090738,1.11,0.71,3,1,9,2,49.2,50.8,3,0,0,0,8,3
2021-08-08 20:30:00,Tacoma Defiance,Oakland Roots,3.0,1.0,"Tacoma, Washington",USA,Cheney Stadium,,,,USL Championship,,20210808_Tacoma-Defiance_Oakland-Roots,46.55797049348598,1.19,0.89,3,4,6,10,55.5,44.5,3,1,0,0,7,3
2021-08-08 23:30:00,Atlanta United 2,Indy Eleven,6.0,2.0,"Kennesaw, Georgia",USA,Fifth Third Bank Stadium,,,,USL Championship,,20210808_Atlanta-United-2_Indy-Eleven,-11.570864445964617,1.76,1.35,6,4,12,8,50.9,49.1,1,0,0,0,9,3
2021-08-09 00:30:00,Rio Grande Valley FC Toros,San Antonio FC,1.0,2.0,"Edinburg, Texas",USA,H-E-B Park,,,,USL Championship,,20210809_Rio-Grande-Valley-FC-Toros_San-Antonio-FC,9.398754727186997,1.07,1.22,4,3,10,8,52.9,47.1,2,0,0,0,7,5
2021-08-10 23:00:00,New York Red Bulls II,Charlotte Independence,2.0,3.0,"Montclair, New Jersey",USA,MSU Soccer Park,,,,USL Championship,,20210810_New-York-Red-Bulls-II_Charlotte-Independence,-1.7123973495040445,1.76,1.32,6,3,11,6,47.8,52.2,1,3,0,0,5,4
2021-08-11 00:00:00,Memphis 901 FC,Colorado Springs Switchbacks FC,1.0,1.0,"Memphis, Tennessee",USA,AutoZone Park,,,,USL Championship,,20210811_Memphis-901-FC_Colorado-Springs-Switchbacks-FC,30.12981109636712,1.0,1.76,4,6,10,13,47.5,52.5,1,5,0,0,11,6
2021-08-11 22:00:00,Pittsburgh Riverhounds,Miami FC,2.0,3.0,"Pittsburgh, Pennsylvania",USA,Highmark Stadium,,,,USL Championship,,20210811_Pittsburgh-Riverhounds_Miami-FC,23.293651027053784,1.02,1.3,3,3,6,8,47.4,52.6,2,1,0,0,9,11
2021-08-11 23:30:00,Atlanta United 2,Oklahoma City Energy FC,2.0,2.0,"Kennesaw, Georgia",USA,Fifth Third Bank Stadium,,,,USL Championship,,20210811_Atlanta-United-2_Oklahoma-City-Energy-FC,-13.059680204984033,0.82,2.43,3,6,7,12,51.0,49.0,2,3,0,0,4,4
2021-08-12 00:00:00,Birmingham Legion FC,Sporting Kansas City II,4.0,2.0,"Birmingham, Alabama",USA,BBVA Field,,,,USL Championship,,20210812_Birmingham-Legion-FC_Sporting-Kansas-City-II,39.20071912483695,1.27,1.16,7,3,16,6,51.5,48.5,0,4,0,0,3,5
2021-08-12 02:00:00,Oakland Roots,Sacramento Republic FC,0.0,0.0,Livermore,,Las Positas College,,,,USL Championship,,20210812_Oakland-Roots_Sacramento-Republic-FC,-68.31695659465277,0.07,1.15,1,5,2,10,47.8,52.2,2,1,0,0,1,2
2021-08-13 23:30:00,Charleston Battery,Loudoun United FC,1.0,0.0,"Mount Pleasant, South Carolina",USA,Patriots Point,,,,USL Championship,,20210813_Charleston-Battery_Loudoun-United-FC,55.76159967199237,2.06,1.02,6,2,12,6,51.0,49.0,2,2,1,0,4,6
2021-08-13 23:30:00,Tampa Bay Rowdies,Hartford Athletic,1.0,0.0,"St. Petersburg, Florida",USA,Al Lang Stadium,,,,USL Championship,,20210813_Tampa-Bay-Rowdies_Hartford-Athletic,-10.265524747245536,0.06,1.58,1,6,3,14,47.3,52.7,3,2,0,0,3,6
2021-08-14 21:00:00,Oakland Roots,Ventura County FC,2.0,1.0,Oakland,,Merrit College,,,,USL Championship,,20210814_Oakland-Roots_Ventura-County-FC,-42.87934369619097,0.61,1.64,2,7,3,15,54.9,45.1,2,1,0,0,4,0
2021-08-14 21:00:00,Sporting Kansas City II,Atlanta United 2,1.0,4.0,"Kansas City, Kansas",USA,Children's Mercy Park,,,,USL Championship,,20210814_Sporting-Kansas-City-II_Atlanta-United-2,-32.93746760779436,1.52,2.08,5,7,10,14,47.3,52.7,1,1,0,0,6,6
2021-08-14 23:00:00,Charlotte Independence,Pittsburgh Riverhounds,1.0,0.0,"Charlotte, North Carolina",USA,American Legion Memorial Stadium,,,,USL Championship,,20210814_Charlotte-Independence_Pittsburgh-Riverhounds,-53.683462040561835,1.16,0.15,4,0,9,0,41.9,58.1,1,2,0,0,9,3
2021-08-14 23:00:00,Indy Eleven,Oklahoma City Energy FC,2.0,1.0,"Indianapolis, Indiana",USA,Michael A. Carroll Stadium,,,,USL Championship,,20210814_Indy-Eleven_Oklahoma-City-Energy-FC,-25.83695432972104,1.55,1.17,5,3,11,7,49.0,51.0,2,2,0,0,6,7
2021-08-14 23:30:00,Louisville City FC,FC Tulsa,2.0,1.0,"Louisville, Kentucky",USA,Lynn Family Stadium,,,,USL Championship,,20210814_Louisville-City-FC_FC-Tulsa,75.49613669764972,0.93,0.83,4,3,8,7,57.9,42.1,2,1,0,0,4,5
2021-08-15 00:00:00,Rio Grande Valley FC Toros,Colorado Springs Switchbacks FC,2.0,5.0,"Edinburg, Texas",USA,H-E-B Park,,,,USL Championship,,20210815_Rio-Grande-Valley-FC-Toros_Colorado-Springs-Switchbacks-FC,8.942644176535168,0.96,2.1,5,8,10,17,57.9,42.1,3,2,0,0,5,11
2021-08-15 00:30:00,Memphis 901 FC,Birmingham Legion FC,1.0,1.0,"Memphis, Tennessee",USA,AutoZone Park,,,,USL Championship,,20210815_Memphis-901-FC_Birmingham-Legion-FC,1.0714750269901288,1.07,0.76,4,2,10,5,50.9,49.1,1,3,1,0,4,5
2021-08-15 01:00:00,Austin Bold FC,Miami FC,0.0,0.0,Austin,USA,Bold Stadium,,,,USL Championship,,20210815_Austin-Bold-FC_Miami-FC,-35.116904942266046,1.99,1.69,7,6,14,12,51.6,48.4,1,1,0,0,8,11
2021-08-15 01:30:00,New Mexico United,El Paso Locomotive FC,1.0,1.0,"Albuquerque, New Mexico",USA,Rio Grande Credit Union Field at Isotopes Park,,,,USL Championship,,20210815_New-Mexico-United_El-Paso-Locomotive-FC,-74.76549739474376,0.91,0.9,2,2,6,5,50.9,49.1,1,1,0,0,3,6
2021-08-15 02:30:00,San Diego Loyal SC,Tacoma Defiance,1.0,2.0,"San Diego, California",USA,Torero Stadium,,,,USL Championship,,20210815_San-Diego-Loyal-SC_Tacoma-Defiance,-24.797097144217105,1.29,0.54,5,3,10,8,61.6,38.4,2,1,0,0,4,1
2021-08-15 03:00:00,Sacramento Republic FC,Las Vegas Lights FC,2.0,1.0,"Sacramento, California",USA,Heart Health Park,,,,USL Championship,,20210815_Sacramento-Republic-FC_Las-Vegas-Lights-FC,10.644999888230814,0.82,0.87,2,3,5,7,49.0,51.0,0,2,0,0,0,2
2021-08-17 23:00:00,Hartford Athletic,Charleston Battery,2.0,1.0,"Hartford, Connecticut",USA,Trinity Health Stadium,,,,USL Championship,,20210817_Hartford-Athletic_Charleston-Battery,-14.242601776455558,1.01,1.7,2,5,4,12,53.1,46.9,2,1,0,0,2,5
2021-08-18 01:00:00,Austin Bold FC,Rio Grande Valley FC Toros,1.0,1.0,Austin,USA,Bold Stadium,,,,USL Championship,,20210818_Austin-Bold-FC_Rio-Grande-Valley-FC-Toros,23.31288123873651,1.3,0.78,5,4,13,9,51.2,48.8,0,1,0,0,5,11
2021-08-18 22:00:00,Pittsburgh Riverhounds,Tampa Bay Rowdies,0.0,0.0,"Pittsburgh, Pennsylvania",USA,Highmark Stadium,,,,USL Championship,,20210818_Pittsburgh-Riverhounds_Tampa-Bay-Rowdies,28.262948969842455,0.53,0.64,1,3,5,8,49.1,50.9,3,4,0,0,3,2
2021-08-19 01:30:00,New Mexico United,Oakland Roots,1.0,1.0,"Albuquerque, New Mexico",USA,Rio Grande Credit Union Field at Isotopes Park,,,,USL Championship,,20210819_New-Mexico-United_Oakland-Roots,42.903377143812804,0.96,1.02,4,3,9,5,49.4,50.6,1,0,0,0,6,3
2021-08-19 02:00:00,Orange County SC,Tacoma Defiance,0.0,3.0,"Irvine, California",USA,Championship Soccer Stadium,,,,USL Championship,,20210819_Orange-County-SC_Tacoma-Defiance,-38.80021815136024,0.84,1.47,2,4,2,10,49.1,50.9,1,2,0,0,5,5
2021-08-19 02:30:00,San Diego Loyal SC,Las Vegas Lights FC,5.0,1.0,"San Diego, California",USA,Torero Stadium,,,,USL Championship,,20210819_San-Diego-Loyal-SC_Las-Vegas-Lights-FC,-12.290983926433228,1.56,0.09,5,1,10,3,44.1,55.9,0,1,0,0,10,5
2021-08-20 23:00:00,New York Red Bulls II,Charleston Battery,2.0,3.0,"Montclair, New Jersey",USA,MSU Soccer Park,,,,USL Championship,,20210820_New-York-Red-Bulls-II_Charleston-Battery,-24.482646970725455,1.39,0.87,4,3,9,8,52.1,47.9,2,0,0,0,4,4
2021-08-21 23:00:00,Charlotte Independence,Colorado Springs Switchbacks FC,3.0,3.0,"Charlotte, North Carolina",USA,American Legion Memorial Stadium,,,,USL Championship,,20210821_Charlotte-Independence_Colorado-Springs-Switchbacks-FC,-0.6108784842033401,2.1,1.55,6,6,14,13,51.9,48.1,0,0,0,0,4,7
2021-08-22 01:30:00,El Paso Locomotive FC,Rio Grande Valley FC Toros,3.0,1.0,"El Paso, Texas",USA,Southwest University Park,,,,USL Championship,,20210822_El-Paso-Locomotive-FC_Rio-Grande-Valley-FC-Toros,84.2263519176131,2.18,0.91,7,5,16,14,60.5,39.5,1,2,1,0,9,4
2021-08-22 02:30:00,Las Vegas Lights FC,Oakland Roots,1.0,3.0,"Las Vegas, Nevada",USA,Cashman Field,,,,USL Championship,,20210822_Las-Vegas-Lights-FC_Oakland-Roots,14.008024969705275,1.22,1.74,4,6,8,13,59.2,40.8,0,3,0,0,10,4
2021-08-22 02:30:00,Phoenix Rising FC,Sacramento Republic FC,0.0,0.0,"Chandler, Arizona",USA,Phoenix Rising Stadium at Wild Horse Pass,,,,USL Championship,,20210822_Phoenix-Rising-FC_Sacramento-Republic-FC,30.013024501139398,1.41,0.05,5,0,10,0,48.9,51.1,0,2,0,0,4,2
2021-08-22 02:30:00,San Diego Loyal SC,Orange County SC,1.0,2.0,"San Diego, California",USA,Torero Stadium,,,,USL Championship,,20210822_San-Diego-Loyal-SC_Orange-County-SC,14.802911118853672,0.61,1.26,1,4,4,9,42.3,57.7,0,2,0,1,1,8
2021-08-22 21:00:00,Birmingham Legion FC,FC Tulsa,1.0,2.0,"Birmingham, Alabama",USA,BBVA Field,,,,USL Championship,,20210822_Birmingham-Legion-FC_FC-Tulsa,50.21423664761005,0.96,0.67,4,2,6,7,46.8,53.2,0,1,0,0,4,3
2021-08-22 21:00:00,Sporting Kansas City II,Indy Eleven,1.0,1.0,"Kansas City, Kansas",USA,Children's Mercy Park,,,,USL Championship,,20210822_Sporting-Kansas-City-II_Indy-Eleven,-43.01499883777433,0.62,1.46,1,4,0,8,51.2,48.8,1,0,1,0,1,7
2021-08-22 22:00:00,Oklahoma City Energy FC,Louisville City FC,0.0,0.0,"Oklahoma City, Oklahoma",USA,Taft Stadium,,,,USL Championship,,20210822_Oklahoma-City-Energy-FC_Louisville-City-FC,-72.48393423805214,1.38,0.32,4,1,9,1,39.9,60.1,2,2,0,0,3,2
2021-08-22 22:30:00,Miami FC,Hartford Athletic,2.0,0.0,"Miami, Florida",USA,FIU Soccer Stadium,,,,USL Championship,,20210822_Miami-FC_Hartford-Athletic,45.15846300360022,1.95,0.37,6,1,14,4,42.4,57.6,1,3,0,0,8,6
2021-08-22 23:00:00,Pittsburgh Riverhounds,Atlanta United 2,4.0,1.0,"Pittsburgh, Pennsylvania",USA,Highmark Stadium,,,,USL Championship,,20210822_Pittsburgh-Riverhounds_Atlanta-United-2,26.447047301141083,1.49,2.11,7,6,16,15,47.6,52.4,2,2,0,0,7,2
2021-08-23 23:00:00,Loudoun United FC,Tampa Bay Rowdies,0.0,2.0,"Leesburg, Virginia",USA,Segra Field,,,,USL Championship,,20210823_Loudoun-United-FC_Tampa-Bay-Rowdies,-77.11726517207444,0.26,0.97,1,3,1,6,42.6,57.4,1,0,0,0,1,1
2021-08-24 01:00:00,Austin Bold FC,New Mexico United,1.0,1.0,Austin,USA,Bold Stadium,,,,USL Championship,,20210824_Austin-Bold-FC_New-Mexico-United,8.632039794755883,0.88,1.15,4,5,7,10,53.3,46.7,3,0,0,0,3,3
2021-08-26 00:00:00,FC Tulsa,Memphis 901 FC,2.0,1.0,"Tulsa, Oklahoma",USA,ONEOK Field,,,,USL Championship,,20210826_FC-Tulsa_Memphis-901-FC,-37.489334542435245,1.74,1.15,4,2,10,5,52.0,48.0,1,4,0,0,1,2
2021-08-26 02:00:00,Oakland Roots,Phoenix Rising FC,3.0,1.0,Livermore,,Las Positas College,,,,USL Championship,,20210826_Oakland-Roots_Phoenix-Rising-FC,-76.83768699551479,0.95,0.26,3,1,8,1,50.1,49.9,2,3,0,1,7,4
2021-08-28 02:30:00,Las Vegas Lights FC,Ventura County FC,2.0,3.0,"Las Vegas, Nevada",USA,Cashman Field,,,,USL Championship,,20210828_Las-Vegas-Lights-FC_Ventura-County-FC,-12.933480538443746,1.13,1.9,5,5,11,12,46.3,53.7,3,3,0,0,5,7
2021-08-28 23:00:00,Hartford Athletic,Pittsburgh Riverhounds,2.0,3.0,"Hartford, Connecticut",USA,Trinity Health Stadium,,,,USL Championship,,20210828_Hartford-Athletic_Pittsburgh-Riverhounds,-50.77798624770048,0.29,1.97,2,8,4,16,43.8,56.2,1,3,0,0,3,10
2021-08-28 23:00:00,Indy Eleven,Real Monarchs SLC,2.0,0.0,"Indianapolis, Indiana",USA,Michael A. Carroll Stadium,,,,USL Championship,,20210828_Indy-Eleven_Real-Monarchs-SLC,16.91961615682635,1.83,1.45,7,7,15,15,51.1,48.9,1,2,0,0,9,6
2021-08-28 23:30:00,Birmingham Legion FC,Louisville City FC,2.0,1.0,"Birmingham, Alabama",USA,BBVA Field,,,,USL Championship,,20210828_Birmingham-Legion-FC_Louisville-City-FC,-55.401927321974426,1.13,2.08,2,7,5,17,48.7,51.3,4,1,0,0,3,9
2021-08-28 23:30:00,Charleston Battery,Orange County SC,0.0,0.0,"Mount Pleasant, South Carolina",USA,Patriots Point,,,,USL Championship,,20210828_Charleston-Battery_Orange-County-SC,13.072932950298764,1.16,0.54,3,3,7,6,49.5,50.5,3,4,0,0,6,2
2021-08-28 23:30:00,Tampa Bay Rowdies,Charlotte Independence,2.0,0.0,"St. Petersburg, Florida",USA,Al Lang Stadium,,,,USL Championship,,20210828_Tampa-Bay-Rowdies_Charlotte-Independence,8.073704442525923,0.74,1.28,3,5,9,11,46.4,53.6,1,3,0,0,4,7
2021-08-29 00:00:00,FC Tulsa,Atlanta United 2,3.0,1.0,"Tulsa, Oklahoma",USA,ONEOK Field,,,,USL Championship,,20210829_FC-Tulsa_Atlanta-United-2,4.624296778043117,0.9,1.16,3,6,5,12,46.2,53.8,1,2,0,0,4,7
2021-08-29 00:30:00,Oakland Roots,Tacoma Defiance,3.0,1.0,"Oakland, California",USA,Laney Football Stadium,,,,USL Championship,,20210829_Oakland-Roots_Tacoma-Defiance,-44.79888742387561,2.0,0.69,6,3,12,7,52.6,47.4,0,2,0,0,8,2
2021-08-29 01:00:00,Colorado Springs Switchbacks FC,Austin Bold FC,4.0,1.0,"Colorado Springs, Colorado",USA,Weidner Field,,,,USL Championship,,20210829_Colorado-Springs-Switchbacks-FC_Austin-Bold-FC,-6.556953905753517,1.4,0.91,4,2,9,3,47.8,52.2,1,4,0,0,4,4
2021-08-29 01:15:00,San Antonio FC,El Paso Locomotive FC,2.0,1.0,"San Antonio, Texas",USA,Toyota Field,,,,USL Championship,,20210829_San-Antonio-FC_El-Paso-Locomotive-FC,-66.61781836260934,0.79,1.8,2,6,3,16,47.7,52.3,1,0,0,0,7,7
2021-08-29 02:30:00,Phoenix Rising FC,New Mexico United,3.0,2.0,"Chandler, Arizona",USA,Phoenix Rising Stadium at Wild Horse Pass,,,,USL Championship,,20210829_Phoenix-Rising-FC_New-Mexico-United,34.45703428846218,1.96,1.22,5,5,11,13,51.3,48.7,1,3,0,0,8,5
2021-08-29 03:00:00,Sacramento Republic FC,San Diego Loyal SC,1.0,3.0,"Sacramento, California",USA,Heart Health Park,,,,USL Championship,,20210829_Sacramento-Republic-FC_San-Diego-Loyal-SC,47.32155234846459,0.51,1.02,2,3,5,8,58.2,41.8,1,1,0,0,4,4
2021-08-29 21:00:00,Sporting Kansas City II,Memphis 901 FC,0.0,0.0,"Kansas City, Kansas",USA,Children's Mercy Park,,,,USL Championship,,20210829_Sporting-Kansas-City-II_Memphis-901-FC,-57.636531198709235,1.45,0.69,5,2,11,4,46.4,53.6,0,2,0,0,5,2
2021-08-29 22:00:00,Oklahoma City Energy FC,Rio Grande Valley FC Toros,2.0,1.0,"Oklahoma City, Oklahoma",USA,Taft Stadium,,,,USL Championship,,20210829_Oklahoma-City-Energy-FC_Rio-Grande-Valley-FC-Toros,12.85926251167848,2.6,0.9,8,5,19,12,50.5,49.5,0,2,0,0,7,4
2021-08-29 22:30:00,Miami FC,New York Red Bulls II,3.0,0.0,"Miami, Florida",USA,FIU Soccer Stadium,,,,USL Championship,,20210829_Miami-FC_New-York-Red-Bulls-II,101.98660395107026,1.28,0.47,5,1,12,3,56.3,43.7,2,3,0,0,10,3
2021-09-01 22:00:00,Pittsburgh Riverhounds,New York Red Bulls II,1.0,0.0,"Pittsburgh, Pennsylvania",USA,Highmark Stadium,,,,USL Championship,,20210901_Pittsburgh-Riverhounds_New-York-Red-Bulls-II,105.54199794396231,1.58,0.56,4,2,9,5,56.2,43.8,0,0,0,0,6,5
2021-09-02 00:00:00,Memphis 901 FC,Oklahoma City Energy FC,0.0,1.0,"Memphis, Tennessee",USA,AutoZone Park,,,,USL Championship,,20210902_Memphis-901-FC_Oklahoma-City-Energy-FC,0.04769088990633463,1.18,0.3,4,3,7,7,48.8,51.2,1,0,0,0,6,5
2021-09-02 00:00:00,Sporting Kansas City II,Birmingham Legion FC,0.0,1.0,"Kansas City, Kansas",USA,Children's Mercy Park,,,,USL Championship,,20210902_Sporting-Kansas-City-II_Birmingham-Legion-FC,-68.13136877711713,1.61,1.48,5,5,10,11,47.5,52.5,3,6,0,1,8,5
2021-09-02 00:30:00,San Antonio FC,Real Monarchs SLC,3.0,2.0,"San Antonio, Texas",USA,Toyota Field,,,,USL Championship,,20210902_San-Antonio-FC_Real-Monarchs-SLC,69.65271372978555,1.0,0.6,3,2,5,4,50.4,49.6,2,2,0,1,2,3
2021-09-02 02:30:00,Ventura County FC,Sacramento Republic FC,3.0,3.0,"Carson, California",USA,Dignity Health Sports Park,,,,USL Championship,,20210902_Ventura-County-FC_Sacramento-Republic-FC,-21.7404619518054,0.93,2.21,4,6,10,14,53.1,46.9,0,3,0,0,7,7
2021-09-03 02:00:00,Tacoma Defiance,Las Vegas Lights FC,2.0,1.0,"Tacoma, Washington",USA,Cheney Stadium,,,,USL Championship,,20210903_Tacoma-Defiance_Las-Vegas-Lights-FC,68.38414030976514,1.65,0.85,5,4,11,7,54.5,45.5,3,0,0,0,2,5
2021-09-03 23:30:00,Louisville City FC,FC Tulsa,0.0,1.0,"Louisville, Kentucky",USA,Lynn Family Stadium,,,,USL Championship,,20210903_Louisville-City-FC_FC-Tulsa,39.14385382795217,0.28,1.37,0,4,0,9,55.9,44.1,1,1,0,0,2,5
2021-09-03 23:30:00,Tampa Bay Rowdies,Oakland Roots,3.0,0.0,"St. Petersburg, Florida",USA,Al Lang Stadium,,,,USL Championship,,20210903_Tampa-Bay-Rowdies_Oakland-Roots,20.324134119775408,0.76,0.36,3,2,9,3,52.7,47.3,4,3,0,0,8,0
2021-09-04 02:00:00,Orange County SC,El Paso Locomotive FC,2.0,2.0,"Irvine, California",USA,Championship Soccer Stadium,,,,USL Championship,,20210904_Orange-County-SC_El-Paso-Locomotive-FC,-81.2565967191133,1.03,1.34,4,5,9,13,46.4,53.6,1,2,0,0,9,8
2021-09-04 21:00:00,Sporting Kansas City II,Oklahoma City Energy FC,3.0,0.0,"Kansas City, Kansas",USA,Children's Mercy Park,,,,USL Championship,,20210904_Sporting-Kansas-City-II_Oklahoma-City-Energy-FC,-75.32175417259941,1.29,1.26,4,4,8,7,48.9,51.1,0,2,0,0,4,7
2021-09-04 23:00:00,Charlotte Independence,Miami FC,2.0,2.0,"Charlotte, North Carolina",USA,American Legion Memorial Stadium,,,,USL Championship,,20210904_Charlotte-Independence_Miami-FC,-71.67255936282095,1.75,0.49,4,2,8,3,43.8,56.2,1,0,0,0,3,3
2021-09-04 23:00:00,Indy Eleven,Atlanta United 2,0.0,1.0,"Indianapolis, Indiana",USA,Michael A. Carroll Stadium,,,,USL Championship,,20210904_Indy-Eleven_Atlanta-United-2,21.212520573203392,1.07,0.99,3,3,6,10,46.2,53.8,0,0,0,0,3,4
2021-09-04 23:00:00,New York Red Bulls II,Hartford Athletic,2.0,0.0,"Montclair, New Jersey",USA,MSU Soccer Park,,,,USL Championship,,20210904_New-York-Red-Bulls-II_Hartford-Athletic,-42.709714436086415,1.8,0.67,6,4,14,7,43.3,56.7,0,2,0,0,9,4
2021-09-05 00:00:00,Memphis 901 FC,Birmingham Legion FC,3.0,2.0,"Memphis, Tennessee",USA,AutoZone Park,,,,USL Championship,,20210905_Memphis-901-FC_Birmingham-Legion-FC,-36.118282697527775,1.32,0.78,5,2,12,3,48.9,51.1,2,1,0,0,6,0
2021-09-05 00:30:00,Rio Grande Valley FC Toros,Loudoun United FC,1.0,1.0,"Edinburg, Texas",USA,H-E-B Park,,,,USL Championship,,20210905_Rio-Grande-Valley-FC-Toros_Loudoun-United-FC,52.81843380776604,0.6,0.72,3,3,6,6,54.3,45.7,0,1,0,0,5,1
2021-09-05 00:30:00,San Antonio FC,Pittsburgh Riverhounds,1.0,1.0,"San Antonio, Texas",USA,Toyota Field,,,,USL Championship,,20210905_San-Antonio-FC_Pittsburgh-Riverhounds,-18.445919867436032,1.59,0.99,5,2,10,5,47.1,52.9,2,1,0,1,6,1
2021-09-05 01:30:00,New Mexico United,Colorado Springs Switchbacks FC,3.0,2.0,"Albuquerque, New Mexico",USA,Rio Grande Credit Union Field at Isotopes Park,,,,USL Championship,,20210905_New-Mexico-United_Colorado-Springs-Switchbacks-FC,-24.519153404361305,1.94,1.12,6,2,13,5,49.4,50.6,1,2,0,0,4,3
2021-09-05 20:30:00,Tacoma Defiance,Phoenix Rising FC,1.0,3.0,"Tacoma, Washington",USA,Cheney Stadium,,,,USL Championship,,20210905_Tacoma-Defiance_Phoenix-Rising-FC,-17.500347411078792,0.94,2.74,3,9,5,18,48.8,51.2,0,0,0,0,5,11
2021-09-05 22:00:00,San Diego Loyal SC,Ventura County FC,4.0,2.0,"San Diego, California",USA,Torero Stadium,,,,USL Championship,,20210905_San-Diego-Loyal-SC_Ventura-County-FC,0.9177914448760021,1.17,0.83,6,2,14,4,51.8,48.2,1,0,0,0,3,3
2021-09-06 02:00:00,Las Vegas Lights FC,Sacramento Republic FC,1.0,3.0,"Las Vegas, Nevada",USA,Cashman Field,,,,USL Championship,,20210906_Las-Vegas-Lights-FC_Sacramento-Republic-FC,-66.69916168139503,0.45,1.51,2,4,4,7,45.1,54.9,1,2,0,0,3,5
2021-09-07 23:00:00,Charleston Battery,Tampa Bay Rowdies,0.0,1.0,"Mount Pleasant, South Carolina",USA,Patriots Point,,,,USL Championship,,20210907_Charleston-Battery_Tampa-Bay-Rowdies,-35.361348688386215,1.09,1.19,3,4,8,8,45.1,54.9,2,1,0,0,4,6
2021-09-07 23:00:00,Hartford Athletic,Louisville City FC,2.0,4.0,"Hartford, Connecticut",USA,Trinity Health Stadium,,,,USL Championship,,20210907_Hartford-Athletic_Louisville-City-FC,-68.14279633529873,1.67,1.41,5,5,11,10,45.7,54.3,1,1,0,0,5,8
2021-09-08 01:00:00,Austin Bold FC,San Antonio FC,2.0,1.0,Austin,USA,Bold Stadium,,,,USL Championship,,20210908_Austin-Bold-FC_San-Antonio-FC,-42.11037237913024,0.54,0.48,4,3,10,6,46.4,53.6,2,2,0,0,3,0
2021-09-08 23:00:00,Loudoun United FC,Charlotte Independence,0.0,5.0,"Leesburg, Virginia",USA,Segra Field,,,,USL Championship,,20210908_Loudoun-United-FC_Charlotte-Independence,-76.71168269605323,1.02,1.68,3,6,5,14,56.1,43.9,2,3,1,0,5,4
2021-09-09 00:00:00,FC Tulsa,Indy Eleven,2.0,1.0,"Tulsa, Oklahoma",USA,ONEOK Field,,,,USL Championship,,20210909_FC-Tulsa_Indy-Eleven,33.170394751853564,1.32,1.43,4,5,9,12,50.4,49.6,2,1,0,0,4,10
2021-09-09 01:00:00,Colorado Springs Switchbacks FC,Real Monarchs SLC,2.0,0.0,"Colorado Springs, Colorado",USA,Weidner Field,,,,USL Championship,,20210909_Colorado-Springs-Switchbacks-FC_Real-Monarchs-SLC,52.48131509665336,1.05,1.07,2,3,6,8,48.5,51.5,0,1,0,0,6,7
2021-09-09 02:00:00,Las Vegas Lights FC,Oakland Roots,0.0,1.0,"Las Vegas, Nevada",USA,Cashman Field,,,,USL Championship,,20210909_Las-Vegas-Lights-FC_Oakland-Roots,-58.75629725297131,0.91,1.35,4,3,10,4,41.3,58.7,4,0,0,0,11,1
2021-09-11 01:00:00,Austin Bold FC,New Mexico United,1.0,0.0,Austin,USA,Bold Stadium,,,,USL Championship,,20210911_Austin-Bold-FC_New-Mexico-United,7.225124591174335,1.12,0.53,4,2,9,3,43.5,56.5,1,3,0,1,3,2
2021-09-11 23:00:00,Charlotte Independence,Hartford Athletic,2.0,0.0,"Charlotte, North Carolina",USA,American Legion Memorial Stadium,,,,USL Championship,,20210911_Charlotte-Independence_Hartford-Athletic,48.1953658465909,0.86,0.39,3,1,7,3,50.0,50.0,1,1,1,0,3,5
2021-09-11 23:00:00,Indy Eleven,Sporting Kansas City II,1.0,0.0,"Indianapolis, Indiana",USA,Michael A. Carroll Stadium,,,,USL Championship,,20210911_Indy-Eleven_Sporting-Kansas-City-II,21.027630196457494,1.95,1.0,7,3,16,6,44.9,55.1,0,2,0,0,4,2
2021-09-11 23:00:00,Pittsburgh Riverhounds,Loudoun United FC,5.0,0.0,"Pittsburgh, Pennsylvania",USA,Highmark Stadium,,,,USL Championship,,20210911_Pittsburgh-Riverhounds_Loudoun-United-FC,149.56710722814978,1.71,0.05,5,1,12,1,52.7,47.3,0,0,0,0,4,3
2021-09-11 23:30:00,Tampa Bay Rowdies,New York Red Bulls II,6.0,0.0,"St. Petersburg, Florida",USA,Al Lang Stadium,,,,USL Championship,,20210911_Tampa-Bay-Rowdies_New-York-Red-Bulls-II,96.05754234162919,2.43,1.06,7,3,16,5,59.0,41.0,1,2,0,0,6,5
2021-09-12 00:00:00,FC Tulsa,Birmingham Legion FC,1.0,1.0,"Tulsa, Oklahoma",USA,ONEOK Field,,,,USL Championship,,20210912_FC-Tulsa_Birmingham-Legion-FC,16.23372161362954,0.18,0.8,1,2,3,3,40.8,59.2,2,1,0,0,2,6
2021-09-12 00:00:00,Memphis 901 FC,Miami FC,0.0,2.0,"Memphis, Tennessee",USA,AutoZone Park,,,,USL Championship,,20210912_Memphis-901-FC_Miami-FC,-55.23382550603719,0.71,1.86,0,6,0,12,49.7,50.3,3,0,0,0,4,5
2021-09-12 01:00:00,Colorado Springs Switchbacks FC,Rio Grande Valley FC Toros,1.0,1.0,"Colorado Springs, Colorado",USA,Weidner Field,,,,USL Championship,,20210912_Colorado-Springs-Switchbacks-FC_Rio-Grande-Valley-FC-Toros,46.94489201571082,1.35,1.19,5,6,13,15,46.1,53.9,4,4,0,0,6,7
2021-09-12 01:00:00,Real Monarchs SLC,San Antonio FC,0.0,1.0,"Herriman, Utah",USA,Zions Bank Stadium,,,,USL Championship,,20210912_Real-Monarchs-SLC_San-Antonio-FC,-86.29487630330505,1.32,0.84,6,2,14,2,46.2,53.8,5,0,0,0,6,2
2021-09-12 01:30:00,El Paso Locomotive FC,Sacramento Republic FC,2.0,0.0,"El Paso, Texas",USA,Southwest University Park,,,,USL Championship,,20210912_El-Paso-Locomotive-FC_Sacramento-Republic-FC,46.49906929731492,0.32,0.15,2,0,5,1,55.0,45.0,0,1,0,0,4,1
2021-09-12 02:00:00,Oakland Roots,San Diego Loyal SC,0.0,0.0,"Oakland, California",USA,Laney Football Stadium,,,,USL Championship,,20210912_Oakland-Roots_San-Diego-Loyal-SC,-0.3227407513820708,0.51,1.52,1,5,0,9,45.2,54.8,0,3,0,0,4,5
2021-09-12 02:00:00,Orange County SC,Las Vegas Lights FC,3.0,0.0,"Irvine, California",USA,Championship Soccer Stadium,,,,USL Championship,,20210912_Orange-County-SC_Las-Vegas-Lights-FC,66.8926138107031,1.33,1.61,6,7,13,14,52.9,47.1,3,3,0,0,4,13
2021-09-12 02:30:00,Ventura County FC,Phoenix Rising FC,3.0,4.0,"Carson, California",USA,Dignity Health Sports Park,,,,USL Championship,,20210912_Ventura-County-FC_Phoenix-Rising-FC,-82.12659860001304,0.8,1.28,3,4,8,8,48.8,51.2,3,0,0,0,6,10
2021-09-12 22:00:00,Oklahoma City Energy FC,Louisville City FC,1.0,1.0,"Oklahoma City, Oklahoma",USA,Taft Stadium,,,,USL Championship,,20210912_Oklahoma-City-Energy-FC_Louisville-City-FC,-40.98453481236311,1.54,0.05,5,1,10,0,61.2,38.8,4,2,0,0,4,1
2021-09-15 23:00:00,Hartford Athletic,Real Monarchs SLC,2.0,0.0,"Hartford, Connecticut",USA,Trinity Health Stadium,,,,USL Championship,,20210915_Hartford-Athletic_Real-Monarchs-SLC,13.383079353486892,0.67,1.49,2,4,6,10,46.7,53.3,3,2,0,0,4,2
2021-09-15 23:00:00,New York Red Bulls II,San Antonio FC,1.0,2.0,"Montclair, New Jersey",USA,MSU Soccer Park,,,,USL Championship,,20210915_New-York-Red-Bulls-II_San-Antonio-FC,-95.58676913432782,1.85,1.7,4,3,8,4,48.8,51.2,3,0,0,0,4,4
2021-09-15 23:30:00,Atlanta United 2,Charleston Battery,1.0,1.0,"Kennesaw, Georgia",USA,Fifth Third Bank Stadium,,,,USL Championship,,20210915_Atlanta-United-2_Charleston-Battery,3.4158308330911495,1.73,0.89,6,3,14,5,50.0,50.0,1,4,0,0,4,2
2021-09-16 01:00:00,Colorado Springs Switchbacks FC,El Paso Locomotive FC,0.0,0.0,"Colorado Springs, Colorado",USA,Weidner Field,,,,USL Championship,,20210916_Colorado-Springs-Switchbacks-FC_El-Paso-Locomotive-FC,-63.92667133770965,0.05,0.27,1,2,3,6,43.2,56.8,1,4,0,0,1,2
2021-09-16 02:00:00,Oakland Roots,Tacoma Defiance,3.0,1.0,Livermore,,Las Positas College,,,,USL Championship,,20210916_Oakland-Roots_Tacoma-Defiance,-17.291311908478747,1.66,0.71,5,3,13,6,44.1,55.9,1,0,0,0,8,5
2021-09-16 02:30:00,Phoenix Rising FC,Las Vegas Lights FC,4.0,1.0,"Chandler, Arizona",USA,Phoenix Rising Stadium at Wild Horse Pass,,,,USL Championship,,20210916_Phoenix-Rising-FC_Las-Vegas-Lights-FC,155.26362356640675,1.81,1.22,6,5,16,10,56.7,43.3,2,3,0,0,6,10
2021-09-18 23:00:00,Charlotte Independence,Pittsburgh Riverhounds,1.0,0.0,"Charlotte, North Carolina",USA,American Legion Memorial Stadium,,,,USL Championship,,20210918_Charlotte-Independence_Pittsburgh-Riverhounds,-50.85527420600761,0.72,0.34,2,0,4,3,47.4,52.6,1,1,0,0,3,1
2021-09-18 23:00:00,Indy Eleven,Louisville City FC,0.0,2.0,"Indianapolis, Indiana",USA,Michael A. Carroll Stadium,,,,USL Championship,,20210918_Indy-Eleven_Louisville-City-FC,-53.47198286449998,1.25,2.06,4,6,7,13,49.2,50.8,1,1,0,0,5,3
2021-09-18 23:30:00,Atlanta United 2,Tampa Bay Rowdies,0.0,2.0,"Kennesaw, Georgia",USA,Fifth Third Bank Stadium,,,,USL Championship,,20210918_Atlanta-United-2_Tampa-Bay-Rowdies,-62.39353375936821,0.05,0.57,2,2,3,4,50.2,49.8,0,3,0,0,3,5
2021-09-18 23:30:00,Birmingham Legion FC,Oklahoma City Energy FC,1.0,1.0,"Birmingham, Alabama",USA,BBVA Field,,,,USL Championship,,20210918_Birmingham-Legion-FC_Oklahoma-City-Energy-FC,12.632448055653185,1.55,0.95,4,2,10,4,47.8,52.2,1,0,0,0,8,5
2021-09-19 00:00:00,FC Tulsa,Austin Bold FC,0.0,1.0,"Tulsa, Oklahoma",USA,ONEOK Field,,,,USL Championship,,20210919_FC-Tulsa_Austin-Bold-FC,7.4852487532505165,0.05,0.72,0,3,0,6,54.0,46.0,1,1,0,0,6,1
2021-09-19 00:30:00,Rio Grande Valley FC Toros,Colorado Springs Switchbacks FC,1.0,2.0,"Edinburg, Texas",USA,H-E-B Park,,,,USL Championship,,20210919_Rio-Grande-Valley-FC-Toros_Colorado-Springs-Switchbacks-FC,-45.905011037544,1.39,1.55,5,3,11,5,47.8,52.2,2,0,0,0,5,6
2021-09-19 00:56:00,Miami FC,Charleston Battery,1.0,1.0,"Miami, Florida",USA,FIU Soccer Stadium,,,,USL Championship,,20210919_Miami-FC_Charleston-Battery,82.55112027433347,0.82,1.04,3,2,3,5,53.3,46.7,1,2,0,0,6,3
2021-09-19 01:30:00,New Mexico United,Real Monarchs SLC,2.0,1.0,"Albuquerque, New Mexico",USA,Rio Grande Credit Union Field at Isotopes Park,,,,USL Championship,,20210919_New-Mexico-United_Real-Monarchs-SLC,72.720899559303,0.14,1.58,2,4,6,12,54.5,45.5,3,1,0,0,3,5
2021-09-19 02:00:00,Oakland Roots,Ventura County FC,0.0,1.0,"Oakland, California",USA,Laney Football Stadium,,,,USL Championship,,20210919_Oakland-Roots_Ventura-County-FC,46.354651365322525,0.79,0.77,3,2,5,4,45.1,54.9,1,1,0,0,3,4
2021-09-19 02:30:00,Phoenix Rising FC,Orange County SC,2.0,1.0,"Chandler, Arizona",USA,Phoenix Rising Stadium at Wild Horse Pass,,,,USL Championship,,20210919_Phoenix-Rising-FC_Orange-County-SC,75.90350874708793,1.06,0.37,3,1,6,1,48.8,51.2,1,1,0,0,1,2
2021-09-19 02:30:00,Sacramento Republic FC,San Antonio FC,0.0,1.0,"Sacramento, California",USA,Heart Health Park,,,,USL Championship,,20210919_Sacramento-Republic-FC_San-Antonio-FC,-36.26123481020545,1.16,0.17,4,1,9,0,50.8,49.2,0,1,1,0,3,5
2021-09-19 17:00:00,New York Red Bulls II,Memphis 901 FC,0.0,3.0,"Montclair, New Jersey",USA,MSU Soccer Park,,,,USL Championship,,20210919_New-York-Red-Bulls-II_Memphis-901-FC,-63.893052628536225,0.88,0.99,2,3,4,6,48.5,51.5,0,5,0,0,4,1
2021-09-19 22:00:00,San Diego Loyal SC,Tacoma Defiance,1.0,0.0,"San Diego, California",USA,Torero Stadium,,,,USL Championship,,20210919_San-Diego-Loyal-SC_Tacoma-Defiance,-4.394137132379683,0.62,0.54,2,0,6,0,50.5,49.5,0,2,0,0,4,1
2021-09-22 23:00:00,Charleston Battery,New York Red Bulls II,2.0,3.0,"Mount Pleasant, South Carolina",USA,Patriots Point,,,,USL Championship,,20210922_Charleston-Battery_New-York-Red-Bulls-II,69.4086633291854,1.21,1.11,4,3,9,4,51.2,48.8,1,1,0,0,5,5
2021-09-22 23:00:00,Charlotte Independence,Miami FC,2.0,0.0,"Charlotte, North Carolina",USA,American Legion Memorial Stadium,,,,USL Championship,,20210922_Charlotte-Independence_Miami-FC,-40.61737499593801,2.05,0.33,7,2,14,2,46.4,53.6,2,1,0,0,9,4
2021-09-22 23:30:00,Atlanta United 2,Birmingham Legion FC,0.0,4.0,"Kennesaw, Georgia",USA,Fifth Third Bank Stadium,,,,USL Championship,,20210922_Atlanta-United-2_Birmingham-Legion-FC,-33.653523940463856,1.35,1.41,5,4,11,9,48.7,51.3,2,4,0,0,6,6
2021-09-23 00:00:00,Memphis 901 FC,Indy Eleven,1.0,0.0,"Memphis, Tennessee",USA,AutoZone Park,,,,USL Championship,,20210923_Memphis-901-FC_Indy-Eleven,27.622537571060548,0.95,0.05,2,1,8,1,45.3,54.7,3,3,1,0,6,3
2021-09-23 01:00:00,Austin Bold FC,El Paso Locomotive FC,2.0,2.0,Austin,USA,Bold Stadium,,,,USL Championship,,20210923_Austin-Bold-FC_El-Paso-Locomotive-FC,-37.92683538558185,1.4,0.28,5,2,11,4,45.9,54.1,1,2,0,0,8,1
2021-09-23 02:00:00,Oakland Roots,San Diego Loyal SC,2.0,1.0,Livermore,,Las Positas College,,,,USL Championship,,20210923_Oakland-Roots_San-Diego-Loyal-SC,-13.447078724851053,1.83,0.68,6,5,14,8,44.8,55.2,2,2,0,0,5,4
2021-09-23 02:00:00,Tacoma Defiance,Sacramento Republic FC,0.0,1.0,"Tacoma, Washington",USA,Cheney Stadium,,,,USL Championship,,20210923_Tacoma-Defiance_Sacramento-Republic-FC,-3.6918923885189088,0.9,0.35,4,1,11,2,51.9,48.1,2,0,0,0,7,2
2021-09-25 00:00:00,Sporting Kansas City II,FC Tulsa,1.0,1.0,"Kansas City, Kansas",USA,Children's Mercy Park,,,,USL Championship,,20210925_Sporting-Kansas-City-II_FC-Tulsa,-74.36947202511851,1.81,1.4,6,4,13,8,43.3,56.7,2,1,0,0,8,9
2021-09-25 23:00:00,Hartford Athletic,Tampa Bay Rowdies,1.0,2.0,"Hartford, Connecticut",USA,Trinity Health Stadium,,,,USL Championship,,20210925_Hartford-Athletic_Tampa-Bay-Rowdies,-107.39967635408448,1.1,1.49,3,6,8,13,41.6,58.4,0,0,0,0,4,7
2021-09-25 23:00:00,Pittsburgh Riverhounds,Charleston Battery,3.0,3.0,"Pittsburgh, Pennsylvania",USA,Highmark Stadium,,,,USL Championship,,20210925_Pittsburgh-Riverhounds_Charleston-Battery,74.06934705553294,1.6,0.3,6,3,13,7,56.0,44.0,1,0,0,0,10,3
2021-09-25 23:30:00,Miami FC,Loudoun United FC,6.0,1.0,"Miami, Florida",USA,FIU Soccer Stadium,,,,USL Championship,,20210925_Miami-FC_Loudoun-United-FC,153.93921897277914,2.56,1.21,9,1,20,2,44.3,55.7,1,3,0,0,10,2
2021-09-26 00:00:00,Colorado Springs Switchbacks FC,Austin Bold FC,3.0,1.0,"Colorado Springs, Colorado",USA,Weidner Field,,,,USL Championship,,20210926_Colorado-Springs-Switchbacks-FC_Austin-Bold-FC,-12.51421351071599,2.41,1.42,7,3,14,8,45.6,54.4,3,0,0,0,8,4
2021-09-26 00:00:00,Memphis 901 FC,Louisville City FC,1.0,1.0,"Memphis, Tennessee",USA,AutoZone Park,,,,USL Championship,,20210926_Memphis-901-FC_Louisville-City-FC,-35.136665375002394,1.28,1.31,3,6,6,15,43.8,56.2,0,0,0,0,4,5
2021-09-26 00:30:00,Rio Grande Valley FC Toros,Atlanta United 2,3.0,2.0,"Edinburg, Texas",USA,H-E-B Park,,,,USL Championship,,20210926_Rio-Grande-Valley-FC-Toros_Atlanta-United-2,-13.144470118796562,1.58,1.69,5,6,12,12,53.5,46.5,0,1,0,0,3,8
2021-09-26 00:30:00,San Antonio FC,New Mexico United,0.0,1.0,"San Antonio, Texas",USA,Toyota Field,,,,USL Championship,,20210926_San-Antonio-FC_New-Mexico-United,53.277713565846625,0.57,1.37,2,6,6,13,47.8,52.2,2,5,0,0,2,7
2021-09-26 02:00:00,Las Vegas Lights FC,San Diego Loyal SC,2.0,4.0,"Las Vegas, Nevada",USA,Cashman Field,,,,USL Championship,,20210926_Las-Vegas-Lights-FC_San-Diego-Loyal-SC,-95.42067509814001,2.22,1.71,7,4,14,9,49.7,50.3,2,2,1,0,9,3
2021-09-26 02:00:00,Orange County SC,Oakland Roots,2.0,1.0,"Irvine, California",USA,Championship Soccer Stadium,,,,USL Championship,,20210926_Orange-County-SC_Oakland-Roots,-23.025257479577476,1.68,0.92,5,4,11,9,54.0,46.0,3,2,0,0,6,6
2021-09-26 02:00:00,Tacoma Defiance,Phoenix Rising FC,1.0,2.0,"Tacoma, Washington",USA,Cheney Stadium,,,,USL Championship,,20210926_Tacoma-Defiance_Phoenix-Rising-FC,-102.51588634415407,0.17,1.28,2,3,4,7,45.3,54.7,3,1,0,0,6,5
2021-09-26 21:00:00,Birmingham Legion FC,Charlotte Independence,2.0,1.0,"Birmingham, Alabama",USA,BBVA Field,,,,USL Championship,,20210926_Birmingham-Legion-FC_Charlotte-Independence,-14.724718389726604,2.4,1.19,7,4,16,9,49.2,50.8,1,3,0,0,8,2
2021-09-26 21:00:00,Sacramento Republic FC,Ventura County FC,0.0,2.0,"Sacramento, California",USA,Heart Health Park,,,,USL Championship,,20210926_Sacramento-Republic-FC_Ventura-County-FC,28.273530428658432,1.05,1.61,3,6,7,14,53.6,46.4,2,1,0,0,8,3
2021-09-26 22:00:00,Oklahoma City Energy FC,Indy Eleven,2.0,0.0,"Oklahoma City, Oklahoma",USA,Taft Stadium,,,,USL Championship,,20210926_Oklahoma-City-Energy-FC_Indy-Eleven,36.95716203653137,1.1,0.05,4,0,10,1,49.1,50.9,0,1,0,1,8,1
2021-09-27 01:00:00,Real Monarchs SLC,New York Red Bulls II,0.0,0.0,"Herriman, Utah",USA,Zions Bank Stadium,,,,USL Championship,,20210927_Real-Monarchs-SLC_New-York-Red-Bulls-II,-25.697789725432585,1.21,1.81,4,7,8,16,47.1,52.9,0,0,0,0,10,11
2021-09-29 23:30:00,Atlanta United 2,Louisville City FC,1.0,1.0,"Kennesaw, Georgia",USA,Fifth Third Bank Stadium,,,,USL Championship,,20210929_Atlanta-United-2_Louisville-City-FC,-91.87685446342743,1.17,1.5,3,2,6,7,52.2,47.8,5,2,0,0,5,1
2021-09-30 00:30:00,Oklahoma City Energy FC,Indy Eleven,1.0,1.0,"Oklahoma City, Oklahoma",USA,Taft Stadium,,,,USL Championship,,20210930_Oklahoma-City-Energy-FC_Indy-Eleven,58.41383694055867,1.32,1.21,4,2,10,6,50.3,49.7,1,1,0,0,5,4
2021-09-30 01:00:00,El Paso Locomotive FC,Real Monarchs SLC,1.0,0.0,"El Paso, Texas",USA,Southwest University Park,,,,USL Championship,,20210930_El-Paso-Locomotive-FC_Real-Monarchs-SLC,160.9659621190467,1.54,0.86,4,5,9,10,59.5,40.5,1,2,0,0,3,9
2021-09-30 01:00:00,New Mexico United,Rio Grande Valley FC Toros,2.0,0.0,"Albuquerque, New Mexico",USA,Rio Grande Credit Union Field at Isotopes Park,,,,USL Championship,,20210930_New-Mexico-United_Rio-Grande-Valley-FC-Toros,45.87361783105962,2.82,1.45,8,4,19,9,53.2,46.8,0,2,0,0,10,5
2021-09-30 02:30:00,Ventura County FC,Phoenix Rising FC,3.0,0.0,"Carson, California",USA,Dignity Health Sports Park,,,,USL Championship,,20210930_Ventura-County-FC_Phoenix-Rising-FC,-98.93668529731372,1.77,0.55,7,1,16,1,40.6,59.4,2,4,0,1,4,1
2021-09-30 23:00:00,New York Red Bulls II,Loudoun United FC,3.0,3.0,"Montclair, New Jersey",USA,MSU Soccer Park,,,,USL Championship,,20210930_New-York-Red-Bulls-II_Loudoun-United-FC,41.459129603976635,0.78,1.28,3,4,6,10,63.9,36.1,2,1,0,0,7,6
2021-10-01 00:00:00,Hartford Athletic,Charlotte Independence,1.0,2.0,"Hartford, Connecticut",USA,Trinity Health Stadium,,,,USL Championship,,20211001_Hartford-Athletic_Charlotte-Independence,-80.38598761585126,1.22,0.05,3,2,7,6,50.3,49.7,1,1,0,0,4,4
2021-10-02 00:00:00,Sporting Kansas City II,Birmingham Legion FC,0.0,1.0,"Kansas City, Kansas",USA,Children's Mercy Park,,,,USL Championship,,20211002_Sporting-Kansas-City-II_Birmingham-Legion-FC,-91.8981283849455,0.75,1.59,2,3,3,7,50.8,49.2,5,2,0,0,4,4
2021-10-02 23:00:00,Charleston Battery,Tampa Bay Rowdies,1.0,2.0,"Mount Pleasant, South Carolina",USA,Patriots Point,,,,USL Championship,,20211002_Charleston-Battery_Tampa-Bay-Rowdies,-92.89259748952281,1.31,1.23,3,4,7,10,45.8,54.2,1,5,0,0,2,9
2021-10-02 23:00:00,Indy Eleven,Atlanta United 2,1.0,1.0,"Indianapolis, Indiana",USA,Michael A. Carroll Stadium,,,,USL Championship,,20211002_Indy-Eleven_Atlanta-United-2,-3.599753251358152,1.46,0.86,4,3,9,6,56.5,43.5,1,1,0,0,1,7
2021-10-02 23:30:00,Miami FC,Pittsburgh Riverhounds,3.0,2.0,"Miami, Florida",USA,FIU Soccer Stadium,,,,USL Championship,,20211002_Miami-FC_Pittsburgh-Riverhounds,13.379606688993817,1.57,1.9,6,6,14,12,50.0,50.0,0,4,0,0,4,5
2021-10-03 00:00:00,Colorado Springs Switchbacks FC,El Paso Locomotive FC,1.0,1.0,"Colorado Springs, Colorado",USA,Weidner Field,,,,USL Championship,,20211003_Colorado-Springs-Switchbacks-FC_El-Paso-Locomotive-FC,-42.20626105524207,1.37,0.11,5,1,12,0,47.3,52.7,1,1,0,0,10,1
2021-10-03 00:00:00,FC Tulsa,Memphis 901 FC,0.0,3.0,"Tulsa, Oklahoma",USA,ONEOK Field,,,,USL Championship,,20211003_FC-Tulsa_Memphis-901-FC,-1.4498607850541703,0.97,1.55,4,5,8,11,41.9,58.1,4,1,1,0,4,2
2021-10-03 00:30:00,Rio Grande Valley FC Toros,Real Monarchs SLC,3.0,0.0,"Edinburg, Texas",USA,H-E-B Park,,,,USL Championship,,20211003_Rio-Grande-Valley-FC-Toros_Real-Monarchs-SLC,55.21795896739695,1.39,0.31,5,0,9,0,52.7,47.3,2,1,0,0,3,1
2021-10-03 02:00:00,Oakland Roots,Las Vegas Lights FC,2.0,2.0,"Oakland, California",USA,Laney Football Stadium,,,,USL Championship,,20211003_Oakland-Roots_Las-Vegas-Lights-FC,102.89264644952414,1.0,1.64,2,6,6,14,51.7,48.3,1,0,0,0,3,8
2021-10-03 02:00:00,Orange County SC,Phoenix Rising FC,0.0,1.0,"Irvine, California",USA,Championship Soccer Stadium,,,,USL Championship,,20211003_Orange-County-SC_Phoenix-Rising-FC,-75.17887178041656,0.05,1.54,0,7,0,15,45.3,54.7,1,0,0,0,2,4
2021-10-03 02:30:00,Sacramento Republic FC,Tacoma Defiance,3.0,1.0,"Sacramento, California",USA,Heart Health Park,,,,USL Championship,,20211003_Sacramento-Republic-FC_Tacoma-Defiance,23.02101871542618,1.54,0.83,5,1,12,1,63.4,36.6,2,2,0,0,4,2
2021-10-03 02:30:00,Ventura County FC,San Diego Loyal SC,0.0,3.0,"Carson, California",USA,Dignity Health Sports Park,,,,USL Championship,,20211003_Ventura-County-FC_San-Diego-Loyal-SC,-0.6369694386958145,0.75,1.75,2,6,4,11,48.3,51.7,1,1,0,0,2,4
2021-10-03 19:00:00,Louisville City FC,New Mexico United,3.0,1.0,"Louisville, Kentucky",USA,Lynn Family Stadium,,,,USL Championship,,20211003_Louisville-City-FC_New-Mexico-United,20.71407079987648,1.2,0.62,3,3,7,6,58.7,41.3,1,2,0,0,2,4
2021-10-03 22:00:00,Oklahoma City Energy FC,San Antonio FC,0.0,1.0,"Oklahoma City, Oklahoma",USA,Taft Stadium,,,,USL Championship,,20211003_Oklahoma-City-Energy-FC_San-Antonio-FC,-29.3447502628851,0.63,1.07,1,3,1,9,44.8,55.2,0,0,0,0,3,4
2021-10-03 23:00:00,Charlotte Independence,Loudoun United FC,5.0,1.0,"Charlotte, North Carolina",USA,American Legion Memorial Stadium,,,,USL Championship,,20211003_Charlotte-Independence_Loudoun-United-FC,142.4592341006046,2.1,0.66,6,2,13,3,61.0,39.0,5,4,0,0,5,3
2021-10-07 00:00:00,Memphis 901 FC,Sporting Kansas City II,3.0,1.0,"Memphis, Tennessee",USA,AutoZone Park,,,,USL Championship,,20211007_Memphis-901-FC_Sporting-Kansas-City-II,91.60700229630152,1.56,0.56,5,1,10,3,49.9,50.1,2,1,0,0,6,3
2021-10-07 01:00:00,Austin Bold FC,Tacoma Defiance,1.0,0.0,Austin,USA,Bold Stadium,,,,USL Championship,,20211007_Austin-Bold-FC_Tacoma-Defiance,62.14966028240701,1.95,0.57,7,2,16,5,51.1,48.9,0,2,0,0,8,7
2021-10-07 01:00:00,El Paso Locomotive FC,San Antonio FC,3.0,3.0,"El Paso, Texas",USA,Southwest University Park,,,,USL Championship,,20211007_El-Paso-Locomotive-FC_San-Antonio-FC,24.997740775610737,1.66,1.15,6,3,12,8,40.2,59.8,0,1,0,0,9,5
2021-10-07 01:00:00,New Mexico United,Hartford Athletic,2.0,2.0,"Albuquerque, New Mexico",USA,Rio Grande Credit Union Field at Isotopes Park,,,,USL Championship,,20211007_New-Mexico-United_Hartford-Athletic,76.42778726216443,0.86,0.67,3,3,9,6,53.7,46.3,1,2,1,0,6,4
2021-10-07 02:00:00,Oakland Roots,Sacramento Republic FC,2.0,1.0,"Oakland, California",USA,Laney Football Stadium,,,,USL Championship,,20211007_Oakland-Roots_Sacramento-Republic-FC,-11.117040252825745,1.18,1.18,2,4,2,8,50.7,49.3,2,2,1,0,4,4
2021-10-08 00:00:00,Tampa Bay Rowdies,Charleston Battery,4.0,2.0,"St. Petersburg, Florida",USA,Al Lang Stadium,,,,USL Championship,,20211008_Tampa-Bay-Rowdies_Charleston-Battery,110.62445611504245,0.81,1.75,4,6,10,12,49.0,51.0,3,2,0,0,8,9
2021-10-09 01:00:00,Real Monarchs SLC,Colorado Springs Switchbacks FC,0.0,0.0,"Herriman, Utah",USA,Zions Bank Stadium,,,,USL Championship,,20211009_Real-Monarchs-SLC_Colorado-Springs-Switchbacks-FC,-143.93263462094728,1.14,0.49,4,1,9,1,42.1,57.9,3,1,0,0,5,3
2021-10-09 02:00:00,Las Vegas Lights FC,Ventura County FC,0.0,1.0,"Las Vegas, Nevada",USA,Cashman Field,,,,USL Championship,,20211009_Las-Vegas-Lights-FC_Ventura-County-FC,-96.92174241992393,0.76,0.67,1,4,2,10,41.3,58.7,1,2,0,0,2,2
2021-10-09 23:00:00,Charlotte Independence,New York Red Bulls II,2.0,1.0,"Charlotte, North Carolina",USA,American Legion Memorial Stadium,,,,USL Championship,,20211009_Charlotte-Independence_New-York-Red-Bulls-II,111.1884989948278,1.11,1.33,4,3,9,5,57.1,42.9,0,0,0,0,5,4
2021-10-09 23:00:00,New Mexico United,Rio Grande Valley FC Toros,1.0,1.0,"Albuquerque, New Mexico",USA,Rio Grande Credit Union Field at Isotopes Park,,,,USL Championship,,20211009_New-Mexico-United_Rio-Grande-Valley-FC-Toros,42.730971394495555,0.46,1.29,2,3,4,8,50.9,49.1,3,2,0,0,5,4
2021-10-09 23:30:00,Louisville City FC,Sporting Kansas City II,4.0,3.0,"Louisville, Kentucky",USA,Lynn Family Stadium,,,,USL Championship,,20211009_Louisville-City-FC_Sporting-Kansas-City-II,129.4662246447274,1.39,2.17,4,5,7,12,57.1,42.9,2,3,0,0,3,8
2021-10-10 00:00:00,FC Tulsa,El Paso Locomotive FC,1.0,2.0,"Tulsa, Oklahoma",USA,ONEOK Field,,,,USL Championship,,20211010_FC-Tulsa_El-Paso-Locomotive-FC,-72.62808973685924,0.7,0.65,1,2,5,3,45.0,55.0,1,3,0,1,4,7
2021-10-10 02:00:00,Tacoma Defiance,Orange County SC,4.0,1.0,"Tacoma, Washington",USA,Cheney Stadium,,,,USL Championship,,20211010_Tacoma-Defiance_Orange-County-SC,-40.765263633401446,1.31,1.42,4,4,7,9,50.4,49.6,3,0,0,0,4,4
2021-10-10 02:30:00,Phoenix Rising FC,Oakland Roots,1.0,0.0,"Chandler, Arizona",USA,Phoenix Rising Stadium at Wild Horse Pass,,,,USL Championship,,20211010_Phoenix-Rising-FC_Oakland-Roots,78.25458637478528,1.5,0.2,6,0,13,1,55.5,44.5,2,3,0,0,10,2
2021-10-10 02:30:00,San Diego Loyal SC,Sacramento Republic FC,2.0,1.0,"San Diego, California",USA,Torero Stadium,,,,USL Championship,,20211010_San-Diego-Loyal-SC_Sacramento-Republic-FC,26.795686932979834,2.09,1.54,7,4,14,8,50.4,49.6,1,3,0,0,6,4
2021-10-10 17:00:00,Loudoun United FC,Miami FC,3.0,2.0,"Leesburg, Virginia",USA,Segra Field,,,,USL Championship,,20211010_Loudoun-United-FC_Miami-FC,-185.40164277845292,1.43,2.23,5,7,9,15,49.0,51.0,3,2,1,0,5,16
2021-10-10 18:00:00,Charleston Battery,Hartford Athletic,4.0,3.0,"Mount Pleasant, South Carolina",USA,Patriots Point,,,,USL Championship,,20211010_Charleston-Battery_Hartford-Athletic,20.820715979302122,1.54,1.11,5,5,12,12,57.2,42.8,1,1,0,0,4,4
2021-10-10 21:00:00,Birmingham Legion FC,Indy Eleven,3.0,1.0,"Birmingham, Alabama",USA,BBVA Field,,,,USL Championship,,20211010_Birmingham-Legion-FC_Indy-Eleven,89.57013935082114,1.12,0.58,4,2,9,3,53.7,46.3,5,3,0,0,5,2
2021-10-10 22:00:00,Pittsburgh Riverhounds,Tampa Bay Rowdies,2.0,0.0,"Pittsburgh, Pennsylvania",USA,Highmark Stadium,,,,USL Championship,,20211010_Pittsburgh-Riverhounds_Tampa-Bay-Rowdies,-52.57094742021877,1.57,0.29,5,1,12,2,50.3,49.7,2,3,0,0,5,2
2021-10-11 00:30:00,San Antonio FC,Memphis 901 FC,4.0,2.0,"San Antonio, Texas",USA,Toyota Field,,,,USL Championship,,20211011_San-Antonio-FC_Memphis-901-FC,15.097106405280329,1.78,0.39,5,2,11,5,50.7,49.3,2,0,0,0,7,3
2021-10-11 01:00:00,Austin Bold FC,Oklahoma City Energy FC,1.0,1.0,Austin,USA,Bold Stadium,,,,USL Championship,,20211011_Austin-Bold-FC_Oklahoma-City-Energy-FC,33.09076580045439,1.15,0.82,4,3,7,7,51.5,48.5,1,2,0,0,3,8
2021-10-13 23:00:00,Loudoun United FC,Hartford Athletic,2.0,3.0,"Leesburg, Virginia",USA,Segra Field,,,,USL Championship,,20211013_Loudoun-United-FC_Hartford-Athletic,-24.325534452177862,1.13,0.66,3,3,5,5,52.4,47.6,2,1,0,0,5,5
2021-10-14 00:00:00,Birmingham Legion FC,Austin Bold FC,3.0,1.0,"Birmingham, Alabama",USA,BBVA Field,,,,USL Championship,,20211014_Birmingham-Legion-FC_Austin-Bold-FC,23.288815520244498,1.69,0.84,4,3,9,6,53.6,46.4,2,2,1,0,4,2
2021-10-14 00:00:00,Memphis 901 FC,Louisville City FC,2.0,1.0,"Memphis, Tennessee",USA,AutoZone Park,,,,USL Championship,,20211014_Memphis-901-FC_Louisville-City-FC,-39.247908885179186,0.71,1.03,2,4,5,9,48.4,51.6,4,4,0,1,3,3
2021-10-14 00:00:00,Sporting Kansas City II,Atlanta United 2,0.0,3.0,"Kansas City, Kansas",USA,Children's Mercy Park,,,,USL Championship,,20211014_Sporting-Kansas-City-II_Atlanta-United-2,-40.10682903765405,0.46,1.25,0,3,0,6,47.4,52.6,0,0,0,0,4,8
2021-10-14 01:00:00,El Paso Locomotive FC,Colorado Springs Switchbacks FC,4.0,2.0,"El Paso, Texas",USA,Southwest University Park,,,,USL Championship,,20211014_El-Paso-Locomotive-FC_Colorado-Springs-Switchbacks-FC,52.67565589236801,1.67,1.0,5,2,14,3,47.0,53.0,1,3,0,0,9,3
2021-10-14 02:00:00,Orange County SC,Phoenix Rising FC,1.0,0.0,"Irvine, California",USA,Championship Soccer Stadium,,,,USL Championship,,20211014_Orange-County-SC_Phoenix-Rising-FC,-116.80879527001389,1.47,1.66,3,6,7,13,48.1,51.9,4,3,0,0,4,3
2021-10-14 02:00:00,Tacoma Defiance,Las Vegas Lights FC,0.0,1.0,"Tacoma, Washington",USA,Cheney Stadium,,,,USL Championship,,20211014_Tacoma-Defiance_Las-Vegas-Lights-FC,73.93193714989661,1.59,1.2,7,2,15,4,53.1,46.9,3,3,0,0,8,4
2021-10-14 02:30:00,Sacramento Republic FC,Ventura County FC,1.0,1.0,"Sacramento, California",USA,Heart Health Park,,,,USL Championship,,20211014_Sacramento-Republic-FC_Ventura-County-FC,-22.015715404984803,1.26,1.01,3,4,7,10,41.9,58.1,0,3,0,0,8,3
2021-10-15 23:30:00,Tampa Bay Rowdies,New York Red Bulls II,1.0,1.0,"St. Petersburg, Florida",USA,Al Lang Stadium,,,,USL Championship,,20211015_Tampa-Bay-Rowdies_New-York-Red-Bulls-II,150.0536185315368,2.34,1.88,8,8,19,19,57.6,42.4,0,1,0,0,11,12
2021-10-16 19:00:00,Real Monarchs SLC,Austin Bold FC,4.0,3.0,"Herriman, Utah",USA,Zions Bank Stadium,,,,USL Championship,,20211016_Real-Monarchs-SLC_Austin-Bold-FC,-122.96675162946826,1.56,1.67,5,6,10,10,46.4,53.6,0,1,0,0,5,5
2021-10-16 21:00:00,Las Vegas Lights FC,Phoenix Rising FC,3.0,6.0,"Las Vegas, Nevada",USA,Cashman Field,,,,USL Championship,,20211016_Las-Vegas-Lights-FC_Phoenix-Rising-FC,-174.2982228021965,1.21,2.07,3,6,4,15,38.7,61.3,2,0,0,0,3,7
2021-10-16 23:00:00,Charlotte Independence,Charleston Battery,5.0,1.0,"Charlotte, North Carolina",USA,American Legion Memorial Stadium,,,,USL Championship,,20211016_Charlotte-Independence_Charleston-Battery,79.85337121315592,0.91,0.56,5,2,11,5,51.6,48.4,2,1,0,0,6,1
2021-10-16 23:00:00,Hartford Athletic,Loudoun United FC,1.0,0.0,"Hartford, Connecticut",USA,Trinity Health Stadium,,,,USL Championship,,20211016_Hartford-Athletic_Loudoun-United-FC,46.64792639622533,0.69,0.28,1,1,2,5,57.6,42.4,0,2,0,0,4,6
2021-10-16 23:00:00,Indy Eleven,Louisville City FC,1.0,0.0,"Indianapolis, Indiana",USA,Michael A. Carroll Stadium,,,,USL Championship,,20211016_Indy-Eleven_Louisville-City-FC,-103.78273907407197,1.03,0.16,3,1,7,3,44.6,55.4,0,3,0,0,6,4
2021-10-16 23:00:00,Memphis 901 FC,Atlanta United 2,4.0,2.0,"Memphis, Tennessee",USA,AutoZone Park,,,,USL Championship,,20211016_Memphis-901-FC_Atlanta-United-2,68.28940635068511,2.87,2.06,11,4,20,8,58.2,41.8,2,0,0,0,10,4
2021-10-17 00:00:00,Colorado Springs Switchbacks FC,Rio Grande Valley FC Toros,1.0,0.0,"Colorado Springs, Colorado",USA,Weidner Field,,,,USL Championship,,20211017_Colorado-Springs-Switchbacks-FC_Rio-Grande-Valley-FC-Toros,52.12914260238949,0.87,1.51,3,3,7,4,52.7,47.3,3,1,0,0,7,6
2021-10-17 00:30:00,San Antonio FC,FC Tulsa,1.0,1.0,"San Antonio, Texas",USA,Toyota Field,,,,USL Championship,,20211017_San-Antonio-FC_FC-Tulsa,70.36047615891289,0.99,0.73,3,1,7,2,53.0,47.0,1,2,0,0,6,1
2021-10-17 02:00:00,Oakland Roots,Orange County SC,0.0,1.0,"Oakland, California",USA,Laney Football Stadium,,,,USL Championship,,20211017_Oakland-Roots_Orange-County-SC,3.9812534083325772,0.46,1.5,0,5,0,10,58.3,41.7,2,1,0,0,1,4
2021-10-17 21:00:00,Sacramento Republic FC,Tacoma Defiance,0.0,0.0,"Sacramento, California",USA,Heart Health Park,,,,USL Championship,,20211017_Sacramento-Republic-FC_Tacoma-Defiance,33.72244644428656,1.48,0.33,4,1,8,2,55.0,45.0,3,0,0,0,9,3
2021-10-17 22:00:00,Oklahoma City Energy FC,Birmingham Legion FC,0.0,0.0,"Oklahoma City, Oklahoma",USA,Taft Stadium,,,,USL Championship,,20211017_Oklahoma-City-Energy-FC_Birmingham-Legion-FC,-65.29747430241946,1.09,1.32,4,3,7,7,47.5,52.5,2,2,0,0,4,6
2021-10-17 22:00:00,San Diego Loyal SC,New Mexico United,1.0,1.0,"San Diego, California",USA,Torero Stadium,,,,USL Championship,,20211017_San-Diego-Loyal-SC_New-Mexico-United,22.20585785502999,0.84,0.71,3,3,5,7,53.9,46.1,0,3,0,0,7,2
2021-10-18 00:00:00,Ventura County FC,El Paso Locomotive FC,5.0,0.0,"Carson, California",USA,Dignity Health Sports Park,,,,USL Championship,,20211018_Ventura-County-FC_El-Paso-Locomotive-FC,-90.88587946570283,1.79,0.33,6,1,13,4,45.1,54.9,2,0,0,0,6,6
2021-10-20 23:00:00,Charleston Battery,Ventura County FC,3.0,1.0,"Mount Pleasant, South Carolina",USA,Patriots Point,,,,USL Championship,,20211020_Charleston-Battery_Ventura-County-FC,-56.53369065326115,0.73,1.91,3,4,5,7,50.3,49.7,2,2,0,0,3,2
2021-10-20 23:00:00,New York Red Bulls II,Loudoun United FC,3.0,0.0,"Montclair, New Jersey",USA,MSU Soccer Park,,,,USL Championship,,20211020_New-York-Red-Bulls-II_Loudoun-United-FC,46.245764141723384,1.47,0.5,5,2,10,6,42.9,57.1,0,1,0,0,1,3
2021-10-20 23:30:00,Tampa Bay Rowdies,Miami FC,3.0,0.0,"St. Petersburg, Florida",USA,Al Lang Stadium,,,,USL Championship,,20211020_Tampa-Bay-Rowdies_Miami-FC,15.288125477587528,1.63,0.6,6,0,15,0,48.5,51.5,4,0,0,0,4,0
2021-10-21 00:00:00,FC Tulsa,Atlanta United 2,4.0,0.0,"Tulsa, Oklahoma",USA,ONEOK Field,,,,USL Championship,,20211021_FC-Tulsa_Atlanta-United-2,34.702741444699996,1.56,0.68,5,2,8,6,52.0,48.0,1,0,1,0,6,5
2021-10-21 01:00:00,El Paso Locomotive FC,Austin Bold FC,3.0,0.0,"El Paso, Texas",USA,Southwest University Park,,,,USL Championship,,20211021_El-Paso-Locomotive-FC_Austin-Bold-FC,75.43460478090878,1.79,1.03,5,4,10,10,48.6,51.4,6,1,0,0,3,7
2021-10-21 01:00:00,New Mexico United,San Antonio FC,4.0,2.0,"Albuquerque, New Mexico",USA,Rio Grande Credit Union Field at Isotopes Park,,,,USL Championship,,20211021_New-Mexico-United_San-Antonio-FC,-50.71938046176183,0.88,1.22,4,3,10,6,43.4,56.6,4,0,1,0,5,1
2021-10-21 02:00:00,Orange County SC,San Diego Loyal SC,1.0,0.0,"Irvine, California",USA,Championship Soccer Stadium,,,,USL Championship,,20211021_Orange-County-SC_San-Diego-Loyal-SC,-24.641201716901605,0.57,0.51,3,1,6,3,50.3,49.7,0,2,0,0,5,4
2021-10-21 02:00:00,Tacoma Defiance,Oakland Roots,0.0,0.0,"Tacoma, Washington",USA,Cheney Stadium,,,,USL Championship,,20211021_Tacoma-Defiance_Oakland-Roots,-35.04947415879337,0.07,0.91,0,4,1,9,45.4,54.6,4,0,1,0,5,4
2021-10-22 23:00:00,Hartford Athletic,Charlotte Independence,1.0,2.0,"Hartford, Connecticut",USA,Trinity Health Stadium,,,,USL Championship,,20211022_Hartford-Athletic_Charlotte-Independence,-110.96743848122628,1.11,1.47,2,6,5,14,42.0,58.0,1,1,0,0,2,11
2021-10-23 01:00:00,Real Monarchs SLC,Colorado Springs Switchbacks FC,1.0,1.0,"Herriman, Utah",USA,Zions Bank Stadium,,,,USL Championship,,20211023_Real-Monarchs-SLC_Colorado-Springs-Switchbacks-FC,-118.4626036520333,0.43,1.27,2,5,5,11,50.5,49.5,1,1,0,0,4,6
2021-10-23 23:00:00,Indy Eleven,FC Tulsa,1.0,1.0,"Indianapolis, Indiana",USA,Michael A. Carroll Stadium,,,,USL Championship,,20211023_Indy-Eleven_FC-Tulsa,-43.300354107065914,0.05,1.34,1,3,1,8,50.5,49.5,2,1,0,0,1,3
2021-10-23 23:00:00,Loudoun United FC,Tampa Bay Rowdies,0.0,1.0,"Leesburg, Virginia",USA,Segra Field,,,,USL Championship,,20211023_Loudoun-United-FC_Tampa-Bay-Rowdies,-208.41821368272417,1.36,0.61,4,2,10,5,37.6,62.4,3,1,0,0,6,4
2021-10-23 23:00:00,Pittsburgh Riverhounds,Charleston Battery,2.0,1.0,"Pittsburgh, Pennsylvania",USA,Highmark Stadium,,,,USL Championship,,20211023_Pittsburgh-Riverhounds_Charleston-Battery,72.53425779981058,0.15,0.4,2,2,4,3,48.4,51.6,0,0,0,0,5,5
2021-10-23 23:30:00,Louisville City FC,Memphis 901 FC,3.0,1.0,"Louisville, Kentucky",USA,Lynn Family Stadium,,,,USL Championship,,20211023_Louisville-City-FC_Memphis-901-FC,-12.604633623399423,0.9,0.62,3,1,7,2,49.4,50.6,1,3,0,0,2,1
2021-10-24 00:30:00,Rio Grande Valley FC Toros,New Mexico United,2.0,0.0,"Edinburg, Texas",USA,H-E-B Park,,,,USL Championship,,20211024_Rio-Grande-Valley-FC-Toros_New-Mexico-United,-64.51229456375972,0.78,0.61,2,2,5,5,51.6,48.4,1,2,0,0,6,7
2021-10-24 00:30:00,San Antonio FC,Austin Bold FC,0.0,0.0,"San Antonio, Texas",USA,Toyota Field,,,,USL Championship,,20211024_San-Antonio-FC_Austin-Bold-FC,52.28490955576967,2.93,1.94,11,7,20,14,51.2,48.8,0,1,0,0,9,8
2021-10-24 02:00:00,Orange County SC,Las Vegas Lights FC,2.0,1.0,"Irvine, California",USA,Championship Soccer Stadium,,,,USL Championship,,20211024_Orange-County-SC_Las-Vegas-Lights-FC,120.6934177238129,0.67,0.67,3,2,6,4,53.7,46.3,1,2,0,0,8,3
2021-10-24 02:30:00,Phoenix Rising FC,Sacramento Republic FC,1.0,1.0,"Chandler, Arizona",USA,Phoenix Rising Stadium at Wild Horse Pass,,,,USL Championship,,20211024_Phoenix-Rising-FC_Sacramento-Republic-FC,103.27509198792245,0.17,0.91,1,2,2,5,55.1,44.9,2,3,0,0,2,2
2021-10-24 20:30:00,Tacoma Defiance,Ventura County FC,3.0,2.0,"Tacoma, Washington",USA,Cheney Stadium,,,,USL Championship,,20211024_Tacoma-Defiance_Ventura-County-FC,-52.985677918813735,0.4,1.37,3,4,7,11,45.0,55.0,1,2,0,0,5,4
2021-10-24 21:00:00,Birmingham Legion FC,Sporting Kansas City II,6.0,0.0,"Birmingham, Alabama",USA,BBVA Field,,,,USL Championship,,20211024_Birmingham-Legion-FC_Sporting-Kansas-City-II,154.88759233476935,2.1,0.3,8,0,17,1,54.1,45.9,1,2,0,0,10,7
2021-10-24 22:00:00,San Diego Loyal SC,Oakland Roots,3.0,4.0,"San Diego, California",USA,Torero Stadium,,,,USL Championship,,20211024_San-Diego-Loyal-SC_Oakland-Roots,33.2917746953965,2.2,1.06,6,4,13,10,54.9,45.1,1,1,0,0,12,6
2021-10-24 23:30:00,Miami FC,New York Red Bulls II,2.0,0.0,"Miami, Florida",USA,FIU Soccer Stadium,,,,USL Championship,,20211024_Miami-FC_New-York-Red-Bulls-II,103.1155201127458,1.05,0.91,3,2,7,3,49.8,50.2,1,0,0,0,2,3
2021-10-25 00:00:00,El Paso Locomotive FC,Oklahoma City Energy FC,4.0,0.0,"El Paso, Texas",USA,Southwest University Park,,,,USL Championship,,20211025_El-Paso-Locomotive-FC_Oklahoma-City-Energy-FC,86.17700488773744,1.55,1.44,5,4,12,9,48.4,51.6,3,2,0,0,5,4
2021-10-26 23:00:00,Hartford Athletic,Charleston Battery,2.0,0.0,"Hartford, Connecticut",USA,Trinity Health Stadium,,,,USL Championship,,20211026_Hartford-Athletic_Charleston-Battery,-25.23258405870979,0.51,0.7,3,0,8,0,46.9,53.1,0,1,0,0,7,0
2021-10-27 21:30:00,Charlotte Independence,Loudoun United FC,1.0,0.0,"Charlotte, North Carolina",USA,American Legion Memorial Stadium,,,,USL Championship,,20211027_Charlotte-Independence_Loudoun-United-FC,202.67336173082208,0.18,0.31,1,0,0,0,56.3,43.7,4,2,0,0,6,2
2021-10-27 23:00:00,Miami FC,Pittsburgh Riverhounds,0.0,1.0,"Miami, Florida",USA,FIU Soccer Stadium,,,,USL Championship,,20211027_Miami-FC_Pittsburgh-Riverhounds,-7.667280461800146,0.64,1.06,2,2,5,4,53.6,46.4,0,2,0,0,1,2
2021-10-28 00:00:00,Memphis 901 FC,FC Tulsa,3.0,2.0,"Memphis, Tennessee",USA,AutoZone Park,,,,USL Championship,,20211028_Memphis-901-FC_FC-Tulsa,31.176531305349727,1.7,1.43,8,4,19,9,53.6,46.4,0,1,0,0,10,5
2021-10-28 01:00:00,Real Monarchs SLC,Rio Grande Valley FC Toros,1.0,3.0,"Herriman, Utah",USA,Zions Bank Stadium,,,,USL Championship,,20211028_Real-Monarchs-SLC_Rio-Grande-Valley-FC-Toros,-56.17051111368028,1.33,1.99,4,5,7,11,52.4,47.6,0,2,0,0,3,3
2021-10-30 17:00:00,Loudoun United FC,New York Red Bulls II,1.0,4.0,"Leesburg, Virginia",USA,Segra Field,,,,USL Championship,,20211030_Loudoun-United-FC_New-York-Red-Bulls-II,-69.78581729548955,1.13,2.3,3,8,6,19,48.6,51.4,2,2,0,0,3,8
2021-10-30 23:00:00,Charleston Battery,Miami FC,0.0,4.0,"Mount Pleasant, South Carolina",USA,Patriots Point,,,,USL Championship,,20211030_Charleston-Battery_Miami-FC,-85.06278447656655,0.31,1.76,1,5,1,11,47.5,52.5,1,2,0,0,3,2
2021-10-30 23:00:00,Memphis 901 FC,Indy Eleven,3.0,0.0,"Memphis, Tennessee",USA,AutoZone Park,,,,USL Championship,,20211030_Memphis-901-FC_Indy-Eleven,82.42727500988576,1.22,1.08,3,4,6,10,51.7,48.3,1,2,0,0,4,6
2021-10-30 23:00:00,New Mexico United,Real Monarchs SLC,3.0,1.0,"Albuquerque, New Mexico",USA,Rio Grande Credit Union Field at Isotopes Park,,,,USL Championship,,20211030_New-Mexico-United_Real-Monarchs-SLC,102.35363969718082,2.08,1.24,5,3,11,7,52.9,47.1,3,2,0,0,6,3
2021-10-30 23:00:00,Pittsburgh Riverhounds,Hartford Athletic,0.0,0.0,"Pittsburgh, Pennsylvania",USA,Highmark Stadium,,,,USL Championship,,20211030_Pittsburgh-Riverhounds_Hartford-Athletic,115.69315082754156,1.25,0.49,3,0,8,2,52.7,47.3,5,3,0,0,4,4
2021-10-30 23:30:00,Birmingham Legion FC,Louisville City FC,0.0,1.0,"Birmingham, Alabama",USA,BBVA Field,,,,USL Championship,,20211030_Birmingham-Legion-FC_Louisville-City-FC,22.72648562820177,0.23,0.61,1,1,3,2,53.2,46.8,0,4,0,0,1,2
2021-10-31 00:00:00,Austin Bold FC,Charlotte Independence,1.0,1.0,Austin,USA,Bold Stadium,,,,USL Championship,,20211031_Austin-Bold-FC_Charlotte-Independence,-78.22011508952596,0.91,0.05,5,1,11,3,50.2,49.8,1,3,0,0,4,4
2021-10-31 00:00:00,FC Tulsa,Oklahoma City Energy FC,2.0,0.0,"Tulsa, Oklahoma",USA,ONEOK Field,,,,USL Championship,,20211031_FC-Tulsa_Oklahoma-City-Energy-FC,-0.19371135442293053,1.65,1.09,5,4,10,8,44.9,55.1,2,3,0,0,5,4
2021-10-31 00:30:00,Rio Grande Valley FC Toros,El Paso Locomotive FC,4.0,1.0,"Edinburg, Texas",USA,H-E-B Park,,,,USL Championship,,20211031_Rio-Grande-Valley-FC-Toros_El-Paso-Locomotive-FC,-114.57554605803784,1.58,1.01,5,5,12,12,45.8,54.2,1,1,0,0,6,6
2021-10-31 00:30:00,San Antonio FC,Colorado Springs Switchbacks FC,3.0,0.0,"San Antonio, Texas",USA,Toyota Field,,,,USL Championship,,20211031_San-Antonio-FC_Colorado-Springs-Switchbacks-FC,17.345505505190886,1.18,1.5,3,4,6,8,50.7,49.3,2,2,0,0,4,9
2021-10-31 02:00:00,Las Vegas Lights FC,Tampa Bay Rowdies,1.0,2.0,"Las Vegas, Nevada",USA,Cashman Field,,,,USL Championship,,20211031_Las-Vegas-Lights-FC_Tampa-Bay-Rowdies,-195.66865399197195,0.97,1.31,3,4,5,8,37.2,62.8,1,0,0,0,2,4
2021-10-31 02:00:00,Oakland Roots,Sporting Kansas City II,1.0,0.0,"Oakland, California",USA,Laney Football Stadium,,,,USL Championship,,20211031_Oakland-Roots_Sporting-Kansas-City-II,95.88381959469075,1.73,1.23,5,5,10,10,53.6,46.4,0,0,0,0,6,9
2021-10-31 02:30:00,Phoenix Rising FC,Tacoma Defiance,1.0,1.0,"Chandler, Arizona",USA,Phoenix Rising Stadium at Wild Horse Pass,,,,USL Championship,,20211031_Phoenix-Rising-FC_Tacoma-Defiance,116.18735914246417,1.45,2.13,5,7,10,16,50.1,49.9,0,1,0,0,8,6
2021-10-31 02:30:00,Sacramento Republic FC,San Diego Loyal SC,1.0,1.0,"Sacramento, California",USA,Heart Health Park,,,,USL Championship,,20211031_Sacramento-Republic-FC_San-Diego-Loyal-SC,-19.122628570163442,0.8,0.18,3,1,7,2,48.4,51.6,0,5,0,0,4,2
2021-10-31 02:30:00,Ventura County FC,Orange County SC,0.0,1.0,"Carson, California",USA,Dignity Health Sports Park,,,,USL Championship,,20211031_Ventura-County-FC_Orange-County-SC,-35.808088815628025,1.14,0.5,5,3,11,6,47.0,53.0,1,3,0,0,4,5
2021-11-06 01:00:00,San Antonio FC,San Diego Loyal SC,2.0,0.0,"San Antonio, Texas",USA,Toyota Field,,,,USL Championship,,20211106_San-Antonio-FC_San-Diego-Loyal-SC,52.570784566402835,1.04,1.28,3,4,10,9,52.3,47.7,2,3,0,0,13,6
2021-11-06 01:30:00,El Paso Locomotive FC,Oakland Roots,0.0,1.0,"El Paso, Texas",USA,Southwest University Park,,,,USL Championship,,20211106_El-Paso-Locomotive-FC_Oakland-Roots,75.81363802043415,0.88,1.74,4,5,9,13,52.6,47.4,1,5,0,0,7,7
2021-11-06 23:00:00,Charlotte Independence,Memphis 901 FC,3.0,1.0,"Charlotte, North Carolina",USA,American Legion Memorial Stadium,,,,USL Championship,,20211106_Charlotte-Independence_Memphis-901-FC,16.27128794115106,0.05,0.21,3,1,6,1,49.1,50.9,0,1,0,0,8,1
2021-11-06 23:30:00,Tampa Bay Rowdies,FC Tulsa,6.0,2.0,"St. Petersburg, Florida",USA,Al Lang Stadium,,,,USL Championship,,20211106_Tampa-Bay-Rowdies_FC-Tulsa,86.1903430695977,1.08,1.6,6,5,13,9,54.6,45.4,0,5,0,0,5,3
2021-11-07 00:00:00,Louisville City FC,Miami FC,1.0,0.0,"Louisville, Kentucky",USA,Lynn Family Stadium,,,,USL Championship,,20211107_Louisville-City-FC_Miami-FC,12.696632408413734,0.66,0.43,4,1,9,3,48.8,51.2,4,3,0,0,2,4
2021-11-07 02:00:00,Orange County SC,Colorado Springs Switchbacks FC,1.0,0.0,"Irvine, California",USA,Championship Soccer Stadium,,,,USL Championship,,20211107_Orange-County-SC_Colorado-Springs-Switchbacks-FC,21.200746550243366,1.2,1.39,5,5,11,10,51.0,49.0,2,2,0,0,4,10
2021-11-07 02:30:00,Phoenix Rising FC,Rio Grande Valley FC Toros,3.0,3.0,"Chandler, Arizona",USA,Phoenix Rising Stadium at Wild Horse Pass,,,,USL Championship,,20211107_Phoenix-Rising-FC_Rio-Grande-Valley-FC-Toros,78.70309409460219,2.38,0.63,9,3,20,6,59.2,40.8,2,1,0,0,15,2
2021-11-14 00:00:00,Tampa Bay Rowdies,Birmingham Legion FC,1.0,0.0,"St. Petersburg, Florida",USA,Al Lang Stadium,,,,USL Championship,,20211114_Tampa-Bay-Rowdies_Birmingham-Legion-FC,42.96877277973363,0.67,0.93,3,3,6,8,44.4,55.6,1,2,0,0,5,5
2021-11-14 00:30:00,Louisville City FC,Charlotte Independence,1.0,0.0,"Louisville, Kentucky",USA,Lynn Family Stadium,,,,USL Championship,,20211114_Louisville-City-FC_Charlotte-Independence,-11.22991190248922,0.33,0.55,1,2,2,5,50.3,49.7,2,5,0,1,1,3
2021-11-14 02:00:00,San Antonio FC,Rio Grande Valley FC Toros,3.0,1.0,"San Antonio, Texas",USA,Toyota Field,,,,USL Championship,,20211114_San-Antonio-FC_Rio-Grande-Valley-FC-Toros,64.78768625118778,1.47,1.62,5,4,9,9,56.9,43.1,3,0,0,0,2,11
2021-11-14 03:00:00,Orange County SC,Oakland Roots,0.0,0.0,"Irvine, California",USA,Championship Soccer Stadium,,,,USL Championship,,20211114_Orange-County-SC_Oakland-Roots,27.883534716007944,0.89,0.88,4,3,9,8,53.5,46.5,0,1,0,0,7,4
2021-11-21 00:30:00,Tampa Bay Rowdies,Louisville City FC,3.0,2.0,"St. Petersburg, Florida",USA,Al Lang Stadium,,,,USL Championship,,20211121_Tampa-Bay-Rowdies_Louisville-City-FC,26.701633936735107,0.18,1.2,3,2,7,5,52.4,47.6,0,2,0,0,7,4
2021-11-21 03:00:00,Orange County SC,San Antonio FC,1.0,1.0,"Irvine, California",USA,Championship Soccer Stadium,,,,USL Championship,,20211121_Orange-County-SC_San-Antonio-FC,-28.625803788848998,1.08,1.24,3,6,6,13,50.1,49.9,2,0,0,0,2,10
2021-11-29 01:30:00,Tampa Bay Rowdies,Orange County SC,1.0,3.0,"St. Petersburg, Florida",USA,Al Lang Stadium,,,,USL Championship,,20211129_Tampa-Bay-Rowdies_Orange-County-SC,73.49249049830019,0.91,2.28,4,8,6,19,50.6,49.4,1,3,1,0,3,4
2022-03-12 23:00:00,Loudoun United FC,Indy Eleven,1.0,0.0,"Leesburg, Virginia",USA,Segra Field,,,,USL Championship,,20220312_Loudoun-United-FC_Indy-Eleven,-103.92674717267596,0.81,0.56,2,1,3,2,47.3,52.7,1,0,0,0,4,2
2022-03-13 00:00:00,Charleston Battery,FC Tulsa,1.0,0.0,"Mount Pleasant, South Carolina",USA,Patriots Point,,,,USL Championship,,20220313_Charleston-Battery_FC-Tulsa,-51.77002064151293,0.97,0.84,4,4,9,8,54.2,45.8,2,3,0,1,8,5
2022-03-13 00:00:00,Memphis 901 FC,Pittsburgh Riverhounds,0.0,3.0,"Memphis, Tennessee",USA,AutoZone Park,,,,USL Championship,,20220313_Memphis-901-FC_Pittsburgh-Riverhounds,-21.823804487837606,0.73,2.01,3,8,6,19,47.1,52.9,3,1,0,0,2,7
2022-03-13 00:00:00,Miami FC,New York Red Bulls II,2.0,0.0,"Miami, Florida",USA,Riccardo Silva Stadium,,,,USL Championship,,20220313_Miami-FC_New-York-Red-Bulls-II,96.39546546526572,1.59,0.82,5,2,11,4,57.2,42.8,1,1,0,0,8,2
2022-03-13 00:30:00,Louisville City FC,Atlanta United 2,1.0,0.0,"Louisville, Kentucky",USA,Lynn Family Stadium,,,,USL Championship,,20220313_Louisville-City-FC_Atlanta-United-2,123.92152732814657,1.18,0.69,3,2,4,5,50.3,49.7,2,1,0,0,4,3
2022-03-13 01:00:00,Colorado Springs Switchbacks FC,Orange County SC,2.0,1.0,"Colorado Springs, Colorado",USA,Weidner Field,,,,USL Championship,,20220313_Colorado-Springs-Switchbacks-FC_Orange-County-SC,-58.264681602590144,1.27,0.97,4,4,9,5,48.6,51.4,4,1,0,0,11,6
2022-03-13 01:30:00,Rio Grande Valley FC Toros,Oakland Roots,1.0,0.0,"Edinburg, Texas",USA,H-E-B Park,,,,USL Championship,,20220313_Rio-Grande-Valley-FC-Toros_Oakland-Roots,-29.776136444203075,1.14,0.3,2,1,4,3,54.9,45.1,4,2,0,0,2,4
2022-03-13 01:30:00,San Antonio FC,Detroit City FC,1.0,0.0,"San Antonio, Texas",USA,Toyota Field,,,,USL Championship,,20220313_San-Antonio-FC_Detroit-City-FC,77.2605557037075,1.51,0.75,4,2,9,3,58.0,42.0,3,2,0,0,4,3
2022-03-13 02:30:00,Phoenix Rising FC,Monterey Bay,4.0,2.0,"Chandler, Arizona",USA,Phoenix Rising Stadium at Wild Horse Pass,,,,USL Championship,,20220313_Phoenix-Rising-FC_Monterey-Bay,77.02904342267766,1.46,1.63,4,5,8,9,53.2,46.8,2,4,0,0,6,5
2022-03-13 03:00:00,Sacramento Republic FC,El Paso Locomotive FC,3.0,1.0,"Sacramento, California",USA,Heart Health Park,,,,USL Championship,,20220313_Sacramento-Republic-FC_El-Paso-Locomotive-FC,-81.46954250008207,1.48,0.74,3,2,6,4,55.1,44.9,3,1,0,0,1,6
2022-03-13 03:00:00,San Diego Loyal SC,Ventura County FC,2.0,1.0,"San Diego, California",USA,Torero Stadium,,,,USL Championship,,20220313_San-Diego-Loyal-SC_Ventura-County-FC,13.52205779474707,1.21,1.11,3,3,7,4,45.0,55.0,4,4,0,0,4,3
2022-03-13 21:00:00,Birmingham Legion FC,Tampa Bay Rowdies,1.0,1.0,"Birmingham, Alabama",USA,Protective Stadium,,,,USL Championship,,20220313_Birmingham-Legion-FC_Tampa-Bay-Rowdies,-60.59405830768242,1.92,1.16,6,5,12,11,46.3,53.7,1,4,0,1,3,5
2022-03-13 23:00:00,New Mexico United,Las Vegas Lights FC,2.0,0.0,"Albuquerque, New Mexico",USA,Rio Grande Credit Union Field at Isotopes Park,,,,USL Championship,,20220313_New-Mexico-United_Las-Vegas-Lights-FC,133.77851898555514,0.65,0.05,3,1,5,2,55.6,44.4,5,3,0,0,5,4
2022-03-17 00:05:00,Atlanta United 2,New York Red Bulls II,0.0,1.0,"Kennesaw, Georgia",USA,Fifth Third Bank Stadium,,,,USL Championship,,20220317_Atlanta-United-2_New-York-Red-Bulls-II,10.462949395220903,0.64,0.97,2,3,5,4,47.8,52.2,3,2,0,0,3,2
2022-03-19 17:00:00,New York Red Bulls II,Loudoun United FC,0.0,3.0,"Montclair, New Jersey",USA,MSU Soccer Park,,,,USL Championship,,20220319_New-York-Red-Bulls-II_Loudoun-United-FC,77.1506122591245,0.84,2.01,1,6,3,12,60.6,39.4,1,2,0,0,2,6
2022-03-19 20:00:00,Detroit City FC,Charleston Battery,1.0,0.0,"Hamtramck, Michigan",USA,Keyworth Stadium,,,,USL Championship,,20220319_Detroit-City-FC_Charleston-Battery,30.47896501840887,0.44,0.05,1,0,3,0,55.9,44.1,1,2,0,0,6,4
2022-03-19 23:00:00,Memphis 901 FC,Oakland Roots,2.0,1.0,"Memphis, Tennessee",USA,AutoZone Park,,,,USL Championship,,20220319_Memphis-901-FC_Oakland-Roots,24.132038807733124,1.09,0.53,5,3,13,9,48.8,51.2,3,2,1,0,8,5
2022-03-19 23:00:00,Pittsburgh Riverhounds,Hartford Athletic,2.0,1.0,"Pittsburgh, Pennsylvania",USA,Highmark Stadium,,,,USL Championship,,20220319_Pittsburgh-Riverhounds_Hartford-Athletic,119.23142082342088,0.66,1.38,2,4,5,8,57.4,42.6,0,2,0,0,0,9
2022-03-19 23:00:00,Ventura County FC,San Antonio FC,1.0,2.0,"Carson, California",USA,Dignity Health Sports Park,,,,USL Championship,,20220319_Ventura-County-FC_San-Antonio-FC,-116.19811620740029,2.13,0.95,8,3,17,6,44.5,55.5,1,1,0,1,10,6
2022-03-19 23:30:00,Louisville City FC,Miami FC,2.0,0.0,"Louisville, Kentucky",USA,Lynn Family Stadium,,,,USL Championship,,20220319_Louisville-City-FC_Miami-FC,36.2672548252724,0.71,0.85,2,2,4,5,44.4,55.6,2,0,0,0,5,6
2022-03-19 23:30:00,Tampa Bay Rowdies,Indy Eleven,2.0,0.0,"St. Petersburg, Florida",USA,Al Lang Stadium,,,,USL Championship,,20220319_Tampa-Bay-Rowdies_Indy-Eleven,166.39972233205435,1.9,1.24,6,4,14,11,56.2,43.8,1,0,0,0,4,3
2022-03-20 00:00:00,Colorado Springs Switchbacks FC,Monterey Bay,1.0,0.0,"Colorado Springs, Colorado",USA,Weidner Field,,,,USL Championship,,20220320_Colorado-Springs-Switchbacks-FC_Monterey-Bay,30.2201538512943,0.55,0.22,3,0,7,0,53.1,46.9,1,3,0,0,7,2
2022-03-20 00:00:00,El Paso Locomotive FC,New Mexico United,1.0,2.0,"El Paso, Texas",USA,Southwest University Park,,,,USL Championship,,20220320_El-Paso-Locomotive-FC_New-Mexico-United,27.226112230879608,1.21,1.72,6,5,13,11,45.1,54.9,4,2,0,0,9,6
2022-03-20 00:30:00,FC Tulsa,Birmingham Legion FC,3.0,1.0,"Tulsa, Oklahoma",USA,ONEOK Field,,,,USL Championship,,20220320_FC-Tulsa_Birmingham-Legion-FC,-66.71035969694958,1.7,1.69,5,3,8,6,46.3,53.7,0,4,0,0,3,5
2022-03-20 02:00:00,Las Vegas Lights FC,Phoenix Rising FC,2.0,1.0,"Las Vegas, Nevada",USA,Cashman Field,,,,USL Championship,,20220320_Las-Vegas-Lights-FC_Phoenix-Rising-FC,-208.01251120301845,1.62,0.12,5,1,10,4,42.6,57.4,2,2,0,0,6,6
2022-03-20 02:00:00,Orange County SC,Rio Grande Valley FC Toros,2.0,1.0,"Irvine, California",USA,Championship Soccer Stadium,,,,USL Championship,,20220320_Orange-County-SC_Rio-Grande-Valley-FC-Toros,44.20562953039371,0.86,1.27,2,4,6,11,51.3,48.7,0,2,0,0,0,10
2022-03-20 02:00:00,San Diego Loyal SC,Sacramento Republic FC,2.0,0.0,"San Diego, California",USA,Torero Stadium,,,,USL Championship,,20220320_San-Diego-Loyal-SC_Sacramento-Republic-FC,4.374821193247271,0.68,1.11,3,2,8,7,43.9,56.1,0,0,0,0,9,10
2022-03-23 23:00:00,New York Red Bulls II,Louisville City FC,0.0,2.0,"Montclair, New Jersey",USA,MSU Soccer Park,,,,USL Championship,,20220323_New-York-Red-Bulls-II_Louisville-City-FC,-163.18208578317285,0.48,0.85,2,4,4,7,45.3,54.7,2,0,0,0,2,5
2022-03-23 23:30:00,Atlanta United 2,Tampa Bay Rowdies,0.0,3.0,"Kennesaw, Georgia",USA,Fifth Third Bank Stadium,,,,USL Championship,,20220323_Atlanta-United-2_Tampa-Bay-Rowdies,-183.11845787758125,0.75,2.07,2,8,4,17,47.5,52.5,1,1,0,0,7,10
2022-03-24 00:30:00,FC Tulsa,San Diego Loyal SC,1.0,0.0,"Tulsa, Oklahoma",USA,ONEOK Field,,,,USL Championship,,20220324_FC-Tulsa_San-Diego-Loyal-SC,-20.231766391930933,1.43,0.83,5,3,11,7,51.6,48.4,2,2,0,0,6,2
2022-03-24 01:00:00,El Paso Locomotive FC,Las Vegas Lights FC,4.0,5.0,"El Paso, Texas",USA,Southwest University Park,,,,USL Championship,,20220324_El-Paso-Locomotive-FC_Las-Vegas-Lights-FC,144.82269035640365,1.44,1.87,5,5,11,10,60.3,39.7,0,2,0,0,8,4
2022-03-24 02:30:00,Ventura County FC,Rio Grande Valley FC Toros,1.0,0.0,"Carson, California",USA,Dignity Health Sports Park,,,,USL Championship,,20220324_Ventura-County-FC_Rio-Grande-Valley-FC-Toros,-34.12089730855109,0.78,1.39,3,4,8,8,48.8,51.2,3,1,0,0,5,6
2022-03-26 20:00:00,Detroit City FC,Pittsburgh Riverhounds,1.0,1.0,"Hamtramck, Michigan",USA,Keyworth Stadium,,,,USL Championship,,20220326_Detroit-City-FC_Pittsburgh-Riverhounds,-85.545002593253,1.15,1.1,4,3,8,8,48.5,51.5,3,1,0,0,2,6
2022-03-26 22:00:00,New Mexico United,Orange County SC,1.0,1.0,"Albuquerque, New Mexico",USA,Rio Grande Credit Union Field at Isotopes Park,,,,USL Championship,,20220326_New-Mexico-United_Orange-County-SC,-21.29067789604551,0.48,2.01,2,6,2,13,52.7,47.3,0,1,0,1,4,9
2022-03-26 23:00:00,Miami FC,Loudoun United FC,0.0,0.0,"Miami, Florida",USA,Riccardo Silva Stadium,,,,USL Championship,,20220326_Miami-FC_Loudoun-United-FC,153.3181633259269,0.75,0.91,3,2,5,5,61.6,38.4,0,4,0,0,6,6
2022-03-26 23:30:00,Birmingham Legion FC,Colorado Springs Switchbacks FC,0.0,2.0,"Birmingham, Alabama",USA,Protective Stadium,,,,USL Championship,,20220326_Birmingham-Legion-FC_Colorado-Springs-Switchbacks-FC,5.003915781865317,0.08,1.26,1,3,2,7,50.1,49.9,1,0,0,0,3,3
2022-03-26 23:30:00,Louisville City FC,Indy Eleven,1.0,1.0,"Louisville, Kentucky",USA,Lynn Family Stadium,,,,USL Championship,,20220326_Louisville-City-FC_Indy-Eleven,166.15654949669783,0.05,0.21,1,1,2,3,52.9,47.1,1,2,0,0,3,4
2022-03-26 23:30:00,Tampa Bay Rowdies,Hartford Athletic,1.0,1.0,"St. Petersburg, Florida",USA,Al Lang Stadium,,,,USL Championship,,20220326_Tampa-Bay-Rowdies_Hartford-Athletic,168.56856121612554,1.22,0.55,4,2,8,5,56.3,43.7,3,1,0,0,2,4
2022-03-27 02:00:00,Las Vegas Lights FC,Memphis 901 FC,0.0,1.0,"Las Vegas, Nevada",USA,Cashman Field,,,,USL Championship,,20220327_Las-Vegas-Lights-FC_Memphis-901-FC,-132.37019148987974,0.75,0.72,2,1,3,5,39.2,60.8,4,3,0,0,5,3
2022-03-27 02:00:00,Oakland Roots,Monterey Bay,2.0,3.0,"Oakland, California",USA,Laney Football Stadium,,,,USL Championship,,20220327_Oakland-Roots_Monterey-Bay,19.807039731810164,1.0,0.52,4,4,10,9,52.0,48.0,2,4,0,0,6,7
2022-03-27 02:30:00,Phoenix Rising FC,San Diego Loyal SC,2.0,3.0,"Chandler, Arizona",USA,Phoenix Rising Stadium at Wild Horse Pass,,,,USL Championship,,20220327_Phoenix-Rising-FC_San-Diego-Loyal-SC,61.801288659034526,1.01,1.64,3,7,7,14,46.8,53.2,2,1,0,0,3,9
2022-03-27 21:00:00,Sacramento Republic FC,FC Tulsa,2.0,1.0,"Sacramento, California",USA,Heart Health Park,,,,USL Championship,,20220327_Sacramento-Republic-FC_FC-Tulsa,-20.538860516430077,0.05,1.79,2,5,5,11,54.1,45.9,3,2,0,0,3,5
2022-03-27 23:30:00,Atlanta United 2,Charleston Battery,4.0,1.0,"Kennesaw, Georgia",USA,Fifth Third Bank Stadium,,,,USL Championship,,20220327_Atlanta-United-2_Charleston-Battery,-24.334866948407353,1.68,1.73,4,4,8,9,44.5,55.5,0,1,0,0,7,3
2022-03-27 23:30:00,Rio Grande Valley FC Toros,San Antonio FC,1.0,2.0,"Edinburg, Texas",USA,H-E-B Park,,,,USL Championship,,20220327_Rio-Grande-Valley-FC-Toros_San-Antonio-FC,-111.51171815945168,0.58,1.82,2,7,4,16,38.8,61.2,1,1,0,0,8,10
2022-03-31 01:00:00,New Mexico United,Oakland Roots,2.0,2.0,"Albuquerque, New Mexico",USA,Rio Grande Credit Union Field at Isotopes Park,,,,USL Championship,,20220331_New-Mexico-United_Oakland-Roots,54.257686598381724,0.51,1.24,2,5,4,14,49.6,50.4,1,1,0,1,5,7
2022-04-01 23:00:00,Charleston Battery,Las Vegas Lights FC,1.0,2.0,"Mount Pleasant, South Carolina",USA,Patriots Point,,,,USL Championship,,20220401_Charleston-Battery_Las-Vegas-Lights-FC,30.430991249095086,0.98,1.36,3,2,6,2,47.3,52.7,3,2,0,1,3,1
2022-04-02 20:00:00,Detroit City FC,Memphis 901 FC,1.0,1.0,"Hamtramck, Michigan",USA,Keyworth Stadium,,,,USL Championship,,20220402_Detroit-City-FC_Memphis-901-FC,-49.09916349183686,1.95,2.17,4,7,10,17,54.1,45.9,2,2,0,0,4,8
2022-04-02 23:00:00,Hartford Athletic,Atlanta United 2,1.0,2.0,"Hartford, Connecticut",USA,Trinity Health Stadium,,,,USL Championship,,20220402_Hartford-Athletic_Atlanta-United-2,19.520272368452652,0.79,1.11,3,4,5,9,46.7,53.3,1,1,0,0,3,8
2022-04-02 23:00:00,Indy Eleven,Ventura County FC,1.0,1.0,"Indianapolis, Indiana",USA,Michael A. Carroll Stadium,,,,USL Championship,,20220402_Indy-Eleven_Ventura-County-FC,-35.67181857046285,0.14,0.38,2,1,3,1,44.4,55.6,1,2,0,0,3,3
2022-04-02 23:00:00,Miami FC,Colorado Springs Switchbacks FC,1.0,2.0,"Miami, Florida",USA,Riccardo Silva Stadium,,,,USL Championship,,20220402_Miami-FC_Colorado-Springs-Switchbacks-FC,-12.833207896568638,1.54,2.26,6,8,13,16,47.9,52.1,1,1,0,0,8,10
2022-04-02 23:00:00,Pittsburgh Riverhounds,Loudoun United FC,2.0,0.0,"Pittsburgh, Pennsylvania",USA,Highmark Stadium,,,,USL Championship,,20220402_Pittsburgh-Riverhounds_Loudoun-United-FC,196.45280053633246,0.13,0.05,2,1,4,5,50.2,49.8,0,2,0,0,3,4
2022-04-02 23:30:00,Birmingham Legion FC,Louisville City FC,0.0,0.0,"Birmingham, Alabama",USA,Protective Stadium,,,,USL Championship,,20220402_Birmingham-Legion-FC_Louisville-City-FC,-70.66286702226785,1.36,0.36,5,1,9,1,44.9,55.1,2,5,0,0,5,1
2022-04-03 00:30:00,FC Tulsa,New York Red Bulls II,3.0,2.0,"Tulsa, Oklahoma",USA,ONEOK Field,,,,USL Championship,,20220403_FC-Tulsa_New-York-Red-Bulls-II,74.67502452725853,0.67,1.85,3,5,6,12,52.4,47.6,3,1,0,0,4,7
2022-04-03 00:30:00,San Antonio FC,Phoenix Rising FC,0.0,2.0,"San Antonio, Texas",USA,Toyota Field,,,,USL Championship,,20220403_San-Antonio-FC_Phoenix-Rising-FC,49.17519415014249,0.68,1.7,3,5,4,9,54.6,45.4,0,0,0,0,5,5
2022-04-03 02:00:00,Oakland Roots,Tampa Bay Rowdies,0.0,0.0,"Oakland, California",USA,Laney Football Stadium,,,,USL Championship,,20220403_Oakland-Roots_Tampa-Bay-Rowdies,-126.33886920157579,0.72,0.88,1,2,3,4,37.4,62.6,1,1,0,0,3,0
2022-04-03 02:00:00,Sacramento Republic FC,Monterey Bay,2.0,1.0,"Sacramento, California",USA,Heart Health Park,,,,USL Championship,,20220403_Sacramento-Republic-FC_Monterey-Bay,11.16812779234192,1.6,0.91,5,2,12,4,52.0,48.0,1,4,0,0,5,2
2022-04-03 21:00:00,San Diego Loyal SC,El Paso Locomotive FC,3.0,2.0,"San Diego, California",USA,Torero Stadium,,,,USL Championship,,20220403_San-Diego-Loyal-SC_El-Paso-Locomotive-FC,-4.635159604660203,2.59,1.17,6,4,15,8,48.8,51.2,2,2,0,0,11,7
2022-04-09 18:00:00,FC Tulsa,Pittsburgh Riverhounds,3.0,4.0,"Tulsa, Oklahoma",USA,ONEOK Field,,,,USL Championship,,20220409_FC-Tulsa_Pittsburgh-Riverhounds,-81.988086875426,1.58,1.63,6,6,16,13,49.8,50.2,2,2,0,0,8,8
2022-04-09 21:00:00,Las Vegas Lights FC,Colorado Springs Switchbacks FC,2.0,3.0,"Las Vegas, Nevada",USA,Cashman Field,,,,USL Championship,,20220409_Las-Vegas-Lights-FC_Colorado-Springs-Switchbacks-FC,-136.55186921608401,1.4,1.27,4,5,8,11,40.2,59.8,2,4,0,0,5,8
2022-04-09 23:30:00,Atlanta United 2,Detroit City FC,0.0,4.0,"Kennesaw, Georgia",USA,Fifth Third Bank Stadium,,,,USL Championship,,20220409_Atlanta-United-2_Detroit-City-FC,-55.782133252294216,0.96,1.79,5,6,10,15,39.2,60.8,1,0,0,0,5,7
2022-04-09 23:30:00,Tampa Bay Rowdies,Miami FC,0.0,1.0,"St. Petersburg, Florida",USA,Al Lang Stadium,,,,USL Championship,,20220409_Tampa-Bay-Rowdies_Miami-FC,91.22001052610904,1.29,1.3,4,3,9,7,56.5,43.5,1,2,0,0,5,3
2022-04-10 00:30:00,Rio Grande Valley FC Toros,Indy Eleven,1.0,2.0,"Edinburg, Texas",USA,H-E-B Park,,,,USL Championship,,20220410_Rio-Grande-Valley-FC-Toros_Indy-Eleven,33.93998504712113,0.52,0.19,2,2,5,4,57.3,42.7,0,3,0,0,5,3
2022-04-10 01:30:00,El Paso Locomotive FC,Monterey Bay,5.0,0.0,"El Paso, Texas",USA,Southwest University Park,,,,USL Championship,,20220410_El-Paso-Locomotive-FC_Monterey-Bay,32.035994516530536,1.3,0.29,5,1,10,0,47.9,52.1,0,6,0,0,5,2
2022-04-10 02:00:00,Orange County SC,San Antonio FC,0.0,1.0,"Irvine, California",USA,Championship Soccer Stadium,,,,USL Championship,,20220410_Orange-County-SC_San-Antonio-FC,-28.49139029117532,0.76,1.79,1,6,3,11,49.6,50.4,4,2,0,0,2,3
2022-04-10 02:00:00,San Diego Loyal SC,Charleston Battery,4.0,1.0,"San Diego, California",USA,Torero Stadium,,,,USL Championship,,20220410_San-Diego-Loyal-SC_Charleston-Battery,109.13994662852474,1.35,0.05,5,1,11,2,65.2,34.8,2,1,0,0,6,5
2022-04-10 02:30:00,Phoenix Rising FC,Ventura County FC,3.0,1.0,"Chandler, Arizona",USA,Phoenix Rising Stadium at Wild Horse Pass,,,,USL Championship,,20220410_Phoenix-Rising-FC_Ventura-County-FC,93.29847238598836,1.73,1.46,4,4,9,10,58.6,41.4,1,1,0,1,5,7
2022-04-10 20:00:00,Loudoun United FC,Louisville City FC,0.0,2.0,"Leesburg, Virginia",USA,Segra Field,,,,USL Championship,,20220410_Loudoun-United-FC_Louisville-City-FC,-210.96799558065186,0.66,1.06,3,2,5,5,41.0,59.0,5,1,0,1,5,4
2022-04-10 21:00:00,Birmingham Legion FC,Hartford Athletic,2.0,1.0,"Birmingham, Alabama",USA,Protective Stadium,,,,USL Championship,,20220410_Birmingham-Legion-FC_Hartford-Athletic,82.48791833987775,1.55,1.69,5,5,11,12,53.6,46.4,2,1,0,0,6,5
2022-04-14 02:00:00,Oakland Roots,San Diego Loyal SC,2.0,2.0,"Oakland, California",USA,Laney Football Stadium,,,,USL Championship,,20220414_Oakland-Roots_San-Diego-Loyal-SC,-47.97620561244389,1.26,2.21,4,6,7,14,52.8,47.2,2,1,0,0,4,10
2022-04-15 23:00:00,Detroit City FC,Birmingham Legion FC,1.0,0.0,"Hamtramck, Michigan",USA,Keyworth Stadium,,,,USL Championship,,20220415_Detroit-City-FC_Birmingham-Legion-FC,-19.992642168396287,1.43,1.46,5,6,8,12,52.0,48.0,1,1,0,0,3,7
2022-04-15 23:00:00,New York Red Bulls II,Rio Grande Valley FC Toros,0.0,1.0,"Montclair, New Jersey",USA,MSU Soccer Park,,,,USL Championship,,20220415_New-York-Red-Bulls-II_Rio-Grande-Valley-FC-Toros,-47.312022638939425,0.34,1.06,0,3,0,7,45.7,54.3,2,1,0,0,1,7
2022-04-16 23:00:00,Indy Eleven,Atlanta United 2,2.0,1.0,"Indianapolis, Indiana",USA,Michael A. Carroll Stadium,,,,USL Championship,,20220416_Indy-Eleven_Atlanta-United-2,13.92196157518606,1.57,0.51,6,2,14,3,52.0,48.0,1,3,0,0,7,4
2022-04-16 23:00:00,Las Vegas Lights FC,Pittsburgh Riverhounds,1.0,0.0,"Las Vegas, Nevada",USA,Cashman Field,,,,USL Championship,,20220416_Las-Vegas-Lights-FC_Pittsburgh-Riverhounds,-187.83739895481085,0.5,1.17,3,4,5,10,43.7,56.3,5,2,1,0,5,6
2022-04-16 23:00:00,Miami FC,Hartford Athletic,2.0,0.0,"Miami, Florida",USA,Riccardo Silva Stadium,,,,USL Championship,,20220416_Miami-FC_Hartford-Athletic,99.31546049147505,1.28,0.89,4,1,10,0,48.4,51.6,2,7,0,0,7,6
2022-04-16 23:30:00,Tampa Bay Rowdies,FC Tulsa,3.0,1.0,"St. Petersburg, Florida",USA,Al Lang Stadium,,,,USL Championship,,20220416_Tampa-Bay-Rowdies_FC-Tulsa,96.8469593369075,0.94,1.94,3,5,8,13,55.1,44.9,2,0,1,0,9,5
2022-04-17 00:00:00,Colorado Springs Switchbacks FC,Memphis 901 FC,1.0,2.0,"Colorado Springs, Colorado",USA,Weidner Field,,,,USL Championship,,20220417_Colorado-Springs-Switchbacks-FC_Memphis-901-FC,11.1527101532904,0.23,1.18,2,2,6,3,47.1,52.9,1,0,0,0,7,3
2022-04-17 00:30:00,San Antonio FC,El Paso Locomotive FC,1.0,0.0,"San Antonio, Texas",USA,Toyota Field,,,,USL Championship,,20220417_San-Antonio-FC_El-Paso-Locomotive-FC,76.71108911490182,1.19,1.4,3,4,7,9,52.3,47.7,1,1,0,0,4,4
2022-04-17 02:00:00,Oakland Roots,Loudoun United FC,4.0,1.0,"Oakland, California",USA,Laney Football Stadium,,,,USL Championship,,20220417_Oakland-Roots_Loudoun-United-FC,118.04778297885832,1.86,0.5,5,1,12,2,57.9,42.1,1,0,0,0,4,5
2022-04-17 02:00:00,Orange County SC,Sacramento Republic FC,1.0,1.0,"Irvine, California",USA,Championship Soccer Stadium,,,,USL Championship,,20220417_Orange-County-SC_Sacramento-Republic-FC,34.719123660945115,0.68,0.53,2,2,4,4,48.3,51.7,1,2,0,0,4,3
2022-04-17 02:00:00,San Diego Loyal SC,Louisville City FC,2.0,5.0,"San Diego, California",USA,Torero Stadium,,,,USL Championship,,20220417_San-Diego-Loyal-SC_Louisville-City-FC,-59.225257458380156,0.64,1.89,2,5,5,10,45.9,54.1,2,0,0,0,2,4
2022-04-17 02:30:00,Phoenix Rising FC,New Mexico United,1.0,0.0,"Chandler, Arizona",USA,Phoenix Rising Stadium at Wild Horse Pass,,,,USL Championship,,20220417_Phoenix-Rising-FC_New-Mexico-United,37.22418150469889,0.87,0.23,2,1,4,0,50.9,49.1,1,2,0,0,3,4
2022-04-17 02:30:00,Ventura County FC,Monterey Bay,3.0,1.0,"Carson, California",USA,Dignity Health Sports Park,,,,USL Championship,,20220417_Ventura-County-FC_Monterey-Bay,-4.4299147721867485,0.8,0.76,4,3,10,9,50.8,49.2,1,2,0,0,3,6
2022-04-23 17:00:00,New York Red Bulls II,Tampa Bay Rowdies,1.0,1.0,"Montclair, New Jersey",USA,MSU Soccer Park,,,,USL Championship,,20220423_New-York-Red-Bulls-II_Tampa-Bay-Rowdies,-200.33693209731518,0.05,0.83,1,2,1,4,40.6,59.4,1,1,0,0,4,1
2022-04-23 21:00:00,Charleston Battery,Louisville City FC,1.0,1.0,"Mount Pleasant, South Carolina",USA,Patriots Point,,,,USL Championship,,20220423_Charleston-Battery_Louisville-City-FC,-193.39208319786667,1.18,1.61,5,5,11,12,44.9,55.1,1,2,0,0,7,4
2022-04-23 23:00:00,Hartford Athletic,Detroit City FC,1.0,2.0,"Hartford, Connecticut",USA,Trinity Health Stadium,,,,USL Championship,,20220423_Hartford-Athletic_Detroit-City-FC,-102.25191526961271,1.11,1.41,5,4,12,8,48.8,51.2,1,2,0,0,8,6
2022-04-23 23:00:00,Pittsburgh Riverhounds,Atlanta United 2,4.0,0.0,"Pittsburgh, Pennsylvania",USA,Highmark Stadium,,,,USL Championship,,20220423_Pittsburgh-Riverhounds_Atlanta-United-2,152.61299428789084,0.52,0.71,4,3,7,9,59.0,41.0,1,1,0,0,5,4
2022-04-24 00:30:00,FC Tulsa,Colorado Springs Switchbacks FC,0.0,2.0,"Tulsa, Oklahoma",USA,ONEOK Field,,,,USL Championship,,20220424_FC-Tulsa_Colorado-Springs-Switchbacks-FC,-60.520617280698616,0.3,1.25,1,5,5,10,48.3,51.7,1,4,0,0,3,5
2022-04-24 00:30:00,Rio Grande Valley FC Toros,Sacramento Republic FC,2.0,1.0,"Edinburg, Texas",USA,H-E-B Park,,,,USL Championship,,20220424_Rio-Grande-Valley-FC-Toros_Sacramento-Republic-FC,-44.13472932246691,1.24,0.95,4,3,11,7,50.8,49.2,1,3,0,0,6,3
2022-04-24 01:00:00,New Mexico United,San Antonio FC,0.0,1.0,"Albuquerque, New Mexico",USA,Rio Grande Credit Union Field at Isotopes Park,,,,USL Championship,,20220424_New-Mexico-United_San-Antonio-FC,-81.30219022796246,0.92,0.46,3,2,5,3,46.8,53.2,2,1,0,0,8,1
2022-04-24 01:30:00,El Paso Locomotive FC,Oakland Roots,1.0,1.0,"El Paso, Texas",USA,Southwest University Park,,,,USL Championship,,20220424_El-Paso-Locomotive-FC_Oakland-Roots,11.726057299016702,0.5,1.17,3,2,6,5,42.9,57.1,1,1,0,0,5,5
2022-04-24 02:00:00,Las Vegas Lights FC,Ventura County FC,1.0,1.0,"Las Vegas, Nevada",USA,Cashman Field,,,,USL Championship,,20220424_Las-Vegas-Lights-FC_Ventura-County-FC,-48.17036296794208,2.16,0.62,6,1,14,3,41.5,58.5,3,6,0,0,5,2
2022-04-24 02:30:00,Phoenix Rising FC,Miami FC,2.0,1.0,"Chandler, Arizona",USA,Phoenix Rising Stadium at Wild Horse Pass,,,,USL Championship,,20220424_Phoenix-Rising-FC_Miami-FC,43.80491545286941,1.24,1.16,4,2,8,4,52.6,47.4,2,0,0,0,3,4
2022-04-24 20:00:00,Loudoun United FC,Birmingham Legion FC,1.0,2.0,"Leesburg, Virginia",USA,Segra Field,,,,USL Championship,,20220424_Loudoun-United-FC_Birmingham-Legion-FC,-155.2004831964964,0.05,1.85,1,7,2,17,42.6,57.4,2,2,0,0,3,12
2022-04-24 21:30:00,Indy Eleven,Orange County SC,3.0,1.0,"Indianapolis, Indiana",USA,Michael A. Carroll Stadium,,,,USL Championship,,20220424_Indy-Eleven_Orange-County-SC,-82.92293278579723,1.41,0.7,6,1,11,3,43.2,56.8,2,2,0,0,3,4
2022-04-28 00:00:00,Birmingham Legion FC,Charleston Battery,2.0,1.0,"Birmingham, Alabama",USA,Protective Stadium,,,,USL Championship,,20220428_Birmingham-Legion-FC_Charleston-Battery,109.49386078274438,1.22,0.65,6,2,14,5,48.4,51.6,2,2,0,0,7,5
2022-04-28 00:00:00,Memphis 901 FC,Tampa Bay Rowdies,3.0,1.0,"Memphis, Tennessee",USA,AutoZone Park,,,,USL Championship,,20220428_Memphis-901-FC_Tampa-Bay-Rowdies,-33.94459483157175,0.67,1.45,3,5,5,11,56.4,43.6,4,2,0,0,5,9
2022-04-30 20:00:00,Detroit City FC,New York Red Bulls II,2.0,0.0,"Hamtramck, Michigan",USA,Keyworth Stadium,,,,USL Championship,,20220430_Detroit-City-FC_New-York-Red-Bulls-II,127.13891406222183,1.51,1.06,4,4,11,10,62.9,37.1,2,2,0,0,4,5
2022-04-30 22:00:00,Loudoun United FC,El Paso Locomotive FC,1.0,3.0,"Leesburg, Virginia",USA,Segra Field,,,,USL Championship,,20220430_Loudoun-United-FC_El-Paso-Locomotive-FC,-152.48426605091777,1.38,1.85,5,7,10,14,50.2,49.8,1,3,0,0,5,4
2022-04-30 23:00:00,Indy Eleven,Hartford Athletic,1.0,0.0,"Indianapolis, Indiana",USA,Michael A. Carroll Stadium,,,,USL Championship,,20220430_Indy-Eleven_Hartford-Athletic,62.41969577398072,0.52,1.33,1,6,3,13,52.7,47.3,1,1,0,0,1,7
2022-04-30 23:30:00,Louisville City FC,Pittsburgh Riverhounds,2.0,0.0,"Louisville, Kentucky",USA,Lynn Family Stadium,,,,USL Championship,,20220430_Louisville-City-FC_Pittsburgh-Riverhounds,13.863941516070781,0.85,0.75,2,2,4,4,51.2,48.8,3,3,0,0,8,3
2022-04-30 23:30:00,Tampa Bay Rowdies,San Diego Loyal SC,2.0,3.0,"St. Petersburg, Florida",USA,Al Lang Stadium,,,,USL Championship,,20220430_Tampa-Bay-Rowdies_San-Diego-Loyal-SC,55.8692050910704,2.11,2.0,6,7,12,16,49.3,50.7,3,2,1,0,7,9
2022-05-01 00:00:00,Memphis 901 FC,Miami FC,1.0,2.0,"Memphis, Tennessee",USA,AutoZone Park,,,,USL Championship,,20220501_Memphis-901-FC_Miami-FC,44.61514381156053,1.6,1.92,6,7,15,15,56.4,43.6,1,1,0,0,6,0
2022-05-01 00:30:00,Rio Grande Valley FC Toros,Orange County SC,1.0,2.0,"Edinburg, Texas",USA,H-E-B Park,,,,USL Championship,,20220501_Rio-Grande-Valley-FC-Toros_Orange-County-SC,-48.13639434955553,0.05,1.39,1,4,0,8,37.9,62.1,2,2,0,0,4,5
2022-05-01 00:30:00,San Antonio FC,Monterey Bay,6.0,0.0,"San Antonio, Texas",USA,Toyota Field,,,,USL Championship,,20220501_San-Antonio-FC_Monterey-Bay,161.32816420865743,1.84,0.8,6,3,14,8,53.9,46.1,2,3,0,0,5,4
2022-05-01 02:00:00,Oakland Roots,Colorado Springs Switchbacks FC,0.0,3.0,"Oakland, California",USA,Laney Football Stadium,,,,USL Championship,,20220501_Oakland-Roots_Colorado-Springs-Switchbacks-FC,-57.637867841456,0.89,1.66,3,5,6,12,43.2,56.8,4,0,0,0,4,8
2022-05-01 02:00:00,Sacramento Republic FC,Las Vegas Lights FC,1.0,1.0,"Sacramento, California",USA,Heart Health Park,,,,USL Championship,,20220501_Sacramento-Republic-FC_Las-Vegas-Lights-FC,71.76665111381112,0.58,1.26,2,4,6,11,54.7,45.3,1,1,0,0,5,8
2022-05-02 00:00:00,Ventura County FC,Phoenix Rising FC,3.0,0.0,"Carson, California",USA,Dignity Health Sports Park,,,,USL Championship,,20220502_Ventura-County-FC_Phoenix-Rising-FC,-121.71860257027743,0.75,0.11,3,1,6,4,48.5,51.5,1,1,0,0,5,3
2022-05-04 23:30:00,Atlanta United 2,Louisville City FC,0.0,4.0,"Kennesaw, Georgia",USA,Fifth Third Bank Stadium,,,,USL Championship,,20220504_Atlanta-United-2_Louisville-City-FC,-192.08569478159825,0.86,0.64,1,4,1,9,42.3,57.7,0,1,1,0,2,5
2022-05-05 00:00:00,Birmingham Legion FC,Miami FC,0.0,0.0,"Birmingham, Alabama",USA,Protective Stadium,,,,USL Championship,,20220505_Birmingham-Legion-FC_Miami-FC,-7.5000283716588,1.06,0.68,3,1,7,3,54.3,45.7,2,4,0,0,5,6
2022-05-05 01:00:00,El Paso Locomotive FC,FC Tulsa,3.0,1.0,"El Paso, Texas",USA,Southwest University Park,,,,USL Championship,,20220505_El-Paso-Locomotive-FC_FC-Tulsa,40.707630288714654,1.33,0.94,3,3,8,9,49.6,50.4,2,1,0,0,4,5
2022-05-05 02:00:00,Sacramento Republic FC,New Mexico United,0.0,0.0,"Sacramento, California",USA,Heart Health Park,,,,USL Championship,,20220505_Sacramento-Republic-FC_New-Mexico-United,-18.860354545610107,0.05,0.12,0,0,1,3,45.9,54.1,2,4,0,0,3,5
2022-05-06 01:00:00,Colorado Springs Switchbacks FC,Rio Grande Valley FC Toros,3.0,2.0,"Colorado Springs, Colorado",USA,Weidner Field,,,,USL Championship,,20220506_Colorado-Springs-Switchbacks-FC_Rio-Grande-Valley-FC-Toros,95.25828951925519,1.2,2.12,3,5,7,9,45.3,54.7,1,1,0,0,1,6
2022-05-06 23:00:00,Charleston Battery,Memphis 901 FC,0.0,2.0,"Mount Pleasant, South Carolina",USA,Patriots Point,,,,USL Championship,,20220506_Charleston-Battery_Memphis-901-FC,-151.221226917899,0.66,0.69,4,2,8,3,44.0,56.0,0,6,0,0,2,0
2022-05-07 23:00:00,Hartford Athletic,Loudoun United FC,1.0,0.0,"Hartford, Connecticut",USA,Trinity Health Stadium,,,,USL Championship,,20220507_Hartford-Athletic_Loudoun-United-FC,53.91869262994419,1.07,1.12,4,2,9,3,48.1,51.9,5,3,1,0,3,2
2022-05-07 23:00:00,New Mexico United,San Diego Loyal SC,1.0,1.0,"Albuquerque, New Mexico",USA,Rio Grande Credit Union Field at Isotopes Park,,,,USL Championship,,20220507_New-Mexico-United_San-Diego-Loyal-SC,-24.521908487700784,1.03,0.66,3,2,7,5,43.2,56.8,4,2,0,1,2,4
2022-05-07 23:00:00,Pittsburgh Riverhounds,Birmingham Legion FC,1.0,0.0,"Pittsburgh, Pennsylvania",USA,Highmark Stadium,,,,USL Championship,,20220507_Pittsburgh-Riverhounds_Birmingham-Legion-FC,37.78393864552072,0.85,0.06,1,1,2,4,55.7,44.3,1,2,0,0,3,7
2022-05-08 00:30:00,FC Tulsa,Detroit City FC,3.0,1.0,"Tulsa, Oklahoma",USA,ONEOK Field,,,,USL Championship,,20220508_FC-Tulsa_Detroit-City-FC,-75.6952717766801,1.14,1.54,4,4,7,7,35.2,64.8,1,1,0,0,1,2
2022-05-08 01:30:00,El Paso Locomotive FC,Ventura County FC,4.0,0.0,"El Paso, Texas",USA,Southwest University Park,,,,USL Championship,,20220508_El-Paso-Locomotive-FC_Ventura-County-FC,39.5694945101136,1.34,1.22,4,6,9,12,51.9,48.1,0,1,1,0,8,3
2022-05-08 02:00:00,Monterey Bay,Las Vegas Lights FC,1.0,0.0,"Seaside, California",USA,Cardinale Stadium,,,,USL Championship,,20220508_Monterey-Bay_Las-Vegas-Lights-FC,17.400426066511272,1.31,1.57,5,6,11,14,40.5,59.5,2,3,0,0,5,5
2022-05-08 02:00:00,Orange County SC,Oakland Roots,2.0,2.0,"Irvine, California",USA,Championship Soccer Stadium,,,,USL Championship,,20220508_Orange-County-SC_Oakland-Roots,51.2665866758814,2.21,0.66,6,2,13,3,52.0,48.0,0,4,0,0,8,2
2022-05-08 02:30:00,Phoenix Rising FC,San Antonio FC,3.0,0.0,"Chandler, Arizona",USA,Phoenix Rising Stadium at Wild Horse Pass,,,,USL Championship,,20220508_Phoenix-Rising-FC_San-Antonio-FC,-44.223339686518784,1.1,0.84,3,4,8,10,47.8,52.2,1,3,0,1,7,4
2022-05-08 17:00:00,New York Red Bulls II,Sacramento Republic FC,0.0,1.0,"Montclair, New Jersey",USA,MSU Soccer Park,,,,USL Championship,,20220508_New-York-Red-Bulls-II_Sacramento-Republic-FC,-98.44150478414622,0.67,0.41,3,2,6,4,49.7,50.3,1,1,0,0,1,5
2022-05-14 02:00:00,Orange County SC,FC Tulsa,5.0,1.0,"Irvine, California",USA,Championship Soccer Stadium,,,,USL Championship,,20220514_Orange-County-SC_FC-Tulsa,58.251810016111676,1.64,0.85,6,3,14,7,53.8,46.2,0,3,0,0,5,2
2022-05-14 02:30:00,Ventura County FC,Louisville City FC,4.0,3.0,"Carson, California",USA,Dignity Health Sports Park,,,,USL Championship,,20220514_Ventura-County-FC_Louisville-City-FC,-138.47304473169856,1.23,0.89,5,3,10,7,44.7,55.3,2,1,0,0,2,5
2022-05-14 23:00:00,Charleston Battery,New Mexico United,0.0,2.0,"Mount Pleasant, South Carolina",USA,Patriots Point,,,,USL Championship,,20220514_Charleston-Battery_New-Mexico-United,-113.81222365351755,0.42,1.59,1,6,1,13,40.3,59.7,0,0,0,0,4,2
2022-05-14 23:00:00,Hartford Athletic,New York Red Bulls II,3.0,2.0,"Hartford, Connecticut",USA,Trinity Health Stadium,,,,USL Championship,,20220514_Hartford-Athletic_New-York-Red-Bulls-II,24.52166146831337,1.63,1.71,5,4,10,10,46.2,53.8,3,0,0,0,6,6
2022-05-14 23:00:00,Miami FC,San Antonio FC,0.0,2.0,"Miami, Florida",USA,Riccardo Silva Stadium,,,,USL Championship,,20220514_Miami-FC_San-Antonio-FC,-66.18542670608622,1.15,1.13,4,4,7,9,47.6,52.4,1,1,0,0,6,3
2022-05-14 23:00:00,Pittsburgh Riverhounds,El Paso Locomotive FC,1.0,0.0,"Pittsburgh, Pennsylvania",USA,Highmark Stadium,,,,USL Championship,,20220514_Pittsburgh-Riverhounds_El-Paso-Locomotive-FC,45.45049529648054,0.98,1.24,4,2,7,5,50.1,49.9,1,2,0,0,9,4
2022-05-14 23:30:00,Detroit City FC,Loudoun United FC,4.0,2.0,"Hamtramck, Michigan",USA,Keyworth Stadium,,,,USL Championship,,20220514_Detroit-City-FC_Loudoun-United-FC,186.54492113506353,1.92,0.58,6,3,14,6,60.6,39.4,1,2,0,0,7,5
2022-05-15 00:00:00,Memphis 901 FC,Indy Eleven,2.0,1.0,"Memphis, Tennessee",USA,AutoZone Park,,,,USL Championship,,20220515_Memphis-901-FC_Indy-Eleven,80.58735803119271,0.52,0.67,2,1,4,4,60.0,40.0,1,2,0,0,2,1
2022-05-15 02:00:00,Las Vegas Lights FC,Oakland Roots,1.0,1.0,"Las Vegas, Nevada",USA,Cashman Field,,,,USL Championship,,20220515_Las-Vegas-Lights-FC_Oakland-Roots,-72.59552731720237,2.4,0.87,8,2,18,4,51.1,48.9,0,1,0,0,9,2
2022-05-15 02:00:00,Monterey Bay,Rio Grande Valley FC Toros,1.0,2.0,"Seaside, California",USA,Cardinale Stadium,,,,USL Championship,,20220515_Monterey-Bay_Rio-Grande-Valley-FC-Toros,-4.282423061830286,0.18,1.75,1,5,0,10,47.8,52.2,2,1,0,0,2,8
2022-05-16 02:00:00,Phoenix Rising FC,Tampa Bay Rowdies,1.0,5.0,"Chandler, Arizona",USA,Phoenix Rising Stadium at Wild Horse Pass,,,,USL Championship,,20220516_Phoenix-Rising-FC_Tampa-Bay-Rowdies,23.964902503224266,0.74,1.53,3,5,5,12,56.8,43.2,4,2,0,0,8,10
2022-05-18 23:00:00,Miami FC,Detroit City FC,1.0,1.0,"Miami, Florida",USA,Riccardo Silva Stadium,,,,USL Championship,,20220518_Miami-FC_Detroit-City-FC,-0.4787938819858937,0.64,0.97,2,3,3,6,46.5,53.5,1,3,0,0,5,5
2022-05-19 00:00:00,Birmingham Legion FC,Las Vegas Lights FC,0.0,0.0,"Birmingham, Alabama",USA,Protective Stadium,,,,USL Championship,,20220519_Birmingham-Legion-FC_Las-Vegas-Lights-FC,103.86306823900759,1.13,0.05,3,0,9,0,54.7,45.3,2,0,1,0,5,0
2022-05-19 00:00:00,Memphis 901 FC,Ventura County FC,5.0,0.0,"Memphis, Tennessee",USA,AutoZone Park,,,,USL Championship,,20220519_Memphis-901-FC_Ventura-County-FC,82.40994725189717,2.66,0.35,9,2,20,4,55.3,44.7,1,1,0,0,7,3
2022-05-19 01:00:00,El Paso Locomotive FC,Sacramento Republic FC,1.0,0.0,"El Paso, Texas",USA,Southwest University Park,,,,USL Championship,,20220519_El-Paso-Locomotive-FC_Sacramento-Republic-FC,22.012234018214258,0.51,0.79,4,2,8,7,48.6,51.4,1,1,1,0,4,9
2022-05-21 23:00:00,Charleston Battery,Miami FC,0.0,4.0,"Mount Pleasant, South Carolina",USA,Patriots Point,,,,USL Championship,,20220521_Charleston-Battery_Miami-FC,-138.97489857701976,1.15,0.88,4,4,10,10,46.6,53.4,2,1,0,0,2,7
2022-05-21 23:00:00,Indy Eleven,New York Red Bulls II,2.0,0.0,"Indianapolis, Indiana",USA,Michael A. Carroll Stadium,,,,USL Championship,,20220521_Indy-Eleven_New-York-Red-Bulls-II,98.41181444677704,1.69,0.32,6,0,14,1,56.2,43.8,2,1,0,1,4,1
2022-05-21 23:30:00,Detroit City FC,Atlanta United 2,3.0,1.0,"Hamtramck, Michigan",USA,Keyworth Stadium,,,,USL Championship,,20220521_Detroit-City-FC_Atlanta-United-2,121.06599207376689,0.83,1.39,3,5,5,10,57.3,42.7,1,3,0,0,1,10
2022-05-21 23:30:00,Louisville City FC,Monterey Bay,0.0,2.0,"Louisville, Kentucky",USA,Lynn Family Stadium,,,,USL Championship,,20220521_Louisville-City-FC_Monterey-Bay,152.80146364026587,0.85,0.92,3,5,6,10,59.0,41.0,1,2,0,0,3,6
2022-05-21 23:30:00,Tampa Bay Rowdies,Pittsburgh Riverhounds,3.0,1.0,"St. Petersburg, Florida",USA,Al Lang Stadium,,,,USL Championship,,20220521_Tampa-Bay-Rowdies_Pittsburgh-Riverhounds,-14.079070858033901,1.37,1.18,3,4,6,9,51.2,48.8,1,0,0,0,0,8
2022-05-22 00:30:00,Rio Grande Valley FC Toros,San Diego Loyal SC,2.0,1.0,"Edinburg, Texas",USA,H-E-B Park,,,,USL Championship,,20220522_Rio-Grande-Valley-FC-Toros_San-Diego-Loyal-SC,-63.82998695228048,0.62,1.45,2,3,7,5,50.0,50.0,4,1,0,0,4,6
2022-05-22 02:00:00,Oakland Roots,Ventura County FC,1.0,0.0,"Oakland, California",USA,Laney Football Stadium,,,,USL Championship,,20220522_Oakland-Roots_Ventura-County-FC,3.5649881816016205,0.4,0.96,1,1,3,2,48.7,51.3,1,4,0,0,2,0
2022-05-22 02:00:00,Orange County SC,El Paso Locomotive FC,2.0,2.0,"Irvine, California",USA,Championship Soccer Stadium,,,,USL Championship,,20220522_Orange-County-SC_El-Paso-Locomotive-FC,9.483041885235934,0.62,1.87,2,5,7,12,52.5,47.5,3,3,1,0,3,6
2022-05-22 21:30:00,Loudoun United FC,Memphis 901 FC,0.0,3.0,"Leesburg, Virginia",USA,Segra Field,,,,USL Championship,,20220522_Loudoun-United-FC_Memphis-901-FC,-251.39577979649766,1.47,1.75,4,7,9,16,46.9,53.1,1,1,0,0,3,7
2022-05-25 01:00:00,New Mexico United,Phoenix Rising FC,7.0,0.0,"Albuquerque, New Mexico",USA,Rio Grande Credit Union Field at Isotopes Park,,,,USL Championship,,20220525_New-Mexico-United_Phoenix-Rising-FC,-54.6537840068313,2.38,1.08,8,2,17,4,45.0,55.0,1,3,0,0,11,5
2022-05-27 23:00:00,New York Red Bulls II,Birmingham Legion FC,1.0,2.0,"Montclair, New Jersey",USA,MSU Soccer Park,,,,USL Championship,,20220527_New-York-Red-Bulls-II_Birmingham-Legion-FC,-150.8947596724338,1.14,1.25,4,5,9,10,42.4,57.6,2,3,0,0,8,5
2022-05-27 23:30:00,Atlanta United 2,Orange County SC,0.0,0.0,"Kennesaw, Georgia",USA,Fifth Third Bank Stadium,,,,USL Championship,,20220527_Atlanta-United-2_Orange-County-SC,-144.33373075905365,0.9,0.95,3,2,6,3,42.0,58.0,4,2,0,0,2,3
2022-05-28 02:00:00,Las Vegas Lights FC,El Paso Locomotive FC,0.0,1.0,"Las Vegas, Nevada",USA,Cashman Field,,,,USL Championship,,20220528_Las-Vegas-Lights-FC_El-Paso-Locomotive-FC,-115.24170393196323,0.83,0.96,3,4,8,9,44.7,55.3,1,1,0,0,5,2
2022-05-28 18:00:00,Louisville City FC,FC Tulsa,4.0,1.0,"Louisville, Kentucky",USA,Lynn Family Stadium,,,,USL Championship,,20220528_Louisville-City-FC_FC-Tulsa,112.09937599164346,1.78,1.07,5,4,10,8,60.9,39.1,3,1,0,0,10,2
2022-05-28 20:00:00,Indy Eleven,New Mexico United,1.0,2.0,"Indianapolis, Indiana",USA,Michael A. Carroll Stadium,,,,USL Championship,,20220528_Indy-Eleven_New-Mexico-United,-51.66370119520457,1.05,1.47,1,5,2,11,55.1,44.9,3,2,0,0,1,6
2022-05-28 23:00:00,Hartford Athletic,Phoenix Rising FC,1.0,2.0,"Hartford, Connecticut",USA,Trinity Health Stadium,,,,USL Championship,,20220528_Hartford-Athletic_Phoenix-Rising-FC,-138.84326721690718,0.91,0.59,3,2,7,5,38.0,62.0,0,2,0,0,5,1
2022-05-28 23:00:00,Loudoun United FC,Charleston Battery,1.0,1.0,"Leesburg, Virginia",USA,Segra Field,,,,USL Championship,,20220528_Loudoun-United-FC_Charleston-Battery,-56.46208344874367,0.96,1.09,2,5,3,11,45.6,54.4,1,1,0,0,1,6
2022-05-29 00:30:00,Rio Grande Valley FC Toros,San Antonio FC,2.0,3.0,"Edinburg, Texas",USA,H-E-B Park,,,,USL Championship,,20220529_Rio-Grande-Valley-FC-Toros_San-Antonio-FC,-129.4293110482149,2.23,1.11,9,3,17,9,35.9,64.1,0,3,0,0,8,4
2022-05-29 01:57:00,Miami FC,Pittsburgh Riverhounds,2.0,2.0,"Miami, Florida",USA,Riccardo Silva Stadium,,,,USL Championship,,20220529_Miami-FC_Pittsburgh-Riverhounds,-41.73926722051169,0.05,1.25,2,4,3,10,46.0,54.0,1,1,0,0,5,5
2022-05-29 02:00:00,Monterey Bay,Colorado Springs Switchbacks FC,4.0,2.0,"Seaside, California",USA,Cardinale Stadium,,,,USL Championship,,20220529_Monterey-Bay_Colorado-Springs-Switchbacks-FC,-112.01094873207512,1.7,1.16,5,3,12,5,47.6,52.4,3,2,0,0,6,8
2022-05-29 02:00:00,Oakland Roots,Sacramento Republic FC,1.0,1.0,"Oakland, California",USA,Laney Football Stadium,,,,USL Championship,,20220529_Oakland-Roots_Sacramento-Republic-FC,5.6247392832531204,0.05,0.97,1,5,2,13,54.9,45.1,3,1,0,0,2,6
2022-05-29 02:30:00,Ventura County FC,San Diego Loyal SC,2.0,2.0,"Carson, California",USA,Dignity Health Sports Park,,,,USL Championship,,20220529_Ventura-County-FC_San-Diego-Loyal-SC,-51.30165473496959,0.84,1.2,2,5,3,12,46.7,53.3,3,1,0,0,4,8
2022-06-01 23:30:00,Atlanta United 2,Rio Grande Valley FC Toros,3.0,4.0,"Kennesaw, Georgia",USA,Fifth Third Bank Stadium,,,,USL Championship,,20220601_Atlanta-United-2_Rio-Grande-Valley-FC-Toros,-72.37993654852448,2.16,1.1,5,5,12,11,49.4,50.6,3,2,0,0,3,4
2022-06-02 00:30:00,FC Tulsa,Tampa Bay Rowdies,1.0,1.0,"Tulsa, Oklahoma",USA,ONEOK Field,,,,USL Championship,,20220602_FC-Tulsa_Tampa-Bay-Rowdies,-130.5342413726712,0.46,1.4,3,5,5,11,51.9,48.1,4,3,0,0,1,9
2022-06-02 02:00:00,Oakland Roots,Orange County SC,3.0,2.0,"Oakland, California",USA,Laney Football Stadium,,,,USL Championship,,20220602_Oakland-Roots_Orange-County-SC,-43.50197999313059,0.67,0.93,3,2,5,3,47.4,52.6,0,2,0,0,5,3
2022-06-02 21:00:00,New York Red Bulls II,San Diego Loyal SC,2.0,2.0,"Harrison, New Jersey",USA,Sports Illustrated Stadium,,,,USL Championship,,20220602_New-York-Red-Bulls-II_San-Diego-Loyal-SC,-159.36201120327746,1.03,1.1,3,3,7,6,52.6,47.4,1,4,0,1,5,6
2022-06-04 01:00:00,Colorado Springs Switchbacks FC,Las Vegas Lights FC,3.0,0.0,"Colorado Springs, Colorado",USA,Weidner Field,,,,USL Championship,,20220604_Colorado-Springs-Switchbacks-FC_Las-Vegas-Lights-FC,143.78387942188942,0.15,0.12,3,2,7,6,58.4,41.6,2,3,0,0,4,3
2022-06-04 23:00:00,Charleston Battery,Indy Eleven,3.0,4.0,"Mount Pleasant, South Carolina",USA,Patriots Point,,,,USL Championship,,20220604_Charleston-Battery_Indy-Eleven,-91.57365388015114,1.12,1.49,3,5,6,10,41.0,59.0,2,1,0,0,2,3
2022-06-04 23:00:00,Pittsburgh Riverhounds,Detroit City FC,1.0,1.0,"Pittsburgh, Pennsylvania",USA,Highmark Stadium,,,,USL Championship,,20220604_Pittsburgh-Riverhounds_Detroit-City-FC,39.31947816210186,1.17,0.05,4,2,10,3,52.2,47.8,1,4,0,0,4,4
2022-06-05 00:30:00,FC Tulsa,Miami FC,0.0,0.0,"Tulsa, Oklahoma",USA,ONEOK Field,,,,USL Championship,,20220605_FC-Tulsa_Miami-FC,-75.02906765386251,1.21,1.04,5,3,9,5,48.0,52.0,0,2,0,0,3,4
2022-06-05 00:30:00,Memphis 901 FC,Atlanta United 2,5.0,2.0,"Memphis, Tennessee",USA,AutoZone Park,,,,USL Championship,,20220605_Memphis-901-FC_Atlanta-United-2,191.07834941090618,2.04,0.33,7,2,13,4,56.4,43.6,3,2,0,0,9,2
2022-06-05 00:30:00,Rio Grande Valley FC Toros,Ventura County FC,0.0,1.0,"Edinburg, Texas",USA,H-E-B Park,,,,USL Championship,,20220605_Rio-Grande-Valley-FC-Toros_Ventura-County-FC,15.882850738336401,0.93,0.73,4,5,8,11,58.8,41.2,1,4,0,0,5,7
2022-06-05 01:00:00,Orange County SC,New Mexico United,1.0,2.0,"Irvine, California",USA,Championship Soccer Stadium,,,,USL Championship,,20220605_Orange-County-SC_New-Mexico-United,-17.824009840046756,1.4,1.81,5,5,13,9,49.0,51.0,3,1,0,0,5,5
2022-06-05 01:30:00,El Paso Locomotive FC,Hartford Athletic,1.0,1.0,"El Paso, Texas",USA,Southwest University Park,,,,USL Championship,,20220605_El-Paso-Locomotive-FC_Hartford-Athletic,129.32602319979765,1.8,1.12,6,4,13,10,60.2,39.8,2,2,0,0,6,9
2022-06-05 02:00:00,Monterey Bay,Oakland Roots,0.0,2.0,"Seaside, California",USA,Cardinale Stadium,,,,USL Championship,,20220605_Monterey-Bay_Oakland-Roots,-34.252241149376914,0.19,1.89,1,6,3,15,46.0,54.0,1,3,0,0,1,6
2022-06-05 02:30:00,Phoenix Rising FC,Birmingham Legion FC,0.0,1.0,"Chandler, Arizona",USA,Phoenix Rising Stadium at Wild Horse Pass,,,,USL Championship,,20220605_Phoenix-Rising-FC_Birmingham-Legion-FC,43.8196205778554,1.25,0.54,6,2,15,4,55.7,44.3,3,0,0,1,7,9
2022-06-05 03:00:00,Sacramento Republic FC,San Antonio FC,1.0,0.0,"Sacramento, California",USA,Heart Health Park,,,,USL Championship,,20220605_Sacramento-Republic-FC_San-Antonio-FC,-131.09859434115788,1.47,1.02,4,3,9,7,38.2,61.8,1,0,0,0,0,5
2022-06-05 23:30:00,Tampa Bay Rowdies,Louisville City FC,1.0,0.0,"St. Petersburg, Florida",USA,Al Lang Stadium,,,,USL Championship,,20220605_Tampa-Bay-Rowdies_Louisville-City-FC,-2.387242141784782,0.23,0.52,1,2,0,5,51.4,48.6,2,1,0,0,2,2
2022-06-08 23:00:00,Miami FC,Indy Eleven,1.0,1.0,"Miami, Florida",USA,Riccardo Silva Stadium,,,,USL Championship,,20220608_Miami-FC_Indy-Eleven,54.1900161961878,0.94,1.94,3,8,8,19,56.0,44.0,0,1,0,0,3,11
2022-06-08 23:30:00,Loudoun United FC,New York Red Bulls II,1.0,0.0,"Leesburg, Virginia",USA,Segra Field,,,,USL Championship,,20220608_Loudoun-United-FC_New-York-Red-Bulls-II,-36.66326838322129,1.4,0.88,5,1,10,0,47.6,52.4,2,4,0,0,2,2
2022-06-09 00:00:00,Birmingham Legion FC,Memphis 901 FC,1.0,0.0,"Birmingham, Alabama",USA,Protective Stadium,,,,USL Championship,,20220609_Birmingham-Legion-FC_Memphis-901-FC,-54.496406335977326,1.0,0.76,3,2,6,4,45.2,54.8,0,4,0,0,2,3
2022-06-11 22:00:00,Monterey Bay,San Antonio FC,2.0,3.0,"Seaside, California",USA,Cardinale Stadium,,,,USL Championship,,20220611_Monterey-Bay_San-Antonio-FC,-141.11603090067229,1.04,1.21,3,4,9,11,45.6,54.4,2,1,0,0,2,4
2022-06-11 23:00:00,Charleston Battery,Pittsburgh Riverhounds,3.0,0.0,"Mount Pleasant, South Carolina",USA,Patriots Point,,,,USL Championship,,20220611_Charleston-Battery_Pittsburgh-Riverhounds,-203.64990714338478,1.07,0.63,4,2,9,4,39.9,60.1,3,2,0,0,2,4
2022-06-11 23:00:00,Miami FC,Tampa Bay Rowdies,1.0,2.0,"Miami, Florida",USA,Riccardo Silva Stadium,,,,USL Championship,,20220611_Miami-FC_Tampa-Bay-Rowdies,-63.38073855948505,1.5,1.55,4,6,9,15,52.9,47.1,1,1,0,0,5,6
2022-06-11 23:30:00,Atlanta United 2,Loudoun United FC,2.0,0.0,"Kennesaw, Georgia",USA,Fifth Third Bank Stadium,,,,USL Championship,,20220611_Atlanta-United-2_Loudoun-United-FC,48.26975849134578,1.05,0.79,3,1,6,2,48.7,51.3,0,2,0,0,2,0
2022-06-11 23:30:00,Detroit City FC,Sacramento Republic FC,0.0,2.0,"Hamtramck, Michigan",USA,Keyworth Stadium,,,,USL Championship,,20220611_Detroit-City-FC_Sacramento-Republic-FC,31.174798624281948,0.14,1.63,2,5,4,10,52.9,47.1,0,1,1,0,4,5
2022-06-12 02:00:00,Oakland Roots,Rio Grande Valley FC Toros,2.0,2.0,"Oakland, California",USA,Laney Football Stadium,,,,USL Championship,,20220612_Oakland-Roots_Rio-Grande-Valley-FC-Toros,46.34618270925421,0.33,1.08,2,2,5,5,52.7,47.3,1,0,0,0,1,7
2022-06-12 02:00:00,San Diego Loyal SC,Hartford Athletic,3.0,0.0,"San Diego, California",USA,Torero Stadium,,,,USL Championship,,20220612_San-Diego-Loyal-SC_Hartford-Athletic,94.7744806650935,1.36,0.2,5,1,13,3,51.7,48.3,3,3,0,0,9,3
2022-06-12 02:30:00,Las Vegas Lights FC,Orange County SC,3.0,0.0,"Las Vegas, Nevada",USA,Cashman Field,,,,USL Championship,,20220612_Las-Vegas-Lights-FC_Orange-County-SC,-109.93212124813249,0.99,0.75,5,2,11,4,45.5,54.5,0,0,0,0,6,3
2022-06-12 02:30:00,Phoenix Rising FC,El Paso Locomotive FC,0.0,1.0,"Chandler, Arizona",USA,Phoenix Rising Stadium at Wild Horse Pass,,,,USL Championship,,20220612_Phoenix-Rising-FC_El-Paso-Locomotive-FC,15.172000059306129,0.69,1.81,2,5,4,11,53.0,47.0,2,0,1,0,6,9
2022-06-12 02:30:00,Ventura County FC,Colorado Springs Switchbacks FC,1.0,3.0,"Carson, California",USA,Dignity Health Sports Park,,,,USL Championship,,20220612_Ventura-County-FC_Colorado-Springs-Switchbacks-FC,-79.88972877437891,0.85,1.38,3,3,8,6,53.4,46.6,5,0,0,1,2,6
2022-06-15 23:00:00,Hartford Athletic,Memphis 901 FC,1.0,1.0,"Hartford, Connecticut",USA,Trinity Health Stadium,,,,USL Championship,,20220615_Hartford-Athletic_Memphis-901-FC,-168.5817283864908,0.3,0.37,1,1,2,3,38.8,61.2,2,3,0,0,2,4
2022-06-15 23:00:00,New York Red Bulls II,FC Tulsa,0.0,0.0,"Montclair, New Jersey",USA,MSU Soccer Park,,,,USL Championship,,20220615_New-York-Red-Bulls-II_FC-Tulsa,-113.94090732897826,0.51,0.62,0,1,0,2,47.7,52.3,2,0,0,0,0,3
2022-06-16 02:00:00,Oakland Roots,New Mexico United,1.0,2.0,"Oakland, California",USA,Laney Football Stadium,,,,USL Championship,,20220616_Oakland-Roots_New-Mexico-United,-36.492030626789756,2.47,0.66,7,2,14,5,44.8,55.2,0,2,0,0,9,4
2022-06-16 02:30:00,Ventura County FC,Monterey Bay,3.0,2.0,"Carson, California",USA,Dignity Health Sports Park,,,,USL Championship,,20220616_Ventura-County-FC_Monterey-Bay,16.850302266683684,1.13,0.22,3,2,6,5,51.5,48.5,3,2,0,0,4,2
2022-06-18 16:00:00,Detroit City FC,El Paso Locomotive FC,1.0,1.0,"Hamtramck, Michigan",USA,Keyworth Stadium,,,,USL Championship,,20220618_Detroit-City-FC_El-Paso-Locomotive-FC,-26.613223378025623,1.59,0.82,7,2,17,3,48.7,51.3,0,4,0,0,6,5
2022-06-18 23:30:00,Atlanta United 2,Hartford Athletic,0.0,3.0,"Kennesaw, Georgia",USA,Fifth Third Bank Stadium,,,,USL Championship,,20220618_Atlanta-United-2_Hartford-Athletic,-15.679243514991185,1.26,1.02,4,3,8,7,49.8,50.2,3,2,1,0,7,4
2022-06-18 23:30:00,Loudoun United FC,Phoenix Rising FC,4.0,3.0,"Leesburg, Virginia",USA,Segra Field,,,,USL Championship,,20220618_Loudoun-United-FC_Phoenix-Rising-FC,-211.4681909646281,0.43,1.14,4,5,9,11,43.7,56.3,0,0,0,0,3,10
2022-06-18 23:30:00,Tampa Bay Rowdies,Charleston Battery,1.0,1.0,"St. Petersburg, Florida",USA,Al Lang Stadium,,,,USL Championship,,20220618_Tampa-Bay-Rowdies_Charleston-Battery,216.61402587573366,1.07,1.05,4,4,7,10,57.0,43.0,2,0,0,0,2,2
2022-06-19 00:00:00,Louisville City FC,Orange County SC,3.0,1.0,"Louisville, Kentucky",USA,Lynn Family Stadium,,,,USL Championship,,20220619_Louisville-City-FC_Orange-County-SC,75.6079322286289,1.35,0.63,5,3,9,6,56.8,43.2,0,2,0,1,5,5
2022-06-19 00:30:00,Rio Grande Valley FC Toros,Pittsburgh Riverhounds,1.0,0.0,"Edinburg, Texas",USA,H-E-B Park,,,,USL Championship,,20220619_Rio-Grande-Valley-FC-Toros_Pittsburgh-Riverhounds,-80.99206410589727,0.95,1.47,3,6,7,13,49.8,50.2,4,2,0,0,4,12
2022-06-19 01:00:00,Colorado Springs Switchbacks FC,Indy Eleven,4.0,3.0,"Colorado Springs, Colorado",USA,Weidner Field,,,,USL Championship,,20220619_Colorado-Springs-Switchbacks-FC_Indy-Eleven,89.88554091890228,2.11,1.28,5,3,12,8,58.2,41.8,2,1,0,0,6,5
2022-06-19 01:00:00,San Antonio FC,Oakland Roots,1.0,1.0,"San Antonio, Texas",USA,Toyota Field,,,,USL Championship,,20220619_San-Antonio-FC_Oakland-Roots,104.93521753352388,1.38,1.25,6,3,13,8,56.6,43.4,1,0,0,0,3,6
2022-06-19 03:00:00,Sacramento Republic FC,Ventura County FC,2.0,0.0,"Sacramento, California",USA,Heart Health Park,,,,USL Championship,,20220619_Sacramento-Republic-FC_Ventura-County-FC,34.84931061781708,1.46,0.57,6,2,12,4,52.1,47.9,2,3,0,1,12,4
2022-06-19 22:00:00,San Diego Loyal SC,Las Vegas Lights FC,1.0,2.0,"San Diego, California",USA,Torero Stadium,,,,USL Championship,,20220619_San-Diego-Loyal-SC_Las-Vegas-Lights-FC,101.7100697454839,0.56,1.26,1,3,3,7,46.9,53.1,2,1,0,0,4,4
2022-06-23 00:00:00,Memphis 901 FC,FC Tulsa,2.0,0.0,"Memphis, Tennessee",USA,AutoZone Park,,,,USL Championship,,20220623_Memphis-901-FC_FC-Tulsa,111.78349091616474,0.66,1.35,4,5,7,11,55.8,44.2,5,2,0,0,5,9
2022-06-25 01:00:00,Colorado Springs Switchbacks FC,San Antonio FC,0.0,1.0,"Colorado Springs, Colorado",USA,Weidner Field,,,,USL Championship,,20220625_Colorado-Springs-Switchbacks-FC_San-Antonio-FC,-28.073341027642073,0.05,1.25,0,4,0,8,48.5,51.5,0,2,0,0,4,3
2022-06-25 02:30:00,Las Vegas Lights FC,Phoenix Rising FC,3.0,2.0,"Las Vegas, Nevada",USA,Cashman Field,,,,USL Championship,,20220625_Las-Vegas-Lights-FC_Phoenix-Rising-FC,-87.6278260253016,1.53,1.09,4,3,9,6,48.5,51.5,5,0,1,0,6,4
2022-06-25 17:00:00,Hartford Athletic,Louisville City FC,0.0,2.0,"Hartford, Connecticut",USA,Trinity Health Stadium,,,,USL Championship,,20220625_Hartford-Athletic_Louisville-City-FC,-157.43047131296248,0.71,1.1,2,5,5,11,45.0,55.0,2,2,0,0,2,5
2022-06-25 23:00:00,Miami FC,Ventura County FC,1.0,3.0,"Miami, Florida",USA,Riccardo Silva Stadium,,,,USL Championship,,20220625_Miami-FC_Ventura-County-FC,48.604642484672695,0.75,1.18,1,3,5,6,55.4,44.6,0,1,0,0,4,10
2022-06-25 23:00:00,Pittsburgh Riverhounds,Tampa Bay Rowdies,2.0,5.0,"Pittsburgh, Pennsylvania",USA,Highmark Stadium,,,,USL Championship,,20220625_Pittsburgh-Riverhounds_Tampa-Bay-Rowdies,-57.72038872881467,0.43,1.47,2,5,3,12,41.8,58.2,4,1,0,0,6,5
2022-06-26 00:00:00,Orange County SC,Loudoun United FC,3.0,1.0,"Irvine, California",USA,Championship Soccer Stadium,,,,USL Championship,,20220626_Orange-County-SC_Loudoun-United-FC,140.54104574522876,0.73,0.8,3,3,7,5,53.0,47.0,1,1,0,0,4,7
2022-06-26 00:30:00,FC Tulsa,Charleston Battery,2.0,1.0,"Tulsa, Oklahoma",USA,ONEOK Field,,,,USL Championship,,20220626_FC-Tulsa_Charleston-Battery,56.62009991083778,1.5,0.92,6,1,14,2,47.1,52.9,1,2,1,0,4,4
2022-06-26 00:30:00,Memphis 901 FC,Detroit City FC,2.0,0.0,"Memphis, Tennessee",USA,AutoZone Park,,,,USL Championship,,20220626_Memphis-901-FC_Detroit-City-FC,55.027090297325,1.26,0.56,2,1,5,2,43.5,56.5,1,2,0,0,3,2
2022-06-26 01:00:00,New Mexico United,Birmingham Legion FC,0.0,2.0,"Albuquerque, New Mexico",USA,Rio Grande Credit Union Field at Isotopes Park,,,,USL Championship,,20220626_New-Mexico-United_Birmingham-Legion-FC,14.451192164800432,1.65,1.71,6,6,14,14,50.9,49.1,3,0,1,0,10,5
2022-06-26 01:30:00,El Paso Locomotive FC,New York Red Bulls II,5.0,0.0,"El Paso, Texas",USA,Southwest University Park,,,,USL Championship,,20220626_El-Paso-Locomotive-FC_New-York-Red-Bulls-II,196.14257835320836,1.3,0.87,5,3,12,6,56.2,43.8,0,5,0,0,5,8
2022-06-26 02:00:00,Monterey Bay,Sacramento Republic FC,1.0,2.0,"Seaside, California",USA,Cardinale Stadium,,,,USL Championship,,20220626_Monterey-Bay_Sacramento-Republic-FC,-85.3369149134378,1.72,0.4,5,2,13,5,47.4,52.6,0,5,0,0,2,3
2022-06-26 02:00:00,Oakland Roots,Atlanta United 2,3.0,1.0,"Oakland, California",USA,Laney Football Stadium,,,,USL Championship,,20220626_Oakland-Roots_Atlanta-United-2,123.54107179465132,0.9,0.98,6,2,11,5,58.1,41.9,1,1,0,0,7,6
2022-06-26 02:00:00,San Diego Loyal SC,Indy Eleven,5.0,0.0,"San Diego, California",USA,Torero Stadium,,,,USL Championship,,20220626_San-Diego-Loyal-SC_Indy-Eleven,33.14704286479446,1.7,0.93,7,3,16,6,53.4,46.6,3,1,0,0,5,4
2022-06-28 23:00:00,Hartford Athletic,Colorado Springs Switchbacks FC,2.0,0.0,"Hartford, Connecticut",USA,Trinity Health Stadium,,,,USL Championship,,20220628_Hartford-Athletic_Colorado-Springs-Switchbacks-FC,-150.6440175798748,1.96,1.08,5,4,11,7,45.2,54.8,2,3,0,0,9,4
2022-06-29 01:50:00,San Antonio FC,FC Tulsa,2.0,1.0,"San Antonio, Texas",USA,Toyota Field,,,,USL Championship,,20220629_San-Antonio-FC_FC-Tulsa,157.55186612284774,0.75,1.01,2,1,5,2,56.0,44.0,2,4,0,1,1,4
2022-06-29 23:30:00,Charleston Battery,Atlanta United 2,3.0,4.0,"Mount Pleasant, South Carolina",USA,Patriots Point,,,,USL Championship,,20220629_Charleston-Battery_Atlanta-United-2,6.081936588177996,1.23,1.03,3,5,8,11,45.8,54.2,0,1,0,0,1,11
2022-06-30 00:30:00,Rio Grande Valley FC Toros,El Paso Locomotive FC,0.0,0.0,"Edinburg, Texas",USA,H-E-B Park,,,,USL Championship,,20220630_Rio-Grande-Valley-FC-Toros_El-Paso-Locomotive-FC,-66.44071426938581,0.83,0.37,3,2,6,6,53.0,47.0,0,0,0,0,7,1
2022-06-30 02:00:00,San Diego Loyal SC,Orange County SC,2.0,1.0,"San Diego, California",USA,Torero Stadium,,,,USL Championship,,20220630_San-Diego-Loyal-SC_Orange-County-SC,20.60547573490976,0.85,1.52,3,4,7,7,51.4,48.6,0,2,0,0,4,4
2022-07-01 23:00:00,New York Red Bulls II,Pittsburgh Riverhounds,0.0,3.0,"Montclair, New Jersey",USA,MSU Soccer Park,,,,USL Championship,,20220701_New-York-Red-Bulls-II_Pittsburgh-Riverhounds,-182.90165145353853,0.05,2.01,0,7,0,15,45.9,54.1,3,3,0,0,3,5
2022-07-02 01:00:00,Colorado Springs Switchbacks FC,Sacramento Republic FC,3.0,0.0,"Colorado Springs, Colorado",USA,Weidner Field,,,,USL Championship,,20220702_Colorado-Springs-Switchbacks-FC_Sacramento-Republic-FC,13.31844743595525,1.6,0.16,4,0,9,0,50.2,49.8,0,1,0,0,0,3
2022-07-02 02:30:00,Ventura County FC,Oakland Roots,3.0,1.0,"Carson, California",USA,Dignity Health Sports Park,,,,USL Championship,,20220702_Ventura-County-FC_Oakland-Roots,-31.221695064153664,1.34,0.91,3,2,6,5,48.3,51.7,1,3,0,0,7,5
2022-07-02 23:30:00,Indy Eleven,Miami FC,0.0,1.0,"Indianapolis, Indiana",USA,Michael A. Carroll Stadium,,,,USL Championship,,20220702_Indy-Eleven_Miami-FC,-46.79553925873097,0.05,1.65,2,4,6,9,45.1,54.9,3,2,0,0,2,7
2022-07-02 23:30:00,Tampa Bay Rowdies,Memphis 901 FC,2.0,0.0,"St. Petersburg, Florida",USA,Al Lang Stadium,,,,USL Championship,,20220702_Tampa-Bay-Rowdies_Memphis-901-FC,18.30082957000718,0.63,0.31,2,0,4,1,51.0,49.0,1,0,0,0,4,2
2022-07-03 00:00:00,Louisville City FC,Birmingham Legion FC,2.0,1.0,"Louisville, Kentucky",USA,Lynn Family Stadium,,,,USL Championship,,20220703_Louisville-City-FC_Birmingham-Legion-FC,26.882638802617976,0.79,1.15,3,4,7,6,55.1,44.9,0,1,0,0,4,3
2022-07-03 01:00:00,Atlanta United 2,El Paso Locomotive FC,2.0,2.0,"Kennesaw, Georgia",USA,Fifth Third Bank Stadium,,,,USL Championship,,20220703_Atlanta-United-2_El-Paso-Locomotive-FC,-162.21919098050557,1.02,0.77,4,3,8,9,35.2,64.8,3,1,0,0,5,11
2022-07-03 01:00:00,San Antonio FC,Charleston Battery,2.0,0.0,"San Antonio, Texas",USA,Toyota Field,,,,USL Championship,,20220703_San-Antonio-FC_Charleston-Battery,253.408116390676,0.61,0.05,3,0,5,1,53.8,46.2,1,1,0,0,2,5
2022-07-03 02:00:00,Monterey Bay,New Mexico United,1.0,1.0,"Seaside, California",USA,Cardinale Stadium,,,,USL Championship,,20220703_Monterey-Bay_New-Mexico-United,-116.94629432399802,0.05,0.68,1,1,1,1,45.6,54.4,0,2,0,0,5,2
2022-07-03 02:30:00,Las Vegas Lights FC,Detroit City FC,0.0,1.0,"Las Vegas, Nevada",USA,Cashman Field,,,,USL Championship,,20220703_Las-Vegas-Lights-FC_Detroit-City-FC,-65.24638589845722,0.24,0.55,1,1,4,5,57.0,43.0,0,2,0,0,3,7
2022-07-03 02:30:00,Phoenix Rising FC,Orange County SC,2.0,2.0,"Chandler, Arizona",USA,Phoenix Rising Stadium at Wild Horse Pass,,,,USL Championship,,20220703_Phoenix-Rising-FC_Orange-County-SC,22.821626388221603,2.14,1.18,7,4,16,8,53.1,46.9,2,1,0,0,12,2
2022-07-03 23:30:00,Loudoun United FC,FC Tulsa,2.0,2.0,"Leesburg, Virginia",USA,Segra Field,,,,USL Championship,,20220703_Loudoun-United-FC_FC-Tulsa,-114.39197120006725,0.87,1.16,3,4,6,9,48.6,51.4,3,1,0,0,2,6
2022-07-05 01:00:00,Colorado Springs Switchbacks FC,San Diego Loyal SC,2.0,3.0,"Colorado Springs, Colorado",USA,Weidner Field,,,,USL Championship,,20220705_Colorado-Springs-Switchbacks-FC_San-Diego-Loyal-SC,36.12454094141185,0.82,1.31,2,3,2,7,50.7,49.3,2,0,0,0,2,3
2022-07-06 23:00:00,Pittsburgh Riverhounds,Indy Eleven,1.0,0.0,"Pittsburgh, Pennsylvania",USA,Highmark Stadium,,,,USL Championship,,20220706_Pittsburgh-Riverhounds_Indy-Eleven,85.72817016625731,0.87,0.93,2,1,5,2,53.3,46.7,2,2,0,0,4,2
2022-07-06 23:30:00,Atlanta United 2,Birmingham Legion FC,3.0,3.0,"Kennesaw, Georgia",USA,Fifth Third Bank Stadium,,,,USL Championship,,20220706_Atlanta-United-2_Birmingham-Legion-FC,-155.44368197547215,0.93,0.99,4,3,10,5,41.4,58.6,2,2,0,0,5,4
2022-07-06 23:30:00,Detroit City FC,Hartford Athletic,1.0,1.0,"Hamtramck, Michigan",USA,Keyworth Stadium,,,,USL Championship,,20220706_Detroit-City-FC_Hartford-Athletic,89.21708353375311,1.08,1.58,4,4,9,7,54.7,45.3,0,0,0,0,6,4
2022-07-07 01:00:00,New Mexico United,Rio Grande Valley FC Toros,1.0,0.0,"Albuquerque, New Mexico",USA,Rio Grande Credit Union Field at Isotopes Park,,,,USL Championship,,20220707_New-Mexico-United_Rio-Grande-Valley-FC-Toros,56.99274144675201,0.49,0.51,2,1,3,0,48.0,52.0,0,1,0,0,0,1
2022-07-09 23:00:00,Hartford Athletic,Tampa Bay Rowdies,2.0,3.0,"Hartford, Connecticut",USA,Trinity Health Stadium,,,,USL Championship,,20220709_Hartford-Athletic_Tampa-Bay-Rowdies,-181.35577817904755,1.6,1.74,4,5,10,11,44.7,55.3,2,3,0,0,3,10
2022-07-09 23:00:00,Indy Eleven,Detroit City FC,0.0,1.0,"Indianapolis, Indiana",USA,Michael A. Carroll Stadium,,,,USL Championship,,20220709_Indy-Eleven_Detroit-City-FC,-79.58605643055284,0.78,0.15,3,1,8,0,48.4,51.6,0,2,0,0,1,5
2022-07-09 23:00:00,Pittsburgh Riverhounds,Miami FC,4.0,1.0,"Pittsburgh, Pennsylvania",USA,Highmark Stadium,,,,USL Championship,,20220709_Pittsburgh-Riverhounds_Miami-FC,27.24346248458005,1.21,1.68,4,5,10,10,50.6,49.4,2,0,0,0,5,6
2022-07-10 00:00:00,Charleston Battery,Birmingham Legion FC,0.0,3.0,"Mount Pleasant, South Carolina",USA,Patriots Point,,,,USL Championship,,20220710_Charleston-Battery_Birmingham-Legion-FC,-178.50088568305705,0.3,2.27,1,7,3,15,42.5,57.5,1,1,0,0,2,9
2022-07-10 00:00:00,Louisville City FC,New York Red Bulls II,6.0,0.0,"Louisville, Kentucky",USA,Lynn Family Stadium,,,,USL Championship,,20220710_Louisville-City-FC_New-York-Red-Bulls-II,259.293562588324,2.27,1.42,7,4,16,8,57.2,42.8,0,2,0,0,6,5
2022-07-10 00:30:00,FC Tulsa,Atlanta United 2,2.0,1.0,"Tulsa, Oklahoma",USA,ONEOK Field,,,,USL Championship,,20220710_FC-Tulsa_Atlanta-United-2,49.632448844838564,0.85,1.16,4,3,7,7,58.1,41.9,1,2,0,0,6,3
2022-07-10 00:30:00,Memphis 901 FC,Phoenix Rising FC,3.0,1.0,"Memphis, Tennessee",USA,AutoZone Park,,,,USL Championship,,20220710_Memphis-901-FC_Phoenix-Rising-FC,72.22253493897597,1.83,1.07,7,4,14,8,53.5,46.5,4,0,1,0,7,5
2022-07-10 01:00:00,New Mexico United,Rio Grande Valley FC Toros,1.0,1.0,"Albuquerque, New Mexico",USA,Rio Grande Credit Union Field at Isotopes Park,,,,USL Championship,,20220710_New-Mexico-United_Rio-Grande-Valley-FC-Toros,77.09075863283942,0.89,1.82,5,7,12,15,54.9,45.1,1,2,0,0,6,6
2022-07-10 01:30:00,El Paso Locomotive FC,Colorado Springs Switchbacks FC,1.0,0.0,"El Paso, Texas",USA,Southwest University Park,,,,USL Championship,,20220710_El-Paso-Locomotive-FC_Colorado-Springs-Switchbacks-FC,-2.4349890519038127,1.34,0.24,5,0,10,0,47.1,52.9,2,3,0,0,3,4
2022-07-10 02:00:00,Orange County SC,Monterey Bay,0.0,2.0,"Irvine, California",USA,Championship Soccer Stadium,,,,USL Championship,,20220710_Orange-County-SC_Monterey-Bay,46.00201498616411,1.38,0.24,3,2,7,3,53.7,46.3,1,2,0,0,8,3
2022-07-10 02:00:00,San Diego Loyal SC,Ventura County FC,0.0,5.0,"San Diego, California",USA,Torero Stadium,,,,USL Championship,,20220710_San-Diego-Loyal-SC_Ventura-County-FC,40.79449450264087,0.56,1.81,1,6,3,13,57.7,42.3,0,0,0,0,3,7
2022-07-10 03:00:00,Sacramento Republic FC,Oakland Roots,3.0,3.0,"Sacramento, California",USA,Heart Health Park,,,,USL Championship,,20220710_Sacramento-Republic-FC_Oakland-Roots,22.20615923259288,1.89,1.1,5,3,9,7,48.8,51.2,0,2,0,0,6,5
2022-07-13 23:00:00,Miami FC,Charleston Battery,1.0,0.0,"Miami, Florida",USA,Riccardo Silva Stadium,,,,USL Championship,,20220713_Miami-FC_Charleston-Battery,145.71065338234848,1.36,0.05,5,0,11,0,54.7,45.3,0,2,0,0,3,4
2022-07-14 00:30:00,FC Tulsa,New Mexico United,1.0,2.0,"Tulsa, Oklahoma",USA,ONEOK Field,,,,USL Championship,,20220714_FC-Tulsa_New-Mexico-United,-94.53963122081996,0.66,1.45,4,6,10,14,46.6,53.4,0,1,0,0,5,10
2022-07-15 23:00:00,New York Red Bulls II,Indy Eleven,1.0,0.0,"Montclair, New Jersey",USA,MSU Soccer Park,,,,USL Championship,,20220715_New-York-Red-Bulls-II_Indy-Eleven,-95.59859491815882,1.28,0.84,3,5,8,11,45.1,54.9,4,1,0,0,5,6
2022-07-16 01:00:00,Colorado Springs Switchbacks FC,Ventura County FC,4.0,2.0,"Colorado Springs, Colorado",USA,Weidner Field,,,,USL Championship,,20220716_Colorado-Springs-Switchbacks-FC_Ventura-County-FC,24.945941643907645,2.24,1.48,7,7,17,17,55.7,44.3,1,2,0,0,7,8
2022-07-16 23:30:00,Loudoun United FC,Tampa Bay Rowdies,1.0,4.0,"Leesburg, Virginia",USA,Segra Field,,,,USL Championship,,20220716_Loudoun-United-FC_Tampa-Bay-Rowdies,-281.77068001822204,0.05,1.86,1,4,0,9,40.4,59.6,2,3,0,0,3,6
2022-07-17 00:00:00,Charleston Battery,Hartford Athletic,3.0,1.0,"Mount Pleasant, South Carolina",USA,Patriots Point,,,,USL Championship,,20220717_Charleston-Battery_Hartford-Athletic,-77.48514157569844,1.6,1.45,4,4,7,6,49.4,50.6,2,1,0,0,3,1
2022-07-17 00:00:00,Orange County SC,Miami FC,0.0,0.0,"Irvine, California",USA,Championship Soccer Stadium,,,,USL Championship,,20220717_Orange-County-SC_Miami-FC,-43.19393401018942,0.05,0.36,2,3,4,6,50.2,49.8,4,4,0,0,4,4
2022-07-17 00:30:00,Memphis 901 FC,Louisville City FC,1.0,2.0,"Memphis, Tennessee",USA,AutoZone Park,,,,USL Championship,,20220717_Memphis-901-FC_Louisville-City-FC,-16.94742094144567,0.56,0.89,2,2,5,5,53.8,46.2,1,3,0,0,6,3
2022-07-17 01:00:00,New Mexico United,Pittsburgh Riverhounds,1.0,1.0,"Albuquerque, New Mexico",USA,Rio Grande Credit Union Field at Isotopes Park,,,,USL Championship,,20220717_New-Mexico-United_Pittsburgh-Riverhounds,7.6633282358207,1.15,1.55,5,5,10,10,54.2,45.8,0,0,0,0,5,7
2022-07-17 01:00:00,San Antonio FC,Atlanta United 2,5.0,0.0,"San Antonio, Texas",USA,Toyota Field,,,,USL Championship,,20220717_San-Antonio-FC_Atlanta-United-2,239.6296779839695,1.09,0.58,5,2,14,3,63.6,36.4,0,1,0,0,3,8
2022-07-17 02:00:00,Monterey Bay,Detroit City FC,0.0,0.0,"Seaside, California",USA,Cardinale Stadium,,,,USL Championship,,20220717_Monterey-Bay_Detroit-City-FC,-78.05883790463758,0.61,0.24,3,0,8,0,37.6,62.4,0,0,0,0,1,2
2022-07-17 02:00:00,Oakland Roots,El Paso Locomotive FC,4.0,0.0,"Oakland, California",USA,Laney Football Stadium,,,,USL Championship,,20220717_Oakland-Roots_El-Paso-Locomotive-FC,-54.24501088914326,1.69,1.19,5,4,10,10,45.0,55.0,1,0,0,0,2,9
2022-07-17 03:00:00,Sacramento Republic FC,Birmingham Legion FC,0.0,1.0,"Sacramento, California",USA,Heart Health Park,,,,USL Championship,,20220717_Sacramento-Republic-FC_Birmingham-Legion-FC,-26.45613595753548,1.1,1.33,4,3,8,5,43.9,56.1,2,2,0,0,6,2
2022-07-17 23:30:00,Rio Grande Valley FC Toros,Las Vegas Lights FC,0.0,1.0,"Edinburg, Texas",USA,H-E-B Park,,,,USL Championship,,20220717_Rio-Grande-Valley-FC-Toros_Las-Vegas-Lights-FC,44.1737434798149,0.88,1.3,3,3,7,7,53.5,46.5,1,2,0,0,6,6
2022-07-19 02:00:00,San Diego Loyal SC,Colorado Springs Switchbacks FC,3.0,0.0,"San Diego, California",USA,Torero Stadium,,,,USL Championship,,20220719_San-Diego-Loyal-SC_Colorado-Springs-Switchbacks-FC,-22.096427197192952,2.06,0.42,7,0,14,0,53.3,46.7,3,2,0,0,6,1
2022-07-20 23:00:00,Louisville City FC,Phoenix Rising FC,0.0,0.0,"Louisville, Kentucky",USA,Lynn Family Stadium,,,,USL Championship,,20220720_Louisville-City-FC_Phoenix-Rising-FC,119.66675950328795,0.33,0.05,1,0,3,1,58.1,41.9,1,1,1,0,3,3
2022-07-23 01:00:00,Colorado Springs Switchbacks FC,Charleston Battery,3.0,3.0,"Colorado Springs, Colorado",USA,Weidner Field,,,,USL Championship,,20220723_Colorado-Springs-Switchbacks-FC_Charleston-Battery,167.5212486242374,1.71,1.46,6,5,14,10,50.7,49.3,2,1,0,0,6,6
2022-07-23 23:00:00,Hartford Athletic,Pittsburgh Riverhounds,1.0,2.0,"Hartford, Connecticut",USA,Trinity Health Stadium,,,,USL Championship,,20220723_Hartford-Athletic_Pittsburgh-Riverhounds,-139.7312996297569,1.74,1.26,6,3,13,6,37.2,62.8,2,1,0,0,7,9
2022-07-23 23:00:00,Indy Eleven,Memphis 901 FC,1.0,1.0,"Indianapolis, Indiana",USA,Michael A. Carroll Stadium,,,,USL Championship,,20220723_Indy-Eleven_Memphis-901-FC,-159.36283271528055,1.26,1.97,4,6,8,13,40.2,59.8,2,2,0,0,6,4
2022-07-23 23:30:00,Birmingham Legion FC,FC Tulsa,0.0,2.0,"Birmingham, Alabama",USA,Protective Stadium,,,,USL Championship,,20220723_Birmingham-Legion-FC_FC-Tulsa,111.6661157723538,1.19,1.28,4,3,9,9,54.5,45.5,1,0,0,0,6,4
2022-07-23 23:30:00,Detroit City FC,New Mexico United,2.0,2.0,"Hamtramck, Michigan",USA,Keyworth Stadium,,,,USL Championship,,20220723_Detroit-City-FC_New-Mexico-United,-36.15050984411096,1.26,1.51,4,4,10,8,49.1,50.9,3,0,0,0,2,11
2022-07-23 23:30:00,Loudoun United FC,Miami FC,1.0,2.0,"Leesburg, Virginia",USA,Segra Field,,,,USL Championship,,20220723_Loudoun-United-FC_Miami-FC,-173.10202077910662,0.68,2.31,1,7,4,17,46.5,53.5,1,2,0,0,7,7
2022-07-23 23:30:00,Tampa Bay Rowdies,Atlanta United 2,3.0,1.0,"St. Petersburg, Florida",USA,Al Lang Stadium,,,,USL Championship,,20220723_Tampa-Bay-Rowdies_Atlanta-United-2,243.72147510127866,1.46,1.53,6,4,13,9,63.1,36.9,2,3,0,0,7,2
2022-07-24 01:30:00,El Paso Locomotive FC,San Antonio FC,0.0,1.0,"El Paso, Texas",USA,Southwest University Park,,,,USL Championship,,20220724_El-Paso-Locomotive-FC_San-Antonio-FC,-89.20781372672923,1.04,1.23,4,2,10,3,38.1,61.9,4,3,0,0,4,2
2022-07-24 02:00:00,Monterey Bay,New York Red Bulls II,2.0,0.0,"Seaside, California",USA,Cardinale Stadium,,,,USL Championship,,20220724_Monterey-Bay_New-York-Red-Bulls-II,103.1529958888134,1.51,0.71,5,2,12,6,54.8,45.2,0,1,0,0,11,5
2022-07-24 02:00:00,Oakland Roots,Las Vegas Lights FC,0.0,2.0,"Oakland, California",USA,Laney Football Stadium,,,,USL Championship,,20220724_Oakland-Roots_Las-Vegas-Lights-FC,66.46096986424709,0.79,0.98,4,2,10,5,51.2,48.8,1,0,0,0,6,4
2022-07-24 02:00:00,San Diego Loyal SC,Rio Grande Valley FC Toros,2.0,1.0,"San Diego, California",USA,Torero Stadium,,,,USL Championship,,20220724_San-Diego-Loyal-SC_Rio-Grande-Valley-FC-Toros,69.7812281059048,0.83,0.59,3,2,7,4,54.9,45.1,1,3,0,0,3,5
2022-07-24 02:30:00,Phoenix Rising FC,Sacramento Republic FC,0.0,0.0,"Chandler, Arizona",USA,Phoenix Rising Stadium at Wild Horse Pass,,,,USL Championship,,20220724_Phoenix-Rising-FC_Sacramento-Republic-FC,-14.584695415880105,0.94,0.77,3,2,7,5,45.4,54.6,2,3,0,0,3,4
2022-07-24 02:30:00,Ventura County FC,Orange County SC,2.0,5.0,"Carson, California",USA,Dignity Health Sports Park,,,,USL Championship,,20220724_Ventura-County-FC_Orange-County-SC,29.203476800930048,1.55,1.16,5,5,12,11,52.8,47.2,1,0,0,0,4,10
2022-07-28 00:00:00,Birmingham Legion FC,Loudoun United FC,6.0,1.0,"Birmingham, Alabama",USA,Protective Stadium,,,,USL Championship,,20220728_Birmingham-Legion-FC_Loudoun-United-FC,214.61452416014822,2.34,1.04,9,3,20,6,57.8,42.2,0,0,0,0,17,3
2022-07-28 00:30:00,Rio Grande Valley FC Toros,Hartford Athletic,0.0,0.0,"Edinburg, Texas",USA,H-E-B Park,,,,USL Championship,,20220728_Rio-Grande-Valley-FC-Toros_Hartford-Athletic,50.744760631906274,1.09,0.05,3,0,6,0,44.4,55.6,4,0,1,1,3,3
2022-07-28 02:00:00,Oakland Roots,Phoenix Rising FC,0.0,0.0,"Oakland, California",USA,Laney Football Stadium,,,,USL Championship,,20220728_Oakland-Roots_Phoenix-Rising-FC,4.085549540203374,0.83,0.8,4,2,9,3,48.6,51.4,2,1,0,0,3,3
2022-07-28 02:30:00,Las Vegas Lights FC,San Antonio FC,0.0,2.0,"Las Vegas, Nevada",USA,Cashman Field,,,,USL Championship,,20220728_Las-Vegas-Lights-FC_San-Antonio-FC,-176.91379035122372,0.68,1.06,3,5,7,10,41.4,58.6,1,3,0,1,2,1
2022-07-30 23:00:00,Hartford Athletic,Birmingham Legion FC,0.0,1.0,"Hartford, Connecticut",USA,Trinity Health Stadium,,,,USL Championship,,20220730_Hartford-Athletic_Birmingham-Legion-FC,-141.984790033154,0.25,0.62,0,2,1,5,39.0,61.0,0,2,0,0,4,4
2022-07-30 23:00:00,Indy Eleven,Tampa Bay Rowdies,1.0,3.0,"Indianapolis, Indiana",USA,Michael A. Carroll Stadium,,,,USL Championship,,20220730_Indy-Eleven_Tampa-Bay-Rowdies,-212.0706180814509,1.0,1.33,3,4,5,10,47.8,52.2,1,2,0,0,6,5
2022-07-30 23:00:00,Pittsburgh Riverhounds,FC Tulsa,1.0,0.0,"Pittsburgh, Pennsylvania",USA,Highmark Stadium,,,,USL Championship,,20220730_Pittsburgh-Riverhounds_FC-Tulsa,96.45590068511001,1.61,0.48,4,3,11,7,54.1,45.9,3,4,0,0,8,6
2022-07-30 23:30:00,Atlanta United 2,Las Vegas Lights FC,1.0,1.0,"Kennesaw, Georgia",USA,Fifth Third Bank Stadium,,,,USL Championship,,20220730_Atlanta-United-2_Las-Vegas-Lights-FC,-79.72175881048724,1.26,1.96,6,5,13,10,42.9,57.1,2,2,0,0,8,5
2022-07-30 23:30:00,Charleston Battery,Sacramento Republic FC,2.0,4.0,"Mount Pleasant, South Carolina",USA,Patriots Point,,,,USL Championship,,20220730_Charleston-Battery_Sacramento-Republic-FC,-140.3388772675023,0.4,2.0,2,5,4,11,39.9,60.1,0,2,0,0,3,3
2022-07-30 23:30:00,Loudoun United FC,Monterey Bay,0.0,1.0,"Leesburg, Virginia",USA,Segra Field,,,,USL Championship,,20220730_Loudoun-United-FC_Monterey-Bay,-135.61645139568532,0.05,1.26,0,4,0,9,47.1,52.9,4,1,0,0,1,6
2022-07-31 01:00:00,San Antonio FC,Ventura County FC,1.0,1.0,"San Antonio, Texas",USA,Toyota Field,,,,USL Championship,,20220731_San-Antonio-FC_Ventura-County-FC,161.5276381867509,1.15,0.84,4,4,9,8,62.2,37.8,1,1,0,0,3,7
2022-07-31 01:30:00,El Paso Locomotive FC,Louisville City FC,0.0,1.0,"El Paso, Texas",USA,Southwest University Park,,,,USL Championship,,20220731_El-Paso-Locomotive-FC_Louisville-City-FC,-75.31246399593624,0.78,1.12,1,3,2,7,47.9,52.1,1,2,0,0,1,4
2022-07-31 02:00:00,Orange County SC,San Diego Loyal SC,2.0,3.0,"Irvine, California",USA,Championship Soccer Stadium,,,,USL Championship,,20220731_Orange-County-SC_San-Diego-Loyal-SC,-63.71034965944841,1.55,1.34,4,4,8,8,40.3,59.7,3,0,0,0,3,2
2022-07-31 02:30:00,Phoenix Rising FC,Colorado Springs Switchbacks FC,4.0,0.0,"Chandler, Arizona",USA,Phoenix Rising Stadium at Wild Horse Pass,,,,USL Championship,,20220731_Phoenix-Rising-FC_Colorado-Springs-Switchbacks-FC,-29.867661923434298,1.72,1.68,7,7,14,16,48.0,52.0,0,2,0,0,8,5
2022-07-31 22:00:00,New York Red Bulls II,New Mexico United,1.0,2.0,"Montclair, New Jersey",USA,MSU Soccer Park,,,,USL Championship,,20220731_New-York-Red-Bulls-II_New-Mexico-United,-219.35339572381554,0.62,1.38,3,4,5,9,44.8,55.2,1,1,0,0,8,7
2022-08-03 23:00:00,New York Red Bulls II,Memphis 901 FC,1.0,2.0,"Montclair, New Jersey",USA,MSU Soccer Park,,,,USL Championship,,20220803_New-York-Red-Bulls-II_Memphis-901-FC,-233.20191701672275,1.2,0.92,4,2,10,4,43.4,56.6,1,3,0,0,6,4
2022-08-04 01:00:00,New Mexico United,Sacramento Republic FC,1.0,2.0,"Albuquerque, New Mexico",USA,Rio Grande Credit Union Field at Isotopes Park,,,,USL Championship,,20220804_New-Mexico-United_Sacramento-Republic-FC,46.01820768677885,1.4,1.13,5,3,10,5,54.8,45.2,0,1,0,0,10,4
2022-08-06 23:00:00,Indy Eleven,Pittsburgh Riverhounds,0.0,2.0,"Indianapolis, Indiana",USA,Michael A. Carroll Stadium,,,,USL Championship,,20220806_Indy-Eleven_Pittsburgh-Riverhounds,-156.25736594569685,0.81,0.92,1,4,3,7,41.0,59.0,1,2,0,0,2,10
2022-08-06 23:30:00,Loudoun United FC,Ventura County FC,2.0,0.0,"Leesburg, Virginia",USA,Segra Field,,,,USL Championship,,20220806_Loudoun-United-FC_Ventura-County-FC,-173.6998614615013,1.05,0.74,2,2,4,5,48.1,51.9,1,3,0,0,4,3
2022-08-06 23:30:00,Tampa Bay Rowdies,Detroit City FC,1.0,0.0,"St. Petersburg, Florida",USA,Al Lang Stadium,,,,USL Championship,,20220806_Tampa-Bay-Rowdies_Detroit-City-FC,110.68981494202421,0.07,0.32,1,3,2,7,58.8,41.2,3,0,0,0,2,5
2022-08-07 00:00:00,Birmingham Legion FC,Atlanta United 2,6.0,0.0,"Birmingham, Alabama",USA,Protective Stadium,,,,USL Championship,,20220807_Birmingham-Legion-FC_Atlanta-United-2,176.96506170198427,1.5,0.17,6,0,13,0,53.0,47.0,0,2,0,0,7,1
2022-08-07 00:00:00,Louisville City FC,Charleston Battery,4.0,1.0,"Louisville, Kentucky",USA,Lynn Family Stadium,,,,USL Championship,,20220807_Louisville-City-FC_Charleston-Battery,254.80930883089923,1.92,1.13,7,4,14,9,62.8,37.2,2,3,0,0,8,3
2022-08-07 00:30:00,Memphis 901 FC,Hartford Athletic,3.0,1.0,"Memphis, Tennessee",USA,AutoZone Park,,,,USL Championship,,20220807_Memphis-901-FC_Hartford-Athletic,172.17812850230985,0.91,0.39,3,1,5,3,56.6,43.4,1,3,0,0,3,2
2022-08-07 01:00:00,New Mexico United,Miami FC,0.0,3.0,"Albuquerque, New Mexico",USA,Rio Grande Credit Union Field at Isotopes Park,,,,USL Championship,,20220807_New-Mexico-United_Miami-FC,35.00190443953852,1.15,2.05,4,6,7,14,50.2,49.8,2,0,1,0,5,6
2022-08-07 02:00:00,Monterey Bay,El Paso Locomotive FC,1.0,0.0,"Seaside, California",USA,Cardinale Stadium,,,,USL Championship,,20220807_Monterey-Bay_El-Paso-Locomotive-FC,-56.3372294798728,0.92,0.82,2,3,6,6,48.5,51.5,1,3,0,0,1,3
2022-08-07 02:00:00,Orange County SC,Colorado Springs Switchbacks FC,3.0,3.0,"Irvine, California",USA,Championship Soccer Stadium,,,,USL Championship,,20220807_Orange-County-SC_Colorado-Springs-Switchbacks-FC,-42.07982080532429,2.59,1.01,8,4,18,10,48.6,51.4,1,2,0,0,6,6
2022-08-07 02:00:00,San Diego Loyal SC,San Antonio FC,3.0,0.0,"San Diego, California",USA,Torero Stadium,,,,USL Championship,,20220807_San-Diego-Loyal-SC_San-Antonio-FC,-85.97537017076388,1.11,0.74,4,3,8,6,45.2,54.8,1,3,0,0,6,7
2022-08-07 02:30:00,Phoenix Rising FC,Las Vegas Lights FC,0.0,0.0,"Chandler, Arizona",USA,Phoenix Rising Stadium at Wild Horse Pass,,,,USL Championship,,20220807_Phoenix-Rising-FC_Las-Vegas-Lights-FC,56.08412624327116,1.62,0.81,6,3,16,6,50.2,49.8,0,0,0,0,8,3
2022-08-07 03:00:00,Sacramento Republic FC,Rio Grande Valley FC Toros,1.0,1.0,"Sacramento, California",USA,Heart Health Park,,,,USL Championship,,20220807_Sacramento-Republic-FC_Rio-Grande-Valley-FC-Toros,76.88924702464101,1.42,0.96,4,4,9,9,51.9,48.1,1,1,0,0,9,1
2022-08-09 23:42:00,New York Red Bulls II,Atlanta United 2,2.0,1.0,"Montclair, New Jersey",USA,MSU Soccer Park,,,,USL Championship,,20220809_New-York-Red-Bulls-II_Atlanta-United-2,-44.322027753228895,1.28,0.34,6,1,14,3,47.5,52.5,2,3,0,0,10,4
2022-08-10 23:00:00,Miami FC,FC Tulsa,1.0,2.0,"Miami, Florida",USA,Riccardo Silva Stadium,,,,USL Championship,,20220810_Miami-FC_FC-Tulsa,73.5941382551423,1.3,1.33,3,3,9,8,46.8,53.2,1,1,0,0,7,4
2022-08-11 01:00:00,San Antonio FC,Loudoun United FC,2.0,1.0,"San Antonio, Texas",USA,Toyota Field,,,,USL Championship,,20220811_San-Antonio-FC_Loudoun-United-FC,292.35432310137844,0.26,0.46,2,2,5,6,53.9,46.1,0,3,0,0,2,4
2022-08-11 02:00:00,San Diego Loyal SC,Monterey Bay,1.0,0.0,"San Diego, California",USA,Torero Stadium,,,,USL Championship,,20220811_San-Diego-Loyal-SC_Monterey-Bay,89.11870590214903,2.07,1.39,5,4,13,7,49.4,50.6,3,4,0,0,5,3
2022-08-12 23:00:00,New York Red Bulls II,Charleston Battery,1.0,3.0,"Montclair, New Jersey",USA,MSU Soccer Park,,,,USL Championship,,20220812_New-York-Red-Bulls-II_Charleston-Battery,-15.72989921117778,0.92,1.12,3,3,7,8,47.3,52.7,3,1,0,0,3,4
2022-08-13 01:00:00,Colorado Springs Switchbacks FC,El Paso Locomotive FC,4.0,4.0,"Colorado Springs, Colorado",USA,Weidner Field,,,,USL Championship,,20220813_Colorado-Springs-Switchbacks-FC_El-Paso-Locomotive-FC,3.004472731511214,1.33,2.03,4,7,7,14,54.1,45.9,0,0,1,0,4,4
2022-08-13 02:00:00,Orange County SC,Phoenix Rising FC,2.0,1.0,"Irvine, California",USA,Championship Soccer Stadium,,,,USL Championship,,20220813_Orange-County-SC_Phoenix-Rising-FC,-34.90353044782955,0.17,0.99,2,3,5,7,51.9,48.1,4,3,0,0,4,8
2022-08-13 23:00:00,Hartford Athletic,Indy Eleven,2.0,1.0,"Hartford, Connecticut",USA,Trinity Health Stadium,,,,USL Championship,,20220813_Hartford-Athletic_Indy-Eleven,-12.230415695739339,1.05,0.05,5,1,11,4,53.9,46.1,1,1,0,0,5,2
2022-08-13 23:00:00,Pittsburgh Riverhounds,Memphis 901 FC,0.0,2.0,"Pittsburgh, Pennsylvania",USA,Highmark Stadium,,,,USL Championship,,20220813_Pittsburgh-Riverhounds_Memphis-901-FC,-2.803891817731028,0.91,1.1,3,2,6,5,51.6,48.4,2,1,0,0,1,2
2022-08-13 23:30:00,Atlanta United 2,Miami FC,0.0,2.0,"Kennesaw, Georgia",USA,Fifth Third Bank Stadium,,,,USL Championship,,20220813_Atlanta-United-2_Miami-FC,-154.2273637218525,0.56,1.98,4,7,9,16,39.3,60.7,2,2,0,0,6,6
2022-08-13 23:30:00,Detroit City FC,Oakland Roots,1.0,1.0,"Hamtramck, Michigan",USA,Keyworth Stadium,,,,USL Championship,,20220813_Detroit-City-FC_Oakland-Roots,15.796181729291902,0.64,1.17,3,2,7,7,49.0,51.0,4,0,0,0,4,7
2022-08-13 23:30:00,Louisville City FC,Tampa Bay Rowdies,1.0,0.0,"Louisville, Kentucky",USA,Lynn Family Stadium,,,,USL Championship,,20220813_Louisville-City-FC_Tampa-Bay-Rowdies,-21.886662866562574,0.57,0.82,4,3,7,7,46.8,53.2,0,1,0,0,2,4
2022-08-14 00:00:00,Birmingham Legion FC,San Diego Loyal SC,1.0,0.0,"Birmingham, Alabama",USA,Protective Stadium,,,,USL Championship,,20220814_Birmingham-Legion-FC_San-Diego-Loyal-SC,-16.04756218507373,0.79,1.12,4,3,8,6,49.4,50.6,1,2,0,0,6,6
2022-08-14 01:00:00,San Antonio FC,Las Vegas Lights FC,2.0,0.0,"San Antonio, Texas",USA,Toyota Field,,,,USL Championship,,20220814_San-Antonio-FC_Las-Vegas-Lights-FC,174.07754148815775,1.35,0.42,5,0,11,0,59.5,40.5,2,1,0,0,3,4
2022-08-14 02:00:00,Monterey Bay,Sacramento Republic FC,1.0,0.0,"Seaside, California",USA,Cardinale Stadium,,,,USL Championship,,20220814_Monterey-Bay_Sacramento-Republic-FC,-56.88335517625114,0.56,0.89,1,4,5,10,38.7,61.3,2,3,0,0,2,6
2022-08-15 00:00:00,Ventura County FC,New Mexico United,2.0,2.0,"Carson, California",USA,Dignity Health Sports Park,,,,USL Championship,,20220815_Ventura-County-FC_New-Mexico-United,-64.63262644263136,1.56,1.33,6,5,13,11,48.7,51.3,2,2,0,0,3,6
2022-08-18 00:00:00,Birmingham Legion FC,Detroit City FC,1.0,2.0,"Birmingham, Alabama",USA,Protective Stadium,,,,USL Championship,,20220818_Birmingham-Legion-FC_Detroit-City-FC,59.46688396479499,1.55,0.93,6,4,14,10,53.7,46.3,2,3,1,0,10,5
2022-08-18 01:00:00,New Mexico United,Memphis 901 FC,0.0,2.0,"Albuquerque, New Mexico",USA,Rio Grande Credit Union Field at Isotopes Park,,,,USL Championship,,20220818_New-Mexico-United_Memphis-901-FC,-55.626394391586246,0.17,0.69,1,2,3,2,53.4,46.6,0,2,0,1,2,2
2022-08-18 02:00:00,Orange County SC,Las Vegas Lights FC,1.0,1.0,"Irvine, California",USA,Championship Soccer Stadium,,,,USL Championship,,20220818_Orange-County-SC_Las-Vegas-Lights-FC,36.98605766501896,0.26,0.12,1,1,2,1,47.6,52.4,1,1,0,0,5,1
2022-08-18 03:00:00,Sacramento Republic FC,Colorado Springs Switchbacks FC,3.0,0.0,"Sacramento, California",USA,Heart Health Park,,,,USL Championship,,20220818_Sacramento-Republic-FC_Colorado-Springs-Switchbacks-FC,2.5682686486748025,1.57,1.02,4,4,9,7,51.3,48.7,2,2,0,0,5,9
2022-08-20 23:00:00,Hartford Athletic,Miami FC,0.0,2.0,"Hartford, Connecticut",USA,Trinity Health Stadium,,,,USL Championship,,20220820_Hartford-Athletic_Miami-FC,-115.13338535242042,0.78,1.35,3,4,7,7,46.6,53.4,1,1,0,0,8,5
2022-08-20 23:00:00,Pittsburgh Riverhounds,New York Red Bulls II,2.0,2.0,"Pittsburgh, Pennsylvania",USA,Highmark Stadium,,,,USL Championship,,20220820_Pittsburgh-Riverhounds_New-York-Red-Bulls-II,232.86727733546218,0.56,0.91,2,3,5,6,63.9,36.1,5,1,0,0,6,2
2022-08-20 23:30:00,Detroit City FC,Louisville City FC,0.0,1.0,"Hamtramck, Michigan",USA,Keyworth Stadium,,,,USL Championship,,20220820_Detroit-City-FC_Louisville-City-FC,-104.67163466699708,0.48,1.27,2,5,3,13,48.1,51.9,1,3,0,0,5,9
2022-08-20 23:30:00,Loudoun United FC,Atlanta United 2,3.0,1.0,"Leesburg, Virginia",USA,Segra Field,,,,USL Championship,,20220820_Loudoun-United-FC_Atlanta-United-2,-22.682058332557745,0.88,1.4,3,3,6,6,46.3,53.7,2,1,0,0,3,0
2022-08-21 00:30:00,FC Tulsa,Indy Eleven,1.0,0.0,"Tulsa, Oklahoma",USA,ONEOK Field,,,,USL Championship,,20220821_FC-Tulsa_Indy-Eleven,76.16482417804605,0.57,0.65,1,1,4,3,49.5,50.5,4,1,0,0,4,3
2022-08-21 00:30:00,Memphis 901 FC,Birmingham Legion FC,2.0,4.0,"Memphis, Tennessee",USA,AutoZone Park,,,,USL Championship,,20220821_Memphis-901-FC_Birmingham-Legion-FC,39.09755717636767,0.55,0.81,2,4,6,9,49.7,50.3,4,4,0,0,2,11
2022-08-21 01:00:00,Colorado Springs Switchbacks FC,Tampa Bay Rowdies,1.0,0.0,"Colorado Springs, Colorado",USA,Weidner Field,,,,USL Championship,,20220821_Colorado-Springs-Switchbacks-FC_Tampa-Bay-Rowdies,-130.75960757400412,0.53,0.33,2,1,5,2,46.6,53.4,3,1,0,0,4,4
2022-08-21 01:00:00,New Mexico United,Monterey Bay,2.0,0.0,"Albuquerque, New Mexico",USA,Rio Grande Credit Union Field at Isotopes Park,,,,USL Championship,,20220821_New-Mexico-United_Monterey-Bay,38.90025868620455,1.73,2.15,5,5,12,10,60.7,39.3,3,2,0,0,4,6
2022-08-21 01:00:00,San Antonio FC,Rio Grande Valley FC Toros,2.0,2.0,"San Antonio, Texas",USA,Toyota Field,,,,USL Championship,,20220821_San-Antonio-FC_Rio-Grande-Valley-FC-Toros,179.2465996807557,1.01,1.36,3,7,7,17,56.4,43.6,1,2,0,0,7,6
2022-08-21 01:30:00,El Paso Locomotive FC,San Diego Loyal SC,1.0,3.0,"El Paso, Texas",USA,Southwest University Park,,,,USL Championship,,20220821_El-Paso-Locomotive-FC_San-Diego-Loyal-SC,-56.96944857345329,0.67,0.6,1,3,2,8,45.4,54.6,0,2,0,0,1,4
2022-08-21 02:30:00,Las Vegas Lights FC,Sacramento Republic FC,2.0,1.0,"Las Vegas, Nevada",USA,Cashman Field,,,,USL Championship,,20220821_Las-Vegas-Lights-FC_Sacramento-Republic-FC,-76.07489942036614,0.69,0.66,3,2,5,3,44.4,55.6,4,4,0,1,4,5
2022-08-21 02:30:00,Ventura County FC,Charleston Battery,1.0,1.0,"Carson, California",USA,Dignity Health Sports Park,,,,USL Championship,,20220821_Ventura-County-FC_Charleston-Battery,104.98827338710271,0.83,0.82,3,2,5,6,55.4,44.6,1,0,0,0,6,2
2022-08-25 00:30:00,FC Tulsa,Hartford Athletic,1.0,2.0,"Tulsa, Oklahoma",USA,ONEOK Field,,,,USL Championship,,20220825_FC-Tulsa_Hartford-Athletic,81.12431933174139,1.22,0.98,5,3,11,5,49.9,50.1,0,6,0,0,6,3
2022-08-25 02:00:00,San Diego Loyal SC,Oakland Roots,1.0,3.0,"San Diego, California",USA,Torero Stadium,,,,USL Championship,,20220825_San-Diego-Loyal-SC_Oakland-Roots,75.16227066955094,1.66,1.72,5,7,12,14,57.4,42.6,1,1,0,0,3,7
2022-08-27 23:00:00,Indy Eleven,San Antonio FC,1.0,0.0,"Indianapolis, Indiana",USA,Michael A. Carroll Stadium,,,,USL Championship,,20220827_Indy-Eleven_San-Antonio-FC,-246.88039161378833,0.78,0.8,5,3,11,7,41.5,58.5,3,2,0,0,8,2
2022-08-27 23:00:00,Miami FC,Louisville City FC,1.0,0.0,"Miami, Florida",USA,Riccardo Silva Stadium,,,,USL Championship,,20220827_Miami-FC_Louisville-City-FC,-114.11645387792373,2.07,1.09,6,2,13,6,50.3,49.7,2,0,0,0,3,3
2022-08-27 23:30:00,Atlanta United 2,Pittsburgh Riverhounds,1.0,2.0,"Kennesaw, Georgia",USA,Fifth Third Bank Stadium,,,,USL Championship,,20220827_Atlanta-United-2_Pittsburgh-Riverhounds,-216.8914432864185,1.34,1.35,3,3,8,6,37.9,62.1,2,1,0,0,5,1
2022-08-27 23:30:00,Tampa Bay Rowdies,Orange County SC,3.0,1.0,"St. Petersburg, Florida",USA,Al Lang Stadium,,,,USL Championship,,20220827_Tampa-Bay-Rowdies_Orange-County-SC,129.68841741137794,0.09,1.25,3,5,5,12,59.0,41.0,1,3,1,0,5,9
2022-08-28 00:00:00,Charleston Battery,Detroit City FC,0.0,3.0,"Mount Pleasant, South Carolina",USA,Patriots Point,,,,USL Championship,,20220828_Charleston-Battery_Detroit-City-FC,-148.4221499682426,1.42,0.88,4,3,8,8,47.5,52.5,2,1,0,0,3,9
2022-08-28 00:30:00,FC Tulsa,Loudoun United FC,2.0,1.0,"Tulsa, Oklahoma",USA,ONEOK Field,,,,USL Championship,,20220828_FC-Tulsa_Loudoun-United-FC,121.19811735950634,0.83,0.58,3,3,6,6,62.3,37.7,7,2,0,0,0,6
2022-08-28 01:00:00,Colorado Springs Switchbacks FC,New Mexico United,1.0,0.0,"Colorado Springs, Colorado",USA,Weidner Field,,,,USL Championship,,20220828_Colorado-Springs-Switchbacks-FC_New-Mexico-United,-18.73864543810737,0.05,1.61,1,5,3,11,46.4,53.6,3,1,0,0,2,9
2022-08-28 01:30:00,El Paso Locomotive FC,Phoenix Rising FC,3.0,1.0,"El Paso, Texas",USA,Southwest University Park,,,,USL Championship,,20220828_El-Paso-Locomotive-FC_Phoenix-Rising-FC,4.534639189727159,0.05,1.6,3,5,6,11,55.8,44.2,2,1,0,0,6,5
2022-08-28 02:00:00,Monterey Bay,Ventura County FC,0.0,2.0,"Seaside, California",USA,Cardinale Stadium,,,,USL Championship,,20220828_Monterey-Bay_Ventura-County-FC,4.081183660398665,0.58,1.8,2,5,3,15,40.4,59.6,1,0,0,0,5,8
2022-08-28 02:30:00,Las Vegas Lights FC,Rio Grande Valley FC Toros,0.0,5.0,"Las Vegas, Nevada",USA,Cashman Field,,,,USL Championship,,20220828_Las-Vegas-Lights-FC_Rio-Grande-Valley-FC-Toros,2.4439103061383776,0.89,2.22,2,6,5,13,52.9,47.1,1,1,0,0,4,6
2022-08-28 03:00:00,Sacramento Republic FC,Oakland Roots,1.0,0.0,"Sacramento, California",USA,Heart Health Park,,,,USL Championship,,20220828_Sacramento-Republic-FC_Oakland-Roots,-3.7230590829110497,0.57,0.21,3,0,7,0,48.5,51.5,3,3,0,1,3,2
2022-08-28 21:00:00,Birmingham Legion FC,New York Red Bulls II,3.0,1.0,"Birmingham, Alabama",USA,Protective Stadium,,,,USL Championship,,20220828_Birmingham-Legion-FC_New-York-Red-Bulls-II,236.79792347638318,0.58,0.45,3,1,7,2,56.8,43.2,1,2,0,0,3,2
2022-08-31 23:00:00,Indy Eleven,Louisville City FC,2.0,1.0,"Indianapolis, Indiana",USA,Michael A. Carroll Stadium,,,,USL Championship,,20220831_Indy-Eleven_Louisville-City-FC,-224.2994567108285,1.5,1.33,3,6,6,13,35.6,64.4,0,1,0,0,2,6
2022-08-31 23:00:00,New York Red Bulls II,Hartford Athletic,3.0,3.0,"Montclair, New Jersey",USA,MSU Soccer Park,,,,USL Championship,,20220831_New-York-Red-Bulls-II_Hartford-Athletic,-79.28259059348352,1.66,1.16,7,6,14,12,52.6,47.4,1,0,0,0,9,8
2022-08-31 23:00:00,Pittsburgh Riverhounds,Charleston Battery,0.0,0.0,"Pittsburgh, Pennsylvania",USA,Highmark Stadium,,,,USL Championship,,20220831_Pittsburgh-Riverhounds_Charleston-Battery,196.19708477995664,0.15,0.78,0,3,0,7,53.6,46.4,1,2,0,0,0,6
2022-09-01 00:00:00,Memphis 901 FC,Loudoun United FC,0.0,1.0,"Memphis, Tennessee",USA,AutoZone Park,,,,USL Championship,,20220901_Memphis-901-FC_Loudoun-United-FC,252.3669674860621,1.34,1.38,4,5,9,10,57.7,42.3,2,2,0,0,4,7
2022-09-01 02:30:00,Phoenix Rising FC,Rio Grande Valley FC Toros,2.0,1.0,"Chandler, Arizona",USA,Phoenix Rising Stadium at Wild Horse Pass,,,,USL Championship,,20220901_Phoenix-Rising-FC_Rio-Grande-Valley-FC-Toros,8.143748302365111,1.5,1.17,4,4,8,8,45.6,54.4,0,1,0,0,6,4
2022-09-03 01:00:00,New Mexico United,El Paso Locomotive FC,1.0,2.0,"Albuquerque, New Mexico",USA,Rio Grande Credit Union Field at Isotopes Park,,,,USL Championship,,20220903_New-Mexico-United_El-Paso-Locomotive-FC,11.498574193760305,1.07,0.37,2,2,4,4,50.5,49.5,0,2,0,0,7,2
2022-09-03 23:00:00,Charleston Battery,New York Red Bulls II,3.0,0.0,"Mount Pleasant, South Carolina",USA,Patriots Point,,,,USL Championship,,20220903_Charleston-Battery_New-York-Red-Bulls-II,36.313049923435756,1.3,0.74,3,2,6,6,49.4,50.6,2,1,0,0,3,5
2022-09-03 23:00:00,Miami FC,Birmingham Legion FC,1.0,1.0,"Miami, Florida",USA,Riccardo Silva Stadium,,,,USL Championship,,20220903_Miami-FC_Birmingham-Legion-FC,-34.78196788382024,1.21,0.85,1,2,1,6,51.6,48.4,2,1,0,0,4,5
2022-09-03 23:30:00,Atlanta United 2,FC Tulsa,2.0,1.0,"Kennesaw, Georgia",USA,Fifth Third Bank Stadium,,,,USL Championship,,20220903_Atlanta-United-2_FC-Tulsa,-137.40746474392677,0.56,1.8,2,7,4,13,49.6,50.4,1,1,0,0,4,7
2022-09-03 23:30:00,Detroit City FC,Indy Eleven,0.0,0.0,"Hamtramck, Michigan",USA,Keyworth Stadium,,,,USL Championship,,20220903_Detroit-City-FC_Indy-Eleven,106.7927902540016,0.18,0.41,0,2,1,6,53.4,46.6,1,1,1,0,3,5
2022-09-03 23:30:00,Louisville City FC,Sacramento Republic FC,3.0,1.0,"Louisville, Kentucky",USA,Lynn Family Stadium,,,,USL Championship,,20220903_Louisville-City-FC_Sacramento-Republic-FC,84.31017019528781,1.74,1.54,6,5,15,11,53.3,46.7,4,5,1,0,4,7
2022-09-03 23:30:00,Tampa Bay Rowdies,Las Vegas Lights FC,6.0,1.0,"St. Petersburg, Florida",USA,Al Lang Stadium,,,,USL Championship,,20220903_Tampa-Bay-Rowdies_Las-Vegas-Lights-FC,169.34503440904996,2.58,0.38,10,2,20,3,50.7,49.3,1,3,0,0,14,2
2022-09-04 01:00:00,Colorado Springs Switchbacks FC,Phoenix Rising FC,1.0,0.0,"Colorado Springs, Colorado",USA,Weidner Field,,,,USL Championship,,20220904_Colorado-Springs-Switchbacks-FC_Phoenix-Rising-FC,34.55573367207194,0.05,1.79,1,7,1,15,54.1,45.9,2,2,0,0,1,8
2022-09-04 02:00:00,Monterey Bay,San Diego Loyal SC,3.0,1.0,"Seaside, California",USA,Cardinale Stadium,,,,USL Championship,,20220904_Monterey-Bay_San-Diego-Loyal-SC,-98.88947757110964,1.28,1.88,4,6,9,12,49.3,50.7,1,4,0,1,10,3
2022-09-04 02:00:00,Oakland Roots,San Antonio FC,0.0,2.0,"Oakland, California",USA,Laney Football Stadium,,,,USL Championship,,20220904_Oakland-Roots_San-Antonio-FC,-107.58455269210344,0.94,1.64,3,5,4,11,49.4,50.6,1,2,0,0,4,12
2022-09-04 02:00:00,Orange County SC,Memphis 901 FC,1.0,1.0,"Irvine, California",USA,Championship Soccer Stadium,,,,USL Championship,,20220904_Orange-County-SC_Memphis-901-FC,-90.37372580094689,1.02,1.05,6,3,15,5,53.3,46.7,1,1,0,0,7,10
2022-09-04 23:30:00,Loudoun United FC,Pittsburgh Riverhounds,1.0,2.0,"Leesburg, Virginia",USA,Segra Field,,,,USL Championship,,20220904_Loudoun-United-FC_Pittsburgh-Riverhounds,-201.74815024341842,1.77,0.97,5,4,11,8,43.2,56.8,1,0,0,0,6,6
2022-09-06 02:30:00,Ventura County FC,Hartford Athletic,1.0,3.0,"Carson, California",USA,Dignity Health Sports Park,,,,USL Championship,,20220906_Ventura-County-FC_Hartford-Athletic,73.53068967314834,0.34,0.09,1,3,1,7,52.8,47.2,2,2,0,0,5,6
2022-09-07 23:30:00,Atlanta United 2,Memphis 901 FC,0.0,4.0,"Kennesaw, Georgia",USA,Fifth Third Bank Stadium,,,,USL Championship,,20220907_Atlanta-United-2_Memphis-901-FC,-213.60860975091055,0.25,1.54,3,5,7,9,46.3,53.7,1,2,0,0,6,8
2022-09-08 00:30:00,FC Tulsa,Louisville City FC,2.0,2.0,"Tulsa, Oklahoma",USA,ONEOK Field,,,,USL Championship,,20220908_FC-Tulsa_Louisville-City-FC,-162.25450355754379,1.5,1.01,6,3,15,6,46.2,53.8,0,1,0,0,7,3
2022-09-08 01:00:00,El Paso Locomotive FC,Rio Grande Valley FC Toros,0.0,2.0,"El Paso, Texas",USA,Southwest University Park,,,,USL Championship,,20220908_El-Paso-Locomotive-FC_Rio-Grande-Valley-FC-Toros,60.480941644900895,1.55,1.19,5,5,12,11,53.3,46.7,1,1,0,0,8,10
2022-09-08 02:30:00,Monterey Bay,Orange County SC,1.0,0.0,"Seaside, California",USA,Cardinale Stadium,,,,USL Championship,,20220908_Monterey-Bay_Orange-County-SC,-2.0777464157940813,0.97,0.84,4,4,8,10,50.0,50.0,0,3,0,0,3,9
2022-09-09 23:00:00,New York Red Bulls II,Miami FC,1.0,7.0,"Montclair, New Jersey",USA,MSU Soccer Park,,,,USL Championship,,20220909_New-York-Red-Bulls-II_Miami-FC,-221.05109010791193,0.74,3.34,1,11,2,20,49.7,50.3,1,2,0,0,2,7
2022-09-10 23:00:00,Charleston Battery,Tampa Bay Rowdies,2.0,1.0,"Mount Pleasant, South Carolina",USA,Patriots Point,,,,USL Championship,,20220910_Charleston-Battery_Tampa-Bay-Rowdies,-246.21476035007208,2.36,1.12,7,3,16,5,44.7,55.3,1,2,0,1,6,2
2022-09-10 23:00:00,Hartford Athletic,FC Tulsa,3.0,2.0,"Hartford, Connecticut",USA,Trinity Health Stadium,,,,USL Championship,,20220910_Hartford-Athletic_FC-Tulsa,-36.50167275133094,1.78,1.33,7,3,14,6,43.0,57.0,2,2,0,0,9,4
2022-09-10 23:00:00,Indy Eleven,Birmingham Legion FC,4.0,3.0,"Indianapolis, Indiana",USA,Michael A. Carroll Stadium,,,,USL Championship,,20220910_Indy-Eleven_Birmingham-Legion-FC,-152.97792584949138,2.46,2.32,7,8,15,18,47.3,52.7,0,3,0,0,4,7
2022-09-10 23:00:00,Pittsburgh Riverhounds,Louisville City FC,0.0,0.0,"Pittsburgh, Pennsylvania",USA,Highmark Stadium,,,,USL Championship,,20220910_Pittsburgh-Riverhounds_Louisville-City-FC,-50.74172395894129,0.21,0.66,3,0,6,0,46.8,53.2,6,2,0,0,4,2
2022-09-11 00:30:00,Rio Grande Valley FC Toros,New Mexico United,3.0,1.0,"Edinburg, Texas",USA,H-E-B Park,,,,USL Championship,,20220911_Rio-Grande-Valley-FC-Toros_New-Mexico-United,-33.11742246001563,2.09,1.26,7,4,14,10,49.0,51.0,2,0,0,0,6,8
2022-09-11 00:30:00,San Antonio FC,San Diego Loyal SC,1.0,0.0,"San Antonio, Texas",USA,Toyota Field,,,,USL Championship,,20220911_San-Antonio-FC_San-Diego-Loyal-SC,73.13093733296296,0.21,1.18,1,3,3,8,52.6,47.4,2,3,0,0,4,4
2022-09-11 01:00:00,Colorado Springs Switchbacks FC,Detroit City FC,1.0,2.0,"Colorado Springs, Colorado",USA,Weidner Field,,,,USL Championship,,20220911_Colorado-Springs-Switchbacks-FC_Detroit-City-FC,14.96281965505409,1.05,1.44,3,3,7,7,48.6,51.4,1,3,0,0,5,2
2022-09-11 02:00:00,Orange County SC,Ventura County FC,1.0,0.0,"Irvine, California",USA,Championship Soccer Stadium,,,,USL Championship,,20220911_Orange-County-SC_Ventura-County-FC,-0.3661453286820233,1.08,1.2,5,5,11,11,51.8,48.2,3,3,1,0,5,4
2022-09-11 02:00:00,Sacramento Republic FC,Loudoun United FC,4.0,0.0,"Sacramento, California",USA,Heart Health Park,,,,USL Championship,,20220911_Sacramento-Republic-FC_Loudoun-United-FC,166.56549238716866,1.81,0.82,7,3,16,5,54.6,45.4,2,1,0,0,6,3
2022-09-11 02:30:00,Phoenix Rising FC,Oakland Roots,0.0,2.0,"Chandler, Arizona",USA,Phoenix Rising Stadium at Wild Horse Pass,,,,USL Championship,,20220911_Phoenix-Rising-FC_Oakland-Roots,-11.405552395412087,0.08,1.0,0,3,0,5,53.9,46.1,1,1,0,0,0,4
2022-09-15 00:00:00,Birmingham Legion FC,Pittsburgh Riverhounds,2.0,1.0,"Birmingham, Alabama",USA,Protective Stadium,,,,USL Championship,,20220915_Birmingham-Legion-FC_Pittsburgh-Riverhounds,-1.9761942053496568,1.12,0.96,4,3,8,9,46.4,53.6,1,2,0,0,3,5
2022-09-17 00:00:00,Memphis 901 FC,Charleston Battery,5.0,0.0,"Memphis, Tennessee",USA,AutoZone Park,,,,USL Championship,,20220917_Memphis-901-FC_Charleston-Battery,167.94944613673988,1.75,0.61,5,2,9,3,53.6,46.4,2,1,1,0,6,2
2022-09-17 23:00:00,Hartford Athletic,Las Vegas Lights FC,3.0,0.0,"Hartford, Connecticut",USA,Trinity Health Stadium,,,,USL Championship,,20220917_Hartford-Athletic_Las-Vegas-Lights-FC,-9.12741613989192,1.16,1.13,4,6,9,14,45.0,55.0,1,4,0,0,5,7
2022-09-17 23:00:00,Miami FC,Atlanta United 2,2.0,2.0,"Miami, Florida",USA,Riccardo Silva Stadium,,,,USL Championship,,20220917_Miami-FC_Atlanta-United-2,205.6903137150166,2.09,1.07,8,3,17,7,50.6,49.4,0,1,0,0,8,4
2022-09-17 23:30:00,Detroit City FC,Tampa Bay Rowdies,1.0,0.0,"Hamtramck, Michigan",USA,Keyworth Stadium,,,,USL Championship,,20220917_Detroit-City-FC_Tampa-Bay-Rowdies,-72.09381027420363,0.52,0.47,2,2,4,6,47.5,52.5,0,1,0,0,1,2
2022-09-17 23:30:00,Louisville City FC,Loudoun United FC,4.0,2.0,"Louisville, Kentucky",USA,Lynn Family Stadium,,,,USL Championship,,20220917_Louisville-City-FC_Loudoun-United-FC,268.8445913655203,1.14,0.7,4,2,6,3,55.8,44.2,1,3,0,0,6,4
2022-09-18 00:30:00,Rio Grande Valley FC Toros,Colorado Springs Switchbacks FC,1.0,0.0,"Edinburg, Texas",USA,H-E-B Park,,,,USL Championship,,20220918_Rio-Grande-Valley-FC-Toros_Colorado-Springs-Switchbacks-FC,-37.22249031780461,1.24,0.37,3,2,7,4,49.6,50.4,3,0,0,0,0,4
2022-09-18 00:30:00,San Antonio FC,New Mexico United,1.0,1.0,"San Antonio, Texas",USA,Toyota Field,,,,USL Championship,,20220918_San-Antonio-FC_New-Mexico-United,132.02375203174324,0.2,1.41,1,3,1,5,56.7,43.3,0,2,0,0,3,3
2022-09-18 02:00:00,Monterey Bay,Indy Eleven,5.0,0.0,"Seaside, California",USA,Cardinale Stadium,,,,USL Championship,,20220918_Monterey-Bay_Indy-Eleven,47.950067108315125,2.08,0.87,7,3,18,6,50.3,49.7,2,2,0,0,10,5
2022-09-18 02:00:00,Oakland Roots,New York Red Bulls II,1.0,0.0,"Oakland, California",USA,Laney Football Stadium,,,,USL Championship,,20220918_Oakland-Roots_New-York-Red-Bulls-II,187.150201174602,1.52,1.36,4,4,9,10,53.7,46.3,1,0,0,0,5,3
2022-09-18 02:00:00,San Diego Loyal SC,Phoenix Rising FC,3.0,0.0,"San Diego, California",USA,Torero Stadium,,,,USL Championship,,20220918_San-Diego-Loyal-SC_Phoenix-Rising-FC,64.75165682478314,1.08,0.52,3,3,6,7,50.8,49.2,1,2,1,0,2,6
2022-09-18 21:00:00,Sacramento Republic FC,Orange County SC,4.0,0.0,"Sacramento, California",USA,Heart Health Park,,,,USL Championship,,20220918_Sacramento-Republic-FC_Orange-County-SC,41.40727379492091,1.37,0.74,4,4,11,8,46.4,53.6,3,0,0,0,9,5
2022-09-19 00:00:00,Ventura County FC,El Paso Locomotive FC,2.0,3.0,"Carson, California",USA,Dignity Health Sports Park,,,,USL Championship,,20220919_Ventura-County-FC_El-Paso-Locomotive-FC,-52.863337942443195,1.25,2.0,5,7,9,17,47.6,52.4,4,0,0,1,7,8
2022-09-21 00:30:00,San Antonio FC,Colorado Springs Switchbacks FC,1.0,0.0,"San Antonio, Texas",USA,Toyota Field,,,,USL Championship,,20220921_San-Antonio-FC_Colorado-Springs-Switchbacks-FC,110.56620355511654,1.58,0.22,5,2,10,5,55.8,44.2,1,3,0,0,4,4
2022-09-21 23:00:00,Loudoun United FC,Hartford Athletic,3.0,0.0,"Leesburg, Virginia",USA,Segra Field,,,,USL Championship,,20220921_Loudoun-United-FC_Hartford-Athletic,-112.06896600904406,1.18,0.35,4,0,10,1,45.1,54.9,1,1,0,0,5,4
2022-09-21 23:00:00,New York Red Bulls II,Detroit City FC,0.0,0.0,"Montclair, New Jersey",USA,MSU Soccer Park,,,,USL Championship,,20220921_New-York-Red-Bulls-II_Detroit-City-FC,-238.41985674067814,0.49,0.59,2,3,4,7,49.8,50.2,1,0,0,0,2,5
2022-09-22 02:30:00,Monterey Bay,Phoenix Rising FC,3.0,3.0,"Seaside, California",USA,Cardinale Stadium,,,,USL Championship,,20220922_Monterey-Bay_Phoenix-Rising-FC,38.24050036386234,0.35,0.7,3,3,6,7,52.1,47.9,2,0,0,0,5,4
2022-09-23 23:00:00,Charleston Battery,Rio Grande Valley FC Toros,0.0,3.0,"Mount Pleasant, South Carolina",USA,Patriots Point,,,,USL Championship,,20220923_Charleston-Battery_Rio-Grande-Valley-FC-Toros,-108.08541549290044,1.11,1.23,1,3,4,5,48.9,51.1,0,1,0,0,4,7
2022-09-23 23:30:00,Tampa Bay Rowdies,Birmingham Legion FC,1.0,1.0,"St. Petersburg, Florida",USA,Al Lang Stadium,,,,USL Championship,,20220923_Tampa-Bay-Rowdies_Birmingham-Legion-FC,21.71565695288882,1.33,0.47,4,1,8,3,53.8,46.2,2,2,0,1,5,4
2022-09-24 00:00:00,Louisville City FC,Memphis 901 FC,1.0,2.0,"Louisville, Kentucky",USA,Lynn Family Stadium,,,,USL Championship,,20220924_Louisville-City-FC_Memphis-901-FC,38.22585238243846,0.57,1.76,1,7,2,14,51.4,48.6,1,1,0,0,4,6
2022-09-24 23:00:00,Miami FC,Monterey Bay,0.0,0.0,"Miami, Florida",USA,Riccardo Silva Stadium,,,,USL Championship,,20220924_Miami-FC_Monterey-Bay,45.51077210119456,1.01,0.67,2,0,7,1,52.7,47.3,1,2,1,0,7,2
2022-09-24 23:00:00,Pittsburgh Riverhounds,Orange County SC,1.0,1.0,"Pittsburgh, Pennsylvania",USA,Highmark Stadium,,,,USL Championship,,20220924_Pittsburgh-Riverhounds_Orange-County-SC,81.63195548015551,0.78,0.84,2,3,4,6,58.7,41.3,4,4,0,0,4,5
2022-09-24 23:30:00,Detroit City FC,FC Tulsa,2.0,2.0,"Hamtramck, Michigan",USA,Keyworth Stadium,,,,USL Championship,,20220924_Detroit-City-FC_FC-Tulsa,97.52750611895658,1.26,1.18,3,3,7,6,55.2,44.8,3,1,0,0,3,6
2022-09-25 00:00:00,Colorado Springs Switchbacks FC,Oakland Roots,1.0,1.0,"Colorado Springs, Colorado",USA,Weidner Field,,,,USL Championship,,20220925_Colorado-Springs-Switchbacks-FC_Oakland-Roots,-7.033800410232061,0.79,1.82,2,5,5,12,45.5,54.5,1,2,0,0,4,6
2022-09-25 00:30:00,San Antonio FC,Sacramento Republic FC,1.0,0.0,"San Antonio, Texas",USA,Toyota Field,,,,USL Championship,,20220925_San-Antonio-FC_Sacramento-Republic-FC,100.82901042765866,0.86,1.29,1,4,0,7,54.3,45.7,1,3,0,0,4,7
2022-09-25 02:00:00,Las Vegas Lights FC,San Diego Loyal SC,1.0,2.0,"Las Vegas, Nevada",USA,Cashman Field,,,,USL Championship,,20220925_Las-Vegas-Lights-FC_San-Diego-Loyal-SC,-112.60080551994565,1.18,0.47,3,2,7,6,41.1,58.9,1,1,0,0,5,3
2022-09-25 21:00:00,Indy Eleven,Loudoun United FC,1.0,0.0,"Indianapolis, Indiana",USA,Michael A. Carroll Stadium,,,,USL Championship,,20220925_Indy-Eleven_Loudoun-United-FC,78.67697801578197,2.18,0.29,6,3,13,5,49.4,50.6,0,1,0,0,4,4
2022-09-28 02:00:00,Las Vegas Lights FC,Monterey Bay,4.0,0.0,"Las Vegas, Nevada",USA,Cashman Field,,,,USL Championship,,20220928_Las-Vegas-Lights-FC_Monterey-Bay,-75.00052480984095,1.82,0.76,6,2,14,5,51.9,48.1,1,1,0,0,6,4
2022-09-28 23:30:00,Atlanta United 2,Indy Eleven,0.0,1.0,"Kennesaw, Georgia",USA,Fifth Third Bank Stadium,,,,USL Championship,,20220928_Atlanta-United-2_Indy-Eleven,-89.41205996781491,0.37,1.14,1,2,4,5,43.3,56.7,2,0,0,0,4,6
2022-09-29 02:00:00,Sacramento Republic FC,Phoenix Rising FC,0.0,1.0,"Sacramento, California",USA,Heart Health Park,,,,USL Championship,,20220929_Sacramento-Republic-FC_Phoenix-Rising-FC,59.88937655697305,0.48,0.77,1,3,4,9,53.3,46.7,0,1,0,0,2,6
2022-10-01 02:00:00,Las Vegas Lights FC,New Mexico United,0.0,0.0,"Las Vegas, Nevada",USA,Cashman Field,,,,USL Championship,,20221001_Las-Vegas-Lights-FC_New-Mexico-United,-60.983589188180304,0.05,0.5,1,3,2,7,47.7,52.3,1,0,0,0,2,8
2022-10-01 22:30:00,Loudoun United FC,Detroit City FC,0.0,4.0,"Leesburg, Virginia",USA,Segra Field,,,,USL Championship,,20221001_Loudoun-United-FC_Detroit-City-FC,-197.5743157762936,0.57,3.01,2,7,3,15,40.4,59.6,1,2,0,0,2,6
2022-10-01 23:00:00,Hartford Athletic,Charleston Battery,6.0,3.0,"Hartford, Connecticut",USA,Trinity Health Stadium,,,,USL Championship,,20221001_Hartford-Athletic_Charleston-Battery,46.84475467278412,2.73,1.34,6,4,13,9,39.0,61.0,6,2,0,1,4,6
2022-10-01 23:00:00,Indy Eleven,FC Tulsa,2.0,4.0,"Indianapolis, Indiana",USA,Michael A. Carroll Stadium,,,,USL Championship,,20221001_Indy-Eleven_FC-Tulsa,-0.300796851891846,1.14,1.35,4,6,8,11,48.5,51.5,2,1,0,0,5,5
2022-10-01 23:00:00,Miami FC,Memphis 901 FC,1.0,0.0,"Miami, Florida",USA,Riccardo Silva Stadium,,,,USL Championship,,20221001_Miami-FC_Memphis-901-FC,-46.644718589845525,0.96,0.79,4,2,10,4,42.4,57.6,1,1,0,0,7,3
2022-10-01 23:00:00,Pittsburgh Riverhounds,San Antonio FC,0.0,1.0,"Pittsburgh, Pennsylvania",USA,Highmark Stadium,,,,USL Championship,,20221001_Pittsburgh-Riverhounds_San-Antonio-FC,-93.13825947219584,0.67,1.11,1,5,4,9,42.6,57.4,0,1,0,0,3,4
2022-10-02 00:30:00,Rio Grande Valley FC Toros,Louisville City FC,0.0,1.0,"Edinburg, Texas",USA,H-E-B Park,,,,USL Championship,,20221002_Rio-Grande-Valley-FC-Toros_Louisville-City-FC,-89.61705627229844,1.03,0.9,2,2,3,4,44.4,55.6,2,2,0,0,0,1
2022-10-02 02:00:00,Oakland Roots,Birmingham Legion FC,2.0,1.0,"Oakland, California",USA,Laney Football Stadium,,,,USL Championship,,20221002_Oakland-Roots_Birmingham-Legion-FC,-61.5373537441792,1.5,1.9,4,6,8,14,46.3,53.7,0,1,0,0,6,6
2022-10-02 02:00:00,Orange County SC,San Diego Loyal SC,2.0,2.0,"Irvine, California",USA,Championship Soccer Stadium,,,,USL Championship,,20221002_Orange-County-SC_San-Diego-Loyal-SC,-82.54623015471702,1.48,1.28,4,3,9,7,49.4,50.6,0,0,0,0,6,3
2022-10-02 02:30:00,Phoenix Rising FC,New York Red Bulls II,5.0,1.0,"Chandler, Arizona",USA,Phoenix Rising Stadium at Wild Horse Pass,,,,USL Championship,,20221002_Phoenix-Rising-FC_New-York-Red-Bulls-II,157.05654303502683,1.82,0.43,7,1,16,0,53.2,46.8,1,1,0,0,8,1
2022-10-03 00:00:00,Ventura County FC,Sacramento Republic FC,2.0,0.0,"Carson, California",USA,Dignity Health Sports Park,,,,USL Championship,,20221003_Ventura-County-FC_Sacramento-Republic-FC,-63.1707920848055,1.32,0.38,5,0,12,0,47.1,52.9,1,1,0,0,8,5
2022-10-03 02:00:00,Monterey Bay,Tampa Bay Rowdies,1.0,2.0,"Seaside, California",USA,Cardinale Stadium,,,,USL Championship,,20221003_Monterey-Bay_Tampa-Bay-Rowdies,-108.07830410703241,0.63,0.68,1,2,2,5,46.1,53.9,0,3,0,0,1,5
2022-10-05 23:30:00,Louisville City FC,Detroit City FC,2.0,1.0,"Louisville, Kentucky",USA,Lynn Family Stadium,,,,USL Championship,,20221005_Louisville-City-FC_Detroit-City-FC,63.10654182817325,0.69,0.32,2,1,4,3,55.1,44.9,1,0,0,0,4,4
2022-10-06 00:00:00,Memphis 901 FC,Rio Grande Valley FC Toros,2.0,2.0,"Memphis, Tennessee",USA,AutoZone Park,,,,USL Championship,,20221006_Memphis-901-FC_Rio-Grande-Valley-FC-Toros,73.39131008058871,1.78,0.69,6,3,12,7,48.3,51.7,3,3,0,0,10,8
2022-10-06 01:00:00,El Paso Locomotive FC,Colorado Springs Switchbacks FC,1.0,4.0,"El Paso, Texas",USA,Southwest University Park,,,,USL Championship,,20221006_El-Paso-Locomotive-FC_Colorado-Springs-Switchbacks-FC,13.512907943900473,1.49,1.75,5,6,11,14,51.9,48.1,0,1,0,0,5,9
2022-10-08 23:00:00,Hartford Athletic,Oakland Roots,1.0,3.0,"Hartford, Connecticut",USA,Trinity Health Stadium,,,,USL Championship,,20221008_Hartford-Athletic_Oakland-Roots,-82.48203087149,0.05,1.01,1,4,2,8,49.4,50.6,0,1,0,0,4,6
2022-10-08 23:00:00,Indy Eleven,Charleston Battery,4.0,1.0,"Indianapolis, Indiana",USA,Michael A. Carroll Stadium,,,,USL Championship,,20221008_Indy-Eleven_Charleston-Battery,61.644956719164156,0.92,1.13,4,3,5,7,49.9,50.1,2,3,0,0,3,2
2022-10-08 23:30:00,Tampa Bay Rowdies,Loudoun United FC,8.0,0.0,"St. Petersburg, Florida",USA,Al Lang Stadium,,,,USL Championship,,20221008_Tampa-Bay-Rowdies_Loudoun-United-FC,264.6491114385515,1.95,0.05,8,1,19,1,61.9,38.1,1,2,0,0,8,1
2022-10-09 00:30:00,Rio Grande Valley FC Toros,Phoenix Rising FC,2.0,1.0,"Edinburg, Texas",USA,H-E-B Park,,,,USL Championship,,20221009_Rio-Grande-Valley-FC-Toros_Phoenix-Rising-FC,20.74182621573732,1.18,1.16,3,3,6,5,53.1,46.9,4,4,0,0,4,3
2022-10-09 01:30:00,El Paso Locomotive FC,Orange County SC,2.0,1.0,"El Paso, Texas",USA,Southwest University Park,,,,USL Championship,,20221009_El-Paso-Locomotive-FC_Orange-County-SC,31.935117163813857,1.68,0.6,6,1,14,0,48.7,51.3,0,1,0,0,10,2
2022-10-09 02:00:00,Las Vegas Lights FC,Miami FC,3.0,2.0,"Las Vegas, Nevada",USA,Cashman Field,,,,USL Championship,,20221009_Las-Vegas-Lights-FC_Miami-FC,-114.35096794607193,0.67,2.35,3,8,8,19,43.3,56.7,0,3,0,1,5,4
2022-10-09 02:30:00,Ventura County FC,Atlanta United 2,1.0,3.0,"Carson, California",USA,Dignity Health Sports Park,,,,USL Championship,,20221009_Ventura-County-FC_Atlanta-United-2,117.62425831058408,1.58,1.91,4,7,9,16,52.9,47.1,0,1,0,0,5,9
2022-10-09 20:00:00,Memphis 901 FC,New York Red Bulls II,2.0,1.0,"Memphis, Tennessee",USA,AutoZone Park,,,,USL Championship,,20221009_Memphis-901-FC_New-York-Red-Bulls-II,260.0281839360057,1.18,0.6,4,3,9,3,56.8,43.2,2,3,0,0,3,3
2022-10-09 21:00:00,Birmingham Legion FC,San Antonio FC,1.0,2.0,"Birmingham, Alabama",USA,Protective Stadium,,,,USL Championship,,20221009_Birmingham-Legion-FC_San-Antonio-FC,-90.42168046014126,0.98,1.17,4,3,10,7,42.8,57.2,1,1,0,0,3,8
2022-10-09 21:00:00,Sacramento Republic FC,Pittsburgh Riverhounds,1.0,1.0,"Sacramento, California",USA,Heart Health Park,,,,USL Championship,,20221009_Sacramento-Republic-FC_Pittsburgh-Riverhounds,-44.263241202718746,1.03,0.44,4,1,11,2,49.6,50.4,3,4,0,0,1,5
2022-10-09 22:00:00,San Diego Loyal SC,New Mexico United,3.0,3.0,"San Diego, California",USA,Torero Stadium,,,,USL Championship,,20221009_San-Diego-Loyal-SC_New-Mexico-United,52.835801543312755,1.57,0.93,6,5,12,11,55.4,44.6,1,0,1,0,12,3
2022-10-12 23:30:00,Tampa Bay Rowdies,El Paso Locomotive FC,3.0,1.0,"St. Petersburg, Florida",USA,Al Lang Stadium,,,,USL Championship,,20221012_Tampa-Bay-Rowdies_El-Paso-Locomotive-FC,89.03431859948728,0.72,0.54,3,3,7,5,53.4,46.6,3,0,0,0,5,3
2022-10-13 00:00:00,Birmingham Legion FC,Indy Eleven,3.0,1.0,"Birmingham, Alabama",USA,Protective Stadium,,,,USL Championship,,20221013_Birmingham-Legion-FC_Indy-Eleven,102.95725905630889,1.25,0.87,4,3,6,7,56.2,43.8,2,1,0,0,1,5
2022-10-13 00:30:00,FC Tulsa,Monterey Bay,2.0,0.0,"Tulsa, Oklahoma",USA,ONEOK Field,,,,USL Championship,,20221013_FC-Tulsa_Monterey-Bay,-15.375444311906904,1.56,1.31,5,2,12,4,51.7,48.3,0,0,0,0,6,1
2022-10-13 01:00:00,New Mexico United,Ventura County FC,3.0,2.0,"Albuquerque, New Mexico",USA,Rio Grande Credit Union Field at Isotopes Park,,,,USL Championship,,20221013_New-Mexico-United_Ventura-County-FC,56.518264010808934,0.79,0.72,3,2,7,3,51.2,48.8,2,0,0,0,5,4
2022-10-15 20:00:00,Detroit City FC,Miami FC,0.0,1.0,"Hamtramck, Michigan",USA,Keyworth Stadium,,,,USL Championship,,20221015_Detroit-City-FC_Miami-FC,-3.5269392284435526,1.13,0.54,2,3,6,7,46.4,53.6,2,2,0,0,2,8
2022-10-15 21:00:00,Charleston Battery,Loudoun United FC,1.0,1.0,"Mount Pleasant, South Carolina",USA,Patriots Point,,,,USL Championship,,20221015_Charleston-Battery_Loudoun-United-FC,32.906327453417816,1.1,0.44,4,2,13,6,49.9,50.1,6,2,0,0,8,3
2022-10-15 23:00:00,Pittsburgh Riverhounds,Oakland Roots,3.0,1.0,"Pittsburgh, Pennsylvania",USA,Highmark Stadium,,,,USL Championship,,20221015_Pittsburgh-Riverhounds_Oakland-Roots,2.173683801999232,1.71,1.07,6,5,13,11,50.6,49.4,2,0,0,0,5,4
2022-10-15 23:30:00,Louisville City FC,Hartford Athletic,2.0,1.0,"Louisville, Kentucky",USA,Lynn Family Stadium,,,,USL Championship,,20221015_Louisville-City-FC_Hartford-Athletic,185.25070640439526,0.99,0.26,3,1,7,2,59.2,40.8,1,1,0,0,3,4
2022-10-15 23:30:00,Tampa Bay Rowdies,New York Red Bulls II,1.0,0.0,"St. Petersburg, Florida",USA,Al Lang Stadium,,,,USL Championship,,20221015_Tampa-Bay-Rowdies_New-York-Red-Bulls-II,306.683167259376,0.69,0.93,2,3,6,8,59.3,40.7,0,1,0,0,5,4
2022-10-16 00:30:00,FC Tulsa,Memphis 901 FC,0.0,3.0,"Tulsa, Oklahoma",USA,ONEOK Field,,,,USL Championship,,20221016_FC-Tulsa_Memphis-901-FC,-103.09855300474146,0.71,0.89,3,4,6,9,48.0,52.0,0,2,0,0,6,6
2022-10-16 00:30:00,Rio Grande Valley FC Toros,Monterey Bay,4.0,1.0,"Edinburg, Texas",USA,H-E-B Park,,,,USL Championship,,20221016_Rio-Grande-Valley-FC-Toros_Monterey-Bay,51.28373935140917,1.61,1.17,5,4,13,9,58.9,41.1,4,1,0,0,6,7
2022-10-16 00:30:00,San Antonio FC,Orange County SC,2.0,2.0,"San Antonio, Texas",USA,Toyota Field,,,,USL Championship,,20221016_San-Antonio-FC_Orange-County-SC,195.13793495811956,0.66,1.55,4,5,9,12,59.6,40.4,9,2,1,0,5,6
2022-10-16 01:00:00,New Mexico United,Colorado Springs Switchbacks FC,2.0,0.0,"Albuquerque, New Mexico",USA,Rio Grande Credit Union Field at Isotopes Park,,,,USL Championship,,20221016_New-Mexico-United_Colorado-Springs-Switchbacks-FC,-7.366006895309283,1.15,0.68,5,2,13,4,47.3,52.7,0,2,0,0,5,4
2022-10-16 02:00:00,Sacramento Republic FC,San Diego Loyal SC,4.0,0.0,"Sacramento, California",USA,Heart Health Park,,,,USL Championship,,20221016_Sacramento-Republic-FC_San-Diego-Loyal-SC,-53.44284263131635,2.47,0.05,9,0,20,0,44.0,56.0,1,0,0,0,9,1
2022-10-16 02:30:00,Phoenix Rising FC,Atlanta United 2,3.0,1.0,"Chandler, Arizona",USA,Phoenix Rising Stadium at Wild Horse Pass,,,,USL Championship,,20221016_Phoenix-Rising-FC_Atlanta-United-2,114.56249775857418,1.57,1.09,5,2,9,5,61.5,38.5,2,0,0,0,3,1
2022-10-16 02:30:00,Ventura County FC,Las Vegas Lights FC,1.0,1.0,"Carson, California",USA,Dignity Health Sports Park,,,,USL Championship,,20221016_Ventura-County-FC_Las-Vegas-Lights-FC,-23.77140837022739,0.76,1.04,4,4,10,10,49.0,51.0,0,0,0,0,6,6
2022-10-22 23:30:00,Tampa Bay Rowdies,Miami FC,3.0,1.0,"St. Petersburg, Florida",USA,Al Lang Stadium,,,,USL Championship,,20221022_Tampa-Bay-Rowdies_Miami-FC,66.65088763496988,0.88,0.82,3,3,6,9,52.4,47.6,3,3,0,1,8,8
2022-10-23 00:00:00,Memphis 901 FC,Detroit City FC,3.0,1.0,"Memphis, Tennessee",USA,AutoZone Park,,,,USL Championship,,20221023_Memphis-901-FC_Detroit-City-FC,61.091600997513524,0.52,0.69,3,2,6,4,53.7,46.3,0,2,0,0,3,5
2022-10-23 00:30:00,Colorado Springs Switchbacks FC,Rio Grande Valley FC Toros,3.0,0.0,"Colorado Springs, Colorado",USA,Weidner Field,,,,USL Championship,,20221023_Colorado-Springs-Switchbacks-FC_Rio-Grande-Valley-FC-Toros,-20.6239542231383,1.03,0.88,3,3,4,8,52.6,47.4,0,4,0,0,4,2
2022-10-23 02:00:00,Sacramento Republic FC,New Mexico United,2.0,0.0,"Sacramento, California",USA,Heart Health Park,,,,USL Championship,,20221023_Sacramento-Republic-FC_New-Mexico-United,-12.716844318666745,0.82,1.13,2,5,6,12,54.8,45.2,1,0,0,0,6,8
2022-10-23 22:00:00,Birmingham Legion FC,Pittsburgh Riverhounds,2.0,2.0,"Birmingham, Alabama",USA,Protective Stadium,,,,USL Championship,,20221023_Birmingham-Legion-FC_Pittsburgh-Riverhounds,9.627228307571386,1.55,0.68,5,2,11,4,46.3,53.7,1,1,0,0,9,1
2022-10-24 02:00:00,San Diego Loyal SC,Oakland Roots,0.0,3.0,"San Diego, California",USA,Torero Stadium,,,,USL Championship,,20221024_San-Diego-Loyal-SC_Oakland-Roots,12.48794184440544,0.65,2.08,2,6,3,15,52.8,47.2,0,2,1,0,2,11
2022-10-29 00:30:00,San Antonio FC,Oakland Roots,3.0,0.0,"San Antonio, Texas",USA,Toyota Field,,,,USL Championship,,20221029_San-Antonio-FC_Oakland-Roots,116.87753554538676,1.06,0.57,5,2,12,3,56.2,43.8,3,1,1,1,9,4
2022-10-29 23:30:00,Louisville City FC,Pittsburgh Riverhounds,2.0,2.0,"Louisville, Kentucky",USA,Lynn Family Stadium,,,,USL Championship,,20221029_Louisville-City-FC_Pittsburgh-Riverhounds,76.07678652123377,0.5,1.96,2,6,4,14,56.3,43.7,1,2,0,0,6,7
2022-10-30 00:00:00,Colorado Springs Switchbacks FC,Sacramento Republic FC,2.0,1.0,"Colorado Springs, Colorado",USA,Weidner Field,,,,USL Championship,,20221030_Colorado-Springs-Switchbacks-FC_Sacramento-Republic-FC,-4.153435843307079,1.7,1.45,5,5,12,9,47.6,52.4,0,4,0,0,9,3
2022-10-30 20:00:00,Memphis 901 FC,Tampa Bay Rowdies,0.0,1.0,"Memphis, Tennessee",USA,AutoZone Park,,,,USL Championship,,20221030_Memphis-901-FC_Tampa-Bay-Rowdies,-32.656940216849534,1.86,1.09,5,3,11,8,49.4,50.6,0,3,0,0,9,7
2022-11-05 23:30:00,Louisville City FC,Tampa Bay Rowdies,1.0,0.0,"Louisville, Kentucky",USA,Lynn Family Stadium,,,,USL Championship,,20221105_Louisville-City-FC_Tampa-Bay-Rowdies,-16.30279654674814,1.81,0.81,5,2,10,4,47.8,52.2,1,1,0,0,7,7
2022-11-07 01:30:00,San Antonio FC,Colorado Springs Switchbacks FC,2.0,0.0,"San Antonio, Texas",USA,Toyota Field,,,,USL Championship,,20221107_San-Antonio-FC_Colorado-Springs-Switchbacks-FC,130.2805487970004,1.89,1.12,7,2,16,6,65.1,34.9,0,5,0,0,4,5
2022-11-14 01:30:00,San Antonio FC,Louisville City FC,3.0,1.0,"San Antonio, Texas",USA,Toyota Field,,,,USL Championship,,20221114_San-Antonio-FC_Louisville-City-FC,32.70847318104029,1.24,0.72,5,1,10,2,47.3,52.7,3,0,0,0,9,1
2023-03-11 22:00:00,Memphis 901 FC,Loudoun United FC,1.0,3.0,"Memphis, Tennessee",USA,AutoZone Park,,,,USL Championship,,20230311_Memphis-901-FC_Loudoun-United-FC,250.7964619500217,0.91,0.73,4,3,8,6,56.4,43.6,0,1,0,0,6,4
2023-03-11 22:00:00,Miami FC,FC Tulsa,1.0,1.0,"Miami, Florida",USA,Riccardo Silva Stadium,,,,USL Championship,,20230311_Miami-FC_FC-Tulsa,76.64461026923004,2.14,1.75,5,7,10,14,53.1,46.9,0,2,0,0,7,11
2023-03-12 00:30:00,Birmingham Legion FC,Pittsburgh Riverhounds,1.0,1.0,"Birmingham, Alabama",USA,Protective Stadium,,,,USL Championship,,20230312_Birmingham-Legion-FC_Pittsburgh-Riverhounds,6.375978518520924,1.14,1.38,2,5,5,11,56.8,43.2,2,0,0,0,0,6
2023-03-12 00:30:00,Charleston Battery,Phoenix Rising FC,1.0,1.0,"Mount Pleasant, South Carolina",USA,Patriots Point,,,,USL Championship,,20230312_Charleston-Battery_Phoenix-Rising-FC,-115.94938883977056,0.4,1.46,1,4,1,9,53.1,46.9,4,3,0,0,4,5
2023-03-12 00:30:00,Tampa Bay Rowdies,Indy Eleven,1.0,1.0,"St. Petersburg, Florida",USA,Al Lang Stadium,,,,USL Championship,,20230312_Tampa-Bay-Rowdies_Indy-Eleven,187.98206365864098,1.48,0.17,6,3,14,6,51.3,48.7,1,1,0,0,5,3
2023-03-12 01:30:00,San Antonio FC,Oakland Roots,3.0,1.0,"San Antonio, Texas",USA,Toyota Field,,,,USL Championship,,20230312_San-Antonio-FC_Oakland-Roots,151.66885141542684,1.51,0.94,5,2,8,3,55.0,45.0,2,1,0,0,4,3
2023-03-12 02:30:00,El Paso Locomotive FC,Sacramento Republic FC,0.0,1.0,"El Paso, Texas",USA,Southwest University Park,,,,USL Championship,,20230312_El-Paso-Locomotive-FC_Sacramento-Republic-FC,-1.977524073894756,0.19,0.07,0,2,1,6,42.2,57.8,2,3,0,0,1,6
2023-03-12 03:00:00,Monterey Bay,Hartford Athletic,5.0,3.0,"Seaside, California",USA,Cardinale Stadium,,,,USL Championship,,20230312_Monterey-Bay_Hartford-Athletic,26.249623272117788,2.29,0.57,8,3,18,6,53.0,47.0,1,1,0,1,10,7
2023-03-12 03:00:00,Orange County SC,Louisville City FC,1.0,3.0,"Irvine, California",USA,Championship Soccer Stadium,,,,USL Championship,,20230312_Orange-County-SC_Louisville-City-FC,-155.14381698787793,0.57,2.78,2,8,4,19,44.2,55.8,0,1,0,0,4,8
2023-03-12 03:00:00,San Diego Loyal SC,Detroit City FC,1.0,0.0,"San Diego, California",USA,Torero Stadium,,,,USL Championship,,20230312_San-Diego-Loyal-SC_Detroit-City-FC,8.354483331261918,0.34,0.76,1,0,2,0,52.7,47.3,2,3,0,1,2,1
2023-03-13 00:00:00,Rio Grande Valley FC Toros,Las Vegas Lights FC,1.0,1.0,"Edinburg, Texas",USA,H-E-B Park,,,,USL Championship,,20230313_Rio-Grande-Valley-FC-Toros_Las-Vegas-Lights-FC,56.72064157746058,1.19,0.79,4,3,8,7,55.8,44.2,1,1,0,0,5,2
2023-03-16 01:00:00,El Paso Locomotive FC,Colorado Springs Switchbacks FC,1.0,2.0,"El Paso, Texas",USA,Southwest University Park,,,,USL Championship,,20230316_El-Paso-Locomotive-FC_Colorado-Springs-Switchbacks-FC,-26.342737323086567,1.68,1.54,6,3,16,7,47.6,52.4,1,0,0,0,5,6
2023-03-18 00:00:00,Birmingham Legion FC,FC Tulsa,3.0,2.0,"Birmingham, Alabama",USA,Protective Stadium,,,,USL Championship,,20230318_Birmingham-Legion-FC_FC-Tulsa,89.96635846756385,1.78,0.94,6,3,14,5,53.8,46.2,4,2,0,0,6,6
2023-03-18 21:00:00,Memphis 901 FC,Pittsburgh Riverhounds,1.0,3.0,"Memphis, Tennessee",USA,AutoZone Park,,,,USL Championship,,20230318_Memphis-901-FC_Pittsburgh-Riverhounds,13.162252455391808,1.23,1.23,2,4,6,9,48.4,51.6,2,0,0,1,9,8
2023-03-18 23:00:00,Miami FC,New Mexico United,0.0,1.0,"Miami, Florida",USA,Riccardo Silva Stadium,,,,USL Championship,,20230318_Miami-FC_New-Mexico-United,29.580441243257155,0.05,1.14,0,3,1,5,52.6,47.4,1,0,0,0,2,9
2023-03-19 00:00:00,Colorado Springs Switchbacks FC,Hartford Athletic,1.0,1.0,"Colorado Springs, Colorado",USA,Weidner Field,,,,USL Championship,,20230319_Colorado-Springs-Switchbacks-FC_Hartford-Athletic,116.73433629292504,0.92,0.25,5,1,10,2,54.9,45.1,5,1,0,0,5,2
2023-03-19 01:30:00,El Paso Locomotive FC,Detroit City FC,1.0,3.0,"El Paso, Texas",USA,Southwest University Park,,,,USL Championship,,20230319_El-Paso-Locomotive-FC_Detroit-City-FC,-17.988403961114045,1.08,1.43,5,4,13,10,43.1,56.9,1,0,0,0,4,3
2023-03-19 02:00:00,Monterey Bay,Louisville City FC,0.0,1.0,"Seaside, California",USA,Cardinale Stadium,,,,USL Championship,,20230319_Monterey-Bay_Louisville-City-FC,-166.27238243720421,1.48,0.35,5,2,9,4,43.1,56.9,3,1,0,0,8,4
2023-03-19 02:00:00,Orange County SC,Tampa Bay Rowdies,1.0,1.0,"Irvine, California",USA,Championship Soccer Stadium,,,,USL Championship,,20230319_Orange-County-SC_Tampa-Bay-Rowdies,-158.2408485657727,1.07,1.7,4,6,8,14,42.0,58.0,2,1,0,0,8,5
2023-03-19 02:00:00,Sacramento Republic FC,Charleston Battery,1.0,1.0,"Sacramento, California",USA,Heart Health Park,,,,USL Championship,,20230319_Sacramento-Republic-FC_Charleston-Battery,153.48782549012026,1.61,0.36,4,1,9,2,60.4,39.6,1,2,0,0,3,6
2023-03-19 20:00:00,Loudoun United FC,San Antonio FC,1.0,1.0,"Leesburg, Virginia",USA,Segra Field,,,,USL Championship,,20230319_Loudoun-United-FC_San-Antonio-FC,-332.7002204357343,0.74,1.44,2,2,5,2,43.8,56.2,3,1,1,0,2,3
2023-03-19 22:00:00,San Diego Loyal SC,Phoenix Rising FC,3.0,0.0,"San Diego, California",USA,Torero Stadium,,,,USL Championship,,20230319_San-Diego-Loyal-SC_Phoenix-Rising-FC,58.096333904576795,0.91,0.82,3,3,10,8,55.0,45.0,3,3,0,0,7,3
2023-03-20 00:00:00,Rio Grande Valley FC Toros,Oakland Roots,1.0,1.0,"Edinburg, Texas",USA,H-E-B Park,,,,USL Championship,,20230320_Rio-Grande-Valley-FC-Toros_Oakland-Roots,-8.998822595938009,0.42,0.8,1,2,3,4,45.9,54.1,1,0,0,0,6,6
2023-03-24 23:00:00,Pittsburgh Riverhounds,Miami FC,1.0,1.0,"Pittsburgh, Pennsylvania",USA,Highmark Stadium,,,,USL Championship,,20230324_Pittsburgh-Riverhounds_Miami-FC,38.06993643973874,1.37,1.29,2,4,3,10,53.4,46.6,0,1,0,0,2,3
2023-03-25 00:00:00,Rio Grande Valley FC Toros,Monterey Bay,1.0,1.0,"Edinburg, Texas",USA,H-E-B Park,,,,USL Championship,,20230325_Rio-Grande-Valley-FC-Toros_Monterey-Bay,52.98783073026971,1.5,2.2,4,7,10,13,55.1,44.9,2,2,0,0,8,7
2023-03-25 18:00:00,Hartford Athletic,Birmingham Legion FC,0.0,1.0,"Hartford, Connecticut",USA,Trinity Health Stadium,,,,USL Championship,,20230325_Hartford-Athletic_Birmingham-Legion-FC,-146.37714508118484,0.9,1.43,2,6,5,13,49.8,50.2,1,1,0,0,3,5
2023-03-25 19:00:00,Louisville City FC,El Paso Locomotive FC,0.0,3.0,"Louisville, Kentucky",USA,Lynn Family Stadium,,,,USL Championship,,20230325_Louisville-City-FC_El-Paso-Locomotive-FC,164.54245812935687,0.05,1.3,3,4,9,8,54.6,45.4,0,0,0,0,8,4
2023-03-25 20:00:00,Detroit City FC,Indy Eleven,0.0,1.0,"Hamtramck, Michigan",USA,Keyworth Stadium,,,,USL Championship,,20230325_Detroit-City-FC_Indy-Eleven,69.84021967483432,0.44,1.52,2,4,4,8,50.5,49.5,1,0,0,0,3,5
2023-03-25 23:30:00,Charleston Battery,Tampa Bay Rowdies,3.0,0.0,"Mount Pleasant, South Carolina",USA,Patriots Point,,,,USL Championship,,20230325_Charleston-Battery_Tampa-Bay-Rowdies,-242.11580973107652,1.23,0.47,5,0,11,0,50.9,49.1,3,1,1,0,8,3
2023-03-26 00:30:00,FC Tulsa,Loudoun United FC,3.0,0.0,"Tulsa, Oklahoma",USA,ONEOK Field,,,,USL Championship,,20230326_FC-Tulsa_Loudoun-United-FC,96.89144490676563,1.47,0.36,8,1,18,4,49.5,50.5,1,2,0,0,11,2
2023-03-26 00:30:00,San Antonio FC,Colorado Springs Switchbacks FC,1.0,0.0,"San Antonio, Texas",USA,Toyota Field,,,,USL Championship,,20230326_San-Antonio-FC_Colorado-Springs-Switchbacks-FC,147.5012195406964,2.41,0.47,8,0,16,1,51.9,48.1,1,2,0,0,9,2
2023-03-26 02:00:00,Orange County SC,Las Vegas Lights FC,2.0,2.0,"Irvine, California",USA,Championship Soccer Stadium,,,,USL Championship,,20230326_Orange-County-SC_Las-Vegas-Lights-FC,9.120932217853124,0.94,0.48,2,3,3,6,53.8,46.2,1,1,0,1,6,2
2023-03-26 02:00:00,Sacramento Republic FC,San Diego Loyal SC,1.0,0.0,"Sacramento, California",USA,Heart Health Park,,,,USL Championship,,20230326_Sacramento-Republic-FC_San-Diego-Loyal-SC,-27.826354021641237,1.22,0.06,6,0,11,1,55.6,44.4,4,6,0,0,3,4
2023-03-29 00:00:00,FC Tulsa,Pittsburgh Riverhounds,0.0,0.0,"Tulsa, Oklahoma",USA,ONEOK Field,,,,USL Championship,,20230329_FC-Tulsa_Pittsburgh-Riverhounds,-95.39818950244262,0.79,0.67,2,3,4,7,45.1,54.9,2,5,0,0,3,3
2023-04-01 01:00:00,FC Tulsa,El Paso Locomotive FC,2.0,2.0,"Tulsa, Oklahoma",USA,ONEOK Field,,,,USL Championship,,20230401_FC-Tulsa_El-Paso-Locomotive-FC,-19.7926667034842,1.51,0.92,4,2,8,4,50.5,49.5,2,1,0,0,3,4
2023-04-01 18:00:00,Hartford Athletic,Orange County SC,1.0,1.0,"Hartford, Connecticut",USA,Trinity Health Stadium,,,,USL Championship,,20230401_Hartford-Athletic_Orange-County-SC,-53.76402135053081,0.52,0.55,2,1,5,3,44.5,55.5,2,0,0,0,3,4
2023-04-01 20:00:00,Loudoun United FC,Colorado Springs Switchbacks FC,0.0,1.0,"Leesburg, Virginia",USA,Segra Field,,,,USL Championship,,20230401_Loudoun-United-FC_Colorado-Springs-Switchbacks-FC,-168.90885295955718,0.53,0.97,2,3,4,8,37.5,62.5,2,2,1,0,6,0
2023-04-01 23:00:00,Detroit City FC,Rio Grande Valley FC Toros,0.0,1.0,"Hamtramck, Michigan",USA,Keyworth Stadium,,,,USL Championship,,20230401_Detroit-City-FC_Rio-Grande-Valley-FC-Toros,-9.757485006903153,0.34,0.78,2,3,5,6,49.4,50.6,1,1,0,0,7,5
2023-04-01 23:00:00,Indy Eleven,Las Vegas Lights FC,0.0,0.0,"Indianapolis, Indiana",USA,Michael A. Carroll Stadium,,,,USL Championship,,20230401_Indy-Eleven_Las-Vegas-Lights-FC,0.17940895933566026,0.45,0.9,2,1,6,2,54.0,46.0,0,3,0,0,8,2
2023-04-01 23:00:00,Miami FC,Memphis 901 FC,1.0,1.0,"Miami, Florida",USA,Riccardo Silva Stadium,,,,USL Championship,,20230401_Miami-FC_Memphis-901-FC,-25.01375564851719,0.98,1.46,5,5,13,11,44.9,55.1,3,1,0,0,6,3
2023-04-01 23:30:00,Tampa Bay Rowdies,Birmingham Legion FC,0.0,2.0,"St. Petersburg, Florida",USA,Al Lang Stadium,,,,USL Championship,,20230401_Tampa-Bay-Rowdies_Birmingham-Legion-FC,22.03401481079868,1.37,1.75,6,6,15,10,54.8,45.2,0,0,0,0,11,8
2023-04-02 02:00:00,Monterey Bay,San Antonio FC,1.0,2.0,"Seaside, California",USA,Cardinale Stadium,,,,USL Championship,,20230402_Monterey-Bay_San-Antonio-FC,-223.94279704712426,0.86,1.2,2,5,3,12,43.7,56.3,0,4,0,0,5,5
2023-04-02 02:00:00,Oakland Roots,New Mexico United,1.0,0.0,"Hayward, California",USA,Pioneer Stadium,,,,USL Championship,,20230402_Oakland-Roots_New-Mexico-United,-3.0642185275708016,1.01,1.23,4,4,9,10,46.4,53.6,1,1,0,0,3,4
2023-04-02 02:00:00,Sacramento Republic FC,Louisville City FC,5.0,0.0,"Sacramento, California",USA,Heart Health Park,,,,USL Championship,,20230402_Sacramento-Republic-FC_Louisville-City-FC,-90.95954961699158,2.11,0.63,6,0,12,0,56.6,43.4,4,1,0,0,10,2
2023-04-02 02:30:00,Phoenix Rising FC,San Diego Loyal SC,2.0,2.0,"Phoenix, Arizona",USA,Phoenix Rising Stadium at 38th St/Washington,,,,USL Championship,,20230402_Phoenix-Rising-FC_San-Diego-Loyal-SC,-65.16113276376336,1.29,0.05,5,2,12,5,44.1,55.9,0,3,0,1,9,5
2023-04-08 19:00:00,Louisville City FC,Detroit City FC,1.0,0.0,"Louisville, Kentucky",USA,Lynn Family Stadium,,,,USL Championship,,20230408_Louisville-City-FC_Detroit-City-FC,117.47391223586692,0.68,0.71,4,2,9,3,57.8,42.2,0,3,0,1,4,5
2023-04-08 21:00:00,San Diego Loyal SC,FC Tulsa,2.0,1.0,"San Diego, California",USA,Torero Stadium,,,,USL Championship,,20230408_San-Diego-Loyal-SC_FC-Tulsa,57.79009820671672,1.4,0.64,4,2,8,3,50.8,49.2,1,1,0,0,5,5
2023-04-08 23:00:00,Indy Eleven,Oakland Roots,0.0,3.0,"Indianapolis, Indiana",USA,Michael A. Carroll Stadium,,,,USL Championship,,20230408_Indy-Eleven_Oakland-Roots,-73.14270973567227,1.06,0.99,3,3,6,7,53.1,46.9,2,1,0,0,4,5
2023-04-08 23:30:00,Charleston Battery,Hartford Athletic,3.0,2.0,"Mount Pleasant, South Carolina",USA,Patriots Point,,,,USL Championship,,20230408_Charleston-Battery_Hartford-Athletic,-22.642676936749922,1.96,0.05,7,3,16,8,45.3,54.7,3,2,0,0,5,4
2023-04-08 23:30:00,Tampa Bay Rowdies,Miami FC,2.0,0.0,"St. Petersburg, Florida",USA,Al Lang Stadium,,,,USL Championship,,20230408_Tampa-Bay-Rowdies_Miami-FC,54.8369707434199,0.93,0.05,2,0,3,0,48.0,52.0,1,1,0,0,4,2
2023-04-09 00:00:00,Colorado Springs Switchbacks FC,Pittsburgh Riverhounds,1.0,0.0,"Colorado Springs, Colorado",USA,Weidner Field,,,,USL Championship,,20230409_Colorado-Springs-Switchbacks-FC_Pittsburgh-Riverhounds,-31.055427863020668,0.75,0.05,1,0,2,2,46.7,53.3,2,1,1,0,1,4
2023-04-09 00:30:00,San Antonio FC,Sacramento Republic FC,0.0,0.0,"San Antonio, Texas",USA,Toyota Field,,,,USL Championship,,20230409_San-Antonio-FC_Sacramento-Republic-FC,144.53382818383307,1.08,1.25,3,6,6,14,58.3,41.7,1,3,1,0,4,3
2023-04-09 01:30:00,El Paso Locomotive FC,Orange County SC,1.0,0.0,"El Paso, Texas",USA,Southwest University Park,,,,USL Championship,,20230409_El-Paso-Locomotive-FC_Orange-County-SC,24.85400614280252,1.88,1.0,8,4,19,10,49.8,50.2,3,3,0,0,12,9
2023-04-09 02:00:00,Monterey Bay,New Mexico United,4.0,2.0,"Seaside, California",USA,Cardinale Stadium,,,,USL Championship,,20230409_Monterey-Bay_New-Mexico-United,-55.691536163950104,0.48,0.68,4,2,8,2,44.2,55.8,1,4,0,0,1,6
2023-04-09 21:30:00,Birmingham Legion FC,Phoenix Rising FC,1.0,2.0,"Birmingham, Alabama",USA,Protective Stadium,,,,USL Championship,,20230409_Birmingham-Legion-FC_Phoenix-Rising-FC,118.15746169769977,0.87,0.15,3,2,6,6,59.2,40.8,2,1,0,0,4,8
2023-04-12 23:30:00,Tampa Bay Rowdies,Charleston Battery,1.0,2.0,"St. Petersburg, Florida",USA,Al Lang Stadium,,,,USL Championship,,20230412_Tampa-Bay-Rowdies_Charleston-Battery,188.23944260360122,0.73,0.76,3,3,6,7,62.3,37.7,3,0,0,0,5,3
2023-04-15 22:00:00,FC Tulsa,Charleston Battery,1.0,2.0,"Tulsa, Oklahoma",USA,ONEOK Field,,,,USL Championship,,20230415_FC-Tulsa_Charleston-Battery,38.41395252121697,0.69,0.57,2,2,1,2,47.1,52.9,1,1,0,0,4,3
2023-04-15 22:00:00,Loudoun United FC,Birmingham Legion FC,3.0,0.0,"Leesburg, Virginia",USA,Segra Field,,,,USL Championship,,20230415_Loudoun-United-FC_Birmingham-Legion-FC,-224.15510101807126,1.24,0.64,4,3,9,6,43.0,57.0,2,1,0,0,4,7
2023-04-15 23:00:00,Miami FC,Detroit City FC,0.0,0.0,"Miami, Florida",USA,Riccardo Silva Stadium,,,,USL Championship,,20230415_Miami-FC_Detroit-City-FC,38.361212966502535,1.34,0.27,5,0,10,0,50.3,49.7,1,3,0,0,7,4
2023-04-15 23:00:00,Pittsburgh Riverhounds,Rio Grande Valley FC Toros,2.0,0.0,"Pittsburgh, Pennsylvania",USA,Highmark Stadium,,,,USL Championship,,20230415_Pittsburgh-Riverhounds_Rio-Grande-Valley-FC-Toros,25.612543216977883,1.31,0.21,5,0,11,0,49.4,50.6,0,3,0,0,2,4
2023-04-15 23:30:00,Louisville City FC,San Antonio FC,1.0,0.0,"Louisville, Kentucky",USA,Lynn Family Stadium,,,,USL Championship,,20230415_Louisville-City-FC_San-Antonio-FC,-70.90468089082879,1.17,0.16,2,0,3,0,39.7,60.3,2,1,0,0,2,1
2023-04-16 00:00:00,Memphis 901 FC,Las Vegas Lights FC,2.0,2.0,"Memphis, Tennessee",USA,AutoZone Park,,,,USL Championship,,20230416_Memphis-901-FC_Las-Vegas-Lights-FC,93.27108468714027,1.07,0.91,2,2,5,2,50.9,49.1,4,1,0,0,7,2
2023-04-16 01:00:00,New Mexico United,San Diego Loyal SC,1.0,1.0,"Albuquerque, New Mexico",USA,Rio Grande Credit Union Field at Isotopes Park,,,,USL Championship,,20230416_New-Mexico-United_San-Diego-Loyal-SC,-42.62689312766361,1.34,0.93,4,2,9,5,48.7,51.3,3,0,0,0,3,2
2023-04-16 02:00:00,Oakland Roots,Hartford Athletic,1.0,2.0,"Hayward, California",USA,Pioneer Stadium,,,,USL Championship,,20230416_Oakland-Roots_Hartford-Athletic,139.03801244350507,1.46,1.78,3,6,6,13,53.3,46.7,0,1,0,0,5,7
2023-04-16 02:00:00,Orange County SC,Indy Eleven,1.0,0.0,"Irvine, California",USA,Championship Soccer Stadium,,,,USL Championship,,20230416_Orange-County-SC_Indy-Eleven,4.842927665799607,0.46,0.72,1,2,3,6,48.6,51.4,2,3,0,0,2,3
2023-04-16 02:30:00,Phoenix Rising FC,Monterey Bay,1.0,1.0,"Phoenix, Arizona",USA,Phoenix Rising Stadium at 38th St/Washington,,,,USL Championship,,20230416_Phoenix-Rising-FC_Monterey-Bay,15.700430143964695,0.61,0.7,3,3,6,8,57.2,42.8,3,2,0,0,5,6
2023-04-16 03:00:00,Sacramento Republic FC,Colorado Springs Switchbacks FC,4.0,0.0,"Sacramento, California",USA,Heart Health Park,,,,USL Championship,,20230416_Sacramento-Republic-FC_Colorado-Springs-Switchbacks-FC,7.600291874044615,2.09,1.05,8,4,18,11,53.7,46.3,1,2,0,0,10,7
2023-04-22 23:00:00,Indy Eleven,Monterey Bay,2.0,3.0,"Indianapolis, Indiana",USA,Michael A. Carroll Stadium,,,,USL Championship,,20230422_Indy-Eleven_Monterey-Bay,-32.09599769281499,0.81,0.62,2,3,5,10,47.3,52.7,1,2,0,0,5,2
2023-04-22 23:30:00,Charleston Battery,Louisville City FC,0.0,0.0,"Mount Pleasant, South Carolina",USA,Patriots Point,,,,USL Championship,,20230422_Charleston-Battery_Louisville-City-FC,-191.61490825289343,0.8,1.31,3,4,6,9,39.7,60.3,3,2,0,0,5,3
2023-04-23 00:00:00,Colorado Springs Switchbacks FC,New Mexico United,2.0,1.0,"Colorado Springs, Colorado",USA,Weidner Field,,,,USL Championship,,20230423_Colorado-Springs-Switchbacks-FC_New-Mexico-United,31.912658475311673,1.18,0.97,4,4,10,10,55.6,44.4,3,0,0,1,7,8
2023-04-23 00:30:00,San Antonio FC,Phoenix Rising FC,1.0,1.0,"San Antonio, Texas",USA,Toyota Field,,,,USL Championship,,20230423_San-Antonio-FC_Phoenix-Rising-FC,186.10695923127082,0.05,0.84,1,2,1,5,55.9,44.1,1,5,0,0,2,4
2023-04-23 01:19:00,Rio Grande Valley FC Toros,Memphis 901 FC,0.0,3.0,"Edinburg, Texas",USA,H-E-B Park,,,,USL Championship,,20230423_Rio-Grande-Valley-FC-Toros_Memphis-901-FC,-38.56825994448741,0.78,1.74,3,5,6,11,48.2,51.8,2,2,0,0,7,5
2023-04-23 01:30:00,El Paso Locomotive FC,Pittsburgh Riverhounds,2.0,0.0,"El Paso, Texas",USA,Southwest University Park,,,,USL Championship,,20230423_El-Paso-Locomotive-FC_Pittsburgh-Riverhounds,-56.763458947888466,1.12,1.05,4,2,8,4,47.8,52.2,1,0,0,0,9,2
2023-04-23 02:00:00,Orange County SC,Birmingham Legion FC,1.0,2.0,"Irvine, California",USA,Championship Soccer Stadium,,,,USL Championship,,20230423_Orange-County-SC_Birmingham-Legion-FC,-86.22138922331123,1.26,1.13,2,4,3,9,39.8,60.2,0,0,0,0,6,7
2023-04-23 02:00:00,Sacramento Republic FC,Detroit City FC,1.0,0.0,"Sacramento, California",USA,Heart Health Park,,,,USL Championship,,20230423_Sacramento-Republic-FC_Detroit-City-FC,79.88898526358571,1.14,0.74,3,3,7,5,60.5,39.5,3,4,0,0,7,2
2023-04-23 20:00:00,Loudoun United FC,Oakland Roots,2.0,0.0,"Leesburg, Virginia",USA,Segra Field,,,,USL Championship,,20230423_Loudoun-United-FC_Oakland-Roots,-159.21847068520583,1.25,0.97,3,2,6,3,46.8,53.2,1,2,0,0,2,3
2023-04-23 20:00:00,Miami FC,Las Vegas Lights FC,4.0,1.0,"Miami, Florida",USA,Riccardo Silva Stadium,,,,USL Championship,,20230423_Miami-FC_Las-Vegas-Lights-FC,55.39482905216755,2.51,1.39,6,4,13,8,51.0,49.0,2,3,0,0,9,3
2023-04-23 22:00:00,San Diego Loyal SC,Tampa Bay Rowdies,1.0,0.0,"San Diego, California",USA,Torero Stadium,,,,USL Championship,,20230423_San-Diego-Loyal-SC_Tampa-Bay-Rowdies,-37.59159318326965,1.09,1.04,4,3,9,6,46.7,53.3,1,2,0,0,10,2
2023-04-29 20:00:00,Detroit City FC,Tampa Bay Rowdies,0.0,1.0,"Hamtramck, Michigan",USA,Keyworth Stadium,,,,USL Championship,,20230429_Detroit-City-FC_Tampa-Bay-Rowdies,-90.18460170605317,0.64,1.28,2,4,5,9,44.9,55.1,2,2,0,0,3,3
2023-04-29 22:00:00,FC Tulsa,Sacramento Republic FC,1.0,1.0,"Tulsa, Oklahoma",USA,ONEOK Field,,,,USL Championship,,20230429_FC-Tulsa_Sacramento-Republic-FC,-122.2703263922474,0.95,1.17,2,3,5,5,42.4,57.6,3,5,0,1,6,2
2023-04-29 23:00:00,Indy Eleven,Pittsburgh Riverhounds,1.0,1.0,"Indianapolis, Indiana",USA,Michael A. Carroll Stadium,,,,USL Championship,,20230429_Indy-Eleven_Pittsburgh-Riverhounds,-117.5305089553924,1.22,0.36,5,2,12,4,45.0,55.0,1,1,0,0,5,4
2023-04-29 23:30:00,Charleston Battery,Colorado Springs Switchbacks FC,1.0,2.0,"Mount Pleasant, South Carolina",USA,Patriots Point,,,,USL Championship,,20230429_Charleston-Battery_Colorado-Springs-Switchbacks-FC,-98.55881054735596,0.47,1.18,2,4,4,8,42.4,57.6,4,4,0,0,5,3
2023-04-30 00:00:00,Memphis 901 FC,Louisville City FC,1.0,1.0,"Memphis, Tennessee",USA,AutoZone Park,,,,USL Championship,,20230430_Memphis-901-FC_Louisville-City-FC,-62.75178552612374,0.57,0.86,2,2,5,2,45.8,54.2,1,4,0,0,4,1
2023-04-30 00:30:00,San Antonio FC,Las Vegas Lights FC,1.0,1.0,"San Antonio, Texas",USA,Toyota Field,,,,USL Championship,,20230430_San-Antonio-FC_Las-Vegas-Lights-FC,212.7236330814635,0.05,2.48,1,8,4,15,56.2,43.8,1,1,0,0,3,5
2023-04-30 01:00:00,New Mexico United,Orange County SC,3.0,1.0,"Albuquerque, New Mexico",USA,Rio Grande Credit Union Field at Isotopes Park,,,,USL Championship,,20230430_New-Mexico-United_Orange-County-SC,30.56855125730658,1.39,0.85,4,3,9,6,47.4,52.6,0,0,0,0,3,4
2023-04-30 02:00:00,Monterey Bay,Rio Grande Valley FC Toros,0.0,0.0,"Seaside, California",USA,Cardinale Stadium,,,,USL Championship,,20230430_Monterey-Bay_Rio-Grande-Valley-FC-Toros,-19.06878565177567,0.05,0.36,0,0,0,0,39.7,60.3,3,2,0,0,1,1
2023-04-30 02:00:00,Oakland Roots,Miami FC,0.0,0.0,"Hayward, California",USA,Pioneer Stadium,,,,USL Championship,,20230430_Oakland-Roots_Miami-FC,-19.52904660641684,2.17,1.3,8,5,19,10,49.4,50.6,2,3,0,0,8,2
2023-04-30 02:00:00,San Diego Loyal SC,El Paso Locomotive FC,1.0,2.0,"San Diego, California",USA,Torero Stadium,,,,USL Championship,,20230430_San-Diego-Loyal-SC_El-Paso-Locomotive-FC,36.127462256308945,1.0,1.43,2,5,6,10,51.6,48.4,2,0,0,0,2,1
2023-04-30 02:30:00,Phoenix Rising FC,Loudoun United FC,3.0,1.0,"Phoenix, Arizona",USA,Phoenix Rising Stadium at 38th St/Washington,,,,USL Championship,,20230430_Phoenix-Rising-FC_Loudoun-United-FC,107.22837126593868,2.02,0.86,5,2,9,6,52.5,47.5,0,2,0,0,4,4
2023-04-30 21:00:00,Birmingham Legion FC,Hartford Athletic,3.0,2.0,"Birmingham, Alabama",USA,Protective Stadium,,,,USL Championship,,20230430_Birmingham-Legion-FC_Hartford-Athletic,142.29195047472194,1.83,1.02,7,3,14,6,53.6,46.4,0,2,0,0,7,5
2023-05-03 23:00:00,Miami FC,Birmingham Legion FC,3.0,1.0,"Miami, Florida",USA,Riccardo Silva Stadium,,,,USL Championship,,20230503_Miami-FC_Birmingham-Legion-FC,-42.00821257558778,0.82,1.13,3,4,7,9,44.9,55.1,0,1,0,0,4,2
2023-05-06 00:00:00,Rio Grande Valley FC Toros,New Mexico United,2.0,2.0,"Edinburg, Texas",USA,H-E-B Park,,,,USL Championship,,20230506_Rio-Grande-Valley-FC-Toros_New-Mexico-United,0.45922228101812834,0.2,1.47,2,5,4,10,43.0,57.0,1,1,0,0,5,3
2023-05-06 01:00:00,Colorado Springs Switchbacks FC,El Paso Locomotive FC,2.0,3.0,"Colorado Springs, Colorado",USA,Weidner Field,,,,USL Championship,,20230506_Colorado-Springs-Switchbacks-FC_El-Paso-Locomotive-FC,21.391686678489577,0.38,1.77,2,6,6,15,46.6,53.4,0,2,0,0,3,2
2023-05-06 02:00:00,Monterey Bay,Pittsburgh Riverhounds,2.0,2.0,"Seaside, California",USA,Cardinale Stadium,,,,USL Championship,,20230506_Monterey-Bay_Pittsburgh-Riverhounds,-59.07609492372467,1.27,0.72,4,2,10,4,48.3,51.7,1,0,1,0,4,2
2023-05-06 02:30:00,Las Vegas Lights FC,Charleston Battery,0.0,1.0,"Las Vegas, Nevada",USA,Cashman Field,,,,USL Championship,,20230506_Las-Vegas-Lights-FC_Charleston-Battery,24.301769898291013,0.94,1.64,2,6,5,14,62.1,37.9,0,2,0,0,5,7
2023-05-06 23:00:00,Hartford Athletic,Memphis 901 FC,0.0,2.0,"Hartford, Connecticut",USA,Trinity Health Stadium,,,,USL Championship,,20230506_Hartford-Athletic_Memphis-901-FC,-149.94181278366113,0.19,1.96,0,7,1,17,39.7,60.3,1,1,0,1,2,9
2023-05-06 23:00:00,Loudoun United FC,Indy Eleven,1.0,2.0,"Leesburg, Virginia",USA,Segra Field,,,,USL Championship,,20230506_Loudoun-United-FC_Indy-Eleven,-56.06585832250562,1.6,1.26,6,5,13,11,48.7,51.3,2,2,0,0,6,4
2023-05-06 23:30:00,Birmingham Legion FC,Oakland Roots,1.0,4.0,"Birmingham, Alabama",USA,Protective Stadium,,,,USL Championship,,20230506_Birmingham-Legion-FC_Oakland-Roots,46.745776334532366,0.79,0.78,3,4,5,7,55.9,44.1,2,1,0,0,3,2
2023-05-06 23:30:00,Detroit City FC,FC Tulsa,1.0,1.0,"Hamtramck, Michigan",USA,Keyworth Stadium,,,,USL Championship,,20230506_Detroit-City-FC_FC-Tulsa,10.79442494588261,1.52,1.94,7,4,15,8,53.4,46.6,1,4,0,0,5,5
2023-05-06 23:30:00,Tampa Bay Rowdies,Phoenix Rising FC,2.0,0.0,"St. Petersburg, Florida",USA,Al Lang Stadium,,,,USL Championship,,20230506_Tampa-Bay-Rowdies_Phoenix-Rising-FC,72.84599261282779,1.27,0.99,5,4,10,11,48.0,52.0,3,2,0,0,12,7
2023-05-07 02:00:00,Orange County SC,San Diego Loyal SC,1.0,2.0,"Irvine, California",USA,Championship Soccer Stadium,,,,USL Championship,,20230507_Orange-County-SC_San-Diego-Loyal-SC,-92.16335420439282,0.89,0.5,4,2,9,5,42.9,57.1,3,2,0,0,4,2
2023-05-07 22:00:00,Las Vegas Lights FC,San Antonio FC,1.0,2.0,"Las Vegas, Nevada",USA,Cashman Field,,,,USL Championship,,20230507_Las-Vegas-Lights-FC_San-Antonio-FC,-212.4643039666496,1.26,1.1,6,5,11,10,45.5,54.5,1,1,0,0,8,5
2023-05-13 23:00:00,Louisville City FC,Miami FC,3.0,1.0,"Louisville, Kentucky",USA,Lynn Family Stadium,,,,USL Championship,,20230513_Louisville-City-FC_Miami-FC,79.99192110498552,1.35,0.69,4,2,7,2,52.9,47.1,1,2,0,1,3,2
2023-05-13 23:00:00,Pittsburgh Riverhounds,Birmingham Legion FC,2.0,1.0,"Pittsburgh, Pennsylvania",USA,Highmark Stadium,,,,USL Championship,,20230513_Pittsburgh-Riverhounds_Birmingham-Legion-FC,-3.401999829901115,1.92,0.75,7,1,13,2,51.0,49.0,0,1,0,0,6,4
2023-05-13 23:30:00,Charleston Battery,San Antonio FC,0.0,7.0,"Mount Pleasant, South Carolina",USA,Patriots Point,,,,USL Championship,,20230513_Charleston-Battery_San-Antonio-FC,-216.5477332146654,1.44,1.89,8,7,19,15,43.0,57.0,1,1,0,0,10,11
2023-05-13 23:30:00,Tampa Bay Rowdies,Detroit City FC,5.0,1.0,"St. Petersburg, Florida",USA,Al Lang Stadium,,,,USL Championship,,20230513_Tampa-Bay-Rowdies_Detroit-City-FC,117.98404064439501,2.06,2.01,6,7,11,14,64.4,35.6,0,1,0,1,7,3
2023-05-14 00:00:00,Memphis 901 FC,Colorado Springs Switchbacks FC,2.0,1.0,"Memphis, Tennessee",USA,AutoZone Park,,,,USL Championship,,20230514_Memphis-901-FC_Colorado-Springs-Switchbacks-FC,31.582739484106924,1.96,0.59,8,2,19,4,52.8,47.2,2,0,0,0,10,7
2023-05-14 01:00:00,New Mexico United,Monterey Bay,2.0,1.0,"Albuquerque, New Mexico",USA,Rio Grande Credit Union Field at Isotopes Park,,,,USL Championship,,20230514_New-Mexico-United_Monterey-Bay,15.28854353588531,1.7,0.83,6,1,13,1,50.6,49.4,2,4,0,0,5,2
2023-05-14 01:30:00,El Paso Locomotive FC,Loudoun United FC,1.0,0.0,"El Paso, Texas",USA,Southwest University Park,,,,USL Championship,,20230514_El-Paso-Locomotive-FC_Loudoun-United-FC,176.86959820792003,0.37,0.52,2,2,5,5,58.2,41.8,1,1,1,0,3,2
2023-05-14 02:00:00,Sacramento Republic FC,Indy Eleven,3.0,1.0,"Sacramento, California",USA,Heart Health Park,,,,USL Championship,,20230514_Sacramento-Republic-FC_Indy-Eleven,126.0186784947523,1.09,2.47,3,8,5,17,52.3,47.7,0,4,0,0,3,13
2023-05-14 02:00:00,San Diego Loyal SC,Rio Grande Valley FC Toros,2.0,3.0,"San Diego, California",USA,Torero Stadium,,,,USL Championship,,20230514_San-Diego-Loyal-SC_Rio-Grande-Valley-FC-Toros,48.1470217566698,0.55,0.91,2,4,5,9,52.8,47.2,0,2,0,0,3,4
2023-05-14 02:30:00,Las Vegas Lights FC,FC Tulsa,1.0,1.0,"Las Vegas, Nevada",USA,Cashman Field,,,,USL Championship,,20230514_Las-Vegas-Lights-FC_FC-Tulsa,-12.859211692835288,1.57,0.85,5,2,10,4,55.0,45.0,2,6,0,0,5,3
2023-05-14 02:30:00,Phoenix Rising FC,Hartford Athletic,3.0,1.0,"Phoenix, Arizona",USA,Phoenix Rising Stadium at 38th St/Washington,,,,USL Championship,,20230514_Phoenix-Rising-FC_Hartford-Athletic,84.42230082202968,0.85,0.76,3,2,4,6,51.1,48.9,0,2,0,1,3,3
2023-05-14 03:00:00,Oakland Roots,Orange County SC,3.0,0.0,"Hayward, California",USA,Pioneer Stadium,,,,USL Championship,,20230514_Oakland-Roots_Orange-County-SC,84.97921513712708,1.25,0.69,3,2,7,6,47.4,52.6,0,1,0,0,5,1
2023-05-17 23:00:00,Loudoun United FC,New Mexico United,1.0,3.0,"Leesburg, Virginia",USA,Segra Field,,,,USL Championship,,20230517_Loudoun-United-FC_New-Mexico-United,-151.9290328127454,0.6,0.88,1,3,0,7,40.5,59.5,1,2,0,1,1,3
2023-05-18 02:00:00,Orange County SC,Sacramento Republic FC,1.0,0.0,"Irvine, California",USA,Championship Soccer Stadium,,,,USL Championship,,20230518_Orange-County-SC_Sacramento-Republic-FC,-146.4760599083711,1.25,0.74,3,2,8,4,42.7,57.3,0,4,1,0,7,2
2023-05-20 01:00:00,FC Tulsa,Memphis 901 FC,1.0,2.0,"Tulsa, Oklahoma",USA,ONEOK Field,,,,USL Championship,,20230520_FC-Tulsa_Memphis-901-FC,-127.26311107232868,0.91,1.32,3,3,6,5,47.8,52.2,1,4,0,0,8,4
2023-05-20 21:00:00,Charleston Battery,Monterey Bay,1.0,0.0,"Mount Pleasant, South Carolina",USA,Patriots Point,,,,USL Championship,,20230520_Charleston-Battery_Monterey-Bay,-30.251892929544283,0.59,0.89,2,3,5,9,50.5,49.5,0,0,0,0,3,7
2023-05-20 23:00:00,Hartford Athletic,Loudoun United FC,2.0,0.0,"Hartford, Connecticut",USA,Trinity Health Stadium,,,,USL Championship,,20230520_Hartford-Athletic_Loudoun-United-FC,44.47792150324108,1.16,0.89,4,4,8,9,53.8,46.2,1,4,0,0,7,2
2023-05-20 23:00:00,Indy Eleven,Colorado Springs Switchbacks FC,1.0,0.0,"Indianapolis, Indiana",USA,Michael A. Carroll Stadium,,,,USL Championship,,20230520_Indy-Eleven_Colorado-Springs-Switchbacks-FC,-93.47586591550521,0.66,0.05,1,0,4,2,45.9,54.1,4,2,1,0,3,1
2023-05-20 23:00:00,Miami FC,San Diego Loyal SC,2.0,3.0,"Miami, Florida",USA,Riccardo Silva Stadium,,,,USL Championship,,20230520_Miami-FC_San-Diego-Loyal-SC,-2.5751070848593827,2.36,0.69,8,3,19,8,47.0,53.0,2,4,0,0,5,2
2023-05-20 23:00:00,Pittsburgh Riverhounds,Las Vegas Lights FC,4.0,1.0,"Pittsburgh, Pennsylvania",USA,Highmark Stadium,,,,USL Championship,,20230520_Pittsburgh-Riverhounds_Las-Vegas-Lights-FC,109.90456960414622,2.22,1.34,6,5,12,11,51.0,49.0,1,4,0,0,6,6
2023-05-20 23:30:00,Birmingham Legion FC,El Paso Locomotive FC,1.0,2.0,"Birmingham, Alabama",USA,Protective Stadium,,,,USL Championship,,20230520_Birmingham-Legion-FC_El-Paso-Locomotive-FC,-18.121440949718135,0.05,1.64,1,5,2,10,48.3,51.7,3,3,0,0,3,7
2023-05-20 23:30:00,Detroit City FC,San Antonio FC,1.0,0.0,"Hamtramck, Michigan",USA,Keyworth Stadium,,,,USL Championship,,20230520_Detroit-City-FC_San-Antonio-FC,-213.90521594440338,0.89,0.76,2,3,3,5,37.5,62.5,2,5,0,0,4,3
2023-05-21 00:30:00,Rio Grande Valley FC Toros,Tampa Bay Rowdies,0.0,3.0,"Edinburg, Texas",USA,H-E-B Park,,,,USL Championship,,20230521_Rio-Grande-Valley-FC-Toros_Tampa-Bay-Rowdies,-76.4016894406252,1.18,1.84,5,5,14,11,47.7,52.3,1,1,0,1,4,3
2023-05-21 02:00:00,Orange County SC,Phoenix Rising FC,0.0,1.0,"Irvine, California",USA,Championship Soccer Stadium,,,,USL Championship,,20230521_Orange-County-SC_Phoenix-Rising-FC,-53.37112807486892,1.33,1.54,3,5,7,12,44.7,55.3,3,0,0,0,7,4
2023-05-21 02:00:00,Sacramento Republic FC,Oakland Roots,3.0,1.0,"Sacramento, California",USA,Heart Health Park,,,,USL Championship,,20230521_Sacramento-Republic-FC_Oakland-Roots,26.47342783889144,1.1,1.17,3,5,8,12,44.4,55.6,0,0,0,0,5,6
2023-05-24 23:30:00,Louisville City FC,FC Tulsa,1.0,2.0,"Louisville, Kentucky",USA,Lynn Family Stadium,,,,USL Championship,,20230524_Louisville-City-FC_FC-Tulsa,184.77012680589837,0.88,1.02,3,3,8,6,60.0,40.0,5,3,1,0,7,1
2023-05-26 23:30:00,Hartford Athletic,Sacramento Republic FC,1.0,4.0,"Hartford, Connecticut",USA,Trinity Health Stadium,,,,USL Championship,,20230526_Hartford-Athletic_Sacramento-Republic-FC,-162.86445530259584,1.1,1.71,2,6,3,14,41.1,58.9,1,2,0,0,3,7
2023-05-27 02:30:00,Phoenix Rising FC,Las Vegas Lights FC,0.0,1.0,"Phoenix, Arizona",USA,Phoenix Rising Stadium at 38th St/Washington,,,,USL Championship,,20230527_Phoenix-Rising-FC_Las-Vegas-Lights-FC,76.1988784492587,1.39,0.43,2,1,3,2,55.6,44.4,1,1,0,0,8,0
2023-05-27 20:00:00,Detroit City FC,Birmingham Legion FC,1.0,0.0,"Hamtramck, Michigan",USA,Keyworth Stadium,,,,USL Championship,,20230527_Detroit-City-FC_Birmingham-Legion-FC,-44.73006761121792,1.36,1.37,4,5,10,11,56.3,43.7,1,2,0,0,5,3
2023-05-27 23:00:00,Indy Eleven,Louisville City FC,0.0,1.0,"Indianapolis, Indiana",USA,Michael A. Carroll Stadium,,,,USL Championship,,20230527_Indy-Eleven_Louisville-City-FC,-163.60488287736302,1.28,0.05,4,1,10,3,47.9,52.1,3,0,0,0,5,2
2023-05-27 23:00:00,Miami FC,Orange County SC,0.0,0.0,"Miami, Florida",USA,Riccardo Silva Stadium,,,,USL Championship,,20230527_Miami-FC_Orange-County-SC,84.31745927718043,0.58,0.37,3,2,5,5,51.7,48.3,1,2,0,0,3,3
2023-05-27 23:30:00,Tampa Bay Rowdies,Colorado Springs Switchbacks FC,2.0,1.0,"St. Petersburg, Florida",USA,Al Lang Stadium,,,,USL Championship,,20230527_Tampa-Bay-Rowdies_Colorado-Springs-Switchbacks-FC,87.25140585944018,1.29,0.78,2,1,3,5,57.4,42.6,2,1,0,0,1,4
2023-05-28 00:00:00,Rio Grande Valley FC Toros,Charleston Battery,0.0,2.0,"Edinburg, Texas",USA,H-E-B Park,,,,USL Championship,,20230528_Rio-Grande-Valley-FC-Toros_Charleston-Battery,48.647467219599775,0.66,0.8,1,3,2,7,58.9,41.1,3,2,0,0,1,5
2023-05-28 00:30:00,San Antonio FC,New Mexico United,2.0,1.0,"San Antonio, Texas",USA,Toyota Field,,,,USL Championship,,20230528_San-Antonio-FC_New-Mexico-United,133.14047467330056,1.91,0.83,5,3,13,7,55.1,44.9,1,3,0,1,8,4
2023-05-28 02:00:00,Oakland Roots,San Diego Loyal SC,2.0,0.0,"Hayward, California",USA,Pioneer Stadium,,,,USL Championship,,20230528_Oakland-Roots_San-Diego-Loyal-SC,-25.186968534715106,1.58,0.05,4,1,9,2,45.9,54.1,2,1,0,0,4,2
2023-05-28 22:00:00,Loudoun United FC,Pittsburgh Riverhounds,0.0,1.0,"Leesburg, Virginia",USA,Segra Field,,,,USL Championship,,20230528_Loudoun-United-FC_Pittsburgh-Riverhounds,-218.1810175289079,0.11,0.94,1,4,4,9,45.7,54.3,2,5,0,0,5,8
2023-06-01 02:00:00,Monterey Bay,FC Tulsa,0.0,0.0,"Seaside, California",USA,Cardinale Stadium,,,,USL Championship,,20230601_Monterey-Bay_FC-Tulsa,-3.7830355279663763,0.16,0.5,0,2,0,2,48.5,51.5,2,2,1,0,2,0
2023-06-02 23:30:00,Charleston Battery,Indy Eleven,0.0,4.0,"Mount Pleasant, South Carolina",USA,Patriots Point,,,,USL Championship,,20230602_Charleston-Battery_Indy-Eleven,26.968918637739307,0.14,2.27,1,7,2,17,47.5,52.5,3,1,0,0,1,8
2023-06-03 01:00:00,Colorado Springs Switchbacks FC,Oakland Roots,0.0,1.0,"Colorado Springs, Colorado",USA,Weidner Field,,,,USL Championship,,20230603_Colorado-Springs-Switchbacks-FC_Oakland-Roots,-30.929814683739323,0.87,1.0,3,4,6,10,56.6,43.4,2,2,0,0,0,2
2023-06-03 23:00:00,Hartford Athletic,Louisville City FC,0.0,0.0,"Hartford, Connecticut",USA,Trinity Health Stadium,,,,USL Championship,,20230603_Hartford-Athletic_Louisville-City-FC,-219.12430638735736,0.75,0.86,3,3,6,7,39.7,60.3,0,1,0,0,5,3
2023-06-03 23:00:00,Pittsburgh Riverhounds,Phoenix Rising FC,1.0,0.0,"Pittsburgh, Pennsylvania",USA,Highmark Stadium,,,,USL Championship,,20230603_Pittsburgh-Riverhounds_Phoenix-Rising-FC,70.26777704228266,0.77,0.72,2,2,7,6,53.4,46.6,4,0,1,0,2,5
2023-06-03 23:30:00,Tampa Bay Rowdies,Sacramento Republic FC,1.0,1.0,"St. Petersburg, Florida",USA,Al Lang Stadium,,,,USL Championship,,20230603_Tampa-Bay-Rowdies_Sacramento-Republic-FC,31.884608187701815,1.05,0.85,4,4,8,9,47.4,52.6,0,0,0,0,1,6
2023-06-04 00:30:00,Memphis 901 FC,Miami FC,5.0,1.0,"Memphis, Tennessee",USA,AutoZone Park,,,,USL Championship,,20230604_Memphis-901-FC_Miami-FC,71.4044196566656,1.33,0.52,5,3,11,7,47.2,52.8,0,1,0,0,5,1
2023-06-04 01:00:00,New Mexico United,El Paso Locomotive FC,0.0,1.0,"Albuquerque, New Mexico",USA,Rio Grande Credit Union Field at Isotopes Park,,,,USL Championship,,20230604_New-Mexico-United_El-Paso-Locomotive-FC,-49.60474596445124,0.05,0.57,0,1,1,1,54.1,45.9,3,0,0,0,2,6
2023-06-04 01:00:00,San Antonio FC,San Diego Loyal SC,3.0,3.0,"San Antonio, Texas",USA,Toyota Field,,,,USL Championship,,20230604_San-Antonio-FC_San-Diego-Loyal-SC,125.32535657914718,0.77,1.13,3,5,8,11,55.6,44.4,0,3,0,0,4,9
2023-06-04 02:00:00,Monterey Bay,Loudoun United FC,4.0,1.0,"Seaside, California",USA,Cardinale Stadium,,,,USL Championship,,20230604_Monterey-Bay_Loudoun-United-FC,123.63985776635309,1.31,0.65,4,1,11,5,55.2,44.8,0,0,0,0,3,1
2023-06-04 02:00:00,Orange County SC,Rio Grande Valley FC Toros,2.0,0.0,"Irvine, California",USA,Championship Soccer Stadium,,,,USL Championship,,20230604_Orange-County-SC_Rio-Grande-Valley-FC-Toros,-52.03275515125256,0.85,0.46,3,2,8,3,48.1,51.9,2,1,1,0,0,3
2023-06-08 02:30:00,Charleston Battery,Detroit City FC,0.0,0.0,"Mount Pleasant, South Carolina",USA,Patriots Point,,,,USL Championship,,20230608_Charleston-Battery_Detroit-City-FC,-31.692577472718085,0.19,0.82,0,2,1,5,45.5,54.5,1,2,1,0,3,4
2023-06-09 23:00:00,Loudoun United FC,FC Tulsa,3.0,1.0,"Leesburg, Virginia",USA,Segra Field,,,,USL Championship,,20230609_Loudoun-United-FC_FC-Tulsa,-135.06279061572627,2.02,0.23,7,1,16,4,41.0,59.0,1,2,0,0,5,4
2023-06-10 02:00:00,San Diego Loyal SC,Sacramento Republic FC,1.0,1.0,"San Diego, California",USA,Torero Stadium,,,,USL Championship,,20230610_San-Diego-Loyal-SC_Sacramento-Republic-FC,-40.03134529757767,1.63,1.56,5,4,11,8,53.5,46.5,0,0,0,0,8,3
2023-06-10 23:00:00,Indy Eleven,Hartford Athletic,1.0,1.0,"Indianapolis, Indiana",USA,Michael A. Carroll Stadium,,,,USL Championship,,20230610_Indy-Eleven_Hartford-Athletic,48.28078884144156,1.51,0.38,5,1,12,2,51.6,48.4,3,1,1,0,10,3
2023-06-10 23:00:00,Pittsburgh Riverhounds,Charleston Battery,2.0,0.0,"Pittsburgh, Pennsylvania",USA,Highmark Stadium,,,,USL Championship,,20230610_Pittsburgh-Riverhounds_Charleston-Battery,117.25376574929965,1.64,0.27,6,1,14,1,51.3,48.7,0,3,0,0,5,6
2023-06-10 23:30:00,Tampa Bay Rowdies,New Mexico United,3.0,2.0,"St. Petersburg, Florida",USA,Al Lang Stadium,,,,USL Championship,,20230610_Tampa-Bay-Rowdies_New-Mexico-United,107.21132417428976,0.9,1.12,3,3,5,7,51.6,48.4,0,3,1,1,0,4
2023-06-11 00:00:00,Louisville City FC,Memphis 901 FC,1.0,3.0,"Louisville, Kentucky",USA,Lynn Family Stadium,,,,USL Championship,,20230611_Louisville-City-FC_Memphis-901-FC,14.546418668305478,0.75,0.56,2,4,4,9,53.9,46.1,1,3,0,0,1,6
2023-06-11 00:00:00,Rio Grande Valley FC Toros,Miami FC,3.0,3.0,"Edinburg, Texas",USA,H-E-B Park,,,,USL Championship,,20230611_Rio-Grande-Valley-FC-Toros_Miami-FC,-30.787881624113652,2.38,2.19,7,7,15,16,52.2,47.8,0,0,0,0,8,8
2023-06-11 01:00:00,Colorado Springs Switchbacks FC,Orange County SC,4.0,0.0,"Colorado Springs, Colorado",USA,Weidner Field,,,,USL Championship,,20230611_Colorado-Springs-Switchbacks-FC_Orange-County-SC,39.89157962115678,2.11,0.31,4,2,7,7,51.3,48.7,0,3,0,0,2,3
2023-06-11 01:00:00,San Antonio FC,El Paso Locomotive FC,2.0,2.0,"San Antonio, Texas",USA,Toyota Field,,,,USL Championship,,20230611_San-Antonio-FC_El-Paso-Locomotive-FC,84.31555352395753,1.37,0.95,3,4,6,7,55.4,44.6,0,0,0,0,3,3
2023-06-11 02:30:00,Las Vegas Lights FC,Monterey Bay,1.0,2.0,"Las Vegas, Nevada",USA,Cashman Field,,,,USL Championship,,20230611_Las-Vegas-Lights-FC_Monterey-Bay,-20.00563291139474,0.67,0.08,1,2,3,2,55.6,44.4,4,1,0,0,0,5
2023-06-11 02:30:00,Phoenix Rising FC,Oakland Roots,2.0,2.0,"Phoenix, Arizona",USA,Phoenix Rising Stadium at 38th St/Washington,,,,USL Championship,,20230611_Phoenix-Rising-FC_Oakland-Roots,-59.8135616232928,0.98,1.48,4,7,7,17,45.3,54.7,1,1,0,0,6,1
2023-06-14 23:00:00,Hartford Athletic,Detroit City FC,1.0,3.0,"Hartford, Connecticut",USA,Trinity Health Stadium,,,,USL Championship,,20230614_Hartford-Athletic_Detroit-City-FC,-78.33456612169834,1.02,1.44,2,4,5,8,49.0,51.0,2,0,0,0,2,2
2023-06-15 01:00:00,El Paso Locomotive FC,Las Vegas Lights FC,2.0,1.0,"El Paso, Texas",USA,Southwest University Park,,,,USL Championship,,20230615_El-Paso-Locomotive-FC_Las-Vegas-Lights-FC,136.76740525007767,1.12,0.23,4,1,7,3,52.1,47.9,0,2,0,0,8,2
2023-06-15 02:00:00,San Diego Loyal SC,San Antonio FC,2.0,2.0,"San Diego, California",USA,Torero Stadium,,,,USL Championship,,20230615_San-Diego-Loyal-SC_San-Antonio-FC,-112.79225052793345,2.26,1.72,8,4,19,10,48.7,51.3,0,4,0,0,8,8
2023-06-17 23:00:00,Hartford Athletic,Charleston Battery,3.0,4.0,"Hartford, Connecticut",USA,Trinity Health Stadium,,,,USL Championship,,20230617_Hartford-Athletic_Charleston-Battery,-50.06728113958252,1.68,2.09,5,6,11,13,49.3,50.7,1,3,0,0,7,11
2023-06-17 23:00:00,Miami FC,Loudoun United FC,1.0,2.0,"Miami, Florida",USA,Riccardo Silva Stadium,,,,USL Championship,,20230617_Miami-FC_Loudoun-United-FC,161.72126540800969,1.14,0.56,3,2,8,3,54.8,45.2,1,1,0,0,7,4
2023-06-17 23:30:00,Birmingham Legion FC,Indy Eleven,2.0,1.0,"Birmingham, Alabama",USA,Protective Stadium,,,,USL Championship,,20230617_Birmingham-Legion-FC_Indy-Eleven,52.11637233543024,1.93,1.32,7,4,15,10,52.2,47.8,3,3,0,0,8,7
2023-06-18 00:00:00,FC Tulsa,Orange County SC,0.0,3.0,"Tulsa, Oklahoma",USA,ONEOK Field,,,,USL Championship,,20230618_FC-Tulsa_Orange-County-SC,5.275510663268278,1.29,1.01,5,3,11,4,45.2,54.8,2,2,0,0,9,7
2023-06-18 00:30:00,Memphis 901 FC,Detroit City FC,0.0,0.0,"Memphis, Tennessee",USA,AutoZone Park,,,,USL Championship,,20230618_Memphis-901-FC_Detroit-City-FC,114.34452488346142,0.76,1.51,2,5,4,11,52.5,47.5,1,2,0,0,2,7
2023-06-18 01:00:00,Colorado Springs Switchbacks FC,Las Vegas Lights FC,2.0,0.0,"Colorado Springs, Colorado",USA,Weidner Field,,,,USL Championship,,20230618_Colorado-Springs-Switchbacks-FC_Las-Vegas-Lights-FC,73.87112549408084,1.28,0.48,3,0,6,0,55.4,44.6,2,1,0,0,5,2
2023-06-18 01:00:00,New Mexico United,Rio Grande Valley FC Toros,2.0,2.0,"Albuquerque, New Mexico",USA,Rio Grande Credit Union Field at Isotopes Park,,,,USL Championship,,20230618_New-Mexico-United_Rio-Grande-Valley-FC-Toros,13.928526239004896,0.17,1.67,2,4,5,8,52.7,47.3,3,3,1,0,3,6
2023-06-18 01:30:00,El Paso Locomotive FC,Tampa Bay Rowdies,1.0,1.0,"El Paso, Texas",USA,Southwest University Park,,,,USL Championship,,20230618_El-Paso-Locomotive-FC_Tampa-Bay-Rowdies,-35.05804277476568,0.25,1.81,1,5,2,10,45.6,54.4,2,2,0,0,4,4
2023-06-18 02:00:00,Oakland Roots,Pittsburgh Riverhounds,0.0,0.0,"Hayward, California",USA,Pioneer Stadium,,,,USL Championship,,20230618_Oakland-Roots_Pittsburgh-Riverhounds,-39.80837548882914,0.45,1.87,3,5,5,11,51.8,48.2,2,1,0,0,3,7
2023-06-18 02:30:00,Phoenix Rising FC,Louisville City FC,2.0,2.0,"Phoenix, Arizona",USA,Phoenix Rising Stadium at 38th St/Washington,,,,USL Championship,,20230618_Phoenix-Rising-FC_Louisville-City-FC,-112.91491984939125,1.46,0.9,3,4,5,10,52.1,47.9,2,0,0,0,4,4
2023-06-18 03:00:00,Sacramento Republic FC,Monterey Bay,0.0,1.0,"Sacramento, California",USA,Heart Health Park,,,,USL Championship,,20230618_Sacramento-Republic-FC_Monterey-Bay,97.23113531564127,0.86,0.36,2,2,4,5,59.9,40.1,1,2,0,0,2,1
2023-06-22 00:00:00,Birmingham Legion FC,Loudoun United FC,2.0,0.0,"Birmingham, Alabama",USA,Protective Stadium,,,,USL Championship,,20230622_Birmingham-Legion-FC_Loudoun-United-FC,153.88811003738988,1.42,0.47,5,2,13,3,51.5,48.5,3,2,0,0,4,2
2023-06-22 00:00:00,Memphis 901 FC,FC Tulsa,4.0,0.0,"Memphis, Tennessee",USA,AutoZone Park,,,,USL Championship,,20230622_Memphis-901-FC_FC-Tulsa,172.01761652898563,1.07,1.24,4,4,8,10,61.9,38.1,3,0,1,1,3,3
2023-06-22 00:00:00,Rio Grande Valley FC Toros,Colorado Springs Switchbacks FC,1.0,0.0,"Edinburg, Texas",USA,H-E-B Park,,,,USL Championship,,20230622_Rio-Grande-Valley-FC-Toros_Colorado-Springs-Switchbacks-FC,-33.9996314671896,0.82,0.81,2,2,5,4,52.3,47.7,1,0,0,0,5,5
2023-06-22 01:00:00,New Mexico United,Phoenix Rising FC,1.0,3.0,"Albuquerque, New Mexico",USA,Rio Grande Credit Union Field at Isotopes Park,,,,USL Championship,,20230622_New-Mexico-United_Phoenix-Rising-FC,0.2825836873842036,0.23,0.78,1,3,2,7,48.4,51.6,3,2,0,0,3,4
2023-06-24 23:00:00,Hartford Athletic,Indy Eleven,0.0,2.0,"Hartford, Connecticut",USA,Trinity Health Stadium,,,,USL Championship,,20230624_Hartford-Athletic_Indy-Eleven,-54.37558983316785,0.65,1.19,1,4,2,10,46.2,53.8,2,1,0,0,1,7
2023-06-24 23:00:00,Loudoun United FC,Tampa Bay Rowdies,2.0,4.0,"Leesburg, Virginia",USA,Segra Field,,,,USL Championship,,20230624_Loudoun-United-FC_Tampa-Bay-Rowdies,-259.6010231282628,0.52,1.67,2,4,5,11,43.3,56.7,1,1,0,0,4,5
2023-06-24 23:00:00,Pittsburgh Riverhounds,San Diego Loyal SC,2.0,1.0,"Pittsburgh, Pennsylvania",USA,Highmark Stadium,,,,USL Championship,,20230624_Pittsburgh-Riverhounds_San-Diego-Loyal-SC,38.58703495399209,1.01,1.07,3,3,7,5,49.2,50.8,1,3,0,0,3,0
2023-06-24 23:30:00,Detroit City FC,Orange County SC,0.0,1.0,"Hamtramck, Michigan",USA,Keyworth Stadium,,,,USL Championship,,20230624_Detroit-City-FC_Orange-County-SC,46.20951120249765,0.34,1.0,1,3,1,9,54.9,45.1,2,3,0,0,1,5
2023-06-25 00:00:00,Louisville City FC,Las Vegas Lights FC,1.0,0.0,"Louisville, Kentucky",USA,Lynn Family Stadium,,,,USL Championship,,20230625_Louisville-City-FC_Las-Vegas-Lights-FC,176.90701504161711,1.47,0.07,4,0,8,0,55.0,45.0,2,2,0,0,5,4
2023-06-25 00:30:00,Memphis 901 FC,Charleston Battery,3.0,2.0,"Memphis, Tennessee",USA,AutoZone Park,,,,USL Championship,,20230625_Memphis-901-FC_Charleston-Battery,153.69613521539463,1.16,1.11,4,4,9,7,64.3,35.7,1,3,0,0,3,6
2023-06-25 01:00:00,New Mexico United,Colorado Springs Switchbacks FC,2.0,1.0,"Albuquerque, New Mexico",USA,Rio Grande Credit Union Field at Isotopes Park,,,,USL Championship,,20230625_New-Mexico-United_Colorado-Springs-Switchbacks-FC,-19.871927260138364,1.76,0.81,5,3,11,7,43.6,56.4,2,3,0,0,5,7
2023-06-25 02:00:00,Monterey Bay,Miami FC,1.0,0.0,"Seaside, California",USA,Cardinale Stadium,,,,USL Championship,,20230625_Monterey-Bay_Miami-FC,5.075133270460128,1.11,0.08,4,2,8,6,51.3,48.7,2,2,0,0,4,4
2023-06-25 02:00:00,Oakland Roots,Phoenix Rising FC,1.0,1.0,"Hayward, California",USA,Pioneer Stadium,,,,USL Championship,,20230625_Oakland-Roots_Phoenix-Rising-FC,41.31311563482018,2.49,0.07,7,1,14,1,46.5,53.5,3,1,0,1,5,5
2023-06-25 03:00:00,Sacramento Republic FC,San Antonio FC,3.0,1.0,"Sacramento, California",USA,Heart Health Park,,,,USL Championship,,20230625_Sacramento-Republic-FC_San-Antonio-FC,-87.02285614376137,1.44,0.7,5,2,12,4,44.8,55.2,2,0,0,0,10,4
2023-06-29 02:00:00,Oakland Roots,Rio Grande Valley FC Toros,0.0,2.0,"Hayward, California",USA,Pioneer Stadium,,,,USL Championship,,20230629_Oakland-Roots_Rio-Grande-Valley-FC-Toros,51.41639628552912,0.79,1.48,4,5,8,11,50.4,49.6,1,0,0,0,8,8
2023-06-30 23:30:00,Charleston Battery,Loudoun United FC,3.0,0.0,"Mount Pleasant, South Carolina",USA,Patriots Point,,,,USL Championship,,20230630_Charleston-Battery_Loudoun-United-FC,101.99482587357784,0.72,1.17,4,3,9,7,56.7,43.3,1,2,0,0,5,4
2023-07-01 01:00:00,FC Tulsa,Detroit City FC,3.0,2.0,"Tulsa, Oklahoma",USA,ONEOK Field,,,,USL Championship,,20230701_FC-Tulsa_Detroit-City-FC,-58.21259691455748,1.31,1.18,4,4,10,9,40.1,59.9,1,2,0,0,3,7
2023-07-01 22:55:00,Indy Eleven,San Diego Loyal SC,2.0,2.0,"Indianapolis, Indiana",USA,Michael A. Carroll Stadium,,,,USL Championship,,20230701_Indy-Eleven_San-Diego-Loyal-SC,-78.65676782113474,0.85,2.03,4,8,8,17,43.0,57.0,3,3,0,0,6,9
2023-07-01 23:00:00,Pittsburgh Riverhounds,Louisville City FC,0.0,0.0,"Pittsburgh, Pennsylvania",USA,Highmark Stadium,,,,USL Championship,,20230701_Pittsburgh-Riverhounds_Louisville-City-FC,-10.680793338673993,1.35,1.39,6,4,12,7,50.4,49.6,1,2,0,0,2,3
2023-07-02 01:00:00,Colorado Springs Switchbacks FC,Miami FC,2.0,0.0,"Colorado Springs, Colorado",USA,Weidner Field,,,,USL Championship,,20230702_Colorado-Springs-Switchbacks-FC_Miami-FC,8.996710921620206,1.76,1.9,4,6,7,14,56.6,43.4,2,2,0,0,3,2
2023-07-02 01:00:00,San Antonio FC,Birmingham Legion FC,3.0,1.0,"San Antonio, Texas",USA,Toyota Field,,,,USL Championship,,20230702_San-Antonio-FC_Birmingham-Legion-FC,110.23547007678803,1.26,0.81,4,3,8,7,51.4,48.6,3,5,0,0,4,6
2023-07-02 01:30:00,El Paso Locomotive FC,New Mexico United,0.0,1.0,"El Paso, Texas",USA,Southwest University Park,,,,USL Championship,,20230702_El-Paso-Locomotive-FC_New-Mexico-United,89.98557123636601,0.67,0.33,4,1,8,2,61.5,38.5,3,0,0,0,2,2
2023-07-02 02:00:00,Orange County SC,Monterey Bay,3.0,1.0,"Irvine, California",USA,Championship Soccer Stadium,,,,USL Championship,,20230702_Orange-County-SC_Monterey-Bay,-38.737180940613825,0.91,0.08,3,1,7,2,55.3,44.7,1,2,0,0,3,2
2023-07-02 02:30:00,Las Vegas Lights FC,Tampa Bay Rowdies,1.0,2.0,"Las Vegas, Nevada",USA,Cashman Field,,,,USL Championship,,20230702_Las-Vegas-Lights-FC_Tampa-Bay-Rowdies,-205.8836853716948,1.34,1.73,5,5,13,11,45.8,54.2,1,4,0,0,5,6
2023-07-02 03:00:00,Phoenix Rising FC,Memphis 901 FC,6.0,0.0,"Phoenix, Arizona",USA,Phoenix Rising Stadium at 38th St/Washington,,,,USL Championship,,20230702_Phoenix-Rising-FC_Memphis-901-FC,-115.87548422880354,2.99,0.66,11,2,20,4,36.4,63.6,1,1,0,0,9,5
2023-07-02 03:00:00,Sacramento Republic FC,Rio Grande Valley FC Toros,1.0,1.0,"Sacramento, California",USA,Heart Health Park,,,,USL Championship,,20230702_Sacramento-Republic-FC_Rio-Grande-Valley-FC-Toros,70.7420317370761,1.42,0.89,4,2,8,5,51.6,48.4,2,2,0,0,6,5
2023-07-03 23:30:00,Loudoun United FC,Hartford Athletic,2.0,1.0,"Leesburg, Virginia",USA,Segra Field,,,,USL Championship,,20230703_Loudoun-United-FC_Hartford-Athletic,-36.81294454821318,0.93,1.43,2,7,2,16,49.9,50.1,1,3,1,0,4,3
2023-07-05 01:00:00,Colorado Springs Switchbacks FC,Monterey Bay,4.0,0.0,"Colorado Springs, Colorado",USA,Weidner Field,,,,USL Championship,,20230705_Colorado-Springs-Switchbacks-FC_Monterey-Bay,5.2938828381043095,0.71,0.21,4,0,9,0,49.4,50.6,1,1,0,0,6,2
2023-07-05 01:00:00,Las Vegas Lights FC,New Mexico United,2.0,2.0,"Las Vegas, Nevada",USA,Cashman Field,,,,USL Championship,,20230705_Las-Vegas-Lights-FC_New-Mexico-United,-99.51457733135112,1.9,2.11,6,6,15,12,40.6,59.4,0,2,0,0,8,4
2023-07-08 00:30:00,Memphis 901 FC,San Antonio FC,0.0,4.0,"Memphis, Tennessee",USA,AutoZone Park,,,,USL Championship,,20230708_Memphis-901-FC_San-Antonio-FC,-36.99554676736716,1.42,1.8,4,4,8,9,46.9,53.1,0,3,0,0,9,4
2023-07-08 23:00:00,Hartford Athletic,San Diego Loyal SC,0.0,2.0,"Hartford, Connecticut",USA,Trinity Health Stadium,,,,USL Championship,,20230708_Hartford-Athletic_San-Diego-Loyal-SC,-163.90210507182246,0.13,0.99,1,3,4,6,46.0,54.0,2,1,0,0,4,10
2023-07-08 23:00:00,Indy Eleven,FC Tulsa,0.0,1.0,"Indianapolis, Indiana",USA,Michael A. Carroll Stadium,,,,USL Championship,,20230708_Indy-Eleven_FC-Tulsa,13.882691915559462,1.89,0.98,6,3,13,4,52.8,47.2,2,1,0,0,9,1
2023-07-08 23:00:00,Miami FC,Phoenix Rising FC,2.0,1.0,"Miami, Florida",USA,Riccardo Silva Stadium,,,,USL Championship,,20230708_Miami-FC_Phoenix-Rising-FC,-54.51699896823311,1.09,1.08,2,2,5,5,47.3,52.7,1,2,0,0,4,3
2023-07-08 23:00:00,Pittsburgh Riverhounds,Sacramento Republic FC,0.0,0.0,"Pittsburgh, Pennsylvania",USA,Highmark Stadium,,,,USL Championship,,20230708_Pittsburgh-Riverhounds_Sacramento-Republic-FC,18.8536726611635,1.49,1.21,4,3,7,7,49.6,50.4,3,2,0,0,1,9
2023-07-08 23:30:00,Tampa Bay Rowdies,Oakland Roots,3.0,0.0,"St. Petersburg, Florida",USA,Al Lang Stadium,,,,USL Championship,,20230708_Tampa-Bay-Rowdies_Oakland-Roots,95.46621477313602,1.97,0.56,6,2,15,4,55.6,44.4,2,1,0,0,11,6
2023-07-09 01:00:00,Louisville City FC,Loudoun United FC,1.0,0.0,"Louisville, Kentucky",USA,Lynn Family Stadium,,,,USL Championship,,20230709_Louisville-City-FC_Loudoun-United-FC,247.09725307212784,0.88,0.68,3,3,6,9,58.9,41.1,1,1,0,0,5,3
2023-07-09 01:00:00,New Mexico United,Detroit City FC,1.0,0.0,"Albuquerque, New Mexico",USA,Rio Grande Credit Union Field at Isotopes Park,,,,USL Championship,,20230709_New-Mexico-United_Detroit-City-FC,31.15862689027699,0.41,0.37,2,0,4,0,49.5,50.5,1,2,0,0,6,0
2023-07-09 02:00:00,Monterey Bay,El Paso Locomotive FC,0.0,0.0,"Seaside, California",USA,Cardinale Stadium,,,,USL Championship,,20230709_Monterey-Bay_El-Paso-Locomotive-FC,-85.86626025789838,0.4,0.24,1,1,1,0,48.1,51.9,4,1,0,0,3,0
2023-07-09 02:30:00,Las Vegas Lights FC,Birmingham Legion FC,3.0,3.0,"Las Vegas, Nevada",USA,Cashman Field,,,,USL Championship,,20230709_Las-Vegas-Lights-FC_Birmingham-Legion-FC,-103.74430824077922,1.14,1.69,4,5,9,12,45.0,55.0,2,1,0,0,7,3
2023-07-10 00:00:00,Rio Grande Valley FC Toros,Orange County SC,2.0,0.0,"Edinburg, Texas",USA,H-E-B Park,,,,USL Championship,,20230710_Rio-Grande-Valley-FC-Toros_Orange-County-SC,26.877145764476836,1.44,1.78,5,6,12,12,47.7,52.3,1,2,0,0,9,4
2023-07-12 23:00:00,Indy Eleven,Charleston Battery,1.0,1.0,"Indianapolis, Indiana",USA,Michael A. Carroll Stadium,,,,USL Championship,,20230712_Indy-Eleven_Charleston-Battery,-17.490164197108243,1.1,0.75,2,2,7,4,50.7,49.3,0,2,0,0,3,4
2023-07-12 23:30:00,Detroit City FC,Loudoun United FC,1.0,1.0,"Hamtramck, Michigan",USA,Keyworth Stadium,,,,USL Championship,,20230712_Detroit-City-FC_Loudoun-United-FC,110.94933039603347,0.97,1.2,4,5,10,11,54.2,45.8,2,1,0,0,2,1
2023-07-13 00:00:00,Louisville City FC,Pittsburgh Riverhounds,0.0,1.0,"Louisville, Kentucky",USA,Lynn Family Stadium,,,,USL Championship,,20230713_Louisville-City-FC_Pittsburgh-Riverhounds,15.256598696326137,1.25,0.49,4,2,9,4,47.5,52.5,2,3,0,0,5,4
2023-07-13 01:00:00,El Paso Locomotive FC,San Antonio FC,1.0,2.0,"El Paso, Texas",USA,Southwest University Park,,,,USL Championship,,20230713_El-Paso-Locomotive-FC_San-Antonio-FC,-88.1709975786905,1.21,0.64,4,2,8,5,40.5,59.5,3,1,0,0,9,7
2023-07-13 01:00:00,FC Tulsa,Miami FC,1.0,0.0,"Tulsa, Oklahoma",USA,ONEOK Field,,,,USL Championship,,20230713_FC-Tulsa_Miami-FC,-24.89612735242781,0.54,0.97,1,3,4,5,53.0,47.0,0,3,0,0,2,5
2023-07-13 02:00:00,Oakland Roots,Memphis 901 FC,1.0,1.0,"Hayward, California",USA,Pioneer Stadium,,,,USL Championship,,20230713_Oakland-Roots_Memphis-901-FC,-73.36192558412927,0.38,0.77,1,2,0,4,51.4,48.6,2,2,0,0,1,5
2023-07-15 01:00:00,Colorado Springs Switchbacks FC,San Diego Loyal SC,0.0,5.0,"Colorado Springs, Colorado",USA,Weidner Field,,,,USL Championship,,20230715_Colorado-Springs-Switchbacks-FC_San-Diego-Loyal-SC,-26.22141174308308,1.52,1.56,5,5,11,11,49.6,50.4,3,2,0,0,4,4
2023-07-15 23:00:00,Miami FC,Charleston Battery,1.0,1.0,"Miami, Florida",USA,Riccardo Silva Stadium,,,,USL Championship,,20230715_Miami-FC_Charleston-Battery,6.22690962315869,0.82,1.87,2,5,5,12,54.9,45.1,1,3,0,0,0,7
2023-07-15 23:00:00,Pittsburgh Riverhounds,Detroit City FC,2.0,0.0,"Pittsburgh, Pennsylvania",USA,Highmark Stadium,,,,USL Championship,,20230715_Pittsburgh-Riverhounds_Detroit-City-FC,146.45049013533185,0.66,0.6,4,2,8,2,53.3,46.7,1,1,0,0,5,1
2023-07-15 23:30:00,Birmingham Legion FC,Tampa Bay Rowdies,1.0,0.0,"Birmingham, Alabama",USA,Protective Stadium,,,,USL Championship,,20230715_Birmingham-Legion-FC_Tampa-Bay-Rowdies,-122.29492758388028,0.56,0.83,2,3,2,8,45.4,54.6,3,4,0,0,3,4
2023-07-15 23:30:00,Loudoun United FC,Orange County SC,1.0,3.0,"Leesburg, Virginia",USA,Segra Field,,,,USL Championship,,20230715_Loudoun-United-FC_Orange-County-SC,-115.3838289112623,1.37,0.66,4,3,11,5,45.2,54.8,3,2,0,0,6,7
2023-07-16 01:00:00,FC Tulsa,Hartford Athletic,3.0,2.0,"Tulsa, Oklahoma",USA,ONEOK Field,,,,USL Championship,,20230716_FC-Tulsa_Hartford-Athletic,108.76742001885327,1.12,1.06,3,4,7,11,58.2,41.8,0,3,0,0,3,3
2023-07-16 01:30:00,El Paso Locomotive FC,Rio Grande Valley FC Toros,1.0,1.0,"El Paso, Texas",USA,Southwest University Park,,,,USL Championship,,20230716_El-Paso-Locomotive-FC_Rio-Grande-Valley-FC-Toros,36.24555606158469,0.44,0.05,1,1,2,2,56.2,43.8,2,1,0,0,2,2
2023-07-16 02:00:00,Monterey Bay,Oakland Roots,1.0,3.0,"Seaside, California",USA,Cardinale Stadium,,,,USL Championship,,20230716_Monterey-Bay_Oakland-Roots,-38.90901863581371,1.26,1.9,6,5,13,13,48.9,51.1,7,3,0,0,5,4
2023-07-16 03:00:00,Sacramento Republic FC,Memphis 901 FC,1.0,1.0,"Sacramento, California",USA,Heart Health Park,,,,USL Championship,,20230716_Sacramento-Republic-FC_Memphis-901-FC,-16.989760733775256,1.06,1.28,3,3,7,6,43.5,56.5,2,2,1,0,2,8
2023-07-19 23:00:00,Detroit City FC,Louisville City FC,2.0,0.0,"Hamtramck, Michigan",USA,Keyworth Stadium,,,,USL Championship,,20230719_Detroit-City-FC_Louisville-City-FC,-143.87537128682084,2.04,0.99,8,2,16,5,41.8,58.2,3,2,0,0,4,4
2023-07-22 01:00:00,FC Tulsa,Rio Grande Valley FC Toros,2.0,1.0,"Tulsa, Oklahoma",USA,ONEOK Field,,,,USL Championship,,20230722_FC-Tulsa_Rio-Grande-Valley-FC-Toros,-44.01585936659012,0.15,0.77,2,3,6,4,40.4,59.6,0,2,0,0,3,3
2023-07-22 23:00:00,Indy Eleven,Tampa Bay Rowdies,0.0,0.0,"Indianapolis, Indiana",USA,Michael A. Carroll Stadium,,,,USL Championship,,20230722_Indy-Eleven_Tampa-Bay-Rowdies,-173.05900657653206,0.65,0.12,0,2,0,3,44.8,55.2,2,2,0,0,3,3
2023-07-22 23:30:00,Charleston Battery,Pittsburgh Riverhounds,3.0,1.0,"Mount Pleasant, South Carolina",USA,Patriots Point,,,,USL Championship,,20230722_Charleston-Battery_Pittsburgh-Riverhounds,-150.76192859957087,1.05,1.74,3,4,7,8,46.9,53.1,1,2,0,0,3,4
2023-07-23 00:00:00,Louisville City FC,Birmingham Legion FC,1.0,2.0,"Louisville, Kentucky",USA,Lynn Family Stadium,,,,USL Championship,,20230723_Louisville-City-FC_Birmingham-Legion-FC,50.658941110877095,0.71,1.26,3,5,6,10,59.7,40.3,3,1,0,0,4,3
2023-07-23 00:30:00,Memphis 901 FC,Orange County SC,3.0,4.0,"Memphis, Tennessee",USA,AutoZone Park,,,,USL Championship,,20230723_Memphis-901-FC_Orange-County-SC,112.77132265797786,2.01,1.93,6,4,13,9,52.6,47.4,2,2,0,0,5,6
2023-07-23 00:36:00,Detroit City FC,Monterey Bay,1.0,0.0,"Hamtramck, Michigan",USA,Keyworth Stadium,,,,USL Championship,,20230723_Detroit-City-FC_Monterey-Bay,-5.940110084312664,1.2,0.44,3,1,5,0,54.0,46.0,3,1,0,0,5,1
2023-07-23 01:00:00,New Mexico United,Sacramento Republic FC,3.0,0.0,"Albuquerque, New Mexico",USA,Rio Grande Credit Union Field at Isotopes Park,,,,USL Championship,,20230723_New-Mexico-United_Sacramento-Republic-FC,-60.2387247155641,1.53,1.72,6,5,14,9,45.6,54.4,1,0,0,0,5,10
2023-07-23 01:00:00,San Antonio FC,Miami FC,0.0,1.0,"San Antonio, Texas",USA,Toyota Field,,,,USL Championship,,20230723_San-Antonio-FC_Miami-FC,194.6190386346209,1.26,0.15,3,1,7,2,56.0,44.0,2,1,0,0,2,0
2023-07-23 01:30:00,El Paso Locomotive FC,Oakland Roots,1.0,3.0,"El Paso, Texas",USA,Southwest University Park,,,,USL Championship,,20230723_El-Paso-Locomotive-FC_Oakland-Roots,20.216203301210044,0.97,1.7,2,4,5,8,47.0,53.0,2,0,0,0,4,3
2023-07-23 02:30:00,Las Vegas Lights FC,Hartford Athletic,0.0,2.0,"Las Vegas, Nevada",USA,Cashman Field,,,,USL Championship,,20230723_Las-Vegas-Lights-FC_Hartford-Athletic,63.83642794440698,1.54,1.39,4,5,8,10,52.3,47.7,3,1,0,0,4,6
2023-07-23 02:30:00,Phoenix Rising FC,Colorado Springs Switchbacks FC,1.0,1.0,"Phoenix, Arizona",USA,Phoenix Rising Stadium at 38th St/Washington,,,,USL Championship,,20230723_Phoenix-Rising-FC_Colorado-Springs-Switchbacks-FC,7.552862748586676,1.16,0.91,4,2,8,5,55.8,44.2,2,1,0,0,4,2
2023-07-26 23:00:00,Pittsburgh Riverhounds,Indy Eleven,1.0,3.0,"Pittsburgh, Pennsylvania",USA,Highmark Stadium,,,,USL Championship,,20230726_Pittsburgh-Riverhounds_Indy-Eleven,144.82930352799804,0.83,1.87,2,6,4,14,55.2,44.8,2,4,0,0,3,4
2023-07-27 02:00:00,Oakland Roots,Las Vegas Lights FC,1.0,0.0,"Hayward, California",USA,Pioneer Stadium,,,,USL Championship,,20230727_Oakland-Roots_Las-Vegas-Lights-FC,146.08210931439635,1.08,0.05,5,1,10,3,55.4,44.6,0,0,0,0,9,2
2023-07-27 03:00:00,Sacramento Republic FC,Phoenix Rising FC,4.0,0.0,"Sacramento, California",USA,Heart Health Park,,,,USL Championship,,20230727_Sacramento-Republic-FC_Phoenix-Rising-FC,54.59645705092248,2.58,0.59,7,2,16,5,47.5,52.5,1,1,0,0,4,3
2023-07-29 23:00:00,Pittsburgh Riverhounds,Memphis 901 FC,4.0,2.0,"Pittsburgh, Pennsylvania",USA,Highmark Stadium,,,,USL Championship,,20230729_Pittsburgh-Riverhounds_Memphis-901-FC,3.0265041148916225,1.72,1.09,8,2,18,6,50.7,49.3,1,1,0,0,5,1
2023-07-29 23:30:00,Birmingham Legion FC,Charleston Battery,1.0,2.0,"Birmingham, Alabama",USA,Protective Stadium,,,,USL Championship,,20230729_Birmingham-Legion-FC_Charleston-Battery,63.2156532933036,1.13,0.55,4,4,9,8,53.3,46.7,2,5,0,0,2,2
2023-07-29 23:30:00,Loudoun United FC,Miami FC,1.0,2.0,"Leesburg, Virginia",USA,Segra Field,,,,USL Championship,,20230729_Loudoun-United-FC_Miami-FC,-138.49465757173652,1.05,1.9,4,6,10,14,46.1,53.9,1,2,0,0,4,8
2023-07-29 23:30:00,Tampa Bay Rowdies,FC Tulsa,3.0,0.0,"St. Petersburg, Florida",USA,Al Lang Stadium,,,,USL Championship,,20230729_Tampa-Bay-Rowdies_FC-Tulsa,122.32731998576787,2.37,1.97,9,6,20,14,53.8,46.2,0,2,0,0,10,3
2023-07-30 00:00:00,Louisville City FC,Indy Eleven,2.0,0.0,"Louisville, Kentucky",USA,Lynn Family Stadium,,,,USL Championship,,20230730_Louisville-City-FC_Indy-Eleven,97.54222443087383,1.73,0.05,3,0,6,1,51.2,48.8,2,2,0,1,3,2
2023-07-30 00:00:00,Rio Grande Valley FC Toros,El Paso Locomotive FC,5.0,2.0,"Edinburg, Texas",USA,H-E-B Park,,,,USL Championship,,20230730_Rio-Grande-Valley-FC-Toros_El-Paso-Locomotive-FC,-34.56556199366878,1.47,1.08,6,4,13,9,48.1,51.9,4,1,0,0,8,3
2023-07-30 01:00:00,San Antonio FC,Hartford Athletic,5.0,2.0,"San Antonio, Texas",USA,Toyota Field,,,,USL Championship,,20230730_San-Antonio-FC_Hartford-Athletic,278.4346240476618,1.58,1.83,6,6,13,15,65.0,35.0,0,2,0,0,10,7
2023-07-30 02:00:00,Monterey Bay,Phoenix Rising FC,0.0,2.0,"Seaside, California",USA,Cardinale Stadium,,,,USL Championship,,20230730_Monterey-Bay_Phoenix-Rising-FC,-34.95461566451013,1.13,2.07,5,6,11,12,51.9,48.1,0,5,0,0,9,3
2023-07-30 02:00:00,Oakland Roots,Detroit City FC,1.0,1.0,"Hayward, California",USA,Pioneer Stadium,,,,USL Championship,,20230730_Oakland-Roots_Detroit-City-FC,73.89708530727876,0.79,0.36,3,1,7,4,51.6,48.4,0,2,0,0,6,1
2023-07-30 02:00:00,Orange County SC,New Mexico United,1.0,0.0,"Irvine, California",USA,Championship Soccer Stadium,,,,USL Championship,,20230730_Orange-County-SC_New-Mexico-United,-35.011756561727225,0.46,0.1,2,0,4,0,49.1,50.9,1,0,0,0,8,1
2023-07-30 02:30:00,Las Vegas Lights FC,Sacramento Republic FC,1.0,2.0,"Las Vegas, Nevada",USA,Cashman Field,,,,USL Championship,,20230730_Las-Vegas-Lights-FC_Sacramento-Republic-FC,-177.98967699760897,0.95,0.76,2,3,3,7,45.4,54.6,2,1,0,0,2,5
2023-07-30 22:00:00,San Diego Loyal SC,Colorado Springs Switchbacks FC,2.0,0.0,"San Diego, California",USA,Torero Stadium,,,,USL Championship,,20230730_San-Diego-Loyal-SC_Colorado-Springs-Switchbacks-FC,48.15270644459952,0.81,1.49,2,3,4,7,55.2,44.8,0,0,0,0,3,3
2023-08-02 15:00:00,Loudoun United FC,Memphis 901 FC,0.0,0.0,"Leesburg, Virginia",USA,Segra Field,,,,USL Championship,,20230802_Loudoun-United-FC_Memphis-901-FC,-224.2609605227915,0.29,0.96,0,5,1,12,43.6,56.4,1,1,0,0,5,7
2023-08-04 23:30:00,Charleston Battery,Oakland Roots,0.0,1.0,"Mount Pleasant, South Carolina",USA,Patriots Point,,,,USL Championship,,20230804_Charleston-Battery_Oakland-Roots,-59.0968218452299,1.06,1.05,6,3,14,5,52.7,47.3,1,2,0,0,12,7
2023-08-05 01:00:00,Colorado Springs Switchbacks FC,Birmingham Legion FC,2.0,1.0,"Colorado Springs, Colorado",USA,Weidner Field,,,,USL Championship,,20230805_Colorado-Springs-Switchbacks-FC_Birmingham-Legion-FC,-37.946712725593216,1.02,1.5,3,3,7,8,43.4,56.6,3,4,0,0,6,2
2023-08-05 01:00:00,FC Tulsa,Louisville City FC,0.0,3.0,"Tulsa, Oklahoma",USA,ONEOK Field,,,,USL Championship,,20230805_FC-Tulsa_Louisville-City-FC,-91.2549598649698,0.78,2.04,3,7,7,15,42.1,57.9,5,3,0,0,1,6
2023-08-05 23:00:00,Hartford Athletic,New Mexico United,2.0,1.0,"Hartford, Connecticut",USA,Trinity Health Stadium,,,,USL Championship,,20230805_Hartford-Athletic_New-Mexico-United,-154.80173440538078,0.88,0.74,2,3,6,6,45.6,54.4,3,2,0,0,3,4
2023-08-05 23:00:00,Indy Eleven,Memphis 901 FC,1.0,2.0,"Indianapolis, Indiana",USA,Michael A. Carroll Stadium,,,,USL Championship,,20230805_Indy-Eleven_Memphis-901-FC,-98.33815218319364,1.2,1.06,4,4,10,9,43.5,56.5,3,0,0,0,2,2
2023-08-05 23:00:00,Miami FC,El Paso Locomotive FC,4.0,0.0,"Miami, Florida",USA,Riccardo Silva Stadium,,,,USL Championship,,20230805_Miami-FC_El-Paso-Locomotive-FC,-35.72453545255871,1.94,0.67,6,3,12,5,46.5,53.5,2,1,0,0,9,6
2023-08-05 23:00:00,Pittsburgh Riverhounds,Tampa Bay Rowdies,1.0,0.0,"Pittsburgh, Pennsylvania",USA,Highmark Stadium,,,,USL Championship,,20230805_Pittsburgh-Riverhounds_Tampa-Bay-Rowdies,-29.95185046553729,2.16,1.37,7,5,18,10,46.4,53.6,2,2,0,0,9,2
2023-08-06 02:00:00,Monterey Bay,Sacramento Republic FC,0.0,1.0,"Seaside, California",USA,Cardinale Stadium,,,,USL Championship,,20230806_Monterey-Bay_Sacramento-Republic-FC,-126.94640805670997,0.63,1.3,3,4,7,9,49.8,50.2,1,3,0,0,4,4
2023-08-06 02:00:00,San Diego Loyal SC,Orange County SC,1.0,3.0,"San Diego, California",USA,Torero Stadium,,,,USL Championship,,20230806_San-Diego-Loyal-SC_Orange-County-SC,50.79782157348723,0.55,1.08,3,3,9,8,53.0,47.0,1,0,0,0,6,4
2023-08-06 02:30:00,Las Vegas Lights FC,Rio Grande Valley FC Toros,2.0,1.0,"Las Vegas, Nevada",USA,Cashman Field,,,,USL Championship,,20230806_Las-Vegas-Lights-FC_Rio-Grande-Valley-FC-Toros,-133.0991905975527,0.8,0.25,4,1,8,3,40.3,59.7,1,2,0,0,6,2
2023-08-06 03:00:00,Phoenix Rising FC,San Antonio FC,1.0,2.0,"Phoenix, Arizona",USA,Phoenix Rising Stadium at 38th St/Washington,,,,USL Championship,,20230806_Phoenix-Rising-FC_San-Antonio-FC,-140.28264659045112,0.41,0.95,1,4,2,9,46.4,53.6,1,0,0,0,4,0
2023-08-09 23:00:00,Indy Eleven,Birmingham Legion FC,4.0,0.0,"Indianapolis, Indiana",USA,Michael A. Carroll Stadium,,,,USL Championship,,20230809_Indy-Eleven_Birmingham-Legion-FC,-64.30125636885714,1.37,0.54,4,2,9,3,45.8,54.2,0,1,0,0,7,4
2023-08-10 00:00:00,Louisville City FC,Charleston Battery,1.0,1.0,"Louisville, Kentucky",USA,Lynn Family Stadium,,,,USL Championship,,20230810_Louisville-City-FC_Charleston-Battery,99.85402317214698,1.6,0.24,4,3,9,8,52.6,47.4,1,2,0,0,5,8
2023-08-10 01:00:00,Colorado Springs Switchbacks FC,FC Tulsa,1.0,1.0,"Colorado Springs, Colorado",USA,Weidner Field,,,,USL Championship,,20230810_Colorado-Springs-Switchbacks-FC_FC-Tulsa,29.471822587697034,1.22,2.42,4,8,8,17,45.8,54.2,3,4,0,0,3,9
2023-08-10 02:00:00,San Diego Loyal SC,Loudoun United FC,2.0,1.0,"San Diego, California",USA,Torero Stadium,,,,USL Championship,,20230810_San-Diego-Loyal-SC_Loudoun-United-FC,198.35008527473747,1.5,0.97,5,4,12,8,52.2,47.8,2,2,0,0,2,7
2023-08-12 23:00:00,Miami FC,Indy Eleven,0.0,1.0,"Miami, Florida",USA,Riccardo Silva Stadium,,,,USL Championship,,20230812_Miami-FC_Indy-Eleven,42.02990827486224,1.59,1.42,5,5,11,12,56.3,43.7,2,0,0,0,4,8
2023-08-12 23:00:00,Pittsburgh Riverhounds,Hartford Athletic,2.0,0.0,"Pittsburgh, Pennsylvania",USA,Highmark Stadium,,,,USL Championship,,20230812_Pittsburgh-Riverhounds_Hartford-Athletic,225.17408720945627,1.3,1.1,6,3,12,6,56.2,43.8,1,2,0,0,4,3
2023-08-12 23:30:00,Birmingham Legion FC,Sacramento Republic FC,1.0,1.0,"Birmingham, Alabama",USA,Protective Stadium,,,,USL Championship,,20230812_Birmingham-Legion-FC_Sacramento-Republic-FC,-85.79925953565908,1.2,0.42,4,3,10,6,43.8,56.2,2,1,0,0,4,7
2023-08-12 23:30:00,Detroit City FC,Charleston Battery,0.0,1.0,"Hamtramck, Michigan",USA,Keyworth Stadium,,,,USL Championship,,20230812_Detroit-City-FC_Charleston-Battery,-3.1498262845429963,1.69,0.63,4,2,11,4,47.1,52.9,2,3,0,1,7,4
2023-08-12 23:30:00,Tampa Bay Rowdies,Monterey Bay,4.0,1.0,"St. Petersburg, Florida",USA,Al Lang Stadium,,,,USL Championship,,20230812_Tampa-Bay-Rowdies_Monterey-Bay,164.23338157976355,1.48,1.69,5,4,13,9,49.3,50.7,0,2,0,0,4,8
2023-08-13 00:00:00,Louisville City FC,Rio Grande Valley FC Toros,2.0,2.0,"Louisville, Kentucky",USA,Lynn Family Stadium,,,,USL Championship,,20230813_Louisville-City-FC_Rio-Grande-Valley-FC-Toros,75.07865335284828,0.51,1.07,2,4,4,8,57.2,42.8,1,0,0,1,4,10
2023-08-13 01:00:00,New Mexico United,San Antonio FC,0.0,3.0,"Albuquerque, New Mexico",USA,Rio Grande Credit Union Field at Isotopes Park,,,,USL Championship,,20230813_New-Mexico-United_San-Antonio-FC,-156.09811338396958,1.45,1.33,5,3,9,8,46.1,53.9,1,2,0,0,6,2
2023-08-13 02:00:00,San Diego Loyal SC,Memphis 901 FC,0.0,1.0,"San Diego, California",USA,Torero Stadium,,,,USL Championship,,20230813_San-Diego-Loyal-SC_Memphis-901-FC,-15.147716324741623,0.45,0.42,2,1,2,2,50.1,49.9,0,3,0,0,3,4
2023-08-13 02:30:00,Las Vegas Lights FC,Loudoun United FC,0.0,3.0,"Las Vegas, Nevada",USA,Cashman Field,,,,USL Championship,,20230813_Las-Vegas-Lights-FC_Loudoun-United-FC,63.212934962264626,0.3,1.09,2,3,6,7,50.5,49.5,1,0,0,0,1,6
2023-08-13 03:00:00,Phoenix Rising FC,El Paso Locomotive FC,5.0,0.0,"Phoenix, Arizona",USA,Phoenix Rising Stadium at 38th St/Washington,,,,USL Championship,,20230813_Phoenix-Rising-FC_El-Paso-Locomotive-FC,-15.187487723176446,1.72,0.96,5,2,11,4,52.9,47.1,2,0,0,0,4,4
2023-08-17 01:00:00,San Antonio FC,Rio Grande Valley FC Toros,2.0,1.0,"San Antonio, Texas",USA,Toyota Field,,,,USL Championship,,20230817_San-Antonio-FC_Rio-Grande-Valley-FC-Toros,155.6307217238284,1.64,1.23,6,4,11,8,56.2,43.8,3,2,0,0,4,4
2023-08-17 02:00:00,Orange County SC,Pittsburgh Riverhounds,1.0,0.0,"Irvine, California",USA,Championship Soccer Stadium,,,,USL Championship,,20230817_Orange-County-SC_Pittsburgh-Riverhounds,-87.40580080202449,1.99,1.13,5,6,10,11,39.8,60.2,0,1,0,0,5,7
2023-08-19 01:00:00,FC Tulsa,Tampa Bay Rowdies,1.0,2.0,"Tulsa, Oklahoma",USA,ONEOK Field,,,,USL Championship,,20230819_FC-Tulsa_Tampa-Bay-Rowdies,-139.79664268996248,0.38,0.37,1,2,3,7,45.4,54.6,1,2,0,0,3,4
2023-08-19 21:30:00,Birmingham Legion FC,Louisville City FC,2.0,0.0,"Birmingham, Alabama",USA,Protective Stadium,,,,USL Championship,,20230819_Birmingham-Legion-FC_Louisville-City-FC,-73.66557527860391,1.24,0.1,5,1,12,3,45.6,54.4,0,3,0,0,6,3
2023-08-19 23:00:00,Hartford Athletic,Miami FC,0.0,3.0,"Hartford, Connecticut",USA,Trinity Health Stadium,,,,USL Championship,,20230819_Hartford-Athletic_Miami-FC,-119.40820928265475,0.27,2.06,2,7,3,17,46.9,53.1,0,0,0,0,4,9
2023-08-19 23:30:00,Detroit City FC,Las Vegas Lights FC,1.0,0.0,"Hamtramck, Michigan",USA,Keyworth Stadium,,,,USL Championship,,20230819_Detroit-City-FC_Las-Vegas-Lights-FC,81.38681413791005,0.67,0.58,4,1,8,2,54.4,45.6,2,1,0,0,6,1
2023-08-19 23:30:00,Loudoun United FC,Sacramento Republic FC,1.0,3.0,"Leesburg, Virginia",USA,Segra Field,,,,USL Championship,,20230819_Loudoun-United-FC_Sacramento-Republic-FC,-228.2329340167421,1.1,0.83,3,3,6,8,38.9,61.1,1,1,0,0,6,4
2023-08-20 00:00:00,Rio Grande Valley FC Toros,Phoenix Rising FC,1.0,0.0,"Edinburg, Texas",USA,H-E-B Park,,,,USL Championship,,20230820_Rio-Grande-Valley-FC-Toros_Phoenix-Rising-FC,-13.081582216655988,2.3,0.56,8,3,18,8,48.0,52.0,1,0,1,0,6,1
2023-08-20 01:00:00,San Antonio FC,Monterey Bay,0.0,0.0,"San Antonio, Texas",USA,Toyota Field,,,,USL Championship,,20230820_San-Antonio-FC_Monterey-Bay,232.65069091896794,0.75,0.79,2,3,3,6,58.7,41.3,2,1,0,0,3,3
2023-08-20 01:30:00,El Paso Locomotive FC,Indy Eleven,2.0,3.0,"El Paso, Texas",USA,Southwest University Park,,,,USL Championship,,20230820_El-Paso-Locomotive-FC_Indy-Eleven,25.32649566430632,0.66,0.74,2,3,6,6,58.5,41.5,3,2,0,0,4,8
2023-08-20 01:30:00,San Diego Loyal SC,New Mexico United,2.0,2.0,"San Diego, California",USA,Torero Stadium,,,,USL Championship,,20230820_San-Diego-Loyal-SC_New-Mexico-United,46.748089434711574,1.08,1.16,3,3,8,8,55.3,44.7,2,0,0,0,5,5
2023-08-20 02:00:00,Oakland Roots,Colorado Springs Switchbacks FC,2.0,3.0,"Hayward, California",USA,Pioneer Stadium,,,,USL Championship,,20230820_Oakland-Roots_Colorado-Springs-Switchbacks-FC,59.835472877888606,0.38,0.92,2,3,4,4,49.6,50.4,0,2,0,0,9,3
2023-08-20 02:00:00,Orange County SC,Charleston Battery,2.0,0.0,"Irvine, California",USA,Championship Soccer Stadium,,,,USL Championship,,20230820_Orange-County-SC_Charleston-Battery,38.428540169993994,1.34,0.35,4,1,10,1,55.2,44.8,1,3,0,1,5,5
2023-08-23 23:00:00,Hartford Athletic,Pittsburgh Riverhounds,3.0,4.0,"Hartford, Connecticut",USA,Trinity Health Stadium,,,,USL Championship,,20230823_Hartford-Athletic_Pittsburgh-Riverhounds,-228.55876212319868,1.58,1.93,5,5,10,12,40.8,59.2,2,0,0,0,6,6
2023-08-24 00:00:00,FC Tulsa,Birmingham Legion FC,1.0,3.0,"Tulsa, Oklahoma",USA,ONEOK Field,,,,USL Championship,,20230824_FC-Tulsa_Birmingham-Legion-FC,-50.4240744025883,1.79,1.18,6,5,13,13,40.5,59.5,2,0,1,0,7,9
2023-08-24 00:00:00,Memphis 901 FC,Indy Eleven,0.0,0.0,"Memphis, Tennessee",USA,AutoZone Park,,,,USL Championship,,20230824_Memphis-901-FC_Indy-Eleven,86.68441486362758,0.05,0.62,0,2,0,5,55.4,44.6,3,0,0,0,3,5
2023-08-24 01:00:00,New Mexico United,Oakland Roots,1.0,2.0,"Albuquerque, New Mexico",USA,Rio Grande Credit Union Field at Isotopes Park,,,,USL Championship,,20230824_New-Mexico-United_Oakland-Roots,-53.78601558122682,1.72,1.05,6,3,13,7,47.8,52.2,0,0,0,0,12,3
2023-08-26 23:00:00,Hartford Athletic,El Paso Locomotive FC,0.0,2.0,"Hartford, Connecticut",USA,Trinity Health Stadium,,,,USL Championship,,20230826_Hartford-Athletic_El-Paso-Locomotive-FC,-129.8285569626164,1.41,2.43,5,7,9,17,47.0,53.0,2,1,0,0,4,5
2023-08-26 23:00:00,Indy Eleven,Loudoun United FC,2.0,1.0,"Indianapolis, Indiana",USA,Michael A. Carroll Stadium,,,,USL Championship,,20230826_Indy-Eleven_Loudoun-United-FC,143.76432049711138,1.08,0.83,3,2,7,4,52.5,47.5,2,2,0,0,5,1
2023-08-26 23:00:00,Miami FC,Tampa Bay Rowdies,0.0,2.0,"Miami, Florida",USA,Riccardo Silva Stadium,,,,USL Championship,,20230826_Miami-FC_Tampa-Bay-Rowdies,-120.91006613543527,1.41,1.58,6,5,14,11,40.1,59.9,2,1,0,1,9,7
2023-08-26 23:30:00,Charleston Battery,Memphis 901 FC,1.0,0.0,"Mount Pleasant, South Carolina",USA,Patriots Point,,,,USL Championship,,20230826_Charleston-Battery_Memphis-901-FC,-86.96279110221599,0.44,0.37,2,1,3,1,53.6,46.4,4,2,0,0,0,4
2023-08-26 23:30:00,Louisville City FC,Oakland Roots,2.0,1.0,"Louisville, Kentucky",USA,Lynn Family Stadium,,,,USL Championship,,20230826_Louisville-City-FC_Oakland-Roots,4.272721097410113,1.03,1.02,2,2,3,2,57.9,42.1,0,1,0,0,4,5
2023-08-27 00:00:00,Rio Grande Valley FC Toros,San Diego Loyal SC,2.0,3.0,"Edinburg, Texas",USA,H-E-B Park,,,,USL Championship,,20230827_Rio-Grande-Valley-FC-Toros_San-Diego-Loyal-SC,-25.293174290899287,1.45,1.49,3,5,8,11,51.3,48.7,1,3,0,0,3,10
2023-08-27 01:00:00,New Mexico United,FC Tulsa,2.0,1.0,"Albuquerque, New Mexico",USA,Rio Grande Credit Union Field at Isotopes Park,,,,USL Championship,,20230827_New-Mexico-United_FC-Tulsa,26.97372956741583,0.81,0.86,3,5,8,11,49.4,50.6,1,2,0,0,6,3
2023-08-27 01:00:00,San Antonio FC,Pittsburgh Riverhounds,0.0,0.0,"San Antonio, Texas",USA,Toyota Field,,,,USL Championship,,20230827_San-Antonio-FC_Pittsburgh-Riverhounds,63.297649462498384,1.06,1.25,0,4,0,8,47.2,52.8,2,2,0,0,2,4
2023-08-27 02:00:00,Monterey Bay,Colorado Springs Switchbacks FC,2.0,1.0,"Seaside, California",USA,Cardinale Stadium,,,,USL Championship,,20230827_Monterey-Bay_Colorado-Springs-Switchbacks-FC,-72.33815123762133,1.06,0.77,4,3,8,6,47.7,52.3,4,2,0,0,6,8
2023-08-27 02:30:00,Las Vegas Lights FC,Phoenix Rising FC,2.0,3.0,"Las Vegas, Nevada",USA,Cashman Field,,,,USL Championship,,20230827_Las-Vegas-Lights-FC_Phoenix-Rising-FC,-119.9546446059469,1.74,1.35,3,3,3,8,46.9,53.1,1,2,0,0,2,7
2023-08-27 02:30:00,Sacramento Republic FC,Orange County SC,0.0,2.0,"Sacramento, California",USA,Charles C. Hughes Stadium,,,,USL Championship,,20230827_Sacramento-Republic-FC_Orange-County-SC,40.997708029352,0.74,0.78,1,2,1,6,53.8,46.2,2,3,0,0,3,4
2023-08-27 21:00:00,Birmingham Legion FC,Detroit City FC,2.0,3.0,"Birmingham, Alabama",USA,Protective Stadium,,,,USL Championship,,20230827_Birmingham-Legion-FC_Detroit-City-FC,47.50025217429834,1.79,1.34,5,4,10,10,52.0,48.0,1,2,0,0,8,5
2023-08-31 00:00:00,Rio Grande Valley FC Toros,San Antonio FC,0.0,0.0,"Edinburg, Texas",USA,H-E-B Park,,,,USL Championship,,20230831_Rio-Grande-Valley-FC-Toros_San-Antonio-FC,-159.04300222563666,0.22,1.1,1,4,3,7,44.3,55.7,3,0,0,1,3,2
2023-08-31 01:00:00,New Mexico United,Las Vegas Lights FC,3.0,3.0,"Albuquerque, New Mexico",USA,Rio Grande Credit Union Field at Isotopes Park,,,,USL Championship,,20230831_New-Mexico-United_Las-Vegas-Lights-FC,122.45853904598516,2.1,1.57,5,4,11,9,57.5,42.5,1,1,0,0,2,5
2023-08-31 02:30:00,Phoenix Rising FC,Sacramento Republic FC,2.0,1.0,"Phoenix, Arizona",USA,Phoenix Rising Stadium at 38th St/Washington,,,,USL Championship,,20230831_Phoenix-Rising-FC_Sacramento-Republic-FC,-66.28456797184526,0.31,1.29,2,3,3,7,38.6,61.4,1,4,0,0,3,2
2023-09-02 23:00:00,Indy Eleven,Miami FC,1.0,0.0,"Indianapolis, Indiana",USA,Michael A. Carroll Stadium,,,,USL Championship,,20230902_Indy-Eleven_Miami-FC,7.919561119807895,1.49,1.03,4,2,8,3,42.0,58.0,1,1,0,0,8,3
2023-09-02 23:30:00,Detroit City FC,Memphis 901 FC,1.0,1.0,"Hamtramck, Michigan",USA,Keyworth Stadium,,,,USL Championship,,20230902_Detroit-City-FC_Memphis-901-FC,-65.40476699768737,1.4,1.47,4,5,7,11,43.1,56.9,2,2,0,0,1,4
2023-09-02 23:30:00,Tampa Bay Rowdies,Hartford Athletic,2.0,1.0,"St. Petersburg, Florida",USA,Al Lang Stadium,,,,USL Championship,,20230902_Tampa-Bay-Rowdies_Hartford-Athletic,277.15511478141616,0.87,0.94,4,3,9,7,57.0,43.0,0,4,0,0,7,3
2023-09-03 01:00:00,Colorado Springs Switchbacks FC,Louisville City FC,2.0,3.0,"Colorado Springs, Colorado",USA,Weidner Field,,,,USL Championship,,20230903_Colorado-Springs-Switchbacks-FC_Louisville-City-FC,-72.4877040923609,1.37,0.46,5,3,11,5,45.4,54.6,3,2,0,0,9,4
2023-09-03 01:00:00,New Mexico United,Charleston Battery,0.0,1.0,"Albuquerque, New Mexico",USA,Rio Grande Credit Union Field at Isotopes Park,,,,USL Championship,,20230903_New-Mexico-United_Charleston-Battery,-11.440876315280548,0.75,0.95,3,1,8,3,52.1,47.9,0,2,0,0,7,5
2023-09-03 01:30:00,El Paso Locomotive FC,Monterey Bay,1.0,2.0,"El Paso, Texas",USA,Southwest University Park,,,,USL Championship,,20230903_El-Paso-Locomotive-FC_Monterey-Bay,39.686114491722265,1.21,0.61,5,2,10,5,51.8,48.2,0,2,0,0,9,8
2023-09-03 02:00:00,Oakland Roots,Sacramento Republic FC,0.0,1.0,"Hayward, California",USA,Pioneer Stadium,,,,USL Championship,,20230903_Oakland-Roots_Sacramento-Republic-FC,-14.369410633685447,1.86,2.21,5,8,10,18,51.8,48.2,1,2,0,1,2,6
2023-09-03 02:30:00,Las Vegas Lights FC,Orange County SC,1.0,5.0,"Las Vegas, Nevada",USA,Cashman Field,,,,USL Championship,,20230903_Las-Vegas-Lights-FC_Orange-County-SC,-184.02584172603247,1.19,2.11,3,6,6,14,38.7,61.3,2,2,1,0,6,14
2023-09-03 02:30:00,Phoenix Rising FC,Rio Grande Valley FC Toros,2.0,0.0,"Phoenix, Arizona",USA,Phoenix Rising Stadium at 38th St/Washington,,,,USL Championship,,20230903_Phoenix-Rising-FC_Rio-Grande-Valley-FC-Toros,16.443261004935948,1.9,1.42,6,4,13,9,58.9,41.1,2,1,0,0,8,1
2023-09-03 22:00:00,San Diego Loyal SC,Birmingham Legion FC,3.0,0.0,"San Diego, California",USA,Torero Stadium,,,,USL Championship,,20230903_San-Diego-Loyal-SC_Birmingham-Legion-FC,34.462164479632065,2.08,0.06,7,0,16,3,57.0,43.0,3,0,0,0,10,2
2023-09-04 01:00:00,FC Tulsa,San Antonio FC,2.0,1.0,"Tulsa, Oklahoma",USA,Hurricane Soccer & Track Stadium,,,,USL Championship,,20230904_FC-Tulsa_San-Antonio-FC,-209.22192354946583,1.43,0.34,6,1,14,1,35.0,65.0,0,3,1,0,5,3
2023-09-07 00:00:00,Memphis 901 FC,Tampa Bay Rowdies,3.0,2.0,"Memphis, Tennessee",USA,AutoZone Park,,,,USL Championship,,20230907_Memphis-901-FC_Tampa-Bay-Rowdies,-76.66402438536102,0.52,1.24,3,3,5,7,43.9,56.1,0,2,0,0,2,4
2023-09-09 23:00:00,Pittsburgh Riverhounds,Loudoun United FC,3.0,1.0,"Pittsburgh, Pennsylvania",USA,Highmark Stadium,,,,USL Championship,,20230909_Pittsburgh-Riverhounds_Loudoun-United-FC,258.75715447560833,0.93,0.9,3,2,6,4,56.9,43.1,2,2,0,0,7,8
2023-09-09 23:30:00,Charleston Battery,San Diego Loyal SC,2.0,0.0,"Mount Pleasant, South Carolina",USA,Patriots Point,,,,USL Championship,,20230909_Charleston-Battery_San-Diego-Loyal-SC,-45.58335606927426,1.3,0.3,5,0,12,0,47.4,52.6,0,1,0,0,9,1
2023-09-09 23:30:00,Detroit City FC,Miami FC,2.0,1.0,"Hamtramck, Michigan",USA,Keyworth Stadium,,,,USL Championship,,20230909_Detroit-City-FC_Miami-FC,15.049500529357829,1.11,1.49,4,5,8,9,55.3,44.7,2,1,0,0,3,3
2023-09-09 23:30:00,Tampa Bay Rowdies,Louisville City FC,2.0,1.0,"St. Petersburg, Florida",USA,Al Lang Stadium,,,,USL Championship,,20230909_Tampa-Bay-Rowdies_Louisville-City-FC,35.594770999085995,2.1,0.29,8,1,15,4,59.5,40.5,0,2,0,0,8,3
2023-09-10 00:00:00,Memphis 901 FC,Monterey Bay,0.0,1.0,"Memphis, Tennessee",USA,AutoZone Park,,,,USL Championship,,20230910_Memphis-901-FC_Monterey-Bay,100.20937949043173,0.91,1.01,4,3,8,6,50.5,49.5,0,1,0,0,4,5
2023-09-10 00:30:00,FC Tulsa,Phoenix Rising FC,0.0,0.0,"Tulsa, Oklahoma",USA,ONEOK Field,,,,USL Championship,,20230910_FC-Tulsa_Phoenix-Rising-FC,-69.86962357820744,0.95,0.55,3,2,5,4,52.8,47.2,0,4,0,0,4,1
2023-09-10 01:00:00,Colorado Springs Switchbacks FC,San Antonio FC,1.0,1.0,"Colorado Springs, Colorado",USA,Weidner Field,,,,USL Championship,,20230910_Colorado-Springs-Switchbacks-FC_San-Antonio-FC,-144.50931163727205,1.71,0.05,5,1,10,3,41.6,58.4,2,1,0,0,5,2
2023-09-10 02:00:00,Orange County SC,El Paso Locomotive FC,0.0,0.0,"Irvine, California",USA,Championship Soccer Stadium,,,,USL Championship,,20230910_Orange-County-SC_El-Paso-Locomotive-FC,82.23209210645496,1.07,1.74,4,6,7,12,45.6,54.4,0,3,0,0,4,7
2023-09-10 02:30:00,Las Vegas Lights FC,Oakland Roots,3.0,1.0,"Las Vegas, Nevada",USA,Cashman Field,,,,USL Championship,,20230910_Las-Vegas-Lights-FC_Oakland-Roots,-164.24766258657246,1.68,0.37,6,1,13,2,45.2,54.8,0,3,0,0,8,3
2023-09-10 22:30:00,Birmingham Legion FC,New Mexico United,1.0,0.0,"Birmingham, Alabama",USA,Protective Stadium,,,,USL Championship,,20230910_Birmingham-Legion-FC_New-Mexico-United,24.14483109975413,1.23,0.79,3,3,5,7,47.6,52.4,3,2,0,0,2,7
2023-09-14 02:30:00,Las Vegas Lights FC,El Paso Locomotive FC,0.0,1.0,"Las Vegas, Nevada",USA,Cashman Field,,,,USL Championship,,20230914_Las-Vegas-Lights-FC_El-Paso-Locomotive-FC,-99.6540477137612,1.18,1.6,2,6,6,12,47.4,52.6,4,2,0,0,1,6
2023-09-16 01:00:00,New Mexico United,Indy Eleven,3.0,2.0,"Albuquerque, New Mexico",USA,Rio Grande Credit Union Field at Isotopes Park,,,,USL Championship,,20230916_New-Mexico-United_Indy-Eleven,-44.442282669129554,1.31,0.57,3,2,3,2,44.7,55.3,1,1,0,0,8,5
2023-09-16 02:00:00,Orange County SC,Colorado Springs Switchbacks FC,0.0,1.0,"Irvine, California",USA,Championship Soccer Stadium,,,,USL Championship,,20230916_Orange-County-SC_Colorado-Springs-Switchbacks-FC,67.1630231666984,0.41,0.69,1,2,3,4,54.4,45.6,4,0,0,0,1,5
2023-09-16 23:00:00,Loudoun United FC,Charleston Battery,2.0,2.0,"Leesburg, Virginia",USA,Segra Field,,,,USL Championship,,20230916_Loudoun-United-FC_Charleston-Battery,-189.44766331289884,1.71,1.2,6,3,12,8,47.2,52.8,1,0,0,0,8,1
2023-09-16 23:00:00,Miami FC,Pittsburgh Riverhounds,1.0,2.0,"Miami, Florida",USA,Riccardo Silva Stadium,,,,USL Championship,,20230916_Miami-FC_Pittsburgh-Riverhounds,-135.93567563064744,1.58,0.14,5,2,10,4,46.7,53.3,3,1,0,0,9,5
2023-09-16 23:30:00,Louisville City FC,San Diego Loyal SC,1.0,0.0,"Louisville, Kentucky",USA,Lynn Family Stadium,,,,USL Championship,,20230916_Louisville-City-FC_San-Diego-Loyal-SC,26.9110275667108,1.08,0.05,3,0,8,0,44.7,55.3,2,2,0,0,5,2
2023-09-17 00:00:00,Memphis 901 FC,Hartford Athletic,4.0,2.0,"Memphis, Tennessee",USA,AutoZone Park,,,,USL Championship,,20230917_Memphis-901-FC_Hartford-Athletic,207.8223969293058,1.51,1.1,4,4,8,9,61.9,38.1,3,0,0,1,4,7
2023-09-17 00:30:00,San Antonio FC,Tampa Bay Rowdies,3.0,3.0,"San Antonio, Texas",USA,Toyota Field,,,,USL Championship,,20230917_San-Antonio-FC_Tampa-Bay-Rowdies,1.865849066470446,2.59,1.15,8,3,17,8,41.7,58.3,5,4,0,0,9,4
2023-09-17 02:00:00,Monterey Bay,Las Vegas Lights FC,3.0,2.0,"Seaside, California",USA,Cardinale Stadium,,,,USL Championship,,20230917_Monterey-Bay_Las-Vegas-Lights-FC,107.92684608909917,1.73,1.14,6,4,12,10,49.4,50.6,2,1,0,0,13,6
2023-09-17 02:00:00,Oakland Roots,FC Tulsa,0.0,1.0,"Hayward, California",USA,Pioneer Stadium,,,,USL Championship,,20230917_Oakland-Roots_FC-Tulsa,50.658135425794626,0.88,1.17,3,5,7,12,45.6,54.4,1,0,0,0,1,7
2023-09-17 02:00:00,Sacramento Republic FC,El Paso Locomotive FC,1.0,0.0,"Sacramento, California",USA,Heart Health Park,,,,USL Championship,,20230917_Sacramento-Republic-FC_El-Paso-Locomotive-FC,76.03658005334273,0.7,0.05,1,1,3,1,57.9,42.1,3,4,0,0,2,2
2023-09-17 02:30:00,Phoenix Rising FC,Detroit City FC,5.0,0.0,"Phoenix, Arizona",USA,Phoenix Rising Stadium at 38th St/Washington,,,,USL Championship,,20230917_Phoenix-Rising-FC_Detroit-City-FC,24.072884735513753,1.99,0.24,6,0,14,1,55.2,44.8,1,2,0,0,13,1
2023-09-18 00:00:00,Rio Grande Valley FC Toros,Birmingham Legion FC,1.0,0.0,"Edinburg, Texas",USA,H-E-B Park,,,,USL Championship,,20230918_Rio-Grande-Valley-FC-Toros_Birmingham-Legion-FC,-19.734085922225404,0.81,1.34,2,4,5,9,46.0,54.0,1,1,0,0,4,4
2023-09-20 23:00:00,Miami FC,Louisville City FC,4.0,3.0,"Miami, Florida",USA,Riccardo Silva Stadium,,,,USL Championship,,20230920_Miami-FC_Louisville-City-FC,-121.76115345940616,2.87,2.1,10,6,20,14,47.9,52.1,2,3,0,0,10,14
2023-09-21 00:00:00,Birmingham Legion FC,Memphis 901 FC,1.0,1.0,"Birmingham, Alabama",USA,Protective Stadium,,,,USL Championship,,20230921_Birmingham-Legion-FC_Memphis-901-FC,-60.06842403086648,0.68,1.15,2,6,4,16,47.7,52.3,1,2,0,0,3,9
2023-09-21 02:00:00,Monterey Bay,San Diego Loyal SC,2.0,3.0,"Seaside, California",USA,Cardinale Stadium,,,,USL Championship,,20230921_Monterey-Bay_San-Diego-Loyal-SC,-39.552876377632174,0.7,0.75,2,4,6,8,47.8,52.2,1,1,0,0,2,3
2023-09-21 02:00:00,Sacramento Republic FC,New Mexico United,0.0,0.0,"Sacramento, California",USA,Heart Health Park,,,,USL Championship,,20230921_Sacramento-Republic-FC_New-Mexico-United,99.77410744675353,0.64,2.37,2,7,2,16,52.8,47.2,3,1,0,0,5,5
2023-09-21 02:30:00,Phoenix Rising FC,Indy Eleven,1.0,1.0,"Phoenix, Arizona",USA,Phoenix Rising Stadium at 38th St/Washington,,,,USL Championship,,20230921_Phoenix-Rising-FC_Indy-Eleven,43.92687137313851,0.34,0.74,1,2,2,3,48.0,52.0,2,0,0,0,3,2
2023-09-23 22:30:00,Loudoun United FC,Louisville City FC,1.0,2.0,"Leesburg, Virginia",USA,Segra Field,,,,USL Championship,,20230923_Loudoun-United-FC_Louisville-City-FC,-223.8785777911762,0.22,1.97,2,8,5,19,40.4,59.6,2,4,0,0,5,12
2023-09-23 23:00:00,Pittsburgh Riverhounds,New Mexico United,2.0,1.0,"Pittsburgh, Pennsylvania",USA,Highmark Stadium,,,,USL Championship,,20230923_Pittsburgh-Riverhounds_New-Mexico-United,128.17450659527913,2.25,0.05,7,1,15,1,58.5,41.5,1,0,0,0,10,2
2023-09-23 23:30:00,Charleston Battery,FC Tulsa,2.0,1.0,"Mount Pleasant, South Carolina",USA,Patriots Point,,,,USL Championship,,20230923_Charleston-Battery_FC-Tulsa,41.11728628947094,0.17,0.79,2,2,5,6,53.2,46.8,3,2,0,0,2,2
2023-09-23 23:30:00,Detroit City FC,Hartford Athletic,3.0,0.0,"Hamtramck, Michigan",USA,Keyworth Stadium,,,,USL Championship,,20230923_Detroit-City-FC_Hartford-Athletic,153.52728038146438,1.43,0.13,6,2,15,3,59.4,40.6,2,4,0,0,12,3
2023-09-23 23:30:00,Tampa Bay Rowdies,Memphis 901 FC,2.0,4.0,"St. Petersburg, Florida",USA,Al Lang Stadium,,,,USL Championship,,20230923_Tampa-Bay-Rowdies_Memphis-901-FC,70.14325697907339,2.08,1.64,5,4,10,7,53.9,46.1,5,1,0,0,10,7
2023-09-24 00:00:00,Colorado Springs Switchbacks FC,Sacramento Republic FC,2.0,0.0,"Colorado Springs, Colorado",USA,Weidner Field,,,,USL Championship,,20230924_Colorado-Springs-Switchbacks-FC_Sacramento-Republic-FC,-66.96291337755338,0.76,1.39,2,6,5,14,47.6,52.4,4,0,0,0,6,6
2023-09-24 00:30:00,San Antonio FC,Orange County SC,4.0,0.0,"San Antonio, Texas",USA,Toyota Field,,,,USL Championship,,20230924_San-Antonio-FC_Orange-County-SC,82.12917118653422,1.72,0.3,6,0,14,2,55.9,44.1,0,0,0,0,8,4
2023-09-24 01:30:00,El Paso Locomotive FC,Phoenix Rising FC,1.0,1.0,"El Paso, Texas",USA,Southwest University Park,,,,USL Championship,,20230924_El-Paso-Locomotive-FC_Phoenix-Rising-FC,-54.899009093048335,1.09,0.6,3,1,7,1,40.7,59.3,1,3,0,0,3,0
2023-09-24 02:00:00,Oakland Roots,Monterey Bay,2.0,2.0,"Hayward, California",USA,Pioneer Stadium,,,,USL Championship,,20230924_Oakland-Roots_Monterey-Bay,18.914965599115476,0.94,1.57,3,6,7,15,49.9,50.1,2,1,0,0,5,13
2023-09-24 21:00:00,Indy Eleven,Rio Grande Valley FC Toros,0.0,1.0,"Indianapolis, Indiana",USA,Michael A. Carroll Stadium,,,,USL Championship,,20230924_Indy-Eleven_Rio-Grande-Valley-FC-Toros,-7.0016524507689155,2.18,0.86,7,3,15,6,45.6,54.4,0,2,0,0,3,3
2023-09-24 22:00:00,San Diego Loyal SC,Las Vegas Lights FC,1.0,1.0,"San Diego, California",USA,Torero Stadium,,,,USL Championship,,20230924_San-Diego-Loyal-SC_Las-Vegas-Lights-FC,174.89505867363414,1.37,0.78,4,1,8,2,49.9,50.1,3,0,1,0,4,2
2023-09-24 22:30:00,Birmingham Legion FC,Miami FC,0.0,2.0,"Birmingham, Alabama",USA,Protective Stadium,,,,USL Championship,,20230924_Birmingham-Legion-FC_Miami-FC,25.75323142874231,0.05,0.72,0,2,0,3,47.6,52.4,1,3,0,0,2,7
2023-09-27 23:00:00,Hartford Athletic,Tampa Bay Rowdies,0.0,2.0,"Hartford, Connecticut",USA,Trinity Health Stadium,,,,USL Championship,,20230927_Hartford-Athletic_Tampa-Bay-Rowdies,-279.68087645048627,0.21,0.98,0,3,1,9,52.6,47.4,1,1,0,0,0,5
2023-09-27 23:30:00,Detroit City FC,Colorado Springs Switchbacks FC,0.0,3.0,"Hamtramck, Michigan",USA,Keyworth Stadium,,,,USL Championship,,20230927_Detroit-City-FC_Colorado-Springs-Switchbacks-FC,-21.820731997919893,1.21,1.07,4,4,7,9,50.0,50.0,2,2,0,0,4,7
2023-09-30 23:00:00,Indy Eleven,Detroit City FC,3.0,0.0,"Indianapolis, Indiana",USA,Michael A. Carroll Stadium,,,,USL Championship,,20230930_Indy-Eleven_Detroit-City-FC,-3.5334666261780967,1.47,1.09,4,3,10,6,54.5,45.5,3,1,1,0,3,5
2023-09-30 23:00:00,Miami FC,Hartford Athletic,2.0,0.0,"Miami, Florida",USA,Riccardo Silva Stadium,,,,USL Championship,,20230930_Miami-FC_Hartford-Athletic,159.10084175863017,1.32,1.17,3,3,6,8,53.6,46.4,3,3,0,1,6,6
2023-09-30 23:00:00,Pittsburgh Riverhounds,FC Tulsa,3.0,2.0,"Pittsburgh, Pennsylvania",USA,Highmark Stadium,,,,USL Championship,,20230930_Pittsburgh-Riverhounds_FC-Tulsa,151.1027183307424,1.96,0.21,7,2,16,6,62.9,37.1,0,1,0,0,9,4
2023-09-30 23:30:00,Tampa Bay Rowdies,Loudoun United FC,1.0,0.0,"St. Petersburg, Florida",USA,Al Lang Stadium,,,,USL Championship,,20230930_Tampa-Bay-Rowdies_Loudoun-United-FC,280.8500411775974,0.57,0.35,2,3,4,8,52.8,47.2,1,1,0,0,5,4
2023-10-01 00:00:00,Colorado Springs Switchbacks FC,Rio Grande Valley FC Toros,1.0,1.0,"Colorado Springs, Colorado",USA,Weidner Field,,,,USL Championship,,20231001_Colorado-Springs-Switchbacks-FC_Rio-Grande-Valley-FC-Toros,17.330793707700423,1.6,0.21,4,1,9,2,54.7,45.3,1,3,0,0,3,4
2023-10-01 00:00:00,Memphis 901 FC,Birmingham Legion FC,1.0,2.0,"Memphis, Tennessee",USA,AutoZone Park,,,,USL Championship,,20231001_Memphis-901-FC_Birmingham-Legion-FC,83.23803399744338,0.79,1.15,1,5,3,10,56.1,43.9,1,1,0,0,5,5
2023-10-01 01:00:00,New Mexico United,Louisville City FC,2.0,0.0,"Albuquerque, New Mexico",USA,Rio Grande Credit Union Field at Isotopes Park,,,,USL Championship,,20231001_New-Mexico-United_Louisville-City-FC,-95.84623858085183,0.05,1.41,2,5,4,11,47.7,52.3,0,5,0,0,3,5
2023-10-01 01:30:00,El Paso Locomotive FC,Charleston Battery,3.0,2.0,"El Paso, Texas",USA,Southwest University Park,,,,USL Championship,,20231001_El-Paso-Locomotive-FC_Charleston-Battery,-43.691643054050246,1.2,1.27,3,3,6,7,52.0,48.0,0,1,0,0,5,6
2023-10-01 02:00:00,Oakland Roots,San Antonio FC,2.0,2.0,"Hayward, California",USA,Pioneer Stadium,,,,USL Championship,,20231001_Oakland-Roots_San-Antonio-FC,-138.0747204804627,1.28,1.74,2,4,5,10,38.2,61.8,0,1,0,0,4,4
2023-10-01 02:00:00,San Diego Loyal SC,Monterey Bay,4.0,1.0,"San Diego, California",USA,Torero Stadium,,,,USL Championship,,20231001_San-Diego-Loyal-SC_Monterey-Bay,54.602413973185776,1.73,0.62,5,2,12,6,52.7,47.3,2,1,0,1,6,10
2023-10-01 02:30:00,Phoenix Rising FC,Orange County SC,1.0,1.0,"Phoenix, Arizona",USA,Phoenix Rising Stadium at 38th St/Washington,,,,USL Championship,,20231001_Phoenix-Rising-FC_Orange-County-SC,-0.8961333301353989,2.21,2.03,7,5,13,13,42.3,57.7,3,4,0,0,5,8
2023-10-01 23:00:00,Sacramento Republic FC,Las Vegas Lights FC,2.0,0.0,"Sacramento, California",USA,Heart Health Park,,,,USL Championship,,20231001_Sacramento-Republic-FC_Las-Vegas-Lights-FC,187.57595112785384,0.76,1.2,2,4,3,8,59.8,40.2,2,3,0,0,2,4
2023-10-04 23:00:00,Hartford Athletic,Rio Grande Valley FC Toros,2.0,2.0,"Hartford, Connecticut",USA,Trinity Health Stadium,,,,USL Championship,,20231004_Hartford-Athletic_Rio-Grande-Valley-FC-Toros,-194.75513843553767,1.29,1.67,5,7,9,15,46.9,53.1,4,0,0,0,6,9
2023-10-05 01:00:00,El Paso Locomotive FC,San Diego Loyal SC,0.0,0.0,"El Paso, Texas",USA,Southwest University Park,,,,USL Championship,,20231005_El-Paso-Locomotive-FC_San-Diego-Loyal-SC,-48.13971517361779,1.1,2.05,2,6,6,14,44.2,55.8,3,1,1,0,2,8
2023-10-05 02:00:00,Orange County SC,Oakland Roots,3.0,1.0,"Irvine, California",USA,Championship Soccer Stadium,,,,USL Championship,,20231005_Orange-County-SC_Oakland-Roots,32.9517396250576,0.7,0.73,3,2,7,6,48.8,51.2,4,0,0,0,7,6
2023-10-07 22:00:00,Charleston Battery,Miami FC,1.0,2.0,"Mount Pleasant, South Carolina",USA,Patriots Point,,,,USL Championship,,20231007_Charleston-Battery_Miami-FC,20.658405744483844,0.2,0.57,1,2,3,6,49.2,50.8,1,3,0,0,2,2
2023-10-07 22:30:00,Loudoun United FC,Detroit City FC,0.0,3.0,"Leesburg, Virginia",USA,Segra Field,,,,USL Championship,,20231007_Loudoun-United-FC_Detroit-City-FC,-145.33972671460947,1.05,1.59,3,5,5,12,42.9,57.1,0,1,0,0,4,3
2023-10-07 23:30:00,Louisville City FC,Hartford Athletic,1.0,1.0,"Louisville, Kentucky",USA,Lynn Family Stadium,,,,USL Championship,,20231007_Louisville-City-FC_Hartford-Athletic,226.60667427654698,0.71,1.85,3,7,5,15,58.6,41.4,2,2,0,0,4,7
2023-10-07 23:30:00,Tampa Bay Rowdies,Pittsburgh Riverhounds,0.0,2.0,"St. Petersburg, Florida",USA,Al Lang Stadium,,,,USL Championship,,20231007_Tampa-Bay-Rowdies_Pittsburgh-Riverhounds,-4.36604940264715,1.48,1.09,5,3,13,7,50.6,49.4,4,4,0,0,10,5
2023-10-08 00:00:00,Memphis 901 FC,El Paso Locomotive FC,4.0,0.0,"Memphis, Tennessee",USA,AutoZone Park,,,,USL Championship,,20231008_Memphis-901-FC_El-Paso-Locomotive-FC,55.913922388741184,1.11,0.49,4,1,9,2,46.1,53.9,2,3,0,0,3,3
2023-10-08 00:00:00,Rio Grande Valley FC Toros,Sacramento Republic FC,2.0,3.0,"Edinburg, Texas",USA,H-E-B Park,,,,USL Championship,,20231008_Rio-Grande-Valley-FC-Toros_Sacramento-Republic-FC,-56.06489258408578,1.06,1.69,4,6,10,14,47.5,52.5,2,2,0,0,8,7
2023-10-08 00:30:00,FC Tulsa,Indy Eleven,1.0,2.0,"Tulsa, Oklahoma",USA,ONEOK Field,,,,USL Championship,,20231008_FC-Tulsa_Indy-Eleven,-38.15931065627069,0.08,0.86,1,2,4,4,43.2,56.8,1,1,0,0,3,3
2023-10-08 02:00:00,Orange County SC,San Antonio FC,1.0,0.0,"Irvine, California",USA,Championship Soccer Stadium,,,,USL Championship,,20231008_Orange-County-SC_San-Antonio-FC,-85.19213664625886,1.04,0.63,5,2,10,3,45.2,54.8,1,3,0,0,10,1
2023-10-08 02:00:00,San Diego Loyal SC,Oakland Roots,4.0,2.0,"San Diego, California",USA,Torero Stadium,,,,USL Championship,,20231008_San-Diego-Loyal-SC_Oakland-Roots,51.802613937185015,1.71,0.73,7,2,14,5,51.0,49.0,3,0,0,0,4,3
2023-10-08 02:30:00,Las Vegas Lights FC,Colorado Springs Switchbacks FC,2.0,3.0,"Las Vegas, Nevada",USA,Cashman Field,,,,USL Championship,,20231008_Las-Vegas-Lights-FC_Colorado-Springs-Switchbacks-FC,-165.91664528964475,0.42,1.64,2,4,4,11,55.3,44.7,3,0,0,0,9,9
2023-10-08 02:30:00,Phoenix Rising FC,New Mexico United,1.0,2.0,"Phoenix, Arizona",USA,Phoenix Rising Stadium at 38th St/Washington,,,,USL Championship,,20231008_Phoenix-Rising-FC_New-Mexico-United,47.1373084234956,0.98,1.2,4,2,9,4,53.1,46.9,2,2,0,0,7,4
2023-10-08 21:00:00,Birmingham Legion FC,Monterey Bay,2.0,0.0,"Birmingham, Alabama",USA,Protective Stadium,,,,USL Championship,,20231008_Birmingham-Legion-FC_Monterey-Bay,30.692001010386548,0.93,1.67,2,5,3,10,52.8,47.2,0,2,0,0,4,5
2023-10-13 23:00:00,Hartford Athletic,FC Tulsa,2.0,5.0,"Hartford, Connecticut",USA,Trinity Health Stadium,,,,USL Championship,,20231013_Hartford-Athletic_FC-Tulsa,-113.9357872210976,1.55,2.13,5,6,11,14,46.3,53.7,0,1,0,0,5,7
2023-10-14 01:00:00,New Mexico United,Memphis 901 FC,4.0,1.0,"Albuquerque, New Mexico",USA,Rio Grande Credit Union Field at Isotopes Park,,,,USL Championship,,20231014_New-Mexico-United_Memphis-901-FC,-63.50274302298362,1.86,1.58,7,5,14,11,43.3,56.7,2,1,0,0,8,7
2023-10-14 20:00:00,Detroit City FC,Pittsburgh Riverhounds,0.0,0.0,"Hamtramck, Michigan",USA,Keyworth Stadium,,,,USL Championship,,20231014_Detroit-City-FC_Pittsburgh-Riverhounds,-152.42344237967927,1.17,1.02,4,3,9,5,47.7,52.3,3,1,0,1,6,4
2023-10-14 21:00:00,Charleston Battery,Birmingham Legion FC,1.0,0.0,"Mount Pleasant, South Carolina",USA,Patriots Point,,,,USL Championship,,20231014_Charleston-Battery_Birmingham-Legion-FC,-10.93637429808291,1.86,0.05,6,0,13,0,49.2,50.8,5,4,0,1,8,3
2023-10-14 23:30:00,Louisville City FC,Tampa Bay Rowdies,2.0,3.0,"Louisville, Kentucky",USA,Lynn Family Stadium,,,,USL Championship,,20231014_Louisville-City-FC_Tampa-Bay-Rowdies,-60.83390796506069,0.97,1.23,4,4,6,10,46.9,53.1,3,2,0,0,2,4
2023-10-15 00:00:00,Colorado Springs Switchbacks FC,Phoenix Rising FC,2.0,0.0,"Colorado Springs, Colorado",USA,Weidner Field,,,,USL Championship,,20231015_Colorado-Springs-Switchbacks-FC_Phoenix-Rising-FC,16.72038489880083,0.73,1.02,3,4,5,9,53.7,46.3,1,2,0,0,3,2
2023-10-15 00:00:00,Rio Grande Valley FC Toros,Loudoun United FC,2.0,1.0,"Edinburg, Texas",USA,H-E-B Park,,,,USL Championship,,20231015_Rio-Grande-Valley-FC-Toros_Loudoun-United-FC,176.11741331113808,0.78,0.14,2,1,5,4,48.3,51.7,2,4,0,0,4,4
2023-10-15 00:30:00,San Antonio FC,Indy Eleven,3.0,3.0,"San Antonio, Texas",USA,Toyota Field,,,,USL Championship,,20231015_San-Antonio-FC_Indy-Eleven,110.01468489913373,2.08,1.75,6,5,14,9,56.0,44.0,1,1,1,0,13,5
2023-10-15 02:00:00,Monterey Bay,Orange County SC,0.0,1.0,"Seaside, California",USA,Cardinale Stadium,,,,USL Championship,,20231015_Monterey-Bay_Orange-County-SC,-101.91646573462799,0.23,1.85,1,6,4,13,53.4,46.6,3,2,0,1,6,8
2023-10-15 02:00:00,Oakland Roots,El Paso Locomotive FC,1.0,2.0,"Hayward, California",USA,Pioneer Stadium,,,,USL Championship,,20231015_Oakland-Roots_El-Paso-Locomotive-FC,-7.105794063022586,0.95,0.96,1,2,1,2,51.2,48.8,1,2,0,0,2,1
2023-10-15 02:00:00,Sacramento Republic FC,Miami FC,1.0,0.0,"Sacramento, California",USA,Heart Health Park,,,,USL Championship,,20231015_Sacramento-Republic-FC_Miami-FC,69.26758230656878,0.83,0.61,4,4,8,8,46.0,54.0,0,0,0,0,6,6
2023-10-15 02:30:00,Las Vegas Lights FC,San Diego Loyal SC,0.0,2.0,"Las Vegas, Nevada",USA,Las Vegas Ballpark,,,,USL Championship,,20231015_Las-Vegas-Lights-FC_San-Diego-Loyal-SC,-195.1955327252697,0.41,1.09,0,4,0,9,43.6,56.4,2,2,1,0,6,4
2023-10-21 22:30:00,Memphis 901 FC,Louisville City FC,1.0,1.0,"Memphis, Tennessee",USA,AutoZone Park,,,,USL Championship,,20231021_Memphis-901-FC_Louisville-City-FC,14.361362643187022,0.46,1.28,1,3,3,6,52.7,47.3,1,0,0,0,0,6
2023-10-21 23:00:00,Pittsburgh Riverhounds,Detroit City FC,0.0,1.0,"Pittsburgh, Pennsylvania",USA,Highmark Stadium,,,,USL Championship,,20231021_Pittsburgh-Riverhounds_Detroit-City-FC,142.5216534826186,0.16,1.11,1,3,0,7,53.7,46.3,0,4,0,0,4,4
2023-10-21 23:30:00,Tampa Bay Rowdies,Birmingham Legion FC,0.0,3.0,"St. Petersburg, Florida",USA,Al Lang Stadium,,,,USL Championship,,20231021_Tampa-Bay-Rowdies_Birmingham-Legion-FC,117.25942516193368,1.28,1.28,5,5,13,12,55.9,44.1,3,3,0,1,5,4
2023-10-22 01:00:00,San Antonio FC,Colorado Springs Switchbacks FC,1.0,0.0,"San Antonio, Texas",USA,Toyota Field,,,,USL Championship,,20231022_San-Antonio-FC_Colorado-Springs-Switchbacks-FC,63.80395730625605,1.79,0.22,4,1,10,2,53.9,46.1,1,1,0,0,8,0
2023-10-22 02:00:00,Sacramento Republic FC,New Mexico United,1.0,0.0,"Sacramento, California",USA,Heart Health Park,,,,USL Championship,,20231022_Sacramento-Republic-FC_New-Mexico-United,69.33216275890322,0.76,0.79,2,4,4,9,50.5,49.5,1,4,0,0,4,5
2023-10-22 02:30:00,Orange County SC,El Paso Locomotive FC,1.0,0.0,"Irvine, California",USA,Championship Soccer Stadium,,,,USL Championship,,20231022_Orange-County-SC_El-Paso-Locomotive-FC,69.50823718928223,0.5,0.05,2,0,5,0,55.0,45.0,1,2,0,0,6,0
2023-10-22 20:00:00,Charleston Battery,Indy Eleven,5.0,0.0,"Mount Pleasant, South Carolina",USA,Patriots Point,,,,USL Championship,,20231022_Charleston-Battery_Indy-Eleven,3.016703580264675,1.46,0.5,5,1,13,3,50.9,49.1,0,1,0,0,9,3
2023-10-23 02:00:00,San Diego Loyal SC,Phoenix Rising FC,3.0,4.0,"San Diego, California",USA,Torero Stadium,,,,USL Championship,,20231023_San-Diego-Loyal-SC_Phoenix-Rising-FC,49.97295283049789,1.8,1.3,5,4,12,10,50.5,49.5,2,0,0,0,10,4
2023-10-28 02:30:00,Sacramento Republic FC,San Antonio FC,3.0,1.0,"Sacramento, California",USA,Heart Health Park,,,,USL Championship,,20231028_Sacramento-Republic-FC_San-Antonio-FC,-28.531021718039483,0.8,0.95,3,3,6,6,45.9,54.1,3,1,0,0,7,3
2023-10-28 23:00:00,Charleston Battery,Birmingham Legion FC,2.0,1.0,"Mount Pleasant, South Carolina",USA,Patriots Point,,,,USL Championship,,20231028_Charleston-Battery_Birmingham-Legion-FC,9.811722163689637,1.78,0.49,5,1,13,1,52.7,47.3,3,3,0,0,5,3
2023-10-28 23:30:00,Louisville City FC,Detroit City FC,4.0,0.0,"Louisville, Kentucky",USA,Lynn Family Stadium,,,,USL Championship,,20231028_Louisville-City-FC_Detroit-City-FC,32.48601434425473,2.06,2.09,9,5,19,10,52.9,47.1,0,2,0,0,6,7
2023-10-29 02:00:00,Orange County SC,Phoenix Rising FC,1.0,2.0,"Irvine, California",USA,Championship Soccer Stadium,,,,USL Championship,,20231029_Orange-County-SC_Phoenix-Rising-FC,56.11958893777637,0.33,1.94,1,6,4,13,51.0,49.0,3,3,1,0,5,3
2023-11-04 23:30:00,Charleston Battery,Louisville City FC,2.0,1.0,"Mount Pleasant, South Carolina",USA,Patriots Point,,,,USL Championship,,20231104_Charleston-Battery_Louisville-City-FC,-10.586474716850034,1.4,0.87,3,2,7,6,50.1,49.9,3,6,0,0,8,0
2023-11-05 02:00:00,Sacramento Republic FC,Phoenix Rising FC,1.0,2.0,"Sacramento, California",USA,Heart Health Park,,,,USL Championship,,20231105_Sacramento-Republic-FC_Phoenix-Rising-FC,70.00733957972193,1.16,0.83,3,4,6,9,43.1,56.9,0,1,0,0,1,6
2023-11-13 00:00:00,Charleston Battery,Phoenix Rising FC,1.0,1.0,"Mount Pleasant, South Carolina",USA,Patriots Point,,,,USL Championship,,20231113_Charleston-Battery_Phoenix-Rising-FC,-2.371448386959173,0.85,0.46,3,3,6,7,48.7,51.3,1,1,0,0,3,7
2024-03-09 21:00:00,Memphis 901 FC,Las Vegas Lights FC,2.0,1.0,"Memphis, Tennessee",USA,AutoZone Park,,,,USL Championship,,20240309_Memphis-901-FC_Las-Vegas-Lights-FC,197.35850905757366,1.48,1.76,5,4,13,7,65.1,34.9,1,2,0,0,6,5
2024-03-09 21:00:00,New Mexico United,Pittsburgh Riverhounds,1.0,0.0,"Albuquerque, New Mexico",USA,Rio Grande Credit Union Field at Isotopes Park,,,,USL Championship,,20240309_New-Mexico-United_Pittsburgh-Riverhounds,-107.6433614175287,0.05,0.75,1,4,0,8,48.9,51.1,3,4,0,0,3,8
2024-03-10 00:00:00,Miami FC,Colorado Springs Switchbacks FC,2.0,0.0,"Miami, Florida",USA,Riccardo Silva Stadium,,,,USL Championship,,20240310_Miami-FC_Colorado-Springs-Switchbacks-FC,-43.26738948797151,0.91,1.07,4,5,9,9,47.7,52.3,0,2,0,0,2,5
2024-03-10 00:00:00,North Carolina FC,Charleston Battery,0.0,0.0,"Cary, North Carolina",USA,WakeMed Soccer Park,,,,USL Championship,,20240310_North-Carolina-FC_Charleston-Battery,-67.14357947123858,0.45,0.81,1,3,2,9,52.6,47.4,2,1,0,0,1,3
2024-03-10 01:30:00,San Antonio FC,Loudoun United FC,2.0,2.0,"San Antonio, Texas",USA,Toyota Field,,,,USL Championship,,20240310_San-Antonio-FC_Loudoun-United-FC,293.55559958235995,0.43,1.07,4,3,9,7,59.3,40.7,2,1,0,0,5,6
2024-03-10 02:00:00,El Paso Locomotive FC,Hartford Athletic,0.0,1.0,"El Paso, Texas",USA,Southwest University Park,,,,USL Championship,,20240310_El-Paso-Locomotive-FC_Hartford-Athletic,165.70048585508152,0.05,0.84,0,3,1,7,59.4,40.6,1,1,0,0,4,7
2024-03-10 02:30:00,Phoenix Rising FC,Birmingham Legion FC,0.0,1.0,"Phoenix, Arizona",USA,Phoenix Rising Stadium at 38th St/Washington,,,,USL Championship,,20240310_Phoenix-Rising-FC_Birmingham-Legion-FC,47.789206027806586,0.6,1.53,3,5,7,9,50.6,49.4,0,0,0,0,6,5
2024-03-10 03:00:00,Oakland Roots,Indy Eleven,2.0,1.0,"Hayward, California",USA,Pioneer Stadium,,,,USL Championship,,20240310_Oakland-Roots_Indy-Eleven,-28.735333957929015,2.32,0.48,7,1,15,3,49.4,50.6,0,2,0,0,5,3
2024-03-10 03:00:00,Sacramento Republic FC,Orange County SC,2.0,2.0,"Sacramento, California",USA,Heart Health Park,,,,USL Championship,,20240310_Sacramento-Republic-FC_Orange-County-SC,27.34522205546341,1.39,1.43,5,6,11,12,51.7,48.3,2,0,0,0,1,13
2024-03-14 01:00:00,El Paso Locomotive FC,Monterey Bay,1.0,1.0,"El Paso, Texas",USA,Southwest University Park,,,,USL Championship,,20240314_El-Paso-Locomotive-FC_Monterey-Bay,22.60718229782151,1.01,0.77,3,2,6,5,48.5,51.5,2,2,0,0,3,7
2024-03-16 19:00:00,El Paso Locomotive FC,Louisville City FC,0.0,1.0,"El Paso, Texas",USA,Southwest University Park,,,,USL Championship,,20240316_El-Paso-Locomotive-FC_Louisville-City-FC,-62.54663762336804,1.19,0.93,5,3,12,8,59.7,40.3,0,0,0,0,10,7
2024-03-16 20:00:00,Loudoun United FC,North Carolina FC,3.0,1.0,"Leesburg, Virginia",USA,Segra Field,,,,USL Championship,,20240316_Loudoun-United-FC_North-Carolina-FC,-159.96604858590263,0.93,1.04,3,3,5,6,43.3,56.7,1,0,0,0,4,5
2024-03-16 20:00:00,Memphis 901 FC,Indy Eleven,1.0,2.0,"Memphis, Tennessee",USA,AutoZone Park,,,,USL Championship,,20240316_Memphis-901-FC_Indy-Eleven,70.36782570952846,0.47,1.27,1,4,3,7,57.2,42.8,4,2,0,0,4,6
2024-03-16 20:00:00,Rhode Island FC,New Mexico United,1.0,1.0,"Smithfield, Rhode Island",USA,Beirne Stadium,,,,USL Championship,,20240316_Rhode-Island-FC_New-Mexico-United,-39.069342180370995,0.94,0.46,3,1,8,1,50.8,49.2,1,1,0,0,4,4
2024-03-16 23:00:00,Miami FC,Sacramento Republic FC,0.0,1.0,"Miami, Florida",USA,Riccardo Silva Stadium,,,,USL Championship,,20240316_Miami-FC_Sacramento-Republic-FC,-82.34999142155038,1.0,0.97,2,4,5,10,42.2,57.8,2,3,1,0,5,8
2024-03-16 23:00:00,Pittsburgh Riverhounds,Orange County SC,0.0,2.0,"Pittsburgh, Pennsylvania",USA,Highmark Stadium,,,,USL Championship,,20240316_Pittsburgh-Riverhounds_Orange-County-SC,31.23985732780261,0.18,0.92,0,2,0,4,56.3,43.7,0,2,0,0,1,5
2024-03-16 23:30:00,Tampa Bay Rowdies,San Antonio FC,2.0,2.0,"St. Petersburg, Florida",USA,Al Lang Stadium,,,,USL Championship,,20240316_Tampa-Bay-Rowdies_San-Antonio-FC,-0.6816033382024216,0.76,1.63,2,5,6,11,43.6,56.4,1,2,0,0,4,7
2024-03-17 00:00:00,Colorado Springs Switchbacks FC,Detroit City FC,1.0,2.0,"Colorado Springs, Colorado",USA,Weidner Field,,,,USL Championship,,20240317_Colorado-Springs-Switchbacks-FC_Detroit-City-FC,32.63621072516207,0.81,1.06,2,2,4,6,52.9,47.1,2,0,0,0,2,5
2024-03-17 00:00:00,Las Vegas Lights FC,FC Tulsa,1.0,3.0,"Las Vegas, Nevada",USA,Cashman Field,,,,USL Championship,,20240317_Las-Vegas-Lights-FC_FC-Tulsa,-108.53108500472672,0.63,0.77,2,3,6,9,34.7,65.3,3,3,0,0,5,10
2024-03-17 02:00:00,Monterey Bay,Phoenix Rising FC,1.0,0.0,"Seaside, California",USA,Cardinale Stadium,,,,USL Championship,,20240317_Monterey-Bay_Phoenix-Rising-FC,-86.38825142874589,1.38,1.42,6,7,12,14,53.6,46.4,2,2,0,0,8,8
2024-03-17 02:00:00,Oakland Roots,Charleston Battery,1.0,1.0,"Hayward, California",USA,Pioneer Stadium,,,,USL Championship,,20240317_Oakland-Roots_Charleston-Battery,-64.37145973815996,1.29,0.91,4,3,7,9,44.3,55.7,1,1,0,0,6,8
2024-03-23 18:00:00,Hartford Athletic,Birmingham Legion FC,1.0,0.0,"Hartford, Connecticut",USA,Trinity Health Stadium,,,,USL Championship,,20240323_Hartford-Athletic_Birmingham-Legion-FC,-175.10192330719315,0.22,0.06,1,0,3,1,44.4,55.6,2,1,0,0,2,2
2024-03-23 20:00:00,Detroit City FC,Loudoun United FC,2.0,1.0,"Hamtramck, Michigan",USA,Keyworth Stadium,,,,USL Championship,,20240323_Detroit-City-FC_Loudoun-United-FC,164.6683781628724,1.24,1.65,4,4,8,8,53.5,46.5,2,1,1,0,8,5
2024-03-23 20:00:00,Louisville City FC,Pittsburgh Riverhounds,3.0,1.0,"Louisville, Kentucky",USA,Lynn Family Stadium,,,,USL Championship,,20240323_Louisville-City-FC_Pittsburgh-Riverhounds,-39.65015967759609,1.2,0.58,4,2,9,6,48.9,51.1,3,0,0,0,5,6
2024-03-23 23:00:00,Indy Eleven,Sacramento Republic FC,1.0,1.0,"Indianapolis, Indiana",USA,Michael A. Carroll Stadium,,,,USL Championship,,20240323_Indy-Eleven_Sacramento-Republic-FC,-101.30011662002266,0.57,0.43,1,1,4,2,45.1,54.9,1,0,0,0,5,1
2024-03-23 23:00:00,North Carolina FC,Tampa Bay Rowdies,1.0,1.0,"Cary, North Carolina",USA,WakeMed Soccer Park,,,,USL Championship,,20240323_North-Carolina-FC_Tampa-Bay-Rowdies,-133.57483862687332,0.32,0.74,1,4,3,8,46.5,53.5,0,1,0,0,2,5
2024-03-23 23:30:00,Charleston Battery,New Mexico United,4.0,0.0,"Mount Pleasant, South Carolina",USA,Patriots Point,,,,USL Championship,,20240323_Charleston-Battery_New-Mexico-United,24.929157700785026,2.36,1.26,8,5,17,9,50.4,49.6,1,3,0,0,5,5
2024-03-24 00:00:00,Las Vegas Lights FC,El Paso Locomotive FC,1.0,0.0,"Las Vegas, Nevada",USA,Cashman Field,,,,USL Championship,,20240324_Las-Vegas-Lights-FC_El-Paso-Locomotive-FC,-124.29670481244307,0.05,0.55,1,1,3,3,48.0,52.0,1,0,0,0,3,0
2024-03-24 00:30:00,San Antonio FC,Colorado Springs Switchbacks FC,2.0,0.0,"San Antonio, Texas",USA,Toyota Field,,,,USL Championship,,20240324_San-Antonio-FC_Colorado-Springs-Switchbacks-FC,88.78841896474455,1.29,1.41,3,3,8,5,51.8,48.2,1,1,0,0,4,4
2024-03-24 02:00:00,Orange County SC,Miami FC,2.0,2.0,"Irvine, California",USA,Championship Soccer Stadium,,,,USL Championship,,20240324_Orange-County-SC_Miami-FC,79.17373263951299,1.13,0.09,5,2,12,6,50.6,49.4,4,4,0,0,8,7
2024-03-24 02:00:00,Phoenix Rising FC,Oakland Roots,1.0,0.0,"Phoenix, Arizona",USA,Phoenix Rising Stadium at 38th St/Washington,,,,USL Championship,,20240324_Phoenix-Rising-FC_Oakland-Roots,38.107504602500285,1.65,0.23,6,2,11,4,61.7,38.3,0,0,0,0,5,5
2024-03-24 22:00:00,Monterey Bay,Rhode Island FC,2.0,2.0,"Seaside, California",USA,Cardinale Stadium,,,,USL Championship,,20240324_Monterey-Bay_Rhode-Island-FC,-17.09729394395731,1.9,1.62,6,5,11,11,47.5,52.5,1,3,1,0,7,6
2024-03-29 23:00:00,North Carolina FC,Hartford Athletic,2.0,1.0,"Cary, North Carolina",USA,WakeMed Soccer Park,,,,USL Championship,,20240329_North-Carolina-FC_Hartford-Athletic,111.84111663632916,2.09,0.05,6,1,14,2,50.4,49.6,2,1,0,0,11,6
2024-03-30 20:00:00,Louisville City FC,Birmingham Legion FC,5.0,0.0,"Louisville, Kentucky",USA,Lynn Family Stadium,,,,USL Championship,,20240330_Louisville-City-FC_Birmingham-Legion-FC,58.52406848348414,1.85,0.05,6,0,13,0,50.7,49.3,0,4,0,0,8,1
2024-03-30 23:00:00,Indy Eleven,Detroit City FC,1.0,2.0,"Indianapolis, Indiana",USA,Michael A. Carroll Stadium,,,,USL Championship,,20240330_Indy-Eleven_Detroit-City-FC,-9.82438358229956,1.22,0.53,4,2,10,4,51.4,48.6,0,2,0,0,5,1
2024-03-30 23:00:00,Miami FC,Charleston Battery,1.0,2.0,"Miami, Florida",USA,Riccardo Silva Stadium,,,,USL Championship,,20240330_Miami-FC_Charleston-Battery,-52.93842469742731,0.3,1.03,1,3,2,6,52.2,47.8,2,3,0,0,5,5
2024-03-30 23:30:00,Tampa Bay Rowdies,Rhode Island FC,4.0,1.0,"St. Petersburg, Florida",USA,Al Lang Stadium,,,,USL Championship,,20240330_Tampa-Bay-Rowdies_Rhode-Island-FC,113.54774901629071,0.77,1.54,4,6,9,12,52.9,47.1,0,1,1,0,6,3
2024-03-31 00:30:00,San Antonio FC,Monterey Bay,2.0,1.0,"San Antonio, Texas",USA,Toyota Field,,,,USL Championship,,20240331_San-Antonio-FC_Monterey-Bay,143.49677806345517,1.58,0.89,6,4,13,8,52.8,47.2,2,2,0,0,8,4
2024-03-31 02:00:00,Oakland Roots,Las Vegas Lights FC,0.0,3.0,"Hayward, California",USA,Pioneer Stadium,,,,USL Championship,,20240331_Oakland-Roots_Las-Vegas-Lights-FC,119.66085046899934,0.52,1.92,1,6,3,13,56.7,43.3,0,0,0,0,3,4
2024-03-31 02:00:00,Orange County SC,FC Tulsa,1.0,0.0,"Irvine, California",USA,Championship Soccer Stadium,,,,USL Championship,,20240331_Orange-County-SC_FC-Tulsa,113.17441671855909,1.05,0.05,3,3,6,7,54.4,45.6,1,2,0,0,4,5
2024-03-31 02:00:00,Sacramento Republic FC,Memphis 901 FC,1.0,0.0,"Sacramento, California",USA,Heart Health Park,,,,USL Championship,,20240331_Sacramento-Republic-FC_Memphis-901-FC,56.3248392624846,1.41,0.41,5,2,10,5,57.9,42.1,2,5,0,0,5,5
2024-03-31 02:30:00,Phoenix Rising FC,New Mexico United,0.0,1.0,"Phoenix, Arizona",USA,Phoenix Rising Stadium at 38th St/Washington,,,,USL Championship,,20240331_Phoenix-Rising-FC_New-Mexico-United,24.89115262465475,0.97,1.43,4,5,9,12,50.4,49.6,3,1,0,0,8,13
2024-04-06 00:30:00,FC Tulsa,Phoenix Rising FC,3.0,3.0,"Tulsa, Oklahoma",USA,ONEOK Field,,,,USL Championship,,20240406_FC-Tulsa_Phoenix-Rising-FC,-65.36206483952355,1.09,1.25,4,3,8,8,49.8,50.2,1,3,0,0,4,3
2024-04-06 18:00:00,Detroit City FC,North Carolina FC,1.0,0.0,"Hamtramck, Michigan",USA,Keyworth Stadium,,,,USL Championship,,20240406_Detroit-City-FC_North-Carolina-FC,44.73251057582161,1.7,0.08,5,2,12,5,48.9,51.1,1,3,0,0,5,3
2024-04-06 18:00:00,Hartford Athletic,Miami FC,3.0,2.0,"Hartford, Connecticut",USA,Trinity Health Stadium,,,,USL Championship,,20240406_Hartford-Athletic_Miami-FC,-141.25318077774364,1.79,0.86,4,2,9,5,49.5,50.5,1,0,0,0,4,3
2024-04-06 20:00:00,Louisville City FC,Indy Eleven,5.0,3.0,"Louisville, Kentucky",USA,Lynn Family Stadium,,,,USL Championship,,20240406_Louisville-City-FC_Indy-Eleven,76.76470773447568,0.8,0.66,5,3,10,5,56.5,43.5,2,1,0,1,5,1
2024-04-06 20:00:00,Memphis 901 FC,Orange County SC,0.0,2.0,"Memphis, Tennessee",USA,AutoZone Park,,,,USL Championship,,20240406_Memphis-901-FC_Orange-County-SC,-53.7428329759814,0.05,0.79,0,4,0,11,46.3,53.7,3,1,0,0,3,6
2024-04-06 23:00:00,Pittsburgh Riverhounds,Tampa Bay Rowdies,0.0,0.0,"Pittsburgh, Pennsylvania",USA,Highmark Stadium,,,,USL Championship,,20240406_Pittsburgh-Riverhounds_Tampa-Bay-Rowdies,-33.4471157981111,1.43,0.95,3,4,4,8,52.7,47.3,2,2,0,0,5,7
2024-04-06 23:30:00,Rhode Island FC,Charleston Battery,0.0,0.0,"Smithfield, Rhode Island",USA,Beirne Stadium,,,,USL Championship,,20240406_Rhode-Island-FC_Charleston-Battery,-91.43919980950841,1.44,0.05,7,0,14,0,50.4,49.6,0,3,0,0,10,2
2024-04-07 00:00:00,Colorado Springs Switchbacks FC,Sacramento Republic FC,0.0,2.0,"Colorado Springs, Colorado",USA,Weidner Field,,,,USL Championship,,20240407_Colorado-Springs-Switchbacks-FC_Sacramento-Republic-FC,-104.05478114066136,1.23,1.51,5,5,13,10,52.3,47.7,1,0,0,0,6,8
2024-04-07 01:00:00,New Mexico United,El Paso Locomotive FC,3.0,2.0,"Albuquerque, New Mexico",USA,Rio Grande Credit Union Field at Isotopes Park,,,,USL Championship,,20240407_New-Mexico-United_El-Paso-Locomotive-FC,75.05450623552406,1.77,0.87,6,2,13,2,49.9,50.1,1,1,0,0,5,1
2024-04-07 02:00:00,Oakland Roots,Monterey Bay,0.0,1.0,"Hayward, California",USA,Pioneer Stadium,,,,USL Championship,,20240407_Oakland-Roots_Monterey-Bay,-1.5151377405418316,1.35,1.81,5,7,11,17,54.5,45.5,0,1,0,0,4,5
2024-04-07 02:30:00,Las Vegas Lights FC,San Antonio FC,1.0,0.0,"Las Vegas, Nevada",USA,Cashman Field,,,,USL Championship,,20240407_Las-Vegas-Lights-FC_San-Antonio-FC,-247.33417011375468,1.38,0.87,4,2,9,5,47.9,52.1,0,1,0,0,8,4
2024-04-07 21:00:00,Birmingham Legion FC,Loudoun United FC,3.0,1.0,"Birmingham, Alabama",USA,Protective Stadium,,,,USL Championship,,20240407_Birmingham-Legion-FC_Loudoun-United-FC,154.8354394673811,0.64,1.35,3,4,8,8,59.7,40.3,3,1,0,0,4,3
2024-04-09 23:00:00,Charleston Battery,Louisville City FC,3.0,2.0,"Mount Pleasant, South Carolina",USA,Patriots Point,,,,USL Championship,,20240409_Charleston-Battery_Louisville-City-FC,-14.638357770602624,0.69,1.5,3,5,5,11,52.6,47.4,2,1,0,0,6,7
2024-04-11 23:00:00,Miami FC,Tampa Bay Rowdies,2.0,5.0,"Miami, Florida",USA,FIU Soccer Stadium,,,,USL Championship,,20240411_Miami-FC_Tampa-Bay-Rowdies,-127.31727665374274,0.53,2.39,2,6,2,14,45.6,54.4,2,2,0,0,5,0
2024-04-13 20:00:00,Loudoun United FC,Memphis 901 FC,2.0,1.0,"Leesburg, Virginia",USA,Segra Field,,,,USL Championship,,20240413_Loudoun-United-FC_Memphis-901-FC,-193.1704089859893,0.89,1.55,2,4,5,10,47.8,52.2,0,0,0,0,3,6
2024-04-13 23:00:00,Indy Eleven,Charleston Battery,2.0,4.0,"Indianapolis, Indiana",USA,Michael A. Carroll Stadium,,,,USL Championship,,20240413_Indy-Eleven_Charleston-Battery,-93.41355981985816,1.55,1.03,5,5,11,10,41.2,58.8,3,3,0,1,6,7
2024-04-13 23:30:00,Rhode Island FC,Pittsburgh Riverhounds,0.0,0.0,"Smithfield, Rhode Island",USA,Beirne Stadium,,,,USL Championship,,20240413_Rhode-Island-FC_Pittsburgh-Riverhounds,-94.58927383797663,0.89,0.46,4,0,9,0,45.1,54.9,2,0,0,0,4,5
2024-04-14 00:30:00,San Antonio FC,Orange County SC,0.0,0.0,"San Antonio, Texas",USA,Toyota Field,,,,USL Championship,,20240414_San-Antonio-FC_Orange-County-SC,3.2623066522075987,0.34,1.26,3,6,7,14,47.9,52.1,0,3,0,0,6,4
2024-04-14 01:00:00,El Paso Locomotive FC,Oakland Roots,2.0,3.0,"El Paso, Texas",USA,Southwest University Park,,,,USL Championship,,20240414_El-Paso-Locomotive-FC_Oakland-Roots,-9.12448301923564,1.62,1.31,6,4,13,8,58.9,41.1,0,0,0,0,5,6
2024-04-14 02:00:00,Monterey Bay,Las Vegas Lights FC,3.0,1.0,"Seaside, California",USA,Cardinale Stadium,,,,USL Championship,,20240414_Monterey-Bay_Las-Vegas-Lights-FC,81.8275230824488,1.51,1.3,5,6,12,14,54.8,45.2,0,0,0,0,9,5
2024-04-14 02:00:00,Sacramento Republic FC,FC Tulsa,1.0,1.0,"Sacramento, California",USA,Heart Health Park,,,,USL Championship,,20240414_Sacramento-Republic-FC_FC-Tulsa,158.625362167601,0.64,0.19,1,1,3,1,58.6,41.4,2,0,0,0,4,1
2024-04-14 02:30:00,Phoenix Rising FC,Colorado Springs Switchbacks FC,1.0,0.0,"Phoenix, Arizona",USA,Phoenix Rising Stadium at 38th St/Washington,,,,USL Championship,,20240414_Phoenix-Rising-FC_Colorado-Springs-Switchbacks-FC,23.348572402142963,1.17,1.86,3,3,9,7,55.9,44.1,2,2,0,0,9,4
2024-04-14 21:00:00,North Carolina FC,Birmingham Legion FC,1.0,1.0,"Cary, North Carolina",USA,WakeMed Soccer Park,,,,USL Championship,,20240414_North-Carolina-FC_Birmingham-Legion-FC,-27.27577410849335,0.37,0.79,1,3,3,6,46.8,53.2,0,1,0,0,1,5
2024-04-20 20:00:00,Detroit City FC,Oakland Roots,3.0,1.0,"Hamtramck, Michigan",USA,Keyworth Stadium,,,,USL Championship,,20240420_Detroit-City-FC_Oakland-Roots,77.23464521735809,1.84,0.89,7,4,15,9,59.2,40.8,0,2,0,0,6,2
2024-04-20 20:00:00,Loudoun United FC,Louisville City FC,0.0,1.0,"Leesburg, Virginia",USA,Segra Field,,,,USL Championship,,20240420_Loudoun-United-FC_Louisville-City-FC,-219.16051362448434,0.88,0.22,2,1,6,1,48.0,52.0,1,0,0,0,1,1
2024-04-20 21:00:00,Hartford Athletic,San Antonio FC,1.0,3.0,"Hartford, Connecticut",USA,Trinity Health Stadium,,,,USL Championship,,20240420_Hartford-Athletic_San-Antonio-FC,-230.1413619367247,1.09,2.27,3,6,8,12,40.2,59.8,2,1,0,0,2,8
2024-04-20 22:00:00,FC Tulsa,Charleston Battery,1.0,4.0,"Tulsa, Oklahoma",USA,ONEOK Field,,,,USL Championship,,20240420_FC-Tulsa_Charleston-Battery,-121.63343757211373,0.05,0.53,1,4,2,8,46.1,53.9,2,1,0,0,4,3
2024-04-20 23:00:00,Miami FC,Birmingham Legion FC,0.0,1.0,"Miami, Florida",USA,FIU Soccer Stadium,,,,USL Championship,,20240420_Miami-FC_Birmingham-Legion-FC,-27.40661172838918,0.05,1.37,1,5,2,11,49.2,50.8,1,0,0,0,1,5
2024-04-20 23:00:00,North Carolina FC,New Mexico United,2.0,3.0,"Cary, North Carolina",USA,WakeMed Soccer Park,,,,USL Championship,,20240420_North-Carolina-FC_New-Mexico-United,-60.624362194363584,1.72,1.89,4,6,8,15,41.1,58.9,1,0,0,0,6,10
2024-04-20 23:30:00,Tampa Bay Rowdies,El Paso Locomotive FC,1.0,1.0,"St. Petersburg, Florida",USA,Al Lang Stadium,,,,USL Championship,,20240420_Tampa-Bay-Rowdies_El-Paso-Locomotive-FC,185.89465996191666,0.94,0.69,3,3,6,7,51.5,48.5,0,0,0,0,6,3
2024-04-21 00:00:00,Colorado Springs Switchbacks FC,Indy Eleven,1.0,1.0,"Colorado Springs, Colorado",USA,Weidner Field,,,,USL Championship,,20240421_Colorado-Springs-Switchbacks-FC_Indy-Eleven,10.70732275797377,0.33,0.87,1,3,3,6,53.6,46.4,1,1,1,0,2,2
2024-04-21 00:00:00,Las Vegas Lights FC,Rhode Island FC,1.0,2.0,"Las Vegas, Nevada",USA,Cashman Field,,,,USL Championship,,20240421_Las-Vegas-Lights-FC_Rhode-Island-FC,-100.39332491523851,1.27,1.11,4,4,9,9,42.3,57.7,1,1,0,0,10,6
2024-04-21 00:00:00,Memphis 901 FC,Monterey Bay,1.0,2.0,"Memphis, Tennessee",USA,AutoZone Park,,,,USL Championship,,20240421_Memphis-901-FC_Monterey-Bay,22.215177389614382,1.96,0.89,6,3,14,6,44.5,55.5,3,1,0,0,7,2
2024-04-21 02:00:00,Orange County SC,Sacramento Republic FC,0.0,2.0,"Irvine, California",USA,Championship Soccer Stadium,,,,USL Championship,,20240421_Orange-County-SC_Sacramento-Republic-FC,-15.83631732608319,0.75,1.86,1,4,2,10,51.6,48.4,2,1,0,0,2,10
2024-04-21 02:30:00,Phoenix Rising FC,Pittsburgh Riverhounds,1.0,3.0,"Phoenix, Arizona",USA,Phoenix Rising Stadium at 38th St/Washington,,,,USL Championship,,20240421_Phoenix-Rising-FC_Pittsburgh-Riverhounds,-39.44794121006066,1.74,1.16,3,3,6,8,51.8,48.2,1,0,0,0,8,6
2024-04-26 23:30:00,Rhode Island FC,Phoenix Rising FC,1.0,3.0,"Smithfield, Rhode Island",USA,Beirne Stadium,,,,USL Championship,,20240426_Rhode-Island-FC_Phoenix-Rising-FC,-29.49485728510399,0.27,2.03,1,6,4,14,55.4,44.6,2,0,0,0,1,3
2024-04-27 20:00:00,Charleston Battery,Las Vegas Lights FC,6.0,0.0,"Mount Pleasant, South Carolina",USA,Patriots Point,,,,USL Championship,,20240427_Charleston-Battery_Las-Vegas-Lights-FC,220.41236088754385,2.39,1.81,6,6,12,14,57.5,42.5,5,1,0,0,12,7
2024-04-27 23:00:00,Indy Eleven,North Carolina FC,2.0,1.0,"Indianapolis, Indiana",USA,Michael A. Carroll Stadium,,,,USL Championship,,20240427_Indy-Eleven_North-Carolina-FC,13.166599985225275,0.57,0.05,2,1,7,1,52.7,47.3,3,2,0,0,3,3
2024-04-27 23:00:00,Miami FC,San Antonio FC,2.0,1.0,"Miami, Florida",USA,Riccardo Silva Stadium,,,,USL Championship,,20240427_Miami-FC_San-Antonio-FC,-146.0266068570038,1.5,0.16,5,1,12,3,45.9,54.1,1,2,0,0,6,3
2024-04-27 23:00:00,Pittsburgh Riverhounds,Detroit City FC,2.0,0.0,"Pittsburgh, Pennsylvania",USA,Highmark Stadium,,,,USL Championship,,20240427_Pittsburgh-Riverhounds_Detroit-City-FC,35.31171577794862,0.55,0.4,2,2,4,4,52.3,47.7,0,4,0,0,6,3
2024-04-27 23:30:00,Birmingham Legion FC,Memphis 901 FC,0.0,3.0,"Birmingham, Alabama",USA,Protective Stadium,,,,USL Championship,,20240427_Birmingham-Legion-FC_Memphis-901-FC,16.566797806171508,1.47,1.58,5,6,13,13,50.8,49.2,1,4,0,0,9,8
2024-04-27 23:30:00,Louisville City FC,Hartford Athletic,6.0,0.0,"Louisville, Kentucky",USA,Lynn Family Stadium,,,,USL Championship,,20240427_Louisville-City-FC_Hartford-Athletic,207.31934884262887,1.85,1.05,6,2,13,2,58.4,41.6,4,1,0,0,8,5
2024-04-27 23:30:00,Tampa Bay Rowdies,New Mexico United,3.0,0.0,"St. Petersburg, Florida",USA,Al Lang Stadium,,,,USL Championship,,20240427_Tampa-Bay-Rowdies_New-Mexico-United,64.46277351924664,1.62,0.52,5,1,12,2,55.1,44.9,4,2,0,0,8,5
2024-04-28 01:00:00,El Paso Locomotive FC,FC Tulsa,0.0,1.0,"El Paso, Texas",USA,Southwest University Park,,,,USL Championship,,20240428_El-Paso-Locomotive-FC_FC-Tulsa,-23.524607509663156,0.64,0.44,1,1,4,1,47.0,53.0,2,1,0,0,4,3
2024-04-28 02:00:00,Oakland Roots,Colorado Springs Switchbacks FC,0.0,2.0,"Hayward, California",USA,Pioneer Stadium,,,,USL Championship,,20240428_Oakland-Roots_Colorado-Springs-Switchbacks-FC,-35.09824345486527,1.54,1.03,4,2,10,6,50.3,49.7,4,1,0,0,5,2
2024-04-28 02:00:00,Orange County SC,Monterey Bay,2.0,0.0,"Irvine, California",USA,Championship Soccer Stadium,,,,USL Championship,,20240428_Orange-County-SC_Monterey-Bay,90.22788154218415,2.0,0.71,8,3,16,6,57.7,42.3,0,4,0,0,10,3
2024-04-28 02:00:00,Sacramento Republic FC,Loudoun United FC,3.0,1.0,"Sacramento, California",USA,Heart Health Park,,,,USL Championship,,20240428_Sacramento-Republic-FC_Loudoun-United-FC,281.8694131942791,1.23,0.05,4,2,9,5,67.8,32.2,1,2,0,1,3,2
2024-05-04 20:00:00,Memphis 901 FC,Tampa Bay Rowdies,4.0,1.0,"Memphis, Tennessee",USA,AutoZone Park,,,,USL Championship,,20240504_Memphis-901-FC_Tampa-Bay-Rowdies,-112.35715070572974,1.55,1.24,4,4,6,7,45.0,55.0,1,3,0,0,5,3
2024-05-04 22:30:00,Charleston Battery,Hartford Athletic,1.0,0.0,"Mount Pleasant, South Carolina",USA,Patriots Point,,,,USL Championship,,20240504_Charleston-Battery_Hartford-Athletic,240.05712521746068,1.23,0.63,4,1,8,2,52.6,47.4,1,1,0,0,4,1
2024-05-04 23:00:00,Loudoun United FC,Detroit City FC,0.0,0.0,"Leesburg, Virginia",USA,Segra Field,,,,USL Championship,,20240504_Loudoun-United-FC_Detroit-City-FC,-196.9636998693038,0.97,0.15,2,0,3,1,39.1,60.9,3,2,0,0,2,4
2024-05-04 23:00:00,North Carolina FC,Rhode Island FC,0.0,0.0,"Cary, North Carolina",USA,WakeMed Soccer Park,,,,USL Championship,,20240504_North-Carolina-FC_Rhode-Island-FC,-29.665892724997548,1.24,1.34,3,2,8,2,46.3,53.7,0,6,0,0,8,5
2024-05-04 23:00:00,Pittsburgh Riverhounds,Miami FC,1.0,0.0,"Pittsburgh, Pennsylvania",USA,Highmark Stadium,,,,USL Championship,,20240504_Pittsburgh-Riverhounds_Miami-FC,116.49139946785021,0.69,0.05,1,0,2,0,57.0,43.0,4,4,0,0,3,3
2024-05-04 23:30:00,Birmingham Legion FC,FC Tulsa,2.0,2.0,"Birmingham, Alabama",USA,Protective Stadium,,,,USL Championship,,20240504_Birmingham-Legion-FC_FC-Tulsa,28.304654792130123,1.11,1.71,4,5,7,9,51.9,48.1,2,4,0,0,7,3
2024-05-05 00:30:00,San Antonio FC,Oakland Roots,2.0,2.0,"San Antonio, Texas",USA,Toyota Field,,,,USL Championship,,20240505_San-Antonio-FC_Oakland-Roots,148.87662097021666,1.37,0.86,4,3,7,7,59.5,40.5,3,2,0,0,3,4
2024-05-05 01:00:00,Colorado Springs Switchbacks FC,El Paso Locomotive FC,2.0,0.0,"Colorado Springs, Colorado",USA,Weidner Field,,,,USL Championship,,20240505_Colorado-Springs-Switchbacks-FC_El-Paso-Locomotive-FC,74.32689687371703,1.53,0.7,5,3,9,7,61.5,38.5,1,1,0,0,7,3
2024-05-05 02:00:00,Monterey Bay,Indy Eleven,0.0,1.0,"Seaside, California",USA,Cardinale Stadium,,,,USL Championship,,20240505_Monterey-Bay_Indy-Eleven,-0.5354468800339873,0.2,0.25,1,1,3,3,43.5,56.5,3,3,0,0,5,3
2024-05-05 02:30:00,Las Vegas Lights FC,New Mexico United,1.0,2.0,"Las Vegas, Nevada",USA,Cashman Field,,,,USL Championship,,20240505_Las-Vegas-Lights-FC_New-Mexico-United,-164.4879759368339,0.7,2.25,1,8,2,19,44.1,55.9,3,0,0,0,1,10
2024-05-05 02:30:00,Phoenix Rising FC,Sacramento Republic FC,1.0,1.0,"Phoenix, Arizona",USA,Phoenix Rising Stadium at 38th St/Washington,,,,USL Championship,,20240505_Phoenix-Rising-FC_Sacramento-Republic-FC,-96.47316879532036,1.62,1.46,6,5,12,9,50.2,49.8,1,2,0,0,7,6
2024-05-10 23:00:00,Loudoun United FC,El Paso Locomotive FC,0.0,2.0,"Leesburg, Virginia",USA,Segra Field,,,,USL Championship,,20240510_Loudoun-United-FC_El-Paso-Locomotive-FC,-67.69750764421224,0.93,1.19,5,4,10,9,44.3,55.7,1,2,0,0,2,3
2024-05-11 21:00:00,Detroit City FC,Phoenix Rising FC,1.0,1.0,"Hamtramck, Michigan",USA,Keyworth Stadium,,,,USL Championship,,20240511_Detroit-City-FC_Phoenix-Rising-FC,-5.751375875461235,0.65,1.99,4,6,10,12,55.7,44.3,0,0,0,0,1,4
2024-05-11 23:00:00,Hartford Athletic,Colorado Springs Switchbacks FC,0.0,2.0,"Hartford, Connecticut",USA,Trinity Health Stadium,,,,USL Championship,,20240511_Hartford-Athletic_Colorado-Springs-Switchbacks-FC,-151.13330866016395,0.85,1.53,2,5,4,11,34.4,65.6,3,3,0,0,5,7
2024-05-11 23:30:00,Louisville City FC,Orange County SC,3.0,0.0,"Louisville, Kentucky",USA,Lynn Family Stadium,,,,USL Championship,,20240511_Louisville-City-FC_Orange-County-SC,-16.740475355716626,1.9,0.74,6,1,14,3,48.6,51.4,1,1,0,0,7,1
2024-05-11 23:30:00,Rhode Island FC,Sacramento Republic FC,2.0,2.0,"Smithfield, Rhode Island",USA,Beirne Stadium,,,,USL Championship,,20240511_Rhode-Island-FC_Sacramento-Republic-FC,-145.7086244547968,0.61,1.34,3,5,8,10,41.7,58.3,0,3,0,1,7,7
2024-05-11 23:30:00,Tampa Bay Rowdies,Birmingham Legion FC,0.0,1.0,"St. Petersburg, Florida",USA,Al Lang Stadium,,,,USL Championship,,20240511_Tampa-Bay-Rowdies_Birmingham-Legion-FC,106.15850521854395,1.02,0.54,2,3,3,7,54.8,45.2,3,0,0,0,2,1
2024-05-12 00:30:00,FC Tulsa,Pittsburgh Riverhounds,2.0,2.0,"Tulsa, Oklahoma",USA,ONEOK Field,,,,USL Championship,,20240512_FC-Tulsa_Pittsburgh-Riverhounds,-131.76201696270618,2.03,0.9,8,2,17,4,39.2,60.8,1,1,0,0,9,4
2024-05-12 00:30:00,San Antonio FC,Las Vegas Lights FC,1.0,1.0,"San Antonio, Texas",USA,Toyota Field,,,,USL Championship,,20240512_San-Antonio-FC_Las-Vegas-Lights-FC,221.78872527473027,0.76,1.31,3,3,7,6,58.2,41.8,1,2,0,0,5,2
2024-05-12 01:00:00,New Mexico United,Oakland Roots,2.0,1.0,"Albuquerque, New Mexico",USA,Rio Grande Credit Union Field at Isotopes Park,,,,USL Championship,,20240512_New-Mexico-United_Oakland-Roots,95.29495435001127,1.56,1.33,5,4,10,9,55.8,44.2,3,0,0,0,4,7
2024-05-12 02:00:00,Monterey Bay,Memphis 901 FC,2.0,2.0,"Seaside, California",USA,Cardinale Stadium,,,,USL Championship,,20240512_Monterey-Bay_Memphis-901-FC,-45.938649167842414,1.68,1.93,6,7,15,16,44.2,55.8,3,0,0,0,7,11
2024-05-12 23:00:00,Miami FC,Indy Eleven,1.0,3.0,"Miami, Florida",USA,FIU Soccer Stadium,,,,USL Championship,,20240512_Miami-FC_Indy-Eleven,-31.187584473360175,0.32,1.76,2,5,4,10,51.3,48.7,1,4,0,1,9,5
2024-05-14 23:26:00,North Carolina FC,Loudoun United FC,2.0,0.0,"Cary, North Carolina",USA,WakeMed Soccer Park,,,,USL Championship,,20240514_North-Carolina-FC_Loudoun-United-FC,116.73696623760702,0.99,0.22,3,0,9,1,57.2,42.8,0,2,0,0,5,1
2024-05-16 00:00:00,Birmingham Legion FC,Charleston Battery,0.0,1.0,"Birmingham, Alabama",USA,Protective Stadium,,,,USL Championship,,20240516_Birmingham-Legion-FC_Charleston-Battery,-93.56810605252485,0.15,1.01,2,4,2,8,48.3,51.7,1,0,0,0,1,1
2024-05-18 01:00:00,Colorado Springs Switchbacks FC,Rhode Island FC,3.0,1.0,"Colorado Springs, Colorado",USA,Weidner Field,,,,USL Championship,,20240518_Colorado-Springs-Switchbacks-FC_Rhode-Island-FC,28.628593524447297,2.39,0.98,9,3,19,6,42.2,57.8,3,2,0,0,9,4
2024-05-18 01:00:00,El Paso Locomotive FC,Memphis 901 FC,1.0,2.0,"El Paso, Texas",USA,Southwest University Park,,,,USL Championship,,20240518_El-Paso-Locomotive-FC_Memphis-901-FC,-96.73713172641737,0.92,0.52,2,4,4,10,37.4,62.6,2,2,0,0,3,4
2024-05-18 23:00:00,Indy Eleven,Hartford Athletic,4.0,1.0,"Indianapolis, Indiana",USA,Michael A. Carroll Stadium,,,,USL Championship,,20240518_Indy-Eleven_Hartford-Athletic,162.4410374092363,2.12,0.53,8,2,17,4,52.8,47.2,1,4,1,0,4,4
2024-05-18 23:00:00,Loudoun United FC,Monterey Bay,3.0,0.0,"Leesburg, Virginia",USA,Segra Field,,,,USL Championship,,20240518_Loudoun-United-FC_Monterey-Bay,-149.14609602920768,1.14,0.05,3,0,7,0,41.4,58.6,1,5,0,0,2,3
2024-05-18 23:00:00,Pittsburgh Riverhounds,North Carolina FC,1.0,1.0,"Pittsburgh, Pennsylvania",USA,Highmark Stadium,,,,USL Championship,,20240518_Pittsburgh-Riverhounds_North-Carolina-FC,136.30452520241556,1.4,1.3,5,6,10,13,56.9,43.1,0,3,0,0,6,10
2024-05-18 23:30:00,Tampa Bay Rowdies,FC Tulsa,5.0,0.0,"St. Petersburg, Florida",USA,Al Lang Stadium,,,,USL Championship,,20240518_Tampa-Bay-Rowdies_FC-Tulsa,112.61108754944303,2.32,1.15,6,3,14,5,59.1,40.9,2,2,0,1,5,2
2024-05-19 02:00:00,Oakland Roots,Orange County SC,2.0,1.0,"Hayward, California",USA,Pioneer Stadium,,,,USL Championship,,20240519_Oakland-Roots_Orange-County-SC,-146.4259780404809,1.13,1.69,4,5,9,8,44.6,55.4,0,0,0,0,5,7
2024-05-19 02:30:00,Las Vegas Lights FC,Louisville City FC,2.0,2.0,"Las Vegas, Nevada",USA,Cashman Field,,,,USL Championship,,20240519_Las-Vegas-Lights-FC_Louisville-City-FC,-221.89660716523827,1.23,0.6,3,2,4,4,42.6,57.4,4,0,0,0,1,3
2024-05-19 02:30:00,Phoenix Rising FC,Miami FC,2.0,0.0,"Phoenix, Arizona",USA,Phoenix Rising Stadium at 38th St/Washington,,,,USL Championship,,20240519_Phoenix-Rising-FC_Miami-FC,78.05282323344818,0.81,1.53,2,6,4,16,51.5,48.5,4,2,0,0,0,7
2024-05-24 23:30:00,Charleston Battery,El Paso Locomotive FC,1.0,2.0,"Mount Pleasant, South Carolina",USA,Patriots Point,,,,USL Championship,,20240524_Charleston-Battery_El-Paso-Locomotive-FC,199.72306371187346,1.52,0.6,5,2,9,6,62.7,37.3,6,3,0,0,2,3
2024-05-24 23:30:00,Hartford Athletic,Monterey Bay,2.0,1.0,"Hartford, Connecticut",USA,Trinity Health Stadium,,,,USL Championship,,20240524_Hartford-Athletic_Monterey-Bay,-118.5032123074111,1.1,0.85,4,3,9,5,37.6,62.4,2,3,0,0,2,0
2024-05-25 00:30:00,FC Tulsa,Oakland Roots,0.0,1.0,"Tulsa, Oklahoma",USA,ONEOK Field,,,,USL Championship,,20240525_FC-Tulsa_Oakland-Roots,12.498040878233041,0.51,0.3,3,2,8,4,44.0,56.0,0,0,0,0,9,3
2024-05-25 20:00:00,Rhode Island FC,Louisville City FC,0.0,0.0,"Smithfield, Rhode Island",USA,Beirne Stadium,,,,USL Championship,,20240525_Rhode-Island-FC_Louisville-City-FC,-110.53578038663454,1.08,0.47,4,2,8,2,46.7,53.3,0,5,0,0,3,7
2024-05-25 23:00:00,Indy Eleven,Phoenix Rising FC,2.0,1.0,"Indianapolis, Indiana",USA,Michael A. Carroll Stadium,,,,USL Championship,,20240525_Indy-Eleven_Phoenix-Rising-FC,-27.596981889171275,1.65,0.66,5,4,10,8,51.0,49.0,3,2,0,0,4,8
2024-05-25 23:00:00,Miami FC,North Carolina FC,0.0,4.0,"Miami, Florida",USA,FIU Soccer Stadium,,,,USL Championship,,20240525_Miami-FC_North-Carolina-FC,-16.83849325568667,0.24,1.57,1,5,1,11,56.0,44.0,3,1,0,0,4,2
2024-05-25 23:30:00,Tampa Bay Rowdies,Las Vegas Lights FC,1.0,0.0,"St. Petersburg, Florida",USA,Al Lang Stadium,,,,USL Championship,,20240525_Tampa-Bay-Rowdies_Las-Vegas-Lights-FC,218.65713565536635,2.2,0.55,7,2,16,6,58.8,41.2,3,5,0,0,3,3
2024-05-26 00:30:00,Memphis 901 FC,Pittsburgh Riverhounds,2.0,0.0,"Memphis, Tennessee",USA,AutoZone Park,,,,USL Championship,,20240526_Memphis-901-FC_Pittsburgh-Riverhounds,-64.11533288220585,0.93,1.26,2,3,4,6,43.4,56.6,1,1,0,0,3,2
2024-05-26 01:00:00,New Mexico United,San Antonio FC,2.0,1.0,"Albuquerque, New Mexico",USA,Rio Grande Credit Union Field at Isotopes Park,,,,USL Championship,,20240526_New-Mexico-United_San-Antonio-FC,-28.329900355628524,1.19,0.58,3,1,7,2,49.4,50.6,0,4,0,0,3,2
2024-05-26 02:00:00,Orange County SC,Loudoun United FC,0.0,2.0,"Irvine, California",USA,Championship Soccer Stadium,,,,USL Championship,,20240526_Orange-County-SC_Loudoun-United-FC,221.46957248634067,0.58,1.3,3,4,7,11,59.1,40.9,2,4,0,0,7,7
2024-05-26 02:00:00,Sacramento Republic FC,Birmingham Legion FC,0.0,0.0,"Sacramento, California",USA,Heart Health Park,,,,USL Championship,,20240526_Sacramento-Republic-FC_Birmingham-Legion-FC,118.50685485333452,1.26,2.14,3,6,8,13,51.9,48.1,4,4,0,0,8,5
2024-05-29 23:30:00,Louisville City FC,Detroit City FC,5.0,1.0,"Louisville, Kentucky",USA,Lynn Family Stadium,,,,USL Championship,,20240529_Louisville-City-FC_Detroit-City-FC,50.40461338259456,2.69,0.81,8,3,18,7,52.8,47.2,2,2,0,0,9,5
2024-05-30 02:00:00,Monterey Bay,Charleston Battery,0.0,0.0,"Seaside, California",USA,Cardinale Stadium,,,,USL Championship,,20240530_Monterey-Bay_Charleston-Battery,-151.59800738105514,0.77,0.5,2,1,3,2,48.2,51.8,2,2,0,0,3,3
2024-06-01 23:00:00,Hartford Athletic,Rhode Island FC,1.0,1.0,"Hartford, Connecticut",USA,Trinity Health Stadium,,,,USL Championship,,20240601_Hartford-Athletic_Rhode-Island-FC,-120.18169160267348,0.67,1.98,1,6,2,12,51.6,48.4,2,3,0,0,1,6
2024-06-01 23:00:00,Loudoun United FC,FC Tulsa,3.0,0.0,"Leesburg, Virginia",USA,Segra Field,,,,USL Championship,,20240601_Loudoun-United-FC_FC-Tulsa,-89.90788844446934,1.67,0.67,5,1,11,2,43.4,56.6,2,1,0,0,4,3
2024-06-01 23:00:00,Miami FC,Louisville City FC,1.0,2.0,"Miami, Florida",USA,Riccardo Silva Stadium,,,,USL Championship,,20240601_Miami-FC_Louisville-City-FC,-154.14199391750822,0.66,1.1,2,3,4,5,46.6,53.4,1,2,0,0,1,3
2024-06-01 23:00:00,Pittsburgh Riverhounds,Indy Eleven,1.0,2.0,"Pittsburgh, Pennsylvania",USA,Highmark Stadium,,,,USL Championship,,20240601_Pittsburgh-Riverhounds_Indy-Eleven,47.88861055489156,0.74,0.29,1,2,0,6,49.8,50.2,1,1,0,0,2,4
2024-06-02 01:00:00,Colorado Springs Switchbacks FC,Oakland Roots,1.0,0.0,"Colorado Springs, Colorado",USA,Weidner Field,,,,USL Championship,,20240602_Colorado-Springs-Switchbacks-FC_Oakland-Roots,58.98349117856105,0.73,0.33,2,2,4,4,49.8,50.2,2,0,0,0,5,5
2024-06-02 01:00:00,El Paso Locomotive FC,Birmingham Legion FC,1.0,3.0,"El Paso, Texas",USA,Southwest University Park,,,,USL Championship,,20240602_El-Paso-Locomotive-FC_Birmingham-Legion-FC,-74.18102024843552,1.25,0.73,5,3,12,6,50.0,50.0,1,2,0,0,3,4
2024-06-02 01:00:00,San Antonio FC,Memphis 901 FC,1.0,0.0,"San Antonio, Texas",USA,Toyota Field,,,,USL Championship,,20240602_San-Antonio-FC_Memphis-901-FC,22.042030213717453,2.03,0.98,7,3,15,7,50.3,49.7,1,0,0,0,8,2
2024-06-02 02:00:00,Orange County SC,Detroit City FC,3.0,2.0,"Irvine, California",USA,Championship Soccer Stadium,,,,USL Championship,,20240602_Orange-County-SC_Detroit-City-FC,27.18703256423578,1.51,1.02,3,5,6,12,54.5,45.5,1,1,0,1,4,6
2024-06-02 02:00:00,Sacramento Republic FC,Tampa Bay Rowdies,0.0,1.0,"Sacramento, California",USA,Heart Health Park,,,,USL Championship,,20240602_Sacramento-Republic-FC_Tampa-Bay-Rowdies,17.125876250504234,0.71,1.07,1,2,1,2,51.7,48.3,2,2,0,0,1,2
2024-06-02 02:30:00,Las Vegas Lights FC,Phoenix Rising FC,0.0,0.0,"Las Vegas, Nevada",USA,Cashman Field,,,,USL Championship,,20240602_Las-Vegas-Lights-FC_Phoenix-Rising-FC,-161.32252882454168,1.13,0.57,6,1,12,3,46.7,53.3,0,1,0,0,7,1
2024-06-02 23:00:00,Monterey Bay,New Mexico United,1.0,0.0,"Seaside, California",USA,Cardinale Stadium,,,,USL Championship,,20240602_Monterey-Bay_New-Mexico-United,-113.25135588212538,1.4,0.31,5,2,9,6,45.9,54.1,1,3,0,0,3,4
2024-06-06 01:00:00,San Antonio FC,El Paso Locomotive FC,0.0,1.0,"San Antonio, Texas",USA,Toyota Field,,,,USL Championship,,20240606_San-Antonio-FC_El-Paso-Locomotive-FC,152.94284232397695,0.05,0.66,1,4,3,11,57.9,42.1,2,4,0,0,2,5
2024-06-08 23:30:00,Charleston Battery,Pittsburgh Riverhounds,0.0,0.0,"Mount Pleasant, South Carolina",USA,Patriots Point,,,,USL Championship,,20240608_Charleston-Battery_Pittsburgh-Riverhounds,26.064603079435074,0.52,0.57,2,2,7,6,47.3,52.7,0,4,0,0,3,2
2024-06-08 23:30:00,Rhode Island FC,Detroit City FC,0.0,2.0,"Smithfield, Rhode Island",USA,Beirne Stadium,,,,USL Championship,,20240608_Rhode-Island-FC_Detroit-City-FC,-35.40204842696721,1.15,1.4,3,5,8,11,50.0,50.0,1,4,0,0,6,5
2024-06-09 00:00:00,Louisville City FC,North Carolina FC,2.0,1.0,"Louisville, Kentucky",USA,Lynn Family Stadium,,,,USL Championship,,20240609_Louisville-City-FC_North-Carolina-FC,121.46570587171095,1.56,0.72,3,1,7,0,66.2,33.8,1,2,0,0,0,1
2024-06-09 00:30:00,FC Tulsa,San Antonio FC,2.0,1.0,"Tulsa, Oklahoma",USA,ONEOK Field,,,,USL Championship,,20240609_FC-Tulsa_San-Antonio-FC,-120.6934389399853,1.51,1.59,5,4,11,11,44.9,55.1,2,2,0,0,5,9
2024-06-09 00:30:00,Memphis 901 FC,Colorado Springs Switchbacks FC,1.0,1.0,"Memphis, Tennessee",USA,AutoZone Park,,,,USL Championship,,20240609_Memphis-901-FC_Colorado-Springs-Switchbacks-FC,-3.230594038402387,0.53,0.79,3,3,7,7,43.5,56.5,1,2,0,0,1,5
2024-06-09 01:00:00,New Mexico United,Hartford Athletic,1.0,0.0,"Albuquerque, New Mexico",USA,Rio Grande Credit Union Field at Isotopes Park,,,,USL Championship,,20240609_New-Mexico-United_Hartford-Athletic,185.02760169336534,0.64,0.93,2,1,2,2,57.0,43.0,1,1,0,0,0,1
2024-06-09 02:00:00,Monterey Bay,Sacramento Republic FC,0.0,2.0,"Seaside, California",USA,Cardinale Stadium,,,,USL Championship,,20240609_Monterey-Bay_Sacramento-Republic-FC,-139.8369774915691,1.17,0.84,3,2,5,4,44.2,55.8,3,1,0,0,4,2
2024-06-09 02:00:00,Oakland Roots,Tampa Bay Rowdies,1.0,0.0,"Hayward, California",USA,Pioneer Stadium,,,,USL Championship,,20240609_Oakland-Roots_Tampa-Bay-Rowdies,-157.04211140843609,1.09,0.05,4,0,8,0,45.3,54.7,3,0,0,0,10,4
2024-06-09 02:30:00,Las Vegas Lights FC,Miami FC,3.0,1.0,"Las Vegas, Nevada",USA,Cashman Field,,,,USL Championship,,20240609_Las-Vegas-Lights-FC_Miami-FC,-53.9016144092177,1.72,1.08,6,5,13,10,44.1,55.9,1,3,0,0,6,4
2024-06-09 03:00:00,Phoenix Rising FC,Orange County SC,2.0,1.0,"Phoenix, Arizona",USA,Phoenix Rising Stadium at 38th St/Washington,,,,USL Championship,,20240609_Phoenix-Rising-FC_Orange-County-SC,-31.43039601361511,0.93,0.45,4,1,9,3,50.4,49.6,4,3,0,0,7,3
2024-06-09 23:00:00,Birmingham Legion FC,Indy Eleven,0.0,1.0,"Birmingham, Alabama",USA,Protective Stadium,,,,USL Championship,,20240609_Birmingham-Legion-FC_Indy-Eleven,-28.018858842164036,1.5,0.92,4,2,9,6,44.9,55.1,1,2,0,0,4,5
2024-06-13 00:00:00,Memphis 901 FC,Rhode Island FC,2.0,2.0,"Memphis, Tennessee",USA,AutoZone Park,,,,USL Championship,,20240613_Memphis-901-FC_Rhode-Island-FC,68.59900554657361,0.9,0.88,3,4,7,7,54.0,46.0,0,0,0,0,4,3
2024-06-14 23:00:00,Loudoun United FC,Las Vegas Lights FC,1.0,1.0,"Leesburg, Virginia",USA,Segra Field,,,,USL Championship,,20240614_Loudoun-United-FC_Las-Vegas-Lights-FC,-11.479383362265708,1.81,1.69,7,4,14,6,45.9,54.1,2,3,0,0,6,2
2024-06-15 20:00:00,Detroit City FC,Charleston Battery,2.0,0.0,"Hamtramck, Michigan",USA,Keyworth Stadium,,,,USL Championship,,20240615_Detroit-City-FC_Charleston-Battery,-70.02058518460376,2.45,1.69,7,5,14,12,41.7,58.3,1,1,0,0,7,7
2024-06-15 23:00:00,Hartford Athletic,Pittsburgh Riverhounds,2.0,0.0,"Hartford, Connecticut",USA,Trinity Health Stadium,,,,USL Championship,,20240615_Hartford-Athletic_Pittsburgh-Riverhounds,-210.28449085393368,1.24,0.63,4,2,9,6,40.5,59.5,1,2,0,0,4,6
2024-06-15 23:00:00,Indy Eleven,San Antonio FC,1.0,0.0,"Indianapolis, Indiana",USA,Michael A. Carroll Stadium,,,,USL Championship,,20240615_Indy-Eleven_San-Antonio-FC,12.218029550537494,1.29,0.77,2,1,6,3,43.9,56.1,1,2,0,0,4,4
2024-06-15 23:30:00,Tampa Bay Rowdies,Louisville City FC,3.0,2.0,"St. Petersburg, Florida",USA,Al Lang Stadium,,,,USL Championship,,20240615_Tampa-Bay-Rowdies_Louisville-City-FC,-10.43122382127558,1.6,1.13,6,5,12,11,52.0,48.0,1,0,0,0,5,4
2024-06-16 00:30:00,Memphis 901 FC,New Mexico United,2.0,1.0,"Memphis, Tennessee",USA,AutoZone Park,,,,USL Championship,,20240616_Memphis-901-FC_New-Mexico-United,-23.50528514510347,0.87,0.44,2,2,6,3,50.9,49.1,1,0,0,0,2,3
2024-06-16 01:00:00,Colorado Springs Switchbacks FC,Orange County SC,4.0,2.0,"Colorado Springs, Colorado",USA,Weidner Field,,,,USL Championship,,20240616_Colorado-Springs-Switchbacks-FC_Orange-County-SC,-10.807301667256752,1.65,1.14,6,3,12,8,49.5,50.5,3,3,0,0,4,4
2024-06-16 01:00:00,El Paso Locomotive FC,Phoenix Rising FC,1.0,1.0,"El Paso, Texas",USA,Southwest University Park,,,,USL Championship,,20240616_El-Paso-Locomotive-FC_Phoenix-Rising-FC,-100.11676467679195,1.0,0.05,3,1,8,3,41.7,58.3,0,2,0,0,4,5
2024-06-16 03:00:00,Sacramento Republic FC,Oakland Roots,2.0,3.0,"Sacramento, California",USA,Heart Health Park,,,,USL Championship,,20240616_Sacramento-Republic-FC_Oakland-Roots,139.31853716678256,0.81,1.67,5,6,11,15,60.7,39.3,0,0,0,0,3,12
2024-06-16 22:00:00,North Carolina FC,Monterey Bay,2.0,0.0,"Cary, North Carolina",USA,WakeMed Soccer Park,,,,USL Championship,,20240616_North-Carolina-FC_Monterey-Bay,11.255916034290294,0.05,1.04,2,4,5,9,54.3,45.7,2,2,0,1,6,2
2024-06-19 02:30:00,Las Vegas Lights FC,Colorado Springs Switchbacks FC,3.0,3.0,"Las Vegas, Nevada",USA,Cashman Field,,,,USL Championship,,20240619_Las-Vegas-Lights-FC_Colorado-Springs-Switchbacks-FC,-157.3791604287162,1.25,1.21,3,4,10,9,45.9,54.1,3,2,0,0,2,7
2024-06-19 23:30:00,Pittsburgh Riverhounds,Louisville City FC,0.0,1.0,"Pittsburgh, Pennsylvania",USA,Highmark Stadium,,,,USL Championship,,20240619_Pittsburgh-Riverhounds_Louisville-City-FC,-46.57209101202011,0.26,1.34,0,4,0,8,45.4,54.6,3,4,0,0,1,5
2024-06-20 00:00:00,Birmingham Legion FC,San Antonio FC,3.0,0.0,"Birmingham, Alabama",USA,Protective Stadium,,,,USL Championship,,20240620_Birmingham-Legion-FC_San-Antonio-FC,-26.291361959688174,0.96,0.58,4,4,8,10,50.4,49.6,1,0,0,1,5,8
2024-06-20 00:30:00,FC Tulsa,Miami FC,2.0,1.0,"Tulsa, Oklahoma",USA,ONEOK Field,,,,USL Championship,,20240620_FC-Tulsa_Miami-FC,38.15373152654092,1.46,1.12,4,3,9,7,48.8,51.2,1,1,0,0,3,0
2024-06-20 02:00:00,Oakland Roots,El Paso Locomotive FC,2.0,1.0,"Hayward, California",USA,Pioneer Stadium,,,,USL Championship,,20240620_Oakland-Roots_El-Paso-Locomotive-FC,46.02526870209158,0.83,1.7,2,5,6,9,54.9,45.1,0,2,0,0,3,12
2024-06-21 23:30:00,Hartford Athletic,Tampa Bay Rowdies,0.0,1.0,"Hartford, Connecticut",USA,Trinity Health Stadium,,,,USL Championship,,20240621_Hartford-Athletic_Tampa-Bay-Rowdies,-234.16715338195286,0.47,1.25,2,2,3,5,38.1,61.9,1,0,0,0,4,5
2024-06-22 22:00:00,Monterey Bay,Oakland Roots,2.0,1.0,"Seaside, California",USA,Cardinale Stadium,,,,USL Championship,,20240622_Monterey-Bay_Oakland-Roots,-53.94922728166739,1.65,1.06,7,2,16,6,46.8,53.2,1,2,0,0,7,4
2024-06-22 23:00:00,Indy Eleven,Orange County SC,0.0,1.0,"Indianapolis, Indiana",USA,Michael A. Carroll Stadium,,,,USL Championship,,20240622_Indy-Eleven_Orange-County-SC,33.79009100957842,0.34,0.97,0,5,0,11,52.9,47.1,0,1,0,0,3,6
2024-06-22 23:00:00,Miami FC,Loudoun United FC,2.0,2.0,"Miami, Florida",USA,Riccardo Silva Stadium,,,,USL Championship,,20240622_Miami-FC_Loudoun-United-FC,26.603365656257438,1.16,0.83,4,3,10,8,42.7,57.3,1,1,0,0,3,5
2024-06-22 23:30:00,North Carolina FC,Pittsburgh Riverhounds,0.0,0.0,"Cary, North Carolina",USA,WakeMed Soccer Park,,,,USL Championship,,20240622_North-Carolina-FC_Pittsburgh-Riverhounds,-56.456414091169336,0.05,0.87,1,2,2,5,45.5,54.5,2,2,0,0,2,2
2024-06-23 00:00:00,Louisville City FC,Rhode Island FC,2.0,5.0,"Louisville, Kentucky",USA,Lynn Family Stadium,,,,USL Championship,,20240623_Louisville-City-FC_Rhode-Island-FC,138.86290895035722,0.9,1.76,3,6,6,11,54.0,46.0,1,3,0,0,4,10
2024-06-23 00:30:00,FC Tulsa,Sacramento Republic FC,0.0,0.0,"Tulsa, Oklahoma",USA,ONEOK Field,,,,USL Championship,,20240623_FC-Tulsa_Sacramento-Republic-FC,-130.55597633575826,0.12,0.97,0,4,0,7,47.3,52.7,2,5,0,0,4,5
2024-06-23 01:00:00,New Mexico United,Colorado Springs Switchbacks FC,1.0,0.0,"Albuquerque, New Mexico",USA,Rio Grande Credit Union Field at Isotopes Park,,,,USL Championship,,20240623_New-Mexico-United_Colorado-Springs-Switchbacks-FC,-1.9328383768722688,0.78,1.39,2,5,4,11,50.8,49.2,1,4,0,0,5,9
2024-06-23 02:30:00,Las Vegas Lights FC,Memphis 901 FC,1.0,1.0,"Las Vegas, Nevada",USA,Cashman Field,,,,USL Championship,,20240623_Las-Vegas-Lights-FC_Memphis-901-FC,-147.37808536934062,0.97,0.41,2,2,6,6,47.7,52.3,0,2,0,0,3,2
2024-06-23 02:30:00,Phoenix Rising FC,Charleston Battery,0.0,0.0,"Phoenix, Arizona",USA,Phoenix Rising Stadium at 38th St/Washington,,,,USL Championship,,20240623_Phoenix-Rising-FC_Charleston-Battery,-38.81606371682301,0.8,1.1,1,4,4,10,47.0,53.0,2,0,0,0,4,12
2024-06-26 23:00:00,Detroit City FC,Birmingham Legion FC,1.0,2.0,"Hamtramck, Michigan",USA,Keyworth Stadium,,,,USL Championship,,20240626_Detroit-City-FC_Birmingham-Legion-FC,16.279915119515408,1.49,0.74,6,3,13,7,45.1,54.9,0,1,0,0,11,4
2024-06-26 23:30:00,Rhode Island FC,El Paso Locomotive FC,3.0,0.0,"Smithfield, Rhode Island",USA,Beirne Stadium,,,,USL Championship,,20240626_Rhode-Island-FC_El-Paso-Locomotive-FC,48.91759135835173,1.31,1.37,3,4,7,11,52.5,47.5,2,3,0,0,6,11
2024-06-28 23:30:00,Charleston Battery,North Carolina FC,5.0,2.0,"Mount Pleasant, South Carolina",USA,Patriots Point,,,,USL Championship,,20240628_Charleston-Battery_North-Carolina-FC,91.95993889837519,1.6,0.81,5,2,9,4,48.5,51.5,1,0,0,0,5,5
2024-06-29 00:30:00,Memphis 901 FC,Phoenix Rising FC,5.0,1.0,"Memphis, Tennessee",USA,AutoZone Park,,,,USL Championship,,20240629_Memphis-901-FC_Phoenix-Rising-FC,-0.8532463849928718,2.26,0.84,7,1,16,1,57.3,42.7,2,2,0,0,2,3
2024-06-29 23:00:00,Miami FC,Detroit City FC,0.0,4.0,"Miami, Florida",USA,Riccardo Silva Stadium,,,,USL Championship,,20240629_Miami-FC_Detroit-City-FC,-117.1892787916779,0.88,1.67,2,4,2,9,41.1,58.9,1,2,0,0,0,3
2024-06-29 23:30:00,Birmingham Legion FC,Louisville City FC,1.0,4.0,"Birmingham, Alabama",USA,Protective Stadium,,,,USL Championship,,20240629_Birmingham-Legion-FC_Louisville-City-FC,-57.01266331664215,1.14,1.12,5,4,9,10,44.0,56.0,0,5,0,0,9,4
2024-06-29 23:30:00,Loudoun United FC,Tampa Bay Rowdies,2.0,0.0,"Leesburg, Virginia",USA,Segra Field,,,,USL Championship,,20240629_Loudoun-United-FC_Tampa-Bay-Rowdies,-233.2080738433067,1.27,1.63,3,4,6,8,45.2,54.8,0,1,0,0,5,6
2024-06-30 01:00:00,Colorado Springs Switchbacks FC,Monterey Bay,1.0,0.0,"Colorado Springs, Colorado",USA,Weidner Field,,,,USL Championship,,20240630_Colorado-Springs-Switchbacks-FC_Monterey-Bay,70.07953530394116,1.24,1.52,5,3,12,7,53.4,46.6,1,3,0,0,6,5
2024-06-30 01:00:00,San Antonio FC,New Mexico United,2.0,3.0,"San Antonio, Texas",USA,Toyota Field,,,,USL Championship,,20240630_San-Antonio-FC_New-Mexico-United,-33.471472015714426,1.08,1.77,3,4,5,9,49.6,50.4,1,4,0,0,2,6
2024-06-30 02:00:00,Orange County SC,Oakland Roots,0.0,2.0,"Irvine, California",USA,Championship Soccer Stadium,,,,USL Championship,,20240630_Orange-County-SC_Oakland-Roots,60.21056633347848,0.05,1.08,1,5,2,13,47.8,52.2,2,3,0,1,1,10
2024-06-30 02:30:00,Las Vegas Lights FC,Pittsburgh Riverhounds,2.0,0.0,"Las Vegas, Nevada",USA,Cashman Field,,,,USL Championship,,20240630_Las-Vegas-Lights-FC_Pittsburgh-Riverhounds,-135.39687757441925,1.03,0.38,4,2,8,4,48.5,51.5,0,2,0,1,5,4
2024-06-30 03:00:00,Sacramento Republic FC,Hartford Athletic,1.0,0.0,"Sacramento, California",USA,Heart Health Park,,,,USL Championship,,20240630_Sacramento-Republic-FC_Hartford-Athletic,222.31941325520256,1.0,1.05,3,2,4,5,56.1,43.9,0,3,0,0,7,2
2024-07-03 23:30:00,Loudoun United FC,Hartford Athletic,3.0,0.0,"Leesburg, Virginia",USA,Segra Field,,,,USL Championship,,20240703_Loudoun-United-FC_Hartford-Athletic,35.10832838285637,1.28,1.21,3,2,8,3,50.9,49.1,2,3,0,0,2,2
2024-07-04 01:00:00,New Mexico United,Orange County SC,2.0,0.0,"Albuquerque, New Mexico",USA,Rio Grande Credit Union Field at Isotopes Park,,,,USL Championship,,20240704_New-Mexico-United_Orange-County-SC,30.723959781187204,1.11,0.92,4,2,6,4,52.8,47.2,3,1,0,0,7,1
2024-07-04 02:30:00,Sacramento Republic FC,Las Vegas Lights FC,0.0,1.0,"Sacramento, California",USA,Heart Health Park,,,,USL Championship,,20240704_Sacramento-Republic-FC_Las-Vegas-Lights-FC,180.56436090984744,0.91,1.27,4,2,9,7,55.3,44.7,0,4,0,0,6,6
2024-07-05 01:00:00,Colorado Springs Switchbacks FC,FC Tulsa,1.0,0.0,"Colorado Springs, Colorado",USA,Weidner Field,,,,USL Championship,,20240705_Colorado-Springs-Switchbacks-FC_FC-Tulsa,70.07844509510528,2.12,1.33,7,5,17,13,56.5,43.5,1,0,0,0,3,4
2024-07-05 23:00:00,Charleston Battery,Birmingham Legion FC,2.0,0.0,"Mount Pleasant, South Carolina",USA,Patriots Point,,,,USL Championship,,20240705_Charleston-Battery_Birmingham-Legion-FC,62.5754065883184,1.25,0.43,3,1,6,3,51.5,48.5,3,1,0,0,2,3
2024-07-05 23:30:00,Rhode Island FC,Indy Eleven,3.0,3.0,"Smithfield, Rhode Island",USA,Beirne Stadium,,,,USL Championship,,20240705_Rhode-Island-FC_Indy-Eleven,-61.4506542524814,1.68,0.92,5,3,13,7,42.0,58.0,1,3,0,0,5,4
2024-07-06 23:00:00,Detroit City FC,Tampa Bay Rowdies,1.0,1.0,"Hamtramck, Michigan",USA,Keyworth Stadium,,,,USL Championship,,20240706_Detroit-City-FC_Tampa-Bay-Rowdies,-64.12086109388224,1.34,1.08,4,4,9,9,44.8,55.2,0,6,0,0,6,3
2024-07-06 23:00:00,Pittsburgh Riverhounds,Monterey Bay,0.0,1.0,"Pittsburgh, Pennsylvania",USA,Highmark Stadium,,,,USL Championship,,20240706_Pittsburgh-Riverhounds_Monterey-Bay,68.31219402680426,0.93,0.86,4,4,9,7,53.3,46.7,2,2,0,0,10,7
2024-07-06 23:30:00,North Carolina FC,Miami FC,4.0,1.0,"Cary, North Carolina",USA,WakeMed Soccer Park,,,,USL Championship,,20240706_North-Carolina-FC_Miami-FC,76.90756036229186,0.31,0.2,4,1,8,3,52.2,47.8,2,1,0,0,8,2
2024-07-07 01:00:00,San Antonio FC,Phoenix Rising FC,2.0,1.0,"San Antonio, Texas",USA,Toyota Field,,,,USL Championship,,20240707_San-Antonio-FC_Phoenix-Rising-FC,-18.386485595142176,0.74,1.18,2,3,5,6,52.9,47.1,5,3,0,0,1,4
2024-07-07 02:00:00,Oakland Roots,Louisville City FC,1.0,0.0,"Hayward, California",USA,Pioneer Stadium,,,,USL Championship,,20240707_Oakland-Roots_Louisville-City-FC,-97.64170077690551,1.89,1.21,5,6,12,14,48.9,51.1,1,2,0,0,6,8
2024-07-07 02:00:00,Orange County SC,Memphis 901 FC,4.0,1.0,"Irvine, California",USA,Championship Soccer Stadium,,,,USL Championship,,20240707_Orange-County-SC_Memphis-901-FC,-28.09125730911569,2.34,0.46,7,2,15,6,52.2,47.8,1,2,0,0,4,4
2024-07-12 23:30:00,Hartford Athletic,Charleston Battery,2.0,2.0,"Hartford, Connecticut",USA,Trinity Health Stadium,,,,USL Championship,,20240712_Hartford-Athletic_Charleston-Battery,-240.0616362162284,1.34,0.37,4,2,9,4,37.1,62.9,2,2,0,0,10,1
2024-07-13 01:00:00,El Paso Locomotive FC,Las Vegas Lights FC,0.0,2.0,"El Paso, Texas",USA,Southwest University Park,,,,USL Championship,,20240713_El-Paso-Locomotive-FC_Las-Vegas-Lights-FC,-11.024892455863892,0.05,1.87,0,6,0,13,42.4,57.6,2,3,0,0,5,6
2024-07-13 20:00:00,Detroit City FC,Memphis 901 FC,0.0,1.0,"Hamtramck, Michigan",USA,Keyworth Stadium,,,,USL Championship,,20240713_Detroit-City-FC_Memphis-901-FC,-4.2480953850486,0.05,0.77,0,4,2,7,52.5,47.5,2,3,0,0,1,3
2024-07-13 23:00:00,Indy Eleven,Loudoun United FC,1.0,1.0,"Indianapolis, Indiana",USA,Michael A. Carroll Stadium,,,,USL Championship,,20240713_Indy-Eleven_Loudoun-United-FC,141.91497779887368,0.8,0.56,1,1,3,3,53.4,46.6,0,4,0,0,9,4
2024-07-13 23:00:00,Miami FC,Rhode Island FC,2.0,3.0,"Miami, Florida",USA,Riccardo Silva Stadium,,,,USL Championship,,20240713_Miami-FC_Rhode-Island-FC,-107.20266539111753,0.37,1.76,2,5,6,9,45.3,54.7,0,0,0,1,2,6
2024-07-13 23:00:00,Pittsburgh Riverhounds,Oakland Roots,5.0,0.0,"Pittsburgh, Pennsylvania",USA,Highmark Stadium,,,,USL Championship,,20240713_Pittsburgh-Riverhounds_Oakland-Roots,-11.226720125928978,1.21,0.72,5,2,10,4,49.4,50.6,4,0,0,0,5,3
2024-07-13 23:30:00,Birmingham Legion FC,Colorado Springs Switchbacks FC,2.0,1.0,"Birmingham, Alabama",USA,Protective Stadium,,,,USL Championship,,20240713_Birmingham-Legion-FC_Colorado-Springs-Switchbacks-FC,-38.32144059966754,0.8,0.85,2,3,6,5,50.8,49.2,2,0,0,0,6,2
2024-07-13 23:30:00,Tampa Bay Rowdies,Orange County SC,2.0,0.0,"St. Petersburg, Florida",USA,Al Lang Stadium,,,,USL Championship,,20240713_Tampa-Bay-Rowdies_Orange-County-SC,57.64806522988965,1.3,0.79,5,3,11,6,53.0,47.0,1,1,0,0,7,2
2024-07-14 02:00:00,Monterey Bay,FC Tulsa,0.0,0.0,"Seaside, California",USA,Cardinale Stadium,,,,USL Championship,,20240714_Monterey-Bay_FC-Tulsa,4.716585876320096,0.47,1.03,0,3,0,6,49.0,51.0,2,1,0,0,3,3
2024-07-14 03:00:00,Sacramento Republic FC,North Carolina FC,0.0,0.0,"Sacramento, California",USA,Heart Health Park,,,,USL Championship,,20240714_Sacramento-Republic-FC_North-Carolina-FC,95.99127838458435,1.13,1.52,4,4,9,8,52.0,48.0,1,2,0,0,4,1
2024-07-18 00:00:00,Birmingham Legion FC,Rhode Island FC,1.0,3.0,"Birmingham, Alabama",USA,Protective Stadium,,,,USL Championship,,20240718_Birmingham-Legion-FC_Rhode-Island-FC,21.313513200056377,0.68,1.65,3,6,6,14,51.2,48.8,0,2,0,0,9,6
2024-07-19 23:30:00,Charleston Battery,Miami FC,2.0,0.0,"Mount Pleasant, South Carolina",USA,Patriots Point,,,,USL Championship,,20240719_Charleston-Battery_Miami-FC,207.13490252477095,1.77,0.77,5,2,9,5,50.2,49.8,2,2,0,0,6,2
2024-07-19 23:30:00,North Carolina FC,Detroit City FC,1.0,1.0,"Cary, North Carolina",USA,WakeMed Soccer Park,,,,USL Championship,,20240719_North-Carolina-FC_Detroit-City-FC,-34.19695608695815,0.12,1.46,1,5,3,13,52.7,47.3,1,1,0,0,6,5
2024-07-20 00:00:00,Louisville City FC,Colorado Springs Switchbacks FC,2.0,1.0,"Louisville, Kentucky",USA,Lynn Family Stadium,,,,USL Championship,,20240720_Louisville-City-FC_Colorado-Springs-Switchbacks-FC,46.681569357215494,1.19,0.87,2,1,3,3,51.7,48.3,1,5,0,0,6,5
2024-07-20 03:00:00,Phoenix Rising FC,El Paso Locomotive FC,2.0,0.0,"Phoenix, Arizona",USA,Phoenix Rising Stadium at 38th St/Washington,,,,USL Championship,,20240720_Phoenix-Rising-FC_El-Paso-Locomotive-FC,102.41783880490811,2.27,1.41,7,2,15,2,53.0,47.0,2,3,0,0,11,4
2024-07-20 23:00:00,Indy Eleven,Tampa Bay Rowdies,0.0,2.0,"Indianapolis, Indiana",USA,Michael A. Carroll Stadium,,,,USL Championship,,20240720_Indy-Eleven_Tampa-Bay-Rowdies,-54.925856838446634,0.49,0.67,3,2,6,4,44.6,55.4,5,3,0,0,6,6
2024-07-21 00:00:00,Pittsburgh Riverhounds,Hartford Athletic,3.0,1.0,"Pittsburgh, Pennsylvania",USA,Highmark Stadium,,,,USL Championship,,20240721_Pittsburgh-Riverhounds_Hartford-Athletic,156.35621081772683,1.73,0.05,6,1,13,2,57.4,42.6,3,1,0,0,6,5
2024-07-21 00:30:00,FC Tulsa,Memphis 901 FC,1.0,0.0,"Tulsa, Oklahoma",USA,ONEOK Field,,,,USL Championship,,20240721_FC-Tulsa_Memphis-901-FC,-88.27462413539433,0.7,1.33,4,3,8,5,44.6,55.4,0,3,0,0,4,2
2024-07-21 01:00:00,New Mexico United,Birmingham Legion FC,1.0,1.0,"Albuquerque, New Mexico",USA,Rio Grande Credit Union Field at Isotopes Park,,,,USL Championship,,20240721_New-Mexico-United_Birmingham-Legion-FC,62.50447887915766,0.51,0.71,1,1,2,2,55.6,44.4,0,1,0,0,2,2
2024-07-21 02:00:00,Orange County SC,San Antonio FC,2.0,0.0,"Irvine, California",USA,Championship Soccer Stadium,,,,USL Championship,,20240721_Orange-County-SC_San-Antonio-FC,3.8076167754145445,2.17,0.33,6,1,14,1,51.4,48.6,0,0,0,0,7,0
2024-07-21 20:00:00,Oakland Roots,Sacramento Republic FC,2.0,5.0,"Hayward, California",USA,Pioneer Stadium,,,,USL Championship,,20240721_Oakland-Roots_Sacramento-Republic-FC,-72.60113729816794,1.49,1.46,5,6,11,14,54.3,45.7,3,0,0,0,14,7
2024-07-24 15:00:00,Loudoun United FC,Charleston Battery,1.0,2.0,"Leesburg, Virginia",USA,Segra Field,,,,USL Championship,,20240724_Loudoun-United-FC_Charleston-Battery,-177.12921653841727,1.83,0.81,6,4,13,8,47.6,52.4,2,2,0,0,3,5
2024-07-26 23:30:00,Hartford Athletic,Phoenix Rising FC,0.0,0.0,"Hartford, Connecticut",USA,Trinity Health Stadium,,,,USL Championship,,20240726_Hartford-Athletic_Phoenix-Rising-FC,-168.80953958040163,0.75,1.04,3,2,5,4,42.8,57.2,1,2,0,0,4,4
2024-07-27 00:30:00,FC Tulsa,Indy Eleven,0.0,0.0,"Tulsa, Oklahoma",USA,ONEOK Field,,,,USL Championship,,20240727_FC-Tulsa_Indy-Eleven,-61.91201142423097,1.19,1.53,5,6,11,14,45.2,54.8,1,5,0,0,7,6
2024-07-27 01:00:00,Colorado Springs Switchbacks FC,Las Vegas Lights FC,1.0,1.0,"Colorado Springs, Colorado",USA,Weidner Field,,,,USL Championship,,20240727_Colorado-Springs-Switchbacks-FC_Las-Vegas-Lights-FC,80.02869847904117,0.42,0.25,2,1,6,2,53.5,46.5,2,1,0,0,3,3
2024-07-27 23:00:00,Detroit City FC,Sacramento Republic FC,0.0,1.0,"Hamtramck, Michigan",USA,Keyworth Stadium,,,,USL Championship,,20240727_Detroit-City-FC_Sacramento-Republic-FC,-66.03283951374124,0.93,1.03,1,4,2,8,53.2,46.8,4,2,0,0,3,2
2024-07-27 23:00:00,Miami FC,Oakland Roots,1.0,2.0,"Miami, Florida",USA,Riccardo Silva Stadium,,,,USL Championship,,20240727_Miami-FC_Oakland-Roots,-120.30695983375563,0.66,1.0,2,3,4,8,47.6,52.4,0,0,0,0,5,5
2024-07-27 23:00:00,Pittsburgh Riverhounds,Loudoun United FC,1.0,1.0,"Pittsburgh, Pennsylvania",USA,Highmark Stadium,,,,USL Championship,,20240727_Pittsburgh-Riverhounds_Loudoun-United-FC,115.50124465824638,1.75,0.53,6,4,13,9,54.1,45.9,0,3,0,0,4,7
2024-07-27 23:30:00,Birmingham Legion FC,Orange County SC,3.0,0.0,"Birmingham, Alabama",USA,Protective Stadium,,,,USL Championship,,20240727_Birmingham-Legion-FC_Orange-County-SC,-22.571148518783957,0.81,1.33,3,2,7,3,45.0,55.0,1,2,0,0,7,1
2024-07-27 23:30:00,Rhode Island FC,North Carolina FC,2.0,1.0,"Smithfield, Rhode Island",USA,Beirne Stadium,,,,USL Championship,,20240727_Rhode-Island-FC_North-Carolina-FC,28.257472791169903,1.67,1.57,7,5,16,9,55.6,44.4,2,1,0,0,9,2
2024-07-27 23:30:00,Tampa Bay Rowdies,Charleston Battery,4.0,2.0,"St. Petersburg, Florida",USA,Al Lang Stadium,,,,USL Championship,,20240727_Tampa-Bay-Rowdies_Charleston-Battery,14.175814794790995,2.12,0.94,9,2,19,3,46.1,53.9,1,1,0,0,4,1
2024-07-28 00:00:00,Louisville City FC,Monterey Bay,4.0,1.0,"Louisville, Kentucky",USA,Lynn Family Stadium,,,,USL Championship,,20240728_Louisville-City-FC_Monterey-Bay,128.50914717272076,1.31,0.54,4,1,6,2,59.2,40.8,1,3,0,0,2,3
2024-07-28 00:30:00,Memphis 901 FC,San Antonio FC,1.0,0.0,"Memphis, Tennessee",USA,AutoZone Park,,,,USL Championship,,20240728_Memphis-901-FC_San-Antonio-FC,24.726431659813215,1.81,0.99,8,3,19,6,53.8,46.2,4,2,0,0,12,5
2024-07-28 01:00:00,El Paso Locomotive FC,New Mexico United,1.0,2.0,"El Paso, Texas",USA,Southwest University Park,,,,USL Championship,,20240728_El-Paso-Locomotive-FC_New-Mexico-United,-169.19966769801567,0.9,2.14,4,7,8,12,34.5,65.5,1,0,0,0,6,7
2024-07-31 23:30:00,Hartford Athletic,Detroit City FC,1.0,0.0,"Hartford, Connecticut",USA,Trinity Health Stadium,,,,USL Championship,,20240731_Hartford-Athletic_Detroit-City-FC,-150.68363093111998,1.07,1.28,2,4,4,8,44.4,55.6,3,3,0,0,3,7
2024-08-01 01:00:00,New Mexico United,Las Vegas Lights FC,1.0,2.0,"Albuquerque, New Mexico",USA,Rio Grande Credit Union Field at Isotopes Park,,,,USL Championship,,20240801_New-Mexico-United_Las-Vegas-Lights-FC,130.23628786810468,0.44,1.56,1,4,3,10,51.3,48.7,2,1,0,0,1,4
2024-08-02 23:30:00,Charleston Battery,Indy Eleven,5.0,0.0,"Mount Pleasant, South Carolina",USA,Patriots Point,,,,USL Championship,,20240802_Charleston-Battery_Indy-Eleven,51.59255221087028,1.67,0.45,6,1,12,1,55.5,44.5,2,1,0,0,4,2
2024-08-03 20:00:00,Detroit City FC,Rhode Island FC,1.0,1.0,"Hamtramck, Michigan",USA,Keyworth Stadium,,,,USL Championship,,20240803_Detroit-City-FC_Rhode-Island-FC,-34.0886333499966,1.33,1.38,5,3,11,7,43.6,56.4,1,2,0,0,4,4
2024-08-03 23:30:00,Birmingham Legion FC,Hartford Athletic,2.0,2.0,"Birmingham, Alabama",USA,Protective Stadium,,,,USL Championship,,20240803_Birmingham-Legion-FC_Hartford-Athletic,150.70163076117365,0.61,1.47,3,6,7,13,51.1,48.9,1,2,0,0,5,8
2024-08-03 23:30:00,Loudoun United FC,Miami FC,4.0,1.0,"Leesburg, Virginia",USA,Segra Field,,,,USL Championship,,20240803_Loudoun-United-FC_Miami-FC,46.671234898284865,2.03,1.04,7,3,15,7,54.9,45.1,0,0,0,0,4,4
2024-08-04 00:30:00,Memphis 901 FC,El Paso Locomotive FC,0.0,0.0,"Memphis, Tennessee",USA,AutoZone Park,,,,USL Championship,,20240804_Memphis-901-FC_El-Paso-Locomotive-FC,148.44530699870893,0.52,0.59,1,2,2,4,53.6,46.4,3,5,0,0,5,0
2024-08-04 01:00:00,Colorado Springs Switchbacks FC,Phoenix Rising FC,2.0,0.0,"Colorado Springs, Colorado",USA,Weidner Field,,,,USL Championship,,20240804_Colorado-Springs-Switchbacks-FC_Phoenix-Rising-FC,6.007792122319643,0.57,0.8,2,1,4,3,46.1,53.9,1,1,0,0,3,1
2024-08-04 01:00:00,New Mexico United,Louisville City FC,0.0,1.0,"Albuquerque, New Mexico",USA,Rio Grande Credit Union Field at Isotopes Park,,,,USL Championship,,20240804_New-Mexico-United_Louisville-City-FC,-38.60446326844749,0.7,1.18,1,5,2,10,50.1,49.9,4,2,0,0,3,9
2024-08-04 01:00:00,San Antonio FC,FC Tulsa,1.0,3.0,"San Antonio, Texas",USA,Toyota Field,,,,USL Championship,,20240804_San-Antonio-FC_FC-Tulsa,20.314874799537392,1.74,1.05,4,4,9,11,59.5,40.5,3,2,0,0,6,10
2024-08-04 02:00:00,Monterey Bay,Tampa Bay Rowdies,2.0,2.0,"Seaside, California",USA,Cardinale Stadium,,,,USL Championship,,20240804_Monterey-Bay_Tampa-Bay-Rowdies,-166.93319144149768,1.67,0.79,6,3,12,7,47.9,52.1,4,0,0,0,7,9
2024-08-04 02:00:00,Orange County SC,North Carolina FC,0.0,1.0,"Irvine, California",USA,Championship Soccer Stadium,,,,USL Championship,,20240804_Orange-County-SC_North-Carolina-FC,47.055211818315684,0.05,0.92,0,2,0,5,56.7,43.3,0,1,0,0,2,5
2024-08-04 02:00:00,Sacramento Republic FC,Pittsburgh Riverhounds,0.0,1.0,"Sacramento, California",USA,Heart Health Park,,,,USL Championship,,20240804_Sacramento-Republic-FC_Pittsburgh-Riverhounds,75.23891469203863,0.82,1.06,2,2,3,6,52.6,47.4,3,3,0,0,5,4
2024-08-07 23:00:00,Detroit City FC,Pittsburgh Riverhounds,0.0,0.0,"Hamtramck, Michigan",USA,Keyworth Stadium,,,,USL Championship,,20240807_Detroit-City-FC_Pittsburgh-Riverhounds,-40.57277646389116,0.17,0.91,1,3,3,8,50.5,49.5,1,2,0,0,3,3
2024-08-07 23:00:00,Indy Eleven,Rhode Island FC,1.0,0.0,"Indianapolis, Indiana",USA,Michael A. Carroll Stadium,,,,USL Championship,,20240807_Indy-Eleven_Rhode-Island-FC,-0.8604529860560888,0.53,0.78,4,3,9,6,50.0,50.0,0,2,0,0,2,2
2024-08-10 00:30:00,FC Tulsa,Orange County SC,0.0,0.0,"Tulsa, Oklahoma",USA,ONEOK Field,,,,USL Championship,,20240810_FC-Tulsa_Orange-County-SC,-19.912197431508503,0.51,1.25,3,4,6,10,43.9,56.1,1,1,0,0,6,6
2024-08-10 23:00:00,Pittsburgh Riverhounds,San Antonio FC,0.0,0.0,"Pittsburgh, Pennsylvania",USA,Highmark Stadium,,,,USL Championship,,20240810_Pittsburgh-Riverhounds_San-Antonio-FC,48.131749292513405,1.01,0.69,3,2,5,7,45.6,54.4,2,1,0,0,1,1
2024-08-10 23:30:00,Charleston Battery,Memphis 901 FC,3.0,1.0,"Mount Pleasant, South Carolina",USA,Patriots Point,,,,USL Championship,,20240810_Charleston-Battery_Memphis-901-FC,57.00377679228063,1.7,1.11,5,4,10,9,53.7,46.3,0,2,0,0,3,0
2024-08-10 23:30:00,North Carolina FC,Colorado Springs Switchbacks FC,4.0,1.0,"Cary, North Carolina",USA,WakeMed Soccer Park,,,,USL Championship,,20240810_North-Carolina-FC_Colorado-Springs-Switchbacks-FC,-44.61052680420153,1.41,1.73,5,6,12,13,53.0,47.0,1,3,0,0,5,3
2024-08-10 23:30:00,Rhode Island FC,Hartford Athletic,3.0,0.0,"Smithfield, Rhode Island",USA,Beirne Stadium,,,,USL Championship,,20240810_Rhode-Island-FC_Hartford-Athletic,132.86562354174453,1.1,0.5,4,0,10,1,52.1,47.9,2,4,0,1,4,0
2024-08-11 01:00:00,El Paso Locomotive FC,Miami FC,2.0,1.0,"El Paso, Texas",USA,Southwest University Park,,,,USL Championship,,20240811_El-Paso-Locomotive-FC_Miami-FC,46.01827461398261,1.74,0.7,6,4,12,6,63.0,37.0,2,1,0,0,7,7
2024-08-11 01:00:00,Louisville City FC,Sacramento Republic FC,4.0,3.0,"Louisville, Kentucky",USA,Lynn Family Stadium,,,,USL Championship,,20240811_Louisville-City-FC_Sacramento-Republic-FC,30.96235004626442,1.92,1.29,7,3,15,6,53.5,46.5,1,2,0,0,5,4
2024-08-11 02:00:00,Monterey Bay,Birmingham Legion FC,1.0,2.0,"Seaside, California",USA,Cardinale Stadium,,,,USL Championship,,20240811_Monterey-Bay_Birmingham-Legion-FC,-59.41685737512353,1.08,1.88,2,6,4,13,50.3,49.7,6,1,0,0,5,9
2024-08-11 02:00:00,Oakland Roots,Loudoun United FC,3.0,1.0,"Hayward, California",USA,Pioneer Stadium,,,,USL Championship,,20240811_Oakland-Roots_Loudoun-United-FC,79.24451617596264,0.51,0.81,3,3,6,7,53.7,46.3,0,0,0,0,4,6
2024-08-11 02:30:00,Las Vegas Lights FC,Detroit City FC,1.0,1.0,"Las Vegas, Nevada",USA,Cashman Field,,,,USL Championship,,20240811_Las-Vegas-Lights-FC_Detroit-City-FC,-30.65394568627039,0.05,1.49,1,4,3,8,54.2,45.8,1,3,0,0,2,1
2024-08-11 03:00:00,Phoenix Rising FC,Tampa Bay Rowdies,0.0,0.0,"Phoenix, Arizona",USA,Phoenix Rising Stadium at 38th St/Washington,,,,USL Championship,,20240811_Phoenix-Rising-FC_Tampa-Bay-Rowdies,-113.30393487316087,1.23,0.18,2,1,5,1,45.7,54.3,4,3,0,0,2,3
2024-08-11 21:00:00,Indy Eleven,New Mexico United,1.0,3.0,"Indianapolis, Indiana",USA,Michael A. Carroll Stadium,,,,USL Championship,,20240811_Indy-Eleven_New-Mexico-United,-14.797121220971803,0.05,1.71,1,3,1,6,43.9,56.1,1,3,0,0,4,4
2024-08-14 23:00:00,Miami FC,Memphis 901 FC,1.0,5.0,"Miami, Florida",USA,Riccardo Silva Stadium,,,,USL Championship,,20240814_Miami-FC_Memphis-901-FC,-185.16206635463118,0.43,2.12,1,8,2,18,40.6,59.4,1,0,0,0,2,7
2024-08-15 01:00:00,New Mexico United,FC Tulsa,3.0,3.0,"Albuquerque, New Mexico",USA,Rio Grande Credit Union Field at Isotopes Park,,,,USL Championship,,20240815_New-Mexico-United_FC-Tulsa,72.37717304835428,1.08,1.92,3,4,6,8,53.6,46.4,0,2,0,0,1,6
2024-08-15 02:30:00,Sacramento Republic FC,El Paso Locomotive FC,2.0,0.0,"Sacramento, California",USA,Heart Health Park,,,,USL Championship,,20240815_Sacramento-Republic-FC_El-Paso-Locomotive-FC,158.1816963760441,0.5,0.36,3,2,6,5,53.7,46.3,3,2,0,0,6,5
2024-08-17 00:00:00,Birmingham Legion FC,Detroit City FC,0.0,1.0,"Birmingham, Alabama",USA,Protective Stadium,,,,USL Championship,,20240817_Birmingham-Legion-FC_Detroit-City-FC,37.373396827147644,0.65,0.42,1,3,3,6,54.7,45.3,1,2,0,1,1,8
2024-08-17 23:00:00,Hartford Athletic,Las Vegas Lights FC,2.0,1.0,"Hartford, Connecticut",USA,Trinity Health Stadium,,,,USL Championship,,20240817_Hartford-Athletic_Las-Vegas-Lights-FC,-92.57333908538612,0.59,0.98,4,4,9,9,44.6,55.4,0,3,0,0,9,2
2024-08-17 23:00:00,Pittsburgh Riverhounds,Colorado Springs Switchbacks FC,2.0,2.0,"Pittsburgh, Pennsylvania",USA,Highmark Stadium,,,,USL Championship,,20240817_Pittsburgh-Riverhounds_Colorado-Springs-Switchbacks-FC,10.2272007097406,1.64,1.77,5,7,11,17,50.3,49.7,0,3,0,1,7,6
2024-08-17 23:30:00,Rhode Island FC,Oakland Roots,1.0,1.0,"Smithfield, Rhode Island",USA,Beirne Stadium,,,,USL Championship,,20240817_Rhode-Island-FC_Oakland-Roots,10.172546954500831,0.98,1.22,3,4,5,9,48.2,51.8,1,0,0,0,4,2
2024-08-17 23:30:00,Tampa Bay Rowdies,Loudoun United FC,0.0,2.0,"St. Petersburg, Florida",USA,Al Lang Stadium,,,,USL Championship,,20240817_Tampa-Bay-Rowdies_Loudoun-United-FC,201.46391776032942,0.71,1.05,3,2,7,5,52.8,47.2,0,3,0,0,8,2
2024-08-18 00:00:00,Louisville City FC,Charleston Battery,3.0,1.0,"Louisville, Kentucky",USA,Lynn Family Stadium,,,,USL Championship,,20240818_Louisville-City-FC_Charleston-Battery,15.605673300324497,0.54,0.8,3,4,8,7,42.1,57.9,0,2,0,0,2,4
2024-08-18 00:30:00,Memphis 901 FC,FC Tulsa,2.0,0.0,"Memphis, Tennessee",USA,AutoZone Park,,,,USL Championship,,20240818_Memphis-901-FC_FC-Tulsa,42.747544961974654,1.46,0.49,3,1,7,2,46.6,53.4,0,3,0,0,4,4
2024-08-18 01:00:00,New Mexico United,Monterey Bay,3.0,2.0,"Albuquerque, New Mexico",USA,Rio Grande Credit Union Field at Isotopes Park,,,,USL Championship,,20240818_New-Mexico-United_Monterey-Bay,108.37239967117353,1.3,1.31,5,4,11,9,52.7,47.3,3,2,0,0,8,8
2024-08-18 01:00:00,San Antonio FC,North Carolina FC,1.0,0.0,"San Antonio, Texas",USA,Toyota Field,,,,USL Championship,,20240818_San-Antonio-FC_North-Carolina-FC,-17.055068229180506,1.31,1.23,4,5,8,11,47.0,53.0,2,1,1,0,7,9
2024-08-18 02:00:00,Orange County SC,El Paso Locomotive FC,0.0,1.0,"Irvine, California",USA,Championship Soccer Stadium,,,,USL Championship,,20240818_Orange-County-SC_El-Paso-Locomotive-FC,104.66427337667687,0.83,0.83,1,3,2,11,48.6,51.4,1,0,0,0,1,8
2024-08-21 23:30:00,Tampa Bay Rowdies,Detroit City FC,2.0,3.0,"St. Petersburg, Florida",USA,Al Lang Stadium,,,,USL Championship,,20240821_Tampa-Bay-Rowdies_Detroit-City-FC,88.86627350782578,1.99,1.11,7,3,18,6,52.4,47.6,0,1,0,0,5,4
2024-08-24 23:00:00,Detroit City FC,FC Tulsa,0.0,1.0,"Hamtramck, Michigan",USA,Keyworth Stadium,,,,USL Championship,,20240824_Detroit-City-FC_FC-Tulsa,39.87580088196205,0.3,1.85,0,6,0,16,59.8,40.2,1,3,0,0,2,7
2024-08-24 23:00:00,Hartford Athletic,Louisville City FC,2.0,1.0,"Hartford, Connecticut",USA,Trinity Health Stadium,,,,USL Championship,,20240824_Hartford-Athletic_Louisville-City-FC,-245.7037333125952,1.24,0.93,4,4,9,8,42.0,58.0,1,0,0,0,9,4
2024-08-24 23:30:00,Birmingham Legion FC,Pittsburgh Riverhounds,0.0,3.0,"Birmingham, Alabama",USA,Protective Stadium,,,,USL Championship,,20240824_Birmingham-Legion-FC_Pittsburgh-Riverhounds,-12.74627818629483,1.11,1.68,3,5,5,10,43.8,56.2,0,2,1,0,7,2
2024-08-24 23:30:00,Charleston Battery,Orange County SC,6.0,0.0,"Mount Pleasant, South Carolina",USA,Patriots Point,,,,USL Championship,,20240824_Charleston-Battery_Orange-County-SC,101.6742421140084,1.91,0.49,6,1,14,3,54.6,45.4,0,1,0,0,7,2
2024-08-24 23:30:00,Loudoun United FC,Rhode Island FC,0.0,0.0,"Leesburg, Virginia",USA,Segra Field,,,,USL Championship,,20240824_Loudoun-United-FC_Rhode-Island-FC,-89.41402613422429,0.53,0.35,1,1,2,2,48.7,51.3,1,3,0,1,3,0
2024-08-24 23:30:00,Tampa Bay Rowdies,Miami FC,2.0,0.0,"St. Petersburg, Florida",USA,Al Lang Stadium,,,,USL Championship,,20240824_Tampa-Bay-Rowdies_Miami-FC,242.91443694581517,1.3,0.31,3,2,7,5,59.2,40.8,1,6,1,0,2,4
2024-08-25 01:00:00,Colorado Springs Switchbacks FC,New Mexico United,0.0,1.0,"Colorado Springs, Colorado",USA,Weidner Field,,,,USL Championship,,20240825_Colorado-Springs-Switchbacks-FC_New-Mexico-United,-47.45469293767519,0.27,0.05,0,1,0,1,47.6,52.4,2,3,0,0,1,0
2024-08-25 02:00:00,Monterey Bay,El Paso Locomotive FC,0.0,0.0,"Seaside, California",USA,Cardinale Stadium,,,,USL Championship,,20240825_Monterey-Bay_El-Paso-Locomotive-FC,23.78330760321819,0.37,0.93,1,2,2,5,46.3,53.7,4,2,0,0,5,4
2024-08-25 02:00:00,Oakland Roots,Memphis 901 FC,1.0,1.0,"Hayward, California",USA,Pioneer Stadium,,,,USL Championship,,20240825_Oakland-Roots_Memphis-901-FC,-35.049910867239305,1.85,0.96,6,3,12,8,43.9,56.1,0,3,0,1,11,7
2024-08-25 02:30:00,Las Vegas Lights FC,Indy Eleven,3.0,2.0,"Las Vegas, Nevada",USA,Cashman Field,,,,USL Championship,,20240825_Las-Vegas-Lights-FC_Indy-Eleven,-74.74816230640567,0.91,1.22,3,3,4,6,49.3,50.7,2,1,0,0,8,5
2024-08-25 03:00:00,Phoenix Rising FC,North Carolina FC,0.0,0.0,"Phoenix, Arizona",USA,Phoenix Rising Stadium at 38th St/Washington,,,,USL Championship,,20240825_Phoenix-Rising-FC_North-Carolina-FC,17.854211130754265,0.68,1.23,1,3,1,5,38.8,61.2,0,1,0,0,3,3
2024-08-25 03:00:00,Sacramento Republic FC,San Antonio FC,1.0,0.0,"Sacramento, California",USA,Heart Health Park,,,,USL Championship,,20240825_Sacramento-Republic-FC_San-Antonio-FC,77.3594363680254,0.56,1.21,2,3,6,6,49.8,50.2,2,1,1,0,3,4
2024-08-29 01:00:00,Colorado Springs Switchbacks FC,Memphis 901 FC,3.0,1.0,"Colorado Springs, Colorado",USA,Weidner Field,,,,USL Championship,,20240829_Colorado-Springs-Switchbacks-FC_Memphis-901-FC,-34.07537331596927,0.99,0.82,3,1,6,1,50.8,49.2,3,0,0,0,6,6
2024-08-31 22:00:00,Oakland Roots,New Mexico United,1.0,0.0,"Hayward, California",USA,Pioneer Stadium,,,,USL Championship,,20240831_Oakland-Roots_New-Mexico-United,-66.75842829452608,0.88,1.22,4,4,9,9,47.7,52.3,1,2,0,1,5,6
2024-08-31 23:00:00,Detroit City FC,Hartford Athletic,1.0,1.0,"Hamtramck, Michigan",USA,Keyworth Stadium,,,,USL Championship,,20240831_Detroit-City-FC_Hartford-Athletic,101.60324612657314,0.46,1.5,2,5,4,10,55.3,44.7,1,3,0,0,3,8
2024-08-31 23:00:00,Indy Eleven,Pittsburgh Riverhounds,1.0,1.0,"Indianapolis, Indiana",USA,Michael A. Carroll Stadium,,,,USL Championship,,20240831_Indy-Eleven_Pittsburgh-Riverhounds,-31.85391224394698,1.01,1.05,3,4,7,6,47.4,52.6,4,0,0,0,5,1
2024-08-31 23:00:00,Miami FC,Monterey Bay,1.0,0.0,"Miami, Florida",USA,Riccardo Silva Stadium,,,,USL Championship,,20240831_Miami-FC_Monterey-Bay,-109.34774797385239,1.28,0.63,5,1,11,2,44.3,55.7,1,3,0,0,3,5
2024-08-31 23:30:00,North Carolina FC,Louisville City FC,4.0,6.0,"Cary, North Carolina",USA,WakeMed Soccer Park,,,,USL Championship,,20240831_North-Carolina-FC_Louisville-City-FC,-122.96380789549016,2.15,2.11,8,9,20,20,42.0,58.0,2,3,0,0,8,2
2024-08-31 23:30:00,Rhode Island FC,Birmingham Legion FC,2.0,0.0,"Smithfield, Rhode Island",USA,Beirne Stadium,,,,USL Championship,,20240831_Rhode-Island-FC_Birmingham-Legion-FC,11.094386015984583,0.19,0.49,2,2,3,4,61.2,38.8,1,3,0,0,3,6
2024-09-01 00:38:00,Loudoun United FC,Phoenix Rising FC,0.0,1.0,"Leesburg, Virginia",USA,Segra Field,,,,USL Championship,,20240901_Loudoun-United-FC_Phoenix-Rising-FC,-73.81188360955935,0.37,0.58,0,3,0,7,44.2,55.8,3,1,0,0,1,1
2024-09-01 01:00:00,San Antonio FC,Charleston Battery,1.0,1.0,"San Antonio, Texas",USA,Toyota Field,,,,USL Championship,,20240901_San-Antonio-FC_Charleston-Battery,-114.19300066540791,1.06,1.76,1,6,2,15,45.6,54.4,0,2,0,0,3,7
2024-09-01 02:00:00,Orange County SC,Las Vegas Lights FC,2.0,3.0,"Irvine, California",USA,Championship Soccer Stadium,,,,USL Championship,,20240901_Orange-County-SC_Las-Vegas-Lights-FC,20.047518162513597,1.07,1.14,4,3,10,7,54.3,45.7,3,3,0,0,7,6
2024-09-01 22:00:00,FC Tulsa,Colorado Springs Switchbacks FC,1.0,4.0,"Tulsa, Oklahoma",USA,ONEOK Field,,,,USL Championship,,20240901_FC-Tulsa_Colorado-Springs-Switchbacks-FC,-28.32951255468629,0.79,1.7,3,6,6,14,49.0,51.0,0,0,0,0,8,9
2024-09-06 23:30:00,Louisville City FC,Loudoun United FC,1.0,0.0,"Louisville, Kentucky",USA,Lynn Family Stadium,,,,USL Championship,,20240906_Louisville-City-FC_Loudoun-United-FC,197.5638726798552,1.45,0.62,4,3,8,7,54.4,45.6,3,3,0,0,5,5
2024-09-07 01:00:00,New Mexico United,Miami FC,1.0,0.0,"Albuquerque, New Mexico",USA,Rio Grande Credit Union Field at Isotopes Park,,,,USL Championship,,20240907_New-Mexico-United_Miami-FC,215.72441924404188,0.75,1.2,1,3,3,6,53.0,47.0,2,2,0,0,2,4
2024-09-07 03:00:00,Phoenix Rising FC,FC Tulsa,1.0,0.0,"Phoenix, Arizona",USA,Phoenix Rising Stadium at 38th St/Washington,,,,USL Championship,,20240907_Phoenix-Rising-FC_FC-Tulsa,32.79004285539895,0.63,0.14,1,1,1,4,53.7,46.3,0,2,0,0,5,2
2024-09-07 23:00:00,Hartford Athletic,Indy Eleven,0.0,0.0,"Hartford, Connecticut",USA,Trinity Health Stadium,,,,USL Championship,,20240907_Hartford-Athletic_Indy-Eleven,-100.90895579997868,0.05,0.05,0,0,0,1,47.5,52.5,1,0,0,0,3,1
2024-09-07 23:00:00,Pittsburgh Riverhounds,Rhode Island FC,2.0,0.0,"Pittsburgh, Pennsylvania",USA,Highmark Stadium,,,,USL Championship,,20240907_Pittsburgh-Riverhounds_Rhode-Island-FC,12.05773877865363,1.28,1.43,3,4,5,10,50.7,49.3,0,1,0,0,4,5
2024-09-07 23:30:00,Charleston Battery,Sacramento Republic FC,2.0,1.0,"Mount Pleasant, South Carolina",USA,Patriots Point,,,,USL Championship,,20240907_Charleston-Battery_Sacramento-Republic-FC,14.28282790966341,2.21,1.37,5,3,8,8,48.2,51.8,2,3,0,1,7,7
2024-09-07 23:30:00,North Carolina FC,Oakland Roots,5.0,0.0,"Cary, North Carolina",USA,WakeMed Soccer Park,,,,USL Championship,,20240907_North-Carolina-FC_Oakland-Roots,-43.138360572132115,1.88,1.69,8,5,17,13,53.0,47.0,3,2,0,0,6,2
2024-09-08 01:00:00,Colorado Springs Switchbacks FC,Tampa Bay Rowdies,4.0,2.0,"Colorado Springs, Colorado",USA,Weidner Field,,,,USL Championship,,20240908_Colorado-Springs-Switchbacks-FC_Tampa-Bay-Rowdies,-50.76336892813765,1.41,0.68,5,2,10,5,49.6,50.4,2,1,0,1,3,9
2024-09-08 01:00:00,El Paso Locomotive FC,Detroit City FC,0.0,0.0,"El Paso, Texas",USA,Southwest University Park,,,,USL Championship,,20240908_El-Paso-Locomotive-FC_Detroit-City-FC,-84.82179058679753,0.11,0.35,0,0,0,0,47.5,52.5,1,2,0,0,1,2
2024-09-08 02:00:00,Monterey Bay,San Antonio FC,0.0,1.0,"Seaside, California",USA,Cardinale Stadium,,,,USL Championship,,20240908_Monterey-Bay_San-Antonio-FC,-66.21342590831296,1.06,1.41,2,5,4,11,50.3,49.7,1,4,0,0,6,6
2024-09-12 00:00:00,Birmingham Legion FC,Tampa Bay Rowdies,2.0,0.0,"Birmingham, Alabama",USA,Protective Stadium,,,,USL Championship,,20240912_Birmingham-Legion-FC_Tampa-Bay-Rowdies,-77.2504474637949,1.57,1.45,5,5,12,12,58.5,41.5,1,1,0,0,6,7
2024-09-12 00:00:00,Memphis 901 FC,Hartford Athletic,0.0,0.0,"Memphis, Tennessee",USA,AutoZone Park,,,,USL Championship,,20240912_Memphis-901-FC_Hartford-Athletic,117.72550554668351,0.74,1.11,3,4,7,8,57.9,42.1,1,1,0,0,2,3
2024-09-12 00:30:00,FC Tulsa,Las Vegas Lights FC,1.0,1.0,"Tulsa, Oklahoma",USA,ONEOK Field,,,,USL Championship,,20240912_FC-Tulsa_Las-Vegas-Lights-FC,-3.6776272656607034,1.21,1.17,3,4,6,8,57.2,42.8,1,0,0,0,9,6
2024-09-14 23:00:00,Detroit City FC,New Mexico United,1.0,0.0,"Hamtramck, Michigan",USA,Keyworth Stadium,,,,USL Championship,,20240914_Detroit-City-FC_New-Mexico-United,-67.6063434635073,0.97,1.46,5,3,10,7,47.1,52.9,1,1,0,0,8,2
2024-09-14 23:00:00,Indy Eleven,El Paso Locomotive FC,3.0,1.0,"Indianapolis, Indiana",USA,Michael A. Carroll Stadium,,,,USL Championship,,20240914_Indy-Eleven_El-Paso-Locomotive-FC,84.68928503019833,0.97,0.05,3,1,4,2,56.4,43.6,4,1,0,0,6,3
2024-09-14 23:00:00,Loudoun United FC,Birmingham Legion FC,4.0,2.0,"Leesburg, Virginia",USA,Segra Field,,,,USL Championship,,20240914_Loudoun-United-FC_Birmingham-Legion-FC,-90.60008832068775,1.24,0.43,5,2,11,3,46.9,53.1,2,1,0,0,8,2
2024-09-14 23:00:00,Miami FC,Hartford Athletic,0.0,3.0,"Miami, Florida",USA,Riccardo Silva Stadium,,,,USL Championship,,20240914_Miami-FC_Hartford-Athletic,-74.27826086927121,1.34,0.4,2,3,5,6,52.7,47.3,2,1,0,0,2,2
2024-09-14 23:30:00,Tampa Bay Rowdies,Pittsburgh Riverhounds,2.0,1.0,"St. Petersburg, Florida",USA,Al Lang Stadium,,,,USL Championship,,20240914_Tampa-Bay-Rowdies_Pittsburgh-Riverhounds,4.65570775542983,0.42,1.58,2,6,4,13,47.3,52.7,0,3,0,0,2,3
2024-09-15 00:00:00,Colorado Springs Switchbacks FC,Charleston Battery,2.0,0.0,"Colorado Springs, Colorado",USA,Weidner Field,,,,USL Championship,,20240915_Colorado-Springs-Switchbacks-FC_Charleston-Battery,-62.588546649964655,1.3,0.69,4,3,10,6,47.0,53.0,0,2,0,0,6,2
2024-09-15 00:00:00,Memphis 901 FC,North Carolina FC,3.0,0.0,"Memphis, Tennessee",USA,AutoZone Park,,,,USL Championship,,20240915_Memphis-901-FC_North-Carolina-FC,30.92468918989084,1.33,0.26,4,2,8,2,47.6,52.4,2,0,0,0,3,4
2024-09-15 00:30:00,FC Tulsa,Louisville City FC,0.0,1.0,"Tulsa, Oklahoma",USA,ONEOK Field,,,,USL Championship,,20240915_FC-Tulsa_Louisville-City-FC,-154.13696469072806,0.64,1.37,1,4,2,9,43.6,56.4,1,2,0,0,2,8
2024-09-15 02:00:00,Oakland Roots,San Antonio FC,0.0,1.0,"Hayward, California",USA,Pioneer Stadium,,,,USL Championship,,20240915_Oakland-Roots_San-Antonio-FC,10.051278109287523,0.48,0.9,1,3,2,10,51.1,48.9,2,2,0,0,0,4
2024-09-15 02:00:00,Orange County SC,Rhode Island FC,1.0,0.0,"Irvine, California",USA,Championship Soccer Stadium,,,,USL Championship,,20240915_Orange-County-SC_Rhode-Island-FC,-45.422433757932595,1.39,1.12,4,4,6,8,52.3,47.7,1,2,0,0,2,2
2024-09-15 02:00:00,Sacramento Republic FC,Phoenix Rising FC,2.0,0.0,"Sacramento, California",USA,Heart Health Park,,,,USL Championship,,20240915_Sacramento-Republic-FC_Phoenix-Rising-FC,45.748759160766895,1.2,0.82,2,3,5,7,47.2,52.8,1,1,0,0,6,5
2024-09-15 02:30:00,Las Vegas Lights FC,Monterey Bay,0.0,0.0,"Las Vegas, Nevada",USA,Cashman Field,,,,USL Championship,,20240915_Las-Vegas-Lights-FC_Monterey-Bay,60.011267594780065,0.51,0.05,2,1,4,3,56.6,43.4,0,2,0,0,7,1
2024-09-19 01:00:00,New Mexico United,Sacramento Republic FC,3.0,1.0,"Albuquerque, New Mexico",USA,Rio Grande Credit Union Field at Isotopes Park,,,,USL Championship,,20240919_New-Mexico-United_Sacramento-Republic-FC,-28.666561016117157,1.29,1.05,5,2,11,3,46.6,53.4,1,2,0,0,6,4
2024-09-21 23:00:00,Hartford Athletic,Oakland Roots,2.0,0.0,"Hartford, Connecticut",USA,Trinity Health Stadium,,,,USL Championship,,20240921_Hartford-Athletic_Oakland-Roots,-73.3199170683215,0.36,1.76,2,6,7,13,52.0,48.0,2,1,1,0,1,6
2024-09-21 23:30:00,Charleston Battery,Tampa Bay Rowdies,3.0,1.0,"Mount Pleasant, South Carolina",USA,Patriots Point,,,,USL Championship,,20240921_Charleston-Battery_Tampa-Bay-Rowdies,27.954211070850306,1.51,0.59,4,2,10,3,48.2,51.8,2,2,0,0,3,1
2024-09-21 23:30:00,North Carolina FC,Indy Eleven,2.0,0.0,"Cary, North Carolina",USA,WakeMed Soccer Park,,,,USL Championship,,20240921_North-Carolina-FC_Indy-Eleven,-31.310745409464516,1.34,0.2,4,2,9,5,50.5,49.5,1,1,0,0,8,3
2024-09-21 23:30:00,Rhode Island FC,FC Tulsa,2.0,1.0,"Smithfield, Rhode Island",USA,Beirne Stadium,,,,USL Championship,,20240921_Rhode-Island-FC_FC-Tulsa,37.07740344787294,0.36,1.26,2,6,2,11,50.0,50.0,2,2,0,0,2,4
2024-09-22 01:00:00,El Paso Locomotive FC,Colorado Springs Switchbacks FC,1.0,1.0,"El Paso, Texas",USA,Southwest University Park,,,,USL Championship,,20240922_El-Paso-Locomotive-FC_Colorado-Springs-Switchbacks-FC,-148.59252618965047,0.75,1.88,3,7,9,17,42.6,57.4,1,3,0,0,9,11
2024-09-22 02:00:00,Monterey Bay,Orange County SC,0.0,0.0,"Seaside, California",USA,Cardinale Stadium,,,,USL Championship,,20240922_Monterey-Bay_Orange-County-SC,-66.31011486506486,0.54,0.88,0,3,1,8,45.0,55.0,2,3,0,0,1,4
2024-09-22 02:30:00,Las Vegas Lights FC,Sacramento Republic FC,2.0,1.0,"Las Vegas, Nevada",USA,Cashman Field,,,,USL Championship,,20240922_Las-Vegas-Lights-FC_Sacramento-Republic-FC,-96.2232779400565,0.05,1.02,2,6,4,12,49.7,50.3,2,1,0,0,5,7
2024-09-22 02:30:00,Phoenix Rising FC,San Antonio FC,4.0,0.0,"Phoenix, Arizona",USA,Phoenix Rising Stadium at 38th St/Washington,,,,USL Championship,,20240922_Phoenix-Rising-FC_San-Antonio-FC,2.5221736515047724,2.55,0.64,9,3,20,7,55.0,45.0,3,2,0,0,11,6
2024-09-22 19:00:00,Detroit City FC,Louisville City FC,2.0,1.0,"Hamtramck, Michigan",USA,Keyworth Stadium,,,,USL Championship,,20240922_Detroit-City-FC_Louisville-City-FC,-118.21555411162853,1.01,1.48,3,5,7,9,42.3,57.7,2,2,0,0,4,9
2024-09-22 20:00:00,New Mexico United,Loudoun United FC,1.0,0.0,"Albuquerque, New Mexico",USA,Rio Grande Credit Union Field at Isotopes Park,,,,USL Championship,,20240922_New-Mexico-United_Loudoun-United-FC,134.92590522253295,0.28,1.66,1,5,2,10,55.9,44.1,1,1,0,0,1,3
2024-09-22 21:00:00,Birmingham Legion FC,Miami FC,1.0,0.0,"Birmingham, Alabama",USA,Protective Stadium,,,,USL Championship,,20240922_Birmingham-Legion-FC_Miami-FC,160.19085093407716,2.05,1.09,5,3,10,5,59.1,40.9,3,1,0,0,4,5
2024-09-26 02:30:00,Orange County SC,Phoenix Rising FC,2.0,0.0,"Irvine, California",USA,Championship Soccer Stadium,,,,USL Championship,,20240926_Orange-County-SC_Phoenix-Rising-FC,-46.37667016466685,1.69,0.86,6,4,15,9,51.8,48.2,2,1,0,1,5,8
2024-09-28 19:00:00,El Paso Locomotive FC,North Carolina FC,1.0,0.0,"El Paso, Texas",USA,Southwest University Park,,,,USL Championship,,20240928_El-Paso-Locomotive-FC_North-Carolina-FC,-79.87949932006904,1.46,1.83,5,6,10,14,50.4,49.6,1,0,0,0,6,7
2024-09-28 23:00:00,Indy Eleven,Miami FC,4.0,0.0,"Indianapolis, Indiana",USA,Michael A. Carroll Stadium,,,,USL Championship,,20240928_Indy-Eleven_Miami-FC,176.84344424067604,3.45,1.03,12,4,20,10,54.4,45.6,1,1,0,0,11,8
2024-09-28 23:00:00,Pittsburgh Riverhounds,Birmingham Legion FC,1.0,1.0,"Pittsburgh, Pennsylvania",USA,Highmark Stadium,,,,USL Championship,,20240928_Pittsburgh-Riverhounds_Birmingham-Legion-FC,39.737092287495216,0.85,1.54,2,5,5,11,47.1,52.9,1,6,0,0,2,10
2024-09-28 23:30:00,Louisville City FC,Memphis 901 FC,4.0,2.0,"Louisville, Kentucky",USA,Lynn Family Stadium,,,,USL Championship,,20240928_Louisville-City-FC_Memphis-901-FC,80.3611720885583,1.81,1.67,6,5,14,11,52.5,47.5,2,2,0,0,13,7
2024-09-29 00:00:00,Colorado Springs Switchbacks FC,Loudoun United FC,1.0,1.0,"Colorado Springs, Colorado",USA,Weidner Field,,,,USL Championship,,20240929_Colorado-Springs-Switchbacks-FC_Loudoun-United-FC,131.74267070975156,0.05,1.02,1,4,3,10,54.4,45.6,2,4,0,0,1,7
2024-09-29 00:30:00,San Antonio FC,Rhode Island FC,1.0,3.0,"San Antonio, Texas",USA,Toyota Field,,,,USL Championship,,20240929_San-Antonio-FC_Rhode-Island-FC,-11.260891450419876,1.42,1.47,4,4,8,8,47.6,52.4,2,3,0,0,3,6
2024-09-29 02:00:00,Monterey Bay,Detroit City FC,0.0,2.0,"Seaside, California",USA,Cardinale Stadium,,,,USL Championship,,20240929_Monterey-Bay_Detroit-City-FC,-111.12639761302762,1.59,1.35,4,2,9,2,40.9,59.1,0,0,0,0,5,4
2024-09-29 02:30:00,Phoenix Rising FC,Las Vegas Lights FC,1.0,2.0,"Phoenix, Arizona",USA,Phoenix Rising Stadium at 38th St/Washington,,,,USL Championship,,20240929_Phoenix-Rising-FC_Las-Vegas-Lights-FC,25.684010636286303,1.07,1.32,2,5,4,10,52.9,47.1,1,1,0,0,6,8
2024-09-29 22:00:00,Oakland Roots,FC Tulsa,0.0,1.0,"Hayward, California",USA,Pioneer Stadium,,,,USL Championship,,20240929_Oakland-Roots_FC-Tulsa,30.039571911000166,0.41,0.07,0,1,1,1,56.8,43.2,1,1,0,1,3,1
2024-09-30 00:30:00,Sacramento Republic FC,New Mexico United,4.0,0.0,"Sacramento, California",USA,Heart Health Park,,,,USL Championship,,20240930_Sacramento-Republic-FC_New-Mexico-United,-20.11094210113879,2.27,0.05,10,0,20,0,49.1,50.9,1,3,0,0,9,1
2024-10-02 23:30:00,Louisville City FC,Miami FC,3.0,0.0,"Louisville, Kentucky",USA,Lynn Family Stadium,,,,USL Championship,,20241002_Louisville-City-FC_Miami-FC,307.4094278174248,2.06,1.0,7,2,14,7,61.2,38.8,1,4,0,0,6,2
2024-10-05 02:30:00,Phoenix Rising FC,Monterey Bay,1.0,2.0,"Phoenix, Arizona",USA,Phoenix Rising Stadium at 38th St/Washington,,,,USL Championship,,20241005_Phoenix-Rising-FC_Monterey-Bay,89.97080550144437,0.05,0.13,1,3,0,8,48.8,51.2,3,1,0,0,4,7
2024-10-05 20:00:00,Charleston Battery,Detroit City FC,2.0,2.0,"Mount Pleasant, South Carolina",USA,Patriots Point,,,,USL Championship,,20241005_Charleston-Battery_Detroit-City-FC,67.20661393998284,1.78,1.61,5,6,10,14,46.7,53.3,2,0,0,0,11,7
2024-10-05 23:00:00,Hartford Athletic,Loudoun United FC,0.0,2.0,"Hartford, Connecticut",USA,Trinity Health Stadium,,,,USL Championship,,20241005_Hartford-Athletic_Loudoun-United-FC,11.225197420581935,0.9,1.4,3,5,5,10,46.4,53.6,1,1,0,0,3,6
2024-10-05 23:00:00,Indy Eleven,Louisville City FC,2.0,2.0,"Indianapolis, Indiana",USA,Michael A. Carroll Stadium,,,,USL Championship,,20241005_Indy-Eleven_Louisville-City-FC,-121.32012861734052,2.05,1.22,6,3,12,6,46.8,53.2,0,1,0,0,5,7
2024-10-05 23:00:00,Miami FC,Pittsburgh Riverhounds,0.0,4.0,"Miami, Florida",USA,Riccardo Silva Stadium,,,,USL Championship,,20241005_Miami-FC_Pittsburgh-Riverhounds,-222.08283937587976,0.43,1.15,2,4,5,9,40.6,59.4,3,1,0,0,2,5
2024-10-05 23:30:00,Rhode Island FC,Tampa Bay Rowdies,3.0,1.0,"Smithfield, Rhode Island",USA,Beirne Stadium,,,,USL Championship,,20241005_Rhode-Island-FC_Tampa-Bay-Rowdies,-31.908022890469965,0.28,1.34,3,3,7,6,48.9,51.1,1,3,0,0,5,5
2024-10-06 00:00:00,Memphis 901 FC,Oakland Roots,1.0,1.0,"Memphis, Tennessee",USA,AutoZone Park,,,,USL Championship,,20241006_Memphis-901-FC_Oakland-Roots,56.29028923472629,1.11,2.2,3,8,8,16,50.1,49.9,1,0,0,0,0,6
2024-10-06 00:30:00,FC Tulsa,El Paso Locomotive FC,0.0,1.0,"Tulsa, Oklahoma",USA,ONEOK Field,,,,USL Championship,,20241006_FC-Tulsa_El-Paso-Locomotive-FC,35.35091934103366,1.36,0.3,4,1,7,2,51.2,48.8,2,1,0,0,5,1
2024-10-06 00:30:00,San Antonio FC,Sacramento Republic FC,2.0,1.0,"San Antonio, Texas",USA,Toyota Field,,,,USL Championship,,20241006_San-Antonio-FC_Sacramento-Republic-FC,-77.11792140112198,0.8,1.76,3,4,7,10,46.7,53.3,1,2,0,1,4,4
2024-10-06 02:30:00,Las Vegas Lights FC,Orange County SC,1.0,1.0,"Las Vegas, Nevada",USA,Cashman Field,,,,USL Championship,,20241006_Las-Vegas-Lights-FC_Orange-County-SC,6.393446697278932,0.21,0.45,1,2,6,5,45.5,54.5,2,1,0,0,4,3
2024-10-06 22:00:00,Birmingham Legion FC,North Carolina FC,2.0,3.0,"Birmingham, Alabama",USA,Protective Stadium,,,,USL Championship,,20241006_Birmingham-Legion-FC_North-Carolina-FC,18.236100837852064,0.69,1.16,3,5,5,9,55.4,44.6,3,1,0,0,2,7
2024-10-08 23:00:00,Loudoun United FC,Indy Eleven,0.0,1.0,"Leesburg, Virginia",USA,Segra Field,,,,USL Championship,,20241008_Loudoun-United-FC_Indy-Eleven,-71.53089432578236,0.05,0.6,0,1,0,5,50.2,49.8,1,1,0,0,3,1
2024-10-09 23:00:00,North Carolina FC,FC Tulsa,2.0,0.0,"Cary, North Carolina",USA,WakeMed Soccer Park,,,,USL Championship,,20241009_North-Carolina-FC_FC-Tulsa,40.95196719194428,1.71,0.77,5,1,10,2,52.5,47.5,3,2,0,0,6,0
2024-10-10 01:00:00,El Paso Locomotive FC,San Antonio FC,2.0,2.0,"El Paso, Texas",USA,Southwest University Park,,,,USL Championship,,20241010_El-Paso-Locomotive-FC_San-Antonio-FC,-59.37362266368132,0.7,0.57,2,2,4,4,56.4,43.6,1,3,1,0,5,4
2024-10-10 01:00:00,New Mexico United,Phoenix Rising FC,1.0,2.0,"Albuquerque, New Mexico",USA,Rio Grande Credit Union Field at Isotopes Park,,,,USL Championship,,20241010_New-Mexico-United_Phoenix-Rising-FC,75.39971203791151,1.03,1.39,3,2,7,5,55.5,44.5,0,2,0,1,4,4
2024-10-10 02:00:00,Orange County SC,Colorado Springs Switchbacks FC,2.0,0.0,"Irvine, California",USA,Championship Soccer Stadium,,,,USL Championship,,20241010_Orange-County-SC_Colorado-Springs-Switchbacks-FC,-56.4906132081494,0.46,1.5,3,6,5,15,53.2,46.8,0,0,0,0,3,2
2024-10-10 02:00:00,Sacramento Republic FC,Monterey Bay,2.0,2.0,"Sacramento, California",USA,Heart Health Park,,,,USL Championship,,20241010_Sacramento-Republic-FC_Monterey-Bay,125.94691056577926,1.87,1.04,6,3,11,6,51.6,48.4,1,2,0,0,8,5
2024-10-12 20:00:00,Detroit City FC,Indy Eleven,0.0,0.0,"Hamtramck, Michigan",USA,Keyworth Stadium,,,,USL Championship,,20241012_Detroit-City-FC_Indy-Eleven,19.190993484831324,0.76,0.14,4,1,9,2,47.6,52.4,1,1,0,0,8,4
2024-10-12 23:00:00,Pittsburgh Riverhounds,Charleston Battery,2.0,0.0,"Pittsburgh, Pennsylvania",USA,Highmark Stadium,,,,USL Championship,,20241012_Pittsburgh-Riverhounds_Charleston-Battery,-61.171017315367635,0.35,0.1,2,0,4,0,52.6,47.4,0,2,0,0,5,2
2024-10-12 23:30:00,Hartford Athletic,North Carolina FC,4.0,3.0,"Hartford, Connecticut",USA,Trinity Health Stadium,,,,USL Championship,,20241012_Hartford-Athletic_North-Carolina-FC,-78.03924561382064,1.34,0.15,4,3,10,5,46.7,53.3,1,4,0,0,6,5
2024-10-12 23:30:00,Louisville City FC,Tampa Bay Rowdies,2.0,1.0,"Louisville, Kentucky",USA,Lynn Family Stadium,,,,USL Championship,,20241012_Louisville-City-FC_Tampa-Bay-Rowdies,82.72211678534359,1.0,1.61,4,6,9,15,53.7,46.3,0,1,0,0,6,6
2024-10-13 00:00:00,Colorado Springs Switchbacks FC,San Antonio FC,1.0,2.0,"Colorado Springs, Colorado",USA,Weidner Field,,,,USL Championship,,20241013_Colorado-Springs-Switchbacks-FC_San-Antonio-FC,35.36243291098708,0.9,0.21,3,2,7,3,52.9,47.1,1,1,0,0,11,3
2024-10-13 00:00:00,Memphis 901 FC,Sacramento Republic FC,0.0,0.0,"Memphis, Tennessee",USA,AutoZone Park,,,,USL Championship,,20241013_Memphis-901-FC_Sacramento-Republic-FC,-22.614473945915734,0.14,1.18,0,6,0,13,45.9,54.1,2,2,0,0,0,6
2024-10-13 00:30:00,FC Tulsa,New Mexico United,1.0,1.0,"Tulsa, Oklahoma",USA,ONEOK Field,,,,USL Championship,,20241013_FC-Tulsa_New-Mexico-United,-103.70480008037453,1.0,0.82,3,2,6,4,49.2,50.8,0,2,0,0,6,5
2024-10-13 02:00:00,Oakland Roots,Phoenix Rising FC,0.0,1.0,"Hayward, California",USA,Pioneer Stadium,,,,USL Championship,,20241013_Oakland-Roots_Phoenix-Rising-FC,-27.72736565773971,1.71,1.26,4,4,9,9,52.5,47.5,1,0,0,0,2,5
2024-10-13 20:00:00,Rhode Island FC,Loudoun United FC,0.0,0.0,"Smithfield, Rhode Island",USA,Beirne Stadium,,,,USL Championship,,20241013_Rhode-Island-FC_Loudoun-United-FC,105.92685885791002,1.41,1.68,5,7,10,15,53.1,46.9,1,4,0,1,3,7
2024-10-13 22:00:00,Birmingham Legion FC,Las Vegas Lights FC,0.0,3.0,"Birmingham, Alabama",USA,Protective Stadium,,,,USL Championship,,20241013_Birmingham-Legion-FC_Las-Vegas-Lights-FC,-13.253563250368643,0.78,1.76,4,5,9,11,52.5,47.5,0,2,0,0,4,4
2024-10-17 01:00:00,El Paso Locomotive FC,Orange County SC,0.0,2.0,"El Paso, Texas",USA,Southwest University Park,,,,USL Championship,,20241017_El-Paso-Locomotive-FC_Orange-County-SC,-62.0517280969616,0.15,1.18,0,4,0,9,43.3,56.7,1,1,0,0,3,2
2024-10-19 20:00:00,Detroit City FC,Miami FC,3.0,0.0,"Hamtramck, Michigan",USA,Keyworth Stadium,,,,USL Championship,,20241019_Detroit-City-FC_Miami-FC,230.4258963897014,2.12,0.38,5,2,10,4,60.2,39.8,0,2,0,0,9,6
2024-10-19 21:00:00,Tampa Bay Rowdies,North Carolina FC,0.0,2.0,"Cary, North Carolina",USA,WakeMed Soccer Park,,,,USL Championship,,20241019_Tampa-Bay-Rowdies_North-Carolina-FC,43.03916636297913,1.69,1.75,4,5,10,12,53.9,46.1,3,2,0,0,7,12
2024-10-19 22:00:00,FC Tulsa,Hartford Athletic,1.0,2.0,"Tulsa, Oklahoma",USA,ONEOK Field,,,,USL Championship,,20241019_FC-Tulsa_Hartford-Athletic,4.731286687458123,0.68,1.46,1,4,2,9,49.7,50.3,0,1,0,0,2,2
2024-10-19 22:00:00,Loudoun United FC,Pittsburgh Riverhounds,0.0,2.0,"Leesburg, Virginia",USA,Segra Field,,,,USL Championship,,20241019_Loudoun-United-FC_Pittsburgh-Riverhounds,-121.84145873630882,1.77,1.28,4,4,8,9,48.4,51.6,1,2,0,0,9,8
2024-10-19 23:00:00,Indy Eleven,Birmingham Legion FC,3.0,2.0,"Indianapolis, Indiana",USA,Michael A. Carroll Stadium,,,,USL Championship,,20241019_Indy-Eleven_Birmingham-Legion-FC,46.424479083454116,0.94,1.39,3,3,7,6,51.7,48.3,3,1,0,0,8,6
2024-10-19 23:30:00,Charleston Battery,Rhode Island FC,1.0,1.0,"Mount Pleasant, South Carolina",USA,Patriots Point,,,,USL Championship,,20241019_Charleston-Battery_Rhode-Island-FC,56.00177490464216,0.89,1.81,2,6,4,13,56.5,43.5,1,0,0,0,3,0
2024-10-20 00:30:00,San Antonio FC,Louisville City FC,1.0,1.0,"San Antonio, Texas",USA,Toyota Field,,,,USL Championship,,20241020_San-Antonio-FC_Louisville-City-FC,-119.40324738098593,1.1,1.11,4,4,9,10,43.5,56.5,1,2,0,0,5,6
2024-10-20 01:00:00,El Paso Locomotive FC,Sacramento Republic FC,2.0,1.0,"El Paso, Texas",USA,Southwest University Park,,,,USL Championship,,20241020_El-Paso-Locomotive-FC_Sacramento-Republic-FC,-110.14957964766813,1.07,0.7,2,2,5,6,47.5,52.5,1,2,0,0,1,3
2024-10-20 02:00:00,Monterey Bay,Colorado Springs Switchbacks FC,0.0,1.0,"Seaside, California",USA,Cardinale Stadium,,,,USL Championship,,20241020_Monterey-Bay_Colorado-Springs-Switchbacks-FC,-94.01559346519366,0.38,0.41,2,1,3,2,38.0,62.0,3,0,0,0,3,5
2024-10-20 02:00:00,Orange County SC,New Mexico United,0.0,0.0,"Irvine, California",USA,Championship Soccer Stadium,,,,USL Championship,,20241020_Orange-County-SC_New-Mexico-United,-24.588953009331135,0.77,1.66,5,5,10,11,46.7,53.3,1,2,0,0,6,5
2024-10-20 02:30:00,Las Vegas Lights FC,Oakland Roots,2.0,3.0,"Las Vegas, Nevada",USA,Cashman Field,,,,USL Championship,,20241020_Las-Vegas-Lights-FC_Oakland-Roots,50.65608869915627,1.41,0.38,5,3,10,7,48.3,51.7,2,1,0,0,3,7
2024-10-20 02:30:00,Phoenix Rising FC,Memphis 901 FC,0.0,1.0,"Phoenix, Arizona",USA,Phoenix Rising Stadium at 38th St/Washington,,,,USL Championship,,20241020_Phoenix-Rising-FC_Memphis-901-FC,-14.44381368127165,0.54,1.44,2,3,6,7,49.0,51.0,1,1,0,0,5,5
2024-10-23 23:30:00,Tampa Bay Rowdies,Hartford Athletic,2.0,2.0,"Bradenton, Florida",USA,IMG Academy Soccer Stadium,,,,USL Championship,,20241023_Tampa-Bay-Rowdies_Hartford-Athletic,66.1341514469259,1.94,1.67,9,3,20,7,51.9,48.1,1,2,0,0,11,4
2024-10-26 22:00:00,Charleston Battery,Loudoun United FC,2.0,1.0,"Mount Pleasant, South Carolina",USA,Patriots Point,,,,USL Championship,,20241026_Charleston-Battery_Loudoun-United-FC,160.86857956152926,1.57,0.94,3,2,5,2,59.2,40.8,3,1,0,0,3,2
2024-10-26 23:00:00,North Carolina FC,Las Vegas Lights FC,2.0,1.0,"Cary, North Carolina",USA,WakeMed Soccer Park,,,,USL Championship,,20241026_North-Carolina-FC_Las-Vegas-Lights-FC,5.383830456199121,1.12,0.15,4,1,8,3,53.2,46.8,0,0,0,0,7,5
2024-10-26 23:00:00,Pittsburgh Riverhounds,El Paso Locomotive FC,2.0,0.0,"Pittsburgh, Pennsylvania",USA,Highmark Stadium,,,,USL Championship,,20241026_Pittsburgh-Riverhounds_El-Paso-Locomotive-FC,111.92174481661846,0.27,1.03,2,4,5,8,57.3,42.7,1,1,0,0,5,5
2024-10-26 23:30:00,Louisville City FC,Phoenix Rising FC,4.0,1.0,"Louisville, Kentucky",USA,Lynn Family Stadium,,,,USL Championship,,20241026_Louisville-City-FC_Phoenix-Rising-FC,130.69260769495804,0.85,1.12,4,4,8,7,53.8,46.2,1,3,0,0,9,6
2024-10-26 23:30:00,Tampa Bay Rowdies,Indy Eleven,3.0,0.0,"Bradenton, Florida",USA,IMG Academy Soccer Stadium,,,,USL Championship,,20241026_Tampa-Bay-Rowdies_Indy-Eleven,-15.02126040200028,1.06,0.08,4,0,10,0,55.6,44.4,1,2,0,0,5,4
2024-10-27 00:00:00,FC Tulsa,Monterey Bay,2.0,1.0,"Tulsa, Oklahoma",USA,ONEOK Field,,,,USL Championship,,20241027_FC-Tulsa_Monterey-Bay,12.998484512634604,0.77,0.75,3,3,5,7,53.1,46.9,3,3,0,0,3,5
2024-10-27 00:00:00,New Mexico United,Memphis 901 FC,2.0,3.0,"Albuquerque, New Mexico",USA,Rio Grande Credit Union Field at Isotopes Park,,,,USL Championship,,20241027_New-Mexico-United_Memphis-901-FC,4.954972073606314,0.6,2.26,3,7,7,14,48.1,51.9,2,1,0,0,4,6
2024-10-27 00:00:00,Rhode Island FC,Miami FC,8.0,1.0,"Smithfield, Rhode Island",USA,Beirne Stadium,,,,USL Championship,,20241027_Rhode-Island-FC_Miami-FC,230.5679020961527,2.18,0.56,8,1,16,3,61.7,38.3,4,3,0,0,9,0
2024-10-27 00:30:00,San Antonio FC,Detroit City FC,1.0,4.0,"San Antonio, Texas",USA,Toyota Field,,,,USL Championship,,20241027_San-Antonio-FC_Detroit-City-FC,-26.100709063927297,0.49,1.26,1,4,1,10,51.1,48.9,3,4,0,0,3,8
2024-10-27 02:00:00,Oakland Roots,Birmingham Legion FC,0.0,5.0,"Hayward, California",USA,Pioneer Stadium,,,,USL Championship,,20241027_Oakland-Roots_Birmingham-Legion-FC,9.825731544361133,0.65,2.81,2,8,5,16,46.6,53.4,2,0,0,0,4,15
2024-10-27 02:00:00,Orange County SC,Hartford Athletic,3.0,2.0,"Irvine, California",USA,Championship Soccer Stadium,,,,USL Championship,,20241027_Orange-County-SC_Hartford-Athletic,63.3163445516293,1.23,1.69,3,6,8,12,56.8,43.2,1,1,0,0,8,8
2024-10-27 02:00:00,Sacramento Republic FC,Colorado Springs Switchbacks FC,0.0,1.0,"Sacramento, California",USA,Heart Health Park,,,,USL Championship,,20241027_Sacramento-Republic-FC_Colorado-Springs-Switchbacks-FC,-1.6984017923857664,1.36,0.81,5,1,8,0,52.2,47.8,2,0,1,0,6,3
2024-11-02 02:30:00,Las Vegas Lights FC,Sacramento Republic FC,0.0,0.0,"Las Vegas, Nevada",USA,Cashman Field,,,,USL Championship,,20241102_Las-Vegas-Lights-FC_Sacramento-Republic-FC,-32.58646983139647,1.16,1.09,4,3,9,8,50.4,49.6,0,2,0,0,3,1
2024-11-02 18:00:00,Memphis 901 FC,Orange County SC,0.0,1.0,"Memphis, Tennessee",USA,AutoZone Park,,,,USL Championship,,20241102_Memphis-901-FC_Orange-County-SC,20.272370489951072,0.93,1.08,4,2,8,4,52.3,47.7,2,0,0,0,5,1
2024-11-02 22:30:00,Charleston Battery,Pittsburgh Riverhounds,1.0,0.0,"Mount Pleasant, South Carolina",USA,Patriots Point,,,,USL Championship,,20241102_Charleston-Battery_Pittsburgh-Riverhounds,21.66154448572388,1.66,0.21,6,0,13,1,47.1,52.9,3,3,0,0,8,3
2024-11-02 23:00:00,Detroit City FC,Tampa Bay Rowdies,1.0,1.0,"Hamtramck, Michigan",USA,Keyworth Stadium,,,,USL Championship,,20241102_Detroit-City-FC_Tampa-Bay-Rowdies,26.09759547038402,0.41,1.56,2,5,3,10,51.3,48.7,1,1,1,0,1,8
2024-11-02 23:30:00,Louisville City FC,North Carolina FC,3.0,2.0,"Louisville, Kentucky",USA,Lynn Family Stadium,,,,USL Championship,,20241102_Louisville-City-FC_North-Carolina-FC,122.5781450626414,1.83,0.96,6,4,14,9,57.0,43.0,1,2,0,0,5,10
2024-11-03 00:00:00,Colorado Springs Switchbacks FC,Oakland Roots,2.0,0.0,"Colorado Springs, Colorado",USA,Weidner Field,,,,USL Championship,,20241103_Colorado-Springs-Switchbacks-FC_Oakland-Roots,81.87424135759375,1.53,0.05,4,0,7,0,54.6,45.4,3,2,0,0,6,2
2024-11-03 18:00:00,Indy Eleven,Rhode Island FC,2.0,3.0,"Indianapolis, Indiana",USA,Michael A. Carroll Stadium,,,,USL Championship,,20241103_Indy-Eleven_Rhode-Island-FC,-20.117890210430687,0.07,1.53,2,5,6,11,52.1,47.9,3,0,0,0,2,1
2024-11-04 01:00:00,New Mexico United,Phoenix Rising FC,2.0,1.0,"Albuquerque, New Mexico",USA,Rio Grande Credit Union Field at Isotopes Park,,,,USL Championship,,20241104_New-Mexico-United_Phoenix-Rising-FC,37.91803642079367,1.39,1.59,7,5,16,11,54.9,45.1,2,1,0,0,11,7
2024-11-10 00:30:00,Louisville City FC,Rhode Island FC,0.0,3.0,"Louisville, Kentucky",USA,Lynn Family Stadium,,,,USL Championship,,20241110_Louisville-City-FC_Rhode-Island-FC,94.57501699219847,0.97,1.12,3,4,6,10,50.2,49.8,2,1,0,0,2,3
2024-11-10 02:30:00,New Mexico United,Las Vegas Lights FC,0.0,1.0,"Albuquerque, New Mexico",USA,Rio Grande Credit Union Field at Isotopes Park,,,,USL Championship,,20241110_New-Mexico-United_Las-Vegas-Lights-FC,53.013763215351446,0.25,1.15,1,2,2,5,59.7,40.3,4,2,0,0,3,6
2024-11-10 20:00:00,Charleston Battery,Tampa Bay Rowdies,2.0,1.0,"Mount Pleasant, South Carolina",USA,Patriots Point,,,,USL Championship,,20241110_Charleston-Battery_Tampa-Bay-Rowdies,74.40054073105352,1.27,0.93,5,3,10,8,58.9,41.1,1,2,0,0,10,3
2024-11-10 23:30:00,Colorado Springs Switchbacks FC,Orange County SC,2.0,1.0,"Colorado Springs, Colorado",USA,Weidner Field,,,,USL Championship,,20241110_Colorado-Springs-Switchbacks-FC_Orange-County-SC,12.136183450811131,1.26,1.05,4,3,7,6,45.6,54.4,1,1,0,0,7,5
2024-11-17 00:00:00,Charleston Battery,Rhode Island FC,1.0,2.0,"Mount Pleasant, South Carolina",USA,Patriots Point,,,,USL Championship,,20241117_Charleston-Battery_Rhode-Island-FC,48.17285684063336,1.21,1.51,5,4,12,9,45.3,54.7,4,0,0,0,4,4
2024-11-17 02:00:00,Colorado Springs Switchbacks FC,Las Vegas Lights FC,1.0,0.0,"Colorado Springs, Colorado",USA,Weidner Field,,,,USL Championship,,20241117_Colorado-Springs-Switchbacks-FC_Las-Vegas-Lights-FC,64.03276531933238,1.09,0.88,5,1,10,3,46.8,53.2,1,0,0,0,3,5
2024-11-23 17:00:00,Colorado Springs Switchbacks FC,Rhode Island FC,3.0,0.0,"Colorado Springs, Colorado",USA,Weidner Field,,,,USL Championship,,20241123_Colorado-Springs-Switchbacks-FC_Rhode-Island-FC,-5.0051034231555604,2.5,1.28,8,5,19,10,46.9,53.1,1,0,0,0,7,9
2025-03-09 00:00:00,Lexington,Hartford Athletic,2.0,0.0,"Lexington, Kentucky",USA,Lexington SC Stadium,,,,USL Championship,,20250309_Lexington_Hartford-Athletic,36.13542569368383,0.62,0.43,2,0,4,0,48.2,51.8,0,2,0,0,5,0
2025-03-09 00:00:00,Miami FC,Detroit City FC,0.0,2.0,"Miami, Florida",USA,Riccardo Silva Stadium,,,,USL Championship,,20250309_Miami-FC_Detroit-City-FC,-255.72510257525892,0.05,2.04,2,7,5,15,43.1,56.9,0,0,0,0,8,7
2025-03-09 00:00:00,North Carolina FC,Pittsburgh Riverhounds,1.0,1.0,"Cary, North Carolina",USA,WakeMed Soccer Park,,,,USL Championship,,20250309_North-Carolina-FC_Pittsburgh-Riverhounds,-53.59538081949745,1.26,0.57,4,1,10,2,43.7,56.3,1,4,0,0,3,2
2025-03-09 00:30:00,Charleston Battery,Louisville City FC,1.0,2.0,"Mount Pleasant, South Carolina",USA,Patriots Point,,,,USL Championship,,20250309_Charleston-Battery_Louisville-City-FC,-29.679117049079196,1.91,0.99,6,3,13,6,45.5,54.5,2,1,0,0,5,8
2025-03-09 01:00:00,Birmingham Legion FC,Loudoun United FC,1.0,3.0,"Birmingham, Alabama",USA,Protective Stadium,,,,USL Championship,,20250309_Birmingham-Legion-FC_Loudoun-United-FC,58.04570286720286,0.51,0.74,3,3,5,7,48.8,51.2,1,2,0,0,4,7
2025-03-09 01:30:00,San Antonio FC,Monterey Bay,1.0,0.0,"San Antonio, Texas",USA,Toyota Field,,,,USL Championship,,20250309_San-Antonio-FC_Monterey-Bay,98.33738162369468,1.26,0.37,6,4,15,9,49.2,50.8,1,1,0,1,5,5
2025-03-09 02:00:00,El Paso Locomotive FC,Colorado Springs Switchbacks FC,2.0,2.0,"El Paso, Texas",USA,Southwest University Park,,,,USL Championship,,20250309_El-Paso-Locomotive-FC_Colorado-Springs-Switchbacks-FC,-143.47860781795976,1.75,1.67,4,4,8,9,48.2,51.8,0,1,0,0,5,6
2025-03-09 02:00:00,Phoenix Rising FC,FC Tulsa,0.0,1.0,"Phoenix, Arizona",USA,Phoenix Rising Stadium at 38th St/Washington,,,,USL Championship,,20250309_Phoenix-Rising-FC_FC-Tulsa,35.726147460699394,1.11,0.29,2,1,2,4,52.0,48.0,2,1,0,0,2,5
2025-03-09 03:00:00,Orange County SC,Oakland Roots,4.0,2.0,"Irvine, California",USA,Championship Soccer Stadium,,,,USL Championship,,20250309_Orange-County-SC_Oakland-Roots,76.60380073726242,2.29,1.18,8,5,18,9,57.8,42.2,0,1,0,0,4,4
2025-03-09 03:00:00,Sacramento Republic FC,New Mexico United,2.0,1.0,"Sacramento, California",USA,Heart Health Park,,,,USL Championship,,20250309_Sacramento-Republic-FC_New-Mexico-United,-8.854758257272806,1.26,0.18,3,1,5,4,56.1,43.9,4,1,0,0,7,1
2025-03-09 03:30:00,Las Vegas Lights FC,Tampa Bay Rowdies,1.0,0.0,"Las Vegas, Nevada",USA,Cashman Field,,,,USL Championship,,20250309_Las-Vegas-Lights-FC_Tampa-Bay-Rowdies,-29.845380374388697,1.92,0.22,7,0,16,1,47.6,52.4,0,3,0,0,7,3
2025-03-15 22:00:00,Colorado Springs Switchbacks FC,Detroit City FC,1.0,2.0,"Colorado Springs, Colorado",USA,Weidner Field,,,,USL Championship,,20250315_Colorado-Springs-Switchbacks-FC_Detroit-City-FC,23.048424228436716,0.59,1.26,2,4,4,9,48.1,51.9,0,4,0,0,2,5
2025-03-15 23:00:00,Miami FC,Indy Eleven,1.0,3.0,"Miami, Florida",USA,Riccardo Silva Stadium,,,,USL Championship,,20250315_Miami-FC_Indy-Eleven,-213.68461012322996,0.5,1.77,3,6,6,14,48.0,52.0,2,1,0,0,7,6
2025-03-15 23:00:00,North Carolina FC,Loudoun United FC,1.0,2.0,"Cary, North Carolina",USA,WakeMed Soccer Park,,,,USL Championship,,20250315_North-Carolina-FC_Loudoun-United-FC,75.82808443921908,1.38,1.07,5,2,11,5,55.5,44.5,1,1,0,0,7,3
2025-03-15 23:30:00,Charleston Battery,Rhode Island FC,2.0,0.0,"Mount Pleasant, South Carolina",USA,Patriots Point,,,,USL Championship,,20250315_Charleston-Battery_Rhode-Island-FC,22.061807787001953,1.76,0.69,6,3,13,7,50.9,49.1,1,2,0,0,5,0
2025-03-16 00:00:00,FC Tulsa,Tampa Bay Rowdies,1.0,0.0,"Tulsa, Oklahoma",USA,ONEOK Field,,,,USL Championship,,20250316_FC-Tulsa_Tampa-Bay-Rowdies,-49.61282410268177,0.99,1.56,4,4,9,9,50.2,49.8,2,0,0,0,6,5
2025-03-16 00:30:00,San Antonio FC,Pittsburgh Riverhounds,2.0,0.0,"San Antonio, Texas",USA,Toyota Field,,,,USL Championship,,20250316_San-Antonio-FC_Pittsburgh-Riverhounds,-42.80859578232162,0.94,0.05,2,1,5,2,53.6,46.4,2,2,0,0,3,4
2025-03-16 01:00:00,El Paso Locomotive FC,Phoenix Rising FC,4.0,4.0,"El Paso, Texas",USA,Southwest University Park,,,,USL Championship,,20250316_El-Paso-Locomotive-FC_Phoenix-Rising-FC,-19.42615254659154,1.87,1.25,6,4,14,7,48.0,52.0,1,1,0,0,7,3
2025-03-16 02:00:00,Monterey Bay,Oakland Roots,3.0,2.0,"Seaside, California",USA,Cardinale Stadium,,,,USL Championship,,20250316_Monterey-Bay_Oakland-Roots,-43.36538960700955,0.85,1.37,3,5,7,10,49.3,50.7,3,2,0,0,5,2
2025-03-16 02:30:00,Las Vegas Lights FC,New Mexico United,2.0,3.0,"Las Vegas, Nevada",USA,Cashman Field,,,,USL Championship,,20250316_Las-Vegas-Lights-FC_New-Mexico-United,-9.858890975082431,0.73,0.96,2,4,5,8,49.7,50.3,0,0,0,0,0,6
2025-03-16 02:30:00,Orange County SC,Lexington,2.0,2.0,"Irvine, California",USA,Championship Soccer Stadium,,,,USL Championship,,20250316_Orange-County-SC_Lexington,46.61319957556634,1.63,0.85,6,4,14,11,56.8,43.2,1,2,0,0,7,5
2025-03-16 20:30:00,Birmingham Legion FC,Louisville City FC,1.0,1.0,"Birmingham, Alabama",USA,Protective Stadium,,,,USL Championship,,20250316_Birmingham-Legion-FC_Louisville-City-FC,-178.15324361378248,1.14,1.57,5,4,12,9,50.7,49.3,1,2,0,0,8,6
2025-03-22 20:00:00,Detroit City FC,Birmingham Legion FC,2.0,2.0,"Hamtramck, Michigan",USA,Keyworth Stadium,,,,USL Championship,,20250322_Detroit-City-FC_Birmingham-Legion-FC,103.18757781264253,1.14,0.91,3,3,6,6,46.9,53.1,2,2,0,0,2,3
2025-03-22 20:00:00,Louisville City FC,Loudoun United FC,2.0,0.0,"Louisville, Kentucky",USA,Lynn Family Stadium,,,,USL Championship,,20250322_Louisville-City-FC_Loudoun-United-FC,187.9828102084016,1.49,0.79,5,3,9,8,58.6,41.4,0,3,0,0,4,7
2025-03-22 21:00:00,New Mexico United,El Paso Locomotive FC,1.0,0.0,"Albuquerque, New Mexico",USA,Rio Grande Credit Union Field at Isotopes Park,,,,USL Championship,,20250322_New-Mexico-United_El-Paso-Locomotive-FC,76.83146295397228,1.88,0.71,6,3,13,5,57.4,42.6,1,1,0,0,8,2
2025-03-22 23:00:00,Lexington,Indy Eleven,1.0,1.0,"Lexington, Kentucky",USA,Lexington SC Stadium,,,,USL Championship,,20250322_Lexington_Indy-Eleven,-19.589880857720118,0.85,0.45,4,3,10,8,48.2,51.8,1,1,0,0,5,5
2025-03-22 23:00:00,Miami FC,Tampa Bay Rowdies,1.0,2.0,"Miami, Florida",USA,Riccardo Silva Stadium,,,,USL Championship,,20250322_Miami-FC_Tampa-Bay-Rowdies,-205.13484545514643,1.3,1.44,4,5,9,14,45.2,54.8,1,1,0,1,6,3
2025-03-22 23:00:00,Pittsburgh Riverhounds,Hartford Athletic,1.0,0.0,"Pittsburgh, Pennsylvania",USA,Highmark Stadium,,,,USL Championship,,20250322_Pittsburgh-Riverhounds_Hartford-Athletic,110.5574575738467,1.68,1.4,5,6,12,14,57.7,42.3,0,1,0,0,5,3
2025-03-23 00:00:00,FC Tulsa,North Carolina FC,0.0,1.0,"Tulsa, Oklahoma",USA,ONEOK Field,,,,USL Championship,,20250323_FC-Tulsa_North-Carolina-FC,-22.30435185438523,1.14,1.01,2,2,4,3,51.6,48.4,2,1,1,0,3,4
2025-03-23 02:00:00,Oakland Roots,San Antonio FC,1.0,2.0,"Oakland, California",USA,Oakland-Alameda County Coliseum,,,,USL Championship,,20250323_Oakland-Roots_San-Antonio-FC,-99.31602746455519,0.08,1.73,1,5,1,13,45.4,54.6,1,1,1,0,4,6
2025-03-23 02:00:00,Orange County SC,Monterey Bay,0.0,3.0,"Irvine, California",USA,Championship Soccer Stadium,,,,USL Championship,,20250323_Orange-County-SC_Monterey-Bay,123.67126899241998,1.55,1.95,4,5,7,10,60.0,40.0,1,2,0,0,5,8
2025-03-23 02:00:00,Phoenix Rising FC,Rhode Island FC,2.0,2.0,"Phoenix, Arizona",USA,Phoenix Rising Stadium at 38th St/Washington,,,,USL Championship,,20250323_Phoenix-Rising-FC_Rhode-Island-FC,-89.45122074920414,0.49,1.58,2,5,5,11,40.8,59.2,3,2,0,0,8,4
2025-03-23 02:00:00,Sacramento Republic FC,Colorado Springs Switchbacks FC,2.0,2.0,"Sacramento, California",USA,Heart Health Park,,,,USL Championship,,20250323_Sacramento-Republic-FC_Colorado-Springs-Switchbacks-FC,-39.70110369054714,0.82,1.51,2,4,4,9,50.2,49.8,1,0,0,0,2,5
2025-03-29 00:00:00,FC Tulsa,Sacramento Republic FC,1.0,0.0,"Tulsa, Oklahoma",USA,ONEOK Field,,,,USL Championship,,20250329_FC-Tulsa_Sacramento-Republic-FC,-70.333667315492,0.64,1.97,4,6,10,12,42.8,57.2,1,0,0,0,4,10
2025-03-29 18:00:00,Hartford Athletic,El Paso Locomotive FC,1.0,2.0,"Hartford, Connecticut",USA,Trinity Health Stadium,,,,USL Championship,,20250329_Hartford-Athletic_El-Paso-Locomotive-FC,-12.949403942720892,1.15,0.64,3,2,5,5,50.0,50.0,2,2,0,0,3,3
2025-03-29 20:00:00,Loudoun United FC,Rhode Island FC,2.0,0.0,"Leesburg, Virginia",USA,Segra Field,,,,USL Championship,,20250329_Loudoun-United-FC_Rhode-Island-FC,-111.76471700428692,2.18,1.14,7,1,15,2,46.7,53.3,4,3,0,0,6,3
2025-03-29 20:00:00,Louisville City FC,Detroit City FC,2.0,0.0,"Louisville, Kentucky",USA,Lynn Family Stadium,,,,USL Championship,,20250329_Louisville-City-FC_Detroit-City-FC,73.17261185581333,1.05,1.63,2,4,6,8,51.5,48.5,0,1,0,0,2,5
2025-03-29 23:00:00,Indy Eleven,Colorado Springs Switchbacks FC,2.0,3.0,"Indianapolis, Indiana",USA,Michael A. Carroll Stadium,,,,USL Championship,,20250329_Indy-Eleven_Colorado-Springs-Switchbacks-FC,-55.13468968990924,1.81,1.14,7,3,15,7,41.0,59.0,2,0,1,0,3,6
2025-03-29 23:00:00,Lexington,San Antonio FC,2.0,3.0,"Lexington, Kentucky",USA,Lexington SC Stadium,,,,USL Championship,,20250329_Lexington_San-Antonio-FC,-43.42681520871861,0.43,1.84,2,5,3,15,48.1,51.9,3,1,0,0,1,6
2025-03-29 23:00:00,Miami FC,New Mexico United,0.0,1.0,"Miami, Florida",USA,Riccardo Silva Stadium,,,,USL Championship,,20250329_Miami-FC_New-Mexico-United,-251.59287963325392,0.07,1.76,0,7,1,13,46.6,53.4,1,1,0,0,2,9
2025-03-29 23:00:00,North Carolina FC,Charleston Battery,2.0,1.0,"Cary, North Carolina",USA,WakeMed Soccer Park,,,,USL Championship,,20250329_North-Carolina-FC_Charleston-Battery,-95.35071801652703,0.82,0.96,2,3,5,6,47.1,52.9,2,0,0,0,3,3
2025-03-29 23:00:00,Pittsburgh Riverhounds,Birmingham Legion FC,2.0,0.0,"Pittsburgh, Pennsylvania",USA,Highmark Stadium,,,,USL Championship,,20250329_Pittsburgh-Riverhounds_Birmingham-Legion-FC,81.38368099123886,1.03,0.49,2,3,2,6,52.0,48.0,1,1,0,0,3,8
2025-03-30 02:00:00,Monterey Bay,Phoenix Rising FC,3.0,1.0,"Seaside, California",USA,Cardinale Stadium,,,,USL Championship,,20250330_Monterey-Bay_Phoenix-Rising-FC,-40.05194005037811,1.58,0.83,4,2,8,3,40.8,59.2,4,3,0,0,9,3
2025-03-30 02:00:00,Oakland Roots,Las Vegas Lights FC,0.0,0.0,"Oakland, California",USA,Oakland-Alameda County Coliseum,,,,USL Championship,,20250330_Oakland-Roots_Las-Vegas-Lights-FC,-70.97138146225757,0.62,0.11,1,1,3,1,48.4,51.6,1,4,0,0,5,3
2025-04-05 20:00:00,Detroit City FC,Monterey Bay,0.0,0.0,"Hamtramck, Michigan",USA,Keyworth Stadium,,,,USL Championship,,20250405_Detroit-City-FC_Monterey-Bay,115.7649799304586,1.06,1.57,4,6,7,14,55.2,44.8,2,1,0,0,5,8
2025-04-05 20:00:00,Oakland Roots,Rhode Island FC,0.0,3.0,"Oakland, California",USA,Oakland-Alameda County Coliseum,,,,USL Championship,,20250405_Oakland-Roots_Rhode-Island-FC,-113.68170620793808,0.44,2.1,1,6,4,13,39.4,60.6,3,3,0,0,2,10
2025-04-05 20:30:00,Loudoun United FC,Hartford Athletic,2.0,0.0,"Leesburg, Virginia",USA,Segra Field,,,,USL Championship,,20250405_Loudoun-United-FC_Hartford-Athletic,42.3725782552749,1.51,0.75,4,5,10,11,58.0,42.0,2,2,0,0,3,8
2025-04-05 21:30:00,Charleston Battery,Tampa Bay Rowdies,2.0,1.0,"Mount Pleasant, South Carolina",USA,Patriots Point,,,,USL Championship,,20250405_Charleston-Battery_Tampa-Bay-Rowdies,85.82635032531243,2.07,1.97,6,6,12,15,53.3,46.7,1,1,1,0,7,5
2025-04-05 23:00:00,Indy Eleven,North Carolina FC,2.0,2.0,"Indianapolis, Indiana",USA,Michael A. Carroll Stadium,,,,USL Championship,,20250405_Indy-Eleven_North-Carolina-FC,-17.9208079037644,2.05,1.44,5,5,11,9,46.6,53.4,0,0,0,0,8,5
2025-04-06 01:00:00,El Paso Locomotive FC,Lexington,2.0,1.0,"El Paso, Texas",USA,Southwest University Park,,,,USL Championship,,20250406_El-Paso-Locomotive-FC_Lexington,-33.219650041631894,0.78,0.05,2,1,4,2,55.3,44.7,2,3,0,0,3,2
2025-04-06 02:00:00,Sacramento Republic FC,Louisville City FC,1.0,1.0,"Sacramento, California",USA,Heart Health Park,,,,USL Championship,,20250406_Sacramento-Republic-FC_Louisville-City-FC,-134.4930584297838,0.36,0.74,2,2,5,4,47.6,52.4,0,4,0,0,9,7
2025-04-06 02:30:00,Las Vegas Lights FC,Orange County SC,1.0,0.0,"Las Vegas, Nevada",USA,Cashman Field,,,,USL Championship,,20250406_Las-Vegas-Lights-FC_Orange-County-SC,-31.29281615745913,1.0,1.41,4,5,8,10,45.5,54.5,0,0,0,0,7,8
2025-04-06 20:00:00,San Antonio FC,Phoenix Rising FC,1.0,2.0,"San Antonio, Texas",USA,Toyota Field,,,,USL Championship,,20250406_San-Antonio-FC_Phoenix-Rising-FC,92.09493801308645,1.29,1.19,3,4,7,10,54.7,45.3,2,1,0,0,5,8
2025-04-12 23:00:00,Lexington,Las Vegas Lights FC,0.0,0.0,"Lexington, Kentucky",USA,Lexington SC Stadium,,,,USL Championship,,20250412_Lexington_Las-Vegas-Lights-FC,-32.073634432907056,0.86,1.27,2,5,3,11,46.0,54.0,2,3,0,0,4,3
2025-04-12 23:30:00,Charleston Battery,Pittsburgh Riverhounds,2.0,1.0,"Mount Pleasant, South Carolina",USA,Patriots Point,,,,USL Championship,,20250412_Charleston-Battery_Pittsburgh-Riverhounds,31.888820986583596,1.43,1.66,5,4,10,8,49.2,50.8,1,1,0,0,3,9
2025-04-12 23:30:00,Tampa Bay Rowdies,Loudoun United FC,1.0,2.0,"St. Petersburg, Florida",USA,Al Lang Stadium,,,,USL Championship,,20250412_Tampa-Bay-Rowdies_Loudoun-United-FC,22.917651305201616,1.37,1.24,3,4,7,8,49.1,50.9,2,4,0,0,5,3
2025-04-13 00:00:00,FC Tulsa,Oakland Roots,1.0,2.0,"Tulsa, Oklahoma",USA,ONEOK Field,,,,USL Championship,,20250413_FC-Tulsa_Oakland-Roots,59.4650519136751,0.21,1.09,2,4,5,8,51.2,48.8,2,2,0,0,4,6
2025-04-13 00:30:00,San Antonio FC,Miami FC,1.0,2.0,"San Antonio, Texas",USA,Toyota Field,,,,USL Championship,,20250413_San-Antonio-FC_Miami-FC,254.6570056603682,0.97,0.59,2,2,5,3,54.8,45.2,1,3,0,0,1,4
2025-04-13 01:00:00,New Mexico United,North Carolina FC,1.0,0.0,"Albuquerque, New Mexico",USA,Rio Grande Credit Union Field at Isotopes Park,,,,USL Championship,,20250413_New-Mexico-United_North-Carolina-FC,19.465964434142506,0.05,0.97,1,4,3,7,52.7,47.3,0,0,0,0,3,11
2025-04-13 02:00:00,Monterey Bay,Colorado Springs Switchbacks FC,2.0,1.0,"Seaside, California",USA,Cardinale Stadium,,,,USL Championship,,20250413_Monterey-Bay_Colorado-Springs-Switchbacks-FC,-131.08533190705361,0.07,0.98,2,3,5,7,46.2,53.8,0,1,0,0,2,5
2025-04-13 02:00:00,Orange County SC,Sacramento Republic FC,2.0,1.0,"Irvine, California",USA,Championship Soccer Stadium,,,,USL Championship,,20250413_Orange-County-SC_Sacramento-Republic-FC,-12.873070706100407,0.84,0.3,2,2,4,3,51.4,48.6,3,3,0,0,3,0
2025-04-13 02:00:00,Phoenix Rising FC,Detroit City FC,2.0,3.0,"Phoenix, Arizona",USA,Phoenix Rising Stadium at 38th St/Washington,,,,USL Championship,,20250413_Phoenix-Rising-FC_Detroit-City-FC,-83.50245368992319,0.55,1.88,2,7,4,15,41.5,58.5,1,1,0,0,4,4
2025-04-13 21:00:00,Birmingham Legion FC,El Paso Locomotive FC,3.0,1.0,"Birmingham, Alabama",USA,Protective Stadium,,,,USL Championship,,20250413_Birmingham-Legion-FC_El-Paso-Locomotive-FC,-1.101172471286418,0.48,0.05,3,1,6,3,51.6,48.4,2,2,0,0,4,2
2025-04-19 20:00:00,Detroit City FC,Rhode Island FC,2.0,0.0,"Hamtramck, Michigan",USA,Keyworth Stadium,,,,USL Championship,,20250419_Detroit-City-FC_Rhode-Island-FC,18.523049022050145,0.94,1.92,2,4,4,8,42.5,57.5,2,1,0,0,1,6
2025-04-19 20:00:00,Hartford Athletic,Birmingham Legion FC,1.0,0.0,"Hartford, Connecticut",USA,Trinity Health Stadium,,,,USL Championship,,20250419_Hartford-Athletic_Birmingham-Legion-FC,-70.67976372104908,1.54,1.06,5,5,11,11,56.1,43.9,1,0,0,0,8,9
2025-04-19 20:00:00,Oakland Roots,Orange County SC,2.0,0.0,"Oakland, California",USA,Oakland-Alameda County Coliseum,,,,USL Championship,,20250419_Oakland-Roots_Orange-County-SC,-90.96916970705433,1.04,0.47,4,3,8,8,46.3,53.7,1,3,0,0,9,8
2025-04-19 20:00:00,Phoenix Rising FC,Sacramento Republic FC,2.0,2.0,"Phoenix, Arizona",USA,Phoenix Rising Stadium at 38th St/Washington,,,,USL Championship,,20250419_Phoenix-Rising-FC_Sacramento-Republic-FC,-46.20965329685441,1.64,1.18,6,2,14,4,50.7,49.3,1,2,0,0,8,7
2025-04-19 20:30:00,Loudoun United FC,Pittsburgh Riverhounds,2.0,1.0,"Leesburg, Virginia",USA,Segra Field,,,,USL Championship,,20250419_Loudoun-United-FC_Pittsburgh-Riverhounds,-71.35214548010231,1.39,0.96,5,5,10,9,47.4,52.6,3,2,0,0,6,5
2025-04-19 23:00:00,Indy Eleven,Charleston Battery,1.0,3.0,"Indianapolis, Indiana",USA,Michael A. Carroll Stadium,,,,USL Championship,,20250419_Indy-Eleven_Charleston-Battery,-102.2232514805994,1.38,1.67,4,4,10,7,41.4,58.6,3,2,0,0,7,1
2025-04-19 23:00:00,Lexington,Monterey Bay,0.0,0.0,"Lexington, Kentucky",USA,Lexington SC Stadium,,,,USL Championship,,20250419_Lexington_Monterey-Bay,8.72966030041107,0.92,1.79,2,7,2,16,52.0,48.0,2,3,0,0,1,7
2025-04-19 23:00:00,Miami FC,North Carolina FC,2.0,1.0,"Miami, Florida",USA,Riccardo Silva Stadium,,,,USL Championship,,20250419_Miami-FC_North-Carolina-FC,-210.4328060212879,0.78,0.77,2,3,6,5,39.0,61.0,2,1,0,0,5,4
2025-04-19 23:30:00,Tampa Bay Rowdies,Louisville City FC,1.0,2.0,"St. Petersburg, Florida",USA,Al Lang Stadium,,,,USL Championship,,20250419_Tampa-Bay-Rowdies_Louisville-City-FC,-168.81167964367182,0.24,0.37,1,2,2,2,38.4,61.6,1,1,0,0,2,2
2025-04-20 00:00:00,Colorado Springs Switchbacks FC,El Paso Locomotive FC,1.0,1.0,"Colorado Springs, Colorado",USA,Weidner Field,,,,USL Championship,,20250420_Colorado-Springs-Switchbacks-FC_El-Paso-Locomotive-FC,109.78171579927607,1.5,0.55,4,2,9,3,52.5,47.5,0,1,0,0,2,4
2025-04-20 02:30:00,Las Vegas Lights FC,FC Tulsa,1.0,4.0,"Las Vegas, Nevada",USA,Cashman Field,,,,USL Championship,,20250420_Las-Vegas-Lights-FC_FC-Tulsa,40.886096589918225,0.86,1.8,4,7,8,17,48.0,52.0,0,2,0,0,2,9
2025-04-24 00:30:00,San Antonio FC,Colorado Springs Switchbacks FC,3.0,2.0,"San Antonio, Texas",USA,Toyota Field,,,,USL Championship,,20250424_San-Antonio-FC_Colorado-Springs-Switchbacks-FC,-44.161885812938635,0.86,0.91,3,3,7,8,49.0,51.0,0,2,0,0,3,3
2025-04-24 01:00:00,New Mexico United,Monterey Bay,1.0,0.0,"Albuquerque, New Mexico",USA,Rio Grande Credit Union Field at Isotopes Park,,,,USL Championship,,20250424_New-Mexico-United_Monterey-Bay,87.1985810823926,0.45,0.8,2,2,3,6,54.5,45.5,2,1,0,0,2,3
2025-05-02 00:00:00,Louisville City FC,Lexington,2.0,0.0,"Louisville, Kentucky",USA,Lynn Family Stadium,,,,USL Championship,,20250502_Louisville-City-FC_Lexington,181.50967655334057,0.72,0.69,2,2,5,4,50.8,49.2,1,2,0,0,2,5
2025-05-03 20:00:00,Rhode Island FC,San Antonio FC,0.0,0.0,"Pawtucket, Rhode Island",USA,Centreville Bank Stadium,,,,USL Championship,,20250503_Rhode-Island-FC_San-Antonio-FC,6.89195015592054,0.55,0.66,2,2,4,4,53.8,46.2,1,1,0,0,5,3
2025-05-03 21:00:00,Charleston Battery,Hartford Athletic,4.0,2.0,"Mount Pleasant, South Carolina",USA,Patriots Point,,,,USL Championship,,20250503_Charleston-Battery_Hartford-Athletic,195.4544817426936,1.08,1.65,4,5,9,9,58.0,42.0,1,2,0,0,2,2
2025-05-03 23:00:00,Indy Eleven,Detroit City FC,2.0,2.0,"Indianapolis, Indiana",USA,Michael A. Carroll Stadium,,,,USL Championship,,20250503_Indy-Eleven_Detroit-City-FC,-80.80445474660291,1.3,0.84,4,3,11,6,44.2,55.8,1,2,0,0,5,6
2025-05-03 23:00:00,Pittsburgh Riverhounds,North Carolina FC,0.0,2.0,"Pittsburgh, Pennsylvania",USA,Highmark Stadium,,,,USL Championship,,20250503_Pittsburgh-Riverhounds_North-Carolina-FC,47.238015869343144,0.46,1.7,3,6,8,14,50.7,49.3,3,1,1,0,4,5
2025-05-03 23:30:00,Tampa Bay Rowdies,Birmingham Legion FC,2.0,2.0,"St. Petersburg, Florida",USA,Al Lang Stadium,,,,USL Championship,,20250503_Tampa-Bay-Rowdies_Birmingham-Legion-FC,10.726835968524028,0.91,1.72,4,5,8,10,53.7,46.3,1,0,0,0,7,3
2025-05-04 01:00:00,Colorado Springs Switchbacks FC,Phoenix Rising FC,1.0,1.0,"Colorado Springs, Colorado",USA,Weidner Field,,,,USL Championship,,20250504_Colorado-Springs-Switchbacks-FC_Phoenix-Rising-FC,80.60795596925436,0.77,1.01,3,3,6,4,55.5,44.5,1,2,0,1,4,5
2025-05-04 01:00:00,El Paso Locomotive FC,New Mexico United,3.0,0.0,"El Paso, Texas",USA,Southwest University Park,,,,USL Championship,,20250504_El-Paso-Locomotive-FC_New-Mexico-United,-104.2245060796381,0.76,1.51,3,4,7,9,45.3,54.7,2,1,0,0,4,9
2025-05-04 02:00:00,Orange County SC,FC Tulsa,2.0,1.0,"Irvine, California",USA,Championship Soccer Stadium,,,,USL Championship,,20250504_Orange-County-SC_FC-Tulsa,31.094419336038982,1.46,0.85,4,3,10,5,52.1,47.9,0,2,0,0,4,6
2025-05-04 02:30:00,Las Vegas Lights FC,Loudoun United FC,1.0,0.0,"Las Vegas, Nevada",USA,Cashman Field,,,,USL Championship,,20250504_Las-Vegas-Lights-FC_Loudoun-United-FC,-6.4426538735785925,2.01,1.33,4,4,7,6,48.8,51.2,1,0,0,0,7,3
2025-05-04 23:00:00,Monterey Bay,Miami FC,1.0,1.0,"Seaside, California",USA,Cardinale Stadium,,,,USL Championship,,20250504_Monterey-Bay_Miami-FC,137.81408368640177,1.31,0.88,3,2,7,5,54.8,45.2,3,6,0,0,5,3
2025-05-04 23:00:00,Oakland Roots,Sacramento Republic FC,0.0,1.0,"Oakland, California",USA,Oakland-Alameda County Coliseum,,,,USL Championship,,20250504_Oakland-Roots_Sacramento-Republic-FC,-62.29464657539188,0.55,1.15,3,3,6,5,51.2,48.8,2,4,1,1,1,5
2025-05-09 23:00:00,North Carolina FC,Orange County SC,1.0,0.0,"Cary, North Carolina",USA,WakeMed Soccer Park,,,,USL Championship,,20250509_North-Carolina-FC_Orange-County-SC,-12.630904588533895,0.98,0.97,4,3,9,10,50.9,49.1,3,0,0,0,6,9
2025-05-10 20:00:00,Rhode Island FC,Monterey Bay,1.0,1.0,"Pawtucket, Rhode Island",USA,Centreville Bank Stadium,,,,USL Championship,,20250510_Rhode-Island-FC_Monterey-Bay,84.04918268669621,1.91,0.2,6,1,15,4,57.4,42.6,2,2,0,0,10,5
2025-05-10 22:00:00,Loudoun United FC,Lexington,5.0,1.0,"Leesburg, Virginia",USA,Segra Field,,,,USL Championship,,20250510_Loudoun-United-FC_Lexington,17.22542147696163,1.92,0.85,8,2,17,6,50.5,49.5,2,2,0,0,6,2
2025-05-10 23:00:00,Hartford Athletic,Detroit City FC,0.0,0.0,"Hartford, Connecticut",USA,Trinity Health Stadium,,,,USL Championship,,20250510_Hartford-Athletic_Detroit-City-FC,-160.0399217538743,0.91,0.05,3,0,8,0,45.6,54.4,2,0,0,0,4,4
2025-05-10 23:30:00,Louisville City FC,Pittsburgh Riverhounds,0.0,0.0,"Louisville, Kentucky",USA,Lynn Family Stadium,,,,USL Championship,,20250510_Louisville-City-FC_Pittsburgh-Riverhounds,135.6821643188971,0.58,0.36,0,2,0,3,59.9,40.1,2,1,1,0,1,1
2025-05-10 23:30:00,Tampa Bay Rowdies,Charleston Battery,1.0,3.0,"St. Petersburg, Florida",USA,Al Lang Stadium,,,,USL Championship,,20250510_Tampa-Bay-Rowdies_Charleston-Battery,-149.1158644487848,0.27,1.76,2,6,5,11,41.3,58.7,2,2,0,0,6,8
2025-05-11 00:00:00,FC Tulsa,El Paso Locomotive FC,1.0,1.0,"Tulsa, Oklahoma",USA,ONEOK Field,,,,USL Championship,,20250511_FC-Tulsa_El-Paso-Locomotive-FC,-7.63634960351169,1.33,0.47,5,1,12,0,46.8,53.2,0,2,0,0,2,3
2025-05-11 00:30:00,San Antonio FC,Oakland Roots,1.0,2.0,"San Antonio, Texas",USA,Toyota Field,,,,USL Championship,,20250511_San-Antonio-FC_Oakland-Roots,92.84788603077754,1.06,1.25,2,3,4,6,56.1,43.9,2,1,0,0,6,2
2025-05-11 01:00:00,New Mexico United,Phoenix Rising FC,1.0,2.0,"Albuquerque, New Mexico",USA,Rio Grande Credit Union Field at Isotopes Park,,,,USL Championship,,20250511_New-Mexico-United_Phoenix-Rising-FC,77.67788569731624,0.95,1.16,3,3,6,7,46.2,53.8,1,4,0,0,2,5
2025-05-11 02:00:00,Sacramento Republic FC,Indy Eleven,1.0,1.0,"Sacramento, California",USA,Heart Health Park,,,,USL Championship,,20250511_Sacramento-Republic-FC_Indy-Eleven,19.353273748868332,0.83,1.1,2,3,5,6,57.9,42.1,2,2,0,0,1,3
2025-05-11 02:30:00,Las Vegas Lights FC,Colorado Springs Switchbacks FC,0.0,0.0,"Las Vegas, Nevada",USA,Cashman Field,,,,USL Championship,,20250511_Las-Vegas-Lights-FC_Colorado-Springs-Switchbacks-FC,-41.10327412519882,0.05,1.66,0,6,0,12,42.8,57.2,3,1,0,0,1,1
2025-05-15 00:00:00,Birmingham Legion FC,Rhode Island FC,0.0,1.0,"Birmingham, Alabama",USA,Protective Stadium,,,,USL Championship,,20250515_Birmingham-Legion-FC_Rhode-Island-FC,-70.33570319283308,1.15,1.22,3,3,9,7,43.4,56.6,0,1,0,0,9,8
2025-05-16 23:00:00,North Carolina FC,Oakland Roots,4.0,2.0,"Cary, North Carolina",USA,WakeMed Soccer Park,,,,USL Championship,,20250516_North-Carolina-FC_Oakland-Roots,66.29761446443467,1.86,1.19,7,3,16,8,52.5,47.5,0,3,0,0,4,6
2025-05-17 01:00:00,El Paso Locomotive FC,Indy Eleven,3.0,1.0,"El Paso, Texas",USA,Southwest University Park,,,,USL Championship,,20250517_El-Paso-Locomotive-FC_Indy-Eleven,-27.305966828154624,1.48,1.22,5,3,10,6,52.8,47.2,0,2,0,0,12,3
2025-05-17 23:00:00,Hartford Athletic,Louisville City FC,1.0,1.0,"Hartford, Connecticut",USA,Trinity Health Stadium,,,,USL Championship,,20250517_Hartford-Athletic_Louisville-City-FC,-237.0772894647148,1.24,1.06,4,4,6,9,39.1,60.9,2,1,0,0,3,9
2025-05-17 23:30:00,Charleston Battery,San Antonio FC,4.0,0.0,"Mount Pleasant, South Carolina",USA,Patriots Point,,,,USL Championship,,20250517_Charleston-Battery_San-Antonio-FC,114.61146272546011,1.49,0.63,4,1,8,3,58.0,42.0,3,2,0,0,6,3
2025-05-17 23:30:00,Miami FC,Loudoun United FC,2.0,1.0,"Miami, Florida",USA,Riccardo Silva Stadium,,,,USL Championship,,20250517_Miami-FC_Loudoun-United-FC,-172.85155302826138,0.05,0.99,2,1,4,3,36.9,63.1,3,3,0,0,6,4
2025-05-17 23:30:00,Tampa Bay Rowdies,Rhode Island FC,0.0,3.0,"St. Petersburg, Florida",USA,Al Lang Stadium,,,,USL Championship,,20250517_Tampa-Bay-Rowdies_Rhode-Island-FC,-77.09722843424538,0.55,0.58,2,3,4,6,43.9,56.1,1,2,0,0,5,7
2025-05-18 01:00:00,Colorado Springs Switchbacks FC,Pittsburgh Riverhounds,1.0,0.0,"Colorado Springs, Colorado",USA,Weidner Field,,,,USL Championship,,20250518_Colorado-Springs-Switchbacks-FC_Pittsburgh-Riverhounds,12.138402647450448,0.88,1.35,2,5,4,9,49.9,50.1,2,4,0,0,3,9
2025-05-18 02:00:00,Orange County SC,New Mexico United,0.0,3.0,"Irvine, California",USA,Championship Soccer Stadium,,,,USL Championship,,20250518_Orange-County-SC_New-Mexico-United,-25.714524566466025,1.15,0.54,4,3,11,8,46.0,54.0,1,0,0,0,10,1
2025-05-18 02:00:00,Phoenix Rising FC,Monterey Bay,2.0,0.0,"Phoenix, Arizona",USA,Phoenix Rising Stadium at 38th St/Washington,,,,USL Championship,,20250518_Phoenix-Rising-FC_Monterey-Bay,28.44154880741189,1.19,0.69,3,2,4,4,56.9,43.1,1,4,1,0,3,3
2025-05-18 02:00:00,Sacramento Republic FC,Las Vegas Lights FC,5.0,0.0,"Sacramento, California",USA,Heart Health Park,,,,USL Championship,,20250518_Sacramento-Republic-FC_Las-Vegas-Lights-FC,14.057174519774208,1.32,1.1,5,3,9,5,46.2,53.8,1,2,0,0,5,7
2025-05-18 21:00:00,Birmingham Legion FC,Detroit City FC,1.0,1.0,"Birmingham, Alabama",USA,Protective Stadium,,,,USL Championship,,20250518_Birmingham-Legion-FC_Detroit-City-FC,-116.36058762141693,0.97,0.51,4,1,7,3,43.5,56.5,2,3,0,0,4,1
2025-05-18 23:00:00,Lexington,FC Tulsa,0.0,2.0,"Lexington, Kentucky",USA,Lexington SC Stadium,,,,USL Championship,,20250518_Lexington_FC-Tulsa,-9.670867410833807,1.2,0.05,4,2,10,4,45.1,54.9,4,3,0,1,7,3
2025-05-24 20:00:00,Detroit City FC,Charleston Battery,1.0,3.0,"Hamtramck, Michigan",USA,Keyworth Stadium,,,,USL Championship,,20250524_Detroit-City-FC_Charleston-Battery,-71.54317785946,1.0,1.85,4,7,9,15,48.0,52.0,0,1,0,0,6,6
2025-05-24 20:00:00,Rhode Island FC,Pittsburgh Riverhounds,0.0,1.0,"Pawtucket, Rhode Island",USA,Centreville Bank Stadium,,,,USL Championship,,20250524_Rhode-Island-FC_Pittsburgh-Riverhounds,33.52966402669904,0.89,0.05,2,1,5,3,51.6,48.4,0,3,0,0,3,1
2025-05-24 23:00:00,Lexington,Tampa Bay Rowdies,1.0,1.0,"Lexington, Kentucky",USA,Lexington SC Stadium,,,,USL Championship,,20250524_Lexington_Tampa-Bay-Rowdies,-11.94264084462452,0.51,0.86,1,3,3,6,48.0,52.0,1,1,0,0,4,6
2025-05-24 23:00:00,Miami FC,Birmingham Legion FC,1.0,2.0,"Miami, Florida",USA,Riccardo Silva Stadium,,,,USL Championship,,20250524_Miami-FC_Birmingham-Legion-FC,-116.37976989076174,2.04,2.03,6,7,13,18,42.9,57.1,2,3,0,0,4,8
2025-05-25 01:00:00,Orange County SC,Colorado Springs Switchbacks FC,3.0,1.0,"Irvine, California",USA,Championship Soccer Stadium,,,,USL Championship,,20250525_Orange-County-SC_Colorado-Springs-Switchbacks-FC,-59.09459469285048,1.37,1.52,4,5,8,11,52.0,48.0,2,1,1,0,6,8
2025-05-25 02:00:00,Monterey Bay,Louisville City FC,0.0,2.0,"Seaside, California",USA,Cardinale Stadium,,,,USL Championship,,20250525_Monterey-Bay_Louisville-City-FC,-206.0504353664096,0.82,1.36,1,4,1,8,49.8,50.2,2,0,0,0,0,5
2025-05-25 02:00:00,Oakland Roots,New Mexico United,0.0,3.0,"Oakland, California",USA,Oakland-Alameda County Coliseum,,,,USL Championship,,20250525_Oakland-Roots_New-Mexico-United,-100.62194107862229,0.34,1.07,0,5,1,11,36.0,64.0,2,1,0,0,5,1
2025-05-25 02:30:00,Las Vegas Lights FC,El Paso Locomotive FC,1.0,2.0,"Las Vegas, Nevada",USA,Cashman Field,,,,USL Championship,,20250525_Las-Vegas-Lights-FC_El-Paso-Locomotive-FC,6.810645468112625,1.01,1.33,4,5,8,11,52.1,47.9,3,0,0,0,4,1
2025-05-28 23:00:00,Indy Eleven,Hartford Athletic,4.0,4.0,"Indianapolis, Indiana",USA,Michael A. Carroll Stadium,,,,USL Championship,,20250528_Indy-Eleven_Hartford-Athletic,60.16146864801976,1.82,1.56,5,6,13,15,46.1,53.9,1,2,0,0,9,10
2025-05-29 00:00:00,San Antonio FC,FC Tulsa,1.0,1.0,"San Antonio, Texas",USA,Toyota Field,,,,USL Championship,,20250529_San-Antonio-FC_FC-Tulsa,28.933539952030742,1.63,0.1,6,1,12,1,50.9,49.1,3,2,0,0,8,3
2025-05-29 02:30:00,Las Vegas Lights FC,Phoenix Rising FC,0.0,1.0,"Las Vegas, Nevada",USA,Cashman Field,,,,USL Championship,,20250529_Las-Vegas-Lights-FC_Phoenix-Rising-FC,-13.961518623100801,0.82,1.11,3,2,6,2,54.5,45.5,2,4,1,0,2,1
2025-06-05 00:00:00,Birmingham Legion FC,Indy Eleven,0.0,1.0,"Birmingham, Alabama",USA,Protective Stadium,,,,USL Championship,,20250605_Birmingham-Legion-FC_Indy-Eleven,-19.87636838188223,0.51,1.35,1,5,2,10,55.3,44.7,1,0,0,0,2,3
2025-06-07 00:39:00,Hartford Athletic,North Carolina FC,0.0,1.0,"Hartford, Connecticut",USA,Trinity Health Stadium,,,,USL Championship,,20250607_Hartford-Athletic_North-Carolina-FC,-98.86157984269289,0.55,0.57,3,1,6,3,48.3,51.7,0,0,0,0,4,6
2025-06-07 22:00:00,Loudoun United FC,Charleston Battery,1.0,1.0,"Leesburg, Virginia",USA,Segra Field,,,,USL Championship,,20250607_Loudoun-United-FC_Charleston-Battery,-168.28873509200912,1.41,0.51,5,3,12,5,46.1,53.9,1,1,0,0,2,2
2025-06-07 23:00:00,Pittsburgh Riverhounds,Detroit City FC,2.0,0.0,"Pittsburgh, Pennsylvania",USA,Highmark Stadium,,,,USL Championship,,20250607_Pittsburgh-Riverhounds_Detroit-City-FC,-24.374885936191504,0.96,1.18,3,3,6,7,43.9,56.1,3,1,0,0,3,6
2025-06-07 23:00:00,Rhode Island FC,Miami FC,0.0,1.0,"Pawtucket, Rhode Island",USA,Centreville Bank Stadium,,,,USL Championship,,20250607_Rhode-Island-FC_Miami-FC,206.39681727922311,0.43,0.95,1,3,4,5,62.4,37.6,2,0,0,0,1,6
2025-06-08 00:00:00,Louisville City FC,Tampa Bay Rowdies,2.0,1.0,"Louisville, Kentucky",USA,Lynn Family Stadium,,,,USL Championship,,20250608_Louisville-City-FC_Tampa-Bay-Rowdies,199.57775068110845,1.57,0.83,4,3,9,7,62.5,37.5,0,2,0,0,9,6
2025-06-08 01:00:00,New Mexico United,Colorado Springs Switchbacks FC,1.0,1.0,"Albuquerque, New Mexico",USA,Rio Grande Credit Union Field at Isotopes Park,,,,USL Championship,,20250608_New-Mexico-United_Colorado-Springs-Switchbacks-FC,11.48712193083702,0.68,1.63,3,4,7,11,44.6,55.4,3,2,0,0,4,3
2025-06-08 01:00:00,San Antonio FC,Las Vegas Lights FC,3.0,0.0,"San Antonio, Texas",USA,Toyota Field,,,,USL Championship,,20250608_San-Antonio-FC_Las-Vegas-Lights-FC,36.49507052131048,0.28,0.79,3,2,6,4,47.8,52.2,0,0,0,0,4,5
2025-06-08 02:00:00,Monterey Bay,Lexington,2.0,1.0,"Seaside, California",USA,Cardinale Stadium,,,,USL Championship,,20250608_Monterey-Bay_Lexington,-6.584445530585526,1.04,1.93,2,6,7,11,50.5,49.5,1,1,0,0,4,8
2025-06-08 02:00:00,Oakland Roots,El Paso Locomotive FC,0.0,0.0,"Oakland, California",USA,Oakland-Alameda County Coliseum,,,,USL Championship,,20250608_Oakland-Roots_El-Paso-Locomotive-FC,-64.44547640221936,0.05,0.21,0,0,0,0,40.8,59.2,2,4,0,1,1,0
2025-06-08 02:30:00,Phoenix Rising FC,Orange County SC,3.0,1.0,"Phoenix, Arizona",USA,Phoenix Rising Stadium at 38th St/Washington,,,,USL Championship,,20250608_Phoenix-Rising-FC_Orange-County-SC,-3.055445133123385,1.77,1.5,6,6,13,12,55.9,44.1,0,3,0,0,4,11
2025-06-08 03:00:00,Sacramento Republic FC,FC Tulsa,0.0,1.0,"Sacramento, California",USA,Heart Health Park,,,,USL Championship,,20250608_Sacramento-Republic-FC_FC-Tulsa,51.28433450805528,0.83,1.32,2,3,6,8,53.0,47.0,2,1,0,0,4,7
2025-06-12 00:00:00,Louisville City FC,Rhode Island FC,2.0,1.0,"Louisville, Kentucky",USA,Lynn Family Stadium,,,,USL Championship,,20250612_Louisville-City-FC_Rhode-Island-FC,140.63307510212485,2.19,1.25,7,5,16,10,51.7,48.3,2,3,0,0,12,7
2025-06-14 22:00:00,Loudoun United FC,Detroit City FC,3.0,2.0,"Leesburg, Virginia",USA,Segra Field,,,,USL Championship,,20250614_Loudoun-United-FC_Detroit-City-FC,-59.38152228305876,1.68,1.65,6,7,12,15,43.5,56.5,0,0,0,0,8,8
2025-06-14 23:00:00,Hartford Athletic,Charleston Battery,1.0,2.0,"Hartford, Connecticut",USA,Trinity Health Stadium,,,,USL Championship,,20250614_Hartford-Athletic_Charleston-Battery,-221.04071859241526,0.17,1.22,1,4,1,9,40.9,59.1,1,2,0,0,3,3
2025-06-14 23:00:00,Indy Eleven,Pittsburgh Riverhounds,1.0,0.0,"Indianapolis, Indiana",USA,Michael A. Carroll Stadium,,,,USL Championship,,20250614_Indy-Eleven_Pittsburgh-Riverhounds,-48.19771777944288,1.1,0.66,3,1,8,2,46.1,53.9,1,0,0,0,2,2
2025-06-14 23:00:00,Lexington,New Mexico United,2.0,1.0,"Lexington, Kentucky",USA,Lexington SC Stadium,,,,USL Championship,,20250614_Lexington_New-Mexico-United,-118.4544835705683,1.28,1.53,3,5,6,12,49.4,50.6,3,0,0,0,3,6
2025-06-14 23:00:00,Rhode Island FC,North Carolina FC,2.0,1.0,"Pawtucket, Rhode Island",USA,Centreville Bank Stadium,,,,USL Championship,,20250614_Rhode-Island-FC_North-Carolina-FC,-23.38281239872981,1.66,0.86,4,2,7,6,46.3,53.7,1,4,0,0,1,2
2025-06-14 23:30:00,Tampa Bay Rowdies,Miami FC,2.0,1.0,"St. Petersburg, Florida",USA,Al Lang Stadium,,,,USL Championship,,20250614_Tampa-Bay-Rowdies_Miami-FC,99.11129873999403,0.71,1.27,2,4,6,7,48.4,51.6,1,1,0,0,6,5
2025-06-15 00:00:00,Louisville City FC,Birmingham Legion FC,4.0,2.0,"Louisville, Kentucky",USA,Lynn Family Stadium,,,,USL Championship,,20250615_Louisville-City-FC_Birmingham-Legion-FC,214.71381219452928,0.82,1.35,4,3,10,6,50.1,49.9,0,0,0,0,2,2
2025-06-15 00:30:00,FC Tulsa,Phoenix Rising FC,1.0,1.0,"Tulsa, Oklahoma",USA,ONEOK Field,,,,USL Championship,,20250615_FC-Tulsa_Phoenix-Rising-FC,-25.789012466532085,0.86,1.2,2,5,6,11,53.4,46.6,1,4,0,0,5,10
2025-06-15 01:00:00,Colorado Springs Switchbacks FC,Oakland Roots,1.0,0.0,"Colorado Springs, Colorado",USA,Weidner Field,,,,USL Championship,,20250615_Colorado-Springs-Switchbacks-FC_Oakland-Roots,104.56804832883131,1.2,1.29,3,6,5,14,58.9,41.1,1,2,0,0,2,13
2025-06-15 01:00:00,El Paso Locomotive FC,Orange County SC,0.0,3.0,"El Paso, Texas",USA,Southwest University Park,,,,USL Championship,,20250615_El-Paso-Locomotive-FC_Orange-County-SC,-0.9704102987404895,0.92,2.11,4,6,8,16,51.0,49.0,3,1,0,0,5,7
2025-06-15 02:30:00,Las Vegas Lights FC,Monterey Bay,2.0,0.0,"Las Vegas, Nevada",USA,Cashman Field,,,,USL Championship,,20250615_Las-Vegas-Lights-FC_Monterey-Bay,7.64505589441751,1.53,0.73,4,3,10,6,50.8,49.2,1,0,0,0,5,5
2025-06-15 03:00:00,Sacramento Republic FC,San Antonio FC,0.0,0.0,"Sacramento, California",USA,Heart Health Park,,,,USL Championship,,20250615_Sacramento-Republic-FC_San-Antonio-FC,-0.1578202050843629,0.99,1.27,2,4,4,8,40.7,59.3,3,0,0,0,1,7
2025-06-18 23:00:00,Miami FC,Charleston Battery,1.0,0.0,"Miami, Florida",USA,Riccardo Silva Stadium,,,,USL Championship,,20250618_Miami-FC_Charleston-Battery,-304.3493045829139,1.39,0.79,3,3,5,7,44.4,55.6,3,1,0,0,4,4
2025-06-19 00:00:00,Birmingham Legion FC,Sacramento Republic FC,1.0,0.0,"Birmingham, Alabama",USA,Protective Stadium,,,,USL Championship,,20250619_Birmingham-Legion-FC_Sacramento-Republic-FC,-67.37182694991793,0.05,0.05,1,0,3,0,43.3,56.7,2,1,0,0,4,3
2025-06-20 23:00:00,Lexington,Colorado Springs Switchbacks FC,2.0,1.0,"Lexington, Kentucky",USA,Lexington SC Stadium,,,,USL Championship,,20250620_Lexington_Colorado-Springs-Switchbacks-FC,-100.31437335791611,0.63,0.58,2,1,4,3,46.6,53.4,1,3,0,0,3,6
2025-06-20 23:30:00,Hartford Athletic,Loudoun United FC,3.0,0.0,"Hartford, Connecticut",USA,Trinity Health Stadium,,,,USL Championship,,20250620_Hartford-Athletic_Loudoun-United-FC,-82.82922973129598,2.07,0.32,6,2,16,2,45.6,54.4,1,1,0,0,7,3
2025-06-20 23:30:00,North Carolina FC,Louisville City FC,2.0,1.0,"Cary, North Carolina",USA,WakeMed Soccer Park,,,,USL Championship,,20250620_North-Carolina-FC_Louisville-City-FC,-150.2432414855307,1.15,0.61,3,4,6,9,42.5,57.5,1,0,0,0,5,3
2025-06-21 20:00:00,Detroit City FC,Miami FC,2.0,0.0,"Hamtramck, Michigan",USA,Keyworth Stadium,,,,USL Championship,,20250621_Detroit-City-FC_Miami-FC,166.49950762952494,1.5,0.05,3,0,7,1,57.2,42.8,3,0,0,0,8,3
2025-06-21 23:00:00,Indy Eleven,Las Vegas Lights FC,0.0,1.0,"Indianapolis, Indiana",USA,Michael A. Carroll Stadium,,,,USL Championship,,20250621_Indy-Eleven_Las-Vegas-Lights-FC,40.285295617200745,0.65,0.89,3,1,6,3,47.7,52.3,1,0,0,0,4,5
2025-06-21 23:00:00,Pittsburgh Riverhounds,Tampa Bay Rowdies,2.0,1.0,"Pittsburgh, Pennsylvania",USA,Highmark Stadium,,,,USL Championship,,20250621_Pittsburgh-Riverhounds_Tampa-Bay-Rowdies,72.19080598126106,1.78,1.21,4,6,7,11,57.0,43.0,2,5,0,0,1,3
2025-06-21 23:00:00,Rhode Island FC,Sacramento Republic FC,0.0,2.0,"Pawtucket, Rhode Island",USA,Centreville Bank Stadium,,,,USL Championship,,20250621_Rhode-Island-FC_Sacramento-Republic-FC,24.433382449179817,1.66,1.19,4,2,9,4,45.1,54.9,3,2,0,0,5,4
2025-06-21 23:30:00,Charleston Battery,Phoenix Rising FC,4.0,1.0,"Mount Pleasant, South Carolina",USA,Patriots Point,,,,USL Championship,,20250621_Charleston-Battery_Phoenix-Rising-FC,109.21351318774464,2.19,0.48,5,1,11,3,51.2,48.8,0,2,0,0,7,2
2025-06-22 00:00:00,Birmingham Legion FC,Oakland Roots,0.0,1.0,"Birmingham, Alabama",USA,Protective Stadium,,,,USL Championship,,20250622_Birmingham-Legion-FC_Oakland-Roots,35.57377700827419,1.02,0.77,2,2,4,5,55.5,44.5,4,0,0,0,2,2
2025-06-22 01:00:00,New Mexico United,San Antonio FC,4.0,2.0,"Albuquerque, New Mexico",USA,Rio Grande Credit Union Field at Isotopes Park,,,,USL Championship,,20250622_New-Mexico-United_San-Antonio-FC,19.021440006356443,2.28,1.25,8,3,20,7,48.4,51.6,0,2,0,0,4,6
2025-06-22 02:00:00,Monterey Bay,El Paso Locomotive FC,1.0,2.0,"Seaside, California",USA,Cardinale Stadium,,,,USL Championship,,20250622_Monterey-Bay_El-Paso-Locomotive-FC,-45.13580091808035,0.57,0.71,2,2,4,5,52.9,47.1,1,3,0,0,3,3
2025-06-25 22:00:00,Loudoun United FC,Louisville City FC,1.0,4.0,"Leesburg, Virginia",USA,Segra Field,,,,USL Championship,,20250625_Loudoun-United-FC_Louisville-City-FC,-173.9904550048891,1.49,2.91,4,9,9,20,45.2,54.8,1,4,0,0,3,3
2025-06-26 01:00:00,Tampa Bay Rowdies,Indy Eleven,3.0,1.0,"St. Petersburg, Florida",USA,Al Lang Stadium,,,,USL Championship,,20250626_Tampa-Bay-Rowdies_Indy-Eleven,-47.45796320636009,0.75,1.6,3,5,8,12,55.5,44.5,1,2,0,0,9,5
2025-07-03 00:00:00,Birmingham Legion FC,Charleston Battery,0.0,0.0,"Birmingham, Alabama",USA,Protective Stadium,,,,USL Championship,,20250703_Birmingham-Legion-FC_Charleston-Battery,-184.98617884591908,0.55,1.08,1,2,3,3,45.6,54.4,1,0,0,0,3,5
2025-07-03 23:00:00,Loudoun United FC,Orange County SC,0.0,0.0,"Leesburg, Virginia",USA,Segra Field,,,,USL Championship,,20250703_Loudoun-United-FC_Orange-County-SC,-32.004646423910344,1.07,0.48,3,1,7,3,52.5,47.5,1,3,0,0,1,2
2025-07-04 23:00:00,Pittsburgh Riverhounds,New Mexico United,1.0,0.0,"Pittsburgh, Pennsylvania",USA,Highmark Stadium,,,,USL Championship,,20250704_Pittsburgh-Riverhounds_New-Mexico-United,-5.890268694299721,0.77,0.05,2,1,5,5,52.1,47.9,1,3,0,0,2,5
2025-07-05 01:00:00,Colorado Springs Switchbacks FC,Louisville City FC,0.0,1.0,"Colorado Springs, Colorado",USA,Weidner Field,,,,USL Championship,,20250705_Colorado-Springs-Switchbacks-FC_Louisville-City-FC,-130.17111353032897,1.03,1.62,3,5,8,10,48.4,51.6,2,4,0,0,4,11
2025-07-05 01:00:00,El Paso Locomotive FC,San Antonio FC,1.0,2.0,"El Paso, Texas",USA,Southwest University Park,,,,USL Championship,,20250705_El-Paso-Locomotive-FC_San-Antonio-FC,-10.42965310420368,0.77,0.14,3,2,9,5,56.1,43.9,1,2,0,0,3,2
2025-07-05 02:30:00,Las Vegas Lights FC,Sacramento Republic FC,0.0,2.0,"Las Vegas, Nevada",USA,Cashman Field,,,,USL Championship,,20250705_Las-Vegas-Lights-FC_Sacramento-Republic-FC,-31.254051730682704,0.29,0.28,1,2,0,4,43.3,56.7,0,0,0,0,2,4
2025-07-05 02:30:00,Phoenix Rising FC,Lexington,0.0,1.0,"Phoenix, Arizona",USA,Phoenix Rising Stadium at 38th St/Washington,,,,USL Championship,,20250705_Phoenix-Rising-FC_Lexington,44.81479196078749,0.68,0.68,2,3,7,9,56.6,43.4,1,0,0,0,3,4
2025-07-05 23:00:00,Miami FC,FC Tulsa,2.0,2.0,"Miami, Florida",USA,Riccardo Silva Stadium,,,,USL Championship,,20250705_Miami-FC_FC-Tulsa,-136.8718063938959,0.8,1.35,2,2,5,6,41.1,58.9,0,2,0,0,2,4
2025-07-05 23:00:00,Rhode Island FC,Birmingham Legion FC,1.0,1.0,"Pawtucket, Rhode Island",USA,Centreville Bank Stadium,,,,USL Championship,,20250705_Rhode-Island-FC_Birmingham-Legion-FC,57.7438194526444,0.75,1.08,4,4,9,10,48.6,51.4,1,1,0,0,4,5
2025-07-05 23:30:00,Indy Eleven,Monterey Bay,3.0,0.0,"Indianapolis, Indiana",USA,Michael A. Carroll Stadium,,,,USL Championship,,20250705_Indy-Eleven_Monterey-Bay,54.83788723725206,1.69,0.34,4,2,10,6,58.1,41.9,1,3,0,1,2,3
2025-07-06 02:00:00,Oakland Roots,Detroit City FC,2.0,0.0,"Oakland, California",USA,Oakland-Alameda County Coliseum,,,,USL Championship,,20250706_Oakland-Roots_Detroit-City-FC,-95.47216409832754,1.1,0.05,3,0,5,1,50.2,49.8,4,3,0,0,5,3
2025-07-06 21:00:00,Charleston Battery,North Carolina FC,1.0,0.0,"Mount Pleasant, South Carolina",USA,Patriots Point,,,,USL Championship,,20250706_Charleston-Battery_North-Carolina-FC,88.04785122893804,0.61,1.16,1,5,2,11,56.5,43.5,0,1,0,0,3,4
2025-07-11 23:30:00,North Carolina FC,Birmingham Legion FC,2.0,3.0,"Cary, North Carolina",USA,WakeMed Soccer Park,,,,USL Championship,,20250711_North-Carolina-FC_Birmingham-Legion-FC,74.24595374808337,0.27,1.11,2,3,5,9,55.0,45.0,0,2,0,0,4,6
2025-07-12 01:00:00,Monterey Bay,Orange County SC,2.0,1.0,"Seaside, California",USA,Cardinale Stadium,,,,USL Championship,,20250712_Monterey-Bay_Orange-County-SC,-89.50820794643982,1.21,0.18,4,1,9,2,50.6,49.4,3,0,0,0,5,3
2025-07-12 23:00:00,Detroit City FC,Hartford Athletic,1.0,2.0,"Hamtramck, Michigan",USA,Keyworth Stadium,,,,USL Championship,,20250712_Detroit-City-FC_Hartford-Athletic,90.77608523413892,0.98,1.13,2,3,4,7,55.2,44.8,2,1,0,0,1,3
2025-07-12 23:00:00,Indy Eleven,Rhode Island FC,1.0,0.0,"Indianapolis, Indiana",USA,Michael A. Carroll Stadium,,,,USL Championship,,20250712_Indy-Eleven_Rhode-Island-FC,-18.018765786692484,1.35,0.59,5,4,11,10,56.5,43.5,2,1,0,0,6,4
2025-07-12 23:30:00,Miami FC,Lexington,1.0,1.0,"Miami, Florida",USA,Riccardo Silva Stadium,,,,USL Championship,,20250712_Miami-FC_Lexington,-116.76263890203018,1.28,1.13,4,4,9,9,43.4,56.6,0,0,0,0,4,6
2025-07-13 00:30:00,FC Tulsa,Las Vegas Lights FC,4.0,3.0,"Tulsa, Oklahoma",USA,ONEOK Field,,,,USL Championship,,20250713_FC-Tulsa_Las-Vegas-Lights-FC,16.252453884463193,1.92,0.94,8,3,16,6,48.8,51.2,2,1,0,0,10,3
2025-07-13 01:00:00,New Mexico United,Charleston Battery,1.0,2.0,"Albuquerque, New Mexico",USA,Rio Grande Credit Union Field at Isotopes Park,,,,USL Championship,,20250713_New-Mexico-United_Charleston-Battery,-103.55508851086256,0.78,1.13,2,3,3,7,45.0,55.0,1,2,0,0,4,2
2025-07-13 01:00:00,San Antonio FC,Tampa Bay Rowdies,1.0,0.0,"San Antonio, Texas",USA,Toyota Field,,,,USL Championship,,20250713_San-Antonio-FC_Tampa-Bay-Rowdies,53.466920404553775,0.86,1.58,2,3,4,6,47.7,52.3,2,0,0,0,5,7
2025-07-13 02:00:00,Oakland Roots,Phoenix Rising FC,1.0,2.0,"Oakland, California",USA,Oakland-Alameda County Coliseum,,,,USL Championship,,20250713_Oakland-Roots_Phoenix-Rising-FC,-39.446560677073876,1.08,1.83,4,5,10,10,45.2,54.8,2,0,0,0,4,6
2025-07-13 03:00:00,Sacramento Republic FC,El Paso Locomotive FC,3.0,0.0,"Sacramento, California",USA,Heart Health Park,,,,USL Championship,,20250713_Sacramento-Republic-FC_El-Paso-Locomotive-FC,42.73402325553593,0.84,0.51,3,2,7,5,54.7,45.3,0,1,0,0,5,3
2025-07-13 21:00:00,Pittsburgh Riverhounds,Loudoun United FC,2.0,2.0,"Pittsburgh, Pennsylvania",USA,Highmark Stadium,,,,USL Championship,,20250713_Pittsburgh-Riverhounds_Loudoun-United-FC,74.9003644245513,1.5,1.07,4,2,10,3,54.9,45.1,4,0,0,0,4,2
2025-07-16 23:30:00,Hartford Athletic,Tampa Bay Rowdies,0.0,1.0,"Hartford, Connecticut",USA,Trinity Health Stadium,,,,USL Championship,,20250716_Hartford-Athletic_Tampa-Bay-Rowdies,-7.6864392089185,0.36,1.6,1,5,2,11,49.8,50.2,0,0,0,0,0,6
2025-07-17 00:30:00,FC Tulsa,Monterey Bay,2.0,1.0,"Tulsa, Oklahoma",USA,ONEOK Field,,,,USL Championship,,20250717_FC-Tulsa_Monterey-Bay,66.81677773622755,0.31,0.53,3,2,5,5,52.7,47.3,4,6,0,0,0,0
2025-07-18 23:00:00,Detroit City FC,Pittsburgh Riverhounds,0.0,0.0,"Hamtramck, Michigan",USA,Keyworth Stadium,,,,USL Championship,,20250718_Detroit-City-FC_Pittsburgh-Riverhounds,-44.511177296340065,0.05,0.84,0,3,1,6,45.5,54.5,3,0,0,0,1,6
2025-07-18 23:30:00,North Carolina FC,Indy Eleven,4.0,2.0,"Cary, North Carolina",USA,WakeMed Soccer Park,,,,USL Championship,,20250718_North-Carolina-FC_Indy-Eleven,11.325558155168665,1.3,1.01,5,4,12,8,57.5,42.5,2,1,0,0,5,9
2025-07-19 20:00:00,Rhode Island FC,Hartford Athletic,0.0,0.0,"Pawtucket, Rhode Island",USA,Centreville Bank Stadium,,,,USL Championship,,20250719_Rhode-Island-FC_Hartford-Athletic,65.30719903840054,0.46,0.59,1,2,1,5,51.3,48.7,3,1,0,0,3,4
2025-07-19 23:00:00,Loudoun United FC,Oakland Roots,0.0,2.0,"Leesburg, Virginia",USA,Segra Field,,,,USL Championship,,20250719_Loudoun-United-FC_Oakland-Roots,35.32190853917268,0.9,1.38,3,5,8,10,54.5,45.5,1,3,0,0,11,1
2025-07-19 23:30:00,Charleston Battery,Miami FC,3.0,0.0,"Mount Pleasant, South Carolina",USA,Patriots Point,,,,USL Championship,,20250719_Charleston-Battery_Miami-FC,281.76004628162036,2.52,0.91,8,2,17,5,47.6,52.4,3,2,0,0,14,1
2025-07-20 00:00:00,Birmingham Legion FC,Colorado Springs Switchbacks FC,0.0,1.0,"Birmingham, Alabama",USA,Protective Stadium,,,,USL Championship,,20250720_Birmingham-Legion-FC_Colorado-Springs-Switchbacks-FC,-53.78191038241425,1.05,1.13,2,5,5,9,41.8,58.2,2,1,0,0,4,3
2025-07-20 00:00:00,Louisville City FC,FC Tulsa,1.0,1.0,"Louisville, Kentucky",USA,Lynn Family Stadium,,,,USL Championship,,20250720_Louisville-City-FC_FC-Tulsa,161.63200237654382,1.84,1.27,5,5,10,12,55.7,44.3,0,3,0,0,4,6
2025-07-20 02:00:00,Orange County SC,Las Vegas Lights FC,4.0,0.0,"Irvine, California",USA,Championship Soccer Stadium,,,,USL Championship,,20250720_Orange-County-SC_Las-Vegas-Lights-FC,31.77226843123526,1.87,0.58,6,2,14,4,53.2,46.8,0,5,0,0,1,3
2025-07-20 03:00:00,Sacramento Republic FC,Lexington,0.0,0.0,"Sacramento, California",USA,Heart Health Park,,,,USL Championship,,20250720_Sacramento-Republic-FC_Lexington,62.38237988135916,1.2,1.2,2,4,3,10,50.7,49.3,0,1,0,0,8,4
2025-07-29 23:00:00,Pittsburgh Riverhounds,Miami FC,1.0,1.0,"Pittsburgh, Pennsylvania",USA,Highmark Stadium,,,,USL Championship,,20250729_Pittsburgh-Riverhounds_Miami-FC,188.07778952541776,0.99,0.43,2,1,5,0,55.3,44.7,2,2,0,1,6,1
2025-07-31 00:00:00,Hartford Athletic,New Mexico United,4.0,0.0,"Hartford, Connecticut",USA,Trinity Health Stadium,,,,USL Championship,,20250731_Hartford-Athletic_New-Mexico-United,-90.1661247997331,2.06,0.05,7,1,17,2,46.6,53.4,1,1,0,0,7,2
2025-07-31 02:00:00,Orange County SC,Phoenix Rising FC,4.0,1.0,"Irvine, California",USA,Championship Soccer Stadium,,,,USL Championship,,20250731_Orange-County-SC_Phoenix-Rising-FC,-2.278177936636439,1.88,1.21,6,5,13,11,48.8,51.2,6,4,0,0,10,5
2025-08-02 00:30:00,FC Tulsa,Loudoun United FC,3.0,2.0,"Tulsa, Oklahoma",USA,ONEOK Field,,,,USL Championship,,20250802_FC-Tulsa_Loudoun-United-FC,47.7338504794036,1.9,1.59,7,5,18,14,49.5,50.5,1,1,0,0,11,7
2025-08-02 01:00:00,Colorado Springs Switchbacks FC,Lexington,3.0,1.0,"Colorado Springs, Colorado",USA,Weidner Field,,,,USL Championship,,20250802_Colorado-Springs-Switchbacks-FC_Lexington,60.24163896477421,1.56,0.77,6,1,14,2,50.8,49.2,3,3,0,0,6,3
2025-08-02 23:00:00,Indy Eleven,Tampa Bay Rowdies,1.0,3.0,"Indianapolis, Indiana",USA,Michael A. Carroll Stadium,,,,USL Championship,,20250802_Indy-Eleven_Tampa-Bay-Rowdies,29.76747777224159,1.68,0.65,4,3,8,7,50.3,49.7,5,4,0,0,3,5
2025-08-02 23:00:00,Pittsburgh Riverhounds,Rhode Island FC,2.0,0.0,"Pittsburgh, Pennsylvania",USA,Highmark Stadium,,,,USL Championship,,20250802_Pittsburgh-Riverhounds_Rhode-Island-FC,46.3554197046235,0.69,0.79,2,3,6,7,48.1,51.9,1,1,0,0,3,5
2025-08-03 00:00:00,Louisville City FC,North Carolina FC,4.0,1.0,"Louisville, Kentucky",USA,Lynn Family Stadium,,,,USL Championship,,20250803_Louisville-City-FC_North-Carolina-FC,137.34474918520755,1.88,0.45,6,2,13,5,49.6,50.4,1,2,0,0,7,6
2025-08-03 01:00:00,El Paso Locomotive FC,Las Vegas Lights FC,6.0,0.0,"El Paso, Texas",USA,Southwest University Park,,,,USL Championship,,20250803_El-Paso-Locomotive-FC_Las-Vegas-Lights-FC,22.180205025856594,1.88,1.12,6,3,12,6,45.3,54.7,1,2,0,0,8,4
2025-08-03 01:00:00,San Antonio FC,Sacramento Republic FC,1.0,3.0,"San Antonio, Texas",USA,Toyota Field,,,,USL Championship,,20250803_San-Antonio-FC_Sacramento-Republic-FC,-7.256515271755916,1.98,0.05,6,3,11,6,47.7,52.3,2,0,0,0,8,5
2025-08-03 02:30:00,Phoenix Rising FC,Birmingham Legion FC,3.0,3.0,"Phoenix, Arizona",USA,Phoenix Rising Stadium at 38th St/Washington,,,,USL Championship,,20250803_Phoenix-Rising-FC_Birmingham-Legion-FC,31.911214615021436,1.27,1.9,3,5,6,10,51.9,48.1,3,3,0,0,4,7
2025-08-06 23:00:00,Rhode Island FC,Detroit City FC,1.0,0.0,"Pawtucket, Rhode Island",USA,Centreville Bank Stadium,,,,USL Championship,,20250806_Rhode-Island-FC_Detroit-City-FC,-21.23856857747387,0.56,0.67,2,2,5,3,50.2,49.8,1,3,0,0,2,3
2025-08-06 23:30:00,Hartford Athletic,Miami FC,2.0,0.0,"Hartford, Connecticut",USA,Trinity Health Stadium,,,,USL Championship,,20250806_Hartford-Athletic_Miami-FC,84.06430505696653,1.27,1.13,4,3,9,5,53.9,46.1,1,2,1,0,4,4
2025-08-07 02:00:00,Monterey Bay,FC Tulsa,2.0,3.0,"Seaside, California",USA,Cardinale Stadium,,,,USL Championship,,20250807_Monterey-Bay_FC-Tulsa,-101.83083067026496,1.09,0.76,4,3,10,6,57.4,42.6,4,1,0,0,5,3
2025-08-09 22:00:00,Lexington,Phoenix Rising FC,2.0,0.0,"Lexington, Kentucky",USA,Lexington SC Stadium,,,,USL Championship,,20250809_Lexington_Phoenix-Rising-FC,-26.89751905461162,0.32,1.32,2,5,4,11,47.8,52.2,3,2,0,0,2,7
2025-08-09 23:00:00,Detroit City FC,Indy Eleven,1.0,0.0,"Hamtramck, Michigan",USA,Keyworth Stadium,,,,USL Championship,,20250809_Detroit-City-FC_Indy-Eleven,13.277897566967113,1.19,0.61,6,3,14,5,53.4,46.6,0,1,0,0,5,3
2025-08-09 23:00:00,Miami FC,El Paso Locomotive FC,0.0,0.0,"Miami, Florida",USA,Riccardo Silva Stadium,,,,USL Championship,,20250809_Miami-FC_El-Paso-Locomotive-FC,-125.99041980112816,0.53,0.62,0,3,1,7,50.4,49.6,4,4,0,0,0,3
2025-08-09 23:00:00,Pittsburgh Riverhounds,Orange County SC,1.0,1.0,"Pittsburgh, Pennsylvania",USA,Highmark Stadium,,,,USL Championship,,20250809_Pittsburgh-Riverhounds_Orange-County-SC,37.54461264554402,1.43,0.39,4,2,8,6,50.4,49.6,2,0,0,1,3,5
2025-08-09 23:00:00,Rhode Island FC,Loudoun United FC,0.0,0.0,"Pawtucket, Rhode Island",USA,Centreville Bank Stadium,,,,USL Championship,,20250809_Rhode-Island-FC_Loudoun-United-FC,41.89443879285568,0.52,0.7,2,3,4,7,57.7,42.3,3,2,0,0,4,4
2025-08-09 23:30:00,North Carolina FC,Tampa Bay Rowdies,2.0,1.0,"Cary, North Carolina",USA,WakeMed Soccer Park,,,,USL Championship,,20250809_North-Carolina-FC_Tampa-Bay-Rowdies,43.796493402745455,0.63,0.63,3,2,9,3,57.1,42.9,2,0,0,0,2,1
2025-08-10 00:00:00,Birmingham Legion FC,Hartford Athletic,1.0,4.0,"Birmingham, Alabama",USA,Protective Stadium,,,,USL Championship,,20250810_Birmingham-Legion-FC_Hartford-Athletic,3.1781575796244397,0.84,1.85,4,6,9,12,49.0,51.0,4,0,0,0,4,8
2025-08-10 00:00:00,Louisville City FC,Charleston Battery,4.0,1.0,"Louisville, Kentucky",USA,Lynn Family Stadium,,,,USL Championship,,20250810_Louisville-City-FC_Charleston-Battery,23.339766011187976,1.67,0.78,7,2,15,5,48.9,51.1,3,2,0,0,4,8
2025-08-10 00:30:00,FC Tulsa,New Mexico United,5.0,2.0,"Tulsa, Oklahoma",USA,ONEOK Field,,,,USL Championship,,20250810_FC-Tulsa_New-Mexico-United,23.195537689284947,2.01,1.28,6,4,14,9,50.9,49.1,1,0,0,0,4,6
2025-08-10 02:00:00,Oakland Roots,Colorado Springs Switchbacks FC,1.0,2.0,"Oakland, California",USA,Oakland-Alameda County Coliseum,,,,USL Championship,,20250810_Oakland-Roots_Colorado-Springs-Switchbacks-FC,-87.56375910519182,0.25,1.43,3,3,8,7,44.9,55.1,1,2,0,0,4,7
2025-08-10 02:30:00,Las Vegas Lights FC,San Antonio FC,1.0,1.0,"Las Vegas, Nevada",USA,Cashman Field,,,,USL Championship,,20250810_Las-Vegas-Lights-FC_San-Antonio-FC,-76.07435272092994,0.31,0.84,2,2,6,6,51.7,48.3,4,2,0,0,5,1
2025-08-10 03:00:00,Sacramento Republic FC,Monterey Bay,1.0,0.0,"Sacramento, California",USA,Heart Health Park,,,,USL Championship,,20250810_Sacramento-Republic-FC_Monterey-Bay,130.6757488429505,1.56,0.96,4,4,8,8,51.9,48.1,0,2,0,0,7,7
2025-08-15 23:30:00,North Carolina FC,Detroit City FC,1.0,1.0,"Cary, North Carolina",USA,WakeMed Soccer Park,,,,USL Championship,,20250815_North-Carolina-FC_Detroit-City-FC,25.756029426110445,0.66,0.3,4,1,9,2,50.0,50.0,4,0,0,0,5,1
2025-08-16 23:00:00,Hartford Athletic,FC Tulsa,1.0,1.0,"Hartford, Connecticut",USA,Trinity Health Stadium,,,,USL Championship,,20250816_Hartford-Athletic_FC-Tulsa,-73.20776021468032,0.17,0.78,1,3,4,7,47.0,53.0,1,2,0,0,6,2
2025-08-16 23:00:00,Loudoun United FC,Indy Eleven,3.0,2.0,"Leesburg, Virginia",USA,Segra Field,,,,USL Championship,,20250816_Loudoun-United-FC_Indy-Eleven,-11.40819520649984,1.23,1.37,3,4,7,10,50.4,49.6,1,1,0,0,7,4
2025-08-16 23:00:00,Pittsburgh Riverhounds,Charleston Battery,1.0,2.0,"Pittsburgh, Pennsylvania",USA,Highmark Stadium,,,,USL Championship,,20250816_Pittsburgh-Riverhounds_Charleston-Battery,-87.21545368235797,0.97,1.4,3,4,7,9,46.4,53.6,0,4,0,0,5,2
2025-08-16 23:30:00,Miami FC,Louisville City FC,2.0,4.0,"Miami, Florida",USA,Riccardo Silva Stadium,,,,USL Championship,,20250816_Miami-FC_Louisville-City-FC,-323.2654935684409,1.37,1.95,3,5,6,12,37.9,62.1,1,1,0,1,3,5
2025-08-17 01:00:00,El Paso Locomotive FC,Monterey Bay,2.0,2.0,"El Paso, Texas",USA,Southwest University Park,,,,USL Championship,,20250817_El-Paso-Locomotive-FC_Monterey-Bay,72.01391523295479,1.19,1.37,4,2,7,2,51.1,48.9,1,3,1,1,4,4
2025-08-17 01:00:00,New Mexico United,Las Vegas Lights FC,2.0,2.0,"Albuquerque, New Mexico",USA,Rio Grande Credit Union Field at Isotopes Park,,,,USL Championship,,20250817_New-Mexico-United_Las-Vegas-Lights-FC,58.16337356934264,1.39,1.35,5,4,9,8,48.8,51.2,3,1,0,0,6,10
2025-08-17 01:00:00,San Antonio FC,Lexington,0.0,1.0,"San Antonio, Texas",USA,Toyota Field,,,,USL Championship,,20250817_San-Antonio-FC_Lexington,33.53941592526621,0.05,0.36,1,1,3,2,53.6,46.4,1,0,0,0,2,3
2025-08-17 01:30:00,Colorado Springs Switchbacks FC,Orange County SC,0.0,1.0,"Colorado Springs, Colorado",USA,Weidner Field,,,,USL Championship,,20250817_Colorado-Springs-Switchbacks-FC_Orange-County-SC,37.99208712859263,0.3,0.62,1,1,2,1,54.8,45.2,1,1,0,1,2,3
2025-08-17 01:35:00,Tampa Bay Rowdies,Phoenix Rising FC,1.0,1.0,"St. Petersburg, Florida",USA,Al Lang Stadium,,,,USL Championship,,20250817_Tampa-Bay-Rowdies_Phoenix-Rising-FC,-12.705607565296532,0.54,2.07,4,5,12,11,48.9,51.1,2,1,0,0,7,6
2025-08-17 03:00:00,Sacramento Republic FC,Oakland Roots,3.0,3.0,"Sacramento, California",USA,Heart Health Park,,,,USL Championship,,20250817_Sacramento-Republic-FC_Oakland-Roots,103.97662699609032,1.76,0.54,5,3,11,5,43.4,56.6,3,2,0,0,8,4
2025-08-23 23:00:00,Detroit City FC,Tampa Bay Rowdies,2.0,0.0,"Hamtramck, Michigan",USA,Keyworth Stadium,,,,USL Championship,,20250823_Detroit-City-FC_Tampa-Bay-Rowdies,39.48034783584467,1.18,0.23,3,0,7,0,47.3,52.7,1,1,0,0,4,0
2025-08-23 23:00:00,Hartford Athletic,Rhode Island FC,3.0,0.0,"Hartford, Connecticut",USA,Trinity Health Stadium,,,,USL Championship,,20250823_Hartford-Athletic_Rhode-Island-FC,-22.933049269363437,1.1,1.54,5,5,13,14,51.0,49.0,3,2,0,0,5,6
2025-08-23 23:00:00,Indy Eleven,Miami FC,3.0,2.0,"Indianapolis, Indiana",USA,Michael A. Carroll Stadium,,,,USL Championship,,20250823_Indy-Eleven_Miami-FC,98.96263769222082,2.08,0.86,6,3,12,6,55.7,44.3,2,3,0,0,11,0
2025-08-23 23:00:00,Lexington,Oakland Roots,2.0,1.0,"Lexington, Kentucky",USA,Lexington SC Stadium,,,,USL Championship,,20250823_Lexington_Oakland-Roots,39.07462274864065,1.38,1.5,5,4,9,11,56.6,43.4,4,1,0,0,5,5
2025-08-24 00:00:00,Birmingham Legion FC,Pittsburgh Riverhounds,1.0,1.0,"Birmingham, Alabama",USA,Protective Stadium,,,,USL Championship,,20250824_Birmingham-Legion-FC_Pittsburgh-Riverhounds,-92.00457569747778,1.07,1.46,1,4,2,7,50.0,50.0,1,3,0,0,4,2
2025-08-24 00:00:00,Louisville City FC,New Mexico United,0.0,0.0,"Louisville, Kentucky",USA,Lynn Family Stadium,,,,USL Championship,,20250824_Louisville-City-FC_New-Mexico-United,190.56663744601224,0.97,2.2,4,6,11,13,56.0,44.0,1,3,0,0,8,4
2025-08-24 00:30:00,FC Tulsa,Orange County SC,1.0,0.0,"Tulsa, Oklahoma",USA,ONEOK Field,,,,USL Championship,,20250824_FC-Tulsa_Orange-County-SC,12.357594562780605,1.86,0.58,4,1,8,2,53.0,47.0,0,0,0,1,3,3
2025-08-24 01:00:00,El Paso Locomotive FC,Sacramento Republic FC,1.0,0.0,"El Paso, Texas",USA,Southwest University Park,,,,USL Championship,,20250824_El-Paso-Locomotive-FC_Sacramento-Republic-FC,-73.0024761177126,1.21,1.25,5,5,11,11,44.0,56.0,2,1,0,0,6,2
2025-08-24 02:00:00,Monterey Bay,San Antonio FC,0.0,0.0,"Seaside, California",USA,Cardinale Stadium,,,,USL Championship,,20250824_Monterey-Bay_San-Antonio-FC,-89.41508215052067,0.7,0.92,3,4,8,9,50.2,49.8,1,1,0,0,2,5
2025-08-24 02:30:00,Las Vegas Lights FC,North Carolina FC,1.0,2.0,"Las Vegas, Nevada",USA,Cashman Field,,,,USL Championship,,20250824_Las-Vegas-Lights-FC_North-Carolina-FC,-87.60868098809078,0.05,0.79,2,3,4,4,53.3,46.7,3,1,0,0,3,4
2025-08-24 02:30:00,Phoenix Rising FC,Colorado Springs Switchbacks FC,4.0,1.0,"Phoenix, Arizona",USA,Phoenix Rising Stadium at 38th St/Washington,,,,USL Championship,,20250824_Phoenix-Rising-FC_Colorado-Springs-Switchbacks-FC,-62.32088575495959,0.89,0.47,5,3,11,8,47.9,52.1,2,2,0,1,12,7
2025-08-24 21:00:00,Charleston Battery,Loudoun United FC,4.0,1.0,"Mount Pleasant, South Carolina",USA,Patriots Point,,,,USL Championship,,20250824_Charleston-Battery_Loudoun-United-FC,177.47320575044023,1.74,0.88,6,4,12,7,60.8,39.2,3,3,0,0,4,6
2025-08-30 23:00:00,Detroit City FC,San Antonio FC,1.0,1.0,"Hamtramck, Michigan",USA,Keyworth Stadium,,,,USL Championship,,20250830_Detroit-City-FC_San-Antonio-FC,21.536098630863762,1.53,0.3,4,1,8,1,53.5,46.5,1,2,0,0,0,0
2025-08-30 23:00:00,Indy Eleven,Louisville City FC,1.0,3.0,"Indianapolis, Indiana",USA,Michael A. Carroll Stadium,,,,USL Championship,,20250830_Indy-Eleven_Louisville-City-FC,-216.09957937050262,1.11,0.98,4,4,9,8,45.5,54.5,1,0,0,0,5,6
2025-08-30 23:00:00,Loudoun United FC,Miami FC,3.0,1.0,"Leesburg, Virginia",USA,Segra Field,,,,USL Championship,,20250830_Loudoun-United-FC_Miami-FC,114.66059777143255,1.36,0.52,5,2,11,2,57.2,42.8,2,1,0,0,3,3
2025-08-30 23:00:00,Rhode Island FC,Charleston Battery,1.0,0.0,"Pawtucket, Rhode Island",USA,Centreville Bank Stadium,,,,USL Championship,,20250830_Rhode-Island-FC_Charleston-Battery,-169.9966989513075,1.76,1.59,5,4,10,8,47.9,52.1,2,2,0,0,9,1
2025-08-30 23:30:00,North Carolina FC,Hartford Athletic,2.0,3.0,"Cary, North Carolina",USA,WakeMed Soccer Park,,,,USL Championship,,20250830_North-Carolina-FC_Hartford-Athletic,52.80175345394764,1.05,0.84,4,3,9,4,57.6,42.4,2,3,0,0,3,7
2025-08-30 23:30:00,Tampa Bay Rowdies,Pittsburgh Riverhounds,2.0,1.0,"St. Petersburg, Florida",USA,Al Lang Stadium,,,,USL Championship,,20250830_Tampa-Bay-Rowdies_Pittsburgh-Riverhounds,-82.91265164094102,0.3,1.22,2,3,4,7,44.6,55.4,2,5,0,0,1,5
2025-08-31 01:00:00,Colorado Springs Switchbacks FC,FC Tulsa,2.0,0.0,"Colorado Springs, Colorado",USA,Weidner Field,,,,USL Championship,,20250831_Colorado-Springs-Switchbacks-FC_FC-Tulsa,-26.682555969539862,0.99,0.47,3,2,6,5,44.5,55.5,1,2,0,0,5,3
2025-08-31 01:00:00,New Mexico United,Sacramento Republic FC,0.0,2.0,"Albuquerque, New Mexico",USA,Rio Grande Credit Union Field at Isotopes Park,,,,USL Championship,,20250831_New-Mexico-United_Sacramento-Republic-FC,-31.79300861787374,0.43,2.39,1,8,2,17,43.3,56.7,0,1,0,0,2,7
2025-08-31 02:00:00,Oakland Roots,Monterey Bay,1.0,0.0,"Oakland, California",USA,Oakland-Alameda County Coliseum,,,,USL Championship,,20250831_Oakland-Roots_Monterey-Bay,29.432757684171747,1.63,1.15,6,3,14,5,54.1,45.9,4,6,0,1,7,5
2025-08-31 02:00:00,Orange County SC,Birmingham Legion FC,4.0,4.0,"Irvine, California",USA,Championship Soccer Stadium,,,,USL Championship,,20250831_Orange-County-SC_Birmingham-Legion-FC,64.72096612275777,3.06,1.97,10,5,20,12,43.2,56.8,2,1,0,0,11,7
2025-08-31 02:30:00,Las Vegas Lights FC,Lexington,1.0,0.0,"Las Vegas, Nevada",USA,Cashman Field,,,,USL Championship,,20250831_Las-Vegas-Lights-FC_Lexington,-68.21951774728245,0.83,0.05,2,2,6,5,49.3,50.7,0,3,0,0,3,3
2025-08-31 02:30:00,Phoenix Rising FC,El Paso Locomotive FC,3.0,3.0,"Phoenix, Arizona",USA,Phoenix Rising Stadium at 38th St/Washington,,,,USL Championship,,20250831_Phoenix-Rising-FC_El-Paso-Locomotive-FC,2.170394188491855,0.88,2.16,3,8,7,18,45.2,54.8,0,2,0,1,2,7
2025-09-03 23:30:00,Hartford Athletic,Indy Eleven,0.0,2.0,"Hartford, Connecticut",USA,Trinity Health Stadium,,,,USL Championship,,20250903_Hartford-Athletic_Indy-Eleven,40.3661998884329,1.14,0.48,4,2,8,3,55.2,44.8,2,2,0,1,3,1
2025-09-05 22:00:00,Lexington,North Carolina FC,2.0,1.0,"Lexington, Kentucky",USA,Lexington SC Stadium,,,,USL Championship,,20250905_Lexington_North-Carolina-FC,-37.97905666454153,2.01,1.04,7,2,15,6,41.7,58.3,0,1,0,0,10,3
2025-09-06 02:30:00,Phoenix Rising FC,Las Vegas Lights FC,0.0,0.0,"Phoenix, Arizona",USA,Phoenix Rising Stadium at 38th St/Washington,,,,USL Championship,,20250906_Phoenix-Rising-FC_Las-Vegas-Lights-FC,44.741522505097464,0.5,1.53,2,6,3,13,47.3,52.7,2,1,0,0,6,13
2025-09-06 23:00:00,Detroit City FC,Orange County SC,4.0,1.0,"Hamtramck, Michigan",USA,Keyworth Stadium,,,,USL Championship,,20250906_Detroit-City-FC_Orange-County-SC,0.3918338668904653,0.76,1.1,4,3,7,8,52.3,47.7,2,3,0,0,7,4
2025-09-06 23:30:00,Charleston Battery,Indy Eleven,2.0,1.0,"Mount Pleasant, South Carolina",USA,Patriots Point,,,,USL Championship,,20250906_Charleston-Battery_Indy-Eleven,163.07249905972844,0.05,1.23,2,4,4,8,51.2,48.8,3,3,0,0,6,5
2025-09-06 23:30:00,Miami FC,Hartford Athletic,0.0,1.0,"Miami, Florida",USA,Riccardo Silva Stadium,,,,USL Championship,,20250906_Miami-FC_Hartford-Athletic,-146.09148583586307,0.52,1.07,1,4,0,10,45.4,54.6,1,1,1,0,3,7
2025-09-06 23:30:00,Tampa Bay Rowdies,Sacramento Republic FC,0.0,2.0,"St. Petersburg, Florida",USA,Al Lang Stadium,,,,USL Championship,,20250906_Tampa-Bay-Rowdies_Sacramento-Republic-FC,-74.5568460745319,0.76,0.91,3,2,7,5,46.3,53.7,2,5,0,1,4,0
2025-09-06 23:56:00,Rhode Island FC,Louisville City FC,0.0,1.0,"Pawtucket, Rhode Island",USA,Centreville Bank Stadium,,,,USL Championship,,20250906_Rhode-Island-FC_Louisville-City-FC,-185.48795803163875,1.6,1.42,4,3,9,6,43.7,56.3,3,1,0,0,2,2
2025-09-07 00:30:00,FC Tulsa,Birmingham Legion FC,1.0,1.0,"Tulsa, Oklahoma",USA,ONEOK Field,,,,USL Championship,,20250907_FC-Tulsa_Birmingham-Legion-FC,85.09563255740932,1.04,1.36,2,5,5,11,53.6,46.4,0,2,0,0,2,2
2025-09-07 00:30:00,San Antonio FC,New Mexico United,0.0,1.0,"San Antonio, Texas",USA,Toyota Field,,,,USL Championship,,20250907_San-Antonio-FC_New-Mexico-United,4.207140177501742,0.05,1.66,0,5,0,11,45.4,54.6,0,3,0,0,0,8
2025-09-07 01:00:00,Colorado Springs Switchbacks FC,Monterey Bay,2.0,1.0,"Colorado Springs, Colorado",USA,Weidner Field,,,,USL Championship,,20250907_Colorado-Springs-Switchbacks-FC_Monterey-Bay,138.71001301705246,0.89,0.18,3,1,7,4,53.2,46.8,0,1,0,0,3,6
2025-09-07 01:00:00,El Paso Locomotive FC,Loudoun United FC,1.0,2.0,"El Paso, Texas",USA,Southwest University Park,,,,USL Championship,,20250907_El-Paso-Locomotive-FC_Loudoun-United-FC,18.82120667710865,0.99,1.56,3,5,7,9,47.5,52.5,3,2,0,0,6,5
2025-09-07 20:00:00,Oakland Roots,Pittsburgh Riverhounds,0.0,2.0,"Oakland, California",USA,Oakland-Alameda County Coliseum,,,,USL Championship,,20250907_Oakland-Roots_Pittsburgh-Riverhounds,-71.8261221496075,1.03,1.14,2,4,6,8,49.8,50.2,0,3,0,0,3,2
2025-09-11 01:00:00,New Mexico United,Detroit City FC,4.0,0.0,"Albuquerque, New Mexico",USA,Rio Grande Credit Union Field at Isotopes Park,,,,USL Championship,,20250911_New-Mexico-United_Detroit-City-FC,-24.09864438714817,0.2,0.34,4,4,10,9,45.0,55.0,0,0,0,0,2,4
2025-09-12 22:00:00,Lexington,Orange County SC,1.0,1.0,"Lexington, Kentucky",USA,Lexington SC Stadium,,,,USL Championship,,20250912_Lexington_Orange-County-SC,-2.9865952329746506,1.03,1.21,4,3,10,7,51.4,48.6,0,2,0,0,7,5
2025-09-12 23:00:00,North Carolina FC,El Paso Locomotive FC,1.0,0.0,"Cary, North Carolina",USA,WakeMed Soccer Park,,,,USL Championship,,20250912_North-Carolina-FC_El-Paso-Locomotive-FC,34.16760269952488,1.69,1.06,4,2,9,7,54.1,45.9,1,2,0,0,4,3
2025-09-13 21:00:00,Loudoun United FC,San Antonio FC,2.0,5.0,"Leesburg, Virginia",USA,Segra Field,,,,USL Championship,,20250913_Loudoun-United-FC_San-Antonio-FC,0.5067462726415215,1.51,2.08,5,5,11,12,53.1,46.9,5,4,0,0,4,3
2025-09-13 23:00:00,Pittsburgh Riverhounds,Louisville City FC,0.0,2.0,"Pittsburgh, Pennsylvania",USA,Highmark Stadium,,,,USL Championship,,20250913_Pittsburgh-Riverhounds_Louisville-City-FC,-159.10443543109113,1.06,1.6,3,6,6,14,50.5,49.5,1,3,0,0,3,3
2025-09-13 23:00:00,Rhode Island FC,Indy Eleven,1.0,0.0,"Pawtucket, Rhode Island",USA,Centreville Bank Stadium,,,,USL Championship,,20250913_Rhode-Island-FC_Indy-Eleven,28.571345698511095,0.25,0.78,1,3,0,6,52.4,47.6,1,0,0,0,1,5
2025-09-13 23:30:00,Charleston Battery,Oakland Roots,3.0,3.0,"Mount Pleasant, South Carolina",USA,Patriots Point,,,,USL Championship,,20250913_Charleston-Battery_Oakland-Roots,200.26744170752704,1.68,2.31,4,6,9,12,52.2,47.8,2,1,0,0,6,5
2025-09-13 23:30:00,Tampa Bay Rowdies,Colorado Springs Switchbacks FC,3.0,3.0,"St. Petersburg, Florida",USA,Al Lang Stadium,,,,USL Championship,,20250913_Tampa-Bay-Rowdies_Colorado-Springs-Switchbacks-FC,-85.683112686409,1.61,2.02,5,6,13,10,46.3,53.7,1,1,0,0,5,7
2025-09-14 01:00:00,New Mexico United,FC Tulsa,0.0,1.0,"Albuquerque, New Mexico",USA,Rio Grande Credit Union Field at Isotopes Park,,,,USL Championship,,20250914_New-Mexico-United_FC-Tulsa,-20.802060113629977,0.79,1.24,2,2,3,4,49.2,50.8,5,0,1,0,2,4
2025-09-14 02:00:00,Monterey Bay,Hartford Athletic,0.0,4.0,"Seaside, California",USA,Cardinale Stadium,,,,USL Championship,,20250914_Monterey-Bay_Hartford-Athletic,-100.5682699887775,1.18,1.44,4,4,8,10,48.9,51.1,1,1,0,0,3,3
2025-09-14 02:00:00,Sacramento Republic FC,Phoenix Rising FC,2.0,2.0,"Sacramento, California",USA,Heart Health Park,,,,USL Championship,,20250914_Sacramento-Republic-FC_Phoenix-Rising-FC,63.84264193806098,1.74,1.67,5,5,11,7,57.0,43.0,1,1,0,0,7,7
2025-09-14 02:30:00,Las Vegas Lights FC,Miami FC,0.0,0.0,"Las Vegas, Nevada",USA,Cashman Field,,,,USL Championship,,20250914_Las-Vegas-Lights-FC_Miami-FC,115.88459174131685,0.14,1.02,1,4,4,10,50.3,49.7,1,0,0,0,1,4
2025-09-17 16:30:00,Birmingham Legion FC,Tampa Bay Rowdies,1.0,4.0,"Birmingham, Alabama",USA,Protective Stadium,,,,USL Championship,,20250917_Birmingham-Legion-FC_Tampa-Bay-Rowdies,-6.037050513288705,0.66,1.07,2,4,5,10,49.0,51.0,0,0,0,0,2,8
2025-09-19 23:00:00,Miami FC,Rhode Island FC,0.0,1.0,"Miami, Florida",USA,FIU Soccer Stadium,,,,USL Championship,,20250919_Miami-FC_Rhode-Island-FC,-168.71166519719145,0.58,1.08,1,2,2,4,38.1,61.9,0,4,0,0,3,6
2025-09-20 23:00:00,Detroit City FC,Lexington,0.0,1.0,"Hamtramck, Michigan",USA,Keyworth Stadium,,,,USL Championship,,20250920_Detroit-City-FC_Lexington,14.417205924996551,0.89,0.8,4,1,12,3,50.3,49.7,2,1,0,0,8,2
2025-09-20 23:00:00,Hartford Athletic,Pittsburgh Riverhounds,1.0,2.0,"Hartford, Connecticut",USA,Trinity Health Stadium,,,,USL Championship,,20250920_Hartford-Athletic_Pittsburgh-Riverhounds,-24.18517895780701,1.15,1.29,3,5,7,10,48.9,51.1,4,0,0,0,5,8
2025-09-20 23:30:00,Louisville City FC,Las Vegas Lights FC,3.0,1.0,"Louisville, Kentucky",USA,Lynn Family Stadium,,,,USL Championship,,20250920_Louisville-City-FC_Las-Vegas-Lights-FC,254.1594599535856,1.08,0.87,5,3,10,4,57.8,42.2,0,2,0,0,3,2
2025-09-20 23:30:00,Tampa Bay Rowdies,North Carolina FC,2.0,2.0,"St. Petersburg, Florida",USA,Al Lang Stadium,,,,USL Championship,,20250920_Tampa-Bay-Rowdies_North-Carolina-FC,-46.807518048348356,0.47,1.47,2,5,3,11,43.1,56.9,3,1,0,1,4,4
2025-09-21 00:00:00,Colorado Springs Switchbacks FC,Sacramento Republic FC,0.0,2.0,"Colorado Springs, Colorado",USA,Weidner Field,,,,USL Championship,,20250921_Colorado-Springs-Switchbacks-FC_Sacramento-Republic-FC,-8.52141349204885,0.25,1.14,1,3,3,5,50.2,49.8,0,3,0,0,1,3
2025-09-21 00:30:00,San Antonio FC,Orange County SC,3.0,1.0,"San Antonio, Texas",USA,Toyota Field,,,,USL Championship,,20250921_San-Antonio-FC_Orange-County-SC,-7.696688811852937,1.15,0.63,3,3,8,8,52.7,47.3,1,2,0,1,5,7
2025-09-21 01:00:00,El Paso Locomotive FC,Charleston Battery,0.0,2.0,"El Paso, Texas",USA,Southwest University Park,,,,USL Championship,,20250921_El-Paso-Locomotive-FC_Charleston-Battery,-169.7170764604448,0.9,1.24,4,4,9,7,43.1,56.9,3,2,0,0,9,7
2025-09-21 02:00:00,Monterey Bay,New Mexico United,1.0,1.0,"Seaside, California",USA,Cardinale Stadium,,,,USL Championship,,20250921_Monterey-Bay_New-Mexico-United,-120.65565770846388,1.14,1.57,3,6,6,12,46.4,53.6,1,2,0,0,7,7
2025-09-21 02:00:00,Oakland Roots,FC Tulsa,1.0,1.0,"Oakland, California",USA,Oakland-Alameda County Coliseum,,,,USL Championship,,20250921_Oakland-Roots_FC-Tulsa,-99.86252155782245,0.36,0.12,2,1,5,4,55.9,44.1,1,2,0,0,7,0
2025-09-21 02:00:00,Phoenix Rising FC,Loudoun United FC,2.0,2.0,"Phoenix, Arizona",USA,Phoenix Rising Stadium at 38th St/Washington,,,,USL Championship,,20250921_Phoenix-Rising-FC_Loudoun-United-FC,20.853481088411172,1.77,1.43,5,5,12,10,46.3,53.7,2,0,0,0,5,6
2025-09-21 21:00:00,Indy Eleven,Birmingham Legion FC,2.0,1.0,"Indianapolis, Indiana",USA,Michael A. Carroll Stadium,,,,USL Championship,,20250921_Indy-Eleven_Birmingham-Legion-FC,8.986841073023925,1.36,1.03,4,2,9,6,44.9,55.1,3,1,0,0,9,6
2025-09-25 01:00:00,Colorado Springs Switchbacks FC,New Mexico United,1.0,2.0,"Colorado Springs, Colorado",USA,Weidner Field,,,,USL Championship,,20250925_Colorado-Springs-Switchbacks-FC_New-Mexico-United,30.97248356309251,1.41,1.28,7,4,17,10,53.7,46.3,1,0,0,0,10,6
2025-09-26 23:00:00,North Carolina FC,Miami FC,1.0,0.0,"Cary, North Carolina",USA,WakeMed Soccer Park,,,,USL Championship,,20250926_North-Carolina-FC_Miami-FC,190.53477931298812,2.64,0.05,9,1,20,3,61.9,38.1,0,5,0,1,10,1
2025-09-27 01:00:00,El Paso Locomotive FC,Rhode Island FC,2.0,2.0,"El Paso, Texas",USA,Southwest University Park,,,,USL Championship,,20250927_El-Paso-Locomotive-FC_Rhode-Island-FC,-52.13168603419331,1.26,1.38,4,3,9,5,52.1,47.9,3,2,0,0,3,3
2025-09-27 23:00:00,Detroit City FC,Louisville City FC,0.0,1.0,"Hamtramck, Michigan",USA,Keyworth Stadium,,,,USL Championship,,20250927_Detroit-City-FC_Louisville-City-FC,-201.45192078607556,0.4,0.77,0,2,0,2,40.4,59.6,0,1,0,1,1,2
2025-09-27 23:00:00,Indy Eleven,FC Tulsa,2.0,1.0,"Indianapolis, Indiana",USA,Michael A. Carroll Stadium,,,,USL Championship,,20250927_Indy-Eleven_FC-Tulsa,-78.37241047985549,1.98,1.84,6,5,13,10,49.7,50.3,3,2,0,0,13,5
2025-09-28 00:00:00,Colorado Springs Switchbacks FC,Hartford Athletic,0.0,2.0,"Colorado Springs, Colorado",USA,Weidner Field,,,,USL Championship,,20250928_Colorado-Springs-Switchbacks-FC_Hartford-Athletic,27.91076331507952,1.08,1.76,5,5,11,10,56.3,43.7,1,2,0,0,10,4
2025-09-28 00:30:00,San Antonio FC,Birmingham Legion FC,0.0,0.0,"San Antonio, Texas",USA,Toyota Field,,,,USL Championship,,20250928_San-Antonio-FC_Birmingham-Legion-FC,73.3801681477812,0.79,0.78,2,0,4,1,56.3,43.7,1,4,1,0,4,3
2025-09-28 02:00:00,Monterey Bay,Sacramento Republic FC,1.0,0.0,"Seaside, California",USA,Cardinale Stadium,,,,USL Championship,,20250928_Monterey-Bay_Sacramento-Republic-FC,-175.54607663390402,0.44,0.05,3,0,7,1,37.9,62.1,0,6,0,1,4,2
2025-09-28 02:00:00,Orange County SC,Charleston Battery,2.0,2.0,"Irvine, California",USA,Championship Soccer Stadium,,,,USL Championship,,20250928_Orange-County-SC_Charleston-Battery,-152.03793568047558,1.39,1.19,3,4,6,8,43.5,56.5,1,1,0,0,6,3
2025-09-28 02:00:00,Phoenix Rising FC,Oakland Roots,3.0,3.0,"Phoenix, Arizona",USA,Phoenix Rising Stadium at 38th St/Washington,,,,USL Championship,,20250928_Phoenix-Rising-FC_Oakland-Roots,40.12976295846806,1.82,0.65,5,3,13,8,58.6,41.4,2,0,0,0,8,4
2025-09-28 21:00:00,Loudoun United FC,Tampa Bay Rowdies,2.0,2.0,"Leesburg, Virginia",USA,Segra Field,,,,USL Championship,,20250928_Loudoun-United-FC_Tampa-Bay-Rowdies,-4.611197424247166,1.49,0.78,5,3,12,9,45.1,54.9,0,1,0,0,5,8
2025-09-28 22:00:00,Pittsburgh Riverhounds,Las Vegas Lights FC,1.0,0.0,"Pittsburgh, Pennsylvania",USA,Highmark Stadium,,,,USL Championship,,20250928_Pittsburgh-Riverhounds_Las-Vegas-Lights-FC,97.01471890651283,1.6,0.05,7,0,15,0,54.4,45.6,3,1,0,0,7,4
2025-09-28 23:47:00,New Mexico United,Lexington,2.0,1.0,"Albuquerque, New Mexico",USA,Rio Grande Credit Union Field at Isotopes Park,,,,USL Championship,,20250928_New-Mexico-United_Lexington,1.2599738348205847,1.17,0.45,4,1,7,3,50.3,49.7,3,1,1,0,6,5
2025-10-01 18:00:00,El Paso Locomotive FC,Oakland Roots,3.0,1.0,"El Paso, Texas",USA,Southwest University Park,,,,USL Championship,,20251001_El-Paso-Locomotive-FC_Oakland-Roots,8.55527455649235,0.64,1.02,3,3,9,8,49.8,50.2,1,1,0,0,4,8
2025-10-02 00:00:00,Birmingham Legion FC,North Carolina FC,1.0,1.0,"Birmingham, Alabama",USA,Protective Stadium,,,,USL Championship,,20251002_Birmingham-Legion-FC_North-Carolina-FC,-90.02099073933755,0.63,1.34,1,5,2,9,38.9,61.1,3,1,1,0,1,17
2025-10-02 02:15:00,Sacramento Republic FC,Orange County SC,2.0,1.0,"Sacramento, California",USA,Heart Health Park,,,,USL Championship,,20251002_Sacramento-Republic-FC_Orange-County-SC,50.5468003339538,0.92,1.53,2,4,6,8,50.1,49.9,1,5,0,0,6,8
2025-10-04 20:00:00,Detroit City FC,North Carolina FC,2.0,0.0,"Hamtramck, Michigan",USA,Keyworth Stadium,,,,USL Championship,,20251004_Detroit-City-FC_North-Carolina-FC,-27.25619840816762,0.52,1.55,2,4,3,10,45.8,54.2,3,1,0,0,7,6
2025-10-04 21:00:00,Loudoun United FC,Birmingham Legion FC,0.0,1.0,"Leesburg, Virginia",USA,Segra Field,,,,USL Championship,,20251004_Loudoun-United-FC_Birmingham-Legion-FC,32.92587203205244,1.45,2.72,2,8,3,16,48.0,52.0,2,2,0,0,0,5
2025-10-04 23:00:00,Miami FC,Pittsburgh Riverhounds,3.0,1.0,"Miami, Florida",USA,Riccardo Silva Stadium,,,,USL Championship,,20251004_Miami-FC_Pittsburgh-Riverhounds,-221.99979584016387,0.63,1.51,3,4,5,7,46.3,53.7,3,2,0,0,3,5
2025-10-04 23:30:00,Louisville City FC,Indy Eleven,2.0,0.0,"Louisville, Kentucky",USA,Lynn Family Stadium,,,,USL Championship,,20251004_Louisville-City-FC_Indy-Eleven,228.10369029607546,2.93,0.66,9,2,18,5,48.9,51.1,3,2,0,0,4,3
2025-10-04 23:30:00,Tampa Bay Rowdies,Monterey Bay,4.0,0.0,"St. Petersburg, Florida",USA,Al Lang Stadium,,,,USL Championship,,20251004_Tampa-Bay-Rowdies_Monterey-Bay,71.081717482042,2.65,0.05,7,0,15,0,52.4,47.6,5,4,0,0,6,2
2025-10-05 00:00:00,Colorado Springs Switchbacks FC,San Antonio FC,1.0,0.0,"Colorado Springs, Colorado",USA,Weidner Field,,,,USL Championship,,20251005_Colorado-Springs-Switchbacks-FC_San-Antonio-FC,0.7823761939685028,0.83,1.77,1,4,3,6,51.6,48.4,2,3,0,0,4,7
2025-10-05 00:00:00,FC Tulsa,Lexington,3.0,0.0,"Tulsa, Oklahoma",USA,ONEOK Field,,,,USL Championship,,20251005_FC-Tulsa_Lexington,29.504752857445283,1.73,1.28,5,4,11,8,51.8,48.2,1,4,0,0,2,6
2025-10-05 02:00:00,Orange County SC,El Paso Locomotive FC,0.0,0.0,"Irvine, California",USA,Championship Soccer Stadium,,,,USL Championship,,20251005_Orange-County-SC_El-Paso-Locomotive-FC,11.988532511565836,1.4,1.55,5,5,12,13,48.0,52.0,0,1,0,0,7,10
2025-10-05 02:00:00,Phoenix Rising FC,New Mexico United,0.0,1.0,"Phoenix, Arizona",USA,Phoenix Rising Stadium at 38th St/Washington,,,,USL Championship,,20251005_Phoenix-Rising-FC_New-Mexico-United,-35.40458774230342,0.88,1.79,2,6,4,13,42.8,57.2,2,1,0,0,3,11
2025-10-05 21:00:00,Rhode Island FC,Las Vegas Lights FC,3.0,0.0,"Pawtucket, Rhode Island",USA,Centreville Bank Stadium,,,,USL Championship,,20251005_Rhode-Island-FC_Las-Vegas-Lights-FC,78.59786796094545,1.94,0.55,6,4,14,7,55.9,44.1,1,3,0,0,11,5
2025-10-08 02:00:00,Oakland Roots,Hartford Athletic,1.0,3.0,"Oakland, California",USA,Oakland-Alameda County Coliseum,,,,USL Championship,,20251008_Oakland-Roots_Hartford-Athletic,-62.412437169612076,0.9,1.45,2,6,5,14,45.0,55.0,2,1,0,0,5,10
2025-10-10 23:00:00,North Carolina FC,Phoenix Rising FC,0.0,2.0,"Cary, North Carolina",USA,WakeMed Soccer Park,,,,USL Championship,,20251010_North-Carolina-FC_Phoenix-Rising-FC,30.978577470169284,1.0,1.95,3,7,7,15,52.0,48.0,4,0,0,0,2,10
2025-10-11 20:00:00,Detroit City FC,Loudoun United FC,0.0,1.0,"Hamtramck, Michigan",USA,Keyworth Stadium,,,,USL Championship,,20251011_Detroit-City-FC_Loudoun-United-FC,49.829303826968726,0.92,0.05,4,1,11,3,47.2,52.8,4,2,0,0,9,2
2025-10-11 23:00:00,Hartford Athletic,Sacramento Republic FC,3.0,2.0,"Hartford, Connecticut",USA,Trinity Health Stadium,,,,USL Championship,,20251011_Hartford-Athletic_Sacramento-Republic-FC,-42.75284823408356,1.38,0.58,4,2,10,5,50.2,49.8,0,2,0,0,4,3
2025-10-11 23:00:00,Lexington,El Paso Locomotive FC,1.0,2.0,"Lexington, Kentucky",USA,Lexington SC Stadium,,,,USL Championship,,20251011_Lexington_El-Paso-Locomotive-FC,15.944473285987442,1.01,1.17,3,4,7,8,49.5,50.5,1,2,0,0,4,5
2025-10-11 23:00:00,Pittsburgh Riverhounds,Indy Eleven,2.0,1.0,"Pittsburgh, Pennsylvania",USA,Highmark Stadium,,,,USL Championship,,20251011_Pittsburgh-Riverhounds_Indy-Eleven,51.256118291662006,0.94,0.5,2,1,5,2,44.5,55.5,1,1,0,0,3,2
2025-10-11 23:00:00,Rhode Island FC,Tampa Bay Rowdies,5.0,0.0,"Pawtucket, Rhode Island",USA,Centreville Bank Stadium,,,,USL Championship,,20251011_Rhode-Island-FC_Tampa-Bay-Rowdies,33.07760591310375,1.77,0.05,5,0,11,1,49.3,50.7,0,1,0,0,7,1
2025-10-11 23:30:00,Louisville City FC,Miami FC,1.0,0.0,"Louisville, Kentucky",USA,Lynn Family Stadium,,,,USL Championship,,20251011_Louisville-City-FC_Miami-FC,371.481401161373,1.38,1.12,3,4,7,8,57.6,42.4,2,1,0,0,3,2
2025-10-12 00:00:00,FC Tulsa,San Antonio FC,2.0,0.0,"Tulsa, Oklahoma",USA,ONEOK Field,,,,USL Championship,,20251012_FC-Tulsa_San-Antonio-FC,48.1503407408552,1.75,0.98,5,4,10,8,51.2,48.8,2,2,0,0,3,4
2025-10-12 01:00:00,New Mexico United,Orange County SC,3.0,3.0,"Albuquerque, New Mexico",USA,Rio Grande Credit Union Field at Isotopes Park,,,,USL Championship,,20251012_New-Mexico-United_Orange-County-SC,51.72145768086398,1.13,0.91,3,3,6,6,53.6,46.4,0,0,0,0,2,3
2025-10-12 02:30:00,Las Vegas Lights FC,Oakland Roots,2.0,2.0,"Las Vegas, Nevada",USA,Cashman Field,,,,USL Championship,,20251012_Las-Vegas-Lights-FC_Oakland-Roots,-9.244145260420282,0.7,1.66,3,5,7,11,48.8,51.2,0,3,0,0,4,6
2025-10-13 21:00:00,Charleston Battery,Colorado Springs Switchbacks FC,5.0,0.0,"Mount Pleasant, South Carolina",USA,Patriots Point,,,,USL Championship,,20251013_Charleston-Battery_Colorado-Springs-Switchbacks-FC,120.00528450539537,1.67,1.0,5,4,11,9,53.7,46.3,4,3,0,0,8,7
2025-10-16 02:00:00,Orange County SC,San Antonio FC,1.0,0.0,"Irvine, California",USA,Championship Soccer Stadium,,,,USL Championship,,20251016_Orange-County-SC_San-Antonio-FC,4.015895712073188,1.55,0.74,6,5,12,12,49.2,50.8,0,0,0,0,7,5
2025-10-17 22:00:00,Lexington,Sacramento Republic FC,2.0,2.0,"Lexington, Kentucky",USA,Lexington SC Stadium,,,,USL Championship,,20251017_Lexington_Sacramento-Republic-FC,-65.79082666240947,1.54,1.14,3,3,7,7,47.9,52.1,3,1,0,0,5,8
2025-10-18 22:00:00,Charleston Battery,Detroit City FC,1.0,1.0,"Mount Pleasant, South Carolina",USA,Patriots Point,,,,USL Championship,,20251018_Charleston-Battery_Detroit-City-FC,150.20495941179593,1.01,1.18,4,2,10,2,51.6,48.4,1,3,0,0,7,3
2025-10-18 23:00:00,North Carolina FC,Rhode Island FC,0.0,0.0,"Cary, North Carolina",USA,WakeMed Soccer Park,,,,USL Championship,,20251018_North-Carolina-FC_Rhode-Island-FC,-32.80428455487095,1.32,0.23,6,2,12,5,51.3,48.7,0,6,0,1,6,3
2025-10-18 23:30:00,Tampa Bay Rowdies,Hartford Athletic,3.0,2.0,"St. Petersburg, Florida",USA,Al Lang Stadium,,,,USL Championship,,20251018_Tampa-Bay-Rowdies_Hartford-Athletic,-51.539594895107484,1.77,2.28,6,9,13,20,49.4,50.6,4,2,1,0,5,12
2025-10-19 00:00:00,Colorado Springs Switchbacks FC,Las Vegas Lights FC,1.0,0.0,"Colorado Springs, Colorado",USA,Weidner Field,,,,USL Championship,,20251019_Colorado-Springs-Switchbacks-FC_Las-Vegas-Lights-FC,87.15199810928016,1.02,1.43,4,5,9,11,51.6,48.4,2,1,0,0,6,11
2025-10-19 01:00:00,El Paso Locomotive FC,FC Tulsa,1.0,1.0,"El Paso, Texas",USA,Southwest University Park,,,,USL Championship,,20251019_El-Paso-Locomotive-FC_FC-Tulsa,-65.21319118699807,1.06,1.43,6,3,14,7,53.8,46.2,2,1,0,0,6,4
2025-10-19 01:00:00,Indy Eleven,Loudoun United FC,2.0,1.0,"Indianapolis, Indiana",USA,Michael A. Carroll Stadium,,,,USL Championship,,20251019_Indy-Eleven_Loudoun-United-FC,-7.341968704324245,0.2,0.74,2,3,6,7,43.7,56.3,2,0,0,0,7,5
2025-10-19 02:00:00,Monterey Bay,Pittsburgh Riverhounds,0.0,3.0,"Seaside, California",USA,Cardinale Stadium,,,,USL Championship,,20251019_Monterey-Bay_Pittsburgh-Riverhounds,-141.34212537853,0.26,0.92,0,3,0,7,43.3,56.7,1,2,0,0,1,3
2025-10-19 02:00:00,Orange County SC,Louisville City FC,0.0,0.0,"Irvine, California",USA,Championship Soccer Stadium,,,,USL Championship,,20251019_Orange-County-SC_Louisville-City-FC,-218.30973784919752,0.05,0.5,0,3,0,7,38.8,61.2,5,3,0,1,5,3
2025-10-19 02:00:00,Phoenix Rising FC,San Antonio FC,1.0,0.0,"Phoenix, Arizona",USA,Phoenix Rising Stadium at 38th St/Washington,,,,USL Championship,,20251019_Phoenix-Rising-FC_San-Antonio-FC,21.925119748274255,1.37,1.13,3,4,8,7,51.6,48.4,3,1,0,0,6,5
2025-10-19 21:00:00,Birmingham Legion FC,Miami FC,2.0,3.0,"Birmingham, Alabama",USA,Protective Stadium,,,,USL Championship,,20251019_Birmingham-Legion-FC_Miami-FC,112.46502696275161,1.42,0.07,6,3,11,5,47.3,52.7,2,4,0,0,4,2
2025-10-19 21:00:00,New Mexico United,Oakland Roots,3.0,3.0,"Albuquerque, New Mexico",USA,Rio Grande Credit Union Field at Isotopes Park,,,,USL Championship,,20251019_New-Mexico-United_Oakland-Roots,103.67363497817996,1.2,0.8,3,3,7,7,52.2,47.8,2,3,0,0,3,3
2025-10-23 02:00:00,Sacramento Republic FC,Charleston Battery,1.0,0.0,"Sacramento, California",USA,Heart Health Park,,,,USL Championship,,20251023_Sacramento-Republic-FC_Charleston-Battery,-100.18519058679612,0.55,0.62,3,1,7,3,48.5,51.5,3,3,0,0,4,1
2025-10-25 01:00:00,New Mexico United,Rhode Island FC,2.0,1.0,"Albuquerque, New Mexico",USA,Rio Grande Credit Union Field at Isotopes Park,,,,USL Championship,,20251025_New-Mexico-United_Rhode-Island-FC,2.1298424720112052,1.4,0.38,5,1,10,0,55.4,44.6,1,3,0,0,10,2
2025-10-25 21:00:00,Charleston Battery,Birmingham Legion FC,2.0,1.0,"Mount Pleasant, South Carolina",USA,Patriots Point,,,,USL Championship,,20251025_Charleston-Battery_Birmingham-Legion-FC,188.4827297743018,1.24,0.95,5,5,10,9,49.4,50.6,3,0,0,0,9,5
2025-10-25 21:00:00,Loudoun United FC,North Carolina FC,0.0,1.0,"Leesburg, Virginia",USA,Segra Field,,,,USL Championship,,20251025_Loudoun-United-FC_North-Carolina-FC,-37.81329860264145,0.91,0.51,3,2,8,4,52.2,47.8,2,1,0,0,4,8
2025-10-25 23:00:00,Pittsburgh Riverhounds,Phoenix Rising FC,0.0,0.0,"Pittsburgh, Pennsylvania",USA,Highmark Stadium,,,,USL Championship,,20251025_Pittsburgh-Riverhounds_Phoenix-Rising-FC,40.94026426106848,0.05,1.38,0,3,1,6,49.6,50.4,0,2,0,0,2,4
2025-10-25 23:30:00,Louisville City FC,Hartford Athletic,1.0,0.0,"Louisville, Kentucky",USA,Lynn Family Stadium,,,,USL Championship,,20251025_Louisville-City-FC_Hartford-Athletic,196.8187212252667,1.71,0.64,5,3,10,6,50.1,49.9,2,2,0,0,6,2
2025-10-25 23:30:00,Tampa Bay Rowdies,Detroit City FC,1.0,1.0,"St. Petersburg, Florida",USA,Al Lang Stadium,,,,USL Championship,,20251025_Tampa-Bay-Rowdies_Detroit-City-FC,-11.0957918899187,1.22,0.39,2,1,5,1,51.9,48.1,0,2,0,0,4,3
2025-10-26 00:00:00,FC Tulsa,Colorado Springs Switchbacks FC,3.0,0.0,"Tulsa, Oklahoma",USA,ONEOK Field,,,,USL Championship,,20251026_FC-Tulsa_Colorado-Springs-Switchbacks-FC,30.50425054751372,1.26,1.77,4,5,10,10,51.8,48.2,0,2,0,0,9,9
2025-10-26 00:30:00,San Antonio FC,El Paso Locomotive FC,5.0,2.0,"San Antonio, Texas",USA,Toyota Field,,,,USL Championship,,20251026_San-Antonio-FC_El-Paso-Locomotive-FC,-28.963513035535698,1.25,1.26,6,5,12,11,49.1,50.9,2,1,0,0,7,5
2025-10-26 02:00:00,Monterey Bay,Las Vegas Lights FC,1.0,1.0,"Seaside, California",USA,Cardinale Stadium,,,,USL Championship,,20251026_Monterey-Bay_Las-Vegas-Lights-FC,-24.695832287079156,1.33,1.28,4,5,8,11,43.3,56.7,0,1,0,0,4,7
2025-10-26 02:00:00,Oakland Roots,Lexington,3.0,0.0,"Oakland, California",USA,Oakland-Alameda County Coliseum,,,,USL Championship,,20251026_Oakland-Roots_Lexington,-44.7263493806056,1.18,0.25,4,2,9,3,52.3,47.7,2,1,0,0,6,2
2025-10-26 02:00:00,Orange County SC,Indy Eleven,2.0,1.0,"Irvine, California",USA,Championship Soccer Stadium,,,,USL Championship,,20251026_Orange-County-SC_Indy-Eleven,27.17053317864361,1.36,1.27,5,3,10,7,54.3,45.7,3,0,0,1,5,6
2025-10-26 02:00:00,Sacramento Republic FC,Miami FC,0.0,1.0,"Sacramento, California",USA,Heart Health Park,,,,USL Championship,,20251026_Sacramento-Republic-FC_Miami-FC,199.98909771167519,1.54,1.61,6,4,9,8,53.2,46.8,1,2,0,0,6,2
2025-11-01 22:30:00,Pittsburgh Riverhounds,Hartford Athletic,0.0,0.0,"Pittsburgh, Pennsylvania",USA,Highmark Stadium,,,,USL Championship,,20251101_Pittsburgh-Riverhounds_Hartford-Athletic,36.00171218247078,1.89,1.9,8,5,16,11,52.6,47.4,1,1,0,0,12,7
2025-11-01 23:00:00,Louisville City FC,Detroit City FC,0.0,1.0,"Louisville, Kentucky",USA,Lynn Family Stadium,,,,USL Championship,,20251101_Louisville-City-FC_Detroit-City-FC,215.95796648717692,0.98,0.05,1,1,1,1,53.0,47.0,2,0,0,0,0,0
2025-11-01 23:30:00,North Carolina FC,Loudoun United FC,1.0,0.0,"Cary, North Carolina",USA,WakeMed Soccer Park,,,,USL Championship,,20251101_North-Carolina-FC_Loudoun-United-FC,59.21151321446155,0.05,0.8,1,0,4,0,51.4,48.6,2,2,0,1,1,0
2025-11-02 00:00:00,FC Tulsa,Colorado Springs Switchbacks FC,1.0,0.0,"Tulsa, Oklahoma",USA,ONEOK Field,,,,USL Championship,,20251102_FC-Tulsa_Colorado-Springs-Switchbacks-FC,52.402489300154,1.2,0.27,4,0,8,0,48.7,51.3,3,0,0,0,5,2
2025-11-02 01:00:00,New Mexico United,San Antonio FC,2.0,0.0,"Albuquerque, New Mexico",USA,Rio Grande Credit Union Field at Isotopes Park,,,,USL Championship,,20251102_New-Mexico-United_San-Antonio-FC,70.74601012710718,1.72,0.56,5,2,11,4,54.9,45.1,1,0,0,0,4,6
2025-11-02 01:30:00,El Paso Locomotive FC,Phoenix Rising FC,0.0,1.0,"El Paso, Texas",USA,Southwest University Park,,,,USL Championship,,20251102_El-Paso-Locomotive-FC_Phoenix-Rising-FC,-29.854651816159958,1.82,1.08,5,5,12,11,49.2,50.8,0,0,0,0,10,5
2025-11-02 19:00:00,Charleston Battery,Rhode Island FC,0.0,0.0,"Mount Pleasant, South Carolina",USA,Patriots Point,,,,USL Championship,,20251102_Charleston-Battery_Rhode-Island-FC,114.24420687012639,0.36,1.29,2,5,6,11,62.4,37.6,1,0,0,0,7,9
2025-11-03 02:00:00,Sacramento Republic FC,Orange County SC,0.0,0.0,"Sacramento, California",USA,Heart Health Park,,,,USL Championship,,20251103_Sacramento-Republic-FC_Orange-County-SC,21.531469177949475,0.18,0.31,0,1,0,0,45.1,54.9,1,2,0,0,2,1
2025-11-09 00:00:00,North Carolina FC,Rhode Island FC,0.0,2.0,"Cary, North Carolina",USA,WakeMed Soccer Park,,,,USL Championship,,20251109_North-Carolina-FC_Rhode-Island-FC,-1.7544643889486906,0.63,0.6,1,2,4,3,57.9,42.1,2,1,0,0,5,5
2025-11-09 00:30:00,Pittsburgh Riverhounds,Detroit City FC,0.0,0.0,"Pittsburgh, Pennsylvania",USA,Highmark Stadium,,,,USL Championship,,20251109_Pittsburgh-Riverhounds_Detroit-City-FC,23.581874300478148,0.32,0.49,0,0,0,0,51.5,48.5,0,1,0,0,2,0
2025-11-09 01:00:00,FC Tulsa,Phoenix Rising FC,1.0,0.0,"Tulsa, Oklahoma",USA,ONEOK Field,,,,USL Championship,,20251109_FC-Tulsa_Phoenix-Rising-FC,54.08540710491229,2.1,1.14,6,4,13,8,44.6,55.4,1,1,0,0,6,8
2025-11-09 02:00:00,New Mexico United,Orange County SC,2.0,1.0,"Albuquerque, New Mexico",USA,Rio Grande Credit Union Field at Isotopes Park,,,,USL Championship,,20251109_New-Mexico-United_Orange-County-SC,35.86242833213623,0.88,0.6,2,2,3,1,56.6,43.4,1,1,0,0,1,2
2025-11-15 23:30:00,Pittsburgh Riverhounds,Rhode Island FC,1.0,0.0,"Pittsburgh, Pennsylvania",USA,Highmark Stadium,,,,USL Championship,,20251115_Pittsburgh-Riverhounds_Rhode-Island-FC,8.38279357743454,0.58,0.35,3,1,7,1,48.2,51.8,1,5,0,0,2,1
2025-11-16 01:30:00,FC Tulsa,New Mexico United,3.0,0.0,"Tulsa, Oklahoma",USA,ONEOK Field,,,,USL Championship,,20251116_FC-Tulsa_New-Mexico-United,16.924267891276713,0.36,1.13,3,3,8,6,46.5,53.5,2,0,0,0,9,2
2025-11-22 17:00:00,FC Tulsa,Pittsburgh Riverhounds,0.0,0.0,"Tulsa, Oklahoma",USA,ONEOK Field,,,,USL Championship,,20251122_FC-Tulsa_Pittsburgh-Riverhounds,38.83612519660983,0.47,1.2,3,5,7,10,47.8,52.2,1,2,0,0,3,5
2026-03-07 00:30:00,Lexington,Louisville City FC,1.0,2.0,"Lexington, Kentucky",USA,Lexington Stadium,,,,USL Championship,,20260307_Lexington_Louisville-City-FC,-231.5387106808862,1.9,0.93,6,2,11,4,38.5,61.5,3,0,0,0,5,3
2026-03-07 23:00:00,Charleston Battery,Pittsburgh Riverhounds,2.0,1.0,"Mount Pleasant, South Carolina",USA,Ralph Lundy Field at Patriots Point,,,,USL Championship,,20260307_Charleston-Battery_Pittsburgh-Riverhounds,73.25662214024328,0.83,1.12,2,5,5,10,50.2,49.8,1,3,0,0,4,4
2026-03-08 00:30:00,Sporting JAX,Hartford Athletic,0.0,3.0,Jacksonville,USA,Hodges Stadium,,,,USL Championship,,20260308_Sporting-JAX_Hartford-Athletic,-26.63767180639502,0.47,1.06,1,3,2,6,47.9,52.1,0,0,0,1,0,2
2026-03-08 01:30:00,San Antonio FC,Phoenix Rising FC,2.0,1.0,"San Antonio, Texas",USA,Toyota Field,,,,USL Championship,,20260308_San-Antonio-FC_Phoenix-Rising-FC,-43.2362838644724,0.8,1.4,4,4,8,9,56.8,43.2,1,0,0,1,5,1
2026-03-08 02:00:00,El Paso Locomotive FC,Colorado Springs Switchbacks FC,2.0,2.0,"El Paso, Texas",USA,Southwest University Park,,,,USL Championship,,20260308_El-Paso-Locomotive-FC_Colorado-Springs-Switchbacks-FC,-33.07297861490065,1.6,0.85,6,2,12,5,46.9,53.1,2,3,0,1,1,1
2026-03-08 02:30:00,Birmingham Legion FC,Tampa Bay Rowdies,0.0,1.0,"Birmingham, Alabama",USA,Protective Stadium,,,,USL Championship,,20260308_Birmingham-Legion-FC_Tampa-Bay-Rowdies,-58.76832111066824,0.58,1.29,1,4,3,11,53.3,46.7,3,1,0,0,3,5
2026-03-08 03:00:00,Monterey Bay,Oakland Roots,0.0,1.0,"Seaside, California",USA,Cardinale Stadium,,,,USL Championship,,20260308_Monterey-Bay_Oakland-Roots,-58.51594935681169,1.58,1.71,8,6,17,14,50.0,50.0,3,3,0,0,9,9
2026-03-08 03:00:00,Orange County SC,Las Vegas Lights FC,1.0,1.0,"Irvine, California",USA,Championship Soccer Stadium,,,,USL Championship,,20260308_Orange-County-SC_Las-Vegas-Lights-FC,93.59223763402679,0.8,1.49,4,2,8,5,65.0,35.0,1,2,1,0,8,6
2026-03-08 03:00:00,Sacramento Republic FC,FC Tulsa,2.0,0.0,"Sacramento, California",USA,Heart Health Park,,,,USL Championship,,20260308_Sacramento-Republic-FC_FC-Tulsa,-53.58652797659988,1.27,0.56,4,4,12,9,46.4,53.6,2,2,1,0,6,5
2026-03-08 19:30:00,Brooklyn FC,Indy Eleven,1.0,0.0,Brooklyn,USA,Maimonides Park,,,,USL Championship,,20260308_Brooklyn-FC_Indy-Eleven,15.113800640749105,0.15,0.94,1,3,2,5,56.6,43.4,1,3,0,0,3,6
2026-03-11 16:00:00,Birmingham Legion FC,Hartford Athletic,0.0,0.0,"Birmingham, Alabama",USA,Protective Stadium,,,,USL Championship,,20260311_Birmingham-Legion-FC_Hartford-Athletic,-98.85393280883545,0.34,1.31,0,3,1,7,47.5,52.5,2,1,0,0,3,5
2026-03-14 19:00:00,Loudoun United FC,Pittsburgh Riverhounds,2.0,3.0,"Leesburg, Virginia",USA,Segra Field,,,,USL Championship,,20260314_Loudoun-United-FC_Pittsburgh-Riverhounds,-104.77680453013136,1.43,1.17,3,4,6,9,43.8,56.2,0,3,0,0,3,5
2026-03-14 20:00:00,Detroit City FC,Brooklyn FC,3.0,0.0,"Hamtramck, Michigan",USA,Keyworth Stadium,,,,USL Championship,,20260314_Detroit-City-FC_Brooklyn-FC,25.91438618977668,1.31,0.5,3,2,7,5,48.7,51.3,1,0,0,0,8,1
2026-03-14 20:00:00,Louisville City FC,Miami FC,4.0,1.0,"Louisville, Kentucky",USA,Lynn Family Stadium,,,,USL Championship,,20260314_Louisville-City-FC_Miami-FC,328.09922170091477,1.68,1.62,5,8,11,18,55.0,45.0,2,4,0,0,8,4
2026-03-14 20:00:00,Rhode Island FC,Sporting JAX,1.0,1.0,"Pawtucket, Rhode Island",USA,Centreville Bank Stadium,,,,USL Championship,,20260314_Rhode-Island-FC_Sporting-JAX,50.33654365292705,1.83,0.2,6,1,14,3,54.2,45.8,1,7,0,0,4,4
2026-03-14 21:00:00,Colorado Springs Switchbacks FC,Las Vegas Lights FC,3.0,2.0,"Colorado Springs, Colorado",USA,Weidner Field,,,,USL Championship,,20260314_Colorado-Springs-Switchbacks-FC_Las-Vegas-Lights-FC,80.65821236005922,1.07,0.59,3,2,7,5,57.5,42.5,4,2,0,0,5,2
2026-03-14 23:00:00,Lexington,Sacramento Republic FC,0.0,0.0,"Lexington, Kentucky",USA,Lexington Stadium,,,,USL Championship,,20260314_Lexington_Sacramento-Republic-FC,-90.07192746246369,1.35,1.85,5,6,11,14,45.5,54.5,1,1,0,0,9,4
2026-03-15 00:00:00,FC Tulsa,San Antonio FC,0.0,0.0,"Tulsa, Oklahoma",USA,ONEOK Field,,,,USL Championship,,20260315_FC-Tulsa_San-Antonio-FC,100.37367520598491,0.34,1.28,2,5,4,10,64.5,35.5,2,1,1,0,4,6
2026-03-15 02:00:00,Monterey Bay,El Paso Locomotive FC,0.0,3.0,"Seaside, California",USA,Cardinale Stadium,,,,USL Championship,,20260315_Monterey-Bay_El-Paso-Locomotive-FC,-86.01013187760395,1.29,1.42,4,5,9,12,44.4,55.6,2,1,0,0,3,6
2026-03-15 02:00:00,Oakland Roots,New Mexico United,2.0,1.0,"Oakland, California",USA,Oakland-Alameda County Coliseum,,,,USL Championship,,20260315_Oakland-Roots_New-Mexico-United,-94.04921567682231,0.66,1.07,3,3,6,7,44.0,56.0,2,2,0,0,6,9
2026-03-15 02:00:00,Phoenix Rising FC,Orange County SC,1.0,1.0,"Phoenix, Arizona",USA,Phoenix Rising Stadium at 38th St/Washington,,,,USL Championship,,20260315_Phoenix-Rising-FC_Orange-County-SC,-10.390132719122676,0.69,0.72,3,3,7,8,46.2,53.8,0,0,0,0,6,8
2026-03-21 19:00:00,Loudoun United FC,Miami FC,0.0,0.0,"Leesburg, Virginia",USA,Segra Field,,,,USL Championship,,20260321_Loudoun-United-FC_Miami-FC,60.58407046929847,1.32,0.83,2,4,6,9,45.4,54.6,0,2,0,0,5,1
2026-03-21 20:00:00,Louisville City FC,Rhode Island FC,4.0,2.0,"Louisville, Kentucky",USA,Lynn Family Stadium,,,,USL Championship,,20260321_Louisville-City-FC_Rhode-Island-FC,185.91774420286538,1.7,0.31,4,2,9,4,51.1,48.9,4,3,0,0,5,5
2026-03-21 23:00:00,Brooklyn FC,Hartford Athletic,1.0,2.0,Brooklyn,USA,Maimonides Park,,,,USL Championship,,20260321_Brooklyn-FC_Hartford-Athletic,-34.02267691317729,0.42,0.39,1,2,3,4,52.5,47.5,1,1,0,0,2,6
2026-03-21 23:00:00,Charleston Battery,Birmingham Legion FC,3.0,2.0,"Mount Pleasant, South Carolina",USA,Ralph Lundy Field at Patriots Point,,,,USL Championship,,20260321_Charleston-Battery_Birmingham-Legion-FC,212.96712893903577,1.87,1.74,6,5,13,10,59.6,40.4,4,1,0,0,5,3
2026-03-21 23:00:00,Indy Eleven,Detroit City FC,2.0,1.0,"Indianapolis, Indiana",USA,Michael A. Carroll Stadium,,,,USL Championship,,20260321_Indy-Eleven_Detroit-City-FC,-75.09142546029238,0.24,1.63,2,4,4,10,49.0,51.0,2,2,0,0,3,3
2026-03-21 23:30:00,Tampa Bay Rowdies,Pittsburgh Riverhounds,3.0,0.0,"St. Petersburg, Florida",USA,Al Lang Stadium,,,,USL Championship,,20260321_Tampa-Bay-Rowdies_Pittsburgh-Riverhounds,-53.76222990942961,1.39,1.25,4,3,8,7,46.5,53.5,2,0,0,0,4,6
2026-03-22 00:00:00,FC Tulsa,Las Vegas Lights FC,3.0,2.0,"Tulsa, Oklahoma",USA,ONEOK Field,,,,USL Championship,,20260322_FC-Tulsa_Las-Vegas-Lights-FC,166.88738574481772,1.33,1.86,4,5,9,11,55.3,44.7,3,1,0,1,3,6
2026-03-22 00:30:00,San Antonio FC,New Mexico United,1.0,0.0,"San Antonio, Texas",USA,Toyota Field,,,,USL Championship,,20260322_San-Antonio-FC_New-Mexico-United,-57.2449281350473,0.78,0.62,3,1,7,3,53.5,46.5,3,5,0,0,4,3
2026-03-22 02:00:00,Orange County SC,Colorado Springs Switchbacks FC,1.0,0.0,"Irvine, California",USA,Championship Soccer Stadium,,,,USL Championship,,20260322_Orange-County-SC_Colorado-Springs-Switchbacks-FC,-3.0010364254994784,0.93,1.42,3,5,7,10,47.9,52.1,2,6,0,0,4,8
2026-03-22 02:00:00,Phoenix Rising FC,Oakland Roots,2.0,2.0,"Phoenix, Arizona",USA,Phoenix Rising Stadium at 38th St/Washington,,,,USL Championship,,20260322_Phoenix-Rising-FC_Oakland-Roots,19.71201991795442,0.65,1.58,2,4,4,10,41.8,58.2,0,3,0,0,3,3
2026-03-22 02:00:00,Sacramento Republic FC,Monterey Bay,1.0,1.0,"Sacramento, California",USA,Heart Health Park,,,,USL Championship,,20260322_Sacramento-Republic-FC_Monterey-Bay,177.27632314269272,0.67,0.49,3,3,9,8,54.4,45.6,1,1,0,0,7,4
2026-03-25 23:00:00,Lexington,Brooklyn FC,3.0,0.0,"Lexington, Kentucky",USA,Lexington Stadium,,,,USL Championship,,20260325_Lexington_Brooklyn-FC,-7.763196475272252,0.93,0.73,3,2,5,2,51.8,48.2,1,1,0,0,7,3
2026-03-25 23:30:00,Sporting JAX,Miami FC,2.0,4.0,Jacksonville,USA,Hodges Stadium,,,,USL Championship,,20260325_Sporting-JAX_Miami-FC,99.53328954703738,1.65,2.36,6,7,14,15,58.9,41.1,1,1,0,0,12,10
2026-03-28 19:00:00,New Mexico United,Colorado Springs Switchbacks FC,3.0,2.0,"Albuquerque, New Mexico",USA,Isotopes Park,,,,USL Championship,,20260328_New-Mexico-United_Colorado-Springs-Switchbacks-FC,29.46519387107719,1.64,1.1,5,5,11,12,50.7,49.3,1,2,1,0,9,7
2026-03-28 20:00:00,Detroit City FC,Charleston Battery,1.0,0.0,"Hamtramck, Michigan",USA,Keyworth Stadium,,,,USL Championship,,20260328_Detroit-City-FC_Charleston-Battery,-126.65773601398973,1.45,0.05,6,1,11,2,46.2,53.8,1,1,0,0,7,7
2026-03-28 21:00:00,Hartford Athletic,Indy Eleven,2.0,2.0,"Hartford, Connecticut",USA,Trinity Health Stadium,,,,USL Championship,,20260328_Hartford-Athletic_Indy-Eleven,57.26122383427355,2.39,1.56,6,3,14,7,47.3,52.7,0,3,0,1,10,6
2026-03-28 23:00:00,Miami FC,Rhode Island FC,2.0,1.0,"Miami, Florida",USA,Riccardo Silva Stadium,,,,USL Championship,,20260328_Miami-FC_Rhode-Island-FC,-124.94150338365534,1.27,0.92,2,3,5,6,48.8,51.2,0,0,0,0,4,6
2026-03-28 23:00:00,Pittsburgh Riverhounds,Sporting JAX,3.0,2.0,"Pittsburgh, Pennsylvania",USA,Highmark Stadium,,,,USL Championship,,20260328_Pittsburgh-Riverhounds_Sporting-JAX,82.2345271956192,1.48,0.05,5,2,10,4,53.7,46.3,1,2,0,0,8,3
2026-03-28 23:30:00,Brooklyn FC,Louisville City FC,0.0,1.0,Brooklyn,USA,Maimonides Park,,,,USL Championship,,20260328_Brooklyn-FC_Louisville-City-FC,-252.2996681967311,1.37,0.77,4,4,9,9,39.7,60.3,2,2,0,0,3,1
2026-03-28 23:30:00,Tampa Bay Rowdies,Loudoun United FC,3.0,1.0,"St. Petersburg, Florida",USA,Al Lang Stadium,,,,USL Championship,,20260328_Tampa-Bay-Rowdies_Loudoun-United-FC,83.90231136091984,1.29,1.01,4,3,8,3,53.0,47.0,0,1,0,0,12,2
2026-03-29 00:00:00,FC Tulsa,Phoenix Rising FC,1.0,1.0,"Tulsa, Oklahoma",USA,ONEOK Field,,,,USL Championship,,20260329_FC-Tulsa_Phoenix-Rising-FC,87.69842428899301,1.91,1.28,5,4,10,9,52.9,47.1,4,0,0,0,6,9
2026-03-29 00:00:00,Oakland Roots,Orange County SC,0.0,1.0,"Oakland, California",USA,Oakland-Alameda County Coliseum,,,,USL Championship,,20260329_Oakland-Roots_Orange-County-SC,-40.80819165605021,0.55,0.05,3,1,5,2,54.7,45.3,0,2,0,0,2,2
2026-03-29 02:00:00,Sacramento Republic FC,El Paso Locomotive FC,1.0,2.0,"Sacramento, California",USA,Heart Health Park,,,,USL Championship,,20260329_Sacramento-Republic-FC_El-Paso-Locomotive-FC,67.44748532138078,0.24,1.08,1,2,1,6,60.0,40.0,0,2,0,0,3,3
2026-03-29 02:30:00,Las Vegas Lights FC,Monterey Bay,1.0,0.0,"Las Vegas, Nevada",USA,Cashman Field,,,,USL Championship,,20260329_Las-Vegas-Lights-FC_Monterey-Bay,23.689154886748156,1.44,0.74,4,4,9,10,54.0,46.0,3,3,0,0,3,5
2026-03-29 20:00:00,San Antonio FC,Lexington,2.0,0.0,"San Antonio, Texas",USA,Toyota Field,,,,USL Championship,,20260329_San-Antonio-FC_Lexington,17.63396012382009,1.44,0.69,3,2,6,7,53.1,46.9,0,2,0,0,1,1
2026-04-04 20:00:00,Louisville City FC,Charleston Battery,0.0,2.0,"Louisville, Kentucky",USA,Lynn Family Stadium,,,,USL Championship,,20260404_Louisville-City-FC_Charleston-Battery,89.71347101954848,1.23,1.94,4,8,8,19,52.6,47.4,2,1,0,0,5,6
2026-04-04 20:00:00,Miami FC,Hartford Athletic,0.0,0.0,"Miami, Florida",USA,Riccardo Silva Stadium,,,,USL Championship,,20260404_Miami-FC_Hartford-Athletic,-120.66641542204138,0.76,0.74,2,2,6,4,43.3,56.7,1,2,0,0,1,3
2026-04-04 20:00:00,Rhode Island FC,Detroit City FC,0.0,0.0,"Pawtucket, Rhode Island",USA,Centreville Bank Stadium,,,,USL Championship,,20260404_Rhode-Island-FC_Detroit-City-FC,-34.874778142218474,0.57,0.92,3,3,4,6,47.4,52.6,0,0,0,0,5,7
2026-04-04 21:00:00,Colorado Springs Switchbacks FC,Lexington,1.0,1.0,"Colorado Springs, Colorado",USA,Weidner Field,,,,USL Championship,,20260404_Colorado-Springs-Switchbacks-FC_Lexington,17.90147953398855,1.19,1.4,3,5,8,10,47.1,52.9,1,0,0,0,8,8
2026-04-04 21:00:00,Loudoun United FC,Birmingham Legion FC,2.0,2.0,"Leesburg, Virginia",USA,Segra Field,,,,USL Championship,,20260404_Loudoun-United-FC_Birmingham-Legion-FC,1.6501422445098797,0.65,1.03,3,2,7,5,53.5,46.5,2,1,0,0,1,2
2026-04-04 23:00:00,Indy Eleven,Pittsburgh Riverhounds,1.0,1.0,"Indianapolis, Indiana",USA,Michael A. Carroll Stadium,,,,USL Championship,,20260404_Indy-Eleven_Pittsburgh-Riverhounds,-76.82233517083273,0.89,0.05,3,1,7,2,50.7,49.3,3,2,0,0,6,3
2026-04-04 23:30:00,Sporting JAX,Tampa Bay Rowdies,0.0,1.0,Jacksonville,USA,Hodges Stadium,,,,USL Championship,,20260404_Sporting-JAX_Tampa-Bay-Rowdies,-74.52546324813648,1.04,1.29,3,5,7,10,47.5,52.5,0,0,0,0,4,7
2026-04-05 01:00:00,El Paso Locomotive FC,Las Vegas Lights FC,3.0,2.0,"El Paso, Texas",USA,Southwest University Park,,,,USL Championship,,20260405_El-Paso-Locomotive-FC_Las-Vegas-Lights-FC,77.97412119943192,1.13,0.81,3,2,6,4,58.4,41.6,2,4,0,0,4,0
2026-04-05 02:00:00,Monterey Bay,San Antonio FC,0.0,0.0,"Seaside, California",USA,Cardinale Stadium,,,,USL Championship,,20260405_Monterey-Bay_San-Antonio-FC,-140.12557852945815,1.23,1.11,3,2,4,4,53.4,46.6,0,1,0,0,3,2
2026-04-05 02:00:00,Orange County SC,New Mexico United,0.0,1.0,"Irvine, California",USA,Championship Soccer Stadium,,,,USL Championship,,20260405_Orange-County-SC_New-Mexico-United,-8.646691340246434,0.51,0.05,1,1,2,1,47.9,52.1,5,2,0,0,0,4
2026-04-05 02:00:00,Sacramento Republic FC,Phoenix Rising FC,2.0,0.0,"Sacramento, California",USA,Heart Health Park,,,,USL Championship,,20260405_Sacramento-Republic-FC_Phoenix-Rising-FC,32.564393827346976,1.54,1.25,5,5,8,9,53.6,46.4,1,1,0,0,6,8
2026-04-09 02:00:00,Orange County SC,San Antonio FC,2.0,0.0,"Irvine, California",USA,Championship Soccer Stadium,,,,USL Championship,,20260409_Orange-County-SC_San-Antonio-FC,13.16452458800677,1.94,1.22,6,2,15,3,46.7,53.3,0,1,1,0,6,4
2026-04-10 22:30:00,Loudoun United FC,Louisville City FC,3.0,3.0,"Leesburg, Virginia",USA,Segra Field,,,,USL Championship,,20260410_Loudoun-United-FC_Louisville-City-FC,-280.75622470227654,1.29,1.89,3,6,5,11,38.7,61.3,1,1,0,0,5,9
2026-04-11 20:00:00,Detroit City FC,Sporting JAX,1.0,0.0,"Hamtramck, Michigan",USA,Keyworth Stadium,,,,USL Championship,,20260411_Detroit-City-FC_Sporting-JAX,92.31378057308439,0.12,1.47,1,7,3,16,45.2,54.8,1,0,0,0,4,10
2026-04-11 23:00:00,Brooklyn FC,Charleston Battery,3.0,0.0,Brooklyn,USA,Maimonides Park,,,,USL Championship,,20260411_Brooklyn-FC_Charleston-Battery,-186.72041324826682,1.11,1.43,4,5,7,10,37.2,62.8,1,1,0,0,2,6
2026-04-11 23:00:00,Hartford Athletic,El Paso Locomotive FC,0.0,4.0,"Hartford, Connecticut",USA,Trinity Health Stadium,,,,USL Championship,,20260411_Hartford-Athletic_El-Paso-Locomotive-FC,22.926780730992277,0.59,1.47,1,4,5,9,54.6,45.4,0,0,0,0,2,3
2026-04-11 23:00:00,Indy Eleven,Monterey Bay,3.0,1.0,"Indianapolis, Indiana",USA,Michael A. Carroll Stadium,,,,USL Championship,,20260411_Indy-Eleven_Monterey-Bay,104.99158008000222,1.51,1.2,3,3,7,4,47.7,52.3,1,0,0,0,9,2
2026-04-11 23:00:00,Lexington,Rhode Island FC,1.0,3.0,"Lexington, Kentucky",USA,Lexington Stadium,,,,USL Championship,,20260411_Lexington_Rhode-Island-FC,-33.18745521166193,1.12,1.3,6,4,15,6,55.4,44.6,1,3,0,0,4,4
2026-04-11 23:30:00,Tampa Bay Rowdies,Oakland Roots,2.0,2.0,"St. Petersburg, Florida",USA,Al Lang Stadium,,,,USL Championship,,20260411_Tampa-Bay-Rowdies_Oakland-Roots,68.73284025102657,0.79,2.0,5,7,9,16,55.9,44.1,1,0,0,0,7,4
2026-04-12 00:00:00,FC Tulsa,Orange County SC,0.0,1.0,"Tulsa, Oklahoma",USA,ONEOK Field,,,,USL Championship,,20260412_FC-Tulsa_Orange-County-SC,51.83469253845851,0.3,0.85,1,3,2,6,49.1,50.9,1,3,1,0,3,9
2026-04-12 00:30:00,San Antonio FC,Miami FC,0.0,0.0,"San Antonio, Texas",USA,Toyota Field,,,,USL Championship,,20260412_San-Antonio-FC_Miami-FC,80.3300838908981,0.32,0.25,2,1,4,2,53.5,46.5,3,1,0,0,4,1
2026-04-12 02:00:00,Phoenix Rising FC,New Mexico United,3.0,0.0,"Phoenix, Arizona",USA,Phoenix Rising Stadium at 38th St/Washington,,,,USL Championship,,20260412_Phoenix-Rising-FC_New-Mexico-United,-61.31374152026797,1.58,0.99,5,4,12,9,50.9,49.1,1,1,0,0,7,9
2026-04-12 02:30:00,Las Vegas Lights FC,Sacramento Republic FC,1.0,1.0,"Las Vegas, Nevada",USA,Cashman Field,,,,USL Championship,,20260412_Las-Vegas-Lights-FC_Sacramento-Republic-FC,-137.04989820306992,1.95,1.67,6,5,14,9,45.5,54.5,2,1,0,0,2,4
2026-04-12 21:00:00,Birmingham Legion FC,Pittsburgh Riverhounds,1.0,0.0,"Birmingham, Alabama",USA,Protective Stadium,,,,USL Championship,,20260412_Birmingham-Legion-FC_Pittsburgh-Riverhounds,-127.33111263849082,0.44,2.0,3,6,8,14,46.0,54.0,0,1,0,0,2,3
2026-04-18 19:00:00,Charleston Battery,Tampa Bay Rowdies,1.0,1.0,"Mount Pleasant, South Carolina",USA,Ralph Lundy Field at Patriots Point,,,,USL Championship,,20260418_Charleston-Battery_Tampa-Bay-Rowdies,93.81842653572517,1.61,0.92,5,3,12,8,52.7,47.3,1,2,0,0,3,7
2026-04-18 21:00:00,Colorado Springs Switchbacks FC,Monterey Bay,4.0,1.0,"Colorado Springs, Colorado",USA,Weidner Field,,,,USL Championship,,20260418_Colorado-Springs-Switchbacks-FC_Monterey-Bay,120.87925881932597,1.32,1.47,4,5,10,11,55.6,44.4,1,1,0,0,6,6
2026-04-18 21:00:00,Louisville City FC,Sporting JAX,1.0,0.0,"Louisville, Kentucky",USA,Lynn Family Stadium,,,,USL Championship,,20260418_Louisville-City-FC_Sporting-JAX,263.334997582891,0.05,0.67,1,2,2,5,52.5,47.5,0,2,0,0,1,0
2026-04-18 23:00:00,Hartford Athletic,Loudoun United FC,0.0,0.0,"Hartford, Connecticut",USA,Trinity Health Stadium,,,,USL Championship,,20260418_Hartford-Athletic_Loudoun-United-FC,80.1038564339392,0.08,1.28,0,4,0,7,52.0,48.0,3,1,0,0,1,8
2026-04-18 23:00:00,Miami FC,Phoenix Rising FC,0.0,3.0,"Miami, Florida",USA,Riccardo Silva Stadium,,,,USL Championship,,20260418_Miami-FC_Phoenix-Rising-FC,-87.14580974102546,0.58,1.46,2,5,4,9,44.5,55.5,3,0,0,0,2,8
2026-04-18 23:00:00,Pittsburgh Riverhounds,Detroit City FC,2.0,1.0,"Pittsburgh, Pennsylvania",USA,Highmark Stadium,,,,USL Championship,,20260418_Pittsburgh-Riverhounds_Detroit-City-FC,-9.897811362468474,1.64,0.09,3,1,6,5,47.5,52.5,2,3,0,0,0,7
2026-04-19 01:00:00,El Paso Locomotive FC,San Antonio FC,2.0,3.0,"El Paso, Texas",USA,Southwest University Park,,,,USL Championship,,20260419_El-Paso-Locomotive-FC_San-Antonio-FC,24.91074672537593,1.44,1.03,2,3,2,7,48.5,51.5,3,3,0,0,4,4
2026-04-19 02:00:00,Oakland Roots,FC Tulsa,1.0,1.0,"Oakland, California",USA,Oakland-Alameda County Coliseum,,,,USL Championship,,20260419_Oakland-Roots_FC-Tulsa,-97.56036431311804,0.48,0.75,2,3,4,8,50.1,49.9,3,3,0,0,3,2
2026-04-19 02:00:00,Orange County SC,Lexington,0.0,0.0,"Irvine, California",USA,Championship Soccer Stadium,,,,USL Championship,,20260419_Orange-County-SC_Lexington,84.55019153573585,0.79,1.38,3,3,6,7,60.4,39.6,1,2,0,0,4,3
2026-04-19 21:00:00,Birmingham Legion FC,Indy Eleven,2.0,2.0,"Birmingham, Alabama",USA,Protective Stadium,,,,USL Championship,,20260419_Birmingham-Legion-FC_Indy-Eleven,-47.99986952828567,0.05,0.93,2,2,2,5,47.6,52.4,1,0,0,0,2,6
2026-04-21 23:00:00,Brooklyn FC,Sacramento Republic FC,1.0,1.0,Brooklyn,USA,Maimonides Park,,,,USL Championship,,20260421_Brooklyn-FC_Sacramento-Republic-FC,-61.583348715459124,0.56,1.19,3,4,6,10,41.9,58.1,0,0,0,0,2,8
2026-04-22 23:30:00,Rhode Island FC,Charleston Battery,4.0,0.0,"Pawtucket, Rhode Island",USA,Centreville Bank Stadium,,,,USL Championship,,20260422_Rhode-Island-FC_Charleston-Battery,-111.06885219009837,1.76,0.8,4,1,9,1,49.5,50.5,3,5,0,1,1,2
2026-04-23 02:00:00,Oakland Roots,Las Vegas Lights FC,4.0,2.0,"Oakland, California",USA,Oakland-Alameda County Coliseum,,,,USL Championship,,20260423_Oakland-Roots_Las-Vegas-Lights-FC,62.816705898221926,1.72,1.24,5,5,9,12,50.8,49.2,1,0,0,0,2,1
2026-04-30 01:00:00,El Paso Locomotive FC,FC Tulsa,1.0,4.0,"El Paso, Texas",USA,Southwest University Park,,,,USL Championship,,20260430_El-Paso-Locomotive-FC_FC-Tulsa,-61.703646466841064,0.56,1.81,3,5,5,11,41.2,58.8,2,0,0,0,7,7
2026-05-02 21:00:00,Loudoun United FC,Oakland Roots,2.0,2.0,"Leesburg, Virginia",USA,Segra Field,,,,USL Championship,,20260502_Loudoun-United-FC_Oakland-Roots,-47.74542726712298,1.65,1.25,5,4,12,9,43.7,56.3,4,2,1,1,7,12
2026-05-02 22:00:00,Detroit City FC,Louisville City FC,2.0,1.0,"Hamtramck, Michigan",USA,Keyworth Stadium,,,,USL Championship,,20260502_Detroit-City-FC_Louisville-City-FC,-169.9155151050045,1.56,0.53,6,2,13,4,35.1,64.9,1,3,0,0,10,0
2026-05-02 23:00:00,Charleston Battery,Sporting JAX,4.0,0.0,"Mount Pleasant, South Carolina",USA,Ralph Lundy Field at Patriots Point,,,,USL Championship,,20260502_Charleston-Battery_Sporting-JAX,179.26167763345165,0.87,0.59,4,1,8,2,55.5,44.5,1,1,0,0,7,3
2026-05-02 23:00:00,Miami FC,Brooklyn FC,3.0,2.0,"Miami, Florida",USA,Riccardo Silva Stadium,,,,USL Championship,,20260502_Miami-FC_Brooklyn-FC,-72.44224075767738,0.83,0.83,3,3,6,7,47.2,52.8,1,3,1,0,10,4
2026-05-02 23:00:00,Pittsburgh Riverhounds,Phoenix Rising FC,0.0,1.0,"Pittsburgh, Pennsylvania",USA,Highmark Stadium,,,,USL Championship,,20260502_Pittsburgh-Riverhounds_Phoenix-Rising-FC,34.736015799833694,0.57,0.55,2,2,4,4,53.5,46.5,1,0,0,0,1,5
2026-05-02 23:30:00,Rhode Island FC,Birmingham Legion FC,1.0,3.0,"Pawtucket, Rhode Island",USA,Centreville Bank Stadium,,,,USL Championship,,20260502_Rhode-Island-FC_Birmingham-Legion-FC,88.36905524009103,0.99,1.25,4,7,9,15,51.1,48.9,0,1,0,0,5,10
2026-05-02 23:30:00,Tampa Bay Rowdies,Indy Eleven,1.0,0.0,"St. Petersburg, Florida",USA,Al Lang Stadium,,,,USL Championship,,20260502_Tampa-Bay-Rowdies_Indy-Eleven,51.5314500698687,1.53,0.65,5,3,13,8,56.0,44.0,2,1,0,0,8,8
2026-05-03 00:30:00,San Antonio FC,Colorado Springs Switchbacks FC,3.0,3.0,"San Antonio, Texas",USA,Toyota Field,,,,USL Championship,,20260503_San-Antonio-FC_Colorado-Springs-Switchbacks-FC,9.141418462129423,1.87,1.01,6,3,12,8,50.6,49.4,1,3,0,0,4,4
2026-05-03 02:00:00,Sacramento Republic FC,Orange County SC,3.0,2.0,"Sacramento, California",USA,Heart Health Park,,,,USL Championship,,20260503_Sacramento-Republic-FC_Orange-County-SC,-4.008868875449252,1.68,0.75,5,2,9,5,52.2,47.8,4,0,0,0,4,7
2026-05-03 02:30:00,Las Vegas Lights FC,Lexington,2.0,1.0,"Las Vegas, Nevada",USA,Cashman Field,,,,USL Championship,,20260503_Las-Vegas-Lights-FC_Lexington,-60.98037943954114,1.57,0.05,4,1,9,3,44.9,55.1,0,1,0,0,0,7
2026-05-03 23:00:00,Monterey Bay,FC Tulsa,1.0,2.0,"Seaside, California",USA,Cardinale Stadium,,,,USL Championship,,20260503_Monterey-Bay_FC-Tulsa,-216.77952039551565,0.97,0.88,3,4,5,7,35.5,64.5,5,2,0,0,5,8
2026-05-07 01:00:00,New Mexico United,El Paso Locomotive FC,2.0,2.0,"Albuquerque, New Mexico",USA,Isotopes Park,,,,USL Championship,,20260507_New-Mexico-United_El-Paso-Locomotive-FC,43.22881567590093,0.59,1.35,2,4,4,8,44.3,55.7,3,0,0,0,0,2
2026-05-08 00:00:00,Birmingham Legion FC,Miami FC,0.0,0.0,"Birmingham, Alabama",USA,Protective Stadium,,,,USL Championship,,20260508_Birmingham-Legion-FC_Miami-FC,34.90322827394607,0.8,0.05,2,1,4,4,52.4,47.6,1,2,0,0,7,4
2026-05-08 23:30:00,Lexington,Monterey Bay,3.0,1.0,"Lexington, Kentucky",USA,Lexington Stadium,,,,USL Championship,,20260508_Lexington_Monterey-Bay,95.47444360071313,1.56,1.61,5,5,12,10,51.9,48.1,2,2,0,0,5,3
2026-05-09 01:00:00,Colorado Springs Switchbacks FC,Orange County SC,2.0,2.0,"Colorado Springs, Colorado",USA,Weidner Field,,,,USL Championship,,20260509_Colorado-Springs-Switchbacks-FC_Orange-County-SC,-33.72326669328345,0.92,1.12,3,4,8,9,53.0,47.0,2,1,0,0,3,4
2026-05-09 23:00:00,Brooklyn FC,Loudoun United FC,0.0,1.0,Brooklyn,USA,Maimonides Park,,,,USL Championship,,20260509_Brooklyn-FC_Loudoun-United-FC,27.536571181767385,1.31,1.76,4,7,11,15,55.6,44.4,1,0,0,0,5,5
2026-05-09 23:00:00,Hartford Athletic,Detroit City FC,2.0,1.0,"Hartford, Connecticut",USA,Trinity Health Stadium,,,,USL Championship,,20260509_Hartford-Athletic_Detroit-City-FC,-39.174075297190484,2.13,1.04,8,5,18,13,44.6,55.4,1,2,0,0,9,3
2026-05-09 23:00:00,Indy Eleven,Sporting JAX,2.0,1.0,"Indianapolis, Indiana",USA,Michael A. Carroll Stadium,,,,USL Championship,,20260509_Indy-Eleven_Sporting-JAX,52.02213964414932,1.21,0.67,5,1,12,0,50.2,49.8,4,2,0,0,6,1
2026-05-09 23:00:00,Louisville City FC,Pittsburgh Riverhounds,0.0,2.0,"Louisville, Kentucky",USA,Lynn Family Stadium,,,,USL Championship,,20260509_Louisville-City-FC_Pittsburgh-Riverhounds,150.8839487673706,1.08,1.27,3,2,7,4,58.5,41.5,2,1,0,0,4,8
2026-05-09 23:30:00,Rhode Island FC,Tampa Bay Rowdies,1.0,1.0,"Pawtucket, Rhode Island",USA,Centreville Bank Stadium,,,,USL Championship,,20260509_Rhode-Island-FC_Tampa-Bay-Rowdies,-33.08859241255345,1.29,0.05,6,1,15,2,46.7,53.3,1,1,0,0,4,1
2026-05-10 01:00:00,New Mexico United,Las Vegas Lights FC,3.0,1.0,"Albuquerque, New Mexico",USA,Isotopes Park,,,,USL Championship,,20260510_New-Mexico-United_Las-Vegas-Lights-FC,119.72725089322103,1.35,1.23,4,3,10,6,56.7,43.3,2,0,0,0,4,3
2026-05-10 02:00:00,Oakland Roots,El Paso Locomotive FC,2.0,1.0,"Oakland, California",USA,Oakland-Alameda County Coliseum,,,,USL Championship,,20260510_Oakland-Roots_El-Paso-Locomotive-FC,-12.668697302292912,0.8,1.16,2,3,3,7,54.4,45.6,2,4,0,0,2,5
2026-05-10 02:00:00,Phoenix Rising FC,San Antonio FC,1.0,1.0,"Phoenix, Arizona",USA,Phoenix Rising Stadium at 38th St/Washington,,,,USL Championship,,20260510_Phoenix-Rising-FC_San-Antonio-FC,21.97208843290332,1.67,1.14,4,3,9,6,49.5,50.5,2,1,0,0,5,4
2026-05-21 00:00:00,Detroit City FC,Miami FC,2.0,1.0,"Hamtramck, Michigan",USA,Keyworth Stadium,,,,USL Championship,,20260521_Detroit-City-FC_Miami-FC,113.62581180471648,0.98,0.87,3,2,5,3,51.6,48.4,1,3,1,0,2,4
2026-05-21 01:00:00,New Mexico United,Tampa Bay Rowdies,0.0,1.0,"Albuquerque, New Mexico",USA,Isotopes Park,,,,USL Championship,,20260521_New-Mexico-United_Tampa-Bay-Rowdies,-3.857041354463263,1.94,0.43,4,2,10,6,49.9,50.1,1,2,0,0,9,5
2026-05-23 00:30:00,FC Tulsa,Hartford Athletic,2.0,0.0,"Tulsa, Oklahoma",USA,ONEOK Field,,,,USL Championship,,20260523_FC-Tulsa_Hartford-Athletic,56.115309727646036,1.31,0.63,3,1,7,3,54.5,45.5,1,2,0,0,3,6
2026-05-23 22:00:00,Loudoun United FC,Detroit City FC,0.0,0.0,"Leesburg, Virginia",USA,Segra Field,,,,USL Championship,,20260523_Loudoun-United-FC_Detroit-City-FC,-94.11506153217942,0.29,0.91,1,4,3,8,49.3,50.7,0,1,0,0,5,6
2026-05-23 23:00:00,Indy Eleven,Lexington,3.0,1.0,"Indianapolis, Indiana",USA,Michael A. Carroll Stadium,,,,USL Championship,,20260523_Indy-Eleven_Lexington,29.36986074302331,0.82,0.6,3,2,4,4,47.2,52.8,1,2,0,0,4,5
2026-05-23 23:00:00,Miami FC,Louisville City FC,4.0,3.0,"Miami, Florida",USA,Riccardo Silva Stadium,,,,USL Championship,,20260523_Miami-FC_Louisville-City-FC,-253.308428405634,1.25,1.61,5,6,8,13,35.2,64.8,1,1,0,0,6,7
2026-05-23 23:30:00,Rhode Island FC,Brooklyn FC,4.0,1.0,"Pawtucket, Rhode Island",USA,Centreville Bank Stadium,,,,USL Championship,,20260523_Rhode-Island-FC_Brooklyn-FC,63.87538352206457,0.8,1.15,4,2,8,2,55.5,44.5,0,2,0,0,4,4
2026-05-23 23:30:00,Tampa Bay Rowdies,Phoenix Rising FC,3.0,0.0,"St. Petersburg, Florida",USA,Al Lang Stadium,,,,USL Championship,,20260523_Tampa-Bay-Rowdies_Phoenix-Rising-FC,33.8916765732522,2.25,0.55,7,2,16,5,52.6,47.4,2,2,0,0,8,6
2026-05-24 00:30:00,San Antonio FC,Sacramento Republic FC,2.0,1.0,"San Antonio, Texas",USA,Toyota Field,,,,USL Championship,,20260524_San-Antonio-FC_Sacramento-Republic-FC,-44.723332092140026,2.2,0.93,7,5,18,9,53.5,46.5,2,2,0,1,8,7
2026-05-24 01:00:00,New Mexico United,Charleston Battery,1.0,0.0,"Albuquerque, New Mexico",USA,Isotopes Park,,,,USL Championship,,20260524_New-Mexico-United_Charleston-Battery,-84.71534707361934,0.8,1.11,1,5,1,10,41.7,58.3,1,2,0,0,2,5
2026-05-24 02:00:00,Monterey Bay,Birmingham Legion FC,2.0,0.0,"Seaside, California",USA,Cardinale Stadium,,,,USL Championship,,20260524_Monterey-Bay_Birmingham-Legion-FC,-111.50831703908261,1.69,1.23,8,5,19,11,48.0,52.0,1,4,0,1,11,9
2026-05-24 02:00:00,Orange County SC,Oakland Roots,3.0,2.0,,USA,Santa Ana Stadium,,,,USL Championship,,20260524_Orange-County-SC_Oakland-Roots,33.18035205632873,0.94,0.61,3,3,5,9,49.6,50.4,3,2,0,0,5,2
2026-05-24 02:30:00,Las Vegas Lights FC,Colorado Springs Switchbacks FC,2.0,0.0,"Las Vegas, Nevada",USA,Cashman Field,,,,USL Championship,,20260524_Las-Vegas-Lights-FC_Colorado-Springs-Switchbacks-FC,-89.03828574681938,0.88,0.35,2,0,4,0,54.9,45.1,3,1,0,0,5,2
2026-05-27 23:30:00,Sporting JAX,San Antonio FC,4.0,4.0,Jacksonville,USA,Hodges Stadium,,,,USL Championship,,20260527_Sporting-JAX_San-Antonio-FC,-104.15192321112113,1.89,2.01,5,7,12,15,44.0,56.0,0,1,0,0,3,6
2026-05-30 22:00:00,Charleston Battery,Detroit City FC,2.0,0.0,"Mount Pleasant, South Carolina",USA,Ralph Lundy Field at Patriots Point,,,,USL Championship,,20260530_Charleston-Battery_Detroit-City-FC,59.50407547660325,0.21,0.05,2,0,2,0,47.8,52.2,0,2,0,0,7,1
2026-05-30 23:00:00,Hartford Athletic,New Mexico United,0.0,0.0,"Hartford, Connecticut",USA,Trinity Health Stadium,,,,USL Championship,,20260530_Hartford-Athletic_New-Mexico-United,-32.121644111668274,0.05,0.86,2,4,4,9,45.4,54.6,2,1,0,0,5,11
2026-05-30 23:00:00,Indy Eleven,Rhode Island FC,1.0,0.0,"Indianapolis, Indiana",USA,Michael A. Carroll Stadium,,,,USL Championship,,20260530_Indy-Eleven_Rhode-Island-FC,-28.66227257127275,1.12,0.91,3,3,8,9,51.3,48.7,1,2,0,0,2,7
2026-05-30 23:00:00,Louisville City FC,Tampa Bay Rowdies,0.0,2.0,"Louisville, Kentucky",USA,Lynn Family Stadium,,,,USL Championship,,20260530_Louisville-City-FC_Tampa-Bay-Rowdies,78.88480847266374,0.45,0.05,1,2,5,2,59.9,40.1,2,2,1,0,3,5
2026-05-30 23:00:00,Pittsburgh Riverhounds,Miami FC,2.0,0.0,"Pittsburgh, Pennsylvania",USA,Highmark Stadium,,,,USL Championship,,20260530_Pittsburgh-Riverhounds_Miami-FC,116.76783665629114,0.95,0.99,3,4,7,8,56.9,43.1,2,1,0,0,5,6
2026-05-31 00:00:00,Oakland Roots,Colorado Springs Switchbacks FC,0.0,1.0,"Oakland, California",USA,Oakland-Alameda County Coliseum,,,,USL Championship,,20260531_Oakland-Roots_Colorado-Springs-Switchbacks-FC,2.3728921837343933,1.02,0.2,3,1,7,2,51.6,48.4,0,2,0,0,7,5
2026-05-31 01:00:00,El Paso Locomotive FC,Lexington,1.0,4.0,"El Paso, Texas",USA,Southwest University Park,,,,USL Championship,,20260531_El-Paso-Locomotive-FC_Lexington,36.42617086433529,0.36,2.29,3,10,7,20,51.8,48.2,1,1,0,0,1,11
2026-05-31 02:00:00,Monterey Bay,Loudoun United FC,4.0,1.0,"Seaside, California",USA,Cardinale Stadium,,,,USL Championship,,20260531_Monterey-Bay_Loudoun-United-FC,-94.17749679584813,1.31,1.0,4,3,9,7,44.5,55.5,0,3,0,0,3,7
2026-05-31 02:30:00,Las Vegas Lights FC,FC Tulsa,0.0,0.0,"Las Vegas, Nevada",USA,Cashman Field,,,,USL Championship,,20260531_Las-Vegas-Lights-FC_FC-Tulsa,-167.91290349816836,0.14,1.39,0,6,0,12,40.3,59.7,1,1,0,0,2,0
2026-05-31 02:30:00,Phoenix Rising FC,Sacramento Republic FC,2.0,0.0,"Phoenix, Arizona",USA,Phoenix Rising Stadium at 38th St/Washington,,,,USL Championship,,20260531_Phoenix-Rising-FC_Sacramento-Republic-FC,-21.563909841195027,1.05,0.47,3,2,6,4,52.1,47.9,2,2,0,0,1,8
2026-05-31 18:00:00,Sporting JAX,Brooklyn FC,2.0,2.0,Jacksonville,USA,Hodges Stadium,,,,USL Championship,,20260531_Sporting-JAX_Brooklyn-FC,-25.100137138010496,0.97,1.6,2,4,3,10,42.2,57.8,0,1,0,0,1,4
2026-06-04 00:00:00,Birmingham Legion FC,Louisville City FC,1.0,1.0,"Birmingham, Alabama",USA,Protective Stadium,,,,USL Championship,,20260604_Birmingham-Legion-FC_Louisville-City-FC,-194.17408186888883,1.59,2.09,5,8,11,18,48.8,51.2,2,1,0,0,8,8
2026-06-11 00:45:00,Tampa Bay Rowdies,Charleston Battery,2.0,2.0,"St. Petersburg, Florida",USA,Al Lang Stadium,,,,USL Championship,,20260611_Tampa-Bay-Rowdies_Charleston-Battery,-26.70823453228013,1.4,0.42,4,2,10,5,46.9,53.1,3,2,0,0,5,6
2026-06-11 00:51:00,Detroit City FC,El Paso Locomotive FC,1.0,1.0,"Hamtramck, Michigan",USA,Keyworth Stadium,,,,USL Championship,,20260611_Detroit-City-FC_El-Paso-Locomotive-FC,62.48041418346088,1.13,0.66,4,2,9,2,50.5,49.5,1,2,0,0,6,2
2026-06-11 02:00:00,Monterey Bay,Sporting JAX,2.0,1.0,"Seaside, California",USA,Cardinale Stadium,,,,USL Championship,,20260611_Monterey-Bay_Sporting-JAX,-43.41406137580498,2.33,1.22,9,4,18,11,44.1,55.9,1,3,0,0,8,5
2026-06-11 02:30:00,Phoenix Rising FC,Louisville City FC,0.0,2.0,"Phoenix, Arizona",USA,Phoenix Rising Stadium at 38th St/Washington,,,,USL Championship,,20260611_Phoenix-Rising-FC_Louisville-City-FC,-100.93444734261197,1.4,0.95,1,4,0,9,43.5,56.5,1,1,0,0,2,5
2026-06-13 22:00:00,Loudoun United FC,Rhode Island FC,1.0,4.0,"Leesburg, Virginia",USA,Segra Field,,,,USL Championship,,20260613_Loudoun-United-FC_Rhode-Island-FC,-74.34640130750586,0.92,1.77,3,5,7,11,43.2,56.8,2,2,0,0,5,7
2026-06-13 23:00:00,Lexington,San Antonio FC,2.0,0.0,"Lexington, Kentucky",USA,Lexington Stadium,,,,USL Championship,,20260613_Lexington_San-Antonio-FC,-55.30781218960692,1.08,0.64,4,3,10,9,49.1,50.9,1,3,0,0,5,5
2026-06-13 23:00:00,Pittsburgh Riverhounds,Indy Eleven,1.0,0.0,"Pittsburgh, Pennsylvania",USA,Highmark Stadium,,,,USL Championship,,20260613_Pittsburgh-Riverhounds_Indy-Eleven,48.76245503495147,0.89,0.67,3,0,6,0,47.6,52.4,2,2,0,0,6,4
2026-06-13 23:30:00,Charleston Battery,FC Tulsa,5.0,1.0,"Mount Pleasant, South Carolina",USA,Ralph Lundy Field at Patriots Point,,,,USL Championship,,20260613_Charleston-Battery_FC-Tulsa,25.256504105786007,1.31,0.81,5,5,11,11,56.5,43.5,1,0,0,0,6,7
2026-06-13 23:30:00,Tampa Bay Rowdies,Hartford Athletic,0.0,1.0,"St. Petersburg, Florida",USA,Al Lang Stadium,,,,USL Championship,,20260613_Tampa-Bay-Rowdies_Hartford-Athletic,70.16913517939338,1.91,0.53,5,2,9,5,47.4,52.6,1,3,0,0,2,4
2026-06-14 00:00:00,Birmingham Legion FC,Las Vegas Lights FC,1.0,2.0,"Birmingham, Alabama",USA,Protective Stadium,,,,USL Championship,,20260614_Birmingham-Legion-FC_Las-Vegas-Lights-FC,18.047833813257284,0.77,1.07,2,3,5,5,52.7,47.3,2,1,0,0,2,2
2026-06-14 00:00:00,Louisville City FC,Brooklyn FC,2.0,2.0,"Louisville, Kentucky",USA,Lynn Family Stadium,,,,USL Championship,,20260614_Louisville-City-FC_Brooklyn-FC,194.7979461492041,1.28,1.2,5,4,12,7,61.8,38.2,0,2,0,0,6,2
2026-06-14 01:00:00,Colorado Springs Switchbacks FC,Sacramento Republic FC,0.0,1.0,"Colorado Springs, Colorado",USA,Weidner Field,,,,USL Championship,,20260614_Colorado-Springs-Switchbacks-FC_Sacramento-Republic-FC,-29.477859513836393,0.51,0.76,0,4,0,7,52.2,47.8,1,2,0,0,1,7
2026-06-14 01:00:00,El Paso Locomotive FC,Phoenix Rising FC,1.0,1.0,"El Paso, Texas",USA,Southwest University Park,,,,USL Championship,,20260614_El-Paso-Locomotive-FC_Phoenix-Rising-FC,-46.96903480627611,0.78,0.32,4,1,6,2,45.2,54.8,1,1,0,0,5,2
2026-06-14 01:10:00,Sporting JAX,Detroit City FC,2.0,6.0,Jacksonville,USA,Hodges Stadium,,,,USL Championship,,20260614_Sporting-JAX_Detroit-City-FC,-124.74837939409349,1.57,2.27,5,8,11,17,47.5,52.5,1,0,0,0,5,7
2026-06-14 01:30:00,New Mexico United,Orange County SC,1.0,1.0,"Albuquerque, New Mexico",USA,Isotopes Park,,,,USL Championship,,20260614_New-Mexico-United_Orange-County-SC,6.3687859714200385,0.93,1.04,4,4,8,7,48.0,52.0,3,1,0,0,2,3
2026-06-14 02:00:00,Oakland Roots,Miami FC,0.0,0.0,"Oakland, California",USA,Oakland-Alameda County Coliseum,,,,USL Championship,,20260614_Oakland-Roots_Miami-FC,45.5891071254664,0.61,0.05,4,1,8,2,52.3,47.7,3,4,0,0,5,2
2026-06-17 19:00:00,Oakland Roots,Birmingham Legion FC,1.0,1.0,"Oakland, California",USA,Oakland-Alameda County Coliseum,,,,USL Championship,,20260617_Oakland-Roots_Birmingham-Legion-FC,36.932700469889596,0.82,0.91,3,3,8,8,43.2,56.8,1,3,0,0,4,4
2026-06-18 00:30:00,FC Tulsa,Monterey Bay,2.0,0.0,"Tulsa, Oklahoma",USA,ONEOK Field,,,,USL Championship,,20260618_FC-Tulsa_Monterey-Bay,185.4410830238537,1.38,0.44,6,1,12,3,60.0,40.0,1,0,0,0,6,3
2026-06-20 23:00:00,Brooklyn FC,Tampa Bay Rowdies,0.0,2.0,Brooklyn,USA,Maimonides Park,,,,USL Championship,,20260620_Brooklyn-FC_Tampa-Bay-Rowdies,-123.17537364633404,1.26,1.83,5,6,10,12,53.3,46.7,1,1,0,0,4,15
2026-06-20 23:00:00,Hartford Athletic,Pittsburgh Riverhounds,0.0,0.0,"Hartford, Connecticut",USA,Trinity Health Stadium,,,,USL Championship,,20260620_Hartford-Athletic_Pittsburgh-Riverhounds,-39.901950507793345,0.39,0.96,0,4,1,8,46.9,53.1,1,0,0,0,2,6
2026-06-21 00:00:00,Birmingham Legion FC,Loudoun United FC,1.0,1.0,"Birmingham, Alabama",USA,Protective Stadium,,,,USL Championship,,20260621_Birmingham-Legion-FC_Loudoun-United-FC,5.261922950948929,0.9,1.22,3,4,6,11,51.6,48.4,2,2,0,0,5,5
2026-06-21 00:30:00,FC Tulsa,Colorado Springs Switchbacks FC,1.0,2.0,"Tulsa, Oklahoma",USA,ONEOK Field,,,,USL Championship,,20260621_FC-Tulsa_Colorado-Springs-Switchbacks-FC,97.42175501825909,0.75,1.33,3,3,7,6,50.0,50.0,1,2,0,0,4,5
2026-06-21 01:30:00,Sporting JAX,Charleston Battery,2.0,5.0,Jacksonville,USA,Hodges Stadium,,,,USL Championship,,20260621_Sporting-JAX_Charleston-Battery,-224.39278715454907,1.29,1.69,5,5,11,13,44.8,55.2,4,4,0,0,11,4
2026-06-21 02:00:00,Monterey Bay,El Paso Locomotive FC,1.0,0.0,"Seaside, California",USA,Cardinale Stadium,,,,USL Championship,,20260621_Monterey-Bay_El-Paso-Locomotive-FC,-90.72226627988152,0.63,0.27,3,0,7,0,45.7,54.3,4,3,0,0,7,0
2026-06-21 02:30:00,Las Vegas Lights FC,Orange County SC,2.0,3.0,"Las Vegas, Nevada",USA,Cashman Field,,,,USL Championship,,20260621_Las-Vegas-Lights-FC_Orange-County-SC,-98.49774929737828,0.46,1.43,2,5,4,9,50.7,49.3,1,4,0,0,5,5
2026-06-21 02:30:00,Phoenix Rising FC,Oakland Roots,3.0,4.0,"Phoenix, Arizona",USA,Phoenix Rising Stadium at 38th St/Washington,,,,USL Championship,,20260621_Phoenix-Rising-FC_Oakland-Roots,47.807922328073346,1.84,2.29,7,8,14,18,55.5,44.5,3,1,0,0,5,5
2026-06-21 03:00:00,Sacramento Republic FC,New Mexico United,0.0,1.0,"Sacramento, California",USA,Heart Health Park,,,,USL Championship,,20260621_Sacramento-Republic-FC_New-Mexico-United,-10.872888126755015,0.85,0.49,2,2,4,2,44.3,55.7,2,3,0,1,2,6
2026-06-24 23:00:00,Charleston Battery,Loudoun United FC,4.0,1.0,"Mount Pleasant, South Carolina",USA,Ralph Lundy Field at Patriots Point,,,,USL Championship,,20260624_Charleston-Battery_Loudoun-United-FC,197.08343528633418,0.47,0.68,4,1,10,1,57.4,42.6,3,0,0,0,3,2
2026-06-24 23:33:00,Miami FC,Orange County SC,2.0,4.0,"Miami, Florida",USA,Riccardo Silva Stadium,,,,USL Championship,,20260624_Miami-FC_Orange-County-SC,-119.90698041595692,1.42,2.36,5,6,11,12,43.4,56.6,3,4,0,0,7,7
2026-06-25 00:00:00,Colorado Springs Switchbacks FC,San Antonio FC,1.0,2.0,"Colorado Springs, Colorado",USA,Weidner Field,,,,USL Championship,,20260625_Colorado-Springs-Switchbacks-FC_San-Antonio-FC,-2.8882163811513237,1.35,1.09,4,3,7,6,53.7,46.3,0,1,0,0,6,3
2026-07-03 00:00:00,Birmingham Legion FC,Detroit City FC,1.0,2.0,"Birmingham, Alabama",USA,Protective Stadium,,,,USL Championship,,20260703_Birmingham-Legion-FC_Detroit-City-FC,-103.10188118504266,1.36,1.76,6,4,12,8,45.6,54.4,2,2,0,0,3,4
2026-07-03 23:30:00,Loudoun United FC,Sporting JAX,2.0,2.0,"Leesburg, Virginia",USA,Segra Field,,,,USL Championship,,20260703_Loudoun-United-FC_Sporting-JAX,31.816467952287212,0.43,0.16,2,3,4,9,51.9,48.1,0,5,0,0,3,4
2026-07-04 20:00:00,Indy Eleven,Charleston Battery,2.0,0.0,"Indianapolis, Indiana",USA,Michael A. Carroll Stadium,,,,USL Championship,,20260704_Indy-Eleven_Charleston-Battery,-132.30165712873645,2.06,1.35,7,3,16,8,47.4,52.6,1,2,0,0,5,5
2026-07-04 22:00:00,Tampa Bay Rowdies,Lexington,1.0,4.0,"St. Petersburg, Florida",USA,Al Lang Stadium,,,,USL Championship,,20260704_Tampa-Bay-Rowdies_Lexington,105.67532231338396,0.92,1.42,3,5,4,10,55.5,44.5,2,0,1,0,1,6
2026-07-04 23:30:00,Rhode Island FC,Orange County SC,1.0,1.0,"Pawtucket, Rhode Island",USA,Centreville Bank Stadium,,,,USL Championship,,20260704_Rhode-Island-FC_Orange-County-SC,-33.10070366381569,1.13,1.03,4,3,8,7,42.6,57.4,2,2,0,0,4,4
2026-07-05 00:00:00,Louisville City FC,Hartford Athletic,1.0,0.0,"Louisville, Kentucky",USA,Lynn Family Stadium,,,,USL Championship,,20260705_Louisville-City-FC_Hartford-Athletic,99.43385535858715,1.42,1.83,3,6,8,10,56.9,43.1,1,2,0,0,4,10
2026-07-05 00:06:00,Pittsburgh Riverhounds,Brooklyn FC,0.0,2.0,"Pittsburgh, Pennsylvania",USA,Highmark Stadium,,,,USL Championship,,20260705_Pittsburgh-Riverhounds_Brooklyn-FC,128.23370612186386,1.06,1.2,3,3,7,7,50.1,49.9,3,0,0,0,3,6
2026-07-05 01:00:00,Colorado Springs Switchbacks FC,Phoenix Rising FC,3.0,1.0,"Colorado Springs, Colorado",USA,Weidner Field,,,,USL Championship,,20260705_Colorado-Springs-Switchbacks-FC_Phoenix-Rising-FC,-17.14480017494907,1.53,1.78,7,7,18,15,48.5,51.5,1,3,0,0,11,6
2026-07-05 01:00:00,San Antonio FC,Monterey Bay,0.0,0.0,"San Antonio, Texas",USA,Toyota Field,,,,USL Championship,,20260705_San-Antonio-FC_Monterey-Bay,115.30533296132444,0.24,0.05,1,1,2,3,50.9,49.1,0,3,0,0,2,3
2026-07-05 01:30:00,New Mexico United,Oakland Roots,2.0,1.0,"Albuquerque, New Mexico",USA,Isotopes Park,,,,USL Championship,,20260705_New-Mexico-United_Oakland-Roots,73.94621979259455,0.63,1.08,2,3,4,6,50.6,49.4,1,0,0,0,5,6
2026-07-05 02:30:00,Las Vegas Lights FC,El Paso Locomotive FC,1.0,2.0,"Las Vegas, Nevada",USA,Cashman Field,,,,USL Championship,,20260705_Las-Vegas-Lights-FC_El-Paso-Locomotive-FC,-26.15010071344045,1.37,1.37,5,4,12,6,54.6,45.4,1,3,0,0,3,10
2026-07-05 23:00:00,Miami FC,Birmingham Legion FC,1.0,1.0,"Miami, Florida",USA,Riccardo Silva Stadium,,,,USL Championship,,20260705_Miami-FC_Birmingham-Legion-FC,-6.089824786710096,0.99,1.22,3,4,6,9,49.1,50.9,2,3,0,0,2,6
2026-07-08 23:00:00,Hartford Athletic,Orange County SC,2.0,2.0,"Hartford, Connecticut",USA,Trinity Health Stadium,,,,USL Championship,,20260708_Hartford-Athletic_Orange-County-SC,-32.21542949400737,0.96,1.41,4,4,10,9,42.0,58.0,0,3,0,0,5,7
2026-07-09 02:30:00,Sacramento Republic FC,Rhode Island FC,2.0,1.0,"Sacramento, California",USA,Heart Health Park,,,,USL Championship,,20260709_Sacramento-Republic-FC_Rhode-Island-FC,-1.3095110798628866,1.32,0.06,5,1,13,4,52.1,47.9,1,0,0,0,7,5
2026-07-15 23:00:00,Lexington,New Mexico United,1.0,4.0,"Lexington, Kentucky",USA,Lexington Stadium,,,,USL Championship,,20260715_Lexington_New-Mexico-United,-77.23814248345207,0.4,1.68,2,6,5,12,37.9,62.1,0,2,0,0,4,11
2026-07-15 23:00:00,Miami FC,Indy Eleven,2.0,0.0,"Miami, Florida",USA,Riccardo Silva Stadium,,,,USL Championship,,20260715_Miami-FC_Indy-Eleven,-96.5034933232057,0.63,0.78,2,1,5,3,51.7,48.3,0,3,0,0,3,4
2026-07-15 23:30:00,Sporting JAX,Pittsburgh Riverhounds,2.0,1.0,Jacksonville,USA,Hodges Stadium,,,,USL Championship,,20260715_Sporting-JAX_Pittsburgh-Riverhounds,-158.98785612822576,1.75,0.36,4,3,9,5,45.6,54.4,2,2,0,0,7,2
2026-07-18 16:00:00,Pittsburgh Riverhounds,Louisville City FC,3.0,1.0,"Pittsburgh, Pennsylvania",USA,Highmark Stadium,,,,USL Championship,,20260718_Pittsburgh-Riverhounds_Louisville-City-FC,-104.30850458355894,1.85,0.38,5,1,10,2,45.3,54.7,2,3,0,0,7,5
2026-07-18 23:00:00,Detroit City FC,Indy Eleven,2.0,0.0,"Hamtramck, Michigan",USA,Keyworth Stadium,,,,USL Championship,,20260718_Detroit-City-FC_Indy-Eleven,44.80778181754545,1.65,0.52,7,2,15,5,54.0,46.0,3,3,0,0,18,2
2026-07-18 23:00:00,Loudoun United FC,Tampa Bay Rowdies,1.0,1.0,"Leesburg, Virginia",USA,Segra Field,,,,USL Championship,,20260718_Loudoun-United-FC_Tampa-Bay-Rowdies,-140.83246000516237,2.01,0.28,5,2,10,5,36.4,63.6,2,2,0,0,4,3
2026-07-18 23:00:00,Sporting JAX,Brooklyn FC,2.0,2.0,Jacksonville,USA,Hodges Stadium,,,,USL Championship,,20260718_Sporting-JAX_Brooklyn-FC,-46.09321237166978,1.42,0.12,2,2,4,4,49.5,50.5,1,2,0,0,2,4
2026-07-18 23:30:00,Charleston Battery,Sacramento Republic FC,1.0,1.0,"Mount Pleasant, South Carolina",USA,Ralph Lundy Field at Patriots Point,,,,USL Championship,,20260718_Charleston-Battery_Sacramento-Republic-FC,81.58109431782827,0.78,1.73,2,6,3,14,52.4,47.6,1,0,0,0,7,9
2026-07-18 23:30:00,Rhode Island FC,Hartford Athletic,1.0,0.0,"Pawtucket, Rhode Island",USA,Centreville Bank Stadium,,,,USL Championship,,20260718_Rhode-Island-FC_Hartford-Athletic,-11.760383840489112,1.42,0.58,6,2,13,4,49.9,50.1,4,3,0,0,10,4
2026-07-19 00:30:00,FC Tulsa,El Paso Locomotive FC,1.0,0.0,"Tulsa, Oklahoma",USA,ONEOK Field,,,,USL Championship,,20260719_FC-Tulsa_El-Paso-Locomotive-FC,95.68741113924693,0.38,0.54,1,0,0,4,51.6,48.4,1,1,0,0,2,1
2026-07-19 01:00:00,San Antonio FC,Las Vegas Lights FC,1.0,2.0,"San Antonio, Texas",USA,Toyota Field,,,,USL Championship,,20260719_San-Antonio-FC_Las-Vegas-Lights-FC,88.11743754418944,0.93,1.22,4,5,7,12,51.2,48.8,5,1,0,0,2,4
2026-07-19 02:30:00,Phoenix Rising FC,Monterey Bay,3.0,2.0,"Phoenix, Arizona",USA,Phoenix Rising Stadium at 38th St/Washington,,,,USL Championship,,20260719_Phoenix-Rising-FC_Monterey-Bay,89.32728377595367,1.19,0.54,6,2,12,5,53.9,46.1,0,0,0,0,5,5
2026-07-22 23:00:00,Lexington,Oakland Roots,2.0,0.0,"Lexington, Kentucky",USA,Lexington Stadium,,,,USL Championship,,20260722_Lexington_Oakland-Roots,6.300424906953822,0.98,1.36,2,5,3,11,51.9,48.1,1,1,0,0,4,4
2026-07-23 01:50:00,Colorado Springs Switchbacks FC,Miami FC,2.0,0.0,"Colorado Springs, Colorado",USA,Weidner Field,,,,USL Championship,,20260723_Colorado-Springs-Switchbacks-FC_Miami-FC,63.3562025143201,1.39,0.29,3,3,9,6,49.7,50.3,1,2,0,0,8,0
2026-07-25 23:00:00,Brooklyn FC,San Antonio FC,0.0,1.0,Brooklyn,USA,Maimonides Park,,,,USL Championship,,20260725_Brooklyn-FC_San-Antonio-FC,-39.27241904275479,1.42,0.49,5,1,10,2,48.2,51.8,3,1,1,0,6,5
2026-07-25 23:00:00,Detroit City FC,Las Vegas Lights FC,0.0,1.0,"Hamtramck, Michigan",USA,Keyworth Stadium,,,,USL Championship,,20260725_Detroit-City-FC_Las-Vegas-Lights-FC,120.79908667860923,1.3,0.62,3,3,6,8,54.1,45.9,2,1,0,1,1,4
2026-07-25 23:00:00,Indy Eleven,Loudoun United FC,0.0,1.0,"Indianapolis, Indiana",USA,Michael A. Carroll Stadium,,,,USL Championship,,20260725_Indy-Eleven_Loudoun-United-FC,63.59320491384756,0.53,1.61,2,6,6,15,56.0,44.0,0,0,0,0,3,9
2026-07-25 23:00:00,Miami FC,Tampa Bay Rowdies,2.0,3.0,"Miami, Florida",USA,Riccardo Silva Stadium,,,,USL Championship,,20260725_Miami-FC_Tampa-Bay-Rowdies,-133.38921773146194,2.72,1.92,10,7,20,16,42.8,57.2,1,4,0,0,10,6
2026-07-25 23:00:00,Pittsburgh Riverhounds,Rhode Island FC,0.0,1.0,"Pittsburgh, Pennsylvania",USA,Highmark Stadium,,,,USL Championship,,20260725_Pittsburgh-Riverhounds_Rhode-Island-FC,26.181343375407778,0.05,1.23,0,4,0,9,51.6,48.4,2,1,0,0,1,10
2026-07-26 00:30:00,FC Tulsa,Lexington,0.0,0.0,"Tulsa, Oklahoma",USA,ONEOK Field,,,,USL Championship,,20260726_FC-Tulsa_Lexington,82.32189927938089,0.62,0.05,5,0,11,1,57.9,42.1,3,3,0,0,9,4
2026-07-26 01:00:00,Colorado Springs Switchbacks FC,Charleston Battery,2.0,1.0,"Colorado Springs, Colorado",USA,Weidner Field,,,,USL Championship,,20260726_Colorado-Springs-Switchbacks-FC_Charleston-Battery,-104.87471308254067,0.62,0.68,3,2,7,5,47.9,52.1,1,1,0,0,2,3
2026-07-26 01:00:00,El Paso Locomotive FC,Sporting JAX,2.0,0.0,"El Paso, Texas",USA,Southwest University Park,,,,USL Championship,,20260726_El-Paso-Locomotive-FC_Sporting-JAX,48.633529919459534,2.04,0.05,6,0,13,1,48.8,51.2,1,3,0,0,3,2
2026-07-26 02:00:00,Monterey Bay,Orange County SC,1.0,2.0,"Seaside, California",USA,Cardinale Stadium,,,,USL Championship,,20260726_Monterey-Bay_Orange-County-SC,-161.21903239761605,0.4,0.96,1,3,1,5,49.0,51.0,2,0,0,0,2,1
2026-07-26 02:00:00,Oakland Roots,Sacramento Republic FC,1.0,3.0,"Oakland, California",USA,Oakland-Alameda County Coliseum,,,,USL Championship,,20260726_Oakland-Roots_Sacramento-Republic-FC,-75.90271190815179,1.22,1.74,2,4,5,8,46.0,54.0,1,2,0,0,7,6
2026-07-26 02:30:00,Phoenix Rising FC,Hartford Athletic,0.0,0.0,"Phoenix, Arizona",USA,Phoenix Rising Stadium at 38th St/Washington,,,,USL Championship,,20260726_Phoenix-Rising-FC_Hartford-Athletic,-11.52734106528851,0.05,0.49,1,1,2,1,51.9,48.1,2,1,0,0,0,2
2026-07-29 23:00:00,Pittsburgh Riverhounds,FC Tulsa,0.0,1.0,"Pittsburgh, Pennsylvania",USA,Highmark Stadium,,,,USL Championship,,20260729_Pittsburgh-Riverhounds_FC-Tulsa,-33.35636046363811,1.65,0.6,5,1,11,3,46.4,53.6,1,1,0,0,6,2
2026-07-29 23:30:00,Louisville City FC,Birmingham Legion FC,2.0,1.0,"Louisville, Kentucky",USA,Lynn Family Stadium,,,,USL Championship,,20260729_Louisville-City-FC_Birmingham-Legion-FC,197.95183220874014,2.31,1.11,8,4,17,11,60.0,40.0,1,1,0,0,9,6
2026-08-01 01:00:00,San Antonio FC,Indy Eleven,3.0,1.0,"San Antonio, Texas",USA,Toyota Field,,,,USL Championship,,20260801_San-Antonio-FC_Indy-Eleven,27.9098243293613,1.4,1.25,5,5,12,10,50.8,49.2,2,1,0,0,8,11
2026-08-01 23:00:00,Lexington,Monterey Bay,3.0,2.0,"Lexington, Kentucky",USA,Lexington Stadium,,,,USL Championship,,20260801_Lexington_Monterey-Bay,108.56370104413554,0.4,0.88,3,3,8,7,54.5,45.5,3,1,0,0,5,4
2026-08-01 23:00:00,Loudoun United FC,Hartford Athletic,2.0,0.0,"Leesburg, Virginia",USA,Segra Field,,,,USL Championship,,20260801_Loudoun-United-FC_Hartford-Athletic,-69.3062880861346,1.12,1.27,3,4,7,7,45.5,54.5,0,1,0,0,3,4
2026-08-01 23:30:00,Charleston Battery,Brooklyn FC,5.0,0.0,"Mount Pleasant, South Carolina",USA,Ralph Lundy Field at Patriots Point,,,,USL Championship,,20260801_Charleston-Battery_Brooklyn-FC,153.84133047080036,1.9,0.14,6,2,13,3,56.3,43.7,0,1,0,0,7,5
2026-08-02 00:00:00,Tampa Bay Rowdies,Louisville City FC,5.0,4.0,"St. Petersburg, Florida",USA,Al Lang Stadium,,,,USL Championship,,20260802_Tampa-Bay-Rowdies_Louisville-City-FC,-63.02875949224472,2.06,1.3,6,4,13,8,47.0,53.0,2,1,0,0,6,6
2026-08-02 00:06:00,Miami FC,Detroit City FC,2.0,2.0,"Miami, Florida",USA,Riccardo Silva Stadium,,,,USL Championship,,20260802_Miami-FC_Detroit-City-FC,-122.70274720986072,0.74,0.42,2,2,4,3,55.0,45.0,2,0,0,0,4,4
2026-08-02 01:30:00,New Mexico United,Colorado Springs Switchbacks FC,1.0,0.0,"Albuquerque, New Mexico",USA,Isotopes Park,,,,USL Championship,,20260802_New-Mexico-United_Colorado-Springs-Switchbacks-FC,51.48064781619678,0.98,1.07,3,3,8,6,53.7,46.3,2,3,0,0,4,1
2026-08-02 02:00:00,Oakland Roots,Pittsburgh Riverhounds,0.0,1.0,"Oakland, California",USA,Oakland-Alameda County Coliseum,,,,USL Championship,,20260802_Oakland-Roots_Pittsburgh-Riverhounds,-74.60743645314665,0.89,1.26,2,4,4,10,47.0,53.0,0,1,0,0,2,8
2026-08-02 02:00:00,Orange County SC,El Paso Locomotive FC,2.0,0.0,"Irvine, California",USA,Championship Soccer Stadium,,,,USL Championship,,20260802_Orange-County-SC_El-Paso-Locomotive-FC,89.63267748462977,0.22,1.84,2,6,4,14,49.2,50.8,1,1,0,0,2,4
2026-08-02 02:30:00,Las Vegas Lights FC,Phoenix Rising FC,1.0,1.0,"Las Vegas, Nevada",USA,Cashman Field,,,,USL Championship,,20260802_Las-Vegas-Lights-FC_Phoenix-Rising-FC,-48.21154809424547,0.61,1.3,1,4,0,7,47.1,52.9,2,5,0,0,2,2
2026-08-02 03:00:00,Sacramento Republic FC,Sporting JAX,5.0,0.0,"Sacramento, California",USA,Heart Health Park,,,,USL Championship,,20260802_Sacramento-Republic-FC_Sporting-JAX,145.33933062143933,1.57,0.96,5,3,13,5,60.4,39.6,0,0,0,0,9,3
2026-08-02 23:00:00,Birmingham Legion FC,Rhode Island FC,1.0,0.0,"Birmingham, Alabama",USA,Protective Stadium,,,,USL Championship,,20260802_Birmingham-Legion-FC_Rhode-Island-FC,-117.17885224438874,1.62,1.05,6,2,13,4,41.1,58.9,1,0,0,0,8,5
2026-08-06 00:30:00,FC Tulsa,Sacramento Republic FC,1.0,0.0,"Tulsa, Oklahoma",USA,ONEOK Field,,,,USL Championship,,20260806_FC-Tulsa_Sacramento-Republic-FC,27.671456991934747,1.31,1.0,4,2,9,3,48.2,51.8,2,2,0,0,9,4
2026-08-06 01:00:00,El Paso Locomotive FC,Monterey Bay,1.0,0.0,"El Paso, Texas",USA,Southwest University Park,,,,USL Championship,,20260806_El-Paso-Locomotive-FC_Monterey-Bay,84.58242248724173,0.8,1.48,3,4,6,9,48.2,51.8,2,1,0,0,2,6
2026-08-06 02:30:00,Las Vegas Lights FC,Oakland Roots,0.0,0.0,"Las Vegas, Nevada",USA,Cashman Field,,,,USL Championship,,20260806_Las-Vegas-Lights-FC_Oakland-Roots,10.904119268247996,1.09,0.89,3,3,6,7,49.8,50.2,0,2,0,0,3,5
2026-08-08 23:00:00,Lexington,Phoenix Rising FC,1.0,0.0,"Lexington, Kentucky",USA,Lexington Stadium,,,,USL Championship,,20260808_Lexington_Phoenix-Rising-FC,4.099142809847081,0.62,1.79,2,8,4,18,47.1,52.9,0,3,0,0,6,2
2026-08-08 23:00:00,Loudoun United FC,Charleston Battery,0.0,1.0,"Leesburg, Virginia",USA,Segra Field,,,,USL Championship,,20260808_Loudoun-United-FC_Charleston-Battery,-149.07487026353124,0.93,1.27,3,3,7,6,42.4,57.6,0,1,0,1,4,4
2026-08-08 23:00:00,Miami FC,Las Vegas Lights FC,0.0,1.0,"Miami, Florida",USA,Riccardo Silva Stadium,,,,USL Championship,,20260808_Miami-FC_Las-Vegas-Lights-FC,-31.135316835950334,0.05,0.63,0,2,0,4,49.5,50.5,2,1,0,0,1,4
2026-08-08 23:00:00,Pittsburgh Riverhounds,Sacramento Republic FC,0.0,0.0,"Pittsburgh, Pennsylvania",USA,Highmark Stadium,,,,USL Championship,,20260808_Pittsburgh-Riverhounds_Sacramento-Republic-FC,-6.8794624540862515,0.91,0.05,3,1,6,2,52.0,48.0,2,3,0,0,1,1
2026-08-08 23:30:00,Rhode Island FC,Colorado Springs Switchbacks FC,2.0,0.0,"Pawtucket, Rhode Island",USA,Centreville Bank Stadium,,,,USL Championship,,20260808_Rhode-Island-FC_Colorado-Springs-Switchbacks-FC,7.406604813554168,1.42,1.15,4,4,9,7,50.9,49.1,3,4,1,0,7,6
2026-08-09 00:00:00,Louisville City FC,San Antonio FC,1.0,1.0,"Louisville, Kentucky",USA,Lynn Family Stadium,,,,USL Championship,,20260809_Louisville-City-FC_San-Antonio-FC,99.71723741809365,1.86,0.75,6,2,14,7,55.7,44.3,2,4,0,1,6,2
2026-08-09 00:30:00,FC Tulsa,Detroit City FC,0.0,1.0,"Tulsa, Oklahoma",USA,ONEOK Field,,,,USL Championship,,20260809_FC-Tulsa_Detroit-City-FC,56.220281828264206,0.44,0.84,2,3,4,6,47.0,53.0,2,0,0,0,3,2
2026-08-09 01:00:00,El Paso Locomotive FC,Oakland Roots,1.0,0.0,"El Paso, Texas",USA,Southwest University Park,,,,USL Championship,,20260809_El-Paso-Locomotive-FC_Oakland-Roots,27.947331916218218,0.99,0.84,3,2,6,5,61.4,38.6,1,5,0,0,4,4
2026-08-09 02:00:00,Monterey Bay,New Mexico United,2.0,5.0,"Seaside, California",USA,Cardinale Stadium,,,,USL Championship,,20260809_Monterey-Bay_New-Mexico-United,-217.7165600809808,0.76,1.91,4,7,7,14,44.4,55.6,1,2,1,0,6,9
2026-08-09 02:00:00,Orange County SC,Tampa Bay Rowdies,0.0,3.0,"Irvine, California",USA,Championship Soccer Stadium,,,,USL Championship,,20260809_Orange-County-SC_Tampa-Bay-Rowdies,-11.314358746661355,1.68,1.63,5,5,11,12,48.4,51.6,1,6,0,0,7,6
2026-08-09 21:00:00,Indy Eleven,Hartford Athletic,1.0,1.0,"Indianapolis, Indiana",USA,Michael A. Carroll Stadium,,,,USL Championship,,20260809_Indy-Eleven_Hartford-Athletic,-30.73313402527606,0.96,1.16,5,4,9,7,42.0,58.0,2,0,0,0,8,5
2026-08-15 23:00:00,Detroit City FC,Loudoun United FC,0.0,0.0,"Hamtramck, Michigan",USA,Keyworth Stadium,,,,USL Championship,,20260815_Detroit-City-FC_Loudoun-United-FC,101.77650263132182,0.99,0.15,3,0,8,0,52.9,47.1,0,0,0,0,8,3
2026-08-15 23:00:00,Hartford Athletic,Miami FC,2.0,1.0,"Hartford, Connecticut",USA,Trinity Health Stadium,,,,USL Championship,,20260815_Hartford-Athletic_Miami-FC,84.3064150752657,0.29,0.33,2,1,5,3,53.9,46.1,1,1,0,0,2,2
2026-08-15 23:00:00,Pittsburgh Riverhounds,Charleston Battery,3.0,1.0,"Pittsburgh, Pennsylvania",USA,Highmark Stadium,,,,USL Championship,,20260815_Pittsburgh-Riverhounds_Charleston-Battery,-75.69989976999841,1.49,0.79,5,2,12,5,46.9,53.1,1,3,0,0,4,4
2026-08-15 23:00:00,Sporting JAX,Indy Eleven,0.0,1.0,Jacksonville,USA,Hodges Stadium,,,,USL Championship,,20260815_Sporting-JAX_Indy-Eleven,-72.54527508857655,0.75,0.67,1,3,3,7,55.3,44.7,1,0,0,0,2,4
2026-08-15 23:30:00,Tampa Bay Rowdies,Rhode Island FC,2.0,0.0,"St. Petersburg, Florida",USA,Al Lang Stadium,,,,USL Championship,,20260815_Tampa-Bay-Rowdies_Rhode-Island-FC,59.298912620313786,0.23,0.86,2,4,5,9,53.6,46.4,1,2,0,0,3,6
2026-08-16 01:00:00,Colorado Springs Switchbacks FC,Birmingham Legion FC,3.0,2.0,"Colorado Springs, Colorado",USA,Weidner Field,,,,USL Championship,,20260816_Colorado-Springs-Switchbacks-FC_Birmingham-Legion-FC,66.22715820537724,1.84,1.44,4,6,7,14,52.5,47.5,2,0,0,0,4,7
2026-08-16 01:00:00,San Antonio FC,El Paso Locomotive FC,0.0,3.0,"San Antonio, Texas",USA,Toyota Field,,,,USL Championship,,20260816_San-Antonio-FC_El-Paso-Locomotive-FC,37.07476658050564,0.05,1.23,1,5,0,11,51.7,48.3,3,2,1,0,0,7
2026-08-16 01:30:00,New Mexico United,FC Tulsa,1.0,0.0,"Albuquerque, New Mexico",USA,Isotopes Park,,,,USL Championship,,20260816_New-Mexico-United_FC-Tulsa,12.269167179517808,1.23,1.4,5,5,12,11,49.2,50.8,2,3,0,0,7,6
2026-08-16 02:00:00,Oakland Roots,Monterey Bay,1.0,1.0,"Oakland, California",USA,Oakland-Alameda County Coliseum,,,,USL Championship,,20260816_Oakland-Roots_Monterey-Bay,69.1994889276366,0.62,0.79,2,2,6,5,50.0,50.0,3,2,0,0,5,4
2026-08-16 02:00:00,Orange County SC,Louisville City FC,2.0,3.0,"Irvine, California",USA,Championship Soccer Stadium,,,,USL Championship,,20260816_Orange-County-SC_Louisville-City-FC,-54.29318331511536,1.09,1.6,4,4,11,9,50.1,49.9,5,0,0,0,6,2
2026-08-16 02:30:00,Las Vegas Lights FC,Brooklyn FC,2.0,1.0,"Las Vegas, Nevada",USA,Cashman Field,,,,USL Championship,,20260816_Las-Vegas-Lights-FC_Brooklyn-FC,26.989986559231966,0.81,0.76,2,2,2,4,53.2,46.8,0,3,0,1,2,3
2026-08-16 03:00:00,Sacramento Republic FC,Lexington,1.0,0.0,"Sacramento, California",USA,Heart Health Park,,,,USL Championship,,20260816_Sacramento-Republic-FC_Lexington,28.409290409198547,1.44,0.55,5,2,12,4,48.7,51.3,3,3,0,0,2,1
2026-08-20 02:00:00,Phoenix Rising FC,Colorado Springs Switchbacks FC,3.0,1.0,"Phoenix, Arizona",USA,Phoenix Rising Stadium at 38th St/Washington,,,,USL Championship,,20260820_Phoenix-Rising-FC_Colorado-Springs-Switchbacks-FC,-25.285225217510742,0.72,0.76,3,3,5,8,51.7,48.3,2,2,0,1,5,4
2026-08-22 22:30:00,Loudoun United FC,New Mexico United,0.0,0.0,"Leesburg, Virginia",USA,Segra Field,,,,USL Championship,,20260822_Loudoun-United-FC_New-Mexico-United,-150.57432882046828,0.05,0.05,0,0,1,0,35.0,65.0,1,4,0,0,3,1
2026-08-22 23:00:00,Brooklyn FC,Pittsburgh Riverhounds,0.0,1.0,Brooklyn,USA,Maimonides Park,,,,USL Championship,,20260822_Brooklyn-FC_Pittsburgh-Riverhounds,-124.94760984551044,0.05,1.64,2,6,2,13,45.5,54.5,2,2,0,0,2,8
2026-08-22 23:00:00,Detroit City FC,Tampa Bay Rowdies,1.0,0.0,"Hamtramck, Michigan",USA,Keyworth Stadium,,,,USL Championship,,20260822_Detroit-City-FC_Tampa-Bay-Rowdies,-55.19725365477325,1.25,1.38,5,3,10,8,52.1,47.9,3,1,0,0,3,6
2026-08-22 23:00:00,Indy Eleven,Louisville City FC,2.0,1.0,"Indianapolis, Indiana",USA,Michael A. Carroll Stadium,,,,USL Championship,,20260822_Indy-Eleven_Louisville-City-FC,-145.9017045775488,0.97,0.43,2,2,5,5,52.0,48.0,3,2,0,0,6,2
2026-08-22 23:00:00,Lexington,Las Vegas Lights FC,2.0,0.0,"Lexington, Kentucky",USA,Lexington Stadium,,,,USL Championship,,20260822_Lexington_Las-Vegas-Lights-FC,28.218363814129134,0.65,0.46,2,2,5,5,53.4,46.6,2,2,0,0,4,6
2026-08-22 23:30:00,Rhode Island FC,Monterey Bay,3.0,1.0,"Pawtucket, Rhode Island",USA,Centreville Bank Stadium,,,,USL Championship,,20260822_Rhode-Island-FC_Monterey-Bay,157.91779780550655,1.44,1.01,6,4,15,10,57.3,42.7,1,1,0,0,8,10
2026-08-23 00:00:00,Birmingham Legion FC,Sporting JAX,2.0,3.0,"Birmingham, Alabama",USA,Protective Stadium,,,,USL Championship,,20260823_Birmingham-Legion-FC_Sporting-JAX,41.446270526814715,1.75,0.96,5,3,11,7,57.1,42.9,3,1,0,0,8,5
2026-08-23 01:00:00,Colorado Springs Switchbacks FC,El Paso Locomotive FC,0.0,1.0,"Colorado Springs, Colorado",USA,Weidner Field,,,,USL Championship,,20260823_Colorado-Springs-Switchbacks-FC_El-Paso-Locomotive-FC,3.725247973692831,1.47,0.98,4,2,9,6,49.9,50.1,1,1,0,0,9,2
2026-08-23 01:00:00,San Antonio FC,Oakland Roots,0.0,1.0,"San Antonio, Texas",USA,Toyota Field,,,,USL Championship,,20260823_San-Antonio-FC_Oakland-Roots,76.17899450180266,0.49,1.73,2,6,5,12,53.9,46.1,1,1,0,0,4,8
2026-08-23 02:00:00,Orange County SC,FC Tulsa,1.0,5.0,"Irvine, California",USA,Championship Soccer Stadium,,,,USL Championship,,20260823_Orange-County-SC_FC-Tulsa,-19.659130642116224,0.99,1.48,2,6,3,13,47.5,52.5,1,4,0,0,3,4
2026-08-23 03:00:00,Sacramento Republic FC,Phoenix Rising FC,2.0,2.0,"Sacramento, California",USA,Heart Health Park,,,,USL Championship,,20260823_Sacramento-Republic-FC_Phoenix-Rising-FC,54.37446432193974,1.09,1.28,5,5,10,10,53.3,46.7,3,2,0,0,8,7
