date,home_team,away_team,home_goals,away_goals,odd_home,odd_draw,odd_away,odd_home_pin,odd_draw_pin,odd_away_pin,tournament,stadium,MATCH_ID,elo_diff,home_xg,away_xg,home_shots_on,away_shots_on,home_shots_off,away_shots_off,home_possession,away_possession,home_yellow,away_yellow,home_red,away_red,home_corners,away_corners
2018-08-24,Hobro,Aarhus,0.0,2.0,3.21,3.27,2.26,3.34,3.33,2.31,Superliga,,20180824_Hobro_Aarhus,0.0,0.66,1.33,1,5,2,12,51.4,48.6,2,1,0,0,2,8
2018-08-26,FC Copenhagen,Sonderjyske,3.0,2.0,1.43,4.41,7.62,1.45,4.37,8.83,Superliga,,20180826_FC-Copenhagen_Sonderjyske,0.0,1.45,0.48,3,2,5,3,47.6,52.4,1,1,0,0,5,3
2018-08-26,Midtjylland,Randers FC,3.0,0.0,1.87,3.48,4.23,1.93,3.46,4.46,Superliga,,20180826_Midtjylland_Randers-FC,0.0,2.11,1.34,8,6,16,14,48.3,51.7,0,2,0,0,8,11
2018-08-26,Nordsjaelland,Horsens,0.0,1.0,1.6,4.06,5.43,1.65,4.11,5.4,Superliga,,20180826_Nordsjaelland_Horsens,0.0,0.79,0.54,4,3,11,9,44.6,55.4,0,3,0,1,8,4
2018-08-26,Vejle,Odense,0.0,2.0,3.26,3.38,2.2,3.56,3.48,2.15,Superliga,,20180826_Vejle_Odense,0.0,0.54,0.83,0,2,2,4,51.8,48.2,1,1,0,0,0,6
2018-08-26,Vendsyssel,Brondby,1.0,2.0,6.64,4.66,1.44,6.84,4.82,1.47,Superliga,,20180826_Vendsyssel_Brondby,0.0,0.46,1.46,1,6,4,13,53.4,46.6,1,0,1,0,4,13
2018-08-27,Aalborg,Esbjerg,0.0,1.0,1.96,3.38,3.97,1.97,3.45,4.22,Superliga,,20180827_Aalborg_Esbjerg,0.0,1.35,0.65,4,1,8,4,44.2,55.8,2,0,0,0,10,3
2018-08-31,Horsens,Vejle,0.0,0.0,2.47,3.12,2.99,2.51,3.18,3.12,Superliga,,20180831_Horsens_Vejle,24.0,0.05,0.6,0,2,0,4,50.6,49.4,2,2,0,0,0,3
2018-09-01,Sonderjyske,Hobro,1.0,1.0,2.05,3.4,3.69,2.11,3.41,3.76,Superliga,,20180901_Sonderjyske_Hobro,0.0,0.56,2.24,2,7,4,14,46.4,53.6,1,2,0,1,0,10
2018-09-02,Aarhus,Vendsyssel,1.0,1.0,1.62,4.0,5.26,1.65,4.2,5.27,Superliga,,20180902_Aarhus_Vendsyssel,24.0,1.77,0.45,5,1,9,1,55.6,44.4,2,4,0,0,6,4
2018-09-02,Brondby,Midtjylland,2.0,2.0,2.03,3.63,3.49,2.08,3.66,3.58,Superliga,,20180902_Brondby_Midtjylland,0.0,0.32,1.66,2,6,5,14,42.4,57.6,4,2,0,0,2,9
2018-09-02,Esbjerg,FC Copenhagen,0.0,2.0,6.08,4.08,1.54,7.03,4.21,1.53,Superliga,,20180902_Esbjerg_FC-Copenhagen,0.0,0.97,1.19,3,4,6,9,50.6,49.4,3,1,0,0,3,6
2018-09-02,Odense,Nordsjaelland,0.0,0.0,1.97,3.71,3.55,1.97,3.94,3.67,Superliga,,20180902_Odense_Nordsjaelland,24.0,1.65,1.2,5,3,11,6,44.8,55.2,1,0,0,0,4,5
2018-09-02,Randers FC,Aalborg,2.0,2.0,2.43,3.12,3.07,2.47,3.17,3.2,Superliga,,20180902_Randers-FC_Aalborg,0.0,2.2,1.72,6,5,11,9,44.6,55.4,2,4,0,0,4,4
2018-09-14,Esbjerg,Odense,2.0,0.0,3.41,3.41,2.13,3.55,3.48,2.14,Superliga,,20180914_Esbjerg_Odense,-11.172385326555968,1.59,0.3,5,2,9,4,47.1,52.9,2,1,0,0,7,7
2018-09-15,Nordsjaelland,Randers FC,4.0,1.0,1.93,3.67,3.77,1.95,3.87,3.82,Superliga,,20180915_Nordsjaelland_Randers-FC,0.8276146734440317,2.17,1.19,5,3,10,8,56.2,43.8,4,0,0,0,3,5
2018-09-16,Brondby,Sonderjyske,2.0,4.0,1.39,4.87,7.49,1.41,5.02,7.54,Superliga,,20180916_Brondby_Sonderjyske,24.0,1.37,1.54,5,7,9,16,52.7,47.3,0,1,0,0,10,6
2018-09-16,Horsens,Aarhus,3.0,2.0,3.07,3.09,2.46,3.13,3.2,2.48,Superliga,,20180916_Horsens_Aarhus,0.0,1.3,0.67,6,2,13,6,48.2,51.8,0,1,0,0,6,3
2018-09-16,Midtjylland,FC Copenhagen,3.0,1.0,2.92,3.51,2.34,2.94,3.74,2.34,Superliga,,20180916_Midtjylland_FC-Copenhagen,-12.0,1.3,1.16,5,4,10,8,51.6,48.4,0,1,0,0,7,5
2018-09-16,Vendsyssel,Hobro,1.0,1.0,2.31,3.37,3.05,2.41,3.47,3.02,Superliga,,20180916_Vendsyssel_Hobro,0.8276146734440317,1.69,1.01,4,2,9,5,45.4,54.6,3,5,0,0,5,3
2018-09-17,Aalborg,Vejle,1.0,1.0,2.05,3.23,3.82,2.15,3.17,3.89,Superliga,,20180917_Aalborg_Vejle,-0.8276146734440317,1.77,0.55,5,1,10,4,59.1,40.9,2,4,0,0,5,3
2018-09-21,Vejle,Esbjerg,1.0,0.0,2.34,3.22,3.14,2.37,3.26,3.25,Superliga,,20180921_Vejle_Esbjerg,-23.58671763712414,1.88,1.07,7,4,15,7,50.4,49.6,2,2,0,0,7,5
2018-09-22,Randers FC,Vendsyssel,2.0,0.0,1.72,3.77,4.78,1.72,3.94,4.98,Superliga,,20180922_Randers-FC_Vendsyssel,-12.770445185280778,0.58,0.51,2,1,5,4,44.3,55.7,1,1,0,0,5,5
2018-09-23,Aarhus,Brondby,3.0,2.0,3.5,3.72,1.99,3.74,3.76,1.99,Superliga,,20180923_Aarhus_Brondby,0.0,0.99,2.9,3,10,6,20,51.9,48.1,0,2,0,0,4,9
2018-09-23,FC Copenhagen,Nordsjaelland,2.0,1.0,1.46,4.59,6.5,1.46,4.7,6.98,Superliga,,20180923_FC-Copenhagen_Nordsjaelland,10.786669484260528,1.71,2.01,4,6,11,13,46.5,53.5,0,3,0,0,4,10
2018-09-23,Hobro,Aalborg,0.0,5.0,3.54,3.26,2.14,3.74,3.4,2.1,Superliga,,20180923_Hobro_Aalborg,0.0,0.34,2.31,1,7,4,16,54.0,46.0,3,2,0,0,0,7
2018-09-23,Sonderjyske,Midtjylland,0.0,0.0,3.5,3.57,2.04,3.55,3.62,2.09,Superliga,,20180923_Sonderjyske_Midtjylland,-23.586685912933035,0.08,0.82,0,4,0,10,45.6,54.4,2,0,0,0,2,9
2018-09-24,Odense,Horsens,4.0,0.0,1.72,3.73,4.83,1.75,3.9,4.78,Superliga,,20180924_Odense_Horsens,-24.385747566486543,2.06,0.28,8,0,16,0,46.1,53.9,0,3,0,0,10,1
2018-09-28,Vejle,Randers FC,1.0,1.0,2.62,3.09,2.84,2.66,3.18,2.94,Superliga,,20180928_Vejle_Randers-FC,13.142975306022436,2.13,1.08,5,5,12,11,53.1,46.9,2,1,0,0,7,4
2018-09-29,Midtjylland,Hobro,5.0,2.0,1.2,6.59,14.5,1.2,6.84,15.87,Superliga,,20180929_Midtjylland_Hobro,47.57230978897178,1.65,1.58,5,5,11,12,57.3,42.7,0,2,0,0,3,4
2018-09-30,Aalborg,Odense,0.0,1.0,2.5,3.32,2.81,2.49,3.46,2.93,Superliga,,20180930_Aalborg_Odense,-11.59892654469354,0.76,1.53,3,5,8,11,56.3,43.7,1,3,0,0,5,6
2018-09-30,Brondby,Horsens,1.0,2.0,1.41,4.8,7.05,1.43,5.07,6.86,Superliga,,20180930_Brondby_Horsens,-23.159126471294257,0.55,1.79,2,5,4,12,43.9,56.1,2,1,0,0,5,9
2018-09-30,Esbjerg,Aarhus,0.0,0.0,2.95,3.25,2.42,3.04,3.3,2.51,Superliga,,20180930_Esbjerg_Aarhus,-11.600044904073457,0.41,0.27,0,2,0,4,50.3,49.7,1,2,0,0,1,5
2018-09-30,Vendsyssel,FC Copenhagen,2.0,1.0,7.93,4.87,1.37,8.71,4.59,1.41,Superliga,,20180930_Vendsyssel_FC-Copenhagen,-46.855107797421624,1.76,1.77,6,5,14,10,55.3,44.7,1,1,0,0,8,6
2018-10-01,Nordsjaelland,Sonderjyske,4.0,1.0,1.8,3.92,4.03,1.8,4.1,4.26,Superliga,,20181001_Nordsjaelland_Sonderjyske,-12.46955208730401,1.04,1.5,4,5,7,10,51.4,48.6,0,0,0,0,6,3
2018-10-05,Sonderjyske,Vejle,3.0,0.0,1.86,3.57,4.17,1.88,3.76,4.23,Superliga,,20181005_Sonderjyske_Vejle,-11.94818871157895,1.77,0.19,4,0,7,0,53.5,46.5,1,4,0,0,3,3
2018-10-06,Odense,Aarhus,2.0,2.0,1.99,3.47,3.75,2.01,3.54,3.93,Superliga,,20181006_Odense_Aarhus,12.455164545961452,2.18,1.48,6,5,14,12,48.9,51.1,4,1,0,0,12,8
2018-10-07,Aalborg,Brondby,1.0,3.0,3.06,3.51,2.24,3.24,3.7,2.21,Superliga,,20181007_Aalborg_Brondby,12.457958078748106,0.81,1.85,2,7,6,16,47.0,53.0,1,4,0,0,5,10
2018-10-07,FC Copenhagen,Randers FC,4.0,0.0,1.44,4.5,7.17,1.43,4.63,8.13,Superliga,,20181007_FC-Copenhagen_Randers-FC,20.681494993637216,1.62,0.97,7,3,14,8,61.8,38.2,2,1,0,0,10,4
2018-10-07,Hobro,Nordsjaelland,3.0,2.0,5.24,4.36,1.57,5.12,4.42,1.63,Superliga,,20181007_Hobro_Nordsjaelland,-35.94048467372818,2.46,0.41,8,2,16,3,54.5,45.5,1,0,0,0,8,5
2018-10-07,Horsens,Esbjerg,1.0,2.0,2.27,3.18,3.31,2.32,3.17,3.51,Superliga,,20181007_Horsens_Esbjerg,21.55996351951876,0.98,1.33,3,5,7,11,45.0,55.0,1,1,0,0,1,6
2018-10-07,Midtjylland,Vendsyssel,3.0,0.0,1.27,5.9,10.01,1.27,6.28,10.12,Superliga,,20181007_Midtjylland_Vendsyssel,44.00126609777885,1.84,1.13,6,5,13,11,53.4,46.6,0,3,0,0,6,7
2018-10-19,Esbjerg,Hobro,2.0,0.0,1.92,3.51,3.95,1.94,3.55,4.2,Superliga,,20181019_Esbjerg_Hobro,33.81812973560545,1.55,0.13,4,0,9,0,50.7,49.3,1,2,0,0,6,0
2018-10-20,Nordsjaelland,Midtjylland,1.0,4.0,3.27,3.67,2.08,3.45,3.77,2.1,Superliga,,20181020_Nordsjaelland_Midtjylland,-56.09128509923653,1.11,0.9,3,4,6,10,51.8,48.2,2,2,0,0,1,3
2018-10-21,Aarhus,Aalborg,2.0,2.0,2.37,3.31,2.98,2.44,3.39,3.07,Superliga,,20181021_Aarhus_Aalborg,35.20293433628717,1.23,1.07,6,4,15,9,54.0,46.0,0,1,0,0,8,6
2018-10-21,Randers FC,Sonderjyske,1.0,1.0,2.35,3.26,3.05,2.44,3.29,3.15,Superliga,,20181021_Randers-FC_Sonderjyske,-23.986377012791763,1.49,1.12,6,5,12,11,51.8,48.2,3,2,0,0,6,5
2018-10-21,Vejle,FC Copenhagen,1.0,3.0,6.71,4.32,1.48,6.99,4.38,1.5,Superliga,,20181021_Vejle_FC-Copenhagen,-32.14501362228452,0.2,2.11,1,8,2,17,49.9,50.1,2,3,0,0,0,6
2018-10-21,Vendsyssel,Horsens,0.0,1.0,2.67,3.21,2.7,2.74,3.22,2.82,Superliga,,20181021_Vendsyssel_Horsens,-29.31069861486958,0.63,0.75,3,1,6,2,45.6,54.4,2,2,0,0,4,1
2018-10-22,Brondby,Odense,1.0,1.0,1.8,3.96,4.02,1.83,4.03,4.19,Superliga,,20181022_Brondby_Odense,-34.39585641922827,1.23,2.31,4,8,9,18,44.9,55.1,0,0,0,0,12,6
2018-10-26,Sonderjyske,Odense,0.0,0.0,3.01,3.39,2.32,3.15,3.51,2.33,Superliga,,20181026_Sonderjyske_Odense,-20.817031218677812,0.57,0.91,1,3,2,7,47.6,52.4,1,1,1,0,2,8
2018-10-27,Horsens,Nordsjaelland,3.0,3.0,3.02,3.43,2.29,3.16,3.54,2.31,Superliga,,20181027_Horsens_Nordsjaelland,41.493443352242366,1.82,1.25,6,4,13,9,48.4,51.6,1,2,0,0,7,3
2018-10-28,Aalborg,Vendsyssel,0.0,1.0,1.66,3.79,5.18,1.68,3.83,5.55,Superliga,,20181028_Aalborg_Vendsyssel,8.722304637666184,1.19,1.61,4,5,8,11,49.3,50.7,2,6,0,0,3,8
2018-10-28,FC Copenhagen,Aarhus,4.0,2.0,1.49,4.14,6.95,1.47,4.16,8.37,Superliga,,20181028_FC-Copenhagen_Aarhus,21.79395709672781,2.57,0.51,7,2,17,7,46.3,53.7,0,0,0,0,10,1
2018-10-28,Hobro,Vejle,1.0,0.0,2.84,3.19,2.56,2.9,3.31,2.61,Superliga,,20181028_Hobro_Vejle,-9.790514706564636,0.22,0.61,2,1,5,2,42.9,57.1,3,1,0,0,4,2
2018-10-28,Randers FC,Esbjerg,0.0,2.0,2.12,3.29,3.54,2.15,3.37,3.7,Superliga,,20181028_Randers-FC_Esbjerg,-45.08837635931286,1.79,2.21,4,8,8,17,45.9,54.1,1,0,0,0,7,5
2018-10-29,Midtjylland,Brondby,3.0,2.0,1.94,3.73,3.67,1.98,3.75,3.84,Superliga,,20181029_Midtjylland_Brondby,64.95034028241412,1.59,2.23,6,8,14,19,48.2,51.8,2,0,1,0,8,6
2018-11-02,Odense,Hobro,1.0,0.0,1.45,4.35,7.18,1.45,4.5,7.76,Superliga,,20181102_Odense_Hobro,40.493946393739634,1.5,0.84,5,3,11,9,51.0,49.0,2,3,0,0,3,6
2018-11-02,Vendsyssel,Sonderjyske,2.0,3.0,3.32,3.31,2.2,3.48,3.37,2.24,Superliga,,20181102_Vendsyssel_Sonderjyske,-20.724462203264693,0.73,0.86,4,3,7,9,42.2,57.8,1,2,0,0,4,4
2018-11-04,Aarhus,Randers FC,0.0,2.0,2.19,3.25,3.41,2.24,3.32,3.53,Superliga,,20181104_Aarhus_Randers-FC,30.729494568162863,0.38,0.47,0,2,0,4,45.3,54.7,2,0,0,0,3,2
2018-11-04,Brondby,FC Copenhagen,0.0,1.0,2.58,3.55,2.57,2.61,3.68,2.66,Superliga,,20181104_Brondby_FC-Copenhagen,-63.229521678741094,0.05,0.51,1,1,3,5,48.8,51.2,2,1,0,0,2,4
2018-11-04,Esbjerg,Midtjylland,2.0,2.0,4.94,3.8,1.69,5.17,3.89,1.7,Superliga,,20181104_Esbjerg_Midtjylland,-30.31455312010189,1.99,0.45,6,2,11,5,54.7,45.3,2,2,1,0,6,1
2018-11-04,Nordsjaelland,Aalborg,1.0,1.0,2.0,3.67,3.52,2.02,3.8,3.65,Superliga,,20181104_Nordsjaelland_Aalborg,14.802581309034395,0.8,1.22,3,3,5,7,54.3,45.7,0,1,0,0,0,5
2018-11-05,Vejle,Horsens,3.0,1.0,2.83,3.0,2.68,2.91,3.0,2.83,Superliga,,20181105_Vejle_Horsens,-52.83756010273123,1.1,0.45,3,2,5,2,43.5,56.5,1,1,0,0,2,2
2018-11-09,Brondby,Aarhus,2.0,0.0,1.52,4.45,5.68,1.52,4.75,5.85,Superliga,,20181109_Brondby_Aarhus,-15.720390630831844,1.05,1.37,4,4,7,8,52.0,48.0,2,1,0,0,6,6
2018-11-10,Horsens,Sonderjyske,1.0,1.0,2.71,3.16,2.68,2.77,3.22,2.79,Superliga,,20181110_Horsens_Sonderjyske,-8.25729221404481,0.58,1.31,1,4,3,11,49.1,50.9,3,1,0,0,3,3
2018-11-11,Aalborg,FC Copenhagen,1.0,1.0,3.62,3.37,2.06,3.79,3.35,2.13,Superliga,,20181111_Aalborg_FC-Copenhagen,-87.45186053251678,0.31,0.86,3,2,6,4,43.0,57.0,1,1,0,0,4,4
2018-11-11,Hobro,Vendsyssel,1.0,0.0,2.39,3.31,2.97,2.52,3.42,2.93,Superliga,,20181111_Hobro_Vendsyssel,0.2886385604572297,0.62,0.05,1,0,1,0,45.9,54.1,1,1,0,0,3,1
2018-11-11,Midtjylland,Vejle,5.0,0.0,1.33,5.07,9.14,1.33,5.1,10.54,Superliga,,20181111_Midtjylland_Vejle,83.94751055086567,2.37,0.81,7,2,15,7,58.5,41.5,2,1,0,0,7,3
2018-11-11,Odense,Esbjerg,2.0,1.0,1.71,3.58,5.16,1.75,3.58,5.46,Superliga,,20181111_Odense_Esbjerg,-3.5454743563518605,2.08,1.19,6,3,14,7,51.9,48.1,1,3,0,0,5,4
2018-11-11,Randers FC,Nordsjaelland,1.0,1.0,2.74,3.36,2.52,2.82,3.43,2.6,Superliga,,20181111_Randers-FC_Nordsjaelland,1.869912835147943,0.95,1.64,3,4,7,10,54.0,46.0,2,0,0,0,5,7
2018-11-23,Vejle,Aalborg,1.0,1.0,3.87,3.51,1.94,3.87,3.69,1.98,Superliga,,20181123_Vejle_Aalborg,1.7918398237172823,1.39,0.85,5,2,11,2,50.6,49.4,1,1,1,0,5,5
2018-11-24,Hobro,Randers FC,0.0,1.0,3.5,3.21,2.17,3.65,3.27,2.21,Superliga,,20181124_Hobro_Randers-FC,0.7767470820342623,0.68,0.9,2,2,5,3,58.0,42.0,3,1,0,0,6,4
2018-11-25,FC Copenhagen,Midtjylland,2.0,1.0,2.37,3.38,2.91,2.45,3.38,3.05,Superliga,,20181125_FC-Copenhagen_Midtjylland,-22.515409260438673,1.43,0.51,6,2,16,6,51.9,48.1,1,4,0,0,12,3
2018-11-25,Nordsjaelland,Odense,1.0,3.0,2.69,3.56,2.46,2.76,3.68,2.52,Superliga,,20181125_Nordsjaelland_Odense,-64.35923464510256,1.44,1.18,6,4,12,9,42.7,57.3,2,1,0,0,9,1
2018-11-25,Sonderjyske,Brondby,0.0,2.0,3.64,3.7,1.95,3.75,3.84,1.97,Superliga,,20181125_Sonderjyske_Brondby,30.008416941151836,1.28,0.42,3,3,6,7,48.4,51.6,0,2,1,0,6,2
2018-11-25,Vendsyssel,Esbjerg,1.0,1.0,2.91,3.23,2.45,3.03,3.31,2.51,Superliga,,20181125_Vendsyssel_Esbjerg,-65.41101276835388,0.05,1.23,1,4,2,10,42.8,57.2,0,0,0,0,1,8
2018-11-26,Aarhus,Horsens,1.0,2.0,2.01,3.49,3.64,2.03,3.66,3.75,Superliga,,20181126_Aarhus_Horsens,-31.68620591903823,0.81,1.37,2,3,3,5,47.4,52.6,0,1,0,0,1,6
2018-11-30,Esbjerg,Aalborg,1.0,4.0,3.26,3.31,2.21,3.34,3.42,2.27,Superliga,,20181130_Esbjerg_Aalborg,52.25201021030216,1.34,1.15,4,4,10,9,49.2,50.8,1,4,0,0,6,6
2018-12-01,Odense,Vendsyssel,2.0,0.0,1.42,4.42,7.7,1.43,4.61,7.92,Superliga,,20181201_Odense_Vendsyssel,93.67973779175509,1.82,1.28,6,5,13,11,51.6,48.4,3,1,0,0,3,7
2018-12-02,Brondby,Hobro,1.0,0.0,1.24,5.95,11.51,1.25,6.01,12.75,Superliga,,20181202_Brondby_Hobro,25.783045422419264,2.08,1.37,5,5,12,11,51.7,48.3,0,4,0,0,3,4
2018-12-02,Horsens,FC Copenhagen,1.0,6.0,5.52,3.95,1.59,5.73,4.08,1.62,Superliga,,20181202_Horsens_FC-Copenhagen,-46.95504579433532,0.83,2.59,4,10,10,20,47.5,52.5,0,0,0,0,8,15
2018-12-02,Randers FC,Midtjylland,1.0,2.0,4.94,3.86,1.67,5.07,3.84,1.73,Superliga,,20181202_Randers-FC_Midtjylland,-66.61960399704617,1.18,0.91,4,2,8,3,44.2,55.8,3,0,0,0,2,5
2018-12-02,Sonderjyske,Nordsjaelland,1.0,2.0,2.41,3.58,2.74,2.45,3.75,2.81,Superliga,,20181202_Sonderjyske_Nordsjaelland,30.01655004865779,0.95,1.21,3,3,7,8,57.9,42.1,0,3,0,0,4,6
2018-12-03,Aarhus,Vejle,2.0,1.0,1.96,3.29,4.08,1.99,3.34,4.34,Superliga,,20181203_Aarhus_Vejle,-7.876553736602773,1.43,1.39,4,5,9,12,55.9,44.1,1,1,0,0,5,8
2018-12-07,Midtjylland,Odense,3.0,0.0,1.82,3.58,4.34,1.88,3.55,4.54,Superliga,,20181207_Midtjylland_Odense,7.111969635170908,1.44,1.08,5,2,11,6,47.7,52.3,0,2,0,0,3,3
2018-12-08,Hobro,Sonderjyske,0.0,0.0,3.08,3.25,2.34,3.13,3.3,2.44,Superliga,,20181208_Hobro_Sonderjyske,-27.800646728375114,0.38,0.98,1,4,1,9,48.8,51.2,1,0,0,0,0,2
2018-12-09,Aalborg,Horsens,2.0,4.0,1.62,3.97,5.3,1.63,4.13,5.45,Superliga,,20181209_Aalborg_Horsens,-23.115691613169247,1.33,1.22,6,5,14,10,44.1,55.9,2,1,0,0,9,4
2018-12-09,FC Copenhagen,Esbjerg,3.0,0.0,1.32,5.11,9.53,1.33,5.19,10.03,Superliga,,20181209_FC-Copenhagen_Esbjerg,66.17726389082736,1.12,0.45,3,1,7,3,49.8,50.2,1,1,0,0,3,3
2018-12-09,Vejle,Brondby,1.0,2.0,5.07,3.96,1.64,5.3,4.07,1.66,Superliga,,20181209_Vejle_Brondby,-48.81386323565789,1.2,1.26,4,5,11,13,47.1,52.9,3,2,0,0,4,7
2018-12-09,Vendsyssel,Randers FC,0.0,1.0,3.5,3.34,2.11,3.66,3.5,2.11,Superliga,,20181209_Vendsyssel_Randers-FC,-32.39966452815952,0.48,1.02,0,4,2,11,51.3,48.7,3,1,0,0,3,3
2018-12-10,Nordsjaelland,Aarhus,1.0,0.0,1.68,4.09,4.59,1.69,4.37,4.65,Superliga,,20181210_Nordsjaelland_Aarhus,7.993562188996293,1.38,0.3,3,0,8,1,53.5,46.5,1,3,0,0,5,2
2018-12-14,Odense,Aalborg,1.0,2.0,1.8,3.71,4.3,1.82,3.8,4.51,Superliga,,20181214_Odense_Aalborg,79.4842976506659,0.7,1.76,2,5,4,12,53.2,46.8,3,2,0,0,6,8
2018-12-15,Randers FC,Vejle,2.0,0.0,1.86,3.4,4.41,1.91,3.41,4.61,Superliga,,20181215_Randers-FC_Vejle,46.67900205301612,0.96,1.84,2,6,6,12,50.2,49.8,1,2,0,0,3,7
2018-12-16,Brondby,Vendsyssel,2.0,3.0,1.29,5.42,9.9,1.3,5.53,11.04,Superliga,,20181216_Brondby_Vendsyssel,76.9529722443815,1.13,1.43,4,5,7,11,46.6,53.4,3,1,0,0,3,4
2018-12-16,Esbjerg,Nordsjaelland,3.0,0.0,3.24,3.42,2.18,3.37,3.54,2.21,Superliga,,20181216_Esbjerg_Nordsjaelland,2.9381754064452252,1.32,1.03,4,4,9,10,45.3,54.7,3,1,0,0,7,4
2018-12-16,Horsens,Midtjylland,1.0,3.0,6.77,4.67,1.43,6.72,5.0,1.45,Superliga,,20181216_Horsens_Midtjylland,-64.58379032526022,0.73,1.79,2,6,3,14,46.2,53.8,1,3,0,0,1,4
2018-12-16,Sonderjyske,FC Copenhagen,0.0,3.0,5.06,4.02,1.63,5.08,4.18,1.66,Superliga,,20181216_Sonderjyske_FC-Copenhagen,-97.33246187721443,0.77,0.11,4,3,8,5,46.2,53.8,2,1,0,0,4,4
2018-12-17,Aarhus,Hobro,1.0,0.0,1.9,3.34,4.34,1.92,3.35,4.69,Superliga,,20181217_Aarhus_Hobro,3.1767437378568957,0.65,1.6,2,5,6,13,43.7,56.3,1,1,0,0,6,7
2019-02-08,Aarhus,Esbjerg,2.0,0.0,2.21,3.19,3.38,2.31,3.21,3.48,Superliga,,20190208_Aarhus_Esbjerg,-34.38789850956732,2.56,0.87,9,2,20,3,46.7,53.3,2,3,0,0,10,4
2019-02-09,Vejle,Sonderjyske,2.0,0.0,2.82,3.13,2.58,2.9,3.19,2.69,Superliga,,20190209_Vejle_Sonderjyske,-39.64998183233115,1.69,1.34,4,4,9,12,59.7,40.3,1,3,0,0,4,7
2019-02-10,Aalborg,Randers FC,0.0,3.0,2.3,3.16,3.24,2.37,3.22,3.34,Superliga,,20190210_Aalborg_Randers-FC,-18.860601220754006,1.84,1.16,5,4,12,9,48.2,51.8,2,2,0,0,6,4
2019-02-10,FC Copenhagen,Odense,6.0,1.0,1.76,3.58,4.68,1.83,3.51,4.94,Superliga,,20190210_FC-Copenhagen_Odense,55.728760390406705,1.85,1.04,6,3,12,6,56.8,43.2,1,2,0,0,6,3
2019-02-10,Hobro,Horsens,0.0,0.0,2.47,3.1,2.98,2.53,3.2,3.11,Superliga,,20190210_Hobro_Horsens,-59.042494176980654,0.61,0.7,2,1,6,2,55.9,44.1,1,5,0,1,3,2
2019-02-10,Nordsjaelland,Brondby,3.0,3.0,2.6,3.51,2.55,2.62,3.65,2.67,Superliga,,20190210_Nordsjaelland_Brondby,-20.037215560795403,1.49,1.8,5,5,11,11,49.5,50.5,1,0,0,0,9,3
2019-02-11,Vendsyssel,Midtjylland,0.0,1.0,6.52,4.71,1.44,6.87,4.82,1.45,Superliga,,20190211_Vendsyssel_Midtjylland,-136.29097653914846,0.26,0.77,3,5,6,11,46.2,53.8,1,4,0,0,6,8
2019-02-15,Sonderjyske,Aarhus,0.0,2.0,2.63,3.18,2.73,2.7,3.22,2.86,Superliga,,20190215_Sonderjyske_Aarhus,-24.45361676473135,0.38,0.16,0,2,1,7,51.6,48.4,1,1,0,1,2,1
2019-02-16,Nordsjaelland,Hobro,2.0,1.0,1.49,4.44,6.12,1.46,4.91,6.53,Superliga,,20190216_Nordsjaelland_Hobro,33.28143390161472,0.67,0.07,3,1,6,3,52.1,47.9,3,2,0,0,3,6
2019-02-17,Esbjerg,Brondby,2.0,1.0,3.58,3.5,2.01,3.74,3.5,2.09,Superliga,,20190217_Esbjerg_Brondby,-5.794555289733353,1.83,2.05,6,5,13,11,48.0,52.0,0,3,0,0,6,11
2019-02-17,Horsens,Vendsyssel,3.0,0.0,2.13,3.22,3.53,2.18,3.32,3.67,Superliga,,20190217_Horsens_Vendsyssel,57.61808431050804,1.64,0.05,5,0,8,0,45.6,54.4,2,1,0,0,6,2
2019-02-17,Odense,Vejle,1.0,0.0,1.77,3.51,4.72,1.83,3.47,4.98,Superliga,,20190217_Odense_Vejle,75.24564962048476,0.73,1.45,2,3,3,9,51.3,48.7,2,3,0,0,2,4
2019-02-17,Randers FC,FC Copenhagen,0.0,2.0,3.97,3.3,1.97,4.17,3.39,2.01,Superliga,,20190217_Randers-FC_FC-Copenhagen,-85.69801922707939,0.05,0.44,0,2,0,2,47.6,52.4,1,0,0,0,0,3
2019-02-18,Midtjylland,Aalborg,2.0,1.0,1.35,5.04,8.17,1.36,5.38,8.11,Superliga,,20190218_Midtjylland_Aalborg,124.07073629785509,1.87,0.51,5,2,11,5,58.3,41.7,1,4,1,0,7,2
2019-02-22,Aalborg,Sonderjyske,3.0,0.0,1.94,3.47,3.85,1.97,3.63,3.99,Superliga,,20190222_Aalborg_Sonderjyske,14.24626473572971,1.54,1.66,5,5,12,13,44.9,55.1,1,2,1,0,4,5
2019-02-23,Vejle,Nordsjaelland,1.0,3.0,4.02,3.74,1.83,4.18,3.93,1.85,Superliga,,20190223_Vejle_Nordsjaelland,-52.83162138138255,0.25,1.57,2,5,3,9,48.8,51.2,2,3,0,0,5,8
2019-02-24,Aarhus,Midtjylland,1.0,2.0,5.02,3.77,1.68,5.31,3.85,1.7,Superliga,,20190224_Aarhus_Midtjylland,-107.32593574092266,0.68,1.01,1,4,0,10,42.8,57.2,4,1,0,0,1,5
2019-02-24,Brondby,Randers FC,2.0,1.0,1.89,3.68,3.82,1.93,3.8,3.95,Superliga,,20190224_Brondby_Randers-FC,-17.369631905694405,0.52,0.82,2,4,5,10,47.3,52.7,3,1,0,0,10,10
2019-02-24,Hobro,Esbjerg,2.0,0.0,2.61,3.06,2.84,2.65,3.11,3.01,Superliga,,20190224_Hobro_Esbjerg,-69.19562624974992,1.39,1.64,6,5,12,10,44.8,55.2,0,1,0,0,7,5
2019-02-24,Horsens,Odense,1.0,2.0,3.68,3.37,2.03,3.86,3.45,2.07,Superliga,,20190224_Horsens_Odense,-20.400667077262142,1.61,0.05,6,2,13,4,51.8,48.2,2,4,0,0,5,7
2019-02-25,FC Copenhagen,Vendsyssel,1.0,1.0,1.19,6.66,14.71,1.19,7.01,16.91,Superliga,,20190225_FC-Copenhagen_Vendsyssel,173.64426240947796,1.49,1.05,6,2,15,2,60.9,39.1,0,2,0,0,9,2
2019-03-01,Aalborg,Hobro,1.0,1.0,1.74,3.48,4.95,1.79,3.52,5.23,Superliga,,20190301_Aalborg_Hobro,24.76056916075504,0.47,1.7,2,3,4,6,49.9,50.1,1,2,0,0,5,2
2019-03-02,Esbjerg,Horsens,1.0,0.0,2.4,3.11,3.08,2.46,3.17,3.25,Superliga,,20190302_Esbjerg_Horsens,-9.751791939360146,0.92,1.45,4,4,10,8,52.5,47.5,0,2,0,1,6,3
2019-03-03,FC Copenhagen,Vejle,2.0,0.0,1.23,6.33,11.17,1.22,7.25,11.76,Superliga,,20190303_FC-Copenhagen_Vejle,174.3429587458811,1.1,0.05,2,1,3,3,61.1,38.9,3,1,0,0,1,1
2019-03-03,Odense,Brondby,2.0,0.0,2.44,3.25,2.89,2.55,3.34,2.95,Superliga,,20190303_Odense_Brondby,44.392276270052434,1.17,0.21,3,0,7,0,53.2,46.8,5,1,0,0,2,4
2019-03-03,Sonderjyske,Randers FC,3.0,0.0,2.97,3.18,2.42,3.1,3.22,2.52,Superliga,,20190303_Sonderjyske_Randers-FC,-53.503473255358585,1.07,1.19,3,2,8,6,48.0,52.0,1,1,0,0,2,4
2019-03-03,Vendsyssel,Aarhus,2.0,2.0,2.75,3.17,2.61,2.86,3.19,2.72,Superliga,,20190303_Vendsyssel_Aarhus,-47.97130234340284,2.2,2.14,7,5,15,11,49.1,50.9,1,1,0,0,4,2
2019-03-04,Midtjylland,Nordsjaelland,3.0,3.0,1.48,4.46,6.08,1.52,4.47,6.35,Superliga,,20190304_Midtjylland_Nordsjaelland,110.68607881320781,1.32,0.99,5,3,10,7,54.2,45.8,4,1,1,1,5,7
2019-03-08,Hobro,Midtjylland,1.0,2.0,8.74,5.16,1.33,9.36,5.05,1.36,Superliga,,20190308_Hobro_Midtjylland,-156.95346302536313,1.1,0.79,4,3,8,8,43.5,56.5,1,2,0,0,6,3
2019-03-09,Vejle,Vendsyssel,1.0,1.0,2.07,3.35,3.54,2.13,3.41,3.7,Superliga,,20190309_Vejle_Vendsyssel,-19.869560903339334,1.19,0.34,2,1,5,0,51.4,48.6,0,1,0,0,1,3
2019-03-10,Brondby,Aalborg,3.0,3.0,1.92,3.67,3.71,2.01,3.68,3.8,Superliga,,20190310_Brondby_Aalborg,14.448695773601003,2.09,1.98,7,5,13,11,53.2,46.8,0,1,0,0,3,3
2019-03-10,Nordsjaelland,FC Copenhagen,2.0,2.0,3.45,3.5,2.05,3.61,3.53,2.12,Superliga,,20190310_Nordsjaelland_FC-Copenhagen,-103.87190228122336,0.76,1.63,3,5,8,10,42.1,57.9,0,0,0,0,2,8
2019-03-10,Randers FC,Horsens,2.0,0.0,1.92,3.29,4.16,1.96,3.33,4.48,Superliga,,20190310_Randers-FC_Horsens,-10.725188604679033,1.58,0.05,4,0,9,3,52.6,47.4,2,6,0,0,3,5
2019-03-10,Sonderjyske,Esbjerg,3.0,1.0,2.23,3.18,3.34,2.26,3.25,3.56,Superliga,,20190310_Sonderjyske_Esbjerg,-51.483374984989496,1.16,0.81,6,4,15,7,48.9,51.1,0,5,0,0,9,2
2019-03-11,Aarhus,Odense,1.0,2.0,3.1,3.42,2.23,3.25,3.48,2.29,Superliga,,20190311_Aarhus_Odense,-67.9776650334245,1.06,1.39,3,4,6,8,49.7,50.3,4,2,0,1,6,2
2019-03-17,Aalborg,Aarhus,3.0,1.0,1.98,3.78,3.43,2.01,3.88,3.59,Superliga,,20190317_Aalborg_Aarhus,-1.6329811281048023,0.59,1.25,3,4,7,8,48.4,51.6,3,1,0,0,6,7
2019-03-17,Esbjerg,Vejle,2.0,1.0,2.38,3.07,3.18,2.49,3.14,3.21,Superliga,,20190317_Esbjerg_Vejle,67.19173576753246,1.44,1.43,5,4,11,7,55.8,44.2,1,1,0,0,5,4
2019-03-17,FC Copenhagen,Hobro,3.0,1.0,1.2,6.45,13.75,1.21,6.74,14.52,Superliga,,20190317_FC-Copenhagen_Hobro,160.97219755726974,1.34,1.08,4,3,9,7,52.4,47.6,4,1,0,0,12,4
2019-03-17,Horsens,Brondby,1.0,3.0,3.91,3.64,1.88,4.07,3.81,1.9,Superliga,,20190317_Horsens_Brondby,-12.334036338697842,0.76,1.49,1,5,3,11,44.5,55.5,2,1,0,0,6,11
2019-03-17,Midtjylland,Sonderjyske,2.0,1.0,1.34,5.14,8.36,1.36,5.21,8.72,Superliga,,20190317_Midtjylland_Sonderjyske,149.630600866981,1.27,1.06,4,3,8,7,47.8,52.2,1,1,0,0,6,8
2019-03-17,Odense,Randers FC,1.0,0.0,2.08,3.38,3.52,2.13,3.41,3.7,Superliga,,20190317_Odense_Randers-FC,73.84133127842938,1.15,0.41,3,1,8,4,51.4,48.6,0,4,0,0,6,3
2019-03-17,Vendsyssel,Nordsjaelland,0.0,1.0,4.47,4.0,1.7,4.53,4.24,1.72,Superliga,,20190317_Vendsyssel_Nordsjaelland,-67.64668040746801,1.02,0.32,3,1,6,2,47.3,52.7,1,2,0,0,6,0
2019-03-29,Brondby,Odense,2.0,2.0,2.07,3.64,3.3,2.11,3.8,3.39,Superliga,,20190329_Brondby_Odense,-73.43589432880913,0.31,2.2,2,6,4,15,46.6,53.4,2,2,0,0,1,9
2019-03-30,Midtjylland,Nordsjaelland,0.0,0.0,1.38,5.2,6.87,1.38,5.67,7.1,Superliga,,20190330_Midtjylland_Nordsjaelland,104.16107156854173,0.46,0.91,2,3,4,5,54.3,45.7,1,2,0,0,3,8
2019-03-31,Aalborg,Randers FC,1.0,2.0,2.54,3.27,2.79,2.63,3.37,2.82,Superliga,,20190331_Aalborg_Randers-FC,6.411130750336497,0.7,0.17,3,2,6,4,49.8,50.2,2,2,0,0,5,10
2019-03-31,FC Copenhagen,Esbjerg,1.0,0.0,1.3,5.19,10.26,1.31,5.21,11.53,Superliga,,20190331_FC-Copenhagen_Esbjerg,112.95537172850959,1.18,0.28,3,0,8,1,50.3,49.7,1,2,0,0,2,3
2019-03-31,Sonderjyske,Horsens,0.0,0.0,2.07,3.3,3.66,2.08,3.39,3.9,Superliga,,20190331_Sonderjyske_Horsens,-5.981361020561508,1.2,0.05,1,0,2,0,48.4,51.6,2,0,0,0,7,2
2019-03-31,Vendsyssel,Hobro,3.0,3.0,2.24,3.14,3.4,2.27,3.21,3.58,Superliga,,20190331_Vendsyssel_Hobro,-6.463607136725841,0.79,0.95,3,3,7,9,50.2,49.8,1,1,0,0,5,7
2019-04-01,Aarhus,Vejle,2.0,2.0,1.72,3.79,4.66,1.75,3.91,4.79,Superliga,,20190401_Aarhus_Vejle,51.832240811874726,1.01,0.61,4,2,8,6,55.3,44.7,2,2,0,0,9,3
2019-04-05,Horsens,Aarhus,0.0,3.0,2.68,3.15,2.7,2.76,3.21,2.8,Superliga,,20190405_Horsens_Aarhus,1.5368868311802544,0.05,1.32,0,3,2,7,56.2,43.8,0,0,0,0,3,5
2019-04-06,Randers FC,Vendsyssel,1.0,1.0,1.86,3.42,4.31,1.88,3.47,4.62,Superliga,,20190406_Randers-FC_Vendsyssel,61.38546784805908,1.94,0.94,7,4,16,9,54.2,45.8,4,5,0,0,6,6
2019-04-07,Esbjerg,Midtjylland,2.0,2.0,6.05,4.25,1.52,6.07,4.54,1.53,Superliga,,20190407_Esbjerg_Midtjylland,-127.83638434995555,0.63,1.64,2,5,3,9,48.0,52.0,3,1,0,0,2,2
2019-04-07,Hobro,Aalborg,1.0,1.0,3.57,3.53,2.02,3.7,3.78,2.01,Superliga,,20190407_Hobro_Aalborg,-37.33661515787253,0.76,0.63,3,3,6,6,51.4,48.6,3,3,0,1,2,5
2019-04-07,Odense,FC Copenhagen,0.0,1.0,3.05,3.35,2.3,3.18,3.4,2.37,Superliga,,20190407_Odense_FC-Copenhagen,-49.57557593356023,0.4,0.76,0,2,0,4,52.8,47.2,5,4,0,0,2,4
2019-04-07,Vejle,Sonderjyske,4.0,1.0,2.93,3.38,2.36,3.0,3.57,2.39,Superliga,,20190407_Vejle_Sonderjyske,-44.24678726227148,1.85,0.96,7,4,16,10,48.4,51.6,0,3,0,0,5,9
2019-04-08,Nordsjaelland,Brondby,1.0,1.0,2.51,3.79,2.52,2.6,3.98,2.53,Superliga,,20190408_Nordsjaelland_Brondby,19.25887695421966,1.03,1.22,2,4,5,7,49.3,50.7,4,5,0,0,5,5
2019-04-12,Vejle,Horsens,3.0,0.0,2.03,3.44,3.6,2.09,3.59,3.63,Superliga,,20190412_Vejle_Horsens,-24.241908275917012,0.52,0.7,3,1,7,1,50.6,49.4,2,0,0,0,4,3
2019-04-13,Vendsyssel,Aalborg,1.0,0.0,2.95,3.29,2.39,2.99,3.4,2.48,Superliga,,20190413_Vendsyssel_Aalborg,-39.970774379222576,0.89,0.91,2,3,2,8,47.8,52.2,1,1,0,0,1,1
2019-04-14,Brondby,FC Copenhagen,1.0,2.0,3.17,3.38,2.23,3.35,3.46,2.25,Superliga,,20190414_Brondby_FC-Copenhagen,-127.64766479273499,0.38,1.3,1,3,2,5,50.3,49.7,3,3,0,0,5,4
2019-04-14,Hobro,Randers FC,1.0,2.0,2.88,3.17,2.5,3.0,3.28,2.55,Superliga,,20190414_Hobro_Randers-FC,-51.98529011652272,1.18,1.33,3,4,7,9,48.0,52.0,2,2,0,0,2,6
2019-04-14,Midtjylland,Odense,2.0,0.0,1.66,3.9,4.95,1.7,3.96,5.07,Superliga,,20190414_Midtjylland_Odense,54.06846355484868,1.5,0.86,5,0,11,2,53.5,46.5,2,1,1,0,9,2
2019-04-14,Nordsjaelland,Esbjerg,1.0,2.0,1.62,4.2,4.89,1.64,4.42,5.02,Superliga,,20190414_Nordsjaelland_Esbjerg,25.771626821139307,1.01,1.94,3,6,7,12,54.8,45.2,1,0,0,0,4,8
2019-04-15,Sonderjyske,Aarhus,0.0,1.0,2.51,3.3,2.76,2.61,3.37,2.85,Superliga,,20190415_Sonderjyske_Aarhus,-29.604440262212847,1.37,0.67,4,3,10,6,56.9,43.1,1,3,1,0,8,3
2019-04-17,Aalborg,Vendsyssel,1.0,1.0,1.85,3.58,4.18,1.85,3.69,4.45,Superliga,,20190417_Aalborg_Vendsyssel,13.221808287757767,0.73,2.04,2,7,4,15,48.6,51.4,1,3,0,0,3,6
2019-04-18,Aarhus,Sonderjyske,2.0,1.0,2.6,3.23,2.74,2.69,3.3,2.82,Superliga,,20190418_Aarhus_Sonderjyske,51.56437287600011,1.4,1.16,5,5,11,9,46.5,53.5,3,0,0,0,11,3
2019-04-18,Esbjerg,Brondby,1.0,0.0,3.14,3.55,2.17,3.31,3.63,2.2,Superliga,,20190418_Esbjerg_Brondby,12.826166428372517,2.17,1.12,7,5,15,11,51.2,48.8,1,1,0,0,9,8
2019-04-18,FC Copenhagen,Midtjylland,3.0,0.0,2.2,3.47,3.14,2.28,3.45,3.29,Superliga,,20190418_FC-Copenhagen_Midtjylland,13.737554771157647,0.4,0.21,3,2,6,2,53.6,46.4,2,2,0,0,8,2
2019-04-18,Horsens,Vejle,0.0,0.0,3.09,3.34,2.29,3.33,3.42,2.28,Superliga,,20190418_Horsens_Vejle,-1.4299512170673552,1.36,0.99,5,2,12,4,50.1,49.9,2,0,0,0,8,4
2019-04-19,Odense,Nordsjaelland,2.0,2.0,2.06,3.65,3.31,2.1,3.78,3.43,Superliga,,20190419_Odense_Nordsjaelland,42.28473174937335,1.64,1.34,6,2,15,7,53.7,46.3,1,1,0,0,5,7
2019-04-19,Randers FC,Hobro,1.0,0.0,1.73,3.66,4.76,1.76,3.82,4.9,Superliga,,20190419_Randers-FC_Hobro,72.4208340440805,1.26,0.36,3,2,5,5,47.1,52.9,3,0,1,0,6,2
2019-04-21,Horsens,Sonderjyske,0.0,1.0,2.95,3.16,2.46,3.09,3.19,2.54,Superliga,,20190421_Horsens_Sonderjyske,15.460580256435605,1.38,1.04,5,4,10,6,44.7,55.3,0,4,0,0,2,7
2019-04-21,Vejle,Aarhus,2.0,4.0,2.06,3.63,3.32,2.11,3.82,3.36,Superliga,,20190421_Vejle_Aarhus,-55.236601985301604,2.14,0.79,7,4,16,10,55.1,44.9,0,1,0,0,9,2
2019-04-22,Hobro,Vendsyssel,3.0,2.0,2.57,3.2,2.77,2.66,3.27,2.87,Superliga,,20190422_Hobro_Vendsyssel,-28.379582017667417,1.83,0.99,6,4,13,11,43.2,56.8,0,3,0,0,6,4
2019-04-22,Midtjylland,Brondby,1.0,2.0,1.57,4.43,5.06,1.57,4.84,5.11,Superliga,,20190422_Midtjylland_Brondby,129.50038224032846,1.62,0.38,5,2,9,5,54.1,45.9,0,0,0,0,6,1
2019-04-22,Nordsjaelland,FC Copenhagen,0.0,3.0,4.25,4.23,1.7,4.44,4.49,1.7,Superliga,,20190422_Nordsjaelland_FC-Copenhagen,-140.4581687995444,0.61,1.68,3,5,5,10,41.5,58.5,2,0,0,0,6,4
2019-04-22,Randers FC,Aalborg,0.0,2.0,2.3,3.41,2.98,2.35,3.54,3.09,Superliga,,20190422_Randers-FC_Aalborg,50.800895039846864,0.44,1.17,1,4,2,7,57.6,42.4,3,1,0,0,2,8
2019-04-23,Esbjerg,Odense,0.0,0.0,2.79,3.29,2.49,2.94,3.35,2.55,Superliga,,20190423_Esbjerg_Odense,-29.26888002586952,1.59,0.95,5,4,12,9,53.4,46.6,3,2,0,0,7,5
2019-04-26,Aalborg,Hobro,1.0,1.0,1.65,4.17,4.64,1.66,4.58,4.63,Superliga,,20190426_Aalborg_Hobro,41.45268164722461,0.32,1.03,1,3,0,6,54.3,45.7,1,0,0,0,1,5
2019-04-26,Vendsyssel,Randers FC,0.0,0.0,3.42,2.37,2.81,3.41,2.47,2.84,Superliga,,20190426_Vendsyssel_Randers-FC,-62.345632954448774,1.61,1.08,8,4,16,8,41.1,58.9,0,2,0,1,7,3
2019-04-28,Aarhus,Horsens,3.0,1.0,2.82,3.61,2.33,2.85,3.83,2.39,Superliga,,20190428_Aarhus_Horsens,79.2095218365323,0.59,1.11,3,4,8,11,54.1,45.9,2,1,0,0,5,8
2019-04-28,Brondby,Esbjerg,0.0,1.0,1.74,3.99,4.24,1.75,4.24,4.37,Superliga,,20190428_Brondby_Esbjerg,-20.672545911114412,0.68,0.83,0,3,0,7,48.7,51.3,3,5,0,0,4,3
2019-04-28,FC Copenhagen,Odense,4.0,0.0,1.51,4.29,6.09,1.56,4.43,5.75,Superliga,,20190428_FC-Copenhagen_Odense,109.48538215772305,1.42,0.29,4,1,7,2,59.3,40.7,3,1,0,0,2,4
2019-04-28,Sonderjyske,Vejle,4.0,1.0,1.45,4.51,6.54,1.47,4.66,6.96,Superliga,,20190428_Sonderjyske_Vejle,5.849991106558491,1.5,1.07,5,6,11,14,49.3,50.7,3,2,0,0,4,5
2019-04-29,Nordsjaelland,Midtjylland,1.0,2.0,3.04,3.95,2.08,3.1,4.15,2.14,Superliga,,20190429_Nordsjaelland_Midtjylland,-94.78935668498366,1.53,0.5,5,2,10,3,44.6,55.4,4,4,0,0,4,5
2019-05-05,Aalborg,Aarhus,0.0,1.0,2.2,3.38,3.23,2.22,3.46,3.41,Superliga,,20190505_Aalborg_Aarhus,-43.446625710786066,0.89,1.24,4,4,7,9,45.6,54.4,1,3,0,0,3,3
2019-05-05,FC Copenhagen,Brondby,3.0,2.0,1.53,4.47,5.43,1.56,4.61,5.6,Superliga,,20190505_FC-Copenhagen_Brondby,177.03549226864016,1.28,1.05,3,4,7,10,47.4,52.6,1,1,0,0,3,3
2019-05-05,Odense,Midtjylland,3.0,1.0,2.82,3.48,2.38,2.87,3.59,2.48,Superliga,,20190505_Odense_Midtjylland,-66.16678533564323,0.92,0.89,3,2,6,3,53.0,47.0,0,1,0,0,2,4
2019-05-05,Sonderjyske,Randers FC,1.0,1.0,2.72,3.12,2.68,2.84,3.14,2.78,Superliga,,20190505_Sonderjyske_Randers-FC,-46.27980471237129,0.44,0.71,2,1,4,2,55.0,45.0,2,3,0,0,2,2
2019-05-06,Esbjerg,Nordsjaelland,0.0,0.0,2.45,3.55,2.68,2.6,3.61,2.7,Superliga,,20190506_Esbjerg_Nordsjaelland,38.606429547442076,0.4,0.73,2,3,3,8,56.6,43.4,1,0,0,0,5,5
2019-05-10,Odense,Esbjerg,4.0,1.0,1.86,3.51,4.22,1.88,3.58,4.48,Superliga,,20190510_Odense_Esbjerg,23.212133349434907,1.87,1.64,7,5,15,10,48.4,51.6,1,1,0,0,11,2
2019-05-12,Aarhus,Aalborg,2.0,0.0,2.43,3.45,2.78,2.53,3.57,2.82,Superliga,,20190512_Aarhus_Aalborg,64.46098544327151,0.25,1.34,2,7,3,15,55.8,44.2,0,1,0,0,3,6
2019-05-12,Hobro,Vejle,0.0,1.0,3.04,2.97,2.52,3.2,2.96,2.63,Superliga,,20190512_Hobro_Vejle,14.512052300974574,0.94,0.97,2,5,4,10,50.3,49.7,1,0,0,0,1,6
2019-05-12,Midtjylland,FC Copenhagen,4.0,0.0,2.08,3.69,3.23,2.07,3.83,3.48,Superliga,,20190512_Midtjylland_FC-Copenhagen,-80.61935846671713,1.57,0.13,4,0,9,0,47.8,52.2,2,1,0,0,3,2
2019-05-12,Randers FC,Sonderjyske,4.0,3.0,2.68,3.14,2.69,2.79,3.2,2.78,Superliga,,20190512_Randers-FC_Sonderjyske,43.101683649307915,0.95,1.63,4,5,8,11,52.2,47.8,2,4,0,0,5,5
2019-05-12,Vendsyssel,Horsens,0.0,1.0,2.34,3.02,3.29,2.42,3.04,3.47,Superliga,,20190512_Vendsyssel_Horsens,18.91051324652699,1.74,1.51,6,5,15,11,51.8,48.2,2,0,0,0,8,4
2019-05-13,Brondby,Nordsjaelland,2.0,0.0,2.0,4.06,3.17,2.02,4.25,3.3,Superliga,,20190513_Brondby_Nordsjaelland,-12.332622348641507,0.41,0.26,2,0,5,2,52.6,47.4,2,3,0,0,5,1
2019-05-18,Randers FC,Aarhus,2.0,1.0,2.74,3.05,2.7,2.94,3.0,2.8,Superliga,,20190518_Randers-FC_Aarhus,-32.21181444622539,1.15,0.9,4,2,8,3,46.8,53.2,2,2,0,0,7,5
2019-05-19,Esbjerg,FC Copenhagen,4.0,3.0,3.29,3.65,2.06,3.46,3.76,2.09,Superliga,,20190519_Esbjerg_FC-Copenhagen,-137.94600441873808,1.67,1.28,5,4,10,12,44.9,55.1,2,2,0,0,6,7
2019-05-19,Horsens,Vendsyssel,1.0,1.0,2.12,3.29,3.47,2.18,3.43,3.56,Superliga,,20190519_Horsens_Vendsyssel,6.394490294949264,1.83,0.59,5,2,11,5,49.0,51.0,1,1,0,0,7,3
2019-05-19,Nordsjaelland,Odense,2.0,2.0,2.72,3.68,2.36,2.76,3.65,2.53,Superliga,,20190519_Nordsjaelland_Odense,-82.78789423950298,1.72,0.82,4,4,10,8,49.9,50.1,1,1,0,1,5,4
2019-05-19,Vejle,Hobro,0.0,2.0,1.94,3.5,3.8,2.0,3.5,4.04,Superliga,,20190519_Vejle_Hobro,10.489822184566037,0.55,1.55,1,6,0,12,53.0,47.0,0,0,0,0,6,7
2019-05-20,Brondby,Midtjylland,4.0,1.0,1.56,4.68,4.75,1.57,5.02,4.91,Superliga,,20190520_Brondby_Midtjylland,-111.45567957714502,1.42,0.69,5,3,12,6,42.2,57.8,1,1,0,0,5,9
2019-05-25,FC Copenhagen,Nordsjaelland,1.0,3.0,1.4,5.33,6.31,1.41,5.66,6.41,Superliga,,20190525_FC-Copenhagen_Nordsjaelland,155.7873782437564,1.73,0.9,6,3,14,5,59.0,41.0,1,1,0,1,8,3
2019-05-25,Midtjylland,Esbjerg,1.0,2.0,1.71,4.14,4.28,1.7,4.39,4.52,Superliga,,20190525_Midtjylland_Esbjerg,54.54611413569273,1.34,0.99,4,3,9,6,52.8,47.2,1,0,0,0,8,2
2019-05-25,Odense,Brondby,0.0,2.0,2.32,3.72,2.78,2.41,3.84,2.82,Superliga,,20190525_Odense_Brondby,51.739780695966374,0.9,1.54,3,5,8,12,55.9,44.1,0,4,0,0,8,4
2019-05-26,Aarhus,Randers FC,1.0,1.0,2.08,3.51,3.36,2.12,3.65,3.48,Superliga,,20190526_Aarhus_Randers-FC,5.993054765293209,0.58,0.05,2,1,4,2,57.0,43.0,0,1,0,0,3,1
2019-05-30,Hobro,Viborg,1.0,0.0,3.03,3.09,2.44,3.34,3.19,2.39,Superliga,,20190530_Hobro_Viborg,-64.06145332929623,0.45,0.2,3,1,7,2,50.1,49.9,2,1,0,0,8,3
2019-05-30,Lyngby,Vendsyssel,2.0,1.0,2.47,3.1,2.96,2.55,3.23,3.05,Superliga,,20190530_Lyngby_Vendsyssel,73.22528920835452,1.99,1.38,8,4,16,10,60.5,39.5,1,1,0,0,6,6
2019-05-31,Brondby,Randers FC,4.0,2.0,1.79,3.75,4.22,1.83,3.84,4.43,Superliga,,20190531_Brondby_Randers-FC,7.505960149540897,2.14,1.57,7,6,16,14,51.1,48.9,1,3,0,0,7,5
2019-06-02,Vendsyssel,Lyngby,2.0,2.0,2.28,3.44,2.98,2.41,3.52,3.02,Superliga,,20190602_Vendsyssel_Lyngby,-92.24065279626097,1.06,1.37,3,4,6,9,44.7,55.3,0,1,0,0,6,3
2019-06-02,Viborg,Hobro,0.0,2.0,1.69,3.81,4.73,1.72,4.02,4.83,Superliga,,20190602_Viborg_Hobro,35.68572063945908,0.83,1.31,2,3,3,6,51.4,48.6,3,1,0,0,1,4
2019-07-12,Midtjylland,Esbjerg,1.0,0.0,1.56,4.2,5.53,1.54,4.24,5.75,Superliga,,20190712_Midtjylland_Esbjerg,26.808856839527834,1.03,0.68,4,1,10,1,59.1,40.9,0,2,0,0,11,4
2019-07-14,Brondby,Silkeborg,3.0,0.0,1.38,5.13,7.02,1.35,5.28,7.44,Superliga,,20190714_Brondby_Silkeborg,38.78392313853237,0.97,1.34,3,4,7,7,47.7,52.3,2,5,0,1,1,6
2019-07-14,Horsens,Nordsjaelland,0.0,3.0,2.72,3.38,2.53,2.75,3.43,2.53,Superliga,,20190714_Horsens_Nordsjaelland,-72.15341638091627,0.83,1.69,3,6,6,13,51.9,48.1,1,2,0,0,4,10
2019-07-14,Lyngby,Aalborg,2.0,0.0,3.39,3.57,2.07,3.44,3.63,2.06,Superliga,,20190714_Lyngby_Aalborg,52.020548185392954,1.06,0.44,3,0,8,0,47.5,52.5,1,2,1,0,7,6
2019-07-14,Odense,FC Copenhagen,2.0,3.0,2.93,3.39,2.37,2.92,3.45,2.39,Superliga,,20190714_Odense_FC-Copenhagen,-75.33945459094502,0.97,1.56,3,4,7,9,51.4,48.6,4,1,0,1,5,10
2019-07-14,Sonderjyske,Randers FC,2.0,1.0,2.17,3.38,3.31,2.17,3.47,3.31,Superliga,,20190714_Sonderjyske_Randers-FC,-65.71506371818987,1.5,0.48,3,4,8,9,47.4,52.6,2,3,0,0,8,9
2019-07-15,Hobro,Aarhus,1.0,1.0,3.96,3.66,1.87,3.99,3.87,1.84,Superliga,,20190715_Hobro_Aarhus,-61.76164156758409,0.4,1.27,1,3,3,8,60.1,39.9,0,1,0,0,5,7
2019-07-19,FC Copenhagen,Aarhus,2.0,1.0,1.39,4.99,7.25,1.4,5.03,7.66,Superliga,,20190719_FC-Copenhagen_Aarhus,113.00709840837999,0.91,0.86,3,3,8,8,55.4,44.6,2,1,0,1,4,5
2019-07-21,Aalborg,Sonderjyske,1.0,1.0,2.61,3.45,2.59,2.65,3.55,2.66,Superliga,,20190721_Aalborg_Sonderjyske,-12.16687162911353,0.61,1.33,2,3,4,7,46.3,53.7,1,5,0,0,9,3
2019-07-21,Esbjerg,Hobro,1.0,1.0,1.6,3.88,5.77,1.6,4.06,5.92,Superliga,,20190721_Esbjerg_Hobro,76.06046111743149,0.56,1.57,1,6,0,14,57.2,42.8,0,1,0,0,3,6
2019-07-21,Midtjylland,Nordsjaelland,2.0,1.0,1.6,4.27,4.99,1.62,4.23,5.45,Superliga,,20190721_Midtjylland_Nordsjaelland,76.0626346622671,1.55,1.2,5,4,10,10,55.2,44.8,2,0,0,0,4,5
2019-07-21,Randers FC,Brondby,2.0,2.0,3.39,3.56,2.07,3.48,3.67,2.1,Superliga,,20190721_Randers-FC_Brondby,-55.896567862811025,0.92,1.47,3,4,8,9,49.5,50.5,0,1,0,0,5,5
2019-07-21,Silkeborg,Horsens,0.0,3.0,2.15,3.56,3.21,2.18,3.67,3.29,Superliga,,20190721_Silkeborg_Horsens,66.1496061705302,0.81,1.04,2,3,4,6,56.9,43.1,3,2,1,0,7,3
2019-07-22,Odense,Lyngby,4.0,1.0,1.51,4.58,5.68,1.54,4.63,5.74,Superliga,,20190722_Odense_Lyngby,25.185957065229786,1.09,1.3,4,5,9,13,51.6,48.4,1,1,0,0,4,9
2019-07-26,Lyngby,Sonderjyske,0.0,3.0,3.21,3.68,2.1,3.29,3.83,2.13,Superliga,,20190726_Lyngby_Sonderjyske,49.57526745370251,1.01,1.02,3,4,4,9,50.8,49.2,1,2,0,0,4,6
2019-07-27,Horsens,FC Copenhagen,0.0,2.0,5.62,4.11,1.57,5.89,3.93,1.63,Superliga,,20190727_Horsens_FC-Copenhagen,-206.79940553695837,0.9,2.28,3,8,7,18,43.6,56.4,1,0,0,0,2,7
2019-07-28,Aarhus,Midtjylland,0.0,1.0,3.32,3.55,2.11,3.4,3.66,2.14,Superliga,,20190728_Aarhus_Midtjylland,-85.12441978747097,1.45,0.74,4,3,8,5,51.1,48.9,0,3,0,0,3,2
2019-07-28,Brondby,Odense,3.0,2.0,2.26,3.62,2.94,2.27,3.74,3.06,Superliga,,20190728_Brondby_Odense,-5.392971881820131,2.01,1.09,6,4,14,9,46.0,54.0,2,3,0,0,7,2
2019-07-28,Hobro,Randers FC,2.0,2.0,3.75,3.36,2.02,3.92,3.43,2.05,Superliga,,20190728_Hobro_Randers-FC,-27.415978002661404,1.21,0.75,3,3,7,6,52.1,47.9,0,3,0,0,4,0
2019-07-28,Nordsjaelland,Esbjerg,2.0,0.0,2.01,3.62,3.52,2.05,3.62,3.69,Superliga,,20190728_Nordsjaelland_Esbjerg,-33.93021601836631,1.46,0.74,3,2,6,4,51.4,48.6,0,1,0,0,4,2
2019-07-29,Aalborg,Silkeborg,3.0,1.0,1.43,4.82,6.64,1.42,5.3,6.8,Superliga,,20190729_Aalborg_Silkeborg,-30.49896807790492,0.05,1.8,3,4,7,8,53.4,46.6,1,0,0,0,2,3
2019-08-02,Silkeborg,Hobro,2.0,3.0,2.25,3.52,3.0,2.28,3.68,3.08,Superliga,,20190802_Silkeborg_Hobro,-6.970631996804286,0.65,1.57,3,4,8,10,52.1,47.9,2,0,0,0,2,6
2019-08-03,Sonderjyske,FC Copenhagen,1.0,2.0,3.35,3.56,2.08,3.52,3.55,2.13,Superliga,,20190803_Sonderjyske_FC-Copenhagen,-180.23265163973588,1.2,1.7,3,6,6,14,42.1,57.9,1,2,0,0,5,8
2019-08-04,Brondby,Horsens,1.0,2.0,1.43,4.78,6.51,1.43,5.05,6.96,Superliga,,20190804_Brondby_Horsens,127.87648433746222,0.97,1.41,3,5,8,9,60.7,39.3,1,3,0,0,5,3
2019-08-04,Esbjerg,Odense,0.0,1.0,2.65,3.38,2.59,2.63,3.44,2.74,Superliga,,20190804_Esbjerg_Odense,-14.970489653927189,0.6,1.14,4,4,8,10,51.6,48.4,2,7,0,0,3,6
2019-08-04,Midtjylland,Aalborg,1.0,0.0,1.63,3.99,5.12,1.65,3.94,5.57,Superliga,,20190804_Midtjylland_Aalborg,151.38991380409493,0.76,1.13,5,3,11,6,55.9,44.1,0,2,0,0,6,3
2019-08-04,Randers FC,Nordsjaelland,3.0,1.0,3.0,3.64,2.21,3.18,3.76,2.2,Superliga,,20190804_Randers-FC_Nordsjaelland,-23.655703824023476,1.2,2.02,4,7,9,16,48.8,51.2,2,1,0,0,5,6
2019-08-05,Lyngby,Aarhus,2.0,1.0,4.03,4.05,1.77,4.06,4.19,1.81,Superliga,,20190805_Lyngby_Aarhus,-13.880195660944082,1.04,0.42,2,2,4,6,47.7,52.3,1,3,0,1,2,4
2019-08-09,FC Copenhagen,Lyngby,2.0,0.0,1.3,5.44,9.51,1.3,5.67,10.41,Superliga,,20190809_FC-Copenhagen_Lyngby,151.85889060339946,1.95,0.33,7,1,14,0,61.5,38.5,1,3,0,1,7,1
2019-08-09,Odense,Randers FC,1.0,0.0,1.73,3.94,4.39,1.74,4.04,4.67,Superliga,,20190809_Odense_Randers-FC,44.88749460593317,1.13,0.84,2,1,2,0,56.5,43.5,3,2,0,0,1,0
2019-08-11,Aalborg,Esbjerg,4.0,0.0,2.19,3.26,3.39,2.27,3.27,3.47,Superliga,,20190811_Aalborg_Esbjerg,-63.7393028043839,2.03,0.83,6,4,11,9,48.1,51.9,1,1,0,0,3,3
2019-08-11,Hobro,Brondby,0.0,2.0,4.66,4.14,1.66,4.8,4.4,1.66,Superliga,,20190811_Hobro_Brondby,-62.738838835080514,1.28,2.06,4,5,6,11,40.1,59.9,1,2,0,0,9,7
2019-08-11,Horsens,Midtjylland,0.0,2.0,4.24,3.65,1.82,4.48,3.68,1.85,Superliga,,20190811_Horsens_Midtjylland,-168.0238377860544,1.13,1.79,3,4,5,9,44.2,55.8,0,1,0,0,4,1
2019-08-11,Nordsjaelland,Silkeborg,2.0,2.0,1.27,6.13,8.95,1.29,6.57,8.57,Superliga,,20190811_Nordsjaelland_Silkeborg,55.095902502123636,0.14,0.67,2,3,6,9,57.1,42.9,2,1,0,0,6,5
2019-08-12,Sonderjyske,Aarhus,0.0,0.0,2.39,3.47,2.83,2.44,3.59,2.89,Superliga,,20190812_Sonderjyske_Aarhus,-29.854000558264033,0.99,0.36,3,1,6,4,47.1,52.9,1,2,0,0,7,4
2019-08-16,Nordsjaelland,Odense,2.0,0.0,2.19,3.79,2.97,2.19,3.89,3.1,Superliga,,20190816_Nordsjaelland_Odense,-59.208710867310856,1.5,1.58,4,5,9,12,44.7,55.3,2,1,0,0,4,8
2019-08-16,Randers FC,FC Copenhagen,0.0,1.0,4.19,3.62,1.84,4.38,3.69,1.87,Superliga,,20190816_Randers-FC_FC-Copenhagen,-166.30207947894428,0.62,1.6,3,4,6,9,43.0,57.0,1,3,0,0,2,4
2019-08-18,Brondby,Aalborg,2.0,1.0,2.09,3.65,3.27,2.13,3.72,3.36,Superliga,,20190818_Brondby_Aalborg,88.6242967808962,1.51,0.85,6,3,14,8,60.5,39.5,5,0,0,0,6,4
2019-08-18,Esbjerg,Lyngby,1.0,0.0,1.76,3.75,4.47,1.76,3.94,4.64,Superliga,,20190818_Esbjerg_Lyngby,2.9189958760298396,1.19,0.57,3,3,6,7,51.8,48.2,1,2,0,0,4,3
2019-08-18,Midtjylland,Hobro,1.0,1.0,1.36,4.9,8.17,1.37,4.91,9.09,Superliga,,20190818_Midtjylland_Hobro,151.80795210858696,0.05,1.31,1,4,2,10,56.9,43.1,1,3,0,0,1,5
2019-08-18,Silkeborg,Sonderjyske,3.0,3.0,3.67,4.01,1.87,3.67,4.11,1.93,Superliga,,20190818_Silkeborg_Sonderjyske,-12.200771987603503,1.18,1.0,4,3,10,6,55.5,44.5,3,2,0,0,11,5
2019-08-19,Aarhus,Horsens,2.0,0.0,1.84,3.65,4.16,1.83,3.83,4.35,Superliga,,20190819_Aarhus_Horsens,50.688624561892766,1.16,0.89,4,3,10,7,52.0,48.0,2,0,0,0,3,3
2019-08-23,Hobro,Odense,0.0,0.0,4.2,3.74,1.81,4.22,3.96,1.83,Superliga,,20190823_Hobro_Odense,-72.82593663209468,0.48,1.05,2,5,4,12,41.7,58.3,0,2,0,0,5,7
2019-08-25,Brondby,Aarhus,0.0,3.0,1.86,3.89,3.82,1.88,4.05,3.88,Superliga,,20190825_Brondby_Aarhus,59.941741102233664,0.54,1.88,2,6,4,12,51.8,48.2,2,1,0,0,5,7
2019-08-25,Esbjerg,Silkeborg,2.0,2.0,1.77,3.84,4.35,1.81,3.86,4.43,Superliga,,20190825_Esbjerg_Silkeborg,59.43594351046818,1.15,1.91,3,6,5,13,53.7,46.3,1,0,0,0,4,6
2019-08-25,FC Copenhagen,Nordsjaelland,3.0,1.0,1.74,3.88,4.45,1.76,3.84,4.75,Superliga,,20190825_FC-Copenhagen_Nordsjaelland,152.3394514398908,2.0,0.05,6,1,13,1,55.3,44.7,2,2,0,0,7,3
2019-08-25,Lyngby,Randers FC,2.0,0.0,3.05,3.62,2.2,3.12,3.71,2.25,Superliga,,20190825_Lyngby_Randers-FC,-4.928585330501164,0.87,0.73,2,3,3,8,49.0,51.0,0,2,0,0,4,7
2019-08-25,Sonderjyske,Midtjylland,0.0,2.0,3.25,3.6,2.11,3.33,3.66,2.17,Superliga,,20190825_Sonderjyske_Midtjylland,-153.840867578077,1.99,1.18,7,4,16,8,48.0,52.0,0,3,0,0,10,7
2019-08-26,Horsens,Aalborg,0.0,5.0,3.57,3.54,2.02,3.65,3.7,2.04,Superliga,,20190826_Horsens_Aalborg,-24.521794537912,1.82,2.37,6,8,16,19,44.7,55.3,1,3,0,0,8,10
2019-08-30,Odense,Sonderjyske,0.0,0.0,1.87,3.79,3.83,1.92,3.85,3.95,Superliga,,20190830_Odense_Sonderjyske,89.2547699517263,0.6,0.98,1,1,2,2,48.3,51.7,0,2,0,0,5,4
2019-08-31,Nordsjaelland,Hobro,2.0,1.0,1.36,5.15,7.69,1.36,5.5,7.88,Superliga,,20190831_Nordsjaelland_Hobro,32.13744987371297,0.85,1.89,2,6,4,14,48.8,51.2,1,2,0,0,3,6
2019-09-01,Aalborg,FC Copenhagen,1.0,0.0,2.53,3.28,2.78,2.56,3.3,2.93,Superliga,,20190901_Aalborg_FC-Copenhagen,-210.01436951570327,1.18,1.19,4,3,6,6,52.1,47.9,3,0,0,0,7,5
2019-09-01,Aarhus,Esbjerg,1.0,0.0,1.74,3.67,4.77,1.74,3.95,4.76,Superliga,,20190901_Aarhus_Esbjerg,6.4850808257961035,1.53,0.97,6,4,15,10,53.6,46.4,3,2,1,0,7,7
2019-09-01,Horsens,Lyngby,2.0,1.0,2.29,3.3,3.12,2.32,3.29,3.33,Superliga,,20190901_Horsens_Lyngby,-77.41709948059497,0.05,0.81,2,2,2,6,46.6,53.4,0,2,0,0,5,7
2019-09-01,Midtjylland,Brondby,1.0,0.0,1.72,4.07,4.35,1.75,4.15,4.44,Superliga,,20190901_Midtjylland_Brondby,76.47805267115086,1.73,0.74,5,2,12,3,50.5,49.5,3,3,0,0,1,2
2019-09-01,Randers FC,Silkeborg,2.0,0.0,1.73,4.08,4.27,1.74,4.35,4.33,Superliga,,20190901_Randers-FC_Silkeborg,23.44389854091196,0.89,1.32,4,4,10,8,56.7,43.3,0,0,0,0,10,1
2019-09-13,Sonderjyske,Horsens,0.0,0.0,1.88,3.45,4.18,1.91,3.57,4.34,Superliga,,20190913_Sonderjyske_Horsens,25.26424964743819,0.49,0.07,3,1,8,1,58.2,41.8,0,1,0,0,6,4
2019-09-15,Aarhus,Aalborg,3.0,0.0,2.35,3.23,3.09,2.33,3.29,3.31,Superliga,,20190915_Aarhus_Aalborg,42.878948513701516,1.97,1.42,8,5,20,12,49.3,50.7,1,0,0,0,9,9
2019-09-15,Brondby,Nordsjaelland,4.0,2.0,1.92,4.1,3.42,1.93,4.31,3.53,Superliga,,20190915_Brondby_Nordsjaelland,17.56184010486163,0.72,1.57,4,4,10,9,54.8,45.2,3,3,0,0,1,2
2019-09-15,Esbjerg,Randers FC,0.0,3.0,2.49,3.19,2.9,2.57,3.25,2.96,Superliga,,20190915_Esbjerg_Randers-FC,8.958400827508058,1.58,1.31,6,3,12,7,50.1,49.9,0,3,0,0,8,5
2019-09-15,Hobro,FC Copenhagen,2.0,1.0,6.92,4.52,1.44,7.15,4.68,1.45,Superliga,,20190915_Hobro_FC-Copenhagen,-190.99042220904744,1.12,0.93,3,3,9,6,42.8,57.2,1,1,0,0,7,2
2019-09-15,Lyngby,Midtjylland,0.0,3.0,7.16,4.6,1.43,7.12,4.79,1.45,Superliga,,20190915_Lyngby_Midtjylland,-151.34983485117937,0.66,1.63,4,5,9,11,43.6,56.4,6,1,0,0,7,8
2019-09-16,Silkeborg,Odense,0.0,3.0,4.24,4.18,1.72,4.35,4.46,1.71,Superliga,,20190916_Silkeborg_Odense,-99.7463115705475,0.61,1.35,2,5,4,12,41.1,58.9,2,2,0,1,2,7
2019-09-20,Odense,Aarhus,1.0,2.0,2.29,3.33,3.12,2.29,3.48,3.21,Superliga,,20190920_Odense_Aarhus,13.043875561677623,1.79,0.47,6,2,12,5,52.1,47.9,0,1,0,1,6,3
2019-09-22,Esbjerg,Brondby,3.0,1.0,3.63,3.69,1.96,3.59,3.9,2.01,Superliga,,20190922_Esbjerg_Brondby,-64.4057333662106,1.85,0.3,6,1,12,5,47.3,52.7,2,2,0,0,11,8
2019-09-22,FC Copenhagen,Midtjylland,0.0,0.0,2.36,3.25,3.06,2.38,3.34,3.17,Superliga,,20190922_FC-Copenhagen_Midtjylland,-0.8576300184272441,0.98,0.55,3,2,9,6,48.8,51.2,1,2,0,0,7,2
2019-09-22,Hobro,Sonderjyske,1.0,1.0,3.14,3.26,2.31,3.42,3.35,2.25,Superliga,,20190922_Hobro_Sonderjyske,26.351959174708327,0.9,0.93,5,3,10,8,57.2,42.8,0,1,0,0,9,6
2019-09-22,Nordsjaelland,Aalborg,2.0,1.0,1.93,3.96,3.45,2.0,4.11,3.45,Superliga,,20190922_Nordsjaelland_Aalborg,35.11492281891856,1.73,1.24,6,3,13,5,56.0,44.0,1,0,0,0,6,3
2019-09-22,Silkeborg,Lyngby,2.0,3.0,2.35,3.64,2.79,2.41,3.78,2.82,Superliga,,20190922_Silkeborg_Lyngby,-40.98335036534991,0.46,1.84,3,7,4,14,43.1,56.9,2,3,0,0,0,10
2019-09-23,Randers FC,Horsens,2.0,1.0,1.78,3.67,4.49,1.81,3.69,4.67,Superliga,,20190923_Randers-FC_Horsens,66.0045383498234,0.54,0.76,4,3,6,9,54.6,45.4,1,5,0,1,5,6
2019-09-27,Lyngby,Hobro,2.0,1.0,1.89,3.54,4.04,1.88,3.68,4.28,Superliga,,20190927_Lyngby_Hobro,1.8304756961597377,1.27,0.66,6,2,12,5,44.6,55.4,0,2,0,0,4,3
2019-09-28,FC Copenhagen,Silkeborg,4.0,2.0,1.18,7.14,13.44,1.19,7.28,14.6,Superliga,,20190928_FC-Copenhagen_Silkeborg,216.25601881535022,1.6,0.05,5,2,12,5,61.6,38.4,0,1,0,0,4,4
2019-09-29,Aalborg,Randers FC,0.0,3.0,2.06,3.58,3.39,2.1,3.67,3.49,Superliga,,20190929_Aalborg_Randers-FC,-47.25782512319779,0.22,2.24,2,6,2,12,46.3,53.7,5,1,0,0,5,6
2019-09-29,Aarhus,Nordsjaelland,3.0,1.0,2.17,3.72,3.03,2.2,3.79,3.15,Superliga,,20190929_Aarhus_Nordsjaelland,30.476021712659758,1.58,0.93,5,3,11,6,53.4,46.6,1,1,0,0,9,2
2019-09-29,Midtjylland,Odense,0.0,1.0,1.57,4.13,5.56,1.6,4.17,5.73,Superliga,,20190929_Midtjylland_Odense,101.87435577448696,1.16,0.35,6,1,12,2,59.6,40.4,5,2,0,0,4,2
2019-09-29,Sonderjyske,Brondby,2.0,1.0,2.82,3.63,2.32,2.91,3.77,2.35,Superliga,,20190929_Sonderjyske_Brondby,-76.12007551126248,2.56,1.2,9,4,19,7,47.4,52.6,1,4,0,0,10,3
2019-09-30,Horsens,Esbjerg,1.0,1.0,2.93,3.08,2.54,3.05,3.07,2.62,Superliga,,20190930_Horsens_Esbjerg,-74.29093140398754,0.21,0.29,1,1,2,3,52.5,47.5,2,1,0,0,1,1
2019-10-04,Nordsjaelland,Lyngby,1.0,1.0,1.31,5.81,7.94,1.33,6.11,8.0,Superliga,,20191004_Nordsjaelland_Lyngby,11.508524844900194,1.08,1.18,4,3,8,6,61.5,38.5,0,1,0,0,7,4
2019-10-05,Hobro,Aalborg,0.0,2.0,4.16,3.7,1.82,4.41,3.88,1.81,Superliga,,20191005_Hobro_Aalborg,18.912616369469333,1.03,1.47,2,4,5,9,53.5,46.5,2,2,0,0,4,1
2019-10-06,Brondby,FC Copenhagen,3.0,1.0,3.11,3.47,2.23,3.21,3.54,2.27,Superliga,,20191006_Brondby_FC-Copenhagen,-124.29012079227482,0.54,1.3,3,3,6,8,41.3,58.7,0,1,0,0,3,5
2019-10-06,Esbjerg,Sonderjyske,1.0,2.0,2.75,3.22,2.61,2.84,3.31,2.63,Superliga,,20191006_Esbjerg_Sonderjyske,22.997727952722016,0.31,1.49,2,4,4,8,50.1,49.9,4,3,0,0,3,5
2019-10-06,Odense,Horsens,3.0,0.0,1.94,3.44,3.97,2.0,3.46,4.1,Superliga,,20191006_Odense_Horsens,126.45174242073995,1.09,1.08,4,4,7,9,63.9,36.1,2,0,0,0,3,9
2019-10-06,Randers FC,Aarhus,2.0,0.0,2.88,3.27,2.45,3.0,3.32,2.49,Superliga,,20191006_Randers-FC_Aarhus,-40.48801440471061,1.66,0.24,4,0,9,0,47.5,52.5,2,3,0,0,4,0
2019-10-06,Silkeborg,Midtjylland,1.0,2.0,8.86,5.67,1.3,8.55,5.78,1.33,Superliga,,20191006_Silkeborg_Midtjylland,-206.9994262932512,1.03,1.33,5,5,11,10,39.1,60.9,0,3,0,0,8,9
2019-10-18,Aalborg,Odense,1.0,0.0,2.0,3.54,3.6,2.07,3.59,3.67,Superliga,,20191018_Aalborg_Odense,-96.27875429880214,0.39,1.36,2,3,5,5,47.4,52.6,2,0,0,0,3,4
2019-10-20,Aarhus,Silkeborg,3.0,4.0,1.38,5.09,7.27,1.38,5.31,7.81,Superliga,,20191020_Aarhus_Silkeborg,135.55233057837586,1.64,2.46,5,7,11,15,51.1,48.9,0,2,0,0,4,11
2019-10-20,FC Copenhagen,Esbjerg,3.0,1.0,1.53,4.07,6.27,1.56,3.98,6.74,Superliga,,20191020_FC-Copenhagen_Esbjerg,144.91136672798757,1.44,1.98,4,5,9,10,58.3,41.7,0,1,0,0,3,7
2019-10-20,Horsens,Hobro,1.0,0.0,2.28,3.12,3.32,2.33,3.2,3.42,Superliga,,20191020_Horsens_Hobro,-39.41177559562857,2.0,0.9,7,6,18,13,55.5,44.5,2,2,0,0,9,8
2019-10-20,Lyngby,Brondby,0.0,3.0,4.25,4.26,1.7,4.38,4.44,1.71,Superliga,,20191020_Lyngby_Brondby,-38.95115988573298,0.48,1.0,1,4,4,10,52.0,48.0,0,0,0,0,4,8
2019-10-20,Sonderjyske,Nordsjaelland,1.0,4.0,2.43,3.81,2.59,2.48,4.03,2.61,Superliga,,20191020_Sonderjyske_Nordsjaelland,-22.03257109230026,0.77,1.64,2,4,4,9,49.6,50.4,1,4,0,0,4,5
2019-10-21,Midtjylland,Randers FC,2.0,1.0,1.58,4.04,5.61,1.61,4.01,5.99,Superliga,,20191021_Midtjylland_Randers-FC,96.33372140147162,1.09,1.56,2,6,5,13,60.4,39.6,1,2,0,0,4,3
2019-10-25,Esbjerg,Midtjylland,1.0,2.0,4.35,3.57,1.82,4.62,3.6,1.85,Superliga,,20191025_Esbjerg_Midtjylland,-162.65428807209855,0.05,1.91,1,4,2,7,49.2,50.8,4,2,0,0,3,8
2019-10-27,Brondby,Randers FC,5.0,2.0,1.91,3.71,3.77,1.92,3.82,4.01,Superliga,,20191027_Brondby_Randers-FC,21.97544474383608,1.77,1.62,6,6,13,14,54.6,45.4,1,0,0,0,6,0
2019-10-27,Hobro,Silkeborg,1.0,1.0,2.27,3.54,2.98,2.33,3.58,3.07,Superliga,,20191027_Hobro_Silkeborg,16.88980427931665,1.43,1.71,5,6,11,13,42.7,57.3,2,7,0,1,4,11
2019-10-27,Lyngby,Horsens,2.0,1.0,2.62,3.2,2.74,2.82,3.18,2.73,Superliga,,20191027_Lyngby_Horsens,54.150018453511166,1.62,0.7,5,2,11,4,48.6,51.4,2,1,0,0,2,4
2019-10-27,Odense,Nordsjaelland,3.0,1.0,2.52,3.73,2.54,2.66,3.9,2.48,Superliga,,20191027_Odense_Nordsjaelland,26.72069311739301,1.89,1.47,7,4,15,8,54.3,45.7,3,2,0,1,8,1
2019-10-27,Sonderjyske,Aalborg,1.0,3.0,2.54,3.41,2.68,2.58,3.57,2.73,Superliga,,20191027_Sonderjyske_Aalborg,-5.44012417216959,1.28,1.17,4,4,11,8,48.7,51.3,3,1,1,0,6,4
2019-10-28,Aarhus,FC Copenhagen,1.0,2.0,3.08,3.34,2.29,3.15,3.38,2.37,Superliga,,20191028_Aarhus_FC-Copenhagen,-104.63297008840846,0.36,1.45,1,4,3,6,46.0,54.0,4,2,0,0,0,7
2019-11-01,Esbjerg,Horsens,1.0,1.0,1.94,3.36,4.08,1.96,3.42,4.32,Superliga,,20191101_Esbjerg_Horsens,47.02190691033729,1.6,0.42,5,1,11,2,51.3,48.7,0,3,0,0,4,2
2019-11-03,Aalborg,Midtjylland,0.0,1.0,3.23,3.48,2.16,3.34,3.59,2.19,Superliga,,20191103_Aalborg_Midtjylland,-153.54669383560145,0.34,0.77,2,3,4,6,33.5,66.5,1,2,0,1,4,3
2019-11-03,FC Copenhagen,Sonderjyske,3.0,0.0,1.44,4.68,6.61,1.46,4.8,6.76,Superliga,,20191103_FC-Copenhagen_Sonderjyske,181.13278465801454,2.45,0.51,8,1,17,3,51.9,48.1,0,3,0,0,9,1
2019-11-03,Nordsjaelland,Aarhus,0.0,1.0,2.13,3.87,3.01,2.12,4.07,3.15,Superliga,,20191103_Nordsjaelland_Aarhus,-14.270883175224299,0.91,1.36,3,5,5,10,51.1,48.9,2,3,0,0,6,5
2019-11-03,Odense,Hobro,2.0,1.0,1.52,4.11,6.24,1.56,4.14,6.47,Superliga,,20191103_Odense_Hobro,112.44575465536809,0.59,1.14,2,3,4,4,56.6,43.4,3,2,0,1,6,1
2019-11-03,Randers FC,Lyngby,2.0,1.0,1.79,3.79,4.25,1.81,3.81,4.5,Superliga,,20191103_Randers-FC_Lyngby,16.909552445400323,1.58,2.32,6,7,12,16,55.0,45.0,3,0,1,0,5,10
2019-11-04,Silkeborg,Brondby,0.0,1.0,3.96,4.1,1.77,4.06,4.18,1.81,Superliga,,20191104_Silkeborg_Brondby,-129.2697354650477,0.64,1.19,1,2,1,5,46.0,54.0,4,1,0,0,3,4
2019-11-08,Randers FC,Aalborg,3.0,3.0,3.2,3.47,2.18,3.35,3.57,2.19,Superliga,,20191108_Randers-FC_Aalborg,40.13390676901304,1.9,1.16,4,4,9,9,61.4,38.6,2,2,0,0,6,6
2019-11-09,Horsens,Silkeborg,2.0,1.0,1.86,3.74,3.92,1.89,3.81,4.11,Superliga,,20191109_Horsens_Silkeborg,2.805905491952899,0.97,0.73,4,2,10,5,52.9,47.1,2,0,0,0,3,3
2019-11-10,Aarhus,Sonderjyske,4.0,2.0,1.97,3.57,3.68,1.98,3.69,3.9,Superliga,,20191110_Aarhus_Sonderjyske,77.2792961995649,0.73,0.81,4,2,7,4,50.9,49.1,0,0,0,0,1,2
2019-11-10,Brondby,Esbjerg,2.0,1.0,1.75,3.77,4.54,1.78,3.8,4.74,Superliga,,20191110_Brondby_Esbjerg,98.13120726224292,0.87,0.76,4,5,10,11,61.3,38.7,3,1,0,0,3,5
2019-11-10,Hobro,Nordsjaelland,2.0,2.0,3.67,3.76,1.92,3.83,3.86,1.95,Superliga,,20191110_Hobro_Nordsjaelland,-60.306265657941594,1.28,1.15,5,3,11,7,52.7,47.3,1,1,0,0,4,7
2019-11-10,Lyngby,Odense,4.0,3.0,3.82,3.8,1.87,3.93,3.98,1.89,Superliga,,20191110_Lyngby_Odense,-79.93188194215736,0.96,0.41,4,3,9,5,45.9,54.1,1,1,1,0,5,9
2019-11-10,Midtjylland,FC Copenhagen,4.0,1.0,2.01,3.35,3.8,2.04,3.46,3.94,Superliga,,20191110_Midtjylland_FC-Copenhagen,2.2400519916132,0.69,0.05,4,2,9,4,45.8,54.2,0,4,0,0,6,2
2019-11-22,Nordsjaelland,Randers FC,3.0,0.0,1.82,4.07,3.82,1.81,4.34,3.95,Superliga,,20191122_Nordsjaelland_Randers-FC,-29.125028353987773,1.52,0.48,4,2,7,3,47.5,52.5,1,1,0,0,5,4
2019-11-24,Aalborg,Horsens,4.0,0.0,1.78,3.66,4.5,1.79,3.69,4.78,Superliga,,20191124_Aalborg_Horsens,50.49425330544909,1.03,0.9,4,2,10,5,57.2,42.8,2,0,0,0,6,4
2019-11-24,Aarhus,Brondby,2.0,1.0,2.08,3.62,3.3,2.14,3.71,3.35,Superliga,,20191124_Aarhus_Brondby,-31.254612518179783,1.61,0.73,4,2,10,6,52.5,47.5,1,2,0,0,5,5
2019-11-24,FC Copenhagen,Hobro,2.0,1.0,1.25,5.72,11.37,1.25,6.12,12.51,Superliga,,20191124_FC-Copenhagen_Hobro,199.97088200967232,1.0,1.45,3,4,5,10,57.7,42.3,2,0,0,0,2,2
2019-11-24,Silkeborg,Esbjerg,1.0,2.0,3.16,3.74,2.1,3.22,3.92,2.13,Superliga,,20191124_Silkeborg_Esbjerg,-49.804421622602376,0.42,1.77,1,6,3,12,50.6,49.4,1,0,0,0,3,9
2019-11-24,Sonderjyske,Lyngby,2.0,2.0,1.69,4.11,4.45,1.66,4.42,4.77,Superliga,,20191124_Sonderjyske_Lyngby,-52.78117206104662,1.1,1.55,3,5,10,9,44.2,55.8,2,1,0,0,3,9
2019-11-25,Odense,Midtjylland,1.0,2.0,3.91,3.52,1.92,4.13,3.56,1.96,Superliga,,20191125_Odense_Midtjylland,-113.89290529508071,0.91,1.96,3,6,6,11,46.7,53.3,3,0,0,0,2,4
2019-11-29,Lyngby,Nordsjaelland,1.0,1.0,3.56,4.04,1.89,3.69,4.21,1.9,Superliga,,20191129_Lyngby_Nordsjaelland,-9.336974856483948,1.8,2.14,6,7,12,15,43.9,56.1,1,2,0,0,6,8
2019-12-01,Aalborg,Hobro,1.0,1.0,1.46,4.41,6.75,1.47,4.56,7.1,Superliga,,20191201_Aalborg_Hobro,63.96797722067822,0.59,1.24,2,5,4,9,55.8,44.2,0,3,0,0,3,3
2019-12-01,Esbjerg,Aarhus,1.0,2.0,3.28,3.44,2.16,3.32,3.56,2.21,Superliga,,20191201_Esbjerg_Aarhus,-87.05770535345209,0.65,1.02,3,4,8,8,43.3,56.7,0,0,0,0,5,1
2019-12-01,FC Copenhagen,Brondby,2.0,1.0,2.03,3.5,3.57,2.08,3.52,3.69,Superliga,,20191201_FC-Copenhagen_Brondby,82.65597012826356,0.1,0.12,2,1,5,3,49.3,50.7,0,1,0,0,7,3
2019-12-01,Horsens,Odense,2.0,1.0,3.4,3.4,2.12,3.47,3.57,2.14,Superliga,,20191201_Horsens_Odense,-116.79133108495876,0.67,0.63,3,1,7,2,41.8,58.2,3,3,0,0,5,4
2019-12-01,Randers FC,Sonderjyske,3.0,0.0,2.17,3.55,3.16,2.15,3.74,3.31,Superliga,,20191201_Randers-FC_Sonderjyske,61.61778645887762,1.78,0.05,6,0,14,1,51.2,48.8,0,2,0,1,4,1
2019-12-02,Midtjylland,Silkeborg,2.0,1.0,1.18,7.16,13.35,1.18,7.0,13.73,Superliga,,20191202_Midtjylland_Silkeborg,273.7224162362493,1.72,0.05,5,1,9,4,55.5,44.5,0,0,0,0,5,0
2019-12-06,Hobro,Horsens,0.0,0.0,2.58,3.13,2.83,2.62,3.16,2.97,Superliga,,20191206_Hobro_Horsens,-6.641104113000438,0.97,1.25,4,3,7,7,51.1,48.9,2,0,0,0,3,6
2019-12-08,Aarhus,Lyngby,1.0,1.0,1.51,4.39,5.89,1.52,4.6,6.12,Superliga,,20191208_Aarhus_Lyngby,66.86399373206609,1.02,1.39,2,3,5,10,52.9,47.1,1,1,0,0,3,3
2019-12-08,Brondby,Midtjylland,1.0,2.0,3.55,3.71,1.96,3.65,3.87,2.0,Superliga,,20191208_Brondby_Midtjylland,-124.48750972996913,1.1,2.21,4,8,11,18,51.3,48.7,0,1,0,0,4,10
2019-12-08,Nordsjaelland,FC Copenhagen,0.0,1.0,3.05,3.79,2.13,3.16,4.02,2.13,Superliga,,20191208_Nordsjaelland_FC-Copenhagen,-146.07254343883892,1.43,0.71,3,1,7,3,40.6,59.4,0,0,0,0,7,2
2019-12-08,Silkeborg,Randers FC,2.0,1.0,3.69,3.92,1.87,3.73,3.95,1.95,Superliga,,20191208_Silkeborg_Randers-FC,-125.7757209414292,0.65,0.97,3,2,7,7,42.2,57.8,4,3,0,1,4,4
2019-12-08,Sonderjyske,Esbjerg,2.0,1.0,2.4,3.26,2.96,2.51,3.33,2.97,Superliga,,20191208_Sonderjyske_Esbjerg,-21.07645619185473,0.75,0.64,3,4,5,8,47.6,52.4,0,0,0,0,5,2
2019-12-09,Odense,Aalborg,0.0,0.0,2.66,3.39,2.55,2.75,3.49,2.6,Superliga,,20191209_Odense_Aalborg,32.05703193666409,0.81,1.38,1,5,0,11,44.7,55.3,4,3,0,0,1,2
2019-12-13,Aalborg,Nordsjaelland,1.0,3.0,2.06,3.72,3.27,2.11,3.81,3.3,Superliga,,20191213_Aalborg_Nordsjaelland,-4.509991543591013,0.18,1.04,1,5,1,12,50.6,49.4,1,0,0,0,4,9
2019-12-15,Brondby,Hobro,1.0,1.0,1.41,4.57,7.44,1.42,4.78,7.76,Superliga,,20191215_Brondby_Hobro,109.36123409970196,0.64,1.01,2,4,5,12,49.1,50.9,2,0,0,0,5,7
2019-12-15,Horsens,Sonderjyske,2.0,1.0,2.44,3.13,3.02,2.47,3.17,3.13,Superliga,,20191215_Horsens_Sonderjyske,-10.68898080830536,1.53,0.41,4,2,10,3,52.8,47.2,1,1,0,0,7,7
2019-12-15,Lyngby,Silkeborg,1.0,0.0,1.79,3.99,4.0,1.8,4.22,4.04,Superliga,,20191215_Lyngby_Silkeborg,89.86697052962154,0.36,0.13,3,0,5,0,60.2,39.8,1,3,0,0,2,1
2019-12-15,Midtjylland,Aarhus,1.0,3.0,1.73,3.67,4.74,1.75,3.73,5.03,Superliga,,20191215_Midtjylland_Aarhus,121.49325759883914,0.29,1.89,1,6,2,11,56.2,43.8,5,3,0,0,3,8
2019-12-15,Randers FC,Esbjerg,3.0,0.0,1.81,3.71,4.22,1.83,3.88,4.25,Superliga,,20191215_Randers-FC_Esbjerg,56.89224272225283,1.33,0.05,4,0,10,0,50.7,49.3,3,1,0,0,9,2
2019-12-16,FC Copenhagen,Odense,2.0,1.0,1.63,3.91,5.21,1.67,3.92,5.37,Superliga,,20191216_FC-Copenhagen_Odense,135.19862709845597,2.05,0.42,5,1,11,1,42.8,57.2,0,4,0,0,5,2
2020-02-14,Esbjerg,FC Copenhagen,1.0,0.0,4.35,3.42,1.85,4.49,3.35,1.93,Superliga,,20200214_Esbjerg_FC-Copenhagen,-230.63203849815955,0.68,1.52,3,3,8,7,42.5,57.5,4,0,0,0,2,5
2020-02-16,Odense,Brondby,0.0,2.0,2.41,3.28,2.91,2.51,3.34,2.93,Superliga,,20200216_Odense_Brondby,-22.934581688599792,1.01,1.25,2,3,4,5,44.3,55.7,2,2,0,1,3,2
2020-02-16,Silkeborg,Aalborg,0.0,2.0,3.98,3.77,1.83,3.96,3.86,1.9,Superliga,,20200216_Silkeborg_Aalborg,-81.65462835544076,0.05,0.79,0,2,0,3,45.8,54.2,1,1,0,0,0,7
2020-02-16,Sonderjyske,Hobro,3.0,1.0,1.95,3.29,4.05,1.99,3.34,4.26,Superliga,,20200216_Sonderjyske_Hobro,0.8451114222857541,1.43,0.23,5,1,10,4,44.3,55.7,2,2,0,0,10,3
2020-02-17,Midtjylland,Lyngby,2.0,0.0,1.33,5.19,8.63,1.33,5.41,9.46,Superliga,,20200217_Midtjylland_Lyngby,158.79795670044268,1.4,0.05,4,1,9,2,62.5,37.5,2,2,0,0,5,5
2020-02-19,Nordsjaelland,Horsens,6.0,0.0,1.6,4.05,5.24,1.6,4.2,5.93,Superliga,,20200219_Nordsjaelland_Horsens,58.27597299396825,2.21,0.53,6,2,12,6,45.8,54.2,1,0,0,0,4,5
2020-02-21,Hobro,Midtjylland,0.0,2.0,7.68,4.53,1.4,7.93,4.72,1.42,Superliga,,20200221_Hobro_Midtjylland,-248.74773036545503,1.0,1.46,4,4,8,8,40.1,59.9,2,1,0,0,9,7
2020-02-23,Aalborg,Brondby,3.0,2.0,2.07,3.49,3.41,2.09,3.62,3.51,Superliga,,20200223_Aalborg_Brondby,-59.05350797811161,0.79,1.1,3,2,7,4,52.6,47.4,2,3,0,0,7,2
2020-02-23,Lyngby,Esbjerg,2.0,0.0,2.52,3.21,2.83,2.6,3.23,2.89,Superliga,,20200223_Lyngby_Esbjerg,46.488489209336876,0.21,0.09,2,1,5,3,52.6,47.4,1,1,0,1,5,3
2020-02-23,Nordsjaelland,Sonderjyske,2.0,1.0,1.62,4.15,4.85,1.65,4.26,4.96,Superliga,,20200223_Nordsjaelland_Sonderjyske,70.36020199483687,2.15,0.05,8,1,16,3,55.3,44.7,0,1,0,0,8,4
2020-02-23,Randers FC,Odense,0.0,0.0,2.25,3.33,3.15,2.32,3.44,3.15,Superliga,,20200223_Randers-FC_Odense,7.87792387006175,0.05,0.48,0,3,0,6,52.6,47.4,4,1,0,0,0,1
2020-02-23,Silkeborg,FC Copenhagen,1.0,1.0,5.31,4.06,1.6,5.6,4.15,1.61,Superliga,,20200223_Silkeborg_FC-Copenhagen,-256.3588310691132,1.24,1.51,5,3,11,5,38.4,61.6,1,2,0,0,8,3
2020-02-24,Horsens,Aarhus,1.0,2.0,4.02,3.5,1.9,4.04,3.45,2.0,Superliga,,20200224_Horsens_Aarhus,-135.59379636466406,1.19,1.06,2,3,7,6,45.2,54.8,1,1,0,0,3,8
2020-02-28,Aarhus,Hobro,0.0,0.0,1.65,3.66,5.53,1.67,3.64,5.96,Superliga,,20200228_Aarhus_Hobro,164.6211110482493,1.31,1.36,5,4,7,7,53.4,46.6,4,2,0,0,7,6
2020-02-29,Esbjerg,Nordsjaelland,1.0,2.0,3.52,3.53,2.03,3.55,3.61,2.08,Superliga,,20200229_Esbjerg_Nordsjaelland,-85.42765327334291,1.56,0.62,3,3,7,8,50.3,49.7,3,4,0,0,3,5
2020-03-01,Brondby,Lyngby,1.0,0.0,1.66,3.99,4.84,1.7,4.04,4.86,Superliga,,20200301_Brondby_Lyngby,24.588403184118306,1.32,1.15,4,5,9,10,50.9,49.1,2,2,0,0,5,7
2020-03-01,FC Copenhagen,Aalborg,3.0,2.0,1.98,3.44,3.77,2.01,3.52,3.91,Superliga,,20200301_FC-Copenhagen_Aalborg,134.68867340992756,1.64,1.99,3,7,5,16,55.2,44.8,2,2,0,0,2,6
2020-03-01,Horsens,Randers FC,1.0,2.0,3.05,3.24,2.36,3.09,3.28,2.43,Superliga,,20200301_Horsens_Randers-FC,-78.16159205030112,0.76,1.04,4,4,8,8,45.9,54.1,0,2,0,0,7,9
2020-03-01,Odense,Silkeborg,1.0,1.0,1.45,4.49,6.74,1.45,4.7,7.11,Superliga,,20200301_Odense_Silkeborg,106.55446805500424,1.53,1.87,3,7,7,15,55.0,45.0,1,1,1,0,3,8
2020-03-02,Midtjylland,Sonderjyske,3.0,0.0,1.3,5.25,10.07,1.3,5.47,11.01,Superliga,,20200302_Midtjylland_Sonderjyske,238.19076838062097,1.72,1.38,4,6,10,12,56.0,44.0,0,1,0,0,4,8
2020-03-08,Aalborg,Lyngby,3.0,0.0,1.47,4.38,6.58,1.47,4.61,6.82,Superliga,,20200308_Aalborg_Lyngby,-2.84035787513767,0.93,1.42,4,3,8,6,50.9,49.1,2,2,0,0,7,4
2020-03-08,FC Copenhagen,Horsens,0.0,1.0,1.37,4.7,8.28,1.37,5.0,8.92,Superliga,,20200308_FC-Copenhagen_Horsens,222.47659927054906,0.92,1.41,4,4,10,11,53.9,46.1,2,2,0,0,8,6
2020-03-08,Hobro,Esbjerg,1.0,1.0,2.64,3.04,2.84,2.7,3.04,2.93,Superliga,,20200308_Hobro_Esbjerg,-9.54621770332983,0.84,1.1,5,4,10,8,44.9,55.1,0,2,0,0,5,3
2020-03-08,Nordsjaelland,Brondby,2.0,2.0,1.89,3.84,3.68,1.91,4.02,3.76,Superliga,,20200308_Nordsjaelland_Brondby,-8.501627366179036,1.22,1.75,3,6,6,13,44.4,55.6,2,3,0,0,6,4
2020-03-08,Randers FC,Midtjylland,0.0,2.0,5.14,3.98,1.62,5.23,4.15,1.64,Superliga,,20200308_Randers-FC_Midtjylland,-161.4085067899723,1.19,1.24,3,4,6,10,34.6,65.4,2,3,0,0,5,4
2020-03-08,Sonderjyske,Odense,1.0,1.0,3.01,3.33,2.34,3.13,3.45,2.33,Superliga,,20200308_Sonderjyske_Odense,-66.25128526797516,1.23,0.35,4,2,10,4,50.4,49.6,2,0,0,0,6,3
2020-03-09,Silkeborg,Aarhus,2.0,1.0,4.58,4.11,1.67,4.62,4.24,1.7,Superliga,,20200309_Silkeborg_Aarhus,-177.53786194436748,1.98,0.9,8,3,18,8,49.0,51.0,1,3,0,0,10,6
2020-05-28,Aarhus,Randers FC,1.0,1.0,2.27,3.31,3.14,2.33,3.32,3.24,Superliga,,20200528_Aarhus_Randers-FC,47.01931815680314,0.35,0.8,1,4,1,8,43.4,56.6,2,1,0,0,1,4
2020-05-29,Silkeborg,Nordsjaelland,0.0,2.0,4.42,4.2,1.67,4.49,4.35,1.72,Superliga,,20200529_Silkeborg_Nordsjaelland,-119.3412288817915,0.41,0.98,3,4,7,10,37.1,62.9,1,4,0,0,2,7
2020-05-31,Esbjerg,Aalborg,1.0,1.0,3.41,3.2,2.2,3.48,3.2,2.32,Superliga,,20200531_Esbjerg_Aalborg,-74.83890998460015,2.17,0.79,7,3,17,6,45.9,54.1,3,1,0,0,5,5
2020-06-01,Aarhus,Odense,1.0,0.0,1.93,3.45,3.95,1.94,3.53,4.26,Superliga,,20200601_Aarhus_Odense,61.11962071203902,1.39,0.83,3,3,8,6,54.8,45.2,1,2,0,0,8,4
2020-06-01,Lyngby,FC Copenhagen,1.0,4.0,5.36,3.9,1.62,5.79,4.1,1.62,Superliga,,20200601_Lyngby_FC-Copenhagen,-140.30055542007017,0.66,0.4,2,4,4,8,46.7,53.3,2,1,0,0,6,3
2020-06-01,Midtjylland,Horsens,0.0,1.0,1.24,5.88,11.52,1.26,6.15,12.38,Superliga,,20200601_Midtjylland_Horsens,246.27297185079078,0.05,0.74,0,2,1,6,55.4,44.6,2,0,0,0,1,4
2020-06-01,Randers FC,Hobro,0.0,1.0,1.59,3.83,5.85,1.61,3.9,6.17,Superliga,,20200601_Randers-FC_Hobro,90.64697744419118,0.88,1.4,2,5,4,11,56.2,43.8,7,0,0,0,4,5
2020-06-02,Brondby,Sonderjyske,1.0,0.0,1.62,4.11,5.04,1.62,4.24,5.3,Superliga,,20200602_Brondby_Sonderjyske,109.47837352378951,1.11,0.83,3,3,7,8,48.5,51.5,1,0,1,0,1,4
2020-06-07,Aalborg,Aarhus,2.0,3.0,2.31,3.37,3.03,2.41,3.49,3.04,Superliga,,20200607_Aalborg_Aarhus,-63.16824426052722,1.25,0.1,3,3,6,5,44.6,55.4,2,1,0,0,3,4
2020-06-07,FC Copenhagen,Randers FC,2.0,1.0,1.53,4.21,5.86,1.55,4.41,6.22,Superliga,,20200607_FC-Copenhagen_Randers-FC,134.48675153679346,1.73,1.37,3,4,5,11,57.0,43.0,2,1,0,0,3,6
2020-06-07,Hobro,Lyngby,2.0,2.0,2.44,3.22,2.93,2.53,3.27,3.04,Superliga,,20200607_Hobro_Lyngby,-39.90686943774108,0.92,1.28,4,5,9,10,46.4,53.6,1,1,0,0,1,5
2020-06-07,Horsens,Brondby,3.0,2.0,3.45,3.35,2.12,3.55,3.47,2.17,Superliga,,20200607_Horsens_Brondby,-92.32996744689399,0.64,2.84,3,8,9,17,42.1,57.9,0,1,0,0,3,7
2020-06-07,Nordsjaelland,Midtjylland,0.0,1.0,3.36,3.69,2.03,3.49,3.91,2.04,Superliga,,20200607_Nordsjaelland_Midtjylland,-123.52505776336739,1.08,1.39,3,4,8,11,40.2,59.8,1,1,0,0,6,5
2020-06-07,Odense,Esbjerg,3.0,1.0,2.27,3.23,3.2,2.32,3.34,3.33,Superliga,,20200607_Odense_Esbjerg,51.97531807680639,1.24,1.18,4,3,8,6,51.9,48.1,1,1,0,0,3,10
2020-06-07,Sonderjyske,Silkeborg,2.0,2.0,1.93,3.74,3.62,1.97,3.89,3.73,Superliga,,20200607_Sonderjyske_Silkeborg,17.471115773998918,1.98,0.45,6,2,14,5,44.1,55.9,3,2,0,0,10,3
2020-06-12,Esbjerg,Randers FC,4.0,2.0,2.75,3.33,2.52,2.86,3.4,2.58,Superliga,,20200612_Esbjerg_Randers-FC,-66.79698180396645,1.46,0.46,5,3,14,7,42.8,57.2,1,1,0,0,6,3
2020-06-13,Hobro,Horsens,1.0,1.0,2.5,3.15,2.9,2.58,3.2,3.03,Superliga,,20200613_Hobro_Horsens,-35.758395878908686,0.57,1.13,2,5,3,11,48.8,51.2,1,0,0,0,1,9
2020-06-14,Aalborg,Midtjylland,0.0,2.0,4.25,3.71,1.8,4.37,3.82,1.85,Superliga,,20200614_Aalborg_Midtjylland,-181.2771791237094,0.79,0.52,1,2,3,5,42.9,57.1,3,3,0,0,5,6
2020-06-14,Brondby,Aarhus,0.0,0.0,2.77,3.46,2.43,2.85,3.58,2.5,Superliga,,20200614_Brondby_Aarhus,-39.90005096342952,0.6,1.39,2,4,2,8,42.0,58.0,0,2,0,0,3,3
2020-06-14,Nordsjaelland,FC Copenhagen,1.0,1.0,3.49,3.73,1.98,3.57,3.84,2.04,Superliga,,20200614_Nordsjaelland_FC-Copenhagen,-104.3649332865823,1.44,1.74,5,5,9,9,38.8,61.2,1,1,0,0,4,3
2020-06-14,Sonderjyske,Lyngby,1.0,0.0,1.89,3.64,3.9,1.93,3.78,4.0,Superliga,,20200614_Sonderjyske_Lyngby,-50.94938908762356,1.76,1.3,6,3,11,7,53.3,46.7,0,1,0,0,6,3
2020-06-15,Silkeborg,Odense,6.0,0.0,3.46,3.62,2.02,3.46,3.6,2.11,Superliga,,20200615_Silkeborg_Odense,-87.2443913651557,2.36,1.1,7,2,16,5,46.0,54.0,1,3,0,0,13,3
2020-06-16,Horsens,Esbjerg,2.0,2.0,2.93,3.22,2.4,3.09,3.32,2.46,Superliga,,20200616_Horsens_Esbjerg,35.46815599714773,1.14,1.66,4,6,10,14,52.3,47.7,2,1,0,0,3,4
2020-06-16,Randers FC,Hobro,4.0,0.0,1.9,3.34,4.17,1.96,3.35,4.45,Superliga,,20200616_Randers-FC_Hobro,36.067654850275176,2.38,1.07,8,3,17,7,54.3,45.7,1,5,0,0,10,3
2020-06-17,Aarhus,Nordsjaelland,2.0,1.0,2.07,3.56,3.28,2.12,3.67,3.47,Superliga,,20200617_Aarhus_Nordsjaelland,36.037426319604265,0.5,0.72,4,2,9,5,54.2,45.8,0,3,1,0,5,3
2020-06-17,FC Copenhagen,Aalborg,2.0,0.0,1.72,3.89,4.38,1.79,3.98,4.51,Superliga,,20200617_FC-Copenhagen_Aalborg,149.05896952615785,1.3,0.82,4,2,7,4,58.3,41.7,1,4,0,0,4,3
2020-06-18,Lyngby,Silkeborg,0.0,0.0,2.3,3.51,2.91,2.42,3.57,2.97,Superliga,,20200618_Lyngby_Silkeborg,38.515899680846815,0.92,0.95,2,2,3,3,46.6,53.4,1,1,0,0,5,1
2020-06-18,Midtjylland,Brondby,0.0,0.0,1.4,4.67,7.59,1.43,4.83,7.68,Superliga,,20200618_Midtjylland_Brondby,143.20430335875108,1.36,0.05,6,0,14,0,58.0,42.0,1,1,0,0,6,1
2020-06-18,Odense,Sonderjyske,2.0,0.0,2.21,3.36,3.19,2.25,3.48,3.34,Superliga,,20200618_Odense_Sonderjyske,42.280361804291715,2.41,0.99,7,4,16,7,40.5,59.5,1,2,0,0,6,6
2020-06-20,Aalborg,Nordsjaelland,0.0,4.0,2.56,3.65,2.51,2.63,3.89,2.55,Superliga,,20200620_Aalborg_Nordsjaelland,-48.08018309676618,1.23,2.11,4,8,9,19,49.1,50.9,0,1,0,0,4,4
2020-06-20,Horsens,Randers FC,0.0,0.0,2.97,3.22,2.41,3.06,3.28,2.5,Superliga,,20200620_Horsens_Randers-FC,-14.750188502440551,1.12,0.51,4,0,6,2,49.2,50.8,0,2,0,0,2,2
2020-06-21,Brondby,FC Copenhagen,1.0,1.0,3.35,3.43,2.11,3.52,3.52,2.16,Superliga,,20200621_Brondby_FC-Copenhagen,-100.94552248417676,0.75,0.47,1,1,1,1,40.1,59.9,1,5,0,0,2,0
2020-06-21,Esbjerg,Hobro,1.0,3.0,1.84,3.51,4.28,1.87,3.6,4.53,Superliga,,20200621_Esbjerg_Hobro,9.80833426243521,0.19,1.59,2,5,3,12,48.0,52.0,1,4,0,0,2,6
2020-06-21,Midtjylland,Aarhus,3.0,4.0,1.84,3.48,4.29,1.89,3.54,4.51,Superliga,,20200621_Midtjylland_Aarhus,90.60482523016049,1.36,1.04,3,4,7,7,58.2,41.8,2,1,0,1,2,2
2020-06-21,Silkeborg,Sonderjyske,1.0,2.0,2.53,3.5,2.62,2.64,3.59,2.68,Superliga,,20200621_Silkeborg_Sonderjyske,-3.18923334778583,0.88,1.16,2,5,6,11,44.4,55.6,0,3,0,1,3,6
2020-06-22,Lyngby,Odense,1.0,2.0,3.03,3.36,2.3,3.19,3.44,2.35,Superliga,,20200622_Lyngby_Odense,-30.697142318387705,0.29,1.69,3,7,6,16,44.9,55.1,1,0,0,0,3,7
2020-06-26,Aarhus,Aalborg,1.0,4.0,1.68,4.11,4.53,1.71,4.18,4.75,Superliga,,20200626_Aarhus_Aalborg,131.04732875279365,0.63,0.98,2,4,5,9,53.9,46.1,1,0,0,0,3,6
2020-06-27,Sonderjyske,Silkeborg,1.0,0.0,1.64,4.23,4.7,1.63,4.5,5.02,Superliga,,20200627_Sonderjyske_Silkeborg,26.968935100289855,1.75,0.61,5,3,11,7,48.7,51.3,2,0,0,0,6,5
2020-06-28,FC Copenhagen,Midtjylland,1.0,2.0,2.71,3.27,2.58,2.8,3.36,2.67,Superliga,,20200628_FC-Copenhagen_Midtjylland,-21.222462792490887,1.07,0.57,1,2,2,4,49.1,50.9,1,0,0,0,5,2
2020-06-28,Hobro,Esbjerg,2.0,1.0,3.68,3.52,1.97,3.79,3.6,2.04,Superliga,,20200628_Hobro_Esbjerg,14.869021530858618,1.17,1.75,5,7,11,15,51.7,48.3,0,4,0,0,6,9
2020-06-28,Nordsjaelland,Brondby,0.0,2.0,2.09,3.69,3.2,2.2,3.8,3.2,Superliga,,20200628_Nordsjaelland_Brondby,-7.366833901167638,1.23,1.93,4,7,10,14,56.4,43.6,2,1,0,0,7,7
2020-06-28,Randers FC,Horsens,0.0,3.0,1.9,3.54,3.94,1.93,3.52,4.32,Superliga,,20200628_Randers-FC_Horsens,13.731893289240588,1.49,1.24,5,6,10,13,52.1,47.9,0,2,0,0,6,8
2020-06-29,Odense,Lyngby,3.0,1.0,1.68,3.75,5.07,1.74,3.73,5.24,Superliga,,20200629_Odense_Lyngby,52.58215941056142,1.28,1.33,3,4,6,9,53.4,46.6,1,3,0,0,2,3
2020-07-03,Esbjerg,Horsens,1.0,2.0,2.47,3.57,2.64,2.45,3.65,2.8,Superliga,,20200703_Esbjerg_Horsens,-69.83519527720273,0.32,1.49,3,5,5,11,47.1,52.9,2,2,0,0,4,5
2020-07-04,Silkeborg,Lyngby,2.0,0.0,2.39,3.79,2.62,2.47,3.98,2.61,Superliga,,20200704_Silkeborg_Lyngby,-37.68627919069468,1.32,0.59,4,2,10,6,46.7,53.3,3,3,0,0,6,8
2020-07-04,Sonderjyske,Odense,1.0,1.0,2.62,3.05,2.84,2.72,3.0,2.95,Superliga,,20200704_Sonderjyske_Odense,-61.55395236010918,1.64,1.78,5,5,12,13,51.3,48.7,1,1,0,0,11,8
2020-07-05,Aalborg,Brondby,2.0,0.0,3.17,3.42,2.19,3.19,3.5,2.27,Superliga,,20200705_Aalborg_Brondby,-71.56927378690193,0.92,0.32,3,1,7,2,46.1,53.9,1,2,0,1,6,3
2020-07-05,Aarhus,FC Copenhagen,1.0,0.0,2.41,3.45,2.79,2.49,3.48,2.85,Superliga,,20200705_Aarhus_FC-Copenhagen,-44.31693307740147,1.27,0.6,2,3,6,8,53.0,47.0,3,2,0,0,8,4
2020-07-05,Hobro,Randers FC,2.0,3.0,3.92,3.77,1.84,3.77,4.01,1.91,Superliga,,20200705_Hobro_Randers-FC,-20.776484076874567,0.92,1.63,5,5,11,12,49.6,50.4,0,3,0,0,7,4
2020-07-05,Nordsjaelland,Midtjylland,0.0,1.0,3.79,3.78,1.87,3.93,3.69,1.95,Superliga,,20200705_Nordsjaelland_Midtjylland,-145.76506529225412,0.51,0.86,2,4,5,8,50.6,49.4,0,2,0,0,2,4
2020-07-08,Horsens,Hobro,3.0,2.0,1.24,5.73,11.72,1.24,5.18,10.55,Superliga,,20200708_Horsens_Hobro,52.89586716667213,1.22,0.85,3,3,7,5,46.8,53.2,1,1,0,1,4,3
2020-07-08,Lyngby,Sonderjyske,1.0,1.0,3.66,3.92,1.87,3.72,4.19,1.86,Superliga,,20200708_Lyngby_Sonderjyske,-26.824027844402053,0.47,1.31,2,3,7,6,51.3,48.7,3,5,0,0,5,5
2020-07-08,Odense,Silkeborg,1.0,3.0,3.95,4.08,1.75,3.9,3.46,1.76,Superliga,,20200708_Odense_Silkeborg,95.26308467731474,0.79,2.06,3,5,7,11,63.0,37.0,2,1,0,0,5,6
2020-07-08,Randers FC,Esbjerg,3.0,1.0,2.1,3.77,3.14,2.27,3.81,2.91,Superliga,,20200708_Randers-FC_Esbjerg,79.52222100539598,0.91,1.63,3,6,7,13,52.6,47.4,3,2,0,0,5,6
2020-07-09,Aalborg,Aarhus,1.0,0.0,3.31,3.64,2.05,3.41,3.7,2.07,Superliga,,20200709_Aalborg_Aarhus,-97.48596124903247,0.05,1.01,1,3,1,6,49.6,50.4,0,1,0,0,4,1
2020-07-09,Brondby,Nordsjaelland,4.0,0.0,2.39,3.57,2.74,2.41,3.65,2.8,Superliga,,20200709_Brondby_Nordsjaelland,23.661921891769225,1.61,1.5,5,5,9,11,51.8,48.2,1,3,0,0,2,6
2020-07-09,Midtjylland,FC Copenhagen,3.0,1.0,1.89,3.5,4.0,1.94,3.47,4.17,Superliga,,20200709_Midtjylland_FC-Copenhagen,64.52212208514379,1.0,0.71,3,1,7,3,48.2,51.8,2,2,0,0,2,5
2020-07-11,Randers FC,Odense,2.0,1.0,2.31,3.21,3.12,2.38,3.15,3.24,Superliga,,20200711_Randers-FC_Odense,-0.9556408591715808,1.16,0.87,4,3,9,6,54.8,45.2,4,1,0,0,5,2
2020-07-12,Aarhus,Midtjylland,3.0,0.0,2.37,3.65,2.71,2.38,3.72,2.81,Superliga,,20200712_Aarhus_Midtjylland,-106.87238147174344,0.75,0.17,3,0,5,1,44.8,55.2,1,2,0,0,3,2
2020-07-12,FC Copenhagen,Brondby,0.0,0.0,1.73,3.86,4.41,1.75,3.96,4.47,Superliga,,20200712_FC-Copenhagen_Brondby,51.08311761537584,0.4,0.3,1,0,4,1,61.9,38.1,0,4,0,0,3,4
2020-07-12,Nordsjaelland,Aalborg,0.0,0.0,2.21,3.87,2.85,2.24,4.0,2.86,Superliga,,20200712_Nordsjaelland_Aalborg,-7.433106270302687,0.67,0.5,3,1,7,3,52.1,47.9,3,1,0,0,6,4
2020-07-13,Hobro,Lyngby,1.0,2.0,2.15,3.22,3.49,2.2,3.22,3.56,Superliga,,20200713_Hobro_Lyngby,4.24901370063867,1.61,1.86,4,7,11,16,47.3,52.7,1,2,0,0,6,8
2020-07-17,Midtjylland,Nordsjaelland,6.0,3.0,1.54,4.39,5.29,1.56,4.52,5.35,Superliga,,20200717_Midtjylland_Nordsjaelland,165.39293230324097,2.67,1.24,9,4,20,9,50.8,49.2,2,1,0,0,6,2
2020-07-19,Brondby,Aalborg,0.0,1.0,2.15,3.45,3.23,2.19,3.5,3.3,Superliga,,20200719_Brondby_Aalborg,40.60526532211975,0.78,0.34,1,2,0,5,59.1,40.9,2,1,0,0,2,4
2020-07-19,FC Copenhagen,Aarhus,2.0,4.0,2.28,3.38,3.01,2.3,3.43,3.12,Superliga,,20200719_FC-Copenhagen_Aarhus,5.425941470879934,0.57,1.68,2,4,5,7,56.7,43.3,0,0,0,0,3,8
2020-07-19,Odense,Randers FC,2.0,0.0,2.23,3.51,3.0,2.24,3.7,3.03,Superliga,,20200719_Odense_Randers-FC,-23.11037230625061,1.23,0.6,3,1,6,1,46.5,53.5,1,1,0,0,4,2
2020-07-20,Lyngby,Hobro,2.0,2.0,2.24,3.47,3.01,2.26,3.54,3.12,Superliga,,20200720_Lyngby_Hobro,20.044483135510973,1.49,0.6,5,2,13,5,53.7,46.3,1,4,0,0,6,4
2020-07-22,Brondby,Midtjylland,1.0,1.0,2.73,3.63,2.36,2.76,3.7,2.42,Superliga,,20200722_Brondby_Midtjylland,-137.94725817420044,0.88,1.35,4,4,8,11,44.9,55.1,1,1,0,0,6,8
2020-07-22,Nordsjaelland,Aarhus,1.0,1.0,3.37,3.85,1.96,3.49,3.95,1.98,Superliga,,20200722_Nordsjaelland_Aarhus,-108.54927740739981,0.62,0.75,1,3,1,7,41.2,58.8,0,0,0,0,5,3
2020-07-23,Aalborg,FC Copenhagen,0.0,1.0,3.64,3.6,1.95,3.74,3.69,1.98,Superliga,,20200723_Aalborg_FC-Copenhagen,-62.601399786837646,1.62,0.12,6,1,12,2,48.0,52.0,0,0,0,0,6,2
2020-07-23,Odense,Horsens,3.0,1.0,2.05,3.28,3.65,2.06,3.36,3.83,Superliga,,20200723_Odense_Horsens,-8.719849676466765,1.67,0.99,5,2,9,4,52.1,47.9,2,2,0,0,4,4
2020-07-26,Aarhus,Brondby,0.0,1.0,1.51,4.46,5.63,1.55,4.43,5.58,Superliga,,20200726_Aarhus_Brondby,59.57642776934904,0.46,0.52,2,2,5,5,49.2,50.8,1,3,0,0,2,1
2020-07-26,FC Copenhagen,Nordsjaelland,2.0,1.0,1.55,4.36,5.18,1.57,4.45,5.34,Superliga,,20200726_FC-Copenhagen_Nordsjaelland,95.82960848948187,1.76,1.17,7,5,16,9,57.4,42.6,0,6,1,0,8,6
2020-07-26,Horsens,Odense,1.0,1.0,2.78,3.44,2.4,2.87,3.5,2.43,Superliga,,20200726_Horsens_Odense,-15.882369759823632,1.09,0.67,3,2,4,3,56.5,43.5,2,3,0,0,10,2
2020-07-26,Midtjylland,Aalborg,1.0,2.0,1.43,4.72,6.38,1.45,4.82,6.5,Superliga,,20200726_Midtjylland_Aalborg,157.09223175181683,0.33,1.05,1,4,2,8,58.1,41.9,2,1,0,1,4,10
2020-07-29,Aarhus,Odense,2.0,1.0,1.93,3.5,3.86,1.96,3.53,3.99,Superliga,,20200729_Aarhus_Odense,85.08920809139818,0.58,0.74,2,2,5,5,54.7,45.3,2,0,0,0,1,4
2020-09-11,Sonderjyske,Midtjylland,2.0,0.0,3.92,3.5,1.91,4.26,3.59,1.92,Superliga,,20200911_Sonderjyske_Midtjylland,-206.93309769336383,0.47,1.11,2,5,6,9,41.4,58.6,1,2,1,0,2,8
2020-09-13,Brondby,Nordsjaelland,3.0,2.0,2.01,3.6,3.49,2.05,3.7,3.7,Superliga,,20200913_Brondby_Nordsjaelland,64.51872547854919,1.42,1.42,3,4,7,9,55.6,44.4,0,2,0,0,4,6
2020-09-13,Horsens,Randers FC,0.0,3.0,3.07,3.41,2.25,3.22,3.62,2.27,Superliga,,20200913_Horsens_Randers-FC,-0.5493988354462545,0.95,1.29,4,3,9,7,53.9,46.1,1,2,0,0,4,8
2020-09-13,Lyngby,Aalborg,0.0,0.0,3.59,3.63,1.96,3.76,3.83,1.99,Superliga,,20200913_Lyngby_Aalborg,-97.52833420958018,0.69,0.05,3,1,6,4,43.6,56.4,1,0,0,0,8,5
2020-09-13,Odense,FC Copenhagen,3.0,2.0,3.44,3.42,2.08,3.68,3.49,2.13,Superliga,,20200913_Odense_FC-Copenhagen,-111.56093073492366,0.8,1.03,3,2,7,3,42.1,57.9,2,1,0,0,5,8
2020-09-14,Aarhus,Vejle,4.0,2.0,1.69,3.77,4.88,1.72,3.82,5.29,Superliga,,20200914_Aarhus_Vejle,187.20124945316684,1.07,1.83,4,5,9,10,55.7,44.3,1,0,0,0,1,8
2020-09-19,Midtjylland,Lyngby,1.0,0.0,1.31,5.51,8.67,1.31,5.81,10.31,Superliga,,20200919_Midtjylland_Lyngby,198.7629754195782,1.28,0.98,5,3,11,5,53.7,46.3,1,0,0,0,6,5
2020-09-20,FC Copenhagen,Brondby,1.0,2.0,2.1,3.52,3.33,2.2,3.52,3.46,Superliga,,20200920_FC-Copenhagen_Brondby,23.33125644281813,1.43,2.24,4,8,8,16,48.6,51.4,0,0,0,0,5,8
2020-09-20,Odense,Nordsjaelland,1.0,1.0,2.1,3.62,3.22,2.12,3.8,3.4,Superliga,,20200920_Odense_Nordsjaelland,27.334777918491227,0.08,0.26,1,1,2,3,49.4,50.6,0,2,0,0,3,2
2020-09-20,Randers FC,Aarhus,1.0,1.0,2.86,3.4,2.39,2.99,3.55,2.43,Superliga,,20200920_Randers-FC_Aarhus,-102.5582803623247,0.37,1.1,1,2,1,3,46.1,53.9,2,1,0,0,1,2
2020-09-20,Vejle,Sonderjyske,4.0,1.0,2.7,3.28,2.58,2.78,3.33,2.72,Superliga,,20200920_Vejle_Sonderjyske,-61.91819997008702,1.48,0.92,4,3,9,7,40.9,59.1,4,1,0,0,3,1
2020-09-21,Aalborg,Horsens,1.0,0.0,1.52,4.22,5.96,1.53,4.48,6.36,Superliga,,20200921_Aalborg_Horsens,51.9158252259474,1.21,0.54,3,1,7,4,49.6,50.4,1,0,0,0,8,5
2020-09-26,Midtjylland,Randers FC,1.0,0.0,1.71,3.72,4.72,1.75,3.85,5.03,Superliga,,20200926_Midtjylland_Randers-FC,137.5589980917673,1.02,0.36,2,1,4,3,64.1,35.9,2,3,0,0,2,2
2020-09-27,Aarhus,Odense,4.0,2.0,2.1,3.51,3.31,2.18,3.59,3.44,Superliga,,20200927_Aarhus_Odense,91.19454429175607,1.26,1.13,4,3,10,6,59.5,40.5,1,2,0,0,7,8
2020-09-27,Brondby,Horsens,2.0,1.0,1.45,4.47,6.66,1.48,4.6,7.23,Superliga,,20200927_Brondby_Horsens,113.1769607340625,0.89,1.58,2,5,6,12,55.1,44.9,1,2,0,0,2,10
2020-09-27,Sonderjyske,Aalborg,3.0,1.0,3.2,3.46,2.18,3.38,3.56,2.22,Superliga,,20200927_Sonderjyske_Aalborg,-86.65543445863523,1.15,1.15,3,4,5,10,41.9,58.1,1,0,0,0,3,3
2020-09-27,Vejle,FC Copenhagen,2.0,2.0,3.97,3.8,1.83,4.15,4.12,1.83,Superliga,,20200927_Vejle_FC-Copenhagen,-158.88409776759931,0.8,0.74,3,2,7,3,49.8,50.2,3,3,0,0,4,2
2020-09-28,Nordsjaelland,Lyngby,4.0,1.0,1.72,3.99,4.36,1.74,4.21,4.58,Superliga,,20200928_Nordsjaelland_Lyngby,51.826287431641276,1.48,0.99,4,3,9,5,59.1,40.9,1,2,0,0,2,5
2020-10-02,Randers FC,Brondby,1.0,2.0,2.61,3.42,2.57,2.69,3.53,2.68,Superliga,,20201002_Randers-FC_Brondby,-90.70872275939723,1.43,0.54,5,2,11,4,46.0,54.0,3,0,0,0,5,2
2020-10-04,Aalborg,Aarhus,1.0,1.0,2.34,3.49,2.88,2.28,3.69,3.15,Superliga,,20201004_Aalborg_Aarhus,-85.3440317097386,1.74,0.57,8,2,16,5,47.1,52.9,2,2,0,0,10,1
2020-10-04,FC Copenhagen,Nordsjaelland,3.0,2.0,1.91,3.88,3.53,1.94,4.08,3.7,Superliga,,20201004_FC-Copenhagen_Nordsjaelland,78.33916191752792,1.24,0.94,3,3,6,6,49.4,50.6,1,0,0,0,5,2
2020-10-04,Horsens,Midtjylland,2.0,2.0,5.95,4.14,1.53,6.5,4.17,1.57,Superliga,,20201004_Horsens_Midtjylland,-191.43952617315153,2.05,0.74,4,2,11,4,45.4,54.6,0,1,0,0,3,5
2020-10-04,Lyngby,Sonderjyske,2.0,2.0,3.29,3.46,2.12,3.45,3.56,2.19,Superliga,,20201004_Lyngby_Sonderjyske,-45.480434522809674,1.67,0.92,7,2,16,4,48.5,51.5,0,3,0,0,3,7
2020-10-04,Odense,Vejle,0.0,1.0,1.98,3.45,3.73,2.05,3.52,3.9,Superliga,,20201004_Odense_Vejle,76.58234283016236,0.71,1.17,2,5,1,12,55.0,45.0,2,2,0,0,1,8
2020-10-17,Midtjylland,Odense,3.0,1.0,1.62,4.01,5.11,1.61,4.31,5.55,Superliga,,20201017_Midtjylland_Odense,158.07178650641754,1.27,0.05,4,1,11,3,59.8,40.2,4,2,0,0,6,5
2020-10-18,Aarhus,Horsens,3.0,0.0,1.56,4.2,5.43,1.6,4.38,5.67,Superliga,,20201018_Aarhus_Horsens,142.08623479677362,0.84,0.5,3,2,6,4,62.9,37.1,1,1,0,0,7,2
2020-10-18,FC Copenhagen,Aalborg,1.0,2.0,1.81,3.79,4.1,1.86,3.89,4.25,Superliga,,20201018_FC-Copenhagen_Aalborg,54.790113223762546,0.81,0.53,2,3,7,7,51.1,48.9,0,2,0,0,4,5
2020-10-18,Sonderjyske,Brondby,2.0,0.0,2.98,3.41,2.3,3.12,3.55,2.35,Superliga,,20201018_Sonderjyske_Brondby,-131.26581444854742,0.57,0.05,3,0,7,1,45.4,54.6,2,1,0,0,2,4
2020-10-18,Vejle,Lyngby,3.0,2.0,1.59,4.08,5.37,1.61,4.33,5.56,Superliga,,20201018_Vejle_Lyngby,15.037997619079306,0.56,0.73,3,2,7,4,55.0,45.0,0,1,0,0,3,6
2020-10-19,Nordsjaelland,Randers FC,1.0,0.0,2.38,3.62,2.73,2.49,3.71,2.8,Superliga,,20201019_Nordsjaelland_Randers-FC,-3.6695723279824506,0.72,0.11,3,1,6,3,52.7,47.3,2,1,0,0,3,2
2020-10-23,Lyngby,Odense,0.0,3.0,4.1,3.81,1.81,4.33,3.86,1.85,Superliga,,20201023_Lyngby_Odense,-67.00687303077575,0.57,1.16,1,3,3,6,42.8,57.2,3,1,0,0,2,7
2020-10-24,Brondby,Midtjylland,2.0,3.0,3.16,3.44,2.19,3.26,3.54,2.28,Superliga,,20201024_Brondby_Midtjylland,-70.0816560646997,1.33,1.46,3,6,6,14,49.6,50.4,0,0,0,0,1,7
2020-10-25,Aarhus,FC Copenhagen,0.0,1.0,2.43,3.41,2.8,2.53,3.47,2.9,Superliga,,20201025_Aarhus_FC-Copenhagen,46.00015080432263,1.21,1.63,4,4,8,9,53.0,47.0,2,2,0,0,7,8
2020-10-25,Horsens,Nordsjaelland,1.0,1.0,3.45,3.75,1.98,3.59,3.96,2.01,Superliga,,20201025_Horsens_Nordsjaelland,-39.77002590271127,0.69,0.86,3,3,7,7,49.1,50.9,2,2,0,0,6,6
2020-10-25,Randers FC,Sonderjyske,1.0,2.0,2.08,3.56,3.3,2.13,3.72,3.45,Superliga,,20201025_Randers-FC_Sonderjyske,-5.771984804700196,1.7,1.93,5,7,13,16,52.5,47.5,1,0,0,0,2,8
2020-10-26,Aalborg,Vejle,1.0,3.0,1.94,3.55,3.79,2.01,3.56,4.0,Superliga,,20201026_Aalborg_Vejle,90.95681914216402,0.13,1.47,1,3,3,7,56.0,44.0,1,3,0,0,2,5
2020-10-30,Vejle,Randers FC,0.0,3.0,2.52,3.36,2.72,2.62,3.49,2.78,Superliga,,20201030_Vejle_Randers-FC,0.4769909311298761,0.95,0.73,3,3,7,7,48.6,51.4,2,4,0,0,2,8
2020-10-31,Nordsjaelland,Midtjylland,4.0,1.0,2.98,3.7,2.19,3.14,3.86,2.22,Superliga,,20201031_Nordsjaelland_Midtjylland,-164.85559182521934,2.06,0.42,5,2,11,6,39.5,60.5,2,3,0,1,5,4
2020-11-01,Aalborg,Brondby,2.0,1.0,2.24,3.48,3.05,2.32,3.62,3.11,Superliga,,20201101_Aalborg_Brondby,-45.276877156375576,1.38,1.49,5,8,12,19,51.5,48.5,0,2,0,0,2,13
2020-11-01,FC Copenhagen,Lyngby,4.0,2.0,1.26,5.83,10.23,1.27,6.37,11.57,Superliga,,20201101_FC-Copenhagen_Lyngby,179.28659673225616,1.08,1.13,4,3,10,7,51.8,48.2,1,0,0,0,6,7
2020-11-01,Odense,Horsens,1.0,0.0,1.61,3.92,5.4,1.64,4.04,5.75,Superliga,,20201101_Odense_Horsens,30.14408438506598,0.75,1.44,2,3,5,6,54.3,45.7,3,1,1,0,7,10
2020-11-02,Sonderjyske,Aarhus,1.0,1.0,3.42,3.52,2.06,3.68,3.73,2.05,Superliga,,20201102_Sonderjyske_Aarhus,-106.44581387509197,0.99,1.42,4,6,9,13,49.6,50.4,3,0,0,0,7,8
2020-11-06,Randers FC,Aalborg,1.0,2.0,2.54,3.51,2.59,2.67,3.69,2.62,Superliga,,20201106_Randers-FC_Aalborg,-62.82898717744615,1.62,1.81,5,6,13,14,50.8,49.2,0,1,0,0,4,6
2020-11-08,Brondby,Odense,3.0,1.0,2.11,3.53,3.26,2.18,3.63,3.4,Superliga,,20201108_Brondby_Odense,57.92458111408564,0.78,0.8,3,2,5,4,56.5,43.5,0,2,0,0,5,4
2020-11-08,Horsens,Sonderjyske,0.0,3.0,2.92,3.43,2.32,2.99,3.59,2.41,Superliga,,20201108_Horsens_Sonderjyske,-49.918229321210674,1.63,1.13,5,3,12,6,44.1,55.9,1,1,0,0,7,4
2020-11-08,Lyngby,Aarhus,1.0,2.0,3.97,3.56,1.89,4.21,3.71,1.92,Superliga,,20201108_Lyngby_Aarhus,-200.86642544964138,1.58,0.43,6,2,12,6,46.4,53.6,0,0,0,0,7,5
2020-11-08,Midtjylland,FC Copenhagen,4.0,0.0,1.82,3.76,4.04,1.82,4.01,4.32,Superliga,,20201108_Midtjylland_FC-Copenhagen,55.28808781926705,1.85,0.05,6,0,11,0,54.2,45.8,3,1,0,0,2,3
2020-11-08,Nordsjaelland,Vejle,1.0,1.0,2.07,3.65,3.27,2.11,3.75,3.48,Superliga,,20201108_Nordsjaelland_Vejle,59.858272679761285,0.96,0.58,2,1,6,2,51.5,48.5,0,1,0,0,5,2
2020-11-20,Lyngby,Horsens,1.0,1.0,2.45,3.37,2.79,2.54,3.46,2.89,Superliga,,20201120_Lyngby_Horsens,-47.09025536781792,1.7,2.02,5,6,11,12,48.0,52.0,1,1,0,0,2,6
2020-11-22,Aalborg,Nordsjaelland,1.0,1.0,1.64,4.22,4.69,1.68,4.4,4.83,Superliga,,20201122_Aalborg_Nordsjaelland,38.42720188678709,0.44,0.48,1,1,4,2,49.4,50.6,0,0,0,1,9,0
2020-11-22,Aarhus,Midtjylland,1.0,2.0,3.25,3.6,2.1,3.41,3.73,2.14,Superliga,,20201122_Aarhus_Midtjylland,-50.67928840310765,0.75,1.84,1,7,0,15,52.5,47.5,1,1,0,0,2,13
2020-11-22,Odense,Sonderjyske,1.0,1.0,2.02,3.48,3.55,2.07,3.6,3.72,Superliga,,20201122_Odense_Sonderjyske,-18.156555659554897,1.01,2.12,4,6,9,15,47.2,52.8,2,2,0,0,8,10
2020-11-22,Vejle,Brondby,0.0,2.0,2.78,3.45,2.43,2.88,3.48,2.55,Superliga,,20201122_Vejle_Brondby,-112.52226491010993,1.04,0.96,4,4,7,8,46.0,54.0,0,1,0,0,2,7
2020-11-23,FC Copenhagen,Randers FC,1.0,2.0,2.01,3.62,3.47,2.07,3.75,3.58,Superliga,,20201123_FC-Copenhagen_Randers-FC,111.01302795136189,1.53,1.39,5,3,11,7,54.2,45.8,1,1,0,0,3,3
2020-11-27,Randers FC,Odense,2.0,1.0,2.2,3.42,3.19,2.24,3.51,3.37,Superliga,,20201127_Randers-FC_Odense,-7.824525544494236,0.33,0.85,2,2,3,5,45.6,54.4,3,2,0,0,2,5
2020-11-28,Midtjylland,Aalborg,0.0,0.0,1.82,3.78,3.99,1.84,3.99,4.25,Superliga,,20201128_Midtjylland_Aalborg,115.56200320432276,0.6,1.09,2,3,5,5,49.2,50.8,2,0,0,0,2,6
2020-11-29,Horsens,Vejle,3.0,1.0,3.21,3.42,2.18,3.41,3.58,2.19,Superliga,,20201129_Horsens_Vejle,-11.147194585849547,2.16,0.65,6,3,10,8,56.6,43.4,1,1,0,0,5,3
2020-11-29,Nordsjaelland,Aarhus,3.0,1.0,3.23,3.67,2.08,3.4,3.82,2.12,Superliga,,20201129_Nordsjaelland_Aarhus,-80.14241257529079,1.28,0.79,3,1,6,1,47.9,52.1,4,2,0,1,9,1
2020-11-29,Sonderjyske,FC Copenhagen,1.0,3.0,2.95,3.39,2.34,3.08,3.56,2.37,Superliga,,20201129_Sonderjyske_FC-Copenhagen,-54.867242973897646,0.48,1.64,1,4,4,8,55.7,44.3,4,2,0,0,1,6
2020-11-30,Brondby,Lyngby,4.0,1.0,1.54,4.33,5.44,1.57,4.35,5.98,Superliga,,20201130_Brondby_Lyngby,184.01466663639485,2.67,0.05,8,1,18,2,56.5,43.5,2,1,0,0,9,6
2020-12-04,Odense,Aalborg,2.0,1.0,3.33,3.4,2.13,3.53,3.52,2.17,Superliga,,20201204_Odense_Aalborg,-73.80097496121357,0.98,1.06,4,6,11,14,41.3,58.7,1,1,1,0,3,2
2020-12-05,Vejle,Midtjylland,0.0,2.0,4.78,3.84,1.68,5.03,4.01,1.72,Superliga,,20201205_Vejle_Midtjylland,-225.20969691266555,1.14,0.68,1,4,3,10,44.7,55.3,1,1,0,0,5,4
2020-12-06,FC Copenhagen,Horsens,2.0,0.0,1.54,4.16,5.74,1.55,4.31,6.41,Superliga,,20201206_FC-Copenhagen_Horsens,124.08646617570571,1.58,0.93,4,2,10,4,50.7,49.3,1,3,0,0,2,3
2020-12-06,Lyngby,Randers FC,0.0,3.0,3.8,3.84,1.85,3.91,4.1,1.88,Superliga,,20201206_Lyngby_Randers-FC,-109.06165210164204,0.05,1.38,0,3,0,9,47.7,52.3,0,2,0,0,1,4
2020-12-06,Sonderjyske,Nordsjaelland,2.0,1.0,2.17,3.54,3.13,2.2,3.67,3.32,Superliga,,20201206_Sonderjyske_Nordsjaelland,-29.83385668597998,1.52,0.05,3,1,8,1,55.6,44.4,0,0,0,0,5,0
2020-12-07,Aarhus,Brondby,3.0,1.0,2.19,3.61,3.03,2.22,3.8,3.18,Superliga,,20201207_Aarhus_Brondby,-4.436907100352073,1.9,1.64,4,4,9,10,48.6,51.4,1,1,0,1,7,5
2020-12-11,Randers FC,Vejle,3.0,1.0,1.96,3.55,3.67,2.01,3.63,3.91,Superliga,,20201211_Randers-FC_Vejle,73.77007678264954,1.82,0.78,7,1,15,2,46.7,53.3,0,1,0,0,5,2
2020-12-13,Aalborg,Lyngby,3.0,2.0,1.48,4.36,6.3,1.5,4.61,6.75,Superliga,,20201213_Aalborg_Lyngby,159.98758578935963,2.19,0.99,9,2,18,5,52.6,47.4,0,2,0,0,9,4
2020-12-13,Brondby,Sonderjyske,2.0,1.0,1.77,3.84,4.19,1.8,4.0,4.46,Superliga,,20201213_Brondby_Sonderjyske,59.79213925431418,0.15,0.62,2,3,4,6,52.4,47.6,4,1,1,0,4,4
2020-12-13,Horsens,Aarhus,1.0,2.0,5.05,3.98,1.63,5.37,4.21,1.65,Superliga,,20201213_Horsens_Aarhus,-149.55531834998806,0.4,0.98,1,4,1,8,46.5,53.5,5,2,0,0,3,5
2020-12-13,Nordsjaelland,FC Copenhagen,0.0,1.0,3.64,3.73,1.93,3.96,3.85,1.93,Superliga,,20201213_Nordsjaelland_FC-Copenhagen,-66.18997711464908,0.1,1.04,0,4,0,9,46.6,53.4,1,4,0,0,1,2
2020-12-14,Odense,Midtjylland,1.0,1.0,4.39,3.67,1.78,4.71,3.75,1.81,Superliga,,20201214_Odense_Midtjylland,-172.3052850135084,0.81,0.81,3,1,6,2,44.0,56.0,0,0,0,0,4,1
2020-12-20,Aarhus,Aalborg,3.0,0.0,1.97,3.55,3.65,2.04,3.63,3.8,Superliga,,20201220_Aarhus_Aalborg,52.75040828780925,1.05,0.16,3,1,7,4,41.6,58.4,1,1,0,1,8,2
2020-12-20,FC Copenhagen,Odense,1.0,1.0,1.66,3.94,4.85,1.7,4.04,5.07,Superliga,,20201220_FC-Copenhagen_Odense,91.77191074879306,0.77,0.5,2,3,7,6,54.9,45.1,1,3,0,0,9,2
2020-12-20,Horsens,Brondby,1.0,2.0,4.14,3.64,1.84,4.37,3.67,1.89,Superliga,,20201220_Horsens_Brondby,-146.77233724148164,0.62,1.05,2,4,4,9,49.0,51.0,4,3,0,0,1,4
2020-12-20,Lyngby,Vejle,0.0,0.0,2.95,3.55,2.27,3.04,3.68,2.34,Superliga,,20201220_Lyngby_Vejle,-49.34053220378496,1.51,0.82,7,3,13,4,44.0,56.0,0,1,0,0,4,3
2020-12-20,Sonderjyske,Randers FC,0.0,1.0,2.83,3.29,2.47,2.92,3.38,2.57,Superliga,,20201220_Sonderjyske_Randers-FC,-12.431706416986117,0.16,1.74,1,5,0,10,35.8,64.2,1,4,0,0,2,7
2020-12-21,Midtjylland,Nordsjaelland,3.0,1.0,1.27,5.84,9.63,1.28,6.09,10.52,Superliga,,20201221_Midtjylland_Nordsjaelland,155.1917014062692,2.7,0.6,7,2,16,5,58.4,41.6,3,4,0,0,10,0
2021-02-02,Randers FC,Horsens,3.0,0.0,1.7,3.66,4.97,1.74,3.74,5.32,Superliga,,20210202_Randers-FC_Horsens,98.28485214337934,1.19,0.05,3,0,7,0,56.6,43.4,1,1,0,0,2,2
2021-02-02,Vejle,Aarhus,0.0,0.0,3.88,3.49,1.93,4.02,3.64,1.98,Superliga,,20210202_Vejle_Aarhus,-188.9507624314656,1.87,0.77,4,2,8,4,41.6,58.4,1,1,0,1,11,6
2021-02-03,Aalborg,FC Copenhagen,2.0,3.0,4.11,3.63,1.84,4.21,3.86,1.88,Superliga,,20210203_Aalborg_FC-Copenhagen,-52.76025696510669,0.92,1.0,4,5,11,14,57.8,42.2,0,1,0,0,11,2
2021-02-03,Odense,Lyngby,0.0,1.0,1.77,3.58,4.61,1.78,3.78,4.89,Superliga,,20210203_Odense_Lyngby,128.95571161231078,0.99,1.51,4,6,8,12,56.7,43.3,1,1,0,0,6,6
2021-02-04,Midtjylland,Sonderjyske,1.0,2.0,1.36,4.91,8.23,1.37,5.19,9.2,Superliga,,20210204_Midtjylland_Sonderjyske,177.7244563202246,1.51,0.71,4,3,9,7,48.9,51.1,0,1,0,0,1,7
2021-02-04,Nordsjaelland,Brondby,0.0,1.0,3.84,3.67,1.89,3.88,3.89,1.94,Superliga,,20210204_Nordsjaelland_Brondby,-89.89239870137271,0.44,1.25,0,5,0,12,54.0,46.0,1,1,0,0,1,10
2021-02-07,Aarhus,Lyngby,1.0,0.0,1.5,4.25,6.31,1.52,4.46,6.72,Superliga,,20210207_Aarhus_Lyngby,212.69487712472846,1.09,0.4,4,0,6,0,54.1,45.9,1,0,0,0,7,2
2021-02-07,Brondby,Aalborg,1.0,1.0,1.91,3.41,4.05,1.99,3.45,4.22,Superliga,,20210207_Brondby_Aalborg,72.26264499033414,1.45,0.05,6,1,12,3,55.0,45.0,1,2,0,0,5,4
2021-02-07,Horsens,FC Copenhagen,0.0,2.0,5.84,3.92,1.57,6.28,3.93,1.62,Superliga,,20210207_Horsens_FC-Copenhagen,-179.73325234361573,0.68,0.75,3,3,6,8,50.7,49.3,4,3,0,0,6,1
2021-02-07,Nordsjaelland,Odense,0.0,2.0,2.7,3.5,2.46,2.72,3.62,2.6,Superliga,,20210207_Nordsjaelland_Odense,3.329065279656561,1.61,1.15,6,6,14,15,57.6,42.4,1,1,0,0,5,10
2021-02-07,Sonderjyske,Vejle,0.0,1.0,2.71,3.03,2.75,2.89,3.05,2.83,Superliga,,20210207_Sonderjyske_Vejle,82.14267640099001,1.19,1.33,4,4,9,7,52.6,47.4,2,0,0,0,9,4
2021-02-08,Randers FC,Midtjylland,1.0,2.0,4.2,3.58,1.83,4.32,3.59,1.93,Superliga,,20210208_Randers-FC_Midtjylland,-115.80437288383109,0.59,2.35,2,7,4,14,49.6,50.4,1,1,0,0,6,6
2021-02-14,Aalborg,Randers FC,0.0,0.0,2.79,3.21,2.54,2.99,3.27,2.58,Superliga,,20210214_Aalborg_Randers-FC,1.521287378032639,0.59,0.92,3,2,7,3,43.0,57.0,3,2,0,0,3,5
2021-02-14,Lyngby,Brondby,0.0,4.0,4.24,3.62,1.81,4.49,3.79,1.84,Superliga,,20210214_Lyngby_Brondby,-210.573895206594,1.3,1.36,3,5,7,11,44.6,55.4,1,1,0,0,8,11
2021-02-14,Midtjylland,Horsens,1.0,0.0,1.31,5.2,9.39,1.31,5.68,10.74,Superliga,,20210214_Midtjylland_Horsens,245.91002488333856,1.07,1.01,4,3,7,7,61.6,38.4,2,3,0,0,4,3
2021-02-14,Odense,Aarhus,0.0,0.0,3.18,3.28,2.25,3.27,3.41,2.33,Superliga,,20210214_Odense_Aarhus,-109.5964606613752,1.07,0.05,6,0,14,1,47.7,52.3,1,1,0,0,8,1
2021-02-14,Vejle,Nordsjaelland,2.0,2.0,2.37,3.18,3.06,2.45,3.3,3.16,Superliga,,20210214_Vejle_Nordsjaelland,-37.218635025290496,0.42,0.72,2,2,5,4,45.3,54.7,1,1,0,0,9,3
2021-02-15,FC Copenhagen,Sonderjyske,3.0,2.0,1.55,4.12,5.72,1.58,4.25,6.16,Superliga,,20210215_FC-Copenhagen_Sonderjyske,111.7528693671652,1.18,1.2,5,5,11,14,53.6,46.4,3,1,0,1,8,6
2021-02-19,Aalborg,Midtjylland,0.0,2.0,5.3,3.79,1.64,5.68,3.98,1.66,Superliga,,20210219_Aalborg_Midtjylland,-135.308347752469,0.35,1.63,0,6,0,13,44.2,55.8,2,2,0,1,2,5
2021-02-21,Aarhus,Sonderjyske,2.0,0.0,1.91,3.42,4.04,1.98,3.48,4.24,Superliga,,20210221_Aarhus_Sonderjyske,119.747550898099,1.4,0.43,5,1,10,3,54.9,45.1,1,2,0,0,12,1
2021-02-21,Brondby,Vejle,2.0,1.0,1.69,3.63,5.1,1.71,3.76,5.55,Superliga,,20210221_Brondby_Vejle,158.91399000705906,0.05,1.39,2,5,4,12,59.6,40.4,0,5,0,0,2,7
2021-02-21,Horsens,Odense,0.0,0.0,3.69,3.32,2.04,3.95,3.51,2.04,Superliga,,20210221_Horsens_Odense,-94.4661943124961,0.05,1.47,0,7,1,16,45.1,54.9,0,3,0,0,2,6
2021-02-21,Randers FC,Nordsjaelland,1.0,1.0,1.88,3.6,3.96,1.92,3.75,4.16,Superliga,,20210221_Randers-FC_Nordsjaelland,49.94246493138303,1.68,0.57,4,1,8,3,56.0,44.0,2,4,0,0,6,3
2021-02-22,Lyngby,FC Copenhagen,2.0,2.0,6.85,4.43,1.44,7.59,4.7,1.45,Superliga,,20210222_Lyngby_FC-Copenhagen,-233.97938270960526,1.16,0.89,3,4,6,11,41.9,58.1,2,2,0,0,8,3
2021-02-26,Vejle,Horsens,0.0,0.0,2.06,3.16,3.86,2.12,3.16,4.16,Superliga,,20210226_Vejle_Horsens,23.91349471670287,0.94,1.19,5,5,12,11,51.2,48.8,2,3,0,0,8,6
2021-02-28,FC Copenhagen,Aarhus,3.0,3.0,2.04,3.39,3.59,2.07,3.48,3.86,Superliga,,20210228_FC-Copenhagen_Aarhus,-6.525972776965091,0.83,0.98,3,3,6,6,43.4,56.6,3,4,0,0,4,3
2021-02-28,Midtjylland,Brondby,1.0,0.0,1.75,3.59,4.66,1.76,3.77,5.07,Superliga,,20210228_Midtjylland_Brondby,63.095324872319,1.13,0.05,3,0,5,1,54.0,46.0,1,2,0,0,5,3
2021-02-28,Nordsjaelland,Aalborg,2.0,2.0,2.92,3.49,2.3,3.05,3.7,2.33,Superliga,,20210228_Nordsjaelland_Aalborg,-42.096116627814126,1.31,1.78,5,6,11,14,49.5,50.5,1,1,0,0,5,7
2021-02-28,Odense,Randers FC,2.0,1.0,2.75,3.26,2.55,2.85,3.34,2.65,Superliga,,20210228_Odense_Randers-FC,-25.567888802219386,0.33,1.31,2,4,5,9,46.8,53.2,4,5,0,0,4,14
2021-03-01,Sonderjyske,Lyngby,1.0,4.0,2.11,3.32,3.45,2.17,3.4,3.67,Superliga,,20210301_Sonderjyske_Lyngby,90.6231573856951,0.47,1.72,1,4,3,9,46.0,54.0,1,3,0,0,1,6
2021-03-03,Aarhus,Nordsjaelland,0.0,1.0,1.57,4.19,5.3,1.58,4.43,5.8,Superliga,,20210303_Aarhus_Nordsjaelland,132.748361256203,0.93,1.17,3,5,6,12,51.0,49.0,1,2,0,0,4,7
2021-03-03,FC Copenhagen,Vejle,2.0,1.0,1.6,3.89,5.44,,,,Superliga,,20210303_FC-Copenhagen_Vejle,172.17980297733243,1.42,0.71,4,2,10,4,58.9,41.1,2,1,0,0,5,7
2021-03-03,Horsens,Aalborg,2.0,1.0,3.29,3.22,2.23,,,,Superliga,,20210303_Horsens_Aalborg,-106.97324836007306,0.78,1.17,2,5,5,10,47.2,52.8,0,3,0,0,1,4
2021-03-04,Brondby,Randers FC,0.0,0.0,1.78,3.62,4.42,1.82,3.73,4.7,Superliga,,20210304_Brondby_Randers-FC,85.92885697992324,1.0,0.31,3,0,6,1,55.2,44.8,1,1,0,0,6,3
2021-03-04,Lyngby,Midtjylland,2.0,0.0,6.94,4.42,1.44,7.71,4.58,1.46,Superliga,,20210304_Lyngby_Midtjylland,-279.2776507342753,0.81,1.2,3,3,7,6,45.0,55.0,2,1,0,0,4,5
2021-03-04,Sonderjyske,Odense,1.0,1.0,3.01,3.19,2.39,3.14,3.31,2.46,Superliga,,20210304_Sonderjyske_Odense,-50.25840906639223,0.6,0.93,3,3,6,5,46.1,53.9,1,0,0,0,6,2
2021-03-07,Brondby,FC Copenhagen,2.0,1.0,2.99,3.29,2.35,3.16,3.3,2.45,Superliga,,20210307_Brondby_FC-Copenhagen,-17.961780598280484,1.3,0.78,4,3,11,5,45.2,54.8,1,1,0,0,11,6
2021-03-07,Midtjylland,Aarhus,0.0,1.0,2.05,3.34,3.66,2.12,3.3,3.95,Superliga,,20210307_Midtjylland_Aarhus,64.5325137642667,0.31,1.71,2,5,6,11,53.4,46.6,2,3,0,0,7,9
2021-03-07,Nordsjaelland,Horsens,2.0,2.0,2.11,3.42,3.35,2.18,3.54,3.49,Superliga,,20210307_Nordsjaelland_Horsens,68.56279953607554,0.93,1.27,4,3,9,7,55.2,44.8,1,3,0,0,3,5
2021-03-07,Randers FC,Lyngby,1.0,2.0,2.17,3.35,3.31,2.24,3.42,3.46,Superliga,,20210307_Randers-FC_Lyngby,93.47941696158296,0.88,0.95,1,2,2,5,51.5,48.5,1,0,0,0,0,5
2021-03-07,Vejle,Odense,2.0,0.0,2.93,3.02,2.55,2.99,3.15,2.66,Superliga,,20210307_Vejle_Odense,-82.66212599383994,0.84,1.24,4,3,8,9,48.7,51.3,1,3,1,0,4,7
2021-03-08,Aalborg,Sonderjyske,1.0,0.0,2.12,3.26,3.53,2.19,3.35,3.67,Superliga,,20210308_Aalborg_Sonderjyske,39.771824096629416,0.78,0.85,2,2,5,2,54.1,45.9,0,1,0,0,5,4
2021-03-12,Lyngby,Nordsjaelland,0.0,3.0,2.57,3.42,2.63,2.72,3.57,2.63,Superliga,,20210312_Lyngby_Nordsjaelland,-57.266247923433866,1.32,0.89,4,3,9,7,49.2,50.8,1,0,0,0,7,3
2021-03-14,FC Copenhagen,Midtjylland,0.0,0.0,2.52,3.25,2.79,2.59,3.3,2.95,Superliga,,20210314_FC-Copenhagen_Midtjylland,-46.15336511428313,0.58,0.72,2,2,5,4,47.1,52.9,2,3,0,0,5,3
2021-03-14,Odense,Brondby,0.0,3.0,2.72,3.21,2.61,2.8,3.33,2.7,Superliga,,20210314_Odense_Brondby,-111.97100373282524,0.86,0.95,2,3,4,6,40.8,59.2,0,1,1,0,5,8
2021-03-14,Sonderjyske,Horsens,2.0,0.0,2.28,3.19,3.23,2.33,3.27,3.42,Superliga,,20210314_Sonderjyske_Horsens,23.066844583585635,1.62,0.77,4,2,9,1,50.1,49.9,1,3,0,0,9,0
2021-03-14,Vejle,Aalborg,0.0,2.0,2.89,3.0,2.61,3.05,3.01,2.72,Superliga,,20210314_Vejle_Aalborg,-71.453183242548,0.28,1.38,0,4,1,9,54.5,45.5,1,1,0,0,1,2
2021-03-15,Aarhus,Randers FC,1.0,1.0,2.19,3.27,3.35,2.23,3.39,3.52,Superliga,,20210315_Aarhus_Randers-FC,110.63417659284664,0.71,0.79,1,1,2,3,55.1,44.9,1,1,0,0,4,2
2021-03-21,Aalborg,Odense,0.0,2.0,2.3,3.28,3.11,2.35,3.36,3.28,Superliga,,20210321_Aalborg_Odense,36.22331874848351,0.36,0.45,0,2,1,3,47.4,52.6,3,2,1,0,4,4
2021-03-21,Brondby,Aarhus,1.0,1.0,2.41,3.21,2.97,2.46,3.27,3.18,Superliga,,20210321_Brondby_Aarhus,9.208096648809487,1.39,1.07,2,1,6,4,53.7,46.3,0,1,0,0,4,3
2021-03-21,Horsens,Lyngby,1.0,2.0,2.68,3.3,2.59,2.78,3.41,2.67,Superliga,,20210321_Horsens_Lyngby,-7.785593265034777,1.04,0.79,4,2,10,6,49.7,50.3,3,2,0,0,8,4
2021-03-21,Midtjylland,Vejle,5.0,0.0,1.61,3.74,5.77,1.68,3.73,6.02,Superliga,,20210321_Midtjylland_Vejle,211.88542365424155,2.28,0.92,7,4,14,10,53.6,46.4,1,3,0,0,14,8
2021-03-21,Nordsjaelland,Sonderjyske,2.0,1.0,2.41,3.53,2.75,2.51,3.65,2.82,Superliga,,20210321_Nordsjaelland_Sonderjyske,39.65568652725938,1.27,0.92,3,3,7,6,52.8,47.2,0,1,0,0,3,3
2021-03-21,Randers FC,FC Copenhagen,2.0,1.0,3.7,3.52,1.96,3.89,3.67,2.0,Superliga,,20210321_Randers-FC_FC-Copenhagen,-98.4938643638352,0.42,1.37,2,4,4,11,45.9,54.1,1,0,0,0,5,6
2021-04-04,Horsens,Odense,1.0,1.0,3.46,3.29,2.13,3.63,3.37,2.19,Superliga,,20210404_Horsens_Odense,-93.6284605972503,1.29,1.88,4,7,8,13,43.9,56.1,2,1,0,0,6,13
2021-04-04,Nordsjaelland,Aarhus,2.0,0.0,4.17,3.92,1.77,4.43,4.11,1.78,Superliga,,20210404_Nordsjaelland_Aarhus,-92.4862931351131,1.24,0.4,4,1,9,2,44.9,55.1,3,1,0,1,6,2
2021-04-05,Aalborg,Sonderjyske,3.0,2.0,2.17,3.21,3.44,2.21,3.29,3.69,Superliga,,20210405_Aalborg_Sonderjyske,56.78792567281175,1.51,0.17,4,2,11,5,58.3,41.7,2,1,0,0,7,2
2021-04-05,FC Copenhagen,Randers FC,2.0,1.0,1.79,3.65,4.34,1.79,3.84,4.71,Superliga,,20210405_FC-Copenhagen_Randers-FC,67.86673618033637,1.03,0.73,3,2,6,4,57.3,42.7,1,1,0,0,3,6
2021-04-05,Midtjylland,Brondby,1.0,0.0,1.88,3.36,4.32,1.91,3.45,4.64,Superliga,,20210405_Midtjylland_Brondby,34.81917151504581,0.71,1.71,2,4,4,9,55.8,44.2,1,1,0,0,4,12
2021-04-06,Lyngby,Vejle,0.0,0.0,2.42,3.2,2.96,2.54,3.28,3.04,Superliga,,20210406_Lyngby_Vejle,10.700189513057012,1.1,1.0,4,6,10,12,47.7,52.3,3,0,0,0,5,3
2021-04-09,Odense,Vejle,0.0,1.0,2.21,3.06,3.54,2.26,3.1,3.81,Superliga,,20210409_Odense_Vejle,69.55358219066648,1.02,1.69,4,4,10,8,56.0,44.0,1,2,0,0,3,3
2021-04-11,Aarhus,Midtjylland,1.0,4.0,4.06,3.47,1.91,4.19,3.58,1.96,Superliga,,20210411_Aarhus_Midtjylland,-69.31373341870153,1.66,2.06,6,6,15,13,56.4,43.6,1,1,0,0,7,5
2021-04-11,Brondby,FC Copenhagen,1.0,3.0,3.13,3.42,2.23,3.26,3.56,2.27,Superliga,,20210411_Brondby_FC-Copenhagen,8.463185946799513,0.05,1.14,1,4,3,9,50.5,49.5,3,3,0,0,0,5
2021-04-11,Randers FC,Nordsjaelland,3.0,4.0,2.02,3.58,3.49,2.06,3.8,3.58,Superliga,,20210411_Randers-FC_Nordsjaelland,-20.56450745084703,1.45,1.98,4,5,9,10,52.0,48.0,1,1,0,1,7,3
2021-04-11,Sonderjyske,Horsens,2.0,3.0,2.17,3.19,3.47,2.25,3.23,3.65,Superliga,,20210411_Sonderjyske_Horsens,33.35702646974369,1.16,1.81,5,8,11,18,56.1,43.9,1,2,1,0,5,8
2021-04-12,Lyngby,Aalborg,2.0,2.0,2.79,3.25,2.52,2.93,3.29,2.62,Superliga,,20210412_Lyngby_Aalborg,-82.53606568354053,1.51,1.18,5,3,11,6,46.4,53.6,2,1,0,0,9,3
2021-04-16,Vejle,Aalborg,1.0,1.0,2.69,3.05,2.76,2.8,3.11,2.86,Superliga,,20210416_Vejle_Aalborg,-75.32838288302082,0.62,1.19,2,4,3,8,45.1,54.9,1,0,1,0,3,3
2021-04-18,Brondby,Aarhus,2.0,2.0,2.19,3.3,3.31,2.27,3.34,3.47,Superliga,,20210418_Brondby_Aarhus,10.236766541090219,0.75,1.15,3,7,6,14,49.1,50.9,3,3,0,0,1,7
2021-04-18,FC Copenhagen,Nordsjaelland,2.0,2.0,1.44,4.77,6.39,1.44,5.09,7.0,Superliga,,20210418_FC-Copenhagen_Nordsjaelland,67.6745857078563,0.45,1.3,2,2,4,6,62.0,38.0,1,2,0,0,2,3
2021-04-18,Horsens,Lyngby,1.0,3.0,3.08,3.51,2.21,3.11,3.6,2.33,Superliga,,20210418_Horsens_Lyngby,-17.37034829809795,0.58,1.71,1,6,2,12,43.9,56.1,1,0,0,0,5,4
2021-04-18,Odense,Sonderjyske,1.0,1.0,2.16,3.09,3.63,2.21,3.18,3.83,Superliga,,20210418_Odense_Sonderjyske,52.7338286324823,0.79,0.54,2,3,5,6,51.6,48.4,5,0,0,0,6,5
2021-04-19,Randers FC,Midtjylland,0.0,0.0,5.17,3.95,1.63,5.41,4.26,1.64,Superliga,,20210419_Randers-FC_Midtjylland,-173.05035993079787,0.62,0.55,3,0,7,0,46.7,53.3,1,2,0,0,3,3
2021-04-21,Aalborg,Odense,3.0,2.0,2.16,3.23,3.44,2.21,3.33,3.62,Superliga,,20210421_Aalborg_Odense,33.76198882241465,1.71,0.05,5,2,11,3,54.3,45.7,1,5,0,0,7,2
2021-04-21,Lyngby,Sonderjyske,0.0,1.0,2.11,3.38,3.39,2.19,3.46,3.53,Superliga,,20210421_Lyngby_Sonderjyske,19.903535224237885,1.71,1.01,4,2,6,4,49.0,51.0,2,1,0,0,4,4
2021-04-21,Nordsjaelland,Brondby,0.0,3.0,3.07,3.59,2.18,3.21,3.74,2.23,Superliga,,20210421_Nordsjaelland_Brondby,-48.89152939776773,1.33,1.54,4,6,7,13,48.4,51.6,2,0,0,0,6,8
2021-04-22,Aarhus,Randers FC,2.0,0.0,2.3,3.28,3.12,2.38,3.34,3.24,Superliga,,20210422_Aarhus_Randers-FC,79.28832548190712,1.12,1.91,3,5,8,12,61.0,39.0,3,3,0,0,9,11
2021-04-22,Midtjylland,FC Copenhagen,4.0,1.0,2.18,3.45,3.17,2.28,3.55,3.25,Superliga,,20210422_Midtjylland_FC-Copenhagen,59.01117424480208,1.6,0.95,4,3,10,8,55.4,44.6,3,1,0,0,5,6
2021-04-22,Vejle,Horsens,3.0,0.0,1.88,3.36,4.28,1.92,3.47,4.54,Superliga,,20210422_Vejle_Horsens,32.94380879442542,2.09,1.09,7,2,13,6,54.2,45.8,3,1,1,0,9,2
2021-04-25,Aarhus,FC Copenhagen,1.0,2.0,2.82,3.3,2.48,2.91,3.31,2.62,Superliga,,20210425_Aarhus_FC-Copenhagen,-4.407088560085185,1.29,1.34,6,6,12,14,51.5,48.5,1,4,0,0,7,7
2021-04-25,Brondby,Randers FC,2.0,0.0,1.63,4.07,5.01,1.66,4.29,5.11,Superliga,,20210425_Brondby_Randers-FC,108.44862004589845,0.79,0.76,3,3,7,6,56.5,43.5,0,1,0,0,3,3
2021-04-25,Horsens,Aalborg,1.0,0.0,3.68,3.5,1.98,3.74,3.63,2.06,Superliga,,20210425_Horsens_Aalborg,-124.8518394953835,1.09,1.49,4,3,10,5,41.5,58.5,1,0,0,0,8,3
2021-04-25,Odense,Lyngby,2.0,0.0,2.19,3.48,3.17,2.19,3.61,3.41,Superliga,,20210425_Odense_Lyngby,31.064420781837498,2.16,0.89,7,1,15,2,58.8,41.2,3,3,0,0,4,5
2021-04-25,Sonderjyske,Vejle,1.0,0.0,2.44,2.98,3.17,2.49,3.06,3.34,Superliga,,20210425_Sonderjyske_Vejle,-10.854764364371704,0.37,1.18,2,4,4,9,56.1,43.9,2,2,0,0,4,2
2021-04-26,Nordsjaelland,Midtjylland,3.0,2.0,5.91,4.29,1.52,6.5,4.36,1.54,Superliga,,20210426_Nordsjaelland_Midtjylland,-142.37281007154684,0.89,2.18,3,9,4,20,38.3,61.7,3,2,0,1,5,8
2021-04-30,Aalborg,Lyngby,4.0,0.0,1.84,3.85,3.9,1.89,4.0,3.98,Superliga,,20210430_Aalborg_Lyngby,81.29572758838663,1.31,0.97,4,3,9,7,60.0,40.0,1,2,0,0,4,7
2021-04-30,Horsens,Vejle,3.0,3.0,3.68,3.22,2.1,3.88,3.33,2.13,Superliga,,20210430_Horsens_Vejle,-26.16441573901261,1.34,1.44,4,5,7,10,44.1,55.9,1,1,0,0,5,6
2021-05-02,Midtjylland,Nordsjaelland,3.0,0.0,1.25,6.34,10.23,1.26,6.56,10.62,Superliga,,20210502_Midtjylland_Nordsjaelland,109.05391084597727,1.36,1.39,5,4,11,7,54.4,45.6,0,2,0,0,11,4
2021-05-02,Randers FC,Brondby,4.0,2.0,3.07,3.46,2.26,3.12,3.57,2.34,Superliga,,20210502_Randers-FC_Brondby,-125.1914308925036,2.38,1.41,7,3,15,8,46.6,53.4,1,1,0,0,11,6
2021-05-02,Sonderjyske,Odense,2.0,0.0,2.74,3.23,2.6,2.85,3.28,2.69,Superliga,,20210502_Sonderjyske_Odense,-24.14970510694957,0.87,0.05,2,0,4,1,48.2,51.8,2,0,0,0,2,2
2021-05-03,FC Copenhagen,Aarhus,3.0,2.0,2.02,3.51,3.6,2.09,3.56,3.7,Superliga,,20210503_FC-Copenhagen_Aarhus,28.10267399397867,1.92,1.11,6,2,12,4,54.0,46.0,1,2,1,0,2,3
2021-05-07,Odense,Aalborg,1.0,0.0,2.69,3.44,2.51,2.82,3.56,2.55,Superliga,,20210507_Odense_Aalborg,-50.44651239242512,1.1,1.15,3,3,6,7,50.7,49.3,2,1,0,0,7,4
2021-05-09,Brondby,Midtjylland,3.0,1.0,3.01,3.54,2.25,3.14,3.68,2.28,Superliga,,20210509_Brondby_Midtjylland,-72.3040911010412,2.29,0.91,8,3,18,7,43.1,56.9,0,0,0,0,9,7
2021-05-09,Lyngby,Horsens,3.0,4.0,1.72,3.98,4.38,1.76,4.09,4.57,Superliga,,20210509_Lyngby_Horsens,1.1403933617175426,1.61,1.75,5,5,14,11,48.2,51.8,1,3,0,0,6,4
2021-05-09,Randers FC,Aarhus,0.0,1.0,3.39,3.34,2.16,3.38,3.36,2.3,Superliga,,20210509_Randers-FC_Aarhus,-67.25050173309091,0.05,2.04,0,7,0,13,47.5,52.5,4,6,0,0,5,5
2021-05-09,Vejle,Sonderjyske,4.0,2.0,2.06,3.22,3.83,2.12,3.23,4.06,Superliga,,20210509_Vejle_Sonderjyske,-27.62955532797423,0.97,0.69,5,2,11,4,46.8,53.2,4,2,0,0,5,3
2021-05-10,Nordsjaelland,FC Copenhagen,2.0,2.0,4.5,4.27,1.66,4.82,4.55,1.65,Superliga,,20210510_Nordsjaelland_FC-Copenhagen,-77.9714752928196,1.22,1.58,4,6,12,12,46.3,53.7,2,2,0,0,4,5
2021-05-14,Vejle,Odense,2.0,2.0,2.51,3.43,2.71,2.57,3.47,2.78,Superliga,,20210514_Vejle_Odense,-26.8916738790233,1.25,1.24,3,2,6,5,47.6,52.4,2,1,0,0,3,5
2021-05-16,Aalborg,Horsens,1.0,1.0,1.46,4.57,6.46,1.45,4.85,7.17,Superliga,,20210516_Aalborg_Horsens,75.151095920432,1.55,0.06,5,1,12,1,55.3,44.7,1,0,0,0,9,3
2021-05-16,Aarhus,Nordsjaelland,3.0,1.0,1.56,4.27,5.58,1.58,4.53,5.46,Superliga,,20210516_Aarhus_Nordsjaelland,34.862951864581646,0.45,0.95,3,1,6,3,50.3,49.7,2,1,0,0,4,5
2021-05-16,FC Copenhagen,Brondby,2.0,1.0,1.94,3.78,3.6,1.91,3.95,3.86,Superliga,,20210516_FC-Copenhagen_Brondby,7.406235709091334,1.71,1.13,6,3,15,4,53.4,46.6,2,3,0,1,1,4
2021-05-16,Midtjylland,Randers FC,1.0,1.0,1.24,6.08,11.64,1.24,6.43,12.86,Superliga,,20210516_Midtjylland_Randers-FC,160.44738505057376,1.22,0.92,6,5,15,11,61.9,38.1,2,1,0,0,10,6
2021-05-17,Sonderjyske,Lyngby,2.0,0.0,1.74,4.12,4.17,1.75,4.3,4.33,Superliga,,20210517_Sonderjyske_Lyngby,49.93671603098596,1.29,0.18,3,2,6,5,53.1,46.9,0,0,0,0,1,1
2021-05-19,Aalborg,Vejle,2.0,1.0,1.82,3.75,4.12,1.86,3.85,4.19,Superliga,,20210519_Aalborg_Vejle,46.394902968554106,0.68,1.41,2,4,6,8,52.4,47.6,1,4,0,0,6,7
2021-05-19,FC Copenhagen,Midtjylland,4.0,2.0,2.35,3.58,2.82,2.42,3.62,2.88,Superliga,,20210519_FC-Copenhagen_Midtjylland,-19.05125777140279,2.01,1.97,7,7,15,12,52.6,47.4,3,0,0,0,15,8
2021-05-19,Nordsjaelland,Randers FC,2.0,1.0,2.24,3.79,2.86,2.3,3.91,2.89,Superliga,,20210519_Nordsjaelland_Randers-FC,35.820661263412376,1.44,0.6,5,1,10,2,50.9,49.1,3,2,0,0,5,1
2021-05-20,Aarhus,Brondby,1.0,2.0,2.73,3.6,2.41,2.66,3.74,2.54,Superliga,,20210520_Aarhus_Brondby,-7.860707952974508,1.94,0.84,5,3,11,8,49.5,50.5,1,1,0,0,9,4
2021-05-20,Horsens,Sonderjyske,1.0,2.0,3.57,3.72,1.96,3.69,3.82,1.98,Superliga,,20210520_Horsens_Sonderjyske,-34.72947027656596,1.39,0.39,3,2,5,5,46.6,53.4,1,2,0,0,2,4
2021-05-20,Lyngby,Odense,1.0,2.0,2.58,3.6,2.53,2.62,3.64,2.63,Superliga,,20210520_Lyngby_Odense,-84.46347460738002,1.63,1.34,5,5,12,10,49.7,50.3,3,2,1,0,7,8
2021-05-24,Brondby,Nordsjaelland,2.0,0.0,1.4,5.21,6.69,1.4,5.66,7.17,Superliga,,20210524_Brondby_Nordsjaelland,65.28484653606938,2.0,0.45,7,0,15,0,56.6,43.4,1,2,0,0,7,1
2021-05-24,Midtjylland,Aarhus,4.0,0.0,1.25,6.12,10.63,1.26,6.37,11.69,Superliga,,20210524_Midtjylland_Aarhus,56.87787292099597,1.82,0.68,5,2,13,4,58.5,41.5,1,2,1,0,9,3
2021-05-24,Odense,Horsens,4.0,0.0,1.58,4.12,5.5,1.6,4.28,5.79,Superliga,,20210524_Odense_Horsens,68.62552043353435,2.18,0.67,8,2,18,3,53.8,46.2,1,1,0,0,11,4
2021-05-24,Randers FC,FC Copenhagen,2.0,1.0,4.8,4.45,1.6,4.92,4.67,1.63,Superliga,,20210524_Randers-FC_FC-Copenhagen,-154.46334430518073,2.38,1.79,8,4,19,8,54.2,45.8,0,0,0,0,7,3
2021-05-24,Sonderjyske,Aalborg,0.0,4.0,3.13,3.45,2.22,3.3,3.61,2.23,Superliga,,20210524_Sonderjyske_Aalborg,-34.91241350643418,1.47,1.28,5,4,10,9,51.1,48.9,4,0,0,0,8,5
2021-05-24,Vejle,Lyngby,2.0,2.0,2.22,3.7,2.97,2.25,3.9,3.06,Superliga,,20210524_Vejle_Lyngby,58.15755550956442,1.94,0.97,6,4,13,10,60.5,39.5,2,2,0,0,4,5
2021-05-28,Aarhus,Aalborg,1.0,1.0,2.23,3.2,3.37,2.33,3.25,3.43,Superliga,,20210528_Aarhus_Aalborg,43.81571031406065,0.19,0.07,2,1,4,2,50.0,50.0,2,2,0,0,2,3
2021-07-16,Midtjylland,Odense,1.0,2.0,1.72,3.79,4.64,1.74,3.91,5.0,Superliga,,20210716_Midtjylland_Odense,144.56272186760907,1.4,0.05,4,2,10,6,58.0,42.0,3,2,0,0,10,3
2021-07-18,Aarhus,Brondby,1.0,1.0,2.42,3.28,2.93,2.49,3.38,3.04,Superliga,,20210718_Aarhus_Brondby,-52.64735251075831,1.15,0.53,3,1,6,1,50.0,50.0,2,1,0,0,4,3
2021-07-18,FC Copenhagen,Aalborg,2.0,2.0,1.73,3.9,4.43,1.75,4.06,4.74,Superliga,,20210718_FC-Copenhagen_Aalborg,98.49530935296252,1.24,1.06,4,4,9,7,46.8,53.2,3,2,0,0,5,4
2021-07-18,Nordsjaelland,Viborg,1.0,2.0,2.85,3.64,2.29,2.98,3.77,2.34,Superliga,,20210718_Nordsjaelland_Viborg,70.5922100942696,2.15,1.41,6,3,13,6,50.8,49.2,1,0,0,0,3,1
2021-07-18,Vejle,Randers FC,0.0,2.0,3.22,3.42,2.18,3.34,3.48,2.27,Superliga,,20210718_Vejle_Randers-FC,-59.55308371813521,1.11,1.51,1,5,1,12,45.9,54.1,1,4,0,0,1,6
2021-07-19,Silkeborg,Sonderjyske,0.0,0.0,2.1,3.45,3.38,2.18,3.54,3.5,Superliga,,20210719_Silkeborg_Sonderjyske,-39.19913743654729,1.03,1.03,5,3,10,4,43.4,56.6,2,1,0,0,6,2
2021-07-24,Aalborg,Midtjylland,0.0,1.0,2.82,3.46,2.41,2.92,3.53,2.49,Superliga,,20210724_Aalborg_Midtjylland,-99.25682155312415,0.33,1.22,2,2,4,2,46.1,53.9,0,3,0,0,2,1
2021-07-25,Brondby,Viborg,1.0,1.0,2.04,3.49,3.53,2.11,3.61,3.62,Superliga,,20210725_Brondby_Viborg,139.2099304378021,1.39,1.61,6,5,12,11,52.4,47.6,1,3,0,0,4,10
2021-07-25,FC Copenhagen,Silkeborg,0.0,0.0,1.53,4.35,5.78,1.57,4.42,5.89,Superliga,,20210725_FC-Copenhagen_Silkeborg,191.04686483880096,0.81,0.87,3,2,5,5,61.3,38.7,1,1,0,0,6,3
2021-07-25,Nordsjaelland,Aarhus,0.0,0.0,2.66,3.52,2.51,2.72,3.57,2.64,Superliga,,20210725_Nordsjaelland_Aarhus,-48.3898607219885,1.19,0.48,3,1,7,2,45.5,54.5,0,1,0,0,7,2
2021-07-25,Randers FC,Odense,1.0,1.0,2.07,3.45,3.53,2.1,3.53,3.73,Superliga,,20210725_Randers-FC_Odense,-3.4413449490336916,1.01,0.34,4,2,7,5,51.7,48.3,3,1,0,0,2,4
2021-07-26,Sonderjyske,Vejle,1.0,0.0,2.41,3.28,2.94,2.47,3.4,3.05,Superliga,,20210726_Sonderjyske_Vejle,32.10332989952144,0.83,0.05,2,1,4,3,60.0,40.0,1,1,0,0,5,4
2021-07-31,Viborg,Midtjylland,0.0,2.0,3.15,3.48,2.2,3.32,3.57,2.24,Superliga,,20210731_Viborg_Midtjylland,-154.2283784467611,1.63,0.72,5,2,10,5,41.3,58.7,0,2,0,0,12,3
2021-08-01,Aarhus,Randers FC,1.0,2.0,2.87,3.27,2.46,3.02,3.41,2.48,Superliga,,20210801_Aarhus_Randers-FC,52.816682271565014,0.05,1.57,1,5,0,13,46.8,53.2,2,0,1,0,1,4
2021-08-01,Odense,FC Copenhagen,0.0,2.0,2.79,3.43,2.44,2.84,3.56,2.54,Superliga,,20210801_Odense_FC-Copenhagen,-97.84065776690545,0.88,1.51,4,5,11,9,47.4,52.6,3,1,0,0,9,9
2021-08-01,Silkeborg,Aalborg,0.0,0.0,2.44,3.43,2.79,2.45,3.66,2.89,Superliga,,20210801_Silkeborg_Aalborg,-84.51153058388672,0.71,0.94,2,3,2,8,47.1,52.9,0,2,0,0,2,2
2021-08-01,Vejle,Brondby,2.0,2.0,2.89,3.42,2.37,2.99,3.55,2.43,Superliga,,20210801_Vejle_Brondby,-189.44143227157178,1.57,1.25,5,4,11,9,38.5,61.5,1,0,0,0,3,2
2021-08-02,Sonderjyske,Nordsjaelland,0.0,2.0,2.3,3.34,3.07,2.33,3.48,3.22,Superliga,,20210802_Sonderjyske_Nordsjaelland,-44.348341149970565,0.68,1.95,2,7,5,16,50.3,49.7,2,1,1,0,5,7
2021-08-06,Midtjylland,Vejle,4.0,1.0,1.59,4.2,5.12,1.58,4.47,5.22,Superliga,,20210806_Midtjylland_Vejle,214.6265931032617,1.69,1.17,5,5,12,10,60.9,39.1,3,1,0,0,2,4
2021-08-06,Silkeborg,Viborg,4.0,1.0,2.28,3.5,2.97,2.31,3.68,3.09,Superliga,,20210806_Silkeborg_Viborg,-37.00401564094568,1.84,0.66,7,2,15,5,51.7,48.3,8,5,0,0,6,3
2021-08-08,Aalborg,Aarhus,2.0,0.0,2.25,3.34,3.17,2.31,3.49,3.24,Superliga,,20210808_Aalborg_Aarhus,-35.34983891746606,1.3,0.54,3,1,8,2,50.9,49.1,3,1,0,0,5,0
2021-08-08,FC Copenhagen,Brondby,4.0,2.0,1.72,3.93,4.46,1.74,4.06,4.81,Superliga,,20210808_FC-Copenhagen_Brondby,16.76593739380428,0.54,0.86,4,5,9,12,49.1,50.9,0,4,0,0,11,6
2021-08-08,Randers FC,Sonderjyske,1.0,0.0,1.72,3.76,4.78,1.74,3.87,5.06,Superliga,,20210808_Randers-FC_Sonderjyske,60.88714133488702,0.64,0.75,1,2,1,3,53.3,46.7,2,1,0,0,1,2
2021-08-09,Nordsjaelland,Odense,3.0,1.0,2.59,3.48,2.54,2.67,3.58,2.63,Superliga,,20210809_Nordsjaelland_Odense,23.728209420408348,2.17,1.85,7,5,16,10,54.9,45.1,1,1,0,0,4,4
2021-08-13,Brondby,Nordsjaelland,0.0,1.0,2.17,3.7,3.04,2.18,3.87,3.21,Superliga,,20210813_Brondby_Nordsjaelland,52.15798322820547,0.72,0.73,2,2,1,3,56.4,43.6,2,4,0,0,1,5
2021-08-13,Sonderjyske,Midtjylland,0.0,2.0,5.73,4.03,1.57,6.04,4.17,1.6,Superliga,,20210813_Sonderjyske_Midtjylland,-192.49822572536164,0.05,0.95,1,3,1,9,45.6,54.4,3,0,1,0,2,2
2021-08-13,Viborg,Randers FC,1.0,2.0,2.74,3.36,2.53,2.69,3.41,2.76,Superliga,,20210813_Viborg_Randers-FC,-75.12745996848503,0.95,1.17,3,4,8,7,42.1,57.9,1,2,0,0,4,5
2021-08-15,Aarhus,FC Copenhagen,1.0,3.0,3.18,3.37,2.21,3.3,3.44,2.3,Superliga,,20210815_Aarhus_FC-Copenhagen,-95.38331443167044,1.39,2.69,6,10,14,20,44.0,56.0,1,1,0,0,7,12
2021-08-15,Odense,Silkeborg,1.0,1.0,1.93,3.61,3.77,1.92,3.79,4.09,Superliga,,20210815_Odense_Silkeborg,45.17096768255465,0.81,1.36,3,3,6,8,53.1,46.9,0,1,0,0,2,3
2021-08-16,Vejle,Aalborg,0.0,1.0,3.14,3.53,2.16,3.23,3.71,2.22,Superliga,,20210816_Vejle_Aalborg,-106.80745246082029,0.87,0.05,3,1,6,2,49.6,50.4,2,1,1,0,5,3
2021-08-20,Midtjylland,Silkeborg,3.0,0.0,1.54,4.29,5.72,1.56,4.37,6.15,Superliga,,20210820_Midtjylland_Silkeborg,201.76538342727758,1.27,0.05,5,0,10,3,60.4,39.6,2,3,0,0,4,3
2021-08-21,Odense,Brondby,2.0,2.0,2.24,3.44,3.09,2.31,3.53,3.21,Superliga,,20210821_Odense_Brondby,-86.0130074335807,1.3,0.05,6,2,12,4,43.5,56.5,4,5,0,0,11,4
2021-08-22,FC Copenhagen,Sonderjyske,2.0,0.0,1.3,5.54,9.48,1.3,5.82,10.73,Superliga,,20210822_FC-Copenhagen_Sonderjyske,192.911382802273,0.64,0.17,2,0,6,0,54.8,45.2,2,1,0,0,4,4
2021-08-22,Randers FC,Aalborg,1.0,1.0,2.35,3.41,2.94,2.47,3.5,2.97,Superliga,,20210822_Randers-FC_Aalborg,7.877221310477353,0.62,0.68,1,3,0,7,51.1,48.9,1,3,0,0,0,8
2021-08-22,Viborg,Aarhus,2.0,0.0,2.46,3.32,2.83,2.58,3.46,2.85,Superliga,,20210822_Viborg_Aarhus,-77.84746515363986,1.74,0.76,6,2,14,3,50.1,49.9,2,1,0,0,8,5
2021-08-23,Nordsjaelland,Vejle,3.0,1.0,1.69,3.93,4.64,1.68,4.22,5.05,Superliga,,20210823_Nordsjaelland_Vejle,141.55148836972853,0.78,1.88,3,5,6,10,57.8,42.2,1,5,0,0,7,0
2021-08-27,Aalborg,Nordsjaelland,2.0,1.0,2.09,3.52,3.37,2.05,3.76,3.63,Superliga,,20210827_Aalborg_Nordsjaelland,-24.990716556661482,1.73,0.71,6,1,12,3,45.7,54.3,3,1,0,0,8,1
2021-08-29,Aarhus,Odense,2.0,2.0,2.31,3.43,2.99,2.32,3.59,3.15,Superliga,,20210829_Aarhus_Odense,17.684326838041216,1.34,0.78,5,2,10,4,46.8,53.2,2,2,0,0,5,1
2021-08-29,Brondby,Midtjylland,2.0,0.0,3.09,3.49,2.23,3.15,3.66,2.29,Superliga,,20210829_Brondby_Midtjylland,-82.3174618833284,0.6,1.71,3,4,9,8,45.2,54.8,2,2,1,1,2,5
2021-08-29,Silkeborg,Randers FC,2.0,1.0,2.32,3.58,2.87,2.34,3.73,3.01,Superliga,,20210829_Silkeborg_Randers-FC,-98.92807062730571,1.32,0.97,5,2,10,6,50.2,49.8,2,1,0,0,7,6
2021-08-29,Sonderjyske,Viborg,2.0,2.0,3.45,3.67,2.02,3.56,3.79,2.07,Superliga,,20210829_Sonderjyske_Viborg,-22.70012687820872,1.36,2.33,4,7,7,14,47.1,52.9,3,3,0,0,5,4
2021-08-29,Vejle,FC Copenhagen,0.0,4.0,6.21,4.47,1.48,6.61,4.53,1.52,Superliga,,20210829_Vejle_FC-Copenhagen,-241.62740347978138,0.44,0.77,0,4,0,8,40.0,60.0,4,2,0,0,2,3
2021-09-10,Brondby,Silkeborg,1.0,1.0,1.87,3.71,3.87,1.93,3.8,4.03,Superliga,,20210910_Brondby_Silkeborg,130.35496603794604,0.27,1.54,1,6,2,15,52.3,47.7,3,1,0,0,4,10
2021-09-10,Midtjylland,Nordsjaelland,2.0,0.0,1.47,4.74,6.11,1.5,4.88,6.23,Superliga,,20210910_Midtjylland_Nordsjaelland,94.69366760088337,1.03,1.58,4,6,8,14,58.0,42.0,3,1,0,1,3,7
2021-09-12,Aarhus,Vejle,1.0,0.0,1.57,3.93,5.94,1.61,4.0,6.26,Superliga,,20210912_Aarhus_Vejle,112.25287431583001,1.33,0.66,5,1,11,2,50.0,50.0,3,1,1,0,12,2
2021-09-12,Randers FC,FC Copenhagen,0.0,2.0,3.94,3.73,1.86,4.2,3.87,1.88,Superliga,,20210912_Randers-FC_FC-Copenhagen,-123.11380846978955,0.75,0.58,4,2,8,4,50.3,49.7,1,1,0,0,4,0
2021-09-12,Viborg,Aalborg,2.0,3.0,2.22,3.59,3.03,2.27,3.72,3.15,Superliga,,20210912_Viborg_Aalborg,-85.41197799258339,0.93,1.27,3,4,6,9,48.0,52.0,1,2,0,0,4,5
2021-09-13,Odense,Sonderjyske,2.0,1.0,1.75,3.89,4.34,1.79,3.98,4.54,Superliga,,20210913_Odense_Sonderjyske,53.40132012899289,1.68,1.34,5,4,12,10,46.8,53.2,2,2,0,0,6,7
2021-09-17,Aalborg,Odense,2.0,0.0,1.98,3.54,3.65,2.01,3.67,3.86,Superliga,,20210917_Aalborg_Odense,52.08297175892949,1.36,1.36,4,4,8,9,51.8,48.2,2,1,0,0,4,4
2021-09-19,FC Copenhagen,Midtjylland,0.0,1.0,1.95,3.55,3.82,1.99,3.63,3.97,Superliga,,20210919_FC-Copenhagen_Midtjylland,7.406073008613475,0.75,1.61,2,4,4,9,51.5,48.5,2,1,0,0,4,1
2021-09-19,Randers FC,Nordsjaelland,3.0,2.0,2.39,3.45,2.85,2.45,3.53,2.97,Superliga,,20210919_Randers-FC_Nordsjaelland,-19.23251355834759,1.8,1.32,8,5,16,12,48.8,51.2,1,1,0,0,6,7
2021-09-19,Sonderjyske,Brondby,1.0,0.0,3.53,3.58,2.01,3.67,3.69,2.06,Superliga,,20210919_Sonderjyske_Brondby,-153.63976125682052,0.05,0.85,1,3,3,6,48.0,52.0,1,1,0,0,2,2
2021-09-19,Vejle,Viborg,1.0,1.0,4.1,3.92,1.79,4.31,4.13,1.8,Superliga,,20210919_Vejle_Viborg,-62.666471774347656,1.65,0.8,5,2,11,5,50.1,49.9,2,1,0,0,8,3
2021-09-20,Silkeborg,Aarhus,0.0,2.0,2.39,3.57,2.78,2.44,3.67,2.9,Superliga,,20210920_Silkeborg_Aarhus,-56.39812319688804,0.54,1.57,1,3,5,5,45.7,54.3,2,1,0,0,3,7
2021-09-26,Brondby,Aalborg,2.0,1.0,2.2,3.45,3.19,2.22,3.58,3.37,Superliga,,20210926_Brondby_Aalborg,0.615349283656542,0.76,0.16,2,1,6,1,49.3,50.7,3,0,0,0,3,2
2021-09-26,Midtjylland,Randers FC,1.0,0.0,1.63,3.93,5.27,1.65,4.06,5.64,Superliga,,20210926_Midtjylland_Randers-FC,131.1344385684008,1.37,1.17,3,2,7,5,51.6,48.4,1,2,1,0,9,3
2021-09-26,Nordsjaelland,FC Copenhagen,1.0,5.0,4.4,3.9,1.75,4.76,4.1,1.74,Superliga,,20210926_Nordsjaelland_FC-Copenhagen,-120.12366173897999,0.89,0.68,3,5,7,11,44.2,55.8,0,3,0,0,3,5
2021-09-26,Vejle,Silkeborg,2.0,4.0,3.14,3.45,2.22,3.27,3.55,2.27,Superliga,,20210926_Vejle_Silkeborg,-60.14933718711518,0.91,1.19,3,4,7,10,49.1,50.9,3,4,0,0,8,11
2021-09-26,Viborg,Odense,1.0,1.0,2.12,3.69,3.17,2.19,3.87,3.2,Superliga,,20210926_Viborg_Odense,-43.47178821351008,1.64,0.27,5,1,12,3,44.8,55.2,2,2,0,0,7,5
2021-09-27,Aarhus,Sonderjyske,1.0,0.0,1.71,3.74,4.9,1.75,3.77,5.17,Superliga,,20210927_Aarhus_Sonderjyske,81.37081209206349,0.92,0.05,2,2,6,6,53.9,46.1,0,0,0,0,2,3
2021-10-01,Odense,Vejle,6.0,0.0,1.63,4.03,5.07,1.65,4.2,5.43,Superliga,,20211001_Odense_Vejle,110.30510296742978,1.94,0.94,6,4,11,6,54.3,45.7,2,1,0,0,5,1
2021-10-03,Aalborg,Sonderjyske,4.0,0.0,1.61,4.03,5.35,1.64,4.16,5.59,Superliga,,20211003_Aalborg_Sonderjyske,116.31409328141422,1.39,1.05,4,2,10,4,56.1,43.9,3,4,0,0,3,1
2021-10-03,FC Copenhagen,Viborg,1.0,1.0,1.39,5.03,7.12,1.41,5.25,7.55,Superliga,,20211003_FC-Copenhagen_Viborg,201.09582816180705,0.78,0.2,2,1,4,3,52.9,47.1,0,2,0,0,2,5
2021-10-03,Midtjylland,Aarhus,4.0,0.0,1.79,3.53,4.58,1.83,3.6,4.85,Superliga,,20211003_Midtjylland_Aarhus,131.819008661819,1.14,0.05,4,1,10,3,59.4,40.6,3,2,1,0,6,4
2021-10-03,Randers FC,Brondby,1.0,1.0,2.37,3.45,2.89,2.5,3.47,2.95,Superliga,,20211003_Randers-FC_Brondby,-55.700410988317344,1.59,0.05,6,1,13,2,54.8,45.2,1,1,0,1,4,5
2021-10-03,Silkeborg,Nordsjaelland,4.0,1.0,1.77,4.22,3.89,1.81,4.44,3.95,Superliga,,20211003_Silkeborg_Nordsjaelland,-54.73973614514102,0.88,0.77,4,3,10,7,47.0,53.0,1,0,0,0,4,2
2021-10-15,Viborg,Silkeborg,1.0,1.0,2.13,3.59,3.18,2.16,3.73,3.38,Superliga,,20211015_Viborg_Silkeborg,-17.828359084592194,1.27,0.69,4,1,8,1,52.5,47.5,0,0,0,0,3,3
2021-10-17,Brondby,Vejle,3.0,2.0,1.45,4.56,6.5,1.45,4.85,7.35,Superliga,,20211017_Brondby_Vejle,203.3105243602747,1.25,0.41,5,2,8,2,61.0,39.0,1,3,0,0,4,2
2021-10-17,Nordsjaelland,Midtjylland,2.0,2.0,4.89,4.11,1.64,4.98,4.27,1.68,Superliga,,20211017_Nordsjaelland_Midtjylland,-174.44108210225204,0.05,1.25,2,5,3,12,47.5,52.5,1,1,0,0,5,6
2021-10-17,Odense,Randers FC,1.0,2.0,2.42,3.37,2.84,2.52,3.53,2.88,Superliga,,20211017_Odense_Randers-FC,-24.493545307574777,0.47,1.44,1,4,1,9,52.2,47.8,4,1,0,0,2,10
2021-10-17,Sonderjyske,FC Copenhagen,1.0,1.0,5.77,4.18,1.54,6.33,4.29,1.56,Superliga,,20211017_Sonderjyske_FC-Copenhagen,-216.76342427587815,0.36,0.74,1,3,3,5,38.5,61.5,1,1,0,0,2,4
2021-10-18,Aarhus,Aalborg,1.0,0.0,2.55,3.31,2.71,2.63,3.39,2.83,Superliga,,20211018_Aarhus_Aalborg,-32.24361920993442,0.95,0.61,2,2,3,4,50.5,49.5,2,2,1,0,1,6
2021-10-22,Vejle,Nordsjaelland,2.0,0.0,2.67,3.74,2.38,2.72,3.96,2.45,Superliga,,20211022_Vejle_Nordsjaelland,-140.4612495194408,1.34,0.05,6,0,13,0,45.1,54.9,1,1,0,0,8,2
2021-10-24,Brondby,FC Copenhagen,2.0,1.0,3.1,3.4,2.26,3.17,3.55,2.32,Superliga,,20211024_Brondby_FC-Copenhagen,-57.32868137657397,1.94,1.95,7,5,16,14,39.5,60.5,1,3,0,0,10,6
2021-10-24,Midtjylland,Sonderjyske,3.0,2.0,1.4,4.67,7.56,1.41,4.86,8.45,Superliga,,20211024_Midtjylland_Sonderjyske,235.23845141554557,1.62,1.62,5,4,11,8,56.2,43.8,3,2,1,0,7,5
2021-10-24,Randers FC,Aarhus,1.0,0.0,2.39,3.24,2.98,2.47,3.36,3.07,Superliga,,20211024_Randers-FC_Aarhus,-7.057787964464524,1.51,0.85,5,3,11,9,52.6,47.4,2,2,0,0,7,10
2021-10-24,Silkeborg,Odense,1.0,1.0,2.16,3.61,3.11,2.18,3.79,3.26,Superliga,,20211024_Silkeborg_Odense,-14.16761282166658,0.77,0.93,3,2,8,5,58.6,41.4,0,0,0,0,7,1
2021-10-25,Aalborg,Viborg,2.0,5.0,1.86,3.74,3.86,1.92,3.83,4.07,Superliga,,20211025_Aalborg_Viborg,90.65037015656048,1.44,1.58,5,6,11,13,50.1,49.9,4,1,0,0,6,9
2021-10-31,FC Copenhagen,Vejle,3.0,0.0,1.33,5.13,8.93,1.34,5.29,10.41,Superliga,,20211031_FC-Copenhagen_Vejle,241.43966614139617,1.28,0.05,4,0,8,0,58.1,41.9,0,1,0,0,4,0
2021-10-31,Nordsjaelland,Aalborg,0.0,2.0,2.77,3.62,2.36,2.8,3.77,2.47,Superliga,,20211031_Nordsjaelland_Aalborg,-42.42425054595742,0.85,0.47,5,2,10,4,42.3,57.7,3,0,0,0,1,6
2021-10-31,Randers FC,Midtjylland,1.0,3.0,3.11,3.35,2.29,3.13,3.47,2.38,Superliga,,20211031_Randers-FC_Midtjylland,-128.18963156997188,0.4,1.72,2,6,5,14,44.0,56.0,3,2,0,0,6,3
2021-10-31,Sonderjyske,Silkeborg,0.0,6.0,3.04,3.51,2.23,3.14,3.61,2.31,Superliga,,20211031_Sonderjyske_Silkeborg,-44.17146390993071,0.23,1.23,4,6,8,12,51.3,48.7,0,3,0,0,6,5
2021-10-31,Viborg,Brondby,0.0,1.0,2.65,3.5,2.5,2.68,3.72,2.59,Superliga,,20211031_Viborg_Brondby,-122.88337197408555,0.27,0.35,0,3,0,7,48.9,51.1,1,2,0,0,2,5
2021-11-01,Odense,Aarhus,0.0,0.0,2.32,3.34,3.0,2.41,3.44,3.1,Superliga,,20211101_Odense_Aarhus,-42.10750366814659,1.01,0.8,4,3,10,7,49.2,50.8,3,1,0,0,4,0
2021-11-05,Viborg,Nordsjaelland,2.0,2.0,1.73,4.15,4.15,1.71,4.5,4.47,Superliga,,20211105_Viborg_Nordsjaelland,-15.484891581891588,1.26,1.1,4,4,9,10,44.0,56.0,1,1,0,0,3,8
2021-11-07,Aalborg,Randers FC,1.0,1.0,2.34,3.37,2.96,2.4,3.46,3.11,Superliga,,20211107_Aalborg_Randers-FC,4.0799301775375625,1.39,0.81,3,1,8,3,51.2,48.8,0,3,0,0,5,5
2021-11-07,Aarhus,Midtjylland,3.0,0.0,3.41,3.33,2.13,3.57,3.47,2.17,Superliga,,20211107_Aarhus_Midtjylland,-154.82959963959365,1.4,1.63,3,4,7,9,47.3,52.7,0,3,0,0,3,10
2021-11-07,Brondby,Odense,2.0,1.0,2.06,3.47,3.48,2.07,3.6,3.73,Superliga,,20211107_Brondby_Odense,114.14575336059215,2.39,1.02,6,2,12,6,53.8,46.2,0,1,0,0,13,5
2021-11-07,Silkeborg,FC Copenhagen,0.0,0.0,2.99,3.48,2.3,3.06,3.52,2.39,Superliga,,20211107_Silkeborg_FC-Copenhagen,-144.56617624351338,0.89,0.45,2,0,3,0,39.6,60.4,0,1,0,0,2,1
2021-11-07,Vejle,Sonderjyske,3.0,1.0,2.41,3.34,2.91,2.5,3.38,3.02,Superliga,,20211107_Vejle_Sonderjyske,-41.30975897867688,0.9,0.9,3,3,8,6,52.1,47.9,1,3,0,0,9,5
2021-11-19,Odense,Viborg,2.0,3.0,2.1,3.65,3.21,2.12,3.84,3.37,Superliga,,20211119_Odense_Viborg,15.8582335119861,0.99,1.24,2,3,3,6,52.8,47.2,1,2,0,0,0,4
2021-11-21,FC Copenhagen,Aarhus,1.0,1.0,1.87,3.48,4.21,1.89,3.59,4.48,Superliga,,20211121_FC-Copenhagen_Aarhus,79.45570043722091,0.32,1.16,2,4,5,9,60.4,39.6,0,1,0,0,5,6
2021-11-21,Midtjylland,Brondby,1.0,2.0,1.83,3.61,4.27,1.85,3.72,4.52,Superliga,,20211121_Midtjylland_Brondby,54.68364480737091,1.4,0.84,5,3,11,6,44.8,55.2,1,2,0,0,4,1
2021-11-21,Nordsjaelland,Silkeborg,1.0,1.0,2.91,3.68,2.25,3.05,3.76,2.3,Superliga,,20211121_Nordsjaelland_Silkeborg,-10.205227189010884,0.92,1.07,2,2,3,4,50.0,50.0,0,2,0,0,3,5
2021-11-21,Randers FC,Vejle,4.0,1.0,1.54,4.14,5.95,1.56,4.1,6.52,Superliga,,20211121_Randers-FC_Vejle,147.6482166340179,0.68,1.19,4,3,9,5,58.4,41.6,1,3,0,1,3,3
2021-11-22,Sonderjyske,Aalborg,1.0,3.0,3.25,3.21,2.26,3.39,3.23,2.36,Superliga,,20211122_Sonderjyske_Aalborg,-136.97677486868406,1.61,1.06,6,3,12,8,48.3,51.7,1,3,0,0,7,4
2021-11-26,Aarhus,Silkeborg,1.0,1.0,2.65,3.26,2.66,2.66,3.4,2.8,Superliga,,20211126_Aarhus_Silkeborg,58.71303881938047,0.62,1.27,3,5,5,12,53.7,46.3,2,3,0,0,4,11
2021-11-28,Aalborg,FC Copenhagen,1.0,3.0,2.86,3.26,2.48,2.98,3.35,2.54,Superliga,,20211128_Aalborg_FC-Copenhagen,-71.22520761814621,0.43,1.59,1,4,4,9,47.1,52.9,2,2,0,0,3,3
2021-11-28,Brondby,Randers FC,1.0,0.0,2.1,3.44,3.43,2.14,3.49,3.66,Superliga,,20211128_Brondby_Randers-FC,78.55800196839346,0.53,0.97,1,2,3,4,54.6,45.4,2,2,0,0,1,5
2021-11-28,Odense,Nordsjaelland,2.0,0.0,1.98,3.75,3.46,2.01,3.9,3.65,Superliga,,20211128_Odense_Nordsjaelland,-11.457426008150605,1.12,0.84,4,2,9,3,44.7,55.3,0,0,0,0,5,2
2021-11-28,Viborg,Sonderjyske,1.0,1.0,1.72,3.89,4.53,1.76,3.98,4.72,Superliga,,20211128_Viborg_Sonderjyske,78.70621750930854,0.73,1.78,1,6,3,16,50.4,49.6,2,6,0,0,6,6
2021-11-29,Vejle,Midtjylland,1.0,1.0,6.94,4.28,1.46,7.39,4.37,1.5,Superliga,,20211129_Vejle_Midtjylland,-267.51680411116513,0.2,1.36,1,3,4,6,36.4,63.6,1,0,0,0,7,1
2022-02-18,Sonderjyske,Aarhus,2.0,3.0,3.36,3.15,2.26,3.49,3.24,2.31,Superliga,,20220218_Sonderjyske_Aarhus,-144.45906456850116,0.44,1.91,2,5,4,9,43.8,56.2,1,2,0,0,3,6
2022-02-20,FC Copenhagen,Odense,2.0,0.0,1.58,4.16,5.4,1.59,4.32,5.89,Superliga,,20220220_FC-Copenhagen_Odense,150.9100406720661,1.2,0.31,3,3,4,5,53.6,46.4,2,3,1,1,3,3
2022-02-20,Midtjylland,Aalborg,0.0,2.0,1.67,3.78,5.14,1.72,3.81,5.37,Superliga,,20220220_Midtjylland_Aalborg,103.19485081855487,0.5,1.15,0,4,1,8,52.1,47.9,3,2,0,0,3,10
2022-02-20,Nordsjaelland,Brondby,0.0,2.0,2.76,3.35,2.51,2.85,3.44,2.6,Superliga,,20220220_Nordsjaelland_Brondby,-167.22357858405894,0.67,1.71,2,7,5,17,43.9,56.1,1,2,0,0,6,7
2022-02-20,Silkeborg,Vejle,3.0,0.0,1.38,5.01,7.26,1.41,5.25,7.66,Superliga,,20220220_Silkeborg_Vejle,98.8299925487413,1.68,0.26,7,0,15,0,51.4,48.6,2,1,0,0,11,3
2022-02-21,Randers FC,Viborg,0.0,1.0,2.09,3.5,3.38,2.2,3.55,3.42,Superliga,,20220221_Randers-FC_Viborg,62.49978590847195,0.63,0.39,2,1,5,0,54.0,46.0,0,2,0,0,4,4
2022-02-25,Vejle,Aarhus,3.0,2.0,4.26,3.66,1.82,4.47,3.72,1.86,Superliga,,20220225_Vejle_Aarhus,-169.48066485709296,1.46,0.97,6,4,15,9,41.6,58.4,0,0,0,0,5,6
2022-02-27,Aalborg,Silkeborg,1.0,4.0,2.61,3.39,2.64,2.79,3.5,2.61,Superliga,,20220227_Aalborg_Silkeborg,56.753267665382054,0.44,1.08,1,4,2,9,58.5,41.5,0,2,0,0,4,2
2022-02-27,Nordsjaelland,Randers FC,0.0,0.0,2.55,3.54,2.61,2.58,3.71,2.7,Superliga,,20220227_Nordsjaelland_Randers-FC,-62.49837934468269,1.05,0.28,6,3,12,6,39.8,60.2,1,2,0,0,9,5
2022-02-27,Odense,Midtjylland,2.0,2.0,3.04,3.39,2.29,3.16,3.41,2.4,Superliga,,20220227_Odense_Midtjylland,-155.36153653347696,0.8,1.89,5,5,10,11,42.3,57.7,1,1,0,0,7,7
2022-02-27,Viborg,FC Copenhagen,0.0,2.0,2.96,3.33,2.38,3.07,3.43,2.44,Superliga,,20220227_Viborg_FC-Copenhagen,-149.69889689056686,0.96,2.13,4,5,8,12,41.5,58.5,0,0,0,0,2,9
2022-02-28,Brondby,Sonderjyske,1.0,0.0,1.63,3.84,5.41,1.64,4.03,5.79,Superliga,,20220228_Brondby_Sonderjyske,246.99434805303667,0.5,0.17,4,1,9,1,62.8,37.2,1,1,0,0,5,2
2022-03-04,FC Copenhagen,Randers FC,3.0,0.0,1.7,3.82,4.84,1.74,3.93,5.03,Superliga,,20220304_FC-Copenhagen_Randers-FC,124.73354235743864,0.98,0.82,3,1,7,4,55.8,44.2,1,2,0,0,3,2
2022-03-04,Midtjylland,Viborg,3.0,1.0,1.81,3.62,4.36,1.89,3.61,4.46,Superliga,,20220304_Midtjylland_Viborg,142.0579163222544,1.65,0.86,6,3,13,7,50.9,49.1,1,4,0,0,6,10
2022-03-06,Aalborg,Vejle,0.0,0.0,1.63,3.86,5.36,1.66,3.91,5.83,Superliga,,20220306_Aalborg_Vejle,141.56208475291828,1.85,0.73,4,3,10,7,53.2,46.8,1,0,0,0,7,5
2022-03-06,Silkeborg,Brondby,0.0,1.0,1.94,3.47,3.89,1.95,3.64,4.11,Superliga,,20220306_Silkeborg_Brondby,-131.99764524080547,0.95,0.25,1,1,3,1,45.1,54.9,2,0,0,0,2,1
2022-03-06,Sonderjyske,Odense,2.0,2.0,3.04,3.38,2.3,3.23,3.42,2.35,Superliga,,20220306_Sonderjyske_Odense,-89.07930060393369,1.13,0.74,4,2,9,4,49.4,50.6,0,1,0,0,3,3
2022-03-07,Aarhus,Nordsjaelland,2.0,3.0,2.09,3.46,3.43,2.14,3.48,3.65,Superliga,,20220307_Aarhus_Nordsjaelland,72.94702232709028,1.52,1.31,6,6,14,12,50.4,49.6,3,2,1,0,8,7
2022-03-11,Nordsjaelland,Sonderjyske,1.0,1.0,1.93,3.56,3.86,1.97,3.63,4.11,Superliga,,20220311_Nordsjaelland_Sonderjyske,84.77855467508357,0.05,0.05,1,1,1,1,53.6,46.4,1,0,0,0,4,4
2022-03-13,Brondby,Aarhus,1.0,1.0,2.07,3.21,3.77,2.1,3.32,3.99,Superliga,,20220313_Brondby_Aarhus,132.2024733170906,1.05,1.37,3,3,8,6,52.2,47.8,1,2,0,0,5,5
2022-03-13,Midtjylland,FC Copenhagen,0.0,1.0,2.25,3.28,3.25,2.31,3.36,3.38,Superliga,,20220313_Midtjylland_FC-Copenhagen,-22.413952837185207,0.05,1.02,0,2,0,5,59.4,40.6,3,5,0,0,2,1
2022-03-13,Randers FC,Silkeborg,2.0,1.0,3.01,3.51,2.25,3.19,3.66,2.27,Superliga,,20220313_Randers-FC_Silkeborg,6.987200525490607,0.68,0.48,2,3,5,7,49.9,50.1,2,3,0,0,4,2
2022-03-13,Viborg,Vejle,2.0,0.0,1.63,3.9,5.24,1.65,4.06,5.63,Superliga,,20220313_Viborg_Vejle,68.69574864246192,1.8,0.19,5,1,9,3,56.5,43.5,2,0,0,0,10,2
2022-03-14,Odense,Aalborg,2.0,3.0,2.38,3.36,2.92,2.47,3.5,2.95,Superliga,,20220314_Odense_Aalborg,-62.49026085716105,1.47,1.82,6,6,14,14,46.4,53.6,3,0,0,1,7,8
2022-03-20,Aalborg,Brondby,3.0,0.0,2.79,3.21,2.58,2.91,3.23,2.67,Superliga,,20220320_Aalborg_Brondby,-101.19181250291649,0.43,1.14,3,3,8,6,45.3,54.7,1,1,0,0,8,2
2022-03-20,Aarhus,Viborg,1.0,1.0,2.63,3.21,2.72,2.66,3.31,2.86,Superliga,,20220320_Aarhus_Viborg,41.50683488868094,1.49,1.16,3,3,9,7,48.8,51.2,0,1,0,0,5,4
2022-03-20,FC Copenhagen,Nordsjaelland,1.0,0.0,1.42,4.77,6.98,1.44,4.89,7.49,Superliga,,20220320_FC-Copenhagen_Nordsjaelland,190.44372104363947,0.51,1.07,1,5,3,12,59.3,40.7,0,4,0,0,6,7
2022-03-20,Silkeborg,Midtjylland,0.0,1.0,2.72,3.39,2.51,2.77,3.52,2.62,Superliga,,20220320_Silkeborg_Midtjylland,-125.57432814035792,0.59,0.47,3,1,7,2,43.3,56.7,2,0,0,0,6,4
2022-03-20,Sonderjyske,Randers FC,1.0,1.0,3.15,3.37,2.24,3.24,3.48,2.28,Superliga,,20220320_Sonderjyske_Randers-FC,-129.54199187998597,1.15,1.26,3,2,5,5,51.5,48.5,1,3,0,1,2,4
2022-03-20,Vejle,Odense,2.0,0.0,3.74,3.65,1.93,3.86,3.94,1.93,Superliga,,20220320_Vejle_Odense,-69.59366350861455,1.88,0.9,6,3,13,7,40.8,59.2,1,3,0,0,6,3
2022-04-01,Viborg,Sonderjyske,2.0,1.0,1.83,3.4,4.58,1.83,3.41,4.86,Superliga,,20220401_Viborg_Sonderjyske,85.8879246599306,0.27,1.53,2,4,3,9,59.7,40.3,1,2,0,0,3,7
2022-04-03,Aalborg,FC Copenhagen,0.0,1.0,3.2,3.34,2.26,3.57,3.5,2.16,Superliga,,20220403_Aalborg_FC-Copenhagen,-107.54972615342854,0.12,0.33,0,1,0,0,46.6,53.4,1,3,0,0,4,1
2022-04-03,Aarhus,Vejle,0.0,0.0,2.27,3.09,3.4,2.38,3.06,3.58,Superliga,,20220403_Aarhus_Vejle,113.71928149537143,1.18,0.76,3,4,6,7,62.2,37.8,4,3,0,0,4,6
2022-04-03,Brondby,Randers FC,0.0,1.0,2.22,3.24,3.34,2.23,3.33,3.57,Superliga,,20220403_Brondby_Randers-FC,113.06898534128686,1.11,1.24,4,4,7,10,58.0,42.0,1,2,0,0,6,5
2022-04-03,Odense,Nordsjaelland,2.0,1.0,2.18,3.35,3.33,2.27,3.29,3.52,Superliga,,20220403_Odense_Nordsjaelland,-17.076059475049533,0.66,1.03,2,4,6,9,52.0,48.0,3,2,0,0,3,4
2022-04-04,Midtjylland,Silkeborg,3.0,2.0,1.86,3.67,4.0,1.93,3.74,4.11,Superliga,,20220404_Midtjylland_Silkeborg,141.25893466028265,1.6,1.75,4,6,10,15,60.4,39.6,4,2,0,0,4,6
2022-04-08,Aalborg,Randers FC,3.0,0.0,2.03,3.48,3.57,2.03,3.63,3.83,Superliga,,20220408_Aalborg_Randers-FC,18.50345561226004,1.55,0.27,5,1,11,5,52.0,48.0,2,2,0,0,14,4
2022-04-10,FC Copenhagen,Midtjylland,1.0,0.0,2.06,3.32,3.69,2.05,3.42,4.04,Superliga,,20220410_FC-Copenhagen_Midtjylland,44.062357302791725,0.87,0.44,4,1,10,2,57.1,42.9,3,2,0,0,7,1
2022-04-10,Nordsjaelland,Aarhus,2.0,2.0,2.1,3.42,3.43,2.12,3.52,3.66,Superliga,,20220410_Nordsjaelland_Aarhus,-64.58972691721124,2.66,1.36,9,5,20,11,43.5,56.5,3,2,0,0,10,2
2022-04-10,Silkeborg,Brondby,3.0,0.0,2.02,3.44,3.66,2.06,3.51,3.87,Superliga,,20220410_Silkeborg_Brondby,-138.73835850875594,2.02,1.27,6,3,13,5,48.2,51.8,1,4,0,0,8,5
2022-04-10,Sonderjyske,Odense,2.0,2.0,2.81,3.28,2.5,2.85,3.41,2.61,Superliga,,20220410_Sonderjyske_Odense,-73.35326724822721,0.91,1.86,3,6,5,14,40.4,59.6,0,1,0,0,1,7
2022-04-11,Vejle,Viborg,2.0,2.0,3.2,3.33,2.23,3.32,3.42,2.3,Superliga,,20220411_Vejle_Viborg,-80.36537245437535,1.43,1.86,6,5,14,11,46.2,53.8,1,3,0,1,8,9
2022-04-13,Randers FC,Midtjylland,1.0,3.0,3.3,3.61,2.09,3.38,3.69,2.17,Superliga,,20220413_Randers-FC_Midtjylland,-99.66536502512349,0.34,0.66,1,3,1,5,45.5,54.5,2,2,0,0,1,4
2022-04-14,Aarhus,Viborg,0.0,2.0,3.36,3.18,2.23,3.61,3.27,2.24,Superliga,,20220414_Aarhus_Viborg,26.28921471718968,0.18,2.38,0,9,1,19,47.5,52.5,0,3,0,0,4,8
2022-04-14,Brondby,Aalborg,0.0,1.0,2.59,3.27,2.72,2.76,3.35,2.73,Superliga,,20220414_Brondby_Aalborg,35.10560645915348,0.32,1.33,1,3,2,6,55.1,44.9,2,3,0,1,1,4
2022-04-14,Odense,Vejle,2.0,1.0,1.63,3.92,5.19,1.65,4.09,5.57,Superliga,,20220414_Odense_Vejle,44.42186926756085,0.35,0.75,2,2,5,3,51.3,48.7,2,3,0,0,4,3
2022-04-14,Silkeborg,FC Copenhagen,3.0,1.0,2.83,3.56,2.34,2.82,3.63,2.51,Superliga,,20220414_Silkeborg_FC-Copenhagen,-194.00164917104394,1.32,1.21,5,4,11,9,50.5,49.5,1,2,0,0,3,8
2022-04-15,Nordsjaelland,Sonderjyske,2.0,0.0,2.02,3.59,3.49,2.01,3.86,3.69,Superliga,,20220415_Nordsjaelland_Sonderjyske,64.95965663310312,1.13,1.18,3,4,6,10,48.4,51.6,2,2,0,0,8,5
2022-04-17,Viborg,Odense,1.0,1.0,2.03,3.39,3.68,2.01,3.56,4.0,Superliga,,20220417_Viborg_Odense,32.921234013177354,0.72,0.05,3,1,9,4,49.6,50.4,1,2,0,0,4,3
2022-04-18,FC Copenhagen,Brondby,2.0,0.0,1.63,3.84,5.49,1.61,4.09,6.0,Superliga,,20220418_FC-Copenhagen_Brondby,83.49520754631408,1.21,0.52,4,3,9,6,43.1,56.9,2,0,0,0,6,3
2022-04-18,Midtjylland,Aalborg,2.0,0.0,1.71,3.92,4.56,1.73,4.04,4.89,Superliga,,20220418_Midtjylland_Aalborg,53.87957443253299,1.2,0.34,4,2,9,2,51.9,48.1,0,1,0,0,3,3
2022-04-18,Sonderjyske,Aarhus,2.0,1.0,2.55,3.29,2.75,2.64,3.35,2.85,Superliga,,20220418_Sonderjyske_Aarhus,-122.01426972609306,1.57,1.25,6,6,12,15,46.7,53.3,2,3,0,0,6,9
2022-04-18,Vejle,Nordsjaelland,0.0,0.0,2.66,3.28,2.64,2.7,3.38,2.78,Superliga,,20220418_Vejle_Nordsjaelland,-61.277538825533156,0.35,0.75,0,1,1,3,54.0,46.0,0,1,1,0,2,5
2022-04-19,Randers FC,Silkeborg,1.0,2.0,2.75,3.58,2.4,2.75,3.71,2.54,Superliga,,20220419_Randers-FC_Silkeborg,2.571030855981462,0.51,0.58,2,2,5,3,49.3,50.7,2,1,0,0,4,6
2022-04-22,Sonderjyske,Vejle,0.0,1.0,2.5,3.17,2.9,2.6,3.26,2.97,Superliga,,20220422_Sonderjyske_Vejle,-9.292090206800367,0.59,0.46,0,1,0,2,49.0,51.0,1,3,0,1,4,2
2022-04-24,Aalborg,Silkeborg,1.0,2.0,2.67,3.42,2.54,2.78,3.52,2.61,Superliga,,20220424_Aalborg_Silkeborg,43.41236909886993,0.92,0.8,1,4,4,9,49.7,50.3,0,5,0,0,1,3
2022-04-24,Aarhus,Odense,1.0,2.0,2.88,3.36,2.41,2.93,3.59,2.45,Superliga,,20220424_Aarhus_Odense,16.21512797409423,1.04,0.76,3,2,5,4,44.2,55.8,2,1,0,0,7,4
2022-04-24,FC Copenhagen,Randers FC,0.0,1.0,1.47,4.51,6.29,1.48,4.73,6.87,Superliga,,20220424_FC-Copenhagen_Randers-FC,176.52724150793074,1.64,1.13,5,4,12,7,51.5,48.5,1,0,0,0,5,3
2022-04-24,Nordsjaelland,Viborg,2.0,0.0,2.63,3.38,2.6,2.7,3.43,2.74,Superliga,,20220424_Nordsjaelland_Viborg,-37.974729947462265,1.3,0.43,3,2,5,6,52.2,47.8,2,2,0,0,4,4
2022-04-25,Brondby,Midtjylland,1.0,3.0,3.09,3.33,2.31,3.16,3.39,2.4,Superliga,,20220425_Brondby_Midtjylland,-64.51504043122281,1.9,0.61,6,3,13,7,51.2,48.8,3,0,0,0,2,8
2022-04-29,Viborg,Nordsjaelland,1.0,1.0,1.7,4.0,4.54,1.69,4.25,4.87,Superliga,,20220429_Viborg_Nordsjaelland,11.361924885381313,0.76,1.75,2,6,5,13,41.1,58.9,1,1,0,0,3,4
2022-05-01,Midtjylland,FC Copenhagen,0.0,0.0,2.49,3.3,2.84,2.62,3.34,2.88,Superliga,,20220501_Midtjylland_FC-Copenhagen,-9.902624295296391,0.76,0.59,4,3,8,9,54.6,45.4,1,1,0,0,3,2
2022-05-01,Odense,Aarhus,1.0,0.0,2.03,3.48,3.62,2.12,3.47,3.74,Superliga,,20220501_Odense_Aarhus,8.90416083467835,1.02,0.05,2,0,3,0,50.7,49.3,2,4,0,0,3,2
2022-05-01,Randers FC,Brondby,2.0,1.0,1.9,3.74,3.76,1.92,3.91,3.97,Superliga,,20220501_Randers-FC_Brondby,-47.27272733693667,1.45,0.5,4,2,12,5,43.3,56.7,2,0,0,0,6,2
2022-05-01,Vejle,Sonderjyske,0.0,3.0,1.88,3.55,4.11,1.88,3.73,4.37,Superliga,,20220501_Vejle_Sonderjyske,32.65036835207911,0.45,1.35,4,5,7,10,53.7,46.3,7,2,0,0,2,3
2022-05-02,Silkeborg,Aalborg,4.0,2.0,1.9,3.7,3.8,1.89,3.91,4.07,Superliga,,20220502_Silkeborg_Aalborg,-16.42905860153678,1.49,0.37,6,2,13,2,45.7,54.3,0,1,0,0,14,4
2022-05-06,Silkeborg,Randers FC,1.0,0.0,1.63,4.23,4.8,1.65,4.39,5.1,Superliga,,20220506_Silkeborg_Randers-FC,16.421065008826417,0.59,0.07,2,0,5,2,53.5,46.5,5,1,0,0,4,2
2022-05-08,Aalborg,Midtjylland,1.0,2.0,3.08,3.55,2.2,3.22,3.76,2.21,Superliga,,20220508_Aalborg_Midtjylland,-110.38485287636558,0.23,1.52,1,4,4,9,42.0,58.0,2,2,0,0,0,4
2022-05-08,Aarhus,Sonderjyske,1.0,1.0,2.06,3.4,3.55,2.11,3.49,3.73,Superliga,,20220508_Aarhus_Sonderjyske,64.21860876090545,0.97,0.42,2,2,5,7,49.2,50.8,1,0,0,0,3,1
2022-05-08,Brondby,FC Copenhagen,1.0,1.0,3.86,3.55,1.94,4.26,3.71,1.9,Superliga,,20220508_Brondby_FC-Copenhagen,-107.29245683496947,0.45,1.08,2,3,6,7,43.2,56.8,0,0,0,0,3,6
2022-05-08,Nordsjaelland,Odense,1.0,1.0,2.17,3.63,3.11,2.22,3.71,3.25,Superliga,,20220508_Nordsjaelland_Odense,-17.874315731085062,1.11,0.05,1,1,4,4,47.6,52.4,2,2,0,0,5,0
2022-05-09,Viborg,Vejle,2.0,2.0,1.82,3.61,4.27,1.85,3.74,4.54,Superliga,,20220509_Viborg_Vejle,82.80928455850471,1.32,0.7,5,3,11,7,51.2,48.8,1,1,0,0,5,4
2022-05-11,FC Copenhagen,Silkeborg,2.0,1.0,1.95,3.63,3.67,1.98,3.69,3.87,Superliga,,20220511_FC-Copenhagen_Silkeborg,95.8731024528704,1.31,1.56,5,5,12,12,52.5,47.5,5,2,1,0,5,3
2022-05-11,Randers FC,Aalborg,2.0,2.0,2.34,3.47,2.91,2.44,3.54,2.98,Superliga,,20220511_Randers-FC_Aalborg,-10.838600105396381,1.3,0.3,5,2,11,7,40.0,60.0,0,2,0,0,5,7
2022-05-11,Sonderjyske,Nordsjaelland,1.0,1.0,2.95,3.63,2.25,3.01,3.81,2.28,Superliga,,20220511_Sonderjyske_Nordsjaelland,-77.05721032636393,1.1,1.13,2,5,5,12,47.5,52.5,4,1,0,0,5,6
2022-05-12,Midtjylland,Brondby,2.0,2.0,1.57,4.25,5.41,1.59,4.41,5.72,Superliga,,20220512_Midtjylland_Brondby,102.792167383795,1.39,1.05,4,3,8,7,56.5,43.5,1,3,0,0,6,4
2022-05-12,Odense,Viborg,1.0,1.0,2.32,3.34,3.04,2.43,3.42,3.1,Superliga,,20220512_Odense_Viborg,9.48732717096027,0.49,1.17,2,5,4,11,51.1,48.9,0,1,0,0,2,2
2022-05-12,Vejle,Aarhus,1.0,0.0,2.46,3.24,2.89,2.57,3.3,2.98,Superliga,,20220512_Vejle_Aarhus,-52.81674351511151,0.05,1.0,1,4,1,12,45.6,54.4,0,0,0,0,3,5
2022-05-15,Aalborg,Brondby,1.0,3.0,2.15,3.42,3.32,2.24,3.5,3.39,Superliga,,20220515_Aalborg_Brondby,-28.038640654253186,1.08,0.59,2,3,4,6,54.1,45.9,2,5,1,0,4,4
2022-05-15,Nordsjaelland,Vejle,2.0,1.0,1.93,3.79,3.61,1.88,3.98,3.96,Superliga,,20220515_Nordsjaelland_Vejle,53.61260558240883,1.27,0.84,3,3,8,7,53.7,46.3,0,2,0,0,5,2
2022-05-15,Odense,Sonderjyske,1.0,1.0,1.54,4.26,5.7,1.56,4.36,6.16,Superliga,,20220515_Odense_Sonderjyske,90.75163656006112,0.68,0.5,3,2,8,3,54.6,45.4,1,1,0,0,6,2
2022-05-15,Randers FC,FC Copenhagen,0.0,2.0,3.24,3.66,2.09,3.31,3.77,2.17,Superliga,,20220515_Randers-FC_FC-Copenhagen,-143.55667871340643,0.47,0.68,1,3,1,7,44.1,55.9,1,3,0,0,3,8
2022-05-15,Viborg,Aarhus,1.0,0.0,1.63,3.86,5.37,1.66,3.93,5.87,Superliga,,20220515_Viborg_Aarhus,38.516092368286536,0.99,0.98,3,3,6,8,50.0,50.0,2,1,0,0,1,4
2022-05-16,Silkeborg,Midtjylland,1.0,4.0,2.39,3.72,2.72,2.49,3.79,2.77,Superliga,,20220516_Silkeborg_Midtjylland,-103.87736308802937,0.59,1.12,1,4,1,10,43.7,56.3,3,3,0,0,1,4
2022-05-21,Aarhus,Nordsjaelland,2.0,2.0,2.72,3.67,2.38,2.81,3.9,2.4,Superliga,,20220521_Aarhus_Nordsjaelland,-49.25443504704981,1.83,0.58,6,2,11,4,45.4,54.6,0,1,0,0,9,1
2022-05-21,Sonderjyske,Viborg,0.0,2.0,3.59,3.51,2.02,3.8,3.6,2.05,Superliga,,20220521_Sonderjyske_Viborg,-89.52957384822616,0.68,1.02,2,4,5,11,47.8,52.2,0,2,0,0,4,8
2022-05-21,Vejle,Odense,2.0,1.0,2.78,3.51,2.41,2.9,3.64,2.45,Superliga,,20220521_Vejle_Odense,-79.64214726109776,0.88,0.69,2,2,5,2,40.6,59.4,4,0,1,0,2,3
2022-05-22,Brondby,Silkeborg,2.0,1.0,1.8,3.92,4.04,1.83,4.14,4.12,Superliga,,20220522_Brondby_Silkeborg,27.53474912218644,1.44,0.82,5,3,11,6,51.4,48.6,2,1,0,0,4,7
2022-05-22,FC Copenhagen,Aalborg,3.0,0.0,1.4,5.02,7.06,1.39,5.54,7.49,Superliga,,20220522_FC-Copenhagen_Aalborg,151.8060881621284,2.58,0.65,8,2,19,6,45.5,54.5,3,2,0,0,15,3
2022-05-22,Midtjylland,Randers FC,3.0,2.0,1.7,4.22,4.27,1.74,4.36,4.46,Superliga,,20220522_Midtjylland_Randers-FC,149.84178061795592,1.55,0.61,6,2,16,5,51.1,48.9,2,2,0,0,5,2
2022-05-29,Aalborg,Viborg,1.0,1.0,2.75,3.17,2.63,2.84,3.2,2.76,Superliga,,20220529_Aalborg_Viborg,9.337683887603362,1.38,1.7,3,6,5,12,54.4,45.6,2,4,0,0,2,5
2022-07-15,Midtjylland,Randers FC,1.0,1.0,1.41,4.93,6.85,1.41,5.35,7.25,Superliga,,20220715_Midtjylland_Randers-FC,164.08842314838466,0.45,0.7,1,2,3,4,58.1,41.9,2,1,0,0,1,4
2022-07-17,Brondby,Aarhus,1.0,0.0,1.92,3.3,4.23,1.91,3.43,4.68,Superliga,,20220717_Brondby_Aarhus,144.71234933077108,0.44,1.05,2,3,4,6,52.9,47.1,2,0,0,1,8,1
2022-07-17,FC Copenhagen,Horsens,0.0,1.0,1.36,4.91,8.03,1.39,5.24,8.16,Superliga,,20220717_FC-Copenhagen_Horsens,276.6619596676403,0.67,1.56,1,3,2,7,56.2,43.8,2,3,0,0,6,6
2022-07-17,Lyngby,Silkeborg,2.0,2.0,3.36,3.38,2.14,3.51,3.39,2.23,Superliga,,20220717_Lyngby_Silkeborg,-151.7747989792117,0.7,2.05,2,7,3,16,45.7,54.3,0,1,0,0,2,11
2022-07-17,Viborg,Aalborg,2.0,1.0,2.22,3.46,3.1,2.24,3.59,3.3,Superliga,,20220717_Viborg_Aalborg,-8.692814795762388,2.04,0.94,6,4,13,10,56.7,43.3,2,4,0,0,9,6
2022-07-18,Odense,Nordsjaelland,0.0,2.0,2.32,3.41,2.93,2.43,3.5,3.02,Superliga,,20220718_Odense_Nordsjaelland,-7.309819773136269,0.78,1.45,4,6,9,14,47.0,53.0,2,1,0,0,7,9
2022-07-22,Midtjylland,Silkeborg,1.0,3.0,1.98,3.63,3.56,2.11,3.55,3.67,Superliga,,20220722_Midtjylland_Silkeborg,138.73426374654196,1.92,1.1,4,3,8,6,42.8,57.2,1,2,0,0,5,4
2022-07-24,Aalborg,FC Copenhagen,1.0,3.0,4.27,3.81,1.78,4.53,3.98,1.79,Superliga,,20220724_Aalborg_FC-Copenhagen,-158.61878379167774,1.01,0.89,2,3,4,6,47.4,52.6,0,1,0,0,3,4
2022-07-24,Aarhus,Viborg,3.0,1.0,2.79,3.26,2.53,2.87,3.38,2.61,Superliga,,20220724_Aarhus_Viborg,-87.04560983902729,1.8,1.81,5,6,13,11,51.2,48.8,1,2,0,0,1,8
2022-07-24,Brondby,Nordsjaelland,1.0,3.0,2.36,3.46,2.88,2.46,3.53,2.95,Superliga,,20220724_Brondby_Nordsjaelland,94.36222203745547,1.42,1.4,4,5,9,10,54.2,45.8,1,1,0,0,2,3
2022-07-24,Randers FC,Odense,2.0,2.0,2.1,3.53,3.31,2.17,3.71,3.37,Superliga,,20220724_Randers-FC_Odense,48.532963936832175,0.82,1.16,2,3,4,8,50.9,49.1,1,1,0,0,3,7
2022-07-25,Horsens,Lyngby,1.0,0.0,2.26,3.34,3.1,2.29,3.41,3.33,Superliga,,20220725_Horsens_Lyngby,37.476712590408624,1.02,0.58,3,2,6,3,51.4,48.6,0,1,0,0,3,5
2022-07-29,Odense,Midtjylland,1.0,5.0,3.54,3.6,1.99,3.78,3.72,2.02,Superliga,,20220729_Odense_Midtjylland,-183.8426044533312,0.51,1.45,3,5,6,10,44.7,55.3,1,3,0,1,4,3
2022-07-31,Aalborg,Horsens,0.0,0.0,2.24,3.4,3.09,2.29,3.45,3.32,Superliga,,20220731_Aalborg_Horsens,60.572636659682985,0.92,0.84,3,2,5,5,51.1,48.9,1,1,0,1,5,2
2022-07-31,Aarhus,Randers FC,0.0,0.0,2.37,3.41,2.89,2.35,3.51,3.16,Superliga,,20220731_Aarhus_Randers-FC,-66.01182219698444,0.93,0.27,2,2,4,5,42.8,57.2,0,1,0,0,6,6
2022-07-31,Silkeborg,Brondby,2.0,0.0,1.68,4.04,4.61,1.69,4.17,5.04,Superliga,,20220731_Silkeborg_Brondby,-30.10747781820669,1.29,1.12,4,4,7,10,42.7,57.3,3,2,0,0,5,3
2022-07-31,Viborg,FC Copenhagen,4.0,2.0,4.12,3.63,1.83,4.42,3.76,1.86,Superliga,,20220731_Viborg_FC-Copenhagen,-164.52919506546732,2.04,0.9,7,4,16,9,47.1,52.9,1,2,0,0,5,6
2022-08-01,Nordsjaelland,Lyngby,2.0,1.0,1.91,3.74,3.7,2.0,3.77,3.78,Superliga,,20220801_Nordsjaelland_Lyngby,135.28099517926944,1.95,1.96,7,6,12,12,57.9,42.1,0,2,0,0,7,13
2022-08-05,Lyngby,Midtjylland,3.0,3.0,3.89,3.59,1.89,4.07,3.69,1.95,Superliga,,20220805_Lyngby_Midtjylland,-288.53628629294644,2.11,2.27,6,7,12,16,37.3,62.7,6,2,0,0,7,8
2022-08-05,Randers FC,Horsens,1.0,0.0,2.06,3.51,3.42,2.09,3.7,3.58,Superliga,,20220805_Randers-FC_Horsens,72.94025101510488,0.57,0.64,2,3,6,7,54.1,45.9,1,1,0,0,4,9
2022-08-06,Nordsjaelland,Viborg,1.0,0.0,2.13,3.61,3.15,2.15,3.76,3.37,Superliga,,20220806_Nordsjaelland_Viborg,-1.7674578142705286,1.67,0.25,6,0,13,0,56.4,43.6,3,2,0,0,7,0
2022-08-07,FC Copenhagen,Brondby,4.0,1.0,1.63,4.03,5.02,1.64,4.21,5.44,Superliga,,20220807_FC-Copenhagen_Brondby,88.29896107446257,0.71,1.24,4,3,10,7,56.0,44.0,4,1,1,0,6,3
2022-08-07,Odense,Aarhus,1.0,2.0,3.02,3.34,2.31,3.23,3.34,2.39,Superliga,,20220807_Odense_Aarhus,12.373531617775825,1.19,0.79,5,2,10,5,47.8,52.2,2,3,0,0,1,4
2022-08-08,Silkeborg,Aalborg,3.0,1.0,1.72,3.92,4.42,1.76,3.93,4.86,Superliga,,20220808_Silkeborg_Aalborg,64.81100904209075,2.57,1.44,8,3,19,8,53.0,47.0,1,0,0,0,6,8
2022-08-12,FC Copenhagen,Randers FC,1.0,3.0,1.4,4.96,7.18,1.39,5.28,8.2,Superliga,,20220812_FC-Copenhagen_Randers-FC,140.1301131157229,0.93,1.62,3,5,8,10,55.4,44.6,2,0,0,0,5,5
2022-08-12,Horsens,Midtjylland,3.0,3.0,4.53,3.73,1.74,4.87,3.85,1.77,Superliga,,20220812_Horsens_Midtjylland,-221.3653576130896,0.52,0.35,3,3,6,7,44.0,56.0,2,2,0,0,7,6
2022-08-14,Aalborg,Nordsjaelland,0.0,0.0,2.41,3.54,2.75,2.46,3.73,2.84,Superliga,,20220814_Aalborg_Nordsjaelland,-47.27997117753648,1.12,0.9,4,3,8,7,39.8,60.2,2,1,0,0,3,4
2022-08-14,Brondby,Odense,2.0,0.0,2.02,3.53,3.53,2.08,3.66,3.64,Superliga,,20220814_Brondby_Odense,104.87934749276747,1.28,1.32,3,3,4,6,50.5,49.5,2,1,0,0,4,5
2022-08-14,Viborg,Silkeborg,2.0,0.0,2.81,3.53,2.36,2.93,3.54,2.48,Superliga,,20220814_Viborg_Silkeborg,-59.4599014073076,0.84,0.05,2,2,5,8,48.3,51.7,1,2,0,0,4,3
2022-08-15,Aarhus,Lyngby,1.0,0.0,1.96,3.47,3.77,2.03,3.51,3.99,Superliga,,20220815_Aarhus_Lyngby,84.21196051490415,1.09,1.13,3,2,8,6,53.1,46.9,2,3,0,0,4,6
2022-08-19,Lyngby,FC Copenhagen,0.0,3.0,4.18,3.83,1.79,4.42,3.94,1.82,Superliga,,20220819_Lyngby_FC-Copenhagen,-275.49153635648804,0.05,1.67,1,6,1,14,43.0,57.0,1,1,0,0,2,8
2022-08-20,Midtjylland,Aarhus,0.0,2.0,1.73,3.77,4.58,1.75,3.93,4.87,Superliga,,20220820_Midtjylland_Aarhus,172.08432513107573,0.68,0.89,1,3,4,4,51.0,49.0,1,0,0,0,3,5
2022-08-21,Aalborg,Brondby,2.0,1.0,2.44,3.42,2.81,2.49,3.52,2.93,Superliga,,20220821_Aalborg_Brondby,-76.47754289637828,1.83,1.05,5,2,12,5,38.6,61.4,0,2,0,0,6,1
2022-08-21,Nordsjaelland,Silkeborg,0.0,2.0,2.29,3.56,2.91,2.36,3.68,3.01,Superliga,,20220821_Nordsjaelland_Silkeborg,-24.69440029150519,0.97,1.01,1,4,2,10,56.5,43.5,4,2,0,0,5,7
2022-08-21,Randers FC,Viborg,1.0,0.0,2.17,3.49,3.19,2.2,3.73,3.29,Superliga,,20220821_Randers-FC_Viborg,13.44846943135417,1.47,1.87,4,5,10,11,46.6,53.4,1,2,1,0,3,8
2022-08-22,Odense,Horsens,1.0,0.0,2.37,3.38,2.92,2.52,3.31,3.05,Superliga,,20220822_Odense_Horsens,5.658572896191572,1.1,0.26,4,0,9,0,56.1,43.9,3,0,0,0,3,1
2022-08-26,Horsens,Aarhus,2.0,1.0,2.85,3.21,2.52,2.95,3.2,2.68,Superliga,,20220826_Horsens_Aarhus,-65.07576008244814,1.42,0.65,5,3,13,8,41.3,58.7,0,5,0,0,7,8
2022-08-28,Nordsjaelland,FC Copenhagen,3.0,1.0,3.93,3.64,1.88,4.27,3.77,1.88,Superliga,,20220828_Nordsjaelland_FC-Copenhagen,-128.92152518743137,1.15,0.67,4,1,9,2,48.3,51.7,0,3,0,0,1,4
2022-08-28,Randers FC,Aalborg,1.0,0.0,2.13,3.67,3.13,2.04,3.87,3.57,Superliga,,20220828_Randers-FC_Aalborg,47.72082439101723,0.56,0.7,2,1,4,4,49.0,51.0,0,4,0,1,5,2
2022-08-28,Silkeborg,Odense,1.0,2.0,1.54,4.36,5.49,1.58,4.42,5.73,Superliga,,20220828_Silkeborg_Odense,113.4416589879122,1.91,0.73,7,3,16,4,58.9,41.1,2,1,0,0,8,3
2022-08-28,Viborg,Lyngby,2.0,1.0,1.81,3.65,4.29,1.77,3.78,5.01,Superliga,,20220828_Viborg_Lyngby,147.6434458469903,0.54,1.0,2,2,4,5,55.4,44.6,5,2,1,0,1,4
2022-08-29,Brondby,Midtjylland,0.0,2.0,3.13,3.63,2.15,3.33,3.69,2.19,Superliga,,20220829_Brondby_Midtjylland,-77.44778442964639,0.55,1.32,2,3,4,7,44.6,55.4,1,2,1,0,6,6
2022-09-02,FC Copenhagen,Silkeborg,1.0,0.0,1.83,3.58,4.27,1.85,3.66,4.64,Superliga,,20220902_FC-Copenhagen_Silkeborg,81.45559283530702,0.27,0.7,1,3,3,9,51.7,48.3,1,1,0,0,4,8
2022-09-04,Horsens,Brondby,0.0,2.0,2.79,3.4,2.44,2.86,3.57,2.51,Superliga,,20220904_Horsens_Brondby,-101.12021336222028,0.81,1.03,2,2,4,4,50.7,49.3,3,1,0,0,6,2
2022-09-04,Lyngby,Randers FC,0.0,2.0,2.56,3.47,2.61,2.62,3.62,2.7,Superliga,,20220904_Lyngby_Randers-FC,-201.71233184163316,0.73,1.59,4,5,8,11,40.6,59.4,1,3,0,0,12,6
2022-09-04,Midtjylland,Aalborg,0.0,2.0,1.5,4.53,5.84,1.54,4.68,5.97,Superliga,,20220904_Midtjylland_Aalborg,144.45670697622313,1.37,1.09,4,3,9,7,50.9,49.1,1,0,0,0,5,2
2022-09-04,Odense,Viborg,1.0,2.0,2.98,3.44,2.29,3.09,3.58,2.35,Superliga,,20220904_Odense_Viborg,-50.767490511603455,0.79,1.78,4,5,8,12,39.7,60.3,4,4,0,0,3,3
2022-09-05,Aarhus,Nordsjaelland,2.0,3.0,2.43,3.29,2.9,2.53,3.33,3.02,Superliga,,20220905_Aarhus_Nordsjaelland,-61.122989440823176,0.59,1.13,2,5,4,11,46.5,53.5,1,0,0,0,4,8
2022-09-10,Odense,FC Copenhagen,2.0,1.0,4.69,3.86,1.7,4.79,3.98,1.75,Superliga,,20220910_Odense_FC-Copenhagen,-182.8240578877319,1.2,0.49,2,1,6,1,48.6,51.4,2,1,0,0,7,2
2022-09-11,Aalborg,Lyngby,1.0,1.0,1.9,3.74,3.72,1.96,3.9,3.81,Superliga,,20220911_Aalborg_Lyngby,155.71080484340405,1.04,0.93,2,3,5,8,60.1,39.9,2,2,0,0,2,1
2022-09-11,Brondby,Randers FC,2.0,2.0,2.0,3.61,3.56,2.06,3.76,3.6,Superliga,,20220911_Brondby_Randers-FC,-17.29320649213355,1.66,1.42,5,4,11,9,46.5,53.5,1,2,0,0,7,8
2022-09-11,Nordsjaelland,Midtjylland,1.0,1.0,2.69,3.58,2.44,2.76,3.73,2.52,Superliga,,20220911_Nordsjaelland_Midtjylland,-72.91883314304437,0.19,1.2,1,4,1,7,49.3,50.7,2,2,0,0,2,3
2022-09-11,Silkeborg,Aarhus,1.0,0.0,2.1,3.31,3.53,2.13,3.39,3.78,Superliga,,20220911_Silkeborg_Aarhus,76.74409022249847,1.94,0.48,5,0,13,0,56.4,43.6,1,4,0,0,2,1
2022-09-12,Viborg,Horsens,2.0,1.0,1.7,3.81,4.8,1.72,3.99,5.05,Superliga,,20220912_Viborg_Horsens,100.45983646373793,1.16,0.48,4,1,8,2,56.4,43.6,2,0,0,0,1,4
2022-09-16,Horsens,Nordsjaelland,1.0,0.0,3.02,3.51,2.24,3.15,3.62,2.3,Superliga,,20220916_Horsens_Nordsjaelland,-127.37453197152377,1.35,0.15,3,0,5,0,38.0,62.0,0,3,0,0,3,3
2022-09-17,Aarhus,Aalborg,3.0,1.0,2.1,3.38,3.46,2.13,3.48,3.7,Superliga,,20220917_Aarhus_Aalborg,-47.1936743622482,1.34,0.5,5,2,8,4,44.4,55.6,4,0,0,0,9,4
2022-09-18,Lyngby,Odense,0.0,2.0,2.24,3.53,3.02,2.29,3.76,3.07,Superliga,,20220918_Lyngby_Odense,-119.45877929969356,1.47,0.4,5,2,11,4,47.4,52.6,1,4,0,0,7,5
2022-09-18,Midtjylland,FC Copenhagen,2.0,1.0,2.08,3.49,3.45,2.12,3.55,3.61,Superliga,,20220918_Midtjylland_FC-Copenhagen,-7.503627980544252,0.9,1.15,2,3,3,7,50.5,49.5,2,1,0,0,0,4
2022-09-18,Randers FC,Silkeborg,3.0,2.0,2.54,3.48,2.65,2.6,3.59,2.74,Superliga,,20220918_Randers-FC_Silkeborg,13.561789714470933,1.27,1.45,4,5,10,12,52.5,47.5,3,1,0,0,4,5
2022-09-18,Viborg,Brondby,0.0,0.0,2.33,3.52,2.89,2.45,3.64,2.91,Superliga,,20220918_Viborg_Brondby,-9.83899612304549,0.51,0.05,1,0,1,0,44.9,55.1,1,1,0,0,4,1
2022-09-30,Aalborg,Odense,1.0,1.0,2.25,3.44,3.08,2.3,3.51,3.25,Superliga,,20220930_Aalborg_Odense,4.5131938008973975,1.03,0.65,3,1,7,0,45.6,54.4,5,3,0,0,5,2
2022-10-02,Brondby,Lyngby,3.0,3.0,1.8,3.66,4.37,1.82,3.75,4.68,Superliga,,20221002_Brondby_Lyngby,199.10674107266163,1.79,0.58,4,3,7,7,52.8,47.2,1,0,0,0,6,6
2022-10-02,FC Copenhagen,Aarhus,1.0,0.0,1.82,3.53,4.45,1.83,3.63,4.78,Superliga,,20221002_FC-Copenhagen_Aarhus,142.39651383932937,1.61,0.29,5,1,12,1,53.5,46.5,5,1,0,0,3,1
2022-10-02,Midtjylland,Viborg,1.0,1.0,1.87,3.77,3.87,1.92,3.85,4.04,Superliga,,20221002_Midtjylland_Viborg,89.54092264431574,1.02,1.74,1,6,3,15,48.6,51.4,3,2,0,0,1,5
2022-10-02,Silkeborg,Horsens,2.0,1.0,1.68,3.95,4.76,1.71,4.12,4.96,Superliga,,20221002_Silkeborg_Horsens,102.34014046255265,1.4,0.77,3,2,6,6,57.7,42.3,3,3,0,1,5,4
2022-10-03,Nordsjaelland,Randers FC,3.0,1.0,1.98,3.73,3.52,2.0,3.91,3.65,Superliga,,20221003_Nordsjaelland_Randers-FC,-44.01568054739096,0.89,0.91,3,3,5,4,52.8,47.2,1,3,0,0,4,9
2022-10-07,Lyngby,Viborg,1.0,1.0,3.66,3.65,1.95,3.82,3.72,1.99,Superliga,,20221007_Lyngby_Viborg,-186.7617819873508,0.05,1.22,1,3,2,7,40.2,59.8,2,1,0,0,7,2
2022-10-08,FC Copenhagen,Nordsjaelland,1.0,1.0,2.13,3.57,3.27,2.14,3.66,3.39,Superliga,,20221008_FC-Copenhagen_Nordsjaelland,73.23895836235079,0.75,0.05,2,1,4,2,55.0,45.0,1,2,0,0,4,3
2022-10-09,Aarhus,Midtjylland,0.0,1.0,2.67,3.34,2.59,2.7,3.47,2.67,Superliga,,20221009_Aarhus_Midtjylland,-163.7250575306225,0.05,1.45,0,5,1,11,45.5,54.5,0,3,0,0,5,14
2022-10-09,Odense,Silkeborg,1.0,1.0,3.07,3.4,2.27,3.15,3.48,2.34,Superliga,,20221009_Odense_Silkeborg,-63.34334138592112,0.64,0.71,1,3,2,6,48.1,51.9,2,1,0,0,4,8
2022-10-09,Randers FC,Brondby,2.0,3.0,2.72,3.44,2.5,2.79,3.55,2.55,Superliga,,20221009_Randers-FC_Brondby,20.67038962192214,0.05,1.7,2,7,4,16,48.6,51.4,2,1,0,0,5,11
2022-10-10,Horsens,Aalborg,0.0,0.0,2.02,3.5,3.6,2.04,3.58,3.78,Superliga,,20221010_Horsens_Aalborg,-60.3264468697987,0.76,1.04,4,3,9,8,44.2,55.8,1,1,0,0,5,2
2022-10-14,Lyngby,Aalborg,0.0,2.0,2.32,3.43,2.95,2.33,3.58,3.07,Superliga,,20221014_Lyngby_Aalborg,-125.70688681351953,0.74,2.0,2,6,4,13,47.0,53.0,3,2,0,0,3,8
2022-10-16,Brondby,FC Copenhagen,1.0,1.0,2.61,3.25,2.74,2.67,3.3,2.82,Superliga,,20221016_Brondby_FC-Copenhagen,-61.71214158824978,0.95,1.16,2,4,3,7,44.7,55.3,2,0,0,0,4,5
2022-10-16,Midtjylland,Horsens,2.0,1.0,1.71,3.86,4.7,1.74,3.93,4.84,Superliga,,20221016_Midtjylland_Horsens,201.5806602223381,1.83,0.7,6,3,14,5,55.1,44.9,1,2,0,0,11,1
2022-10-16,Nordsjaelland,Aarhus,1.0,1.0,2.23,3.38,3.2,2.2,3.43,3.47,Superliga,,20221016_Nordsjaelland_Aarhus,93.05964130124562,0.88,0.97,3,2,6,3,55.1,44.9,0,0,0,0,2,3
2022-10-16,Viborg,Odense,0.0,0.0,1.72,3.83,4.58,1.7,4.06,4.96,Superliga,,20221016_Viborg_Odense,49.24252325723069,0.22,0.1,0,0,1,1,51.9,48.1,3,2,0,0,4,3
2022-10-17,Silkeborg,Randers FC,3.0,3.0,1.57,4.24,5.36,1.6,4.33,5.59,Superliga,,20221017_Silkeborg_Randers-FC,-3.999975371768869,0.5,2.05,3,6,6,13,47.1,52.9,1,2,0,0,8,3
2022-10-21,Odense,Lyngby,3.0,1.0,2.08,3.55,3.35,2.14,3.64,3.44,Superliga,,20221021_Odense_Lyngby,135.25998087185803,1.08,0.88,4,2,11,5,55.8,44.2,4,1,1,0,9,5
2022-10-22,FC Copenhagen,Midtjylland,1.0,1.0,2.51,3.3,2.78,2.63,3.33,2.84,Superliga,,20221022_FC-Copenhagen_Midtjylland,-23.706842065633282,0.34,0.66,2,2,3,6,54.5,45.5,2,1,0,0,2,8
2022-10-23,Aarhus,Brondby,2.0,2.0,2.9,3.32,2.42,2.98,3.39,2.48,Superliga,,20221023_Aarhus_Brondby,-98.57079785736687,1.37,1.58,5,5,12,10,43.7,56.3,2,2,0,0,3,8
2022-10-23,Horsens,Silkeborg,3.0,2.0,3.53,3.52,2.03,3.68,3.63,2.06,Superliga,,20221023_Horsens_Silkeborg,-121.10600189159572,0.56,0.42,3,3,5,5,41.6,58.4,0,0,0,0,9,2
2022-10-23,Randers FC,Nordsjaelland,0.0,2.0,2.5,3.54,2.66,2.53,3.6,2.78,Superliga,,20221023_Randers-FC_Nordsjaelland,4.7867866476769905,0.56,0.95,2,2,4,4,48.4,51.6,1,1,0,0,5,5
2022-10-24,Aalborg,Viborg,1.0,3.0,3.04,3.44,2.27,3.07,3.5,2.37,Superliga,,20221024_Aalborg_Viborg,-39.74010934637249,0.97,0.73,3,3,6,9,41.3,58.7,4,0,0,0,4,3
2022-10-28,Nordsjaelland,Horsens,2.0,0.0,1.7,3.83,4.77,1.75,3.84,4.87,Superliga,,20221028_Nordsjaelland_Horsens,116.1869211134233,1.72,1.35,7,4,16,9,52.2,47.8,2,0,0,0,6,5
2022-10-29,Randers FC,FC Copenhagen,0.0,2.0,3.43,3.64,2.02,3.52,3.74,2.07,Superliga,,20221029_Randers-FC_FC-Copenhagen,-77.479608349812,0.05,0.4,0,2,0,5,43.0,57.0,2,3,0,0,3,4
2022-10-30,Brondby,Aalborg,3.0,2.0,1.57,4.01,5.76,1.57,4.19,6.14,Superliga,,20221030_Brondby_Aalborg,69.38509868688129,1.77,0.66,5,3,12,6,50.8,49.2,0,0,0,0,5,3
2022-10-30,Lyngby,Aarhus,0.0,1.0,3.0,3.46,2.29,3.11,3.53,2.34,Superliga,,20221030_Lyngby_Aarhus,-115.74721694638583,0.28,1.75,4,5,9,10,49.9,50.1,1,1,0,0,6,10
2022-10-30,Silkeborg,Viborg,1.0,2.0,2.3,3.42,3.03,2.39,3.49,3.05,Superliga,,20221030_Silkeborg_Viborg,-15.053985355393479,0.82,0.77,2,2,5,5,51.3,48.7,2,1,0,0,8,1
2022-10-31,Midtjylland,Odense,1.0,2.0,1.56,4.22,5.51,1.58,4.31,5.65,Superliga,,20221031_Midtjylland_Odense,141.02316646537906,0.36,1.99,3,6,7,13,51.3,48.7,2,0,0,0,4,13
2022-11-04,Horsens,Randers FC,5.0,1.0,3.51,3.67,1.99,3.55,3.81,2.04,Superliga,,20221104_Horsens_Randers-FC,-95.40586043863982,1.39,0.53,7,1,15,1,51.0,49.0,0,0,0,0,9,3
2022-11-06,Aalborg,Silkeborg,1.0,2.0,2.73,3.52,2.43,2.75,3.65,2.53,Superliga,,20221106_Aalborg_Silkeborg,-44.107387600211496,1.17,1.4,2,4,5,7,53.6,46.4,1,0,0,0,6,2
2022-11-06,FC Copenhagen,Lyngby,3.0,0.0,1.4,4.76,7.48,1.41,4.84,8.04,Superliga,,20221106_FC-Copenhagen_Lyngby,286.8243176362239,0.97,0.7,3,2,5,4,63.9,36.1,4,1,0,0,2,3
2022-11-06,Odense,Brondby,1.0,1.0,2.73,3.44,2.48,2.81,3.56,2.52,Superliga,,20221106_Odense_Brondby,-50.33943219769094,1.02,1.54,4,5,10,10,52.1,47.9,2,2,0,0,12,8
2022-11-06,Viborg,Aarhus,1.0,1.0,2.2,3.32,3.27,2.32,3.33,3.31,Superliga,,20221106_Viborg_Aarhus,86.89706098030842,1.19,0.72,4,2,9,5,55.7,44.3,0,1,0,0,4,3
2022-11-07,Midtjylland,Nordsjaelland,0.0,0.0,2.48,3.34,2.8,2.55,3.42,2.86,Superliga,,20221107_Midtjylland_Nordsjaelland,55.25748545096667,0.05,0.05,0,0,1,0,54.2,45.8,3,3,0,0,3,1
2022-11-12,Silkeborg,Lyngby,0.0,2.0,1.63,4.02,5.03,1.71,3.96,5.03,Superliga,,20221112_Silkeborg_Lyngby,195.26501887017457,0.76,1.72,3,4,7,9,61.0,39.0,1,2,0,0,8,4
2022-11-13,Aarhus,FC Copenhagen,0.0,2.0,3.18,3.26,2.27,3.32,3.33,2.31,Superliga,,20221113_Aarhus_FC-Copenhagen,-155.71220840570095,0.35,1.34,0,5,1,13,41.6,58.4,5,2,0,0,4,8
2022-11-13,Brondby,Viborg,0.0,2.0,2.14,3.48,3.25,2.15,3.64,3.4,Superliga,,20221113_Brondby_Viborg,7.746398987608018,1.38,0.93,4,2,8,3,50.6,49.4,3,3,0,1,5,1
2022-11-13,Horsens,Odense,3.0,3.0,3.2,3.41,2.19,3.42,3.52,2.19,Superliga,,20221113_Horsens_Odense,-66.4331149858217,1.55,0.91,6,3,12,4,54.7,45.3,1,0,0,0,10,7
2022-11-13,Nordsjaelland,Aalborg,5.0,1.0,1.62,3.92,5.29,1.64,4.06,5.51,Superliga,,20221113_Nordsjaelland_Aalborg,103.21881845051189,1.34,1.49,6,3,13,8,60.1,39.9,1,2,0,0,4,2
2022-11-13,Randers FC,Midtjylland,0.0,0.0,2.92,3.49,2.3,3.03,3.63,2.34,Superliga,,20221113_Randers-FC_Midtjylland,-105.62122408939172,0.28,0.61,3,1,5,1,44.7,55.3,2,7,0,0,7,2
2023-02-17,Aalborg,Aarhus,0.0,1.0,2.84,3.14,2.58,2.97,3.17,2.63,Superliga,,20230217_Aalborg_Aarhus,-10.231087394818815,1.15,0.56,2,3,4,6,53.3,46.7,2,3,0,0,1,7
2023-02-19,Brondby,Horsens,5.0,2.0,1.64,3.89,5.23,1.65,3.99,5.53,Superliga,,20230219_Brondby_Horsens,98.78488774623793,1.86,1.18,7,4,16,8,59.6,40.4,1,2,0,0,8,2
2023-02-19,Lyngby,Nordsjaelland,1.0,1.0,4.51,3.73,1.77,4.62,3.85,1.79,Superliga,,20230219_Lyngby_Nordsjaelland,-223.82959777454948,1.01,0.9,4,3,9,6,37.9,62.1,2,1,0,0,5,3
2023-02-19,Odense,Randers FC,0.0,0.0,2.17,3.4,3.33,2.2,3.47,3.44,Superliga,,20230219_Odense_Randers-FC,-4.3497540256225875,1.37,0.05,5,0,9,0,46.7,53.3,2,1,0,0,3,0
2023-02-19,Silkeborg,FC Copenhagen,0.0,3.0,3.21,3.37,2.25,3.3,3.5,2.25,Superliga,,20230219_Silkeborg_FC-Copenhagen,-124.35433436418566,0.49,1.14,1,3,3,5,44.2,55.8,1,1,0,0,2,3
2023-02-20,Viborg,Midtjylland,0.0,4.0,2.39,3.16,3.09,2.47,3.25,3.12,Superliga,,20230220_Viborg_Midtjylland,-49.2173706837948,0.98,2.32,4,8,9,16,55.8,44.2,2,3,0,0,3,8
2023-02-24,Nordsjaelland,Odense,4.0,2.0,1.78,3.79,4.32,1.79,3.94,4.45,Superliga,,20230224_Nordsjaelland_Odense,56.53176039446066,2.26,1.39,8,2,17,6,54.7,45.3,0,0,0,0,4,6
2023-02-26,Aarhus,Silkeborg,1.0,1.0,2.38,3.12,3.18,2.45,3.12,3.28,Superliga,,20230226_Aarhus_Silkeborg,-25.742154314369145,0.57,1.46,1,6,2,15,48.5,51.5,1,0,0,0,4,13
2023-02-26,FC Copenhagen,Aalborg,1.0,0.0,1.39,4.6,8.34,1.41,4.7,8.74,Superliga,,20230226_FC-Copenhagen_Aalborg,199.37989586396816,0.67,0.65,3,2,7,2,49.7,50.3,1,2,1,0,5,8
2023-02-26,Horsens,Viborg,0.0,3.0,3.48,3.35,2.12,3.63,3.37,2.17,Superliga,,20230226_Horsens_Viborg,-113.93928273666279,1.01,2.91,4,10,9,20,46.5,53.5,4,4,1,0,7,11
2023-02-26,Randers FC,Lyngby,1.0,0.0,1.88,3.63,4.0,1.85,3.83,4.26,Superliga,,20230226_Randers-FC_Lyngby,157.72053407048406,1.4,0.72,4,2,8,4,58.8,41.2,5,2,0,0,3,1
2023-02-27,Midtjylland,Brondby,0.0,1.0,2.32,3.44,2.99,2.37,3.54,3.05,Superliga,,20230227_Midtjylland_Brondby,67.6402049874996,0.87,0.78,1,1,2,1,50.0,50.0,3,4,0,0,3,3
2023-03-03,Aarhus,Horsens,2.0,0.0,1.82,3.53,4.37,1.81,3.65,4.76,Superliga,,20230303_Aarhus_Horsens,44.745543595307254,1.22,1.42,4,4,7,9,51.6,48.4,4,3,0,0,2,6
2023-03-05,FC Copenhagen,Odense,7.0,0.0,1.39,4.85,7.51,1.4,5.08,7.96,Superliga,,20230305_FC-Copenhagen_Odense,146.6331284848966,2.12,0.19,7,0,13,0,53.9,46.1,0,4,0,0,9,1
2023-03-05,Lyngby,Brondby,1.0,0.0,4.52,3.87,1.72,4.76,4.01,1.74,Superliga,,20230305_Lyngby_Brondby,-220.28923736103775,0.35,1.34,1,3,2,5,37.1,62.9,1,1,0,0,3,3
2023-03-05,Silkeborg,Nordsjaelland,2.0,1.0,2.53,3.49,2.62,2.52,3.64,2.76,Superliga,,20230305_Silkeborg_Nordsjaelland,-76.81005087961967,1.11,1.23,4,3,8,7,48.6,51.4,1,3,0,1,6,5
2023-03-05,Viborg,Randers FC,2.0,2.0,1.97,3.32,3.94,2.0,3.41,4.13,Superliga,,20230305_Viborg_Randers-FC,40.465089163417815,2.04,1.42,9,5,19,11,48.4,51.6,1,1,0,0,10,8
2023-03-06,Aalborg,Midtjylland,0.0,0.0,3.53,3.24,2.13,3.86,3.39,2.08,Superliga,,20230306_Aalborg_Midtjylland,-173.12041616974534,1.06,1.11,3,3,5,8,49.8,50.2,1,1,0,1,4,10
2023-03-10,Odense,Aalborg,2.0,1.0,2.3,3.42,2.98,2.35,3.49,3.12,Superliga,,20230310_Odense_Aalborg,51.56486518152656,0.66,1.57,2,4,5,8,54.9,45.1,0,3,0,0,1,10
2023-03-12,Brondby,Silkeborg,2.0,1.0,1.93,3.67,3.7,1.97,3.77,3.83,Superliga,,20230312_Brondby_Silkeborg,36.59303251046708,0.95,0.95,2,2,3,6,48.3,51.7,1,6,0,0,6,5
2023-03-12,Horsens,FC Copenhagen,1.0,4.0,9.02,4.86,1.35,9.19,5.12,1.36,Superliga,,20230312_Horsens_FC-Copenhagen,-233.17435226140265,2.09,1.76,4,5,6,10,47.4,52.6,0,2,0,0,8,3
2023-03-12,Midtjylland,Lyngby,1.0,3.0,1.54,4.08,5.96,1.56,4.16,6.3,Superliga,,20230312_Midtjylland_Lyngby,235.0560443492168,1.09,1.74,2,5,4,14,61.5,38.5,1,0,0,0,2,4
2023-03-12,Viborg,Nordsjaelland,1.0,1.0,3.11,3.35,2.28,3.29,3.47,2.27,Superliga,,20230312_Viborg_Nordsjaelland,-1.9644276209580767,0.63,1.47,2,4,4,9,47.6,52.4,1,3,0,0,3,5
2023-03-13,Randers FC,Aarhus,1.0,2.0,2.72,2.94,2.82,2.87,2.89,2.96,Superliga,,20230313_Randers-FC_Aarhus,36.05682383354565,0.05,1.23,1,3,2,7,52.7,47.3,3,0,0,0,2,6
2023-03-19,Aalborg,Randers FC,0.0,1.0,2.49,3.28,2.82,2.61,3.32,2.87,Superliga,,20230319_Aalborg_Randers-FC,-78.17551566033626,0.66,2.11,2,5,6,11,46.3,53.7,1,4,0,0,2,8
2023-03-19,Aarhus,Odense,1.0,0.0,1.82,3.64,4.22,1.84,3.82,4.35,Superliga,,20230319_Aarhus_Odense,-3.4283100818984167,0.05,0.59,1,2,4,6,51.6,48.4,3,0,1,0,3,4
2023-03-19,FC Copenhagen,Viborg,2.0,1.0,1.34,4.98,8.97,1.34,5.28,9.84,Superliga,,20230319_FC-Copenhagen_Viborg,98.66697204677803,1.34,0.61,4,1,8,5,51.2,48.8,0,2,0,0,6,3
2023-03-19,Lyngby,Horsens,1.0,1.0,2.08,3.31,3.59,2.19,3.24,3.71,Superliga,,20230319_Lyngby_Horsens,-28.407418033602653,0.75,0.74,2,3,5,6,41.4,58.6,1,1,0,0,3,4
2023-03-19,Nordsjaelland,Brondby,2.0,1.0,2.15,3.48,3.24,2.17,3.58,3.42,Superliga,,20230319_Nordsjaelland_Brondby,0.1873297842530519,1.35,0.67,4,1,8,1,44.4,55.6,1,4,0,1,5,6
2023-03-19,Silkeborg,Midtjylland,3.0,3.0,2.27,3.58,2.95,2.3,3.68,3.05,Superliga,,20230319_Silkeborg_Midtjylland,-80.48930698277445,1.54,1.52,3,5,6,13,49.7,50.3,2,1,0,0,4,7
2023-03-31,Odense,Midtjylland,1.0,3.0,2.84,3.49,2.38,2.92,3.51,2.46,Superliga,,20230331_Odense_Midtjylland,-90.58110563778246,0.67,2.23,3,5,7,12,48.3,51.7,1,1,0,0,2,5
2023-04-02,Brondby,Viborg,0.0,3.0,2.12,3.45,3.36,2.16,3.56,3.45,Superliga,,20230402_Brondby_Viborg,-1.6712148071035244,0.72,0.54,2,3,2,7,52.4,47.6,2,1,0,0,4,8
2023-04-02,FC Copenhagen,Nordsjaelland,2.0,1.0,1.85,3.64,4.11,1.88,3.67,4.33,Superliga,,20230402_FC-Copenhagen_Nordsjaelland,93.52562459537944,0.59,0.63,2,1,6,4,58.8,41.2,4,0,0,0,4,5
2023-04-02,Horsens,Aalborg,0.0,4.0,2.62,3.16,2.75,2.74,3.23,2.79,Superliga,,20230402_Horsens_Aalborg,-6.917739232231725,0.86,1.46,3,4,5,9,58.6,41.4,1,1,0,0,3,3
2023-04-02,Lyngby,Silkeborg,1.0,1.0,2.48,3.43,2.74,2.47,3.54,2.89,Superliga,,20230402_Lyngby_Silkeborg,-118.17661457163581,0.71,0.99,2,2,3,5,49.0,51.0,2,1,0,0,1,0
2023-04-03,Aarhus,Randers FC,1.0,1.0,1.96,3.33,3.98,2.0,3.34,4.24,Superliga,,20230403_Aarhus_Randers-FC,-6.801180400869725,0.05,1.3,1,4,2,9,47.6,52.4,1,1,0,0,1,4
2023-04-09,Viborg,Aarhus,0.0,1.0,2.49,3.07,3.0,2.58,3.09,3.1,Superliga,,20230409_Viborg_Aarhus,51.47428060523157,1.04,1.27,4,3,8,6,51.0,49.0,1,2,0,0,6,3
2023-04-10,Aalborg,Odense,2.0,3.0,1.81,3.76,4.13,1.9,3.79,4.07,Superliga,,20230410_Aalborg_Odense,-48.55343629531603,1.3,0.64,4,3,8,6,46.1,53.9,1,0,0,0,8,2
2023-04-10,Midtjylland,Lyngby,1.0,0.0,1.57,4.07,5.56,1.56,4.22,6.28,Superliga,,20230410_Midtjylland_Lyngby,198.21251830738947,1.05,1.19,3,3,5,4,55.8,44.2,0,4,0,0,4,6
2023-04-10,Nordsjaelland,Brondby,2.0,1.0,2.08,3.57,3.35,2.13,3.66,3.43,Superliga,,20230410_Nordsjaelland_Brondby,27.271101823307163,1.32,1.82,4,6,10,13,45.1,54.9,2,1,0,0,4,7
2023-04-10,Randers FC,FC Copenhagen,1.0,0.0,6.32,4.22,1.51,6.63,4.36,1.52,Superliga,,20230410_Randers-FC_FC-Copenhagen,-158.07493607209835,1.1,1.16,3,3,7,4,42.6,57.4,1,1,0,0,2,4
2023-04-11,Silkeborg,Horsens,1.0,2.0,1.62,4.04,5.08,1.67,4.08,5.17,Superliga,,20230411_Silkeborg_Horsens,99.5570269770169,0.88,1.75,1,5,4,11,57.7,42.3,1,2,0,0,3,7
2023-04-14,Midtjylland,Aalborg,1.0,1.0,1.67,3.89,4.84,1.68,4.07,5.06,Superliga,,20230414_Midtjylland_Aalborg,173.16056432824507,0.51,1.55,1,4,1,9,56.1,43.9,0,2,1,0,1,6
2023-04-16,Brondby,Aarhus,1.0,0.0,2.2,3.27,3.33,2.26,3.35,3.41,Superliga,,20230416_Brondby_Aarhus,1.0935252369461068,1.37,0.78,2,2,4,5,53.9,46.1,2,0,0,0,4,1
2023-04-16,FC Copenhagen,Viborg,2.0,1.0,1.51,4.32,6.21,1.53,4.35,6.4,Superliga,,20230416_FC-Copenhagen_Viborg,109.5852803995001,1.15,1.09,3,3,8,4,48.5,51.5,0,1,1,0,6,4
2023-04-16,Lyngby,Horsens,2.0,1.0,2.17,3.31,3.36,2.2,3.37,3.53,Superliga,,20230416_Lyngby_Horsens,-31.915864428838177,2.02,0.58,8,2,15,2,46.7,53.3,4,2,0,0,12,3
2023-04-16,Odense,Silkeborg,2.0,0.0,2.46,3.59,2.66,2.52,3.75,2.71,Superliga,,20230416_Odense_Silkeborg,5.117662975859048,0.93,1.16,3,4,8,11,43.2,56.8,1,1,0,0,5,5
2023-04-17,Randers FC,Nordsjaelland,1.0,1.0,3.71,3.54,1.96,3.87,3.64,2.0,Superliga,,20230417_Randers-FC_Nordsjaelland,-40.806427290324564,2.14,0.94,6,1,13,3,46.6,53.4,1,2,0,0,8,2
2023-04-21,Silkeborg,Aalborg,2.0,2.0,2.1,3.71,3.19,2.05,3.85,3.47,Superliga,,20230421_Silkeborg_Aalborg,46.74997154611037,1.31,1.1,4,3,8,7,49.4,50.6,0,1,0,0,6,3
2023-04-23,Aarhus,FC Copenhagen,0.0,0.0,3.55,3.22,2.13,3.72,3.21,2.21,Superliga,,20230423_Aarhus_FC-Copenhagen,-153.8276358031062,0.6,0.92,1,2,1,3,46.0,54.0,0,2,0,0,4,0
2023-04-23,Brondby,Randers FC,0.0,4.0,1.78,3.68,4.38,1.78,3.82,4.68,Superliga,,20230423_Brondby_Randers-FC,1.9745593494567402,0.7,1.14,2,4,4,6,54.2,45.8,1,4,0,0,10,4
2023-04-23,Horsens,Midtjylland,0.0,2.0,4.86,3.91,1.67,5.13,4.03,1.68,Superliga,,20230423_Horsens_Midtjylland,-185.48818036278772,0.05,1.09,1,3,4,8,48.8,51.2,1,1,0,0,3,3
2023-04-23,Viborg,Nordsjaelland,1.0,0.0,2.73,3.39,2.51,2.74,3.37,2.7,Superliga,,20230423_Viborg_Nordsjaelland,-33.47312533326408,0.63,0.45,2,0,5,0,46.9,53.1,0,1,0,0,4,3
2023-04-24,Odense,Lyngby,2.0,2.0,2.1,3.57,3.29,2.11,3.68,3.48,Superliga,,20230424_Odense_Lyngby,104.61965302459589,1.15,0.68,5,2,11,5,52.4,47.6,2,1,0,1,4,3
2023-04-28,Horsens,Odense,2.0,2.0,2.59,3.5,2.56,2.65,3.56,2.67,Superliga,,20230428_Horsens_Odense,-101.53415837414718,1.21,1.75,4,5,8,9,49.2,50.8,4,2,0,0,7,3
2023-04-30,Aalborg,Lyngby,1.0,0.0,1.74,3.81,4.46,1.76,3.96,4.67,Superliga,,20230430_Aalborg_Lyngby,27.202478443681684,0.45,1.09,2,3,4,6,51.9,48.1,0,0,0,0,3,2
2023-04-30,FC Copenhagen,Brondby,0.0,1.0,1.52,4.38,5.88,1.55,4.45,6.26,Superliga,,20230430_FC-Copenhagen_Brondby,135.88677554530273,1.27,1.04,3,2,8,4,49.5,50.5,2,0,0,0,6,5
2023-04-30,Nordsjaelland,Aarhus,0.0,1.0,2.17,3.26,3.42,2.26,3.23,3.55,Superliga,,20230430_Nordsjaelland_Aarhus,42.900309636070915,1.16,0.88,4,4,9,9,52.1,47.9,2,4,0,0,5,8
2023-04-30,Viborg,Randers FC,3.0,1.0,1.93,3.49,3.94,1.92,3.58,4.27,Superliga,,20230430_Viborg_Randers-FC,5.611742962204744,1.81,1.27,6,5,15,10,54.6,45.4,4,2,0,0,6,6
2023-05-01,Midtjylland,Silkeborg,3.0,0.0,1.63,4.06,4.94,1.65,4.09,5.17,Superliga,,20230501_Midtjylland_Silkeborg,123.09500974142566,1.95,0.77,6,3,13,8,53.6,46.4,4,2,0,0,7,5
2023-05-07,Aalborg,Horsens,4.0,0.0,1.63,4.01,5.11,1.66,4.11,5.26,Superliga,,20230507_Aalborg_Horsens,38.785113453903705,1.25,0.55,4,0,9,1,45.7,54.3,1,3,0,0,3,2
2023-05-07,Aarhus,Viborg,3.0,0.0,2.22,3.1,3.5,2.23,3.15,3.75,Superliga,,20230507_Aarhus_Viborg,-34.06425291155119,1.67,0.22,4,1,8,4,47.6,52.4,0,1,0,0,4,3
2023-05-07,Lyngby,Midtjylland,2.0,1.0,3.88,3.37,1.98,4.03,3.39,2.04,Superliga,,20230507_Lyngby_Midtjylland,-212.81765238221465,1.4,0.24,5,1,10,3,47.1,52.9,2,3,0,0,5,3
2023-05-07,Randers FC,Brondby,1.0,3.0,2.53,3.45,2.66,2.61,3.52,2.73,Superliga,,20230507_Randers-FC_Brondby,-6.112195267428888,1.28,2.52,2,9,5,20,46.1,53.9,1,2,0,1,3,6
2023-05-07,Silkeborg,Odense,0.0,1.0,2.05,3.76,3.26,2.05,3.96,3.4,Superliga,,20230507_Silkeborg_Odense,-31.36865520752508,1.02,0.96,2,3,5,6,49.2,50.8,1,2,0,0,5,7
2023-05-08,Nordsjaelland,FC Copenhagen,3.0,2.0,3.09,3.49,2.23,3.22,3.51,2.29,Superliga,,20230508_Nordsjaelland_FC-Copenhagen,-97.95158565071893,1.71,1.04,6,3,13,5,52.3,47.7,1,1,0,1,5,3
2023-05-12,Odense,Aalborg,1.0,1.0,2.67,3.59,2.45,2.79,3.62,2.5,Superliga,,20230512_Odense_Aalborg,56.18193929376048,1.11,1.39,3,4,6,8,49.4,50.6,1,1,0,0,8,6
2023-05-14,Aarhus,Nordsjaelland,1.0,1.0,2.42,3.21,2.98,2.51,3.19,3.12,Superliga,,20230514_Aarhus_Nordsjaelland,-18.075303736457045,0.16,1.23,1,4,3,10,52.9,47.1,0,3,0,0,3,6
2023-05-14,Brondby,FC Copenhagen,1.0,3.0,3.37,3.65,2.05,3.41,3.81,2.09,Superliga,,20230514_Brondby_FC-Copenhagen,-75.86593029677101,0.15,0.74,1,3,1,5,49.1,50.9,5,2,0,0,4,7
2023-05-14,Midtjylland,Horsens,3.0,1.0,1.34,5.11,8.79,1.33,5.47,9.54,Superliga,,20230514_Midtjylland_Horsens,194.39054632416105,1.49,0.88,6,1,14,3,52.9,47.1,3,1,0,1,6,1
2023-05-14,Silkeborg,Lyngby,1.0,0.0,1.93,3.6,3.81,1.92,3.78,4.04,Superliga,,20230514_Silkeborg_Lyngby,44.41652195967936,0.87,0.07,3,1,6,2,48.2,51.8,1,1,0,0,4,2
2023-05-15,Randers FC,Viborg,0.0,2.0,3.3,3.64,2.09,3.63,3.72,2.04,Superliga,,20230515_Randers-FC_Viborg,-27.84026310791978,1.26,2.24,4,9,7,20,51.5,48.5,1,2,0,0,5,10
2023-05-19,Horsens,Silkeborg,0.0,1.0,3.28,3.47,2.14,3.43,3.53,2.18,Superliga,,20230519_Horsens_Silkeborg,-79.47421788955558,0.59,0.62,3,3,6,4,46.6,53.4,2,0,1,0,5,3
2023-05-21,Aalborg,Midtjylland,0.0,2.0,2.82,3.36,2.44,2.89,3.44,2.52,Superliga,,20230521_Aalborg_Midtjylland,-138.25853747128826,0.84,1.78,3,5,8,10,49.7,50.3,1,0,0,0,4,6
2023-05-21,FC Copenhagen,Aarhus,4.0,3.0,2.14,3.27,3.53,2.2,3.24,3.71,Superliga,,20230521_FC-Copenhagen_Aarhus,94.2311936845183,1.92,1.37,7,5,16,12,52.9,47.1,4,3,0,0,8,9
2023-05-21,Lyngby,Odense,0.0,4.0,2.11,3.76,3.13,2.13,3.82,3.31,Superliga,,20230521_Lyngby_Odense,-106.17466948530978,0.74,2.18,1,6,3,14,47.0,53.0,2,8,0,0,2,7
2023-05-21,Viborg,Brondby,1.0,1.0,1.72,3.87,4.53,1.76,3.93,4.71,Superliga,,20230521_Viborg_Brondby,18.61127468088125,0.05,1.07,1,2,4,5,53.6,46.4,1,0,0,0,1,2
2023-05-22,Nordsjaelland,Randers FC,3.0,1.0,1.33,5.59,7.85,1.34,5.91,8.03,Superliga,,20230522_Nordsjaelland_Randers-FC,48.61362609221305,1.16,1.43,3,3,4,6,50.9,49.1,1,2,0,0,6,5
2023-05-26,Odense,Horsens,2.0,1.0,1.78,4.04,4.0,1.82,4.13,4.09,Superliga,,20230526_Odense_Horsens,138.0288002054408,0.59,0.16,2,1,5,2,56.1,43.9,0,1,0,0,7,5
2023-05-29,Brondby,Nordsjaelland,5.0,1.0,3.58,3.77,1.95,3.65,3.79,2.01,Superliga,,20230529_Brondby_Nordsjaelland,-26.993290022752944,2.12,0.49,6,3,13,6,50.2,49.8,1,2,0,0,4,6
2023-05-29,Lyngby,Aalborg,2.0,1.0,3.26,3.48,2.13,3.45,3.52,2.17,Superliga,,20230529_Lyngby_Aalborg,-54.821288963692496,0.46,0.05,2,1,3,1,54.0,46.0,2,4,1,0,2,2
2023-05-29,Silkeborg,Midtjylland,3.0,3.0,3.86,3.75,1.87,4.0,3.97,1.92,Superliga,,20230529_Silkeborg_Midtjylland,-124.89358605036227,1.23,2.09,5,8,9,16,45.0,55.0,0,0,0,0,4,11
2023-05-29,Viborg,FC Copenhagen,1.0,2.0,2.86,3.47,2.36,2.92,3.53,2.46,Superliga,,20230529_Viborg_FC-Copenhagen,-85.56084660239321,0.53,1.64,2,5,8,12,45.5,54.5,2,0,0,0,1,8
2023-05-30,Randers FC,Aarhus,1.0,3.0,5.6,4.01,1.58,5.85,4.16,1.6,Superliga,,20230530_Randers-FC_Aarhus,-33.29471904328102,0.96,1.08,1,3,1,6,50.6,49.4,1,2,0,0,1,5
2023-06-03,Aalborg,Silkeborg,0.0,1.0,1.88,3.89,3.73,1.93,4.01,3.75,Superliga,,20230603_Aalborg_Silkeborg,-46.3034054140619,0.05,0.44,0,1,0,2,48.3,51.7,4,3,1,0,1,3
2023-06-03,Horsens,Lyngby,0.0,0.0,2.47,3.57,2.66,2.54,3.7,2.7,Superliga,,20230603_Horsens_Lyngby,-36.31480523577147,1.4,0.05,4,0,8,2,47.6,52.4,3,2,0,0,8,4
2023-06-03,Midtjylland,Odense,4.0,2.0,1.76,4.28,3.92,1.81,4.41,3.9,Superliga,,20230603_Midtjylland_Odense,73.3373336751074,1.4,1.49,4,5,9,10,51.0,49.0,1,2,0,0,8,5
2023-06-04,Aarhus,Brondby,3.0,3.0,1.65,4.04,4.86,1.7,4.11,4.88,Superliga,,20230604_Aarhus_Brondby,-11.066146837225688,2.3,1.44,7,5,16,11,57.3,42.7,0,1,0,0,9,8
2023-06-04,FC Copenhagen,Randers FC,1.0,1.0,1.24,6.73,9.73,1.23,7.27,10.75,Superliga,,20230604_FC-Copenhagen_Randers-FC,165.12840532650262,0.8,0.95,4,5,9,10,56.8,43.2,3,1,0,0,8,6
2023-06-04,Nordsjaelland,Viborg,0.0,0.0,2.17,3.9,2.91,2.26,4.07,2.9,Superliga,,20230604_Nordsjaelland_Viborg,5.8391227096722105,0.6,0.49,3,0,7,0,57.3,42.7,0,2,0,0,2,1
2023-06-09,Viborg,Midtjylland,0.0,1.0,2.7,3.49,2.47,2.73,3.54,2.6,Superliga,,20230609_Viborg_Midtjylland,-50.347195459689374,0.93,1.19,2,4,4,9,53.1,46.9,3,2,0,0,3,2
2023-07-21,Midtjylland,Hvidovre IF,1.0,0.0,1.31,5.36,9.21,1.32,5.64,9.53,Superliga,,20230721_Midtjylland_Hvidovre-IF,133.05079848048376,0.89,0.84,4,1,8,2,62.9,37.1,1,1,0,0,0,2
2023-07-22,Lyngby,FC Copenhagen,1.0,2.0,4.97,3.86,1.67,5.18,3.87,1.71,Superliga,,20230722_Lyngby_FC-Copenhagen,-248.65105701618768,0.89,1.29,2,4,2,8,46.2,53.8,0,1,0,0,4,4
2023-07-23,Aarhus,Vejle,1.0,0.0,1.67,3.61,5.5,1.65,3.76,6.06,Superliga,,20230723_Aarhus_Vejle,122.35121936059818,1.42,0.94,4,3,9,8,50.3,49.7,2,2,0,0,8,7
2023-07-23,Odense,Randers FC,2.0,2.0,1.96,3.69,3.59,2.0,3.77,3.72,Superliga,,20230723_Odense_Randers-FC,14.25535793963877,2.02,1.07,6,4,14,8,52.7,47.3,2,3,0,0,6,7
2023-07-23,Silkeborg,Brondby,1.0,2.0,2.51,3.43,2.71,2.55,3.55,2.79,Superliga,,20230723_Silkeborg_Brondby,-69.48922588896335,1.36,1.91,4,5,9,10,45.2,54.8,2,0,0,0,6,5
2023-07-24,Nordsjaelland,Viborg,4.0,1.0,1.82,3.8,4.11,1.83,3.69,4.55,Superliga,,20230724_Nordsjaelland_Viborg,15.7089484969772,2.3,2.35,5,7,12,14,48.6,51.4,3,2,0,0,4,4
2023-07-28,Viborg,Lyngby,2.0,2.0,1.93,3.47,3.94,1.95,3.51,4.2,Superliga,,20230728_Viborg_Lyngby,133.2933748814096,1.14,1.67,2,6,4,14,48.5,51.5,2,4,0,0,4,5
2023-07-29,Vejle,FC Copenhagen,2.0,3.0,4.76,3.84,1.7,4.85,3.91,1.74,Superliga,,20230729_Vejle_FC-Copenhagen,-239.35617672290255,0.87,0.61,2,3,4,5,52.8,47.2,2,1,0,0,2,3
2023-07-30,Brondby,Odense,1.0,2.0,1.68,4.21,4.43,1.68,4.47,4.6,Superliga,,20230730_Brondby_Odense,56.24459032154482,1.43,1.31,5,4,12,8,55.1,44.9,2,1,0,0,8,5
2023-07-30,Midtjylland,Silkeborg,2.0,0.0,1.85,3.74,3.96,1.88,3.84,4.14,Superliga,,20230730_Midtjylland_Silkeborg,143.23479662813793,2.16,0.51,9,2,20,3,51.8,48.2,0,1,0,0,6,6
2023-07-30,Randers FC,Hvidovre IF,2.0,2.0,1.72,3.85,4.61,1.75,4.0,4.67,Superliga,,20230730_Randers-FC_Hvidovre-IF,24.285885301207145,0.94,0.83,2,2,8,3,58.7,41.3,1,2,0,0,5,4
2023-07-31,Aarhus,Nordsjaelland,1.0,3.0,2.57,3.24,2.78,2.58,3.21,2.99,Superliga,,20230731_Aarhus_Nordsjaelland,-15.132036693005148,1.94,1.6,6,5,12,10,53.8,46.2,3,1,0,0,10,9
2023-08-04,Silkeborg,Vejle,2.0,1.0,1.74,3.82,4.48,1.77,3.91,4.63,Superliga,,20230804_Silkeborg_Vejle,58.990361792538806,1.51,1.83,4,6,8,14,51.0,49.0,0,1,0,0,10,7
2023-08-05,FC Copenhagen,Randers FC,4.0,0.0,1.48,4.6,5.96,1.49,4.93,6.33,Superliga,,20230805_FC-Copenhagen_Randers-FC,164.31671808440228,1.74,0.63,8,2,18,5,53.9,46.1,4,1,0,0,14,1
2023-08-06,Hvidovre IF,Aarhus,0.0,2.0,4.34,3.68,1.79,4.95,3.8,1.75,Superliga,,20230806_Hvidovre-IF_Aarhus,-69.49369691998845,0.57,1.55,2,7,5,17,48.1,51.9,2,2,0,0,4,7
2023-08-06,Lyngby,Midtjylland,4.0,1.0,3.08,3.29,2.32,3.15,3.32,2.41,Superliga,,20230806_Lyngby_Midtjylland,-226.18626546610267,1.59,1.42,5,4,11,7,42.8,57.2,3,2,0,0,4,9
2023-08-06,Nordsjaelland,Brondby,3.0,1.0,1.77,4.01,4.06,1.79,4.14,4.25,Superliga,,20230806_Nordsjaelland_Brondby,28.542716169611367,1.48,1.77,3,5,5,13,48.8,51.2,4,0,0,1,6,5
2023-08-07,Odense,Viborg,1.0,2.0,2.36,3.43,2.88,2.45,3.5,2.95,Superliga,,20230807_Odense_Viborg,-2.4429474189298617,1.59,0.96,5,4,10,8,47.6,52.4,1,0,0,0,7,4
2023-08-11,FC Copenhagen,Odense,2.0,1.0,1.39,5.05,7.15,1.41,5.2,7.32,Superliga,,20230811_FC-Copenhagen_Odense,154.91101600436627,0.33,2.15,3,6,8,14,53.1,46.9,1,2,0,1,9,7
2023-08-13,Aarhus,Silkeborg,2.0,2.0,2.05,3.39,3.62,2.12,3.4,3.72,Superliga,,20230813_Aarhus_Silkeborg,72.24622459995157,0.34,0.89,4,3,8,8,55.9,44.1,4,0,0,0,5,6
2023-08-13,Brondby,Lyngby,3.0,0.0,1.81,3.81,4.07,1.83,4.07,4.12,Superliga,,20230813_Brondby_Lyngby,120.57780315356626,1.08,0.05,3,0,8,0,53.6,46.4,2,3,0,0,2,2
2023-08-13,Randers FC,Nordsjaelland,0.0,5.0,3.6,3.76,1.93,3.79,3.86,1.95,Superliga,,20230813_Randers-FC_Nordsjaelland,-102.69961315656997,0.4,0.98,1,5,2,10,42.3,57.7,2,0,0,0,5,2
2023-08-13,Vejle,Midtjylland,1.0,2.0,2.99,3.37,2.34,3.18,3.46,2.32,Superliga,,20230813_Vejle_Midtjylland,-207.96939611509788,0.98,1.02,4,4,9,12,47.5,52.5,1,1,0,0,1,7
2023-08-14,Viborg,Hvidovre IF,0.0,0.0,1.4,4.84,7.25,1.41,5.02,7.71,Superliga,,20230814_Viborg_Hvidovre-IF,74.63530453709177,1.21,0.55,4,2,8,3,54.8,45.2,3,2,1,0,3,3
2023-08-18,Hvidovre IF,FC Copenhagen,0.0,2.0,5.06,4.07,1.63,5.14,4.09,1.67,Superliga,,20230818_Hvidovre-IF_FC-Copenhagen,-207.7112687309682,0.87,1.11,2,3,3,7,44.8,55.2,1,1,0,0,0,4
2023-08-20,Lyngby,Randers FC,1.0,0.0,2.24,3.42,3.11,2.32,3.52,3.15,Superliga,,20230820_Lyngby_Randers-FC,-67.89587533804752,0.36,0.96,2,4,3,9,46.7,53.3,0,3,0,0,3,8
2023-08-20,Midtjylland,Brondby,0.0,1.0,2.21,3.45,3.14,2.25,3.58,3.24,Superliga,,20230820_Midtjylland_Brondby,65.44456576674133,1.13,1.57,6,4,12,11,47.7,52.3,1,3,0,0,8,7
2023-08-20,Odense,Aarhus,1.0,1.0,3.07,3.39,2.27,3.2,3.51,2.29,Superliga,,20230820_Odense_Aarhus,-44.91322663558594,0.05,0.34,1,1,3,3,54.4,45.6,1,1,0,0,1,3
2023-08-20,Silkeborg,Nordsjaelland,2.0,0.0,2.96,3.67,2.22,2.95,3.75,2.34,Superliga,,20230820_Silkeborg_Nordsjaelland,-117.81150283541706,1.36,0.89,3,2,7,7,45.8,54.2,0,4,0,0,6,4
2023-08-21,Viborg,Vejle,2.0,1.0,1.72,3.9,4.52,1.75,4.05,4.56,Superliga,,20230821_Viborg_Vejle,140.1080664610738,1.32,0.87,5,2,10,4,57.8,42.2,2,3,0,0,8,3
2023-08-25,Randers FC,Viborg,1.0,0.0,3.16,3.52,2.19,3.36,3.53,2.21,Superliga,,20230825_Randers-FC_Viborg,-76.8427585665122,1.26,1.32,4,4,8,7,42.1,57.9,3,1,0,1,5,5
2023-08-26,FC Copenhagen,Silkeborg,1.0,3.0,1.69,4.05,4.6,1.72,4.07,4.73,Superliga,,20230826_FC-Copenhagen_Silkeborg,180.9340744385886,0.83,0.79,1,4,1,7,62.1,37.9,2,1,0,0,1,2
2023-08-27,Aarhus,Lyngby,1.0,0.0,1.72,3.69,4.87,1.72,3.85,5.07,Superliga,,20230827_Aarhus_Lyngby,121.3574311409368,1.39,0.72,4,3,9,7,59.3,40.7,1,1,0,1,3,6
2023-08-27,Hvidovre IF,Odense,1.0,5.0,3.18,3.69,2.12,3.24,3.73,2.19,Superliga,,20230827_Hvidovre-IF_Odense,-45.9607310058434,0.75,1.52,3,6,5,13,53.1,46.9,2,2,0,0,3,4
2023-08-27,Nordsjaelland,Midtjylland,3.0,0.0,1.65,4.07,4.89,1.65,4.21,5.15,Superliga,,20230827_Nordsjaelland_Midtjylland,-15.997241411693722,2.08,1.76,7,4,15,5,40.5,59.5,1,4,0,0,12,1
2023-08-28,Vejle,Brondby,0.0,1.0,3.71,3.51,1.99,4.05,3.53,1.98,Superliga,,20230828_Vejle_Brondby,-175.30100260420363,1.24,1.5,3,5,5,10,37.0,63.0,0,1,0,0,2,6
2023-09-01,Odense,Vejle,1.0,2.0,1.94,3.59,3.8,1.96,3.67,3.97,Superliga,,20230901_Odense_Vejle,135.17798220927648,0.05,1.32,1,4,2,8,56.2,43.8,2,0,0,1,3,9
2023-09-03,Brondby,Randers FC,3.0,1.0,1.62,3.91,5.47,1.62,3.94,6.02,Superliga,,20230903_Brondby_Randers-FC,89.02147306246184,1.98,0.45,7,1,15,0,50.5,49.5,1,3,0,0,10,5
2023-09-03,FC Copenhagen,Viborg,2.0,0.0,1.67,4.08,4.76,1.7,4.14,4.78,Superliga,,20230903_FC-Copenhagen_Viborg,133.19251475683132,1.16,0.12,4,0,10,0,58.5,41.5,3,3,0,1,5,2
2023-09-03,Lyngby,Nordsjaelland,1.0,1.0,4.41,3.75,1.78,4.6,3.9,1.78,Superliga,,20230903_Lyngby_Nordsjaelland,-177.98843028312535,1.4,0.93,3,3,7,7,36.8,63.2,2,2,1,0,4,4
2023-09-03,Midtjylland,Aarhus,1.0,1.0,2.68,3.05,2.8,2.79,3.11,2.84,Superliga,,20230903_Midtjylland_Aarhus,31.58196948891691,0.71,0.06,1,1,3,4,50.6,49.4,2,5,0,0,5,2
2023-09-03,Silkeborg,Hvidovre IF,1.0,0.0,1.4,4.91,7.37,1.43,4.99,7.77,Superliga,,20230903_Silkeborg_Hvidovre-IF,66.08621513749904,0.58,1.72,2,3,5,6,60.3,39.7,0,3,0,0,8,3
2023-09-15,Viborg,Midtjylland,2.0,2.0,2.77,3.4,2.49,2.97,3.45,2.46,Superliga,,20230915_Viborg_Midtjylland,-65.93939353354517,1.36,1.65,4,5,7,10,46.1,53.9,1,1,0,0,6,6
2023-09-16,Nordsjaelland,FC Copenhagen,2.0,2.0,2.16,3.78,3.08,2.15,3.89,3.2,Superliga,,20230916_Nordsjaelland_FC-Copenhagen,-77.9441309144529,1.19,1.08,5,4,10,9,50.5,49.5,1,4,0,0,5,6
2023-09-17,Aarhus,Brondby,0.0,3.0,2.42,3.16,3.04,2.52,3.17,3.11,Superliga,,20230917_Aarhus_Brondby,-21.472313597893844,1.15,2.27,5,9,12,20,49.3,50.7,1,1,0,0,0,6
2023-09-17,Hvidovre IF,Lyngby,0.0,1.0,3.18,3.45,2.2,3.36,3.5,2.22,Superliga,,20230917_Hvidovre-IF_Lyngby,15.712688726782972,1.65,1.21,5,5,10,9,54.2,45.8,0,2,0,0,5,4
2023-09-17,Vejle,Randers FC,1.0,2.0,2.3,3.22,3.21,2.36,3.2,3.38,Superliga,,20230917_Vejle_Randers-FC,-73.66528349846226,0.13,0.41,1,2,2,5,51.7,48.3,2,3,0,0,5,0
2023-09-18,Odense,Silkeborg,0.0,3.0,2.93,3.64,2.27,3.03,3.73,2.29,Superliga,,20230918_Odense_Silkeborg,-25.473281070177563,2.04,1.95,7,5,16,10,55.8,44.2,1,2,0,0,2,7
2023-09-22,Lyngby,Vejle,1.0,1.0,2.03,3.39,3.71,2.05,3.41,3.94,Superliga,,20230922_Lyngby_Vejle,48.505165397776864,1.22,1.72,2,4,5,9,57.2,42.8,1,0,0,0,2,7
2023-09-24,Brondby,FC Copenhagen,2.0,3.0,2.81,3.48,2.43,2.89,3.52,2.48,Superliga,,20230924_Brondby_FC-Copenhagen,-76.50512151095859,1.87,1.55,6,6,13,11,48.9,51.1,1,0,0,0,5,9
2023-09-24,Midtjylland,Odense,2.0,1.0,1.61,4.12,5.19,1.63,4.26,5.35,Superliga,,20230924_Midtjylland_Odense,95.18927417710074,1.86,2.1,5,7,12,15,45.6,54.4,3,3,0,0,4,7
2023-09-24,Randers FC,Aarhus,1.0,1.0,3.31,3.1,2.32,3.36,3.11,2.41,Superliga,,20230924_Randers-FC_Aarhus,-64.77844288689516,0.86,1.17,4,2,8,7,40.5,59.5,1,2,0,0,5,1
2023-09-24,Silkeborg,Viborg,2.0,0.0,1.95,3.71,3.67,1.95,3.84,3.83,Superliga,,20230924_Silkeborg_Viborg,13.965895400726822,1.71,1.03,6,3,10,8,50.6,49.4,2,1,0,1,9,6
2023-09-25,Nordsjaelland,Hvidovre IF,0.0,0.0,1.24,6.47,10.32,1.27,6.3,9.95,Superliga,,20230925_Nordsjaelland_Hvidovre-IF,166.1443954421593,0.9,0.05,4,1,9,2,58.3,41.7,4,0,0,0,7,6
2023-09-30,FC Copenhagen,Midtjylland,0.0,2.0,1.96,3.63,3.73,1.98,3.75,3.81,Superliga,,20230930_FC-Copenhagen_Midtjylland,82.68826492297444,1.11,1.27,3,3,7,6,49.7,50.3,0,0,0,0,3,3
2023-10-01,Hvidovre IF,Brondby,0.0,3.0,6.92,4.81,1.43,7.69,5.03,1.41,Superliga,,20231001_Hvidovre-IF_Brondby,-147.55062751602782,0.75,0.87,2,3,5,8,38.9,61.1,1,3,0,0,5,5
2023-10-01,Randers FC,Silkeborg,1.0,0.0,3.23,3.43,2.2,3.32,3.42,2.27,Superliga,,20231001_Randers-FC_Silkeborg,-65.02721968444007,0.3,1.09,2,3,4,5,40.2,59.8,1,0,0,0,4,6
2023-10-01,Vejle,Nordsjaelland,0.0,0.0,5.05,3.91,1.66,5.5,4.07,1.64,Superliga,,20231001_Vejle_Nordsjaelland,-198.27545584722566,0.34,0.56,1,2,2,4,47.7,52.3,1,2,0,0,3,7
2023-10-01,Viborg,Aarhus,2.0,1.0,2.68,3.1,2.77,2.72,3.11,2.91,Superliga,,20231001_Viborg_Aarhus,-32.32931187405211,0.23,1.1,2,4,5,10,56.2,43.8,0,2,0,0,1,5
2023-10-02,Odense,Lyngby,1.0,2.0,2.33,3.43,2.97,2.44,3.48,2.97,Superliga,,20231002_Odense_Lyngby,45.02309914259763,1.06,1.39,3,5,5,12,55.4,44.6,2,2,0,0,2,7
2023-10-06,Silkeborg,Lyngby,5.0,0.0,1.76,3.9,4.31,1.82,3.87,4.39,Superliga,,20231006_Silkeborg_Lyngby,85.28343954397997,0.78,1.5,5,5,11,11,54.3,45.7,1,0,0,0,9,5
2023-10-08,Aarhus,FC Copenhagen,1.0,1.0,3.25,3.23,2.25,3.4,3.27,2.31,Superliga,,20231008_Aarhus_FC-Copenhagen,-130.41754589498305,1.5,0.15,5,1,11,2,47.6,52.4,1,3,0,0,4,2
2023-10-08,Brondby,Viborg,1.0,0.0,1.54,4.37,5.56,1.55,4.52,5.88,Superliga,,20231008_Brondby_Viborg,63.20871101261241,1.24,0.27,4,1,10,3,61.1,38.9,3,0,0,0,5,2
2023-10-08,Midtjylland,Randers FC,2.0,2.0,1.57,4.05,5.73,1.6,4.17,5.74,Superliga,,20231008_Midtjylland_Randers-FC,110.35707394756014,0.66,1.77,2,4,4,10,53.5,46.5,2,3,0,0,1,6
2023-10-08,Nordsjaelland,Odense,0.0,1.0,1.32,5.55,8.29,1.32,5.91,8.98,Superliga,,20231008_Nordsjaelland_Odense,115.43228033256605,1.19,0.05,5,1,10,3,54.9,45.1,3,4,1,0,4,2
2023-10-08,Vejle,Hvidovre IF,3.0,1.0,1.83,3.58,4.27,1.86,3.66,4.44,Superliga,,20231008_Vejle_Hvidovre-IF,-29.426433028278552,1.0,1.27,3,3,6,6,48.0,52.0,2,1,0,0,6,6
2023-10-20,Hvidovre IF,Silkeborg,1.0,2.0,4.89,3.85,1.69,5.14,3.87,1.71,Superliga,,20231020_Hvidovre-IF_Silkeborg,-130.5153377444842,0.79,1.14,3,5,7,12,43.5,56.5,2,4,0,1,5,5
2023-10-21,FC Copenhagen,Vejle,2.0,1.0,1.31,5.43,9.05,1.32,5.74,10.41,Superliga,,20231021_FC-Copenhagen_Vejle,247.34941808834583,2.03,0.76,7,3,13,6,56.4,43.6,1,1,1,0,8,6
2023-10-22,Lyngby,Aarhus,0.0,2.0,3.25,3.31,2.23,3.4,3.31,2.28,Superliga,,20231022_Lyngby_Aarhus,-95.13412139691422,0.4,2.72,0,9,1,19,45.8,54.2,3,0,0,0,1,6
2023-10-22,Randers FC,Brondby,2.0,2.0,3.83,3.58,1.93,4.08,3.61,1.95,Superliga,,20231022_Randers-FC_Brondby,-96.27978831746077,1.63,1.12,6,5,13,10,44.5,55.5,3,0,0,0,3,1
2023-10-22,Viborg,Nordsjaelland,0.0,2.0,4.36,3.89,1.76,4.59,3.96,1.77,Superliga,,20231022_Viborg_Nordsjaelland,-51.741557609470874,0.18,0.82,3,4,4,10,46.4,53.6,1,1,0,1,6,6
2023-10-23,Odense,Midtjylland,1.0,2.0,3.83,3.68,1.91,4.03,3.71,1.93,Superliga,,20231023_Odense_Midtjylland,-121.58840538571235,1.01,1.37,2,5,2,11,43.4,56.6,2,3,0,0,4,5
2023-10-27,Midtjylland,Lyngby,2.0,1.0,1.54,4.24,5.82,1.56,4.25,6.14,Superliga,,20231027_Midtjylland_Lyngby,181.23512523329555,1.99,1.3,7,3,15,6,53.6,46.4,1,2,1,0,10,3
2023-10-28,FC Copenhagen,Hvidovre IF,4.0,0.0,1.19,7.05,13.28,1.19,7.77,13.41,Superliga,,20231028_FC-Copenhagen_Hvidovre-IF,256.3011047316668,2.21,0.05,6,1,12,3,59.3,40.7,1,0,0,0,4,3
2023-10-29,Brondby,Nordsjaelland,2.0,1.0,2.56,3.51,2.61,2.69,3.53,2.64,Superliga,,20231029_Brondby_Nordsjaelland,17.679588151352164,0.86,0.88,3,3,7,8,50.3,49.7,3,2,0,0,2,4
2023-10-29,Silkeborg,Odense,0.0,0.0,1.65,4.04,4.87,1.71,4.1,4.82,Superliga,,20231029_Silkeborg_Odense,76.27572568732012,0.83,0.94,3,1,9,0,48.7,51.3,2,2,0,0,2,1
2023-10-29,Vejle,Viborg,1.0,1.0,2.93,3.25,2.43,2.96,3.31,2.55,Superliga,,20231029_Vejle_Viborg,-99.7242998330496,0.94,0.36,3,2,9,5,37.0,63.0,0,3,0,0,7,2
2023-10-30,Aarhus,Randers FC,2.0,1.0,1.96,3.3,4.12,1.96,3.32,4.48,Superliga,,20231030_Aarhus_Randers-FC,39.188253548678404,0.75,0.73,3,1,7,1,54.3,45.7,1,1,0,0,3,1
2023-11-04,Lyngby,Odense,2.0,2.0,2.42,3.45,2.78,2.49,3.53,2.88,Superliga,,20231104_Lyngby_Odense,-52.564271801725226,0.74,1.43,2,5,3,11,42.3,57.7,1,0,0,0,1,4
2023-11-05,Hvidovre IF,Midtjylland,1.0,4.0,7.52,4.88,1.39,8.26,5.09,1.39,Superliga,,20231105_Hvidovre-IF_Midtjylland,-217.86108012803152,1.03,0.85,4,4,9,11,42.4,57.6,2,2,0,0,5,4
2023-11-05,Nordsjaelland,Vejle,1.0,0.0,1.29,5.58,9.81,1.3,5.81,10.37,Superliga,,20231105_Nordsjaelland_Vejle,157.1751900418135,1.12,1.39,3,4,6,10,56.5,43.5,3,2,0,0,3,6
2023-11-05,Randers FC,FC Copenhagen,2.0,4.0,4.99,4.04,1.63,5.16,4.1,1.67,Superliga,,20231105_Randers-FC_FC-Copenhagen,-171.98011030314706,1.4,1.29,4,4,9,10,38.7,61.3,3,3,1,0,5,2
2023-11-05,Viborg,Silkeborg,2.0,1.0,2.49,3.46,2.71,2.57,3.55,2.76,Superliga,,20231105_Viborg_Silkeborg,-47.29970907785423,1.23,0.61,5,3,12,7,53.7,46.3,1,1,0,0,9,10
2023-11-06,Brondby,Aarhus,1.0,1.0,2.05,3.3,3.76,2.1,3.32,3.89,Superliga,,20231106_Brondby_Aarhus,51.34363372440998,1.23,1.13,5,4,10,7,56.9,43.1,2,1,0,0,7,6
2023-11-10,Silkeborg,Randers FC,1.0,1.0,1.87,3.68,4.0,1.93,3.75,4.01,Superliga,,20231110_Silkeborg_Randers-FC,47.39840291947303,1.31,0.48,4,1,9,0,49.7,50.3,2,3,0,1,3,4
2023-11-12,Aarhus,Viborg,2.0,0.0,2.11,3.26,3.56,2.17,3.28,3.73,Superliga,,20231112_Aarhus_Viborg,41.4090942680657,1.8,1.61,6,7,15,12,55.0,45.0,1,3,0,0,7,8
2023-11-12,FC Copenhagen,Brondby,0.0,0.0,1.84,3.69,4.14,1.9,3.71,4.18,Superliga,,20231112_FC-Copenhagen_Brondby,68.4062825572446,0.17,0.49,0,1,0,2,52.3,47.7,0,1,0,0,0,3
2023-11-12,Midtjylland,Nordsjaelland,2.0,0.0,2.33,3.49,2.9,2.34,3.55,3.09,Superliga,,20231112_Midtjylland_Nordsjaelland,51.643236443148,1.1,0.53,2,2,6,3,47.5,52.5,1,0,0,0,5,2
2023-11-12,Odense,Hvidovre IF,0.0,2.0,1.51,4.39,5.97,1.54,4.49,6.1,Superliga,,20231112_Odense_Hvidovre-IF,80.21129056526502,0.91,0.53,4,2,10,5,55.7,44.3,2,0,0,0,3,3
2023-11-12,Vejle,Lyngby,1.0,0.0,2.51,3.28,2.82,2.57,3.3,2.93,Superliga,,20231112_Vejle_Lyngby,-25.379810873943143,1.07,0.05,3,0,7,0,39.3,60.7,4,2,0,0,2,0
2023-11-24,Hvidovre IF,Vejle,1.0,1.0,3.01,3.36,2.34,3.11,3.45,2.37,Superliga,,20231124_Hvidovre-IF_Vejle,-4.0235916141687085,1.72,1.23,7,3,15,6,50.9,49.1,3,1,0,1,4,1
2023-11-25,Viborg,FC Copenhagen,2.0,1.0,4.04,3.78,1.83,4.18,3.83,1.87,Superliga,,20231125_Viborg_FC-Copenhagen,-165.88182157971755,0.35,0.92,2,3,6,6,44.1,55.9,3,0,0,0,4,1
2023-11-26,Lyngby,Brondby,3.0,3.0,4.53,3.72,1.76,4.85,3.78,1.77,Superliga,,20231126_Lyngby_Brondby,-192.6155405305226,0.88,2.55,3,9,7,19,49.8,50.2,0,0,0,0,5,1
2023-11-26,Nordsjaelland,Aarhus,0.0,0.0,1.83,3.42,4.56,1.85,3.42,4.87,Superliga,,20231126_Nordsjaelland_Aarhus,-4.768440691602336,1.54,0.2,5,2,11,8,54.8,45.2,1,3,0,0,6,2
2023-11-26,Randers FC,Odense,0.0,1.0,1.95,3.5,3.86,1.95,3.55,4.15,Superliga,,20231126_Randers-FC_Odense,28.218763839859093,1.83,0.3,4,1,6,5,45.2,54.8,3,3,0,0,5,4
2023-11-27,Silkeborg,Midtjylland,1.0,4.0,3.08,3.42,2.27,3.16,3.48,2.31,Superliga,,20231127_Silkeborg_Midtjylland,-100.89366248889405,1.01,1.54,3,5,7,11,41.4,58.6,2,0,0,0,2,6
2023-12-01,Randers FC,Vejle,0.0,0.0,2.02,3.41,3.7,2.04,3.47,3.89,Superliga,,20231201_Randers-FC_Vejle,62.12850882506882,0.29,0.65,0,1,0,3,54.4,45.6,2,2,0,0,4,2
2023-12-03,Brondby,Hvidovre IF,4.0,0.0,1.21,6.57,12.6,1.2,7.28,13.91,Superliga,,20231203_Brondby_Hvidovre-IF,190.08425881949415,2.17,0.51,7,1,17,3,53.2,46.8,1,3,0,0,9,3
2023-12-03,FC Copenhagen,Aarhus,1.0,2.0,1.67,3.61,5.53,1.67,3.69,5.97,Superliga,,20231203_FC-Copenhagen_Aarhus,86.15403133012774,0.94,0.43,2,3,4,8,52.8,47.2,4,0,0,0,5,4
2023-12-03,Lyngby,Silkeborg,2.0,0.0,3.03,3.41,2.3,3.15,3.54,2.31,Superliga,,20231203_Lyngby_Silkeborg,-104.82102748410352,0.66,0.54,2,2,3,5,50.6,49.4,3,1,0,0,2,4
2023-12-03,Odense,Nordsjaelland,1.0,1.0,4.03,3.6,1.87,4.09,3.65,1.93,Superliga,,20231203_Odense_Nordsjaelland,-88.34711665239229,0.67,0.5,1,2,1,4,37.6,62.4,0,1,0,0,4,4
2023-12-04,Midtjylland,Viborg,5.0,1.0,1.51,4.3,6.06,1.54,4.35,6.36,Superliga,,20231204_Midtjylland_Viborg,121.17523692393138,2.47,0.97,8,2,18,5,59.9,40.1,0,1,0,0,8,5
2024-02-16,Viborg,Odense,1.0,2.0,2.22,3.47,3.1,2.26,3.54,3.24,Superliga,,20240216_Viborg_Odense,36.755225527655966,1.39,0.65,3,2,7,5,52.8,47.2,2,2,0,0,6,4
2024-02-18,Brondby,Midtjylland,1.0,0.0,2.41,3.36,2.85,2.45,3.34,3.07,Superliga,,20240218_Brondby_Midtjylland,-44.367262947688914,1.71,1.07,6,3,15,7,50.2,49.8,1,3,0,0,6,5
2024-02-18,Hvidovre IF,Randers FC,1.0,3.0,4.38,3.7,1.77,4.56,3.86,1.79,Superliga,,20240218_Hvidovre-IF_Randers-FC,-69.77073259699819,0.76,0.44,1,3,4,6,47.0,53.0,0,1,0,1,1,5
2024-02-18,Nordsjaelland,Lyngby,3.0,2.0,1.4,4.83,7.06,1.4,4.93,8.16,Superliga,,20240218_Nordsjaelland_Lyngby,123.88580885826718,1.46,1.36,4,5,9,13,52.0,48.0,3,0,0,0,2,6
2024-02-18,Silkeborg,FC Copenhagen,0.0,3.0,4.26,3.75,1.79,4.42,3.69,1.85,Superliga,,20240218_Silkeborg_FC-Copenhagen,-128.75784863475656,0.3,1.65,2,4,5,7,48.7,51.3,2,0,0,0,3,5
2024-02-19,Vejle,Aarhus,0.0,0.0,3.55,2.97,2.25,3.6,3.06,2.33,Superliga,,20240219_Vejle_Aarhus,-165.43380753077145,0.9,1.22,3,4,7,10,43.1,56.9,0,2,0,0,5,4
2024-02-23,Randers FC,Lyngby,1.0,0.0,2.02,3.5,3.56,2.05,3.52,3.82,Superliga,,20240223_Randers-FC_Lyngby,56.19227114862656,0.58,1.02,1,4,2,10,60.8,39.2,0,0,0,1,5,3
2024-02-25,Aarhus,Midtjylland,2.0,3.0,3.1,3.07,2.41,3.16,3.19,2.48,Superliga,,20240225_Aarhus_Midtjylland,-60.96241943424616,1.27,1.6,4,6,9,12,43.8,56.2,2,2,0,0,4,12
2024-02-25,Hvidovre IF,Viborg,2.0,2.0,5.12,4.02,1.62,5.47,4.03,1.65,Superliga,,20240225_Hvidovre-IF_Viborg,-105.72007036992272,1.1,1.08,4,3,9,8,50.6,49.4,1,7,0,1,5,4
2024-02-25,Odense,Brondby,0.0,3.0,3.52,3.5,2.03,3.67,3.58,2.07,Superliga,,20240225_Odense_Brondby,-129.77571881017616,0.47,2.15,1,8,2,19,46.2,53.8,3,1,0,0,7,9
2024-02-25,Vejle,Silkeborg,2.0,0.0,3.07,3.28,2.33,3.26,3.32,2.35,Superliga,,20240225_Vejle_Silkeborg,-79.93395280580467,1.27,1.41,4,4,9,8,44.9,55.1,0,2,0,0,2,6
2024-02-26,FC Copenhagen,Nordsjaelland,2.0,0.0,2.0,3.54,3.58,2.06,3.59,3.7,Superliga,,20240226_FC-Copenhagen_Nordsjaelland,78.51641260875704,1.52,1.47,7,5,15,12,54.4,45.6,1,2,0,0,8,4
2024-03-01,Midtjylland,FC Copenhagen,2.0,0.0,3.31,3.4,2.15,3.53,3.49,2.15,Superliga,,20240301_Midtjylland_FC-Copenhagen,-7.840740756916375,0.69,1.27,4,6,9,13,51.6,48.4,0,0,0,0,7,4
2024-03-03,Aarhus,Odense,1.0,1.0,1.81,3.51,4.48,1.85,3.61,4.55,Superliga,,20240303_Aarhus_Odense,83.93170451144329,0.41,0.15,1,1,2,0,55.8,44.2,1,3,0,0,1,1
2024-03-03,Brondby,Vejle,1.0,1.0,1.54,4.01,6.04,1.56,4.16,6.37,Superliga,,20240303_Brondby_Vejle,191.4433763633026,1.23,1.12,4,3,11,4,61.3,38.7,2,2,0,0,10,1
2024-03-03,Lyngby,Hvidovre IF,2.0,4.0,1.58,4.25,5.1,1.6,4.41,5.45,Superliga,,20240303_Lyngby_Hvidovre-IF,19.20392476467191,2.05,0.68,7,4,15,10,54.9,45.1,3,0,0,0,4,5
2024-03-03,Viborg,Randers FC,3.0,0.0,2.45,3.29,2.86,2.57,3.35,2.9,Superliga,,20240303_Viborg_Randers-FC,3.086466863739588,0.8,0.6,3,3,7,5,49.8,50.2,2,2,0,0,4,3
2024-03-04,Nordsjaelland,Silkeborg,3.0,1.0,1.47,4.63,6.16,1.51,4.76,6.72,Superliga,,20240304_Nordsjaelland_Silkeborg,71.1128879402545,0.77,1.27,3,4,6,10,55.1,44.9,2,0,1,0,4,8
2024-03-08,Hvidovre IF,Nordsjaelland,1.0,2.0,9.93,5.81,1.27,10.58,6.15,1.27,Superliga,,20240308_Hvidovre-IF_Nordsjaelland,-156.53467997147732,1.15,0.99,5,2,13,5,44.0,56.0,2,2,0,0,2,3
2024-03-10,FC Copenhagen,Lyngby,4.0,0.0,1.28,5.54,9.82,1.3,6.0,11.22,Superliga,,20240310_FC-Copenhagen_Lyngby,237.99079487467907,0.57,0.34,4,0,8,0,54.4,45.6,2,4,0,0,5,1
2024-03-10,Silkeborg,Aarhus,0.0,1.0,2.79,3.03,2.68,2.92,3.09,2.73,Superliga,,20240310_Silkeborg_Aarhus,-86.39513451343691,0.11,1.1,0,2,1,4,44.3,55.7,3,1,0,0,0,3
2024-03-10,Vejle,Odense,0.0,1.0,2.75,3.13,2.67,2.76,3.08,2.89,Superliga,,20240310_Vejle_Odense,-43.06575153270569,1.26,0.05,2,1,7,2,42.9,57.1,1,1,0,0,3,4
2024-03-10,Viborg,Brondby,1.0,2.0,3.68,3.63,1.94,3.7,3.79,2.0,Superliga,,20240310_Viborg_Brondby,-112.89914821046523,1.15,0.93,3,5,8,12,48.3,51.7,1,1,0,0,6,4
2024-03-11,Randers FC,Midtjylland,0.0,1.0,3.41,3.4,2.11,3.45,3.54,2.17,Superliga,,20240311_Randers-FC_Midtjylland,-177.57823463724299,1.27,0.98,3,3,6,8,44.3,55.7,0,1,0,0,7,3
2024-03-17,Aarhus,Hvidovre IF,1.0,0.0,1.49,4.16,6.47,1.5,4.39,7.02,Superliga,,20240317_Aarhus_Hvidovre-IF,168.66965774043683,0.81,1.5,2,4,5,9,58.7,41.3,2,2,0,0,6,2
2024-03-17,Brondby,Silkeborg,4.0,1.0,1.61,3.92,5.31,1.65,4.1,5.32,Superliga,,20240317_Brondby_Silkeborg,161.80617625599052,1.03,0.38,4,1,9,1,54.6,45.4,1,0,0,0,5,6
2024-03-17,Lyngby,Viborg,2.0,0.0,2.88,3.28,2.43,3.0,3.29,2.52,Superliga,,20240317_Lyngby_Viborg,-100.61725641051476,1.02,1.15,3,5,7,11,54.0,46.0,3,2,0,0,4,9
2024-03-17,Midtjylland,Vejle,3.0,0.0,1.47,4.28,6.69,1.47,4.47,7.52,Superliga,,20240317_Midtjylland_Vejle,234.08880900799318,0.83,1.18,3,5,6,11,58.4,41.6,4,1,0,0,3,6
2024-03-17,Nordsjaelland,Randers FC,1.0,1.0,1.55,4.18,5.5,1.56,4.37,5.94,Superliga,,20240317_Nordsjaelland_Randers-FC,98.82474915599619,1.15,0.78,5,2,10,2,52.7,47.3,1,1,0,0,5,3
2024-03-17,Odense,FC Copenhagen,0.0,2.0,5.03,3.98,1.63,5.21,4.18,1.65,Superliga,,20240317_Odense_FC-Copenhagen,-151.79466585875753,0.97,0.99,3,2,8,2,39.6,60.4,0,2,0,0,5,2
2024-03-31,Randers FC,Lyngby,6.0,2.0,1.83,3.6,4.17,1.86,3.65,4.34,Superliga,,20240331_Randers-FC_Lyngby,63.5689293440289,2.45,1.31,8,4,19,9,52.4,47.6,2,2,0,0,13,7
2024-03-31,Viborg,Hvidovre IF,3.0,1.0,1.55,4.21,5.57,1.55,4.31,5.97,Superliga,,20240331_Viborg_Hvidovre-IF,87.77633011836042,0.67,1.56,3,4,7,8,59.4,40.6,0,3,0,0,7,3
2024-04-01,FC Copenhagen,Brondby,1.0,2.0,1.86,3.56,4.05,1.86,3.65,4.33,Superliga,,20240401_FC-Copenhagen_Brondby,18.019588762848798,0.93,1.49,2,4,4,8,42.6,57.4,3,3,0,0,3,3
2024-04-01,Midtjylland,Nordsjaelland,2.0,3.0,2.29,3.54,2.92,2.4,3.57,2.93,Superliga,,20240401_Midtjylland_Nordsjaelland,99.72876300602707,0.97,1.22,4,4,9,7,51.7,48.3,1,1,0,0,4,4
2024-04-01,Silkeborg,Aarhus,2.0,2.0,2.39,3.12,3.11,2.42,3.14,3.27,Superliga,,20240401_Silkeborg_Aarhus,-117.92307035136946,1.21,1.03,4,4,9,7,49.9,50.1,1,0,0,0,3,15
2024-04-02,Odense,Vejle,0.0,1.0,1.84,3.52,4.3,1.88,3.53,4.43,Superliga,,20240402_Odense_Vejle,61.98949099758852,0.05,0.64,1,3,1,7,54.4,45.6,3,2,1,0,1,4
2024-04-05,Lyngby,Odense,0.0,0.0,3.08,3.43,2.25,3.2,3.49,2.27,Superliga,,20240405_Lyngby_Odense,-69.18363678017681,0.05,1.41,1,3,4,7,38.2,61.8,2,1,0,0,1,0
2024-04-07,Aarhus,Midtjylland,0.0,1.0,3.64,3.3,2.06,3.68,3.35,2.13,Superliga,,20240407_Aarhus_Midtjylland,-80.1112274381901,0.62,0.61,4,1,10,4,45.7,54.3,0,2,1,0,5,6
2024-04-07,Hvidovre IF,Randers FC,1.0,3.0,4.53,3.92,1.7,4.63,4.09,1.72,Superliga,,20240407_Hvidovre-IF_Randers-FC,-100.35018873094896,0.88,1.23,2,4,6,9,52.6,47.4,2,7,0,0,3,6
2024-04-07,Nordsjaelland,FC Copenhagen,2.0,1.0,2.52,3.53,2.62,2.54,3.53,2.76,Superliga,,20240407_Nordsjaelland_FC-Copenhagen,-55.68242165416882,1.74,1.61,4,5,8,10,51.8,48.2,2,1,0,0,5,6
2024-04-07,Vejle,Viborg,1.0,1.0,2.69,3.25,2.61,2.78,3.16,2.76,Superliga,,20240407_Vejle_Viborg,-53.28329496646643,1.3,0.8,3,2,7,3,47.7,52.3,1,2,0,0,5,4
2024-04-08,Brondby,Silkeborg,1.0,1.0,1.46,4.4,6.53,1.48,4.59,6.58,Superliga,,20240408_Brondby_Silkeborg,184.07104100037373,1.51,1.1,5,3,12,5,55.7,44.3,0,1,1,1,6,2
2024-04-12,Odense,Viborg,1.0,3.0,2.42,3.26,2.93,2.51,3.26,3.01,Superliga,,20240412_Odense_Viborg,-20.063401793566527,0.32,1.22,2,4,4,8,51.2,48.8,2,3,0,0,2,4
2024-04-14,Aarhus,Brondby,2.0,2.0,5.07,3.44,1.74,5.03,3.53,1.79,Superliga,,20240414_Aarhus_Brondby,-77.45312369603357,1.34,0.89,5,2,11,4,46.0,54.0,0,2,1,0,8,0
2024-04-14,Lyngby,Hvidovre IF,1.0,1.0,1.9,3.76,3.71,1.99,3.79,3.64,Superliga,,20240414_Lyngby_Hvidovre-IF,28.109818004495082,0.36,1.43,1,4,2,9,51.4,48.6,1,1,0,0,2,10
2024-04-14,Midtjylland,FC Copenhagen,2.0,2.0,3.06,3.44,2.24,3.14,3.5,2.3,Superliga,,20240414_Midtjylland_FC-Copenhagen,36.528466857960666,0.91,3.22,2,11,4,20,53.4,46.6,0,4,0,0,6,13
2024-04-14,Vejle,Randers FC,1.0,2.0,3.53,3.22,2.14,3.71,3.24,2.17,Superliga,,20240414_Vejle_Randers-FC,-54.59598647986945,1.32,1.0,4,5,9,14,48.8,51.2,1,3,0,0,6,7
2024-04-15,Silkeborg,Nordsjaelland,0.0,1.0,3.81,3.69,1.89,4.04,3.71,1.91,Superliga,,20240415_Silkeborg_Nordsjaelland,-129.24874836755998,1.59,0.82,5,3,12,6,41.8,58.2,3,6,0,0,8,7
2024-04-19,Randers FC,Odense,2.0,2.0,1.79,3.62,4.38,1.81,3.72,4.51,Superliga,,20240419_Randers-FC_Odense,46.46568010530859,1.55,0.87,6,4,14,10,54.6,45.4,0,4,0,0,6,6
2024-04-21,Brondby,Midtjylland,2.0,1.0,2.11,3.35,3.45,2.14,3.38,3.62,Superliga,,20240421_Brondby_Midtjylland,-22.594911016767355,1.13,0.9,3,3,7,7,50.7,49.3,0,2,0,0,5,2
2024-04-21,FC Copenhagen,Silkeborg,2.0,0.0,1.37,4.92,7.77,1.37,5.08,8.33,Superliga,,20240421_FC-Copenhagen_Silkeborg,166.10542229671614,0.55,0.71,2,4,3,10,48.7,51.3,0,4,0,0,6,7
2024-04-21,Hvidovre IF,Vejle,2.0,1.0,3.16,3.41,2.21,3.26,3.48,2.25,Superliga,,20240421_Hvidovre-IF_Vejle,-51.910340188198234,1.2,0.85,5,3,10,5,47.3,52.7,1,0,0,0,5,1
2024-04-21,Viborg,Lyngby,2.0,1.0,1.7,3.89,4.58,1.72,3.98,4.72,Superliga,,20240421_Viborg_Lyngby,96.80675109743015,0.23,1.65,2,3,4,7,56.2,43.8,0,1,0,0,6,3
2024-04-22,Nordsjaelland,Aarhus,7.0,2.0,1.56,4.04,5.67,1.57,4.19,5.96,Superliga,,20240422_Nordsjaelland_Aarhus,39.375645831867814,1.86,1.87,7,6,15,15,52.7,47.3,1,3,0,0,4,8
2024-04-26,Lyngby,Vejle,1.0,1.0,2.49,3.23,2.82,2.65,3.17,2.9,Superliga,,20240426_Lyngby_Vejle,-20.698693028751904,1.21,0.94,3,1,6,2,53.8,46.2,2,1,1,0,3,5
2024-04-28,FC Copenhagen,Aarhus,3.0,2.0,1.37,4.56,8.6,1.39,4.65,9.22,Superliga,,20240428_FC-Copenhagen_Aarhus,78.0794957633284,1.94,1.81,6,5,15,11,59.3,40.7,1,2,0,0,5,3
2024-04-28,Nordsjaelland,Brondby,1.0,1.0,1.9,3.64,3.79,1.93,3.7,3.98,Superliga,,20240428_Nordsjaelland_Brondby,-34.94760512904418,0.32,0.96,1,3,2,9,51.8,48.2,6,1,0,0,3,11
2024-04-28,Odense,Hvidovre IF,1.0,2.0,1.58,4.28,4.96,1.6,4.4,5.2,Superliga,,20240428_Odense_Hvidovre-IF,68.11569885877861,0.61,0.9,2,3,3,7,49.3,50.7,0,7,0,1,2,7
2024-04-28,Viborg,Randers FC,0.0,0.0,2.5,3.46,2.65,2.61,3.54,2.68,Superliga,,20240428_Viborg_Randers-FC,6.549032476072398,0.52,0.35,2,2,4,4,50.9,49.1,1,0,0,0,4,5
2024-04-29,Silkeborg,Midtjylland,3.0,0.0,3.45,3.51,2.04,3.55,3.55,2.1,Superliga,,20240429_Silkeborg_Midtjylland,-194.00399603524784,0.99,0.67,3,0,8,1,47.3,52.7,0,0,0,0,3,0
2024-05-03,Aarhus,Nordsjaelland,1.0,3.0,5.81,4.25,1.52,6.38,4.28,1.53,Superliga,,20240503_Aarhus_Nordsjaelland,-71.21798156213526,1.13,1.55,1,5,2,12,42.4,57.6,2,5,1,0,6,8
2024-05-05,Hvidovre IF,Viborg,0.0,1.0,3.58,3.83,1.9,3.75,3.87,1.94,Superliga,,20240505_Hvidovre-IF_Viborg,-103.39056106575572,0.75,0.26,3,2,8,5,47.4,52.6,1,1,0,0,5,1
2024-05-05,Lyngby,Randers FC,2.0,1.0,3.66,3.61,1.94,3.8,3.79,1.94,Superliga,,20240505_Lyngby_Randers-FC,-107.2504955757272,0.27,0.05,2,1,6,3,46.5,53.5,1,2,0,0,5,1
2024-05-05,Midtjylland,Brondby,3.0,2.0,2.34,3.46,2.87,2.4,3.56,2.93,Superliga,,20240505_Midtjylland_Brondby,-19.842068872743994,1.5,0.42,4,2,10,4,49.5,50.5,2,3,1,0,4,7
2024-05-05,Silkeborg,FC Copenhagen,0.0,3.0,5.34,4.41,1.54,5.34,4.62,1.56,Superliga,,20240505_Silkeborg_FC-Copenhagen,-170.6986835384805,0.99,1.96,3,6,4,14,47.7,52.3,6,1,0,0,1,5
2024-05-06,Vejle,Odense,3.0,2.0,2.43,3.12,2.99,2.47,3.16,3.14,Superliga,,20240506_Vejle_Odense,-30.1558675983556,1.25,1.78,4,6,9,15,42.2,57.8,1,1,0,0,8,7
2024-05-10,Odense,Lyngby,1.0,2.0,2.28,3.41,3.02,2.31,3.53,3.1,Superliga,,20240510_Odense_Lyngby,20.79653813948744,1.54,0.93,4,2,8,7,50.0,50.0,2,1,0,0,13,8
2024-05-12,Brondby,FC Copenhagen,1.0,3.0,3.12,3.39,2.23,3.19,3.44,2.3,Superliga,,20240512_Brondby_FC-Copenhagen,-12.236862752815568,0.42,1.86,1,5,2,9,45.4,54.6,1,0,0,0,6,6
2024-05-12,Midtjylland,Aarhus,2.0,1.0,1.51,4.34,5.86,1.53,4.44,5.99,Superliga,,20240512_Midtjylland_Aarhus,106.17620847767466,1.24,0.96,3,3,6,6,52.7,47.3,1,0,0,0,4,5
2024-05-12,Nordsjaelland,Silkeborg,4.0,1.0,1.3,5.55,8.61,1.31,6.04,9.35,Superliga,,20240512_Nordsjaelland_Silkeborg,161.25273959603487,1.6,0.05,6,1,11,2,55.9,44.1,3,4,0,0,2,3
2024-05-12,Randers FC,Hvidovre IF,2.0,2.0,1.5,4.65,5.46,1.51,4.68,5.93,Superliga,,20240512_Randers-FC_Hvidovre-IF,90.23373008667477,1.38,1.34,5,5,11,10,52.1,47.9,2,1,0,0,9,3
2024-05-12,Viborg,Vejle,1.0,2.0,2.01,3.46,3.59,2.08,3.5,3.67,Superliga,,20240512_Viborg_Vejle,89.56850560141038,0.84,0.75,3,3,5,9,58.9,41.1,1,3,0,0,13,7
2024-05-15,Brondby,Nordsjaelland,1.0,0.0,2.74,3.53,2.42,2.77,3.61,2.49,Superliga,,20240515_Brondby_Nordsjaelland,-8.093325845449954,1.43,0.75,4,1,9,3,49.6,50.4,1,0,0,0,5,2
2024-05-15,Randers FC,Viborg,1.0,0.0,2.19,3.69,2.99,2.22,3.79,3.08,Superliga,,20240515_Randers-FC_Viborg,-18.239977639230574,1.19,0.73,4,2,7,3,53.2,46.8,3,2,0,0,3,2
2024-05-15,Vejle,Lyngby,1.0,0.0,2.18,3.06,3.62,2.19,3.15,3.76,Superliga,,20240515_Vejle_Lyngby,19.027945695288736,0.88,0.31,2,2,5,6,56.0,44.0,1,4,0,0,3,5
2024-05-16,Aarhus,Silkeborg,0.0,1.0,2.08,3.27,3.63,2.09,3.29,3.87,Superliga,,20240516_Aarhus_Silkeborg,69.24244207961874,0.28,0.88,1,2,3,5,48.3,51.7,2,2,0,0,2,4
2024-05-16,FC Copenhagen,Midtjylland,1.0,2.0,1.74,3.9,4.3,1.78,3.95,4.44,Superliga,,20240516_FC-Copenhagen_Midtjylland,9.844451074677863,1.47,1.19,3,4,6,10,52.8,47.2,1,2,0,0,2,9
2024-05-16,Hvidovre IF,Odense,1.0,2.0,2.68,3.74,2.37,2.73,3.89,2.41,Superliga,,20240516_Hvidovre-IF_Odense,-19.19592619125615,0.74,1.59,3,4,6,10,45.6,54.4,2,0,0,0,4,4
2024-05-19,Odense,Randers FC,2.0,0.0,3.06,3.69,2.15,3.22,3.86,2.13,Superliga,,20240519_Odense_Randers-FC,-66.23288013169054,1.49,0.47,5,1,10,4,43.2,56.8,2,1,0,0,6,0
2024-05-20,Lyngby,Viborg,3.0,1.0,2.92,3.41,2.34,3.06,3.42,2.38,Superliga,,20240520_Lyngby_Viborg,-77.25684277271057,1.89,1.01,5,2,13,3,47.7,52.3,1,1,0,0,4,5
2024-05-20,Nordsjaelland,Midtjylland,3.0,3.0,1.77,4.13,3.88,1.79,4.22,4.04,Superliga,,20240520_Nordsjaelland_Midtjylland,-42.07355000203802,1.34,1.59,4,6,9,12,49.1,50.9,3,1,0,0,2,5
2024-05-20,Silkeborg,Brondby,0.0,2.0,3.78,3.84,1.86,3.85,3.97,1.89,Superliga,,20240520_Silkeborg_Brondby,-164.67599512917513,0.41,1.16,1,3,2,6,44.1,55.9,0,1,0,0,4,10
2024-05-20,Vejle,Hvidovre IF,2.0,0.0,1.55,4.27,5.36,1.56,4.27,5.49,Superliga,,20240520_Vejle_Hvidovre-IF,65.54331879349525,0.86,0.47,3,3,8,8,51.3,48.7,0,3,0,0,9,4
2024-05-21,Aarhus,FC Copenhagen,3.0,2.0,7.52,4.93,1.37,7.8,5.16,1.38,Superliga,,20240521_Aarhus_FC-Copenhagen,-134.92682758143724,0.75,1.59,3,3,7,7,44.9,55.1,1,3,0,0,2,4
2024-05-25,Hvidovre IF,Lyngby,0.0,0.0,3.38,3.66,2.02,3.35,3.73,2.06,Superliga,,20240525_Hvidovre-IF_Lyngby,-48.216386703678836,1.84,0.38,6,1,13,0,37.5,62.5,1,3,0,0,11,3
2024-05-25,Randers FC,Vejle,1.0,0.0,1.56,4.31,5.22,1.58,4.38,5.33,Superliga,,20240525_Randers-FC_Vejle,18.53784734673104,0.45,1.1,1,4,1,10,50.4,49.6,3,4,0,0,2,9
2024-05-25,Viborg,Odense,2.0,1.0,1.81,4.05,3.8,1.82,4.16,3.97,Superliga,,20240525_Viborg_Odense,30.328522463092895,1.5,0.9,4,2,8,7,54.1,45.9,1,2,0,0,8,5
2024-05-26,Brondby,Aarhus,2.0,3.0,1.48,4.36,6.07,1.5,4.51,6.38,Superliga,,20240526_Brondby_Aarhus,114.41819478494995,1.98,1.44,5,4,10,8,60.5,39.5,1,0,0,0,5,8
2024-05-26,FC Copenhagen,Nordsjaelland,1.0,1.0,1.81,4.2,3.62,1.83,4.34,3.81,Superliga,,20240526_FC-Copenhagen_Nordsjaelland,9.35279606372228,0.81,1.42,1,4,1,9,49.7,50.3,3,2,0,0,2,5
2024-05-26,Midtjylland,Silkeborg,3.0,3.0,1.34,5.42,7.47,1.33,5.87,8.28,Superliga,,20240526_Midtjylland_Silkeborg,195.54092674089407,1.35,1.55,4,4,10,9,61.2,38.8,2,0,0,1,3,6
2024-05-31,FC Copenhagen,Randers FC,2.0,1.0,1.48,4.56,5.9,1.49,4.69,6.25,Superliga,,20240531_FC-Copenhagen_Randers-FC,137.2789479866974,1.49,1.11,6,3,14,7,55.2,44.8,3,0,0,0,4,5
2024-07-19,Aarhus,Midtjylland,1.0,1.0,2.56,3.48,2.62,2.57,3.57,2.71,Superliga,,20240719_Aarhus_Midtjylland,-109.94120089238163,0.05,0.38,1,1,3,3,49.4,50.6,3,3,0,0,4,3
2024-07-19,Nordsjaelland,Aalborg,3.0,0.0,1.4,5.0,7.02,1.41,5.12,7.06,Superliga,,20240719_Nordsjaelland_Aalborg,205.82081557682113,1.23,0.75,3,1,7,3,56.9,43.1,1,0,0,0,4,5
2024-07-21,Silkeborg,Sonderjyske,1.0,0.0,2.18,3.35,3.34,2.31,3.35,3.25,Superliga,,20240721_Silkeborg_Sonderjyske,79.95665139678567,0.95,1.25,4,4,7,7,54.5,45.5,2,5,0,0,6,5
2024-07-21,Vejle,Randers FC,2.0,3.0,3.52,3.38,2.11,3.66,3.45,2.1,Superliga,,20240721_Vejle_Randers-FC,-33.76770660562647,0.44,1.21,2,3,5,8,43.3,56.7,0,1,0,0,3,8
2024-07-21,Viborg,Brondby,3.0,3.0,3.71,3.53,1.97,3.89,3.58,1.98,Superliga,,20240721_Viborg_Brondby,-141.94580344281462,1.13,2.2,4,5,9,11,36.8,63.2,0,1,0,0,3,5
2024-07-22,Lyngby,FC Copenhagen,0.0,2.0,6.87,4.69,1.42,7.36,4.85,1.42,Superliga,,20240722_Lyngby_FC-Copenhagen,-213.1749747153342,1.21,1.09,5,2,10,2,41.9,58.1,4,2,0,0,5,3
2024-07-26,Sonderjyske,Lyngby,1.0,1.0,2.0,3.38,3.79,2.01,3.42,4.0,Superliga,,20240726_Sonderjyske_Lyngby,-37.386915999891016,0.98,1.27,2,4,5,10,53.9,46.1,3,0,0,0,6,6
2024-07-27,Nordsjaelland,Midtjylland,2.0,2.0,1.92,3.79,3.65,1.93,3.92,3.73,Superliga,,20240727_Nordsjaelland_Midtjylland,-23.4417113865793,0.62,2.2,2,8,3,18,45.8,54.2,3,2,0,0,5,9
2024-07-28,Aalborg,Silkeborg,2.0,1.0,2.82,3.47,2.39,2.94,3.48,2.43,Superliga,,20240728_Aalborg_Silkeborg,-70.1657024030767,0.96,0.87,2,3,3,5,47.0,53.0,2,1,0,0,3,2
2024-07-28,FC Copenhagen,Aarhus,3.0,2.0,1.71,3.94,4.54,1.72,4.02,4.69,Superliga,,20240728_FC-Copenhagen_Aarhus,95.16627211137939,1.9,1.19,6,2,14,6,48.9,51.1,1,2,0,1,11,3
2024-07-28,Randers FC,Viborg,3.0,1.0,2.06,3.56,3.39,2.15,3.55,3.42,Superliga,,20240728_Randers-FC_Viborg,6.488609885594997,1.16,1.65,5,5,13,11,53.1,46.9,0,1,0,0,9,8
2024-07-29,Brondby,Vejle,2.0,1.0,1.4,4.97,6.83,1.42,5.09,6.91,Superliga,,20240729_Brondby_Vejle,181.60578882294885,0.95,0.73,2,3,5,5,51.7,48.3,3,1,0,0,3,4
2024-08-02,Aarhus,Sonderjyske,4.0,0.0,1.67,3.82,4.97,1.66,3.89,5.46,Superliga,,20240802_Aarhus_Sonderjyske,156.19720627126208,1.44,0.22,4,0,8,0,57.2,42.8,3,2,0,0,3,1
2024-08-03,Midtjylland,Aalborg,2.0,0.0,1.52,4.55,5.47,1.55,4.68,5.41,Superliga,,20240803_Midtjylland_Aalborg,225.30421853799658,0.58,0.05,2,0,5,0,54.5,45.5,2,2,0,1,7,1
2024-08-04,FC Copenhagen,Randers FC,1.0,1.0,1.63,4.2,4.83,1.66,4.21,4.89,Superliga,,20240804_FC-Copenhagen_Randers-FC,143.88056339080572,0.75,1.57,2,6,5,13,55.6,44.4,0,2,0,0,3,6
2024-08-04,Lyngby,Brondby,0.0,2.0,4.99,4.02,1.64,5.36,4.17,1.62,Superliga,,20240804_Lyngby_Brondby,-210.88446888261296,0.86,0.88,3,2,6,4,46.1,53.9,0,2,0,0,4,2
2024-08-04,Silkeborg,Viborg,3.0,2.0,1.79,3.89,4.1,1.84,3.94,4.1,Superliga,,20240804_Silkeborg_Viborg,-12.176665531011395,0.74,1.58,3,6,6,15,49.0,51.0,1,1,0,0,3,9
2024-08-05,Vejle,Nordsjaelland,0.0,1.0,4.11,3.92,1.79,4.18,3.99,1.81,Superliga,,20240805_Vejle_Nordsjaelland,-193.3395211273862,0.08,0.23,0,2,1,5,45.2,54.8,4,2,0,0,1,4
2024-08-09,Midtjylland,Vejle,2.0,0.0,1.53,4.39,5.58,1.54,4.54,5.71,Superliga,,20240809_Midtjylland_Vejle,226.25236217829865,0.33,0.05,2,0,5,0,69.2,30.8,0,5,0,0,5,4
2024-08-11,Brondby,Aarhus,0.0,1.0,2.28,3.52,2.95,2.34,3.58,3.0,Superliga,,20240811_Brondby_Aarhus,88.05614228929949,1.58,0.8,5,2,11,5,60.0,40.0,1,2,0,0,7,3
2024-08-11,Nordsjaelland,Lyngby,1.0,1.0,1.34,5.07,8.47,1.36,5.07,8.7,Superliga,,20240811_Nordsjaelland_Lyngby,221.564793386764,1.08,0.4,4,1,10,1,55.8,44.2,2,1,0,0,7,1
2024-08-11,Randers FC,Silkeborg,0.0,2.0,1.85,3.56,4.17,1.83,3.72,4.39,Superliga,,20240811_Randers-FC_Silkeborg,34.500314763088454,0.76,0.91,4,2,8,5,53.6,46.4,1,4,0,1,3,2
2024-08-11,Sonderjyske,FC Copenhagen,0.0,2.0,5.25,4.19,1.58,5.63,4.29,1.58,Superliga,,20240811_Sonderjyske_FC-Copenhagen,-271.18708006271936,0.68,0.44,1,3,2,7,42.6,57.4,2,1,0,0,1,5
2024-08-12,Viborg,Aalborg,2.0,3.0,1.81,3.85,4.04,1.83,3.95,4.11,Superliga,,20240812_Viborg_Aalborg,46.29220273792339,2.06,2.06,7,6,16,11,52.6,47.4,3,1,0,0,6,5
2024-08-16,Lyngby,Midtjylland,1.0,2.0,3.84,3.68,1.9,3.98,3.8,1.93,Superliga,,20240816_Lyngby_Midtjylland,-240.97634741753905,2.4,1.62,9,5,19,11,44.4,55.6,0,3,0,0,9,1
2024-08-18,Aalborg,Brondby,0.0,4.0,3.95,3.89,1.83,4.08,4.06,1.83,Superliga,,20240818_Aalborg_Brondby,-186.3118065464073,0.4,1.82,3,7,8,16,35.4,64.6,1,0,0,0,2,4
2024-08-18,FC Copenhagen,Viborg,1.0,1.0,1.56,4.28,5.46,1.59,4.42,5.52,Superliga,,20240818_FC-Copenhagen_Viborg,199.39109205499585,0.05,0.88,1,4,1,7,65.6,34.4,2,1,0,0,3,10
2024-08-18,Randers FC,Sonderjyske,1.0,2.0,1.85,3.69,4.05,1.92,3.76,4.05,Superliga,,20240818_Randers-FC_Sonderjyske,127.68982557666186,1.02,0.91,2,4,4,9,54.7,45.3,1,1,0,0,3,4
2024-08-18,Silkeborg,Nordsjaelland,4.0,1.0,3.35,3.66,2.05,3.48,3.72,2.09,Superliga,,20240818_Silkeborg_Nordsjaelland,-135.66320038305253,2.02,0.49,6,2,14,3,44.4,55.6,0,1,0,0,7,1
2024-08-19,Aarhus,Vejle,5.0,1.0,1.55,4.2,5.62,1.56,4.32,6.14,Superliga,,20240819_Aarhus_Vejle,137.57469452044438,2.81,2.28,8,6,16,13,50.0,50.0,2,1,0,0,10,7
2024-08-23,Aalborg,Aarhus,0.0,4.0,3.96,3.8,1.84,4.15,3.87,1.87,Superliga,,20240823_Aalborg_Aarhus,-141.8117084607445,0.8,0.85,3,4,6,8,44.3,55.7,4,2,0,0,10,4
2024-08-24,Midtjylland,Sonderjyske,3.0,2.0,1.65,4.25,4.55,1.65,4.38,4.91,Superliga,,20240824_Midtjylland_Sonderjyske,276.73463420550274,2.21,1.27,7,4,17,9,57.9,42.1,0,1,0,0,7,6
2024-08-25,Brondby,Randers FC,2.0,2.0,1.63,4.15,4.87,1.65,4.28,5.05,Superliga,,20240825_Brondby_Randers-FC,141.97248372665513,0.18,1.0,2,3,5,8,56.4,43.6,1,1,0,0,3,4
2024-08-25,Nordsjaelland,FC Copenhagen,3.0,2.0,2.65,3.59,2.47,2.73,3.7,2.52,Superliga,,20240825_Nordsjaelland_FC-Copenhagen,-34.52921633397614,1.15,1.32,4,3,9,7,53.7,46.3,1,2,0,0,5,1
2024-08-25,Vejle,Silkeborg,1.0,3.0,3.03,3.53,2.24,3.14,3.55,2.31,Superliga,,20240825_Vejle_Silkeborg,-91.86107055360912,1.63,1.59,8,8,17,18,42.4,57.6,2,5,0,0,8,6
2024-08-26,Viborg,Lyngby,1.0,0.0,1.66,4.05,4.83,1.62,4.34,5.29,Superliga,,20240826_Viborg_Lyngby,43.95528316684954,1.08,0.05,3,1,8,4,49.6,50.4,2,1,0,0,5,1
2024-08-30,Lyngby,Vejle,1.0,0.0,2.34,3.49,2.88,2.4,3.51,3.01,Superliga,,20240830_Lyngby_Vejle,-3.368877742554787,0.34,1.96,1,6,2,13,49.1,50.9,2,0,0,0,1,8
2024-08-31,Aarhus,Nordsjaelland,4.0,2.0,2.35,3.55,2.82,2.41,3.66,2.9,Superliga,,20240831_Aarhus_Nordsjaelland,-47.894802248170436,1.63,0.75,4,3,8,7,42.7,57.3,2,1,0,0,3,6
2024-09-01,FC Copenhagen,Brondby,3.0,1.0,2.21,3.56,3.03,2.29,3.61,3.12,Superliga,,20240901_FC-Copenhagen_Brondby,11.314700583758622,1.37,0.72,4,3,10,8,53.7,46.3,1,1,0,1,6,2
2024-09-01,Randers FC,Aalborg,1.0,0.0,1.64,4.14,4.79,1.65,4.36,4.98,Superliga,,20240901_Randers-FC_Aalborg,68.58061258764724,0.73,0.05,2,2,3,4,48.8,51.2,2,3,0,0,5,2
2024-09-01,Silkeborg,Midtjylland,1.0,3.0,3.17,3.94,2.03,3.25,4.15,2.06,Superliga,,20240901_Silkeborg_Midtjylland,-152.08629830580912,0.61,1.98,3,6,5,12,36.0,64.0,0,0,0,0,2,3
2024-09-01,Sonderjyske,Viborg,2.0,2.0,2.64,3.58,2.47,2.69,3.74,2.54,Superliga,,20240901_Sonderjyske_Viborg,-84.66524125241358,0.94,0.05,4,2,9,5,49.4,50.6,2,2,0,0,8,5
2024-09-13,Aalborg,Lyngby,2.0,1.0,2.13,3.5,3.29,2.19,3.48,3.39,Superliga,,20240913_Aalborg_Lyngby,-6.13988541255253,1.11,1.78,6,6,13,12,47.4,52.6,1,2,0,0,7,6
2024-09-14,Midtjylland,FC Copenhagen,2.0,1.0,2.3,3.63,2.86,2.37,3.67,2.95,Superliga,,20240914_Midtjylland_FC-Copenhagen,32.35351940974124,1.38,1.18,3,2,5,6,49.3,50.7,2,0,0,0,4,6
2024-09-15,Aarhus,Silkeborg,1.0,1.0,1.69,3.86,4.79,1.72,3.94,4.91,Superliga,,20240915_Aarhus_Silkeborg,79.83816198831096,0.86,0.64,1,1,1,2,58.1,41.9,1,0,0,1,1,4
2024-09-15,Brondby,Sonderjyske,2.0,0.0,1.3,5.74,8.53,1.31,6.11,8.58,Superliga,,20240915_Brondby_Sonderjyske,222.1489107989687,0.7,0.92,2,4,5,9,55.6,44.4,1,3,0,0,2,4
2024-09-15,Vejle,Viborg,0.0,5.0,3.38,3.67,2.03,3.52,3.79,2.06,Superliga,,20240915_Vejle_Viborg,-70.81483843319074,0.47,0.88,1,5,3,12,46.9,53.1,1,3,0,0,5,4
2024-09-16,Nordsjaelland,Randers FC,1.0,1.0,1.66,4.11,4.64,1.67,4.31,4.87,Superliga,,20240916_Nordsjaelland_Randers-FC,112.53450562828539,0.89,0.77,3,3,7,5,58.9,41.1,1,6,0,0,5,2
2024-09-20,Viborg,Nordsjaelland,3.0,2.0,2.77,3.68,2.34,2.76,3.75,2.47,Superliga,,20240920_Viborg_Nordsjaelland,-131.00361544521843,1.28,1.75,4,7,7,17,50.2,49.8,1,2,0,0,9,9
2024-09-22,Lyngby,Aarhus,0.0,0.0,3.83,3.53,1.94,3.97,3.49,2.02,Superliga,,20240922_Lyngby_Aarhus,-183.19335249277128,0.78,0.19,6,0,13,0,43.0,57.0,2,1,0,0,8,0
2024-09-22,Randers FC,Midtjylland,2.0,2.0,3.14,3.82,2.08,3.29,3.86,2.12,Superliga,,20240922_Randers-FC_Midtjylland,-185.42245556755302,0.83,0.74,3,2,6,6,44.0,56.0,0,2,0,0,3,8
2024-09-22,Silkeborg,Brondby,3.0,3.0,4.45,4.05,1.7,4.54,4.13,1.74,Superliga,,20240922_Silkeborg_Brondby,-101.83310045774488,1.56,1.89,6,6,14,13,40.5,59.5,1,1,1,0,16,5
2024-09-22,Sonderjyske,Vejle,2.0,1.0,1.93,3.74,3.65,1.95,3.89,3.77,Superliga,,20240922_Sonderjyske_Vejle,-3.7537005005260653,0.42,1.32,2,2,4,5,55.9,44.1,3,4,1,0,6,4
2024-09-23,FC Copenhagen,Aalborg,2.0,0.0,1.27,5.85,9.8,1.27,6.35,10.17,Superliga,,20240923_FC-Copenhagen_Aalborg,210.74552618067173,1.42,0.78,6,2,14,5,55.8,44.2,5,1,1,0,8,3
2024-09-28,Aarhus,Randers FC,2.0,2.0,2.04,3.46,3.59,2.07,3.54,3.73,Superliga,,20240928_Aarhus_Randers-FC,73.80315515425059,0.63,0.91,2,3,5,7,54.5,45.5,2,3,0,0,2,5
2024-09-29,Aalborg,Sonderjyske,3.0,0.0,2.58,3.51,2.58,2.69,3.56,2.63,Superliga,,20240929_Aalborg_Sonderjyske,22.648035674993935,0.56,0.96,4,4,8,9,50.0,50.0,0,1,0,0,2,4
2024-09-29,Lyngby,Silkeborg,2.0,2.0,2.91,3.45,2.34,2.94,3.51,2.45,Superliga,,20240929_Lyngby_Silkeborg,-106.39544355537805,1.59,0.89,7,3,16,3,48.8,51.2,2,3,0,0,7,6
2024-09-29,Midtjylland,Viborg,3.0,1.0,1.8,4.17,3.74,1.82,4.31,3.93,Superliga,,20240929_Midtjylland_Viborg,189.22411655965334,2.08,0.2,5,1,11,3,62.5,37.5,1,4,0,0,5,4
2024-09-29,Vejle,FC Copenhagen,1.0,2.0,8.34,5.19,1.34,9.0,5.46,1.34,Superliga,,20240929_Vejle_FC-Copenhagen,-264.8980782903004,0.44,1.57,3,5,7,8,41.5,58.5,1,2,0,0,4,6
2024-09-30,Nordsjaelland,Brondby,4.0,1.0,2.71,3.6,2.43,2.81,3.58,2.51,Superliga,,20240930_Nordsjaelland_Brondby,-20.7561117262876,2.03,0.05,8,1,16,1,57.1,42.9,2,1,0,0,9,4
2024-10-04,Vejle,Aalborg,2.0,2.0,2.56,3.54,2.59,2.63,3.59,2.67,Superliga,,20241004_Vejle_Aalborg,-58.662363492034046,0.46,1.29,2,3,5,6,46.7,53.3,2,2,0,0,4,7
2024-10-06,Brondby,Midtjylland,2.0,0.0,2.08,3.78,3.18,2.13,3.88,3.26,Superliga,,20241006_Brondby_Midtjylland,-88.8662147380287,0.91,0.75,3,3,8,7,45.4,54.6,0,2,0,0,7,2
2024-10-06,Randers FC,Lyngby,1.0,1.0,1.63,4.05,5.04,1.65,4.14,5.33,Superliga,,20241006_Randers-FC_Lyngby,96.73850840719456,0.32,0.53,2,2,5,4,53.4,46.6,2,2,0,0,1,2
2024-10-06,Silkeborg,FC Copenhagen,2.0,2.0,4.56,3.91,1.71,4.66,4.1,1.73,Superliga,,20241006_Silkeborg_FC-Copenhagen,-130.1881435304299,1.23,1.8,4,3,10,5,43.5,56.5,4,1,0,0,9,8
2024-10-06,Sonderjyske,Nordsjaelland,1.0,4.0,4.93,4.2,1.61,5.08,4.29,1.65,Superliga,,20241006_Sonderjyske_Nordsjaelland,-220.2305324290844,1.08,1.12,4,4,12,9,37.2,62.8,1,1,0,0,7,5
2024-10-06,Viborg,Aarhus,1.0,1.0,3.05,3.44,2.27,3.23,3.57,2.25,Superliga,,20241006_Viborg_Aarhus,-92.8522805238324,1.39,0.69,4,3,9,7,50.0,50.0,2,0,0,0,2,3
2024-10-18,FC Copenhagen,Vejle,3.0,1.0,1.2,6.77,13.43,1.2,7.22,14.27,Superliga,,20241018_FC-Copenhagen_Vejle,267.17345928574196,1.14,0.22,5,1,10,1,62.6,37.4,2,1,0,0,6,1
2024-10-20,Aalborg,Randers FC,0.0,2.0,3.29,3.64,2.08,3.45,3.71,2.1,Superliga,,20241020_Aalborg_Randers-FC,-80.84808675829527,1.0,0.93,3,4,7,9,50.7,49.3,2,2,0,0,5,5
2024-10-20,Lyngby,Viborg,0.0,0.0,3.26,3.47,2.15,3.44,3.43,2.21,Superliga,,20241020_Lyngby_Viborg,-72.5418560898222,2.73,0.64,8,2,16,5,47.2,52.8,2,0,1,0,6,5
2024-10-20,Nordsjaelland,Silkeborg,1.0,1.0,1.43,4.87,6.45,1.45,5.15,6.55,Superliga,,20241020_Nordsjaelland_Silkeborg,91.49159799612448,0.46,1.47,3,5,7,13,48.5,51.5,0,1,0,0,11,5
2024-10-20,Sonderjyske,Midtjylland,3.0,2.0,5.9,4.67,1.48,6.34,4.79,1.49,Superliga,,20241020_Sonderjyske_Midtjylland,-294.688106619941,1.52,0.41,5,2,9,4,44.0,56.0,0,1,0,0,3,5
2024-10-21,Aarhus,Brondby,1.0,0.0,2.56,3.36,2.69,2.7,3.38,2.73,Superliga,,20241021_Aarhus_Brondby,-37.726850095890995,1.13,1.28,4,4,10,7,47.9,52.1,2,0,0,0,6,5
2024-10-25,Silkeborg,Aalborg,1.0,1.0,1.92,3.87,3.59,1.97,3.95,3.65,Superliga,,20241025_Silkeborg_Aalborg,103.27755032607843,0.05,0.64,1,5,2,12,49.5,50.5,1,1,0,0,1,4
2024-10-27,Brondby,FC Copenhagen,0.0,0.0,2.47,3.41,2.76,2.54,3.44,2.88,Superliga,,20241027_Brondby_FC-Copenhagen,-42.58715500402354,0.38,1.5,1,5,1,11,48.1,51.9,1,3,0,0,2,8
2024-10-27,Midtjylland,Aarhus,2.0,0.0,2.14,3.55,3.2,2.2,3.68,3.25,Superliga,,20241027_Midtjylland_Aarhus,63.005504589436214,0.81,0.77,2,3,4,9,57.3,42.7,1,2,0,0,2,5
2024-10-27,Vejle,Lyngby,2.0,0.0,2.68,3.34,2.58,2.83,3.4,2.59,Superliga,,20241027_Vejle_Lyngby,-51.98636703403599,0.75,0.75,4,3,8,6,51.8,48.2,0,2,0,1,5,7
2024-10-27,Viborg,Sonderjyske,4.0,2.0,1.74,3.98,4.27,1.76,4.08,4.46,Superliga,,20241027_Viborg_Sonderjyske,88.76537753718526,2.02,1.46,7,4,13,10,45.4,54.6,0,2,0,0,4,6
2024-10-28,Randers FC,Nordsjaelland,4.0,0.0,3.58,3.59,1.99,3.78,3.66,2.01,Superliga,,20241028_Randers-FC_Nordsjaelland,-89.22931193401291,0.81,1.63,4,6,9,12,44.3,55.7,2,2,0,0,7,8
2024-11-02,Sonderjyske,Randers FC,1.0,4.0,3.63,3.72,1.95,3.9,3.86,1.93,Superliga,,20241102_Sonderjyske_Randers-FC,-142.18874591890108,0.95,1.58,4,4,12,10,44.4,55.6,1,2,0,0,10,7
2024-11-03,Aalborg,Vejle,3.0,3.0,2.0,3.76,3.4,2.04,3.87,3.5,Superliga,,20241103_Aalborg_Vejle,39.31850116491728,1.64,1.93,6,6,13,12,52.5,47.5,1,0,0,0,7,11
2024-11-03,Aarhus,Lyngby,2.0,1.0,1.45,4.35,7.08,1.47,4.53,7.36,Superliga,,20241103_Aarhus_Lyngby,173.89166242384567,1.35,0.63,2,2,5,1,55.9,44.1,0,2,0,1,3,2
2024-11-03,Midtjylland,Brondby,1.0,5.0,2.51,3.53,2.63,2.57,3.6,2.74,Superliga,,20241103_Midtjylland_Brondby,60.25836464201666,1.64,1.03,4,5,8,11,59.3,40.7,2,1,0,0,3,14
2024-11-03,Nordsjaelland,Viborg,2.0,1.0,1.49,4.65,5.82,1.5,4.9,5.96,Superliga,,20241103_Nordsjaelland_Viborg,94.62264699436514,1.26,0.05,5,1,10,2,54.6,45.4,1,0,0,0,5,4
2024-11-04,FC Copenhagen,Silkeborg,2.0,2.0,1.44,4.63,6.67,1.47,4.8,6.81,Superliga,,20241104_FC-Copenhagen_Silkeborg,124.75059931741248,0.56,1.28,2,3,5,7,54.8,45.2,1,2,0,0,4,7
2024-11-08,Vejle,Sonderjyske,1.0,1.0,2.31,3.59,2.87,2.39,3.58,2.99,Superliga,,20241108_Vejle_Sonderjyske,0.6562210096337822,0.82,0.86,4,2,9,8,49.3,50.7,4,3,0,0,2,5
2024-11-10,Aarhus,FC Copenhagen,1.0,1.0,2.78,3.24,2.56,2.87,3.2,2.69,Superliga,,20241110_Aarhus_FC-Copenhagen,-51.51943437629916,0.07,0.55,1,2,3,4,45.5,54.5,1,3,0,0,4,3
2024-11-10,Brondby,Nordsjaelland,1.0,1.0,2.08,3.58,3.32,2.19,3.61,3.32,Superliga,,20241110_Brondby_Nordsjaelland,16.577446900638733,1.63,0.96,4,4,10,9,49.8,50.2,3,0,0,0,7,7
2024-11-10,Lyngby,Aalborg,2.0,2.0,2.49,3.55,2.66,2.57,3.67,2.69,Superliga,,20241110_Lyngby_Aalborg,-19.99429021077526,1.06,1.31,2,3,3,5,47.7,52.3,5,0,0,0,4,3
2024-11-10,Silkeborg,Randers FC,1.0,0.0,2.62,3.53,2.52,2.74,3.59,2.57,Superliga,,20241110_Silkeborg_Randers-FC,-17.77918076946503,1.22,0.7,3,2,5,6,40.8,59.2,4,1,0,0,6,5
2024-11-10,Viborg,Midtjylland,1.0,0.0,3.22,3.64,2.11,3.34,3.71,2.15,Superliga,,20241110_Viborg_Midtjylland,-160.95784715592686,1.2,0.62,4,0,10,1,41.0,59.0,2,0,0,0,6,2
2024-11-22,Nordsjaelland,Aarhus,1.0,0.0,2.13,3.38,3.39,2.15,3.53,3.49,Superliga,,20241122_Nordsjaelland_Aarhus,12.280915239222168,0.09,0.82,1,3,2,8,51.3,48.7,1,2,0,0,0,2
2024-11-24,Aalborg,Viborg,0.0,0.0,3.15,3.68,2.12,3.35,3.75,2.13,Superliga,,20241124_Aalborg_Viborg,-85.9118984626009,0.11,0.87,0,4,0,10,46.3,53.7,2,2,0,0,0,5
2024-11-24,FC Copenhagen,Lyngby,2.0,1.0,1.26,5.94,9.94,1.26,6.25,10.92,Superliga,,20241124_FC-Copenhagen_Lyngby,235.85453487346604,1.42,1.37,4,5,9,11,61.5,38.5,3,2,0,0,3,4
2024-11-24,Randers FC,Vejle,2.0,0.0,1.55,4.25,5.52,1.58,4.26,5.88,Superliga,,20241124_Randers-FC_Vejle,143.63355498931378,1.11,0.5,4,2,9,4,62.2,37.8,0,1,0,0,9,3
2024-11-24,Sonderjyske,Brondby,2.0,2.0,5.58,4.32,1.53,5.71,4.48,1.56,Superliga,,20241124_Sonderjyske_Brondby,-233.5252744830541,1.55,1.43,4,3,7,6,44.4,55.6,0,0,0,0,5,3
2024-11-25,Midtjylland,Silkeborg,1.0,0.0,1.73,3.85,4.47,1.76,3.88,4.63,Superliga,,20241125_Midtjylland_Silkeborg,97.34918803196933,0.08,0.96,1,2,0,5,60.0,40.0,1,3,0,0,0,1
2024-11-29,Brondby,Aalborg,1.0,0.0,1.33,5.45,8.14,1.32,5.83,8.91,Superliga,,20241129_Brondby_Aalborg,187.02263935767633,1.95,0.87,7,4,15,8,56.0,44.0,1,1,0,0,9,3
2024-12-01,Lyngby,Sonderjyske,0.0,2.0,2.62,3.3,2.67,2.72,3.37,2.72,Superliga,,20241201_Lyngby_Sonderjyske,5.99567342207456,0.95,0.95,3,4,5,9,48.9,51.1,2,1,0,0,2,8
2024-12-01,Silkeborg,Aarhus,1.0,1.0,3.75,3.44,2.0,3.87,3.53,2.03,Superliga,,20241201_Silkeborg_Aarhus,-51.26581850375851,1.02,1.53,4,3,8,8,49.0,51.0,2,2,0,0,5,4
2024-12-01,Vejle,Midtjylland,0.0,3.0,4.3,3.86,1.76,4.47,4.01,1.78,Superliga,,20241201_Vejle_Midtjylland,-264.45724697213745,0.88,1.44,3,4,7,12,52.0,48.0,3,1,0,0,3,3
2024-12-01,Viborg,Randers FC,1.0,2.0,2.68,3.4,2.54,2.82,3.41,2.6,Superliga,,20241201_Viborg_Randers-FC,-31.98667799243617,1.49,1.68,4,7,8,14,52.0,48.0,2,1,0,0,7,3
2024-12-02,FC Copenhagen,Nordsjaelland,3.0,1.0,2.06,3.5,3.46,2.16,3.54,3.48,Superliga,,20241202_FC-Copenhagen_Nordsjaelland,29.0403231782318,1.55,0.7,5,3,9,6,54.1,45.9,0,1,0,0,9,3
2025-02-14,Brondby,Viborg,4.0,1.0,1.51,4.43,5.77,1.53,4.58,5.97,Superliga,,20250214_Brondby_Viborg,123.92523576414692,1.95,0.97,4,2,8,2,54.0,46.0,1,4,0,0,4,4
2025-02-16,Midtjylland,Lyngby,1.0,0.0,1.39,4.78,7.65,1.4,4.99,7.91,Superliga,,20250216_Midtjylland_Lyngby,261.2380950218185,0.89,0.05,2,3,5,9,56.8,43.2,0,2,0,0,6,6
2025-02-16,Silkeborg,Vejle,0.0,1.0,1.71,3.73,4.89,1.73,3.79,5.16,Superliga,,20250216_Silkeborg_Vejle,155.71881639990784,0.8,1.28,2,3,5,4,61.1,38.9,1,0,0,0,2,4
2025-02-16,Sonderjyske,Aarhus,1.0,4.0,5.08,3.84,1.66,5.31,3.96,1.68,Superliga,,20250216_Sonderjyske_Aarhus,-173.23355518489802,1.35,1.68,4,5,11,12,43.4,56.6,0,1,0,0,7,6
2025-02-17,Randers FC,FC Copenhagen,1.0,2.0,3.06,3.28,2.33,3.17,3.34,2.39,Superliga,,20250217_Randers-FC_FC-Copenhagen,-107.26133379316002,0.35,1.38,1,4,2,10,44.3,55.7,2,1,0,1,3,7
2025-02-21,Lyngby,Randers FC,0.0,0.0,4.07,3.52,1.89,4.15,3.59,1.93,Superliga,,20250221_Lyngby_Randers-FC,-157.57705929028475,0.43,1.14,1,3,1,9,42.3,57.7,1,3,0,0,3,3
2025-02-23,Aarhus,Aalborg,4.0,0.0,1.51,4.19,6.23,1.54,4.3,6.43,Superliga,,20250223_Aarhus_Aalborg,165.57864452270564,1.75,0.85,5,3,10,7,66.1,33.9,1,0,0,0,10,6
2025-02-23,FC Copenhagen,Midtjylland,1.0,0.0,1.97,3.56,3.71,2.01,3.63,3.82,Superliga,,20250223_FC-Copenhagen_Midtjylland,11.688500364443826,0.05,0.36,3,2,6,3,50.5,49.5,2,1,0,0,3,2
2025-02-23,Nordsjaelland,Sonderjyske,3.0,2.0,1.48,4.55,6.07,1.51,4.76,6.13,Superliga,,20250223_Nordsjaelland_Sonderjyske,205.8928508522531,1.4,1.96,6,6,12,13,52.3,47.7,1,1,1,0,8,8
2025-02-23,Vejle,Brondby,2.0,2.0,5.57,4.23,1.55,5.98,4.21,1.58,Superliga,,20250223_Vejle_Brondby,-234.42738550378908,1.18,1.43,2,3,5,8,45.6,54.4,1,0,0,0,7,2
2025-02-24,Viborg,Silkeborg,1.0,4.0,2.04,3.65,3.39,2.07,3.67,3.58,Superliga,,20250224_Viborg_Silkeborg,-26.911742262575444,0.7,1.91,3,7,6,16,40.7,59.3,0,0,0,0,7,7
2025-02-26,Aalborg,Nordsjaelland,1.0,2.0,4.11,4.03,1.76,4.34,4.15,1.77,Superliga,,20250226_Aalborg_Nordsjaelland,-197.59926573832968,1.68,0.32,6,2,12,4,43.7,56.3,1,1,0,0,12,5
2025-02-28,Randers FC,Aarhus,1.0,1.0,3.23,3.06,2.37,3.35,3.08,2.44,Superliga,,20250228_Randers-FC_Aarhus,-56.68304611035296,0.78,0.22,3,1,5,2,51.6,48.4,0,0,0,0,5,5
2025-03-02,Aalborg,FC Copenhagen,0.0,0.0,7.34,4.8,1.4,8.05,4.96,1.4,Superliga,,20250302_Aalborg_FC-Copenhagen,-268.85141057748956,1.16,1.61,6,6,13,14,41.5,58.5,0,0,0,0,4,6
2025-03-02,Midtjylland,Nordsjaelland,2.0,1.0,2.12,3.47,3.33,2.19,3.53,3.41,Superliga,,20250302_Midtjylland_Nordsjaelland,24.717089401897283,1.35,1.08,5,4,12,10,41.0,59.0,2,2,0,0,3,10
2025-03-02,Sonderjyske,Silkeborg,1.0,3.0,3.54,3.61,2.0,3.66,3.68,2.05,Superliga,,20250302_Sonderjyske_Silkeborg,-131.59750047689317,0.55,1.31,2,3,6,5,43.4,56.6,3,0,0,1,2,2
2025-03-02,Viborg,Vejle,3.0,1.0,1.82,3.72,4.11,1.83,3.85,4.37,Superliga,,20250302_Viborg_Vejle,76.58774165598356,1.07,0.47,4,1,12,2,57.4,42.6,4,2,0,0,10,3
2025-03-03,Brondby,Lyngby,1.0,1.0,1.3,5.29,9.45,1.32,5.46,10.48,Superliga,,20250303_Brondby_Lyngby,231.86543687702533,1.28,0.05,4,1,8,1,52.2,47.8,1,0,0,0,5,1
2025-03-07,Nordsjaelland,Vejle,3.0,1.0,1.4,4.78,7.17,1.42,4.81,7.99,Superliga,,20250307_Nordsjaelland_Vejle,215.2529848203078,2.08,1.12,6,4,12,9,60.6,39.4,1,7,0,1,4,9
2025-03-09,Aalborg,Midtjylland,1.0,4.0,4.61,4.01,1.68,4.79,4.03,1.72,Superliga,,20250309_Aalborg_Midtjylland,-237.32803918064155,0.17,1.49,1,5,3,10,36.9,63.1,2,1,0,1,3,3
2025-03-09,Aarhus,Viborg,1.0,1.0,1.56,3.93,6.02,1.6,4.05,6.11,Superliga,,20250309_Aarhus_Viborg,104.58749880215032,0.05,0.94,1,4,1,6,54.3,45.7,1,2,0,0,4,9
2025-03-09,FC Copenhagen,Sonderjyske,1.0,1.0,1.29,5.62,9.28,1.31,5.79,9.8,Superliga,,20250309_FC-Copenhagen_Sonderjyske,282.42636319853955,1.99,0.87,5,3,10,8,58.9,41.1,0,3,0,0,7,4
2025-03-09,Silkeborg,Lyngby,0.0,1.0,1.67,3.87,4.92,1.68,4.01,5.26,Superliga,,20250309_Silkeborg_Lyngby,137.8577775001727,0.85,1.37,2,6,4,13,57.8,42.2,2,0,0,0,3,4
2025-03-10,Randers FC,Brondby,4.0,2.0,3.26,3.28,2.24,3.43,3.33,2.27,Superliga,,20250310_Randers-FC_Brondby,-75.54426783298368,2.56,1.73,9,5,20,11,48.2,51.8,1,0,0,0,6,8
2025-03-16,Brondby,Silkeborg,2.0,2.0,1.64,4.0,4.95,1.66,4.21,5.07,Superliga,,20250316_Brondby_Silkeborg,81.96734942968692,1.78,2.22,6,6,15,13,53.3,46.7,0,0,0,0,1,7
2025-03-16,Lyngby,Nordsjaelland,1.0,0.0,4.07,3.75,1.82,4.23,3.91,1.84,Superliga,,20250316_Lyngby_Nordsjaelland,-199.2733182886002,1.61,0.72,6,3,13,6,39.9,60.1,1,1,0,0,6,4
2025-03-16,Midtjylland,Randers FC,4.0,2.0,1.87,3.6,4.01,1.88,3.71,4.27,Superliga,,20250316_Midtjylland_Randers-FC,105.40753408794058,2.4,0.86,6,3,13,5,54.5,45.5,3,0,0,0,6,5
2025-03-16,Sonderjyske,Aalborg,0.0,3.0,2.41,3.44,2.83,2.53,3.49,2.85,Superliga,,20250316_Sonderjyske_Aalborg,-16.222479220815558,0.86,1.8,2,6,3,14,48.5,51.5,2,2,0,0,4,6
2025-03-16,Vejle,Aarhus,3.0,2.0,5.61,3.95,1.59,6.16,4.04,1.59,Superliga,,20250316_Vejle_Aarhus,-201.8520217750081,1.66,0.83,6,2,13,6,43.5,56.5,3,2,0,0,4,2
2025-03-16,Viborg,FC Copenhagen,3.0,2.0,4.52,3.59,1.79,4.76,3.71,1.8,Superliga,,20250316_Viborg_FC-Copenhagen,-171.26698599296674,1.82,1.93,5,7,11,18,43.0,57.0,2,2,0,0,5,4
2025-03-28,Aalborg,Viborg,0.0,4.0,2.7,3.43,2.53,2.76,3.44,2.63,Superliga,,20250328_Aalborg_Viborg,-84.8670801811179,0.05,0.91,1,4,2,9,48.5,51.5,3,4,0,1,4,3
2025-03-30,Aarhus,Nordsjaelland,2.0,0.0,2.0,3.53,3.63,2.01,3.57,3.9,Superliga,,20250330_Aarhus_Nordsjaelland,-24.24636641200641,1.59,0.8,4,2,9,2,47.1,52.9,2,0,0,0,3,2
2025-03-30,Lyngby,Vejle,1.0,2.0,2.36,3.22,3.08,2.39,3.23,3.27,Superliga,,20250330_Lyngby_Vejle,26.69523116101709,0.81,1.24,4,3,9,5,47.6,52.4,2,3,0,0,4,4
2025-03-30,Midtjylland,Brondby,0.0,2.0,2.26,3.64,2.92,2.28,3.81,3.01,Superliga,,20250330_Midtjylland_Brondby,70.24772655691163,0.05,0.62,0,4,0,7,54.5,45.5,1,4,0,0,1,7
2025-03-30,Sonderjyske,Silkeborg,2.0,1.0,3.68,3.6,1.96,3.91,3.67,1.98,Superliga,,20250330_Sonderjyske_Silkeborg,-136.55746344599493,0.85,0.27,3,1,5,1,45.9,54.1,1,2,0,0,3,3
2025-03-31,FC Copenhagen,Randers FC,1.0,0.0,1.7,3.85,4.83,1.74,3.89,4.89,Superliga,,20250331_FC-Copenhagen_Randers-FC,99.40802619049941,2.01,0.57,6,1,13,3,57.3,42.7,1,0,0,0,6,0
2025-04-04,Randers FC,Midtjylland,2.0,1.0,3.44,3.74,2.0,3.64,3.85,2.0,Superliga,,20250404_Randers-FC_Midtjylland,-116.60525998776166,1.26,0.88,4,3,8,5,44.0,56.0,0,2,0,0,5,4
2025-04-06,Nordsjaelland,FC Copenhagen,0.0,1.0,3.18,3.5,2.18,3.38,3.54,2.19,Superliga,,20250406_Nordsjaelland_FC-Copenhagen,-71.74242933019855,0.05,2.25,0,6,0,12,45.4,54.6,4,3,0,0,3,6
2025-04-06,Silkeborg,Lyngby,2.0,1.0,1.69,3.88,4.76,1.69,3.99,5.12,Superliga,,20250406_Silkeborg_Lyngby,85.80159488151958,0.98,0.37,2,1,4,3,51.3,48.7,1,1,0,0,6,4
2025-04-06,Vejle,Aalborg,1.0,1.0,2.24,3.53,3.03,2.32,3.62,3.08,Superliga,,20250406_Vejle_Aalborg,3.4363318303142023,1.38,2.03,4,6,9,15,49.7,50.3,0,0,0,0,5,6
2025-04-06,Viborg,Sonderjyske,2.0,1.0,1.58,4.08,5.57,1.6,4.17,5.8,Superliga,,20250406_Viborg_Sonderjyske,116.60772108385345,1.58,1.76,2,6,5,10,54.3,45.7,1,3,0,0,2,4
2025-04-07,Brondby,Aarhus,2.0,1.0,2.21,3.37,3.2,2.26,3.44,3.33,Superliga,,20250407_Brondby_Aarhus,28.739035869193913,1.04,0.1,4,3,8,6,55.2,44.8,2,1,0,0,6,7
2025-04-11,Aalborg,Lyngby,2.0,2.0,2.39,3.05,3.18,2.51,3.12,3.18,Superliga,,20250411_Aalborg_Lyngby,4.922869698842078,0.45,2.43,2,8,6,15,48.8,51.2,3,1,0,0,1,7
2025-04-13,Aarhus,Midtjylland,1.0,1.0,2.2,3.34,3.27,2.25,3.4,3.39,Superliga,,20250413_Aarhus_Midtjylland,-65.32622387940796,0.59,1.91,2,7,4,14,50.6,49.4,0,1,0,0,9,10
2025-04-13,FC Copenhagen,Brondby,1.0,2.0,2.03,3.33,3.75,2.08,3.38,3.89,Superliga,,20250413_FC-Copenhagen_Brondby,40.1246792063539,0.98,1.4,5,4,10,7,55.3,44.7,4,3,0,0,8,5
2025-04-13,Nordsjaelland,Randers FC,5.0,2.0,1.96,3.75,3.53,1.96,3.9,3.74,Superliga,,20250413_Nordsjaelland_Randers-FC,19.5407410315745,1.24,1.06,5,4,12,10,48.8,51.2,1,3,0,0,4,5
2025-04-13,Viborg,Silkeborg,2.0,1.0,2.32,3.58,2.86,2.37,3.64,2.98,Superliga,,20250413_Viborg_Silkeborg,12.047702092273084,1.26,1.35,4,1,9,2,49.8,50.2,0,1,0,0,9,1
2025-04-14,Sonderjyske,Vejle,1.0,0.0,2.42,3.38,2.84,2.48,3.44,2.95,Superliga,,20250414_Sonderjyske_Vejle,-24.924039698005117,0.83,0.88,2,2,2,3,47.7,52.3,0,1,0,0,4,2
2025-04-16,Silkeborg,Aalborg,4.0,0.0,1.72,4.02,4.35,1.74,4.17,4.5,Superliga,,20250416_Silkeborg_Aalborg,87.65534772226442,2.97,1.37,10,5,20,12,53.6,46.4,0,2,0,0,4,11
2025-04-17,Lyngby,Sonderjyske,0.0,2.0,2.22,3.36,3.23,2.27,3.38,3.37,Superliga,,20250417_Lyngby_Sonderjyske,4.112850173322386,0.07,0.85,1,3,1,5,50.4,49.6,2,2,0,0,1,3
2025-04-17,Midtjylland,FC Copenhagen,4.0,2.0,2.77,3.27,2.55,2.85,3.35,2.61,Superliga,,20250417_Midtjylland_FC-Copenhagen,-14.407125280097034,0.54,1.27,4,3,9,6,47.4,52.6,5,3,0,0,6,3
2025-04-17,Randers FC,Aarhus,3.0,1.0,2.95,3.24,2.42,3.03,3.33,2.48,Superliga,,20250417_Randers-FC_Aarhus,-33.069492990004846,1.81,1.68,6,6,14,13,51.0,49.0,2,2,0,0,3,6
2025-04-17,Vejle,Viborg,3.0,3.0,3.07,3.65,2.17,3.15,3.67,2.25,Superliga,,20250417_Vejle_Viborg,-132.36154491358548,0.36,1.03,3,4,8,7,42.2,57.8,1,4,0,0,4,5
2025-04-18,Brondby,Nordsjaelland,0.0,0.0,1.97,3.89,3.44,1.99,3.95,3.57,Superliga,,20250418_Brondby_Nordsjaelland,52.78514510851619,0.34,0.05,0,1,0,3,49.7,50.3,1,3,0,0,3,4
2025-04-20,Aalborg,Sonderjyske,2.0,3.0,2.36,3.25,3.02,2.43,3.26,3.18,Superliga,,20250420_Aalborg_Sonderjyske,-12.481495591571502,1.23,1.3,3,3,8,8,43.6,56.4,0,2,0,0,10,6
2025-04-21,Brondby,Randers FC,4.0,3.0,1.79,3.84,4.13,1.83,4.01,4.17,Superliga,,20250421_Brondby_Randers-FC,80.0295025885207,0.95,1.16,4,4,8,10,57.2,42.8,1,0,0,0,4,6
2025-04-21,FC Copenhagen,Aarhus,3.0,1.0,1.85,3.5,4.27,1.88,3.48,4.6,Superliga,,20250421_FC-Copenhagen_Aarhus,75.91463342304178,1.21,0.76,5,4,11,8,57.3,42.7,1,3,0,0,4,3
2025-04-21,Vejle,Silkeborg,0.0,4.0,3.23,3.71,2.07,3.39,3.79,2.1,Superliga,,20250421_Vejle_Silkeborg,-101.81830238958037,1.05,1.96,5,8,11,19,49.4,50.6,2,2,0,0,3,11
2025-04-21,Viborg,Lyngby,1.0,1.0,1.83,3.76,4.01,1.9,3.8,4.07,Superliga,,20250421_Viborg_Lyngby,135.23347122648647,1.17,0.06,5,1,14,3,51.2,48.8,1,0,0,0,7,4
2025-04-22,Nordsjaelland,Midtjylland,3.0,2.0,2.31,3.77,2.74,2.36,3.82,2.88,Superliga,,20250422_Nordsjaelland_Midtjylland,-62.431325651813495,1.85,0.17,5,2,9,4,44.6,55.4,2,1,0,0,6,2
2025-04-25,Randers FC,Brondby,0.0,0.0,3.39,3.53,2.09,3.62,3.63,2.14,Superliga,,20250425_Randers-FC_Brondby,-98.59700163511297,0.8,0.36,1,1,1,3,48.4,51.6,2,1,0,0,3,1
2025-04-27,Aarhus,FC Copenhagen,1.0,3.0,3.42,3.48,2.08,3.65,3.49,2.11,Superliga,,20250427_Aarhus_FC-Copenhagen,-94.75252615431509,1.43,1.23,4,5,8,13,46.2,53.8,2,1,1,0,2,6
2025-04-27,Lyngby,Silkeborg,2.0,0.0,3.18,3.45,2.19,3.34,3.49,2.23,Superliga,,20250427_Lyngby_Silkeborg,-117.54762232427879,1.19,0.5,3,1,7,3,40.6,59.4,1,0,0,0,7,7
2025-04-27,Midtjylland,Nordsjaelland,5.0,0.0,2.13,4.06,2.88,2.2,4.17,2.94,Superliga,,20250427_Midtjylland_Nordsjaelland,34.16454744302291,2.28,0.05,10,2,20,3,50.6,49.4,1,2,0,0,9,1
2025-04-27,Sonderjyske,Viborg,2.0,2.0,2.82,3.69,2.29,2.91,3.77,2.35,Superliga,,20250427_Sonderjyske_Viborg,-99.04475122383087,0.97,1.93,3,5,5,11,42.0,58.0,1,1,0,0,4,5
2025-04-28,Aalborg,Vejle,0.0,1.0,2.27,3.51,2.94,2.27,3.68,3.11,Superliga,,20250428_Aalborg_Vejle,-6.89574804758945,0.26,0.31,2,1,4,2,54.1,45.9,0,2,0,0,2,4
2025-05-02,Randers FC,Nordsjaelland,3.0,2.0,2.5,3.58,2.62,2.6,3.63,2.68,Superliga,,20250502_Randers-FC_Nordsjaelland,-40.1393254414088,2.3,0.9,8,3,18,6,54.4,45.6,1,2,0,0,8,4
2025-05-04,Brondby,FC Copenhagen,0.0,3.0,2.44,3.37,2.83,2.49,3.44,2.94,Superliga,,20250504_Brondby_FC-Copenhagen,-14.935344630244117,0.78,1.67,5,5,13,14,60.3,39.7,2,2,0,0,4,8
2025-05-04,Lyngby,Viborg,0.0,0.0,2.61,3.4,2.58,2.7,3.4,2.71,Superliga,,20250504_Lyngby_Viborg,-107.0937424765159,0.11,0.53,0,2,0,4,51.0,49.0,3,0,0,0,3,1
2025-05-04,Midtjylland,Aarhus,3.0,1.0,1.8,3.9,4.0,1.85,4.02,4.09,Superliga,,20250504_Midtjylland_Aarhus,101.41764699405417,0.97,0.38,4,2,10,4,50.8,49.2,0,3,0,0,5,4
2025-05-04,Silkeborg,Vejle,1.0,1.0,1.81,3.82,4.09,1.83,4.01,4.14,Superliga,,20250504_Silkeborg_Vejle,91.30592486037449,0.92,0.45,3,2,8,3,51.4,48.6,0,2,0,0,6,2
2025-05-05,Sonderjyske,Aalborg,2.0,2.0,2.45,3.37,2.81,2.55,3.49,2.81,Superliga,,20250505_Sonderjyske_Aalborg,50.7126682835742,1.15,0.6,4,2,7,6,50.6,49.4,1,3,0,0,5,1
2025-05-11,Aarhus,Randers FC,1.0,3.0,2.5,3.28,2.83,2.58,3.36,2.87,Superliga,,20250511_Aarhus_Randers-FC,-27.439798286039604,1.41,0.38,5,3,11,6,49.8,50.2,2,5,0,0,8,3
2025-05-11,FC Copenhagen,Midtjylland,1.0,1.0,2.03,3.55,3.47,2.08,3.62,3.6,Superliga,,20250511_FC-Copenhagen_Midtjylland,13.838289147275873,0.35,0.13,1,1,2,3,51.1,48.9,2,1,0,0,4,5
2025-05-11,Nordsjaelland,Brondby,2.0,2.0,3.33,3.9,1.98,3.39,4.04,2.03,Superliga,,20250511_Nordsjaelland_Brondby,-53.71972621901955,1.15,0.3,3,2,4,3,39.0,61.0,2,1,0,0,1,1
2025-05-11,Silkeborg,Sonderjyske,1.0,0.0,1.72,4.01,4.33,1.76,4.08,4.49,Superliga,,20250511_Silkeborg_Sonderjyske,69.66899892249671,0.99,0.19,3,0,6,2,50.7,49.3,1,2,0,0,5,2
2025-05-11,Viborg,Aalborg,3.0,1.0,1.93,3.79,3.58,1.92,3.97,3.81,Superliga,,20250511_Viborg_Aalborg,137.76990719500168,0.66,1.14,3,2,7,3,54.6,45.4,1,2,1,0,1,4
2025-05-12,Vejle,Lyngby,2.0,0.0,1.99,3.51,3.67,2.02,3.64,3.77,Superliga,,20250512_Vejle_Lyngby,-6.085023850550215,1.36,0.05,3,0,7,0,51.1,48.9,3,5,0,0,4,2
2025-05-16,Nordsjaelland,Aarhus,2.0,0.0,1.89,3.86,3.72,1.93,3.93,3.81,Superliga,,20250516_Nordsjaelland_Aarhus,53.71366454862164,0.2,0.87,2,4,5,5,53.9,46.1,3,1,0,0,6,6
2025-05-18,Aalborg,Silkeborg,2.0,3.0,2.87,3.81,2.25,2.92,3.94,2.29,Superliga,,20250518_Aalborg_Silkeborg,-134.00493795880084,1.18,2.14,3,6,6,11,43.2,56.8,1,3,0,0,2,5
2025-05-18,Randers FC,FC Copenhagen,0.0,4.0,3.53,3.52,2.03,3.65,3.61,2.07,Superliga,,20250518_Randers-FC_FC-Copenhagen,-93.47094492155315,0.69,1.47,1,4,1,10,43.3,56.7,1,0,0,0,2,6
2025-05-18,Sonderjyske,Lyngby,5.0,1.0,2.73,3.45,2.49,2.79,3.51,2.56,Superliga,,20250518_Sonderjyske_Lyngby,11.970697503748852,1.58,1.29,5,5,11,13,53.4,46.6,0,2,0,0,6,8
2025-05-18,Viborg,Vejle,0.0,1.0,1.69,4.17,4.42,1.72,4.24,4.55,Superliga,,20250518_Viborg_Vejle,101.27281375949747,1.88,1.83,7,5,14,12,51.7,48.3,3,1,0,0,12,7
2025-05-19,Brondby,Midtjylland,1.0,2.0,2.14,3.87,3.01,2.15,4.07,3.12,Superliga,,20250519_Brondby_Midtjylland,-26.38446650423134,0.94,0.38,2,2,5,4,51.5,48.5,2,0,0,0,5,6
2025-05-24,Lyngby,Aalborg,3.0,1.0,1.93,3.92,3.5,1.91,4.08,3.69,Superliga,,20250524_Lyngby_Aalborg,29.115873143330646,1.29,1.39,4,3,8,8,52.9,47.1,3,1,0,0,6,4
2025-05-24,Silkeborg,Viborg,1.0,2.0,2.56,3.91,2.42,2.63,4.08,2.42,Superliga,,20250524_Silkeborg_Viborg,4.272820895396762,0.89,1.0,2,3,4,7,49.3,50.7,1,0,0,0,2,3
2025-05-24,Vejle,Sonderjyske,2.0,3.0,2.17,3.78,2.99,2.24,3.92,2.97,Superliga,,20250524_Vejle_Sonderjyske,10.179893880749432,1.0,1.49,2,4,4,9,47.7,52.3,0,0,0,0,0,3
2025-05-25,Aarhus,Brondby,2.0,3.0,3.51,3.86,1.93,3.69,4.09,1.9,Superliga,,20250525_Aarhus_Brondby,-102.8208304460752,1.19,1.13,3,6,7,12,36.5,63.5,1,0,0,0,2,10
2025-05-25,FC Copenhagen,Nordsjaelland,3.0,0.0,1.43,5.05,6.22,1.43,5.21,6.8,Superliga,,20250525_FC-Copenhagen_Nordsjaelland,87.99342394392193,0.78,1.04,3,3,5,8,51.5,48.5,2,1,0,0,7,4
2025-05-25,Midtjylland,Randers FC,3.0,2.0,1.63,4.45,4.59,1.62,4.68,4.88,Superliga,,20250525_Midtjylland_Randers-FC,100.52585087219131,0.98,0.82,3,3,6,9,57.4,42.6,3,0,0,1,6,8
2025-07-18,Viborg,FC Copenhagen,2.0,3.0,5.65,4.11,1.52,6.17,4.34,1.55,Superliga,,20250718_Viborg_FC-Copenhagen,-158.42940060810815,0.85,1.27,3,3,7,6,47.7,52.3,1,2,0,0,4,5
2025-07-20,Brondby,Silkeborg,3.0,0.0,1.63,4.0,4.61,1.67,4.27,4.95,Superliga,,20250720_Brondby_Silkeborg,118.77128222135548,2.05,0.26,6,2,12,5,53.8,46.2,1,4,0,0,6,6
2025-07-20,Fredericia,Nordsjaelland,2.0,3.0,3.51,3.56,1.93,3.82,3.67,2.0,Superliga,,20250720_Fredericia_Nordsjaelland,-95.33345037681192,0.58,1.17,2,4,5,8,40.7,59.3,0,4,0,0,5,5
2025-07-20,Midtjylland,Odense,3.0,3.0,1.44,4.56,5.92,1.48,4.92,6.31,Superliga,,20250720_Midtjylland_Odense,233.1715037480294,1.1,0.1,4,3,11,6,54.6,45.4,1,4,0,0,2,4
2025-07-20,Sonderjyske,Aarhus,1.0,1.0,3.8,3.3,1.94,4.29,3.46,1.95,Superliga,,20250720_Sonderjyske_Aarhus,-59.27512312926115,0.82,1.54,2,5,5,13,49.7,50.3,2,2,0,0,7,7
2025-07-20,Vejle,Randers FC,1.0,1.0,3.13,3.45,2.12,3.32,3.6,2.2,Superliga,,20250720_Vejle_Randers-FC,-124.58575047679642,0.87,1.31,3,3,6,7,46.3,53.7,2,2,0,1,5,6
2025-07-25,Aarhus,Randers FC,1.0,2.0,1.87,3.54,3.79,1.93,3.75,4.04,Superliga,,20250725_Aarhus_Randers-FC,-48.687553840896044,1.02,0.41,3,2,7,5,40.4,59.6,0,4,0,0,7,3
2025-07-26,FC Copenhagen,Vejle,2.0,0.0,1.25,5.67,9.81,1.27,6.14,10.41,Superliga,,20250726_FC-Copenhagen_Vejle,256.14781644921345,0.82,0.06,4,1,5,3,56.8,43.2,1,1,0,0,2,1
2025-07-27,Nordsjaelland,Brondby,0.0,1.0,3.08,3.7,2.06,3.29,3.81,2.14,Superliga,,20250727_Nordsjaelland_Brondby,-45.624257242174735,0.88,0.74,3,2,6,6,48.2,51.8,0,2,0,0,3,5
2025-07-27,Odense,Viborg,3.0,1.0,2.16,3.59,2.95,2.16,3.78,3.26,Superliga,,20250727_Odense_Viborg,-71.87748877818194,1.29,1.38,4,5,10,10,50.9,49.1,0,0,0,0,3,3
2025-07-27,Silkeborg,Fredericia,0.0,2.0,1.73,3.73,4.29,1.74,3.95,4.77,Superliga,,20250727_Silkeborg_Fredericia,23.660565368742255,0.85,2.18,2,8,6,18,42.6,57.4,0,4,0,0,3,8
2025-07-28,Midtjylland,Sonderjyske,6.0,2.0,1.5,4.54,5.22,1.55,4.84,5.4,Superliga,,20250728_Midtjylland_Sonderjyske,218.7756533741083,2.64,1.41,10,5,20,11,52.4,47.6,3,0,0,0,6,5
2025-08-01,Fredericia,FC Copenhagen,0.0,2.0,6.38,4.6,1.42,6.92,4.77,1.46,Superliga,,20250801_Fredericia_FC-Copenhagen,-208.69521462845137,0.31,0.71,0,3,0,5,46.0,54.0,0,3,0,0,1,4
2025-08-01,Vejle,Odense,4.0,0.0,2.57,3.47,2.48,2.79,3.61,2.51,Superliga,,20250801_Vejle_Odense,-31.002451878478496,0.4,0.93,4,3,8,6,48.8,51.2,2,0,0,0,9,3
2025-08-03,Aarhus,Midtjylland,0.0,0.0,2.37,3.55,2.67,2.45,3.73,2.8,Superliga,,20250803_Aarhus_Midtjylland,-179.1911147891983,0.7,0.9,4,1,10,2,47.2,52.8,0,1,0,0,6,3
2025-08-03,Brondby,Viborg,0.0,2.0,1.69,3.91,4.27,1.75,4.06,4.59,Superliga,,20250803_Brondby_Viborg,138.55855447608656,0.57,1.53,3,4,8,7,54.9,45.1,1,2,0,0,3,2
2025-08-03,Randers FC,Silkeborg,1.0,0.0,1.88,3.66,3.64,1.96,3.84,3.77,Superliga,,20250803_Randers-FC_Silkeborg,76.7083341348557,0.26,1.5,1,6,2,14,52.6,47.4,1,1,0,0,8,3
2025-08-03,Sonderjyske,Nordsjaelland,3.0,2.0,2.91,3.61,2.17,2.98,3.8,2.3,Superliga,,20250803_Sonderjyske_Nordsjaelland,-134.4649889340942,0.77,0.72,3,3,7,6,41.8,58.2,3,2,0,0,1,5
2025-08-08,FC Copenhagen,Aarhus,2.0,3.0,1.79,3.55,4.11,1.74,3.99,4.75,Superliga,,20250808_FC-Copenhagen_Aarhus,203.1610562531714,0.79,1.89,3,7,4,16,62.0,38.0,1,2,0,0,2,6
2025-08-08,Viborg,Sonderjyske,1.0,0.0,1.85,3.63,3.78,1.97,3.77,3.81,Superliga,,20250808_Viborg_Sonderjyske,62.51869448620778,1.92,0.94,7,2,16,3,55.4,44.6,1,1,0,0,5,4
2025-08-10,Brondby,Vejle,2.0,1.0,1.58,4.13,4.8,1.66,4.36,4.87,Superliga,,20250810_Brondby_Vejle,182.92796547133753,0.73,0.9,2,3,4,6,61.0,39.0,5,0,0,0,1,5
2025-08-10,Midtjylland,Fredericia,3.0,3.0,1.35,5.2,6.69,1.41,5.32,7.17,Superliga,,20250810_Midtjylland_Fredericia,184.43861078770647,2.18,1.23,7,3,16,6,56.3,43.7,4,0,0,0,8,3
2025-08-10,Silkeborg,Nordsjaelland,4.0,2.0,2.53,3.54,2.46,2.63,3.7,2.62,Superliga,,20250810_Silkeborg_Nordsjaelland,-84.59802273472496,1.96,1.2,5,3,11,6,47.7,52.3,0,1,0,0,7,9
2025-08-11,Odense,Randers FC,3.0,2.0,2.46,3.42,2.6,2.63,3.57,2.68,Superliga,,20250811_Odense_Randers-FC,-122.58834702415857,0.91,1.63,3,6,6,12,42.5,57.5,4,1,0,0,3,9
2025-08-15,Fredericia,Sonderjyske,3.0,2.0,2.45,3.45,2.59,2.58,3.62,2.7,Superliga,,20250815_Fredericia_Sonderjyske,38.52661841918848,1.08,1.51,3,4,7,9,48.7,51.3,3,4,1,0,2,6
2025-08-15,Nordsjaelland,FC Copenhagen,1.0,3.0,3.94,3.77,1.77,3.54,3.86,2.03,Superliga,,20250815_Nordsjaelland_FC-Copenhagen,-137.56323274997158,1.39,1.52,4,4,6,6,45.0,55.0,1,1,0,0,3,2
2025-08-17,Randers FC,Brondby,0.0,2.0,2.76,3.37,2.37,2.86,3.59,2.47,Superliga,,20250817_Randers-FC_Brondby,-77.74725391256175,0.66,1.46,1,4,5,6,54.8,45.2,2,2,0,0,4,3
2025-08-17,Vejle,Midtjylland,0.0,2.0,3.42,3.8,1.89,3.98,4.03,1.86,Superliga,,20250817_Vejle_Midtjylland,-222.5890936289925,1.07,0.9,3,2,8,4,41.9,58.1,1,3,0,0,8,8
2025-08-17,Viborg,Silkeborg,2.0,3.0,2.24,3.48,2.86,2.28,3.64,3.13,Superliga,,20250817_Viborg_Silkeborg,40.50086148643095,1.2,1.45,3,5,6,10,53.1,46.9,0,1,1,0,2,6
2025-08-18,Odense,Aarhus,1.0,5.0,3.16,3.5,2.09,2.96,3.63,2.38,Superliga,,20250818_Odense_Aarhus,-51.78893071331777,1.41,2.24,5,6,11,11,46.0,54.0,0,0,0,0,9,5
2025-08-23,FC Copenhagen,Odense,1.0,1.0,1.36,4.88,7.08,1.43,5.08,7.06,Superliga,,20250823_FC-Copenhagen_Odense,236.03024046220298,0.51,0.28,1,1,1,1,61.4,38.6,0,3,0,0,2,2
2025-08-24,Aarhus,Vejle,1.0,0.0,1.56,4.01,5.25,1.58,4.15,6.03,Superliga,,20250824_Aarhus_Vejle,94.36985077127588,1.25,0.47,4,0,10,2,56.7,43.3,2,3,0,0,6,2
2025-08-24,Fredericia,Randers FC,1.0,0.0,3.01,3.69,2.08,3.03,3.88,2.24,Superliga,,20250824_Fredericia_Randers-FC,-47.74696170095922,1.33,0.66,5,2,11,6,53.5,46.5,3,1,0,0,5,2
2025-08-24,Midtjylland,Silkeborg,4.0,2.0,1.61,4.25,4.36,1.7,4.31,4.59,Superliga,,20250824_Midtjylland_Silkeborg,161.3783995400886,1.64,0.48,6,2,11,6,59.1,40.9,1,1,0,0,3,4
2025-08-24,Sonderjyske,Brondby,2.0,0.0,3.63,3.64,1.88,3.79,3.94,1.93,Superliga,,20250824_Sonderjyske_Brondby,-204.08765851776752,1.72,0.48,5,2,11,5,41.8,58.2,2,2,0,0,5,2
2025-08-25,Nordsjaelland,Viborg,1.0,0.0,1.85,3.82,3.57,1.95,3.88,3.78,Superliga,,20250825_Nordsjaelland_Viborg,20.276325666209004,0.82,0.48,1,1,0,4,47.8,52.2,1,1,0,0,3,3
2025-08-29,Vejle,Viborg,1.0,2.0,2.54,3.3,2.57,2.83,3.44,2.57,Superliga,,20250829_Vejle_Viborg,-82.87600665397508,0.65,1.44,2,4,6,9,41.9,58.1,0,1,0,0,2,4
2025-08-31,Aarhus,Fredericia,4.0,1.0,1.41,4.64,6.45,1.44,4.97,7.1,Superliga,,20250831_Aarhus_Fredericia,23.843572517016582,1.2,1.06,4,4,7,8,49.7,50.3,0,2,0,0,2,3
2025-08-31,Brondby,Midtjylland,1.0,3.0,2.43,3.5,2.59,2.49,3.53,2.87,Superliga,,20250831_Brondby_Midtjylland,-48.234857027118096,1.55,2.34,4,8,10,19,48.3,51.7,2,2,0,0,5,14
2025-08-31,Odense,Nordsjaelland,1.0,2.0,2.68,3.52,2.35,2.5,3.6,2.81,Superliga,,20250831_Odense_Nordsjaelland,-87.70957385819543,1.43,0.56,5,2,11,4,51.3,48.7,3,2,0,0,7,1
2025-08-31,Randers FC,FC Copenhagen,1.0,5.0,4.31,3.77,1.71,4.41,3.92,1.81,Superliga,,20250831_Randers-FC_FC-Copenhagen,-151.25514865321566,0.85,2.19,2,7,2,17,39.9,60.1,6,1,0,0,3,8
2025-08-31,Silkeborg,Sonderjyske,0.0,2.0,2.02,3.68,3.16,2.19,3.81,3.18,Superliga,,20250831_Silkeborg_Sonderjyske,40.680931840480525,0.38,1.51,2,5,6,10,57.7,42.3,4,1,0,0,3,6
2025-09-12,Sonderjyske,Randers FC,0.0,1.0,2.29,3.48,2.71,2.36,3.73,2.92,Superliga,,20250912_Sonderjyske_Randers-FC,-55.16659779982069,0.65,1.71,0,6,0,15,46.2,53.8,1,4,0,0,2,6
2025-09-13,Brondby,FC Copenhagen,2.0,1.0,3.74,3.4,1.9,3.73,3.38,2.13,Superliga,,20250913_Brondby_FC-Copenhagen,-76.91544276080594,1.1,1.49,4,4,8,7,48.6,51.4,0,3,0,0,4,5
2025-09-14,Nordsjaelland,Midtjylland,1.0,0.0,2.85,3.66,2.16,3.11,3.8,2.23,Superliga,,20250914_Nordsjaelland_Midtjylland,-124.19232468897985,0.93,1.32,4,3,7,4,43.7,56.3,5,0,0,0,8,3
2025-09-14,Silkeborg,Odense,2.0,1.0,2.29,3.55,2.69,2.45,3.83,2.75,Superliga,,20250914_Silkeborg_Odense,31.256483345857532,1.23,0.52,5,1,12,3,48.2,51.8,2,3,0,0,4,4
2025-09-14,Viborg,Aarhus,1.0,2.0,2.86,3.36,2.27,3.05,3.69,2.3,Superliga,,20250914_Viborg_Aarhus,-31.117840182329473,0.68,1.4,3,5,5,12,49.1,50.9,3,1,1,0,0,3
2025-09-15,Fredericia,Vejle,1.0,1.0,2.65,3.43,2.39,2.81,3.66,2.47,Superliga,,20250915_Fredericia_Vejle,86.17604265387058,1.7,0.79,4,2,10,6,56.7,43.3,2,2,0,0,7,1
2025-09-19,Odense,Fredericia,3.0,2.0,1.58,4.08,4.73,1.74,4.14,4.57,Superliga,,20250919_Odense_Fredericia,-55.98156138502259,1.36,1.16,5,6,10,14,44.6,55.4,1,3,0,0,7,3
2025-09-20,Midtjylland,Viborg,2.0,0.0,1.7,4.02,3.99,1.62,4.5,5.08,Superliga,,20250920_Midtjylland_Viborg,161.72478253878717,1.49,0.32,4,2,9,3,56.1,43.9,1,1,0,0,7,5
2025-09-21,Aarhus,Brondby,1.0,0.0,2.1,3.42,3.13,2.19,3.55,3.4,Superliga,,20250921_Aarhus_Brondby,-70.55624022276311,1.2,0.43,3,1,6,2,43.8,56.2,4,3,0,0,4,0
2025-09-21,FC Copenhagen,Silkeborg,3.0,3.0,1.31,5.03,7.84,1.36,5.46,8.33,Superliga,,20250921_FC-Copenhagen_Silkeborg,181.1661082860926,1.93,1.31,4,4,9,8,53.9,46.1,5,4,0,1,7,2
2025-09-21,Vejle,Sonderjyske,2.0,2.0,2.2,3.46,2.91,2.27,3.63,3.16,Superliga,,20250921_Vejle_Sonderjyske,-42.546589843416086,1.44,1.67,4,5,9,11,55.3,44.7,0,3,0,0,0,5
2025-09-22,Randers FC,Nordsjaelland,3.0,0.0,2.56,3.45,2.44,2.57,3.57,2.75,Superliga,,20250922_Randers-FC_Nordsjaelland,-39.24197524244619,1.66,0.9,3,3,6,6,51.1,48.9,0,0,0,0,2,5
2025-09-27,Sonderjyske,FC Copenhagen,1.0,2.0,6.05,4.19,1.46,6.36,4.57,1.51,Superliga,,20250927_Sonderjyske_FC-Copenhagen,-211.79997782847,1.8,1.4,8,3,19,6,36.0,64.0,2,1,0,0,9,2
2025-09-28,Brondby,Odense,5.0,1.0,1.66,3.92,4.3,1.74,4.24,4.47,Superliga,,20250928_Brondby_Odense,158.26089148010465,1.92,0.52,7,1,16,3,58.4,41.6,1,2,0,0,3,4
2025-09-28,Nordsjaelland,Aarhus,1.0,2.0,2.54,3.46,2.46,2.54,3.64,2.74,Superliga,,20250928_Nordsjaelland_Aarhus,-10.96390010724167,1.45,0.29,4,2,8,2,51.9,48.1,2,2,0,0,4,2
2025-09-28,Silkeborg,Vejle,1.0,1.0,2.06,3.48,3.15,2.08,3.69,3.54,Superliga,,20250928_Silkeborg_Vejle,81.74746681221882,0.2,1.07,1,4,1,9,55.1,44.9,2,1,1,0,4,5
2025-09-28,Viborg,Fredericia,2.0,1.0,1.62,4.09,4.47,1.68,4.28,4.78,Superliga,,20250928_Viborg_Fredericia,14.201475035389194,0.87,1.29,2,3,4,7,53.1,46.9,2,0,0,0,8,2
2025-09-29,Midtjylland,Randers FC,2.0,1.0,1.66,3.9,4.32,1.66,4.27,5.01,Superliga,,20250929_Midtjylland_Randers-FC,124.63889845879748,1.8,1.95,6,6,15,12,56.8,43.2,2,2,0,0,3,8
2025-10-03,Odense,Sonderjyske,1.0,1.0,2.17,3.47,2.94,2.14,3.65,3.41,Superliga,,20251003_Odense_Sonderjyske,-4.215813860877915,0.61,1.25,3,3,7,6,56.4,43.6,4,2,0,0,1,5
2025-10-05,Aarhus,Silkeborg,3.0,1.0,1.56,4.1,4.95,1.56,4.48,5.73,Superliga,,20251005_Aarhus_Silkeborg,85.97461682778157,1.37,0.85,5,2,11,4,52.6,47.4,2,3,1,0,2,5
2025-10-05,FC Copenhagen,Midtjylland,1.0,1.0,1.89,3.48,3.71,1.97,3.52,4.11,Superliga,,20251005_FC-Copenhagen_Midtjylland,-5.435275830010141,1.38,0.21,5,1,11,1,49.0,51.0,3,0,0,0,6,2
2025-10-05,Fredericia,Brondby,0.0,2.0,5.57,4.52,1.46,5.33,4.32,1.62,Superliga,,20251005_Fredericia_Brondby,-148.50602229616356,1.38,1.18,2,4,4,9,48.5,51.5,4,0,0,0,7,7
2025-10-05,Randers FC,Viborg,2.0,1.0,2.23,3.38,2.91,2.26,3.57,3.21,Superliga,,20251005_Randers-FC_Viborg,31.276366293386445,1.38,1.79,5,7,10,16,51.1,48.9,1,4,1,0,5,3
2025-10-05,Vejle,Nordsjaelland,0.0,3.0,3.07,3.48,2.11,3.06,3.67,2.3,Superliga,,20251005_Vejle_Nordsjaelland,-127.97032504403842,0.05,2.28,0,8,0,16,46.6,53.4,1,0,0,0,1,5
2025-10-17,Silkeborg,FC Copenhagen,3.0,1.0,4.86,3.77,1.63,4.89,4.13,1.69,Superliga,,20251017_Silkeborg_FC-Copenhagen,-187.19836528554788,1.26,0.92,3,1,4,1,45.9,54.1,3,3,0,0,4,1
2025-10-19,Brondby,Aarhus,3.0,3.0,2.26,3.34,2.9,2.48,3.42,2.96,Superliga,,20251019_Brondby_Aarhus,35.0820216523548,1.34,1.74,6,6,12,12,47.7,52.3,0,0,0,0,10,7
2025-10-19,Midtjylland,Vejle,5.0,1.0,1.24,5.79,9.41,1.31,5.79,9.82,Superliga,,20251019_Midtjylland_Vejle,267.1406701200651,2.09,0.66,7,4,16,11,60.0,40.0,3,1,0,0,8,7
2025-10-19,Nordsjaelland,Randers FC,1.0,0.0,1.82,3.71,3.74,1.88,3.91,4.01,Superliga,,20251019_Nordsjaelland_Randers-FC,5.6390144097067605,1.33,0.66,3,4,7,9,47.0,53.0,3,1,0,0,5,7
2025-10-19,Viborg,Odense,1.0,2.0,2.0,3.49,3.35,2.0,3.86,3.62,Superliga,,20251019_Viborg_Odense,49.67357092579118,0.15,1.35,1,5,3,10,62.0,38.0,4,2,0,0,2,5
2025-10-20,Sonderjyske,Fredericia,3.0,0.0,1.73,3.88,3.95,1.79,4.04,4.38,Superliga,,20251020_Sonderjyske_Fredericia,-12.288706750488473,1.62,0.61,5,2,11,3,49.4,50.6,1,3,0,1,7,5
2025-10-24,Aarhus,Nordsjaelland,1.0,0.0,1.75,3.8,3.99,1.79,3.97,4.1,Superliga,,20251024_Aarhus_Nordsjaelland,24.9291746596175,0.94,0.21,1,2,3,4,55.0,45.0,3,3,0,0,4,3
2025-10-26,FC Copenhagen,Viborg,0.0,0.0,1.42,4.4,6.34,1.47,4.54,6.33,Superliga,,20251026_FC-Copenhagen_Viborg,173.13100067665937,1.03,1.53,5,4,11,9,60.3,39.7,1,5,0,0,5,1
2025-10-26,Fredericia,Midtjylland,0.0,4.0,7.64,5.44,1.29,6.7,5.19,1.4,Superliga,,20251026_Fredericia_Midtjylland,-232.52082621607292,0.61,2.73,2,7,3,14,35.5,64.5,3,3,0,0,3,5
2025-10-26,Randers FC,Sonderjyske,0.0,0.0,1.91,3.66,3.44,1.95,3.87,3.56,Superliga,,20251026_Randers-FC_Sonderjyske,74.64113704827218,0.91,0.51,2,0,4,2,53.4,46.6,4,0,0,0,1,1
2025-10-26,Vejle,Silkeborg,1.0,2.0,2.72,3.45,2.32,2.83,3.45,2.46,Superliga,,20251026_Vejle_Silkeborg,-97.0319836413014,0.38,0.6,1,2,3,6,44.9,55.1,2,2,0,0,1,4
2025-10-27,Odense,Brondby,1.0,4.0,3.52,3.56,1.91,3.6,3.81,1.95,Superliga,,20251027_Odense_Brondby,-164.13147593568033,0.43,0.99,1,4,2,9,49.2,50.8,0,4,0,0,1,10
2025-11-01,FC Copenhagen,Fredericia,3.0,2.0,1.22,6.17,9.7,,,,Superliga,,20251101_FC-Copenhagen_Fredericia,204.7681653319462,1.31,1.36,4,5,8,12,55.7,44.3,2,2,0,0,6,7
2025-11-02,Nordsjaelland,Odense,2.0,4.0,1.71,3.98,4.0,,,,Superliga,,20251102_Nordsjaelland_Odense,102.11328774600929,1.04,0.41,2,4,5,9,53.3,46.7,0,1,0,0,7,3
2025-11-02,Silkeborg,Brondby,0.0,2.0,2.95,3.6,2.13,,,,Superliga,,20251102_Silkeborg_Brondby,-118.10865683008547,1.73,1.62,5,6,12,14,43.5,56.5,2,2,0,0,7,6
2025-11-02,Sonderjyske,Vejle,2.0,1.0,1.93,3.52,3.5,,,,Superliga,,20251102_Sonderjyske_Vejle,66.94101718170623,1.71,1.61,4,6,7,15,51.7,48.3,5,2,1,0,6,7
2025-11-02,Viborg,Randers FC,3.0,2.0,2.29,3.42,2.77,,,,Superliga,,20251102_Viborg_Randers-FC,-46.951980313761396,1.44,1.22,5,4,13,11,46.6,53.4,3,2,0,0,3,3
2025-11-03,Midtjylland,Aarhus,1.0,1.0,1.76,4.01,3.73,,,,Superliga,,20251103_Midtjylland_Aarhus,84.9869047773011,1.41,1.25,3,6,6,14,54.1,45.9,2,0,0,0,2,3
2025-11-07,Odense,Silkeborg,1.0,1.0,1.94,3.67,3.36,,,,Superliga,,20251107_Odense_Silkeborg,-35.959804852892375,1.16,0.85,4,3,8,8,44.6,55.4,2,1,0,0,5,5
2025-11-09,Aarhus,Sonderjyske,2.0,3.0,1.51,4.22,5.34,,,,Superliga,,20251109_Aarhus_Sonderjyske,130.58324776511176,1.34,1.0,4,4,10,9,57.5,42.5,5,2,0,0,9,6
2025-11-09,Brondby,Nordsjaelland,2.0,0.0,2.03,3.53,3.21,,,,Superliga,,20251109_Brondby_Nordsjaelland,98.95433021385861,1.42,0.47,5,0,10,1,55.3,44.7,2,2,0,0,7,5
2025-11-09,Fredericia,Viborg,0.0,3.0,3.13,3.67,2.02,,,,Superliga,,20251109_Fredericia_Viborg,-61.95462764603644,1.24,1.56,2,6,3,11,41.6,58.4,1,0,0,0,0,8
2025-11-09,Randers FC,Midtjylland,0.0,2.0,4.57,3.98,1.62,,,,Superliga,,20251109_Randers-FC_Midtjylland,-163.57881803427404,0.96,0.7,3,2,4,4,43.0,57.0,1,0,0,0,2,1
2025-11-09,Vejle,FC Copenhagen,2.0,0.0,5.19,4.04,1.55,,,,Superliga,,20251109_Vejle_FC-Copenhagen,-266.986945311553,0.95,0.5,3,3,6,5,40.2,59.8,1,1,1,0,5,2
2025-11-21,Silkeborg,Aarhus,0.0,2.0,3.56,3.72,1.85,,,,Superliga,,20251121_Silkeborg_Aarhus,-85.74144729431987,0.27,0.81,0,3,3,8,47.9,52.1,2,5,0,0,2,7
2025-11-23,FC Copenhagen,Brondby,1.0,0.0,1.83,3.53,3.88,,,,Superliga,,20251123_FC-Copenhagen_Brondby,-11.83103786827678,1.29,0.69,4,1,9,2,47.4,52.6,2,0,0,0,9,1
2025-11-23,Nordsjaelland,Fredericia,5.0,0.0,1.33,5.08,7.05,,,,Superliga,,20251123_Nordsjaelland_Fredericia,101.72498435324724,2.47,0.7,8,2,17,6,50.7,49.3,2,2,0,0,8,3
2025-11-23,Sonderjyske,Midtjylland,2.0,1.0,4.69,4.11,1.58,,,,Superliga,,20251123_Sonderjyske_Midtjylland,-200.23833918242758,0.12,1.43,2,5,6,11,47.7,52.3,1,3,0,0,0,9
2025-11-23,Viborg,Vejle,5.0,2.0,1.72,3.73,4.25,,,,Superliga,,20251123_Viborg_Vejle,103.01025737488271,1.43,1.32,5,3,11,7,51.9,48.1,0,1,0,0,5,8
2025-11-24,Randers FC,Odense,0.0,0.0,2.17,3.4,3.03,,,,Superliga,,20251124_Randers-FC_Odense,44.45330360876915,0.58,1.64,1,5,2,12,53.4,46.6,0,2,0,0,1,7
2025-11-28,Sonderjyske,Viborg,2.0,2.0,2.25,3.4,2.86,,,,Superliga,,20251128_Sonderjyske_Viborg,-10.383072346538256,0.54,1.05,2,2,5,5,50.2,49.8,1,4,0,0,3,4
2025-11-30,Aarhus,FC Copenhagen,2.0,0.0,2.39,3.45,2.62,,,,Superliga,,20251130_Aarhus_FC-Copenhagen,-49.898441837367955,0.28,1.74,2,4,3,8,46.1,53.9,0,1,0,0,3,5
2025-11-30,Midtjylland,Nordsjaelland,6.0,0.0,1.75,3.98,3.85,,,,Superliga,,20251130_Midtjylland_Nordsjaelland,133.32940857699236,2.26,0.86,7,2,13,4,49.6,50.4,3,2,0,0,4,3
2025-11-30,Odense,Vejle,3.0,0.0,1.78,3.72,3.93,,,,Superliga,,20251130_Odense_Vejle,71.73886647474751,2.28,1.13,8,3,19,8,56.0,44.0,1,2,0,0,10,4
2025-11-30,Silkeborg,Randers FC,0.0,0.0,2.55,3.48,2.46,,,,Superliga,,20251130_Silkeborg_Randers-FC,-18.538927672045247,0.24,0.05,0,0,1,1,46.8,53.2,3,1,0,0,2,1
2025-12-01,Brondby,Fredericia,1.0,3.0,1.24,5.91,9.11,,,,Superliga,,20251201_Brondby_Fredericia,214.1979560607349,0.69,1.36,1,5,4,11,56.1,43.9,1,0,0,0,3,9
2025-12-05,Fredericia,Odense,1.0,3.0,3.97,3.97,1.72,,,,Superliga,,20251205_Fredericia_Odense,-41.461623326248855,0.16,1.75,1,5,3,13,53.5,46.5,1,0,0,0,4,7
2025-12-07,FC Copenhagen,Sonderjyske,0.0,2.0,1.55,4.1,5.12,,,,Superliga,,20251207_FC-Copenhagen_Sonderjyske,124.65052204827884,0.8,1.81,2,6,5,13,49.3,50.7,3,3,0,0,6,5
2025-12-07,Nordsjaelland,Silkeborg,5.0,0.0,1.62,4.28,4.31,,,,Superliga,,20251207_Nordsjaelland_Silkeborg,37.29464908354862,2.02,0.05,8,0,17,0,49.3,50.7,0,1,0,0,8,1
2025-12-07,Randers FC,Aarhus,1.0,2.0,3.39,3.49,1.98,,,,Superliga,,20251207_Randers-FC_Aarhus,-99.74847253324083,1.44,1.13,4,3,8,5,45.4,54.6,1,3,0,0,3,6
2025-12-07,Viborg,Midtjylland,3.0,3.0,4.77,4.05,1.59,,,,Superliga,,20251207_Viborg_Midtjylland,-161.34236353134952,2.35,1.21,9,3,20,8,37.6,62.4,1,0,0,0,8,7
2025-12-08,Vejle,Brondby,2.0,1.0,4.04,3.67,1.77,,,,Superliga,,20251208_Vejle_Brondby,-226.4202354632605,0.83,1.87,2,8,3,18,39.9,60.1,5,0,0,0,2,4
2026-02-08,Brondby,Randers FC,0.0,0.0,2.12,3.35,3.2,,,,Superliga,,20260208_Brondby_Randers-FC,94.13776852367118,1.5,1.34,5,4,12,8,50.7,49.3,0,2,0,0,6,8
2026-02-08,Midtjylland,FC Copenhagen,2.0,1.0,2.17,3.44,2.99,,,,Superliga,,20260208_Midtjylland_FC-Copenhagen,57.283710200921405,1.71,0.38,4,1,10,2,54.6,45.4,3,1,0,0,7,3
2026-02-08,Nordsjaelland,Sonderjyske,2.0,1.0,1.78,3.78,3.92,,,,Superliga,,20260208_Nordsjaelland_Sonderjyske,17.049315177158178,2.23,0.95,8,3,16,6,51.8,48.2,4,4,0,0,6,3
2026-02-08,Silkeborg,Viborg,0.0,1.0,3.01,3.55,2.12,,,,Superliga,,20260208_Silkeborg_Viborg,-40.419188626862024,0.53,0.73,1,2,1,5,41.0,59.0,5,1,0,0,3,4
2026-02-09,Aarhus,Odense,2.0,1.0,1.64,3.88,4.59,,,,Superliga,,20260209_Aarhus_Odense,129.02286504593258,0.49,0.53,2,3,5,7,56.1,43.9,3,1,0,0,2,4
2026-02-09,Vejle,Fredericia,2.0,3.0,1.96,3.49,3.46,,,,Superliga,,20260209_Vejle_Fredericia,-19.942539750473998,0.73,0.81,2,3,4,7,49.8,50.2,2,1,0,0,2,5
2026-02-13,Randers FC,Vejle,2.0,0.0,1.84,3.37,4.11,,,,Superliga,,20260213_Randers-FC_Vejle,109.02118297369952,0.88,0.59,3,3,5,8,49.4,50.6,1,1,0,0,5,2
2026-02-14,FC Copenhagen,Nordsjaelland,1.0,2.0,1.78,3.83,3.85,,,,Superliga,,20260214_FC-Copenhagen_Nordsjaelland,53.891183137396865,0.55,1.14,2,2,5,4,51.6,48.4,4,2,0,0,5,5
2026-02-15,Fredericia,Aarhus,1.0,1.0,6.01,4.58,1.43,,,,Superliga,,20260215_Fredericia_Aarhus,-188.05983115944332,0.41,0.66,3,4,8,9,43.2,56.8,3,1,0,0,3,7
2026-02-15,Odense,Midtjylland,1.0,4.0,4.13,3.88,1.7,,,,Superliga,,20260215_Odense_Midtjylland,-201.7827002225074,1.26,1.84,5,5,12,10,35.8,64.2,1,1,0,0,2,5
2026-02-15,Viborg,Brondby,1.0,0.0,2.41,3.45,2.63,,,,Superliga,,20260215_Viborg_Brondby,-59.26412271541085,0.69,1.6,1,4,1,9,48.6,51.4,2,1,0,0,8,7
2026-02-16,Sonderjyske,Silkeborg,2.0,1.0,1.85,3.78,3.55,,,,Superliga,,20260216_Sonderjyske_Silkeborg,40.87758521655337,1.69,0.94,5,4,11,8,51.1,48.9,2,3,0,0,10,2
2026-02-20,Nordsjaelland,Vejle,3.0,3.0,1.34,4.96,7.26,,,,Superliga,,20260220_Nordsjaelland_Vejle,178.85707530699824,1.74,0.71,7,3,14,6,54.4,45.6,1,1,0,0,10,7
2026-02-21,Odense,FC Copenhagen,2.0,2.0,3.65,3.71,1.83,,,,Superliga,,20260221_Odense_FC-Copenhagen,-116.29522622739364,1.75,1.77,7,6,14,14,51.0,49.0,1,2,0,0,5,8
2026-02-22,Aarhus,Viborg,5.0,2.0,1.68,3.79,4.32,,,,Superliga,,20260222_Aarhus_Viborg,73.12492478085187,1.57,1.21,5,4,10,11,56.0,44.0,2,1,0,0,5,7
2026-02-22,Randers FC,Fredericia,1.0,2.0,1.62,3.87,4.73,,,,Superliga,,20260222_Randers-FC_Fredericia,68.88068858777001,0.05,1.15,1,4,2,9,56.0,44.0,1,2,0,0,1,7
2026-02-22,Silkeborg,Midtjylland,0.0,4.0,5.42,4.53,1.46,,,,Superliga,,20260222_Silkeborg_Midtjylland,-228.31932008756985,0.36,1.03,1,4,2,8,42.8,57.2,0,0,0,0,4,8
2026-02-23,Brondby,Sonderjyske,0.0,0.0,1.83,3.49,3.97,,,,Superliga,,20260223_Brondby_Sonderjyske,55.40429230226778,0.97,1.11,3,4,8,10,58.6,41.4,1,1,0,0,2,9
2026-03-01,FC Copenhagen,Randers FC,1.0,2.0,1.51,4.1,5.48,,,,Superliga,,20260301_FC-Copenhagen_Randers-FC,89.80233355658993,1.2,1.6,3,6,8,13,53.2,46.8,0,1,0,0,4,7
2026-03-01,Fredericia,Silkeborg,2.0,1.0,2.29,3.54,2.67,,,,Superliga,,20260301_Fredericia_Silkeborg,2.612357475869203,1.55,0.15,5,1,11,2,52.9,47.1,1,3,0,0,11,2
2026-03-01,Midtjylland,Brondby,0.0,0.0,1.47,4.29,5.59,,,,Superliga,,20260301_Midtjylland_Brondby,117.82813748522995,1.23,1.03,5,3,9,5,48.9,51.1,2,0,0,0,5,4
2026-03-01,Sonderjyske,Odense,1.0,0.0,2.2,3.48,2.84,,,,Superliga,,20260301_Sonderjyske_Odense,44.997099618177344,0.9,0.89,5,1,10,4,47.9,52.1,2,3,0,0,5,6
2026-03-01,Vejle,Aarhus,1.0,2.0,5.44,4.15,1.5,,,,Superliga,,20260301_Vejle_Aarhus,-236.87922720755068,0.38,1.14,1,3,3,6,43.3,56.7,0,0,0,0,4,4
2026-03-01,Viborg,Nordsjaelland,2.0,1.0,2.08,3.61,2.99,,,,Superliga,,20260301_Viborg_Nordsjaelland,-22.756678504675847,1.39,1.38,3,3,6,7,43.0,57.0,2,3,0,0,4,12
2026-03-13,Fredericia,Randers FC,0.0,3.0,3.15,3.64,2.01,,,,Superliga,,20260313_Fredericia_Randers-FC,-43.30856758968139,0.05,0.72,0,3,2,7,50.1,49.9,1,1,0,0,3,3
2026-03-15,Brondby,Viborg,0.0,1.0,2.11,3.39,3.13,,,,Superliga,,20260315_Brondby_Viborg,29.958621071926473,0.84,1.24,2,4,4,11,45.7,54.3,2,1,0,0,2,6
2026-03-15,Midtjylland,Nordsjaelland,0.0,1.0,1.38,4.86,6.13,,,,Superliga,,20260315_Midtjylland_Nordsjaelland,142.7588578334594,0.66,0.89,0,2,1,4,56.0,44.0,0,2,0,1,2,0
2026-03-15,Odense,FC Copenhagen,2.0,1.0,2.83,3.57,2.19,,,,Superliga,,20260315_Odense_FC-Copenhagen,-103.96909429259335,1.76,0.37,7,2,15,4,47.0,53.0,0,1,0,0,13,2
2026-03-15,Sonderjyske,Aarhus,1.0,1.0,3.52,3.53,1.91,,,,Superliga,,20260315_Sonderjyske_Aarhus,-99.36643261409267,1.01,0.84,3,1,5,4,46.9,53.1,1,1,0,0,4,3
2026-03-16,Silkeborg,Vejle,1.0,1.0,2.28,3.45,2.77,,,,Superliga,,20260316_Silkeborg_Vejle,55.877370943285996,2.56,1.0,9,6,20,13,54.2,45.8,0,1,0,0,14,6
2026-03-20,Vejle,Odense,1.0,1.0,3.1,3.41,2.12,,,,Superliga,,20260320_Vejle_Odense,-94.95632172953219,1.08,1.29,5,5,11,11,47.5,52.5,2,0,0,0,12,5
2026-03-22,Aarhus,Brondby,0.0,0.0,1.68,3.72,4.46,,,,Superliga,,20260322_Aarhus_Brondby,63.98202146495646,1.54,0.81,6,3,12,5,52.8,47.2,1,3,0,0,8,4
2026-03-22,FC Copenhagen,Fredericia,1.0,2.0,1.31,5.25,7.33,,,,Superliga,,20260322_FC-Copenhagen_Fredericia,98.06651774284956,1.86,0.05,6,2,12,3,57.7,42.3,2,1,1,0,7,1
2026-03-22,Nordsjaelland,Sonderjyske,2.0,0.0,2.03,3.65,3.08,,,,Superliga,,20260322_Nordsjaelland_Sonderjyske,25.632913823718354,2.13,1.22,8,3,19,8,53.5,46.5,1,0,0,0,12,5
2026-03-22,Randers FC,Silkeborg,0.0,3.0,1.76,3.68,4.04,,,,Superliga,,20260322_Randers-FC_Silkeborg,82.16581458184737,1.79,1.84,7,6,16,13,53.5,46.5,3,1,0,0,10,5
2026-03-22,Viborg,Midtjylland,1.0,1.0,3.08,3.61,2.05,,,,Superliga,,20260322_Viborg_Midtjylland,-110.2428595230324,0.21,0.95,1,3,3,7,48.9,51.1,2,1,0,0,1,4
2026-04-04,Midtjylland,Sonderjyske,2.0,2.0,1.43,4.52,6.06,,,,Superliga,,20260404_Midtjylland_Sonderjyske,142.48169806501323,1.79,0.29,8,2,17,3,55.0,45.0,2,1,0,0,6,1
2026-04-05,FC Copenhagen,Silkeborg,7.0,0.0,1.33,5.14,7.01,,,,Superliga,,20260405_FC-Copenhagen_Silkeborg,85.81393314566753,2.14,1.27,7,5,16,10,55.2,44.8,4,1,1,0,4,6
2026-04-06,Odense,Fredericia,1.0,0.0,1.55,4.27,4.68,,,,Superliga,,20260406_Odense_Fredericia,6.572078131169292,0.37,0.87,1,3,1,6,44.7,55.3,3,1,0,0,4,8
2026-04-06,Vejle,Randers FC,1.0,1.0,2.84,3.23,2.34,,,,Superliga,,20260406_Vejle_Randers-FC,-116.22971113266726,1.89,1.59,5,5,10,11,51.5,48.5,3,1,0,0,7,5
2026-04-06,Viborg,Aarhus,1.0,2.0,2.88,3.32,2.27,,,,Superliga,,20260406_Viborg_Aarhus,-62.006263347628874,1.62,0.21,4,2,5,5,54.3,45.7,3,0,0,0,6,5
2026-04-07,Nordsjaelland,Brondby,2.0,1.0,2.11,3.51,3.0,,,,Superliga,,20260407_Nordsjaelland_Brondby,5.862330593175102,1.63,0.93,4,2,10,6,50.8,49.2,2,3,0,0,6,0
2026-04-10,Aarhus,Nordsjaelland,1.0,1.0,1.78,3.81,3.82,,,,Superliga,,20260410_Aarhus_Nordsjaelland,51.832552572846,1.07,0.98,3,4,7,8,50.0,50.0,4,1,0,0,3,6
2026-04-12,Brondby,Midtjylland,1.0,2.0,3.22,3.49,2.04,,,,Superliga,,20260412_Brondby_Midtjylland,-107.61346655866942,1.08,0.76,1,2,4,7,45.8,54.2,2,3,0,0,4,4
2026-04-12,Randers FC,FC Copenhagen,1.0,2.0,4.33,3.75,1.7,,,,Superliga,,20260412_Randers-FC_FC-Copenhagen,-46.18644911824708,1.08,1.4,3,3,8,7,48.4,51.6,2,0,0,0,3,5
2026-04-12,Silkeborg,Odense,3.0,1.0,3.17,3.69,1.99,,,,Superliga,,20260412_Silkeborg_Odense,-45.787306525566464,0.83,0.62,4,3,9,7,54.6,45.4,3,3,0,0,4,2
2026-04-12,Sonderjyske,Viborg,0.0,2.0,2.8,3.52,2.24,,,,Superliga,,20260412_Sonderjyske_Viborg,-25.0649859779071,1.03,1.92,2,5,3,13,45.5,54.5,0,0,0,0,1,2
2026-04-13,Fredericia,Vejle,2.0,2.0,2.32,3.49,2.72,,,,Superliga,,20260413_Fredericia_Vejle,66.33935294612047,0.46,1.75,2,5,5,11,55.2,44.8,2,3,0,0,6,4
2026-04-17,Brondby,Sonderjyske,6.0,0.0,1.81,3.69,3.76,,,,Superliga,,20260417_Brondby_Sonderjyske,28.28109805373856,2.27,1.29,8,3,17,7,51.6,48.4,2,2,0,0,10,3
2026-04-19,Nordsjaelland,Viborg,2.0,1.0,2.15,3.61,2.86,,,,Superliga,,20260419_Nordsjaelland_Viborg,20.57665682715833,0.85,0.93,2,3,2,6,46.6,53.4,1,1,0,0,3,5
2026-04-19,Odense,Randers FC,3.0,1.0,2.17,3.37,2.97,,,,Superliga,,20260419_Odense_Randers-FC,-15.188270960232785,2.03,0.41,8,1,18,4,53.9,46.1,0,2,0,0,8,1
2026-04-19,Silkeborg,Fredericia,2.0,2.0,2.0,3.71,3.1,,,,Superliga,,20260419_Silkeborg_Fredericia,0.1670230924983116,1.81,1.06,6,3,11,7,48.1,51.9,2,1,0,0,6,4
2026-04-19,Vejle,FC Copenhagen,1.0,4.0,4.87,3.97,1.58,,,,Superliga,,20260419_Vejle_FC-Copenhagen,-162.824256655133,0.94,2.4,3,7,6,15,41.9,58.1,1,0,0,0,4,11
2026-04-20,Midtjylland,Aarhus,2.0,1.0,1.97,3.47,3.38,,,,Superliga,,20260420_Midtjylland_Aarhus,36.49820125739893,0.64,0.34,3,1,5,1,44.7,55.3,1,3,0,0,3,3
2026-04-22,FC Copenhagen,Odense,2.0,1.0,1.56,4.12,4.89,,,,Superliga,,20260422_FC-Copenhagen_Odense,76.4334297779144,1.47,0.05,6,1,12,2,45.1,54.9,0,2,1,0,3,6
2026-04-22,Vejle,Silkeborg,1.0,2.0,2.2,3.54,2.85,,,,Superliga,,20260422_Vejle_Silkeborg,-68.72768245908787,0.7,1.72,3,5,8,12,51.5,48.5,1,1,0,0,5,8
2026-04-22,Viborg,Brondby,0.0,1.0,2.19,3.51,2.89,,,,Superliga,,20260422_Viborg_Brondby,-3.2600367817601636,0.38,1.24,1,5,2,13,49.5,50.5,0,2,0,0,1,4
2026-04-23,Nordsjaelland,Aarhus,1.0,1.0,2.8,3.64,2.18,,,,Superliga,,20260423_Nordsjaelland_Aarhus,-26.244264407833043,1.31,1.54,4,4,9,6,49.6,50.4,1,1,0,0,6,5
2026-04-23,Randers FC,Fredericia,2.0,2.0,1.82,3.64,3.78,,,,Superliga,,20260423_Randers-FC_Fredericia,21.46789061286063,1.6,2.1,5,5,8,9,49.1,50.9,2,2,0,0,5,4
2026-04-23,Sonderjyske,Midtjylland,1.0,2.0,5.38,4.42,1.47,,,,Superliga,,20260423_Sonderjyske_Midtjylland,-174.45919961682193,1.44,1.18,5,2,10,4,42.2,57.8,2,0,0,1,8,3
2026-04-26,Aarhus,Midtjylland,0.0,0.0,2.54,3.25,2.54,,,,Superliga,,20260426_Aarhus_Midtjylland,-65.3254282689229,0.05,1.76,1,5,1,13,44.4,55.6,0,1,0,0,0,7
2026-04-26,Fredericia,Odense,0.0,2.0,2.89,3.68,2.1,,,,Superliga,,20260426_Fredericia_Odense,-21.185725707989832,0.11,1.74,2,7,6,16,44.6,55.4,2,2,0,0,0,12
2026-04-26,Silkeborg,Randers FC,2.0,0.0,3.02,3.37,2.16,,,,Superliga,,20260426_Silkeborg_Randers-FC,-10.91515749072687,2.16,0.57,7,3,15,6,52.1,47.9,1,2,0,0,6,4
2026-04-26,Sonderjyske,Brondby,3.0,0.0,3.44,3.71,1.87,,,,Superliga,,20260426_Sonderjyske_Brondby,-68.65369317202112,0.49,0.81,3,1,7,3,40.7,59.3,3,3,0,0,6,6
2026-04-26,Viborg,Nordsjaelland,1.0,0.0,2.19,3.72,2.71,,,,Superliga,,20260426_Viborg_Nordsjaelland,-55.94906156613638,0.5,0.98,1,4,0,8,49.7,50.3,0,0,0,0,2,5
2026-04-27,FC Copenhagen,Vejle,3.0,0.0,1.21,5.99,9.89,,,,Superliga,,20260427_FC-Copenhagen_Vejle,195.39232444839513,0.88,1.01,3,3,8,9,56.6,43.4,3,1,0,0,7,6
2026-05-01,Brondby,Nordsjaelland,1.0,1.0,2.15,3.71,2.75,,,,Superliga,,20260501_Brondby_Nordsjaelland,-29.339160498555884,1.52,2.24,5,7,10,15,50.5,49.5,1,4,0,0,6,2
2026-05-03,Aarhus,Sonderjyske,2.0,1.0,1.31,5.16,7.5,,,,Superliga,,20260503_Aarhus_Sonderjyske,109.89193812765916,0.59,0.22,3,1,5,3,52.3,47.7,0,2,0,1,5,2
2026-05-03,Fredericia,FC Copenhagen,3.0,3.0,5.11,4.52,1.48,,,,Superliga,,20260503_Fredericia_FC-Copenhagen,-133.57512423043136,0.63,0.83,3,3,7,9,39.1,60.9,1,2,0,0,1,4
2026-05-03,Odense,Silkeborg,2.0,3.0,1.52,4.37,4.8,,,,Superliga,,20260503_Odense_Silkeborg,11.00636185919302,2.27,1.69,7,8,14,18,41.7,58.3,5,2,0,0,10,3
2026-05-03,Randers FC,Vejle,1.0,0.0,1.5,4.11,5.47,,,,Superliga,,20260503_Randers-FC_Vejle,92.46246569095456,1.19,1.11,4,2,7,5,52.7,47.3,0,2,0,0,3,2
2026-05-04,Midtjylland,Viborg,3.0,3.0,1.46,4.38,5.52,,,,Superliga,,20260504_Midtjylland_Viborg,129.56338193129204,1.4,1.2,4,5,12,13,52.6,47.4,3,0,0,0,6,7
2026-05-08,Viborg,Sonderjyske,0.0,1.0,1.52,4.43,4.75,,,,Superliga,,20260508_Viborg_Sonderjyske,53.79851705428291,1.12,1.12,3,3,5,7,51.6,48.4,1,1,0,0,3,6
2026-05-10,Brondby,Aarhus,0.0,2.0,3.0,3.49,2.09,,,,Superliga,,20260510_Brondby_Aarhus,-77.23513173546417,0.59,2.02,1,6,4,13,46.2,53.8,1,1,0,0,2,3
2026-05-10,Nordsjaelland,Midtjylland,0.0,0.0,2.83,3.66,2.11,,,,Superliga,,20260510_Nordsjaelland_Midtjylland,-98.17856809301247,1.35,1.17,5,5,12,10,46.5,53.5,0,2,0,0,7,9
2026-05-10,Silkeborg,FC Copenhagen,0.0,4.0,4.63,4.13,1.57,,,,Superliga,,20260510_Silkeborg_FC-Copenhagen,-84.0784936832681,1.56,1.1,6,4,14,9,36.2,63.8,1,3,0,0,8,6
2026-05-10,Vejle,Fredericia,2.0,0.0,3.31,3.73,1.9,,,,Superliga,,20260510_Vejle_Fredericia,-86.86200684247478,0.89,0.62,2,1,6,2,48.0,52.0,4,2,0,0,7,4
2026-05-11,Randers FC,Odense,2.0,2.0,2.19,3.47,2.84,,,,Superliga,,20260511_Randers-FC_Odense,-3.5851529675139773,2.17,1.37,6,3,14,6,56.3,43.7,2,4,0,0,4,5
2026-05-17,Aarhus,Viborg,6.0,2.0,2.22,3.62,2.72,,,,Superliga,,20260517_Aarhus_Viborg,95.96467034930333,1.8,1.34,6,4,15,8,52.7,47.3,2,2,0,0,2,3
2026-05-17,FC Copenhagen,Randers FC,5.0,0.0,1.51,4.23,5.1,,,,Superliga,,20260517_FC-Copenhagen_Randers-FC,110.4449233295395,1.44,0.56,6,2,13,5,55.1,44.9,0,0,0,0,4,4
2026-05-17,Fredericia,Silkeborg,4.0,1.0,1.85,4.03,3.3,,,,Superliga,,20260517_Fredericia_Silkeborg,-46.48654387957686,2.04,0.05,6,1,13,0,47.9,52.1,3,1,0,0,6,4
2026-05-17,Midtjylland,Brondby,2.0,3.0,2.14,3.47,2.95,,,,Superliga,,20260517_Midtjylland_Brondby,131.56783657096503,0.73,1.03,2,4,5,8,59.8,40.2,3,4,0,0,5,4
2026-05-17,Odense,Vejle,0.0,1.0,1.61,4.16,4.27,,,,Superliga,,20260517_Odense_Vejle,98.74422461965491,1.06,0.8,3,2,6,4,52.0,48.0,3,2,0,0,1,7
2026-05-17,Sonderjyske,Nordsjaelland,1.0,4.0,3.1,3.65,2.02,,,,Superliga,,20260517_Sonderjyske_Nordsjaelland,-66.08651016248882,0.57,1.57,2,5,4,13,53.0,47.0,0,6,0,0,5,7
2026-07-24,Viborg,Odense,1.0,0.0,1.7,3.93,3.93,,,,Superliga,,20260724_Viborg_Odense,74.34670575093423,0.05,0.84,1,3,2,6,52.9,47.1,0,0,0,0,1,3
2026-07-25,Aarhus,Brondby,1.0,1.0,1.97,3.58,3.27,,,,Superliga,,20260725_Aarhus_Brondby,88.41463592796708,1.28,1.58,3,6,8,14,53.9,46.1,3,4,0,0,4,9
2026-07-26,FC Copenhagen,Lyngby,3.0,2.0,1.38,4.77,6.32,,,,Superliga,,20260726_FC-Copenhagen_Lyngby,192.78804496613088,1.63,1.69,5,5,14,11,61.6,38.4,2,1,0,0,7,5
2026-07-26,Horsens,Nordsjaelland,1.0,1.0,3.84,3.58,1.79,,,,Superliga,,20260726_Horsens_Nordsjaelland,-232.66573577267263,1.2,0.65,4,3,9,6,45.5,54.5,1,0,0,0,6,4
2026-07-26,Sonderjyske,Midtjylland,2.0,3.0,5.16,4.23,1.5,,,,Superliga,,20260726_Sonderjyske_Midtjylland,-151.0639077657977,1.3,2.05,3,6,7,14,47.5,52.5,1,1,0,0,6,10
2026-07-27,Randers FC,Silkeborg,1.0,1.0,1.65,3.87,4.35,,,,Superliga,,20260727_Randers-FC_Silkeborg,-2.7763784622513867,1.17,1.24,3,4,6,9,43.1,56.9,3,3,0,0,3,4
2026-08-01,Lyngby,Aarhus,2.0,2.0,2.66,3.42,2.34,,,,Superliga,,20260801_Lyngby_Aarhus,-252.85658933351215,0.7,0.83,2,2,4,6,42.8,57.2,0,0,0,0,2,2
2026-08-02,Brondby,Viborg,1.0,0.0,1.9,3.6,3.47,,,,Superliga,,20260802_Brondby_Viborg,18.60345089528937,1.49,0.78,5,3,13,7,44.4,55.6,3,1,0,0,10,3
2026-08-02,Midtjylland,Horsens,2.0,1.0,1.28,5.13,8.34,,,,Superliga,,20260802_Midtjylland_Horsens,298.2249689174132,2.1,1.11,8,2,17,3,54.4,45.6,1,1,0,0,7,2
2026-08-02,Nordsjaelland,Randers FC,1.0,0.0,1.55,4.08,4.83,,,,Superliga,,20260802_Nordsjaelland_Randers-FC,122.0452455776483,1.35,0.91,4,3,10,7,58.1,41.9,1,5,0,0,3,4
2026-08-02,Silkeborg,FC Copenhagen,1.0,3.0,5.87,4.62,1.42,,,,Superliga,,20260802_Silkeborg_FC-Copenhagen,-130.3320725253261,1.56,1.13,5,4,12,10,45.9,54.1,2,0,0,0,10,6
2026-08-03,Odense,Sonderjyske,1.0,0.0,2.13,3.49,2.96,,,,Superliga,,20260803_Odense_Sonderjyske,-49.64025565433667,0.83,0.85,2,4,3,8,45.5,54.5,1,3,0,0,4,5
2026-08-07,Sonderjyske,Viborg,0.0,0.0,3.84,3.92,1.75,,,,Superliga,,20260807_Sonderjyske_Viborg,-45.99260921607424,0.09,0.39,2,2,6,6,47.8,52.2,1,2,0,0,3,2
2026-08-09,Horsens,Brondby,0.0,2.0,5.18,3.86,1.56,,,,Superliga,,20260809_Horsens_Brondby,-210.24911739241293,1.52,1.59,4,5,10,13,42.3,57.7,2,3,0,0,12,6
2026-08-09,Randers FC,Lyngby,2.0,0.0,2.28,3.45,2.76,,,,Superliga,,20260809_Randers-FC_Lyngby,56.36077376533785,0.57,0.24,2,1,3,0,51.9,48.1,3,1,0,0,5,3
2026-08-10,Silkeborg,Odense,1.0,0.0,2.84,3.5,2.2,,,,Superliga,,20260810_Silkeborg_Odense,-5.575030876256733,0.46,1.14,1,2,1,4,53.9,46.1,1,1,0,0,3,1
2026-08-14,Viborg,Aarhus,2.0,1.0,2.02,3.61,3.19,,,,Superliga,,20260814_Viborg_Aarhus,-106.51605509880687,1.88,1.02,8,3,18,5,35.8,64.2,1,0,0,0,4,1
2026-08-16,Lyngby,Midtjylland,1.0,1.0,3.7,3.68,1.82,,,,Superliga,,20260816_Lyngby_Midtjylland,-279.67475071325134,0.86,1.29,2,4,3,9,32.6,67.4,2,1,0,0,4,4
2026-08-16,Nordsjaelland,Silkeborg,1.0,0.0,1.35,5.13,6.62,,,,Superliga,,20260816_Nordsjaelland_Silkeborg,122.9164414369236,1.08,1.83,4,5,7,10,51.1,48.9,3,1,0,0,7,6
2026-08-16,Odense,Horsens,1.0,2.0,1.74,3.59,4.35,,,,Superliga,,20260816_Odense_Horsens,94.0215896517202,1.4,0.81,5,3,11,7,52.4,47.6,2,3,0,0,10,3
2026-08-16,Randers FC,FC Copenhagen,0.0,4.0,4.4,3.9,1.65,,,,Superliga,,20260816_Randers-FC_FC-Copenhagen,-138.49473555347504,1.23,1.23,3,4,3,8,38.6,61.4,4,2,0,0,1,4
2026-08-17,Brondby,Sonderjyske,3.0,2.0,1.37,4.62,6.89,,,,Superliga,,20260817_Brondby_Sonderjyske,91.24448065047022,1.52,1.68,5,5,11,9,53.6,46.4,4,1,0,0,7,4
2026-08-23,Aarhus,Odense,2.0,2.0,1.86,3.66,3.55,,,,Superliga,,20260823_Aarhus_Odense,184.95878690372706,0.9,0.26,4,2,6,5,59.5,40.5,4,2,0,0,5,5
2026-08-23,Horsens,Lyngby,2.0,1.0,3.37,3.24,2.06,,,,Superliga,,20260823_Horsens_Lyngby,-24.20320983480451,1.73,0.25,7,2,16,4,51.8,48.2,1,1,0,0,11,5
2026-08-23,Midtjylland,Randers FC,1.0,0.0,1.39,4.57,6.55,,,,Superliga,,20260823_Midtjylland_Randers-FC,202.6265724727548,1.08,0.05,3,1,8,0,51.1,48.9,1,5,0,0,7,2
2026-08-23,Sonderjyske,Nordsjaelland,0.0,3.0,3.99,3.77,1.74,,,,Superliga,,20260823_Sonderjyske_Nordsjaelland,-122.56259470759392,1.24,0.36,4,3,10,4,49.3,50.7,1,0,0,0,8,5
2026-08-23,Viborg,FC Copenhagen,4.0,0.0,2.9,3.44,2.21,,,,Superliga,,20260823_Viborg_FC-Copenhagen,-65.39310666938741,0.63,1.19,4,4,9,8,37.2,62.8,1,1,0,0,4,4
2026-08-24,Brondby,Silkeborg,3.0,1.0,1.41,4.58,6.08,,,,Superliga,,20260824_Brondby_Silkeborg,125.28299175441384,1.3,0.17,5,1,11,3,48.5,51.5,5,0,0,0,5,2
2026-08-28,Horsens,Viborg,2.0,3.0,,,,,,,Superliga,,20260828_Horsens_Viborg,-174.65696936620043,0.98,1.5,2,5,3,10,46.3,53.7,3,1,1,0,5,5
