date,home_team,away_team,home_goals,away_goals,odd_home,odd_draw,odd_away,odd_home_pin,odd_draw_pin,odd_away_pin,tournament,stadium,MATCH_ID,elo_diff,home_xg,away_xg,home_shots_on,away_shots_on,home_shots_off,away_shots_off,home_possession,away_possession,home_yellow,away_yellow,home_red,away_red,home_corners,away_corners
2018-08-24,Concordia,Astra,0,3,2.51,3.08,2.83,2.61,3.19,2.97,Liga I,,20180824_Concordia_Astra,0.0,1.19,1.96,5,8,9,20,46.8,53.2,3,0,0,1,5,7
2018-08-25,Calarasi,Poli Iasi,2,0,2.43,2.93,3.09,2.55,3.03,3.2,Liga I,,20180825_Calarasi_Poli-Iasi,0.0,0.33,0.77,2,3,3,4,49.0,51.0,3,2,0,0,2,5
2018-08-25,Din. Bucuresti,FC Hermannstadt,2,1,1.56,3.76,6.01,1.57,3.92,7.09,Liga I,,20180825_Din.-Bucuresti_FC-Hermannstadt,0.0,1.99,0.43,6,1,15,3,50.1,49.9,0,0,0,0,5,2
2018-08-26,Gaz Metan Medias,CFR Cluj,0,0,3.18,3.04,2.32,3.51,3.25,2.27,Liga I,,20180826_Gaz-Metan-Medias_CFR-Cluj,0.0,1.18,0.05,2,0,5,0,55.2,44.8,1,1,0,0,5,3
2018-08-26,Viitorul Constanta,FCSB,1,4,2.45,3.21,2.82,2.53,3.39,2.92,Liga I,,20180826_Viitorul-Constanta_FCSB,0.0,0.29,1.35,1,5,2,10,50.2,49.8,3,0,0,0,2,4
2018-08-27,FC Botosani,Sepsi Sf. Gheorghe,0,0,2.25,2.9,3.54,2.36,2.85,3.82,Liga I,,20180827_FC-Botosani_Sepsi-Sf.-Gheorghe,0.0,1.66,0.99,6,4,15,9,48.3,51.7,2,0,0,0,5,3
2018-08-27,FC Voluntari,U Craiova,1,5,4.18,3.27,1.89,4.5,3.28,1.98,Liga I,,20180827_FC-Voluntari_U-Craiova,0.0,1.4,1.2,5,5,12,12,52.1,47.9,2,0,0,0,6,9
2018-08-31,Sepsi Sf. Gheorghe,Calarasi,1,0,1.79,3.24,4.86,1.85,3.31,5.31,Liga I,,20180831_Sepsi-Sf.-Gheorghe_Calarasi,-12.0,0.99,0.64,2,3,2,6,47.2,52.8,0,2,0,0,2,2
2018-09-01,Astra,FC Voluntari,0,0,1.58,3.79,5.62,1.64,3.83,6.17,Liga I,,20180901_Astra_FC-Voluntari,24.0,0.34,0.5,0,1,0,1,55.3,44.7,4,0,0,0,1,2
2018-09-01,FC Hermannstadt,Gaz Metan Medias,0,1,2.89,2.95,2.56,3.06,2.95,2.72,Liga I,,20180901_FC-Hermannstadt_Gaz-Metan-Medias,-12.0,0.11,0.56,0,4,1,9,49.7,50.3,3,0,0,0,2,2
2018-09-01,U Craiova,Din. Bucuresti,3,0,2.11,3.28,3.37,2.15,3.4,3.67,Liga I,,20180901_U-Craiova_Din.-Bucuresti,0.0,1.9,0.05,6,0,13,0,55.6,44.4,1,1,0,0,7,3
2018-09-02,CFR Cluj,Viitorul Constanta,1,2,1.69,3.56,4.96,1.71,3.79,5.37,Liga I,,20180902_CFR-Cluj_Viitorul-Constanta,12.0,0.71,1.36,3,4,6,9,57.1,42.9,1,5,0,0,7,7
2018-09-02,FCSB,FC Botosani,2,2,1.42,4.29,7.36,1.44,4.61,8.35,Liga I,,20180902_FCSB_FC-Botosani,12.0,1.18,1.45,4,5,7,13,47.8,52.2,0,2,0,0,2,5
2018-09-03,Poli Iasi,Concordia,3,0,2.13,3.14,3.52,2.18,3.25,3.75,Liga I,,20180903_Poli-Iasi_Concordia,0.0,1.73,0.32,8,1,19,1,50.1,49.9,0,1,0,0,7,2
2018-09-14,Concordia,Sepsi Sf. Gheorghe,0,3,3.0,2.85,2.54,3.17,2.86,2.69,Liga I,,20180914_Concordia_Sepsi-Sf.-Gheorghe,-36.41430058637707,0.42,0.6,2,3,4,5,50.0,50.0,0,1,0,0,3,3
2018-09-14,Din. Bucuresti,Astra,1,2,2.09,3.15,3.63,2.13,3.29,3.8,Liga I,,20180914_Din.-Bucuresti_Astra,-11.172385326555968,1.03,0.68,4,2,9,3,53.5,46.5,3,3,0,0,4,1
2018-09-15,Calarasi,FC Botosani,3,2,3.02,2.95,2.47,3.14,3.06,2.56,Liga I,,20180915_Calarasi_FC-Botosani,-0.8286011727541336,2.51,1.13,7,5,16,11,50.0,50.0,1,1,0,0,8,11
2018-09-15,Gaz Metan Medias,U Craiova,3,2,2.59,3.1,2.75,2.65,3.12,2.95,Liga I,,20180915_Gaz-Metan-Medias_U-Craiova,-12.414300586377067,1.4,0.91,4,3,8,8,49.1,50.9,0,0,0,0,7,2
2018-09-16,CFR Cluj,FCSB,1,1,2.47,2.95,3.04,2.58,2.95,3.22,Liga I,,20180916_CFR-Cluj_FCSB,-24.0,0.78,0.47,3,1,8,2,54.4,45.6,0,2,0,0,4,7
2018-09-16,FC Voluntari,Poli Iasi,2,3,2.95,3.01,2.48,3.08,3.06,2.6,Liga I,,20180916_FC-Voluntari_Poli-Iasi,-11.172385326555968,0.76,1.83,3,5,5,9,52.7,47.3,3,1,0,0,4,8
2018-09-17,Viitorul Constanta,FC Hermannstadt,1,0,1.5,3.89,6.67,1.53,4.0,7.53,Liga I,,20180917_Viitorul-Constanta_FC-Hermannstadt,24.0,0.68,0.26,3,2,6,5,49.5,50.5,2,3,0,0,5,4
2018-09-21,Poli Iasi,Din. Bucuresti,1,0,2.92,3.16,2.42,3.0,3.34,2.47,Liga I,,20180921_Poli-Iasi_Din.-Bucuresti,23.228504867026913,0.56,0.73,3,3,8,9,44.8,55.2,1,0,0,0,2,2
2018-09-21,Sepsi Sf. Gheorghe,FC Voluntari,1,1,1.58,3.54,6.33,1.61,3.68,6.97,Liga I,,20180921_Sepsi-Sf.-Gheorghe_FC-Voluntari,45.94781806316769,0.69,0.85,3,2,5,4,57.0,43.0,1,1,1,0,2,4
2018-09-22,FC Botosani,Concordia,0,2,1.69,3.58,4.96,1.74,3.72,5.24,Liga I,,20180922_FC-Botosani_Concordia,23.132561486730992,0.57,2.23,2,7,4,15,55.0,45.0,1,0,0,0,6,7
2018-09-22,FC Hermannstadt,CFR Cluj,0,1,5.65,3.68,1.6,5.75,3.89,1.65,Liga I,,20180922_FC-Hermannstadt_CFR-Cluj,-23.171398827245866,0.93,0.94,3,2,2,5,47.9,52.1,4,2,0,0,5,6
2018-09-22,U Craiova,Viitorul Constanta,2,0,2.53,3.03,2.88,2.64,3.07,3.02,Liga I,,20180922_U-Craiova_Viitorul-Constanta,-0.015278282917279284,0.66,0.38,2,2,5,4,51.2,48.8,1,2,0,0,5,0
2018-09-23,FCSB,Calarasi,2,0,1.39,4.26,8.32,1.4,4.45,10.34,Liga I,,20180923_FCSB_Calarasi,-0.8562334898113022,1.32,0.17,6,0,11,2,49.1,50.9,1,3,0,1,4,5
2018-09-24,Astra,Gaz Metan Medias,3,0,2.27,3.04,3.27,2.3,3.18,3.48,Liga I,,20180924_Astra_Gaz-Metan-Medias,-1.2276540235377524,1.69,0.96,7,2,15,3,52.5,47.5,3,1,0,0,6,3
2018-09-28,Din. Bucuresti,Sepsi Sf. Gheorghe,0,0,2.01,3.07,3.95,2.05,3.11,4.48,Liga I,,20180928_Din.-Bucuresti_Sepsi-Sf.-Gheorghe,-44.39654806746262,0.22,2.31,2,8,6,17,44.5,55.5,1,2,0,1,3,6
2018-09-29,FC Voluntari,FC Botosani,1,1,3.24,3.21,2.21,3.46,3.38,2.24,Liga I,,20180929_FC-Voluntari_FC-Botosani,3.2032660794243384,2.06,0.77,7,2,15,5,52.4,47.6,1,1,0,0,8,5
2018-09-30,FC Hermannstadt,FCSB,1,3,4.6,3.46,1.76,5.07,3.53,1.8,Liga I,,20180930_FC-Hermannstadt_FCSB,-68.74661537870952,0.68,0.72,2,3,2,8,42.9,57.1,5,1,0,0,3,6
2018-09-30,Gaz Metan Medias,Poli Iasi,1,0,1.97,3.31,3.78,1.98,3.55,4.07,Liga I,,20180930_Gaz-Metan-Medias_Poli-Iasi,-10.841271238182344,0.76,0.21,1,0,2,0,51.6,48.4,1,2,0,0,2,0
2018-09-30,Viitorul Constanta,Astra,1,0,1.95,3.35,3.83,1.99,3.6,3.96,Liga I,,20180930_Viitorul-Constanta_Astra,-35.242881031676006,0.88,0.84,3,2,6,3,43.7,56.3,1,4,0,0,4,5
2018-10-01,CFR Cluj,U Craiova,0,0,1.74,3.38,4.89,1.79,3.48,5.33,Liga I,,20181001_CFR-Cluj_U-Craiova,-23.95774853497005,0.98,0.61,3,1,7,3,45.2,54.8,0,1,0,0,4,4
2018-10-01,Concordia,Calarasi,1,1,2.47,2.99,2.99,2.54,3.07,3.21,Liga I,,20181001_Concordia_Calarasi,-21.533832906114412,0.82,0.58,2,3,4,8,52.1,47.9,0,0,0,0,3,5
2018-10-05,Poli Iasi,Viitorul Constanta,1,2,3.32,3.0,2.26,3.58,3.12,2.32,Liga I,,20181005_Poli-Iasi_Viitorul-Constanta,-2.360407600522649,0.43,1.27,1,6,2,14,53.9,46.1,0,4,0,0,2,6
2018-10-06,Astra,CFR Cluj,1,2,3.62,3.04,2.13,3.79,3.16,2.21,Liga I,,20181006_Astra_CFR-Cluj,21.175602025300577,1.72,0.3,5,2,11,5,51.9,48.1,1,0,0,0,4,5
2018-10-06,U Craiova,FC Hermannstadt,1,1,1.59,3.56,6.07,1.69,3.35,6.9,Liga I,,20181006_U-Craiova_FC-Hermannstadt,78.36081659821707,1.27,1.81,3,5,4,12,60.4,39.6,3,1,0,0,7,6
2018-10-07,Calarasi,FC Voluntari,1,1,2.01,3.21,3.77,2.08,3.31,4.02,Liga I,,20181007_Calarasi_FC-Voluntari,20.161421442068104,0.37,0.31,1,1,4,3,47.5,52.5,0,2,0,0,3,4
2018-10-07,FCSB,Concordia,0,1,1.31,4.95,9.26,1.3,5.51,10.95,Liga I,,20181007_FCSB_Concordia,53.65003059215496,0.33,0.71,1,2,3,7,58.6,41.4,2,1,0,0,3,2
2018-10-07,Sepsi Sf. Gheorghe,Gaz Metan Medias,1,2,2.54,2.87,2.99,2.66,2.92,3.21,Liga I,,20181007_Sepsi-Sf.-Gheorghe_Gaz-Metan-Medias,-4.287936996490089,1.37,0.05,3,2,8,4,48.2,51.8,3,2,0,0,4,1
2018-10-08,FC Botosani,Din. Bucuresti,2,0,2.47,3.01,2.95,2.6,3.17,3.02,Liga I,,20181008_FC-Botosani_Din.-Bucuresti,-3.0134252660338916,0.85,0.45,3,2,6,6,44.3,55.7,0,3,0,0,7,4
2018-10-19,CFR Cluj,Poli Iasi,1,0,1.32,4.55,10.41,1.32,4.91,12.64,Liga I,,20181019_CFR-Cluj_Poli-Iasi,14.650461082854235,0.05,0.13,1,1,2,2,53.8,46.2,1,4,0,0,2,2
2018-10-19,FC Voluntari,Concordia,4,0,2.44,3.08,2.93,2.57,3.21,3.03,Liga I,,20181019_FC-Voluntari_Concordia,-13.256038400247917,1.66,0.1,5,1,12,1,50.9,49.1,2,1,0,1,7,3
2018-10-20,FC Hermannstadt,Astra,0,2,2.79,2.94,2.65,2.91,3.02,2.81,Liga I,,20181020_FC-Hermannstadt_Astra,-61.83900957354831,1.11,0.55,3,2,6,6,50.8,49.2,5,0,0,0,12,5
2018-10-20,Viitorul Constanta,Sepsi Sf. Gheorghe,2,3,1.71,3.38,5.14,1.75,3.53,5.57,Liga I,,20181020_Viitorul-Constanta_Sepsi-Sf.-Gheorghe,16.511353396836512,0.57,1.97,2,8,4,19,43.7,56.3,2,1,0,0,6,6
2018-10-21,Gaz Metan Medias,FC Botosani,1,2,2.25,3.08,3.25,2.34,3.13,3.51,Liga I,,20181021_Gaz-Metan-Medias_FC-Botosani,48.395519381774875,0.8,0.05,4,2,10,3,48.3,51.7,2,0,0,0,6,1
2018-10-21,U Craiova,FCSB,2,1,2.7,3.16,2.57,2.88,3.18,2.71,Liga I,,20181021_U-Craiova_FCSB,1.4789364249861592,0.58,0.4,2,1,4,1,51.5,48.5,2,1,0,0,3,3
2018-10-22,Din. Bucuresti,Calarasi,1,1,1.59,3.67,5.73,1.61,3.84,6.36,Liga I,,20181022_Din.-Bucuresti_Calarasi,-31.53850190529147,1.76,0.83,5,2,11,4,42.9,57.1,1,1,0,0,4,5
2018-10-26,Astra,U Craiova,0,3,2.78,3.02,2.6,2.95,3.11,2.7,Liga I,,20181026_Astra_U-Craiova,-13.26127856288349,0.67,1.73,2,6,6,12,37.5,62.5,1,2,0,0,7,5
2018-10-26,Poli Iasi,FC Hermannstadt,0,2,1.99,3.15,3.91,2.05,3.3,4.14,Liga I,,20181026_Poli-Iasi_FC-Hermannstadt,49.86603414039723,0.94,1.45,3,5,8,10,52.8,47.2,1,2,0,0,5,4
2018-10-27,FC Botosani,Viitorul Constanta,1,2,2.68,2.95,2.76,2.87,2.95,2.91,Liga I,,20181027_FC-Botosani_Viitorul-Constanta,-10.684473329754837,1.45,1.47,4,5,11,9,43.2,56.8,2,4,0,0,3,5
2018-10-27,FCSB,FC Voluntari,2,1,1.33,4.79,8.71,1.34,4.93,10.64,Liga I,,20181027_FCSB_FC-Voluntari,14.822689164868507,0.82,0.27,2,1,3,1,49.2,50.8,1,1,0,0,5,0
2018-10-28,Calarasi,Gaz Metan Medias,0,0,3.11,3.03,2.36,3.28,3.12,2.46,Liga I,,20181028_Calarasi_Gaz-Metan-Medias,-25.477271534652118,0.86,0.53,3,0,5,0,51.7,48.3,1,0,0,0,2,2
2018-10-28,Sepsi Sf. Gheorghe,CFR Cluj,1,2,4.08,3.17,1.94,4.3,3.3,2.01,Liga I,,20181028_Sepsi-Sf.-Gheorghe_CFR-Cluj,-3.888893242211225,1.09,2.04,4,6,10,13,51.9,48.1,0,4,0,0,4,4
2018-10-29,Concordia,Din. Bucuresti,0,0,4.63,3.54,1.74,4.88,3.84,1.76,Liga I,,20181029_Concordia_Din.-Bucuresti,12.48031495044711,1.31,1.54,4,6,8,13,53.9,46.1,1,0,0,0,7,6
2018-11-02,Poli Iasi,U Craiova,0,3,3.36,3.05,2.22,3.68,3.12,2.28,Liga I,,20181102_Poli-Iasi_U-Craiova,-70.25988633658085,0.92,1.06,3,5,7,13,46.5,53.5,1,1,1,0,7,6
2018-11-03,FC Botosani,CFR Cluj,1,5,3.51,3.03,2.16,3.79,3.18,2.2,Liga I,,20181103_FC-Botosani_CFR-Cluj,-46.69849483515122,0.44,2.83,1,9,5,20,46.7,53.3,1,0,0,0,2,10
2018-11-03,Sepsi Sf. Gheorghe,FC Hermannstadt,1,3,2.05,3.02,3.89,2.14,3.01,4.28,Liga I,,20181103_Sepsi-Sf.-Gheorghe_FC-Hermannstadt,58.03991330930694,0.99,1.13,4,3,9,9,54.3,45.7,0,3,0,0,2,7
2018-11-04,Calarasi,Viitorul Constanta,0,1,3.71,3.28,1.99,3.83,3.4,2.1,Liga I,,20181104_Calarasi_Viitorul-Constanta,-25.840522402370652,0.82,1.0,4,3,9,5,53.0,47.0,1,2,0,0,7,7
2018-11-04,FCSB,Astra,1,0,1.61,3.73,5.39,1.66,4.0,5.46,Liga I,,20181104_FCSB_Astra,10.915049634547358,0.05,1.32,1,7,3,16,45.7,54.3,0,0,0,0,5,8
2018-11-05,Concordia,Gaz Metan Medias,0,0,3.77,3.14,2.03,3.87,3.29,2.13,Liga I,,20181105_Concordia_Gaz-Metan-Medias,-41.91530984775568,0.78,1.08,1,5,1,13,50.2,49.8,4,2,0,0,4,6
2018-11-05,FC Voluntari,Din. Bucuresti,0,1,4.26,3.54,1.8,4.55,3.79,1.81,Liga I,,20181105_FC-Voluntari_Din.-Bucuresti,12.220304827736072,0.61,0.59,2,3,2,6,56.2,43.8,3,0,0,0,1,5
2018-11-09,U Craiova,Sepsi Sf. Gheorghe,1,1,1.65,3.46,5.57,1.69,3.5,6.2,Liga I,,20181109_U-Craiova_Sepsi-Sf.-Gheorghe,58.25688581389181,2.0,0.89,5,2,11,4,56.2,43.8,1,1,0,0,4,5
2018-11-10,Astra,Poli Iasi,1,2,1.84,3.28,4.38,1.92,3.27,4.85,Liga I,,20181110_Astra_Poli-Iasi,31.896945058114852,1.14,1.66,4,5,11,12,48.9,51.1,5,1,1,0,4,8
2018-11-10,CFR Cluj,Calarasi,0,0,1.36,4.32,9.53,1.36,4.43,12.2,Liga I,,20181110_CFR-Cluj_Calarasi,60.09824488802997,1.23,1.16,4,4,11,9,54.9,45.1,4,5,0,1,8,7
2018-11-10,Viitorul Constanta,Concordia,0,0,1.43,4.15,7.22,1.46,4.37,7.95,Liga I,,20181110_Viitorul-Constanta_Concordia,53.70374195469458,0.6,0.84,2,3,3,4,52.3,47.7,3,0,0,0,3,3
2018-11-11,Din. Bucuresti,FCSB,1,1,4.0,3.34,1.91,4.42,3.36,1.96,Liga I,,20181111_Din.-Bucuresti_FCSB,-49.220930781682455,0.95,1.29,3,5,6,8,44.5,55.5,4,1,0,0,2,3
2018-11-12,FC Hermannstadt,FC Botosani,1,1,2.34,3.06,3.06,2.46,3.17,3.23,Liga I,,20181112_FC-Hermannstadt_FC-Botosani,-14.578767371476715,0.93,0.83,2,2,4,2,48.2,51.8,1,1,0,0,2,3
2018-11-12,Gaz Metan Medias,FC Voluntari,2,0,1.53,3.87,6.0,1.57,4.08,6.32,Liga I,,20181112_Gaz-Metan-Medias_FC-Voluntari,52.2947607368194,1.22,0.39,4,2,10,7,48.9,51.1,0,1,0,0,6,2
2018-11-23,Din. Bucuresti,Gaz Metan Medias,1,1,2.12,3.14,3.48,2.19,3.25,3.72,Liga I,,20181123_Din.-Bucuresti_Gaz-Metan-Medias,-48.1898371412135,1.65,2.08,8,5,19,12,52.2,47.8,2,2,0,0,10,3
2018-11-24,Concordia,CFR Cluj,0,1,6.1,3.57,1.58,6.67,3.67,1.63,Liga I,,20181124_Concordia_CFR-Cluj,-61.84768928980725,0.46,1.37,1,5,2,10,51.9,48.1,2,0,0,0,5,6
2018-11-24,Sepsi Sf. Gheorghe,Astra,1,0,2.57,2.88,2.94,2.81,2.8,3.15,Liga I,,20181124_Sepsi-Sf.-Gheorghe_Astra,14.409839582278437,1.58,1.43,5,5,12,11,53.2,46.8,0,2,0,0,4,5
2018-11-25,Calarasi,FC Hermannstadt,0,1,2.81,2.88,2.66,,,,Liga I,,20181125_Calarasi_FC-Hermannstadt,23.524510579557045,0.19,1.93,1,7,3,17,53.8,46.2,0,2,0,1,1,3
2018-11-25,FC Voluntari,Viitorul Constanta,1,2,4.86,3.58,1.69,5.01,3.67,1.78,Liga I,,20181125_FC-Voluntari_Viitorul-Constanta,-75.33172553299983,0.1,0.8,1,2,3,5,44.0,56.0,1,2,0,0,2,5
2018-11-25,Poli Iasi,FCSB,1,2,4.17,3.31,1.88,4.57,3.33,1.94,Liga I,,20181125_Poli-Iasi_FCSB,-51.27091305636827,1.12,0.98,3,4,7,10,50.8,49.2,3,1,0,0,4,2
2018-11-26,FC Botosani,U Craiova,2,1,3.73,3.21,2.01,3.97,3.37,2.07,Liga I,,20181126_FC-Botosani_U-Craiova,-72.25542314072572,0.58,0.44,2,2,6,4,45.4,54.6,2,2,0,0,2,5
2018-11-30,CFR Cluj,FC Voluntari,5,0,1.33,4.49,9.61,1.33,4.67,12.73,Liga I,,20181130_CFR-Cluj_FC-Voluntari,106.48042328007227,2.28,0.84,6,2,12,7,59.0,41.0,1,1,0,0,4,2
2018-11-30,Poli Iasi,Sepsi Sf. Gheorghe,1,1,2.86,2.82,2.69,3.01,2.88,2.85,Liga I,,20181130_Poli-Iasi_Sepsi-Sf.-Gheorghe,-41.854086983881416,0.98,0.85,2,1,5,2,50.1,49.9,1,4,0,0,1,3
2018-12-01,FC Hermannstadt,Concordia,2,1,1.98,3.07,4.03,2.06,3.2,4.24,Liga I,,20181201_FC-Hermannstadt_Concordia,5.032864258368136,0.97,0.64,3,2,4,4,49.0,51.0,0,1,0,0,1,5
2018-12-01,Viitorul Constanta,Din. Bucuresti,4,1,2.05,3.17,3.64,2.15,3.25,3.87,Liga I,,20181201_Viitorul-Constanta_Din.-Bucuresti,58.59648987727337,2.04,1.26,4,3,10,7,53.3,46.7,0,1,0,0,10,4
2018-12-02,FCSB,Gaz Metan Medias,2,1,1.74,3.27,5.01,1.78,3.34,5.76,Liga I,,20181202_FCSB_Gaz-Metan-Medias,9.549332512397314,1.85,0.05,6,1,10,2,50.4,49.6,1,1,0,0,3,3
2018-12-02,U Craiova,Calarasi,1,0,1.38,4.28,8.39,1.38,4.55,10.15,Liga I,,20181202_U-Craiova_Calarasi,60.65422674307456,1.4,0.52,4,2,6,3,50.3,49.7,4,4,0,1,2,4
2018-12-03,Astra,FC Botosani,1,1,2.19,3.08,3.38,2.18,3.27,3.75,Liga I,,20181203_Astra_FC-Botosani,-22.38718796659623,0.86,1.1,2,4,3,8,45.0,55.0,1,2,0,0,0,3
2018-12-04,Din. Bucuresti,CFR Cluj,0,3,4.03,3.23,1.92,4.29,3.35,1.99,Liga I,,20181204_Din.-Bucuresti_CFR-Cluj,-89.29727425412193,1.47,2.39,6,9,13,20,55.3,44.7,1,2,0,0,6,12
2018-12-04,FC Voluntari,FC Hermannstadt,2,0,3.15,3.02,2.34,3.3,3.13,2.45,Liga I,,20181204_FC-Voluntari_FC-Hermannstadt,-50.15278025217049,1.53,1.18,2,4,3,11,48.3,51.7,1,2,0,0,0,5
2018-12-05,Gaz Metan Medias,Viitorul Constanta,2,2,3.31,3.01,2.26,3.46,3.07,2.4,Liga I,,20181205_Gaz-Metan-Medias_Viitorul-Constanta,-35.37968776636944,0.93,1.62,4,6,8,13,55.4,44.6,2,3,0,0,4,8
2018-12-05,Sepsi Sf. Gheorghe,FCSB,4,2,4.01,3.2,1.93,4.33,3.32,2.0,Liga I,,20181205_Sepsi-Sf.-Gheorghe_FCSB,-43.00954087285572,1.83,0.44,6,2,14,4,52.1,47.9,2,4,0,0,8,3
2018-12-06,Calarasi,Astra,1,2,3.15,2.96,2.38,3.29,3.04,2.51,Liga I,,20181206_Calarasi_Astra,-5.630370068188995,0.7,1.86,3,5,7,13,52.7,47.3,2,2,0,0,5,9
2018-12-06,Concordia,U Craiova,1,3,4.85,3.4,1.74,4.39,3.59,1.89,Liga I,,20181206_Concordia_U-Craiova,-85.34135121884947,0.6,0.74,3,4,9,8,40.3,59.7,1,1,0,0,5,4
2018-12-06,FC Botosani,Poli Iasi,1,2,2.2,3.11,3.32,2.27,3.25,3.54,Liga I,,20181206_FC-Botosani_Poli-Iasi,24.615467228770513,0.91,0.98,4,2,8,2,50.7,49.3,3,3,0,0,6,1
2018-12-08,CFR Cluj,Gaz Metan Medias,2,2,1.55,3.71,6.25,1.57,3.84,6.99,Liga I,,20181208_CFR-Cluj_Gaz-Metan-Medias,53.85440964457757,1.25,0.49,4,2,10,4,50.9,49.1,3,2,0,0,3,6
2018-12-08,FC Hermannstadt,Din. Bucuresti,1,1,3.15,3.12,2.28,3.26,3.29,2.38,Liga I,,20181208_FC-Hermannstadt_Din.-Bucuresti,11.364745850602958,0.78,1.21,3,3,8,7,52.7,47.3,3,1,0,0,4,2
2018-12-09,Astra,Concordia,3,1,1.74,3.39,4.88,1.79,3.54,5.11,Liga I,,20181209_Astra_Concordia,31.381137411773807,1.17,0.05,3,1,6,2,53.1,46.9,1,3,1,0,3,4
2018-12-09,Poli Iasi,Calarasi,1,0,2.07,2.93,3.98,2.19,2.93,4.27,Liga I,,20181209_Poli-Iasi_Calarasi,26.512094722983647,0.88,0.54,3,1,8,3,56.4,43.6,3,2,0,0,3,5
2018-12-10,FCSB,Viitorul Constanta,2,0,2.17,3.23,3.3,2.22,3.37,3.52,Liga I,,20181210_FCSB_Viitorul-Constanta,-14.75002397415301,1.21,1.25,5,5,12,11,50.2,49.8,0,2,0,0,3,4
2018-12-10,Sepsi Sf. Gheorghe,FC Botosani,0,1,2.11,3.0,3.68,2.21,3.05,3.98,Liga I,,20181210_Sepsi-Sf.-Gheorghe_FC-Botosani,40.68807023694308,0.59,0.1,2,1,5,2,52.2,47.8,1,1,0,0,7,1
2018-12-10,U Craiova,FC Voluntari,3,1,1.26,5.15,11.1,1.28,5.39,12.85,Liga I,,20181210_U-Craiova_FC-Voluntari,102.19891588654855,1.57,1.38,5,5,12,10,58.2,41.8,0,1,0,0,8,2
2018-12-14,Concordia,Poli Iasi,3,6,2.99,2.92,2.49,3.15,3.07,2.58,Liga I,,20181214_Concordia_Poli-Iasi,-50.65690985514766,1.28,1.49,4,6,8,16,48.2,51.8,0,0,0,0,6,9
2018-12-15,Din. Bucuresti,U Craiova,3,0,3.09,3.13,2.3,3.25,3.28,2.39,Liga I,,20181215_Din.-Bucuresti_U-Craiova,-99.02764086653679,0.77,0.05,4,0,9,0,52.6,47.4,3,6,0,0,5,4
2018-12-15,FC Voluntari,Astra,1,1,4.04,3.33,1.89,4.4,3.5,1.92,Liga I,,20181215_FC-Voluntari_Astra,-49.505753445490654,1.02,1.06,3,3,8,6,47.3,52.7,2,1,0,0,2,6
2018-12-15,Gaz Metan Medias,FC Hermannstadt,0,2,1.86,3.15,4.52,1.93,3.23,4.86,Liga I,,20181215_Gaz-Metan-Medias_FC-Hermannstadt,44.27970630857703,0.45,2.31,0,6,0,12,48.8,51.2,1,3,0,0,0,8
2018-12-16,Calarasi,Sepsi Sf. Gheorghe,0,3,2.94,2.83,2.61,3.16,2.92,2.69,Liga I,,20181216_Calarasi_Sepsi-Sf.-Gheorghe,-63.805246480339065,0.67,1.35,1,4,3,9,42.9,57.1,0,0,0,0,1,8
2018-12-16,FC Botosani,FCSB,1,3,5.02,3.64,1.66,5.32,3.86,1.69,Liga I,,20181216_FC-Botosani_FCSB,-55.8519161849149,0.24,1.47,1,6,2,13,44.9,55.1,6,1,0,0,3,8
2018-12-17,Viitorul Constanta,CFR Cluj,0,1,3.15,3.01,2.34,3.38,3.14,2.4,Liga I,,20181217_Viitorul-Constanta_CFR-Cluj,-31.574083303984935,0.05,0.05,1,1,2,3,54.6,45.4,2,2,0,0,5,4
2018-12-19,U Craiova,Gaz Metan Medias,2,0,1.73,3.25,5.26,1.79,3.36,5.64,Liga I,,20181219_U-Craiova_Gaz-Metan-Medias,42.35851045155914,1.29,0.05,4,0,8,0,54.6,45.4,0,0,0,0,3,1
2018-12-20,Astra,Din. Bucuresti,4,1,2.38,3.13,2.98,2.36,3.33,3.26,Liga I,,20181220_Astra_Din.-Bucuresti,12.168348253612521,1.6,1.16,5,5,12,10,54.0,46.0,0,0,0,0,5,10
2018-12-20,FC Botosani,Calarasi,1,0,1.85,3.25,4.39,1.92,3.3,4.76,Liga I,,20181220_FC-Botosani_Calarasi,49.64832929208842,0.9,0.05,2,0,4,1,52.2,47.8,0,2,0,0,7,1
2018-12-21,Poli Iasi,FC Voluntari,2,2,1.55,3.92,5.64,1.58,4.21,5.9,Liga I,,20181221_Poli-Iasi_FC-Voluntari,55.50765874414219,1.1,0.79,5,3,10,5,42.1,57.9,4,0,0,0,6,6
2018-12-21,Sepsi Sf. Gheorghe,Concordia,3,0,1.59,3.69,5.7,1.61,4.01,6.02,Liga I,,20181221_Sepsi-Sf.-Gheorghe_Concordia,85.86126138193617,1.39,0.87,3,4,5,10,49.7,50.3,3,4,0,0,3,6
2018-12-22,FC Hermannstadt,Viitorul Constanta,1,0,3.97,3.21,1.96,4.26,3.37,1.99,Liga I,,20181222_FC-Hermannstadt_Viitorul-Constanta,-38.43581041887933,0.05,0.72,1,1,4,2,43.6,56.4,5,4,0,0,3,5
2018-12-22,FCSB,CFR Cluj,0,2,2.46,2.84,3.16,2.58,2.88,3.38,Liga I,,20181222_FCSB_CFR-Cluj,-22.130895333446688,1.11,1.15,3,5,6,11,42.4,57.6,0,2,0,0,2,9
2019-02-01,Concordia,FC Botosani,0,1,3.27,3.12,2.2,3.38,3.24,2.34,Liga I,,20190201_Concordia_FC-Botosani,-71.45313874230737,0.47,1.16,1,4,3,8,48.2,51.8,4,1,0,0,5,5
2019-02-01,Gaz Metan Medias,Astra,1,1,2.52,2.88,2.95,2.65,2.94,3.14,Liga I,,20190201_Gaz-Metan-Medias_Astra,-8.284478735720995,0.69,1.0,2,2,4,4,52.5,47.5,0,1,0,0,0,3
2019-02-02,CFR Cluj,FC Hermannstadt,1,1,1.46,3.77,7.76,1.48,3.91,9.21,Liga I,,20190202_CFR-Cluj_FC-Hermannstadt,89.74933922040032,1.5,1.32,5,4,11,9,53.9,46.1,2,5,0,0,3,7
2019-02-02,Calarasi,FCSB,1,1,5.65,3.66,1.58,6.01,3.89,1.63,Liga I,,20190202_Calarasi_FCSB,-124.735152691228,0.45,0.75,1,2,0,5,52.2,47.8,0,2,0,0,1,2
2019-02-03,FC Voluntari,Sepsi Sf. Gheorghe,4,2,3.66,3.16,2.05,3.77,3.37,2.12,Liga I,,20190203_FC-Voluntari_Sepsi-Sf.-Gheorghe,-77.37904765679855,1.6,1.35,6,3,11,8,43.9,56.1,2,1,0,0,2,6
2019-02-03,Viitorul Constanta,U Craiova,0,0,2.4,2.96,3.07,2.5,3.01,3.34,Liga I,,20190203_Viitorul-Constanta_U-Craiova,-45.02645787733468,0.74,0.28,3,2,9,5,52.3,47.7,1,2,0,1,7,2
2019-02-04,Din. Bucuresti,Poli Iasi,3,0,2.04,3.13,3.7,2.11,3.21,4.04,Liga I,,20190204_Din.-Bucuresti_Poli-Iasi,-31.245904526127333,2.04,1.2,6,5,13,11,50.4,49.6,1,1,0,0,5,8
2019-02-08,Astra,Viitorul Constanta,3,0,2.77,3.02,2.57,2.91,3.14,2.72,Liga I,,20190208_Astra_Viitorul-Constanta,-11.968555245549169,1.42,0.88,5,3,9,7,47.8,52.2,2,3,1,0,1,7
2019-02-09,Sepsi Sf. Gheorghe,Din. Bucuresti,0,1,2.42,3.04,2.96,2.52,3.18,3.13,Liga I,,20190209_Sepsi-Sf.-Gheorghe_Din.-Bucuresti,29.213789182170785,0.56,1.9,2,6,6,16,49.9,50.1,2,3,0,0,2,10
2019-02-10,Calarasi,Concordia,2,1,2.22,2.92,3.49,2.27,3.0,3.89,Liga I,,20190210_Calarasi_Concordia,14.90972107971993,0.81,1.53,3,5,7,12,49.9,50.1,3,2,1,0,5,5
2019-02-10,Poli Iasi,Gaz Metan Medias,1,0,2.68,2.9,2.76,2.92,2.96,2.85,Liga I,,20190210_Poli-Iasi_Gaz-Metan-Medias,-9.160125537077192,2.06,1.63,6,6,12,14,43.9,56.1,0,3,0,0,8,10
2019-02-10,U Craiova,CFR Cluj,2,0,2.78,2.88,2.68,2.9,2.96,2.87,Liga I,,20190210_U-Craiova_CFR-Cluj,-31.445179793803163,1.27,0.43,5,1,10,3,51.9,48.1,3,3,0,0,6,2
2019-02-11,FC Botosani,FC Voluntari,1,0,1.62,3.64,5.32,1.65,3.89,5.77,Liga I,,20190211_FC-Botosani_FC-Voluntari,39.72120935447947,0.79,0.9,3,3,6,8,51.4,48.6,4,1,0,0,4,1
2019-02-11,FCSB,FC Hermannstadt,3,0,1.42,4.1,7.48,1.41,4.51,8.9,Liga I,,20190211_FCSB_FC-Hermannstadt,37.98028214878832,0.78,1.32,3,6,8,13,49.7,50.3,1,1,0,0,5,4
2019-02-15,Viitorul Constanta,Poli Iasi,0,1,1.76,3.37,4.69,1.83,3.44,5.06,Liga I,,20190215_Viitorul-Constanta_Poli-Iasi,4.111474378798448,1.78,1.0,7,2,15,4,41.6,58.4,2,4,0,0,7,2
2019-02-16,CFR Cluj,Astra,1,1,1.54,3.73,6.09,1.57,4.05,6.43,Liga I,,20190216_CFR-Cluj_Astra,59.85083405469618,1.62,0.34,5,3,12,8,44.9,55.1,3,2,0,1,6,4
2019-02-16,FC Hermannstadt,U Craiova,0,1,4.59,3.34,1.78,4.92,3.53,1.83,Liga I,,20190216_FC-Hermannstadt_U-Craiova,-76.01533987498783,0.37,1.21,2,3,4,8,40.1,59.9,2,1,0,0,6,4
2019-02-17,Din. Bucuresti,FC Botosani,1,2,1.98,3.16,3.92,2.0,3.3,4.35,Liga I,,20190217_Din.-Bucuresti_FC-Botosani,-18.441835427502156,0.05,1.56,2,7,5,14,44.9,55.1,2,3,0,0,1,9
2019-02-17,FC Voluntari,Calarasi,0,0,2.65,2.9,2.8,2.83,2.91,3.0,Liga I,,20190217_FC-Voluntari_Calarasi,13.83545373392235,0.59,0.58,0,2,2,5,45.6,54.4,1,2,0,0,3,3
2019-02-17,Gaz Metan Medias,Sepsi Sf. Gheorghe,0,1,2.29,2.91,3.35,2.36,3.02,3.62,Liga I,,20190217_Gaz-Metan-Medias_Sepsi-Sf.-Gheorghe,-14.270018471681851,0.6,1.16,2,5,2,10,47.6,52.4,3,2,0,0,3,3
2019-02-18,Concordia,FCSB,0,0,7.55,4.61,1.37,7.76,5.15,1.39,Liga I,,20190218_Concordia_FCSB,-153.55929266149633,0.71,0.79,2,2,4,6,45.0,55.0,0,5,0,0,4,4
2019-02-22,Sepsi Sf. Gheorghe,Viitorul Constanta,0,0,3.09,2.87,2.45,3.28,2.97,2.57,Liga I,,20190222_Sepsi-Sf.-Gheorghe_Viitorul-Constanta,18.33546379565678,0.44,0.56,1,2,4,2,47.0,53.0,3,0,1,0,5,2
2019-02-23,Astra,FC Hermannstadt,1,0,1.73,3.4,4.84,1.77,3.54,5.33,Liga I,,20190223_Astra_FC-Hermannstadt,32.906036963927136,0.09,1.54,1,5,3,11,50.4,49.6,3,2,0,0,2,7
2019-02-23,Poli Iasi,CFR Cluj,0,1,4.4,3.33,1.81,4.63,3.5,1.88,Liga I,,20190223_Poli-Iasi_CFR-Cluj,-62.63121959325554,1.04,0.35,5,3,9,5,47.7,52.3,1,2,0,0,5,4
2019-02-24,Calarasi,Din. Bucuresti,0,0,2.85,2.86,2.64,3.0,2.91,2.83,Liga I,,20190224_Calarasi_Din.-Bucuresti,-44.54162982351295,0.4,0.7,2,1,5,4,53.4,46.6,2,1,0,0,3,4
2019-02-24,FC Botosani,Gaz Metan Medias,1,1,2.44,2.84,3.12,2.58,2.92,3.32,Liga I,,20190224_FC-Botosani_Gaz-Metan-Medias,52.38238639831752,0.79,0.05,3,1,7,0,47.2,52.8,3,1,0,1,9,3
2019-02-24,FCSB,U Craiova,3,2,2.05,3.15,3.68,2.07,3.32,4.03,Liga I,,20190224_FCSB_U-Craiova,-31.047274555368176,2.01,0.98,6,2,14,4,45.9,54.1,1,2,0,0,15,1
2019-02-25,Concordia,FC Voluntari,1,3,2.51,2.92,2.96,2.65,2.98,3.15,Liga I,,20190225_Concordia_FC-Voluntari,-46.25486875057527,0.36,0.54,1,3,1,6,50.9,49.1,2,2,0,0,3,5
2019-03-01,Din. Bucuresti,Concordia,2,1,1.52,3.86,6.0,1.56,4.19,6.29,Liga I,,20190301_Din.-Bucuresti_Concordia,86.79800467203017,1.18,1.11,4,3,8,6,55.4,44.6,3,1,0,0,3,1
2019-03-02,FC Voluntari,FCSB,2,2,5.34,3.8,1.58,5.76,3.99,1.63,Liga I,,20190302_FC-Voluntari_FCSB,-99.995320746267,1.47,0.91,5,2,11,3,43.2,56.8,1,1,0,0,9,2
2019-03-02,Gaz Metan Medias,Calarasi,0,0,1.9,3.0,4.53,1.94,3.13,4.98,Liga I,,20190302_Gaz-Metan-Medias_Calarasi,33.59395527478546,1.36,0.05,3,0,7,0,44.4,55.6,0,0,0,0,7,2
2019-03-03,CFR Cluj,Sepsi Sf. Gheorghe,1,0,1.53,3.56,6.89,1.6,3.57,7.66,Liga I,,20190303_CFR-Cluj_Sepsi-Sf.-Gheorghe,74.96090167906141,0.67,0.88,3,3,8,7,54.4,45.6,3,3,0,0,3,4
2019-03-03,FC Hermannstadt,Poli Iasi,2,0,2.99,3.07,2.37,3.14,3.38,2.4,Liga I,,20190303_FC-Hermannstadt_Poli-Iasi,-27.038644522623372,0.95,1.16,3,4,6,9,50.4,49.6,3,2,1,0,7,7
2019-03-03,Viitorul Constanta,FC Botosani,1,0,1.74,3.32,4.89,1.75,3.47,5.63,Liga I,,20190303_Viitorul-Constanta_FC-Botosani,-31.004680085162363,0.64,0.05,2,1,6,1,45.4,54.6,0,3,0,0,5,6
2019-03-04,U Craiova,Astra,1,2,1.89,3.13,4.3,1.95,3.23,4.73,Liga I,,20190304_U-Craiova_Astra,38.00421980642818,1.3,1.31,5,3,10,7,46.6,53.4,2,1,0,0,4,3
2019-03-08,Din. Bucuresti,Calarasi,2,0,1.73,3.27,5.05,1.76,3.32,5.94,Liga I,,20190308_Din.-Bucuresti_Calarasi,49.38781083318463,1.24,0.86,3,3,4,8,49.4,50.6,1,1,1,0,6,3
2019-03-09,CFR Cluj,Sepsi Sf. Gheorghe,3,1,1.54,3.51,6.79,1.55,3.67,8.18,Liga I,,20190309_CFR-Cluj_Sepsi-Sf.-Gheorghe,93.86166496978467,1.3,0.63,3,2,6,5,55.9,44.1,3,1,0,0,1,5
2019-03-09,FC Hermannstadt,Gaz Metan Medias,0,2,2.81,2.8,2.69,2.97,2.85,2.91,Liga I,,20190309_FC-Hermannstadt_Gaz-Metan-Medias,14.516377476114712,0.91,1.39,4,3,10,7,45.6,54.4,5,1,0,0,5,3
2019-03-10,Poli Iasi,FC Voluntari,0,2,1.97,3.21,3.81,2.02,3.27,4.29,Liga I,,20190310_Poli-Iasi_FC-Voluntari,23.004888040542255,0.73,1.53,1,5,2,10,47.9,52.1,0,0,0,0,4,10
2019-03-10,U Craiova,Astra,1,0,1.88,3.17,4.28,1.94,3.26,4.72,Liga I,,20190310_U-Craiova_Astra,11.389401819215209,1.56,1.29,5,5,13,11,49.5,50.5,3,1,0,0,13,3
2019-03-11,FC Botosani,Concordia,0,0,1.98,3.16,3.87,2.03,3.17,4.43,Liga I,,20190311_FC-Botosani_Concordia,123.69644306711507,0.95,0.6,2,2,6,5,52.2,47.8,3,0,1,0,6,3
2019-03-11,FCSB,Viitorul Constanta,1,2,1.82,3.37,4.23,1.86,3.58,4.6,Liga I,,20190311_FCSB_Viitorul-Constanta,53.947479585041265,1.95,1.12,7,4,16,10,51.1,48.9,3,1,0,0,10,4
2019-03-15,Sepsi Sf. Gheorghe,U Craiova,0,1,3.16,2.92,2.34,3.44,2.99,2.47,Liga I,,20190315_Sepsi-Sf.-Gheorghe_U-Craiova,-74.79964899897641,1.33,1.41,4,4,10,9,47.6,52.4,2,2,0,0,6,1
2019-03-16,Calarasi,Poli Iasi,1,2,2.56,2.85,2.93,2.68,2.93,3.16,Liga I,,20190316_Calarasi_Poli-Iasi,-44.483793339515614,1.18,1.34,5,4,11,10,43.6,56.4,4,3,1,0,4,5
2019-03-16,Viitorul Constanta,CFR Cluj,0,1,2.92,2.89,2.53,3.12,2.99,2.66,Liga I,,20190316_Viitorul-Constanta_CFR-Cluj,-83.39963878292474,0.99,1.39,3,6,6,12,52.1,47.9,1,3,0,0,4,5
2019-03-17,Astra,FCSB,0,2,3.41,3.17,2.11,3.64,3.33,2.19,Liga I,,20190317_Astra_FCSB,-14.185420749172863,0.96,0.82,1,2,2,5,47.9,52.1,1,5,0,0,1,2
2019-03-17,Gaz Metan Medias,Din. Bucuresti,2,1,2.38,2.9,3.14,2.47,3.0,3.41,Liga I,,20190317_Gaz-Metan-Medias_Din.-Bucuresti,-15.911755193092404,0.8,1.42,4,4,8,9,45.9,54.1,1,1,0,0,4,6
2019-03-18,Concordia,FC Hermannstadt,2,2,2.61,2.85,2.87,2.77,2.98,3.0,Liga I,,20190318_Concordia_FC-Hermannstadt,-84.73144669020598,0.92,1.39,3,3,7,7,51.6,48.4,1,0,0,0,3,5
2019-03-18,FC Voluntari,FC Botosani,2,1,2.58,2.83,2.92,2.7,2.96,3.1,Liga I,,20190318_FC-Voluntari_FC-Botosani,-27.299720897766292,1.18,2.02,3,6,7,14,52.2,47.8,3,0,0,0,3,9
2019-03-29,Din. Bucuresti,FC Hermannstadt,2,0,1.65,3.41,5.46,1.69,3.51,6.19,Liga I,,20190329_Din.-Bucuresti_FC-Hermannstadt,16.71821104937726,1.4,0.29,6,0,13,1,46.1,53.9,0,4,0,0,6,4
2019-03-30,CFR Cluj,Astra,1,0,1.65,3.36,5.64,1.69,3.45,6.38,Liga I,,20190330_CFR-Cluj_Astra,92.01836041644424,2.22,0.59,6,2,13,5,56.0,44.0,0,1,0,0,9,7
2019-03-31,Concordia,FC Voluntari,1,2,2.6,3.04,2.71,2.7,3.18,2.89,Liga I,,20190331_Concordia_FC-Voluntari,-98.26680327791814,1.16,1.13,2,5,4,9,51.6,48.4,1,2,0,0,4,7
2019-03-31,FCSB,U Craiova,3,2,1.96,3.3,3.75,2.01,3.46,4.04,Liga I,,20190331_FCSB_U-Craiova,-18.36288599018212,1.47,0.89,4,2,8,5,48.4,51.6,2,0,0,0,5,3
2019-03-31,Poli Iasi,Gaz Metan Medias,1,2,2.77,2.89,2.66,2.91,2.97,2.86,Liga I,,20190331_Poli-Iasi_Gaz-Metan-Medias,-11.680731423358793,1.32,1.57,4,7,10,17,53.6,46.4,2,0,0,0,6,11
2019-04-01,FC Botosani,Calarasi,1,2,2.29,2.81,3.47,2.45,2.84,3.69,Liga I,,20190401_FC-Botosani_Calarasi,71.89639098034218,1.49,0.39,4,2,11,7,49.4,50.6,2,3,1,0,11,2
2019-04-01,Sepsi Sf. Gheorghe,Viitorul Constanta,0,0,2.55,2.85,2.97,2.67,2.96,3.14,Liga I,,20190401_Sepsi-Sf.-Gheorghe_Viitorul-Constanta,-28.41369743827954,0.91,0.44,2,1,3,4,51.1,48.9,3,0,0,0,6,2
2019-04-05,Din. Bucuresti,Concordia,3,2,1.55,3.8,5.85,1.57,3.88,7.0,Liga I,,20190405_Din.-Bucuresti_Concordia,115.8266596122453,2.11,1.21,7,5,15,10,53.7,46.3,5,1,0,0,14,2
2019-04-06,Calarasi,FC Voluntari,1,1,2.34,2.97,3.14,2.46,3.05,3.38,Liga I,,20190406_Calarasi_FC-Voluntari,-64.72391334615531,0.76,1.4,1,5,1,8,47.6,52.4,2,1,0,0,1,7
2019-04-06,FC Hermannstadt,Poli Iasi,0,1,2.64,2.9,2.8,2.8,2.98,2.96,Liga I,,20190406_FC-Hermannstadt_Poli-Iasi,-14.050406661842544,0.05,1.77,0,5,0,13,55.2,44.8,0,3,0,0,1,6
2019-04-07,Gaz Metan Medias,FC Botosani,2,0,1.89,3.14,4.27,1.93,3.4,4.54,Liga I,,20190407_Gaz-Metan-Medias_FC-Botosani,31.25706231628169,0.88,1.07,2,3,4,8,52.6,47.4,2,0,0,0,3,6
2019-04-07,U Craiova,CFR Cluj,0,0,2.65,2.86,2.83,2.8,2.99,2.96,Liga I,,20190407_U-Craiova_CFR-Cluj,-57.97712860816364,1.4,1.68,4,5,8,12,49.5,50.5,2,0,0,0,4,7
2019-04-08,Astra,Viitorul Constanta,1,4,2.05,3.1,3.69,2.15,3.21,3.9,Liga I,,20190408_Astra_Viitorul-Constanta,1.8135043981869785,1.79,1.52,5,5,10,11,54.4,45.6,3,2,0,0,5,7
2019-04-08,FCSB,Sepsi Sf. Gheorghe,2,0,1.42,4.21,7.22,1.44,4.46,8.23,Liga I,,20190408_FCSB_Sepsi-Sf.-Gheorghe,87.00261284833732,0.75,2.0,3,6,5,12,55.0,45.0,4,2,0,0,4,7
2019-04-12,Concordia,Calarasi,3,0,2.37,2.94,3.13,2.48,3.03,3.35,Liga I,,20190412_Concordia_Calarasi,-61.28162074895158,1.09,1.57,4,5,8,11,52.9,47.1,1,1,0,0,2,8
2019-04-12,Poli Iasi,Din. Bucuresti,0,1,2.79,3.04,2.53,2.93,3.11,2.72,Liga I,,20190412_Poli-Iasi_Din.-Bucuresti,-22.14025015293987,0.62,0.53,1,4,1,9,50.7,49.3,3,1,0,0,2,7
2019-04-13,FC Botosani,FC Hermannstadt,1,0,2.02,3.09,3.86,2.05,3.22,4.29,Liga I,,20190413_FC-Botosani_FC-Hermannstadt,18.259161293180796,0.85,1.34,3,3,6,8,59.2,40.8,4,2,0,0,9,2
2019-04-13,Viitorul Constanta,U Craiova,2,1,2.46,3.06,2.88,2.61,3.16,3.03,Liga I,,20190413_Viitorul-Constanta_U-Craiova,-43.56434383412898,0.45,1.14,2,3,3,7,42.6,57.4,0,0,0,0,3,5
2019-04-14,CFR Cluj,FCSB,0,0,2.43,2.89,3.1,2.44,2.96,3.53,Liga I,,20190414_CFR-Cluj_FCSB,40.03234378299362,0.64,0.05,3,0,6,2,48.9,51.1,0,2,0,0,9,3
2019-04-14,FC Voluntari,Gaz Metan Medias,1,2,2.99,2.98,2.43,3.2,3.11,2.52,Liga I,,20190414_FC-Voluntari_Gaz-Metan-Medias,-22.666111309327107,1.55,0.15,5,2,12,5,46.2,53.8,3,3,0,0,7,0
2019-04-15,Sepsi Sf. Gheorghe,Astra,0,1,2.52,2.91,2.93,2.6,2.98,3.21,Liga I,,20190415_Sepsi-Sf.-Gheorghe_Astra,-25.262492038217943,0.05,0.05,1,1,0,2,54.5,45.5,5,0,1,0,0,1
2019-04-19,Astra,U Craiova,0,1,2.89,2.9,2.57,3.26,2.93,2.61,Liga I,,20190419_Astra_U-Craiova,-41.250288990920126,0.05,0.85,1,1,2,3,53.0,47.0,1,1,0,0,2,7
2019-04-19,FC Hermannstadt,FC Voluntari,1,1,2.51,2.94,2.93,2.73,2.84,3.21,Liga I,,20190419_FC-Hermannstadt_FC-Voluntari,-48.84843922480013,0.55,0.89,4,2,8,5,43.3,56.7,2,3,0,0,3,6
2019-04-20,Sepsi Sf. Gheorghe,CFR Cluj,0,1,6.83,3.71,1.51,7.31,4.08,1.52,Liga I,,20190420_Sepsi-Sf.-Gheorghe_CFR-Cluj,-154.899994839471,1.17,1.9,4,5,9,9,45.4,54.6,3,2,0,0,7,5
2019-04-21,Gaz Metan Medias,Calarasi,0,0,2.02,2.97,4.0,2.08,3.0,4.56,Liga I,,20190421_Gaz-Metan-Medias_Calarasi,108.28322871538285,0.74,0.31,3,1,8,2,59.4,40.6,2,1,0,1,6,2
2019-04-21,Viitorul Constanta,FCSB,1,1,3.74,3.26,1.98,4.12,3.4,2.02,Liga I,,20190421_Viitorul-Constanta_FCSB,-45.420733627199525,1.91,0.28,6,1,14,2,44.6,55.4,2,2,0,0,6,2
2019-04-22,Din. Bucuresti,FC Botosani,1,0,1.81,3.36,4.29,1.85,3.54,4.73,Liga I,,20190422_Din.-Bucuresti_FC-Botosani,40.82786196699999,1.36,0.75,4,2,7,4,46.7,53.3,3,1,0,0,4,2
2019-04-22,Poli Iasi,Concordia,1,1,1.79,3.44,4.32,1.91,3.55,4.39,Liga I,,20190422_Poli-Iasi_Concordia,84.63793867719914,1.47,1.14,6,4,14,7,56.0,44.0,2,2,0,0,3,4
2019-04-26,Concordia,Gaz Metan Medias,0,2,3.33,3.04,2.2,3.62,3.2,2.26,Liga I,,20190426_Concordia_Gaz-Metan-Medias,-134.88481704515243,0.05,1.93,2,6,5,13,40.6,59.4,2,0,0,0,2,6
2019-04-27,Calarasi,FC Hermannstadt,0,0,2.28,2.87,3.37,2.35,2.99,3.68,Liga I,,20190427_Calarasi_FC-Hermannstadt,-12.384911954969994,0.05,1.32,0,6,0,13,40.7,59.3,1,4,0,0,2,6
2019-04-27,FC Voluntari,Din. Bucuresti,1,2,3.06,3.24,2.23,3.06,3.38,2.45,Liga I,,20190427_FC-Voluntari_Din.-Bucuresti,-45.250892148915455,0.4,1.7,1,4,1,8,55.9,44.1,1,3,0,0,1,6
2019-04-28,FC Botosani,Poli Iasi,3,0,2.75,2.93,2.66,2.87,2.99,2.87,Liga I,,20190428_FC-Botosani_Poli-Iasi,-3.9444460281285956,1.07,1.22,5,3,12,5,48.5,51.5,1,2,0,0,10,3
2019-04-28,FCSB,Astra,1,0,1.37,4.47,7.66,1.4,4.85,8.38,Liga I,,20190428_FCSB_Astra,79.12234692831817,0.07,0.15,1,0,3,0,47.6,52.4,1,5,0,0,2,3
2019-04-29,CFR Cluj,Viitorul Constanta,3,1,1.59,3.54,5.83,1.63,3.67,6.53,Liga I,,20190429_CFR-Cluj_Viitorul-Constanta,88.11835176702061,1.16,1.33,4,3,8,8,50.6,49.4,2,0,0,1,8,4
2019-04-29,U Craiova,Sepsi Sf. Gheorghe,1,0,1.51,3.87,6.17,1.54,4.1,6.89,Liga I,,20190429_U-Craiova_Sepsi-Sf.-Gheorghe,106.33103893676753,1.13,0.94,4,4,9,7,56.0,44.0,3,4,0,0,4,4
2019-05-03,Concordia,FC Botosani,2,2,2.74,2.94,2.65,2.95,2.97,2.82,Liga I,,20190503_Concordia_FC-Botosani,-94.65811801689597,1.66,1.9,5,5,12,11,36.4,63.6,1,1,0,0,3,6
2019-05-03,Gaz Metan Medias,FC Hermannstadt,4,1,2.19,3.07,3.32,2.24,3.27,3.58,Liga I,,20190503_Gaz-Metan-Medias_FC-Hermannstadt,96.6410910158977,0.88,0.43,4,3,7,6,54.6,45.4,3,5,0,0,4,1
2019-05-04,Calarasi,Din. Bucuresti,1,0,3.07,3.01,2.34,3.15,3.26,2.46,Liga I,,20190504_Calarasi_Din.-Bucuresti,-113.1502610239595,0.81,1.77,1,8,1,19,50.7,49.3,3,2,0,0,3,10
2019-05-04,Viitorul Constanta,Sepsi Sf. Gheorghe,3,1,1.64,3.61,5.09,1.68,3.77,5.75,Liga I,,20190504_Viitorul-Constanta_Sepsi-Sf.-Gheorghe,80.15617516842781,2.15,1.1,9,6,18,15,52.5,47.5,2,1,0,0,7,3
2019-05-05,FC Voluntari,Poli Iasi,0,0,2.43,3.07,2.88,2.6,3.16,3.03,Liga I,,20190505_FC-Voluntari_Poli-Iasi,14.515508761617866,0.81,0.8,4,1,10,4,44.6,55.4,0,4,0,1,3,2
2019-05-05,U Craiova,FCSB,0,2,2.72,3.22,2.47,2.85,3.35,2.62,Liga I,,20190505_U-Craiova_FCSB,-17.583728276444845,0.42,0.88,2,2,6,3,47.5,52.5,3,3,0,0,4,2
2019-05-06,Astra,CFR Cluj,1,5,6.24,3.63,1.55,6.84,3.89,1.57,Liga I,,20190506_Astra_CFR-Cluj,-143.2733807837817,0.69,1.83,1,6,2,16,37.6,62.4,3,1,0,0,4,8
2019-05-10,Din. Bucuresti,Gaz Metan Medias,2,0,2.51,2.92,2.94,2.7,2.95,3.11,Liga I,,20190510_Din.-Bucuresti_Gaz-Metan-Medias,-19.541745664065047,0.32,0.97,2,3,5,8,43.2,56.8,0,2,0,0,3,5
2019-05-10,FC Botosani,FC Voluntari,2,0,2.16,3.17,3.31,2.25,3.26,3.57,Liga I,,20190510_FC-Botosani_FC-Voluntari,3.122748230037132,1.04,0.81,2,2,2,4,46.5,53.5,0,3,0,0,1,4
2019-05-11,FC Hermannstadt,Concordia,1,0,1.7,3.46,4.96,1.75,3.67,5.27,Liga I,,20190511_FC-Hermannstadt_Concordia,41.431282127445,1.06,0.07,6,0,12,0,45.5,54.5,1,0,0,0,5,1
2019-05-11,Poli Iasi,Calarasi,4,0,1.97,3.06,4.04,2.06,3.24,4.21,Liga I,,20190511_Poli-Iasi_Calarasi,17.217656771856355,1.97,0.74,5,3,12,7,54.8,45.2,2,2,0,0,5,5
2019-05-11,Sepsi Sf. Gheorghe,FCSB,1,5,6.8,3.98,1.46,7.9,4.15,1.49,Liga I,,20190511_Sepsi-Sf.-Gheorghe_FCSB,-161.46352064264897,0.38,1.53,4,5,11,9,44.0,56.0,1,0,0,0,4,11
2019-05-12,CFR Cluj,U Craiova,1,0,2.27,2.24,4.93,2.23,2.21,4.69,Liga I,,20190512_CFR-Cluj_U-Craiova,81.81513412480945,0.05,0.47,1,2,1,5,45.4,54.6,3,1,0,0,4,1
2019-05-13,Viitorul Constanta,Astra,3,0,1.65,3.62,5.09,1.68,3.65,5.91,Liga I,,20190513_Viitorul-Constanta_Astra,53.708546258276556,1.17,1.46,3,7,7,17,56.8,43.2,0,1,0,0,3,15
2019-05-14,Calarasi,FC Botosani,0,2,2.51,2.9,2.93,2.69,2.98,3.1,Liga I,,20190514_Calarasi_FC-Botosani,-57.15175746638806,1.34,1.1,4,3,8,6,58.0,42.0,1,1,0,0,0,2
2019-05-14,Gaz Metan Medias,Poli Iasi,1,1,2.1,3.21,3.35,2.19,3.38,3.59,Liga I,,20190514_Gaz-Metan-Medias_Poli-Iasi,59.84325284536635,1.85,1.5,5,7,12,17,49.2,50.8,1,0,0,0,5,8
2019-05-15,FC Hermannstadt,Din. Bucuresti,0,0,2.37,3.1,2.95,2.51,3.22,3.11,Liga I,,20190515_FC-Hermannstadt_Din.-Bucuresti,-96.68909511996208,0.51,1.4,2,5,4,12,47.1,52.9,1,5,0,0,2,9
2019-05-15,FC Voluntari,Concordia,2,1,1.74,3.53,4.42,1.75,3.72,5.11,Liga I,,20190515_FC-Voluntari_Concordia,83.83735290141976,2.15,0.55,6,3,14,5,51.5,48.5,4,3,0,0,3,2
2019-05-17,FC Botosani,Gaz Metan Medias,1,0,2.62,2.91,2.79,2.8,2.98,2.96,Liga I,,20190517_FC-Botosani_Gaz-Metan-Medias,-30.630396941565323,0.37,1.2,2,3,5,8,51.0,49.0,3,4,0,0,4,4
2019-05-18,Concordia,Din. Bucuresti,0,2,3.93,3.61,1.81,4.02,3.96,1.88,Liga I,,20190518_Concordia_Din.-Bucuresti,-165.1752780050599,0.56,0.92,1,2,4,4,41.9,58.1,2,3,0,1,2,2
2019-05-18,Poli Iasi,FC Hermannstadt,1,1,4.44,3.58,1.73,3.14,3.21,2.25,Liga I,,20190518_Poli-Iasi_FC-Hermannstadt,29.829925742488967,1.97,1.29,7,5,15,9,48.6,51.4,2,1,0,0,10,3
2019-05-18,U Craiova,Viitorul Constanta,1,2,2.01,3.25,3.57,2.11,3.32,3.88,Liga I,,20190518_U-Craiova_Viitorul-Constanta,2.993110882949395,0.88,1.94,2,5,6,11,54.4,45.6,5,6,1,0,5,2
2019-05-19,FC Voluntari,Calarasi,0,0,2.11,3.15,3.42,2.27,3.17,3.63,Liga I,,20190519_FC-Voluntari_Calarasi,49.44766048751808,0.49,0.05,1,0,0,0,52.9,47.1,2,1,0,0,3,3
2019-05-19,FCSB,CFR Cluj,1,0,1.8,3.43,4.21,1.88,3.6,4.44,Liga I,,20190519_FCSB_CFR-Cluj,-43.87748629761336,0.69,1.12,2,3,4,7,55.0,45.0,3,2,0,0,3,7
2019-05-20,Astra,Sepsi Sf. Gheorghe,3,2,1.68,3.59,4.73,1.73,3.78,5.19,Liga I,,20190520_Astra_Sepsi-Sf.-Gheorghe,41.6400466439311,1.0,0.55,3,2,8,5,54.7,45.3,1,4,0,0,5,9
2019-05-21,FC Hermannstadt,FC Botosani,0,2,1.82,3.25,4.43,1.88,3.36,4.9,Liga I,,20190521_FC-Hermannstadt_FC-Botosani,-66.97679601503091,0.76,0.92,2,4,3,8,44.7,55.3,2,1,0,0,8,2
2019-05-22,Calarasi,Concordia,2,0,1.81,3.26,4.47,1.78,3.28,4.95,Liga I,,20190522_Calarasi_Concordia,61.09393509672873,1.68,1.59,6,6,13,14,57.1,42.9,1,1,0,0,3,10
2019-05-22,Din. Bucuresti,Poli Iasi,0,0,1.87,3.31,4.06,1.89,3.52,4.49,Liga I,,20190522_Din.-Bucuresti_Poli-Iasi,68.06438675870231,1.57,1.05,6,4,12,9,46.4,53.6,3,0,0,1,4,4
2019-05-23,Gaz Metan Medias,FC Voluntari,4,0,2.24,2.96,3.33,2.32,3.11,3.6,Liga I,,20190523_Gaz-Metan-Medias_FC-Voluntari,47.06303696542204,0.71,0.21,4,1,8,2,53.3,46.7,1,1,0,0,5,1
2019-05-26,Calarasi,Gaz Metan Medias,0,1,2.83,2.77,2.72,3.14,2.85,2.77,Liga I,,20190526_Calarasi_Gaz-Metan-Medias,-93.59084788588757,0.5,1.26,1,4,3,8,46.6,53.4,2,2,1,0,2,5
2019-05-26,Concordia,Poli Iasi,4,1,4.78,3.61,1.67,5.38,3.95,1.68,Liga I,,20190526_Concordia_Poli-Iasi,-122.72201110799824,1.55,1.3,4,4,8,6,48.1,51.9,4,3,0,0,6,1
2019-05-27,FC Botosani,Din. Bucuresti,1,0,3.07,2.96,2.38,3.31,3.11,2.46,Liga I,,20190527_FC-Botosani_Din.-Bucuresti,-16.825806233789763,2.02,1.42,6,3,12,5,53.6,46.4,1,1,0,0,10,2
2019-05-27,FC Voluntari,FC Hermannstadt,2,1,2.25,3.06,3.18,2.36,3.09,3.52,Liga I,,20190527_FC-Voluntari_FC-Hermannstadt,23.76431744792808,0.11,1.21,2,1,3,3,53.4,46.6,0,1,1,0,3,0
2019-05-31,Din. Bucuresti,FC Voluntari,0,0,1.51,4.05,5.65,1.52,4.46,6.41,Liga I,,20190531_Din.-Bucuresti_FC-Voluntari,55.706987597637635,1.6,0.52,6,2,11,4,46.9,53.1,2,5,0,0,3,7
2019-05-31,Poli Iasi,FC Botosani,0,2,2.65,3.17,2.54,2.82,3.34,2.65,Liga I,,20190531_Poli-Iasi_FC-Botosani,-75.24754980311013,0.47,1.37,1,3,2,5,52.1,47.9,2,3,0,0,2,6
2019-06-02,FC Hermannstadt,Calarasi,2,1,1.81,3.18,4.62,1.88,3.35,4.95,Liga I,,20190602_FC-Hermannstadt_Calarasi,-0.3422641140705309,1.08,2.0,4,5,9,10,53.1,46.9,1,3,0,0,3,4
2019-06-02,Gaz Metan Medias,Concordia,3,1,1.17,6.52,13.7,1.19,7.05,15.65,Liga I,,20190602_Gaz-Metan-Medias_Concordia,167.280236630402,2.67,0.3,7,1,16,1,57.4,42.6,4,4,0,0,8,2
2019-06-09,U. Cluj,FC Hermannstadt,0,2,2.34,2.99,3.05,2.49,3.18,3.17,Liga I,,20190609_U.-Cluj_FC-Hermannstadt,63.483234972905166,0.05,1.29,0,4,2,9,58.0,42.0,3,2,0,1,3,4
2019-06-12,FC Hermannstadt,U. Cluj,0,1,1.95,3.27,3.75,2.02,3.46,4.02,Liga I,,20190612_FC-Hermannstadt_U.-Cluj,-35.146128152360916,1.05,0.41,5,1,13,2,49.2,50.8,0,2,0,0,7,1
2019-07-12,FC Voluntari,Sepsi Sf. Gheorghe,0,0,2.51,2.96,2.9,2.61,3.06,3.07,Liga I,,20190712_FC-Voluntari_Sepsi-Sf.-Gheorghe,52.328620976292314,1.13,0.69,4,2,9,6,53.1,46.9,4,0,0,0,11,4
2019-07-13,Astra,FC Botosani,2,2,2.24,3.04,3.3,2.32,3.14,3.49,Liga I,,20190713_Astra_FC-Botosani,-61.127031195439486,0.05,0.56,2,3,6,7,40.9,59.1,2,1,0,0,1,4
2019-07-13,CFR Cluj,Poli Iasi,1,1,1.49,3.66,7.35,1.47,4.09,8.64,Liga I,,20190713_CFR-Cluj_Poli-Iasi,186.21287680460023,0.98,1.35,1,4,4,7,59.0,41.0,2,1,0,0,5,6
2019-07-14,FCSB,FC Hermannstadt,4,3,1.44,3.97,7.33,1.48,4.04,8.5,Liga I,,20190714_FCSB_FC-Hermannstadt,179.4395444748236,1.77,1.13,6,3,14,5,59.8,40.2,2,4,0,0,11,2
2019-07-14,U Craiova,Academica Clinceni,3,2,1.43,4.15,7.22,1.44,4.46,8.09,Liga I,,20190714_U-Craiova_Academica-Clinceni,37.33554193279588,1.3,1.39,4,3,8,7,50.5,49.5,2,2,0,0,6,3
2019-07-15,Gaz Metan Medias,Chindia Targoviste,2,2,1.66,3.51,5.12,1.69,3.72,5.59,Liga I,,20190715_Gaz-Metan-Medias_Chindia-Targoviste,42.75594145057835,0.65,1.1,2,5,3,11,50.4,49.6,2,2,0,0,2,5
2019-07-15,Viitorul Constanta,Din. Bucuresti,5,0,2.09,3.2,3.47,2.15,3.31,3.73,Liga I,,20190715_Viitorul-Constanta_Din.-Bucuresti,34.119690735871245,1.66,0.58,5,1,11,3,61.2,38.8,4,0,1,0,8,6
2019-07-19,Chindia Targoviste,Viitorul Constanta,0,1,5.26,3.8,1.6,5.48,4.05,1.64,Liga I,,20190719_Chindia-Targoviste_Viitorul-Constanta,-67.90517600700696,0.15,0.76,1,3,1,5,57.3,42.7,3,1,0,0,2,0
2019-07-19,FC Hermannstadt,Gaz Metan Medias,0,2,3.39,3.17,2.13,3.63,3.37,2.16,Liga I,,20190719_FC-Hermannstadt_Gaz-Metan-Medias,-107.69187659471709,0.05,0.86,1,2,3,3,44.6,55.4,1,2,0,0,4,2
2019-07-20,Academica Clinceni,CFR Cluj,1,4,5.25,3.47,1.67,5.76,3.67,1.69,Liga I,,20190720_Academica-Clinceni_CFR-Cluj,-141.03348955857746,1.05,1.56,6,5,13,11,47.5,52.5,3,3,0,0,9,4
2019-07-20,FC Botosani,FC Voluntari,4,1,1.95,3.25,3.84,1.99,3.4,4.22,Liga I,,20190720_FC-Botosani_FC-Voluntari,71.27984550280553,1.42,1.57,5,4,12,9,56.7,43.3,2,0,0,0,5,7
2019-07-21,Din. Bucuresti,U Craiova,0,2,2.74,3.12,2.53,2.85,3.21,2.69,Liga I,,20190721_Din.-Bucuresti_U-Craiova,-34.44678833444982,1.59,1.7,5,5,12,10,48.8,51.2,1,3,0,0,5,5
2019-07-21,Poli Iasi,Astra,1,0,2.69,3.0,2.67,2.85,3.11,2.76,Liga I,,20190721_Poli-Iasi_Astra,-29.212994272702872,1.12,1.05,4,2,10,5,49.6,50.4,2,3,0,0,8,3
2019-07-22,Sepsi Sf. Gheorghe,FCSB,0,0,5.32,3.73,1.61,5.76,3.83,1.66,Liga I,,20190722_Sepsi-Sf.-Gheorghe_FCSB,-203.6318370845852,1.16,0.05,4,0,10,0,44.0,56.0,3,1,0,0,4,1
2019-07-26,FC Voluntari,Astra,1,2,2.8,3.15,2.46,2.81,3.32,2.65,Liga I,,20190726_FC-Voluntari_Astra,-10.897725571236379,0.68,1.6,3,6,6,14,42.1,57.9,1,1,0,0,3,8
2019-07-26,Poli Iasi,Academica Clinceni,2,0,1.73,3.44,4.73,1.74,3.68,5.25,Liga I,,20190726_Poli-Iasi_Academica-Clinceni,-13.034645620534775,1.88,1.04,5,4,13,9,44.2,55.8,0,1,0,0,3,5
2019-07-27,CFR Cluj,Din. Bucuresti,1,0,1.5,3.81,6.53,1.54,3.9,7.37,Liga I,,20190727_CFR-Cluj_Din.-Bucuresti,134.90792859128578,0.05,0.7,1,0,2,0,62.2,37.8,3,2,0,0,5,3
2019-07-27,Gaz Metan Medias,Sepsi Sf. Gheorghe,1,1,1.76,3.38,4.63,1.76,3.72,4.98,Liga I,,20190727_Gaz-Metan-Medias_Sepsi-Sf.-Gheorghe,121.35359825124965,0.84,0.43,2,1,3,2,47.9,52.1,3,1,0,0,6,2
2019-07-28,U Craiova,Chindia Targoviste,1,0,1.47,3.92,6.97,1.48,4.15,8.07,Liga I,,20190728_U-Craiova_Chindia-Targoviste,67.07981669416358,1.23,0.41,3,0,7,1,61.0,39.0,1,1,0,0,5,0
2019-07-28,Viitorul Constanta,FC Hermannstadt,3,2,1.55,3.7,6.11,1.57,3.86,7.0,Liga I,,20190728_Viitorul-Constanta_FC-Hermannstadt,153.8589884170501,0.99,1.79,3,4,7,8,55.4,44.6,1,2,0,0,4,3
2019-07-29,FCSB,FC Botosani,0,2,1.46,4.06,6.68,1.49,4.31,7.23,Liga I,,20190729_FCSB_FC-Botosani,67.71395112172354,0.83,1.02,3,2,5,5,58.7,41.3,2,2,0,1,2,0
2019-08-02,Din. Bucuresti,Academica Clinceni,4,2,1.63,3.63,5.26,1.65,3.81,5.85,Liga I,,20190802_Din.-Bucuresti_Academica-Clinceni,25.774023139277233,0.84,1.6,5,4,9,8,48.9,51.1,2,2,0,0,5,4
2019-08-03,Chindia Targoviste,CFR Cluj,1,4,5.29,3.56,1.64,5.8,3.7,1.68,Liga I,,20190803_Chindia-Targoviste_CFR-Cluj,-163.18551506399103,1.14,0.99,5,5,12,11,45.4,54.6,2,0,0,0,10,3
2019-08-03,FC Botosani,Gaz Metan Medias,1,1,2.3,2.91,3.3,2.39,2.99,3.55,Liga I,,20190803_FC-Botosani_Gaz-Metan-Medias,20.25272816642041,0.8,0.05,4,1,10,3,47.3,52.7,0,0,0,0,2,2
2019-08-04,FC Hermannstadt,U Craiova,2,1,3.22,3.1,2.23,3.55,3.29,2.23,Liga I,,20190804_FC-Hermannstadt_U-Craiova,-150.3850674801124,0.85,0.61,2,3,5,7,44.1,55.9,3,5,0,0,0,3
2019-08-04,Sepsi Sf. Gheorghe,Viitorul Constanta,2,2,3.53,3.22,2.05,3.75,3.36,2.13,Liga I,,20190804_Sepsi-Sf.-Gheorghe_Viitorul-Constanta,-153.70952521655659,1.56,1.69,4,6,9,15,46.5,53.5,0,0,0,0,6,9
2019-08-05,Astra,FCSB,2,1,3.56,3.24,2.04,3.87,3.42,2.07,Liga I,,20190805_Astra_FCSB,-121.30685539738897,1.3,1.4,5,4,9,8,48.6,51.4,4,1,1,0,6,6
2019-08-05,FC Voluntari,Poli Iasi,0,0,3.13,3.05,2.3,3.25,3.18,2.42,Liga I,,20190805_FC-Voluntari_Poli-Iasi,-31.771670262765838,1.25,0.14,4,0,10,0,45.4,54.6,2,1,0,0,6,2
2019-08-09,Academica Clinceni,Chindia Targoviste,3,1,2.76,3.14,2.49,2.92,3.32,2.56,Liga I,,20190809_Academica-Clinceni_Chindia-Targoviste,-16.98583463366981,1.27,2.04,6,7,13,15,46.9,53.1,3,3,0,0,8,5
2019-08-09,Poli Iasi,Din. Bucuresti,2,0,2.17,3.1,3.36,2.26,3.2,3.58,Liga I,,20190809_Poli-Iasi_Din.-Bucuresti,-26.1144216917819,0.72,0.96,2,3,3,6,46.6,53.4,2,1,0,0,3,5
2019-08-10,CFR Cluj,FC Hermannstadt,3,0,1.66,3.48,5.34,1.66,3.56,6.42,Liga I,,20190810_CFR-Cluj_FC-Hermannstadt,216.9200671045778,2.53,0.26,7,1,15,4,58.0,42.0,2,2,0,0,3,3
2019-08-10,Gaz Metan Medias,Astra,1,0,2.16,3.1,3.39,2.17,3.29,3.71,Liga I,,20190810_Gaz-Metan-Medias_Astra,46.63061557051492,0.6,1.11,3,2,5,4,56.7,43.3,1,4,0,0,2,1
2019-08-11,FCSB,FC Voluntari,1,3,1.68,3.74,4.63,1.7,3.98,5.06,Liga I,,20190811_FCSB_FC-Voluntari,138.33028406078097,0.76,1.02,2,3,7,6,53.6,46.4,2,1,0,0,2,3
2019-08-11,U Craiova,Sepsi Sf. Gheorghe,0,1,1.73,3.37,4.89,1.76,3.48,5.46,Liga I,,20190811_U-Craiova_Sepsi-Sf.-Gheorghe,114.33950620085216,0.32,0.66,1,2,0,4,52.0,48.0,0,2,0,0,2,4
2019-08-12,Viitorul Constanta,FC Botosani,2,2,1.81,3.45,4.17,1.86,3.61,4.51,Liga I,,20190812_Viitorul-Constanta_FC-Botosani,15.871979301493866,1.12,2.26,3,8,7,17,48.7,51.3,0,2,1,0,6,13
2019-08-16,Chindia Targoviste,Din. Bucuresti,3,2,3.07,3.24,2.24,3.2,3.43,2.32,Liga I,,20190816_Chindia-Targoviste_Din.-Bucuresti,-30.69697839966716,0.77,1.52,3,5,8,11,48.3,51.7,2,1,0,0,0,10
2019-08-16,FC Hermannstadt,Academica Clinceni,2,1,1.76,3.46,4.52,1.78,3.63,4.99,Liga I,,20190816_FC-Hermannstadt_Academica-Clinceni,-41.195845953244316,1.33,0.93,3,2,5,4,40.9,59.1,3,1,0,0,6,2
2019-08-17,Sepsi Sf. Gheorghe,CFR Cluj,1,1,3.37,3.1,2.16,3.61,3.32,2.19,Liga I,,20190817_Sepsi-Sf.-Gheorghe_CFR-Cluj,-204.1969182423711,1.48,0.23,6,1,14,2,46.5,53.5,1,2,0,0,7,5
2019-08-18,FC Botosani,U Craiova,1,1,2.11,3.16,3.44,2.23,3.32,3.5,Liga I,,20190818_FC-Botosani_U-Craiova,29.882958152091533,0.96,0.35,3,1,7,2,49.5,50.5,1,1,0,0,8,6
2019-08-18,FCSB,Poli Iasi,1,2,1.74,3.62,4.32,1.81,3.86,4.48,Liga I,,20190818_FCSB_Poli-Iasi,79.30661660272926,1.6,1.04,6,4,14,9,43.9,56.1,2,1,0,0,4,10
2019-08-19,Astra,Viitorul Constanta,1,1,3.68,3.3,1.97,3.93,3.52,2.02,Liga I,,20190819_Astra_Viitorul-Constanta,-91.20911583167367,0.59,0.89,3,3,7,9,48.8,51.2,2,2,0,1,4,8
2019-08-19,FC Voluntari,Gaz Metan Medias,0,3,3.29,3.14,2.18,3.49,3.29,2.25,Liga I,,20190819_FC-Voluntari_Gaz-Metan-Medias,-89.56763651313645,1.1,0.81,3,3,6,7,45.3,54.7,1,0,0,0,4,2
2019-08-23,Poli Iasi,Chindia Targoviste,2,2,1.62,3.68,5.18,1.65,3.88,5.75,Liga I,,20190823_Poli-Iasi_Chindia-Targoviste,32.01815277130095,0.5,1.5,2,4,6,9,52.4,47.6,1,1,0,0,7,7
2019-08-23,U Craiova,Astra,1,0,1.76,3.48,4.47,1.75,3.8,4.97,Liga I,,20190823_U-Craiova_Astra,44.49957376460111,1.01,1.24,3,5,7,12,61.9,38.1,3,0,0,0,2,0
2019-08-24,Academica Clinceni,Sepsi Sf. Gheorghe,1,1,3.14,3.09,2.28,3.38,3.23,2.33,Liga I,,20190824_Academica-Clinceni_Sepsi-Sf.-Gheorghe,-1.9831003600002077,0.08,1.55,1,5,3,9,46.3,53.7,1,1,0,0,2,8
2019-08-24,CFR Cluj,FC Botosani,4,1,2.13,3.09,3.47,2.17,3.23,3.78,Liga I,,20190824_CFR-Cluj_FC-Botosani,86.28992805208622,2.02,0.52,5,1,13,3,49.1,50.9,1,2,0,0,12,2
2019-08-25,Gaz Metan Medias,FCSB,4,0,2.51,3.18,2.71,2.67,3.31,2.79,Liga I,,20190825_Gaz-Metan-Medias_FCSB,7.983791682805531,1.19,0.41,4,1,8,1,45.1,54.9,2,4,0,0,2,3
2019-08-25,Viitorul Constanta,FC Voluntari,4,0,1.4,4.46,7.07,1.42,4.75,8.01,Liga I,,20190825_Viitorul-Constanta_FC-Voluntari,119.24144050398309,0.77,1.44,4,4,11,12,54.5,45.5,1,2,0,0,5,8
2019-08-26,Din. Bucuresti,FC Hermannstadt,3,0,2.32,3.13,3.02,2.42,3.23,3.2,Liga I,,20190826_Din.-Bucuresti_FC-Hermannstadt,37.23254381740662,1.8,0.48,4,1,9,2,47.5,52.5,3,3,0,0,5,4
2019-08-30,FC Botosani,Academica Clinceni,2,2,1.49,4.0,6.28,1.5,4.28,7.18,Liga I,,20190830_FC-Botosani_Academica-Clinceni,98.06394609329891,1.34,1.64,4,6,8,12,46.5,53.5,1,1,0,0,3,10
2019-08-30,FC Voluntari,U Craiova,1,2,3.96,3.27,1.92,4.2,3.45,1.98,Liga I,,20190830_FC-Voluntari_U-Craiova,-97.19891135868693,1.23,0.63,3,3,7,9,42.4,57.6,2,2,1,0,1,3
2019-08-31,Astra,CFR Cluj,3,2,3.72,3.17,2.01,4.09,3.32,2.05,Liga I,,20190831_Astra_CFR-Cluj,-178.16413843555665,0.86,0.5,3,2,6,6,45.1,54.9,2,0,0,0,5,2
2019-08-31,Gaz Metan Medias,Poli Iasi,3,2,1.84,3.35,4.23,1.83,3.65,4.68,Liga I,,20190831_Gaz-Metan-Medias_Poli-Iasi,70.73235225028156,0.74,1.32,3,5,7,12,56.2,43.8,0,2,0,0,7,5
2019-09-01,FC Hermannstadt,Chindia Targoviste,2,1,1.77,3.45,4.46,1.87,3.46,4.75,Liga I,,20190901_FC-Hermannstadt_Chindia-Targoviste,-44.47221862686274,0.69,1.88,3,6,6,12,46.5,53.5,1,2,0,0,6,11
2019-09-01,FCSB,Viitorul Constanta,2,1,2.58,3.35,2.54,2.67,3.46,2.69,Liga I,,20190901_FCSB_Viitorul-Constanta,-39.47146978423143,0.87,1.12,2,2,3,3,55.6,44.4,2,1,0,0,3,2
2019-09-02,Sepsi Sf. Gheorghe,Din. Bucuresti,0,1,2.28,3.02,3.22,2.41,3.08,3.38,Liga I,,20190902_Sepsi-Sf.-Gheorghe_Din.-Bucuresti,-31.673471068952267,0.83,1.29,3,2,6,5,52.8,47.2,0,1,0,0,2,5
2019-09-13,Academica Clinceni,Astra,1,1,3.87,3.37,1.91,4.14,3.5,1.97,Liga I,,20190913_Academica-Clinceni_Astra,-38.71427033048644,0.46,0.89,1,3,2,6,47.1,52.9,4,1,1,0,0,9
2019-09-13,CFR Cluj,FC Voluntari,5,0,1.31,4.88,9.3,1.32,5.31,10.57,Liga I,,20190913_CFR-Cluj_FC-Voluntari,200.98302749979052,1.67,0.4,5,0,9,0,60.4,39.6,2,1,0,0,6,2
2019-09-14,Chindia Targoviste,Sepsi Sf. Gheorghe,0,0,2.6,3.0,2.75,2.72,3.09,2.91,Liga I,,20190914_Chindia-Targoviste_Sepsi-Sf.-Gheorghe,14.856654296363558,0.42,0.98,2,4,4,11,50.5,49.5,1,2,0,0,4,9
2019-09-14,Din. Bucuresti,FC Botosani,1,1,2.5,3.2,2.73,2.49,3.38,2.96,Liga I,,20190914_Din.-Bucuresti_FC-Botosani,-50.335460549879826,0.43,0.96,2,3,5,9,49.4,50.6,1,2,0,0,3,3
2019-09-15,Poli Iasi,FC Hermannstadt,0,0,2.11,3.18,3.41,2.21,3.31,3.57,Liga I,,20190915_Poli-Iasi_FC-Hermannstadt,51.16700182521822,0.26,0.05,0,0,0,1,54.0,46.0,2,3,0,0,1,2
2019-09-15,U Craiova,FCSB,0,1,2.21,3.27,3.12,2.3,3.39,3.28,Liga I,,20190915_U-Craiova_FCSB,-3.272681835860567,1.22,1.49,3,3,6,6,47.1,52.9,1,0,0,0,4,6
2019-09-16,Viitorul Constanta,Gaz Metan Medias,4,1,1.79,3.57,4.18,1.82,3.75,4.55,Liga I,,20190916_Viitorul-Constanta_Gaz-Metan-Medias,-14.908571447728718,2.56,1.0,9,3,19,8,52.7,47.3,2,1,0,0,6,3
2019-09-20,Gaz Metan Medias,U Craiova,2,3,2.47,2.97,2.96,2.66,2.93,3.15,Liga I,,20190920_Gaz-Metan-Medias_U-Craiova,30.31016170700741,0.95,1.17,4,6,8,13,51.1,48.9,0,7,0,0,2,6
2019-09-21,Astra,Din. Bucuresti,3,2,2.21,3.14,3.23,2.35,3.18,3.39,Liga I,,20190921_Astra_Din.-Bucuresti,-5.472629396038428,2.13,1.12,8,5,18,12,43.7,56.3,0,1,0,0,9,9
2019-09-21,FC Voluntari,Academica Clinceni,1,2,2.3,3.25,2.98,2.52,3.31,2.97,Liga I,,20190921_FC-Voluntari_Academica-Clinceni,-26.508506287626915,0.25,0.94,1,3,2,8,46.8,53.2,3,0,0,0,0,1
2019-09-21,Sepsi Sf. Gheorghe,FC Hermannstadt,3,0,2.48,2.93,2.99,2.52,3.06,3.22,Liga I,,20190921_Sepsi-Sf.-Gheorghe_FC-Hermannstadt,1.3184397914649253,2.09,0.96,7,3,15,8,52.0,48.0,1,1,0,0,8,3
2019-09-22,FC Botosani,Chindia Targoviste,0,3,1.58,3.85,5.42,1.57,4.2,6.01,Liga I,,20190922_FC-Botosani_Chindia-Targoviste,87.7567476856284,1.32,1.16,3,3,6,4,51.0,49.0,2,0,0,0,5,2
2019-09-22,FCSB,CFR Cluj,0,0,2.51,3.08,2.8,2.63,3.18,2.95,Liga I,,20190922_FCSB_CFR-Cluj,-76.91019774021152,0.05,0.05,0,0,0,2,41.8,58.2,0,3,0,0,1,1
2019-09-23,Viitorul Constanta,Poli Iasi,2,1,1.44,4.5,6.07,1.47,4.84,6.48,Liga I,,20190923_Viitorul-Constanta_Poli-Iasi,89.2733522692929,1.38,0.94,2,3,4,9,46.8,53.2,0,1,0,0,5,9
2019-09-27,Din. Bucuresti,FC Voluntari,2,1,1.47,4.17,6.29,1.52,4.23,6.79,Liga I,,20190927_Din.-Bucuresti_FC-Voluntari,66.92933137291925,0.82,0.74,2,2,4,4,51.3,48.7,2,1,0,0,3,3
2019-09-28,Chindia Targoviste,Astra,1,0,2.61,3.17,2.63,2.7,3.26,2.8,Liga I,,20190928_Chindia-Targoviste_Astra,-32.62243000003423,0.59,0.64,1,3,0,6,50.0,50.0,1,5,0,0,2,3
2019-09-28,FC Hermannstadt,FC Botosani,0,1,2.43,3.06,2.93,2.55,3.13,3.09,Liga I,,20190928_FC-Hermannstadt_FC-Botosani,-99.89251246994286,0.97,0.45,1,1,3,4,49.5,50.5,1,6,0,0,0,2
2019-09-29,Academica Clinceni,FCSB,0,3,7.7,4.36,1.39,9.29,4.7,1.39,Liga I,,20190929_Academica-Clinceni_FCSB,-100.574591610467,0.88,1.89,4,5,10,10,36.8,63.2,0,1,0,0,1,6
2019-09-29,CFR Cluj,Gaz Metan Medias,3,0,1.63,3.67,5.22,1.64,3.94,5.75,Liga I,,20190929_CFR-Cluj_Gaz-Metan-Medias,84.0770556745158,0.75,0.47,3,1,6,3,45.8,54.2,1,5,0,0,5,2
2019-09-30,Poli Iasi,Sepsi Sf. Gheorghe,1,1,2.25,2.86,3.47,2.34,2.89,3.81,Liga I,,20190930_Poli-Iasi_Sepsi-Sf.-Gheorghe,25.402220347962384,0.5,2.27,4,8,7,18,50.6,49.4,0,4,0,0,6,19
2019-09-30,U Craiova,Viitorul Constanta,3,1,2.23,3.22,3.11,2.29,3.35,3.34,Liga I,,20190930_U-Craiova_Viitorul-Constanta,-36.36929860771306,1.56,0.27,4,1,7,3,49.9,50.1,1,2,0,0,3,2
2019-10-04,FC Botosani,Sepsi Sf. Gheorghe,1,1,1.99,3.08,3.95,2.03,3.1,4.55,Liga I,,20191004_FC-Botosani_Sepsi-Sf.-Gheorghe,82.43120668635129,1.44,1.36,3,5,7,12,55.1,44.9,1,2,0,0,6,9
2019-10-04,U Craiova,Poli Iasi,1,1,1.57,3.67,5.89,1.59,3.92,6.46,Liga I,,20191004_U-Craiova_Poli-Iasi,84.99687907918474,0.05,1.49,1,5,2,13,52.3,47.7,2,0,0,0,2,1
2019-10-05,FCSB,Din. Bucuresti,1,1,1.6,3.86,5.11,1.62,4.05,5.74,Liga I,,20191005_FCSB_Din.-Bucuresti,81.22980951806198,0.93,1.15,4,4,9,8,53.1,46.9,2,1,0,0,3,4
2019-10-05,Gaz Metan Medias,Academica Clinceni,2,1,1.48,4.07,6.38,1.49,4.4,7.0,Liga I,,20191005_Gaz-Metan-Medias_Academica-Clinceni,87.64876803497623,1.14,0.92,5,3,10,4,52.5,47.5,2,3,0,0,4,5
2019-10-06,Viitorul Constanta,CFR Cluj,3,1,2.58,3.13,2.66,2.73,3.23,2.79,Liga I,,20191006_Viitorul-Constanta_CFR-Cluj,-74.33251493028183,1.42,0.05,5,1,11,0,48.7,51.3,0,3,0,0,4,1
2019-10-07,Astra,FC Hermannstadt,0,0,2.13,3.12,3.43,2.2,3.28,3.63,Liga I,,20191007_Astra_FC-Hermannstadt,70.21292889870688,0.22,1.04,0,3,0,8,50.5,49.5,0,3,0,0,3,5
2019-10-07,FC Voluntari,Chindia Targoviste,0,1,2.71,3.06,2.59,2.85,3.18,2.71,Liga I,,20191007_FC-Voluntari_Chindia-Targoviste,-76.05223519003016,0.63,0.88,1,4,4,7,47.4,52.6,1,1,0,0,3,3
2019-10-18,Din. Bucuresti,Gaz Metan Medias,2,0,2.74,3.11,2.56,2.91,3.12,2.69,Liga I,,20191018_Din.-Bucuresti_Gaz-Metan-Medias,-57.34345867138268,0.93,0.86,3,4,7,8,41.3,58.7,1,7,0,0,5,5
2019-10-18,FC Hermannstadt,FC Voluntari,0,0,1.82,3.44,4.23,1.9,3.52,4.48,Liga I,,20191018_FC-Hermannstadt_FC-Voluntari,24.021857752156848,1.91,0.94,6,1,12,3,47.0,53.0,2,2,0,0,7,3
2019-10-19,CFR Cluj,U Craiova,2,0,1.78,3.37,4.57,1.81,3.53,5.0,Liga I,,20191019_CFR-Cluj_U-Craiova,72.54825230126244,0.47,1.27,2,4,4,11,56.7,43.3,0,1,1,0,3,7
2019-10-20,Academica Clinceni,Viitorul Constanta,0,0,5.47,4.1,1.53,6.03,4.25,1.57,Liga I,,20191020_Academica-Clinceni_Viitorul-Constanta,-139.2604798665509,1.59,0.85,6,4,13,10,37.6,62.4,0,2,0,0,7,4
2019-10-20,Chindia Targoviste,FCSB,1,2,4.68,3.54,1.71,5.21,3.64,1.75,Liga I,,20191020_Chindia-Targoviste_FCSB,-79.36997783130755,1.17,1.95,5,7,12,14,45.6,54.4,3,2,0,0,12,9
2019-10-20,Sepsi Sf. Gheorghe,Astra,2,3,2.34,2.99,3.14,2.43,3.07,3.35,Liga I,,20191020_Sepsi-Sf.-Gheorghe_Astra,-30.280486215312976,1.41,1.49,3,5,5,10,48.7,51.3,5,1,0,0,1,2
2019-10-21,Poli Iasi,FC Botosani,0,3,3.67,3.24,2.01,3.95,3.43,2.04,Liga I,,20191021_Poli-Iasi_FC-Botosani,-53.107270477725024,1.27,1.61,5,5,11,9,47.4,52.6,3,0,0,0,8,2
2019-10-25,Sepsi Sf. Gheorghe,FC Voluntari,0,0,1.71,3.54,4.69,1.75,3.72,5.09,Liga I,,20191025_Sepsi-Sf.-Gheorghe_FC-Voluntari,47.38397347449313,1.15,0.43,5,0,11,2,47.3,52.7,3,1,0,0,10,3
2019-10-26,Chindia Targoviste,Gaz Metan Medias,1,1,3.28,3.12,2.2,3.54,3.08,2.34,Liga I,,20191026_Chindia-Targoviste_Gaz-Metan-Medias,-56.337320436271966,1.28,1.21,5,5,11,8,48.7,51.3,3,2,0,0,5,2
2019-10-26,FC Hermannstadt,FCSB,0,4,4.11,3.28,1.87,4.63,3.4,1.91,Liga I,,20191026_FC-Hermannstadt_FCSB,-160.3629201821243,1.43,0.13,3,4,6,10,41.4,58.6,2,1,0,1,3,8
2019-10-27,Academica Clinceni,U Craiova,0,0,5.25,3.8,1.6,5.71,4.07,1.62,Liga I,,20191027_Academica-Clinceni_U-Craiova,-97.88905918182672,0.22,0.37,1,0,1,0,50.8,49.2,1,2,0,0,2,0
2019-10-27,Din. Bucuresti,Viitorul Constanta,3,2,3.0,3.44,2.19,3.1,3.69,2.27,Liga I,,20191027_Din.-Bucuresti_Viitorul-Constanta,-72.35385238397612,1.5,1.04,6,3,12,7,41.7,58.3,1,3,0,0,6,7
2019-10-27,FC Botosani,Astra,1,2,1.84,3.5,3.99,1.86,3.77,4.29,Liga I,,20191027_FC-Botosani_Astra,45.78416850276767,1.58,1.52,4,4,8,8,47.7,52.3,0,1,0,0,6,2
2019-10-28,Poli Iasi,CFR Cluj,2,1,5.87,3.71,1.55,6.12,4.03,1.6,Liga I,,20191028_Poli-Iasi_CFR-Cluj,-171.49810869172097,1.08,0.68,2,1,4,2,48.9,51.1,1,1,0,0,4,1
2019-11-01,Viitorul Constanta,Chindia Targoviste,3,0,1.4,4.46,6.92,1.41,4.74,8.13,Liga I,,20191101_Viitorul-Constanta_Chindia-Targoviste,82.88083054486833,1.79,0.74,4,1,8,2,48.5,51.5,1,0,0,0,6,0
2019-11-02,CFR Cluj,Academica Clinceni,3,0,1.19,6.01,13.61,1.21,6.54,16.55,Liga I,,20191102_CFR-Cluj_Academica-Clinceni,168.7182503883464,0.34,1.47,3,4,7,9,52.9,47.1,2,1,0,0,2,3
2019-11-02,Gaz Metan Medias,FC Hermannstadt,1,1,1.94,3.2,3.93,2.01,3.31,4.27,Liga I,,20191102_Gaz-Metan-Medias_FC-Hermannstadt,123.6143023743357,0.44,1.62,1,6,3,12,58.5,41.5,1,1,0,0,1,9
2019-11-03,FC Voluntari,FC Botosani,1,2,4.15,3.63,1.78,4.38,3.92,1.81,Liga I,,20191103_FC-Voluntari_FC-Botosani,-130.1634549405835,2.52,1.23,8,4,17,9,48.9,51.1,0,0,0,0,4,2
2019-11-03,FCSB,Sepsi Sf. Gheorghe,2,1,1.4,4.29,7.32,1.42,4.46,8.78,Liga I,,20191103_FCSB_Sepsi-Sf.-Gheorghe,143.79431184794612,1.21,1.27,5,4,11,7,53.2,46.8,3,1,0,0,7,6
2019-11-04,Astra,Poli Iasi,4,0,1.94,3.26,3.87,2.0,3.39,4.2,Liga I,,20191104_Astra_Poli-Iasi,23.77019226400148,2.04,0.05,5,0,12,0,53.9,46.1,2,2,0,0,4,0
2019-11-04,U Craiova,Din. Bucuresti,4,1,1.72,3.54,4.6,1.75,3.78,5.02,Liga I,,20191104_U-Craiova_Din.-Bucuresti,22.36035857611887,2.02,0.59,7,3,17,6,56.1,43.9,1,4,0,0,3,4
2019-11-08,Astra,FC Voluntari,1,0,1.55,3.9,5.56,1.6,4.01,6.14,Liga I,,20191108_Astra_FC-Voluntari,130.4075207052549,0.98,0.05,1,2,1,3,54.4,45.6,0,2,0,0,6,1
2019-11-08,FC Hermannstadt,Viitorul Constanta,1,1,3.93,3.28,1.93,4.18,3.32,2.03,Liga I,,20191108_FC-Hermannstadt_Viitorul-Constanta,-159.10818252474496,1.86,0.52,7,2,16,4,46.8,53.2,1,3,0,0,11,4
2019-11-09,Academica Clinceni,Poli Iasi,1,0,2.78,3.01,2.58,2.87,3.09,2.76,Liga I,,20191109_Academica-Clinceni_Poli-Iasi,-27.60102254057506,1.04,1.94,3,6,6,13,48.3,51.7,2,1,0,0,7,4
2019-11-09,Chindia Targoviste,U Craiova,1,1,4.6,3.54,1.73,4.94,3.8,1.75,Liga I,,20191109_Chindia-Targoviste_U-Craiova,-82.23359759172195,0.5,0.49,2,2,6,4,46.5,53.5,0,1,0,0,4,8
2019-11-09,FC Botosani,FCSB,0,2,3.02,3.32,2.23,3.21,3.61,2.24,Liga I,,20191109_FC-Botosani_FCSB,-57.357256038903415,0.92,1.82,3,6,5,14,52.5,47.5,0,4,0,0,1,6
2019-11-10,Din. Bucuresti,CFR Cluj,0,0,3.96,3.35,1.89,4.06,3.61,1.96,Liga I,,20191110_Din.-Bucuresti_CFR-Cluj,-117.59812760087789,0.54,0.76,2,2,7,5,52.0,48.0,1,2,0,0,5,4
2019-11-10,Sepsi Sf. Gheorghe,Gaz Metan Medias,0,1,2.67,3.01,2.68,2.87,3.05,2.79,Liga I,,20191110_Sepsi-Sf.-Gheorghe_Gaz-Metan-Medias,-96.59915181094834,1.69,1.67,5,4,10,8,45.8,54.2,3,0,0,0,3,5
2019-11-22,CFR Cluj,Chindia Targoviste,4,0,1.25,5.41,10.98,1.25,5.9,13.83,Liga I,,20191122_CFR-Cluj_Chindia-Targoviste,148.31208515624826,0.96,0.97,4,3,9,7,54.5,45.5,1,2,0,0,5,3
2019-11-23,FCSB,Astra,1,3,1.44,4.3,6.66,1.44,4.66,7.58,Liga I,,20191123_FCSB_Astra,74.86076238824285,1.75,1.62,5,4,11,10,46.9,53.1,0,4,0,0,4,3
2019-11-23,Poli Iasi,FC Voluntari,2,2,1.98,3.23,3.77,2.01,3.36,4.18,Liga I,,20191123_Poli-Iasi_FC-Voluntari,79.02157694542029,1.4,1.05,4,4,9,10,57.5,42.5,3,1,1,0,4,5
2019-11-24,Academica Clinceni,Din. Bucuresti,2,2,3.57,3.33,2.0,3.92,3.41,2.06,Liga I,,20191124_Academica-Clinceni_Din.-Bucuresti,-55.264788666694585,0.95,1.18,2,4,5,8,48.4,51.6,0,1,0,0,2,4
2019-11-24,Gaz Metan Medias,FC Botosani,0,0,2.4,3.1,2.94,2.61,3.01,3.12,Liga I,,20191124_Gaz-Metan-Medias_FC-Botosani,14.347983323102653,0.82,0.71,4,2,11,4,56.7,43.3,1,1,0,0,2,6
2019-11-24,U Craiova,FC Hermannstadt,3,0,1.6,3.45,6.05,1.61,3.66,6.99,Liga I,,20191124_U-Craiova_FC-Hermannstadt,132.1506539598679,1.95,0.05,7,1,17,3,53.7,46.3,2,2,0,0,7,4
2019-11-25,Viitorul Constanta,Sepsi Sf. Gheorghe,4,1,1.56,3.88,5.48,1.59,3.94,6.4,Liga I,,20191125_Viitorul-Constanta_Sepsi-Sf.-Gheorghe,143.89508591404456,2.05,0.92,7,4,17,7,60.3,39.7,1,4,0,0,6,4
2019-11-29,Astra,Gaz Metan Medias,1,0,2.16,3.23,3.24,2.22,3.47,3.37,Liga I,,20191129_Astra_Gaz-Metan-Medias,3.2636133706726014,1.6,1.36,4,4,7,9,52.1,47.9,2,1,0,0,2,6
2019-11-29,Din. Bucuresti,Poli Iasi,1,0,1.6,3.75,5.38,1.62,3.87,6.11,Liga I,,20191129_Din.-Bucuresti_Poli-Iasi,54.356735364312726,0.6,1.12,1,5,3,10,48.3,51.7,2,3,0,0,4,6
2019-11-30,Sepsi Sf. Gheorghe,U Craiova,1,0,4.15,3.11,1.94,4.43,3.18,2.03,Liga I,,20191130_Sepsi-Sf.-Gheorghe_U-Craiova,-142.15918039560438,0.36,1.24,3,4,6,9,48.4,51.6,4,0,0,0,3,9
2019-12-01,Chindia Targoviste,Academica Clinceni,2,5,2.01,3.28,3.65,2.05,3.46,3.89,Liga I,,20191201_Chindia-Targoviste_Academica-Clinceni,7.663723803076891,1.11,0.21,4,5,7,11,41.6,58.4,2,0,0,0,5,4
2019-12-01,FC Hermannstadt,CFR Cluj,1,1,5.13,3.49,1.67,5.74,3.67,1.69,Liga I,,20191201_FC-Hermannstadt_CFR-Cluj,-218.6171517760249,0.67,1.62,2,5,4,11,38.4,61.6,0,0,0,0,8,3
2019-12-02,FC Botosani,Viitorul Constanta,1,0,2.37,3.24,2.85,2.46,3.38,3.01,Liga I,,20191202_FC-Botosani_Viitorul-Constanta,-50.95065752598612,1.61,0.81,5,3,13,7,51.8,48.2,0,6,0,0,7,1
2019-12-03,Gaz Metan Medias,FC Voluntari,1,0,1.48,4.23,6.04,1.51,4.32,6.91,Liga I,,20191203_Gaz-Metan-Medias_FC-Voluntari,142.51198895076095,0.08,0.85,2,1,4,3,59.4,40.6,2,0,1,0,1,2
2019-12-03,Poli Iasi,FCSB,1,2,5.74,3.72,1.57,6.23,3.92,1.61,Liga I,,20191203_Poli-Iasi_FCSB,-139.91359288739818,1.59,1.23,5,4,12,10,44.9,55.1,1,3,0,1,6,2
2019-12-04,Academica Clinceni,FC Hermannstadt,1,1,2.47,3.01,2.92,2.57,3.16,3.05,Liga I,,20191204_Academica-Clinceni_FC-Hermannstadt,53.88071159051333,0.95,1.03,3,2,6,3,56.1,43.9,0,0,0,0,5,3
2019-12-04,CFR Cluj,Sepsi Sf. Gheorghe,1,0,1.34,4.54,8.82,1.36,4.69,10.94,Liga I,,20191204_CFR-Cluj_Sepsi-Sf.-Gheorghe,189.9947134922047,1.64,0.53,6,1,13,2,58.6,41.4,0,1,0,0,11,0
2019-12-04,Din. Bucuresti,Chindia Targoviste,4,1,1.54,3.9,5.78,1.54,4.15,6.7,Liga I,,20191204_Din.-Bucuresti_Chindia-Targoviste,66.21778967097862,1.23,1.22,4,3,11,8,55.6,44.4,0,4,0,0,8,2
2019-12-05,U Craiova,FC Botosani,3,1,1.75,3.38,4.68,1.74,3.63,5.32,Liga I,,20191205_U-Craiova_FC-Botosani,4.2223521356170295,1.13,0.09,5,1,10,1,53.7,46.3,2,2,0,0,6,1
2019-12-05,Viitorul Constanta,Astra,0,1,1.56,4.04,5.23,1.58,4.23,5.85,Liga I,,20191205_Viitorul-Constanta_Astra,8.695073288706226,0.41,0.22,2,1,4,2,47.7,52.3,1,1,0,0,1,1
2019-12-06,FCSB,Gaz Metan Medias,2,0,1.47,4.19,6.13,1.5,4.49,6.61,Liga I,,20191206_FCSB_Gaz-Metan-Medias,60.995438370232705,0.86,0.61,5,3,12,7,48.4,51.6,1,2,0,0,5,4
2019-12-07,Chindia Targoviste,Poli Iasi,2,1,2.57,3.01,2.8,2.61,3.15,3.0,Liga I,,20191207_Chindia-Targoviste_Poli-Iasi,6.087120028525533,2.12,1.2,9,5,19,11,51.5,48.5,2,3,0,0,16,2
2019-12-07,FC Hermannstadt,Din. Bucuresti,4,2,3.03,3.09,2.33,3.14,3.18,2.48,Liga I,,20191207_FC-Hermannstadt_Din.-Bucuresti,-111.12693701074318,1.04,1.74,4,6,9,12,41.1,58.9,2,3,1,1,4,9
2019-12-08,Astra,U Craiova,1,0,3.24,3.13,2.22,3.46,3.34,2.24,Liga I,,20191208_Astra_U-Craiova,10.984782366898116,0.89,1.67,2,6,3,15,51.4,48.6,2,1,0,0,2,10
2019-12-08,FC Botosani,CFR Cluj,2,1,2.84,3.06,2.5,2.98,3.18,2.6,Liga I,,20191208_FC-Botosani_CFR-Cluj,-103.24056539589537,0.82,1.29,2,6,2,12,40.7,59.3,2,0,0,0,1,10
2019-12-09,FC Voluntari,Viitorul Constanta,1,2,4.59,3.69,1.7,4.86,3.86,1.75,Liga I,,20191209_FC-Voluntari_Viitorul-Constanta,-173.28145400859398,1.44,1.11,5,3,11,7,44.3,55.7,0,2,0,0,10,5
2019-12-13,Din. Bucuresti,Sepsi Sf. Gheorghe,1,2,1.73,3.38,4.92,1.76,3.4,5.56,Liga I,,20191213_Din.-Bucuresti_Sepsi-Sf.-Gheorghe,88.04092971354612,0.49,0.65,3,2,6,4,59.3,40.7,0,0,0,0,4,5
2019-12-14,Academica Clinceni,FC Botosani,1,1,3.93,3.19,1.96,4.33,3.29,1.99,Liga I,,20191214_Academica-Clinceni_FC-Botosani,-71.44811086340565,0.74,1.34,2,4,4,8,46.8,53.2,4,0,0,0,2,8
2019-12-14,Poli Iasi,Gaz Metan Medias,1,2,3.12,3.11,2.29,3.36,3.22,2.32,Liga I,,20191214_Poli-Iasi_Gaz-Metan-Medias,-95.61902293029607,1.0,2.03,2,6,2,12,42.9,57.1,3,2,0,0,3,11
2019-12-14,U Craiova,FC Voluntari,2,1,1.36,4.68,7.73,1.39,4.85,8.56,Liga I,,20191214_U-Craiova_FC-Voluntari,173.04783517897545,0.94,0.81,2,3,2,7,60.1,39.9,0,1,0,0,4,1
2019-12-15,Chindia Targoviste,FC Hermannstadt,1,1,2.84,2.93,2.57,3.02,3.01,2.66,Liga I,,20191215_Chindia-Targoviste_FC-Hermannstadt,21.506053291298258,1.21,0.69,5,1,9,3,47.1,52.9,1,3,0,0,7,2
2019-12-15,Viitorul Constanta,FCSB,0,2,2.58,3.28,2.57,2.64,3.47,2.69,Liga I,,20191215_Viitorul-Constanta_FCSB,-48.347129716779136,1.48,1.02,4,3,11,7,52.4,47.6,3,1,0,0,0,4
2019-12-16,CFR Cluj,Astra,2,0,1.42,4.22,7.16,1.42,4.52,8.52,Liga I,,20191216_CFR-Cluj_Astra,37.23993054781772,1.15,0.93,2,5,4,12,53.1,46.9,0,4,0,1,6,4
2019-12-19,FC Botosani,Din. Bucuresti,1,0,1.85,3.37,4.13,1.87,3.54,4.51,Liga I,,20191219_FC-Botosani_Din.-Bucuresti,38.76578264139266,0.46,0.41,1,1,1,2,51.3,48.7,1,3,0,0,1,1
2019-12-20,Astra,Academica Clinceni,3,1,1.71,3.59,4.56,1.75,3.82,4.84,Liga I,,20191220_Astra_Academica-Clinceni,93.36768112463346,0.47,1.14,3,2,5,5,55.3,44.7,2,1,0,0,1,4
2019-12-20,Gaz Metan Medias,Viitorul Constanta,1,0,2.74,3.2,2.49,2.83,3.25,2.64,Liga I,,20191220_Gaz-Metan-Medias_Viitorul-Constanta,-13.358441951621671,0.94,1.08,5,4,12,8,55.8,44.2,2,1,0,0,7,6
2019-12-21,FC Hermannstadt,Poli Iasi,1,0,1.99,3.1,3.98,2.01,3.27,4.25,Liga I,,20191221_FC-Hermannstadt_Poli-Iasi,17.680838372027893,0.07,0.73,1,1,1,2,52.8,47.2,1,1,0,0,2,3
2019-12-21,FC Voluntari,CFR Cluj,0,4,8.04,4.42,1.37,9.35,4.52,1.4,Liga I,,20191221_FC-Voluntari_CFR-Cluj,-261.70548877295755,0.44,2.93,1,10,4,20,43.6,56.4,3,3,1,0,0,6
2019-12-22,FCSB,U Craiova,2,0,1.76,3.45,4.48,1.78,3.66,4.85,Liga I,,20191222_FCSB_U-Craiova,65.38169140954574,1.6,0.83,7,3,14,6,53.8,46.2,2,4,0,1,6,6
2019-12-22,Sepsi Sf. Gheorghe,Chindia Targoviste,3,1,1.62,3.62,5.37,1.67,3.73,5.74,Liga I,,20191222_Sepsi-Sf.-Gheorghe_Chindia-Targoviste,-14.125721464617527,1.1,1.47,3,5,5,10,48.6,51.4,1,0,0,1,4,8
2020-01-31,U Craiova,Gaz Metan Medias,3,1,1.78,3.34,4.59,1.83,3.42,4.96,Liga I,,20200131_U-Craiova_Gaz-Metan-Medias,-5.223668055283724,2.13,0.61,8,2,18,5,53.4,46.6,2,2,0,0,8,5
2020-02-01,Academica Clinceni,FC Voluntari,1,2,2.49,3.15,2.78,2.54,3.27,2.94,Liga I,,20200201_Academica-Clinceni_FC-Voluntari,105.16487013799701,0.82,0.57,2,3,5,6,52.2,47.8,0,1,0,0,5,5
2020-02-01,Din. Bucuresti,Astra,2,0,2.3,3.13,3.08,2.29,3.29,3.35,Liga I,,20200201_Din.-Bucuresti_Astra,-85.06964911967157,1.04,0.97,5,3,8,6,40.0,60.0,1,1,0,0,10,5
2020-02-01,FC Hermannstadt,Sepsi Sf. Gheorghe,2,2,2.52,2.78,3.08,2.64,2.88,3.18,Liga I,,20200201_FC-Hermannstadt_Sepsi-Sf.-Gheorghe,-6.994405142306277,0.19,1.68,2,6,4,13,48.3,51.7,1,2,0,0,4,4
2020-02-02,CFR Cluj,FCSB,1,0,1.97,3.04,4.17,1.91,3.16,5.04,Liga I,,20200202_CFR-Cluj_FCSB,4.917265983514426,0.4,0.68,1,3,2,7,51.8,48.2,0,1,0,0,4,4
2020-02-02,Chindia Targoviste,FC Botosani,0,1,3.93,3.19,1.96,4.27,3.23,2.02,Liga I,,20200202_Chindia-Targoviste_FC-Botosani,-105.88047564863132,0.81,1.0,1,3,3,5,41.6,58.4,1,2,0,0,1,1
2020-02-03,Poli Iasi,Viitorul Constanta,1,2,3.66,3.23,2.01,3.88,3.29,2.09,Liga I,,20200203_Poli-Iasi_Viitorul-Constanta,-125.46289282526118,0.98,1.57,2,5,6,10,44.6,55.4,2,0,1,0,2,7
2020-02-06,FC Voluntari,FCSB,1,2,5.52,3.95,1.55,6.0,4.02,1.6,Liga I,,20200206_FC-Voluntari_FCSB,-238.14279437714572,1.58,0.83,5,3,11,8,44.6,55.4,1,1,0,0,5,3
2020-02-07,Astra,Chindia Targoviste,1,2,1.74,3.35,4.88,1.81,3.4,5.18,Liga I,,20200207_Astra_Chindia-Targoviste,124.4224450569966,0.86,1.35,2,5,6,10,60.6,39.4,2,2,0,0,6,8
2020-02-08,Gaz Metan Medias,CFR Cluj,0,0,4.55,3.3,1.8,4.75,3.48,1.85,Liga I,,20200208_Gaz-Metan-Medias_CFR-Cluj,-108.62203137043548,1.11,1.07,4,3,8,7,45.9,54.1,3,4,0,0,4,8
2020-02-09,FC Voluntari,Din. Bucuresti,2,1,3.76,3.33,1.95,4.13,3.38,2.0,Liga I,,20200209_FC-Voluntari_Din.-Bucuresti,-135.37933837117453,0.54,0.41,2,3,4,6,51.8,48.2,4,1,1,0,2,7
2020-02-09,Sepsi Sf. Gheorghe,Poli Iasi,1,0,1.75,3.41,4.66,1.76,3.62,5.1,Liga I,,20200209_Sepsi-Sf.-Gheorghe_Poli-Iasi,55.059092582769836,0.98,0.56,3,2,6,5,53.6,46.4,3,2,0,0,4,6
2020-02-09,Viitorul Constanta,U Craiova,1,2,2.28,3.14,3.09,2.35,3.25,3.27,Liga I,,20200209_Viitorul-Constanta_U-Craiova,-10.674919097774136,1.42,1.13,5,4,12,10,50.2,49.8,3,1,0,0,3,2
2020-02-10,FC Botosani,FC Hermannstadt,2,1,1.57,3.58,6.08,1.59,3.75,6.82,Liga I,,20200210_FC-Botosani_FC-Hermannstadt,110.23599838897258,0.22,1.28,2,6,4,14,50.4,49.6,0,1,0,0,3,7
2020-02-10,FCSB,Academica Clinceni,0,0,1.19,6.3,12.99,1.18,7.04,15.72,Liga I,,20200210_FCSB_Academica-Clinceni,168.88797806903835,0.63,0.5,4,3,9,8,57.2,42.8,3,2,0,0,1,4
2020-02-14,CFR Cluj,Viitorul Constanta,0,0,1.51,3.9,6.22,1.53,4.09,6.94,Liga I,,20200214_CFR-Cluj_Viitorul-Constanta,108.15718931070978,0.49,1.25,1,4,1,8,58.5,41.5,3,0,0,0,3,7
2020-02-14,Chindia Targoviste,FC Voluntari,1,2,2.46,3.07,2.87,2.58,3.17,2.97,Liga I,,20200214_Chindia-Targoviste_FC-Voluntari,65.93473786903792,0.87,0.05,3,2,7,5,52.6,47.4,1,2,0,0,5,2
2020-02-15,Academica Clinceni,Gaz Metan Medias,2,3,3.53,3.13,2.09,3.7,3.16,2.21,Liga I,,20200215_Academica-Clinceni_Gaz-Metan-Medias,-82.20468195160993,1.07,1.63,3,6,8,14,53.2,46.8,1,0,0,0,5,10
2020-02-15,Poli Iasi,U Craiova,2,5,4.71,3.36,1.76,5.28,3.41,1.79,Liga I,,20200215_Poli-Iasi_U-Craiova,-173.57469745597632,1.12,2.34,4,8,9,18,44.7,55.3,2,0,0,0,6,9
2020-02-16,Din. Bucuresti,FCSB,2,1,3.81,3.5,1.88,4.05,3.69,1.93,Liga I,,20200216_Din.-Bucuresti_FCSB,-123.52189888491057,1.08,1.32,4,3,7,9,48.0,52.0,2,3,0,0,5,6
2020-02-16,Sepsi Sf. Gheorghe,FC Botosani,0,1,2.98,3.0,2.43,3.08,3.04,2.58,Liga I,,20200216_Sepsi-Sf.-Gheorghe_FC-Botosani,-101.92600089481653,0.43,1.41,2,6,4,13,43.6,56.4,2,2,0,0,5,5
2020-02-17,FC Hermannstadt,Astra,2,2,2.32,2.86,3.34,2.43,2.83,3.64,Liga I,,20200217_FC-Hermannstadt_Astra,-104.0663743699613,0.6,1.21,2,4,4,9,41.6,58.4,1,2,0,0,7,2
2020-02-22,FC Voluntari,FC Hermannstadt,2,0,2.65,2.93,2.77,2.82,2.93,2.91,Liga I,,20200222_FC-Voluntari_FC-Hermannstadt,-43.28571566200185,1.17,0.56,3,1,7,1,41.1,58.9,2,2,0,0,1,1
2020-02-22,FCSB,Chindia Targoviste,1,1,1.26,5.33,10.17,1.3,5.41,11.58,Liga I,,20200222_FCSB_Chindia-Targoviste,158.21619674163298,1.49,1.1,6,3,14,7,51.6,48.4,1,2,0,0,4,2
2020-02-23,Astra,Sepsi Sf. Gheorghe,2,2,2.39,2.86,3.23,2.51,2.89,3.39,Liga I,,20200223_Astra_Sepsi-Sf.-Gheorghe,84.21224587212077,1.62,0.19,6,2,15,5,63.0,37.0,1,2,0,0,4,5
2020-02-23,Gaz Metan Medias,Din. Bucuresti,1,0,1.73,3.56,4.57,1.78,3.74,4.72,Liga I,,20200223_Gaz-Metan-Medias_Din.-Bucuresti,40.78273288816672,1.12,0.43,4,2,8,5,51.4,48.6,0,3,0,0,3,3
2020-02-23,U Craiova,CFR Cluj,0,2,2.64,2.94,2.77,2.76,3.04,2.87,Liga I,,20200223_U-Craiova_CFR-Cluj,-64.14150685151662,0.56,1.7,1,6,1,13,42.9,57.1,1,2,0,0,1,7
2020-02-23,Viitorul Constanta,Academica Clinceni,0,0,1.3,5.18,8.62,1.31,5.53,10.04,Liga I,,20200223_Viitorul-Constanta_Academica-Clinceni,88.23347247940046,1.94,0.21,8,0,15,0,57.3,42.7,2,0,0,0,7,2
2020-02-24,FC Botosani,Poli Iasi,2,1,1.49,3.84,6.62,1.54,3.99,7.11,Liga I,,20200224_FC-Botosani_Poli-Iasi,192.24898396067215,1.27,0.76,5,2,10,5,55.6,44.4,2,3,1,0,6,3
2020-02-28,Din. Bucuresti,Academica Clinceni,0,1,1.67,3.57,4.97,1.71,3.68,5.4,Liga I,,20200228_Din.-Bucuresti_Academica-Clinceni,46.2656370845873,1.45,0.76,5,3,13,8,48.5,51.5,0,2,0,0,10,6
2020-02-28,Sepsi Sf. Gheorghe,Poli Iasi,1,1,1.7,3.61,4.66,1.7,3.94,5.05,Liga I,,20200228_Sepsi-Sf.-Gheorghe_Poli-Iasi,81.98524610489449,0.46,0.99,2,3,5,7,56.4,43.6,1,3,0,0,3,7
2020-02-29,FC Botosani,FCSB,2,2,3.08,3.03,2.35,3.22,3.12,2.45,Liga I,,20200229_FC-Botosani_FCSB,-9.331468769895991,2.0,1.31,7,4,17,6,47.1,52.9,2,2,0,0,7,6
2020-02-29,Viitorul Constanta,FC Voluntari,0,0,1.47,4.07,6.47,1.49,4.4,7.05,Liga I,,20200229_Viitorul-Constanta_FC-Voluntari,116.23412979594127,0.05,0.05,0,0,0,0,53.3,46.7,0,0,0,0,5,3
2020-03-01,U Craiova,Gaz Metan Medias,2,1,1.71,3.41,5.04,1.71,3.62,5.51,Liga I,,20200301_U-Craiova_Gaz-Metan-Medias,3.973124940849175,1.22,1.48,5,6,12,13,44.7,55.3,1,1,1,0,10,7
2020-03-02,CFR Cluj,Astra,2,1,1.31,4.74,9.86,1.33,5.04,11.07,Liga I,,20200302_CFR-Cluj_Astra,105.91480409740439,1.77,0.31,5,1,13,5,51.5,48.5,3,1,0,0,9,1
2020-03-02,FC Hermannstadt,Chindia Targoviste,1,0,1.93,3.11,4.18,1.96,3.2,4.65,Liga I,,20200302_FC-Hermannstadt_Chindia-Targoviste,-12.75142482347519,1.32,1.15,4,6,11,13,59.6,40.4,4,1,0,0,6,7
2020-03-06,Astra,FC Botosani,1,0,2.9,3.03,2.47,3.02,3.1,2.59,Liga I,,20200306_Astra_FC-Botosani,-52.45826722262791,0.94,1.31,2,4,5,8,51.5,48.5,3,1,1,0,4,6
2020-03-07,Academica Clinceni,Viitorul Constanta,2,3,3.92,3.32,1.92,4.37,3.29,1.98,Liga I,,20200307_Academica-Clinceni_Viitorul-Constanta,-64.80645031610584,1.68,1.39,7,7,16,15,47.6,52.4,4,1,0,0,9,6
2020-03-07,Poli Iasi,Din. Bucuresti,1,0,2.83,3.02,2.53,2.93,3.08,2.68,Liga I,,20200307_Poli-Iasi_Din.-Bucuresti,-100.32560472862906,0.05,0.25,1,0,2,0,42.4,57.6,4,3,0,0,3,5
2020-03-08,Chindia Targoviste,Sepsi Sf. Gheorghe,1,1,3.38,2.95,2.26,3.74,3.02,2.27,Liga I,,20200308_Chindia-Targoviste_Sepsi-Sf.-Gheorghe,-26.121837957835623,1.13,1.86,1,6,2,12,48.3,51.7,2,3,0,0,2,8
2020-03-08,FCSB,U Craiova,4,1,1.99,3.3,3.68,2.03,3.44,3.92,Liga I,,20200308_FCSB_U-Craiova,18.677048334888696,1.52,2.47,5,9,12,20,46.2,53.8,0,1,0,0,3,8
2020-03-09,FC Voluntari,FC Hermannstadt,1,1,2.35,2.93,3.22,2.44,2.99,3.39,Liga I,,20200309_FC-Voluntari_FC-Hermannstadt,-24.880015511813554,1.47,0.05,4,1,9,3,56.5,43.5,0,3,0,0,5,3
2020-03-09,Gaz Metan Medias,CFR Cluj,0,0,5.12,3.4,1.7,5.33,3.6,1.74,Liga I,,20200309_Gaz-Metan-Medias_CFR-Cluj,-108.04742503763191,0.99,0.27,3,0,7,0,42.6,57.4,1,1,0,0,5,0
2020-06-13,FC Voluntari,Academica Clinceni,3,0,2.0,3.28,3.65,2.08,3.35,3.96,Liga I,,20200613_FC-Voluntari_Academica-Clinceni,-33.040103124074676,1.74,1.07,6,2,11,5,47.0,53.0,3,0,0,0,7,6
2020-06-13,Sepsi Sf. Gheorghe,FC Hermannstadt,1,1,1.77,3.33,4.65,1.83,3.45,5.08,Liga I,,20200613_Sepsi-Sf.-Gheorghe_FC-Hermannstadt,13.950160096222817,0.88,1.45,1,4,3,8,44.7,55.3,2,3,0,0,1,4
2020-06-14,CFR Cluj,FCSB,1,0,1.97,3.12,3.99,2.03,3.22,4.38,Liga I,,20200614_CFR-Cluj_FCSB,46.70015487294768,1.36,0.71,5,3,10,8,53.7,46.3,0,1,0,0,7,3
2020-06-14,Viitorul Constanta,Poli Iasi,2,1,1.58,3.79,5.51,1.61,4.04,6.05,Liga I,,20200614_Viitorul-Constanta_Poli-Iasi,140.45892423134842,1.13,0.59,4,3,8,10,54.3,45.7,1,1,0,0,4,7
2020-06-15,Astra,Gaz Metan Medias,0,0,2.04,3.31,3.5,2.14,3.37,3.63,Liga I,,20200615_Astra_Gaz-Metan-Medias,-4.58736431736429,0.11,1.18,0,4,0,9,46.3,53.7,1,2,0,1,0,4
2020-06-16,Sepsi Sf. Gheorghe,FC Voluntari,1,2,2.05,3.09,3.73,2.16,3.12,4.03,Liga I,,20200616_Sepsi-Sf.-Gheorghe_FC-Voluntari,23.495156976370026,0.55,1.43,2,6,4,13,58.6,41.4,2,3,0,0,5,9
2020-06-17,Chindia Targoviste,Viitorul Constanta,2,1,2.08,3.22,3.49,2.1,3.35,3.79,Liga I,,20200617_Chindia-Targoviste_Viitorul-Constanta,-112.02423646130592,1.52,0.36,5,2,11,4,47.5,52.5,0,1,0,0,6,5
2020-06-18,Poli Iasi,Academica Clinceni,0,1,2.01,3.24,3.62,2.07,3.34,3.99,Liga I,,20200618_Poli-Iasi_Academica-Clinceni,-50.33700907729235,1.75,0.88,6,4,12,6,50.6,49.4,0,0,0,0,6,9
2020-06-19,U Craiova,Astra,2,1,1.46,4.14,6.4,1.51,4.4,6.97,Liga I,,20200619_U-Craiova_Astra,17.156076055776566,0.2,1.82,3,6,6,14,58.5,41.5,3,1,0,0,5,8
2020-06-20,FC Botosani,CFR Cluj,0,2,3.64,3.32,1.97,3.9,3.57,2.02,Liga I,,20200620_FC-Botosani_CFR-Cluj,-90.93760031518309,0.06,1.99,0,8,0,17,46.2,53.8,4,2,0,0,1,6
2020-06-21,Din. Bucuresti,Sepsi Sf. Gheorghe,1,3,2.31,3.01,3.18,2.41,3.14,3.37,Liga I,,20200621_Din.-Bucuresti_Sepsi-Sf.-Gheorghe,22.72129250997523,1.27,1.4,5,3,11,6,47.4,52.6,1,1,0,0,8,4
2020-06-21,FC Voluntari,Poli Iasi,1,0,2.46,3.07,2.87,2.55,3.2,3.07,Liga I,,20200621_FC-Voluntari_Poli-Iasi,66.65612406134551,0.73,0.05,2,0,4,0,54.5,45.5,1,3,0,0,3,1
2020-06-21,FCSB,Gaz Metan Medias,2,2,2.06,3.21,3.53,2.19,3.24,3.76,Liga I,,20200621_FCSB_Gaz-Metan-Medias,43.87702413958186,0.89,0.97,3,3,6,7,54.1,45.9,4,0,1,0,6,5
2020-06-22,Academica Clinceni,Chindia Targoviste,1,0,2.52,2.99,2.85,2.69,3.05,3.03,Liga I,,20200622_Academica-Clinceni_Chindia-Targoviste,1.6417436078884293,1.93,1.0,5,4,13,8,43.8,56.2,3,2,0,0,6,2
2020-06-22,Viitorul Constanta,FC Hermannstadt,4,1,1.72,3.48,4.74,1.76,3.69,5.17,Liga I,,20200622_Viitorul-Constanta_FC-Hermannstadt,85.43158828945866,1.77,1.33,5,6,13,13,53.8,46.2,0,3,0,1,7,6
2020-06-23,U Craiova,FC Botosani,2,1,1.61,3.71,5.3,1.63,3.94,6.03,Liga I,,20200623_U-Craiova_FC-Botosani,12.78951247902637,1.68,0.05,5,1,10,4,47.6,52.4,2,3,0,0,3,4
2020-06-26,FC Hermannstadt,Academica Clinceni,0,1,2.16,3.12,3.39,2.25,3.22,3.62,Liga I,,20200626_FC-Hermannstadt_Academica-Clinceni,-27.580650712057604,0.05,1.42,1,6,1,14,51.6,48.4,3,0,0,0,4,2
2020-06-26,Gaz Metan Medias,FC Botosani,0,2,2.39,2.99,3.04,2.56,2.99,3.27,Liga I,,20200626_Gaz-Metan-Medias_FC-Botosani,1.5619225499938238,1.23,1.48,5,6,11,15,46.0,54.0,1,3,0,0,10,6
2020-06-27,Chindia Targoviste,Poli Iasi,0,2,2.37,3.07,3.01,2.55,3.18,3.09,Liga I,,20200627_Chindia-Targoviste_Poli-Iasi,67.02455348877834,0.71,1.27,2,5,5,11,51.6,48.4,0,0,0,0,1,7
2020-06-27,Sepsi Sf. Gheorghe,Viitorul Constanta,3,3,2.74,3.14,2.52,3.01,3.23,2.57,Liga I,,20200627_Sepsi-Sf.-Gheorghe_Viitorul-Constanta,-81.57852684857608,1.08,1.36,5,5,11,10,48.1,51.9,0,3,0,0,5,4
2020-06-28,CFR Cluj,U Craiova,2,3,1.83,3.29,4.38,1.86,3.43,4.88,Liga I,,20200628_CFR-Cluj_U-Craiova,84.44749977771744,1.25,1.2,5,4,11,8,59.3,40.7,1,2,0,0,7,6
2020-06-28,Din. Bucuresti,FC Voluntari,0,1,2.36,3.21,2.89,2.48,3.34,3.05,Liga I,,20200628_Din.-Bucuresti_FC-Voluntari,-1.9133330559780006,1.2,1.25,3,5,5,9,48.5,51.5,2,2,0,0,4,6
2020-06-29,Astra,FCSB,3,2,4.21,3.68,1.75,4.61,3.88,1.79,Liga I,,20200629_Astra_FCSB,-58.04800097813472,2.2,1.37,7,3,15,7,49.3,50.7,2,2,1,0,7,5
2020-06-30,Poli Iasi,FC Hermannstadt,2,3,2.22,3.17,3.18,2.33,3.32,3.34,Liga I,,20200630_Poli-Iasi_FC-Hermannstadt,-39.63619532381608,1.04,2.01,3,6,4,14,48.6,51.4,2,3,0,0,4,8
2020-07-01,Academica Clinceni,Sepsi Sf. Gheorghe,1,0,3.19,3.09,2.26,3.42,3.19,2.35,Liga I,,20200701_Academica-Clinceni_Sepsi-Sf.-Gheorghe,13.795298527842988,1.62,0.12,5,0,10,0,51.6,48.4,1,0,0,0,4,1
2020-07-01,FC Voluntari,Chindia Targoviste,2,0,1.76,3.58,4.34,1.8,3.75,4.75,Liga I,,20200701_FC-Voluntari_Chindia-Targoviste,45.30336787254191,0.94,1.47,2,5,5,12,52.5,47.5,1,1,0,0,2,8
2020-07-02,Viitorul Constanta,Din. Bucuresti,1,0,1.53,4.23,5.36,1.56,4.58,5.74,Liga I,,20200702_Viitorul-Constanta_Din.-Bucuresti,93.59148925316322,1.69,0.05,5,0,9,0,54.7,45.3,1,2,0,0,9,1
2020-07-03,Gaz Metan Medias,U Craiova,1,2,6.78,4.02,1.45,6.7,3.53,1.52,Liga I,,20200703_Gaz-Metan-Medias_U-Craiova,-61.25906824722642,0.97,1.03,3,3,7,3,50.7,49.3,1,2,0,0,4,2
2020-07-04,FCSB,FC Botosani,1,1,1.75,3.62,4.3,1.78,3.8,4.62,Liga I,,20200704_FCSB_FC-Botosani,16.38363591506777,1.48,1.37,5,3,9,8,49.7,50.3,1,1,0,0,4,8
2020-07-05,Academica Clinceni,Din. Bucuresti,1,3,3.04,3.11,2.31,3.23,3.19,2.4,Liga I,,20200705_Academica-Clinceni_Din.-Bucuresti,51.709405584450224,1.21,0.57,4,3,10,7,60.6,39.4,0,4,0,0,10,7
2020-07-05,Astra,CFR Cluj,2,2,6.32,3.94,1.5,6.65,4.31,1.52,Liga I,,20200705_Astra_CFR-Cluj,-107.1308447456895,0.58,1.61,2,4,6,8,45.8,54.2,1,2,0,0,5,4
2020-07-05,Poli Iasi,Sepsi Sf. Gheorghe,3,1,3.07,3.11,2.3,3.36,3.25,2.3,Liga I,,20200705_Poli-Iasi_Sepsi-Sf.-Gheorghe,-74.63348066605477,1.73,1.22,6,4,12,10,46.3,53.7,2,0,0,0,5,2
2020-07-06,Chindia Targoviste,FC Hermannstadt,0,1,3.16,2.95,2.34,3.35,3.05,2.42,Liga I,,20200706_Chindia-Targoviste_FC-Hermannstadt,-22.265950087042484,0.44,1.28,2,3,4,5,47.9,52.1,0,3,0,0,3,3
2020-07-06,FC Voluntari,Viitorul Constanta,0,0,3.05,3.43,2.16,3.21,3.62,2.21,Liga I,,20200706_FC-Voluntari_Viitorul-Constanta,-66.20968678576628,0.27,0.05,0,0,2,0,43.5,56.5,2,3,0,0,5,1
2020-07-10,FC Botosani,Astra,0,0,2.09,3.24,3.4,2.15,3.31,3.66,Liga I,,20200710_FC-Botosani_Astra,10.66970668505337,0.23,0.73,2,2,5,5,56.7,43.3,2,3,0,0,4,5
2020-07-11,FC Hermannstadt,FC Voluntari,2,1,2.37,2.98,3.08,2.47,3.05,3.26,Liga I,,20200711_FC-Hermannstadt_FC-Voluntari,-34.95309147301032,1.51,1.78,4,6,8,16,49.0,51.0,3,2,0,0,4,9
2020-07-11,Viitorul Constanta,Academica Clinceni,5,0,1.33,4.85,7.72,1.31,5.26,8.64,Liga I,,20200711_Viitorul-Constanta_Academica-Clinceni,71.0823741363663,2.52,0.68,9,1,20,1,53.9,46.1,0,3,0,0,9,2
2020-07-12,Din. Bucuresti,Poli Iasi,1,1,2.01,3.34,3.51,2.09,3.45,3.7,Liga I,,20200712_Din.-Bucuresti_Poli-Iasi,59.00101905456768,1.47,1.02,5,2,10,4,57.6,42.4,0,1,0,0,5,3
2020-07-12,U Craiova,FCSB,2,1,1.81,3.77,3.8,1.83,4.03,4.07,Liga I,,20200712_U-Craiova_FCSB,32.8007564114414,1.3,1.11,7,3,17,6,45.2,54.8,2,2,0,0,7,6
2020-07-13,CFR Cluj,Gaz Metan Medias,2,0,1.18,6.25,13.96,1.18,6.73,14.45,Liga I,,20200713_CFR-Cluj_Gaz-Metan-Medias,122.3040140209414,1.66,1.77,6,7,12,16,56.0,44.0,0,2,0,0,9,8
2020-07-13,Sepsi Sf. Gheorghe,Chindia Targoviste,2,0,1.58,3.67,5.72,1.62,3.83,6.19,Liga I,,20200713_Sepsi-Sf.-Gheorghe_Chindia-Targoviste,32.68258478260327,2.16,0.38,7,2,17,4,50.3,49.7,0,0,0,0,6,3
2020-07-17,Academica Clinceni,FC Voluntari,2,1,3.24,3.1,2.2,3.49,3.2,2.27,Liga I,,20200717_Academica-Clinceni_FC-Voluntari,-5.767130621086608,1.3,0.56,3,1,7,0,47.2,52.8,0,2,0,0,1,3
2020-07-17,Gaz Metan Medias,Astra,0,4,4.07,3.47,1.82,4.37,3.71,1.85,Liga I,,20200717_Gaz-Metan-Medias_Astra,-30.657980014292207,1.11,1.62,2,8,5,18,51.9,48.1,1,2,0,0,8,15
2020-07-18,FC Hermannstadt,Sepsi Sf. Gheorghe,2,2,2.97,2.83,2.53,3.14,2.93,2.63,Liga I,,20200718_FC-Hermannstadt_Sepsi-Sf.-Gheorghe,14.37606948004509,0.05,0.71,2,2,5,6,50.7,49.3,4,1,0,0,3,3
2020-07-19,FC Botosani,U Craiova,0,2,3.45,3.49,1.97,3.57,3.76,2.03,Liga I,,20200719_FC-Botosani_U-Craiova,-59.29234764512853,1.17,1.58,3,4,8,9,53.0,47.0,0,1,0,0,7,4
2020-07-20,Poli Iasi,Viitorul Constanta,1,1,3.64,3.52,1.91,3.79,3.64,2.0,Liga I,,20200720_Poli-Iasi_Viitorul-Constanta,-161.80711745573672,2.03,1.4,7,4,15,9,46.5,53.5,1,0,0,0,13,9
2020-07-25,Gaz Metan Medias,FCSB,0,1,3.24,3.22,2.15,3.51,3.32,2.21,Liga I,,20200725_Gaz-Metan-Medias_FCSB,-56.285411281116694,1.07,1.46,1,6,1,14,48.4,51.6,2,2,1,0,1,2
2020-07-25,Viitorul Constanta,Chindia Targoviste,4,1,1.39,4.48,7.08,1.41,4.78,8.02,Liga I,,20200725_Viitorul-Constanta_Chindia-Targoviste,156.61001627961173,1.44,1.4,4,3,9,8,60.1,39.9,1,3,0,0,1,13
2020-07-26,Academica Clinceni,Poli Iasi,3,0,3.08,2.99,2.32,3.47,3.04,2.37,Liga I,,20200726_Academica-Clinceni_Poli-Iasi,78.54992945120284,0.81,0.05,3,0,8,0,53.3,46.7,0,2,0,0,5,2
2020-07-26,FC Voluntari,Sepsi Sf. Gheorghe,2,0,2.67,2.83,2.8,2.93,2.81,2.93,Liga I,,20200726_FC-Voluntari_Sepsi-Sf.-Gheorghe,10.227379691064925,2.28,0.71,6,3,13,8,53.3,46.7,0,3,0,0,12,2
2020-07-28,CFR Cluj,FC Botosani,1,0,1.38,4.36,7.9,1.39,4.71,9.19,Liga I,,20200728_CFR-Cluj_FC-Botosani,107.56893724128781,0.61,1.07,3,2,7,5,43.6,56.4,2,0,0,0,5,4
2020-07-29,Chindia Targoviste,Academica Clinceni,3,1,2.51,3.08,2.76,2.63,3.2,2.88,Liga I,,20200729_Chindia-Targoviste_Academica-Clinceni,-100.04842726747688,1.75,1.31,5,3,13,8,43.5,56.5,1,3,0,0,7,4
2020-07-29,FC Hermannstadt,Viitorul Constanta,2,0,3.22,3.2,2.17,3.36,3.31,2.27,Liga I,,20200729_FC-Hermannstadt_Viitorul-Constanta,-95.22832709702743,1.49,0.69,4,4,10,10,46.2,53.8,0,0,0,0,2,2
2020-07-30,Poli Iasi,FC Voluntari,2,1,3.05,3.18,2.27,3.13,3.28,2.3,Liga I,,20200730_Poli-Iasi_FC-Voluntari,-80.89785855174159,1.11,0.36,4,1,9,2,35.8,64.2,4,0,0,0,3,4
2020-07-31,FCSB,CFR Cluj,0,2,6.52,3.71,1.51,7.47,3.77,1.56,Liga I,,20200731_FCSB_CFR-Cluj,-91.17272159698291,0.67,0.7,2,3,3,6,48.9,51.1,1,1,0,0,4,4
2020-08-01,Academica Clinceni,FC Hermannstadt,0,2,3.41,3.03,2.16,3.7,3.12,2.23,Liga I,,20200801_Academica-Clinceni_FC-Hermannstadt,-5.764909569336396,0.26,1.23,0,3,0,8,44.6,55.4,2,3,0,0,3,7
2020-08-01,FC Botosani,Gaz Metan Medias,4,1,1.44,4.08,6.92,1.49,4.19,7.49,Liga I,,20200801_FC-Botosani_Gaz-Metan-Medias,43.236734434719665,1.32,0.89,6,2,13,5,46.0,54.0,5,2,0,0,6,3
2020-08-01,Viitorul Constanta,Sepsi Sf. Gheorghe,0,3,1.73,3.57,4.48,1.76,3.72,4.96,Liga I,,20200801_Viitorul-Constanta_Sepsi-Sf.-Gheorghe,105.04965181332409,0.35,1.22,0,3,0,7,49.8,50.2,1,0,0,0,4,3
2020-08-02,FC Voluntari,Din. Bucuresti,1,2,1.72,3.54,4.58,1.74,3.75,5.0,Liga I,,20200802_FC-Voluntari_Din.-Bucuresti,7.073583757819733,1.55,1.56,6,6,15,13,50.1,49.9,0,1,0,0,7,9
2020-08-02,Poli Iasi,Chindia Targoviste,1,0,1.88,3.27,4.08,1.94,3.36,4.44,Liga I,,20200802_Poli-Iasi_Chindia-Targoviste,2.215525424587895,0.73,0.94,3,4,8,11,49.7,50.3,2,2,0,0,4,2
2020-08-03,U Craiova,CFR Cluj,1,3,2.86,2.95,2.53,3.05,3.0,2.64,Liga I,,20200803_U-Craiova_CFR-Cluj,-45.65343875545477,1.58,2.03,5,5,12,11,50.8,49.2,4,1,0,0,7,2
2020-08-05,Chindia Targoviste,FC Voluntari,2,0,3.97,3.37,1.87,4.26,3.5,1.93,Liga I,,20200805_Chindia-Targoviste_FC-Voluntari,-53.30320508636487,0.69,0.05,2,1,2,4,46.9,53.1,2,3,0,1,4,2
2020-08-05,Din. Bucuresti,Viitorul Constanta,1,1,2.25,3.29,2.98,2.38,3.4,3.07,Liga I,,20200805_Din.-Bucuresti_Viitorul-Constanta,-65.58092517983755,1.28,1.5,4,4,8,9,45.9,54.1,1,2,0,0,3,6
2020-08-05,FC Hermannstadt,Poli Iasi,2,2,2.55,3.01,2.78,2.72,3.09,2.87,Liga I,,20200805_FC-Hermannstadt_Poli-Iasi,72.7490346638017,1.66,1.61,6,4,12,8,53.5,46.5,0,1,0,0,7,6
2020-08-05,Sepsi Sf. Gheorghe,Academica Clinceni,1,0,1.27,5.11,10.11,1.28,5.56,12.13,Liga I,,20200805_Sepsi-Sf.-Gheorghe_Academica-Clinceni,-7.152106772968182,1.39,0.41,4,3,9,9,44.2,55.8,1,0,0,0,4,3
2020-08-09,Chindia Targoviste,Mioveni,2,0,2.01,3.2,3.57,,,,Liga I,,20200809_Chindia-Targoviste_Mioveni,-89.72924722114658,1.03,0.68,2,2,3,5,44.5,55.5,0,2,0,0,2,5
2020-08-12,Mioveni,Chindia Targoviste,1,1,2.86,3.07,2.42,3.02,3.23,2.51,Liga I,,20200812_Mioveni_Chindia-Targoviste,59.66519676628104,0.1,0.53,1,1,4,0,56.1,43.9,1,2,0,0,5,1
2020-08-21,FC Arges,FC Botosani,2,3,3.93,3.23,1.93,,,,Liga I,,20200821_FC-Arges_FC-Botosani,-63.59826224419726,1.53,1.47,5,5,11,10,48.7,51.3,2,1,1,0,6,8
2020-08-22,Astra,FCSB,0,3,3.92,3.41,1.88,4.23,3.62,1.9,Liga I,,20200822_Astra_FCSB,-4.891179887645876,0.47,1.27,0,3,0,9,44.6,55.4,2,1,0,0,0,4
2020-08-22,Sepsi Sf. Gheorghe,U Craiova,0,1,3.63,3.21,2.02,3.91,3.27,2.09,Liga I,,20200822_Sepsi-Sf.-Gheorghe_U-Craiova,-159.30294116086338,1.15,0.63,3,2,7,4,41.6,58.4,3,2,0,0,7,3
2020-08-22,Viitorul Constanta,UTA Arad,1,1,1.39,4.54,7.1,1.4,4.89,8.07,Liga I,,20200822_Viitorul-Constanta_UTA-Arad,30.50457800286017,1.1,1.85,3,6,8,14,48.6,51.4,1,3,0,0,8,9
2020-08-23,Academica Clinceni,CFR Cluj,1,2,8.74,4.35,1.36,9.72,4.39,1.4,Liga I,,20200823_Academica-Clinceni_CFR-Cluj,-243.1626515479013,0.45,1.5,1,4,2,7,35.8,64.2,5,2,0,0,0,6
2020-08-23,Poli Iasi,Chindia Targoviste,1,0,2.31,3.03,3.13,2.49,3.1,3.17,Liga I,,20200823_Poli-Iasi_Chindia-Targoviste,-2.3604254992055758,0.53,0.71,3,2,5,4,57.5,42.5,1,0,0,0,2,3
2020-08-24,Din. Bucuresti,FC Hermannstadt,1,1,2.49,3.02,2.85,2.58,3.04,3.05,Liga I,,20200824_Din.-Bucuresti_FC-Hermannstadt,-23.378203592779755,0.2,0.75,1,2,0,4,52.1,47.9,3,1,0,0,4,6
2020-08-24,FC Voluntari,Gaz Metan Medias,2,1,2.05,3.18,3.62,2.15,3.26,3.74,Liga I,,20200824_FC-Voluntari_Gaz-Metan-Medias,-63.412370488625584,1.11,1.59,4,4,9,11,41.3,58.7,0,2,0,0,5,6
2020-08-28,Gaz Metan Medias,FC Arges,2,0,2.06,3.17,3.59,,,,Liga I,,20200828_Gaz-Metan-Medias_FC-Arges,-5.005689409036904,1.63,0.62,5,4,10,11,54.6,45.4,2,1,0,0,6,2
2020-08-28,UTA Arad,FC Voluntari,0,0,2.34,3.17,2.96,2.47,3.31,3.1,Liga I,,20200828_UTA-Arad_FC-Voluntari,50.96418404436349,1.21,0.33,5,0,12,0,54.4,45.6,2,1,0,0,5,1
2020-08-29,CFR Cluj,Sepsi Sf. Gheorghe,0,0,1.68,3.35,5.31,1.73,3.39,5.8,Liga I,,20200829_CFR-Cluj_Sepsi-Sf.-Gheorghe,237.4228556588448,1.81,1.1,5,3,11,7,52.2,47.8,3,1,0,0,3,4
2020-08-29,FC Hermannstadt,Academica Clinceni,2,2,1.79,3.31,4.57,1.87,3.31,4.85,Liga I,,20200829_FC-Hermannstadt_Academica-Clinceni,43.07941140340472,0.26,1.31,3,3,6,7,48.1,51.9,1,4,0,0,5,7
2020-08-30,FC Botosani,Poli Iasi,4,0,1.51,3.78,6.46,1.51,3.72,6.06,Liga I,,20200830_FC-Botosani_Poli-Iasi,136.36124757391372,1.36,0.44,6,2,12,5,48.5,51.5,2,1,0,0,8,0
2020-08-30,FCSB,Viitorul Constanta,3,0,1.8,3.47,4.24,1.81,3.67,4.55,Liga I,,20200830_FCSB_Viitorul-Constanta,59.73426207762327,1.29,0.17,5,0,12,0,46.2,53.8,2,3,0,0,6,1
2020-08-30,U Craiova,Astra,2,0,1.57,3.8,5.52,1.63,3.9,5.8,Liga I,,20200830_U-Craiova_Astra,76.5056059016324,1.23,0.69,3,2,7,3,50.7,49.3,1,2,0,0,5,4
2020-08-31,Chindia Targoviste,Din. Bucuresti,1,0,5.2,3.82,1.6,5.43,3.92,1.65,Liga I,,20200831_Chindia-Targoviste_Din.-Bucuresti,-54.945020555853944,1.87,0.59,4,2,10,6,52.3,47.7,3,2,0,0,8,3
2020-09-11,Din. Bucuresti,FC Botosani,1,1,2.5,3.1,2.77,2.65,3.15,2.92,Liga I,,20200911_Din.-Bucuresti_FC-Botosani,-124.6189744518947,0.96,0.33,3,1,5,3,44.1,55.9,0,0,0,0,4,1
2020-09-11,FC Arges,UTA Arad,1,1,2.58,2.97,2.8,,,,Liga I,,20200911_FC-Arges_UTA-Arad,-21.30365068189576,0.46,1.2,2,4,5,8,50.8,49.2,2,3,0,0,1,13
2020-09-12,Academica Clinceni,Chindia Targoviste,0,0,2.38,3.04,3.01,2.47,3.13,3.19,Liga I,,20200912_Academica-Clinceni_Chindia-Targoviste,21.229598253487893,0.05,0.66,0,2,0,3,50.9,49.1,0,3,0,0,2,1
2020-09-12,FC Voluntari,FCSB,2,1,6.88,4.31,1.42,7.56,4.6,1.47,Liga I,,20200912_FC-Voluntari_FCSB,-147.31045994362626,0.49,1.42,2,5,4,12,53.5,46.5,3,0,0,0,6,10
2020-09-12,Poli Iasi,Gaz Metan Medias,1,4,2.45,2.96,3.0,2.57,3.02,3.25,Liga I,,20200912_Poli-Iasi_Gaz-Metan-Medias,-67.79302015644953,1.34,1.4,3,5,7,11,50.8,49.2,3,3,0,0,7,11
2020-09-13,Astra,Sepsi Sf. Gheorghe,2,2,2.77,3.02,2.55,3.02,3.19,2.62,Liga I,,20200913_Astra_Sepsi-Sf.-Gheorghe,79.98060112903408,1.63,1.6,4,6,6,13,54.2,45.8,1,4,0,0,8,7
2020-09-13,CFR Cluj,FC Hermannstadt,1,0,1.47,3.93,6.79,1.5,4.17,7.94,Liga I,,20200913_CFR-Cluj_FC-Hermannstadt,203.93622150291503,1.34,1.43,3,4,5,8,51.4,48.6,3,2,1,0,5,5
2020-09-14,Viitorul Constanta,U Craiova,1,4,2.9,3.13,2.41,2.94,3.33,2.58,Liga I,,20200914_Viitorul-Constanta_U-Craiova,-127.04296560304397,1.16,2.58,4,9,8,19,50.2,49.8,3,0,0,0,4,6
2020-09-18,Astra,CFR Cluj,0,2,6.27,3.93,1.5,6.69,4.04,1.57,Liga I,,20200918_Astra_CFR-Cluj,-151.57554565676696,0.05,0.61,0,3,0,5,42.7,57.3,2,0,0,0,3,1
2020-09-18,Chindia Targoviste,FC Hermannstadt,1,3,2.81,2.95,2.61,2.97,2.99,2.81,Liga I,,20200918_Chindia-Targoviste_FC-Hermannstadt,-54.948616779480744,0.33,1.47,1,5,4,11,38.9,61.1,2,1,0,0,0,5
2020-09-19,Sepsi Sf. Gheorghe,Viitorul Constanta,1,1,2.34,3.05,3.08,2.43,3.14,3.37,Liga I,,20200919_Sepsi-Sf.-Gheorghe_Viitorul-Constanta,-37.72983299464158,1.7,0.91,6,2,12,6,47.3,52.7,3,2,1,0,9,4
2020-09-19,U Craiova,FC Voluntari,2,1,1.58,3.88,5.31,1.61,4.14,5.92,Liga I,,20200919_U-Craiova_FC-Voluntari,185.69953740671917,1.1,1.37,2,5,1,11,55.5,44.5,1,1,0,0,2,6
2020-09-20,FC Botosani,Academica Clinceni,0,0,1.75,3.48,4.5,1.78,3.76,4.93,Liga I,,20200920_FC-Botosani_Academica-Clinceni,127.17395665676031,0.06,0.77,0,3,0,7,52.3,47.7,2,2,0,0,2,2
2020-09-20,FCSB,FC Arges,3,0,1.88,4.18,3.4,,,,Liga I,,20200920_FCSB_FC-Arges,103.60701816375422,0.62,0.05,4,2,8,5,51.8,48.2,0,2,0,0,9,7
2020-09-20,UTA Arad,Poli Iasi,2,3,2.18,3.11,3.35,2.29,3.23,3.54,Liga I,,20200920_UTA-Arad_Poli-Iasi,78.70950459194228,1.25,1.52,3,4,4,11,50.5,49.5,2,1,0,0,2,6
2020-09-21,Gaz Metan Medias,Din. Bucuresti,1,3,3.68,3.24,2.01,3.92,3.33,2.11,Liga I,,20200921_Gaz-Metan-Medias_Din.-Bucuresti,46.57378976546897,0.35,1.21,2,4,3,9,51.1,48.9,1,1,0,0,1,4
2020-09-25,FC Arges,U Craiova,1,2,6.72,4.24,1.44,7.65,4.47,1.48,Liga I,,20200925_FC-Arges_U-Craiova,-190.2613792676848,1.32,1.03,4,5,8,10,40.6,59.4,2,0,0,0,1,2
2020-09-25,FC Voluntari,Sepsi Sf. Gheorghe,1,2,2.76,3.04,2.57,2.95,3.1,2.74,Liga I,,20200925_FC-Voluntari_Sepsi-Sf.-Gheorghe,-12.763681263885019,0.74,1.02,3,3,8,8,51.1,48.9,1,3,0,0,3,3
2020-09-26,Academica Clinceni,Gaz Metan Medias,2,0,2.44,3.0,2.97,2.45,3.13,3.33,Liga I,,20200926_Academica-Clinceni_Gaz-Metan-Medias,-39.58076785213393,1.24,0.89,4,4,10,7,43.8,56.2,2,0,0,0,7,4
2020-09-26,Viitorul Constanta,Astra,4,1,1.7,3.64,4.62,1.72,3.87,5.24,Liga I,,20200926_Viitorul-Constanta_Astra,-31.04608547001044,0.51,1.1,4,3,9,7,39.6,60.4,4,0,0,0,5,3
2020-09-27,CFR Cluj,Chindia Targoviste,0,0,1.32,4.5,10.01,1.35,4.69,12.43,Liga I,,20200927_CFR-Cluj_Chindia-Targoviste,287.4108705523115,0.89,0.05,3,1,6,0,64.2,35.8,2,1,0,0,1,3
2020-09-27,Poli Iasi,FCSB,5,2,2.84,3.38,2.32,3.36,4.03,2.07,Liga I,,20200927_Poli-Iasi_FCSB,-156.33364768060574,1.17,0.05,5,2,10,3,55.7,44.3,2,1,0,0,2,2
2020-09-28,Din. Bucuresti,UTA Arad,0,1,1.51,3.83,6.43,1.57,3.89,7.13,Liga I,,20200928_Din.-Bucuresti_UTA-Arad,-9.842715778019738,0.84,1.82,2,5,3,12,53.4,46.6,2,2,0,0,1,2
2020-09-28,FC Hermannstadt,FC Botosani,2,1,3.3,3.15,2.18,3.88,3.35,2.12,Liga I,,20200928_FC-Hermannstadt_FC-Botosani,-77.66622708119849,1.9,1.05,5,2,13,6,51.5,48.5,2,3,0,0,8,3
2020-10-02,U Craiova,Poli Iasi,1,0,1.49,4.18,5.84,1.55,4.27,6.57,Liga I,,20201002_U-Craiova_Poli-Iasi,214.8928508660763,1.46,0.22,6,2,13,3,58.1,41.9,1,3,0,0,3,5
2020-10-03,Astra,FC Voluntari,2,3,2.89,3.28,2.31,3.04,3.45,2.45,Liga I,,20201003_Astra_FC-Voluntari,77.43341974301052,1.85,1.09,5,3,10,7,43.4,56.6,3,1,0,0,6,5
2020-10-03,FCSB,Din. Bucuresti,3,2,2.11,3.34,3.26,2.12,3.53,3.66,Liga I,,20201003_FCSB_Din.-Bucuresti,111.41047395401097,0.23,1.61,3,3,8,7,54.1,45.9,0,1,0,0,7,5
2020-10-03,Sepsi Sf. Gheorghe,FC Arges,1,0,1.61,3.63,5.43,1.64,3.87,6.18,Liga I,,20201003_Sepsi-Sf.-Gheorghe_FC-Arges,22.631371120285166,1.61,0.05,5,0,12,0,46.8,53.2,0,1,0,0,11,4
2020-10-04,FC Botosani,Chindia Targoviste,0,2,1.66,3.49,5.29,1.71,3.65,5.77,Liga I,,20201004_FC-Botosani_Chindia-Targoviste,130.06390968255096,0.38,0.35,2,2,2,6,56.6,43.4,4,3,0,0,1,1
2020-10-04,Gaz Metan Medias,FC Hermannstadt,1,1,2.64,3.01,2.7,2.76,3.19,2.84,Liga I,,20201004_Gaz-Metan-Medias_FC-Hermannstadt,-29.514367586330536,2.17,0.33,8,1,15,0,51.7,48.3,0,1,0,0,8,1
2020-10-04,Viitorul Constanta,CFR Cluj,1,1,3.55,3.34,2.0,3.85,3.53,2.06,Liga I,,20201004_Viitorul-Constanta_CFR-Cluj,-175.55118077926954,1.22,0.71,3,2,7,4,41.8,58.2,1,3,0,0,3,4
2020-10-05,UTA Arad,Academica Clinceni,0,0,2.5,3.07,2.81,2.64,3.26,2.92,Liga I,,20201005_UTA-Arad_Academica-Clinceni,28.34671218824792,1.24,0.95,5,2,13,4,54.3,45.7,2,2,0,0,2,2
2020-10-16,FC Arges,Astra,1,0,2.49,3.21,2.71,2.66,3.39,2.81,Liga I,,20201016_FC-Arges_Astra,-60.770804294805885,0.05,0.05,1,1,2,5,45.7,54.3,3,3,0,0,1,2
2020-10-17,CFR Cluj,FC Botosani,2,1,1.15,6.66,19.35,1.15,7.24,26.98,Liga I,,20201017_CFR-Cluj_FC-Botosani,151.74968267664076,0.84,1.29,2,5,4,11,62.8,37.2,2,2,0,0,3,6
2020-10-17,Chindia Targoviste,Gaz Metan Medias,1,0,2.86,3.02,2.52,2.79,3.16,2.84,Liga I,,20201017_Chindia-Targoviste_Gaz-Metan-Medias,-36.884108632239986,1.4,1.23,3,5,7,14,42.2,57.8,0,2,0,0,2,6
2020-10-17,Poli Iasi,Sepsi Sf. Gheorghe,1,4,3.71,3.23,2.02,3.99,3.28,2.11,Liga I,,20201017_Poli-Iasi_Sepsi-Sf.-Gheorghe,-51.850754792982116,1.66,1.26,6,4,13,8,49.7,50.3,1,2,0,1,5,3
2020-10-18,Din. Bucuresti,U Craiova,0,1,2.33,3.25,2.89,2.4,3.43,3.13,Liga I,,20201018_Din.-Bucuresti_U-Craiova,-217.77216439020845,2.58,2.35,8,8,17,19,41.1,58.9,0,2,0,0,7,8
2020-10-18,FC Hermannstadt,UTA Arad,1,1,1.8,3.34,4.44,1.77,3.65,5.24,Liga I,,20201018_FC-Hermannstadt_UTA-Arad,13.985996807489755,0.53,0.91,2,4,5,10,56.3,43.7,2,0,1,0,1,2
2020-10-19,Academica Clinceni,FCSB,0,2,5.26,3.8,1.6,5.77,4.03,1.64,Liga I,,20201019_Academica-Clinceni_FCSB,-113.8960067173025,0.82,1.93,3,6,7,14,43.1,56.9,1,2,0,1,1,7
2020-10-19,FC Voluntari,Viitorul Constanta,0,2,3.45,3.42,2.01,3.6,3.56,2.13,Liga I,,20201019_FC-Voluntari_Viitorul-Constanta,-63.49027996577024,1.69,2.13,6,7,12,15,46.1,53.9,2,3,0,0,8,5
2020-10-23,Gaz Metan Medias,FC Botosani,1,2,3.27,2.93,2.3,3.63,2.99,2.4,Liga I,,20201023_Gaz-Metan-Medias_FC-Botosani,-66.79347601814993,0.76,1.61,3,7,5,14,45.9,54.1,1,2,0,0,2,6
2020-10-23,U Craiova,Academica Clinceni,0,1,1.54,3.74,6.12,1.57,3.83,7.4,Liga I,,20201023_U-Craiova_Academica-Clinceni,217.23145008904748,1.24,1.14,4,4,9,7,60.3,39.7,0,1,0,0,8,6
2020-10-24,Astra,Poli Iasi,4,0,2.15,3.43,3.08,2.24,3.7,3.21,Liga I,,20201024_Astra_Poli-Iasi,63.69581417170684,1.04,0.67,4,2,8,4,42.7,57.3,0,0,0,0,2,7
2020-10-24,Sepsi Sf. Gheorghe,Din. Bucuresti,2,0,2.54,3.07,2.76,2.65,3.26,2.91,Liga I,,20201024_Sepsi-Sf.-Gheorghe_Din.-Bucuresti,59.48443428447945,1.94,1.51,7,5,14,10,53.6,46.4,1,1,0,0,8,4
2020-10-24,UTA Arad,Chindia Targoviste,1,0,2.49,2.87,3.02,2.64,2.91,3.27,Liga I,,20201024_UTA-Arad_Chindia-Targoviste,37.59222001076955,1.59,0.4,4,3,8,5,53.7,46.3,4,0,0,0,6,5
2020-10-25,FC Voluntari,CFR Cluj,0,1,4.99,3.53,1.68,5.5,3.58,1.76,Liga I,,20201025_FC-Voluntari_CFR-Cluj,-244.75093368144462,1.13,0.57,5,1,10,0,37.8,62.2,2,3,0,0,6,1
2020-10-25,Viitorul Constanta,FC Arges,2,2,1.47,4.1,6.46,1.5,4.26,7.62,Liga I,,20201025_Viitorul-Constanta_FC-Arges,71.84314616424876,0.82,0.51,2,2,2,3,55.7,44.3,1,1,0,0,2,5
2020-10-26,FCSB,FC Hermannstadt,5,0,1.45,4.13,6.56,1.51,4.24,7.61,Liga I,,20201026_FCSB_FC-Hermannstadt,82.20116743033395,1.85,0.35,6,2,12,6,54.0,46.0,3,1,0,0,9,2
2020-10-30,FC Arges,FC Voluntari,2,1,3.08,3.13,2.3,3.31,3.21,2.41,Liga I,,20201030_FC-Arges_FC-Voluntari,18.46994272281654,1.34,1.55,3,5,8,10,53.0,47.0,1,3,0,0,6,4
2020-10-31,Academica Clinceni,Sepsi Sf. Gheorghe,2,0,3.88,3.14,1.99,4.34,3.23,2.05,Liga I,,20201031_Academica-Clinceni_Sepsi-Sf.-Gheorghe,-39.592086107672685,0.77,1.17,3,2,6,5,44.9,55.1,1,1,0,0,2,3
2020-10-31,FC Botosani,UTA Arad,2,3,1.75,3.34,4.77,1.83,3.4,5.23,Liga I,,20201031_FC-Botosani_UTA-Arad,38.56141755045678,1.48,1.46,5,3,10,7,49.9,50.1,1,0,0,0,5,2
2020-10-31,FC Hermannstadt,U Craiova,0,1,3.59,3.27,2.03,3.87,3.42,2.09,Liga I,,20201031_FC-Hermannstadt_U-Craiova,-159.68952180268752,1.11,1.25,3,5,7,12,38.4,61.6,1,1,0,0,2,6
2020-11-01,CFR Cluj,Gaz Metan Medias,1,2,1.26,5.14,11.43,1.3,5.4,12.96,Liga I,,20201101_CFR-Cluj_Gaz-Metan-Medias,247.11484633806776,0.94,1.17,2,5,4,11,62.6,37.4,3,3,0,0,8,7
2020-11-01,Poli Iasi,Viitorul Constanta,0,3,2.89,3.23,2.36,3.23,3.33,2.39,Liga I,,20201101_Poli-Iasi_Viitorul-Constanta,-110.30150386112064,1.96,1.74,5,5,10,12,44.4,55.6,1,0,0,0,5,1
2020-11-02,Chindia Targoviste,FCSB,0,2,6.09,4.05,1.49,6.64,4.15,1.52,Liga I,,20201102_Chindia-Targoviste_FCSB,-152.73312860316128,0.05,1.39,0,4,0,8,44.7,55.3,0,1,0,0,1,6
2020-11-06,Astra,Academica Clinceni,0,2,2.38,3.4,2.73,2.49,3.42,2.86,Liga I,,20201106_Astra_Academica-Clinceni,17.489961562390135,1.54,2.05,6,7,11,18,54.2,45.8,1,1,1,0,8,12
2020-11-06,U Craiova,Chindia Targoviste,0,1,1.77,3.23,4.87,1.84,3.25,5.56,Liga I,,20201106_U-Craiova_Chindia-Targoviste,225.6790149114113,0.87,1.47,2,5,3,12,53.7,46.3,2,1,0,0,2,5
2020-11-07,FC Voluntari,Poli Iasi,4,0,2.05,3.19,3.55,2.07,3.42,3.97,Liga I,,20201107_FC-Voluntari_Poli-Iasi,21.832303457028274,1.83,0.05,6,0,13,0,52.5,47.5,3,3,0,0,11,1
2020-11-07,FCSB,FC Botosani,4,1,1.4,4.37,7.23,1.43,4.75,8.27,Liga I,,20201107_FCSB_FC-Botosani,75.53283875255715,1.69,0.77,4,1,8,4,53.5,46.5,1,9,0,0,6,3
2020-11-07,Sepsi Sf. Gheorghe,FC Hermannstadt,1,1,1.78,3.27,4.69,1.83,3.35,5.37,Liga I,,20201107_Sepsi-Sf.-Gheorghe_FC-Hermannstadt,12.845678211814402,0.87,0.47,1,1,3,1,43.5,56.5,0,0,0,0,5,4
2020-11-08,FC Arges,CFR Cluj,0,2,6.58,3.71,1.52,7.49,3.92,1.56,Liga I,,20201108_FC-Arges_CFR-Cluj,-205.00833942997656,0.34,1.72,1,5,2,11,41.9,58.1,0,2,0,0,5,3
2020-11-08,Viitorul Constanta,Din. Bucuresti,2,1,2.6,3.17,2.62,2.77,3.29,2.76,Liga I,,20201108_Viitorul-Constanta_Din.-Bucuresti,105.9448827933993,1.61,1.07,6,3,16,9,48.6,51.4,1,1,0,0,15,3
2020-11-09,UTA Arad,Gaz Metan Medias,1,3,2.28,3.06,3.18,2.36,3.24,3.39,Liga I,,20201109_UTA-Arad_Gaz-Metan-Medias,41.66301605038507,0.11,1.38,1,5,2,10,55.1,44.9,1,0,0,0,5,11
2020-11-14,Din. Bucuresti,Astra,1,1,1.73,3.53,4.52,1.8,3.7,4.88,Liga I,,20201114_Din.-Bucuresti_Astra,-66.52110075369114,0.94,0.3,3,1,8,1,49.6,50.4,1,1,1,0,8,2
2020-11-20,Din. Bucuresti,FC Voluntari,3,0,2.18,3.25,3.19,2.23,3.4,3.51,Liga I,,20201120_Din.-Bucuresti_FC-Voluntari,-18.276159065502497,1.74,0.05,4,0,9,1,48.2,51.8,1,2,0,0,8,1
2020-11-20,Poli Iasi,FC Arges,1,1,2.29,3.05,3.18,2.38,3.1,3.52,Liga I,,20201120_Poli-Iasi_FC-Arges,-68.63379563748026,0.4,1.36,1,4,1,7,44.1,55.9,2,2,0,0,0,3
2020-11-21,Academica Clinceni,Viitorul Constanta,1,0,4.17,3.46,1.81,4.37,3.82,1.85,Liga I,,20201121_Academica-Clinceni_Viitorul-Constanta,-48.606888753659405,1.78,1.53,6,3,13,5,47.4,52.6,2,1,0,0,10,3
2020-11-21,FC Botosani,U Craiova,0,0,5.04,3.47,1.68,5.48,3.62,1.69,Liga I,,20201121_FC-Botosani_U-Craiova,-124.97332913630248,0.76,0.91,2,3,4,8,42.8,57.2,2,2,0,0,2,3
2020-11-22,CFR Cluj,UTA Arad,0,1,1.39,4.16,8.3,1.42,4.34,10.09,Liga I,,20201122_CFR-Cluj_UTA-Arad,185.84958692663213,0.05,0.66,0,2,0,4,57.9,42.1,1,2,0,0,3,5
2020-11-22,FC Hermannstadt,Astra,0,1,2.68,3.14,2.57,2.77,3.32,2.74,Liga I,,20201122_FC-Hermannstadt_Astra,-2.1497684544856384,0.56,1.02,3,3,4,6,49.6,50.4,4,1,0,0,0,4
2020-11-23,Chindia Targoviste,Sepsi Sf. Gheorghe,1,2,4.02,3.0,2.0,4.23,3.09,2.14,Liga I,,20201123_Chindia-Targoviste_Sepsi-Sf.-Gheorghe,-45.8498972206512,0.78,0.8,1,3,4,7,46.8,53.2,1,0,0,0,2,4
2020-11-23,Gaz Metan Medias,FCSB,2,3,6.62,4.13,1.45,7.39,4.2,1.52,Liga I,,20201123_Gaz-Metan-Medias_FCSB,-125.10382249285112,1.35,0.61,5,3,10,8,48.1,51.9,0,1,0,0,3,4
2020-12-04,FC Arges,Din. Bucuresti,0,1,3.33,3.12,2.18,3.78,3.23,2.18,Liga I,,20201204_FC-Arges_Din.-Bucuresti,27.612971207488272,1.27,1.0,5,2,12,5,54.6,45.4,3,2,0,0,7,3
2020-12-04,FC Voluntari,Academica Clinceni,3,3,6.14,4.07,1.48,5.1,3.7,1.6,Liga I,,20201204_FC-Voluntari_Academica-Clinceni,-79.99084518878158,1.27,0.84,4,3,10,5,40.1,59.9,1,0,0,0,5,3
2020-12-05,FCSB,UTA Arad,3,0,1.32,4.93,8.4,1.36,5.03,9.53,Liga I,,20201205_FCSB_UTA-Arad,100.29210100379237,1.31,0.67,4,2,10,3,53.8,46.2,2,4,0,0,8,3
2020-12-05,Sepsi Sf. Gheorghe,FC Botosani,2,2,2.03,3.17,3.63,2.07,3.35,3.96,Liga I,,20201205_Sepsi-Sf.-Gheorghe_FC-Botosani,-10.856767899043916,0.99,0.85,4,2,8,5,44.0,56.0,4,2,0,0,5,5
2020-12-06,Poli Iasi,CFR Cluj,0,2,8.16,3.98,1.41,9.53,4.1,1.45,Liga I,,20201206_Poli-Iasi_CFR-Cluj,-264.7138360339882,0.71,2.03,2,6,3,14,40.0,60.0,0,2,0,0,2,6
2020-12-07,Astra,Chindia Targoviste,0,0,2.31,2.96,3.22,2.43,2.97,3.51,Liga I,,20201207_Astra_Chindia-Targoviste,58.392211897438756,1.44,0.28,2,0,4,1,52.1,47.9,4,2,0,0,5,3
2020-12-07,U Craiova,Gaz Metan Medias,3,1,1.47,4.11,6.2,1.5,4.42,6.99,Liga I,,20201207_U-Craiova_Gaz-Metan-Medias,159.39845082401484,0.87,1.29,3,5,7,12,58.9,41.1,1,3,0,0,3,5
2020-12-11,Din. Bucuresti,Poli Iasi,4,1,1.74,3.53,4.47,1.75,3.76,5.01,Liga I,,20201211_Din.-Bucuresti_Poli-Iasi,53.58581747208564,1.05,1.22,4,4,11,10,49.4,50.6,2,1,0,0,6,4
2020-12-11,FC Botosani,Astra,1,1,2.35,3.07,3.02,2.42,3.14,3.31,Liga I,,20201211_FC-Botosani_Astra,20.78867433734672,0.61,0.74,1,3,2,7,48.3,51.7,1,1,0,0,4,7
2020-12-12,Chindia Targoviste,Viitorul Constanta,1,1,4.51,3.29,1.8,4.95,3.43,1.85,Liga I,,20201212_Chindia-Targoviste_Viitorul-Constanta,-89.39444781315888,1.16,1.04,3,2,6,4,52.3,47.7,3,2,0,0,3,2
2020-12-12,Gaz Metan Medias,Sepsi Sf. Gheorghe,0,3,3.59,3.15,2.06,3.71,3.29,2.17,Liga I,,20201212_Gaz-Metan-Medias_Sepsi-Sf.-Gheorghe,-39.07292374838835,0.41,0.75,1,3,2,7,46.7,53.3,2,2,0,0,6,11
2020-12-13,Academica Clinceni,FC Arges,1,0,2.02,3.22,3.65,2.04,3.36,4.07,Liga I,,20201213_Academica-Clinceni_FC-Arges,55.62945543400156,1.73,0.36,4,1,8,2,52.3,47.7,1,0,0,0,13,4
2020-12-13,CFR Cluj,FCSB,2,0,2.45,2.94,3.0,2.59,3.01,3.19,Liga I,,20201213_CFR-Cluj_FCSB,45.48279306411132,0.72,0.75,2,2,7,4,49.7,50.3,0,1,0,0,3,3
2020-12-13,FC Hermannstadt,FC Voluntari,3,2,3.65,3.3,1.96,3.47,3.53,2.11,Liga I,,20201213_FC-Hermannstadt_FC-Voluntari,39.54531685994539,0.97,1.25,4,5,9,10,54.6,45.4,2,1,0,0,4,5
2020-12-14,UTA Arad,U Craiova,1,2,5.48,3.51,1.63,5.86,3.62,1.69,Liga I,,20201214_UTA-Arad_U-Craiova,-134.353527423287,1.36,1.16,5,3,11,7,55.1,44.9,1,0,0,0,8,5
2020-12-15,Astra,Gaz Metan Medias,3,0,2.27,3.13,3.1,2.3,3.27,3.42,Liga I,,20201215_Astra_Gaz-Metan-Medias,39.76459184861301,1.91,1.11,5,2,10,3,60.1,39.9,2,0,0,0,4,2
2020-12-15,Viitorul Constanta,FC Botosani,1,2,1.93,3.38,3.7,1.97,3.56,3.89,Liga I,,20201215_Viitorul-Constanta_FC-Botosani,11.905561398713644,1.18,1.69,3,6,7,12,57.8,42.2,3,8,0,0,3,7
2020-12-16,FC Arges,FC Hermannstadt,2,2,2.57,2.95,2.84,2.8,3.03,2.9,Liga I,,20201216_FC-Arges_FC-Hermannstadt,-41.348794647216664,1.68,0.81,5,3,11,8,42.1,57.9,2,4,0,0,5,4
2020-12-16,FC Voluntari,Chindia Targoviste,0,2,2.74,3.07,2.57,2.89,3.19,2.67,Liga I,,20201216_FC-Voluntari_Chindia-Targoviste,-22.81361149332497,0.58,1.15,1,3,3,9,56.4,43.6,2,2,0,0,1,5
2020-12-16,Poli Iasi,Academica Clinceni,0,0,2.86,3.06,2.47,2.99,3.18,2.61,Liga I,,20201216_Poli-Iasi_Academica-Clinceni,-131.183441268038,0.41,1.36,0,4,1,8,41.6,58.4,2,2,0,0,2,7
2020-12-17,Din. Bucuresti,CFR Cluj,0,2,4.34,3.21,1.85,4.77,3.27,1.93,Liga I,,20201217_Din.-Bucuresti_CFR-Cluj,-219.98948108421246,1.51,1.82,4,6,10,14,43.8,56.2,0,0,0,0,4,5
2020-12-17,Sepsi Sf. Gheorghe,UTA Arad,3,0,1.49,3.86,6.53,1.53,3.93,6.95,Liga I,,20201217_Sepsi-Sf.-Gheorghe_UTA-Arad,18.56023701654931,0.43,0.39,3,3,7,7,51.1,48.9,2,0,0,0,7,3
2020-12-18,U Craiova,FCSB,0,2,3.12,3.09,2.29,3.4,3.18,2.35,Liga I,,20201218_U-Craiova_FCSB,34.81898127633417,0.29,0.6,2,2,3,4,44.5,55.5,0,2,0,0,2,5
2020-12-19,Chindia Targoviste,FC Arges,2,2,2.03,3.02,3.91,2.09,3.11,4.28,Liga I,,20201219_Chindia-Targoviste_FC-Arges,13.128791422069753,1.02,1.47,2,3,5,7,55.9,44.1,1,2,0,0,1,3
2020-12-19,Gaz Metan Medias,Viitorul Constanta,1,0,4.53,3.7,1.7,4.95,3.88,1.74,Liga I,,20201219_Gaz-Metan-Medias_Viitorul-Constanta,-69.24601078087062,1.47,0.72,5,3,8,7,44.8,55.2,2,1,0,0,6,4
2020-12-20,Academica Clinceni,Din. Bucuresti,1,1,3.27,3.14,2.2,3.44,3.28,2.28,Liga I,,20201220_Academica-Clinceni_Din.-Bucuresti,58.220056503940214,1.52,0.66,6,2,12,5,48.6,51.4,2,1,1,0,7,4
2020-12-20,FC Botosani,FC Voluntari,1,1,1.67,3.73,4.7,1.69,4.02,5.09,Liga I,,20201220_FC-Botosani_FC-Voluntari,117.8843222971393,1.22,0.45,4,1,8,4,58.6,41.4,1,2,0,0,7,3
2020-12-20,FC Hermannstadt,Poli Iasi,0,1,2.35,3.05,3.05,2.5,3.16,3.16,Liga I,,20201220_FC-Hermannstadt_Poli-Iasi,90.96438063082473,0.67,0.62,4,2,10,4,54.4,45.6,1,3,0,0,11,3
2020-12-21,FCSB,Sepsi Sf. Gheorghe,1,1,1.69,3.59,4.79,1.71,3.67,5.21,Liga I,,20201221_FCSB_Sepsi-Sf.-Gheorghe,97.96904749073542,0.54,1.1,1,3,3,5,55.4,44.6,1,5,0,0,1,4
2020-12-21,UTA Arad,Astra,0,6,2.8,2.85,2.69,2.9,3.01,2.81,Liga I,,20201221_UTA-Arad_Astra,-19.931752109249146,0.73,0.82,3,6,4,13,49.3,50.7,3,2,0,0,6,7
2020-12-22,CFR Cluj,U Craiova,0,0,1.76,3.27,4.92,1.8,3.32,5.57,Liga I,,20201222_CFR-Cluj_U-Craiova,50.01553104194977,1.05,0.35,1,1,3,3,52.3,47.7,1,2,0,0,4,1
2021-01-10,Viitorul Constanta,FC Hermannstadt,2,1,1.57,3.82,5.46,1.62,3.97,5.97,Liga I,,20210110_Viitorul-Constanta_FC-Hermannstadt,35.06212158305357,1.22,1.82,5,6,13,12,51.8,48.2,1,1,0,0,6,6
2021-01-12,Gaz Metan Medias,FC Voluntari,2,0,2.27,3.31,2.97,2.37,3.46,3.11,Liga I,,20210112_Gaz-Metan-Medias_FC-Voluntari,46.16007705418383,0.13,1.68,2,7,5,16,50.3,49.7,0,2,0,0,3,6
2021-01-12,U Craiova,Sepsi Sf. Gheorghe,0,0,2.42,2.94,3.01,2.49,3.09,3.25,Liga I,,20210112_U-Craiova_Sepsi-Sf.-Gheorghe,104.80966632900754,0.65,0.63,3,4,5,9,48.9,51.1,4,3,0,0,3,6
2021-01-13,Chindia Targoviste,Poli Iasi,1,1,2.36,2.92,3.17,2.51,2.97,3.35,Liga I,,20210113_Chindia-Targoviste_Poli-Iasi,50.06207934697204,0.94,0.7,2,4,5,8,43.5,56.5,2,0,0,0,4,1
2021-01-13,FC Hermannstadt,Din. Bucuresti,0,2,2.7,3.04,2.62,2.88,3.2,2.68,Liga I,,20210113_FC-Hermannstadt_Din.-Bucuresti,-1.2018399909914024,0.16,0.68,0,2,0,4,47.1,52.9,2,4,1,0,1,5
2021-01-14,CFR Cluj,Academica Clinceni,3,1,1.45,3.88,7.37,1.47,4.19,8.46,Liga I,,20210114_CFR-Cluj_Academica-Clinceni,172.60029886812936,1.67,0.97,6,2,14,3,57.6,42.4,0,2,0,0,8,4
2021-01-14,FC Botosani,FC Arges,0,1,1.61,3.61,5.51,1.68,3.62,6.04,Liga I,,20210114_FC-Botosani_FC-Arges,81.39770278582273,0.75,0.97,2,4,3,10,55.5,44.5,1,2,0,0,1,11
2021-01-15,FCSB,Astra,3,0,1.42,4.33,6.94,1.46,4.5,7.65,Liga I,,20210115_FCSB_Astra,104.70750626190238,1.18,1.31,4,6,8,12,56.8,43.2,0,1,0,0,3,6
2021-01-15,UTA Arad,Viitorul Constanta,0,0,4.16,3.47,1.81,4.51,3.57,1.87,Liga I,,20210115_UTA-Arad_Viitorul-Constanta,-35.89300828618684,0.59,0.98,2,4,5,10,45.2,54.8,1,1,0,0,6,2
2021-01-16,Din. Bucuresti,Chindia Targoviste,0,1,2.15,3.11,3.41,2.2,3.23,3.7,Liga I,,20210116_Din.-Bucuresti_Chindia-Targoviste,14.842903407261247,1.06,0.96,5,5,11,13,54.7,45.3,7,2,0,0,2,3
2021-01-17,Academica Clinceni,FC Hermannstadt,0,0,2.19,3.14,3.25,2.32,3.26,3.38,Liga I,,20210117_Academica-Clinceni_FC-Hermannstadt,60.910918944864534,0.28,0.14,0,0,0,1,53.3,46.7,0,1,0,0,4,2
2021-01-17,FC Arges,Gaz Metan Medias,1,1,2.5,2.91,2.95,2.66,2.94,3.15,Liga I,,20210117_FC-Arges_Gaz-Metan-Medias,-13.171835282113761,1.33,1.4,4,3,7,8,47.6,52.4,0,1,0,1,6,1
2021-01-17,Sepsi Sf. Gheorghe,CFR Cluj,0,1,3.22,2.89,2.35,3.45,3.0,2.44,Liga I,,20210117_Sepsi-Sf.-Gheorghe_CFR-Cluj,-154.36486740417195,0.65,1.24,0,3,0,6,49.2,50.8,0,1,0,0,4,3
2021-01-18,Astra,U Craiova,1,1,3.98,3.23,1.92,4.31,3.31,2.0,Liga I,,20210118_Astra_U-Craiova,-123.11689062917549,1.45,1.72,5,6,11,13,41.7,58.3,0,2,1,0,4,11
2021-01-18,Poli Iasi,FC Botosani,0,1,3.0,3.15,2.32,3.18,3.34,2.38,Liga I,,20210118_Poli-Iasi_FC-Botosani,-102.75920391206705,0.96,0.69,4,2,8,5,50.9,49.1,1,1,0,0,5,5
2021-01-19,FC Voluntari,UTA Arad,0,1,2.65,2.94,2.74,2.75,3.04,2.94,Liga I,,20210119_FC-Voluntari_UTA-Arad,-73.23548327772187,0.75,1.28,2,3,5,7,53.1,46.9,0,1,0,0,4,2
2021-01-19,Viitorul Constanta,FCSB,2,2,3.57,3.42,1.97,3.66,3.46,2.12,Liga I,,20210119_Viitorul-Constanta_FCSB,-121.09541408912173,1.61,1.31,4,6,10,15,42.7,57.3,1,0,0,0,5,4
2021-01-22,Chindia Targoviste,Academica Clinceni,2,1,2.58,2.77,3.0,2.67,2.9,3.2,Liga I,,20210122_Chindia-Targoviste_Academica-Clinceni,-36.040161525889744,1.08,1.26,2,4,4,8,47.5,52.5,2,1,0,0,5,8
2021-01-22,FCSB,FC Voluntari,2,1,1.18,6.49,13.28,1.2,7.0,15.68,Liga I,,20210122_FCSB_FC-Voluntari,233.23966458253722,1.3,0.44,5,3,9,6,56.5,43.5,2,1,1,0,5,5
2021-01-23,Sepsi Sf. Gheorghe,Astra,4,1,1.92,3.17,4.13,1.96,3.37,4.35,Liga I,,20210123_Sepsi-Sf.-Gheorghe_Astra,14.258890178107777,2.41,0.77,8,3,19,6,48.7,51.3,1,0,0,0,8,4
2021-01-23,U Craiova,Viitorul Constanta,1,1,1.99,3.23,3.71,2.01,3.51,3.96,Liga I,,20210123_U-Craiova_Viitorul-Constanta,114.4226376241404,1.13,0.05,5,1,8,2,54.7,45.3,1,0,0,0,7,4
2021-01-23,UTA Arad,FC Arges,1,2,2.06,2.92,3.96,2.18,2.99,4.15,Liga I,,20210123_UTA-Arad_FC-Arges,28.46986038601881,0.87,0.66,2,2,1,4,51.3,48.7,1,1,0,0,4,4
2021-01-24,FC Botosani,Din. Bucuresti,4,0,1.97,3.18,3.86,2.06,3.27,4.11,Liga I,,20210124_FC-Botosani_Din.-Bucuresti,62.35181111864995,1.57,0.72,4,2,7,5,54.8,45.2,1,0,0,0,5,4
2021-01-24,Gaz Metan Medias,Poli Iasi,2,1,2.08,3.01,3.74,2.22,3.05,3.92,Liga I,,20210124_Gaz-Metan-Medias_Poli-Iasi,72.15152096743873,1.32,1.01,5,4,13,7,57.3,42.7,0,2,1,0,3,4
2021-01-25,FC Hermannstadt,CFR Cluj,1,3,6.67,3.56,1.54,7.14,3.71,1.59,Liga I,,20210125_FC-Hermannstadt_CFR-Cluj,-251.39230195722553,0.49,2.13,1,6,4,13,46.4,53.6,0,0,0,0,2,5
2021-01-26,FC Arges,FCSB,0,0,7.68,4.2,1.4,9.07,4.25,1.44,Liga I,,20210126_FC-Arges_FCSB,-161.44808063467872,1.54,0.62,5,1,10,3,41.5,58.5,2,1,0,0,2,4
2021-01-26,FC Voluntari,U Craiova,1,1,5.9,3.78,1.55,6.71,4.07,1.56,Liga I,,20210126_FC-Voluntari_U-Craiova,-235.76359622578343,1.17,0.66,2,3,3,8,35.7,64.3,2,3,0,0,3,3
2021-01-26,Viitorul Constanta,Sepsi Sf. Gheorghe,3,3,2.28,3.07,3.15,2.32,3.28,3.35,Liga I,,20210126_Viitorul-Constanta_Sepsi-Sf.-Gheorghe,-21.423006634119474,2.39,2.04,7,5,11,12,49.5,50.5,2,1,0,0,6,6
2021-01-27,Academica Clinceni,FC Botosani,2,1,3.26,3.03,2.25,3.55,3.16,2.3,Liga I,,20210127_Academica-Clinceni_FC-Botosani,-39.2394728686138,0.67,1.29,2,6,5,13,47.2,52.8,1,4,0,0,2,9
2021-01-27,Din. Bucuresti,Gaz Metan Medias,2,1,2.11,3.11,3.5,2.21,3.18,3.76,Liga I,,20210127_Din.-Bucuresti_Gaz-Metan-Medias,-34.054958680986374,1.3,0.74,5,1,9,2,52.3,47.7,1,0,0,0,2,3
2021-01-27,Poli Iasi,UTA Arad,1,2,2.72,2.89,2.72,2.96,2.99,2.77,Liga I,,20210127_Poli-Iasi_UTA-Arad,-84.92106070496334,0.05,1.08,1,3,1,7,52.7,47.3,0,2,0,0,1,6
2021-01-28,CFR Cluj,Astra,1,1,1.41,4.0,8.13,1.48,3.97,9.05,Liga I,,20210128_CFR-Cluj_Astra,198.68938248566178,1.62,0.6,5,2,10,4,61.0,39.0,0,1,0,0,6,6
2021-01-28,FC Hermannstadt,Chindia Targoviste,1,1,2.67,2.8,2.87,2.81,2.85,3.07,Liga I,,20210128_FC-Hermannstadt_Chindia-Targoviste,-38.51674784316924,1.05,0.98,4,3,12,7,54.0,46.0,1,0,0,0,5,3
2021-01-29,U Craiova,FC Arges,1,1,1.49,3.77,6.87,1.54,3.87,7.65,Liga I,,20210129_U-Craiova_FC-Arges,141.73841557148376,0.05,0.69,1,2,3,5,58.8,41.2,2,0,0,0,6,2
2021-01-30,FCSB,Poli Iasi,3,1,1.21,5.81,11.84,1.21,6.43,15.69,Liga I,,20210130_FCSB_Poli-Iasi,247.7787581718594,1.42,1.06,3,4,6,9,56.5,43.5,1,2,0,0,2,7
2021-01-30,Gaz Metan Medias,Academica Clinceni,1,1,2.35,3.08,3.03,2.39,3.24,3.26,Liga I,,20210130_Gaz-Metan-Medias_Academica-Clinceni,-35.31793500285926,1.68,1.28,3,4,8,7,52.5,47.5,2,1,0,0,3,5
2021-01-30,Sepsi Sf. Gheorghe,FC Voluntari,2,2,1.51,3.74,6.55,1.56,3.9,7.16,Liga I,,20210130_Sepsi-Sf.-Gheorghe_FC-Voluntari,142.56796549135356,1.17,0.37,3,2,8,6,53.0,47.0,4,1,0,0,5,5
2021-01-31,Astra,Viitorul Constanta,1,1,3.54,3.34,2.01,3.85,3.55,2.03,Liga I,,20210131_Astra_Viitorul-Constanta,-10.38964426999837,0.95,0.63,3,3,5,6,45.6,54.4,2,1,0,0,2,8
2021-01-31,FC Botosani,FC Hermannstadt,1,0,1.71,3.28,5.2,1.72,3.46,5.95,Liga I,,20210131_FC-Botosani_FC-Hermannstadt,72.64125899323494,2.23,0.78,8,2,16,3,53.4,46.6,0,1,0,0,6,5
2021-01-31,UTA Arad,Din. Bucuresti,0,1,2.47,2.97,2.94,2.55,3.12,3.13,Liga I,,20210131_UTA-Arad_Din.-Bucuresti,23.68962868509766,0.73,0.05,4,1,8,1,52.6,47.4,0,0,0,0,7,2
2021-02-01,Chindia Targoviste,CFR Cluj,0,1,4.81,3.04,1.84,5.26,3.06,1.93,Liga I,,20210201_Chindia-Targoviste_CFR-Cluj,-217.1409337988989,1.05,1.01,2,2,3,3,38.8,61.2,2,4,0,0,4,5
2021-02-02,Poli Iasi,U Craiova,0,3,6.36,3.77,1.52,7.32,3.92,1.55,Liga I,,20210202_Poli-Iasi_U-Craiova,-238.48985166216175,0.72,1.01,4,4,8,8,38.1,61.9,2,0,0,0,6,4
2021-02-03,Din. Bucuresti,FCSB,0,1,6.84,4.1,1.45,7.74,4.14,1.5,Liga I,,20210203_Din.-Bucuresti_FCSB,-160.13053760288153,0.05,1.49,1,4,3,10,43.2,56.8,0,1,0,0,2,8
2021-02-03,FC Hermannstadt,Gaz Metan Medias,1,1,2.96,3.0,2.44,3.13,3.07,2.58,Liga I,,20210203_FC-Hermannstadt_Gaz-Metan-Medias,-35.525595440688676,1.84,1.29,7,5,15,9,51.9,48.1,1,1,0,0,11,11
2021-02-03,FC Voluntari,Astra,1,3,3.17,3.19,2.22,3.28,3.37,2.32,Liga I,,20210203_FC-Voluntari_Astra,-107.92685696047556,0.08,2.74,2,7,4,16,44.1,55.9,4,2,0,0,4,9
2021-02-04,Academica Clinceni,UTA Arad,0,3,2.37,2.9,3.17,2.52,3.04,3.26,Liga I,,20210204_Academica-Clinceni_UTA-Arad,30.939627939041202,0.89,1.55,4,5,12,11,54.0,46.0,1,3,0,0,4,4
2021-02-04,CFR Cluj,Viitorul Constanta,2,1,1.6,3.51,5.76,1.66,3.54,6.53,Liga I,,20210204_CFR-Cluj_Viitorul-Constanta,181.60180948039056,1.5,1.0,5,1,10,3,49.6,50.4,1,2,1,0,6,5
2021-02-04,Chindia Targoviste,FC Botosani,2,3,2.85,2.9,2.6,2.98,2.98,2.76,Liga I,,20210204_Chindia-Targoviste_FC-Botosani,-51.646251657030916,0.5,1.91,4,6,8,15,48.0,52.0,2,1,0,0,5,4
2021-02-05,Sepsi Sf. Gheorghe,Poli Iasi,3,3,1.5,4.04,6.08,1.5,4.47,6.84,Liga I,,20210205_Sepsi-Sf.-Gheorghe_Poli-Iasi,164.29600630778145,1.59,1.27,5,3,10,8,52.1,47.9,0,1,0,0,3,5
2021-02-06,Astra,FC Arges,0,2,2.21,3.11,3.28,2.35,3.18,3.41,Liga I,,20210206_Astra_FC-Arges,36.48813163933505,0.8,1.67,4,4,6,7,50.2,49.8,3,2,0,0,6,4
2021-02-06,U Craiova,Din. Bucuresti,1,0,1.52,3.89,6.07,1.54,4.06,7.0,Liga I,,20210206_U-Craiova_Din.-Bucuresti,153.22747491682935,0.34,0.58,1,2,3,4,54.8,45.2,1,0,0,0,4,1
2021-02-07,FCSB,Academica Clinceni,0,1,1.29,5.13,9.18,1.3,5.6,11.08,Liga I,,20210207_FCSB_Academica-Clinceni,151.03123392559473,0.05,1.01,1,4,4,8,60.5,39.5,0,1,0,0,3,6
2021-02-07,Gaz Metan Medias,Chindia Targoviste,1,0,2.66,2.82,2.86,2.83,2.89,3.0,Liga I,,20210207_Gaz-Metan-Medias_Chindia-Targoviste,4.483081085450749,1.16,0.61,4,2,9,3,43.5,56.5,2,0,0,0,4,5
2021-02-07,UTA Arad,FC Hermannstadt,1,1,2.17,2.98,3.51,2.21,3.16,3.79,Liga I,,20210207_UTA-Arad_FC-Hermannstadt,49.31564363964435,1.26,1.24,4,3,10,9,53.6,46.4,3,1,0,0,5,2
2021-02-08,FC Botosani,CFR Cluj,2,1,3.82,3.01,2.05,4.16,3.13,2.11,Liga I,,20210208_FC-Botosani_CFR-Cluj,-172.19806458429412,1.65,1.82,5,5,10,12,47.4,52.6,0,3,0,0,6,8
2021-02-08,Viitorul Constanta,FC Voluntari,0,1,1.54,3.75,6.16,1.57,3.92,6.86,Liga I,,20210208_Viitorul-Constanta_FC-Voluntari,119.74411063046159,1.62,0.84,7,3,15,6,55.5,44.5,3,1,0,0,8,5
2021-02-12,FC Arges,Viitorul Constanta,1,0,3.57,2.94,2.17,3.91,3.03,2.23,Liga I,,20210212_FC-Arges_Viitorul-Constanta,-2.294688595631669,1.61,0.12,5,1,10,4,50.8,49.2,3,1,0,0,8,7
2021-02-13,Chindia Targoviste,UTA Arad,1,1,2.32,2.82,3.4,2.41,2.9,3.65,Liga I,,20210213_Chindia-Targoviste_UTA-Arad,-30.871847743152102,1.31,0.3,5,3,12,6,48.7,51.3,1,0,0,1,7,3
2021-02-13,Din. Bucuresti,Sepsi Sf. Gheorghe,0,0,2.93,3.11,2.39,3.07,3.23,2.52,Liga I,,20210213_Din.-Bucuresti_Sepsi-Sf.-Gheorghe,-71.06980716961743,0.28,1.3,2,6,3,12,45.9,54.1,3,3,0,0,4,5
2021-02-14,Academica Clinceni,Univ. Craiova,0,0,4.87,3.51,1.7,5.43,3.65,1.73,Liga I,,20210214_Academica-Clinceni_Univ.-Craiova,13.50631931724115,0.27,0.05,1,1,2,2,52.5,47.5,2,1,0,0,4,7
2021-02-14,FC Hermannstadt,FCSB,1,0,8.31,4.62,1.34,9.63,4.83,1.37,Liga I,,20210214_FC-Hermannstadt_FCSB,-186.55202067850723,0.69,0.85,2,3,2,8,38.1,61.9,2,3,1,0,0,4
2021-02-14,Poli Iasi,Astra,2,3,3.1,3.19,2.25,3.31,3.38,2.3,Liga I,,20210214_Poli-Iasi_Astra,-128.83108768744114,1.45,0.99,5,3,10,6,45.1,54.9,2,3,0,0,5,3
2021-02-15,CFR Cluj,FC Voluntari,0,0,1.29,4.79,10.4,1.29,5.22,13.46,Liga I,,20210215_CFR-Cluj_FC-Voluntari,280.3477946840667,0.57,0.62,0,2,3,7,52.7,47.3,5,5,0,0,2,7
2021-02-15,FC Botosani,Gaz Metan Medias,2,1,1.83,3.31,4.35,1.87,3.42,4.79,Liga I,,20210215_FC-Botosani_Gaz-Metan-Medias,73.28049495757887,0.89,0.44,4,2,9,5,59.8,40.2,3,2,1,0,2,1
2021-02-16,FC Arges,Sepsi Sf. Gheorghe,1,1,3.59,2.75,2.28,3.89,2.8,2.39,Liga I,,20210216_FC-Arges_Sepsi-Sf.-Gheorghe,-20.368922061456942,0.05,1.16,1,4,3,8,54.9,45.1,1,3,0,0,1,6
2021-02-19,FC Voluntari,FC Arges,0,1,2.92,2.86,2.57,3.13,2.95,2.67,Liga I,,20210219_FC-Voluntari_FC-Arges,-90.2578676002679,0.85,0.93,3,4,8,8,42.1,57.9,1,0,0,0,8,4
2021-02-19,Univ. Craiova,FC Hermannstadt,1,0,1.43,4.03,7.47,1.45,4.3,8.51,Liga I,,20210219_Univ.-Craiova_FC-Hermannstadt,38.414564159052816,0.91,0.65,3,3,8,7,54.6,45.4,2,2,0,0,5,4
2021-02-20,FCSB,Chindia Targoviste,1,0,1.48,3.95,6.56,1.53,4.02,7.46,Liga I,,20210220_FCSB_Chindia-Targoviste,152.54063813794687,1.62,0.93,6,3,12,6,61.7,38.3,2,0,0,0,5,5
2021-02-20,Sepsi Sf. Gheorghe,Academica Clinceni,0,0,1.89,3.2,4.2,1.94,3.32,4.57,Liga I,,20210220_Sepsi-Sf.-Gheorghe_Academica-Clinceni,21.715520975456684,0.38,1.07,2,3,5,8,49.4,50.6,0,1,0,0,2,2
2021-02-21,Astra,Din. Bucuresti,2,0,2.86,3.04,2.48,3.01,3.13,2.62,Liga I,,20210221_Astra_Din.-Bucuresti,51.50014067859752,1.43,1.73,4,6,10,13,60.0,40.0,2,2,0,0,7,4
2021-02-21,Gaz Metan Medias,CFR Cluj,0,1,6.51,3.66,1.53,7.51,3.78,1.56,Liga I,,20210221_Gaz-Metan-Medias_CFR-Cluj,-211.96177458576608,0.35,0.91,3,3,8,7,50.6,49.4,3,2,0,0,3,5
2021-02-22,UTA Arad,FC Botosani,0,0,3.39,3.1,2.16,3.45,3.23,2.3,Liga I,,20210222_UTA-Arad_FC-Botosani,-81.15140101984571,0.05,0.86,3,4,5,9,52.5,47.5,4,0,0,0,2,2
2021-02-26,Din. Bucuresti,Viitorul Constanta,0,5,2.96,3.03,2.43,3.06,3.17,2.56,Liga I,,20210226_Din.-Bucuresti_Viitorul-Constanta,-34.22924491828394,0.05,1.58,2,5,6,10,43.5,56.5,1,2,0,0,6,4
2021-02-27,Academica Clinceni,Astra,1,1,2.67,2.9,2.77,2.83,2.99,2.9,Liga I,,20210227_Academica-Clinceni_Astra,-17.175658880343235,0.9,0.37,3,2,6,3,49.9,50.1,4,3,0,0,4,1
2021-02-27,Chindia Targoviste,Univ. Craiova,1,0,4.15,3.1,1.94,4.63,3.13,2.0,Liga I,,20210227_Chindia-Targoviste_Univ.-Craiova,-57.903550902108236,1.59,1.15,6,4,14,9,44.5,55.5,2,2,0,0,4,6
2021-02-27,Gaz Metan Medias,UTA Arad,1,2,2.34,3.03,3.08,2.46,3.17,3.22,Liga I,,20210227_Gaz-Metan-Medias_UTA-Arad,-19.363636881603725,0.37,1.15,1,3,2,7,50.3,49.7,3,1,0,0,1,3
2021-02-28,FC Botosani,FCSB,0,2,3.76,3.27,1.96,3.96,3.44,2.04,Liga I,,20210228_FC-Botosani_FCSB,-52.443080625968605,0.05,1.47,2,5,3,12,44.6,55.4,4,1,0,0,1,5
2021-02-28,FC Hermannstadt,Sepsi Sf. Gheorghe,1,2,3.58,2.99,2.14,3.83,3.02,2.26,Liga I,,20210228_FC-Hermannstadt_Sepsi-Sf.-Gheorghe,-82.63342654156236,1.28,1.35,4,4,8,8,49.6,50.4,0,1,0,0,3,2
2021-03-01,CFR Cluj,FC Arges,5,0,1.4,4.03,8.79,1.41,4.27,10.33,Liga I,,20210301_CFR-Cluj_FC-Arges,170.57976345068482,2.38,0.47,7,1,15,1,45.0,55.0,2,2,0,1,7,1
2021-03-01,Poli Iasi,FC Voluntari,0,2,2.67,3.0,2.69,2.85,3.13,2.76,Liga I,,20210301_Poli-Iasi_FC-Voluntari,-40.1710968611178,1.45,1.63,5,7,11,15,49.6,50.4,1,4,0,0,7,6
2021-03-05,Sepsi Sf. Gheorghe,Chindia Targoviste,0,1,1.97,2.89,4.46,2.08,2.93,4.71,Liga I,,20210305_Sepsi-Sf.-Gheorghe_Chindia-Targoviste,75.98219905334713,0.05,0.49,0,2,0,6,44.1,55.9,4,0,0,0,2,7
2021-03-05,Viitorul Constanta,Academica Clinceni,1,1,1.81,3.33,4.45,1.81,3.51,5.03,Liga I,,20210305_Viitorul-Constanta_Academica-Clinceni,-10.334730802583636,0.57,0.72,2,1,4,1,52.6,47.4,1,1,0,0,4,0
2021-03-06,UTA Arad,CFR Cluj,0,1,6.3,3.69,1.54,7.19,3.84,1.56,Liga I,,20210306_UTA-Arad_CFR-Cluj,-198.74611170742241,0.48,0.27,3,1,6,0,43.2,56.8,2,0,0,0,5,1
2021-03-06,Univ. Craiova,FC Botosani,1,0,2.01,3.12,3.85,2.05,3.23,4.22,Liga I,,20210306_Univ.-Craiova_FC-Botosani,-60.06479381669283,0.75,0.58,2,0,5,0,49.4,50.6,3,2,0,0,4,0
2021-03-07,Astra,FC Hermannstadt,2,1,2.33,2.96,3.21,2.4,3.05,3.46,Liga I,,20210307_Astra_FC-Hermannstadt,88.19749302111154,0.16,1.12,2,3,6,8,47.2,52.8,0,0,0,0,5,4
2021-03-07,FCSB,Gaz Metan Medias,1,0,1.3,4.84,10.02,1.31,5.2,11.99,Liga I,,20210307_FCSB_Gaz-Metan-Medias,168.98635176347216,1.41,0.05,4,1,10,0,54.4,45.6,2,3,0,1,7,1
2021-03-08,FC Arges,Poli Iasi,2,1,2.03,3.11,3.81,2.1,3.12,4.2,Liga I,,20210308_FC-Arges_Poli-Iasi,152.40924473031828,1.04,1.07,4,3,9,7,54.2,45.8,1,3,1,0,8,4
2021-03-08,FC Voluntari,Din. Bucuresti,1,1,3.19,2.99,2.33,3.44,3.01,2.44,Liga I,,20210308_FC-Voluntari_Din.-Bucuresti,-20.972715200002085,1.5,0.28,6,1,11,4,49.9,50.1,4,2,0,0,7,7
2021-03-12,Gaz Metan Medias,Univ. Craiova,0,2,5.21,3.48,1.67,5.89,3.69,1.68,Liga I,,20210312_Gaz-Metan-Medias_Univ.-Craiova,-56.711913366163344,0.76,0.65,3,2,6,6,45.2,54.8,6,1,0,0,5,4
2021-03-13,Academica Clinceni,FC Voluntari,0,1,2.14,3.0,3.62,2.24,3.04,3.89,Liga I,,20210313_Academica-Clinceni_FC-Voluntari,86.09950173888433,1.12,1.11,4,3,9,6,57.2,42.8,0,0,0,0,11,7
2021-03-13,FC Hermannstadt,Viitorul Constanta,0,0,3.49,3.04,2.15,3.75,3.13,2.23,Liga I,,20210313_FC-Hermannstadt_Viitorul-Constanta,-71.24699103907892,0.07,0.74,0,3,1,5,40.5,59.5,4,1,0,0,2,2
2021-03-13,UTA Arad,FCSB,0,1,5.76,3.71,1.57,6.31,3.89,1.61,Liga I,,20210313_UTA-Arad_FCSB,-139.34059731849993,0.71,1.9,2,6,6,14,48.5,51.5,0,2,0,0,4,5
2021-03-14,CFR Cluj,Poli Iasi,4,0,1.19,5.88,16.34,1.17,7.05,24.08,Liga I,,20210314_CFR-Cluj_Poli-Iasi,348.9166480800975,1.72,1.33,5,3,11,6,68.7,31.3,1,1,0,0,7,4
2021-03-14,Chindia Targoviste,Astra,0,1,2.38,2.82,3.28,2.51,2.88,3.48,Liga I,,20210314_Chindia-Targoviste_Astra,-57.58340883162737,0.76,1.36,3,4,6,9,51.1,48.9,1,4,0,0,3,5
2021-03-15,Din. Bucuresti,FC Arges,1,2,2.56,2.78,3.04,2.77,2.84,3.12,Liga I,,20210315_Din.-Bucuresti_FC-Arges,-77.80105992443237,0.64,1.45,3,6,5,12,41.0,59.0,2,2,0,0,5,3
2021-03-15,FC Botosani,Sepsi Sf. Gheorghe,1,2,2.46,2.78,3.21,2.63,2.83,3.34,Liga I,,20210315_FC-Botosani_Sepsi-Sf.-Gheorghe,14.552074211208492,1.79,1.03,7,3,17,6,52.1,47.9,1,0,0,0,6,3
2021-03-16,Univ. Craiova,UTA Arad,2,0,1.48,3.77,7.23,1.51,4.0,8.07,Liga I,,20210316_Univ.-Craiova_UTA-Arad,31.386561893198405,1.87,1.46,7,4,15,10,54.3,45.7,1,4,0,0,4,8
2021-03-17,Viitorul Constanta,Chindia Targoviste,0,0,1.88,3.06,4.5,1.88,3.19,5.25,Liga I,,20210317_Viitorul-Constanta_Chindia-Targoviste,30.200084208428734,0.1,0.6,0,1,0,2,56.8,43.2,0,0,0,0,2,4
2021-03-18,Astra,FC Botosani,1,1,2.91,2.86,2.59,3.15,2.93,2.68,Liga I,,20210318_Astra_FC-Botosani,18.747163564001312,1.61,0.94,5,2,11,5,46.6,53.4,1,3,0,0,8,2
2021-03-19,FC Voluntari,FC Hermannstadt,1,0,2.97,2.81,2.6,3.12,2.9,2.72,Liga I,,20210319_FC-Voluntari_FC-Hermannstadt,7.256027282224068,0.72,1.08,3,3,7,6,46.1,53.9,1,0,0,0,6,2
2021-03-19,FCSB,CFR Cluj,3,0,2.71,2.83,2.81,2.83,2.95,2.93,Liga I,,20210319_FCSB_CFR-Cluj,-66.4106872949144,1.38,1.42,4,6,7,12,51.8,48.2,1,1,0,0,6,11
2021-03-20,FC Arges,Academica Clinceni,1,1,2.52,2.91,2.96,2.55,3.01,3.24,Liga I,,20210320_FC-Arges_Academica-Clinceni,35.49852103865351,0.7,0.14,2,1,4,0,55.6,44.4,2,2,0,0,2,1
2021-03-20,Poli Iasi,Din. Bucuresti,1,0,3.73,3.18,2.02,3.86,3.29,2.12,Liga I,,20210320_Poli-Iasi_Din.-Bucuresti,-82.18978725574084,0.22,1.5,1,4,1,9,36.8,63.2,1,0,0,0,3,7
2021-03-21,Sepsi Sf. Gheorghe,Gaz Metan Medias,1,1,1.76,3.32,4.78,1.79,3.45,5.32,Liga I,,20210321_Sepsi-Sf.-Gheorghe_Gaz-Metan-Medias,96.67712164713203,1.26,0.22,5,1,10,1,62.2,37.8,2,1,0,0,6,2
2021-04-02,Academica Clinceni,Poli Iasi,2,1,1.62,3.52,5.69,1.7,3.6,5.82,Liga I,,20210402_Academica-Clinceni_Poli-Iasi,129.64096983799936,0.94,0.73,3,1,6,1,49.1,50.9,0,4,0,0,3,1
2021-04-02,Gaz Metan Medias,Astra,0,0,3.07,2.92,2.44,3.26,3.02,2.53,Liga I,,20210402_Gaz-Metan-Medias_Astra,-101.06933159202367,0.42,1.62,3,6,6,12,52.1,47.9,1,2,0,0,2,9
2021-04-03,FC Hermannstadt,FC Arges,4,1,2.5,2.8,3.12,2.61,2.89,3.28,Liga I,,20210403_FC-Hermannstadt_FC-Arges,-109.55293433646898,1.65,2.01,4,7,9,15,39.1,60.9,1,3,0,0,3,8
2021-04-04,FC Botosani,Viitorul Constanta,1,0,2.03,3.15,3.75,2.13,3.24,3.91,Liga I,,20210404_FC-Botosani_Viitorul-Constanta,30.381797194729415,0.05,1.55,1,4,4,10,60.1,39.9,4,1,0,0,3,4
2021-04-04,FCSB,Univ. Craiova,0,0,2.15,3.03,3.54,2.21,3.12,3.84,Liga I,,20210404_FCSB_Univ.-Craiova,126.16094008230903,0.54,0.05,2,0,4,1,53.0,47.0,5,3,0,0,5,2
2021-04-04,UTA Arad,Sepsi Sf. Gheorghe,2,0,3.59,2.9,2.19,3.96,3.0,2.23,Liga I,,20210404_UTA-Arad_Sepsi-Sf.-Gheorghe,-58.89823313571492,0.17,0.32,2,0,3,1,52.6,47.4,0,3,0,0,1,2
2021-04-05,CFR Cluj,Din. Bucuresti,1,0,1.33,4.58,9.54,1.35,4.77,11.56,Liga I,,20210405_CFR-Cluj_Din.-Bucuresti,272.92650327840374,1.17,0.19,3,0,7,1,61.1,38.9,2,1,0,0,4,1
2021-04-05,Chindia Targoviste,FC Voluntari,1,0,1.96,2.97,4.36,1.97,3.11,4.86,Liga I,,20210405_Chindia-Targoviste_FC-Voluntari,18.2281904179315,1.18,0.43,4,1,9,3,50.4,49.6,2,2,0,0,7,3
2021-04-08,Viitorul Constanta,Poli Iasi,1,2,1.5,4.04,6.15,1.53,4.29,6.66,Liga I,,20210408_Viitorul-Constanta_Poli-Iasi,127.01103533809555,1.22,1.9,3,5,7,10,57.4,42.6,1,1,0,0,4,6
2021-04-09,Astra,UTA Arad,0,0,2.5,2.99,2.92,2.56,3.16,3.07,Liga I,,20210409_Astra_UTA-Arad,52.390904291280094,0.14,0.83,1,0,3,0,49.1,50.9,1,0,0,0,2,2
2021-04-09,Din. Bucuresti,Academica Clinceni,1,3,3.4,2.86,2.31,3.54,3.0,2.4,Liga I,,20210409_Din.-Bucuresti_Academica-Clinceni,-88.87373757311934,1.7,1.9,6,5,11,12,46.8,53.2,0,1,0,0,7,9
2021-04-09,FC Arges,Chindia Targoviste,3,1,3.06,2.64,2.69,3.19,2.68,2.89,Liga I,,20210409_FC-Arges_Chindia-Targoviste,33.535659407096546,1.0,1.51,5,5,11,9,58.2,41.8,0,2,0,0,2,6
2021-04-09,FC Voluntari,FC Botosani,1,1,3.81,3.17,2.01,4.01,3.27,2.09,Liga I,,20210409_FC-Voluntari_FC-Botosani,-99.05347618225437,0.96,0.45,2,1,5,2,52.4,47.6,1,3,0,1,3,0
2021-04-10,Sepsi Sf. Gheorghe,FCSB,1,1,3.72,3.05,2.09,4.01,3.18,2.13,Liga I,,20210410_Sepsi-Sf.-Gheorghe_FCSB,-130.32653311144077,0.72,1.15,2,4,5,10,41.2,58.8,2,1,0,0,8,8
2021-04-11,Univ. Craiova,CFR Cluj,0,0,2.68,2.78,2.91,2.79,2.88,3.06,Liga I,,20210411_Univ.-Craiova_CFR-Cluj,-163.99315151191558,1.26,0.25,4,0,10,0,47.4,52.6,2,0,0,0,4,3
2021-04-12,Poli Iasi,FC Hermannstadt,1,0,3.36,3.18,2.16,3.54,3.34,2.21,Liga I,,20210412_Poli-Iasi_FC-Hermannstadt,-60.32403145497551,1.06,0.32,4,0,11,0,49.6,50.4,3,1,0,0,5,0
2021-04-12,Viitorul Constanta,Gaz Metan Medias,0,2,1.96,3.22,3.9,1.95,3.38,4.39,Liga I,,20210412_Viitorul-Constanta_Gaz-Metan-Medias,22.683942233238668,0.99,0.98,2,2,1,5,54.1,45.9,5,1,0,0,3,5
2021-04-16,Astra,Din. Bucuresti,0,0,2.54,2.82,3.03,2.67,2.87,3.22,Liga I,,20210416_Astra_Din.-Bucuresti,133.39806482327253,1.68,0.54,4,1,8,1,53.8,46.2,1,2,0,0,10,3
2021-04-16,UTA Arad,Viitorul Constanta,1,0,2.52,3.09,2.8,2.53,3.27,3.01,Liga I,,20210416_UTA-Arad_Viitorul-Constanta,33.78164396433226,1.12,0.73,3,2,7,5,48.6,51.4,2,3,0,0,5,5
2021-04-17,Chindia Targoviste,FC Hermannstadt,2,0,2.36,2.86,3.29,2.45,2.98,3.45,Liga I,,20210417_Chindia-Targoviste_FC-Hermannstadt,47.90837203854812,1.63,0.22,5,1,10,1,52.8,47.2,1,4,0,0,6,1
2021-04-17,Gaz Metan Medias,FC Voluntari,1,1,2.49,2.89,3.03,2.61,2.98,3.18,Liga I,,20210417_Gaz-Metan-Medias_FC-Voluntari,17.330758131119183,0.36,0.95,2,3,4,6,61.4,38.6,2,2,0,0,5,5
2021-04-17,Univ. Craiova,Sepsi Sf. Gheorghe,0,0,1.8,3.09,5.11,1.81,3.22,5.74,Liga I,,20210417_Univ.-Craiova_Sepsi-Sf.-Gheorghe,13.493049953436412,0.63,1.29,2,3,4,5,40.2,59.8,1,2,0,0,4,8
2021-04-18,CFR Cluj,Academica Clinceni,3,0,1.36,4.23,9.11,1.38,4.54,10.38,Liga I,,20210418_CFR-Cluj_Academica-Clinceni,178.0381688800619,1.23,0.26,3,1,8,2,55.4,44.6,1,0,0,0,5,2
2021-04-18,FC Arges,Poli Iasi,0,0,1.86,3.31,4.23,1.83,3.59,4.75,Liga I,,20210418_FC-Arges_Poli-Iasi,135.33300727708752,1.61,1.4,5,3,9,4,59.8,40.2,1,2,0,0,9,5
2021-04-18,FCSB,FC Botosani,2,1,1.7,3.58,4.83,1.76,3.64,5.15,Liga I,,20210418_FCSB_FC-Botosani,110.93834813356148,1.45,0.66,4,3,9,8,48.6,51.4,2,3,0,0,8,4
2021-04-20,Din. Bucuresti,UTA Arad,0,1,2.34,2.93,3.21,2.45,3.05,3.37,Liga I,,20210420_Din.-Bucuresti_UTA-Arad,-91.04229916584745,0.65,1.36,3,5,4,11,44.9,55.1,0,4,0,0,5,13
2021-04-20,FC Hermannstadt,Astra,1,3,2.5,2.81,3.11,2.51,2.91,3.43,Liga I,,20210420_FC-Hermannstadt_Astra,-124.10768014767746,0.09,0.77,2,3,6,4,48.1,51.9,2,1,0,0,2,5
2021-04-20,Viitorul Constanta,Gaz Metan Medias,1,0,1.9,3.2,4.16,1.94,3.28,4.62,Liga I,,20210420_Viitorul-Constanta_Gaz-Metan-Medias,-13.1195854479015,0.05,0.88,1,1,4,2,46.5,53.5,2,2,0,0,2,2
2021-04-21,FC Arges,Chindia Targoviste,0,1,2.55,2.64,3.23,2.65,2.73,3.45,Liga I,,20210421_FC-Arges_Chindia-Targoviste,40.41920075408393,0.86,1.38,2,4,5,7,50.4,49.6,0,3,0,0,1,2
2021-04-21,FC Botosani,Univ. Craiova,1,1,3.66,2.92,2.17,3.92,3.06,2.21,Liga I,,20210421_FC-Botosani_Univ.-Craiova,-10.535388621444099,1.18,0.56,4,2,7,2,51.9,48.1,0,0,0,0,6,3
2021-04-21,Sepsi Sf. Gheorghe,CFR Cluj,0,1,4.45,3.22,1.85,4.72,3.36,1.9,Liga I,,20210421_Sepsi-Sf.-Gheorghe_CFR-Cluj,-172.80258794155293,0.25,0.67,0,1,1,3,45.6,54.4,2,2,0,0,1,5
2021-04-22,Academica Clinceni,FCSB,0,2,6.39,3.79,1.52,7.32,3.9,1.55,Liga I,,20210422_Academica-Clinceni_FCSB,-147.4627173126562,0.8,1.19,1,4,1,9,41.8,58.2,1,0,0,0,2,6
2021-04-22,Poli Iasi,FC Voluntari,0,1,3.09,3.0,2.37,3.3,3.19,2.4,Liga I,,20210422_Poli-Iasi_FC-Voluntari,-49.460003800010554,1.58,1.51,5,4,12,10,43.2,56.8,1,2,0,0,8,10
2021-04-23,Gaz Metan Medias,Din. Bucuresti,4,1,2.83,2.82,2.69,3.01,2.93,2.78,Liga I,,20210423_Gaz-Metan-Medias_Din.-Bucuresti,45.17910827073888,2.02,1.87,6,6,12,13,57.5,42.5,1,0,0,0,10,11
2021-04-23,UTA Arad,FC Hermannstadt,0,1,2.39,2.97,3.12,2.52,3.06,3.24,Liga I,,20210423_UTA-Arad_FC-Hermannstadt,107.35161725864396,0.45,1.01,2,2,5,4,53.4,46.6,0,2,0,0,5,2
2021-04-24,Astra,FC Arges,0,1,2.71,2.82,2.85,2.92,2.91,2.88,Liga I,,20210424_Astra_FC-Arges,36.34539297296533,0.19,0.05,1,1,1,3,45.6,54.4,1,1,0,0,2,2
2021-04-24,CFR Cluj,Univ. Craiova,1,2,1.94,2.99,4.39,2.0,3.07,4.78,Liga I,,20210424_CFR-Cluj_Univ.-Craiova,167.0843884993476,1.5,0.92,2,3,4,7,51.7,48.3,1,2,0,0,3,4
2021-04-25,Chindia Targoviste,Poli Iasi,2,0,1.71,3.23,5.47,1.75,3.35,6.04,Liga I,,20210425_Chindia-Targoviste_Poli-Iasi,109.70402491340678,1.78,1.12,5,1,14,4,61.4,38.6,1,2,0,0,3,3
2021-04-25,FC Botosani,Academica Clinceni,2,1,1.89,3.15,4.35,1.95,3.24,4.66,Liga I,,20210425_FC-Botosani_Academica-Clinceni,27.49335557747827,0.66,0.8,2,3,5,7,43.6,56.4,1,1,0,0,2,7
2021-04-25,FCSB,Sepsi Sf. Gheorghe,1,2,1.97,3.04,4.16,2.03,3.05,4.69,Liga I,,20210425_FCSB_Sepsi-Sf.-Gheorghe,143.22289838163033,1.89,0.5,6,3,13,7,56.1,43.9,1,1,0,0,7,4
2021-04-26,FC Voluntari,Viitorul Constanta,1,0,2.95,2.83,2.59,3.22,2.97,2.6,Liga I,,20210426_FC-Voluntari_Viitorul-Constanta,-5.164758405917155,1.25,2.15,4,8,8,17,50.4,49.6,3,1,0,0,1,13
2021-04-27,FC Arges,UTA Arad,4,1,2.2,2.96,3.48,2.3,3.05,3.68,Liga I,,20210427_FC-Arges_UTA-Arad,25.02946018447369,0.76,0.43,4,1,9,4,52.9,47.1,0,5,0,0,8,3
2021-04-27,FC Hermannstadt,Gaz Metan Medias,1,2,2.58,2.69,3.13,2.69,2.82,3.26,Liga I,,20210427_FC-Hermannstadt_Gaz-Metan-Medias,-38.49147526366164,1.15,1.4,4,5,6,11,49.1,50.9,1,2,0,0,4,6
2021-04-28,CFR Cluj,FC Botosani,2,0,1.47,3.91,7.07,1.48,4.18,8.02,Liga I,,20210428_CFR-Cluj_FC-Botosani,148.47620947546488,0.72,0.54,2,2,4,2,57.7,42.3,4,2,1,0,2,4
2021-04-28,Chindia Targoviste,Astra,0,0,2.52,2.59,3.38,2.64,2.68,3.55,Liga I,,20210428_Chindia-Targoviste_Astra,-28.40224306612413,1.34,0.55,5,2,10,5,52.0,48.0,1,1,0,0,6,4
2021-04-28,Sepsi Sf. Gheorghe,Academica Clinceni,1,0,1.68,3.37,5.38,1.68,3.65,5.89,Liga I,,20210428_Sepsi-Sf.-Gheorghe_Academica-Clinceni,46.36079134501392,2.04,0.82,5,2,10,3,47.3,52.7,3,2,0,0,8,2
2021-04-29,Din. Bucuresti,FC Voluntari,2,0,2.33,2.99,3.18,2.42,3.08,3.4,Liga I,,20210429_Din.-Bucuresti_FC-Voluntari,-74.42727914882448,1.37,0.66,5,1,12,4,47.1,52.9,1,2,0,0,6,3
2021-04-29,Poli Iasi,Viitorul Constanta,0,3,4.06,3.33,1.88,4.32,3.45,1.94,Liga I,,20210429_Poli-Iasi_Viitorul-Constanta,-71.38476208075781,0.76,0.21,2,3,6,6,50.2,49.8,1,0,0,0,8,8
2021-04-29,Univ. Craiova,FCSB,2,0,2.45,3.08,2.9,2.54,3.2,3.06,Liga I,,20210429_Univ.-Craiova_FCSB,-90.49772919483598,1.17,0.45,2,1,3,3,52.7,47.3,1,1,0,0,1,4
2021-04-30,Gaz Metan Medias,FC Arges,1,1,2.9,2.8,2.66,3.05,2.89,2.78,Liga I,,20210430_Gaz-Metan-Medias_FC-Arges,-63.16236941825923,1.69,0.48,7,2,16,4,48.5,51.5,1,3,0,0,10,2
2021-05-01,FC Botosani,Sepsi Sf. Gheorghe,2,1,3.05,2.85,2.49,3.28,2.93,2.59,Liga I,,20210501_FC-Botosani_Sepsi-Sf.-Gheorghe,-14.333606422669163,0.94,0.2,3,1,6,3,46.6,53.4,4,1,0,0,4,3
2021-05-01,UTA Arad,Chindia Targoviste,0,1,2.36,2.84,3.29,2.43,2.87,3.65,Liga I,,20210501_UTA-Arad_Chindia-Targoviste,-18.58688250403634,0.82,0.83,3,3,6,8,50.0,50.0,3,4,1,0,3,2
2021-05-02,Academica Clinceni,Univ. Craiova,1,0,6.6,3.45,1.57,7.34,3.52,1.62,Liga I,,20210502_Academica-Clinceni_Univ.-Craiova,-91.18229072048189,1.67,0.97,6,2,13,5,51.0,49.0,2,3,0,0,7,5
2021-05-02,Astra,Poli Iasi,1,2,1.6,3.63,5.68,1.64,3.8,6.11,Liga I,,20210502_Astra_Poli-Iasi,163.36015045530826,1.39,1.03,3,3,8,6,57.5,42.5,1,2,0,0,4,5
2021-05-02,FC Voluntari,FC Hermannstadt,0,1,2.64,2.94,2.76,2.72,3.07,2.94,Liga I,,20210502_FC-Voluntari_FC-Hermannstadt,42.98698612420367,0.58,0.9,2,1,4,3,49.9,50.1,0,1,0,0,2,4
2021-05-02,Viitorul Constanta,Din. Bucuresti,1,2,1.94,3.29,3.89,1.98,3.4,4.24,Liga I,,20210502_Viitorul-Constanta_Din.-Bucuresti,50.27185660725263,0.68,0.81,2,2,3,6,53.0,47.0,0,2,0,0,2,5
2021-05-03,FCSB,CFR Cluj,1,1,2.88,2.94,2.55,3.03,3.03,2.69,Liga I,,20210503_FCSB_CFR-Cluj,-64.07899529955444,1.1,1.31,3,4,6,7,50.3,49.7,0,1,0,0,3,5
2021-05-04,Chindia Targoviste,Gaz Metan Medias,1,1,2.35,2.69,3.54,2.45,2.77,3.79,Liga I,,20210504_Chindia-Targoviste_Gaz-Metan-Medias,43.646593071094685,0.05,1.18,1,4,1,9,50.3,49.7,1,3,1,0,3,6
2021-05-05,Astra,UTA Arad,1,2,2.5,2.99,2.9,2.69,2.92,3.13,Liga I,,20210505_Astra_UTA-Arad,39.12995303459343,0.89,1.13,2,3,3,7,51.0,49.0,1,3,0,0,3,5
2021-05-05,FC Hermannstadt,Viitorul Constanta,0,0,2.78,2.88,2.7,2.92,2.93,2.86,Liga I,,20210505_FC-Hermannstadt_Viitorul-Constanta,-20.694092075667868,0.67,0.33,2,1,4,1,46.2,53.8,1,2,0,0,0,3
2021-05-05,Poli Iasi,Din. Bucuresti,1,2,4.92,3.55,1.68,5.32,3.8,1.71,Liga I,,20210505_Poli-Iasi_Din.-Bucuresti,-36.714150840100956,1.11,1.22,3,3,6,9,52.9,47.1,3,5,0,0,9,7
2021-05-05,Sepsi Sf. Gheorghe,Univ. Craiova,2,0,2.9,2.86,2.6,2.93,2.99,2.79,Liga I,,20210505_Sepsi-Sf.-Gheorghe_Univ.-Craiova,-21.420943344273383,1.43,0.05,5,0,13,0,50.1,49.9,0,2,0,1,10,2
2021-05-06,Academica Clinceni,CFR Cluj,0,1,9.78,4.72,1.31,11.04,4.96,1.34,Liga I,,20210506_Academica-Clinceni_CFR-Cluj,-198.3778869520413,1.06,1.41,4,6,9,14,38.8,61.2,4,1,0,0,2,7
2021-05-06,FC Arges,FC Voluntari,3,0,2.21,2.92,3.51,2.3,2.97,3.81,Liga I,,20210506_FC-Arges_FC-Voluntari,91.33814342212736,2.2,0.95,8,3,19,7,55.1,44.9,3,3,0,0,8,4
2021-05-06,FC Botosani,FCSB,1,3,4.34,3.26,1.85,4.87,3.36,1.88,Liga I,,20210506_FC-Botosani_FCSB,-88.41640121986984,1.09,1.18,3,3,7,7,48.2,51.8,1,1,0,0,11,3
2021-05-08,Din. Bucuresti,FC Hermannstadt,2,0,2.08,3.19,3.55,2.15,3.3,3.76,Liga I,,20210508_Din.-Bucuresti_FC-Hermannstadt,7.893591146785184,1.81,0.95,5,3,10,6,47.2,52.8,2,1,0,0,7,7
2021-05-08,Gaz Metan Medias,Astra,2,1,2.58,2.86,2.94,2.74,2.99,2.99,Liga I,,20210508_Gaz-Metan-Medias_Astra,-26.62694189365766,1.17,1.13,4,5,9,11,41.9,58.1,2,0,0,0,1,6
2021-05-09,UTA Arad,Poli Iasi,1,2,1.46,3.98,6.96,1.51,4.13,7.55,Liga I,,20210509_UTA-Arad_Poli-Iasi,113.7922148959401,0.48,0.37,1,2,5,7,59.2,40.8,3,3,0,0,4,6
2021-05-09,Univ. Craiova,FC Botosani,2,3,1.72,3.42,4.91,1.74,3.64,5.38,Liga I,,20210509_Univ.-Craiova_FC-Botosani,7.03652792938783,0.69,1.82,2,6,5,16,49.6,50.4,5,3,0,0,1,11
2021-05-09,Viitorul Constanta,FC Arges,1,0,2.08,3.1,3.63,2.13,3.21,3.95,Liga I,,20210509_Viitorul-Constanta_FC-Arges,-96.30658058682093,0.75,0.05,2,0,5,0,48.0,52.0,2,2,0,0,5,2
2021-05-10,CFR Cluj,Sepsi Sf. Gheorghe,0,1,1.6,3.45,6.14,1.65,3.52,6.85,Liga I,,20210510_CFR-Cluj_Sepsi-Sf.-Gheorghe,151.842616723211,0.42,0.52,2,1,4,1,63.4,36.6,2,2,0,0,2,0
2021-05-10,FC Voluntari,Chindia Targoviste,0,0,2.67,2.68,3.02,2.79,2.77,3.19,Liga I,,20210510_FC-Voluntari_Chindia-Targoviste,-83.55442442134904,0.82,0.05,2,0,5,0,53.8,46.2,3,1,0,0,6,4
2021-05-10,FCSB,Academica Clinceni,2,2,1.22,5.59,12.84,1.22,6.18,16.93,Liga I,,20210510_FCSB_Academica-Clinceni,153.49333902190006,1.3,1.41,2,5,5,12,56.9,43.1,1,2,0,0,3,6
2021-05-14,Academica Clinceni,FC Botosani,4,3,3.86,3.21,1.98,3.97,3.39,2.01,Liga I,,20210514_Academica-Clinceni_FC-Botosani,-54.31749052800251,1.5,1.81,6,5,16,11,49.4,50.6,2,1,0,0,8,5
2021-05-14,Chindia Targoviste,Viitorul Constanta,0,2,4.2,2.97,1.99,4.48,3.14,1.99,Liga I,,20210514_Chindia-Targoviste_Viitorul-Constanta,52.615684906096476,0.4,0.05,2,2,5,4,50.6,49.4,3,1,0,0,6,3
2021-05-15,Astra,FC Voluntari,0,3,2.28,3.08,3.19,2.37,3.12,3.32,Liga I,,20210515_Astra_FC-Voluntari,53.78465580955003,0.69,1.02,3,3,5,9,50.2,49.8,2,0,0,0,5,8
2021-05-15,Poli Iasi,FC Hermannstadt,0,1,3.6,3.24,2.04,3.73,3.27,2.13,Liga I,,20210515_Poli-Iasi_FC-Hermannstadt,-22.770930977082344,0.8,0.84,3,5,9,10,45.9,54.1,2,5,0,0,2,8
2021-05-15,Univ. Craiova,CFR Cluj,1,3,3.38,2.88,2.31,3.53,2.91,2.4,Liga I,,20210515_Univ.-Craiova_CFR-Cluj,-151.20827078418415,1.22,1.16,4,4,6,9,53.5,46.5,2,1,0,1,6,7
2021-05-16,FC Arges,Din. Bucuresti,1,2,3.06,2.78,2.57,2.99,2.79,2.85,Liga I,,20210516_FC-Arges_Din.-Bucuresti,80.70820280461476,1.04,2.02,3,6,5,13,53.9,46.1,1,3,0,0,2,4
2021-05-16,Sepsi Sf. Gheorghe,FCSB,2,2,3.01,3.05,2.4,3.15,3.09,2.48,Liga I,,20210516_Sepsi-Sf.-Gheorghe_FCSB,-73.42815612808067,1.27,1.13,4,2,8,4,42.1,57.9,1,2,0,0,4,1
2021-05-16,UTA Arad,Gaz Metan Medias,1,0,2.04,3.17,3.69,2.03,3.37,3.93,Liga I,,20210516_UTA-Arad_Gaz-Metan-Medias,-14.524737419875237,1.07,1.07,4,5,9,12,48.4,51.6,2,1,0,0,8,5
2021-05-18,FC Botosani,CFR Cluj,0,1,6.16,3.99,1.51,6.59,4.2,1.53,Liga I,,20210518_FC-Botosani_CFR-Cluj,-154.70370413040837,0.53,1.04,2,3,4,7,34.6,65.4,3,1,0,0,4,7
2021-05-19,Din. Bucuresti,Chindia Targoviste,0,0,1.75,3.39,4.78,1.79,3.47,5.12,Liga I,,20210519_Din.-Bucuresti_Chindia-Targoviste,-38.962626255186024,0.85,0.25,3,0,7,0,51.9,48.1,1,3,0,0,5,0
2021-05-19,FC Hermannstadt,FC Arges,1,0,2.25,3.05,3.28,2.29,3.18,3.41,Liga I,,20210519_FC-Hermannstadt_FC-Arges,-86.10349266934008,0.52,1.43,2,4,5,7,50.7,49.3,0,1,0,0,3,5
2021-05-19,FC Voluntari,UTA Arad,0,0,2.07,3.41,3.34,2.05,3.56,3.63,Liga I,,20210519_FC-Voluntari_UTA-Arad,-37.127124643628804,0.19,1.86,0,5,0,11,45.4,54.6,1,1,0,1,4,7
2021-05-19,FCSB,Univ. Craiova,0,1,4.99,3.6,1.7,4.91,3.56,1.79,Liga I,,20210519_FCSB_Univ.-Craiova,111.24724382811974,1.02,0.05,2,1,6,2,53.3,46.7,1,1,0,0,4,4
2021-05-19,Gaz Metan Medias,Poli Iasi,4,2,1.23,5.47,12.65,1.23,5.92,15.14,Liga I,,20210519_Gaz-Metan-Medias_Poli-Iasi,95.43923972632933,1.26,0.68,4,2,8,5,54.9,45.1,0,0,0,0,8,4
2021-05-19,Viitorul Constanta,Astra,1,0,2.01,3.29,3.64,1.95,3.43,4.19,Liga I,,20210519_Viitorul-Constanta_Astra,-0.8624244660984459,1.4,1.41,4,6,10,11,49.3,50.7,2,3,0,0,13,6
2021-05-20,Academica Clinceni,Sepsi Sf. Gheorghe,2,1,6.32,4.11,1.48,7.37,4.18,1.5,Liga I,,20210520_Academica-Clinceni_Sepsi-Sf.-Gheorghe,-58.74024521433398,0.84,0.76,2,2,4,3,44.8,55.2,4,1,0,0,3,3
2021-05-25,CFR Cluj,FCSB,2,0,1.28,5.34,9.26,1.3,5.77,10.38,Liga I,,20210525_CFR-Cluj_FCSB,76.82912477000286,0.61,0.06,2,0,3,2,47.4,52.6,1,0,0,0,2,3
2021-05-26,Univ. Craiova,Academica Clinceni,0,0,1.65,3.78,4.89,1.66,4.05,5.29,Liga I,,20210526_Univ.-Craiova_Academica-Clinceni,17.62961164006242,0.05,1.14,0,3,0,5,44.8,55.2,2,3,0,0,2,6
2021-05-27,Chindia Targoviste,Viitorul Constanta,2,3,3.12,2.74,2.57,3.18,2.82,2.76,Liga I,,20210527_Chindia-Targoviste_Viitorul-Constanta,11.63875939760942,1.33,1.41,4,4,6,6,53.7,46.3,5,2,0,0,1,9
2021-05-27,Sepsi Sf. Gheorghe,FC Botosani,1,0,2.0,3.51,3.4,2.05,3.67,3.65,Liga I,,20210527_Sepsi-Sf.-Gheorghe_FC-Botosani,25.11882789709648,0.15,0.15,3,1,6,4,54.9,45.1,2,1,0,0,4,5
2021-05-29,Calarasi,FC Voluntari,1,2,4.0,3.27,1.89,4.32,3.4,1.96,Liga I,,20210529_Calarasi_FC-Voluntari,-37.82063359068479,1.48,1.16,3,3,5,6,49.9,50.1,1,0,0,1,7,6
2021-05-29,Mioveni,FC Hermannstadt,0,0,2.9,2.92,2.54,3.1,3.04,2.62,Liga I,,20210529_Mioveni_FC-Hermannstadt,42.22410303314609,2.05,1.56,8,6,19,15,54.5,45.5,0,2,0,0,12,6
2021-05-30,Sepsi Sf. Gheorghe,Viitorul Constanta,1,0,1.74,3.34,4.96,1.77,3.51,5.36,Liga I,,20210530_Sepsi-Sf.-Gheorghe_Viitorul-Constanta,66.98904460484209,1.55,1.55,6,4,15,10,54.4,45.6,1,0,0,0,7,6
2021-06-02,FC Hermannstadt,Mioveni,1,2,1.56,3.76,5.8,1.63,3.79,6.27,Liga I,,20210602_FC-Hermannstadt_Mioveni,-39.32164079489121,0.88,0.63,3,2,6,5,41.3,58.7,5,1,0,0,5,5
2021-06-03,FC Voluntari,Calarasi,4,0,1.24,5.48,11.42,1.26,5.99,12.14,Liga I,,20210603_FC-Voluntari_Calarasi,59.218347475284645,1.53,0.93,4,1,8,1,58.6,41.4,1,3,0,0,2,2
2021-07-15,FC Botosani,FCSB,0,0,3.79,3.46,1.91,3.94,3.63,1.98,Liga I,,20210715_FC-Botosani_FCSB,-93.58753778352389,1.21,0.93,3,2,6,4,50.3,49.7,3,2,0,0,1,4
2021-07-16,CFR Cluj,U Craiova 1948,3,2,1.45,4.03,7.43,1.49,4.12,8.07,Liga I,,20210716_CFR-Cluj_U-Craiova-1948,207.84318241885944,2.25,0.62,7,4,15,8,52.6,47.4,2,2,0,0,4,4
2021-07-16,Sepsi Sf. Gheorghe,Academica Clinceni,2,0,1.55,3.72,6.17,1.57,3.92,6.86,Liga I,,20210716_Sepsi-Sf.-Gheorghe_Academica-Clinceni,50.960920368380584,0.17,1.8,2,6,4,12,55.4,44.6,1,3,0,0,1,10
2021-07-17,Gaz Metan Medias,Mioveni,1,0,2.15,3.13,3.44,2.23,3.25,3.62,Liga I,,20210717_Gaz-Metan-Medias_Mioveni,-7.311855215557216,0.91,0.05,2,2,2,3,51.0,49.0,2,3,1,1,1,6
2021-07-17,Univ. Craiova,FC Arges,1,0,1.56,3.62,6.34,1.6,3.71,6.98,Liga I,,20210717_Univ.-Craiova_FC-Arges,44.22434253044844,0.62,0.05,2,1,4,3,44.4,55.6,4,3,0,0,4,2
2021-07-18,FC Rapid Bucuresti,Chindia Targoviste,1,0,2.41,2.89,3.19,2.29,3.08,3.68,Liga I,,20210718_FC-Rapid-Bucuresti_Chindia-Targoviste,14.118422730791053,0.96,0.05,5,0,11,0,52.5,47.5,1,1,0,0,8,0
2021-07-18,UTA Arad,Farul Constanta,0,0,2.18,3.11,3.38,2.32,3.21,3.45,Liga I,,20210718_UTA-Arad_Farul-Constanta,-14.771788631110212,0.05,1.17,0,2,0,5,50.6,49.4,3,2,0,0,3,2
2021-07-19,Din. Bucuresti,FC Voluntari,3,2,3.39,3.03,2.22,3.43,3.13,2.37,Liga I,,20210719_Din.-Bucuresti_FC-Voluntari,-9.328120689665411,1.29,1.36,4,6,10,15,51.3,48.7,1,0,0,0,3,11
2021-07-23,FC Arges,UTA Arad,0,1,2.53,2.92,2.96,2.65,2.96,3.14,Liga I,,20210723_FC-Arges_UTA-Arad,0.7588077664165667,1.53,0.74,4,2,7,5,48.5,51.5,1,1,0,0,11,4
2021-07-23,Mioveni,FC Rapid Bucuresti,0,2,3.05,2.96,2.43,3.27,3.03,2.52,Liga I,,20210723_Mioveni_FC-Rapid-Bucuresti,-31.641489855853706,0.19,0.67,0,2,0,4,40.9,59.1,3,2,0,0,1,5
2021-07-24,Academica Clinceni,CFR Cluj,1,2,6.35,3.63,1.56,7.11,3.71,1.6,Liga I,,20210724_Academica-Clinceni_CFR-Cluj,-198.87703173310229,0.09,0.93,1,2,1,5,41.3,58.7,2,1,0,0,2,1
2021-07-24,FC Voluntari,FC Botosani,0,1,2.83,2.85,2.68,2.89,2.99,2.84,Liga I,,20210724_FC-Voluntari_FC-Botosani,-62.79824330839779,0.42,1.13,1,4,1,8,52.2,47.8,0,1,0,0,4,3
2021-07-25,FCSB,Univ. Craiova,4,1,2.25,3.11,3.22,2.3,3.24,3.44,Liga I,,20210725_FCSB_Univ.-Craiova,57.3972177768519,1.62,0.82,6,4,14,10,49.4,50.6,0,1,0,0,8,3
2021-07-25,Farul Constanta,Gaz Metan Medias,2,0,1.88,3.13,4.46,1.83,3.35,5.23,Liga I,,20210725_Farul-Constanta_Gaz-Metan-Medias,2.425807072295129,1.57,0.92,4,3,9,9,48.5,51.5,1,3,1,0,4,7
2021-07-26,Chindia Targoviste,Sepsi Sf. Gheorghe,1,1,4.13,2.88,2.05,4.46,2.94,2.13,Liga I,,20210726_Chindia-Targoviste_Sepsi-Sf.-Gheorghe,-111.6335155935451,0.81,1.69,5,5,12,9,46.0,54.0,1,3,0,0,2,5
2021-07-26,U Craiova 1948,Din. Bucuresti,1,0,1.94,3.36,3.81,1.99,3.48,4.09,Liga I,,20210726_U-Craiova-1948_Din.-Bucuresti,20.10627715736109,1.36,1.37,5,6,10,13,45.3,54.7,3,2,0,0,6,7
2021-07-30,FC Rapid Bucuresti,Farul Constanta,0,0,2.2,3.01,3.45,2.25,3.14,3.7,Liga I,,20210730_FC-Rapid-Bucuresti_Farul-Constanta,11.01646359973347,0.48,1.08,2,3,5,6,53.2,46.8,5,3,0,0,1,3
2021-07-30,Gaz Metan Medias,FC Arges,2,2,2.9,2.76,2.71,3.17,2.81,2.77,Liga I,,20210730_Gaz-Metan-Medias_FC-Arges,10.677380481886985,1.61,0.7,5,3,12,7,53.0,47.0,4,3,0,0,10,2
2021-07-31,CFR Cluj,Chindia Targoviste,1,0,1.45,3.79,8.11,1.47,3.99,9.17,Liga I,,20210731_CFR-Cluj_Chindia-Targoviste,241.11103292109124,1.51,0.37,4,2,9,4,58.5,41.5,1,0,0,0,6,4
2021-07-31,FC Voluntari,U Craiova 1948,2,1,2.49,3.16,2.79,2.62,3.32,2.87,Liga I,,20210731_FC-Voluntari_U-Craiova-1948,-56.58303428215663,0.34,1.18,2,3,3,9,52.0,48.0,1,0,0,0,7,5
2021-08-01,UTA Arad,FCSB,1,1,3.98,3.25,1.93,4.43,3.34,1.96,Liga I,,20210801_UTA-Arad_FCSB,-121.35105332491457,0.86,0.57,3,1,6,3,46.9,53.1,1,0,0,0,4,4
2021-08-01,Univ. Craiova,FC Botosani,1,2,1.74,3.34,5.01,1.74,3.54,5.62,Liga I,,20210801_Univ.-Craiova_FC-Botosani,9.987720537617633,1.21,0.98,4,3,8,9,50.4,49.6,1,2,0,0,3,7
2021-08-02,Din. Bucuresti,Academica Clinceni,3,1,2.68,3.04,2.66,2.63,3.2,2.85,Liga I,,20210802_Din.-Bucuresti_Academica-Clinceni,-45.72554082835586,1.24,1.1,3,4,10,9,50.6,49.4,4,0,0,0,4,8
2021-08-02,Sepsi Sf. Gheorghe,Mioveni,1,2,1.63,3.47,5.72,1.64,3.68,6.43,Liga I,,20210802_Sepsi-Sf.-Gheorghe_Mioveni,113.31320560847917,0.75,0.78,3,3,5,6,53.8,46.2,0,3,1,0,4,6
2021-08-06,FC Botosani,UTA Arad,2,1,2.25,3.04,3.29,2.37,3.07,3.5,Liga I,,20210806_FC-Botosani_UTA-Arad,42.21135897044178,1.78,0.25,5,1,11,4,56.6,43.4,2,1,0,0,3,4
2021-08-06,Mioveni,CFR Cluj,0,1,5.31,3.33,1.7,5.77,3.5,1.73,Liga I,,20210806_Mioveni_CFR-Cluj,-239.26030555076954,0.15,1.35,1,5,0,11,39.8,60.2,2,1,1,0,1,5
2021-08-07,Academica Clinceni,U Craiova 1948,1,2,2.93,3.01,2.48,3.1,3.1,2.58,Liga I,,20210807_Academica-Clinceni_U-Craiova-1948,3.3735710682767603,0.05,1.61,2,5,5,9,58.0,42.0,2,2,0,0,6,5
2021-08-07,FC Arges,FC Rapid Bucuresti,0,1,2.66,2.91,2.79,2.84,3.02,2.86,Liga I,,20210807_FC-Arges_FC-Rapid-Bucuresti,-47.2030497511646,0.91,2.26,3,7,4,14,48.4,51.6,3,2,0,0,3,10
2021-08-08,Chindia Targoviste,Din. Bucuresti,1,0,2.02,3.14,3.82,2.03,3.33,4.12,Liga I,,20210808_Chindia-Targoviste_Din.-Bucuresti,-3.2834874342067906,0.27,1.09,1,3,0,9,46.0,54.0,1,3,0,0,3,9
2021-08-08,FCSB,Gaz Metan Medias,2,1,1.33,4.69,9.39,1.35,4.93,10.71,Liga I,,20210808_FCSB_Gaz-Metan-Medias,130.307145142938,1.24,0.73,4,1,10,3,61.5,38.5,0,3,0,0,4,7
2021-08-09,Farul Constanta,Sepsi Sf. Gheorghe,1,0,2.87,2.86,2.64,2.94,2.98,2.8,Liga I,,20210809_Farul-Constanta_Sepsi-Sf.-Gheorghe,-54.70691026372651,1.03,0.8,4,1,8,2,49.0,51.0,3,1,0,0,3,5
2021-08-09,Univ. Craiova,FC Voluntari,3,0,1.63,3.4,6.04,1.63,3.49,7.25,Liga I,,20210809_Univ.-Craiova_FC-Voluntari,66.21256488380573,2.18,0.05,7,1,13,3,53.4,46.6,0,2,0,0,3,4
2021-08-13,CFR Cluj,Farul Constanta,1,0,1.59,3.54,5.98,1.6,3.78,6.83,Liga I,,20210813_CFR-Cluj_Farul-Constanta,203.17581187932024,0.95,0.66,3,3,8,7,55.6,44.4,1,2,0,0,3,5
2021-08-13,FC Voluntari,Academica Clinceni,1,0,2.35,2.94,3.2,2.34,3.1,3.53,Liga I,,20210813_FC-Voluntari_Academica-Clinceni,-29.706054448171244,1.07,1.77,1,6,2,15,50.9,49.1,3,0,0,0,4,6
2021-08-14,U Craiova 1948,Chindia Targoviste,0,0,2.21,2.91,3.54,2.27,3.0,3.85,Liga I,,20210814_U-Craiova-1948_Chindia-Targoviste,18.498070947605356,0.05,0.83,0,3,1,5,51.3,48.7,2,0,0,0,3,2
2021-08-14,UTA Arad,Univ. Craiova,1,0,3.17,2.97,2.34,3.34,3.03,2.48,Liga I,,20210814_UTA-Arad_Univ.-Craiova,-47.798933337272274,0.53,1.11,1,4,2,9,50.4,49.6,0,0,0,0,8,5
2021-08-15,FC Rapid Bucuresti,FCSB,1,0,4.19,3.59,1.77,4.44,3.82,1.82,Liga I,,20210815_FC-Rapid-Bucuresti_FCSB,-90.36366396653148,0.73,1.18,4,3,10,6,47.9,52.1,3,2,0,0,2,5
2021-08-15,Sepsi Sf. Gheorghe,FC Arges,0,2,1.68,3.36,5.41,1.7,3.5,6.08,Liga I,,20210815_Sepsi-Sf.-Gheorghe_FC-Arges,88.15980651835798,0.44,0.1,1,2,3,5,53.0,47.0,1,4,0,0,4,2
2021-08-16,Din. Bucuresti,Mioveni,0,1,2.42,3.09,2.9,2.6,3.18,3.0,Liga I,,20210816_Din.-Bucuresti_Mioveni,-15.433302254094087,0.59,1.76,2,5,4,13,46.2,53.8,0,1,0,1,4,4
2021-08-16,Gaz Metan Medias,FC Botosani,0,1,3.3,3.02,2.25,3.52,3.13,2.33,Liga I,,20210816_Gaz-Metan-Medias_FC-Botosani,-77.47340673921349,0.95,0.76,3,1,6,5,48.6,51.4,2,0,0,0,3,1
2021-08-20,Chindia Targoviste,Academica Clinceni,2,2,2.03,2.92,4.21,2.09,2.96,4.59,Liga I,,20210820_Chindia-Targoviste_Academica-Clinceni,16.02320429797146,1.69,1.31,7,4,13,11,51.4,48.6,0,2,0,0,5,5
2021-08-20,Farul Constanta,Din. Bucuresti,3,0,1.52,3.82,6.39,1.57,3.97,6.74,Liga I,,20210820_Farul-Constanta_Din.-Bucuresti,66.96804788324789,0.77,2.06,3,4,7,11,54.8,45.2,0,1,0,0,4,3
2021-08-21,FC Arges,CFR Cluj,0,1,4.86,3.37,1.75,5.79,3.42,1.75,Liga I,,20210821_FC-Arges_CFR-Cluj,-255.08194897190447,1.45,1.65,3,5,4,12,34.1,65.9,1,3,0,0,6,5
2021-08-21,Univ. Craiova,Gaz Metan Medias,1,0,1.43,4.12,7.72,1.44,4.28,8.87,Liga I,,20210821_Univ.-Craiova_Gaz-Metan-Medias,57.689645526133745,1.34,1.6,4,3,10,6,48.2,51.8,0,1,0,0,4,3
2021-08-22,FC Botosani,FC Rapid Bucuresti,0,2,2.16,3.09,3.44,2.21,3.18,3.74,Liga I,,20210822_FC-Botosani_FC-Rapid-Bucuresti,16.446754979721163,0.05,1.78,4,5,8,9,50.2,49.8,2,2,0,0,5,4
2021-08-22,UTA Arad,FC Voluntari,2,0,1.93,3.22,4.05,1.96,3.37,4.4,Liga I,,20210822_UTA-Arad_FC-Voluntari,38.511469870929886,1.24,1.95,3,8,6,18,50.9,49.1,1,1,0,0,5,8
2021-08-23,FCSB,Sepsi Sf. Gheorghe,1,1,1.83,3.32,4.38,1.85,3.5,4.74,Liga I,,20210823_FCSB_Sepsi-Sf.-Gheorghe,70.09484397788901,0.74,0.91,2,3,5,4,59.4,40.6,1,0,0,0,9,5
2021-08-23,Mioveni,U Craiova 1948,1,0,2.82,2.89,2.67,2.87,2.96,2.89,Liga I,,20210823_Mioveni_U-Craiova-1948,-11.902489107608517,0.28,0.98,2,3,5,6,53.8,46.2,1,0,0,0,2,3
2021-08-27,FC Voluntari,Chindia Targoviste,2,1,2.86,2.7,2.82,3.07,2.76,2.91,Liga I,,20210827_FC-Voluntari_Chindia-Targoviste,-29.804475088176332,0.67,0.34,4,2,7,7,47.9,52.1,1,1,0,0,5,5
2021-08-27,U Craiova 1948,Farul Constanta,1,1,2.81,2.81,2.74,3.05,2.84,2.84,Liga I,,20210827_U-Craiova-1948_Farul-Constanta,-38.82381789471401,1.71,1.52,5,5,10,13,44.4,55.6,2,2,0,0,9,4
2021-08-28,Din. Bucuresti,FC Arges,0,2,3.43,2.96,2.26,3.55,2.93,2.44,Liga I,,20210828_Din.-Bucuresti_FC-Arges,-31.65730443420557,0.79,0.13,3,2,6,5,49.3,50.7,0,1,0,0,4,3
2021-08-28,FC Rapid Bucuresti,Univ. Craiova,1,2,3.07,3.0,2.39,3.31,3.12,2.44,Liga I,,20210828_FC-Rapid-Bucuresti_Univ.-Craiova,24.61434837874731,1.84,1.94,6,5,15,11,55.3,44.7,3,2,0,0,5,6
2021-08-29,CFR Cluj,FCSB,4,1,1.9,3.09,4.44,1.92,3.26,4.85,Liga I,,20210829_CFR-Cluj_FCSB,133.67098386684006,1.23,0.69,4,2,10,4,63.6,36.4,3,2,0,0,6,4
2021-08-29,Sepsi Sf. Gheorghe,FC Botosani,1,1,1.84,3.29,4.37,1.85,3.44,4.88,Liga I,,20210829_Sepsi-Sf.-Gheorghe_FC-Botosani,-11.32669649219929,0.84,1.92,1,7,3,16,54.7,45.3,2,4,0,1,3,7
2021-08-30,Academica Clinceni,Mioveni,1,1,2.66,2.89,2.83,2.66,2.98,3.11,Liga I,,20210830_Academica-Clinceni_Mioveni,-33.200097502869085,0.33,0.38,1,2,3,2,48.0,52.0,1,2,0,0,5,3
2021-08-30,Gaz Metan Medias,UTA Arad,0,1,3.72,3.16,2.04,3.74,3.4,2.12,Liga I,,20210830_Gaz-Metan-Medias_UTA-Arad,-57.87273472920356,0.55,1.18,2,5,3,12,51.0,49.0,2,2,0,0,4,10
2021-09-10,Mioveni,Chindia Targoviste,0,1,2.85,2.66,2.85,3.05,2.75,2.93,Liga I,,20210910_Mioveni_Chindia-Targoviste,30.16663208007435,1.48,1.31,5,4,10,10,55.8,44.2,7,2,0,0,1,4
2021-09-10,UTA Arad,FC Rapid Bucuresti,2,2,2.15,3.05,3.53,2.13,3.25,3.89,Liga I,,20210910_UTA-Arad_FC-Rapid-Bucuresti,-21.614263437816817,1.23,1.45,4,4,7,9,52.6,47.4,2,1,0,0,7,6
2021-09-11,FC Arges,U Craiova 1948,1,0,2.51,2.91,2.99,2.61,3.01,3.14,Liga I,,20210911_FC-Arges_U-Craiova-1948,-6.343149066436808,0.54,2.15,3,7,7,15,44.5,55.5,2,0,0,0,3,10
2021-09-11,FC Botosani,CFR Cluj,1,0,4.48,3.29,1.82,4.69,3.44,1.88,Liga I,,20210911_FC-Botosani_CFR-Cluj,-195.65110430697223,1.48,1.28,5,4,14,8,40.5,59.5,4,1,0,0,10,3
2021-09-12,FCSB,Din. Bucuresti,6,0,1.31,4.98,9.01,1.35,5.13,9.49,Liga I,,20210912_FCSB_Din.-Bucuresti,165.3647866472511,1.17,0.11,6,0,14,0,52.6,47.4,0,0,0,0,10,0
2021-09-12,Gaz Metan Medias,FC Voluntari,1,2,2.6,2.85,2.92,2.68,2.93,3.14,Liga I,,20210912_Gaz-Metan-Medias_FC-Voluntari,-21.057023722618624,1.39,1.24,7,5,16,10,44.4,55.6,3,1,1,0,7,5
2021-09-13,Farul Constanta,Academica Clinceni,5,0,1.62,3.52,5.79,1.65,3.62,6.39,Liga I,,20210913_Farul-Constanta_Academica-Clinceni,56.625944329229924,1.56,0.9,6,1,14,1,53.3,46.7,0,0,0,0,6,4
2021-09-13,Univ. Craiova,Sepsi Sf. Gheorghe,1,1,2.15,2.98,3.65,2.23,3.02,3.93,Liga I,,20210913_Univ.-Craiova_Sepsi-Sf.-Gheorghe,7.858505156995534,1.61,1.12,5,4,13,6,47.6,52.4,3,1,0,0,10,4
2021-09-17,FC Rapid Bucuresti,Gaz Metan Medias,1,2,1.65,3.49,5.45,1.67,3.63,6.14,Liga I,,20210917_FC-Rapid-Bucuresti_Gaz-Metan-Medias,110.05389558589377,2.44,1.81,6,3,14,7,57.4,42.6,3,0,0,0,5,7
2021-09-17,FC Voluntari,Mioveni,4,0,2.14,2.94,3.74,2.09,3.1,4.28,Liga I,,20210917_FC-Voluntari_Mioveni,-9.60440888947437,1.72,0.33,6,2,13,5,48.4,51.6,0,2,0,0,5,1
2021-09-18,Chindia Targoviste,Farul Constanta,2,0,3.77,2.92,2.14,4.31,2.94,2.16,Liga I,,20210918_Chindia-Targoviste_Farul-Constanta,-52.90094173167586,1.61,1.14,4,3,9,5,49.6,50.4,2,5,0,0,9,4
2021-09-18,U Craiova 1948,FCSB,0,1,4.72,3.45,1.75,5.03,3.52,1.81,Liga I,,20210918_U-Craiova-1948_FCSB,-124.44816147955112,0.53,1.36,1,5,4,11,42.9,57.1,0,5,0,0,1,10
2021-09-19,Academica Clinceni,FC Arges,0,1,2.77,2.89,2.71,2.94,2.96,2.82,Liga I,,20210919_Academica-Clinceni_FC-Arges,-36.41012948665434,0.05,0.87,0,3,0,9,42.1,57.9,1,3,0,0,2,10
2021-09-19,Din. Bucuresti,FC Botosani,1,2,4.68,3.21,1.82,5.06,3.26,1.88,Liga I,,20210919_Din.-Bucuresti_FC-Botosani,-143.38868190259427,0.22,1.11,1,2,2,4,47.5,52.5,1,1,0,0,3,6
2021-09-19,Sepsi Sf. Gheorghe,UTA Arad,0,0,1.93,3.08,4.3,1.99,3.08,4.82,Liga I,,20210919_Sepsi-Sf.-Gheorghe_UTA-Arad,14.364678125587261,0.37,0.75,1,2,2,6,51.0,49.0,3,1,0,0,8,2
2021-09-20,CFR Cluj,Univ. Craiova,1,0,1.94,3.11,4.18,2.03,3.1,4.54,Liga I,,20210920_CFR-Cluj_Univ.-Craiova,180.4849838577054,0.98,0.94,5,4,11,8,56.1,43.9,2,3,0,0,2,2
2021-09-24,FC Rapid Bucuresti,FC Voluntari,0,1,2.24,3.01,3.39,2.35,3.1,3.51,Liga I,,20210924_FC-Rapid-Bucuresti_FC-Voluntari,38.43912248640663,0.94,1.59,2,5,4,11,55.3,44.7,0,0,0,0,2,6
2021-09-25,FC Arges,Chindia Targoviste,0,0,2.51,2.7,3.23,2.5,2.75,3.7,Liga I,,20210925_FC-Arges_Chindia-Targoviste,9.496316229691502,1.62,0.73,4,2,9,5,48.8,51.2,1,2,0,0,5,4
2021-09-25,FCSB,Academica Clinceni,3,2,1.4,4.36,7.47,1.44,4.55,8.04,Liga I,,20210925_FCSB_Academica-Clinceni,161.38691043574158,0.98,1.27,3,4,4,8,59.2,40.8,2,0,0,0,6,5
2021-09-26,FC Botosani,U Craiova 1948,1,1,2.02,3.16,3.77,2.11,3.2,4.05,Liga I,,20210926_FC-Botosani_U-Craiova-1948,104.29143116883688,1.07,0.83,4,1,9,3,54.6,45.4,2,1,0,0,8,2
2021-09-26,Farul Constanta,Mioveni,2,1,1.5,3.87,6.7,1.5,4.21,7.55,Liga I,,20210926_Farul-Constanta_Mioveni,47.33142223658069,0.49,0.79,2,4,5,9,60.2,39.8,2,1,0,0,3,3
2021-09-26,UTA Arad,CFR Cluj,0,1,3.88,2.87,2.13,4.09,2.93,2.23,Liga I,,20210926_UTA-Arad_CFR-Cluj,-207.94199736892006,0.94,0.88,2,2,3,6,40.3,59.7,2,2,0,0,4,3
2021-09-27,Gaz Metan Medias,Sepsi Sf. Gheorghe,0,0,4.12,3.11,1.95,4.48,3.18,2.01,Liga I,,20210927_Gaz-Metan-Medias_Sepsi-Sf.-Gheorghe,-88.12069300912185,0.36,0.29,1,2,3,4,52.0,48.0,4,3,0,0,5,1
2021-09-27,Univ. Craiova,Din. Bucuresti,5,0,1.26,5.41,10.82,1.27,5.73,12.36,Liga I,,20210927_Univ.-Craiova_Din.-Bucuresti,123.34605921585558,1.54,0.37,5,1,10,2,56.2,43.8,1,4,0,0,5,3
2021-10-01,Chindia Targoviste,FCSB,0,1,4.91,3.12,1.82,5.34,3.17,1.88,Liga I,,20211001_Chindia-Targoviste_FCSB,-119.44612016019482,0.36,1.22,1,3,2,5,43.8,56.2,1,0,0,1,1,5
2021-10-01,Mioveni,FC Arges,0,0,2.91,2.78,2.68,3.04,2.84,2.84,Liga I,,20211001_Mioveni_FC-Arges,-41.60044397138063,1.42,0.77,5,2,9,6,50.2,49.8,0,0,0,0,5,9
2021-10-02,Din. Bucuresti,UTA Arad,2,2,5.09,3.41,1.71,5.41,3.5,1.77,Liga I,,20211002_Din.-Bucuresti_UTA-Arad,-110.77592183181287,1.52,0.45,5,2,11,6,43.8,56.2,3,1,0,1,7,6
2021-10-02,Sepsi Sf. Gheorghe,FC Rapid Bucuresti,2,2,1.86,3.26,4.34,1.88,3.38,4.86,Liga I,,20211002_Sepsi-Sf.-Gheorghe_FC-Rapid-Bucuresti,19.766890268349243,2.28,1.92,7,7,18,15,50.3,49.7,2,0,0,0,8,7
2021-10-03,CFR Cluj,Gaz Metan Medias,2,1,1.34,4.34,10.56,1.34,4.58,13.66,Liga I,,20211003_CFR-Cluj_Gaz-Metan-Medias,285.2779496020123,1.83,1.65,6,6,13,13,57.9,42.1,4,1,0,0,5,7
2021-10-03,FC Voluntari,Farul Constanta,1,0,3.61,2.98,2.16,3.97,3.03,2.22,Liga I,,20211003_FC-Voluntari_Farul-Constanta,-29.325570553836542,1.21,0.05,2,0,7,0,46.0,54.0,1,4,0,0,4,1
2021-10-03,U Craiova 1948,Univ. Craiova,0,2,4.69,3.55,1.91,5.3,3.75,1.72,Liga I,,20211003_U-Craiova-1948_Univ.-Craiova,-74.03973836404975,0.82,1.45,3,5,5,10,42.4,57.6,0,0,0,0,2,7
2021-10-04,Academica Clinceni,FC Botosani,1,1,3.5,3.22,2.08,3.71,3.4,2.13,Liga I,,20211004_Academica-Clinceni_FC-Botosani,-128.77434796301554,0.35,0.44,1,3,1,7,47.4,52.6,1,3,0,0,2,6
2021-10-15,Gaz Metan Medias,Din. Bucuresti,2,1,2.12,3.22,3.39,2.21,3.3,3.6,Liga I,,20211015_Gaz-Metan-Medias_Din.-Bucuresti,36.98284179974621,1.86,0.64,5,2,7,4,61.1,38.9,3,3,0,0,2,8
2021-10-16,FCSB,Mioveni,3,0,1.37,4.48,7.9,1.4,4.82,8.56,Liga I,,20211016_FCSB_Mioveni,158.8057467113531,1.37,0.53,5,3,12,6,61.9,38.1,2,4,0,0,2,1
2021-10-16,Sepsi Sf. Gheorghe,FC Voluntari,1,2,1.68,3.31,5.56,1.68,3.44,6.57,Liga I,,20211016_Sepsi-Sf.-Gheorghe_FC-Voluntari,17.86905408525854,1.33,0.7,5,2,10,5,52.2,47.8,2,1,0,0,6,3
2021-10-17,FC Arges,Farul Constanta,2,1,3.4,2.83,2.31,3.73,2.86,2.41,Liga I,,20211017_FC-Arges_Farul-Constanta,-14.901047017190194,1.54,0.98,5,1,8,1,42.6,57.4,1,0,0,0,6,2
2021-10-17,FC Rapid Bucuresti,CFR Cluj,2,0,4.72,3.21,1.8,5.36,3.48,1.78,Liga I,,20211017_FC-Rapid-Bucuresti_CFR-Cluj,-226.09407526505493,1.6,1.14,5,4,11,9,42.3,57.7,2,2,0,0,3,7
2021-10-17,UTA Arad,U Craiova 1948,1,0,1.93,2.99,4.47,1.96,3.05,5.07,Liga I,,20211017_UTA-Arad_U-Craiova-1948,51.428549061893136,0.65,0.07,3,2,7,4,59.7,40.3,1,1,0,0,1,0
2021-10-18,FC Botosani,Chindia Targoviste,0,0,1.99,2.95,4.23,2.0,3.12,4.68,Liga I,,20211018_FC-Botosani_Chindia-Targoviste,77.01864340097472,0.05,0.89,1,3,1,5,52.3,47.7,1,0,0,0,6,4
2021-10-18,Univ. Craiova,Academica Clinceni,5,0,1.27,5.11,11.15,1.29,5.62,12.19,Liga I,,20211018_Univ.-Craiova_Academica-Clinceni,110.7441351592422,1.19,0.36,5,0,10,0,48.9,51.1,0,0,0,0,4,1
2021-10-22,Chindia Targoviste,Univ. Craiova,0,1,5.64,3.3,1.67,6.57,3.47,1.68,Liga I,,20211022_Chindia-Targoviste_Univ.-Craiova,-73.17983299281536,0.52,0.15,2,2,6,4,45.9,54.1,3,3,0,0,6,3
2021-10-22,U Craiova 1948,Gaz Metan Medias,2,0,2.26,2.79,3.6,2.35,2.87,3.86,Liga I,,20211022_U-Craiova-1948_Gaz-Metan-Medias,-6.002467406750384,1.46,0.05,5,0,10,0,51.0,49.0,3,2,0,0,5,1
2021-10-23,Din. Bucuresti,FC Rapid Bucuresti,1,1,3.34,3.15,2.18,3.4,3.17,2.36,Liga I,,20211023_Din.-Bucuresti_FC-Rapid-Bucuresti,-133.54429847755864,0.85,0.45,2,1,4,2,50.8,49.2,2,3,0,0,1,0
2021-10-23,FC Voluntari,FC Arges,0,2,2.67,2.72,2.95,2.87,2.76,3.1,Liga I,,20211023_FC-Voluntari_FC-Arges,11.698701161343706,0.95,1.66,4,6,8,14,46.0,54.0,0,2,0,0,1,6
2021-10-23,Mioveni,FC Botosani,1,1,3.68,3.03,2.09,4.16,3.13,2.11,Liga I,,20211023_Mioveni_FC-Botosani,-104.56909919642499,1.22,0.91,5,4,10,8,42.6,57.4,0,2,0,0,9,7
2021-10-25,Academica Clinceni,UTA Arad,0,3,4.62,3.3,1.79,5.24,3.47,1.79,Liga I,,20211025_Academica-Clinceni_UTA-Arad,-87.70748589148752,0.07,1.79,0,6,1,11,39.2,60.8,2,0,0,0,1,9
2021-10-25,CFR Cluj,Sepsi Sf. Gheorghe,2,0,1.72,3.27,5.23,1.78,3.35,5.67,Liga I,,20211025_CFR-Cluj_Sepsi-Sf.-Gheorghe,201.4416894128501,0.05,0.42,2,2,4,5,61.8,38.2,3,3,0,0,3,1
2021-10-29,FC Botosani,Farul Constanta,0,2,2.57,2.88,2.91,2.71,2.96,3.07,Liga I,,20211029_FC-Botosani_Farul-Constanta,53.067927022595995,1.3,1.15,3,3,9,4,51.2,48.8,2,0,0,0,5,1
2021-10-30,CFR Cluj,FC Voluntari,1,0,1.38,4.13,9.05,1.39,4.34,11.18,Liga I,,20211030_CFR-Cluj_FC-Voluntari,212.2111824999654,1.75,0.31,6,2,13,4,56.9,43.1,0,0,0,0,7,6
2021-10-30,Univ. Craiova,Mioveni,5,2,1.29,5.04,9.68,1.31,5.47,10.59,Liga I,,20211030_Univ.-Craiova_Mioveni,111.96781934536375,1.25,0.66,5,2,12,2,46.8,53.2,1,0,0,0,4,3
2021-10-31,FCSB,FC Arges,2,1,1.64,3.61,5.33,1.66,3.85,5.72,Liga I,,20211031_FCSB_FC-Arges,102.01463723832694,0.75,2.32,2,8,5,17,54.9,45.1,2,1,0,0,1,10
2021-10-31,Gaz Metan Medias,Academica Clinceni,1,1,2.03,3.17,3.7,2.11,3.27,3.93,Liga I,,20211031_Gaz-Metan-Medias_Academica-Clinceni,18.63438558534085,0.9,1.51,4,5,9,11,50.1,49.9,4,3,0,1,3,4
2021-10-31,Sepsi Sf. Gheorghe,Din. Bucuresti,4,1,1.52,3.91,6.01,1.56,4.0,6.91,Liga I,,20211031_Sepsi-Sf.-Gheorghe_Din.-Bucuresti,110.33670678337012,1.6,1.5,7,6,14,11,51.2,48.8,3,4,0,1,8,6
2021-11-01,FC Rapid Bucuresti,U Craiova 1948,0,0,2.13,2.97,3.71,2.18,3.05,4.05,Liga I,,20211101_FC-Rapid-Bucuresti_U-Craiova-1948,64.5037330416717,0.05,0.05,1,0,2,2,54.3,45.7,0,0,0,0,3,4
2021-11-01,UTA Arad,Chindia Targoviste,0,2,1.91,2.96,4.64,1.94,3.02,5.29,Liga I,,20211101_UTA-Arad_Chindia-Targoviste,52.08677888506145,0.74,1.82,1,7,1,15,52.4,47.6,1,3,0,0,3,9
2021-11-04,Farul Constanta,FCSB,0,1,3.27,3.19,2.18,3.43,3.32,2.27,Liga I,,20211104_Farul-Constanta_FCSB,-119.30183644930162,1.17,0.84,5,1,11,3,50.2,49.8,1,2,0,0,8,4
2021-11-05,Chindia Targoviste,Gaz Metan Medias,0,1,2.49,2.62,3.39,2.59,2.65,3.7,Liga I,,20211105_Chindia-Targoviste_Gaz-Metan-Medias,49.48185264127983,0.26,1.21,1,3,1,6,48.8,51.2,1,1,0,0,1,3
2021-11-05,FC Arges,FC Botosani,0,1,3.09,2.71,2.59,3.28,2.77,2.72,Liga I,,20211105_FC-Arges_FC-Botosani,-25.292013494244884,0.28,0.06,1,1,1,3,44.5,55.5,4,1,0,0,2,5
2021-11-06,Mioveni,UTA Arad,0,0,4.24,3.13,1.92,4.73,3.24,1.94,Liga I,,20211106_Mioveni_UTA-Arad,-66.33205256718838,0.92,0.36,2,1,1,1,41.9,58.1,2,2,0,0,2,3
2021-11-06,U Craiova 1948,Sepsi Sf. Gheorghe,1,1,3.66,2.88,2.19,4.07,2.88,2.27,Liga I,,20211106_U-Craiova-1948_Sepsi-Sf.-Gheorghe,-56.20170981960018,0.05,0.17,1,1,0,4,51.0,49.0,1,0,0,0,3,4
2021-11-07,Din. Bucuresti,CFR Cluj,0,3,7.09,4.19,1.43,8.25,4.34,1.45,Liga I,,20211107_Din.-Bucuresti_CFR-Cluj,-337.014022311831,0.73,1.29,4,5,8,12,37.4,62.6,2,0,1,0,5,7
2021-11-07,FC Voluntari,FCSB,0,0,4.65,3.41,1.76,5.11,3.6,1.78,Liga I,,20211107_FC-Voluntari_FCSB,-137.1960700396985,1.46,0.36,4,2,9,4,46.9,53.1,2,3,0,0,4,3
2021-11-07,Farul Constanta,Univ. Craiova,1,0,3.27,3.07,2.25,3.45,3.22,2.31,Liga I,,20211107_Farul-Constanta_Univ.-Craiova,-69.95618910745361,0.31,0.97,2,4,5,9,50.8,49.2,0,1,0,0,6,6
2021-11-08,Academica Clinceni,FC Rapid Bucuresti,2,3,3.88,3.06,2.04,4.0,3.12,2.16,Liga I,,20211108_Academica-Clinceni_FC-Rapid-Bucuresti,-98.70462236148433,1.7,1.67,6,5,14,9,40.9,59.1,1,1,0,0,5,3
2021-11-19,Academica Clinceni,Sepsi Sf. Gheorghe,0,2,5.96,3.69,1.57,6.39,3.81,1.62,Liga I,,20211119_Academica-Clinceni_Sepsi-Sf.-Gheorghe,-101.56319120326975,0.76,1.94,3,7,8,14,45.2,54.8,3,4,0,0,0,7
2021-11-19,Chindia Targoviste,FC Rapid Bucuresti,2,2,3.0,2.8,2.59,3.17,2.87,2.71,Liga I,,20211119_Chindia-Targoviste_FC-Rapid-Bucuresti,-54.251662275748004,1.61,0.24,6,2,13,4,45.3,54.7,2,2,0,0,12,1
2021-11-20,Farul Constanta,UTA Arad,0,0,2.2,2.96,3.52,2.28,2.95,3.91,Liga I,,20211120_Farul-Constanta_UTA-Arad,8.84986206440999,0.66,0.48,3,2,8,4,61.4,38.6,2,3,0,0,4,6
2021-11-20,U Craiova 1948,CFR Cluj,0,2,5.8,3.29,1.66,6.64,3.31,1.68,Liga I,,20211120_U-Craiova-1948_CFR-Cluj,-267.3456611353147,1.27,1.42,5,4,10,8,43.3,56.7,0,1,0,0,5,8
2021-11-21,FC Arges,Univ. Craiova,3,2,5.15,3.3,1.72,5.65,3.33,1.75,Liga I,,20211121_FC-Arges_Univ.-Craiova,-58.527629324449435,2.39,1.48,7,5,15,12,51.8,48.2,4,1,0,0,8,7
2021-11-21,FCSB,FC Botosani,3,1,1.68,3.52,5.04,1.67,3.77,5.4,Liga I,,20211121_FCSB_FC-Botosani,86.27086651739364,0.97,0.47,3,2,6,3,47.4,52.6,0,1,0,0,2,4
2021-11-22,FC Voluntari,Din. Bucuresti,2,1,2.03,3.11,3.8,2.07,3.12,4.14,Liga I,,20211122_FC-Voluntari_Din.-Bucuresti,121.39754128512618,0.26,1.15,2,5,4,10,56.6,43.4,1,2,0,0,7,5
2021-11-22,Mioveni,Gaz Metan Medias,1,0,2.28,2.82,3.51,2.32,2.91,3.71,Liga I,,20211122_Mioveni_Gaz-Metan-Medias,-3.768721427500168,0.95,0.8,1,2,1,6,53.3,46.7,2,2,0,0,5,4
2021-11-26,Din. Bucuresti,U Craiova 1948,0,0,2.66,2.97,2.73,2.69,3.08,2.88,Liga I,,20211126_Din.-Bucuresti_U-Craiova-1948,-79.42872635936897,0.43,0.46,2,1,5,3,44.7,55.3,2,1,0,0,2,3
2021-11-27,FC Rapid Bucuresti,Mioveni,1,1,2.1,2.93,3.84,2.24,2.92,3.92,Liga I,,20211127_FC-Rapid-Bucuresti_Mioveni,66.11820948453533,0.54,1.23,1,5,2,12,59.9,40.1,2,0,0,0,5,9
2021-11-27,Sepsi Sf. Gheorghe,Chindia Targoviste,0,0,1.63,3.36,6.08,1.62,3.5,6.83,Liga I,,20211127_Sepsi-Sf.-Gheorghe_Chindia-Targoviste,46.480850746914484,1.05,0.7,2,1,6,2,51.7,48.3,2,1,0,0,2,3
2021-11-27,UTA Arad,FC Arges,0,1,2.06,2.96,3.95,2.07,3.0,4.38,Liga I,,20211127_UTA-Arad_FC-Arges,-5.207250987178213,0.05,0.1,0,1,1,2,48.8,51.2,2,3,0,0,5,2
2021-11-28,FC Botosani,FC Voluntari,1,1,2.03,3.13,3.79,2.06,3.2,4.05,Liga I,,20211128_FC-Botosani_FC-Voluntari,24.86188457313574,0.19,0.77,1,3,4,10,47.0,53.0,3,1,0,0,1,7
2021-11-28,Univ. Craiova,FCSB,2,3,2.16,3.22,3.28,2.11,3.39,3.61,Liga I,,20211128_Univ.-Craiova_FCSB,-98.37386128266962,1.01,1.36,5,5,14,12,39.6,60.4,1,1,0,0,4,7
2021-11-29,CFR Cluj,Academica Clinceni,2,0,1.04,12.11,43.7,1.06,13.26,46.23,Liga I,,20211129_CFR-Cluj_Academica-Clinceni,329.3851142681822,1.12,1.59,2,5,4,9,51.2,48.8,0,0,0,0,3,3
2021-11-29,Gaz Metan Medias,Farul Constanta,1,1,4.05,2.95,2.03,4.4,2.94,2.09,Liga I,,20211129_Gaz-Metan-Medias_Farul-Constanta,-78.71057412059304,1.25,1.51,1,4,2,9,44.8,55.2,0,1,0,0,2,7
2021-12-03,Academica Clinceni,Din. Bucuresti,1,0,3.89,3.19,1.98,4.18,3.15,2.04,Liga I,,20211203_Academica-Clinceni_Din.-Bucuresti,20.040401587672022,0.96,0.95,2,4,4,11,50.7,49.3,2,2,0,0,3,7
2021-12-04,Chindia Targoviste,CFR Cluj,0,1,6.21,3.13,1.68,6.92,3.17,1.7,Liga I,,20211204_Chindia-Targoviste_CFR-Cluj,-258.6626246123924,1.47,0.05,6,1,13,2,39.5,60.5,2,3,0,1,9,4
2021-12-04,Farul Constanta,FC Rapid Bucuresti,2,0,1.82,3.27,4.57,1.83,3.34,4.99,Liga I,,20211204_Farul-Constanta_FC-Rapid-Bucuresti,-8.315763197093247,2.09,0.42,6,2,13,4,49.5,50.5,2,0,0,1,7,2
2021-12-05,FCSB,UTA Arad,2,1,1.8,3.34,4.51,1.78,3.49,5.05,Liga I,,20211205_FCSB_UTA-Arad,154.6140362358817,1.45,0.47,3,2,7,5,54.7,45.3,1,1,0,0,1,6
2021-12-05,Mioveni,Sepsi Sf. Gheorghe,0,2,3.87,2.94,2.1,4.11,2.92,2.18,Liga I,,20211205_Mioveni_Sepsi-Sf.-Gheorghe,-58.21245576317051,1.09,1.15,3,3,6,7,40.1,59.9,0,2,0,0,8,6
2021-12-05,U Craiova 1948,FC Voluntari,0,2,2.61,2.8,2.97,2.73,2.75,3.19,Liga I,,20211205_U-Craiova-1948_FC-Voluntari,-61.462149930069245,0.62,1.51,3,2,7,3,45.2,54.8,2,2,0,0,3,3
2021-12-06,FC Arges,Gaz Metan Medias,1,2,1.83,3.02,5.04,1.79,3.11,5.9,Liga I,,20211206_FC-Arges_Gaz-Metan-Medias,84.82632570283499,1.69,0.51,7,2,15,6,53.7,46.3,1,0,0,0,10,3
2021-12-06,FC Botosani,Univ. Craiova,2,2,3.04,3.12,2.34,3.09,3.21,2.45,Liga I,,20211206_FC-Botosani_Univ.-Craiova,1.7758723937120067,1.28,0.82,4,5,7,13,46.9,53.1,0,0,1,0,3,5
2021-12-10,FC Rapid Bucuresti,FC Arges,2,0,2.73,2.81,2.82,2.85,2.81,2.96,Liga I,,20211210_FC-Rapid-Bucuresti_FC-Arges,-0.5601979459775066,2.19,0.67,7,3,14,5,47.7,52.3,3,1,0,0,10,4
2021-12-10,U Craiova 1948,Academica Clinceni,1,2,1.79,3.23,4.77,1.82,3.37,4.95,Liga I,,20211210_U-Craiova-1948_Academica-Clinceni,32.78757433299597,0.05,0.7,2,2,5,3,49.9,50.1,1,0,0,0,4,3
2021-12-11,FC Voluntari,Univ. Craiova,1,1,3.48,3.19,2.12,3.5,3.34,2.18,Liga I,,20211211_FC-Voluntari_Univ.-Craiova,-11.533832294104968,1.2,1.32,4,3,7,7,49.0,51.0,2,0,0,0,4,5
2021-12-11,Gaz Metan Medias,FCSB,0,1,5.62,3.36,1.66,6.02,3.48,1.68,Liga I,,20211211_Gaz-Metan-Medias_FCSB,-202.70633714382484,0.05,1.74,1,6,3,13,42.9,57.1,0,5,0,0,5,8
2021-12-11,UTA Arad,FC Botosani,0,0,2.12,2.91,3.85,2.08,3.04,4.25,Liga I,,20211211_UTA-Arad_FC-Botosani,-47.56066900087899,0.79,0.87,3,4,5,8,44.4,55.6,0,1,0,0,4,3
2021-12-12,CFR Cluj,Mioveni,1,0,1.32,4.62,10.09,1.32,4.81,11.79,Liga I,,20211212_CFR-Cluj_Mioveni,288.0118027768656,1.1,2.13,3,7,6,16,55.0,45.0,4,1,0,0,6,7
2021-12-12,Sepsi Sf. Gheorghe,Farul Constanta,1,0,2.19,2.88,3.69,2.2,2.91,4.04,Liga I,,20211212_Sepsi-Sf.-Gheorghe_Farul-Constanta,2.643802191205623,1.49,0.69,5,1,12,1,55.2,44.8,2,3,0,0,7,2
2021-12-13,Din. Bucuresti,Chindia Targoviste,1,0,2.55,2.81,3.03,2.65,2.85,3.17,Liga I,,20211213_Din.-Bucuresti_Chindia-Targoviste,-103.92015839396186,1.62,1.26,7,4,15,10,46.9,53.1,1,1,0,0,10,2
2021-12-14,Academica Clinceni,FC Voluntari,0,0,4.56,3.27,1.81,5.07,3.41,1.79,Liga I,,20211214_Academica-Clinceni_FC-Voluntari,-101.3169356302169,0.05,1.25,1,6,3,14,47.2,52.8,1,0,0,0,2,8
2021-12-14,Univ. Craiova,UTA Arad,0,0,1.73,3.58,4.55,1.73,3.67,5.04,Liga I,,20211214_Univ.-Craiova_UTA-Arad,43.87674742711897,0.3,0.71,2,2,6,5,52.1,47.9,1,0,0,0,3,5
2021-12-15,FC Arges,Sepsi Sf. Gheorghe,1,1,3.33,2.77,2.41,3.59,2.71,2.52,Liga I,,20211215_FC-Arges_Sepsi-Sf.-Gheorghe,-42.27020055743333,0.97,1.73,3,5,7,9,45.3,54.7,4,2,0,0,7,8
2021-12-15,FC Botosani,Gaz Metan Medias,2,1,1.72,3.2,5.44,1.71,3.42,5.77,Liga I,,20211215_FC-Botosani_Gaz-Metan-Medias,85.74559457305531,2.6,2.05,6,8,10,17,52.9,47.1,0,0,0,0,10,9
2021-12-15,FCSB,FC Rapid Bucuresti,3,1,1.52,3.92,6.03,1.56,4.0,6.27,Liga I,,20211215_FCSB_FC-Rapid-Bucuresti,141.86484077400542,0.64,1.56,3,5,8,12,53.7,46.3,7,1,0,0,4,7
2021-12-16,Chindia Targoviste,U Craiova 1948,0,3,2.4,2.7,3.5,2.46,2.76,3.62,Liga I,,20211216_Chindia-Targoviste_U-Craiova-1948,26.118149965021985,0.07,0.97,0,3,4,7,55.2,44.8,1,2,0,0,6,5
2021-12-16,Farul Constanta,CFR Cluj,0,2,3.06,2.72,2.6,3.1,2.77,2.77,Liga I,,20211216_Farul-Constanta_CFR-Cluj,-228.17676484644858,1.63,1.33,6,5,15,10,49.3,50.7,0,1,0,0,13,3
2021-12-16,Mioveni,Din. Bucuresti,2,1,1.78,3.37,4.64,1.78,3.51,5.01,Liga I,,20211216_Mioveni_Din.-Bucuresti,64.07966328211842,1.23,1.22,5,5,9,10,58.3,41.7,1,3,0,0,5,5
2021-12-17,FC Voluntari,UTA Arad,2,1,2.99,2.74,2.63,3.1,2.8,2.75,Liga I,,20211217_FC-Voluntari_UTA-Arad,28.22847633176616,1.49,1.48,4,5,8,11,55.2,44.8,3,1,1,0,6,4
2021-12-18,FC Rapid Bucuresti,FC Botosani,1,1,3.11,2.97,2.36,3.31,3.03,2.42,Liga I,,20211218_FC-Rapid-Bucuresti_FC-Botosani,-29.96050099777767,0.88,0.71,2,4,4,11,48.3,51.7,2,2,0,0,5,4
2021-12-18,Gaz Metan Medias,Univ. Craiova,1,1,4.93,3.28,1.75,5.37,3.3,1.79,Liga I,,20211218_Gaz-Metan-Medias_Univ.-Craiova,-92.91638469851023,0.38,1.85,3,7,7,15,45.8,54.2,2,1,0,0,5,11
2021-12-19,Academica Clinceni,Chindia Targoviste,0,1,3.33,2.81,2.37,3.5,2.76,2.52,Liga I,,20211219_Academica-Clinceni_Chindia-Targoviste,-16.343713715713875,1.13,0.8,4,2,8,5,51.6,48.4,1,1,0,0,6,10
2021-12-19,CFR Cluj,FC Arges,1,0,1.44,3.87,8.18,1.45,3.92,9.26,Liga I,,20211219_CFR-Cluj_FC-Arges,247.61866517602834,0.85,0.46,1,1,3,4,52.6,47.4,0,2,0,0,5,5
2021-12-19,Sepsi Sf. Gheorghe,FCSB,0,0,2.56,2.85,2.96,2.68,2.86,3.12,Liga I,,20211219_Sepsi-Sf.-Gheorghe_FCSB,-131.8813976228223,0.65,1.19,3,5,5,10,43.8,56.2,1,1,0,0,4,5
2021-12-20,Din. Bucuresti,Farul Constanta,0,2,6.82,3.8,1.5,8.0,3.77,1.52,Liga I,,20211220_Din.-Bucuresti_Farul-Constanta,-136.32247701759138,0.92,1.85,2,4,6,8,33.2,66.8,3,2,0,1,3,6
2021-12-20,U Craiova 1948,Mioveni,0,0,2.52,2.79,3.1,2.54,2.86,3.33,Liga I,,20211220_U-Craiova-1948_Mioveni,-14.160655087758869,0.67,0.48,2,1,7,0,42.2,57.8,3,1,0,0,2,1
2022-01-21,FC Arges,Din. Bucuresti,2,1,1.65,3.43,5.31,1.65,3.64,5.9,Liga I,,20220121_FC-Arges_Din.-Bucuresti,129.9195725413747,1.03,0.49,4,2,7,5,50.9,49.1,1,3,0,0,3,5
2022-01-22,Chindia Targoviste,FC Voluntari,0,0,2.76,2.65,2.9,2.82,2.75,3.07,Liga I,,20220122_Chindia-Targoviste_FC-Voluntari,-77.75759781692591,0.05,1.88,2,5,3,7,41.5,58.5,1,2,0,1,2,9
2022-01-22,Univ. Craiova,FC Rapid Bucuresti,1,0,1.88,3.44,3.84,1.99,3.49,3.66,Liga I,,20220122_Univ.-Craiova_FC-Rapid-Bucuresti,14.769913550534966,1.01,0.68,4,3,10,7,47.6,52.4,1,1,0,0,6,8
2022-01-23,FCSB,CFR Cluj,3,3,2.65,2.76,2.91,2.82,2.72,3.12,Liga I,,20220123_FCSB_CFR-Cluj,-85.37239859624083,1.02,2.0,3,7,6,16,51.6,48.4,2,1,0,0,5,10
2022-01-23,Mioveni,Academica Clinceni,3,1,1.08,8.4,33.37,1.11,9.02,28.47,Liga I,,20220123_Mioveni_Academica-Clinceni,41.1341089132618,0.81,0.83,3,1,7,5,50.7,49.3,1,3,0,0,4,2
2022-01-23,UTA Arad,Gaz Metan Medias,0,1,1.53,3.52,7.02,1.56,3.67,7.45,Liga I,,20220123_UTA-Arad_Gaz-Metan-Medias,37.89252607450612,0.05,1.41,2,2,4,3,53.4,46.6,3,4,0,0,3,3
2022-01-24,FC Botosani,Sepsi Sf. Gheorghe,1,0,3.07,2.78,2.52,3.33,2.78,2.6,Liga I,,20220124_FC-Botosani_Sepsi-Sf.-Gheorghe,-0.11426640731679072,0.66,0.05,1,1,2,2,52.8,47.2,3,0,0,0,1,4
2022-01-24,Farul Constanta,U Craiova 1948,3,2,1.54,3.52,6.72,1.56,3.64,7.48,Liga I,,20220124_Farul-Constanta_U-Craiova-1948,73.81080199927646,1.45,1.32,4,4,8,8,51.8,48.2,2,2,1,0,6,2
2022-01-28,Sepsi Sf. Gheorghe,Univ. Craiova,3,1,2.6,2.82,2.92,2.73,2.83,3.09,Liga I,,20220128_Sepsi-Sf.-Gheorghe_Univ.-Craiova,-10.253748448202487,1.25,0.63,3,3,5,4,50.4,49.6,0,0,0,0,3,4
2022-01-29,FC Rapid Bucuresti,UTA Arad,1,1,2.76,2.87,2.7,2.97,2.87,2.79,Liga I,,20220129_FC-Rapid-Bucuresti_UTA-Arad,35.7976971917069,0.21,1.22,1,4,1,7,46.3,53.7,3,1,0,0,5,7
2022-01-29,FC Voluntari,Gaz Metan Medias,3,1,1.72,3.2,5.34,1.74,3.31,5.88,Liga I,,20220129_FC-Voluntari_Gaz-Metan-Medias,72.23003804906125,1.49,1.38,6,3,14,7,50.4,49.6,4,2,0,1,12,4
2022-01-30,Chindia Targoviste,Mioveni,0,0,2.55,2.57,3.32,2.69,2.63,3.43,Liga I,,20220130_Chindia-Targoviste_Mioveni,-9.862733399076888,1.37,0.74,5,2,11,5,53.9,46.1,4,1,0,0,14,6
2022-01-30,Din. Bucuresti,FCSB,0,3,7.1,4.13,1.43,7.89,4.25,1.45,Liga I,,20220130_Din.-Bucuresti_FCSB,-312.07049884992375,0.75,1.47,4,3,7,5,45.1,54.9,2,3,0,0,4,3
2022-01-30,U Craiova 1948,FC Arges,1,0,2.58,2.68,3.11,2.74,2.68,3.27,Liga I,,20220130_U-Craiova-1948_FC-Arges,-69.56864131421435,1.14,0.92,4,3,9,7,47.2,52.8,1,2,0,0,5,6
2022-01-31,CFR Cluj,FC Botosani,1,1,1.5,3.65,7.09,1.51,3.81,8.1,Liga I,,20220131_CFR-Cluj_FC-Botosani,193.77707257568818,1.31,1.2,4,4,9,11,55.2,44.8,2,2,0,0,4,2
2022-02-04,Gaz Metan Medias,FC Rapid Bucuresti,1,1,3.11,2.8,2.48,3.31,2.8,2.6,Liga I,,20220204_Gaz-Metan-Medias_FC-Rapid-Bucuresti,-55.391570813172166,0.23,0.8,1,3,3,7,46.6,53.4,3,1,0,0,0,4
2022-02-04,Mioveni,FC Voluntari,0,0,2.95,2.68,2.71,3.05,2.64,2.97,Liga I,,20220204_Mioveni_FC-Voluntari,-72.49262728955637,0.54,0.92,2,3,5,8,42.8,57.2,3,3,0,0,2,5
2022-02-05,Farul Constanta,Chindia Targoviste,0,1,1.56,3.49,6.69,1.58,3.64,7.68,Liga I,,20220205_Farul-Constanta_Chindia-Targoviste,69.05242588668898,0.65,1.41,2,3,4,7,59.2,40.8,1,0,0,0,1,2
2022-02-05,UTA Arad,Sepsi Sf. Gheorghe,1,0,2.61,2.8,2.94,2.68,2.93,3.04,Liga I,,20220205_UTA-Arad_Sepsi-Sf.-Gheorghe,-74.41620420442928,0.79,0.64,2,3,5,6,47.4,52.6,2,1,0,0,2,8
2022-02-05,Univ. Craiova,CFR Cluj,1,1,2.87,2.9,2.58,3.02,2.84,2.78,Liga I,,20220205_Univ.-Craiova_CFR-Cluj,-213.69545833025882,0.3,1.04,2,3,1,5,48.2,51.8,2,0,0,0,3,6
2022-02-06,FC Arges,Academica Clinceni,1,0,1.06,10.6,34.01,1.04,10.28,42.28,Liga I,,20220206_FC-Arges_Academica-Clinceni,84.24606874369829,1.26,1.58,3,6,8,15,57.2,42.8,5,1,0,0,3,1
2022-02-06,FCSB,U Craiova 1948,2,2,1.47,4.07,6.53,1.48,4.17,7.16,Liga I,,20220206_FCSB_U-Craiova-1948,225.34161598328228,1.84,0.05,6,2,13,3,52.6,47.4,1,0,0,0,5,2
2022-02-07,FC Botosani,Din. Bucuresti,4,0,1.72,3.33,5.04,1.72,3.37,5.71,Liga I,,20220207_FC-Botosani_Din.-Bucuresti,207.37483506804983,2.35,0.82,6,2,11,5,56.7,43.3,2,4,0,0,2,5
2022-02-08,CFR Cluj,UTA Arad,0,0,1.77,3.05,5.39,1.81,3.03,6.12,Liga I,,20220208_CFR-Cluj_UTA-Arad,252.55347263489352,0.91,0.95,2,3,6,6,57.0,43.0,2,2,0,0,3,4
2022-02-08,FC Voluntari,FC Rapid Bucuresti,0,0,2.13,2.95,3.66,2.19,2.93,4.07,Liga I,,20220208_FC-Voluntari_FC-Rapid-Bucuresti,35.348670503301946,0.05,0.76,0,2,1,6,58.4,41.6,1,3,0,0,4,2
2022-02-08,Sepsi Sf. Gheorghe,Gaz Metan Medias,2,0,1.54,3.51,6.73,1.55,3.49,7.74,Liga I,,20220208_Sepsi-Sf.-Gheorghe_Gaz-Metan-Medias,80.04542241577815,0.05,1.45,2,4,7,11,53.0,47.0,2,2,0,0,1,7
2022-02-09,Academica Clinceni,FCSB,0,3,17.67,6.68,1.15,21.88,7.01,1.16,Liga I,,20220209_Academica-Clinceni_FCSB,-271.0588225046997,1.01,1.28,4,3,6,5,39.4,60.6,1,0,0,0,1,3
2022-02-09,Chindia Targoviste,FC Arges,1,1,2.65,2.57,3.19,2.77,2.59,3.36,Liga I,,20220209_Chindia-Targoviste_FC-Arges,-26.25426945368781,1.88,1.4,5,4,13,8,64.1,35.9,0,1,0,0,5,4
2022-02-09,Mioveni,Farul Constanta,1,1,3.49,2.78,2.31,3.61,2.74,2.48,Liga I,,20220209_Mioveni_Farul-Constanta,-43.04863759294403,0.05,0.11,1,1,2,2,48.7,51.3,1,0,0,0,0,8
2022-02-10,Din. Bucuresti,Univ. Craiova,1,6,5.99,3.7,1.55,6.52,3.74,1.59,Liga I,,20220210_Din.-Bucuresti_Univ.-Craiova,-187.45971073033252,1.16,1.6,4,6,11,13,43.9,56.1,1,4,0,0,4,7
2022-02-10,U Craiova 1948,FC Botosani,3,2,2.54,2.75,3.09,2.59,2.83,3.28,Liga I,,20220210_U-Craiova-1948_FC-Botosani,-112.5497205124691,1.19,0.83,3,3,7,8,44.4,55.6,1,3,0,1,9,6
2022-02-11,FC Rapid Bucuresti,Sepsi Sf. Gheorghe,1,1,3.62,2.8,2.25,3.78,2.82,2.35,Liga I,,20220211_FC-Rapid-Bucuresti_Sepsi-Sf.-Gheorghe,-36.5145964335934,0.83,0.65,3,2,5,4,51.6,48.4,3,2,0,0,1,3
2022-02-12,Farul Constanta,FC Voluntari,3,0,1.74,3.19,5.29,1.78,3.25,5.64,Liga I,,20220212_Farul-Constanta_FC-Voluntari,-24.770382148770977,1.27,0.73,4,1,8,2,47.5,52.5,1,1,0,0,9,1
2022-02-12,Gaz Metan Medias,CFR Cluj,1,2,10.27,4.15,1.35,11.56,4.32,1.36,Liga I,,20220212_Gaz-Metan-Medias_CFR-Cluj,-289.07518000334835,1.56,1.38,5,4,10,9,29.7,70.3,2,2,0,0,7,3
2022-02-13,FC Arges,Mioveni,1,0,2.37,2.78,3.35,2.42,2.83,3.61,Liga I,,20220213_FC-Arges_Mioveni,26.574270895670224,1.01,1.16,3,3,6,5,53.9,46.1,3,1,1,0,2,4
2022-02-13,FCSB,Chindia Targoviste,3,2,1.62,3.41,5.94,1.62,3.54,6.64,Liga I,,20220213_FCSB_Chindia-Targoviste,198.0363805240329,1.07,1.32,3,5,7,11,54.5,45.5,1,6,0,1,6,4
2022-02-13,UTA Arad,Din. Bucuresti,0,0,1.39,4.25,7.97,1.42,4.39,8.45,Liga I,,20220213_UTA-Arad_Din.-Bucuresti,148.99955980969662,1.4,0.32,3,1,6,1,56.1,43.9,1,0,0,0,2,2
2022-02-14,FC Botosani,Academica Clinceni,2,0,1.24,5.38,11.75,1.23,5.94,14.55,Liga I,,20220214_FC-Botosani_Academica-Clinceni,160.37365340173756,1.41,0.88,6,4,12,7,57.3,42.7,3,1,1,0,9,3
2022-02-14,Univ. Craiova,U Craiova 1948,2,0,1.74,3.28,4.91,1.76,3.34,5.51,Liga I,,20220214_Univ.-Craiova_U-Craiova-1948,71.80167399187712,2.33,1.76,7,7,14,18,40.5,59.5,3,3,0,0,5,10
2022-02-17,Academica Clinceni,Farul Constanta,2,8,20.33,6.31,1.15,22.38,6.17,1.18,Liga I,,20220217_Academica-Clinceni_Farul-Constanta,-138.99258638092283,1.16,3.16,4,10,7,20,47.5,52.5,1,3,0,0,7,14
2022-02-18,Din. Bucuresti,Gaz Metan Medias,4,0,1.19,6.7,12.79,1.34,4.77,9.18,Liga I,,20220218_Din.-Bucuresti_Gaz-Metan-Medias,-88.89615506449127,0.87,0.23,4,2,10,3,55.2,44.8,3,2,0,0,6,3
2022-02-18,U Craiova 1948,UTA Arad,1,1,3.01,2.82,2.55,3.09,2.84,2.69,Liga I,,20220218_U-Craiova-1948_UTA-Arad,-25.867502013257308,0.57,1.25,2,4,3,10,50.1,49.9,1,0,0,0,3,4
2022-02-19,FC Voluntari,Sepsi Sf. Gheorghe,3,1,3.0,2.78,2.58,3.11,2.83,2.71,Liga I,,20220219_FC-Voluntari_Sepsi-Sf.-Gheorghe,-15.19688057874123,0.77,0.86,3,3,7,9,46.5,53.5,0,2,0,0,1,8
2022-02-19,Mioveni,FCSB,1,1,5.19,3.21,1.75,5.66,3.33,1.75,Liga I,,20220219_Mioveni_FCSB,-217.0661983773482,0.94,0.05,2,1,3,1,41.1,58.9,0,2,0,0,0,3
2022-02-20,CFR Cluj,FC Rapid Bucuresti,2,1,1.41,4.04,8.25,1.43,4.17,8.8,Liga I,,20220220_CFR-Cluj_FC-Rapid-Bucuresti,229.5426081694095,0.32,1.38,2,2,5,6,57.6,42.4,2,4,0,0,7,2
2022-02-20,Chindia Targoviste,FC Botosani,1,1,2.73,2.7,2.92,2.89,2.72,3.03,Liga I,,20220220_Chindia-Targoviste_FC-Botosani,-91.65767608704732,1.35,1.72,5,5,12,12,47.3,52.7,2,0,0,0,7,9
2022-02-21,Academica Clinceni,Univ. Craiova,1,3,27.97,10.21,1.07,26.11,11.05,1.09,Liga I,,20220221_Academica-Clinceni_Univ.-Craiova,-174.95752539255727,1.0,0.17,6,3,12,7,44.3,55.7,2,4,0,0,8,6
2022-02-21,Farul Constanta,FC Arges,0,1,1.57,3.66,5.88,1.6,3.82,6.08,Liga I,,20220221_Farul-Constanta_FC-Arges,22.726016152151033,1.11,1.62,3,6,7,14,54.9,45.1,5,0,1,0,6,6
2022-02-25,UTA Arad,Academica Clinceni,2,0,1.24,5.44,11.78,1.23,5.93,13.52,Liga I,,20220225_UTA-Arad_Academica-Clinceni,115.44300259273768,0.63,0.72,3,2,7,5,51.3,48.7,3,2,0,0,4,3
2022-02-25,Univ. Craiova,Chindia Targoviste,1,0,1.45,3.81,7.84,1.44,4.05,9.33,Liga I,,20220225_Univ.-Craiova_Chindia-Targoviste,88.48131191874563,1.17,0.7,3,2,8,6,52.5,47.5,2,4,0,1,8,6
2022-02-26,FC Rapid Bucuresti,Din. Bucuresti,1,1,1.88,3.23,4.23,1.91,3.25,4.63,Liga I,,20220226_FC-Rapid-Bucuresti_Din.-Bucuresti,136.01193086392618,0.64,1.39,2,5,3,11,47.9,52.1,2,3,0,0,4,11
2022-02-26,Gaz Metan Medias,U Craiova 1948,0,3,31.38,11.7,1.05,41.66,12.15,1.06,Liga I,,20220226_Gaz-Metan-Medias_U-Craiova-1948,-40.428019903806444,1.45,1.13,5,5,9,12,48.1,51.9,3,0,0,1,7,5
2022-02-26,Sepsi Sf. Gheorghe,CFR Cluj,0,2,2.91,2.72,2.74,2.79,2.88,2.96,Liga I,,20220226_Sepsi-Sf.-Gheorghe_CFR-Cluj,-213.11988870716777,0.28,1.37,0,6,2,16,44.2,55.8,3,0,0,0,2,4
2022-02-27,FC Arges,FC Voluntari,0,0,2.42,2.76,3.3,2.53,2.73,3.54,Liga I,,20220227_FC-Arges_FC-Voluntari,-14.088879979182138,0.75,1.03,2,5,3,11,48.6,51.4,0,1,0,0,6,4
2022-02-27,FC Botosani,Mioveni,0,0,1.96,2.97,4.27,1.96,3.1,4.65,Liga I,,20220227_FC-Botosani_Mioveni,89.3084711624424,0.55,0.7,1,3,1,8,50.9,49.1,0,0,0,0,5,4
2022-02-27,FCSB,Farul Constanta,0,2,1.93,3.17,4.08,1.96,3.24,4.38,Liga I,,20220227_FCSB_Farul-Constanta,151.72857853756,1.09,0.43,4,2,8,3,60.9,39.1,2,3,0,0,5,2
2022-03-01,Chindia Targoviste,UTA Arad,1,0,3.37,2.63,2.48,3.56,2.65,2.6,Liga I,,20220301_Chindia-Targoviste_UTA-Arad,-33.28647507002188,0.46,0.88,1,1,2,0,47.6,52.4,1,2,0,0,4,0
2022-03-01,Din. Bucuresti,Sepsi Sf. Gheorghe,1,3,3.72,3.12,2.05,3.78,3.2,2.14,Liga I,,20220301_Din.-Bucuresti_Sepsi-Sf.-Gheorghe,-152.6298253256764,0.62,1.08,4,3,9,6,45.9,54.1,1,0,1,0,4,2
2022-03-01,U Craiova 1948,FC Rapid Bucuresti,3,2,2.3,2.95,3.29,2.39,2.98,3.45,Liga I,,20220301_U-Craiova-1948_FC-Rapid-Bucuresti,-21.61640492429956,1.87,1.63,4,6,9,14,52.0,48.0,1,1,0,0,6,8
2022-03-02,Academica Clinceni,Gaz Metan Medias,2,0,1.28,5.05,10.31,1.31,5.06,11.17,Liga I,,20220302_Academica-Clinceni_Gaz-Metan-Medias,-48.47439032505258,0.76,1.26,4,4,8,7,47.9,52.1,1,3,0,0,5,8
2022-03-02,FC Voluntari,CFR Cluj,0,1,3.88,2.86,2.13,4.05,2.89,2.21,Liga I,,20220302_FC-Voluntari_CFR-Cluj,-209.1957585780492,0.99,0.71,3,2,5,5,36.2,63.8,2,0,0,0,4,3
2022-03-02,Mioveni,Univ. Craiova,0,3,4.76,3.06,1.85,5.12,3.04,1.92,Liga I,,20220302_Mioveni_Univ.-Craiova,-98.31063418085,0.99,1.36,2,3,1,7,44.1,55.9,3,1,0,0,3,7
2022-03-03,FC Arges,FCSB,1,0,3.24,2.74,2.46,3.44,2.77,2.55,Liga I,,20220303_FC-Arges_FCSB,-131.46966260702197,1.41,0.05,5,0,11,0,44.9,55.1,2,2,0,0,3,3
2022-03-03,Farul Constanta,FC Botosani,2,0,1.68,3.31,5.49,1.68,3.49,5.97,Liga I,,20220303_Farul-Constanta_FC-Botosani,-17.327988582018406,1.6,1.08,5,3,10,7,46.0,54.0,4,0,0,0,4,6
2022-03-04,Sepsi Sf. Gheorghe,U Craiova 1948,2,1,1.74,3.3,4.94,1.72,3.52,5.47,Liga I,,20220304_Sepsi-Sf.-Gheorghe_U-Craiova-1948,41.47497130995748,0.79,0.05,3,1,6,2,53.3,46.7,5,0,0,0,7,1
2022-03-05,FC Rapid Bucuresti,Academica Clinceni,1,0,1.28,4.96,10.91,1.28,5.23,13.02,Liga I,,20220305_FC-Rapid-Bucuresti_Academica-Clinceni,105.32957400626083,1.23,0.92,5,3,12,8,61.1,38.9,0,4,0,1,5,4
2022-03-05,UTA Arad,Mioveni,2,1,1.6,3.41,6.54,1.55,3.64,7.68,Liga I,,20220305_UTA-Arad_Mioveni,20.645187257208818,2.77,0.54,10,1,20,4,51.4,48.6,0,3,0,0,7,4
2022-03-06,CFR Cluj,Din. Bucuresti,4,1,1.21,5.84,13.18,1.2,6.51,15.42,Liga I,,20220306_CFR-Cluj_Din.-Bucuresti,389.2137573755738,0.98,1.36,4,3,10,6,56.6,43.4,1,2,0,0,5,3
2022-03-06,FCSB,FC Voluntari,1,0,1.59,3.59,5.85,1.61,3.7,6.33,Liga I,,20220306_FCSB_FC-Voluntari,107.55504407511239,0.67,0.88,4,4,11,9,53.3,46.7,0,3,0,0,6,4
2022-03-06,Gaz Metan Medias,Chindia Targoviste,0,4,39.53,9.97,1.06,44.19,8.71,1.1,Liga I,,20220306_Gaz-Metan-Medias_Chindia-Targoviste,-76.79832119539742,0.21,1.41,0,5,0,11,45.6,54.4,3,2,0,0,1,5
2022-03-07,FC Botosani,FC Arges,1,2,2.28,2.78,3.53,2.35,2.84,3.74,Liga I,,20220307_FC-Botosani_FC-Arges,1.9972008498191371,1.19,0.85,1,2,3,4,50.2,49.8,3,1,0,0,2,2
2022-03-07,Univ. Craiova,Farul Constanta,1,0,1.95,3.19,3.98,2.0,3.26,4.17,Liga I,,20220307_Univ.-Craiova_Farul-Constanta,28.461274166628755,1.73,1.0,7,3,14,9,54.9,45.1,3,3,0,0,9,9
2022-03-11,UTA Arad,Academica Clinceni,3,0,1.17,6.35,16.24,1.18,6.89,17.45,Liga I,,20220311_UTA-Arad_Academica-Clinceni,124.69724047358454,2.1,1.23,6,5,14,12,61.0,39.0,3,2,1,0,9,9
2022-03-11,Univ. Craiova,FC Arges,3,0,1.42,3.94,8.18,1.44,4.07,8.97,Liga I,,20220311_Univ.-Craiova_FC-Arges,37.276665298654734,1.07,0.85,5,1,9,3,51.9,48.1,3,3,0,0,3,2
2022-03-12,CFR Cluj,FC Voluntari,3,1,1.41,3.91,8.75,1.4,4.19,10.0,Liga I,,20220312_CFR-Cluj_FC-Voluntari,230.9781203099983,1.93,1.15,6,4,15,8,53.1,46.9,0,3,0,0,6,4
2022-03-12,Chindia Targoviste,U Craiova 1948,0,0,2.58,2.7,3.09,2.73,2.64,3.38,Liga I,,20220312_Chindia-Targoviste_U-Craiova-1948,8.70544895341527,1.95,0.94,5,4,10,10,54.2,45.8,0,2,0,0,3,10
2022-03-13,FC Rapid Bucuresti,Din. Bucuresti,3,1,2.04,3.08,3.8,2.05,3.12,4.23,Liga I,,20220313_FC-Rapid-Bucuresti_Din.-Bucuresti,132.14404688448872,1.09,1.42,3,4,6,11,52.5,47.5,2,2,1,0,1,10
2022-03-13,Sepsi Sf. Gheorghe,Mioveni,3,1,1.59,3.41,6.35,1.6,3.48,7.24,Liga I,,20220313_Sepsi-Sf.-Gheorghe_Mioveni,88.24674716152322,0.86,0.81,3,4,7,10,57.4,42.6,1,1,0,0,6,9
2022-03-14,FC Botosani,Gaz Metan Medias,5,0,1.05,10.55,37.4,,,,Liga I,,20220314_FC-Botosani_Gaz-Metan-Medias,139.83407343805197,1.87,1.52,6,3,15,7,52.1,47.9,1,5,0,0,10,10
2022-03-14,FCSB,Farul Constanta,2,0,2.04,3.06,3.83,2.04,3.12,4.23,Liga I,,20220314_FCSB_Farul-Constanta,108.35149651080587,1.78,1.77,5,5,10,12,59.4,40.6,1,2,0,0,8,5
2022-03-18,FC Botosani,UTA Arad,1,0,2.61,2.82,2.93,2.8,2.8,3.04,Liga I,,20220318_FC-Botosani_UTA-Arad,34.910226914437544,1.28,0.54,3,2,8,4,50.4,49.6,2,0,0,0,4,2
2022-03-18,FC Voluntari,Univ. Craiova,3,1,5.15,3.37,1.7,5.67,3.45,1.72,Liga I,,20220318_FC-Voluntari_Univ.-Craiova,-82.24088182677087,1.51,1.47,4,6,8,13,48.8,51.2,1,1,0,0,8,11
2022-03-19,Academica Clinceni,FC Rapid Bucuresti,0,1,9.59,4.33,1.35,10.86,4.51,1.36,Liga I,,20220319_Academica-Clinceni_FC-Rapid-Bucuresti,-137.78160735204415,1.04,1.09,2,4,5,7,43.5,56.5,1,0,0,0,4,5
2022-03-19,Farul Constanta,CFR Cluj,0,0,3.1,2.71,2.57,3.25,2.75,2.77,Liga I,,20220319_Farul-Constanta_CFR-Cluj,-228.37143539543786,0.93,0.74,3,3,6,7,43.9,56.1,2,1,0,0,8,4
2022-03-19,Gaz Metan Medias,U Craiova 1948,0,2,24.85,9.15,1.08,,,,Liga I,,20220319_Gaz-Metan-Medias_U-Craiova-1948,-94.58841639772072,1.52,0.52,3,2,6,5,44.9,55.1,0,3,0,0,7,8
2022-03-20,Din. Bucuresti,Sepsi Sf. Gheorghe,0,0,4.24,3.29,1.85,4.49,3.41,1.88,Liga I,,20220320_Din.-Bucuresti_Sepsi-Sf.-Gheorghe,-196.25853869521984,0.33,0.66,0,1,0,4,42.8,57.2,2,4,0,1,2,2
2022-03-20,FC Arges,FCSB,2,3,5.31,3.39,1.68,5.88,3.37,1.72,Liga I,,20220320_FC-Arges_FCSB,-114.22041751767188,1.37,1.9,5,6,13,15,52.4,47.6,2,3,0,0,4,6
2022-03-21,Mioveni,Chindia Targoviste,1,0,3.09,2.54,2.77,3.21,2.58,2.89,Liga I,,20220321_Mioveni_Chindia-Targoviste,-43.0440308629295,0.89,1.15,1,5,2,11,54.4,45.6,2,0,0,0,2,4
2022-04-01,Chindia Targoviste,Din. Bucuresti,0,2,1.71,3.2,5.47,1.75,3.23,6.03,Liga I,,20220401_Chindia-Targoviste_Din.-Bucuresti,113.40572389154363,0.24,0.46,0,2,0,3,55.6,44.4,1,2,0,0,3,1
2022-04-01,U Craiova 1948,Mioveni,1,1,2.19,2.86,3.67,2.14,3.03,4.05,Liga I,,20220401_U-Craiova-1948_Mioveni,30.272101925065954,0.05,0.56,1,4,3,7,49.8,50.2,1,0,0,0,5,5
2022-04-02,FC Rapid Bucuresti,FC Botosani,3,0,2.46,2.84,3.12,2.49,2.9,3.36,Liga I,,20220402_FC-Rapid-Bucuresti_FC-Botosani,-40.886208319382604,0.78,0.76,3,3,8,7,49.9,50.1,2,1,0,0,3,5
2022-04-02,FC Voluntari,Farul Constanta,1,0,3.27,2.84,2.36,3.46,2.95,2.4,Liga I,,20220402_FC-Voluntari_Farul-Constanta,-4.779577845446056,0.05,0.74,1,0,2,1,47.1,52.9,2,3,0,0,6,4
2022-04-02,UTA Arad,Gaz Metan Medias,4,0,1.05,11.68,33.75,1.06,13.11,49.77,Liga I,,20220402_UTA-Arad_Gaz-Metan-Medias,117.76743605162505,1.87,1.53,7,3,16,6,51.1,48.9,1,1,0,0,8,3
2022-04-03,FCSB,Univ. Craiova,0,2,2.09,3.21,3.45,2.11,3.39,3.63,Liga I,,20220403_FCSB_Univ.-Craiova,78.4887121953966,0.49,1.53,3,4,5,8,50.9,49.1,1,2,0,0,3,4
2022-04-04,CFR Cluj,FC Arges,2,0,1.37,4.09,9.39,1.4,4.1,11.07,Liga I,,20220404_CFR-Cluj_FC-Arges,218.7638416323282,1.15,0.98,3,4,8,10,52.5,47.5,1,0,0,0,3,6
2022-04-04,Sepsi Sf. Gheorghe,Academica Clinceni,6,0,1.1,8.38,22.24,1.1,9.65,30.98,Liga I,,20220404_Sepsi-Sf.-Gheorghe_Academica-Clinceni,187.9450432638971,1.68,1.99,6,5,12,11,52.5,47.5,0,1,0,0,5,4
2022-04-08,Academica Clinceni,Chindia Targoviste,0,3,21.24,6.0,1.16,22.39,6.23,1.18,Liga I,,20220408_Academica-Clinceni_Chindia-Targoviste,-107.66237683544159,0.92,1.52,4,5,6,12,43.1,56.9,2,0,0,0,5,2
2022-04-08,Din. Bucuresti,U Craiova 1948,1,2,3.52,3.12,2.11,3.83,3.2,2.12,Liga I,,20220408_Din.-Bucuresti_U-Craiova-1948,-110.76565457486959,0.5,1.2,1,4,1,10,37.7,62.3,1,3,0,0,2,6
2022-04-09,FC Arges,Farul Constanta,0,2,3.53,2.9,2.2,3.78,2.95,2.27,Liga I,,20220409_FC-Arges_Farul-Constanta,2.628798679276997,0.05,0.73,0,2,1,5,43.4,56.6,1,1,0,0,2,5
2022-04-09,UTA Arad,FC Rapid Bucuresti,0,2,2.03,3.0,3.97,2.08,2.98,4.35,Liga I,,20220409_UTA-Arad_FC-Rapid-Bucuresti,-20.944869303091536,0.9,0.66,1,2,2,4,43.8,56.2,0,1,0,0,1,3
2022-04-10,FC Botosani,Sepsi Sf. Gheorghe,0,1,3.04,2.85,2.48,3.21,2.86,2.62,Liga I,,20220410_FC-Botosani_Sepsi-Sf.-Gheorghe,-13.806622145768415,0.83,1.01,1,4,1,9,52.0,48.0,2,1,0,0,1,3
2022-04-10,Univ. Craiova,CFR Cluj,3,2,2.59,2.9,2.83,2.73,2.9,3.01,Liga I,,20220410_Univ.-Craiova_CFR-Cluj,-157.29025999122314,2.1,1.31,7,3,13,5,35.1,64.9,1,3,0,0,15,3
2022-04-11,FCSB,FC Voluntari,4,0,1.47,3.96,6.74,1.5,4.02,7.51,Liga I,,20220411_FCSB_FC-Voluntari,104.32159347578818,2.26,0.27,7,2,16,4,55.6,44.4,1,2,0,0,10,0
2022-04-11,Gaz Metan Medias,Mioveni,1,2,23.61,7.55,1.11,30.08,8.03,1.12,Liga I,,20220411_Gaz-Metan-Medias_Mioveni,-91.06347989478468,0.61,1.31,2,4,6,7,49.3,50.7,2,1,0,0,6,5
2022-04-15,Chindia Targoviste,FC Botosani,1,2,2.29,2.75,3.58,2.35,2.8,3.82,Liga I,,20220415_Chindia-Targoviste_FC-Botosani,-58.707612612992534,0.9,0.74,2,5,5,10,42.4,57.6,4,5,0,0,4,7
2022-04-15,Mioveni,Din. Bucuresti,2,0,2.05,3.15,3.69,2.13,3.24,3.76,Liga I,,20220415_Mioveni_Din.-Bucuresti,99.80311836640658,1.82,1.99,5,6,13,14,50.5,49.5,2,3,0,0,9,7
2022-04-16,FC Voluntari,FC Arges,0,1,2.12,2.95,3.71,2.18,3.02,3.93,Liga I,,20220416_FC-Voluntari_FC-Arges,20.511182781963726,0.3,1.05,4,4,8,8,45.2,54.8,2,4,0,0,4,9
2022-04-16,Farul Constanta,Univ. Craiova,0,3,2.92,3.07,2.42,3.08,3.13,2.5,Liga I,,20220416_Farul-Constanta_Univ.-Craiova,-79.71363510671677,1.71,0.83,5,3,10,6,50.4,49.6,2,3,0,0,8,9
2022-04-16,Sepsi Sf. Gheorghe,UTA Arad,1,0,1.88,3.13,4.37,1.91,3.24,4.65,Liga I,,20220416_Sepsi-Sf.-Gheorghe_UTA-Arad,71.62719826153511,1.9,1.33,6,4,11,9,51.8,48.2,4,2,0,0,6,5
2022-04-17,CFR Cluj,FCSB,0,1,2.11,3.1,3.49,2.18,3.07,3.84,Liga I,,20220417_CFR-Cluj_FCSB,82.54202670895256,0.56,0.82,2,3,6,8,55.1,44.9,1,5,0,1,7,6
2022-04-17,U Craiova 1948,Academica Clinceni,4,0,1.07,9.44,30.9,1.08,10.79,45.8,Liga I,,20220417_U-Craiova-1948_Academica-Clinceni,153.28419192129581,1.32,0.52,5,3,11,6,56.5,43.5,1,1,0,0,5,4
2022-04-18,FC Rapid Bucuresti,Gaz Metan Medias,8,0,1.02,14.0,45.77,1.02,16.44,48.31,Liga I,,20220418_FC-Rapid-Bucuresti_Gaz-Metan-Medias,175.07743830873028,3.33,0.8,11,2,20,5,59.7,40.3,0,0,0,0,8,4
2022-04-22,Academica Clinceni,Mioveni,0,2,19.53,6.99,1.14,21.49,7.36,1.15,Liga I,,20220422_Academica-Clinceni_Mioveni,-141.39313986048592,1.41,0.18,4,2,9,5,50.3,49.7,0,1,0,0,5,2
2022-04-22,Gaz Metan Medias,Din. Bucuresti,0,1,31.14,9.59,1.06,41.92,10.31,1.08,Liga I,,20220422_Gaz-Metan-Medias_Din.-Bucuresti,-6.88313515852974,0.81,1.66,2,3,3,8,49.3,50.7,1,3,0,0,2,6
2022-04-23,FC Rapid Bucuresti,Sepsi Sf. Gheorghe,1,0,3.15,2.84,2.43,3.32,2.87,2.54,Liga I,,20220423_FC-Rapid-Bucuresti_Sepsi-Sf.-Gheorghe,-31.270217217995423,0.39,0.05,2,1,4,3,46.8,53.2,1,3,0,0,2,3
2022-04-23,UTA Arad,Chindia Targoviste,1,0,2.13,2.84,3.83,2.19,2.85,4.22,Liga I,,20220423_UTA-Arad_Chindia-Targoviste,24.364654840753246,0.14,1.44,1,5,2,12,50.8,49.2,3,1,0,0,2,6
2022-04-24,FC Voluntari,CFR Cluj,0,1,6.83,3.38,1.57,7.56,3.39,1.61,Liga I,,20220424_FC-Voluntari_CFR-Cluj,-201.77553205095865,0.37,1.42,3,4,7,10,39.8,60.2,0,0,0,0,7,5
2022-04-25,FC Arges,Univ. Craiova,0,4,6.23,3.73,1.54,6.37,3.83,1.58,Liga I,,20220425_FC-Arges_Univ.-Craiova,-97.85291701469396,0.33,1.35,1,4,4,10,43.3,56.7,0,1,0,0,2,3
2022-04-25,FC Botosani,U Craiova 1948,2,1,2.33,2.96,3.19,2.43,2.95,3.4,Liga I,,20220425_FC-Botosani_U-Craiova-1948,32.84491718680738,1.22,0.69,5,1,10,3,47.8,52.2,0,2,1,0,7,5
2022-04-25,Farul Constanta,FCSB,0,4,5.53,3.57,1.62,5.53,3.53,1.71,Liga I,,20220425_Farul-Constanta_FCSB,-144.37528785899417,0.91,1.49,2,4,4,8,48.3,51.7,2,4,0,1,3,6
2022-04-29,Chindia Targoviste,FC Rapid Bucuresti,0,0,2.92,2.72,2.69,3.11,2.76,2.78,Liga I,,20220429_Chindia-Targoviste_FC-Rapid-Bucuresti,-108.07970960497869,1.21,0.56,6,0,12,0,42.0,58.0,2,0,0,0,5,3
2022-04-29,Sepsi Sf. Gheorghe,Gaz Metan Medias,3,1,1.01,19.4,54.2,1.03,18.55,49.5,Liga I,,20220429_Sepsi-Sf.-Gheorghe_Gaz-Metan-Medias,217.868281374582,1.08,0.36,3,1,9,2,57.9,42.1,1,2,0,0,6,2
2022-04-30,Din. Bucuresti,Academica Clinceni,5,1,1.18,6.39,13.88,1.19,6.73,15.79,Liga I,,20220430_Din.-Bucuresti_Academica-Clinceni,43.4322196316939,2.32,1.42,8,6,19,15,52.2,47.8,1,3,0,0,6,4
2022-04-30,Univ. Craiova,FC Voluntari,1,0,1.35,4.54,8.45,1.35,4.81,9.54,Liga I,,20220430_Univ.-Craiova_FC-Voluntari,117.18526663524744,0.57,1.3,3,3,7,7,51.5,48.5,2,1,0,0,6,8
2022-05-01,CFR Cluj,Farul Constanta,1,0,1.37,4.16,9.4,1.44,3.92,10.05,Liga I,,20220501_CFR-Cluj_Farul-Constanta,210.323783587281,2.24,0.35,5,2,12,3,61.2,38.8,1,3,0,0,8,4
2022-05-01,U Craiova 1948,UTA Arad,1,0,2.4,2.98,3.03,2.43,2.98,3.36,Liga I,,20220501_U-Craiova-1948_UTA-Arad,-0.5479722235691042,0.35,1.03,1,3,2,7,52.2,47.8,3,4,0,0,3,3
2022-05-02,FCSB,FC Arges,4,0,1.16,6.67,16.58,1.17,6.94,20.06,Liga I,,20220502_FCSB_FC-Arges,159.91520754001,0.72,1.2,4,2,9,5,54.3,45.7,1,4,0,0,8,2
2022-05-02,Mioveni,FC Botosani,0,2,2.59,2.83,2.94,2.78,2.78,3.07,Liga I,,20220502_Mioveni_FC-Botosani,-62.28452040538264,0.79,1.51,3,5,6,11,48.7,51.3,1,2,0,0,3,7
2022-05-06,FC Botosani,Din. Bucuresti,2,3,1.54,3.84,5.83,1.55,4.19,6.02,Liga I,,20220506_FC-Botosani_Din.-Bucuresti,174.34792630906168,1.34,1.83,6,5,12,13,54.2,45.8,4,0,0,0,6,6
2022-05-06,Gaz Metan Medias,Academica Clinceni,4,3,3.55,3.67,1.91,3.77,3.77,1.93,Liga I,,20220506_Gaz-Metan-Medias_Academica-Clinceni,18.20458287133488,2.15,2.02,7,6,16,13,50.9,49.1,1,1,0,0,4,7
2022-05-07,FC Arges,CFR Cluj,0,6,12.82,4.85,1.26,15.11,5.12,1.27,Liga I,,20220507_FC-Arges_CFR-Cluj,-223.64589415966861,0.41,1.6,2,6,3,10,40.8,59.2,0,0,0,0,4,9
2022-05-07,Farul Constanta,FC Voluntari,1,1,1.77,3.33,4.69,1.78,3.46,5.05,Liga I,,20220507_Farul-Constanta_FC-Voluntari,5.484189434107293,0.53,0.78,2,2,6,4,44.2,55.8,1,0,0,0,7,4
2022-05-07,UTA Arad,Mioveni,1,0,2.06,2.81,4.18,2.08,2.76,4.91,Liga I,,20220507_UTA-Arad_Mioveni,6.102282388855656,1.02,0.05,2,0,5,0,50.6,49.4,1,0,0,0,3,1
2022-05-08,Sepsi Sf. Gheorghe,Chindia Targoviste,2,1,1.6,3.48,5.95,1.6,3.7,6.44,Liga I,,20220508_Sepsi-Sf.-Gheorghe_Chindia-Targoviste,114.90623555707293,1.58,1.83,5,5,10,9,63.1,36.9,5,2,0,0,5,5
2022-05-08,Univ. Craiova,FCSB,0,1,2.49,3.3,2.67,2.68,3.37,2.68,Liga I,,20220508_Univ.-Craiova_FCSB,-43.38544970860062,0.7,0.92,2,1,2,4,53.6,46.4,2,4,0,0,2,5
2022-05-09,FC Rapid Bucuresti,U Craiova 1948,2,3,1.7,3.4,5.1,1.68,3.51,5.53,Liga I,,20220509_FC-Rapid-Bucuresti_U-Craiova-1948,46.30738369349115,0.91,0.76,3,3,7,5,54.0,46.0,2,0,0,0,7,6
2022-05-13,Chindia Targoviste,Gaz Metan Medias,3,0,1.05,11.18,30.03,1.06,13.2,38.91,Liga I,,20220513_Chindia-Targoviste_Gaz-Metan-Medias,94.07547711831558,1.54,1.17,5,3,11,7,61.6,38.4,2,2,0,0,6,5
2022-05-13,Din. Bucuresti,UTA Arad,1,1,3.73,3.36,1.95,3.99,3.42,1.99,Liga I,,20220513_Din.-Bucuresti_UTA-Arad,-92.64939382487682,1.11,0.89,3,3,4,9,54.6,45.4,0,2,0,1,6,7
2022-05-14,FC Voluntari,FCSB,2,2,15.35,6.06,1.18,18.61,6.37,1.18,Liga I,,20220514_FC-Voluntari_FCSB,-187.08931321376963,0.63,0.42,2,2,3,5,41.4,58.6,0,2,0,0,4,3
2022-05-14,Farul Constanta,FC Arges,1,0,1.41,4.21,7.34,1.44,4.5,7.39,Liga I,,20220514_Farul-Constanta_FC-Arges,7.304180602421411,0.4,1.73,2,6,4,16,51.8,48.2,0,0,0,0,5,6
2022-05-15,CFR Cluj,Univ. Craiova,2,1,1.45,3.89,7.28,1.48,3.94,8.21,Liga I,,20220515_CFR-Cluj_Univ.-Craiova,109.14375579095599,1.43,0.05,5,1,12,0,59.4,40.6,4,5,0,0,10,1
2022-05-16,Academica Clinceni,FC Botosani,0,4,39.93,12.56,1.03,42.7,13.07,1.06,Liga I,,20220516_Academica-Clinceni_FC-Botosani,-232.60478836259063,0.74,1.53,3,6,8,12,44.5,55.5,0,0,0,0,1,3
2022-05-16,Mioveni,FC Rapid Bucuresti,3,2,8.02,4.01,1.42,9.01,4.18,1.43,Liga I,,20220516_Mioveni_FC-Rapid-Bucuresti,-74.09880634813408,2.06,0.05,6,2,14,5,48.6,51.4,1,0,0,0,7,4
2022-05-16,U Craiova 1948,Sepsi Sf. Gheorghe,0,5,3.27,3.25,2.15,3.62,3.38,2.11,Liga I,,20220516_U-Craiova-1948_Sepsi-Sf.-Gheorghe,-54.947858152457684,0.27,1.29,1,5,2,10,51.4,48.6,3,1,0,0,5,3
2022-05-20,Univ. Craiova,Farul Constanta,4,1,1.92,3.39,3.79,1.94,3.51,4.07,Liga I,,20220520_Univ.-Craiova_Farul-Constanta,97.4825921945544,2.31,1.01,9,3,20,6,51.7,48.3,1,2,0,0,6,3
2022-05-21,Concordia,Chindia Targoviste,2,1,4.34,3.0,1.91,4.81,3.06,1.95,Liga I,,20220521_Concordia_Chindia-Targoviste,-95.69910473456684,1.3,0.34,4,1,9,4,48.0,52.0,0,0,0,0,7,3
2022-05-21,U. Cluj,Din. Bucuresti,2,0,2.53,2.95,2.84,2.71,2.92,3.01,Liga I,,20220521_U.-Cluj_Din.-Bucuresti,86.05220678600426,1.42,1.69,6,6,13,12,47.9,52.1,2,2,0,0,7,3
2022-05-22,FCSB,CFR Cluj,3,1,1.6,3.92,5.01,1.63,4.0,5.41,Liga I,,20220522_FCSB_CFR-Cluj,-58.991486393324294,2.04,1.39,7,6,13,12,45.0,55.0,1,0,0,0,13,6
2022-05-23,FC Arges,FC Voluntari,0,1,2.67,2.85,2.8,2.78,2.94,2.92,Liga I,,20220523_FC-Arges_FC-Voluntari,-19.848649627852865,0.79,0.26,1,1,3,1,47.1,52.9,3,2,0,0,5,2
2022-05-27,Univ. Craiova,FC Botosani,2,0,1.47,3.98,6.65,1.5,4.1,7.14,Liga I,,20220527_Univ.-Craiova_FC-Botosani,91.62368431734717,0.35,0.52,2,2,1,6,52.9,47.1,3,4,0,0,5,3
2022-05-29,Chindia Targoviste,Concordia,1,0,1.36,4.23,8.67,1.38,4.35,9.53,Liga I,,20220529_Chindia-Targoviste_Concordia,65.25070477726649,0.67,0.68,2,3,3,6,49.5,50.5,0,2,0,0,3,3
2022-05-29,Din. Bucuresti,U. Cluj,1,1,1.76,3.5,4.22,1.78,3.65,4.63,Liga I,,20220529_Din.-Bucuresti_U.-Cluj,-104.22657012031004,0.74,1.71,2,7,4,16,41.0,59.0,0,0,0,0,4,4
2022-07-15,FC Hermannstadt,Mioveni,3,0,1.96,2.96,4.28,2.02,2.99,4.59,Liga I,,20220715_FC-Hermannstadt_Mioveni,-53.426273552597195,1.49,0.05,5,2,11,4,42.8,57.2,0,1,0,1,7,2
2022-07-15,Univ. Craiova,Sepsi Sf. Gheorghe,2,2,2.1,3.16,3.46,2.12,3.23,3.78,Liga I,,20220715_Univ.-Craiova_Sepsi-Sf.-Gheorghe,61.7319586714832,1.34,1.0,3,3,7,8,52.3,47.7,2,0,0,0,1,7
2022-07-16,CFR Cluj,FC Rapid Bucuresti,1,0,1.75,3.34,4.76,1.74,3.54,5.29,Liga I,,20220716_CFR-Cluj_FC-Rapid-Bucuresti,216.39072827587233,0.99,0.72,3,2,7,4,61.4,38.6,2,2,0,0,6,4
2022-07-16,FC Arges,UTA Arad,2,0,3.15,2.86,2.41,3.26,2.88,2.57,Liga I,,20220716_FC-Arges_UTA-Arad,-2.008507009927598,1.31,1.73,5,6,11,13,47.8,52.2,2,3,0,0,6,8
2022-07-17,FCSB,U. Cluj,1,1,1.2,5.8,13.4,1.21,6.18,15.21,Liga I,,20220717_FCSB_U.-Cluj,213.21174062345153,1.08,1.28,3,4,7,9,63.2,36.8,2,1,0,0,4,3
2022-07-17,Farul Constanta,U Craiova 1948,2,1,1.97,3.19,3.85,1.99,3.2,4.35,Liga I,,20220717_Farul-Constanta_U-Craiova-1948,13.088634942391536,0.28,0.26,2,1,6,2,57.0,43.0,2,1,0,0,7,2
2022-07-18,FC Botosani,Chindia Targoviste,3,2,2.23,2.87,3.52,2.27,2.95,3.78,Liga I,,20220718_FC-Botosani_Chindia-Targoviste,90.28242312357906,2.0,0.49,6,4,14,9,54.4,45.6,2,3,0,0,11,4
2022-07-18,Petrolul,FC Voluntari,0,1,2.45,2.91,3.01,2.53,2.96,3.23,Liga I,,20220718_Petrolul_FC-Voluntari,-37.436904763838356,1.11,1.42,5,5,10,10,51.3,48.7,1,4,0,0,8,5
2022-07-22,Mioveni,Farul Constanta,0,2,3.39,2.98,2.23,3.52,3.01,2.33,Liga I,,20220722_Mioveni_Farul-Constanta,-68.8000620341445,1.81,0.14,6,2,15,4,47.8,52.2,2,3,0,0,6,4
2022-07-23,FC Voluntari,FC Botosani,0,1,2.27,2.94,3.31,2.3,3.07,3.52,Liga I,,20220723_FC-Voluntari_FC-Botosani,-3.5448223034420607,1.21,0.22,4,1,7,3,52.6,47.4,4,2,1,0,3,2
2022-07-24,FC Rapid Bucuresti,FCSB,2,0,3.06,3.13,2.29,3.15,3.26,2.38,Liga I,,20220724_FC-Rapid-Bucuresti_FCSB,-184.23794682355424,1.95,0.05,7,0,16,0,49.7,50.3,2,1,0,0,7,2
2022-07-24,Sepsi Sf. Gheorghe,FC Arges,4,0,1.58,3.56,5.92,1.65,3.5,6.43,Liga I,,20220724_Sepsi-Sf.-Gheorghe_FC-Arges,85.53168067784236,1.84,1.02,5,2,12,7,56.3,43.7,0,1,0,0,9,4
2022-07-24,U Craiova 1948,CFR Cluj,3,1,4.37,3.2,1.85,4.68,3.28,1.89,Liga I,,20220724_U-Craiova-1948_CFR-Cluj,-248.0258476136396,0.14,0.87,3,3,6,8,45.1,54.9,2,2,0,0,1,4
2022-07-24,U. Cluj,Univ. Craiova,1,1,4.3,3.43,1.8,4.58,3.48,1.85,Liga I,,20220724_U.-Cluj_Univ.-Craiova,-141.29718042554214,1.22,0.86,4,3,7,4,51.4,48.6,1,0,0,0,8,4
2022-07-25,Chindia Targoviste,FC Hermannstadt,1,1,2.65,2.73,2.96,2.8,2.71,3.17,Liga I,,20220725_Chindia-Targoviste_FC-Hermannstadt,-1.826515249905242,1.83,1.85,6,7,11,14,49.0,51.0,0,3,0,0,8,6
2022-07-25,UTA Arad,Petrolul,2,0,1.87,3.13,4.43,1.9,3.15,4.92,Liga I,,20220725_UTA-Arad_Petrolul,-4.391045783423124,1.46,0.59,4,1,11,0,51.2,48.8,0,2,0,0,5,1
2022-07-29,FC Arges,U. Cluj,3,1,2.78,2.87,2.69,2.9,2.93,2.79,Liga I,,20220729_FC-Arges_U.-Cluj,-15.478449835159836,1.71,1.27,5,2,12,4,45.0,55.0,2,3,0,0,5,3
2022-07-29,Farul Constanta,Chindia Targoviste,0,0,1.89,3.06,4.47,1.93,3.09,4.85,Liga I,,20220729_Farul-Constanta_Chindia-Targoviste,105.98233687299194,0.9,1.1,5,4,13,10,51.9,48.1,1,1,0,0,12,5
2022-07-30,CFR Cluj,Mioveni,4,2,1.27,4.97,11.06,1.29,4.91,13.71,Liga I,,20220730_CFR-Cluj_Mioveni,270.93807098957745,2.05,1.85,4,7,8,15,56.5,43.5,2,1,0,0,5,10
2022-07-30,FC Voluntari,UTA Arad,3,0,3.15,2.85,2.43,3.35,2.84,2.54,Liga I,,20220730_FC-Voluntari_UTA-Arad,39.22263927266408,1.17,1.35,5,3,11,6,46.9,53.1,2,3,0,0,5,3
2022-07-31,FCSB,U Craiova 1948,1,1,1.68,3.82,4.4,1.72,3.88,4.79,Liga I,,20220731_FCSB_U-Craiova-1948,167.96287761407484,0.82,1.39,2,4,5,10,61.3,38.7,4,1,0,1,3,5
2022-07-31,Petrolul,Sepsi Sf. Gheorghe,1,1,4.02,3.16,1.94,4.39,3.17,1.99,Liga I,,20220731_Petrolul_Sepsi-Sf.-Gheorghe,-124.5266292190679,1.68,0.83,5,3,13,7,46.1,53.9,4,1,0,0,4,2
2022-07-31,Univ. Craiova,FC Rapid Bucuresti,0,1,1.95,3.24,3.88,1.98,3.26,4.26,Liga I,,20220731_Univ.-Craiova_FC-Rapid-Bucuresti,102.98936275848723,0.49,1.47,1,5,3,13,55.8,44.2,0,0,0,0,3,7
2022-08-01,FC Hermannstadt,FC Botosani,1,1,2.04,3.07,3.76,2.06,3.12,4.18,Liga I,,20220801_FC-Hermannstadt_FC-Botosani,-118.2967547545586,1.5,2.64,5,9,13,20,49.8,50.2,3,2,0,0,8,8
2022-08-05,U. Cluj,Petrolul,0,1,2.19,3.02,3.43,2.22,3.08,3.71,Liga I,,20220805_U.-Cluj_Petrolul,19.60511008924118,1.11,0.29,4,2,8,4,49.0,51.0,1,1,0,0,3,2
2022-08-06,FC Rapid Bucuresti,FC Arges,2,1,1.78,3.29,4.65,1.82,3.3,5.11,Liga I,,20220806_FC-Rapid-Bucuresti_FC-Arges,47.45276586909313,1.29,1.28,4,2,8,5,54.3,45.7,1,3,0,0,4,6
2022-08-06,Mioveni,FCSB,1,1,4.74,3.41,1.74,5.14,3.32,1.81,Liga I,,20220806_Mioveni_FCSB,-228.37038483149604,0.4,1.09,1,2,2,5,41.0,59.0,4,1,0,0,1,4
2022-08-07,Chindia Targoviste,CFR Cluj,0,2,3.66,2.93,2.14,4.0,2.93,2.2,Liga I,,20220807_Chindia-Targoviste_CFR-Cluj,-289.42943144832816,0.72,0.9,2,3,3,8,41.7,58.3,0,2,0,0,3,2
2022-08-07,Sepsi Sf. Gheorghe,UTA Arad,0,0,1.66,3.5,5.25,1.65,3.68,5.93,Liga I,,20220807_Sepsi-Sf.-Gheorghe_UTA-Arad,111.1395710668778,1.47,1.04,4,2,11,5,52.4,47.6,3,4,0,0,5,1
2022-08-07,U Craiova 1948,Univ. Craiova,1,2,3.68,3.48,1.92,3.9,3.54,1.97,Liga I,,20220807_U-Craiova-1948_Univ.-Craiova,-101.5241957401056,0.49,0.81,3,3,5,4,52.9,47.1,0,1,0,0,4,0
2022-08-08,FC Botosani,Farul Constanta,1,1,2.97,2.96,2.45,3.15,2.96,2.58,Liga I,,20220808_FC-Botosani_Farul-Constanta,13.630870403255585,0.9,0.59,2,3,3,8,48.4,51.6,1,1,0,0,3,4
2022-08-08,FC Hermannstadt,FC Voluntari,2,1,2.41,2.83,3.19,2.42,2.88,3.53,Liga I,,20220808_FC-Hermannstadt_FC-Voluntari,-97.71288710602607,0.55,1.08,2,3,4,7,55.6,44.4,0,2,0,0,3,3
2022-08-12,FC Arges,U Craiova 1948,0,2,2.84,3.08,2.47,3.02,3.23,2.48,Liga I,,20220812_FC-Arges_U-Craiova-1948,-19.786149785093812,1.18,0.81,2,2,5,6,52.9,47.1,2,0,0,0,2,2
2022-08-13,Petrolul,FC Rapid Bucuresti,1,0,2.93,2.93,2.51,3.1,3.03,2.56,Liga I,,20220813_Petrolul_FC-Rapid-Bucuresti,-74.3426691854761,0.69,2.01,1,7,2,16,51.6,48.4,1,3,0,0,0,10
2022-08-13,UTA Arad,U. Cluj,2,1,2.31,2.95,3.26,2.37,3.0,3.46,Liga I,,20220813_UTA-Arad_U.-Cluj,1.9195638128264818,0.74,0.45,3,2,7,6,54.6,45.4,1,1,0,0,9,2
2022-08-14,CFR Cluj,FC Botosani,0,1,1.6,3.59,5.67,1.62,3.61,6.4,Liga I,,20220814_CFR-Cluj_FC-Botosani,181.2035568906383,1.37,0.64,7,2,16,3,53.1,46.9,1,5,0,0,9,4
2022-08-14,FCSB,Chindia Targoviste,3,2,1.68,3.44,5.11,1.72,3.53,5.42,Liga I,,20220814_FCSB_Chindia-Targoviste,235.42018166289972,1.5,0.89,3,2,8,3,58.5,41.5,2,3,0,0,2,4
2022-08-14,Univ. Craiova,Mioveni,1,0,1.43,4.22,7.08,1.43,4.38,7.95,Liga I,,20220814_Univ.-Craiova_Mioveni,174.3786907636677,0.4,0.53,2,2,5,5,59.0,41.0,0,0,0,0,2,0
2022-08-15,FC Voluntari,Sepsi Sf. Gheorghe,0,0,3.51,2.95,2.19,3.9,2.93,2.23,Liga I,,20220815_FC-Voluntari_Sepsi-Sf.-Gheorghe,-62.19067587608879,0.78,1.48,2,5,5,9,42.3,57.7,2,1,0,0,3,2
2022-08-15,Farul Constanta,FC Hermannstadt,0,0,1.71,3.26,5.25,1.69,3.46,5.89,Liga I,,20220815_Farul-Constanta_FC-Hermannstadt,81.97794841704285,1.15,1.54,5,5,9,12,57.9,42.1,2,1,0,0,8,2
2022-08-19,Mioveni,FC Arges,0,1,2.99,2.76,2.62,3.15,2.74,2.77,Liga I,,20220819_Mioveni_FC-Arges,-31.0076805428464,1.54,1.75,6,5,13,11,51.0,49.0,5,3,0,0,10,6
2022-08-19,U Craiova 1948,Petrolul,0,1,1.89,3.17,4.23,1.96,3.22,4.45,Liga I,,20220819_U-Craiova-1948_Petrolul,22.721869582809404,0.66,1.63,1,5,5,12,53.7,46.3,0,2,0,0,5,11
2022-08-20,FC Rapid Bucuresti,UTA Arad,1,0,2.14,2.96,3.62,2.16,3.04,3.94,Liga I,,20220820_FC-Rapid-Bucuresti_UTA-Arad,51.70790985509916,0.58,0.08,2,0,5,0,55.3,44.7,1,0,0,0,6,1
2022-08-22,Farul Constanta,FC Voluntari,2,1,1.77,3.26,4.88,1.79,3.32,5.36,Liga I,,20220822_Farul-Constanta_FC-Voluntari,9.936967227898094,1.67,1.36,5,6,11,14,53.1,46.9,2,1,0,0,9,7
2022-08-22,U. Cluj,Sepsi Sf. Gheorghe,0,1,3.39,3.0,2.22,3.6,3.01,2.3,Liga I,,20220822_U.-Cluj_Sepsi-Sf.-Gheorghe,-115.44181801453374,0.45,1.93,1,5,3,12,46.1,53.9,0,1,0,0,3,7
2022-08-26,FC Voluntari,U. Cluj,0,0,2.55,2.87,2.94,2.64,2.9,3.12,Liga I,,20220826_FC-Voluntari_U.-Cluj,53.99824818668117,0.47,0.84,2,2,3,4,43.1,56.9,2,3,0,0,1,4
2022-08-26,UTA Arad,U Craiova 1948,2,1,2.49,2.89,3.01,2.67,2.91,3.07,Liga I,,20220826_UTA-Arad_U-Craiova-1948,-26.589026943845283,1.95,1.78,5,7,11,15,44.5,55.5,1,2,0,0,8,5
2022-08-27,Petrolul,Mioveni,0,0,2.09,3.02,3.72,2.22,2.92,3.96,Liga I,,20220827_Petrolul_Mioveni,74.42219331537581,1.1,0.62,5,2,10,4,42.8,57.2,0,0,0,0,4,1
2022-08-27,Sepsi Sf. Gheorghe,FC Rapid Bucuresti,1,2,2.01,3.06,3.94,1.99,3.14,4.43,Liga I,,20220827_Sepsi-Sf.-Gheorghe_FC-Rapid-Bucuresti,35.873110411849666,1.06,1.24,4,5,9,10,49.9,50.1,3,0,0,0,4,11
2022-08-28,CFR Cluj,Farul Constanta,1,3,2.29,2.97,3.27,2.35,3.01,3.49,Liga I,,20220828_CFR-Cluj_Farul-Constanta,167.269751976728,1.48,0.15,4,3,8,6,56.4,43.6,2,0,0,0,4,5
2022-08-28,FC Arges,Chindia Targoviste,2,1,2.31,2.82,3.43,2.35,2.83,3.77,Liga I,,20220828_FC-Arges_Chindia-Targoviste,61.31082760345839,1.3,1.35,6,3,10,8,48.6,51.4,2,5,0,0,5,7
2022-08-28,FCSB,FC Hermannstadt,2,2,1.5,3.93,6.39,1.49,4.14,7.3,Liga I,,20220828_FCSB_FC-Hermannstadt,216.37315121950974,1.2,1.01,6,3,11,7,56.5,43.5,2,0,0,0,3,5
2022-08-29,Univ. Craiova,FC Botosani,1,0,1.4,4.3,7.55,1.4,4.53,8.69,Liga I,,20220829_Univ.-Craiova_FC-Botosani,68.10072221681094,0.88,1.33,1,4,4,6,52.7,47.3,4,0,0,0,5,4
2022-08-30,FC Rapid Bucuresti,U. Cluj,1,0,2.33,2.9,3.25,2.44,2.88,3.48,Liga I,,20220830_FC-Rapid-Bucuresti_U.-Cluj,107.25979786665857,0.52,0.97,3,3,7,7,53.6,46.4,2,2,0,0,3,6
2022-08-30,Mioveni,UTA Arad,1,1,2.98,2.69,2.68,3.06,2.69,2.9,Liga I,,20220830_Mioveni_UTA-Arad,-55.37241634139059,1.94,0.73,5,1,11,3,40.9,59.1,1,2,0,0,7,3
2022-08-30,U Craiova 1948,Sepsi Sf. Gheorghe,1,0,3.06,3.13,2.3,3.15,3.21,2.41,Liga I,,20220830_U-Craiova-1948_Sepsi-Sf.-Gheorghe,-81.1282122875084,1.31,0.48,5,3,9,7,42.8,57.2,0,0,0,0,5,5
2022-08-31,CFR Cluj,FC Voluntari,4,0,1.48,3.73,7.57,1.49,3.76,8.92,Liga I,,20220831_CFR-Cluj_FC-Voluntari,185.00188183579576,2.22,0.15,8,1,18,4,57.9,42.1,3,2,0,0,8,3
2022-08-31,Chindia Targoviste,Petrolul,2,3,2.88,2.74,2.73,3.15,2.79,2.71,Liga I,,20220831_Chindia-Targoviste_Petrolul,-90.23386981006638,1.49,1.24,4,3,9,7,51.3,48.7,1,2,0,0,6,3
2022-08-31,Farul Constanta,FCSB,3,1,2.89,3.17,2.39,2.99,3.24,2.49,Liga I,,20220831_Farul-Constanta_FCSB,-104.29293080069579,1.97,0.65,8,4,15,8,40.0,60.0,0,0,0,0,6,6
2022-09-01,FC Botosani,FC Arges,0,0,2.57,2.89,2.9,2.66,2.93,3.06,Liga I,,20220901_FC-Botosani_FC-Arges,57.63007602864491,1.22,2.1,4,8,8,17,54.0,46.0,4,4,0,0,1,10
2022-09-01,FC Hermannstadt,Univ. Craiova,1,0,4.68,3.24,1.79,5.29,3.29,1.8,Liga I,,20220901_FC-Hermannstadt_Univ.-Craiova,-180.77601469485853,0.84,0.05,2,2,6,6,51.0,49.0,0,4,0,0,4,4
2022-09-02,Sepsi Sf. Gheorghe,Mioveni,0,1,1.44,4.02,7.33,1.44,4.21,8.37,Liga I,,20220902_Sepsi-Sf.-Gheorghe_Mioveni,120.60783389243988,1.57,0.84,4,3,8,8,48.4,51.6,2,1,0,0,3,3
2022-09-02,U. Cluj,U Craiova 1948,1,1,2.39,2.95,3.1,2.56,2.98,3.15,Liga I,,20220902_U.-Cluj_U-Craiova-1948,-58.69641620711241,0.19,1.59,2,5,5,11,45.3,54.7,0,1,0,0,3,5
2022-09-03,FC Voluntari,FC Rapid Bucuresti,0,1,3.34,2.85,2.33,3.55,2.89,2.4,Liga I,,20220903_FC-Voluntari_FC-Rapid-Bucuresti,-71.5233422930412,0.96,0.9,3,1,7,1,44.8,55.2,2,2,0,0,6,0
2022-09-03,UTA Arad,Chindia Targoviste,1,1,2.12,2.94,3.72,2.16,2.97,4.07,Liga I,,20220903_UTA-Arad_Chindia-Targoviste,83.30298379291776,1.4,0.88,3,4,7,7,49.3,50.7,1,3,0,0,5,4
2022-09-04,Petrolul,FC Botosani,2,1,2.29,2.98,3.24,2.34,3.08,3.43,Liga I,,20220904_Petrolul_FC-Botosani,-37.59117292292967,1.14,1.44,2,4,6,7,43.5,56.5,1,2,0,0,2,4
2022-09-05,FC Arges,FC Hermannstadt,0,1,2.51,2.85,3.02,2.67,2.87,3.12,Liga I,,20220905_FC-Arges_FC-Hermannstadt,19.927211127954706,0.82,1.02,3,3,4,5,43.2,56.8,1,2,0,0,4,7
2022-09-05,Univ. Craiova,Farul Constanta,4,3,2.03,3.2,3.68,2.05,3.22,4.05,Liga I,,20220905_Univ.-Craiova_Farul-Constanta,48.73607875195262,1.66,0.5,4,3,8,6,45.3,54.7,0,1,0,0,5,4
2022-09-09,FC Botosani,UTA Arad,1,2,2.67,2.85,2.81,2.7,2.97,2.97,Liga I,,20220909_FC-Botosani_UTA-Arad,51.955365592394855,1.02,1.72,2,4,5,10,53.9,46.1,1,3,0,0,9,5
2022-09-10,Chindia Targoviste,Sepsi Sf. Gheorghe,1,2,4.51,3.12,1.86,5.06,3.16,1.88,Liga I,,20220910_Chindia-Targoviste_Sepsi-Sf.-Gheorghe,-133.50203333437867,2.07,1.5,7,4,14,9,42.4,57.6,0,1,0,0,9,3
2022-09-10,FC Hermannstadt,Petrolul,2,1,2.25,2.87,3.49,2.32,2.88,3.76,Liga I,,20220910_FC-Hermannstadt_Petrolul,-36.62708507094408,2.21,1.4,5,5,11,11,46.1,53.9,1,1,0,0,4,5
2022-09-10,U Craiova 1948,FC Rapid Bucuresti,1,0,2.56,2.93,2.86,2.71,3.01,2.93,Liga I,,20220910_U-Craiova-1948_FC-Rapid-Bucuresti,-76.9531005094957,0.77,0.9,2,3,4,6,45.6,54.4,1,0,0,0,2,4
2022-09-11,CFR Cluj,Univ. Craiova,2,0,2.34,2.89,3.25,2.44,2.86,3.51,Liga I,,20220911_CFR-Cluj_Univ.-Craiova,64.1234794792149,1.32,0.05,5,0,11,0,46.3,53.7,1,2,0,1,4,4
2022-09-11,Farul Constanta,FC Arges,3,0,1.62,3.5,5.66,1.64,3.58,6.24,Liga I,,20220911_Farul-Constanta_FC-Arges,79.00192495805891,1.17,0.95,4,4,10,7,50.1,49.9,0,3,0,0,2,5
2022-09-12,FCSB,FC Voluntari,1,1,1.43,4.11,7.37,1.43,4.28,8.59,Liga I,,20220912_FCSB_FC-Voluntari,156.98157657009892,2.15,0.93,6,3,11,6,52.9,47.1,2,1,1,0,10,10
2022-09-12,Mioveni,U. Cluj,0,1,2.97,2.7,2.68,3.15,2.65,2.86,Liga I,,20220912_Mioveni_U.-Cluj,3.7101163418390115,0.31,1.72,1,5,2,13,43.9,56.1,4,0,0,0,1,5
2022-09-16,FC Voluntari,U Craiova 1948,1,0,2.97,2.93,2.5,3.04,2.91,2.65,Liga I,,20220916_FC-Voluntari_U-Craiova-1948,-23.232635239219235,0.32,0.79,2,3,3,6,51.3,48.7,1,2,0,0,3,3
2022-09-16,Petrolul,Farul Constanta,1,3,3.9,3.04,2.02,4.18,3.12,2.06,Liga I,,20220916_Petrolul_Farul-Constanta,-59.50486926835333,0.31,0.7,1,3,3,8,42.6,57.4,1,3,0,0,4,4
2022-09-17,FC Rapid Bucuresti,Mioveni,2,1,1.85,3.07,4.71,1.81,3.21,5.4,Liga I,,20220917_FC-Rapid-Bucuresti_Mioveni,125.43583325820919,1.68,0.24,6,1,15,3,60.7,39.3,1,1,0,0,2,1
2022-09-17,Sepsi Sf. Gheorghe,FC Botosani,7,0,1.48,4.1,6.27,1.48,4.4,6.79,Liga I,,20220917_Sepsi-Sf.-Gheorghe_FC-Botosani,25.274768526051957,1.4,0.83,7,5,15,11,53.0,47.0,3,3,0,0,7,5
2022-09-17,UTA Arad,FC Hermannstadt,1,2,2.24,2.83,3.6,2.3,2.87,3.83,Liga I,,20220917_UTA-Arad_FC-Hermannstadt,-3.8029000889678173,1.12,0.7,2,3,4,6,52.3,47.7,1,2,0,0,8,2
2022-09-18,U. Cluj,Chindia Targoviste,1,0,2.05,2.94,4.01,2.12,2.98,4.18,Liga I,,20220918_U.-Cluj_Chindia-Targoviste,60.92753451937688,1.54,1.66,6,6,13,14,46.0,54.0,3,3,0,0,5,12
2022-09-18,Univ. Craiova,FCSB,2,1,2.26,3.07,3.19,2.36,3.11,3.35,Liga I,,20220918_Univ.-Craiova_FCSB,-18.962988586001302,1.36,0.78,6,3,13,6,51.4,48.6,3,2,0,1,6,1
2022-09-19,FC Arges,CFR Cluj,0,1,4.71,3.27,1.78,4.82,3.34,1.85,Liga I,,20220919_FC-Arges_CFR-Cluj,-231.6443301687575,0.67,1.69,1,5,1,13,40.0,60.0,2,1,1,1,0,10
2022-09-30,Univ. Craiova,FC Voluntari,1,1,1.48,3.89,6.72,1.49,4.08,7.48,Liga I,,20220930_Univ.-Craiova_FC-Voluntari,127.71002719791863,0.87,0.97,3,4,7,7,55.3,44.7,1,6,0,0,5,3
2022-10-01,CFR Cluj,Petrolul,1,0,1.52,3.72,6.41,1.55,3.78,6.73,Liga I,,20221001_CFR-Cluj_Petrolul,208.4831564347612,0.4,0.49,3,1,7,3,58.5,41.5,0,2,0,0,3,2
2022-10-01,Mioveni,U Craiova 1948,2,2,2.92,2.96,2.51,2.95,2.96,2.63,Liga I,,20221001_Mioveni_U-Craiova-1948,-72.7584921074797,1.37,0.5,4,2,10,6,45.7,54.3,1,1,0,0,2,4
2022-10-02,FC Hermannstadt,Sepsi Sf. Gheorghe,1,2,3.47,2.97,2.19,3.76,3.04,2.22,Liga I,,20221002_FC-Hermannstadt_Sepsi-Sf.-Gheorghe,-45.12471886069261,1.77,0.14,5,2,13,8,47.1,52.9,0,5,0,0,6,1
2022-10-02,FCSB,FC Arges,3,2,1.4,4.3,7.63,1.42,4.37,8.52,Liga I,,20221002_FCSB_FC-Arges,159.21553986338745,2.65,1.04,8,4,17,9,60.8,39.2,1,2,0,0,11,4
2022-10-02,Farul Constanta,UTA Arad,2,0,1.76,3.21,4.97,1.81,3.2,5.49,Liga I,,20221002_Farul-Constanta_UTA-Arad,95.2473710945128,1.74,1.6,6,7,11,15,54.3,45.7,1,4,0,0,8,4
2022-10-03,Chindia Targoviste,FC Rapid Bucuresti,2,1,3.12,2.89,2.42,3.27,2.95,2.51,Liga I,,20221003_Chindia-Targoviste_FC-Rapid-Bucuresti,-183.5806679625657,0.05,0.42,2,1,2,1,37.5,62.5,1,0,0,0,0,1
2022-10-03,FC Botosani,U. Cluj,1,1,2.83,2.91,2.6,3.0,2.89,2.74,Liga I,,20221003_FC-Botosani_U.-Cluj,41.46078823552307,0.61,0.81,1,2,3,7,45.2,54.8,2,1,0,0,0,5
2022-10-07,FC Arges,Univ. Craiova,1,0,5.01,3.52,1.68,5.6,3.67,1.67,Liga I,,20221007_FC-Arges_Univ.-Craiova,-168.19472974923087,0.88,0.05,4,0,8,2,46.4,53.6,0,2,0,0,6,3
2022-10-07,FC Voluntari,Mioveni,3,1,2.25,2.91,3.44,2.33,2.92,3.66,Liga I,,20221007_FC-Voluntari_Mioveni,76.873903314691,1.05,0.84,5,2,13,4,57.8,42.2,1,2,0,0,5,7
2022-10-08,FC Rapid Bucuresti,FC Botosani,1,1,1.66,3.5,5.27,1.66,3.61,5.86,Liga I,,20221008_FC-Rapid-Bucuresti_FC-Botosani,44.973925957591064,1.0,1.57,3,6,8,12,50.5,49.5,1,0,1,0,5,4
2022-10-08,U. Cluj,FC Hermannstadt,1,0,2.27,2.79,3.57,2.32,2.82,3.85,Liga I,,20221008_U.-Cluj_FC-Hermannstadt,-31.99259394224714,2.01,0.24,6,0,13,0,44.2,55.8,2,0,0,0,8,0
2022-10-09,Petrolul,FCSB,0,2,4.73,3.74,1.67,5.15,3.97,1.66,Liga I,,20221009_Petrolul_FCSB,-138.4529942727179,0.11,1.67,0,5,1,12,49.5,50.5,3,1,0,0,7,5
2022-10-09,Sepsi Sf. Gheorghe,Farul Constanta,0,1,2.12,3.09,3.54,2.11,3.18,3.88,Liga I,,20221009_Sepsi-Sf.-Gheorghe_Farul-Constanta,-20.92256548608657,0.85,0.79,3,3,6,3,46.6,53.4,0,4,0,0,6,3
2022-10-10,U Craiova 1948,Chindia Targoviste,0,1,1.87,3.15,4.38,1.88,3.23,4.82,Liga I,,20221010_U-Craiova-1948_Chindia-Targoviste,94.92364238581217,0.05,1.28,0,6,1,15,62.6,37.4,3,1,0,0,2,7
2022-10-10,UTA Arad,CFR Cluj,1,1,3.43,2.83,2.29,3.7,2.87,2.35,Liga I,,20221010_UTA-Arad_CFR-Cluj,-238.64153479425977,0.8,1.02,1,4,4,7,47.7,52.3,5,3,0,0,1,7
2022-10-14,FC Arges,FC Voluntari,0,0,2.36,2.98,3.11,2.45,3.04,3.27,Liga I,,20221014_FC-Arges_FC-Voluntari,-40.92271744594996,0.42,1.54,1,6,4,13,39.7,60.3,4,2,1,0,4,7
2022-10-14,FC Hermannstadt,FC Rapid Bucuresti,0,2,3.02,2.56,2.8,3.12,2.62,2.93,Liga I,,20221014_FC-Hermannstadt_FC-Rapid-Bucuresti,-63.148774859461355,0.4,1.19,2,4,4,9,48.4,51.6,1,1,0,0,7,5
2022-10-15,FC Botosani,U Craiova 1948,1,0,3.0,3.08,2.37,3.17,3.12,2.45,Liga I,,20221015_FC-Botosani_U-Craiova-1948,24.80761780057128,1.05,0.76,3,2,7,4,51.7,48.3,3,0,0,0,3,2
2022-10-15,Farul Constanta,U. Cluj,2,0,1.77,3.13,5.17,1.74,3.34,5.76,Liga I,,20221015_Farul-Constanta_U.-Cluj,117.11654275483193,1.18,0.38,3,1,6,0,57.4,42.6,2,1,0,0,4,1
2022-10-15,Univ. Craiova,Petrolul,2,1,1.34,4.55,8.77,1.35,4.69,10.11,Liga I,,20221015_Univ.-Craiova_Petrolul,123.78186724112652,1.02,0.75,3,3,8,8,52.7,47.3,2,4,0,0,3,8
2022-10-16,Chindia Targoviste,Mioveni,1,0,2.02,3.02,3.97,2.02,3.07,4.44,Liga I,,20221016_Chindia-Targoviste_Mioveni,-2.5322227591279898,0.54,0.64,1,1,1,3,54.4,45.6,3,1,0,0,1,4
2022-10-16,FCSB,UTA Arad,2,1,1.51,3.99,5.95,1.55,4.14,6.12,Liga I,,20221016_FCSB_UTA-Arad,157.8060840893254,0.73,1.56,2,5,4,11,60.0,40.0,1,2,0,1,3,5
2022-10-17,CFR Cluj,Sepsi Sf. Gheorghe,2,1,2.05,3.04,3.79,2.08,3.2,3.98,Liga I,,20221017_CFR-Cluj_Sepsi-Sf.-Gheorghe,150.86282432843404,1.79,1.22,6,4,14,12,54.9,45.1,3,3,0,0,5,8
2022-10-21,FC Rapid Bucuresti,Farul Constanta,1,1,2.44,2.92,3.04,2.48,3.01,3.24,Liga I,,20221021_FC-Rapid-Bucuresti_Farul-Constanta,-46.437787911234636,0.55,1.29,1,4,3,9,49.6,50.4,2,3,1,0,6,3
2022-10-22,FC Voluntari,Chindia Targoviste,0,3,2.52,2.85,3.02,2.6,2.87,3.21,Liga I,,20221022_FC-Voluntari_Chindia-Targoviste,84.68647930783641,1.32,1.63,4,7,8,16,56.5,43.5,2,2,0,0,1,6
2022-10-22,U Craiova 1948,FC Hermannstadt,1,1,2.22,2.93,3.47,2.27,2.99,3.71,Liga I,,20221022_U-Craiova-1948_FC-Hermannstadt,-4.845321887466071,1.13,0.96,4,2,9,4,55.3,44.7,1,1,0,0,6,6
2022-10-23,Mioveni,FC Botosani,0,0,2.36,2.98,3.12,2.43,3.01,3.33,Liga I,,20221023_Mioveni_FC-Botosani,-110.03245391047972,0.83,1.0,2,4,4,8,47.1,52.9,4,3,0,0,4,9
2022-10-23,U. Cluj,CFR Cluj,1,2,4.01,2.95,2.03,4.35,3.04,2.05,Liga I,,20221023_U.-Cluj_CFR-Cluj,-239.69574381958319,0.65,1.46,2,7,3,15,46.6,53.4,1,3,0,0,2,5
2022-10-23,UTA Arad,Univ. Craiova,1,2,3.48,3.05,2.15,3.69,3.11,2.21,Liga I,,20221023_UTA-Arad_Univ.-Craiova,-143.01561713011006,0.79,1.74,3,5,7,11,37.3,62.7,4,1,0,0,6,6
2022-10-24,Petrolul,FC Arges,2,0,2.14,3.06,3.49,2.18,3.11,3.79,Liga I,,20221024_Petrolul_FC-Arges,0.3204926362323022,0.21,1.04,2,3,5,5,47.2,52.8,0,4,0,0,1,5
2022-10-24,Sepsi Sf. Gheorghe,FCSB,0,1,2.17,3.4,3.08,2.2,3.48,3.31,Liga I,,20221024_Sepsi-Sf.-Gheorghe_FCSB,-98.32027192210808,1.31,0.75,4,1,9,2,46.8,53.2,5,0,0,0,4,5
2022-10-28,Chindia Targoviste,FC Botosani,2,2,1.8,3.28,4.57,1.85,3.35,4.85,Liga I,,20221028_Chindia-Targoviste_FC-Botosani,-69.8431474611375,0.93,1.57,3,5,7,11,44.1,55.9,3,4,1,0,5,5
2022-10-28,U Craiova 1948,Farul Constanta,1,2,3.14,3.18,2.23,3.38,3.4,2.2,Liga I,,20221028_U-Craiova-1948_Farul-Constanta,-132.35536919371498,1.03,1.83,4,6,10,13,39.7,60.3,1,0,0,0,5,6
2022-10-29,FC Voluntari,Petrolul,0,1,2.38,2.97,3.12,2.47,3.04,3.23,Liga I,,20221029_FC-Voluntari_Petrolul,10.931068563635108,1.15,1.26,4,4,10,10,49.8,50.2,1,1,0,0,6,3
2022-10-29,Sepsi Sf. Gheorghe,Univ. Craiova,0,1,2.33,3.08,3.07,2.43,3.12,3.2,Liga I,,20221029_Sepsi-Sf.-Gheorghe_Univ.-Craiova,-85.75182401427992,0.22,0.44,2,2,3,2,51.2,48.8,1,2,0,0,5,3
2022-10-30,FC Rapid Bucuresti,CFR Cluj,2,1,2.53,2.85,3.0,2.62,2.95,3.09,Liga I,,20221030_FC-Rapid-Bucuresti_CFR-Cluj,-156.04457219152505,1.24,0.43,4,4,10,12,36.2,63.8,1,4,0,0,4,3
2022-10-30,UTA Arad,FC Arges,0,1,2.22,3.07,3.35,2.33,3.13,3.39,Liga I,,20221030_UTA-Arad_FC-Arges,1.5477195263122212,1.11,1.81,5,8,12,19,53.6,46.4,3,2,0,0,8,6
2022-10-31,Mioveni,FC Hermannstadt,0,2,2.83,2.73,2.78,2.94,2.78,2.9,Liga I,,20221031_Mioveni_FC-Hermannstadt,-63.935332958217714,0.96,0.75,2,3,5,6,53.1,46.9,0,0,0,0,2,3
2022-10-31,U. Cluj,FCSB,2,1,3.85,3.1,2.02,4.03,3.19,2.07,Liga I,,20221031_U.-Cluj_FCSB,-186.48232485792528,1.37,0.78,5,3,9,6,44.2,55.8,1,1,1,0,3,3
2022-11-04,FC Botosani,FC Voluntari,0,1,2.74,2.95,2.65,2.92,3.02,2.7,Liga I,,20221104_FC-Botosani_FC-Voluntari,24.890539925719395,0.36,0.8,1,4,0,8,43.5,56.5,1,1,0,0,3,3
2022-11-04,Farul Constanta,Mioveni,2,1,1.43,3.9,7.93,1.48,3.93,8.38,Liga I,,20221104_Farul-Constanta_Mioveni,209.23402677830563,0.8,0.54,3,2,5,6,66.6,33.4,1,7,0,0,5,5
2022-11-05,FC Arges,Sepsi Sf. Gheorghe,0,5,4.91,3.38,1.72,5.36,3.57,1.72,Liga I,,20221105_FC-Arges_Sepsi-Sf.-Gheorghe,-52.304528322546275,0.41,1.89,1,5,3,14,49.7,50.3,2,4,0,0,6,6
2022-11-05,Petrolul,UTA Arad,2,1,2.52,2.96,2.9,2.53,3.0,3.17,Liga I,,20221105_Petrolul_UTA-Arad,47.181511463130846,1.2,0.94,3,2,8,4,58.4,41.6,1,1,1,0,6,4
2022-11-05,Univ. Craiova,U. Cluj,1,0,1.7,3.38,5.11,1.71,3.46,5.7,Liga I,,20221105_Univ.-Craiova_U.-Cluj,147.74068480076562,1.78,0.3,6,1,14,2,55.5,44.5,4,2,0,0,7,2
2022-11-06,FC Hermannstadt,Chindia Targoviste,0,1,2.42,2.78,3.27,2.54,2.75,3.48,Liga I,,20221106_FC-Hermannstadt_Chindia-Targoviste,38.53850772404235,1.33,0.42,3,1,5,2,50.6,49.4,1,1,0,1,5,1
2022-11-06,FCSB,FC Rapid Bucuresti,3,1,2.17,3.14,3.32,2.22,3.16,3.6,Liga I,,20221106_FCSB_FC-Rapid-Bucuresti,58.24076059509207,0.99,0.54,3,3,7,7,51.5,48.5,1,5,0,0,4,4
2022-11-07,CFR Cluj,U Craiova 1948,3,1,1.7,3.57,4.72,1.7,3.67,5.27,Liga I,,20221107_CFR-Cluj_U-Craiova-1948,235.73438893666275,1.54,1.25,5,3,10,7,63.6,36.4,1,3,0,0,8,1
2022-11-11,Sepsi Sf. Gheorghe,Petrolul,2,0,1.54,3.8,5.87,1.54,3.98,6.7,Liga I,,20221111_Sepsi-Sf.-Gheorghe_Petrolul,27.508847532121308,0.59,0.83,2,3,4,6,53.5,46.5,1,5,0,1,3,6
2022-11-12,Chindia Targoviste,Farul Constanta,1,1,3.32,2.79,2.37,3.57,2.81,2.45,Liga I,,20221112_Chindia-Targoviste_Farul-Constanta,-156.4153084831587,1.37,0.98,5,2,11,6,47.7,52.3,0,2,0,0,6,2
2022-11-12,FC Rapid Bucuresti,Univ. Craiova,2,2,2.96,3.0,2.44,3.08,2.97,2.61,Liga I,,20221112_FC-Rapid-Bucuresti_Univ.-Craiova,-72.46262031450169,0.64,1.31,2,5,6,13,47.0,53.0,2,1,0,0,3,10
2022-11-13,Mioveni,CFR Cluj,0,1,4.71,3.2,1.8,5.28,3.25,1.82,Liga I,,20221113_Mioveni_CFR-Cluj,-307.7877385021309,1.02,0.36,3,1,7,3,43.5,56.5,2,2,1,0,5,2
2022-11-13,U Craiova 1948,FCSB,0,2,3.46,3.36,2.01,3.77,3.47,2.03,Liga I,,20221113_U-Craiova-1948_FCSB,-186.9595927040466,0.53,0.38,2,2,6,5,52.9,47.1,0,0,0,0,2,6
2022-11-13,UTA Arad,FC Voluntari,1,1,2.39,2.93,3.11,2.61,2.91,3.15,Liga I,,20221113_UTA-Arad_FC-Voluntari,-56.59631098557452,0.94,1.37,3,4,6,10,47.9,52.1,2,3,0,0,6,3
2022-11-14,FC Botosani,FC Hermannstadt,0,0,2.9,2.77,2.67,3.2,2.78,2.69,Liga I,,20221114_FC-Botosani_FC-Hermannstadt,27.011420705015553,0.65,0.88,2,3,2,7,48.2,51.8,1,1,0,0,4,9
2022-11-14,U. Cluj,FC Arges,1,1,1.94,3.13,4.04,1.96,3.22,4.42,Liga I,,20221114_U.-Cluj_FC-Arges,11.532498601754469,0.7,1.14,4,3,11,8,45.2,54.8,0,1,0,0,10,7
2022-11-29,Chindia Targoviste,Univ. Craiova,1,1,3.89,2.94,2.07,4.38,2.86,2.14,Liga I,,20221129_Chindia-Targoviste_Univ.-Craiova,-171.97022764809753,1.14,1.08,3,6,5,12,40.9,59.1,2,1,0,0,6,7
2022-11-30,FC Hermannstadt,CFR Cluj,2,3,4.45,2.91,1.96,4.9,2.93,1.99,Liga I,,20221130_FC-Hermannstadt_CFR-Cluj,-234.565592048996,0.69,1.56,2,4,5,8,38.6,61.4,0,5,0,0,2,6
2022-12-01,FC Botosani,FCSB,2,3,5.34,3.66,1.61,5.74,3.83,1.63,Liga I,,20221201_FC-Botosani_FCSB,-153.42808003741357,1.16,1.44,4,6,8,13,47.5,52.5,1,2,0,0,6,1
2022-12-02,Petrolul,U. Cluj,2,0,2.76,2.73,2.84,2.91,2.75,2.97,Liga I,,20221202_Petrolul_U.-Cluj,23.023476934373548,1.71,0.05,6,1,11,4,46.8,53.2,1,0,0,0,4,2
2022-12-02,UTA Arad,Sepsi Sf. Gheorghe,1,4,3.87,3.16,1.98,4.16,3.19,2.03,Liga I,,20221202_UTA-Arad_Sepsi-Sf.-Gheorghe,-104.56526352901801,1.15,2.71,4,9,10,20,43.6,56.4,1,4,0,0,7,10
2022-12-03,FC Voluntari,FC Hermannstadt,3,0,2.39,2.78,3.32,2.5,2.68,3.7,Liga I,,20221203_FC-Voluntari_FC-Hermannstadt,29.908435049803984,0.99,0.05,3,1,7,3,53.7,46.3,0,1,0,0,4,5
2022-12-03,Univ. Craiova,U Craiova 1948,0,2,1.57,3.77,5.58,1.6,3.85,6.06,Liga I,,20221203_Univ.-Craiova_U-Craiova-1948,179.30369046154624,0.13,1.05,2,3,5,7,56.9,43.1,2,1,0,0,2,7
2022-12-04,CFR Cluj,Chindia Targoviste,2,0,1.57,3.46,6.47,1.58,3.62,7.02,Liga I,,20221204_CFR-Cluj_Chindia-Targoviste,241.76114018753196,1.79,0.91,6,4,11,10,59.5,40.5,0,5,0,0,4,5
2022-12-04,FC Arges,FC Rapid Bucuresti,1,1,3.9,3.2,1.96,4.36,3.3,1.94,Liga I,,20221204_FC-Arges_FC-Rapid-Bucuresti,-103.24760039718035,0.69,1.25,2,4,6,10,40.3,59.7,1,3,0,0,2,6
2022-12-04,Farul Constanta,FC Botosani,8,0,1.48,3.99,6.54,1.48,4.12,7.52,Liga I,,20221204_Farul-Constanta_FC-Botosani,120.4033195152449,2.71,0.61,8,3,19,10,47.1,52.9,2,1,0,0,11,3
2022-12-05,FCSB,Mioveni,5,1,1.39,4.33,7.74,1.38,4.6,8.98,Liga I,,20221205_FCSB_Mioveni,265.79534285454133,2.71,1.08,6,2,13,3,62.7,37.3,1,4,0,0,12,2
2022-12-09,Sepsi Sf. Gheorghe,FC Voluntari,1,1,1.47,3.97,6.81,1.5,4.07,7.34,Liga I,,20221209_Sepsi-Sf.-Gheorghe_FC-Voluntari,49.36840255381594,1.15,1.46,3,5,7,9,54.2,45.8,1,4,0,1,2,9
2022-12-10,FC Hermannstadt,Farul Constanta,4,0,3.39,2.9,2.27,3.6,2.94,2.35,Liga I,,20221210_FC-Hermannstadt_Farul-Constanta,-162.44190716687763,2.15,1.42,6,5,13,12,49.2,50.8,2,1,0,0,9,5
2022-12-11,Chindia Targoviste,FCSB,0,2,4.59,3.53,1.73,4.9,3.72,1.74,Liga I,,20221211_Chindia-Targoviste_FCSB,-196.90444922678444,0.55,1.03,1,2,4,4,38.6,61.4,3,2,0,0,5,1
2022-12-11,FC Botosani,CFR Cluj,1,1,5.57,3.57,1.62,5.71,3.65,1.67,Liga I,,20221211_FC-Botosani_CFR-Cluj,-234.1560729784767,0.65,0.72,2,1,6,2,43.1,56.9,0,3,0,0,4,0
2022-12-11,U. Cluj,UTA Arad,0,0,2.34,2.88,3.26,2.42,2.93,3.45,Liga I,,20221211_U.-Cluj_UTA-Arad,29.21693883909711,1.03,0.05,3,0,7,1,49.3,50.7,3,0,0,1,6,1
2022-12-12,Mioveni,Univ. Craiova,0,1,6.33,3.63,1.54,6.84,3.73,1.57,Liga I,,20221212_Mioveni_Univ.-Craiova,-225.49219168403283,0.06,0.17,0,1,3,3,40.4,59.6,2,1,0,1,3,6
2022-12-12,U Craiova 1948,FC Arges,1,0,1.75,3.38,4.75,1.75,3.49,5.25,Liga I,,20221212_U-Craiova-1948_FC-Arges,0.20585119097268034,1.82,1.37,6,2,14,4,48.2,51.8,3,1,0,0,11,4
2022-12-14,FC Rapid Bucuresti,Petrolul,3,1,1.85,3.1,4.64,1.9,3.18,4.87,Liga I,,20221214_FC-Rapid-Bucuresti_Petrolul,54.81735692661232,1.29,1.4,3,3,7,6,53.9,46.1,2,4,0,0,3,3
2022-12-15,FCSB,CFR Cluj,0,1,2.37,3.04,3.02,2.48,3.08,3.16,Liga I,,20221215_FCSB_CFR-Cluj,-41.51992172748078,1.1,1.53,3,5,7,9,46.2,53.8,5,0,0,0,2,7
2022-12-16,FC Voluntari,Farul Constanta,1,1,3.26,2.97,2.29,3.43,3.04,2.35,Liga I,,20221216_FC-Voluntari_Farul-Constanta,-91.66607824934113,0.59,1.59,3,5,4,12,42.0,58.0,1,3,0,0,4,6
2022-12-17,Sepsi Sf. Gheorghe,U. Cluj,2,1,1.53,3.77,6.33,1.52,3.91,7.34,Liga I,,20221217_Sepsi-Sf.-Gheorghe_U.-Cluj,91.6486818230469,1.29,1.13,4,5,8,11,48.6,51.4,2,2,0,0,5,9
2022-12-17,Univ. Craiova,Chindia Targoviste,3,0,1.48,3.73,7.39,1.51,3.86,7.76,Liga I,,20221217_Univ.-Craiova_Chindia-Targoviste,159.05027832362657,1.45,1.32,6,4,14,10,57.1,42.9,3,3,0,0,4,4
2022-12-18,FC Arges,Mioveni,2,2,2.43,2.78,3.22,2.48,2.85,3.45,Liga I,,20221218_FC-Arges_Mioveni,74.52965886959396,0.05,0.85,2,3,5,6,56.6,43.4,4,2,0,0,6,5
2022-12-18,Petrolul,U Craiova 1948,1,1,2.83,2.88,2.63,2.96,2.94,2.73,Liga I,,20221218_Petrolul_U-Craiova-1948,19.179964806834278,1.34,0.05,4,1,11,1,52.8,47.2,1,2,0,0,4,2
2022-12-18,UTA Arad,FC Rapid Bucuresti,1,1,2.99,2.9,2.49,3.18,2.91,2.59,Liga I,,20221218_UTA-Arad_FC-Rapid-Bucuresti,-138.58517707923852,0.92,0.68,3,2,7,5,38.7,61.3,0,1,0,0,3,2
2022-12-19,FCSB,FC Botosani,1,0,1.35,4.73,7.77,1.37,4.89,8.46,Liga I,,20221219_FCSB_FC-Botosani,167.96159414233898,0.7,0.97,1,2,3,3,58.4,41.6,4,2,0,1,2,2
2022-12-20,CFR Cluj,FC Hermannstadt,0,1,1.6,3.44,6.12,1.6,3.62,6.64,Liga I,,20221220_CFR-Cluj_FC-Hermannstadt,246.48139315732078,0.93,1.44,5,5,12,11,64.6,35.4,7,0,0,0,6,6
2023-01-20,FC Rapid Bucuresti,Sepsi Sf. Gheorghe,3,0,2.92,2.93,2.54,3.07,3.01,2.59,Liga I,,20230120_FC-Rapid-Bucuresti_Sepsi-Sf.-Gheorghe,6.279162731923407,1.4,1.62,5,4,9,10,48.4,51.6,0,1,0,0,3,3
2023-01-20,U. Cluj,FC Voluntari,2,1,2.17,2.83,3.79,2.33,2.77,3.92,Liga I,,20230120_U.-Cluj_FC-Voluntari,-57.66832079284859,1.6,1.41,5,5,8,12,55.0,45.0,5,3,0,0,6,9
2023-01-21,FC Botosani,Univ. Craiova,1,0,4.63,3.5,1.74,4.8,3.65,1.77,Liga I,,20230121_FC-Botosani_Univ.-Craiova,-142.46399877084104,0.94,0.36,3,0,8,2,49.0,51.0,1,0,0,0,2,4
2023-01-21,Mioveni,Petrolul,1,0,2.85,2.84,2.67,2.85,2.9,2.87,Liga I,,20230121_Mioveni_Petrolul,-114.70408238972868,1.35,0.07,4,1,7,2,48.9,51.1,2,1,0,0,4,5
2023-01-22,FC Hermannstadt,FCSB,0,1,3.83,3.19,1.99,4.22,3.29,1.98,Liga I,,20230122_FC-Hermannstadt_FCSB,-171.1042965857439,0.96,2.34,5,8,11,17,46.8,53.2,2,1,0,0,6,7
2023-01-22,U Craiova 1948,UTA Arad,1,1,2.1,3.03,3.68,2.13,3.09,3.97,Liga I,,20230122_U-Craiova-1948_UTA-Arad,40.45728829235031,0.79,1.22,4,2,8,4,54.3,45.7,0,1,0,0,7,4
2023-01-23,Chindia Targoviste,FC Arges,1,1,2.04,2.88,4.19,2.08,2.88,4.59,Liga I,,20230123_Chindia-Targoviste_FC-Arges,-2.117257093601893,0.96,0.05,3,2,7,2,47.0,53.0,1,0,0,0,5,2
2023-01-23,Farul Constanta,CFR Cluj,0,3,2.73,2.75,2.89,2.82,2.75,3.07,Liga I,,20230123_Farul-Constanta_CFR-Cluj,-102.27934637105795,0.34,0.7,1,3,1,4,53.2,46.8,3,0,0,0,3,1
2023-01-27,U. Cluj,FC Rapid Bucuresti,0,0,2.61,2.78,2.99,2.7,2.85,3.1,Liga I,,20230127_U.-Cluj_FC-Rapid-Bucuresti,-113.5492911838121,1.15,0.87,4,0,10,1,39.8,60.2,1,1,0,0,3,0
2023-01-28,Petrolul,Chindia Targoviste,1,2,2.63,2.77,2.98,2.83,2.76,3.05,Liga I,,20230128_Petrolul_Chindia-Targoviste,31.4655273300516,0.09,1.26,1,5,0,11,45.2,54.8,3,1,0,0,1,4
2023-01-28,UTA Arad,Mioveni,1,2,1.97,3.13,4.02,1.94,3.23,4.49,Liga I,,20230128_UTA-Arad_Mioveni,41.95764207618504,1.74,0.66,6,2,15,5,52.3,47.7,2,3,0,0,7,3
2023-01-28,Univ. Craiova,FC Hermannstadt,2,0,1.69,3.39,5.3,1.7,3.52,5.69,Liga I,,20230128_Univ.-Craiova_FC-Hermannstadt,122.24612541579131,2.02,2.15,6,7,14,17,58.7,41.3,1,1,0,0,5,12
2023-01-29,FC Arges,FC Botosani,0,2,2.65,2.88,2.82,2.83,2.88,2.92,Liga I,,20230129_FC-Arges_FC-Botosani,-44.925649495789,1.48,0.86,5,3,12,9,49.9,50.1,4,0,0,0,6,5
2023-01-29,FCSB,Farul Constanta,2,3,1.88,3.3,4.16,1.85,3.41,4.65,Liga I,,20230129_FCSB_Farul-Constanta,80.64177638801038,1.02,1.21,2,4,4,7,52.1,47.9,3,1,1,0,4,5
2023-01-30,FC Voluntari,CFR Cluj,0,1,4.05,2.96,2.03,4.37,3.06,2.04,Liga I,,20230130_FC-Voluntari_CFR-Cluj,-210.2960287668177,1.14,0.74,3,3,7,6,38.8,61.2,0,0,0,0,5,1
2023-02-03,Chindia Targoviste,UTA Arad,2,1,2.6,2.82,2.95,2.73,2.82,3.1,Liga I,,20230203_Chindia-Targoviste_UTA-Arad,36.1592708719495,0.78,0.53,2,1,4,3,49.1,50.9,1,3,0,0,3,1
2023-02-03,U Craiova 1948,U. Cluj,5,0,2.29,2.97,3.3,2.36,3.08,3.41,Liga I,,20230203_U-Craiova-1948_U.-Cluj,7.555021354881319,2.05,1.66,6,6,12,14,54.9,45.1,2,1,0,0,7,9
2023-02-04,FC Hermannstadt,FC Arges,1,1,1.88,3.04,4.61,1.93,3.05,4.93,Liga I,,20230204_FC-Hermannstadt_FC-Arges,34.332398801880345,1.18,1.2,2,4,4,8,50.2,49.8,0,0,0,0,4,5
2023-02-04,FC Rapid Bucuresti,FC Voluntari,4,1,1.95,3.05,4.24,1.99,3.09,4.57,Liga I,,20230204_FC-Rapid-Bucuresti_FC-Voluntari,85.5508763671096,0.91,1.49,4,5,7,11,53.2,46.8,1,2,0,0,2,3
2023-02-05,CFR Cluj,FCSB,0,1,2.27,2.92,3.37,2.39,2.97,3.46,Liga I,,20230205_CFR-Cluj_FCSB,59.016370594437376,0.07,0.41,0,1,0,3,55.7,44.3,3,1,0,0,1,3
2023-02-05,Mioveni,Sepsi Sf. Gheorghe,1,1,4.91,3.5,1.7,5.49,3.69,1.68,Liga I,,20230205_Mioveni_Sepsi-Sf.-Gheorghe,-138.55151232330945,1.24,1.35,4,5,10,13,46.9,53.1,1,1,0,0,4,7
2023-02-06,FC Botosani,Petrolul,5,0,2.21,3.01,3.43,2.28,3.02,3.64,Liga I,,20230206_FC-Botosani_Petrolul,38.97185906680875,1.43,1.28,5,3,9,4,52.5,47.5,1,4,0,0,13,8
2023-02-06,Farul Constanta,Univ. Craiova,2,1,3.02,2.84,2.53,3.15,2.87,2.65,Liga I,,20230206_Farul-Constanta_Univ.-Craiova,-11.939427436752794,0.44,0.55,2,1,6,1,46.7,53.3,2,3,0,0,5,2
2023-02-10,FC Rapid Bucuresti,U Craiova 1948,1,2,2.17,3.09,3.44,2.27,3.14,3.57,Liga I,,20230210_FC-Rapid-Bucuresti_U-Craiova-1948,95.7827755039973,0.9,1.17,2,4,5,9,56.1,43.9,0,5,0,0,8,2
2023-02-10,U. Cluj,Mioveni,2,2,1.97,3.05,4.14,2.03,3.07,4.38,Liga I,,20230210_U.-Cluj_Mioveni,42.34963121140572,0.95,1.55,3,4,7,9,47.4,52.6,1,4,0,0,5,8
2023-02-11,UTA Arad,FC Botosani,3,1,2.09,3.19,3.53,2.14,3.25,3.69,Liga I,,20230211_UTA-Arad_FC-Botosani,-101.84418824473119,1.21,1.0,5,4,11,8,42.1,57.9,0,4,0,0,10,6
2023-02-11,Univ. Craiova,CFR Cluj,2,0,2.63,2.89,2.84,2.72,2.97,2.94,Liga I,,20230211_Univ.-Craiova_CFR-Cluj,-96.6393457972631,0.83,0.82,2,4,5,7,45.6,54.4,3,3,0,0,7,3
2023-02-12,FC Arges,Farul Constanta,0,0,4.7,3.34,1.77,5.05,3.43,1.79,Liga I,,20230212_FC-Arges_Farul-Constanta,-171.75693264920324,0.73,1.22,3,4,6,9,44.3,55.7,4,1,0,0,7,6
2023-02-12,FC Voluntari,FCSB,1,2,4.71,3.52,1.73,5.05,3.63,1.74,Liga I,,20230212_FC-Voluntari_FCSB,-185.42299751012138,0.05,1.13,1,3,3,8,48.8,51.2,2,1,0,0,1,7
2023-02-13,Petrolul,FC Hermannstadt,2,0,2.48,2.89,3.04,2.57,2.95,3.17,Liga I,,20230213_Petrolul_FC-Hermannstadt,-16.942403371797354,0.96,1.7,2,6,5,12,46.0,54.0,3,2,0,0,11,3
2023-02-13,Sepsi Sf. Gheorghe,Chindia Targoviste,2,2,1.66,3.49,5.43,1.67,3.59,5.86,Liga I,,20230213_Sepsi-Sf.-Gheorghe_Chindia-Targoviste,72.01644073009356,0.54,1.01,2,5,6,12,48.4,51.6,2,3,0,0,4,6
2023-02-17,Chindia Targoviste,U. Cluj,2,2,2.46,2.83,3.17,2.52,2.87,3.35,Liga I,,20230217_Chindia-Targoviste_U.-Cluj,18.999503471893377,0.8,1.63,2,7,4,15,51.6,48.4,1,2,0,0,3,8
2023-02-17,Mioveni,FC Rapid Bucuresti,0,0,4.28,3.18,1.9,4.79,3.24,1.89,Liga I,,20230217_Mioveni_FC-Rapid-Bucuresti,-152.48324374558047,0.24,0.94,1,3,3,7,37.7,62.3,0,2,0,0,4,4
2023-02-18,FC Hermannstadt,UTA Arad,0,0,2.4,3.0,3.06,2.49,3.07,3.16,Liga I,,20230218_FC-Hermannstadt_UTA-Arad,30.490702663322963,0.89,0.33,3,1,7,2,50.7,49.3,1,0,1,0,4,2
2023-02-18,Farul Constanta,Petrolul,2,0,1.59,3.69,5.7,1.63,3.74,5.99,Liga I,,20230218_Farul-Constanta_Petrolul,138.6541350767543,1.6,0.33,4,3,9,5,53.8,46.2,1,1,0,1,3,5
2023-02-19,CFR Cluj,FC Arges,3,1,1.42,4.15,7.77,1.41,4.3,9.06,Liga I,,20230219_CFR-Cluj_FC-Arges,234.76497109434763,1.26,0.07,3,2,7,5,54.9,45.1,0,3,0,1,4,6
2023-02-19,FCSB,Univ. Craiova,1,1,2.04,3.35,3.47,2.05,3.46,3.71,Liga I,,20230219_FCSB_Univ.-Craiova,56.54824874486144,1.12,0.89,3,3,5,7,45.6,54.4,6,1,0,1,1,3
2023-02-20,FC Botosani,Sepsi Sf. Gheorghe,1,1,3.6,3.22,2.05,3.82,3.27,2.09,Liga I,,20230220_FC-Botosani_Sepsi-Sf.-Gheorghe,-40.81054036907199,1.26,0.05,6,1,13,5,55.3,44.7,1,1,0,0,8,2
2023-02-20,U Craiova 1948,FC Voluntari,2,1,1.8,3.38,4.49,1.79,3.46,4.99,Liga I,,20230220_U-Craiova-1948_FC-Voluntari,29.343583984659062,1.76,1.52,5,6,9,12,45.4,54.6,0,3,0,0,4,9
2023-02-24,U Craiova 1948,Mioveni,2,1,1.46,4.02,6.89,1.46,4.3,7.42,Liga I,,20230224_U-Craiova-1948_Mioveni,93.19053359765871,1.56,1.05,5,3,10,5,54.9,45.1,2,1,0,0,8,2
2023-02-24,UTA Arad,Farul Constanta,0,1,2.97,3.06,2.42,3.05,3.15,2.51,Liga I,,20230224_UTA-Arad_Farul-Constanta,-183.77150662453482,0.86,0.49,3,1,7,3,38.4,61.6,1,1,0,0,4,4
2023-02-25,FC Rapid Bucuresti,Chindia Targoviste,2,0,1.88,3.21,4.29,1.9,3.3,4.62,Liga I,,20230225_FC-Rapid-Bucuresti_Chindia-Targoviste,89.74807332590603,1.77,0.56,4,2,10,6,50.5,49.5,3,1,0,0,5,4
2023-02-25,Sepsi Sf. Gheorghe,FC Hermannstadt,2,1,1.66,3.42,5.46,1.69,3.53,5.79,Liga I,,20230225_Sepsi-Sf.-Gheorghe_FC-Hermannstadt,80.97100340696284,1.55,0.9,3,1,6,3,49.6,50.4,4,0,0,0,1,5
2023-02-25,U. Cluj,FC Botosani,2,0,2.06,3.14,3.7,2.08,3.19,3.99,Liga I,,20230225_U.-Cluj_FC-Botosani,-46.048259875024996,0.41,1.19,2,3,3,4,43.9,56.1,1,1,0,0,3,4
2023-02-26,FC Arges,FCSB,1,2,6.9,4.13,1.45,6.92,4.17,1.5,Liga I,,20230226_FC-Arges_FCSB,-228.1817850102475,0.7,0.55,1,2,2,6,49.0,51.0,1,1,0,0,4,5
2023-02-26,FC Voluntari,Univ. Craiova,1,0,3.02,3.04,2.4,3.12,3.12,2.48,Liga I,,20230226_FC-Voluntari_Univ.-Craiova,-154.08297626052195,1.11,0.48,4,2,9,3,40.5,59.5,3,1,0,0,5,2
2023-02-27,Petrolul,CFR Cluj,2,5,5.48,3.37,1.68,6.24,3.49,1.66,Liga I,,20230227_Petrolul_CFR-Cluj,-225.0315940044536,1.14,1.24,4,5,9,13,46.3,53.7,2,2,0,0,4,3
2023-02-28,Chindia Targoviste,U Craiova 1948,0,0,3.2,3.02,2.3,3.41,3.0,2.39,Liga I,,20230228_Chindia-Targoviste_U-Craiova-1948,-58.18428869716604,0.82,0.98,4,4,10,8,45.9,54.1,2,2,0,0,5,8
2023-02-28,FC Hermannstadt,U. Cluj,0,1,2.53,2.81,3.08,2.59,2.83,3.29,Liga I,,20230228_FC-Hermannstadt_U.-Cluj,-19.752520370419916,0.56,0.93,0,3,0,7,46.0,54.0,3,5,1,0,4,6
2023-02-28,Farul Constanta,Sepsi Sf. Gheorghe,2,0,2.1,3.07,3.68,2.1,3.04,4.16,Liga I,,20230228_Farul-Constanta_Sepsi-Sf.-Gheorghe,71.34290026103372,1.87,1.02,6,2,14,4,53.6,46.4,3,0,0,0,4,1
2023-03-01,FC Botosani,FC Rapid Bucuresti,1,2,3.15,3.09,2.3,3.31,3.12,2.37,Liga I,,20230301_FC-Botosani_FC-Rapid-Bucuresti,-83.93675327720098,0.76,1.28,4,4,10,11,44.7,55.3,0,0,0,0,3,5
2023-03-01,Mioveni,FC Voluntari,0,3,2.81,2.94,2.63,2.92,2.95,2.76,Liga I,,20230301_Mioveni_FC-Voluntari,-67.7238320021147,0.67,1.2,1,4,2,8,50.9,49.1,1,4,1,0,3,1
2023-03-01,Univ. Craiova,FC Arges,1,0,1.4,4.25,7.91,1.43,4.33,8.21,Liga I,,20230301_Univ.-Craiova_FC-Arges,163.5928200349383,1.46,0.66,4,5,8,11,60.1,39.9,2,4,0,0,4,8
2023-03-02,CFR Cluj,UTA Arad,2,1,1.54,3.69,6.5,1.58,3.69,6.81,Liga I,,20230302_CFR-Cluj_UTA-Arad,266.5926196434932,1.69,0.44,6,2,14,4,61.0,39.0,1,2,0,0,5,2
2023-03-02,FCSB,Petrolul,4,1,1.29,5.38,8.94,1.28,5.84,10.18,Liga I,,20230302_FCSB_Petrolul,218.82191984305337,2.58,0.64,10,3,20,6,50.6,49.4,1,1,0,0,11,2
2023-03-03,U. Cluj,Farul Constanta,2,0,3.4,3.01,2.22,3.52,3.09,2.29,Liga I,,20230303_U.-Cluj_Farul-Constanta,-149.31867192386903,0.82,1.17,2,3,4,6,45.6,54.4,0,1,0,0,2,2
2023-03-04,FC Rapid Bucuresti,FC Hermannstadt,0,1,1.98,3.0,4.18,2.05,3.05,4.36,Liga I,,20230304_FC-Rapid-Bucuresti_FC-Hermannstadt,143.04967686803957,0.65,0.47,3,1,8,3,56.4,43.6,4,2,0,0,8,5
2023-03-04,U Craiova 1948,FC Botosani,1,0,1.87,3.27,4.24,1.91,3.24,4.66,Liga I,,20230304_U-Craiova-1948_FC-Botosani,41.60324361192738,1.03,1.35,4,2,10,5,53.9,46.1,2,3,0,0,8,4
2023-03-05,Mioveni,Chindia Targoviste,2,0,2.79,2.94,2.64,3.05,3.02,2.6,Liga I,,20230305_Mioveni_Chindia-Targoviste,-64.40005012451957,1.54,0.36,5,1,11,3,56.0,44.0,2,2,0,0,4,0
2023-03-05,Petrolul,Univ. Craiova,0,1,4.35,3.73,1.73,4.49,4.02,1.74,Liga I,,20230305_Petrolul_Univ.-Craiova,-156.09998285505662,0.93,0.98,3,3,7,4,44.9,55.1,2,1,0,1,3,3
2023-03-05,UTA Arad,FCSB,3,1,4.38,3.54,1.76,4.52,3.68,1.81,Liga I,,20230305_UTA-Arad_FCSB,-259.62617479482833,1.49,1.3,4,3,9,7,42.0,58.0,1,5,0,0,8,10
2023-03-06,FC Voluntari,FC Arges,0,0,1.72,3.4,4.93,1.72,3.55,5.42,Liga I,,20230306_FC-Voluntari_FC-Arges,59.92994424186895,0.99,0.4,4,0,8,0,56.1,43.9,1,1,0,0,8,0
2023-03-06,Sepsi Sf. Gheorghe,CFR Cluj,2,2,2.48,3.03,2.88,2.53,3.22,2.96,Liga I,,20230306_Sepsi-Sf.-Gheorghe_CFR-Cluj,-155.61922129323216,1.03,1.34,3,4,7,9,46.5,53.5,3,4,0,0,6,4
2023-03-10,FC Botosani,Mioveni,1,1,1.89,3.25,4.15,1.87,3.39,4.61,Liga I,,20230310_FC-Botosani_Mioveni,52.22995005646908,1.01,1.85,4,5,8,10,46.0,54.0,1,1,0,0,5,8
2023-03-10,Univ. Craiova,UTA Arad,2,1,1.72,3.46,4.8,1.78,3.51,4.96,Liga I,,20230310_Univ.-Craiova_UTA-Arad,173.63654924646153,0.05,0.99,2,4,4,10,52.5,47.5,1,4,0,0,4,11
2023-03-11,FC Arges,Petrolul,0,1,2.31,3.12,3.05,2.37,3.21,3.22,Liga I,,20230311_FC-Arges_Petrolul,-11.965603825862217,0.27,0.99,3,2,7,4,45.7,54.3,1,5,0,1,4,3
2023-03-11,Farul Constanta,FC Rapid Bucuresti,2,1,1.93,3.23,3.99,1.94,3.37,4.28,Liga I,,20230311_Farul-Constanta_FC-Rapid-Bucuresti,48.476230012512815,0.98,1.49,4,5,9,11,51.7,48.3,0,5,0,0,3,4
2023-03-12,FC Hermannstadt,U Craiova 1948,1,0,2.9,2.92,2.54,3.07,3.05,2.56,Liga I,,20230312_FC-Hermannstadt_U-Craiova-1948,-76.29469715409255,0.19,0.36,1,0,0,1,48.8,51.2,0,1,0,0,5,2
2023-03-12,FCSB,Sepsi Sf. Gheorghe,1,0,1.85,3.55,3.92,1.83,3.77,4.27,Liga I,,20230312_FCSB_Sepsi-Sf.-Gheorghe,115.49724750588166,0.54,0.05,2,0,4,2,47.2,52.8,1,2,0,1,5,1
2023-03-13,CFR Cluj,U. Cluj,4,0,1.58,3.55,6.15,1.65,3.57,6.2,Liga I,,20230313_CFR-Cluj_U.-Cluj,192.55134722015805,1.6,0.31,7,2,14,4,50.3,49.7,3,0,0,0,5,3
2023-03-13,Chindia Targoviste,FC Voluntari,1,1,2.52,2.85,3.02,2.64,2.92,3.1,Liga I,,20230313_Chindia-Targoviste_FC-Voluntari,-34.85349986849474,1.99,0.16,7,1,17,0,47.8,52.2,4,2,0,0,5,3
2023-03-16,Sepsi Sf. Gheorghe,U Craiova 1948,4,0,1.85,3.25,4.41,1.88,3.19,4.93,Liga I,,20230316_Sepsi-Sf.-Gheorghe_U-Craiova-1948,19.735507697341745,2.21,0.05,6,0,14,0,45.6,54.4,0,0,0,0,8,2
2023-03-17,FC Voluntari,FC Hermannstadt,1,1,2.21,2.86,3.57,2.24,2.94,3.86,Liga I,,20230317_FC-Voluntari_FC-Hermannstadt,16.3835601547612,0.68,0.67,2,2,5,5,54.9,45.1,0,2,0,0,5,4
2023-03-17,Petrolul,UTA Arad,1,0,3.05,2.92,2.43,3.31,2.96,2.48,Liga I,,20230317_Petrolul_UTA-Arad,21.69185544217453,1.32,0.78,4,2,12,4,56.9,43.1,1,3,0,0,2,3
2023-03-18,FC Botosani,Chindia Targoviste,1,0,2.25,2.96,3.34,2.36,3.04,3.44,Liga I,,20230318_FC-Botosani_Chindia-Targoviste,13.237974172819122,0.1,1.17,1,4,3,8,45.4,54.6,3,3,0,0,3,6
2023-03-18,FCSB,Univ. Craiova,1,1,1.62,3.74,5.06,1.64,3.89,5.48,Liga I,,20230318_FCSB_Univ.-Craiova,48.480082077462384,0.8,0.36,3,1,6,2,55.8,44.2,3,1,0,0,5,2
2023-03-19,CFR Cluj,FC Rapid Bucuresti,2,2,1.71,3.3,5.14,1.73,3.32,5.88,Liga I,,20230319_CFR-Cluj_FC-Rapid-Bucuresti,141.72454584258867,0.78,0.2,5,2,12,3,54.4,45.6,4,1,0,0,4,1
2023-03-19,Farul Constanta,Sepsi Sf. Gheorghe,2,1,1.86,3.21,4.32,1.88,3.32,4.66,Liga I,,20230319_Farul-Constanta_Sepsi-Sf.-Gheorghe,75.74807554833615,0.91,0.05,2,1,4,2,49.9,50.1,1,1,0,0,3,3
2023-03-20,U Craiova 1948,Mioveni,3,0,1.73,3.37,4.86,1.77,3.45,5.18,Liga I,,20230320_U-Craiova-1948_Mioveni,87.26984745670939,1.26,0.49,4,2,9,4,56.3,43.7,1,2,0,0,7,3
2023-03-20,U. Cluj,FC Arges,2,0,1.59,3.64,5.78,1.57,3.9,6.37,Liga I,,20230320_U.-Cluj_FC-Arges,71.85651881765193,1.2,0.94,4,2,8,4,45.6,54.4,3,4,0,0,5,6
2023-03-31,U Craiova 1948,Petrolul,0,1,1.75,3.51,4.5,1.78,3.55,4.94,Liga I,,20230331_U-Craiova-1948_Petrolul,48.27922064644508,1.45,0.84,3,3,6,7,52.1,47.9,0,2,0,0,1,5
2023-04-01,FC Hermannstadt,FC Botosani,1,1,2.29,2.94,3.3,2.38,2.88,3.6,Liga I,,20230401_FC-Hermannstadt_FC-Botosani,-8.145133768430469,0.38,1.49,1,4,3,10,52.2,47.8,0,1,0,0,3,3
2023-04-01,FC Rapid Bucuresti,Farul Constanta,1,1,2.28,3.08,3.16,2.34,3.16,3.33,Liga I,,20230401_FC-Rapid-Bucuresti_Farul-Constanta,-73.93318467212316,1.8,1.46,7,5,17,10,49.7,50.3,3,2,0,1,12,6
2023-04-01,UTA Arad,U. Cluj,2,0,2.13,3.08,3.52,2.03,3.26,4.08,Liga I,,20230401_UTA-Arad_U.-Cluj,-79.21371520142793,1.42,0.05,3,0,5,0,45.8,54.2,1,2,0,0,6,3
2023-04-02,FC Arges,FC Voluntari,0,2,3.62,3.06,2.1,3.89,3.16,2.12,Liga I,,20230402_FC-Arges_FC-Voluntari,-75.20532216842935,0.67,1.26,0,3,0,7,47.7,52.3,2,2,0,0,2,8
2023-04-02,Univ. Craiova,CFR Cluj,1,1,2.53,3.02,2.82,2.61,3.13,2.93,Liga I,,20230402_Univ.-Craiova_CFR-Cluj,-70.018108585743,0.26,1.61,1,4,3,10,39.5,60.5,2,1,0,0,3,5
2023-04-03,Mioveni,Chindia Targoviste,0,1,3.13,2.89,2.42,3.39,2.9,2.48,Liga I,,20230403_Mioveni_Chindia-Targoviste,-32.91563370915537,1.86,0.48,6,1,14,1,45.1,54.9,0,2,0,0,6,3
2023-04-03,Sepsi Sf. Gheorghe,FCSB,1,2,3.0,3.31,2.26,3.11,3.39,2.33,Liga I,,20230403_Sepsi-Sf.-Gheorghe_FCSB,-128.2421160824092,1.19,1.16,3,3,4,8,50.5,49.5,1,3,0,0,1,6
2023-04-08,FC Voluntari,UTA Arad,1,1,2.21,3.03,3.36,2.27,3.11,3.54,Liga I,,20230408_FC-Voluntari_UTA-Arad,58.20942694585051,0.68,1.6,3,4,7,12,52.1,47.9,4,0,1,0,2,5
2023-04-08,Farul Constanta,Univ. Craiova,3,2,2.17,3.16,3.33,2.23,3.19,3.53,Liga I,,20230408_Farul-Constanta_Univ.-Craiova,6.605762749286896,1.4,0.97,5,3,12,6,42.3,57.7,2,2,0,0,1,7
2023-04-08,U. Cluj,U Craiova 1948,1,3,2.16,3.16,3.33,2.25,3.24,3.43,Liga I,,20230408_U.-Cluj_U-Craiova-1948,-14.293533643261071,0.05,1.54,1,5,2,11,45.9,54.1,2,3,1,0,3,4
2023-04-09,CFR Cluj,FCSB,1,1,2.35,3.15,2.99,2.52,3.17,3.01,Liga I,,20230409_CFR-Cluj_FCSB,14.717782141229463,1.28,0.46,5,1,12,1,46.6,53.4,0,3,0,0,5,1
2023-04-09,Chindia Targoviste,FC Hermannstadt,1,2,2.35,2.71,3.52,2.48,2.65,3.81,Liga I,,20230409_Chindia-Targoviste_FC-Hermannstadt,-17.59358382218602,1.63,0.53,5,2,8,5,45.6,54.4,0,1,0,0,5,5
2023-04-09,FC Botosani,FC Arges,1,0,1.71,3.39,5.0,1.72,3.52,5.43,Liga I,,20230409_FC-Botosani_FC-Arges,77.25884443857649,0.71,0.4,4,2,10,4,53.7,46.3,1,3,0,1,6,1
2023-04-10,Petrolul,Mioveni,2,0,1.81,3.27,4.58,1.81,3.39,5.02,Liga I,,20230410_Petrolul_Mioveni,81.6092799414796,0.93,0.59,3,2,8,3,56.0,44.0,2,1,0,0,4,4
2023-04-10,Sepsi Sf. Gheorghe,FC Rapid Bucuresti,2,0,2.19,3.23,3.22,2.2,3.24,3.56,Liga I,,20230410_Sepsi-Sf.-Gheorghe_FC-Rapid-Bucuresti,-30.94090034566898,2.27,0.37,6,1,14,2,46.7,53.3,2,1,0,0,4,5
2023-04-14,U Craiova 1948,FC Voluntari,3,3,2.12,3.22,3.36,2.17,3.28,3.58,Liga I,,20230414_U-Craiova-1948_FC-Voluntari,19.417291743390933,1.02,0.64,3,3,6,7,48.7,51.3,2,0,0,0,5,7
2023-04-14,UTA Arad,FC Botosani,0,2,1.97,3.15,3.93,2.01,3.2,4.2,Liga I,,20230414_UTA-Arad_FC-Botosani,-48.76112915922249,1.17,1.34,3,3,6,7,46.5,53.5,5,2,1,0,1,5
2023-04-15,CFR Cluj,Sepsi Sf. Gheorghe,2,1,1.85,3.29,4.29,1.81,3.45,4.83,Liga I,,20230415_CFR-Cluj_Sepsi-Sf.-Gheorghe,144.90890128022625,2.53,0.48,8,3,17,7,51.6,48.4,3,3,0,0,13,1
2023-04-15,Mioveni,FC Hermannstadt,0,2,3.38,2.94,2.26,3.72,2.98,2.27,Liga I,,20230415_Mioveni_FC-Hermannstadt,-92.86715752196938,1.74,1.0,7,3,14,6,53.0,47.0,2,2,0,0,7,6
2023-04-16,Petrolul,U. Cluj,0,2,2.84,2.99,2.54,2.96,3.06,2.64,Liga I,,20230416_Petrolul_U.-Cluj,14.06665441351197,1.03,2.04,5,5,11,11,48.2,51.8,2,1,0,0,4,5
2023-04-16,Univ. Craiova,FC Rapid Bucuresti,3,1,1.84,3.39,4.15,1.87,3.45,4.5,Liga I,,20230416_Univ.-Craiova_FC-Rapid-Bucuresti,63.589987173206964,2.18,0.84,7,3,16,6,53.3,46.7,2,1,0,0,7,1
2023-04-17,FC Arges,Chindia Targoviste,1,0,3.57,2.9,2.21,3.83,2.94,2.26,Liga I,,20230417_FC-Arges_Chindia-Targoviste,-50.06451555326748,0.72,0.44,3,1,4,3,47.7,52.3,2,1,0,0,8,4
2023-04-17,FCSB,Farul Constanta,2,1,1.9,3.49,3.78,1.88,3.64,4.18,Liga I,,20230417_FCSB_Farul-Constanta,32.65847381846902,1.65,1.33,5,3,13,8,55.9,44.1,1,1,0,0,3,3
2023-04-21,Sepsi Sf. Gheorghe,Univ. Craiova,1,2,2.75,3.18,2.5,2.85,3.26,2.59,Liga I,,20230421_Sepsi-Sf.-Gheorghe_Univ.-Craiova,-85.49345298344201,1.06,1.19,3,3,6,7,44.7,55.3,1,1,0,0,4,3
2023-04-22,FC Botosani,U Craiova 1948,0,0,2.41,3.1,2.94,2.55,3.13,3.01,Liga I,,20230422_FC-Botosani_U-Craiova-1948,-13.88505604123543,1.04,0.49,3,2,4,6,45.2,54.8,1,2,0,0,3,6
2023-04-22,FC Hermannstadt,FC Arges,2,1,1.8,3.24,4.66,1.8,3.31,5.24,Liga I,,20230422_FC-Hermannstadt_FC-Arges,85.59326592145635,1.25,1.27,3,4,8,9,49.8,50.2,1,2,0,0,1,10
2023-04-22,Farul Constanta,CFR Cluj,1,0,2.38,3.07,3.01,2.37,3.13,3.31,Liga I,,20230422_Farul-Constanta_CFR-Cluj,-64.50189671923704,1.43,0.96,6,1,13,0,44.5,55.5,1,1,0,0,4,4
2023-04-23,Chindia Targoviste,UTA Arad,2,1,2.53,2.93,2.94,2.64,2.9,3.13,Liga I,,20230423_Chindia-Targoviste_UTA-Arad,-0.5730836060008642,0.72,0.54,2,3,5,6,49.9,50.1,2,3,1,0,3,6
2023-04-23,FC Rapid Bucuresti,FCSB,1,0,3.89,3.65,1.83,3.95,3.75,1.9,Liga I,,20230423_FC-Rapid-Bucuresti_FCSB,-147.10117566695658,0.91,0.05,1,0,1,0,42.5,57.5,2,3,0,0,2,2
2023-04-24,FC Voluntari,Petrolul,2,2,1.9,3.43,3.84,1.95,3.52,4.01,Liga I,,20230424_FC-Voluntari_Petrolul,16.978313694711233,1.35,1.89,5,5,12,9,43.4,56.6,1,0,0,0,6,4
2023-04-24,U. Cluj,Mioveni,1,0,1.41,4.09,7.99,1.42,4.29,8.81,Liga I,,20230424_U.-Cluj_Mioveni,107.35902364682306,1.46,1.22,5,3,12,8,53.7,46.3,3,2,0,0,3,4
2023-04-28,U Craiova 1948,Chindia Targoviste,1,0,1.86,3.32,4.21,1.9,3.38,4.46,Liga I,,20230428_U-Craiova-1948_Chindia-Targoviste,71.37380026281744,0.3,0.26,1,1,4,2,53.0,47.0,0,1,0,0,2,4
2023-04-29,Mioveni,FC Arges,0,2,5.63,3.36,1.67,4.74,3.07,1.62,Liga I,,20230429_Mioveni_FC-Arges,-24.310914053418628,1.64,1.9,5,6,10,16,49.5,50.5,2,1,0,0,2,10
2023-04-29,Petrolul,FC Botosani,1,0,2.59,2.92,2.85,2.63,2.9,3.14,Liga I,,20230429_Petrolul_FC-Botosani,-21.064018988708995,1.24,0.82,3,4,5,10,46.0,54.0,2,5,0,0,3,4
2023-04-29,Sepsi Sf. Gheorghe,Farul Constanta,1,1,3.08,3.28,2.24,3.31,3.35,2.25,Liga I,,20230429_Sepsi-Sf.-Gheorghe_Farul-Constanta,-118.24767387749466,1.16,0.33,3,1,5,3,44.2,55.8,2,2,0,0,2,1
2023-04-30,Univ. Craiova,FCSB,1,2,2.57,3.2,2.66,2.68,3.25,2.75,Liga I,,20230430_Univ.-Craiova_FCSB,-37.952675953081325,1.06,1.28,4,3,11,7,49.9,50.1,0,1,1,0,5,2
2023-05-01,FC Rapid Bucuresti,CFR Cluj,3,1,3.27,3.18,2.18,3.43,3.29,2.23,Liga I,,20230501_FC-Rapid-Bucuresti_CFR-Cluj,-126.19397340661453,0.68,1.01,3,3,8,7,53.0,47.0,2,0,0,1,6,4
2023-05-01,U. Cluj,FC Voluntari,2,3,2.12,3.07,3.55,2.13,3.16,3.86,Liga I,,20230501_U.-Cluj_FC-Voluntari,2.9177652806920378,0.92,2.28,3,7,6,15,45.6,54.4,1,2,0,0,2,4
2023-05-02,UTA Arad,FC Hermannstadt,1,0,2.05,2.97,3.97,2.1,3.05,4.15,Liga I,,20230502_UTA-Arad_FC-Hermannstadt,-83.51215914803402,0.05,1.05,1,2,3,3,47.1,52.9,4,2,0,1,4,3
2023-05-05,Chindia Targoviste,Petrolul,1,2,2.25,2.95,3.42,2.33,2.99,3.57,Liga I,,20230505_Chindia-Targoviste_Petrolul,-59.67893466954956,1.04,1.15,3,2,5,4,49.2,50.8,0,0,0,0,4,5
2023-05-05,FC Voluntari,Mioveni,1,0,1.2,6.03,13.54,1.22,6.07,13.83,Liga I,,20230505_FC-Voluntari_Mioveni,144.51499066538895,0.05,0.56,1,2,3,5,57.6,42.4,1,1,0,0,1,4
2023-05-06,FC Botosani,U. Cluj,0,0,2.62,2.87,2.87,2.83,2.84,2.95,Liga I,,20230506_FC-Botosani_U.-Cluj,1.7139659852778095,0.83,0.05,4,0,6,0,47.8,52.2,1,1,0,0,4,0
2023-05-06,Farul Constanta,FC Rapid Bucuresti,7,2,1.52,4.11,5.7,1.52,4.3,6.24,Liga I,,20230506_Farul-Constanta_FC-Rapid-Bucuresti,69.98728286263554,1.26,1.41,7,5,17,12,54.0,46.0,1,3,0,0,9,6
2023-05-07,CFR Cluj,Univ. Craiova,1,1,1.93,3.26,3.95,1.93,3.32,4.36,Liga I,,20230507_CFR-Cluj_Univ.-Craiova,45.15811013281564,0.66,1.54,3,3,7,5,47.2,52.8,1,2,0,0,7,4
2023-05-08,FC Arges,UTA Arad,2,2,3.02,3.0,2.42,3.27,3.08,2.42,Liga I,,20230508_FC-Arges_UTA-Arad,-23.9537277525867,1.14,0.88,4,2,8,4,45.5,54.5,1,0,0,0,7,7
2023-05-08,FC Hermannstadt,U Craiova 1948,0,0,2.41,2.94,3.06,2.5,3.05,3.17,Liga I,,20230508_FC-Hermannstadt_U-Craiova-1948,-35.72719534140788,0.64,0.55,2,2,8,3,52.9,47.1,1,2,0,1,9,3
2023-05-08,FCSB,Sepsi Sf. Gheorghe,3,1,1.49,4.19,6.09,1.51,4.26,6.62,Liga I,,20230508_FCSB_Sepsi-Sf.-Gheorghe,148.4177643846565,1.29,0.92,4,2,7,4,56.7,43.3,0,1,0,0,4,0
2023-05-12,FC Rapid Bucuresti,Sepsi Sf. Gheorghe,0,0,2.18,3.28,3.18,2.22,3.38,3.36,Liga I,,20230512_FC-Rapid-Bucuresti_Sepsi-Sf.-Gheorghe,37.94311196912463,1.63,1.51,4,6,11,13,47.9,52.1,0,3,0,0,3,7
2023-05-12,FC Voluntari,FC Botosani,2,0,2.08,3.07,3.71,2.08,3.15,4.03,Liga I,,20230512_FC-Voluntari_FC-Botosani,26.906881844511872,0.3,0.67,2,4,3,9,49.3,50.7,1,0,0,0,7,4
2023-05-13,Petrolul,FC Hermannstadt,0,1,2.96,2.96,2.48,3.04,3.02,2.61,Liga I,,20230513_Petrolul_FC-Hermannstadt,13.623608271059084,0.05,0.89,0,3,0,8,53.4,46.6,1,1,0,0,2,3
2023-05-13,U. Cluj,Chindia Targoviste,2,0,1.99,3.13,3.89,1.98,3.23,4.33,Liga I,,20230513_U.-Cluj_Chindia-Targoviste,63.59371309570042,0.53,0.44,2,2,4,4,51.4,48.6,2,3,0,0,5,3
2023-05-13,Univ. Craiova,Farul Constanta,1,1,2.24,3.2,3.13,2.3,3.29,3.27,Liga I,,20230513_Univ.-Craiova_Farul-Constanta,-29.368371975453556,1.33,0.93,5,3,11,5,54.8,45.2,2,2,1,1,5,4
2023-05-14,FCSB,CFR Cluj,1,0,1.91,3.33,3.97,1.88,3.47,4.43,Liga I,,20230514_FCSB_CFR-Cluj,22.89869841875361,0.81,1.27,2,4,4,8,50.5,49.5,1,2,0,0,3,9
2023-05-14,Mioveni,UTA Arad,0,2,8.11,4.6,1.36,8.2,4.74,1.39,Liga I,,20230514_Mioveni_UTA-Arad,-77.03988264152122,0.47,0.87,0,4,2,7,37.7,62.3,0,3,0,0,2,6
2023-05-14,U Craiova 1948,FC Arges,2,1,1.8,3.4,4.38,1.81,3.54,4.68,Liga I,,20230514_U-Craiova-1948_FC-Arges,111.47719173008409,0.27,0.64,2,1,3,2,52.7,47.3,2,0,0,0,1,3
2023-05-19,Chindia Targoviste,FC Voluntari,2,2,1.71,3.45,5.06,1.75,3.47,5.29,Liga I,,20230519_Chindia-Targoviste_FC-Voluntari,-112.99644364410096,1.76,1.13,5,3,10,9,50.4,49.6,4,4,0,0,5,6
2023-05-19,FC Arges,Petrolul,3,0,1.87,3.35,4.12,1.86,3.42,4.6,Liga I,,20230519_FC-Arges_Petrolul,-87.63920682427442,1.49,0.46,5,0,11,1,46.6,53.4,1,3,0,0,5,1
2023-05-19,FC Hermannstadt,U. Cluj,1,2,2.17,3.0,3.65,2.39,3.09,3.32,Liga I,,20230519_FC-Hermannstadt_U.-Cluj,5.021756139947001,0.38,1.44,1,5,3,10,55.0,45.0,5,2,0,0,3,6
2023-05-19,UTA Arad,U Craiova 1948,1,1,1.95,3.13,4.08,1.97,3.23,4.38,Liga I,,20230519_UTA-Arad_U-Craiova-1948,-88.07022550785973,0.05,1.65,1,4,1,9,53.0,47.0,1,0,0,0,2,3
2023-05-20,FC Botosani,Mioveni,5,1,1.24,5.43,11.72,1.25,5.45,12.43,Liga I,,20230520_FC-Botosani_Mioveni,130.47322759023928,1.91,0.9,7,2,15,2,59.8,40.2,0,0,0,0,12,2
2023-05-20,Sepsi Sf. Gheorghe,CFR Cluj,1,2,3.49,3.28,2.06,3.59,3.4,2.0,Liga I,,20230520_Sepsi-Sf.-Gheorghe_CFR-Cluj,-127.33239335877397,0.05,1.11,1,4,2,7,48.2,51.8,2,2,0,0,4,4
2023-05-21,Farul Constanta,FCSB,3,2,2.49,3.33,2.66,2.5,3.43,2.83,Liga I,,20230521_Farul-Constanta_FCSB,-47.80866179220857,0.8,0.96,3,4,7,7,48.9,51.1,0,2,0,0,8,3
2023-05-22,FC Rapid Bucuresti,Univ. Craiova,2,3,3.3,3.37,2.09,3.53,3.53,2.09,Liga I,,20230522_FC-Rapid-Bucuresti_Univ.-Craiova,-62.16597045093499,1.02,1.37,5,3,11,7,53.4,46.6,1,2,0,0,6,7
2023-05-26,U Craiova 1948,FC Voluntari,4,3,2.47,3.11,2.83,2.66,3.1,2.9,Liga I,,20230526_U-Craiova-1948_FC-Voluntari,5.141183789356091,1.98,0.6,6,3,13,6,51.4,48.6,0,1,1,1,9,2
2023-05-27,FCSB,FC Rapid Bucuresti,1,5,1.47,4.5,5.69,1.49,4.8,5.89,Liga I,,20230527_FCSB_FC-Rapid-Bucuresti,133.55370554862702,1.22,1.42,3,6,6,13,53.8,46.2,1,2,0,0,4,9
2023-05-28,CFR Cluj,Farul Constanta,1,2,1.35,4.74,7.91,1.37,4.8,8.95,Liga I,,20230528_CFR-Cluj_Farul-Constanta,-3.362480726381591,0.56,1.29,3,4,5,9,52.8,47.2,0,2,0,0,1,7
2023-05-28,Gloria Buzau,UTA Arad,0,0,4.1,3.27,1.86,,,,Liga I,,20230528_Gloria-Buzau_UTA-Arad,31.549263746647966,0.52,0.33,1,0,4,0,46.7,53.3,4,0,0,0,4,1
2023-05-28,Univ. Craiova,Sepsi Sf. Gheorghe,0,1,1.37,4.58,7.62,1.39,4.76,8.12,Liga I,,20230528_Univ.-Craiova_Sepsi-Sf.-Gheorghe,115.16288814684413,0.05,1.43,1,3,2,5,56.1,43.9,2,1,0,1,3,4
2023-05-29,Din. Bucuresti,FC Arges,6,1,4.26,3.21,1.87,4.75,3.31,1.87,Liga I,,20230529_Din.-Bucuresti_FC-Arges,-35.49865878870423,1.92,1.79,6,7,13,16,44.5,55.5,4,3,0,0,7,8
2023-06-01,CFR Cluj,U Craiova 1948,1,0,1.51,3.99,6.06,1.55,4.03,6.37,Liga I,,20230601_CFR-Cluj_U-Craiova-1948,111.98556786011818,1.66,1.1,4,3,11,6,51.2,48.8,1,1,0,0,3,2
2023-06-03,FC Arges,Din. Bucuresti,4,2,1.98,3.52,3.37,1.99,3.65,3.57,Liga I,,20230603_FC-Arges_Din.-Bucuresti,9.054995853553919,1.18,1.51,4,5,10,10,51.9,48.1,3,2,0,0,6,8
2023-06-04,UTA Arad,Gloria Buzau,5,1,1.19,6.04,14.09,1.21,6.12,14.98,Liga I,,20230604_UTA-Arad_Gloria-Buzau,-29.375888232997795,2.35,0.29,7,1,16,3,41.4,58.6,1,2,0,0,7,3
2023-07-14,FC Rapid Bucuresti,Sepsi Sf. Gheorghe,0,0,2.53,3.0,2.85,2.58,3.02,3.07,Liga I,,20230714_FC-Rapid-Bucuresti_Sepsi-Sf.-Gheorghe,33.806153806385964,0.55,0.13,0,1,0,3,55.5,44.5,2,0,0,0,2,1
2023-07-14,Otelul,UTA Arad,1,1,2.7,2.71,2.95,2.76,2.82,3.06,Liga I,,20230714_Otelul_UTA-Arad,17.450379604007367,1.12,0.57,3,3,9,7,53.9,46.1,0,3,0,0,7,5
2023-07-15,CFR Cluj,Poli Iasi,2,0,1.42,4.15,7.91,1.46,4.11,8.08,Liga I,,20230715_CFR-Cluj_Poli-Iasi,310.82879617702315,1.49,1.42,4,4,10,10,60.1,39.9,3,1,0,0,6,6
2023-07-15,FC Hermannstadt,Farul Constanta,0,1,1.88,3.15,4.43,1.86,3.3,4.86,Liga I,,20230715_FC-Hermannstadt_Farul-Constanta,-189.20756905094618,1.48,1.36,6,4,11,8,45.1,54.9,0,2,0,0,8,3
2023-07-16,Petrolul,U. Cluj,1,1,2.84,2.92,2.61,2.97,2.98,2.69,Liga I,,20230716_Petrolul_U.-Cluj,-33.433016599450184,1.12,1.52,4,5,9,11,53.5,46.5,3,2,0,0,3,4
2023-07-16,U Craiova 1948,FCSB,1,3,3.71,3.45,1.93,3.8,3.6,1.98,Liga I,,20230716_U-Craiova-1948_FCSB,-139.62126409329835,1.53,1.43,3,5,8,11,38.7,61.3,1,7,0,0,4,1
2023-07-17,Din. Bucuresti,Univ. Craiova,0,2,4.66,3.79,1.67,4.72,3.86,1.74,Liga I,,20230717_Din.-Bucuresti_Univ.-Craiova,-236.1583163594837,0.5,1.84,3,5,7,12,46.1,53.9,3,2,1,0,5,8
2023-07-17,FC Voluntari,FC Botosani,2,1,2.1,3.06,3.65,2.1,3.18,3.91,Liga I,,20230717_FC-Voluntari_FC-Botosani,25.764600016537997,0.76,0.66,2,4,5,7,54.3,45.7,0,3,1,0,3,2
2023-07-21,Sepsi Sf. Gheorghe,U Craiova 1948,1,0,1.7,3.61,4.71,1.68,3.83,5.21,Liga I,,20230721_Sepsi-Sf.-Gheorghe_U-Craiova-1948,13.643369658611618,0.15,0.22,1,0,2,0,46.0,54.0,1,0,0,0,4,1
2023-07-21,UTA Arad,CFR Cluj,1,3,4.02,3.13,1.97,4.35,3.23,1.97,Liga I,,20230721_UTA-Arad_CFR-Cluj,-202.91714565698044,1.0,2.66,3,9,7,20,42.6,57.4,0,2,1,0,4,6
2023-07-22,FCSB,Din. Bucuresti,2,1,1.33,4.93,8.23,1.35,5.09,8.95,Liga I,,20230722_FCSB_Din.-Bucuresti,299.5603354237476,1.99,0.57,6,2,13,2,59.8,40.2,5,2,0,0,8,2
2023-07-22,Farul Constanta,FC Voluntari,4,1,2.0,3.26,3.71,2.02,3.37,3.94,Liga I,,20230722_Farul-Constanta_FC-Voluntari,162.83271050947974,2.28,1.03,9,2,20,5,58.3,41.7,0,0,0,0,2,2
2023-07-23,Poli Iasi,FC Hermannstadt,1,3,3.08,2.92,2.44,3.29,2.92,2.52,Liga I,,20230723_Poli-Iasi_FC-Hermannstadt,-137.8839591117635,1.38,0.85,5,3,10,7,46.0,54.0,1,2,0,0,9,3
2023-07-23,U. Cluj,FC Rapid Bucuresti,0,3,2.75,3.07,2.57,2.83,3.09,2.73,Liga I,,20230723_U.-Cluj_FC-Rapid-Bucuresti,-61.35721588454771,0.79,1.71,2,6,6,15,45.1,54.9,1,3,0,0,2,8
2023-07-24,FC Botosani,Petrolul,1,1,2.09,3.12,3.59,2.12,3.18,3.86,Liga I,,20230724_FC-Botosani_Petrolul,-2.613912192534599,1.85,1.92,7,7,14,15,44.1,55.9,2,3,0,0,10,8
2023-07-24,Univ. Craiova,Otelul,0,0,1.28,5.25,9.72,1.32,5.1,9.99,Liga I,,20230724_Univ.-Craiova_Otelul,148.176898644954,0.6,1.05,2,3,5,6,52.7,47.3,4,0,0,0,4,2
2023-07-28,FC Rapid Bucuresti,FC Botosani,2,2,1.41,4.24,7.49,1.42,4.49,8.06,Liga I,,20230728_FC-Rapid-Bucuresti_FC-Botosani,104.91405262519288,1.89,0.38,6,2,13,6,54.1,45.9,4,4,0,0,4,3
2023-07-28,U Craiova 1948,U. Cluj,3,4,2.18,3.11,3.34,2.25,3.2,3.49,Liga I,,20230728_U-Craiova-1948_U.-Cluj,14.609136466555583,1.05,0.75,3,4,7,9,50.8,49.2,3,5,0,0,5,7
2023-07-29,FC Hermannstadt,UTA Arad,2,1,2.1,2.96,3.78,2.09,3.1,4.1,Liga I,,20230729_FC-Hermannstadt_UTA-Arad,36.26624928908177,1.84,0.75,7,1,14,3,50.0,50.0,3,3,0,0,7,2
2023-07-29,Otelul,FCSB,0,2,5.97,3.82,1.54,6.15,3.94,1.58,Liga I,,20230729_Otelul_FCSB,-200.57371003887397,0.52,0.28,1,2,3,4,49.0,51.0,1,2,0,0,2,5
2023-07-30,CFR Cluj,Univ. Craiova,1,1,2.27,3.06,3.2,2.34,3.15,3.34,Liga I,,20230730_CFR-Cluj_Univ.-Craiova,49.015694889344104,1.09,0.5,4,1,9,4,59.4,40.6,0,0,0,0,6,3
2023-07-30,Farul Constanta,Poli Iasi,1,3,1.42,4.16,7.45,1.43,4.33,8.35,Liga I,,20230730_Farul-Constanta_Poli-Iasi,353.4041229124816,0.72,1.57,1,3,0,7,54.0,46.0,0,1,0,0,3,4
2023-07-31,Din. Bucuresti,Sepsi Sf. Gheorghe,0,3,3.53,3.19,2.08,3.78,3.31,2.09,Liga I,,20230731_Din.-Bucuresti_Sepsi-Sf.-Gheorghe,-173.89975118998132,0.8,1.87,3,4,9,9,44.8,55.2,3,2,0,0,5,8
2023-07-31,Petrolul,FC Voluntari,0,2,2.37,2.97,3.11,2.46,3.02,3.27,Liga I,,20230731_Petrolul_FC-Voluntari,-38.709958140774006,1.29,1.83,5,4,13,9,52.6,47.4,4,1,0,0,5,6
2023-08-04,UTA Arad,Poli Iasi,1,0,2.38,3.21,2.85,2.58,3.18,2.93,Liga I,,20230804_UTA-Arad_Poli-Iasi,84.58693541008802,1.08,0.65,4,2,9,5,50.8,49.2,1,2,0,0,4,2
2023-08-04,Univ. Craiova,FC Hermannstadt,1,0,1.63,3.58,5.32,1.61,3.81,6.01,Liga I,,20230804_Univ.-Craiova_FC-Hermannstadt,119.95072569699596,1.95,0.81,5,4,10,9,57.3,42.7,1,1,0,0,7,3
2023-08-05,FC Botosani,U Craiova 1948,0,1,2.57,3.08,2.71,2.78,3.11,2.76,Liga I,,20230805_FC-Botosani_U-Craiova-1948,-22.339236905879943,0.35,0.81,3,1,8,2,51.7,48.3,2,1,0,0,5,1
2023-08-05,U. Cluj,Din. Bucuresti,1,1,1.89,3.28,4.03,1.88,3.42,4.49,Liga I,,20230805_U.-Cluj_Din.-Bucuresti,141.54314883165853,1.49,1.04,5,3,12,7,49.5,50.5,3,2,0,0,6,7
2023-08-06,FCSB,CFR Cluj,1,0,2.21,3.18,3.18,2.27,3.27,3.37,Liga I,,20230806_FCSB_CFR-Cluj,20.47169270471977,1.06,1.26,4,2,8,5,48.3,51.7,2,1,0,0,5,1
2023-08-06,Petrolul,Farul Constanta,3,2,2.58,3.11,2.69,2.59,3.14,2.95,Liga I,,20230806_Petrolul_Farul-Constanta,-204.49561756075832,1.91,1.35,6,5,12,12,42.1,57.9,2,1,0,0,11,8
2023-08-07,FC Voluntari,FC Rapid Bucuresti,2,1,2.95,3.2,2.33,3.08,3.21,2.45,Liga I,,20230807_FC-Voluntari_FC-Rapid-Bucuresti,-49.58489223686615,1.39,0.57,3,1,6,3,45.5,54.5,2,1,0,0,5,4
2023-08-07,Sepsi Sf. Gheorghe,Otelul,1,1,1.47,3.91,7.1,1.48,3.97,8.19,Liga I,,20230807_Sepsi-Sf.-Gheorghe_Otelul,79.85179225964703,1.91,0.69,6,2,14,5,52.6,47.4,0,2,0,0,10,3
2023-08-11,U Craiova 1948,FC Voluntari,3,1,2.23,3.21,3.1,2.3,3.3,3.27,Liga I,,20230811_U-Craiova-1948_FC-Voluntari,-28.42682200500053,1.87,0.54,4,1,8,4,57.2,42.8,1,2,0,0,4,4
2023-08-12,Otelul,U. Cluj,1,1,3.09,2.88,2.43,3.23,2.93,2.54,Liga I,,20230812_Otelul_U.-Cluj,-27.250366051100173,1.31,0.58,4,2,6,4,48.7,51.3,5,3,0,0,3,6
2023-08-12,Poli Iasi,Univ. Craiova,1,4,3.86,3.41,1.89,4.23,3.58,1.88,Liga I,,20230812_Poli-Iasi_Univ.-Craiova,-279.45681062460335,0.72,1.14,2,4,4,9,41.9,58.1,1,1,0,0,6,8
2023-08-13,FC Rapid Bucuresti,Petrolul,0,2,1.72,3.55,4.61,1.75,3.62,5.02,Liga I,,20230813_FC-Rapid-Bucuresti_Petrolul,77.58427113393145,0.09,0.77,0,2,1,4,52.2,47.8,0,0,0,0,2,5
2023-08-14,Din. Bucuresti,FC Botosani,1,0,2.38,3.16,2.89,2.43,3.2,3.12,Liga I,,20230814_Din.-Bucuresti_FC-Botosani,-92.93989583627399,1.51,0.07,6,2,12,4,46.8,53.2,2,1,0,0,5,6
2023-08-18,Petrolul,U Craiova 1948,4,3,2.43,3.06,2.92,2.51,3.02,3.18,Liga I,,20230818_Petrolul_U-Craiova-1948,-25.318339660952233,0.93,1.45,5,3,12,8,51.3,48.7,2,0,0,0,4,7
2023-08-18,Univ. Craiova,UTA Arad,3,0,1.34,4.76,8.07,1.37,4.84,8.79,Liga I,,20230818_Univ.-Craiova_UTA-Arad,180.60267917812553,1.59,0.7,5,2,9,3,55.8,44.2,1,1,0,0,8,2
2023-08-19,FC Botosani,Otelul,0,0,2.24,2.92,3.44,2.3,2.93,3.72,Liga I,,20230819_FC-Botosani_Otelul,-28.157565031896866,0.17,0.49,1,1,1,1,48.2,51.8,0,2,0,0,1,3
2023-08-19,FC Voluntari,Din. Bucuresti,2,3,1.97,3.33,3.65,2.01,3.35,3.99,Liga I,,20230819_FC-Voluntari_Din.-Bucuresti,138.0497025217012,0.48,1.29,2,5,3,11,56.8,43.2,4,3,0,0,6,6
2023-08-20,FC Rapid Bucuresti,Farul Constanta,3,1,2.02,3.36,3.47,2.06,3.46,3.68,Liga I,,20230820_FC-Rapid-Bucuresti_Farul-Constanta,-104.8542782564673,1.56,0.05,6,1,13,2,43.8,56.2,1,1,0,0,5,1
2023-08-20,FCSB,Poli Iasi,2,1,1.35,4.71,7.95,1.35,5.05,9.08,Liga I,,20230820_FCSB_Poli-Iasi,352.8626998355801,1.21,1.41,2,4,3,8,58.5,41.5,0,1,0,0,3,4
2023-08-21,Sepsi Sf. Gheorghe,FC Hermannstadt,1,1,1.95,3.08,4.12,2.02,3.1,4.37,Liga I,,20230821_Sepsi-Sf.-Gheorghe_FC-Hermannstadt,59.15310147425771,1.17,0.86,4,4,8,6,48.2,51.8,3,4,0,0,5,2
2023-08-21,U. Cluj,CFR Cluj,3,4,3.99,3.2,1.94,3.99,3.27,2.04,Liga I,,20230821_U.-Cluj_CFR-Cluj,-151.28998111821033,1.43,0.87,3,4,7,10,37.8,62.2,2,1,1,0,4,3
2023-08-25,Otelul,FC Voluntari,2,2,2.78,2.86,2.7,2.86,2.85,2.91,Liga I,,20230825_Otelul_FC-Voluntari,-31.66179396704456,0.91,0.42,2,2,6,5,43.2,56.8,3,3,0,0,4,3
2023-08-25,U Craiova 1948,FC Rapid Bucuresti,3,5,3.13,3.43,2.13,3.27,3.65,2.15,Liga I,,20230825_U-Craiova-1948_FC-Rapid-Bucuresti,-51.38231136636068,0.53,1.58,3,7,7,16,51.4,48.6,3,2,0,0,6,6
2023-08-26,CFR Cluj,FC Botosani,3,1,1.37,4.44,8.05,1.4,4.46,8.68,Liga I,,20230826_CFR-Cluj_FC-Botosani,210.93060374282732,2.17,1.63,7,5,16,13,61.4,38.6,2,0,1,0,9,11
2023-08-26,Din. Bucuresti,Petrolul,1,1,2.79,3.12,2.5,2.86,3.17,2.64,Liga I,,20230826_Din.-Bucuresti_Petrolul,-106.60470837765388,0.92,1.35,3,5,5,11,41.6,58.4,3,2,0,0,2,6
2023-08-27,Farul Constanta,Univ. Craiova,2,0,3.29,3.74,1.97,3.41,3.78,2.05,Liga I,,20230827_Farul-Constanta_Univ.-Craiova,-3.5007927952453883,1.07,0.51,4,1,9,4,53.3,46.7,1,2,0,0,6,2
2023-08-28,FC Hermannstadt,U. Cluj,2,2,2.38,3.05,3.0,2.46,3.22,3.06,Liga I,,20230828_FC-Hermannstadt_U.-Cluj,-1.9280641922809991,1.11,0.61,4,3,9,8,47.8,52.2,0,0,0,0,5,5
2023-08-28,UTA Arad,FCSB,2,1,4.83,3.6,1.68,4.92,3.72,1.74,Liga I,,20230828_UTA-Arad_FCSB,-255.05591330578454,1.46,0.55,4,2,9,2,34.4,65.6,2,2,0,0,3,2
2023-09-01,FC Rapid Bucuresti,Din. Bucuresti,4,0,1.46,4.28,6.17,1.5,4.32,6.67,Liga I,,20230901_FC-Rapid-Bucuresti_Din.-Bucuresti,164.22702480233352,2.27,0.23,8,1,18,3,54.7,45.3,3,1,0,1,10,1
2023-09-01,Petrolul,Otelul,2,2,2.21,2.96,3.47,2.28,3.04,3.62,Liga I,,20230901_Petrolul_Otelul,28.61969361196884,0.55,1.59,2,5,7,12,47.4,52.6,3,2,0,0,5,5
2023-09-02,FC Voluntari,CFR Cluj,1,4,3.92,3.36,1.89,4.19,3.47,1.93,Liga I,,20230902_FC-Voluntari_CFR-Cluj,-159.6375456387966,0.77,2.13,4,8,7,16,45.8,54.2,2,0,0,0,4,2
2023-09-02,FCSB,Univ. Craiova,3,0,2.37,3.46,2.7,2.37,3.63,2.89,Liga I,,20230902_FCSB_Univ.-Craiova,54.5286604276198,2.4,1.24,7,4,15,8,53.5,46.5,3,2,0,0,6,5
2023-09-03,U Craiova 1948,Farul Constanta,4,0,2.77,3.51,2.3,2.87,3.64,2.37,Liga I,,20230903_U-Craiova-1948_Farul-Constanta,-147.5647392356234,1.15,0.05,4,1,10,1,47.7,52.3,2,1,0,0,3,4
2023-09-04,FC Botosani,FC Hermannstadt,2,2,2.99,2.9,2.49,3.19,2.87,2.61,Liga I,,20230904_FC-Botosani_FC-Hermannstadt,-49.11083313655445,1.54,1.45,4,5,10,11,45.6,54.4,1,4,0,0,8,6
2023-09-04,Sepsi Sf. Gheorghe,UTA Arad,1,0,1.57,3.64,5.93,1.6,3.74,6.32,Liga I,,20230904_Sepsi-Sf.-Gheorghe_UTA-Arad,84.51306182902727,1.47,1.53,4,4,7,8,48.4,51.6,4,1,0,0,8,5
2023-09-04,U. Cluj,Poli Iasi,0,2,1.79,3.49,4.528,1.75,3.69,4.84,Liga I,,20230904_U.-Cluj_Poli-Iasi,154.14837946536,0.14,0.54,0,2,0,3,49.5,50.5,2,4,0,0,1,3
2023-09-15,Din. Bucuresti,U Craiova 1948,0,1,2.63,3.27,2.54,2.76,3.36,2.6,Liga I,,20230915_Din.-Bucuresti_U-Craiova-1948,-115.89489371575951,1.26,1.17,3,4,7,7,47.4,52.6,1,1,1,0,4,3
2023-09-15,UTA Arad,U. Cluj,0,1,2.39,3.1,2.94,2.52,3.18,3.0,Liga I,,20230915_UTA-Arad_U.-Cluj,-23.40558823857282,0.97,1.73,4,7,8,14,50.8,49.2,1,2,0,0,6,7
2023-09-16,Univ. Craiova,Sepsi Sf. Gheorghe,2,1,1.98,3.34,3.66,1.96,3.46,4.05,Liga I,,20230916_Univ.-Craiova_Sepsi-Sf.-Gheorghe,57.73120850510463,1.37,0.67,3,2,7,7,52.6,47.4,1,1,0,0,2,6
2023-09-17,FC Hermannstadt,FC Voluntari,3,1,1.86,3.36,4.12,1.92,3.39,4.34,Liga I,,20230917_FC-Hermannstadt_FC-Voluntari,-8.01300850470534,1.86,0.61,5,4,10,10,48.1,51.9,1,0,0,0,5,5
2023-09-17,Farul Constanta,FCSB,0,1,2.76,3.4,2.37,2.8,3.49,2.5,Liga I,,20230917_Farul-Constanta_FCSB,-60.73044153178125,0.23,1.18,0,2,0,4,43.7,56.3,4,1,0,0,0,4
2023-09-17,Otelul,FC Rapid Bucuresti,0,0,4.19,3.36,1.84,4.6,3.56,1.82,Liga I,,20230917_Otelul_FC-Rapid-Bucuresti,-99.11264974313531,0.54,1.61,2,4,5,8,48.8,51.2,3,0,0,0,4,2
2023-09-18,CFR Cluj,Petrolul,1,0,1.35,4.67,7.91,1.35,5.05,8.73,Liga I,,20230918_CFR-Cluj_Petrolul,168.32895771998824,0.62,0.35,4,0,10,0,61.4,38.6,1,0,0,0,10,5
2023-09-18,Poli Iasi,FC Botosani,1,1,2.15,3.08,3.44,2.21,3.1,3.71,Liga I,,20230918_Poli-Iasi_FC-Botosani,-87.92745811572968,1.29,1.95,3,6,8,14,43.5,56.5,2,0,0,1,5,8
2023-09-21,FC Hermannstadt,FCSB,2,2,3.5,3.27,2.06,3.71,3.37,2.09,Liga I,,20230921_FC-Hermannstadt_FCSB,-196.03229821816603,0.49,0.78,2,2,6,4,35.4,64.6,2,4,0,1,7,4
2023-09-22,Din. Bucuresti,Farul Constanta,0,2,3.9,3.46,1.88,4.12,3.46,1.94,Liga I,,20230922_Din.-Bucuresti_Farul-Constanta,-228.05366573746664,0.93,1.33,3,3,6,6,46.0,54.0,1,2,0,0,1,4
2023-09-22,U Craiova 1948,Otelul,0,2,1.98,3.3,3.72,2.03,3.4,3.87,Liga I,,20230922_U-Craiova-1948_Otelul,42.15525485984199,0.81,1.26,2,3,6,8,49.7,50.3,2,1,0,0,4,5
2023-09-23,FC Botosani,UTA Arad,2,2,2.17,3.11,3.36,2.27,3.02,3.66,Liga I,,20230923_FC-Botosani_UTA-Arad,-0.5957452605334765,0.97,1.57,4,7,10,14,46.5,53.5,1,2,0,0,2,10
2023-09-23,FC Voluntari,Poli Iasi,1,2,2.61,3.17,2.64,2.76,3.25,2.68,Liga I,,20230923_FC-Voluntari_Poli-Iasi,126.43085763573845,1.31,1.54,5,5,10,12,50.3,49.7,1,5,0,0,7,9
2023-09-23,U. Cluj,Univ. Craiova,1,1,3.18,3.37,2.13,3.3,3.43,2.22,Liga I,,20230923_U.-Cluj_Univ.-Craiova,-135.94457376701894,0.48,1.9,2,6,4,13,47.2,52.8,2,3,0,0,4,7
2023-09-24,Petrolul,FC Hermannstadt,0,0,2.63,3.03,2.71,2.75,3.03,2.85,Liga I,,20230924_Petrolul_FC-Hermannstadt,-12.002132674915856,1.15,0.1,4,0,8,1,39.2,60.8,1,0,0,0,2,4
2023-09-24,Sepsi Sf. Gheorghe,FCSB,2,5,2.73,3.27,2.45,2.88,3.38,2.5,Liga I,,20230924_Sepsi-Sf.-Gheorghe_FCSB,-146.33824606653138,1.59,2.3,5,5,10,12,49.3,50.7,0,2,0,0,5,4
2023-09-25,FC Rapid Bucuresti,CFR Cluj,3,1,2.45,3.3,2.71,2.48,3.39,2.89,Liga I,,20230925_FC-Rapid-Bucuresti_CFR-Cluj,-105.79879512005823,1.89,0.45,8,1,20,1,45.2,54.8,2,1,0,0,13,0
2023-09-29,Otelul,Din. Bucuresti,1,0,2.11,3.07,3.57,2.18,3.06,3.91,Liga I,,20230929_Otelul_Din.-Bucuresti,108.55559749470513,0.46,0.64,1,3,2,6,57.1,42.9,5,0,0,0,2,3
2023-09-30,Farul Constanta,Sepsi Sf. Gheorghe,2,1,2.04,3.33,3.47,2.06,3.42,3.74,Liga I,,20230930_Farul-Constanta_Sepsi-Sf.-Gheorghe,84.20725783210833,1.05,1.22,2,4,6,10,55.6,44.4,2,3,0,0,3,5
2023-09-30,UTA Arad,FC Voluntari,0,0,2.14,3.28,3.29,2.12,3.35,3.64,Liga I,,20230930_UTA-Arad_FC-Voluntari,-27.69190530197875,1.57,0.05,4,0,9,0,55.6,44.4,2,0,1,0,5,2
2023-10-01,CFR Cluj,U Craiova 1948,2,0,1.4,4.74,6.55,1.43,4.89,6.92,Liga I,,20231001_CFR-Cluj_U-Craiova-1948,153.993233559489,1.43,0.6,5,1,12,1,57.0,43.0,1,2,0,0,3,5
2023-10-01,FC Hermannstadt,FC Rapid Bucuresti,1,1,2.99,3.2,2.31,3.19,3.23,2.37,Liga I,,20231001_FC-Hermannstadt_FC-Rapid-Bucuresti,-79.69168580626729,0.16,1.13,1,3,2,7,51.8,48.2,6,3,1,0,5,9
2023-10-01,Univ. Craiova,FC Botosani,5,1,1.38,4.63,7.17,1.4,4.83,7.82,Liga I,,20231001_Univ.-Craiova_FC-Botosani,177.8414141081082,2.61,0.55,9,2,20,5,60.0,40.0,4,1,0,0,12,4
2023-10-02,FCSB,U. Cluj,2,2,1.57,3.99,5.24,1.6,4.01,5.78,Liga I,,20231002_FCSB_U.-Cluj,207.25843905059764,1.18,0.77,3,4,8,8,51.2,48.8,2,1,0,0,6,3
2023-10-02,Poli Iasi,Petrolul,0,0,2.19,3.16,3.27,2.21,3.23,3.55,Liga I,,20231002_Poli-Iasi_Petrolul,-121.33308223874019,1.13,0.94,5,1,11,1,47.0,53.0,0,2,0,0,3,2
2023-10-05,CFR Cluj,Sepsi Sf. Gheorghe,3,0,1.64,3.66,5.13,1.7,3.65,5.38,Liga I,,20231005_CFR-Cluj_Sepsi-Sf.-Gheorghe,139.9342907597104,0.45,0.93,3,4,6,9,54.0,46.0,2,4,0,0,2,7
2023-10-06,FC Rapid Bucuresti,Poli Iasi,3,2,1.41,4.44,6.76,1.46,4.42,7.14,Liga I,,20231006_FC-Rapid-Bucuresti_Poli-Iasi,205.4647210354542,1.41,0.96,4,3,9,7,63.4,36.6,3,1,0,0,7,4
2023-10-06,U Craiova 1948,FC Hermannstadt,1,1,2.76,3.18,2.47,2.85,3.25,2.6,Liga I,,20231006_U-Craiova-1948_FC-Hermannstadt,-9.302631785117683,1.46,0.05,5,1,10,3,42.9,57.1,1,3,0,0,7,4
2023-10-07,FC Botosani,FCSB,0,1,4.89,3.95,1.61,4.93,4.06,1.67,Liga I,,20231007_FC-Botosani_FCSB,-258.0226191756976,0.09,1.11,0,2,0,3,41.2,58.8,2,2,0,0,3,6
2023-10-07,FC Voluntari,Univ. Craiova,0,0,4.67,3.75,1.67,4.9,3.93,1.69,Liga I,,20231007_FC-Voluntari_Univ.-Craiova,-156.89254107867146,0.2,0.83,0,3,1,5,42.4,57.6,3,3,0,0,1,7
2023-10-07,Petrolul,UTA Arad,0,0,2.13,3.19,3.35,2.13,3.25,3.73,Liga I,,20231007_Petrolul_UTA-Arad,49.978865506730244,0.84,0.79,1,3,2,6,51.6,48.4,4,4,0,1,1,6
2023-10-08,Din. Bucuresti,CFR Cluj,1,1,6.21,4.06,1.48,6.69,4.14,1.52,Liga I,,20231008_Din.-Bucuresti_CFR-Cluj,-300.5908286834165,0.1,1.02,1,4,4,12,44.7,55.3,0,6,0,0,5,5
2023-10-08,Otelul,Farul Constanta,0,1,3.53,3.25,2.05,3.76,3.31,2.09,Liga I,,20231008_Otelul_Farul-Constanta,-130.45428333804102,0.47,1.02,3,4,5,9,39.7,60.3,1,0,0,0,4,3
2023-10-09,U. Cluj,Sepsi Sf. Gheorghe,1,0,2.02,3.21,3.68,1.99,3.3,4.15,Liga I,,20231009_U.-Cluj_Sepsi-Sf.-Gheorghe,-23.49620781395197,0.76,0.67,2,1,4,4,50.9,49.1,1,0,0,0,4,8
2023-10-19,Poli Iasi,Sepsi Sf. Gheorghe,1,0,3.08,3.06,2.33,3.38,3.14,2.32,Liga I,,20231019_Poli-Iasi_Sepsi-Sf.-Gheorghe,-135.35493114128235,1.74,1.28,5,6,8,15,48.7,51.3,0,2,0,0,6,8
2023-10-20,UTA Arad,FC Rapid Bucuresti,2,2,3.99,3.44,1.86,4.21,3.48,1.92,Liga I,,20231020_UTA-Arad_FC-Rapid-Bucuresti,-146.08200545946534,0.99,1.65,2,5,4,12,47.9,52.1,2,3,0,0,2,0
2023-10-21,FC Hermannstadt,Din. Bucuresti,4,0,1.71,3.42,4.92,1.74,3.49,5.31,Liga I,,20231021_FC-Hermannstadt_Din.-Bucuresti,125.77139097119584,1.03,0.9,4,2,9,4,57.2,42.8,0,3,0,0,5,4
2023-10-21,Farul Constanta,U. Cluj,1,1,1.95,3.47,3.61,1.99,3.56,3.83,Liga I,,20231021_Farul-Constanta_U.-Cluj,128.2946095590837,1.21,0.94,4,2,10,3,50.7,49.3,2,0,0,0,6,5
2023-10-22,FCSB,FC Voluntari,0,0,1.34,4.87,7.64,1.38,4.92,7.96,Liga I,,20231022_FCSB_FC-Voluntari,223.74013670925024,1.49,0.75,4,2,10,4,54.7,45.3,2,0,0,0,7,3
2023-10-22,Poli Iasi,U Craiova 1948,1,1,2.3,3.22,2.99,2.38,3.34,3.08,Liga I,,20231022_Poli-Iasi_U-Craiova-1948,-111.37937252311872,1.14,0.94,4,2,10,4,40.6,59.4,4,1,0,0,5,1
2023-10-22,Univ. Craiova,Petrolul,1,3,1.45,4.27,6.48,1.49,4.36,6.78,Liga I,,20231022_Univ.-Craiova_Petrolul,129.33283780005058,0.14,1.32,1,3,3,6,50.4,49.6,0,1,0,0,1,4
2023-10-23,CFR Cluj,Otelul,0,0,1.36,4.44,8.78,1.41,4.34,9.11,Liga I,,20231023_CFR-Cluj_Otelul,174.60690912485188,0.85,0.48,4,0,9,2,52.3,47.7,3,1,0,0,8,2
2023-10-23,Sepsi Sf. Gheorghe,FC Botosani,5,2,1.52,3.92,5.96,1.51,4.1,6.85,Liga I,,20231023_Sepsi-Sf.-Gheorghe_FC-Botosani,62.2591240754175,1.62,0.89,6,4,15,10,56.9,43.1,2,1,0,0,5,9
2023-10-26,Farul Constanta,UTA Arad,2,2,1.69,3.62,4.74,1.75,3.68,4.92,Liga I,,20231026_Farul-Constanta_UTA-Arad,186.1244790778419,2.02,0.88,6,2,13,3,63.9,36.1,3,3,0,0,6,2
2023-10-27,Din. Bucuresti,Poli Iasi,0,0,2.41,3.01,3.0,2.48,3.01,3.23,Liga I,,20231027_Din.-Bucuresti_Poli-Iasi,-17.28847888069845,0.59,0.65,3,1,7,2,52.4,47.6,1,1,0,0,3,6
2023-10-27,FC Voluntari,Sepsi Sf. Gheorghe,0,2,3.19,3.09,2.26,3.26,3.16,2.37,Liga I,,20231027_FC-Voluntari_Sepsi-Sf.-Gheorghe,-22.17563346626821,1.16,1.53,2,5,4,9,44.7,55.3,2,1,0,0,3,3
2023-10-28,Otelul,FC Hermannstadt,1,1,2.87,2.9,2.58,2.9,2.95,2.78,Liga I,,20231028_Otelul_FC-Hermannstadt,-18.828141114540813,2.12,1.25,6,4,11,8,58.4,41.6,1,1,0,0,8,4
2023-10-28,Petrolul,FCSB,2,2,4.35,3.6,1.75,4.7,3.67,1.78,Liga I,,20231028_Petrolul_FCSB,-183.25431799215744,1.18,1.36,4,5,9,8,42.4,57.6,0,1,0,0,4,5
2023-10-29,FC Rapid Bucuresti,Univ. Craiova,2,0,2.18,3.36,3.08,2.26,3.5,3.17,Liga I,,20231029_FC-Rapid-Bucuresti_Univ.-Craiova,-18.297194264064274,1.23,1.77,4,5,9,10,46.0,54.0,5,1,0,0,8,4
2023-10-29,U Craiova 1948,UTA Arad,2,3,2.16,3.23,3.29,2.28,3.26,3.35,Liga I,,20231029_U-Craiova-1948_UTA-Arad,42.824955885326744,1.61,2.24,4,9,9,20,53.2,46.8,1,0,0,0,7,11
2023-10-30,CFR Cluj,Farul Constanta,3,1,1.73,3.76,4.28,1.78,3.76,4.57,Liga I,,20231030_CFR-Cluj_Farul-Constanta,33.31061021654182,0.55,0.53,3,1,6,3,53.6,46.4,1,2,1,0,4,4
2023-10-30,FC Botosani,U. Cluj,0,3,3.41,3.18,2.12,3.65,3.27,2.15,Liga I,,20231030_FC-Botosani_U.-Cluj,-94.94803194780866,0.46,1.86,0,6,1,13,50.9,49.1,1,3,0,0,2,6
2023-11-03,Poli Iasi,Otelul,1,1,2.66,2.9,2.8,2.8,2.86,2.97,Liga I,,20231103_Poli-Iasi_Otelul,-106.57369702132041,2.18,1.19,6,2,14,3,42.9,57.1,3,0,0,0,6,3
2023-11-04,Sepsi Sf. Gheorghe,Petrolul,0,0,1.82,3.37,4.35,1.89,3.26,4.74,Liga I,,20231104_Sepsi-Sf.-Gheorghe_Petrolul,0.7462103923323866,0.88,0.36,2,1,5,2,48.4,51.6,1,2,0,0,4,4
2023-11-04,Univ. Craiova,U Craiova 1948,1,1,1.56,4.09,5.13,1.59,4.12,5.63,Liga I,,20231104_Univ.-Craiova_U-Craiova-1948,106.98215719652944,0.05,1.07,1,2,3,6,54.0,46.0,3,3,0,0,2,7
2023-11-05,FCSB,FC Rapid Bucuresti,1,2,1.85,3.59,3.84,1.85,3.75,4.14,Liga I,,20231105_FCSB_FC-Rapid-Bucuresti,86.3291505160123,0.41,1.37,1,3,2,7,55.1,44.9,1,2,0,0,4,3
2023-11-05,Farul Constanta,FC Botosani,1,1,1.44,4.41,6.43,1.48,4.46,6.74,Liga I,,20231105_Farul-Constanta_FC-Botosani,206.8324252828802,1.37,1.25,7,4,17,7,60.3,39.7,1,2,0,0,6,3
2023-11-05,U. Cluj,FC Voluntari,1,2,1.73,3.47,4.7,1.73,3.55,5.32,Liga I,,20231105_U.-Cluj_FC-Voluntari,55.15480077413895,0.28,0.99,2,3,6,7,51.5,48.5,3,2,0,1,5,5
2023-11-06,FC Hermannstadt,CFR Cluj,1,0,3.26,3.21,2.18,3.48,3.15,2.28,Liga I,,20231106_FC-Hermannstadt_CFR-Cluj,-156.14238105325944,1.09,0.35,4,1,8,3,46.7,53.3,1,0,1,0,6,3
2023-11-06,UTA Arad,Din. Bucuresti,2,1,2.07,3.21,3.54,2.23,3.02,3.78,Liga I,,20231106_UTA-Arad_Din.-Bucuresti,91.27728597669079,0.98,0.65,2,2,3,5,58.1,41.9,2,0,0,0,4,5
2023-11-10,Sepsi Sf. Gheorghe,FC Rapid Bucuresti,0,0,2.52,3.18,2.71,2.71,2.99,2.94,Liga I,,20231110_Sepsi-Sf.-Gheorghe_FC-Rapid-Bucuresti,-99.52427261798289,0.49,1.8,2,5,4,11,46.1,53.9,1,2,0,0,3,7
2023-11-11,Farul Constanta,FC Hermannstadt,1,1,1.9,3.4,3.87,1.89,3.53,4.25,Liga I,,20231111_Farul-Constanta_FC-Hermannstadt,77.6642964739915,1.01,0.98,1,2,2,5,51.9,48.1,0,1,0,0,2,5
2023-11-11,Poli Iasi,CFR Cluj,3,3,4.25,3.46,1.8,4.56,3.5,1.84,Liga I,,20231111_Poli-Iasi_CFR-Cluj,-259.6182210708596,1.31,1.87,5,6,10,14,33.9,66.1,2,1,0,0,10,9
2023-11-11,U. Cluj,Petrolul,0,0,1.95,3.26,3.86,2.06,3.17,4.09,Liga I,,20231111_U.-Cluj_Petrolul,-2.659770273482536,1.25,0.79,3,3,6,8,45.6,54.4,2,1,0,0,8,6
2023-11-12,FC Botosani,FC Voluntari,3,3,2.44,3.14,2.83,2.55,3.22,2.94,Liga I,,20231112_FC-Botosani_FC-Voluntari,-64.87767262467082,1.45,0.69,4,3,9,4,49.3,50.7,2,3,0,0,5,4
2023-11-12,FCSB,U Craiova 1948,2,1,1.45,4.39,6.1,1.49,4.44,6.6,Liga I,,20231112_FCSB_U-Craiova-1948,181.77253597263393,1.51,1.15,6,5,14,9,52.7,47.3,3,4,0,0,6,7
2023-11-12,Univ. Craiova,Din. Bucuresti,1,0,1.38,4.51,7.42,1.44,4.51,7.49,Liga I,,20231112_Univ.-Craiova_Din.-Bucuresti,219.47650707153048,0.55,0.44,3,2,7,4,54.5,45.5,1,0,0,0,6,2
2023-11-13,UTA Arad,Otelul,2,4,2.56,2.88,2.92,2.88,2.88,2.86,Liga I,,20231113_UTA-Arad_Otelul,-18.9039887889046,0.82,2.13,2,5,3,11,47.3,52.7,1,2,0,0,5,4
2023-11-24,FC Hermannstadt,Poli Iasi,0,0,1.75,3.42,4.63,1.76,3.56,5.01,Liga I,,20231124_FC-Hermannstadt_Poli-Iasi,132.62647370547552,0.88,0.07,3,0,7,0,58.4,41.6,0,2,0,0,2,3
2023-11-24,Petrolul,FC Botosani,2,1,1.83,3.44,4.13,1.83,3.44,4.75,Liga I,,20231124_Petrolul_FC-Botosani,92.60699844445526,1.11,1.15,2,4,2,9,56.0,44.0,0,1,0,0,6,5
2023-11-25,CFR Cluj,UTA Arad,0,0,1.41,4.44,6.97,1.43,4.68,7.35,Liga I,,20231125_CFR-Cluj_UTA-Arad,182.8335576376553,1.14,1.29,3,4,7,11,48.6,51.4,0,2,0,0,10,5
2023-11-25,FC Voluntari,Farul Constanta,4,2,3.0,3.28,2.27,3.14,3.23,2.4,Liga I,,20231125_FC-Voluntari_Farul-Constanta,-128.7223153217592,1.36,0.42,4,2,9,4,49.4,50.6,4,2,0,0,5,3
2023-11-26,Din. Bucuresti,FCSB,0,1,5.96,4.1,1.5,6.22,4.24,1.53,Liga I,,20231126_Din.-Bucuresti_FCSB,-312.9593871387892,0.28,0.05,1,1,3,0,42.0,58.0,1,1,0,0,1,2
2023-11-26,Otelul,Univ. Craiova,1,3,3.58,3.04,2.12,3.9,3.08,2.15,Liga I,,20231126_Otelul_Univ.-Craiova,-85.40085986050167,0.16,0.89,1,3,2,7,38.4,61.6,1,1,0,0,3,4
2023-11-27,FC Rapid Bucuresti,U. Cluj,2,3,1.85,3.44,4.0,1.9,3.49,4.26,Liga I,,20231127_FC-Rapid-Bucuresti_U.-Cluj,99.44043101602483,0.38,1.63,2,5,3,9,56.5,43.5,1,0,0,0,4,2
2023-11-27,U Craiova 1948,Sepsi Sf. Gheorghe,2,1,2.72,3.1,2.55,2.88,3.09,2.68,Liga I,,20231127_U-Craiova-1948_Sepsi-Sf.-Gheorghe,-35.34732308335583,1.47,1.64,4,6,8,12,48.4,51.6,2,1,0,0,3,3
2023-12-01,FC Voluntari,Petrolul,0,0,2.7,2.91,2.75,2.93,2.82,2.87,Liga I,,20231201_FC-Voluntari_Petrolul,-24.781595776634276,1.99,0.96,6,3,15,8,47.0,53.0,0,1,0,0,9,7
2023-12-01,Poli Iasi,Farul Constanta,2,3,3.27,3.18,2.18,3.45,3.3,2.21,Liga I,,20231201_Poli-Iasi_Farul-Constanta,-184.38994361823052,1.04,1.52,2,3,5,7,48.7,51.3,3,2,0,0,5,2
2023-12-02,FC Botosani,FC Rapid Bucuresti,0,0,3.84,3.47,1.89,4.01,3.51,1.95,Liga I,,20231202_FC-Botosani_FC-Rapid-Bucuresti,-183.10276692021966,0.61,0.31,1,1,3,1,41.9,58.1,2,5,0,1,3,3
2023-12-02,UTA Arad,FC Hermannstadt,2,0,3.22,3.12,2.24,3.47,3.02,2.36,Liga I,,20231202_UTA-Arad_FC-Hermannstadt,-60.88531777663866,1.3,0.52,4,1,12,0,44.6,55.4,1,1,0,0,5,4
2023-12-02,Univ. Craiova,CFR Cluj,1,0,2.28,3.16,3.08,2.33,3.21,3.29,Liga I,,20231202_Univ.-Craiova_CFR-Cluj,-40.93490548342834,0.66,1.44,1,4,4,10,46.6,53.4,1,1,0,0,2,5
2023-12-03,FCSB,Otelul,0,2,1.56,3.82,5.7,1.59,3.87,6.16,Liga I,,20231203_FCSB_Otelul,180.81342334023407,0.62,0.27,2,2,6,5,54.1,45.9,0,1,0,0,4,5
2023-12-03,U. Cluj,U Craiova 1948,2,1,1.95,3.37,3.75,1.99,3.28,4.18,Liga I,,20231203_U.-Cluj_U-Craiova-1948,30.86542289634167,2.16,0.69,5,1,10,2,48.2,51.8,2,1,1,0,1,4
2023-12-04,Sepsi Sf. Gheorghe,Din. Bucuresti,2,1,1.71,3.47,4.85,1.72,3.55,5.34,Liga I,,20231204_Sepsi-Sf.-Gheorghe_Din.-Bucuresti,144.2411252582242,0.42,0.58,2,2,4,4,52.5,47.5,0,4,0,0,3,3
2023-12-08,Poli Iasi,UTA Arad,1,0,2.31,3.13,3.07,2.38,3.12,3.3,Liga I,,20231208_Poli-Iasi_UTA-Arad,-83.25064031031911,0.99,0.87,5,3,10,8,48.2,51.8,2,2,0,0,5,4
2023-12-09,FC Rapid Bucuresti,FC Voluntari,1,2,1.7,3.56,4.75,1.75,3.65,4.97,Liga I,,20231209_FC-Rapid-Bucuresti_FC-Voluntari,90.87551546951636,0.25,1.55,1,6,1,14,54.7,45.3,1,2,0,0,1,3
2023-12-10,CFR Cluj,FCSB,1,1,2.03,3.33,3.49,2.11,3.37,3.64,Liga I,,20231210_CFR-Cluj_FCSB,-31.931952768502015,0.44,0.28,2,2,3,4,49.2,50.8,1,2,0,0,2,4
2023-12-10,FC Hermannstadt,Univ. Craiova,2,1,3.05,3.02,2.39,3.28,3.01,2.45,Liga I,,20231210_FC-Hermannstadt_Univ.-Craiova,-96.92231853916041,0.41,1.13,3,3,8,5,42.9,57.1,2,1,0,0,3,4
2023-12-10,Farul Constanta,Petrolul,3,1,1.81,3.43,4.3,1.85,3.47,4.53,Liga I,,20231210_Farul-Constanta_Petrolul,78.45790961640296,1.01,0.83,3,3,7,6,49.3,50.7,2,2,0,0,3,4
2023-12-11,Din. Bucuresti,U. Cluj,0,1,3.74,3.08,2.05,3.69,3.1,2.1,Liga I,,20231211_Din.-Bucuresti_U.-Cluj,-184.4151484292147,1.4,1.58,5,5,11,13,52.5,47.5,4,2,0,0,8,4
2023-12-11,U Craiova 1948,FC Botosani,2,0,1.69,3.7,4.59,1.68,3.92,5.0,Liga I,,20231211_U-Craiova-1948_FC-Botosani,66.75052881620832,1.01,0.92,3,2,7,4,58.1,41.9,0,2,0,0,6,2
2023-12-12,Otelul,Sepsi Sf. Gheorghe,2,3,2.75,2.81,2.79,2.9,2.73,3.0,Liga I,,20231212_Otelul_Sepsi-Sf.-Gheorghe,5.1551530455378725,2.37,1.02,9,4,20,11,50.2,49.8,2,1,0,0,12,3
2023-12-15,FC Voluntari,U Craiova 1948,0,1,2.81,3.24,2.42,3.13,3.36,2.34,Liga I,,20231215_FC-Voluntari_U-Craiova-1948,19.229056032525477,0.05,1.83,0,5,0,9,50.0,50.0,0,2,0,0,3,1
2023-12-15,Petrolul,FC Rapid Bucuresti,0,0,2.77,2.94,2.65,2.82,2.96,2.85,Liga I,,20231215_Petrolul_FC-Rapid-Bucuresti,-62.06911883662406,0.05,1.13,1,4,3,8,43.1,56.9,1,1,0,0,2,4
2023-12-16,FCSB,FC Hermannstadt,3,0,1.61,3.63,5.42,1.63,3.79,5.82,Liga I,,20231216_FCSB_FC-Hermannstadt,126.61134888356924,0.33,0.32,3,0,7,0,55.0,45.0,0,2,0,0,6,1
2023-12-16,UTA Arad,Farul Constanta,0,0,3.07,3.38,2.18,3.23,3.57,2.2,Liga I,,20231216_UTA-Arad_Farul-Constanta,-137.63389134043223,0.42,0.59,1,1,1,3,48.7,51.3,0,3,0,0,2,3
2023-12-16,Univ. Craiova,Poli Iasi,2,2,1.49,4.12,6.15,1.51,4.29,6.53,Liga I,,20231216_Univ.-Craiova_Poli-Iasi,182.8100571715413,1.87,1.65,8,7,18,16,55.8,44.2,1,1,0,0,10,15
2023-12-17,Sepsi Sf. Gheorghe,CFR Cluj,2,1,3.07,3.21,2.25,3.35,3.32,2.25,Liga I,,20231217_Sepsi-Sf.-Gheorghe_CFR-Cluj,-107.48574808861167,1.08,1.23,3,3,8,7,39.6,60.4,2,2,0,1,3,7
2023-12-17,U. Cluj,Otelul,0,1,1.88,3.17,4.28,1.88,3.24,4.89,Liga I,,20231217_U.-Cluj_Otelul,38.79336841714667,1.2,0.53,4,1,9,2,54.8,45.2,2,1,1,0,7,1
2023-12-18,FC Botosani,Din. Bucuresti,0,2,2.45,3.04,2.91,2.58,3.11,2.99,Liga I,,20231218_FC-Botosani_Din.-Bucuresti,61.371429340130135,1.14,1.68,3,5,7,12,53.2,46.8,2,1,0,0,6,9
2023-12-19,Poli Iasi,FCSB,1,3,4.4,3.47,1.77,4.68,3.68,1.78,Liga I,,20231219_Poli-Iasi_FCSB,-245.04725552849254,0.82,0.57,1,3,2,7,42.0,58.0,1,2,0,0,1,2
2023-12-19,U Craiova 1948,Petrolul,2,0,1.94,3.28,3.84,1.94,3.39,4.23,Liga I,,20231219_U-Craiova-1948_Petrolul,-7.355139192373599,1.15,0.9,4,3,8,7,51.3,48.7,1,2,0,0,4,7
2023-12-20,Farul Constanta,FC Rapid Bucuresti,0,0,2.18,3.28,3.15,2.24,3.39,3.31,Liga I,,20231220_Farul-Constanta_FC-Rapid-Bucuresti,32.660947452161054,0.53,0.05,2,2,3,4,49.9,50.1,1,1,0,0,2,1
2023-12-20,UTA Arad,Univ. Craiova,2,2,4.62,3.39,1.76,5.24,3.44,1.76,Liga I,,20231220_UTA-Arad_Univ.-Craiova,-118.89348623848991,0.81,1.67,2,4,5,9,39.9,60.1,1,1,0,0,2,5
2023-12-21,CFR Cluj,U. Cluj,4,0,1.86,3.28,4.18,1.97,3.21,4.39,Liga I,,20231221_CFR-Cluj_U.-Cluj,85.62928711768063,1.46,0.32,4,1,8,3,59.3,40.7,0,2,0,0,3,3
2023-12-21,FC Hermannstadt,Sepsi Sf. Gheorghe,1,1,2.48,2.89,3.01,2.62,2.94,3.11,Liga I,,20231221_FC-Hermannstadt_Sepsi-Sf.-Gheorghe,-12.80241123710357,0.05,0.88,1,1,3,3,54.4,45.6,1,1,0,0,1,2
2023-12-22,Din. Bucuresti,FC Voluntari,1,0,2.31,2.92,3.27,2.39,2.9,3.56,Liga I,,20231222_Din.-Bucuresti_FC-Voluntari,-140.03456785574417,0.35,0.99,2,4,3,8,44.4,55.6,2,1,0,0,1,5
2023-12-22,Otelul,FC Botosani,0,2,1.73,3.38,4.82,1.78,3.37,5.3,Liga I,,20231222_Otelul_FC-Botosani,124.01898121517911,0.73,1.28,3,5,7,11,58.0,42.0,1,2,1,0,4,4
2024-01-19,FC Rapid Bucuresti,U Craiova 1948,4,3,1.89,3.58,3.66,1.93,3.76,3.84,Liga I,,20240119_FC-Rapid-Bucuresti_U-Craiova-1948,54.05247220814658,1.4,2.39,4,8,9,18,55.2,44.8,1,1,0,0,2,3
2024-01-19,Sepsi Sf. Gheorghe,Poli Iasi,6,0,1.74,3.65,4.24,1.75,3.74,4.79,Liga I,,20240119_Sepsi-Sf.-Gheorghe_Poli-Iasi,119.8820280215482,1.28,0.8,6,3,12,8,56.1,43.9,1,4,0,0,5,5
2024-01-20,Petrolul,Din. Bucuresti,1,0,2.24,2.99,3.3,2.44,2.98,3.36,Liga I,,20240120_Petrolul_Din.-Bucuresti,124.64290609345744,0.8,0.44,3,0,7,0,46.4,53.6,1,2,0,0,4,1
2024-01-20,U. Cluj,FC Hermannstadt,2,1,2.06,2.97,3.8,2.13,2.97,4.16,Liga I,,20240120_U.-Cluj_FC-Hermannstadt,-6.080746999227131,0.86,0.11,3,1,7,4,57.5,42.5,2,4,0,0,3,1
2024-01-21,FC Botosani,CFR Cluj,1,0,5.7,3.92,1.53,6.03,4.16,1.55,Liga I,,20240121_FC-Botosani_CFR-Cluj,-214.76354637985105,1.06,0.9,3,4,5,8,46.2,53.8,1,3,0,0,3,6
2024-01-21,Univ. Craiova,Farul Constanta,1,2,1.82,3.47,4.04,1.86,3.64,4.25,Liga I,,20240121_Univ.-Craiova_Farul-Constanta,-12.529521770065685,1.16,1.83,4,5,8,11,50.7,49.3,2,0,0,0,4,2
2024-01-22,FC Voluntari,Otelul,1,1,2.24,2.95,3.34,2.31,2.99,3.6,Liga I,,20240122_FC-Voluntari_Otelul,-17.640337985624683,2.03,1.34,7,5,14,12,52.2,47.8,2,1,0,0,15,5
2024-01-22,FCSB,UTA Arad,4,0,1.35,4.6,7.87,1.35,5.06,9.02,Liga I,,20240122_FCSB_UTA-Arad,193.4634433666306,1.3,0.4,5,2,11,3,62.4,37.6,2,1,0,0,1,3
2024-01-26,Farul Constanta,U Craiova 1948,1,0,1.88,3.53,3.75,1.88,3.74,4.05,Liga I,,20240126_Farul-Constanta_U-Craiova-1948,106.17934835941583,1.16,0.76,3,2,7,3,50.5,49.5,1,1,0,0,7,3
2024-01-27,Din. Bucuresti,FC Rapid Bucuresti,1,2,3.49,3.14,2.1,3.56,3.29,2.18,Liga I,,20240127_Din.-Bucuresti_FC-Rapid-Bucuresti,-213.86688744677895,0.89,0.23,3,2,6,5,42.0,58.0,3,2,0,0,6,6
2024-01-27,Otelul,Petrolul,0,0,2.42,2.82,3.17,2.69,2.78,3.21,Liga I,,20240127_Otelul_Petrolul,-8.628764551373934,0.78,0.49,3,2,8,5,51.6,48.4,2,2,0,0,7,1
2024-01-27,UTA Arad,Sepsi Sf. Gheorghe,2,1,3.29,3.12,2.19,3.61,3.21,2.19,Liga I,,20240127_UTA-Arad_Sepsi-Sf.-Gheorghe,-72.8323601830607,0.69,0.88,2,4,3,10,48.0,52.0,0,1,0,0,3,10
2024-01-28,FC Hermannstadt,FC Botosani,2,0,1.68,3.38,5.29,1.68,3.46,6.08,Liga I,,20240128_FC-Hermannstadt_FC-Botosani,86.20516871535074,1.94,0.39,5,0,14,0,53.4,46.6,3,1,0,0,7,1
2024-01-28,Poli Iasi,U. Cluj,1,0,3.52,3.11,2.09,3.94,3.24,2.07,Liga I,,20240128_Poli-Iasi_U.-Cluj,-122.10910805213098,0.89,0.55,1,2,4,4,40.0,60.0,3,2,0,0,4,6
2024-01-28,Univ. Craiova,FCSB,0,3,2.56,3.17,2.66,2.63,3.22,2.84,Liga I,,20240128_Univ.-Craiova_FCSB,-99.97653232204789,0.4,0.96,0,4,1,10,48.6,51.4,2,0,0,0,1,8
2024-01-29,CFR Cluj,FC Voluntari,4,1,1.41,4.33,7.16,1.42,4.61,7.72,Liga I,,20240129_CFR-Cluj_FC-Voluntari,121.3988826779871,1.66,0.77,6,1,13,4,60.1,39.9,1,2,0,0,6,5
2024-02-02,FC Botosani,Poli Iasi,2,1,2.35,2.95,3.14,2.42,2.96,3.41,Liga I,,20240202_FC-Botosani_Poli-Iasi,-7.569542351259315,2.24,1.07,8,4,18,11,51.6,48.4,0,0,0,0,7,5
2024-02-02,U Craiova 1948,Din. Bucuresti,2,1,1.98,3.31,3.62,2.03,3.41,3.85,Liga I,,20240202_U-Craiova-1948_Din.-Bucuresti,136.4993003979248,0.62,0.82,2,2,3,6,55.4,44.6,1,2,1,0,3,1
2024-02-03,FC Rapid Bucuresti,Otelul,2,1,1.71,3.57,4.63,1.76,3.72,4.72,Liga I,,20240203_FC-Rapid-Bucuresti_Otelul,87.23716914207057,1.25,1.27,5,4,11,8,60.4,39.6,4,1,0,0,4,3
2024-02-03,Petrolul,CFR Cluj,1,2,3.74,3.22,1.98,4.1,3.28,2.01,Liga I,,20240203_Petrolul_CFR-Cluj,-104.61498147892235,0.71,1.09,1,3,2,7,50.1,49.9,2,0,0,0,0,5
2024-02-04,Sepsi Sf. Gheorghe,Univ. Craiova,1,3,2.22,3.05,3.27,2.3,2.98,3.65,Liga I,,20240204_Sepsi-Sf.-Gheorghe_Univ.-Craiova,-38.35972832384573,0.82,1.12,4,4,9,8,46.5,53.5,4,1,0,0,5,5
2024-02-04,U. Cluj,UTA Arad,1,3,1.75,3.41,4.55,1.8,3.38,5.09,Liga I,,20240204_U.-Cluj_UTA-Arad,28.49553493370263,1.29,1.66,5,4,10,9,49.6,50.4,0,1,0,0,6,4
2024-02-05,FC Voluntari,FC Hermannstadt,1,1,2.96,2.77,2.62,3.19,2.75,2.72,Liga I,,20240205_FC-Voluntari_FC-Hermannstadt,-47.088391716334854,0.48,0.92,2,2,5,5,50.3,49.7,2,1,0,0,6,4
2024-02-05,FCSB,Farul Constanta,1,1,1.78,3.69,4.0,1.83,3.82,4.19,Liga I,,20240205_FCSB_Farul-Constanta,64.50857451655406,0.16,0.78,1,3,3,4,61.5,38.5,0,1,0,0,4,5
2024-02-09,Otelul,U Craiova 1948,1,0,2.17,3.08,3.37,2.18,3.14,3.75,Liga I,,20240209_Otelul_U-Craiova-1948,-15.584901573819025,1.1,0.29,3,1,5,3,58.3,41.7,1,0,0,0,6,4
2024-02-09,Univ. Craiova,U. Cluj,2,2,1.94,3.24,3.87,2.0,3.32,4.08,Liga I,,20240209_Univ.-Craiova_U.-Cluj,77.40035428762326,1.17,1.89,4,5,11,12,53.9,46.1,3,1,0,0,8,6
2024-02-10,CFR Cluj,FC Rapid Bucuresti,0,1,1.63,3.8,4.83,1.69,3.98,4.88,Liga I,,20240210_CFR-Cluj_FC-Rapid-Bucuresti,24.854053047716434,0.76,1.3,3,3,8,5,51.2,48.8,4,1,0,1,1,6
2024-02-10,Poli Iasi,FC Voluntari,0,0,2.18,3.08,3.36,2.2,3.05,3.79,Liga I,,20240210_Poli-Iasi_FC-Voluntari,-63.589546656260154,0.52,1.39,0,5,0,11,57.5,42.5,1,1,0,0,0,5
2024-02-11,FC Hermannstadt,Petrolul,0,0,2.15,2.77,3.86,2.22,2.75,4.34,Liga I,,20240211_FC-Hermannstadt_Petrolul,21.240645607787656,0.81,0.61,3,3,8,8,48.4,51.6,1,1,0,0,5,6
2024-02-11,FCSB,Sepsi Sf. Gheorghe,1,0,1.64,3.74,4.9,1.7,3.7,5.28,Liga I,,20240211_FCSB_Sepsi-Sf.-Gheorghe,164.09230134287236,0.97,0.7,4,3,7,6,53.1,46.9,1,1,0,0,6,4
2024-02-12,Farul Constanta,Din. Bucuresti,0,2,1.65,3.71,4.86,1.65,3.79,5.59,Liga I,,20240212_Farul-Constanta_Din.-Bucuresti,269.2809053531653,0.85,1.03,3,2,7,6,60.6,39.4,1,3,0,0,10,2
2024-02-12,UTA Arad,FC Botosani,2,2,1.96,3.21,3.85,1.98,3.22,4.33,Liga I,,20240212_UTA-Arad_FC-Botosani,69.79967793512628,2.03,0.39,6,3,11,6,52.1,47.9,3,0,0,0,6,4
2024-02-16,FC Rapid Bucuresti,FC Hermannstadt,2,0,1.75,3.4,4.56,1.78,3.56,4.88,Liga I,,20240216_FC-Rapid-Bucuresti_FC-Hermannstadt,89.09417446780776,0.35,0.96,2,4,5,9,48.3,51.7,1,3,0,0,1,3
2024-02-16,Petrolul,Poli Iasi,2,1,1.88,3.14,4.26,1.94,3.28,4.4,Liga I,,20240216_Petrolul_Poli-Iasi,84.76492105524244,2.05,2.09,6,6,13,12,57.7,42.3,0,3,0,0,9,5
2024-02-17,FC Voluntari,UTA Arad,0,1,2.34,3.09,3.01,2.48,3.06,3.18,Liga I,,20240217_FC-Voluntari_UTA-Arad,-22.956619941182907,0.71,1.1,4,4,9,7,51.3,48.7,0,3,0,0,1,7
2024-02-17,U Craiova 1948,CFR Cluj,1,3,3.42,3.49,1.99,3.64,3.66,2.01,Liga I,,20240217_U-Craiova-1948_CFR-Cluj,-114.28467195050962,0.96,0.75,3,3,7,5,43.9,56.1,1,1,0,0,2,4
2024-02-18,Din. Bucuresti,Otelul,3,1,2.59,2.83,2.89,2.69,2.9,3.05,Liga I,,20240218_Din.-Bucuresti_Otelul,-128.68192771865097,1.73,0.9,6,3,13,6,50.5,49.5,1,2,0,0,6,3
2024-02-18,FC Botosani,Univ. Craiova,2,2,4.47,3.4,1.78,5.19,3.45,1.77,Liga I,,20240218_FC-Botosani_Univ.-Craiova,-144.72274086173843,0.57,1.47,2,4,4,10,45.3,54.7,1,2,0,0,4,5
2024-02-19,Sepsi Sf. Gheorghe,Farul Constanta,0,1,2.07,3.28,3.36,2.13,3.43,3.52,Liga I,,20240219_Sepsi-Sf.-Gheorghe_Farul-Constanta,-90.91038952017516,0.86,1.31,2,5,5,10,50.2,49.8,1,2,0,0,4,7
2024-02-19,U. Cluj,FCSB,0,0,3.21,3.16,2.19,3.28,3.3,2.29,Liga I,,20240219_U.-Cluj_FCSB,-185.86143228139645,0.1,0.71,0,4,1,11,44.6,55.4,2,3,0,0,3,5
2024-02-23,CFR Cluj,Din. Bucuresti,4,0,1.4,4.37,7.4,1.43,4.61,7.33,Liga I,,20240223_CFR-Cluj_Din.-Bucuresti,225.41301400117618,1.21,0.25,6,1,10,2,56.8,43.2,1,1,0,0,3,2
2024-02-23,FC Hermannstadt,U Craiova 1948,1,0,1.91,3.21,4.09,1.92,3.34,4.42,Liga I,,20240223_FC-Hermannstadt_U-Craiova-1948,25.25106899339721,0.82,1.39,2,4,7,8,48.0,52.0,2,3,0,0,5,4
2024-02-24,Farul Constanta,Otelul,1,1,1.78,3.29,4.64,1.86,3.32,4.77,Liga I,,20240224_Farul-Constanta_Otelul,126.18405448191629,0.76,0.49,2,1,5,4,55.7,44.3,2,0,0,0,3,5
2024-02-24,Poli Iasi,FC Rapid Bucuresti,3,1,4.38,3.44,1.78,4.78,3.58,1.79,Liga I,,20240224_Poli-Iasi_FC-Rapid-Bucuresti,-211.75189383830275,1.29,0.67,4,1,11,1,43.4,56.6,2,1,0,0,7,3
2024-02-24,UTA Arad,Petrolul,1,0,2.11,3.14,3.43,2.15,3.2,3.74,Liga I,,20240224_UTA-Arad_Petrolul,-0.48376725034836454,0.4,0.98,1,3,4,7,48.3,51.7,2,1,0,0,2,7
2024-02-25,FCSB,FC Botosani,3,2,1.3,4.89,9.59,1.31,5.09,9.72,Liga I,,20240225_FCSB_FC-Botosani,247.8456329907085,0.62,0.05,3,2,7,6,54.6,45.4,1,1,0,0,3,2
2024-02-25,Sepsi Sf. Gheorghe,U. Cluj,0,0,2.15,3.15,3.33,2.31,3.14,3.42,Liga I,,20240225_Sepsi-Sf.-Gheorghe_U.-Cluj,-6.469321491743358,1.61,0.74,6,2,15,3,46.5,53.5,1,1,0,0,8,3
2024-02-26,Univ. Craiova,FC Voluntari,2,1,1.36,4.64,7.43,1.39,4.79,8.26,Liga I,,20240226_Univ.-Craiova_FC-Voluntari,109.11750005741396,2.48,1.28,8,3,17,7,54.4,45.6,2,3,0,0,8,7
2024-02-27,Din. Bucuresti,FC Hermannstadt,1,0,2.99,2.84,2.53,3.25,2.78,2.66,Liga I,,20240227_Din.-Bucuresti_FC-Hermannstadt,-136.28012070295836,0.95,0.95,3,2,8,4,43.8,56.2,2,1,0,0,2,4
2024-02-27,Otelul,CFR Cluj,2,2,4.86,3.69,1.65,5.08,3.83,1.69,Liga I,,20240227_Otelul_CFR-Cluj,-130.20830589226375,0.56,0.79,2,3,3,7,39.4,60.6,4,1,1,0,4,2
2024-02-27,U Craiova 1948,Poli Iasi,1,1,2.01,3.39,3.45,2.07,3.42,3.7,Liga I,,20240227_U-Craiova-1948_Poli-Iasi,49.77516708403732,1.23,1.38,4,5,8,12,53.0,47.0,3,0,0,0,4,4
2024-02-28,FC Rapid Bucuresti,UTA Arad,4,1,1.69,3.85,4.33,1.77,4.0,4.31,Liga I,,20240228_FC-Rapid-Bucuresti_UTA-Arad,78.67085492763908,1.82,0.4,7,2,16,6,53.3,46.7,3,2,0,0,7,4
2024-02-28,U. Cluj,Farul Constanta,1,0,2.23,3.12,3.21,2.35,3.21,3.26,Liga I,,20240228_U.-Cluj_Farul-Constanta,-98.34790186950568,1.34,1.33,5,3,10,5,39.6,60.4,5,4,0,0,6,0
2024-02-29,FC Botosani,Sepsi Sf. Gheorghe,1,2,3.52,3.06,2.13,3.88,3.19,2.11,Liga I,,20240229_FC-Botosani_Sepsi-Sf.-Gheorghe,-72.12474337746016,0.89,1.41,4,5,10,10,52.5,47.5,1,3,0,0,6,5
2024-02-29,FC Voluntari,FCSB,1,2,5.38,3.82,1.58,5.58,3.95,1.62,Liga I,,20240229_FC-Voluntari_FCSB,-234.69387796022784,0.05,1.36,1,4,4,8,39.0,61.0,2,2,0,0,1,2
2024-02-29,Petrolul,Univ. Craiova,2,3,3.48,3.24,2.06,3.89,3.31,2.05,Liga I,,20240229_Petrolul_Univ.-Craiova,-83.62773270340608,0.05,1.18,2,3,4,6,40.8,59.2,2,1,0,0,2,5
2024-03-01,Poli Iasi,Din. Bucuresti,0,0,2.39,3.08,2.96,2.55,3.16,2.99,Liga I,,20240301_Poli-Iasi_Din.-Bucuresti,24.22307374577349,0.05,0.95,1,3,1,8,49.1,50.9,1,0,0,0,2,4
2024-03-02,FC Hermannstadt,Otelul,4,1,2.08,2.91,3.9,2.07,2.9,4.6,Liga I,,20240302_FC-Hermannstadt_Otelul,9.998527116055811,2.58,0.7,5,2,12,4,52.9,47.1,2,5,0,0,5,4
2024-03-02,Farul Constanta,CFR Cluj,1,1,3.07,3.21,2.24,3.33,3.17,2.34,Liga I,,20240302_Farul-Constanta_CFR-Cluj,-23.38771206876413,1.5,0.59,6,2,13,3,47.8,52.2,1,0,0,0,4,3
2024-03-02,UTA Arad,U Craiova 1948,3,2,1.89,3.6,3.64,1.96,3.79,3.66,Liga I,,20240302_UTA-Arad_U-Craiova-1948,38.63495887428917,1.49,2.72,6,8,11,18,51.7,48.3,2,0,0,0,1,14
2024-03-03,FCSB,Petrolul,1,0,1.43,4.21,6.75,1.49,4.3,6.76,Liga I,,20240303_FCSB_Petrolul,206.6063143598908,1.01,0.54,3,0,9,0,60.9,39.1,0,4,0,0,4,1
2024-03-03,U. Cluj,FC Botosani,1,0,1.51,3.86,6.17,1.59,3.89,6.1,Liga I,,20240303_U.-Cluj_FC-Botosani,103.00021563293717,0.74,1.37,2,5,4,12,55.6,44.4,0,0,0,0,4,6
2024-03-04,Sepsi Sf. Gheorghe,FC Voluntari,4,0,1.61,3.69,5.21,1.63,3.85,5.64,Liga I,,20240304_Sepsi-Sf.-Gheorghe_FC-Voluntari,64.16067006953563,1.9,0.15,6,0,12,0,55.6,44.4,2,2,0,0,3,0
2024-03-04,Univ. Craiova,FC Rapid Bucuresti,1,1,2.06,3.46,3.25,2.08,3.55,3.54,Liga I,,20240304_Univ.-Craiova_FC-Rapid-Bucuresti,-18.754964285828237,1.11,1.67,2,6,3,13,49.2,50.8,1,0,0,0,6,9
2024-03-08,CFR Cluj,FC Hermannstadt,1,0,1.65,3.61,5.05,1.68,3.77,5.27,Liga I,,20240308_CFR-Cluj_FC-Hermannstadt,99.15269701043735,0.41,2.15,2,5,6,9,47.7,52.3,0,1,0,0,1,3
2024-03-08,Din. Bucuresti,UTA Arad,1,0,2.28,3.12,3.12,2.31,3.2,3.34,Liga I,,20240308_Din.-Bucuresti_UTA-Arad,-119.05397166260786,0.58,0.61,1,1,2,3,47.8,52.2,0,0,0,0,3,1
2024-03-08,FC Botosani,Farul Constanta,0,0,3.08,2.99,2.37,3.25,3.06,2.44,Liga I,,20240308_FC-Botosani_Farul-Constanta,-180.0800500729731,1.29,0.28,5,0,10,0,44.1,55.9,2,0,0,0,3,2
2024-03-08,FC Voluntari,U. Cluj,0,0,3.39,3.14,2.14,3.63,3.27,2.16,Liga I,,20240308_FC-Voluntari_U.-Cluj,-94.29998903624505,0.85,1.13,3,5,6,9,47.4,52.6,0,1,0,0,7,5
2024-03-08,Petrolul,Sepsi Sf. Gheorghe,1,2,3.15,3.15,2.25,3.45,3.16,2.29,Liga I,,20240308_Petrolul_Sepsi-Sf.-Gheorghe,-41.60917326294998,0.05,1.79,1,4,1,6,47.1,52.9,1,2,0,0,1,8
2024-03-09,FC Rapid Bucuresti,FCSB,4,0,3.37,3.34,2.06,3.6,3.45,2.09,Liga I,,20240309_FC-Rapid-Bucuresti_FCSB,-92.13965242307358,1.57,1.71,7,7,16,16,45.9,54.1,3,3,0,0,9,10
2024-03-10,U Craiova 1948,Univ. Craiova,1,2,4.07,3.74,1.77,4.45,3.98,1.75,Liga I,,20240310_U-Craiova-1948_Univ.-Craiova,-128.52568440467508,0.9,1.19,4,4,11,8,48.4,51.6,1,3,0,0,8,4
2024-03-11,Otelul,Poli Iasi,1,1,2.04,3.03,3.86,2.07,3.09,4.19,Liga I,,20240311_Otelul_Poli-Iasi,58.27997278731755,0.66,0.63,3,3,5,8,51.5,48.5,0,1,0,0,4,6
2024-03-15,FC Rapid Bucuresti,Farul Constanta,1,2,1.62,3.75,5.14,1.63,3.89,5.67,Liga I,,20240315_FC-Rapid-Bucuresti_Farul-Constanta,34.371172211574276,0.32,1.51,1,5,3,9,55.0,45.0,5,1,0,0,1,5
2024-03-15,U. Cluj,FC Botosani,3,0,1.82,3.09,4.99,1.88,3.13,5.12,Liga I,,20240315_U.-Cluj_FC-Botosani,111.19050619042423,1.3,0.81,4,2,6,1,54.1,45.9,0,1,0,0,9,1
2024-03-16,CFR Cluj,Univ. Craiova,1,2,1.84,3.43,4.15,1.86,3.46,4.54,Liga I,,20240316_CFR-Cluj_Univ.-Craiova,26.60322077335786,1.2,1.75,5,5,10,11,54.7,45.3,0,3,0,0,1,4
2024-03-16,Otelul,Poli Iasi,1,0,2.08,2.98,3.86,2.14,2.91,4.27,Liga I,,20240316_Otelul_Poli-Iasi,54.29147409207508,1.38,1.05,5,3,11,6,47.8,52.2,3,1,1,0,2,2
2024-03-17,FC Hermannstadt,Din. Bucuresti,3,0,2.03,2.93,4.1,2.11,2.89,4.41,Liga I,,20240317_FC-Hermannstadt_Din.-Bucuresti,89.51684614320607,1.64,0.1,5,0,11,0,60.8,39.2,2,0,0,0,9,2
2024-03-17,FCSB,Sepsi Sf. Gheorghe,2,1,1.32,4.7,9.2,1.34,4.75,10.4,Liga I,,20240317_FCSB_Sepsi-Sf.-Gheorghe,150.5198686920753,1.04,0.62,4,2,8,4,59.7,40.3,1,1,0,0,5,6
2024-03-18,Petrolul,U Craiova 1948,1,0,2.18,3.11,3.32,2.25,3.13,3.57,Liga I,,20240318_Petrolul_U-Craiova-1948,17.500610008070907,0.84,0.73,1,0,2,0,55.9,44.1,3,1,0,0,1,2
2024-03-18,UTA Arad,FC Voluntari,4,3,1.85,3.2,4.36,1.83,3.38,4.84,Liga I,,20240318_UTA-Arad_FC-Voluntari,62.691223724753854,1.44,0.78,6,3,15,6,47.4,52.6,0,3,0,0,7,1
2024-03-29,FC Voluntari,FC Hermannstadt,1,0,2.95,2.86,2.55,3.21,2.84,2.59,Liga I,,20240329_FC-Voluntari_FC-Hermannstadt,-83.90336670075112,0.68,0.76,1,2,3,4,42.5,57.5,2,1,0,0,2,2
2024-03-29,Sepsi Sf. Gheorghe,CFR Cluj,1,1,3.32,3.31,2.09,3.4,3.3,2.21,Liga I,,20240329_Sepsi-Sf.-Gheorghe_CFR-Cluj,-84.57219047294893,1.19,1.02,3,2,8,5,45.4,54.6,0,1,0,0,4,4
2024-03-30,FC Botosani,Poli Iasi,2,1,2.21,3.0,3.39,2.32,2.98,3.53,Liga I,,20240330_FC-Botosani_Poli-Iasi,-5.537028979362958,0.83,0.95,2,4,2,7,46.1,53.9,2,2,0,0,1,6
2024-03-30,U. Cluj,UTA Arad,0,0,1.77,3.33,4.65,1.77,3.39,5.16,Liga I,,20240330_U.-Cluj_UTA-Arad,23.67778292698563,1.22,0.09,3,0,6,0,48.8,51.2,0,3,0,0,6,2
2024-03-30,Univ. Craiova,FC Rapid Bucuresti,2,1,2.43,3.32,2.72,2.49,3.44,2.8,Liga I,,20240330_Univ.-Craiova_FC-Rapid-Bucuresti,1.2827017915524266,0.72,0.82,2,4,5,8,50.0,50.0,2,1,0,0,5,4
2024-03-31,Farul Constanta,FCSB,0,1,3.48,3.26,2.05,3.68,3.34,2.08,Liga I,,20240331_Farul-Constanta_FCSB,-90.21167827307977,0.41,0.81,1,3,0,8,41.5,58.5,2,1,0,1,2,5
2024-03-31,U Craiova 1948,Otelul,1,2,2.21,3.09,3.28,2.2,3.15,3.6,Liga I,,20240331_U-Craiova-1948_Otelul,-49.050241849124404,1.18,2.15,3,8,6,19,51.5,48.5,1,1,0,0,2,4
2024-04-01,Din. Bucuresti,Petrolul,1,1,2.34,2.82,3.33,2.44,2.79,3.55,Liga I,,20240401_Din.-Bucuresti_Petrolul,-73.23726737065113,1.38,1.57,3,5,6,11,39.5,60.5,2,2,0,0,6,4
2024-04-05,Sepsi Sf. Gheorghe,Farul Constanta,1,1,2.01,3.3,3.57,1.98,3.41,3.96,Liga I,,20240405_Sepsi-Sf.-Gheorghe_Farul-Constanta,-62.69871499179817,1.9,0.88,6,4,12,9,48.4,51.6,3,3,0,0,11,3
2024-04-05,UTA Arad,FC Botosani,1,0,2.15,3.26,3.25,2.22,3.36,3.31,Liga I,,20240405_UTA-Arad_FC-Botosani,92.70917457996825,0.8,0.05,3,0,6,0,47.7,52.3,0,1,0,0,2,0
2024-04-06,FC Rapid Bucuresti,CFR Cluj,1,4,2.11,3.35,3.26,2.17,3.57,3.24,Liga I,,20240406_FC-Rapid-Bucuresti_CFR-Cluj,-11.142854716159263,1.03,1.05,3,4,3,9,43.0,57.0,0,3,0,0,3,8
2024-04-06,Petrolul,FC Voluntari,0,4,2.09,3.01,3.71,2.2,2.99,3.83,Liga I,,20240406_Petrolul_FC-Voluntari,32.33851787761023,0.05,1.84,0,5,0,10,43.5,56.5,2,3,0,0,3,9
2024-04-07,FC Hermannstadt,U. Cluj,1,1,2.43,2.72,3.31,2.57,2.76,3.36,Liga I,,20240407_FC-Hermannstadt_U.-Cluj,-36.20780931311583,1.35,1.45,4,4,9,9,52.2,47.8,2,0,0,0,8,5
2024-04-07,FCSB,Univ. Craiova,2,0,1.55,3.95,5.4,1.57,4.11,5.68,Liga I,,20240407_FCSB_Univ.-Craiova,77.92104961115501,1.06,0.67,2,1,3,1,58.3,41.7,2,4,0,0,4,2
2024-04-08,Otelul,Din. Bucuresti,1,0,2.19,2.82,3.68,2.27,2.85,3.86,Liga I,,20240408_Otelul_Din.-Bucuresti,89.81909411757283,0.9,1.19,3,3,8,5,47.5,52.5,3,0,0,0,8,2
2024-04-08,Poli Iasi,U Craiova 1948,0,0,2.33,3.1,3.02,2.38,3.14,3.21,Liga I,,20240408_Poli-Iasi_U-Craiova-1948,-27.395335263345714,0.05,1.89,0,7,0,16,52.6,47.4,1,0,0,0,1,7
2024-04-12,UTA Arad,FC Hermannstadt,1,3,2.74,2.88,2.71,2.84,2.93,2.81,Liga I,,20240412_UTA-Arad_FC-Hermannstadt,21.788869761150863,1.15,2.21,4,7,8,19,61.8,38.2,1,0,0,0,6,5
2024-04-12,Univ. Craiova,Farul Constanta,1,2,1.79,3.61,4.05,1.81,3.77,4.24,Liga I,,20240412_Univ.-Craiova_Farul-Constanta,22.984786921152136,1.51,0.17,5,2,10,3,50.4,49.6,0,4,0,0,5,5
2024-04-13,FC Voluntari,Otelul,1,1,2.71,2.72,2.93,2.78,2.57,3.33,Liga I,,20240413_FC-Voluntari_Otelul,-49.75712416107967,1.23,1.04,5,2,11,5,44.9,55.1,3,2,1,0,10,3
2024-04-13,U. Cluj,Petrolul,1,2,1.93,3.08,4.24,1.94,3.06,4.73,Liga I,,20240413_U.-Cluj_Petrolul,69.95457322161155,0.83,1.14,3,2,7,5,57.2,42.8,2,3,0,0,3,0
2024-04-14,CFR Cluj,FCSB,0,1,2.15,3.1,3.44,2.23,3.14,3.54,Liga I,,20240414_CFR-Cluj_FCSB,-89.70995575761685,0.83,0.98,4,3,11,8,47.9,52.1,1,0,0,0,6,8
2024-04-14,Din. Bucuresti,Poli Iasi,1,0,2.13,3.06,3.5,2.16,3.04,3.88,Liga I,,20240414_Din.-Bucuresti_Poli-Iasi,-2.648770071148647,0.18,0.44,1,0,1,0,45.2,54.8,1,1,0,0,1,0
2024-04-14,FC Botosani,U Craiova 1948,4,1,2.3,3.09,3.09,2.37,3.11,3.26,Liga I,,20240414_FC-Botosani_U-Craiova-1948,-16.4775001357807,1.47,1.22,4,4,9,9,52.3,47.7,2,2,0,0,10,5
2024-04-15,FC Rapid Bucuresti,Sepsi Sf. Gheorghe,0,1,1.7,3.71,4.46,1.69,3.76,5.06,Liga I,,20240415_FC-Rapid-Bucuresti_Sepsi-Sf.-Gheorghe,53.94240762198069,0.67,0.82,1,2,2,5,56.8,43.2,1,1,0,0,1,4
2024-04-19,FC Hermannstadt,FC Botosani,1,1,1.88,3.17,4.33,1.88,3.23,4.71,Liga I,,20240419_FC-Hermannstadt_FC-Botosani,88.84686067702069,0.83,0.28,1,1,2,2,49.4,50.6,0,3,0,1,3,3
2024-04-19,Farul Constanta,CFR Cluj,5,1,3.16,3.24,2.18,3.2,3.32,2.29,Liga I,,20240419_Farul-Constanta_CFR-Cluj,-8.140443726517333,1.73,1.48,5,3,12,6,46.3,53.7,2,1,0,0,10,3
2024-04-20,FCSB,FC Rapid Bucuresti,2,2,1.86,3.48,3.89,1.87,3.55,4.11,Liga I,,20240420_FCSB_FC-Rapid-Bucuresti,146.90022917625924,1.24,1.83,3,4,6,9,54.9,45.1,1,0,0,0,7,11
2024-04-20,Poli Iasi,FC Voluntari,3,1,2.4,2.99,3.03,2.6,3.02,3.0,Liga I,,20240420_Poli-Iasi_FC-Voluntari,-69.14171986348197,0.82,0.62,4,3,10,9,50.8,49.2,1,3,0,0,10,6
2024-04-20,U Craiova 1948,Din. Bucuresti,1,1,2.47,2.99,2.91,2.65,2.96,3.0,Liga I,,20240420_U-Craiova-1948_Din.-Bucuresti,3.4954448990699802,1.41,0.45,4,3,8,6,50.7,49.3,2,2,0,0,8,4
2024-04-21,Otelul,U. Cluj,1,0,2.68,2.65,3.03,2.68,2.67,3.31,Liga I,,20240421_Otelul_U.-Cluj,-13.631410615847017,1.1,0.55,5,2,13,4,51.4,48.6,2,5,0,0,7,2
2024-04-21,Sepsi Sf. Gheorghe,Univ. Craiova,1,3,2.49,3.12,2.79,2.61,3.12,2.9,Liga I,,20240421_Sepsi-Sf.-Gheorghe_Univ.-Craiova,-54.757851551155454,1.35,2.17,3,5,7,9,50.5,49.5,1,1,0,0,2,6
2024-04-22,Petrolul,UTA Arad,1,1,2.08,3.1,3.62,2.05,3.19,4.0,Liga I,,20240422_Petrolul_UTA-Arad,-30.892173046285734,1.55,0.86,5,4,11,8,52.3,47.7,4,1,0,0,5,6
2024-04-23,FC Botosani,Din. Bucuresti,2,1,2.62,2.83,2.9,2.82,2.85,2.92,Liga I,,20240423_FC-Botosani_Din.-Bucuresti,15.038069308022159,1.04,0.35,4,1,9,0,49.5,50.5,2,1,0,0,4,1
2024-04-23,FC Voluntari,U Craiova 1948,0,0,2.3,3.08,3.12,2.29,3.08,3.45,Liga I,,20240423_FC-Voluntari_U-Craiova-1948,29.875765602667343,0.49,0.89,2,3,6,8,49.1,50.9,0,2,0,0,6,10
2024-04-24,Farul Constanta,FC Rapid Bucuresti,3,1,2.56,3.27,2.61,2.61,3.38,2.7,Liga I,,20240424_Farul-Constanta_FC-Rapid-Bucuresti,38.602172658261225,1.6,2.29,6,5,13,11,54.4,45.6,0,2,0,0,4,8
2024-04-24,Sepsi Sf. Gheorghe,FCSB,2,2,3.38,3.37,2.05,3.5,3.46,2.1,Liga I,,20240424_Sepsi-Sf.-Gheorghe_FCSB,-178.47874856518501,1.02,0.21,3,2,8,5,38.3,61.7,1,2,0,0,6,3
2024-04-24,U. Cluj,Poli Iasi,1,0,1.7,3.45,4.93,1.69,3.6,5.4,Liga I,,20240424_U.-Cluj_Poli-Iasi,102.28885363579343,1.5,0.55,4,1,9,3,60.6,39.4,1,1,0,0,4,4
2024-04-25,FC Hermannstadt,Petrolul,2,0,2.1,2.95,3.79,2.09,2.98,4.22,Liga I,,20240425_FC-Hermannstadt_Petrolul,30.538803965752095,1.3,0.96,4,2,10,5,47.8,52.2,1,1,0,0,6,4
2024-04-25,UTA Arad,Otelul,3,1,2.62,2.85,2.89,2.8,2.8,2.98,Liga I,,20240425_UTA-Arad_Otelul,-10.197703103305912,2.15,0.73,5,3,11,6,52.1,47.9,2,3,0,0,5,3
2024-04-25,Univ. Craiova,CFR Cluj,0,1,2.47,3.35,2.64,2.53,3.43,2.75,Liga I,,20240425_Univ.-Craiova_CFR-Cluj,11.664268320021847,0.36,1.41,0,4,1,9,53.8,46.2,0,4,0,0,2,2
2024-04-26,Din. Bucuresti,FC Voluntari,1,1,2.02,3.03,3.86,2.1,3.06,4.04,Liga I,,20240426_Din.-Bucuresti_FC-Voluntari,-43.58135285468552,1.52,1.31,5,3,12,9,48.5,51.5,0,2,0,0,4,5
2024-04-27,FCSB,Farul Constanta,2,1,1.88,3.54,3.69,1.93,3.59,3.92,Liga I,,20240427_FCSB_Farul-Constanta,82.36882444621801,0.57,1.55,2,5,6,10,54.7,45.3,3,2,0,0,1,10
2024-04-27,U Craiova 1948,U. Cluj,3,2,2.64,3.01,2.66,2.75,3.05,2.79,Liga I,,20240427_U-Craiova-1948_U.-Cluj,-99.27336089926007,1.9,1.04,6,4,13,11,51.6,48.4,1,2,1,0,11,5
2024-04-28,CFR Cluj,Sepsi Sf. Gheorghe,2,1,1.61,4.03,4.65,1.67,4.13,4.69,Liga I,,20240428_CFR-Cluj_Sepsi-Sf.-Gheorghe,70.0708682238344,1.08,0.39,2,2,5,4,58.6,41.4,0,2,1,0,2,3
2024-04-28,Otelul,FC Hermannstadt,1,0,2.11,2.85,3.78,2.17,2.83,4.23,Liga I,,20240428_Otelul_FC-Hermannstadt,-14.877327866298629,0.68,0.52,2,0,3,1,50.3,49.7,1,3,0,0,7,3
2024-04-28,Poli Iasi,UTA Arad,0,2,2.04,3.39,3.33,2.09,3.43,3.57,Liga I,,20240428_Poli-Iasi_UTA-Arad,-124.3187212708101,0.19,1.14,0,5,0,11,45.9,54.1,0,3,0,0,3,8
2024-04-29,FC Rapid Bucuresti,Univ. Craiova,1,2,2.79,3.76,2.18,3.01,3.99,2.13,Liga I,,20240429_FC-Rapid-Bucuresti_Univ.-Craiova,-32.114134829874956,0.84,1.78,2,4,4,7,40.9,59.1,5,1,0,0,6,2
2024-04-29,Petrolul,FC Botosani,1,2,2.19,3.06,3.31,2.29,3.14,3.43,Liga I,,20240429_Petrolul_FC-Botosani,29.872241839218304,1.07,0.81,4,3,7,6,48.7,51.3,1,0,0,0,8,4
2024-05-03,Farul Constanta,Sepsi Sf. Gheorghe,1,4,1.69,3.76,4.4,1.68,3.83,4.49,Liga I,,20240503_Farul-Constanta_Sepsi-Sf.-Gheorghe,85.16702896838478,1.13,1.51,4,4,8,9,51.6,48.4,0,1,0,0,5,3
2024-05-04,FC Botosani,FC Voluntari,0,0,2.34,3.16,2.96,2.43,3.14,3.14,Liga I,,20240504_FC-Botosani_FC-Voluntari,8.945188646038332,1.38,0.63,6,2,14,6,58.2,41.8,3,0,0,0,16,5
2024-05-04,U. Cluj,Din. Bucuresti,3,3,2.04,3.04,3.81,2.07,3.15,3.99,Liga I,,20240504_U.-Cluj_Din.-Bucuresti,98.20180146039615,0.73,1.7,3,6,6,15,45.5,54.5,2,3,0,0,9,5
2024-05-05,CFR Cluj,FC Rapid Bucuresti,3,2,1.42,4.73,5.91,1.46,4.78,6.1,Liga I,,20240505_CFR-Cluj_FC-Rapid-Bucuresti,65.76139418756634,0.51,0.7,3,2,7,4,50.6,49.4,0,1,0,0,5,2
2024-05-05,Petrolul,Otelul,2,1,2.44,2.85,3.12,2.49,2.9,3.31,Liga I,,20240505_Petrolul_Otelul,-63.10009297962097,1.27,0.77,2,4,6,8,50.8,49.2,3,2,1,0,7,6
2024-05-06,FC Hermannstadt,Poli Iasi,0,1,1.78,3.41,4.38,1.79,3.49,4.78,Liga I,,20240506_FC-Hermannstadt_Poli-Iasi,120.05650328091178,1.22,1.4,2,4,4,9,56.6,43.4,2,4,0,0,3,6
2024-05-06,UTA Arad,U Craiova 1948,3,1,2.67,3.21,2.54,2.89,3.38,2.46,Liga I,,20240506_UTA-Arad_U-Craiova-1948,96.71387260122242,1.4,1.04,6,2,14,5,57.3,42.7,1,1,0,0,8,4
2024-05-06,Univ. Craiova,FCSB,2,0,2.12,3.42,3.13,2.19,3.48,3.28,Liga I,,20240506_Univ.-Craiova_FCSB,-108.51448178258352,1.73,0.35,5,0,11,0,46.0,54.0,0,2,0,0,8,1
2024-05-10,Sepsi Sf. Gheorghe,FC Rapid Bucuresti,3,2,2.11,3.63,3.05,2.1,3.8,3.2,Liga I,,20240510_Sepsi-Sf.-Gheorghe_FC-Rapid-Bucuresti,1.1057255063717548,0.88,1.44,4,4,10,9,44.6,55.4,2,1,0,0,5,6
2024-05-11,FCSB,CFR Cluj,0,1,2.43,3.64,2.56,2.41,3.83,2.67,Liga I,,20240511_FCSB_CFR-Cluj,71.26906892055445,1.04,0.34,2,1,5,2,54.6,45.4,2,0,0,0,3,2
2024-05-12,Din. Bucuresti,UTA Arad,2,0,1.51,4.27,5.37,1.49,4.43,5.77,Liga I,,20240512_Din.-Bucuresti_UTA-Arad,-131.75821394138893,0.58,1.14,3,4,9,10,51.2,48.8,0,2,0,0,3,5
2024-05-12,FC Voluntari,U. Cluj,0,1,2.65,3.11,2.61,2.81,3.04,2.67,Liga I,,20240512_FC-Voluntari_U.-Cluj,-54.00211981647931,0.46,1.48,1,4,1,10,52.3,47.7,1,4,0,0,4,5
2024-05-12,Otelul,FC Botosani,2,0,3.02,3.21,2.27,3.11,3.15,2.37,Liga I,,20240512_Otelul_FC-Botosani,53.06704108079839,1.89,0.96,7,4,15,8,53.3,46.7,0,0,0,0,11,6
2024-05-12,Poli Iasi,Petrolul,2,0,1.79,3.28,4.58,1.8,3.3,4.84,Liga I,,20240512_Poli-Iasi_Petrolul,-65.2728117648362,1.25,0.09,5,0,12,1,50.9,49.1,3,2,0,0,14,2
2024-05-12,U Craiova 1948,FC Hermannstadt,1,3,2.11,3.24,3.31,2.12,3.22,3.59,Liga I,,20240512_U-Craiova-1948_FC-Hermannstadt,-69.44485527243683,1.74,2.16,6,7,13,15,52.4,47.6,2,2,0,0,11,6
2024-05-13,Farul Constanta,Univ. Craiova,3,3,2.68,3.57,2.33,2.97,3.53,2.33,Liga I,,20240513_Farul-Constanta_Univ.-Craiova,-22.783452440753763,0.6,1.79,3,6,8,14,50.4,49.6,2,2,0,0,7,5
2024-05-17,FC Botosani,Mioveni,1,0,1.47,3.96,6.45,1.53,3.88,6.8,Liga I,,20240517_FC-Botosani_Mioveni,111.07771306991776,1.99,0.08,6,0,12,0,55.8,44.2,1,0,0,0,7,3
2024-05-18,CFR Cluj,Farul Constanta,5,1,1.38,4.7,7.07,1.4,4.41,7.73,Liga I,,20240518_CFR-Cluj_Farul-Constanta,42.40934854778175,2.16,0.73,6,2,12,3,52.3,47.7,1,0,0,0,3,3
2024-05-18,Univ. Craiova,Sepsi Sf. Gheorghe,3,2,1.48,4.58,5.32,1.48,4.59,5.68,Liga I,,20240518_Univ.-Craiova_Sepsi-Sf.-Gheorghe,65.43482715011919,1.77,2.19,5,6,11,14,52.5,47.5,0,0,0,0,2,7
2024-05-19,FC Rapid Bucuresti,FCSB,2,0,1.7,4.07,4.04,1.75,4.05,4.06,Liga I,,20240519_FC-Rapid-Bucuresti_FCSB,-154.07552565502124,0.76,0.79,2,2,5,5,47.8,52.2,4,1,0,1,1,1
2024-05-19,Otelul,U. Cluj,0,2,2.59,2.9,2.84,,,,Liga I,,20240519_Otelul_U.-Cluj,7.423876310731657,1.23,1.66,6,7,16,17,52.8,47.2,2,2,0,0,6,10
2024-05-20,Din. Bucuresti,Csikszereda M. Ciuc,2,0,1.23,5.28,11.54,1.24,5.81,12.47,Liga I,,20240520_Din.-Bucuresti_Csikszereda-M.-Ciuc,-46.34059719706261,2.01,0.25,5,0,12,0,52.7,47.3,1,1,0,0,7,1
2024-05-24,Mioveni,FC Botosani,0,1,3.83,3.15,1.97,4.21,3.13,2.02,Liga I,,20240524_Mioveni_FC-Botosani,-127.65589814308282,1.02,1.28,4,5,8,13,44.2,55.8,0,1,0,0,6,4
2024-05-26,Univ. Craiova,U. Cluj,2,1,1.93,3.27,3.88,1.94,3.35,4.2,Liga I,,20240526_Univ.-Craiova_U.-Cluj,111.26582322226614,1.37,0.89,6,3,13,5,58.5,41.5,1,0,0,0,8,3
2024-05-27,Csikszereda M. Ciuc,Din. Bucuresti,0,0,4.28,3.52,1.75,4.54,3.52,1.82,Liga I,,20240527_Csikszereda-M.-Ciuc_Din.-Bucuresti,19.158350472114535,1.35,0.48,3,3,10,8,50.9,49.1,1,0,0,0,4,5
2024-07-12,FC Hermannstadt,Univ. Craiova,0,0,2.92,3.02,2.46,3.02,3.07,2.55,Liga I,,20240712_FC-Hermannstadt_Univ.-Craiova,-136.91295528770343,1.06,0.05,3,1,7,3,41.9,58.1,2,0,0,0,4,2
2024-07-12,Farul Constanta,Unirea Slobozia,0,1,1.61,3.72,5.28,1.57,4.0,5.96,Liga I,,20240712_Farul-Constanta_Unirea-Slobozia,121.05949941177619,1.57,1.05,4,3,8,7,54.0,46.0,1,2,0,0,3,3
2024-07-13,FCSB,U. Cluj,1,1,1.49,3.94,6.47,1.51,4.04,6.87,Liga I,,20240713_FCSB_U.-Cluj,156.39593592478514,1.74,1.58,4,5,8,11,56.3,43.7,2,1,0,0,6,4
2024-07-13,Sepsi Sf. Gheorghe,Poli Iasi,1,0,1.68,3.65,4.73,1.71,3.74,4.9,Liga I,,20240713_Sepsi-Sf.-Gheorghe_Poli-Iasi,127.14524164078739,0.24,1.06,2,3,4,7,54.8,45.2,0,1,0,0,3,5
2024-07-13,UTA Arad,FC Rapid Bucuresti,1,1,3.5,3.28,2.05,3.7,3.36,2.07,Liga I,,20240713_UTA-Arad_FC-Rapid-Bucuresti,-26.619143097048436,0.18,1.73,1,4,1,9,47.1,52.9,3,0,1,1,0,3
2024-07-14,CFR Cluj,Din. Bucuresti,3,2,1.5,4.03,6.06,1.53,4.04,6.47,Liga I,,20240714_CFR-Cluj_Din.-Bucuresti,216.6422150918113,0.97,1.44,3,4,7,9,57.0,43.0,3,3,0,0,3,2
2024-07-15,FC Botosani,Otelul,2,3,2.4,2.86,3.18,2.48,2.89,3.34,Liga I,,20240715_FC-Botosani_Otelul,-45.104906669339016,1.45,2.04,5,7,11,14,45.6,54.4,2,1,0,0,4,8
2024-07-15,Petrolul,Gloria Buzau,0,0,2.05,3.08,3.8,2.07,3.08,4.11,Liga I,,20240715_Petrolul_Gloria-Buzau,1.3825844505063287,0.94,0.98,3,3,8,6,57.5,42.5,0,1,0,0,5,6
2024-07-19,Poli Iasi,FC Botosani,1,0,2.35,2.94,3.21,2.36,2.93,3.5,Liga I,,20240719_Poli-Iasi_FC-Botosani,-35.996897174215974,1.11,0.3,4,0,9,1,48.5,51.5,1,0,0,0,1,4
2024-07-19,Unirea Slobozia,FCSB,2,2,6.75,4.36,1.42,7.62,4.69,1.4,Liga I,,20240719_Unirea-Slobozia_FCSB,-178.34297552066664,1.5,1.94,3,7,5,15,34.7,65.3,2,1,1,1,2,10
2024-07-20,FC Rapid Bucuresti,CFR Cluj,2,2,2.5,3.26,2.68,2.56,3.34,2.78,Liga I,,20240720_FC-Rapid-Bucuresti_CFR-Cluj,-111.48044527703041,2.12,0.81,6,2,14,4,47.7,52.3,2,4,0,0,7,0
2024-07-20,Univ. Craiova,UTA Arad,4,2,1.57,3.87,5.42,1.59,3.97,5.73,Liga I,,20240720_Univ.-Craiova_UTA-Arad,112.7187603315981,1.16,1.55,4,5,10,11,50.8,49.2,2,0,0,0,5,5
2024-07-21,Din. Bucuresti,Petrolul,4,1,2.03,3.1,3.79,2.07,3.14,4.0,Liga I,,20240721_Din.-Bucuresti_Petrolul,-24.68127641334786,2.41,1.41,8,3,16,7,42.3,57.7,0,2,0,0,11,2
2024-07-21,U. Cluj,FC Hermannstadt,3,1,2.02,2.96,4.1,2.02,3.01,4.47,Liga I,,20240721_U.-Cluj_FC-Hermannstadt,9.646567642635091,1.82,1.12,6,5,13,12,54.6,45.4,2,2,0,0,7,1
2024-07-22,Gloria Buzau,Sepsi Sf. Gheorghe,1,2,4.05,3.45,1.85,4.29,3.53,1.87,Liga I,,20240722_Gloria-Buzau_Sepsi-Sf.-Gheorghe,-99.45847303967366,0.4,0.64,2,2,4,6,47.0,53.0,0,4,0,0,2,5
2024-07-22,Otelul,Farul Constanta,0,0,2.67,3.08,2.63,2.73,3.14,2.74,Liga I,,20240722_Otelul_Farul-Constanta,-60.363347164446395,0.92,0.77,2,3,1,8,45.2,54.8,0,1,0,0,3,7
2024-07-26,FC Hermannstadt,Unirea Slobozia,1,1,2.18,2.99,3.51,2.21,3.04,3.72,Liga I,,20240726_FC-Hermannstadt_Unirea-Slobozia,5.091713673668664,0.18,1.66,2,4,5,9,51.0,49.0,1,0,0,0,3,7
2024-07-26,FCSB,Otelul,0,2,1.81,3.38,4.34,1.83,3.44,4.61,Liga I,,20240726_FCSB_Otelul,141.9521438880456,0.36,0.8,3,4,6,10,51.2,48.8,1,1,0,0,6,7
2024-07-27,Poli Iasi,Gloria Buzau,1,2,1.96,3.2,3.91,1.99,3.22,4.21,Liga I,,20240727_Poli-Iasi_Gloria-Buzau,-21.38149432441196,0.81,1.66,1,5,3,10,49.5,50.5,0,1,0,1,3,9
2024-07-27,Sepsi Sf. Gheorghe,Din. Bucuresti,1,1,1.87,3.46,3.93,1.93,3.47,4.04,Liga I,,20240727_Sepsi-Sf.-Gheorghe_Din.-Bucuresti,118.65732351037764,0.56,1.13,3,3,7,7,52.9,47.1,1,1,0,0,3,1
2024-07-28,CFR Cluj,Univ. Craiova,0,2,2.01,3.52,3.38,2.02,3.57,3.6,Liga I,,20240728_CFR-Cluj_Univ.-Craiova,11.584241392913782,0.94,2.51,4,8,9,18,52.6,47.4,1,2,0,0,6,8
2024-07-28,Farul Constanta,FC Botosani,0,1,1.56,3.93,5.41,1.58,4.03,5.76,Liga I,,20240728_Farul-Constanta_FC-Botosani,137.54461449263022,1.1,0.88,3,3,6,7,56.5,43.5,2,0,0,0,5,5
2024-07-29,Petrolul,FC Rapid Bucuresti,1,0,3.92,3.17,1.97,4.15,3.13,2.04,Liga I,,20240729_Petrolul_FC-Rapid-Bucuresti,-107.76878785847202,0.05,0.05,1,1,2,1,49.7,50.3,1,1,0,0,6,3
2024-07-29,UTA Arad,U. Cluj,0,0,2.62,3.18,2.62,2.67,3.28,2.7,Liga I,,20240729_UTA-Arad_U.-Cluj,-14.353854372372098,1.99,0.96,7,2,14,4,57.5,42.5,2,3,0,0,10,2
2024-08-02,Din. Bucuresti,Gloria Buzau,4,1,1.68,3.64,4.76,1.68,3.72,5.19,Liga I,,20240802_Din.-Bucuresti_Gloria-Buzau,-9.203884651433782,1.92,0.69,7,3,15,6,52.6,47.4,0,1,0,0,5,4
2024-08-02,Otelul,FC Hermannstadt,1,0,1.83,3.28,4.44,1.83,3.29,4.93,Liga I,,20240802_Otelul_FC-Hermannstadt,36.781544041708685,0.26,0.41,2,1,5,1,50.5,49.5,2,0,0,0,3,2
2024-08-03,Farul Constanta,Poli Iasi,2,0,1.63,3.84,4.93,1.65,3.92,5.2,Liga I,,20240803_Farul-Constanta_Poli-Iasi,141.80916119196127,1.37,1.64,4,4,9,9,54.3,45.7,1,1,0,0,7,8
2024-08-04,CFR Cluj,U. Cluj,2,3,2.5,3.39,2.62,2.5,3.57,2.71,Liga I,,20240804_CFR-Cluj_U.-Cluj,114.52048921845108,1.19,1.01,5,4,9,8,50.4,49.6,1,1,0,0,1,3
2024-08-04,Univ. Craiova,Petrolul,0,0,1.49,4.19,5.98,1.5,4.16,6.67,Liga I,,20240804_Univ.-Craiova_Petrolul,197.0107354783986,0.74,0.65,4,4,8,10,61.9,38.1,2,0,0,0,5,8
2024-08-05,FC Rapid Bucuresti,Sepsi Sf. Gheorghe,2,2,1.9,3.47,3.81,1.92,3.6,3.96,Liga I,,20240805_FC-Rapid-Bucuresti_Sepsi-Sf.-Gheorghe,-23.57052849636193,1.2,1.52,4,5,7,11,49.4,50.6,1,2,0,0,4,11
2024-08-05,Unirea Slobozia,UTA Arad,0,1,2.63,3.04,2.72,2.76,3.09,2.75,Liga I,,20240805_Unirea-Slobozia_UTA-Arad,-24.03787056501278,0.84,0.05,3,1,6,2,58.2,41.8,1,2,0,0,2,1
2024-08-09,FCSB,Farul Constanta,3,2,2.17,3.4,3.08,2.27,3.51,3.11,Liga I,,20240809_FCSB_Farul-Constanta,78.22996814969497,1.6,0.7,5,2,8,6,52.6,47.4,1,2,0,0,3,4
2024-08-10,FC Hermannstadt,FC Botosani,2,1,2.1,2.98,3.79,2.13,2.98,4.11,Liga I,,20240810_FC-Hermannstadt_FC-Botosani,33.92371801989566,1.81,1.16,4,5,10,8,48.8,51.2,3,1,1,0,4,5
2024-08-10,Gloria Buzau,FC Rapid Bucuresti,1,1,3.92,3.49,1.87,4.09,3.64,1.88,Liga I,,20240810_Gloria-Buzau_FC-Rapid-Bucuresti,-91.1214992690218,1.67,1.03,7,3,17,7,48.7,51.3,1,1,0,0,14,1
2024-08-10,UTA Arad,Otelul,1,1,2.61,2.96,2.8,2.7,2.93,2.97,Liga I,,20240810_UTA-Arad_Otelul,-17.046940939495244,1.11,1.11,4,4,9,8,46.1,53.9,2,1,1,0,7,4
2024-08-11,CFR Cluj,Unirea Slobozia,3,0,1.55,3.86,5.59,1.54,4.11,6.22,Liga I,,20240811_CFR-Cluj_Unirea-Slobozia,147.27421898504167,1.79,0.87,7,3,16,5,52.8,47.2,1,3,0,0,6,3
2024-08-11,Sepsi Sf. Gheorghe,Univ. Craiova,1,2,2.56,3.29,2.59,2.61,3.38,2.71,Liga I,,20240811_Sepsi-Sf.-Gheorghe_Univ.-Craiova,-91.54055898985052,0.67,1.02,2,5,5,11,40.3,59.7,2,2,0,0,2,5
2024-08-12,Petrolul,U. Cluj,0,0,2.98,2.93,2.48,3.12,2.98,2.55,Liga I,,20240812_Petrolul_U.-Cluj,-78.93447892767904,0.05,0.64,0,1,1,2,44.2,55.8,1,0,0,0,2,1
2024-08-12,Poli Iasi,Din. Bucuresti,2,2,2.94,3.04,2.44,3.1,2.99,2.57,Liga I,,20240812_Poli-Iasi_Din.-Bucuresti,-54.37740014354972,1.87,1.01,6,3,14,8,47.8,52.2,3,2,0,0,8,2
2024-08-16,Unirea Slobozia,Petrolul,1,2,2.7,2.73,2.94,2.92,2.68,3.01,Liga I,,20240816_Unirea-Slobozia_Petrolul,4.666602965740367,1.56,0.05,5,2,11,3,53.8,46.2,1,1,0,0,7,2
2024-08-16,Univ. Craiova,Gloria Buzau,5,1,1.33,5.01,7.72,1.35,5.29,8.07,Liga I,,20240816_Univ.-Craiova_Gloria-Buzau,210.43937524059174,1.68,0.31,8,2,17,5,58.5,41.5,0,1,0,1,10,6
2024-08-17,FC Botosani,UTA Arad,1,0,2.35,3.06,3.09,2.48,2.98,3.25,Liga I,,20240817_FC-Botosani_UTA-Arad,-86.54732576833794,1.47,0.48,3,1,7,3,52.8,47.2,2,0,0,0,4,1
2024-08-17,FCSB,Poli Iasi,0,1,1.42,4.49,6.6,1.43,4.79,7.0,Liga I,,20240817_FCSB_Poli-Iasi,242.2331612848484,0.95,1.36,3,5,9,10,55.3,44.7,1,2,0,0,4,4
2024-08-18,FC Rapid Bucuresti,Din. Bucuresti,1,1,1.79,3.55,4.18,1.83,3.68,4.28,Liga I,,20240818_FC-Rapid-Bucuresti_Din.-Bucuresti,74.47569690867385,1.56,0.98,4,3,9,6,59.2,40.8,4,1,0,0,8,5
2024-08-19,Farul Constanta,FC Hermannstadt,3,2,1.74,3.51,4.54,1.79,3.51,4.86,Liga I,,20240819_Farul-Constanta_FC-Hermannstadt,57.769031927790365,1.59,1.67,5,5,10,10,50.7,49.3,2,3,0,0,3,4
2024-08-19,U. Cluj,Sepsi Sf. Gheorghe,3,0,2.23,3.08,3.28,2.3,3.09,3.46,Liga I,,20240819_U.-Cluj_Sepsi-Sf.-Gheorghe,-7.990138929870909,1.11,1.24,3,5,8,10,47.4,52.6,5,4,0,0,5,6
2024-08-23,Petrolul,Otelul,0,0,2.61,2.73,3.05,2.56,2.73,3.43,Liga I,,20240823_Petrolul_Otelul,-62.54168159425694,1.06,0.44,2,2,4,6,54.0,46.0,1,3,0,0,1,2
2024-08-23,Poli Iasi,FC Rapid Bucuresti,1,2,3.81,3.5,1.89,3.96,3.62,1.92,Liga I,,20240823_Poli-Iasi_FC-Rapid-Bucuresti,-103.36252706992082,0.49,1.21,1,4,4,10,50.7,49.3,1,0,0,0,2,2
2024-08-24,Din. Bucuresti,Univ. Craiova,2,1,3.02,3.3,2.26,3.2,3.29,2.32,Liga I,,20240824_Din.-Bucuresti_Univ.-Craiova,-202.9208935035988,0.97,1.94,3,5,6,10,42.2,57.8,2,2,0,0,3,4
2024-08-24,Sepsi Sf. Gheorghe,Unirea Slobozia,0,1,1.51,4.05,5.85,1.51,4.21,6.53,Liga I,,20240824_Sepsi-Sf.-Gheorghe_Unirea-Slobozia,76.78257898651577,0.05,0.96,1,3,0,7,54.2,45.8,4,2,0,0,1,4
2024-08-25,CFR Cluj,FC Botosani,3,0,1.8,3.64,4.04,1.82,3.73,4.27,Liga I,,20240825_CFR-Cluj_FC-Botosani,179.1218701790915,2.05,0.05,6,1,14,0,60.1,39.9,2,0,0,0,8,0
2024-08-25,FC Hermannstadt,FCSB,2,0,3.68,3.21,2.02,3.97,3.26,2.04,Liga I,,20240825_FC-Hermannstadt_FCSB,-145.47641607120113,1.62,1.57,6,5,12,10,46.6,53.4,3,1,0,0,4,9
2024-08-26,Gloria Buzau,U. Cluj,0,2,4.71,3.48,1.74,5.03,3.59,1.75,Liga I,,20240826_Gloria-Buzau_U.-Cluj,-110.87256663825201,0.49,1.11,2,3,5,7,39.7,60.3,1,4,0,0,2,6
2024-08-26,UTA Arad,Farul Constanta,1,1,2.83,3.16,2.47,2.91,3.14,2.6,Liga I,,20240826_UTA-Arad_Farul-Constanta,-51.76129609800046,1.68,1.22,5,4,10,10,46.4,53.6,1,1,0,0,9,4
2024-08-30,Otelul,Sepsi Sf. Gheorghe,2,0,2.52,2.94,2.92,2.63,2.98,2.99,Liga I,,20240830_Otelul_Sepsi-Sf.-Gheorghe,17.88738692987181,2.05,0.4,6,2,13,5,52.0,48.0,2,4,0,0,7,4
2024-08-31,FC Hermannstadt,Poli Iasi,6,2,2.12,3.15,3.46,2.21,3.12,3.62,Liga I,,20240831_FC-Hermannstadt_Poli-Iasi,83.57647275877139,1.42,1.43,6,4,14,10,52.9,47.1,0,0,0,0,10,5
2024-08-31,Univ. Craiova,FC Rapid Bucuresti,1,1,2.06,3.46,3.28,2.12,3.48,3.46,Liga I,,20240831_Univ.-Craiova_FC-Rapid-Bucuresti,106.67344900084595,1.15,0.75,3,2,5,6,56.9,43.1,1,2,0,0,3,2
2024-09-01,FC Botosani,Petrolul,0,2,2.62,2.87,2.85,2.71,2.91,3.0,Liga I,,20240901_FC-Botosani_Petrolul,-33.3930049112987,0.76,1.72,3,5,6,11,48.4,51.6,1,2,0,0,7,7
2024-09-01,FCSB,UTA Arad,2,0,1.46,4.31,6.12,1.47,4.49,6.6,Liga I,,20240901_FCSB_UTA-Arad,100.89802346477495,1.83,0.6,6,2,12,3,54.5,45.5,2,1,0,0,7,1
2024-09-01,Farul Constanta,CFR Cluj,0,3,2.48,3.33,2.66,2.55,3.48,2.71,Liga I,,20240901_Farul-Constanta_CFR-Cluj,-78.75458447007054,0.55,1.77,3,5,4,9,45.0,55.0,0,5,0,0,8,6
2024-09-02,U. Cluj,Din. Bucuresti,1,0,1.76,3.31,4.75,1.8,3.33,5.14,Liga I,,20240902_U.-Cluj_Din.-Bucuresti,82.3284442679601,1.89,1.13,5,5,12,11,50.4,49.6,1,1,0,0,5,8
2024-09-02,Unirea Slobozia,Gloria Buzau,2,1,2.02,2.91,4.14,2.07,2.94,4.42,Liga I,,20240902_Unirea-Slobozia_Gloria-Buzau,40.43341538497816,0.51,1.73,2,4,7,9,54.2,45.8,2,4,0,0,2,6
2024-09-13,Din. Bucuresti,Unirea Slobozia,1,0,2.0,3.1,3.94,2.16,3.04,3.88,Liga I,,20240913_Din.-Bucuresti_Unirea-Slobozia,-15.116568667265028,1.2,1.74,5,5,10,10,45.8,54.2,1,0,0,0,7,4
2024-09-13,Sepsi Sf. Gheorghe,FC Botosani,3,0,1.5,3.96,6.18,1.51,4.12,6.86,Liga I,,20240913_Sepsi-Sf.-Gheorghe_FC-Botosani,73.2405876153739,1.21,1.42,5,5,11,14,58.5,41.5,5,2,0,0,4,6
2024-09-14,Gloria Buzau,Otelul,0,0,3.68,3.09,2.07,3.93,3.09,2.12,Liga I,,20240914_Gloria-Buzau_Otelul,-127.8766097850571,0.28,0.22,2,0,7,1,42.0,58.0,3,4,0,0,3,1
2024-09-14,Petrolul,Farul Constanta,1,1,2.67,2.93,2.76,2.77,2.98,2.85,Liga I,,20240914_Petrolul_Farul-Constanta,-59.416259368557576,1.88,0.71,6,2,13,6,48.7,51.3,1,0,0,0,9,0
2024-09-15,CFR Cluj,FCSB,2,2,2.0,3.42,3.49,2.05,3.49,3.63,Liga I,,20240915_CFR-Cluj_FCSB,26.784218091456523,1.18,1.46,5,4,11,7,49.9,50.1,4,1,1,0,4,5
2024-09-15,Poli Iasi,Univ. Craiova,2,0,3.92,3.8,1.79,4.08,3.98,1.81,Liga I,,20240915_Poli-Iasi_Univ.-Craiova,-232.69438123021223,1.4,0.97,4,3,11,8,38.8,61.2,1,0,0,0,7,11
2024-09-16,FC Rapid Bucuresti,U. Cluj,0,2,2.12,3.0,3.67,2.2,2.95,3.9,Liga I,,20240916_FC-Rapid-Bucuresti_U.-Cluj,-28.331250636427967,0.42,1.57,0,5,0,9,47.2,52.8,3,2,0,0,2,5
2024-09-16,UTA Arad,FC Hermannstadt,1,1,2.47,3.07,2.88,2.54,3.09,3.03,Liga I,,20240916_UTA-Arad_FC-Hermannstadt,-6.699607533910921,0.98,1.69,2,5,5,12,54.1,45.9,1,1,0,0,3,6
2024-09-20,FC Botosani,Gloria Buzau,3,3,1.86,3.3,4.24,1.88,3.32,4.63,Liga I,,20240920_FC-Botosani_Gloria-Buzau,0.24847768378594992,1.21,1.95,3,4,5,8,53.0,47.0,0,4,0,0,4,7
2024-09-20,Otelul,Din. Bucuresti,1,1,2.14,2.83,3.84,2.13,2.87,4.33,Liga I,,20240920_Otelul_Din.-Bucuresti,64.59097687402596,0.54,1.25,1,4,4,8,46.6,53.4,1,4,0,0,3,6
2024-09-21,FC Hermannstadt,CFR Cluj,0,0,3.8,3.27,1.96,3.97,3.27,2.03,Liga I,,20240921_FC-Hermannstadt_CFR-Cluj,-137.51049191300172,1.07,0.92,4,2,8,4,49.1,50.9,0,1,0,0,4,4
2024-09-21,FCSB,Petrolul,1,1,1.45,4.1,6.84,1.5,4.05,7.23,Liga I,,20240921_FCSB_Petrolul,128.9286251328249,1.37,1.59,5,6,10,13,51.3,48.7,0,3,0,0,6,6
2024-09-22,Farul Constanta,Sepsi Sf. Gheorghe,2,1,2.3,3.39,2.87,2.38,3.44,2.96,Liga I,,20240922_Farul-Constanta_Sepsi-Sf.-Gheorghe,29.729479595187513,2.32,0.96,8,3,18,6,50.9,49.1,0,2,0,0,8,3
2024-09-22,U. Cluj,Univ. Craiova,1,1,2.75,3.05,2.57,2.93,3.0,2.68,Liga I,,20240922_U.-Cluj_Univ.-Craiova,-41.15518527244035,1.09,0.05,3,1,4,1,48.5,51.5,1,4,0,0,5,3
2024-09-23,UTA Arad,Poli Iasi,0,0,2.11,3.17,3.44,2.15,3.26,3.61,Liga I,,20240923_UTA-Arad_Poli-Iasi,76.42604227940251,1.6,1.51,5,4,10,8,49.6,50.4,0,3,0,0,5,5
2024-09-23,Unirea Slobozia,FC Rapid Bucuresti,1,2,4.08,3.3,1.88,4.17,3.26,1.98,Liga I,,20240923_Unirea-Slobozia_FC-Rapid-Bucuresti,-58.79582503725965,0.66,1.34,2,3,3,7,44.7,55.3,3,2,0,0,6,3
2024-09-27,Din. Bucuresti,FC Botosani,2,2,1.88,3.23,4.23,1.88,3.34,4.54,Liga I,,20240927_Din.-Bucuresti_FC-Botosani,56.79626447528972,0.77,0.88,2,2,3,4,54.0,46.0,2,1,0,0,3,2
2024-09-27,Petrolul,FC Hermannstadt,4,1,2.25,2.88,3.47,2.29,2.88,3.78,Liga I,,20240927_Petrolul_FC-Hermannstadt,-16.61258106815444,0.6,1.32,4,4,8,11,58.2,41.8,0,2,0,0,5,9
2024-09-28,CFR Cluj,UTA Arad,1,3,1.39,4.49,7.45,1.39,4.7,8.28,Liga I,,20240928_CFR-Cluj_UTA-Arad,141.8291979851283,2.25,2.08,7,7,14,16,55.1,44.9,2,1,0,0,3,7
2024-09-28,FC Rapid Bucuresti,Otelul,0,0,1.84,3.32,4.29,1.86,3.34,4.69,Liga I,,20240928_FC-Rapid-Bucuresti_Otelul,-3.5281676618287747,0.21,1.2,0,5,0,12,58.3,41.7,2,1,0,0,4,5
2024-09-28,Poli Iasi,U. Cluj,1,0,3.32,3.12,2.18,3.48,3.19,2.24,Liga I,,20240928_Poli-Iasi_U.-Cluj,-152.3205974823909,1.37,0.27,5,1,10,2,42.8,57.2,0,1,0,0,5,3
2024-09-29,Gloria Buzau,Farul Constanta,1,0,2.97,3.33,2.26,3.01,3.46,2.34,Liga I,,20240929_Gloria-Buzau_Farul-Constanta,-133.1999941242675,0.57,0.34,1,1,2,2,41.0,59.0,1,2,1,0,1,7
2024-09-29,Sepsi Sf. Gheorghe,FCSB,0,1,3.05,3.26,2.25,3.22,3.3,2.3,Liga I,,20240929_Sepsi-Sf.-Gheorghe_FCSB,-110.02300589229867,0.05,1.4,0,6,0,13,43.8,56.2,0,2,0,0,3,5
2024-09-30,Univ. Craiova,Unirea Slobozia,3,0,1.32,4.96,8.41,1.33,5.21,9.43,Liga I,,20240930_Univ.-Craiova_Unirea-Slobozia,158.9031252895884,0.59,0.57,3,2,6,0,59.2,40.8,1,0,0,0,10,4
2024-10-04,Farul Constanta,Din. Bucuresti,1,1,1.91,3.29,3.97,1.93,3.34,4.3,Liga I,,20241004_Farul-Constanta_Din.-Bucuresti,61.729125719198464,1.69,1.39,6,3,14,6,52.7,47.3,0,1,0,0,11,3
2024-10-04,UTA Arad,Petrolul,3,1,2.43,3.03,2.98,2.55,2.97,3.14,Liga I,,20241004_UTA-Arad_Petrolul,7.331906861132893,0.51,1.26,3,5,7,12,50.9,49.1,0,1,0,0,7,9
2024-10-05,CFR Cluj,Poli Iasi,2,1,1.38,4.53,7.41,1.4,4.71,8.03,Liga I,,20241005_CFR-Cluj_Poli-Iasi,179.46800954683272,1.19,0.43,2,3,5,8,57.6,42.4,2,3,0,1,1,6
2024-10-05,Otelul,Univ. Craiova,1,1,3.39,2.91,2.28,3.56,2.93,2.35,Liga I,,20241005_Otelul_Univ.-Craiova,-83.58896600952335,0.53,1.01,2,2,7,4,51.1,48.9,3,2,0,0,6,3
2024-10-05,Unirea Slobozia,U. Cluj,2,2,3.85,2.95,2.07,4.18,2.97,2.11,Liga I,,20241005_Unirea-Slobozia_U.-Cluj,-110.49450973763692,1.76,2.32,5,8,9,17,44.8,55.2,1,1,0,0,6,10
2024-10-06,FC Botosani,FC Rapid Bucuresti,2,0,3.1,3.21,2.25,3.18,3.27,2.33,Liga I,,20241006_FC-Botosani_FC-Rapid-Bucuresti,-111.62545886998623,1.23,1.17,7,1,16,3,47.4,52.6,2,1,0,0,9,5
2024-10-06,FC Hermannstadt,Sepsi Sf. Gheorghe,0,4,2.7,2.95,2.7,2.83,2.95,2.82,Liga I,,20241006_FC-Hermannstadt_Sepsi-Sf.-Gheorghe,1.9742874007331466,1.35,1.94,4,7,9,14,51.1,48.9,1,0,0,0,5,4
2024-10-06,FCSB,Gloria Buzau,3,2,1.33,4.92,8.26,1.33,5.15,9.19,Liga I,,20241006_FCSB_Gloria-Buzau,183.47655599028758,1.46,1.61,7,6,16,12,61.5,38.5,1,1,0,0,2,11
2024-10-18,Gloria Buzau,FC Hermannstadt,3,0,2.77,2.93,2.66,2.85,2.94,2.81,Liga I,,20241018_Gloria-Buzau_FC-Hermannstadt,-52.908494615605605,1.62,0.7,6,3,12,5,45.7,54.3,1,1,0,0,7,2
2024-10-18,U. Cluj,Otelul,2,0,2.25,2.66,3.88,2.3,2.71,4.1,Liga I,,20241018_U.-Cluj_Otelul,14.925373708248571,0.72,0.24,2,1,3,4,55.7,44.3,0,3,0,0,2,2
2024-10-19,Petrolul,CFR Cluj,0,0,3.16,2.96,2.37,3.35,2.96,2.43,Liga I,,20241019_Petrolul_CFR-Cluj,-133.92051823328825,0.38,0.89,2,4,5,10,40.0,60.0,1,3,0,0,3,4
2024-10-19,Sepsi Sf. Gheorghe,UTA Arad,1,0,1.67,3.64,4.88,1.68,3.72,5.3,Liga I,,20241019_Sepsi-Sf.-Gheorghe_UTA-Arad,-17.518909656859705,0.82,1.25,4,6,10,14,59.0,41.0,1,2,0,0,4,8
2024-10-20,Din. Bucuresti,FCSB,0,2,3.97,3.34,1.89,4.24,3.4,1.93,Liga I,,20241020_Din.-Bucuresti_FCSB,-148.86412450573266,1.41,1.33,5,4,11,10,37.1,62.9,2,2,0,1,5,8
2024-10-20,Univ. Craiova,FC Botosani,0,0,1.34,4.81,7.96,1.36,5.08,8.44,Liga I,,20241020_Univ.-Craiova_FC-Botosani,179.938258230163,1.24,0.97,3,2,8,3,51.4,48.6,2,1,0,0,5,4
2024-10-21,FC Rapid Bucuresti,Farul Constanta,5,0,1.84,3.37,4.21,1.85,3.42,4.6,Liga I,,20241021_FC-Rapid-Bucuresti_Farul-Constanta,-16.62927738542544,1.56,0.47,7,2,16,5,53.5,46.5,2,3,0,0,6,3
2024-10-21,Poli Iasi,Unirea Slobozia,1,0,2.0,3.06,3.98,2.04,3.09,4.24,Liga I,,20241021_Poli-Iasi_Unirea-Slobozia,-17.922476645148663,1.49,0.75,6,2,14,4,45.7,54.3,0,1,0,0,11,1
2024-10-25,CFR Cluj,Sepsi Sf. Gheorghe,3,3,2.0,3.19,3.78,2.03,3.22,4.06,Liga I,,20241025_CFR-Cluj_Sepsi-Sf.-Gheorghe,103.60012946829215,1.99,1.87,5,7,11,16,59.8,40.2,1,2,0,0,8,6
2024-10-26,FC Hermannstadt,Din. Bucuresti,0,2,2.72,2.95,2.69,2.85,2.98,2.77,Liga I,,20241026_FC-Hermannstadt_Din.-Bucuresti,-0.7517555367476234,0.6,0.73,2,2,4,4,54.9,45.1,1,0,1,0,7,0
2024-10-26,Petrolul,Poli Iasi,3,1,1.98,3.0,4.16,2.03,3.01,4.46,Liga I,,20241026_Petrolul_Poli-Iasi,49.93743832110658,1.66,1.07,6,2,12,3,50.9,49.1,3,0,1,0,10,3
2024-10-26,UTA Arad,Gloria Buzau,1,0,1.86,3.35,4.12,1.91,3.4,4.31,Liga I,,20241026_UTA-Arad_Gloria-Buzau,66.17152626433926,1.02,0.05,3,0,6,2,50.2,49.8,2,3,0,0,6,2
2024-10-27,FCSB,FC Rapid Bucuresti,0,0,1.78,3.61,4.16,1.82,3.68,4.37,Liga I,,20241027_FCSB_FC-Rapid-Bucuresti,102.56169150870005,0.72,0.7,3,2,6,4,48.5,51.5,2,3,0,0,5,2
2024-10-27,Otelul,Unirea Slobozia,0,2,1.77,3.13,5.24,1.78,3.18,5.76,Liga I,,20241027_Otelul_Unirea-Slobozia,89.31743283234846,1.09,0.05,2,2,4,3,50.6,49.4,1,1,0,0,2,1
2024-10-28,FC Botosani,U. Cluj,1,2,3.61,2.99,2.14,3.81,3.02,2.2,Liga I,,20241028_FC-Botosani_U.-Cluj,-122.71174510686046,0.38,1.63,2,6,5,14,33.1,66.9,4,3,0,0,4,6
2024-10-28,Farul Constanta,Univ. Craiova,3,2,3.12,3.36,2.16,3.4,3.45,2.15,Liga I,,20241028_Farul-Constanta_Univ.-Craiova,-90.00048769886803,2.47,1.72,7,6,16,12,49.4,50.6,0,4,0,1,11,1
2024-11-01,Gloria Buzau,CFR Cluj,0,1,5.56,3.84,1.58,5.37,3.71,1.68,Liga I,,20241101_Gloria-Buzau_CFR-Cluj,-183.72782991491613,1.54,0.92,6,2,14,6,52.3,47.7,3,0,0,0,5,6
2024-11-02,Din. Bucuresti,UTA Arad,1,0,1.94,3.23,3.96,1.96,3.26,4.27,Liga I,,20241102_Din.-Bucuresti_UTA-Arad,-37.905793848907706,1.53,0.29,6,0,13,0,44.0,56.0,3,2,0,0,11,4
2024-11-02,Sepsi Sf. Gheorghe,Petrolul,1,1,2.12,2.99,3.66,2.22,2.9,3.94,Liga I,,20241102_Sepsi-Sf.-Gheorghe_Petrolul,14.690763247441282,1.38,1.34,4,4,12,9,53.1,46.9,0,3,0,0,1,4
2024-11-03,Poli Iasi,Otelul,2,1,2.84,2.77,2.71,2.99,2.81,2.81,Liga I,,20241103_Poli-Iasi_Otelul,-77.2712617984264,0.17,1.01,2,2,3,7,45.3,54.7,2,0,0,0,4,5
2024-11-03,U. Cluj,Farul Constanta,1,1,1.6,3.66,5.52,1.6,3.83,5.98,Liga I,,20241103_U.-Cluj_Farul-Constanta,37.08866801965701,1.28,0.36,3,1,6,1,48.0,52.0,4,2,0,0,3,5
2024-11-03,Univ. Craiova,FCSB,1,1,2.38,3.4,2.73,2.47,3.41,2.85,Liga I,,20241103_Univ.-Craiova_FCSB,-32.677628496845955,1.56,1.1,6,4,16,9,51.6,48.4,3,1,0,0,11,3
2024-11-04,FC Rapid Bucuresti,FC Hermannstadt,1,0,1.51,3.89,6.42,1.53,3.89,7.07,Liga I,,20241104_FC-Rapid-Bucuresti_FC-Hermannstadt,76.77423650101673,1.24,0.05,5,1,11,3,55.2,44.8,1,2,0,0,6,4
2024-11-04,Unirea Slobozia,FC Botosani,1,0,2.2,3.0,3.44,2.23,3.07,3.64,Liga I,,20241104_Unirea-Slobozia_FC-Botosani,18.44757046259656,1.92,0.65,8,1,17,3,52.2,47.8,2,0,0,0,10,4
2024-11-08,Din. Bucuresti,CFR Cluj,1,1,3.31,2.96,2.29,3.32,2.95,2.45,Liga I,,20241108_Din.-Bucuresti_CFR-Cluj,-128.86087419985438,1.73,1.22,4,3,10,6,36.2,63.8,1,0,0,0,8,1
2024-11-08,Otelul,FC Botosani,0,0,1.83,3.13,4.73,1.88,3.09,5.15,Liga I,,20241108_Otelul_FC-Botosani,74.46532891473635,1.17,0.58,3,3,6,7,54.2,45.8,4,1,0,0,6,6
2024-11-09,FC Rapid Bucuresti,UTA Arad,2,0,1.63,3.64,5.25,1.65,3.73,5.7,Liga I,,20241109_FC-Rapid-Bucuresti_UTA-Arad,36.86331156823803,1.1,2.09,3,7,7,15,49.4,50.6,0,3,0,0,3,7
2024-11-09,Poli Iasi,Sepsi Sf. Gheorghe,1,2,2.69,2.9,2.77,2.85,2.8,2.94,Liga I,,20241109_Poli-Iasi_Sepsi-Sf.-Gheorghe,-70.0694020667579,1.51,0.76,4,3,8,8,45.1,54.9,4,2,0,0,7,4
2024-11-09,Univ. Craiova,FC Hermannstadt,3,1,1.44,4.21,6.85,1.48,4.07,7.64,Liga I,,20241109_Univ.-Craiova_FC-Hermannstadt,150.28842375369913,2.05,0.89,4,2,9,5,48.4,51.6,1,1,0,0,6,3
2024-11-10,U. Cluj,FCSB,1,2,3.13,2.79,2.51,3.37,2.76,2.58,Liga I,,20241110_U.-Cluj_FCSB,-55.65868514945828,0.39,0.91,2,4,2,9,39.3,60.7,2,2,0,0,0,3
2024-11-10,Unirea Slobozia,Farul Constanta,0,1,2.77,3.03,2.59,2.87,3.0,2.74,Liga I,,20241110_Unirea-Slobozia_Farul-Constanta,-72.94732172161957,0.67,1.96,2,6,5,13,44.5,55.5,1,3,0,0,2,4
2024-11-11,Gloria Buzau,Petrolul,0,1,3.23,2.81,2.41,3.47,2.77,2.51,Liga I,,20241111_Gloria-Buzau_Petrolul,-79.08199530022034,0.1,0.41,2,1,4,2,47.4,52.6,3,1,0,0,7,0
2024-11-11,Otelul,CFR Cluj,0,1,3.51,2.78,2.31,3.65,2.79,2.4,Liga I,,20241111_Otelul_CFR-Cluj,-123.66750952477673,0.28,0.82,0,3,0,5,49.8,50.2,1,2,0,0,2,3
2024-11-21,FC Botosani,FCSB,1,0,5.24,3.58,1.64,5.62,3.62,1.68,Liga I,,20241121_FC-Botosani_FCSB,-211.87744717282953,0.26,0.64,1,2,2,4,44.2,55.8,2,2,0,0,3,2
2024-11-22,Farul Constanta,Otelul,0,1,2.27,2.87,3.44,2.35,2.81,3.76,Liga I,,20241122_Farul-Constanta_Otelul,59.60695209918572,0.21,1.42,1,4,1,7,54.0,46.0,1,1,0,1,2,5
2024-11-22,Sepsi Sf. Gheorghe,Gloria Buzau,2,0,1.63,3.55,5.4,1.65,3.6,5.89,Liga I,,20241122_Sepsi-Sf.-Gheorghe_Gloria-Buzau,111.6855531862077,1.54,0.87,5,4,12,11,51.5,48.5,2,4,0,0,6,6
2024-11-23,CFR Cluj,FC Rapid Bucuresti,1,1,2.23,2.9,3.49,2.35,2.8,3.77,Liga I,,20241123_CFR-Cluj_FC-Rapid-Bucuresti,73.61143775925348,0.86,0.45,3,1,6,0,56.2,43.8,1,0,0,0,7,6
2024-11-23,FC Hermannstadt,U. Cluj,2,1,3.47,2.88,2.26,3.67,2.89,2.33,Liga I,,20241123_FC-Hermannstadt_U.-Cluj,-122.07326321108417,2.35,0.87,6,3,14,8,49.8,50.2,0,3,0,0,9,3
2024-11-24,FCSB,Unirea Slobozia,3,0,1.33,4.86,8.19,1.34,5.03,9.14,Liga I,,20241124_FCSB_Unirea-Slobozia,164.2250244152242,1.69,0.46,6,1,13,2,53.4,46.6,1,1,0,0,7,0
2024-11-24,Petrolul,Din. Bucuresti,0,1,2.28,2.72,3.67,2.4,2.7,3.83,Liga I,,20241124_Petrolul_Din.-Bucuresti,16.89992737431953,0.81,1.35,1,4,1,7,54.0,46.0,2,1,0,0,5,3
2024-11-25,FC Botosani,Poli Iasi,1,1,2.39,2.84,3.25,2.47,2.85,3.41,Liga I,,20241125_FC-Botosani_Poli-Iasi,4.22807675638478,0.33,0.96,2,4,7,8,51.2,48.8,1,1,0,0,4,8
2024-11-25,UTA Arad,Univ. Craiova,1,2,3.97,3.28,1.91,4.14,3.49,1.92,Liga I,,20241125_UTA-Arad_Univ.-Craiova,-109.43819992242152,0.81,1.65,3,4,7,9,42.1,57.9,1,0,0,0,5,5
2024-11-29,FC Botosani,Farul Constanta,0,0,2.31,3.08,3.13,2.36,3.12,3.3,Liga I,,20241129_FC-Botosani_Farul-Constanta,-88.6845050521897,0.88,0.44,3,1,7,2,43.1,56.9,1,3,0,1,2,3
2024-11-29,FC Rapid Bucuresti,Petrolul,1,1,1.86,3.17,4.43,1.89,3.22,4.74,Liga I,,20241129_FC-Rapid-Bucuresti_Petrolul,52.82368705275894,0.59,1.81,1,6,3,14,50.8,49.2,5,1,0,0,5,14
2024-11-30,Din. Bucuresti,Sepsi Sf. Gheorghe,1,1,2.42,3.0,3.0,2.49,2.98,3.22,Liga I,,20241130_Din.-Bucuresti_Sepsi-Sf.-Gheorghe,-26.56072356571144,0.55,0.05,1,1,3,3,48.9,51.1,1,2,0,0,4,4
2024-11-30,Gloria Buzau,Poli Iasi,2,0,2.4,2.92,3.11,2.51,2.94,3.24,Liga I,,20241130_Gloria-Buzau_Poli-Iasi,-30.807943680822973,1.15,0.86,4,2,8,5,50.8,49.2,3,2,0,0,6,4
2024-11-30,Unirea Slobozia,FC Hermannstadt,1,2,2.5,2.86,3.04,2.54,2.86,3.28,Liga I,,20241130_Unirea-Slobozia_FC-Hermannstadt,-7.599992729923088,1.09,0.21,4,2,9,4,54.3,45.7,1,1,0,1,5,3
2024-12-01,Univ. Craiova,CFR Cluj,0,2,2.16,3.13,3.37,2.19,3.17,3.61,Liga I,,20241201_Univ.-Craiova_CFR-Cluj,-11.65417909939606,0.55,1.57,3,3,8,6,48.8,51.2,2,0,0,0,3,3
2024-12-02,Otelul,FCSB,1,4,4.19,2.93,2.0,4.53,2.99,2.02,Liga I,,20241202_Otelul_FCSB,-124.52780496212154,1.27,0.7,5,4,12,8,38.1,61.9,2,0,0,0,14,4
2024-12-02,U. Cluj,UTA Arad,0,1,1.62,3.61,5.47,1.63,3.67,5.99,Liga I,,20241202_U.-Cluj_UTA-Arad,59.291598280646895,0.58,0.41,2,1,4,1,51.5,48.5,2,1,0,0,2,2
2024-12-06,Sepsi Sf. Gheorghe,FC Rapid Bucuresti,2,0,2.62,2.89,2.82,2.7,2.92,2.98,Liga I,,20241206_Sepsi-Sf.-Gheorghe_FC-Rapid-Bucuresti,-17.10146069499592,0.05,1.12,2,3,3,7,55.3,44.7,1,1,0,0,2,4
2024-12-07,Gloria Buzau,Din. Bucuresti,0,1,3.16,2.94,2.37,3.35,2.86,2.51,Liga I,,20241207_Gloria-Buzau_Din.-Bucuresti,-89.51936587005503,0.72,1.72,2,5,4,10,49.5,50.5,1,1,0,0,4,4
2024-12-07,Petrolul,Univ. Craiova,1,1,3.48,2.99,2.18,3.77,3.03,2.2,Liga I,,20241207_Petrolul_Univ.-Craiova,-96.36262551653977,2.06,1.77,7,5,17,11,48.2,51.8,3,0,0,0,11,1
2024-12-08,FCSB,FC Botosani,2,1,1.33,4.86,8.35,1.34,5.13,9.02,Liga I,,20241208_FCSB_FC-Botosani,186.55885624490134,1.06,1.15,2,3,3,8,53.4,46.6,3,2,0,0,6,5
2024-12-08,Poli Iasi,Farul Constanta,2,2,2.38,2.94,3.14,2.49,2.88,3.35,Liga I,,20241208_Poli-Iasi_Farul-Constanta,-102.6836004085551,0.37,2.07,2,7,5,14,47.1,52.9,2,2,0,0,7,11
2024-12-08,UTA Arad,Unirea Slobozia,3,4,1.98,3.19,3.8,2.01,3.24,4.1,Liga I,,20241208_UTA-Arad_Unirea-Slobozia,64.04557086445288,1.07,2.12,3,7,6,15,53.7,46.3,0,0,0,0,5,6
2024-12-09,FC Hermannstadt,Otelul,1,0,2.81,2.73,2.81,2.98,2.7,2.93,Liga I,,20241209_FC-Hermannstadt_Otelul,-25.916890663474078,0.55,1.73,3,4,8,9,50.6,49.4,1,1,0,0,2,4
2024-12-09,U. Cluj,CFR Cluj,3,2,2.72,2.85,2.76,2.82,2.86,2.92,Liga I,,20241209_U.-Cluj_CFR-Cluj,-104.10737571167351,2.93,0.36,10,2,20,5,51.5,48.5,2,3,0,0,10,7
2024-12-13,Din. Bucuresti,Poli Iasi,2,0,1.78,3.27,4.79,1.77,3.34,5.33,Liga I,,20241213_Din.-Bucuresti_Poli-Iasi,90.36197274092478,1.99,0.6,8,2,19,4,52.4,47.6,3,2,0,0,7,5
2024-12-13,FC Botosani,FC Hermannstadt,1,2,2.31,2.99,3.23,2.35,2.93,3.55,Liga I,,20241213_FC-Botosani_FC-Hermannstadt,-39.371159692233505,0.94,0.57,4,2,9,5,44.2,55.8,0,1,0,0,1,2
2024-12-14,Otelul,UTA Arad,1,1,1.89,3.07,4.51,1.94,3.09,4.71,Liga I,,20241214_Otelul_UTA-Arad,-5.759737718214865,1.45,0.85,7,3,14,6,45.0,55.0,0,2,0,0,4,2
2024-12-14,U. Cluj,Petrolul,4,1,1.9,3.06,4.47,1.95,2.97,4.94,Liga I,,20241214_U.-Cluj_Petrolul,39.35109041341639,1.18,1.02,4,3,10,6,56.5,43.5,1,3,0,0,4,3
2024-12-14,Univ. Craiova,Sepsi Sf. Gheorghe,2,1,1.7,3.67,4.63,1.69,3.84,5.04,Liga I,,20241214_Univ.-Craiova_Sepsi-Sf.-Gheorghe,48.4258329657373,0.77,0.66,3,3,8,7,46.2,53.8,3,2,1,0,3,5
2024-12-15,Farul Constanta,FCSB,1,1,4.9,3.77,1.65,5.08,3.81,1.69,Liga I,,20241215_Farul-Constanta_FCSB,-113.42938208163082,1.51,1.28,5,4,11,11,43.5,56.5,2,0,0,0,10,4
2024-12-15,Unirea Slobozia,CFR Cluj,1,1,4.68,3.37,1.76,4.91,3.53,1.78,Liga I,,20241215_Unirea-Slobozia_CFR-Cluj,-169.7089388537654,0.43,1.55,1,4,0,9,42.7,57.3,1,2,0,0,4,5
2024-12-16,FC Rapid Bucuresti,Gloria Buzau,2,0,1.46,4.19,6.41,1.51,4.18,6.71,Liga I,,20241216_FC-Rapid-Bucuresti_Gloria-Buzau,127.73494137017497,1.52,1.44,5,3,10,5,55.6,44.4,2,1,0,0,8,3
2024-12-20,Sepsi Sf. Gheorghe,U. Cluj,0,0,3.22,3.16,2.23,3.18,3.14,2.41,Liga I,,20241220_Sepsi-Sf.-Gheorghe_U.-Cluj,-18.89002357894401,1.56,0.05,5,0,10,0,56.4,43.6,0,3,0,0,6,3
2024-12-21,FC Hermannstadt,Farul Constanta,0,0,2.03,3.3,3.58,2.07,3.33,3.77,Liga I,,20241221_FC-Hermannstadt_Farul-Constanta,-39.12017213319609,0.23,0.99,0,3,2,8,49.5,50.5,1,3,0,0,1,4
2024-12-21,Gloria Buzau,Univ. Craiova,0,2,5.5,3.72,1.59,5.58,3.99,1.61,Liga I,,20241221_Gloria-Buzau_Univ.-Craiova,-202.3546447290305,0.51,1.08,2,4,5,9,42.7,57.3,2,1,0,0,2,2
2024-12-22,CFR Cluj,Otelul,3,2,1.73,3.26,5.29,1.74,3.15,6.23,Liga I,,20241222_CFR-Cluj_Otelul,134.1629268986369,1.36,1.42,3,2,5,5,54.4,45.6,3,2,0,0,5,2
2024-12-22,Din. Bucuresti,FC Rapid Bucuresti,0,0,2.79,3.01,2.58,2.89,3.06,2.67,Liga I,,20241222_Din.-Bucuresti_FC-Rapid-Bucuresti,-19.095304250743084,1.43,0.05,7,1,16,2,53.2,46.8,0,3,0,0,8,2
2024-12-22,Petrolul,Unirea Slobozia,2,1,1.92,3.1,4.31,1.94,3.1,4.67,Liga I,,20241222_Petrolul_Unirea-Slobozia,41.15160182090176,1.16,1.45,3,4,7,10,40.1,59.9,1,2,0,0,7,5
2024-12-23,Poli Iasi,FCSB,0,2,6.6,4.06,1.47,7.53,4.23,1.47,Liga I,,20241223_Poli-Iasi_FCSB,-214.38272179921432,0.05,2.13,1,7,3,16,38.9,61.1,1,0,0,0,2,10
2024-12-23,UTA Arad,FC Botosani,2,0,2.18,3.08,3.39,2.21,3.22,3.5,Liga I,,20241223_UTA-Arad_FC-Botosani,55.70786906856506,0.79,0.83,3,3,8,6,47.2,52.8,2,3,0,0,5,2
2025-01-17,FCSB,FC Hermannstadt,1,1,1.42,4.27,6.93,1.41,4.55,8.0,Liga I,,20250117_FCSB_FC-Hermannstadt,149.04686349965527,1.12,0.08,5,1,12,1,51.8,48.2,1,2,0,0,9,2
2025-01-17,Unirea Slobozia,Sepsi Sf. Gheorghe,3,2,3.09,2.92,2.35,3.29,3.1,2.37,Liga I,,20250117_Unirea-Slobozia_Sepsi-Sf.-Gheorghe,-94.14303548594557,1.24,1.69,5,3,11,6,50.7,49.3,1,4,0,0,4,7
2025-01-18,Otelul,Petrolul,0,0,2.53,2.7,3.05,2.92,2.68,3.02,Liga I,,20250118_Otelul_Petrolul,-34.646285457879685,0.12,0.07,1,0,1,2,43.7,56.3,1,1,0,0,4,6
2025-01-18,U. Cluj,Gloria Buzau,2,1,1.42,4.13,7.11,1.42,4.37,8.39,Liga I,,20250118_U.-Cluj_Gloria-Buzau,157.19758657531656,1.08,1.0,5,3,12,7,52.6,47.4,1,2,1,0,4,10
2025-01-19,FC Botosani,CFR Cluj,1,1,4.05,3.12,1.91,4.13,3.29,1.98,Liga I,,20250119_FC-Botosani_CFR-Cluj,-202.18467220626076,1.26,0.47,4,1,10,2,38.4,61.6,4,2,1,0,0,2
2025-01-19,Univ. Craiova,Din. Bucuresti,1,1,1.7,3.42,4.79,1.72,3.55,5.27,Liga I,,20250119_Univ.-Craiova_Din.-Bucuresti,83.20948942592258,1.14,0.93,1,3,4,5,55.7,44.3,5,1,1,0,5,4
2025-01-20,FC Rapid Bucuresti,Poli Iasi,2,1,1.38,4.44,7.5,1.4,4.67,8.11,Liga I,,20250120_FC-Rapid-Bucuresti_Poli-Iasi,132.10467273568042,0.79,1.93,2,5,3,10,54.2,45.8,3,4,0,0,5,4
2025-01-20,Farul Constanta,UTA Arad,1,1,2.16,2.99,3.46,2.22,3.11,3.61,Liga I,,20250120_Farul-Constanta_UTA-Arad,32.637660308417935,0.51,0.51,1,1,0,3,54.9,45.1,1,1,0,0,5,2
2025-01-24,Din. Bucuresti,U. Cluj,0,0,3.39,2.83,2.29,3.73,2.85,2.33,Liga I,,20250124_Din.-Bucuresti_U.-Cluj,-30.73144502786249,0.94,0.49,2,2,5,8,46.3,53.7,2,1,0,0,3,3
2025-01-24,Gloria Buzau,Unirea Slobozia,3,0,2.34,2.91,3.21,2.39,2.95,3.47,Liga I,,20250124_Gloria-Buzau_Unirea-Slobozia,-67.55545525460207,0.84,0.89,3,2,7,4,49.0,51.0,2,0,0,0,2,3
2025-01-25,FC Rapid Bucuresti,Univ. Craiova,1,0,2.64,2.98,2.67,2.78,2.97,2.85,Liga I,,20250125_FC-Rapid-Bucuresti_Univ.-Craiova,-54.966541470029824,1.41,0.7,2,3,2,7,45.8,54.2,2,4,0,0,4,6
2025-01-25,Poli Iasi,FC Hermannstadt,0,2,2.76,2.88,2.66,2.93,2.91,2.76,Liga I,,20250125_Poli-Iasi_FC-Hermannstadt,-88.65714971313469,0.3,1.23,0,3,0,9,44.3,55.7,5,1,0,0,1,7
2025-01-26,Sepsi Sf. Gheorghe,Otelul,2,0,1.75,3.24,4.82,1.81,3.24,5.27,Liga I,,20250126_Sepsi-Sf.-Gheorghe_Otelul,50.1001872100569,0.57,0.89,2,3,3,8,49.9,50.1,3,1,0,0,2,7
2025-01-26,UTA Arad,FCSB,0,1,3.87,3.5,1.85,4.25,3.63,1.85,Liga I,,20250126_UTA-Arad_FCSB,-139.27761796972413,0.64,0.69,1,3,3,8,45.5,54.5,1,3,0,0,3,2
2025-01-27,CFR Cluj,Farul Constanta,3,1,1.57,3.89,5.25,1.58,4.02,5.87,Liga I,,20250127_CFR-Cluj_Farul-Constanta,88.4897865053224,1.24,1.73,5,3,10,6,54.9,45.1,2,1,0,0,4,9
2025-01-27,Petrolul,FC Botosani,3,1,2.04,2.94,3.93,2.14,2.98,4.08,Liga I,,20250127_Petrolul_FC-Botosani,80.01941766694995,2.09,0.47,7,1,15,3,55.3,44.7,0,1,0,0,7,3
2025-01-31,FC Hermannstadt,UTA Arad,0,0,2.0,3.01,4.02,2.05,2.99,4.39,Liga I,,20250131_FC-Hermannstadt_UTA-Arad,16.372543395752018,1.35,0.59,3,6,6,15,49.0,51.0,1,2,0,0,2,6
2025-01-31,Unirea Slobozia,Din. Bucuresti,1,3,3.52,3.06,2.13,3.8,3.15,2.14,Liga I,,20250131_Unirea-Slobozia_Din.-Bucuresti,-88.09978928361306,1.07,1.03,1,4,3,10,45.2,54.8,3,3,1,0,4,4
2025-02-01,FC Botosani,Sepsi Sf. Gheorghe,0,0,2.86,3.15,2.41,3.03,3.21,2.46,Liga I,,20250201_FC-Botosani_Sepsi-Sf.-Gheorghe,-117.4242741313833,0.57,1.64,2,4,5,9,53.6,46.4,2,1,0,0,3,5
2025-02-01,Otelul,Gloria Buzau,2,1,2.01,2.99,4.02,2.02,3.0,4.49,Liga I,,20250201_Otelul_Gloria-Buzau,56.66394117265554,0.73,0.79,2,2,5,5,54.2,45.8,1,4,0,0,5,7
2025-02-01,U. Cluj,FC Rapid Bucuresti,2,1,2.14,2.92,3.67,2.18,3.0,3.91,Liga I,,20250201_U.-Cluj_FC-Rapid-Bucuresti,-6.812489709739339,1.49,0.09,5,1,12,3,45.4,54.6,2,0,0,0,10,3
2025-02-02,FCSB,CFR Cluj,1,1,2.3,3.09,3.07,2.38,3.14,3.23,Liga I,,20250202_FCSB_CFR-Cluj,18.821654914249393,0.96,0.33,3,1,6,3,49.6,50.4,3,1,0,0,2,6
2025-02-02,Univ. Craiova,Poli Iasi,4,1,1.3,5.1,8.79,1.3,5.45,9.8,Liga I,,20250202_Univ.-Craiova_Poli-Iasi,197.48135891722563,1.45,1.26,4,3,9,6,58.2,41.8,2,2,0,0,11,4
2025-02-03,Farul Constanta,Petrolul,2,1,2.4,2.9,3.12,2.48,2.94,3.29,Liga I,,20250203_Farul-Constanta_Petrolul,2.805623900356295,0.81,1.54,3,6,7,14,52.3,47.7,2,3,0,1,8,6
2025-02-04,Din. Bucuresti,Otelul,1,0,1.84,3.03,4.84,1.89,3.04,5.14,Liga I,,20250204_Din.-Bucuresti_Otelul,69.34332843960146,1.04,1.43,3,3,6,8,49.8,50.2,1,1,0,0,2,6
2025-02-04,FC Rapid Bucuresti,Unirea Slobozia,2,1,1.35,4.66,8.2,1.34,4.97,9.38,Liga I,,20250204_FC-Rapid-Bucuresti_Unirea-Slobozia,120.31184848911676,0.64,1.1,3,3,5,6,54.0,46.0,2,2,0,0,1,1
2025-02-04,Gloria Buzau,FC Botosani,0,2,2.81,2.92,2.62,2.93,3.01,2.67,Liga I,,20250204_Gloria-Buzau_FC-Botosani,-23.87092411719391,0.33,0.44,1,2,3,5,45.5,54.5,0,0,0,0,3,6
2025-02-05,CFR Cluj,FC Hermannstadt,1,0,1.6,3.64,5.44,1.57,3.72,5.5,Liga I,,20250205_CFR-Cluj_FC-Hermannstadt,120.1612300331326,0.86,0.05,3,0,8,2,50.8,49.2,2,1,0,1,3,3
2025-02-05,Univ. Craiova,U. Cluj,1,0,2.0,2.9,4.24,2.05,2.81,4.83,Liga I,,20250205_Univ.-Craiova_U.-Cluj,27.608003437930165,1.15,1.93,3,6,6,14,52.5,47.5,0,3,0,0,4,9
2025-02-06,Petrolul,FCSB,0,0,4.93,2.97,1.85,5.29,3.21,1.81,Liga I,,20250206_Petrolul_FCSB,-139.38689725615905,0.05,0.89,0,2,1,6,40.4,59.6,2,0,0,0,5,3
2025-02-06,Poli Iasi,UTA Arad,0,1,2.78,2.93,2.62,2.85,3.02,2.74,Liga I,,20250206_Poli-Iasi_UTA-Arad,-96.68483602180049,0.06,1.6,0,4,0,10,37.8,62.2,1,0,0,0,1,6
2025-02-06,Sepsi Sf. Gheorghe,Farul Constanta,1,0,1.84,3.38,4.15,1.83,3.52,4.59,Liga I,,20250206_Sepsi-Sf.-Gheorghe_Farul-Constanta,0.21996120741141567,0.86,0.64,1,1,2,0,49.7,50.3,3,3,0,0,1,3
2025-02-07,FC Botosani,Din. Bucuresti,1,1,2.87,2.9,2.58,2.97,2.97,2.67,Liga I,,20250207_FC-Botosani_Din.-Bucuresti,-120.71592543001748,0.57,0.71,2,2,5,6,43.3,56.7,2,0,0,0,6,4
2025-02-08,Otelul,FC Rapid Bucuresti,1,1,4.07,3.01,2.0,4.12,3.05,2.09,Liga I,,20250208_Otelul_FC-Rapid-Bucuresti,-101.1532851929228,1.1,1.9,4,5,9,14,49.8,50.2,2,3,0,0,6,4
2025-02-08,Unirea Slobozia,Univ. Craiova,0,1,5.8,3.87,1.55,6.32,4.15,1.53,Liga I,,20250208_Unirea-Slobozia_Univ.-Craiova,-184.62942230400245,1.04,0.71,4,3,5,9,34.9,65.1,0,1,0,0,3,6
2025-02-09,FC Hermannstadt,Petrolul,1,1,2.24,2.84,3.55,2.25,2.86,3.94,Liga I,,20250209_FC-Hermannstadt_Petrolul,-10.876382277623179,1.33,0.58,4,2,8,4,47.8,52.2,2,1,0,0,5,3
2025-02-09,FCSB,Sepsi Sf. Gheorghe,3,0,1.67,3.55,4.96,1.68,3.7,5.38,Liga I,,20250209_FCSB_Sepsi-Sf.-Gheorghe,95.99113340444342,1.53,1.03,4,4,9,9,54.8,45.2,3,0,0,1,8,4
2025-02-09,U. Cluj,Poli Iasi,2,2,1.31,4.8,9.22,1.31,5.06,11.17,Liga I,,20250209_U.-Cluj_Poli-Iasi,179.22879018794288,1.36,0.44,6,2,14,5,54.0,46.0,3,3,0,0,8,3
2025-02-10,Farul Constanta,Gloria Buzau,1,0,1.76,3.45,4.52,1.78,3.51,4.95,Liga I,,20250210_Farul-Constanta_Gloria-Buzau,132.44363245364207,0.61,1.01,2,3,3,7,55.7,44.3,2,2,0,0,1,6
2025-02-10,UTA Arad,CFR Cluj,1,4,4.29,3.31,1.84,4.53,3.43,1.86,Liga I,,20250210_UTA-Arad_CFR-Cluj,-134.66709933248808,0.93,0.6,4,4,11,8,57.1,42.9,0,0,0,0,8,7
2025-02-14,Sepsi Sf. Gheorghe,FC Hermannstadt,2,3,2.14,3.08,3.5,2.21,3.1,3.65,Liga I,,20250214_Sepsi-Sf.-Gheorghe_FC-Hermannstadt,35.98701318801477,1.32,1.63,4,5,9,12,51.1,48.9,0,2,0,1,6,1
2025-02-14,Univ. Craiova,Otelul,2,1,1.38,4.26,8.41,1.4,4.4,9.24,Liga I,,20250214_Univ.-Craiova_Otelul,152.22901287848094,0.87,0.5,3,2,5,4,59.2,40.8,3,2,0,0,1,5
2025-02-15,Din. Bucuresti,Farul Constanta,0,2,1.84,3.19,4.55,1.85,3.21,4.98,Liga I,,20250215_Din.-Bucuresti_Farul-Constanta,22.85255895083469,0.38,1.27,1,3,1,6,55.0,45.0,0,3,0,0,4,6
2025-02-15,Petrolul,UTA Arad,0,1,1.86,3.09,4.62,1.88,3.19,4.9,Liga I,,20250215_Petrolul_UTA-Arad,16.559811660009245,0.05,1.24,0,4,0,7,51.0,49.0,0,1,0,0,1,3
2025-02-16,Gloria Buzau,FCSB,0,2,5.63,3.84,1.56,6.1,3.91,1.58,Liga I,,20250216_Gloria-Buzau_FCSB,-269.0409513192749,0.32,1.93,0,7,1,17,43.4,56.6,1,1,0,0,3,6
2025-02-16,Poli Iasi,CFR Cluj,1,1,6.11,3.82,1.53,6.5,3.91,1.56,Liga I,,20250216_Poli-Iasi_CFR-Cluj,-250.71490405077088,0.05,0.89,1,3,3,6,44.8,55.2,1,2,0,0,2,10
2025-02-17,FC Rapid Bucuresti,FC Botosani,1,0,1.59,3.69,5.52,1.61,3.8,5.95,Liga I,,20250217_FC-Rapid-Bucuresti_FC-Botosani,125.84578227078441,1.85,0.29,5,1,11,2,52.5,47.5,2,2,0,0,5,2
2025-02-17,U. Cluj,Unirea Slobozia,3,2,1.34,4.49,9.27,1.33,4.8,11.01,Liga I,,20250217_U.-Cluj_Unirea-Slobozia,135.3930461010325,1.68,0.83,3,2,6,5,50.5,49.5,1,2,0,0,1,6
2025-02-21,FC Hermannstadt,Gloria Buzau,2,1,1.77,3.24,4.84,1.8,3.26,5.33,Liga I,,20250221_FC-Hermannstadt_Gloria-Buzau,136.97493276880277,1.34,1.94,4,6,8,12,60.1,39.9,1,0,0,0,5,7
2025-02-21,Otelul,U. Cluj,0,1,3.54,2.79,2.29,3.58,2.82,2.4,Liga I,,20250221_Otelul_U.-Cluj,-105.2691006362943,1.18,0.05,6,1,12,2,39.3,60.7,5,1,0,0,4,0
2025-02-22,CFR Cluj,Petrolul,2,0,1.58,3.54,6.13,1.56,3.65,7.2,Liga I,,20250222_CFR-Cluj_Petrolul,138.40089436525454,1.22,0.5,3,2,9,5,57.0,43.0,1,1,0,0,7,3
2025-02-22,FC Botosani,Univ. Craiova,2,2,3.31,3.18,2.16,3.46,3.18,2.25,Liga I,,20250222_FC-Botosani_Univ.-Craiova,-198.60671039469003,2.14,1.29,6,3,12,6,43.8,56.2,0,1,0,0,8,2
2025-02-23,FCSB,Din. Bucuresti,2,1,1.87,3.06,4.56,1.91,3.08,4.95,Liga I,,20250223_FCSB_Din.-Bucuresti,115.46946829993612,1.7,0.82,4,1,8,1,60.8,39.2,2,1,0,0,6,0
2025-02-23,Unirea Slobozia,Poli Iasi,0,0,2.31,2.99,3.21,2.33,3.06,3.43,Liga I,,20250223_Unirea-Slobozia_Poli-Iasi,17.48597939323645,0.51,0.32,2,1,5,3,48.0,52.0,0,0,0,0,3,3
2025-02-24,Farul Constanta,FC Rapid Bucuresti,1,3,3.44,3.27,2.08,3.68,3.34,2.09,Liga I,,20250224_Farul-Constanta_FC-Rapid-Bucuresti,-31.046964338251655,1.45,1.41,3,3,5,7,45.9,54.1,2,3,0,0,11,10
2025-02-24,UTA Arad,Sepsi Sf. Gheorghe,1,2,2.91,2.98,2.51,3.05,3.01,2.58,Liga I,,20250224_UTA-Arad_Sepsi-Sf.-Gheorghe,-16.61146683466768,0.99,0.73,4,2,10,4,53.0,47.0,1,2,0,0,7,5
2025-02-28,Sepsi Sf. Gheorghe,CFR Cluj,1,1,4.02,3.3,1.9,4.11,3.39,1.95,Liga I,,20250228_Sepsi-Sf.-Gheorghe_CFR-Cluj,-109.2370631451547,0.96,0.29,5,2,11,6,42.4,57.6,1,1,0,0,4,3
2025-02-28,Unirea Slobozia,Otelul,0,1,3.49,2.88,2.25,3.75,2.92,2.27,Liga I,,20250228_Unirea-Slobozia_Otelul,-37.349642566537796,0.19,0.34,0,1,0,4,44.1,55.9,1,3,0,0,1,4
2025-03-01,U. Cluj,FC Botosani,0,1,1.63,3.54,5.41,1.69,3.6,5.5,Liga I,,20250301_U.-Cluj_FC-Botosani,139.8101774027973,0.26,0.89,1,4,6,7,56.4,43.6,3,2,0,0,4,10
2025-03-01,Univ. Craiova,Farul Constanta,1,0,1.44,4.41,6.25,1.46,4.63,6.54,Liga I,,20250301_Univ.-Craiova_Farul-Constanta,92.87158530455463,1.24,1.0,5,4,11,11,52.8,47.2,2,0,0,0,10,6
2025-03-02,FC Rapid Bucuresti,FCSB,0,0,3.77,3.04,2.05,4.1,3.11,2.07,Liga I,,20250302_FC-Rapid-Bucuresti_FCSB,-78.92066955028554,0.05,0.81,0,2,0,6,44.9,55.1,1,3,0,0,2,5
2025-03-02,Poli Iasi,Petrolul,1,0,3.1,2.75,2.54,3.34,2.76,2.59,Liga I,,20250302_Poli-Iasi_Petrolul,-89.4231923307027,0.77,0.79,4,2,8,5,43.7,56.3,1,0,0,0,10,4
2025-03-03,Din. Bucuresti,FC Hermannstadt,2,0,1.96,3.07,4.02,2.0,3.11,4.35,Liga I,,20250303_Din.-Bucuresti_FC-Hermannstadt,9.357259478614878,1.37,0.05,5,1,12,3,57.0,43.0,1,2,0,0,6,0
2025-03-03,Gloria Buzau,UTA Arad,1,1,2.72,2.92,2.71,2.87,2.96,2.77,Liga I,,20250303_Gloria-Buzau_UTA-Arad,-125.94656539894845,0.56,1.15,2,3,6,6,50.1,49.9,4,1,0,0,1,5
2025-03-07,Farul Constanta,U. Cluj,1,1,3.32,3.28,2.14,3.47,3.34,2.17,Liga I,,20250307_Farul-Constanta_U.-Cluj,-38.75502368074467,0.93,0.41,3,3,7,6,44.9,55.1,1,1,0,0,5,6
2025-03-07,Otelul,Poli Iasi,2,3,2.0,3.05,4.06,2.02,3.08,4.33,Liga I,,20250307_Otelul_Poli-Iasi,49.32156049261744,1.5,1.04,6,3,13,5,50.7,49.3,1,0,0,0,5,2
2025-03-08,FC Hermannstadt,FC Rapid Bucuresti,1,0,3.01,3.01,2.43,3.11,3.0,2.54,Liga I,,20250308_FC-Hermannstadt_FC-Rapid-Bucuresti,-76.56774471627591,1.06,1.47,4,6,9,14,50.2,49.8,3,3,0,0,10,5
2025-03-08,Petrolul,Sepsi Sf. Gheorghe,1,0,2.35,2.81,3.4,2.47,2.83,3.45,Liga I,,20250308_Petrolul_Sepsi-Sf.-Gheorghe,-62.75441144618799,0.99,0.33,3,0,5,0,44.2,55.8,1,2,0,0,2,1
2025-03-09,CFR Cluj,Gloria Buzau,6,0,1.24,5.5,11.46,1.24,5.85,12.3,Liga I,,20250309_CFR-Cluj_Gloria-Buzau,266.8261642050695,2.27,0.59,6,1,15,3,61.9,38.1,0,6,0,0,12,3
2025-03-09,FCSB,Univ. Craiova,1,0,2.15,3.13,3.47,2.16,3.15,3.73,Liga I,,20250309_FCSB_Univ.-Craiova,27.41059624119339,1.44,0.57,3,2,8,3,49.9,50.1,4,1,0,0,4,4
2025-03-10,FC Botosani,Unirea Slobozia,1,0,1.55,3.85,5.91,1.56,3.98,6.29,Liga I,,20250310_FC-Botosani_Unirea-Slobozia,47.050480754445516,2.16,0.89,9,5,20,9,60.3,39.7,4,4,1,0,14,9
2025-03-10,UTA Arad,Din. Bucuresti,0,2,3.27,2.89,2.37,3.4,2.93,2.43,Liga I,,20250310_UTA-Arad_Din.-Bucuresti,-51.231174568236156,0.08,0.74,0,3,0,5,45.1,54.9,0,3,0,0,0,3
2025-03-14,Petrolul,FC Botosani,0,2,2.76,2.84,2.75,2.93,2.8,2.87,Liga I,,20250314_Petrolul_FC-Botosani,25.545808264864718,1.02,1.92,3,6,6,13,53.8,46.2,0,3,0,0,6,8
2025-03-14,Univ. Craiova,U. Cluj,3,0,1.88,3.25,4.23,1.92,3.2,4.63,Liga I,,20250314_Univ.-Craiova_U.-Cluj,62.12756878760683,1.59,0.88,5,2,11,5,49.6,50.4,1,1,0,0,11,1
2025-03-15,CFR Cluj,Din. Bucuresti,3,1,1.66,3.53,5.14,1.71,3.58,5.31,Liga I,,20250315_CFR-Cluj_Din.-Bucuresti,91.99409210565886,1.61,0.43,6,4,14,10,51.7,48.3,0,3,0,0,4,5
2025-03-15,Farul Constanta,Poli Iasi,0,0,1.69,3.7,4.71,1.68,3.83,5.16,Liga I,,20250315_Farul-Constanta_Poli-Iasi,93.12041505834213,1.03,1.0,2,2,4,3,50.1,49.9,3,1,0,0,4,1
2025-03-16,FC Hermannstadt,Unirea Slobozia,1,1,1.59,3.65,5.6,1.61,3.82,5.98,Liga I,,20250316_FC-Hermannstadt_Unirea-Slobozia,127.81160661052445,0.34,1.17,1,3,2,4,50.6,49.4,0,3,0,0,3,6
2025-03-16,FCSB,FC Rapid Bucuresti,3,3,1.78,3.34,4.69,1.77,3.48,5.03,Liga I,,20250316_FCSB_FC-Rapid-Bucuresti,99.21868179268449,1.21,0.21,4,3,11,7,56.0,44.0,0,3,0,0,6,4
2025-03-16,UTA Arad,Otelul,2,0,2.43,2.96,3.02,2.52,2.98,3.17,Liga I,,20250316_UTA-Arad_Otelul,28.973505671065368,0.93,0.88,4,3,12,8,52.0,48.0,2,1,0,0,8,5
2025-03-17,Sepsi Sf. Gheorghe,Gloria Buzau,1,2,1.44,4.2,6.82,1.48,4.19,7.17,Liga I,,20250317_Sepsi-Sf.-Gheorghe_Gloria-Buzau,155.00245453109756,1.69,1.18,6,4,13,9,58.6,41.4,3,2,1,0,4,6
2025-03-28,Sepsi Sf. Gheorghe,FC Hermannstadt,0,2,2.24,3.0,3.4,2.3,2.98,3.61,Liga I,,20250328_Sepsi-Sf.-Gheorghe_FC-Hermannstadt,-12.77874181392258,1.27,1.45,4,4,9,8,45.4,54.6,2,3,0,0,4,6
2025-03-28,Unirea Slobozia,Petrolul,0,0,3.36,2.94,2.3,3.59,2.89,2.36,Liga I,,20250328_Unirea-Slobozia_Petrolul,-76.25960502321846,0.05,1.28,0,5,0,10,44.2,55.8,1,3,0,0,4,7
2025-03-29,FC Botosani,Farul Constanta,4,3,1.98,3.31,3.76,1.99,3.34,4.04,Liga I,,20250329_FC-Botosani_Farul-Constanta,-42.813110626230355,1.69,1.31,6,4,13,10,51.9,48.1,3,3,0,0,7,5
2025-03-29,FC Rapid Bucuresti,Univ. Craiova,1,2,2.68,3.17,2.58,2.85,3.2,2.61,Liga I,,20250329_FC-Rapid-Bucuresti_Univ.-Craiova,-56.2377197840442,0.96,1.92,4,5,10,10,54.1,45.9,0,1,0,0,5,2
2025-03-30,Din. Bucuresti,FCSB,1,2,3.89,3.14,2.0,4.27,3.14,2.01,Liga I,,20250330_Din.-Bucuresti_FCSB,-123.78776555626018,0.75,1.17,3,4,3,10,40.4,59.6,0,0,0,0,2,8
2025-03-30,Poli Iasi,UTA Arad,4,0,2.59,2.96,2.84,2.74,2.85,3.02,Liga I,,20250330_Poli-Iasi_UTA-Arad,-58.77095950126886,1.77,0.87,5,2,11,6,53.1,46.9,3,3,0,0,2,5
2025-03-31,Gloria Buzau,Otelul,0,2,3.26,2.93,2.34,3.43,2.97,2.38,Liga I,,20250331_Gloria-Buzau_Otelul,-54.61651952081752,0.32,1.69,1,4,2,9,49.2,50.8,2,1,0,0,4,7
2025-03-31,U. Cluj,CFR Cluj,1,0,3.28,3.01,2.29,3.54,2.96,2.34,Liga I,,20250331_U.-Cluj_CFR-Cluj,-104.18477991372788,1.11,1.11,2,4,3,10,43.0,57.0,1,0,1,0,2,5
2025-04-04,Otelul,Poli Iasi,1,0,1.77,3.31,4.92,1.74,3.36,5.57,Liga I,,20250404_Otelul_Poli-Iasi,3.912509561163688,1.46,0.63,4,2,9,7,51.3,48.7,2,2,0,0,4,3
2025-04-04,Petrolul,Sepsi Sf. Gheorghe,2,1,2.86,2.83,2.69,3.0,2.84,2.76,Liga I,,20250404_Petrolul_Sepsi-Sf.-Gheorghe,-21.355755658425323,0.99,0.21,2,1,5,2,47.9,52.1,3,2,0,0,5,1
2025-04-05,FCSB,U. Cluj,1,0,1.65,3.52,5.47,1.64,3.56,6.19,Liga I,,20250405_FCSB_U.-Cluj,110.5911201548879,0.61,1.17,3,2,6,3,53.1,46.9,1,3,0,0,5,2
2025-04-05,UTA Arad,FC Botosani,1,0,2.99,3.07,2.41,3.23,2.96,2.5,Liga I,,20250405_UTA-Arad_FC-Botosani,-12.73555068229166,1.63,0.58,4,2,10,4,43.6,56.4,2,3,0,0,8,5
2025-04-06,FC Hermannstadt,Gloria Buzau,0,2,1.57,3.8,5.71,1.61,3.74,6.11,Liga I,,20250406_FC-Hermannstadt_Gloria-Buzau,155.41986973391636,0.74,0.35,1,2,3,3,58.6,41.4,0,3,0,0,4,2
2025-04-06,FC Rapid Bucuresti,Din. Bucuresti,1,0,2.34,3.02,3.18,2.49,2.99,3.2,Liga I,,20250406_FC-Rapid-Bucuresti_Din.-Bucuresti,29.064728429732668,1.0,1.2,3,6,6,14,56.6,43.4,5,1,0,0,4,5
2025-04-07,CFR Cluj,Univ. Craiova,2,0,2.15,3.19,3.36,2.21,3.24,3.48,Liga I,,20250407_CFR-Cluj_Univ.-Craiova,-3.265039780171719,2.04,1.13,7,3,15,10,48.6,51.4,1,1,0,0,11,7
2025-04-07,Farul Constanta,Unirea Slobozia,1,1,1.66,3.71,4.93,1.67,3.84,5.2,Liga I,,20250407_Farul-Constanta_Unirea-Slobozia,103.22468823080476,1.01,0.93,2,3,4,11,49.0,51.0,2,0,0,0,3,4
2025-04-11,FC Hermannstadt,Petrolul,1,1,2.07,2.97,3.94,2.09,2.93,4.36,Liga I,,20250411_FC-Hermannstadt_Petrolul,27.479032494924013,0.36,0.95,3,2,7,5,54.5,45.5,1,1,0,0,4,1
2025-04-11,Gloria Buzau,Poli Iasi,0,1,2.41,3.13,2.95,2.48,3.07,3.14,Liga I,,20250411_Gloria-Buzau_Poli-Iasi,-42.06067044233714,2.32,1.17,6,7,13,17,46.8,53.2,1,1,0,0,8,10
2025-04-12,Sepsi Sf. Gheorghe,Farul Constanta,1,4,1.9,3.67,3.66,1.96,3.65,3.75,Liga I,,20250412_Sepsi-Sf.-Gheorghe_Farul-Constanta,-20.066903827189208,0.93,1.68,2,5,7,12,49.1,50.9,3,0,0,0,7,7
2025-04-12,U. Cluj,Din. Bucuresti,2,4,2.12,3.11,3.57,2.12,3.18,3.81,Liga I,,20250412_U.-Cluj_Din.-Bucuresti,31.68421806767128,1.81,1.11,8,4,17,9,49.7,50.3,4,0,0,0,15,7
2025-04-13,Unirea Slobozia,UTA Arad,2,1,2.84,3.02,2.55,2.97,3.08,2.59,Liga I,,20250413_Unirea-Slobozia_UTA-Arad,-83.59431883292154,2.16,0.84,7,3,14,8,50.7,49.3,2,1,0,0,7,4
2025-04-13,Univ. Craiova,FCSB,0,0,2.93,3.11,2.42,3.04,3.17,2.48,Liga I,,20250413_Univ.-Craiova_FCSB,-54.54696712277905,1.16,0.85,5,0,11,0,49.9,50.1,4,2,0,0,7,1
2025-04-14,CFR Cluj,FC Rapid Bucuresti,1,1,1.64,3.67,5.15,1.68,3.73,5.28,Liga I,,20250414_CFR-Cluj_FC-Rapid-Bucuresti,74.23578361204272,0.69,0.2,2,3,5,5,53.6,46.4,0,3,0,1,1,2
2025-04-14,FC Botosani,Otelul,0,1,2.24,2.97,3.48,2.32,2.93,3.63,Liga I,,20250414_FC-Botosani_Otelul,15.26798438625974,0.68,0.59,2,1,5,2,51.0,49.0,0,2,0,0,4,5
2025-04-18,Otelul,Unirea Slobozia,2,0,1.7,3.46,5.06,1.68,3.57,5.62,Liga I,,20250418_Otelul_Unirea-Slobozia,53.876744885519884,0.44,0.05,4,0,9,0,51.6,48.4,3,1,0,0,1,1
2025-04-18,UTA Arad,Sepsi Sf. Gheorghe,1,1,2.97,3.15,2.38,3.11,3.18,2.43,Liga I,,20250418_UTA-Arad_Sepsi-Sf.-Gheorghe,3.8392813722225583,1.29,0.52,4,1,8,4,47.2,52.8,3,1,0,0,3,3
2025-04-19,FC Rapid Bucuresti,U. Cluj,0,2,2.17,3.18,3.3,2.23,3.19,3.49,Liga I,,20250419_FC-Rapid-Bucuresti_U.-Cluj,34.99446462869673,1.21,0.77,4,2,8,3,48.9,51.1,1,1,0,0,5,6
2025-04-19,Farul Constanta,FC Hermannstadt,1,1,2.24,3.32,3.05,2.31,3.3,3.2,Liga I,,20250419_Farul-Constanta_FC-Hermannstadt,0.7250801780280653,1.3,1.34,4,4,8,10,48.4,51.6,1,3,0,0,2,3
2025-04-20,FCSB,CFR Cluj,3,2,2.23,2.86,3.6,2.29,2.91,3.72,Liga I,,20250420_FCSB_CFR-Cluj,34.24350886500315,1.69,1.3,7,5,16,11,49.9,50.1,2,1,0,0,7,7
2025-04-20,Poli Iasi,FC Botosani,3,0,3.28,3.12,2.22,3.5,3.14,2.25,Liga I,,20250420_Poli-Iasi_FC-Botosani,-19.82890907860974,1.33,1.04,3,4,6,9,47.5,52.5,2,3,0,0,2,3
2025-04-21,Din. Bucuresti,Univ. Craiova,0,2,4.0,3.25,1.93,4.35,3.36,1.92,Liga I,,20250421_Din.-Bucuresti_Univ.-Craiova,-93.11431443603692,0.41,0.67,4,2,8,3,54.3,45.7,2,1,0,0,3,0
2025-04-21,Petrolul,Gloria Buzau,4,0,1.75,3.33,4.87,1.8,3.22,5.38,Liga I,,20250421_Petrolul_Gloria-Buzau,105.36935785669152,2.07,0.91,8,3,19,7,53.5,46.5,3,1,0,0,10,4
2025-04-25,Sepsi Sf. Gheorghe,Otelul,0,3,2.01,3.16,3.83,1.95,3.23,4.37,Liga I,,20250425_Sepsi-Sf.-Gheorghe_Otelul,-13.808628795281493,0.17,1.17,1,4,5,7,45.6,54.4,0,1,0,0,5,1
2025-04-25,Unirea Slobozia,Poli Iasi,1,1,2.21,3.18,3.25,2.28,3.17,3.4,Liga I,,20250425_Unirea-Slobozia_Poli-Iasi,-47.09988390066428,0.85,1.6,1,5,5,10,46.3,53.7,2,0,0,0,5,7
2025-04-26,FC Hermannstadt,UTA Arad,3,0,2.2,3.06,3.43,2.21,3.08,3.7,Liga I,,20250426_FC-Hermannstadt_UTA-Arad,38.27555101857024,1.25,1.8,4,6,10,13,55.9,44.1,0,3,0,0,7,7
2025-04-26,U. Cluj,Univ. Craiova,2,1,2.75,3.09,2.56,2.88,3.11,2.65,Liga I,,20250426_U.-Cluj_Univ.-Craiova,-83.26691722172586,0.8,1.34,3,4,5,9,56.1,43.9,2,3,0,0,4,3
2025-04-27,FC Rapid Bucuresti,FCSB,1,2,3.79,3.44,1.93,4.21,3.44,1.92,Liga I,,20250427_FC-Rapid-Bucuresti_FCSB,-127.45358639030201,1.13,0.97,1,3,1,5,48.1,51.9,2,1,0,0,5,3
2025-04-27,Gloria Buzau,FC Botosani,0,2,4.92,4.01,1.6,5.23,4.08,1.63,Liga I,,20250427_Gloria-Buzau_FC-Botosani,-78.78241065994962,1.34,0.92,5,3,10,8,47.0,53.0,2,5,0,0,7,0
2025-04-28,Din. Bucuresti,CFR Cluj,1,1,4.48,3.43,1.78,4.8,3.53,1.79,Liga I,,20250428_Din.-Bucuresti_CFR-Cluj,-107.71816687996761,0.75,0.14,2,1,5,5,48.0,52.0,0,0,0,0,4,3
2025-04-28,Petrolul,Farul Constanta,0,1,2.66,3.18,2.61,2.83,3.12,2.68,Liga I,,20250428_Petrolul_Farul-Constanta,-17.81654111999501,1.38,0.92,6,3,11,7,50.0,50.0,2,2,0,0,6,4
2025-05-02,Poli Iasi,Sepsi Sf. Gheorghe,0,0,3.04,3.27,2.26,3.23,3.31,2.29,Liga I,,20250502_Poli-Iasi_Sepsi-Sf.-Gheorghe,-3.36966736652721,0.47,1.37,2,5,6,13,53.9,46.1,1,1,0,1,1,4
2025-05-02,Univ. Craiova,FC Rapid Bucuresti,1,2,1.58,4.08,5.05,1.59,4.23,5.38,Liga I,,20250502_Univ.-Craiova_FC-Rapid-Bucuresti,67.64482675608701,1.32,0.56,3,3,4,7,48.9,51.1,0,1,0,0,5,7
2025-05-03,CFR Cluj,U. Cluj,1,0,1.92,3.28,4.02,1.79,3.41,5.02,Liga I,,20250503_CFR-Cluj_U.-Cluj,61.725410308996516,2.06,0.49,6,3,13,6,45.1,54.9,4,3,1,0,9,7
2025-05-03,FC Botosani,Unirea Slobozia,1,1,1.51,4.26,5.72,1.5,4.41,6.37,Liga I,,20250503_FC-Botosani_Unirea-Slobozia,49.26831478660779,0.16,0.65,1,4,2,8,58.0,42.0,2,3,0,1,3,8
2025-05-03,Farul Constanta,Gloria Buzau,1,0,1.25,5.85,9.72,1.27,5.66,10.97,Liga I,,20250503_Farul-Constanta_Gloria-Buzau,160.83230892472147,0.98,1.04,3,4,5,9,61.9,38.1,1,3,0,0,4,7
2025-05-04,Otelul,FC Hermannstadt,1,2,2.29,2.89,3.42,2.34,2.89,3.62,Liga I,,20250504_Otelul_FC-Hermannstadt,-27.20101999434837,0.7,0.93,2,2,5,7,54.1,45.9,2,2,0,0,6,2
2025-05-05,FCSB,Din. Bucuresti,3,1,1.43,4.22,7.35,1.43,4.28,8.19,Liga I,,20250505_FCSB_Din.-Bucuresti,167.78348509241573,1.5,0.1,4,1,9,2,51.8,48.2,0,1,0,0,2,2
2025-05-05,UTA Arad,Petrolul,2,0,2.16,3.12,3.43,2.24,3.05,3.64,Liga I,,20250505_UTA-Arad_Petrolul,-20.432157675864573,1.69,0.05,5,0,11,0,49.1,50.9,2,1,0,0,1,2
2025-05-09,Gloria Buzau,Unirea Slobozia,0,3,8.84,5.15,1.3,8.65,5.2,1.3,Liga I,,20250509_Gloria-Buzau_Unirea-Slobozia,-56.66428444821395,1.05,2.09,3,9,8,20,49.7,50.3,3,1,0,0,7,5
2025-05-09,Sepsi Sf. Gheorghe,FC Botosani,2,0,2.29,3.24,3.0,2.34,3.21,3.03,Liga I,,20250509_Sepsi-Sf.-Gheorghe_FC-Botosani,-0.4585511873656287,0.36,1.59,2,5,4,11,53.6,46.4,2,0,0,0,4,5
2025-05-10,FC Hermannstadt,Poli Iasi,1,0,2.11,3.3,3.32,2.13,3.22,3.43,Liga I,,20250510_FC-Hermannstadt_Poli-Iasi,78.37199614266001,1.32,0.72,5,4,11,9,52.2,47.8,0,1,0,0,6,7
2025-05-10,Farul Constanta,UTA Arad,1,2,1.89,3.65,3.62,1.88,3.71,3.69,Liga I,,20250510_Farul-Constanta_UTA-Arad,55.124703113446,0.45,1.11,3,2,5,4,55.2,44.8,1,1,0,0,3,3
2025-05-10,Univ. Craiova,CFR Cluj,2,2,2.04,3.4,3.41,2.03,3.42,3.53,Liga I,,20250510_Univ.-Craiova_CFR-Cluj,-32.300234920074445,2.12,0.36,8,2,19,4,47.6,52.4,0,2,0,0,11,3
2025-05-11,U. Cluj,FCSB,0,2,3.19,3.11,2.27,3.36,3.16,2.31,Liga I,,20250511_U.-Cluj_FCSB,-145.50932841861732,0.62,2.4,4,7,9,15,43.8,56.2,2,0,0,0,3,5
2025-05-12,Din. Bucuresti,FC Rapid Bucuresti,0,0,2.69,3.26,2.5,2.75,3.34,2.61,Liga I,,20250512_Din.-Bucuresti_FC-Rapid-Bucuresti,-45.683651034617014,0.1,0.26,0,0,0,0,53.2,46.8,1,2,0,0,2,1
2025-05-12,Petrolul,Otelul,1,3,2.44,2.72,3.32,2.52,2.61,3.5,Liga I,,20250512_Petrolul_Otelul,-13.651500956856353,1.17,0.94,2,4,5,8,47.4,52.6,2,4,0,0,4,7
2025-05-16,Din. Bucuresti,U. Cluj,1,3,2.91,3.1,2.44,2.97,3.07,2.47,Liga I,,20250516_Din.-Bucuresti_U.-Cluj,-26.690562288943283,1.23,1.83,4,7,12,15,54.5,45.5,3,2,0,0,3,6
2025-05-16,Otelul,Farul Constanta,0,0,2.1,3.53,3.17,2.06,3.64,3.24,Liga I,,20250516_Otelul_Farul-Constanta,-21.033963979892178,0.37,0.61,2,2,6,2,56.0,44.0,2,3,0,0,6,1
2025-05-17,FCSB,Univ. Craiova,1,0,2.14,3.3,3.24,2.12,3.36,3.36,Liga I,,20250517_FCSB_Univ.-Craiova,102.44016051589256,1.31,0.33,5,0,11,0,47.1,52.9,0,2,0,0,6,2
2025-05-17,UTA Arad,Gloria Buzau,0,0,1.1,8.58,19.63,1.1,9.67,18.35,Liga I,,20250517_UTA-Arad_Gloria-Buzau,143.27686154163644,0.52,0.05,2,3,5,4,62.9,37.1,4,2,0,0,5,6
2025-05-18,FC Botosani,FC Hermannstadt,2,1,1.59,3.88,5.2,1.58,3.88,5.44,Liga I,,20250518_FC-Botosani_FC-Hermannstadt,-96.13049934091941,1.66,1.18,4,6,9,11,47.3,52.7,2,4,0,0,6,1
2025-05-18,Poli Iasi,Petrolul,0,2,2.8,2.24,3.66,2.84,2.13,3.64,Liga I,,20250518_Poli-Iasi_Petrolul,-13.204011962063078,1.07,1.85,4,5,10,9,54.7,45.3,0,4,0,0,4,7
2025-05-18,Unirea Slobozia,Sepsi Sf. Gheorghe,2,1,3.09,3.24,2.24,3.17,3.32,2.21,Liga I,,20250518_Unirea-Slobozia_Sepsi-Sf.-Gheorghe,-47.38484220085684,0.56,1.1,2,4,4,10,45.2,54.8,0,0,0,0,2,3
2025-05-19,FC Rapid Bucuresti,CFR Cluj,1,4,2.46,3.45,2.63,2.45,3.35,2.77,Liga I,,20250519_FC-Rapid-Bucuresti_CFR-Cluj,-71.78690317662654,0.76,2.3,2,6,3,14,46.7,53.3,1,1,0,0,4,6
2025-05-23,CFR Cluj,FCSB,1,1,1.43,4.5,6.26,1.46,4.5,5.92,Liga I,,20250523_CFR-Cluj_FCSB,-71.3704086244527,0.91,1.47,2,3,4,9,50.2,49.8,0,4,0,0,4,3
2025-05-24,U. Cluj,FC Rapid Bucuresti,2,2,1.6,3.94,5.03,1.57,4.07,5.2,Liga I,,20250524_U.-Cluj_FC-Rapid-Bucuresti,4.77977379006893,0.05,0.62,2,2,3,6,46.7,53.3,1,1,0,0,5,7
2025-05-24,Univ. Craiova,Din. Bucuresti,2,1,1.56,4.18,5.14,1.57,4.38,5.31,Liga I,,20250524_Univ.-Craiova_Din.-Bucuresti,86.77650381132912,0.77,1.39,2,4,3,9,45.1,54.9,1,2,0,0,2,4
2025-07-11,FC Arges,FC Rapid Bucuresti,0,2,3.55,3.2,2.0,3.95,3.28,2.03,Liga I,,20250711_FC-Arges_FC-Rapid-Bucuresti,-159.51534250095892,0.76,1.43,4,5,9,11,39.8,60.2,3,1,0,0,4,6
2025-07-11,Metaloglobus Bucharest,U. Cluj,1,4,6.8,4.23,1.41,7.69,4.51,1.43,Liga I,,20250711_Metaloglobus-Bucharest_U.-Cluj,-102.90701091784285,0.05,1.59,1,6,0,12,54.1,45.9,2,0,0,0,2,7
2025-07-12,FCSB,FC Hermannstadt,1,1,1.39,4.45,6.92,1.4,4.8,7.81,Liga I,,20250712_FCSB_FC-Hermannstadt,190.95864374655025,1.54,2.13,6,6,12,15,57.4,42.6,1,2,0,1,8,8
2025-07-12,UTA Arad,Univ. Craiova,3,3,3.85,3.42,1.86,4.2,3.56,1.88,Liga I,,20250712_UTA-Arad_Univ.-Craiova,-125.78889907903385,1.26,2.04,5,7,11,17,44.5,55.5,2,2,0,0,11,6
2025-07-13,CFR Cluj,Unirea Slobozia,2,1,1.35,4.49,7.79,1.34,4.78,10.13,Liga I,,20250713_CFR-Cluj_Unirea-Slobozia,215.52778868499217,1.36,0.64,3,2,7,3,60.9,39.1,1,0,0,0,6,1
2025-07-13,Otelul,Petrolul,0,0,2.31,2.91,3.16,2.37,2.97,3.45,Liga I,,20250713_Otelul_Petrolul,25.890405772032636,0.37,0.56,0,2,1,4,46.6,53.4,3,2,0,0,2,1
2025-07-14,Csikszereda M. Ciuc,Din. Bucuresti,2,2,3.2,2.98,2.26,3.36,3.0,2.4,Liga I,,20250714_Csikszereda-M.-Ciuc_Din.-Bucuresti,-59.4101343240352,1.11,1.98,3,7,6,14,49.0,51.0,4,1,0,0,5,8
2025-07-14,FC Botosani,Farul Constanta,1,1,2.32,3.13,2.97,2.52,3.23,2.94,Liga I,,20250714_FC-Botosani_Farul-Constanta,-54.065586358215796,1.28,1.43,4,2,11,4,44.0,56.0,4,2,0,0,10,4
2025-07-18,FC Hermannstadt,Metaloglobus Bucharest,2,2,1.35,4.39,8.32,1.37,4.54,9.99,Liga I,,20250718_FC-Hermannstadt_Metaloglobus-Bucharest,81.71953794152955,1.32,0.29,5,2,13,4,51.5,48.5,2,1,0,0,4,5
2025-07-18,Univ. Craiova,FC Arges,3,1,1.53,3.91,5.61,1.54,4.07,6.34,Liga I,,20250718_Univ.-Craiova_FC-Arges,213.80309477886863,1.17,0.51,5,1,10,1,54.1,45.9,0,3,0,0,3,0
2025-07-19,Petrolul,FCSB,0,1,4.07,3.31,1.84,4.78,3.35,1.84,Liga I,,20250719_Petrolul_FCSB,-241.1252610481772,0.8,1.64,3,4,7,7,37.2,62.8,2,0,0,0,2,3
2025-07-19,U. Cluj,UTA Arad,1,1,1.61,3.71,5.05,1.61,3.9,5.77,Liga I,,20250719_U.-Cluj_UTA-Arad,83.01604509927756,0.88,1.33,2,5,4,11,52.5,47.5,1,4,0,0,2,5
2025-07-20,FC Rapid Bucuresti,CFR Cluj,1,1,2.4,3.31,2.7,2.54,3.34,2.82,Liga I,,20250720_FC-Rapid-Bucuresti_CFR-Cluj,-91.69934794796632,1.41,1.17,4,4,9,7,44.8,55.2,0,0,0,0,8,3
2025-07-20,Farul Constanta,Otelul,3,2,2.09,3.14,3.4,2.15,3.2,3.68,Liga I,,20250720_Farul-Constanta_Otelul,18.62290237158163,0.49,0.83,3,4,6,8,45.6,54.4,2,1,0,0,7,5
2025-07-21,Din. Bucuresti,FC Botosani,0,0,1.67,3.5,4.94,1.66,3.7,5.63,Liga I,,20250721_Din.-Bucuresti_FC-Botosani,39.757266892872394,0.86,0.77,3,3,6,5,50.5,49.5,2,4,0,0,3,5
2025-07-21,Unirea Slobozia,Csikszereda M. Ciuc,6,1,2.22,3.02,3.28,2.31,3.23,3.27,Liga I,,20250721_Unirea-Slobozia_Csikszereda-M.-Ciuc,-17.070761952570365,3.35,0.66,10,3,20,6,54.1,45.9,0,3,0,0,9,3
2025-07-25,Csikszereda M. Ciuc,FC Rapid Bucuresti,0,2,5.53,4.06,1.51,6.18,4.3,1.52,Liga I,,20250725_Csikszereda-M.-Ciuc_FC-Rapid-Bucuresti,-133.2097084723705,1.19,0.98,5,2,9,4,37.7,62.3,2,1,0,0,6,5
2025-07-25,Metaloglobus Bucharest,Petrolul,0,3,4.53,3.35,1.75,4.79,3.43,1.82,Liga I,,20250725_Metaloglobus-Bucharest_Petrolul,-11.982301094319837,0.46,0.65,0,3,0,6,48.7,51.3,1,0,0,0,2,6
2025-07-26,FCSB,Farul Constanta,1,2,1.62,3.83,4.69,1.7,3.88,4.85,Liga I,,20250726_FCSB_Farul-Constanta,191.83303672598527,0.46,0.3,2,2,4,4,62.0,38.0,0,4,0,0,7,5
2025-07-26,UTA Arad,FC Hermannstadt,1,0,2.26,3.18,3.02,2.36,3.1,3.31,Liga I,,20250726_UTA-Arad_FC-Hermannstadt,-39.150811644258965,1.55,0.36,6,2,14,5,49.4,50.6,2,4,0,0,7,5
2025-07-27,CFR Cluj,FC Arges,0,2,1.66,3.39,5.21,1.57,3.82,6.59,Liga I,,20250727_CFR-Cluj_FC-Arges,267.2394210546304,1.96,1.39,6,6,13,13,64.4,35.6,0,1,0,0,4,8
2025-07-27,Otelul,Din. Bucuresti,2,1,4.03,3.16,1.9,4.22,3.11,2.03,Liga I,,20250727_Otelul_Din.-Bucuresti,-18.009642493691217,0.73,1.82,2,5,7,12,55.7,44.3,0,1,0,0,3,8
2025-07-28,FC Botosani,Unirea Slobozia,4,0,2.1,3.2,3.3,2.25,3.28,3.36,Liga I,,20250728_FC-Botosani_Unirea-Slobozia,21.437335064590343,1.06,0.36,4,1,7,4,55.2,44.8,2,3,0,0,6,2
2025-07-28,Univ. Craiova,U. Cluj,2,1,2.3,3.29,2.87,2.55,3.43,2.75,Liga I,,20250728_Univ.-Craiova_U.-Cluj,42.68355136115656,0.56,0.59,3,1,7,2,51.6,48.4,2,0,0,0,3,3
2025-08-01,Farul Constanta,Metaloglobus Bucharest,2,1,1.41,4.4,6.58,1.46,4.63,6.6,Liga I,,20250801_Farul-Constanta_Metaloglobus-Bucharest,100.47299085585746,2.2,1.26,7,3,15,7,58.1,41.9,0,0,0,0,10,5
2025-08-01,Petrolul,UTA Arad,1,2,2.82,2.95,2.53,2.96,2.93,2.71,Liga I,,20250801_Petrolul_UTA-Arad,-26.80350152926235,2.34,1.42,7,5,19,10,53.7,46.3,2,1,0,0,12,3
2025-08-02,Din. Bucuresti,FCSB,4,3,3.3,3.25,2.08,3.13,3.29,2.35,Liga I,,20250802_Din.-Bucuresti_FCSB,-209.7571098325484,0.94,1.57,4,6,8,11,39.9,60.1,2,1,0,0,5,14
2025-08-02,FC Arges,Csikszereda M. Ciuc,3,1,1.71,3.35,4.82,1.91,3.29,4.48,Liga I,,20250802_FC-Arges_Csikszereda-M.-Ciuc,-21.15219143980994,1.62,0.79,6,2,12,5,49.1,50.9,0,0,0,0,6,3
2025-08-03,CFR Cluj,Univ. Craiova,2,3,2.03,3.27,3.45,2.39,3.27,3.1,Liga I,,20250803_CFR-Cluj_Univ.-Craiova,12.295372072097734,0.69,0.82,2,3,4,7,46.4,53.6,1,1,0,0,1,0
2025-08-03,FC Hermannstadt,U. Cluj,2,2,3.05,3.11,2.28,2.91,3.26,2.52,Liga I,,20250803_FC-Hermannstadt_U.-Cluj,-41.05077643443519,1.7,1.05,8,5,17,12,54.1,45.9,3,0,0,0,11,6
2025-08-04,FC Rapid Bucuresti,FC Botosani,2,1,1.6,3.78,4.99,1.59,3.93,5.93,Liga I,,20250804_FC-Rapid-Bucuresti_FC-Botosani,100.01639279520555,1.74,0.95,6,2,14,3,54.0,46.0,2,2,0,0,8,4
2025-08-04,Unirea Slobozia,Otelul,0,0,2.91,3.02,2.42,2.87,2.97,2.76,Liga I,,20250804_Unirea-Slobozia_Otelul,-64.33254282779626,0.27,1.64,1,5,1,10,43.8,56.2,2,2,0,0,4,7
2025-08-08,Metaloglobus Bucharest,Din. Bucuresti,0,1,8.13,4.48,1.35,8.24,4.95,1.37,Liga I,,20250808_Metaloglobus-Bucharest_Din.-Bucuresti,-73.59775120013342,0.4,0.96,0,4,1,11,42.4,57.6,2,0,0,0,6,7
2025-08-09,U. Cluj,Petrolul,1,1,1.77,3.44,4.23,1.81,3.36,4.94,Liga I,,20250809_U.-Cluj_Petrolul,89.97682613358779,1.19,0.79,5,2,11,2,54.7,45.3,3,0,0,0,7,4
2025-08-09,UTA Arad,Farul Constanta,2,1,2.51,3.18,2.66,2.28,3.27,3.3,Liga I,,20250809_UTA-Arad_Farul-Constanta,-36.06188738381252,0.58,0.05,2,1,6,4,47.0,53.0,1,1,0,0,4,0
2025-08-10,FCSB,Unirea Slobozia,0,1,1.35,4.57,7.49,1.36,4.91,8.78,Liga I,,20250810_FCSB_Unirea-Slobozia,246.18305237483105,0.25,2.79,1,9,2,16,54.1,45.9,0,0,0,0,3,8
2025-08-10,Univ. Craiova,FC Hermannstadt,1,0,1.85,3.36,3.94,1.57,3.93,6.2,Liga I,,20250810_Univ.-Craiova_FC-Hermannstadt,115.81380470967633,0.45,1.15,1,3,4,8,52.7,47.3,1,0,0,0,4,4
2025-08-11,FC Botosani,FC Arges,3,1,2.81,2.84,2.61,2.98,2.84,2.77,Liga I,,20250811_FC-Botosani_FC-Arges,48.20198885495097,1.74,0.08,7,1,16,3,52.3,47.7,2,4,0,0,13,0
2025-08-11,Otelul,FC Rapid Bucuresti,1,1,3.44,3.14,2.07,4.16,3.18,2.02,Liga I,,20250811_Otelul_FC-Rapid-Bucuresti,-90.47705792566421,0.44,0.81,2,3,4,6,42.1,57.9,2,1,0,0,2,2
2025-08-15,Din. Bucuresti,UTA Arad,1,1,1.76,3.55,4.11,1.88,3.56,4.19,Liga I,,20250815_Din.-Bucuresti_UTA-Arad,-11.80583941760483,1.03,0.85,2,3,5,6,45.8,54.2,1,1,0,1,4,4
2025-08-15,Unirea Slobozia,Metaloglobus Bucharest,2,1,2.08,3.2,3.32,1.92,3.36,4.34,Liga I,,20250815_Unirea-Slobozia_Metaloglobus-Bucharest,29.03179541152076,1.32,1.05,2,3,6,7,55.2,44.8,2,3,0,0,4,6
2025-08-16,Petrolul,FC Hermannstadt,1,1,2.75,2.92,2.58,2.78,2.97,2.85,Liga I,,20250816_Petrolul_FC-Hermannstadt,-40.56679855792231,1.24,0.58,3,2,7,4,52.9,47.1,1,1,0,0,7,2
2025-08-17,CFR Cluj,FC Botosani,3,3,1.7,3.44,4.74,1.74,3.45,5.36,Liga I,,20250817_CFR-Cluj_FC-Botosani,144.02269694314236,0.91,1.96,3,7,7,16,49.4,50.6,2,0,0,0,6,9
2025-08-17,Csikszereda M. Ciuc,Univ. Craiova,1,2,3.77,3.39,1.87,4.55,3.65,1.79,Liga I,,20250817_Csikszereda-M.-Ciuc_Univ.-Craiova,-227.57299033366644,0.26,0.44,1,2,1,5,45.9,54.1,4,1,1,0,3,4
2025-08-17,FC Rapid Bucuresti,FCSB,2,2,2.62,3.18,2.52,3.04,3.26,2.43,Liga I,,20250817_FC-Rapid-Bucuresti_FCSB,-79.50611158168408,0.94,0.5,3,2,5,4,53.7,46.3,1,0,0,0,4,2
2025-08-18,FC Arges,Otelul,2,0,2.19,3.01,3.31,2.62,3.18,2.85,Liga I,,20250818_FC-Arges_Otelul,-88.41911399618448,1.49,0.84,5,2,10,3,50.7,49.3,2,3,0,0,5,3
2025-08-18,Farul Constanta,U. Cluj,0,1,2.32,3.28,2.8,2.36,3.37,3.05,Liga I,,20250818_Farul-Constanta_U.-Cluj,-15.160343941155134,1.05,0.9,3,4,5,10,51.7,48.3,1,1,0,0,5,4
2025-08-22,Metaloglobus Bucharest,FC Rapid Bucuresti,1,2,7.22,4.43,1.38,8.04,4.89,1.38,Liga I,,20250822_Metaloglobus-Bucharest_FC-Rapid-Bucuresti,-170.77270345266857,1.52,0.64,4,2,9,5,43.5,56.5,1,0,0,0,6,2
2025-08-22,UTA Arad,Unirea Slobozia,1,1,1.78,3.61,3.92,1.85,3.71,4.14,Liga I,,20250822_UTA-Arad_Unirea-Slobozia,63.955338402082134,1.14,0.37,5,1,9,3,60.4,39.6,2,0,0,0,3,4
2025-08-23,FC Botosani,Csikszereda M. Ciuc,3,1,1.9,3.28,3.84,1.9,3.42,4.33,Liga I,,20250823_FC-Botosani_Csikszereda-M.-Ciuc,72.66227469031264,0.98,0.23,5,1,10,2,51.2,48.8,1,1,0,0,5,1
2025-08-23,U. Cluj,Din. Bucuresti,0,1,2.3,3.22,2.9,2.34,3.3,3.15,Liga I,,20250823_U.-Cluj_Din.-Bucuresti,47.61502105330169,0.4,0.62,2,1,3,5,49.0,51.0,3,1,0,0,2,1
2025-08-24,FCSB,FC Arges,0,2,1.55,3.83,5.44,1.68,3.82,5.19,Liga I,,20250824_FCSB_FC-Arges,234.60118328121644,1.29,0.82,6,2,13,6,60.8,39.2,2,4,0,0,6,5
2025-08-24,Otelul,CFR Cluj,4,1,3.11,3.13,2.21,3.71,3.05,2.22,Liga I,,20250824_Otelul_CFR-Cluj,-134.77896585926783,2.76,0.79,7,2,14,5,50.0,50.0,0,2,0,0,3,2
2025-08-24,Univ. Craiova,Petrolul,2,0,1.71,3.46,4.53,1.74,3.59,5.05,Liga I,,20250824_Univ.-Craiova_Petrolul,176.36900458788477,1.09,0.05,2,0,4,0,58.1,41.9,2,1,0,0,1,4
2025-08-25,FC Hermannstadt,Farul Constanta,1,0,2.4,3.07,2.86,2.3,3.16,3.37,Liga I,,20250825_FC-Hermannstadt_Farul-Constanta,-18.08770830602589,0.77,0.47,3,1,7,0,50.9,49.1,3,1,0,0,4,2
2025-08-29,FC Rapid Bucuresti,UTA Arad,2,0,1.56,3.94,5.04,1.65,4.07,5.02,Liga I,,20250829_FC-Rapid-Bucuresti_UTA-Arad,64.50558744217574,0.46,1.19,2,3,6,5,54.7,45.3,2,2,0,0,3,4
2025-08-30,Din. Bucuresti,FC Hermannstadt,2,0,1.92,3.25,3.79,1.92,3.36,4.34,Liga I,,20250830_Din.-Bucuresti_FC-Hermannstadt,9.596637679200512,0.05,0.56,3,1,7,4,55.7,44.3,2,2,0,0,2,6
2025-08-30,Unirea Slobozia,U. Cluj,0,1,3.61,3.19,1.99,3.81,3.25,2.09,Liga I,,20250830_Unirea-Slobozia_U.-Cluj,-84.76105658120309,0.59,1.19,2,3,4,6,46.5,53.5,0,3,0,0,7,5
2025-08-31,CFR Cluj,FCSB,2,2,2.42,3.12,2.81,2.49,3.09,3.1,Liga I,,20250831_CFR-Cluj_FCSB,-38.7562244039525,1.48,1.82,5,5,11,11,45.3,54.7,1,1,0,0,9,5
2025-08-31,FC Arges,Metaloglobus Bucharest,2,1,1.53,3.74,5.93,1.62,3.67,6.18,Liga I,,20250831_FC-Arges_Metaloglobus-Bucharest,35.87531530003116,1.46,1.04,5,2,10,6,54.4,45.6,1,1,0,0,4,8
2025-08-31,FC Botosani,Univ. Craiova,1,1,2.97,3.27,2.23,3.42,3.36,2.18,Liga I,,20250831_FC-Botosani_Univ.-Craiova,-161.9664989546211,1.01,0.83,2,4,7,8,47.6,52.4,1,0,0,0,4,4
2025-09-01,Csikszereda M. Ciuc,Otelul,1,1,3.2,3.12,2.17,3.5,3.21,2.22,Liga I,,20250901_Csikszereda-M.-Ciuc_Otelul,-98.45163388586366,0.99,1.58,2,4,3,10,46.5,53.5,1,3,0,0,3,9
2025-09-01,Farul Constanta,Petrolul,2,1,1.92,3.29,3.77,2.1,3.32,3.69,Liga I,,20250901_Farul-Constanta_Petrolul,49.62358737496993,1.09,0.29,3,1,7,1,52.1,47.9,2,0,0,0,9,3
2025-09-12,U. Cluj,FC Rapid Bucuresti,0,0,2.32,2.99,3.02,2.35,3.03,3.41,Liga I,,20250912_U.-Cluj_FC-Rapid-Bucuresti,-39.99934406933312,0.26,0.77,1,2,1,3,54.8,45.2,3,2,0,0,1,3
2025-09-13,Metaloglobus Bucharest,CFR Cluj,1,1,5.77,3.69,1.54,7.24,4.42,1.45,Liga I,,20250913_Metaloglobus-Bucharest_CFR-Cluj,-205.69670444436815,1.25,0.91,4,3,8,8,42.7,57.3,1,3,0,0,6,5
2025-09-13,UTA Arad,FC Arges,3,3,2.53,3.04,2.69,2.68,3.27,2.72,Liga I,,20250913_UTA-Arad_FC-Arges,62.89900609256097,1.7,0.89,6,3,13,5,53.3,46.7,1,2,0,0,5,6
2025-09-14,Csikszereda M. Ciuc,FCSB,1,1,6.65,4.31,1.41,7.93,4.88,1.39,Liga I,,20250914_Csikszereda-M.-Ciuc_FCSB,-234.47185832894638,0.85,0.34,2,3,5,9,39.6,60.4,3,1,0,0,4,7
2025-09-14,Otelul,FC Botosani,0,1,2.13,3.08,3.33,2.2,3.1,3.69,Liga I,,20250914_Otelul_FC-Botosani,-1.796710943465996,0.87,0.05,2,1,4,3,48.0,52.0,1,1,0,0,3,5
2025-09-14,Univ. Craiova,Farul Constanta,2,0,1.84,3.6,3.68,1.72,4.08,4.45,Liga I,,20250914_Univ.-Craiova_Farul-Constanta,123.99219912857029,1.02,0.78,5,3,12,5,49.7,50.3,1,1,0,0,7,5
2025-09-15,FC Hermannstadt,Unirea Slobozia,0,2,1.86,3.22,4.06,1.88,3.21,4.81,Liga I,,20250915_FC-Hermannstadt_Unirea-Slobozia,52.27864692678304,1.49,1.04,6,3,12,4,55.1,44.9,3,3,0,1,4,2
2025-09-15,Petrolul,Din. Bucuresti,0,3,3.63,3.1,2.02,3.58,3.26,2.16,Liga I,,20250915_Petrolul_Din.-Bucuresti,-88.34709434014644,0.12,1.69,1,4,0,10,44.3,55.7,1,3,0,0,2,5
2025-09-19,FC Botosani,FCSB,3,1,4.07,3.66,1.75,4.67,3.72,1.76,Liga I,,20250919_FC-Botosani_FCSB,-121.85195672632472,1.52,0.37,5,1,13,3,50.9,49.1,1,0,0,0,6,3
2025-09-20,FC Arges,U. Cluj,1,0,2.99,2.82,2.47,3.38,2.79,2.54,Liga I,,20250920_FC-Arges_U.-Cluj,-106.22629277584156,0.1,0.74,1,3,0,7,47.9,52.1,1,2,0,0,4,2
2025-09-20,Otelul,Univ. Craiova,1,0,3.2,3.23,2.14,3.5,3.26,2.19,Liga I,,20250920_Otelul_Univ.-Craiova,-173.1490914133758,0.2,1.14,1,5,3,10,49.0,51.0,1,6,0,0,5,9
2025-09-21,CFR Cluj,UTA Arad,1,1,1.62,3.73,4.82,1.65,3.95,5.26,Liga I,,20250921_CFR-Cluj_UTA-Arad,81.16446198421204,1.53,1.3,4,6,8,13,46.2,53.8,3,0,0,0,7,4
2025-09-21,FC Rapid Bucuresti,FC Hermannstadt,1,2,1.84,3.41,3.89,1.93,3.41,4.19,Liga I,,20250921_FC-Rapid-Bucuresti_FC-Hermannstadt,103.15680551456944,1.37,1.5,4,3,9,7,52.1,47.9,4,1,0,0,5,5
2025-09-21,Unirea Slobozia,Petrolul,1,0,2.6,2.87,2.78,2.76,2.86,2.98,Liga I,,20250921_Unirea-Slobozia_Petrolul,25.939398640379068,0.54,1.25,2,5,5,11,55.1,44.9,1,0,0,0,4,3
2025-09-22,Csikszereda M. Ciuc,Metaloglobus Bucharest,2,2,1.92,3.36,3.72,2.21,3.27,3.46,Liga I,,20250922_Csikszereda-M.-Ciuc_Metaloglobus-Bucharest,7.996622618244146,0.65,0.51,2,2,5,4,49.0,51.0,1,1,0,0,1,7
2025-09-22,Din. Bucuresti,Farul Constanta,1,1,1.82,3.48,3.89,1.8,3.61,4.58,Liga I,,20250922_Din.-Bucuresti_Farul-Constanta,35.0314357688444,0.84,1.63,2,6,5,13,45.9,54.1,3,0,1,0,6,3
2025-09-26,FC Hermannstadt,FC Arges,0,1,2.24,2.99,3.23,2.31,2.95,3.61,Liga I,,20250926_FC-Hermannstadt_FC-Arges,40.220973736387805,1.09,1.03,3,2,7,6,49.6,50.4,0,3,0,0,9,3
2025-09-26,Univ. Craiova,Din. Bucuresti,2,2,2.0,3.3,3.44,2.17,3.46,3.35,Liga I,,20250926_Univ.-Craiova_Din.-Bucuresti,88.41760381577865,1.07,1.89,4,5,9,10,55.2,44.8,0,2,0,1,3,6
2025-09-27,Petrolul,FC Rapid Bucuresti,0,1,3.3,3.08,2.15,3.35,3.12,2.33,Liga I,,20250927_Petrolul_FC-Rapid-Bucuresti,-149.43454766035848,0.86,0.78,1,3,2,8,40.3,59.7,4,4,0,0,1,5
2025-09-27,UTA Arad,Csikszereda M. Ciuc,0,0,1.62,3.73,4.79,1.65,3.98,5.14,Liga I,,20250927_UTA-Arad_Csikszereda-M.-Ciuc,106.81246346921898,0.95,0.93,3,2,9,3,55.4,44.6,3,3,0,0,4,5
2025-09-28,FCSB,Otelul,1,0,1.53,3.84,5.6,1.6,4.03,5.61,Liga I,,20250928_FCSB_Otelul,113.95046265984456,0.43,1.41,2,5,4,11,57.5,42.5,1,3,1,0,2,8
2025-09-28,Farul Constanta,Unirea Slobozia,1,1,1.46,4.22,5.99,1.45,4.59,6.99,Liga I,,20250928_Farul-Constanta_Unirea-Slobozia,35.50179280194061,0.63,0.61,2,3,3,7,57.0,43.0,1,2,0,0,2,5
2025-09-29,Metaloglobus Bucharest,FC Botosani,0,2,3.51,3.29,2.0,3.96,3.34,2.01,Liga I,,20250929_Metaloglobus-Bucharest_FC-Botosani,-122.26843501340932,0.55,1.31,3,4,7,6,50.8,49.2,2,3,0,0,9,3
2025-09-29,U. Cluj,CFR Cluj,2,2,2.65,2.94,2.68,2.55,3.02,3.09,Liga I,,20250929_U.-Cluj_CFR-Cluj,-46.34442713728754,0.95,1.14,2,4,4,9,47.9,52.1,1,1,0,0,4,5
2025-10-03,Unirea Slobozia,Din. Bucuresti,0,1,5.12,3.75,1.59,4.84,3.82,1.71,Liga I,,20251003_Unirea-Slobozia_Din.-Bucuresti,-69.88914598808901,1.06,1.47,2,5,4,10,39.7,60.3,0,0,0,0,4,2
2025-10-04,Csikszereda M. Ciuc,U. Cluj,2,1,3.69,3.32,1.93,3.89,3.33,2.03,Liga I,,20251004_Csikszereda-M.-Ciuc_U.-Cluj,-134.1397446330493,1.35,1.3,4,4,10,9,42.3,57.7,3,0,0,0,3,6
2025-10-04,FC Arges,Petrolul,0,1,1.99,2.95,4.05,2.03,2.93,4.63,Liga I,,20251004_FC-Arges_Petrolul,57.49840479564887,1.48,0.32,6,2,13,5,49.3,50.7,2,3,0,1,10,3
2025-10-04,FC Rapid Bucuresti,Farul Constanta,3,1,1.91,3.38,3.71,1.95,3.33,4.23,Liga I,,20251004_FC-Rapid-Bucuresti_Farul-Constanta,74.13887239676978,1.04,1.66,4,5,8,11,51.9,48.1,0,1,0,0,7,8
2025-10-05,CFR Cluj,FC Hermannstadt,2,1,1.77,3.39,4.35,1.7,3.64,5.24,Liga I,,20251005_CFR-Cluj_FC-Hermannstadt,93.02405904705051,0.82,1.0,2,2,3,7,56.3,43.7,2,0,0,0,3,4
2025-10-05,FCSB,Univ. Craiova,1,0,2.12,3.26,3.21,2.12,3.36,3.58,Liga I,,20251005_FCSB_Univ.-Craiova,-12.949570201870756,0.76,1.22,2,4,5,9,55.1,44.9,2,3,0,0,1,4
2025-10-06,FC Botosani,UTA Arad,2,1,1.99,3.29,3.47,1.99,3.46,3.89,Liga I,,20251006_FC-Botosani_UTA-Arad,19.531923670723927,1.34,1.35,4,4,9,9,56.4,43.6,2,1,0,0,4,5
2025-10-06,Otelul,Metaloglobus Bucharest,4,0,1.5,4.0,5.83,1.52,4.11,6.67,Liga I,,20251006_Otelul_Metaloglobus-Bucharest,97.82515122647487,1.13,0.56,4,2,9,4,54.2,45.8,2,2,0,0,7,3
2025-10-16,Csikszereda M. Ciuc,CFR Cluj,2,2,3.23,3.02,2.33,3.52,3.04,2.38,Liga I,,20251016_Csikszereda-M.-Ciuc_CFR-Cluj,-169.74759886016977,1.36,2.08,4,8,7,18,38.5,61.5,2,0,0,0,4,9
2025-10-17,Farul Constanta,FC Arges,0,0,2.08,3.17,3.42,2.2,3.15,3.61,Liga I,,20251017_Farul-Constanta_FC-Arges,36.557894264296465,0.7,0.89,2,3,4,7,53.5,46.5,0,2,0,0,8,4
2025-10-18,Metaloglobus Bucharest,FCSB,2,1,9.78,4.98,1.27,10.93,5.51,1.28,Liga I,,20251018_Metaloglobus-Bucharest_FCSB,-249.3296334558072,2.16,1.0,5,3,12,7,38.3,61.7,3,4,0,0,4,8
2025-10-18,U. Cluj,FC Botosani,0,2,1.74,3.39,4.51,1.78,3.51,4.96,Liga I,,20251018_U.-Cluj_FC-Botosani,-12.792152767880907,2.27,1.86,8,9,16,20,43.6,56.4,3,0,0,0,13,8
2025-10-18,Univ. Craiova,Unirea Slobozia,3,1,1.39,4.44,6.77,1.42,4.74,7.36,Liga I,,20251018_Univ.-Craiova_Unirea-Slobozia,149.49869993260018,0.51,1.05,3,4,8,9,52.1,47.9,5,0,0,0,5,7
2025-10-19,Din. Bucuresti,FC Rapid Bucuresti,0,2,2.15,3.05,3.38,2.25,3.01,3.69,Liga I,,20251019_Din.-Bucuresti_FC-Rapid-Bucuresti,-37.16699289250778,0.16,0.59,2,3,4,6,45.7,54.3,2,1,0,0,0,6
2025-10-19,UTA Arad,Otelul,0,4,2.56,2.91,2.82,2.58,2.79,3.31,Liga I,,20251019_UTA-Arad_Otelul,0.7636906999266557,0.89,1.73,4,7,9,13,44.8,55.2,4,0,0,0,6,8
2025-10-20,FC Hermannstadt,Csikszereda M. Ciuc,0,2,1.73,3.47,4.48,1.71,3.52,5.42,Liga I,,20251020_FC-Hermannstadt_Csikszereda-M.-Ciuc,53.56314598585095,0.78,1.04,3,4,8,10,54.3,45.7,4,3,0,0,2,2
2025-10-20,Petrolul,CFR Cluj,1,0,4.42,3.11,1.85,5.03,3.32,1.81,Liga I,,20251020_Petrolul_CFR-Cluj,-153.434128715827,0.54,0.32,1,0,2,0,46.2,53.8,0,2,0,0,1,1
2025-10-24,Csikszereda M. Ciuc,Petrolul,1,1,2.72,2.96,2.61,2.73,3.07,2.69,Liga I,,20251024_Csikszereda-M.-Ciuc_Petrolul,-8.583816894454912,1.46,0.59,5,1,11,3,49.3,50.7,1,2,0,0,6,1
2025-10-24,FC Arges,Din. Bucuresti,1,1,3.15,2.83,2.38,3.08,3.15,2.38,Liga I,,20251024_FC-Arges_Din.-Bucuresti,-80.505587089026,1.11,1.17,3,4,9,9,52.3,47.7,4,0,0,0,8,9
2025-10-25,CFR Cluj,Farul Constanta,0,2,1.8,3.53,3.97,1.79,3.67,4.19,Liga I,,20251025_CFR-Cluj_Farul-Constanta,71.59201104216595,0.55,0.98,1,3,1,8,54.0,46.0,2,0,0,0,2,3
2025-10-25,Otelul,U. Cluj,1,2,2.4,2.83,3.13,2.89,2.69,2.91,Liga I,,20251025_Otelul_U.-Cluj,-6.570912536463538,1.15,0.91,4,2,9,5,51.1,48.9,2,5,0,0,5,7
2025-10-26,FCSB,UTA Arad,4,0,1.55,3.94,5.21,1.49,4.21,6.26,Liga I,,20251026_FCSB_UTA-Arad,125.96634568942386,1.48,0.53,5,3,11,6,53.7,46.3,2,1,0,0,4,2
2025-10-26,Metaloglobus Bucharest,Univ. Craiova,0,0,6.04,4.19,1.46,6.05,4.35,1.49,Liga I,,20251026_Metaloglobus-Bucharest_Univ.-Craiova,-225.13305351312238,0.98,1.22,5,4,12,8,41.6,58.4,1,0,0,0,4,7
2025-10-27,FC Botosani,FC Hermannstadt,2,0,1.95,3.21,3.78,2.09,3.34,3.52,Liga I,,20251027_FC-Botosani_FC-Hermannstadt,80.49408614185313,1.15,0.18,4,1,7,2,49.3,50.7,2,0,0,1,0,1
2025-10-27,FC Rapid Bucuresti,Unirea Slobozia,4,1,1.4,4.38,6.9,1.49,4.21,6.17,Liga I,,20251027_FC-Rapid-Bucuresti_Unirea-Slobozia,144.14683783844862,2.42,1.44,6,4,12,8,60.3,39.7,1,0,1,0,3,9
2025-10-31,Din. Bucuresti,CFR Cluj,2,1,2.27,3.08,3.06,,,,Liga I,,20251031_Din.-Bucuresti_CFR-Cluj,-13.421825840129486,0.99,1.33,3,4,7,7,60.4,39.6,0,0,0,0,7,3
2025-11-01,U. Cluj,FCSB,0,2,3.04,3.09,2.27,,,,Liga I,,20251101_U.-Cluj_FCSB,-92.16368777371872,0.05,0.78,0,2,0,4,42.4,57.6,2,2,0,0,3,1
2025-11-01,Unirea Slobozia,FC Arges,0,1,3.51,2.9,2.16,,,,Liga I,,20251101_Unirea-Slobozia_FC-Arges,-15.052379338686933,0.49,0.18,3,1,6,1,51.2,48.8,1,2,0,0,5,1
2025-11-02,FC Hermannstadt,Otelul,1,3,2.45,2.91,2.94,,,,Liga I,,20251102_FC-Hermannstadt_Otelul,-35.50972672225339,1.42,1.44,4,4,8,6,45.5,54.5,1,5,0,0,6,6
2025-11-02,UTA Arad,Metaloglobus Bucharest,2,0,1.74,3.43,4.44,,,,Liga I,,20251102_UTA-Arad_Metaloglobus-Bucharest,69.91863642112185,1.67,0.43,7,0,17,3,49.9,50.1,2,1,0,0,6,6
2025-11-02,Univ. Craiova,FC Rapid Bucuresti,2,2,2.1,3.23,3.28,,,,Liga I,,20251102_Univ.-Craiova_FC-Rapid-Bucuresti,5.48593562659039,1.17,1.28,4,4,8,8,52.8,47.2,2,1,0,0,2,2
2025-11-03,Farul Constanta,Csikszereda M. Ciuc,3,0,1.66,3.76,4.45,,,,Liga I,,20251103_Farul-Constanta_Csikszereda-M.-Ciuc,70.60815700463218,1.46,1.27,6,5,15,11,51.4,48.6,2,2,0,0,8,5
2025-11-03,Petrolul,FC Botosani,0,0,2.92,2.98,2.4,,,,Liga I,,20251103_Petrolul_FC-Botosani,-107.36738586362844,0.58,1.12,3,6,4,15,42.5,57.5,1,2,0,1,1,8
2025-11-07,Farul Constanta,FC Botosani,2,0,2.29,3.18,2.96,,,,Liga I,,20251107_Farul-Constanta_FC-Botosani,-31.5612754593742,1.83,0.62,7,2,13,3,45.8,54.2,2,3,0,0,6,3
2025-11-07,U. Cluj,Metaloglobus Bucharest,3,1,1.42,4.13,6.95,,,,Liga I,,20251107_U.-Cluj_Metaloglobus-Bucharest,120.10985694813394,1.09,1.77,3,4,6,8,58.4,41.6,1,1,0,0,2,6
2025-11-08,Din. Bucuresti,Csikszereda M. Ciuc,4,0,1.35,4.58,7.7,,,,Liga I,,20251108_Din.-Bucuresti_Csikszereda-M.-Ciuc,121.9594185698254,1.87,1.2,7,4,16,8,48.0,52.0,3,1,0,0,8,4
2025-11-08,FC Rapid Bucuresti,FC Arges,2,0,1.91,3.17,3.96,,,,Liga I,,20251108_FC-Rapid-Bucuresti_FC-Arges,132.38072392748586,1.01,0.66,4,1,8,0,60.8,39.2,1,3,0,0,8,4
2025-11-08,Petrolul,Otelul,0,0,2.97,2.85,2.49,,,,Liga I,,20251108_Petrolul_Otelul,-51.029123565100235,0.5,0.65,0,3,0,9,57.6,42.4,1,2,0,0,2,4
2025-11-09,FC Hermannstadt,FCSB,3,3,4.5,3.46,1.73,,,,Liga I,,20251109_FC-Hermannstadt_FCSB,-177.45766933901155,2.15,0.72,5,3,10,8,41.9,58.1,2,1,0,0,4,8
2025-11-09,Unirea Slobozia,CFR Cluj,0,1,5.47,3.86,1.54,,,,Liga I,,20251109_Unirea-Slobozia_CFR-Cluj,-102.53319054543317,0.31,0.24,2,1,6,2,45.9,54.1,1,2,0,1,4,3
2025-11-09,Univ. Craiova,UTA Arad,1,2,1.45,4.32,5.99,,,,Liga I,,20251109_Univ.-Craiova_UTA-Arad,131.72029287334908,0.76,1.58,3,5,8,8,54.1,45.9,2,4,0,0,6,5
2025-11-21,Csikszereda M. Ciuc,Unirea Slobozia,2,1,2.3,3.21,2.9,,,,Liga I,,20251121_Csikszereda-M.-Ciuc_Unirea-Slobozia,-7.315952785453874,1.13,1.22,5,3,12,5,44.2,55.8,1,4,0,0,5,6
2025-11-21,FC Arges,Univ. Craiova,1,2,3.49,2.95,2.13,,,,Liga I,,20251121_FC-Arges_Univ.-Craiova,-128.78126478079525,1.72,0.94,4,4,8,7,51.2,48.8,0,0,0,0,6,3
2025-11-22,FCSB,Petrolul,1,1,1.58,3.66,5.43,,,,Liga I,,20251122_FCSB_Petrolul,164.025081954371,0.48,0.45,2,1,6,2,56.8,43.2,2,1,0,0,3,1
2025-11-22,UTA Arad,U. Cluj,0,2,3.34,2.99,2.17,,,,Liga I,,20251122_UTA-Arad_U.-Cluj,-22.62281565940725,0.61,1.25,2,4,3,8,47.6,52.4,4,3,0,0,6,4
2025-11-23,CFR Cluj,FC Rapid Bucuresti,3,0,2.04,3.28,3.36,,,,Liga I,,20251123_CFR-Cluj_FC-Rapid-Bucuresti,-66.939663029249,1.82,0.44,5,1,10,3,49.9,50.1,2,3,0,0,5,2
2025-11-23,Otelul,Farul Constanta,2,2,2.26,3.04,3.11,,,,Liga I,,20251123_Otelul_Farul-Constanta,-32.42473894589148,0.83,0.67,3,2,6,7,50.3,49.7,4,3,1,0,4,5
2025-11-24,FC Botosani,Din. Bucuresti,1,1,3.23,3.2,2.12,,,,Liga I,,20251124_FC-Botosani_Din.-Bucuresti,-21.64103048307902,0.39,0.87,1,4,2,8,50.9,49.1,2,1,0,0,3,4
2025-11-24,Metaloglobus Bucharest,FC Hermannstadt,1,1,3.43,3.11,2.09,,,,Liga I,,20251124_Metaloglobus-Bucharest_FC-Hermannstadt,-66.25044044365836,0.57,0.29,2,1,7,3,45.1,54.9,1,3,0,0,6,2
2025-11-28,FC Rapid Bucuresti,Csikszereda M. Ciuc,4,1,1.36,4.59,7.3,,,,Liga I,,20251128_FC-Rapid-Bucuresti_Csikszereda-M.-Ciuc,167.36829173433807,1.77,1.9,4,5,8,12,56.5,43.5,0,3,0,0,4,5
2025-11-29,Din. Bucuresti,Otelul,1,0,1.8,3.37,4.21,,,,Liga I,,20251129_Din.-Bucuresti_Otelul,57.58968616050129,1.17,1.8,5,4,12,8,48.0,52.0,1,1,0,0,9,5
2025-11-29,FC Arges,CFR Cluj,3,0,3.26,2.84,2.31,,,,Liga I,,20251129_FC-Arges_CFR-Cluj,-102.74375525823234,2.06,0.05,7,0,16,0,44.6,55.4,6,2,0,0,8,2
2025-11-30,FC Hermannstadt,UTA Arad,1,2,2.21,3.07,3.18,,,,Liga I,,20251130_FC-Hermannstadt_UTA-Arad,-38.2962935881435,1.16,0.97,3,2,7,4,52.4,47.6,2,1,0,0,2,4
2025-11-30,Farul Constanta,FCSB,1,2,3.11,3.27,2.16,,,,Liga I,,20251130_Farul-Constanta_FCSB,-79.90897243376571,0.79,0.92,2,3,2,8,43.9,56.1,3,2,0,0,3,3
2025-11-30,Unirea Slobozia,FC Botosani,0,1,3.61,3.27,1.97,,,,Liga I,,20251130_Unirea-Slobozia_FC-Botosani,-121.90669793553457,0.32,1.08,0,3,0,5,43.2,56.8,1,3,0,0,2,6
2025-12-01,Petrolul,Metaloglobus Bucharest,4,1,1.66,3.36,5.25,,,,Liga I,,20251201_Petrolul_Metaloglobus-Bucharest,71.40793895196657,0.71,0.57,4,2,11,5,50.0,50.0,2,1,0,0,1,5
2025-12-01,U. Cluj,Univ. Craiova,0,0,2.9,3.0,2.41,,,,Liga I,,20251201_U.-Cluj_Univ.-Craiova,-72.93622614716242,0.54,0.21,1,0,2,2,53.4,46.6,2,4,0,0,0,4
2025-12-05,Otelul,Unirea Slobozia,3,0,1.54,3.68,5.78,,,,Liga I,,20251205_Otelul_Unirea-Slobozia,82.39029869346064,2.03,0.71,6,0,13,0,54.4,45.6,2,0,0,0,5,0
2025-12-06,Csikszereda M. Ciuc,FC Arges,0,2,3.65,2.92,2.1,,,,Liga I,,20251206_Csikszereda-M.-Ciuc_FC-Arges,-48.32973204079258,0.16,1.57,0,6,1,14,44.0,56.0,0,0,0,0,4,3
2025-12-06,FCSB,Din. Bucuresti,0,0,2.46,2.87,2.96,,,,Liga I,,20251206_FCSB_Din.-Bucuresti,51.769441803679456,0.81,1.11,1,3,2,8,52.5,47.5,1,4,0,0,7,4
2025-12-07,Metaloglobus Bucharest,Farul Constanta,2,1,4.53,3.55,1.7,,,,Liga I,,20251207_Metaloglobus-Bucharest_Farul-Constanta,-145.24664729871415,1.21,0.5,4,1,8,4,42.2,57.8,0,0,0,0,10,5
2025-12-07,U. Cluj,FC Hermannstadt,3,0,1.8,3.22,4.43,,,,Liga I,,20251207_U.-Cluj_FC-Hermannstadt,96.5239724530793,1.1,1.33,3,5,7,11,57.8,42.2,0,1,0,0,6,10
2025-12-07,Univ. Craiova,CFR Cluj,1,1,1.91,3.28,3.75,,,,Liga I,,20251207_Univ.-Craiova_CFR-Cluj,54.49374030163699,1.32,1.11,4,3,8,7,58.3,41.7,1,0,0,0,5,2
2025-12-08,FC Botosani,FC Rapid Bucuresti,0,0,2.73,2.96,2.57,,,,Liga I,,20251208_FC-Botosani_FC-Rapid-Bucuresti,-61.32527213067738,0.85,0.82,2,2,4,5,45.1,54.9,1,3,0,0,6,6
2025-12-08,UTA Arad,Petrolul,1,0,2.37,2.87,3.07,,,,Liga I,,20251208_UTA-Arad_Petrolul,29.73186441177222,1.12,0.88,3,2,6,3,50.0,50.0,2,2,0,0,4,4
2025-12-12,CFR Cluj,Csikszereda M. Ciuc,3,1,1.29,5.04,8.94,,,,Liga I,,20251212_CFR-Cluj_Csikszereda-M.-Ciuc,132.38439534900044,1.59,1.41,5,5,10,10,56.4,43.6,2,5,0,0,4,8
2025-12-13,FC Arges,FC Botosani,0,0,2.41,2.81,3.12,,,,Liga I,,20251213_FC-Arges_FC-Botosani,-62.72525678864554,0.05,0.99,0,3,1,5,45.6,54.4,0,1,0,0,1,5
2025-12-13,FC Rapid Bucuresti,Otelul,0,2,1.92,3.26,3.81,,,,Liga I,,20251213_FC-Rapid-Bucuresti_Otelul,105.44714318236242,0.68,1.52,2,4,4,7,53.5,46.5,0,0,0,0,5,5
2025-12-14,Din. Bucuresti,Metaloglobus Bucharest,4,0,1.29,4.72,9.72,,,,Liga I,,20251214_Din.-Bucuresti_Metaloglobus-Bucharest,176.99304191682404,0.99,0.05,4,0,8,0,55.6,44.4,3,1,0,0,5,1
2025-12-14,FC Hermannstadt,Univ. Craiova,0,2,4.62,3.42,1.72,,,,Liga I,,20251214_FC-Hermannstadt_Univ.-Craiova,-171.37719208224485,1.49,0.88,4,4,8,8,46.3,53.7,4,0,0,0,4,5
2025-12-14,Petrolul,U. Cluj,0,1,3.19,2.8,2.37,,,,Liga I,,20251214_Petrolul_U.-Cluj,-86.31927656154608,1.19,0.95,4,3,9,6,50.0,50.0,3,5,0,0,12,8
2025-12-15,Farul Constanta,UTA Arad,1,1,1.99,3.3,3.49,,,,Liga I,,20251215_Farul-Constanta_UTA-Arad,-2.7478408952258633,1.3,1.46,4,3,5,7,46.4,53.6,1,1,0,0,5,4
2025-12-15,Unirea Slobozia,FCSB,0,2,6.04,3.78,1.51,,,,Liga I,,20251215_Unirea-Slobozia_FCSB,-219.23888117982256,0.94,1.16,4,4,9,8,47.1,52.9,3,1,0,0,9,10
2025-12-19,FC Botosani,CFR Cluj,0,1,2.42,3.04,2.83,,,,Liga I,,20251219_FC-Botosani_CFR-Cluj,-10.42650704369521,1.46,1.5,4,5,8,9,45.4,54.6,2,0,0,0,4,1
2025-12-20,Metaloglobus Bucharest,Unirea Slobozia,2,3,2.62,3.0,2.64,,,,Liga I,,20251220_Metaloglobus-Bucharest_Unirea-Slobozia,-7.04479823337806,1.79,1.63,5,5,11,12,45.2,54.8,0,2,0,0,8,7
2025-12-20,Otelul,FC Arges,2,1,2.24,2.9,3.29,,,,Liga I,,20251220_Otelul_FC-Arges,27.801580788378715,2.3,1.41,8,3,17,7,47.7,52.3,1,0,0,0,8,5
2025-12-20,UTA Arad,Din. Bucuresti,2,0,3.7,3.13,1.97,,,,Liga I,,20251220_UTA-Arad_Din.-Bucuresti,-68.94641939033045,1.71,0.41,6,1,13,3,46.9,53.1,1,0,0,1,5,4
2025-12-21,FC Hermannstadt,Petrolul,1,1,2.48,2.83,2.96,,,,Liga I,,20251221_FC-Hermannstadt_Petrolul,-25.14333008150129,1.04,0.61,4,3,10,5,53.6,46.4,3,1,1,0,5,6
2025-12-21,FCSB,FC Rapid Bucuresti,2,1,2.1,3.23,3.22,,,,Liga I,,20251221_FCSB_FC-Rapid-Bucuresti,33.817532727611024,1.2,0.87,4,4,8,6,62.2,37.8,1,3,0,0,3,7
2025-12-21,U. Cluj,Farul Constanta,1,0,1.99,3.29,3.44,,,,Liga I,,20251221_U.-Cluj_Farul-Constanta,46.367656144220746,1.22,0.3,4,1,10,1,46.6,53.4,3,2,0,0,7,4
2025-12-22,Univ. Craiova,Csikszereda M. Ciuc,5,0,1.2,5.79,11.34,,,,Liga I,,20251222_Univ.-Craiova_Csikszereda-M.-Ciuc,197.29952790411926,1.57,0.05,5,1,11,2,58.4,41.6,1,1,0,0,10,0
2026-01-16,FC Arges,FCSB,1,0,3.9,3.03,1.97,,,,Liga I,,20260116_FC-Arges_FCSB,-157.87540331610262,0.9,0.6,3,2,9,3,46.4,53.6,0,5,0,0,1,4
2026-01-17,FC Rapid Bucuresti,Metaloglobus Bucharest,1,0,1.25,5.34,9.75,,,,Liga I,,20260117_FC-Rapid-Bucuresti_Metaloglobus-Bucharest,203.97709916336112,1.39,0.05,4,0,9,1,57.3,42.7,0,7,0,0,7,1
2026-01-17,Farul Constanta,FC Hermannstadt,1,1,1.94,3.17,3.81,,,,Liga I,,20260117_Farul-Constanta_FC-Hermannstadt,71.97709004221633,0.84,1.09,1,4,2,10,54.1,45.9,0,2,0,0,0,6
2026-01-17,Unirea Slobozia,UTA Arad,1,3,3.33,3.07,2.14,,,,Liga I,,20260117_Unirea-Slobozia_UTA-Arad,-116.32769490061537,0.43,1.03,2,3,4,8,39.3,60.7,2,2,0,0,7,7
2026-01-18,CFR Cluj,Otelul,1,0,2.3,2.93,3.15,,,,Liga I,,20260118_CFR-Cluj_Otelul,41.66192309639791,1.31,0.79,5,1,11,2,47.8,52.2,3,0,0,0,11,2
2026-01-18,Csikszereda M. Ciuc,FC Botosani,1,0,4.49,3.37,1.74,,,,Liga I,,20260118_Csikszereda-M.-Ciuc_FC-Botosani,-131.42584718345165,1.29,0.51,3,1,7,3,40.2,59.8,1,4,0,0,7,3
2026-01-18,Din. Bucuresti,U. Cluj,1,0,1.82,3.17,4.36,,,,Liga I,,20260118_Din.-Bucuresti_U.-Cluj,0.3782846504391273,2.19,0.26,7,2,16,4,48.1,51.9,1,0,0,0,6,2
2026-01-19,Petrolul,Univ. Craiova,0,4,4.37,3.13,1.83,,,,Liga I,,20260119_Petrolul_Univ.-Craiova,-165.97195565269703,2.09,1.17,7,4,17,8,42.9,57.1,2,1,0,0,11,9
2026-01-23,FC Hermannstadt,Din. Bucuresti,1,2,4.27,3.18,1.84,,,,Liga I,,20260123_FC-Hermannstadt_Din.-Bucuresti,-149.0748463669654,1.76,0.65,6,3,14,5,41.2,58.8,1,2,0,0,8,8
2026-01-23,Metaloglobus Bucharest,FC Arges,0,2,4.16,3.15,1.87,,,,Liga I,,20260123_Metaloglobus-Bucharest_FC-Arges,-124.36305144105859,0.71,1.94,2,7,5,14,43.9,56.1,2,0,0,0,4,5
2026-01-24,U. Cluj,Unirea Slobozia,1,0,1.48,3.7,6.82,,,,Liga I,,20260124_U.-Cluj_Unirea-Slobozia,152.33367367966343,1.1,1.49,4,4,10,10,52.5,47.5,4,1,0,0,8,5
2026-01-24,Univ. Craiova,FC Botosani,2,0,1.65,3.53,4.94,,,,Liga I,,20260124_Univ.-Craiova_FC-Botosani,100.54421644856825,0.95,0.34,2,1,2,3,52.0,48.0,0,4,0,0,3,4
2026-01-25,FCSB,CFR Cluj,1,4,1.76,3.36,4.42,,,,Liga I,,20260125_FCSB_CFR-Cluj,38.65424238437981,0.3,0.73,1,4,2,11,48.3,51.7,1,4,0,0,1,6
2026-01-25,Petrolul,Farul Constanta,0,1,2.61,2.94,2.72,,,,Liga I,,20260125_Petrolul_Farul-Constanta,-52.783686474639126,1.19,0.86,5,3,11,9,45.6,54.4,2,2,0,0,5,6
2026-01-26,Otelul,Csikszereda M. Ciuc,3,0,1.28,5.03,9.3,,,,Liga I,,20260126_Otelul_Csikszereda-M.-Ciuc,96.56801292458908,0.81,0.68,3,4,6,9,53.4,46.6,3,0,0,0,1,10
2026-01-26,UTA Arad,FC Rapid Bucuresti,1,2,2.68,3.01,2.62,,,,Liga I,,20260126_UTA-Arad_FC-Rapid-Bucuresti,-54.63167438121013,1.41,1.41,5,6,13,15,48.9,51.1,4,4,0,0,6,7
2026-01-30,CFR Cluj,Metaloglobus Bucharest,4,2,1.26,5.06,9.74,,,,Liga I,,20260130_CFR-Cluj_Metaloglobus-Bucharest,230.58070661420015,1.13,0.09,4,2,8,5,56.8,43.2,0,0,0,0,2,3
2026-01-30,Din. Bucuresti,Petrolul,1,1,1.48,3.72,6.93,,,,Liga I,,20260130_Din.-Bucuresti_Petrolul,152.11978392020774,0.75,0.61,1,2,1,3,53.2,46.8,2,0,0,0,4,1
2026-01-31,FC Arges,UTA Arad,0,1,2.27,2.81,3.4,,,,Liga I,,20260131_FC-Arges_UTA-Arad,-18.30747956106825,0.75,1.33,1,5,1,11,54.4,45.6,3,0,0,0,1,3
2026-01-31,FC Rapid Bucuresti,U. Cluj,0,2,1.8,3.19,4.48,,,,Liga I,,20260131_FC-Rapid-Bucuresti_U.-Cluj,37.95426543621511,0.75,0.93,1,3,1,6,52.3,47.7,3,1,0,0,4,7
2026-01-31,Unirea Slobozia,FC Hermannstadt,2,3,2.95,2.85,2.48,,,,Liga I,,20260131_Unirea-Slobozia_FC-Hermannstadt,-27.517204232545964,1.51,1.8,7,7,15,15,59.3,40.7,0,3,0,1,9,7
2026-02-01,FCSB,Csikszereda M. Ciuc,1,0,1.18,6.0,13.41,,,,Liga I,,20260201_FCSB_Csikszereda-M.-Ciuc,193.43837500801783,0.23,0.05,2,0,2,1,55.7,44.3,2,0,0,0,7,4
2026-02-01,Farul Constanta,Univ. Craiova,4,1,3.92,3.15,1.91,,,,Liga I,,20260201_Farul-Constanta_Univ.-Craiova,-124.95287837418573,1.97,0.05,5,1,12,3,46.3,53.7,4,2,0,0,10,1
2026-02-02,FC Botosani,Otelul,0,0,2.95,2.97,2.4,,,,Liga I,,20260202_FC-Botosani_Otelul,-15.180248313704396,0.45,0.41,1,0,2,1,49.6,50.4,2,1,0,1,6,1
2026-02-03,FC Hermannstadt,FC Rapid Bucuresti,0,3,3.44,3.04,2.1,,,,Liga I,,20260203_FC-Hermannstadt_FC-Rapid-Bucuresti,-152.51681623056925,1.66,1.74,5,5,12,10,42.4,57.6,3,4,0,0,8,7
2026-02-03,Petrolul,Unirea Slobozia,1,0,1.85,3.05,4.45,,,,Liga I,,20260203_Petrolul_Unirea-Slobozia,54.756937601423715,1.12,0.47,4,3,8,5,51.2,48.8,2,2,0,0,2,2
2026-02-03,U. Cluj,FC Arges,3,1,2.24,2.67,3.64,,,,Liga I,,20260203_U.-Cluj_FC-Arges,79.91583517137201,1.32,0.79,4,2,7,6,53.7,46.3,1,4,0,0,2,3
2026-02-04,Farul Constanta,Din. Bucuresti,2,3,3.69,3.29,1.92,,,,Liga I,,20260204_Farul-Constanta_Din.-Bucuresti,-57.87348361822137,1.62,1.41,6,4,13,9,45.6,54.4,3,2,0,0,2,5
2026-02-04,Metaloglobus Bucharest,Csikszereda M. Ciuc,0,1,3.11,3.01,2.26,,,,Liga I,,20260204_Metaloglobus-Bucharest_Csikszereda-M.-Ciuc,-48.23466964536874,0.56,1.16,1,3,2,8,49.4,50.6,5,2,0,0,2,4
2026-02-04,UTA Arad,CFR Cluj,0,1,2.68,2.94,2.62,,,,Liga I,,20260204_UTA-Arad_CFR-Cluj,-65.8140216545221,0.05,1.31,2,3,1,7,48.8,51.2,1,2,0,0,2,4
2026-02-05,FCSB,FC Botosani,2,1,1.57,3.67,5.44,,,,Liga I,,20260205_FCSB_FC-Botosani,99.96385010352242,1.6,1.47,6,4,15,9,52.7,47.3,1,3,0,0,4,7
2026-02-05,Univ. Craiova,Otelul,1,0,1.61,3.5,5.3,,,,Liga I,,20260205_Univ.-Craiova_Otelul,86.9913964989787,1.6,1.26,5,5,14,9,54.3,45.7,2,4,0,0,10,5
2026-02-06,FC Arges,FC Hermannstadt,3,1,2.14,2.75,3.77,,,,Liga I,,20260206_FC-Arges_FC-Hermannstadt,59.017078994749,0.94,1.54,4,4,8,8,53.9,46.1,1,1,0,0,6,3
2026-02-06,FC Rapid Bucuresti,Petrolul,1,1,1.7,3.2,5.14,,,,Liga I,,20260206_FC-Rapid-Bucuresti_Petrolul,144.30238904235011,0.7,0.65,1,1,0,1,56.4,43.6,1,0,0,0,1,2
2026-02-07,CFR Cluj,U. Cluj,3,2,2.1,2.93,3.61,,,,Liga I,,20260207_CFR-Cluj_U.-Cluj,27.408393235203903,1.38,1.21,5,5,12,12,53.8,46.2,1,0,0,0,8,7
2026-02-07,Csikszereda M. Ciuc,UTA Arad,2,0,3.64,3.07,2.02,,,,Liga I,,20260207_Csikszereda-M.-Ciuc_UTA-Arad,-106.49456308748995,1.12,0.72,4,2,8,5,39.2,60.8,3,2,0,0,9,3
2026-02-07,Unirea Slobozia,Farul Constanta,2,1,3.42,3.13,2.07,,,,Liga I,,20260207_Unirea-Slobozia_Farul-Constanta,-139.22372259643225,0.91,0.97,2,3,1,7,44.4,55.6,3,2,0,0,1,8
2026-02-08,FC Botosani,Metaloglobus Bucharest,3,0,1.22,5.57,10.5,,,,Liga I,,20260208_FC-Botosani_Metaloglobus-Bucharest,155.2805829335848,0.78,0.05,5,1,10,2,52.7,47.3,3,2,0,0,3,0
2026-02-08,Otelul,FCSB,1,4,3.47,3.25,2.0,,,,Liga I,,20260208_Otelul_FCSB,-103.52781463909628,0.56,1.98,1,7,2,16,50.2,49.8,2,2,0,0,2,8
2026-02-09,Din. Bucuresti,Univ. Craiova,1,1,2.6,2.89,2.79,,,,Liga I,,20260209_Din.-Bucuresti_Univ.-Craiova,-33.83906896906478,1.52,0.49,4,4,10,9,51.3,48.7,5,1,0,0,3,4
2026-02-13,Petrolul,FC Arges,2,1,3.04,2.7,2.53,,,,Liga I,,20260213_Petrolul_FC-Arges,-41.97487141040915,1.7,1.45,5,5,12,10,51.6,48.4,0,0,0,0,9,7
2026-02-14,Metaloglobus Bucharest,Otelul,0,1,6.02,3.88,1.49,,,,Liga I,,20260214_Metaloglobus-Bucharest_Otelul,-167.43682169217573,0.99,1.66,4,6,7,14,37.8,62.2,3,1,0,0,6,11
2026-02-14,U. Cluj,Csikszereda M. Ciuc,4,1,1.38,4.21,7.46,,,,Liga I,,20260214_U.-Cluj_Csikszereda-M.-Ciuc,137.78505093717308,1.59,0.74,5,1,14,4,51.4,48.6,0,1,0,0,5,1
2026-02-15,Farul Constanta,FC Rapid Bucuresti,3,1,3.93,3.53,1.79,,,,Liga I,,20260215_Farul-Constanta_FC-Rapid-Bucuresti,-91.9349720340058,1.51,1.55,4,5,9,10,44.2,55.8,0,0,0,0,6,6
2026-02-15,UTA Arad,FC Botosani,2,1,2.49,3.02,2.75,,,,Liga I,,20260215_UTA-Arad_FC-Botosani,-2.396711075785106,1.0,1.28,3,3,6,8,48.6,51.4,3,1,0,0,2,6
2026-02-15,Univ. Craiova,FCSB,1,0,2.15,3.21,3.14,,,,Liga I,,20260215_Univ.-Craiova_FCSB,-8.114624878068753,1.71,0.05,4,0,7,0,45.2,54.8,3,4,0,1,3,0
2026-02-16,Din. Bucuresti,Unirea Slobozia,1,0,1.25,5.12,10.01,,,,Liga I,,20260216_Din.-Bucuresti_Unirea-Slobozia,201.73433634178969,0.85,1.51,1,4,2,7,54.6,45.4,1,2,0,0,4,3
2026-02-16,FC Hermannstadt,CFR Cluj,0,1,4.21,3.18,1.84,,,,Liga I,,20260216_FC-Hermannstadt_CFR-Cluj,-205.95256687695178,0.37,1.71,0,5,0,11,42.1,57.9,3,2,0,0,6,9
2026-02-20,FC Botosani,U. Cluj,1,3,2.37,2.96,3.0,,,,Liga I,,20260220_FC-Botosani_U.-Cluj,-79.58669874274005,1.43,1.33,4,5,9,12,46.6,53.4,2,0,0,0,2,6
2026-02-20,Otelul,UTA Arad,2,2,2.08,2.97,3.62,,,,Liga I,,20260220_Otelul_UTA-Arad,-4.838205291493523,1.74,1.07,5,2,12,6,51.9,48.1,2,2,1,0,5,8
2026-02-21,CFR Cluj,Petrolul,2,1,1.6,3.36,5.94,,,,Liga I,,20260221_CFR-Cluj_Petrolul,161.12290618974748,1.36,1.88,4,6,7,16,52.0,48.0,1,2,0,0,2,5
2026-02-21,FC Rapid Bucuresti,Din. Bucuresti,2,1,2.79,3.02,2.48,,,,Liga I,,20260221_FC-Rapid-Bucuresti_Din.-Bucuresti,-24.534839684513827,0.65,0.64,2,3,4,7,45.4,54.6,3,0,0,0,7,3
2026-02-22,FC Arges,Farul Constanta,1,0,2.0,3.18,3.63,,,,Liga I,,20260222_FC-Arges_Farul-Constanta,-29.506673933715774,1.12,0.65,4,3,8,6,56.2,43.8,2,2,0,0,4,2
2026-02-22,Unirea Slobozia,Univ. Craiova,0,3,8.16,4.4,1.35,,,,Liga I,,20260222_Unirea-Slobozia_Univ.-Craiova,-251.2459182233547,0.05,1.53,0,4,0,8,46.8,53.2,2,1,0,0,2,7
2026-02-23,Csikszereda M. Ciuc,FC Hermannstadt,2,1,2.82,3.02,2.45,,,,Liga I,,20260223_Csikszereda-M.-Ciuc_FC-Hermannstadt,16.79001061272379,1.2,0.87,3,4,8,7,52.3,47.7,0,2,0,1,3,2
2026-02-23,FCSB,Metaloglobus Bucharest,4,1,1.11,7.88,17.35,,,,Liga I,,20260223_FCSB_Metaloglobus-Bucharest,282.36399534779,1.72,1.15,5,4,12,11,60.6,39.4,1,1,0,0,6,5
2026-02-27,FC Hermannstadt,FC Botosani,3,1,2.87,2.98,2.4,,,,Liga I,,20260227_FC-Hermannstadt_FC-Botosani,-92.06224673807219,0.53,1.09,3,3,8,6,52.8,47.2,0,2,0,0,3,2
2026-02-27,U. Cluj,Otelul,4,0,1.85,3.19,4.05,,,,Liga I,,20260227_U.-Cluj_Otelul,71.78722791412406,0.78,0.39,5,2,9,4,53.2,46.8,1,0,0,0,3,3
2026-02-28,Farul Constanta,CFR Cluj,1,2,3.44,3.11,2.04,,,,Liga I,,20260228_Farul-Constanta_CFR-Cluj,-136.34592055940766,1.06,1.09,3,3,6,7,40.1,59.9,3,0,0,0,8,5
2026-02-28,Univ. Craiova,Metaloglobus Bucharest,2,1,1.08,8.56,21.91,,,,Liga I,,20260228_Univ.-Craiova_Metaloglobus-Bucharest,307.33058896368425,0.58,0.75,2,2,5,6,58.5,41.5,1,3,0,0,5,6
2026-03-01,Dinamo Bucuresti,FC Arges,0,1,1.58,3.43,5.68,,,,Liga I,,20260301_Dinamo-Bucuresti_FC-Arges,-41.613550982492825,1.72,0.3,5,1,10,3,48.7,51.3,3,5,0,0,7,4
2026-03-01,Petrolul,Csikszereda M. Ciuc,1,1,1.69,3.26,4.95,,,,Liga I,,20260301_Petrolul_Csikszereda-M.-Ciuc,21.05132854141698,1.01,0.89,1,2,4,1,48.9,51.1,1,1,0,0,4,3
2026-03-01,UTA Arad,FCSB,2,4,3.95,3.4,1.8,,,,Liga I,,20260301_UTA-Arad_FCSB,-100.9498358885628,1.13,1.17,4,4,8,11,54.3,45.7,4,3,0,0,9,11
2026-03-02,Unirea Slobozia,FC Rapid Bucuresti,1,2,6.43,4.11,1.43,,,,Liga I,,20260302_Unirea-Slobozia_FC-Rapid-Bucuresti,-206.06416184050136,0.31,1.12,1,3,1,4,43.4,56.6,2,2,0,0,4,5
2026-03-06,Csikszereda M. Ciuc,Farul Constanta,1,0,2.81,3.22,2.34,,,,Liga I,,20260306_Csikszereda-M.-Ciuc_Farul-Constanta,-51.18837118421334,1.11,0.54,3,1,9,3,55.2,44.8,0,4,1,0,7,2
2026-03-07,FC Botosani,Petrolul,0,1,1.83,3.24,4.17,,,,Liga I,,20260307_FC-Botosani_Petrolul,16.998686084872134,0.7,0.87,3,3,7,5,54.0,46.0,4,1,0,0,1,2
2026-03-07,FCSB,U. Cluj,1,3,1.51,3.87,5.68,,,,Liga I,,20260307_FCSB_U.-Cluj,32.719606172361864,1.53,1.49,6,4,13,9,47.4,52.6,2,2,0,0,8,2
2026-03-07,Metaloglobus Bucharest,UTA Arad,2,2,4.59,3.52,1.69,,,,Liga I,,20260307_Metaloglobus-Bucharest_UTA-Arad,-184.1955542037242,1.48,0.05,6,2,13,3,45.8,54.2,3,1,0,0,4,3
2026-03-08,FC Arges,Unirea Slobozia,0,0,1.52,3.6,6.27,,,,Liga I,,20260308_FC-Arges_Unirea-Slobozia,131.18375024576017,0.34,1.34,0,5,0,10,50.4,49.6,1,2,0,0,2,6
2026-03-08,FC Rapid Bucuresti,Univ. Craiova,1,1,2.88,3.0,2.42,,,,Liga I,,20260308_FC-Rapid-Bucuresti_Univ.-Craiova,-52.210339325106816,1.37,1.77,5,5,11,12,46.4,53.6,2,3,0,0,4,4
2026-03-08,Otelul,FC Hermannstadt,0,2,2.34,3.05,2.96,,,,Liga I,,20260308_Otelul_FC-Hermannstadt,93.79566582738721,0.62,0.22,1,2,3,5,48.9,51.1,1,1,0,0,2,2
2026-03-09,CFR Cluj,Dinamo Bucuresti,2,0,2.49,3.07,2.72,,,,Liga I,,20260309_CFR-Cluj_Dinamo-Bucuresti,199.52084416093317,1.15,0.84,3,3,3,6,58.0,42.0,1,6,0,0,2,3
2026-03-13,UTA Arad,FC Hermannstadt,3,2,2.21,3.09,3.13,,,,Liga I,,20260313_UTA-Arad_FC-Hermannstadt,78.2575674519835,2.39,1.49,10,5,20,10,50.2,49.8,0,0,0,0,6,2
2026-03-13,Univ. Craiova,FC Arges,0,1,1.57,3.33,6.3,,,,Liga I,,20260313_Univ.-Craiova_FC-Arges,140.85721899143618,0.41,0.14,1,1,1,4,59.9,40.1,2,2,0,0,2,4
2026-03-14,FC Rapid Bucuresti,Dinamo Bucuresti,3,2,2.25,3.02,3.13,,,,Liga I,,20260314_FC-Rapid-Bucuresti_Dinamo-Bucuresti,156.4301404403543,0.81,1.78,4,7,8,17,58.3,41.7,3,4,0,0,3,7
2026-03-14,Otelul,Csikszereda M. Ciuc,2,3,2.07,3.13,3.39,,,,Liga I,,20260314_Otelul_Csikszereda-M.-Ciuc,39.627282711927364,1.55,1.18,4,6,10,14,50.0,50.0,0,1,0,0,5,5
2026-03-15,FCSB,Metaloglobus Bucharest,0,0,1.09,8.08,18.12,,,,Liga I,,20260315_FCSB_Metaloglobus-Bucharest,283.409069896499,1.23,0.05,3,0,5,0,60.7,39.3,1,4,0,0,2,2
2026-03-15,Farul Constanta,Petrolul,2,0,2.36,2.92,3.02,,,,Liga I,,20260315_Farul-Constanta_Petrolul,5.24749274453211,1.01,0.39,4,2,7,3,49.6,50.4,1,3,0,1,5,7
2026-03-16,FC Botosani,Unirea Slobozia,3,2,1.52,3.82,5.7,,,,Liga I,,20260316_FC-Botosani_Unirea-Slobozia,85.06438215622234,0.43,1.11,3,3,7,6,55.9,44.1,4,0,0,0,3,4
2026-03-16,U. Cluj,CFR Cluj,2,1,2.43,3.02,2.81,,,,Liga I,,20260316_U.-Cluj_CFR-Cluj,-35.77928481731669,0.05,1.23,2,5,4,11,56.6,43.4,2,1,0,0,4,6
2026-03-19,Dinamo Bucuresti,Univ. Craiova,0,1,2.86,2.98,2.43,,,,Liga I,,20260319_Dinamo-Bucuresti_Univ.-Craiova,-195.38072599027623,0.84,1.06,1,5,1,12,46.0,54.0,2,0,0,0,3,7
2026-03-20,CFR Cluj,FC Rapid Bucuresti,1,0,2.46,2.91,2.89,,,,Liga I,,20260320_CFR-Cluj_FC-Rapid-Bucuresti,34.480788521285376,2.17,0.2,7,0,18,0,53.4,46.6,1,1,0,0,11,3
2026-03-20,FCSB,UTA Arad,1,0,1.37,4.49,6.84,,,,Liga I,,20260320_FCSB_UTA-Arad,93.45088586288853,0.73,1.1,2,2,5,4,56.9,43.1,1,3,0,0,8,4
2026-03-21,Csikszereda M. Ciuc,Farul Constanta,1,1,2.63,3.05,2.57,,,,Liga I,,20260321_Csikszereda-M.-Ciuc_Farul-Constanta,-22.13376651633598,1.56,1.01,6,4,11,10,56.6,43.4,3,1,0,0,8,4
2026-03-21,FC Arges,U. Cluj,0,1,2.82,2.88,2.53,,,,Liga I,,20260321_FC-Arges_U.-Cluj,-107.71079003631576,0.05,1.57,0,4,0,8,52.0,48.0,3,2,1,1,4,6
2026-03-21,Metaloglobus Bucharest,Petrolul,1,0,4.48,3.27,1.76,,,,Liga I,,20260321_Metaloglobus-Bucharest_Petrolul,-116.66682834200265,1.26,0.71,3,3,6,6,47.4,52.6,0,2,0,0,10,3
2026-03-22,FC Hermannstadt,FC Botosani,3,0,2.34,3.04,2.94,,,,Liga I,,20260322_FC-Hermannstadt_FC-Botosani,-52.55901740753734,1.04,1.66,6,4,15,7,51.1,48.9,0,1,0,0,9,6
2026-03-23,Unirea Slobozia,Otelul,2,1,3.3,3.12,2.12,,,,Liga I,,20260323_Unirea-Slobozia_Otelul,-110.19253297941032,0.37,1.53,2,5,4,9,47.6,52.4,0,1,0,0,2,3
2026-04-03,FC Botosani,FCSB,3,2,4.39,3.76,1.65,,,,Liga I,,20260403_FC-Botosani_FCSB,-160.48276930739712,0.05,1.99,3,5,7,11,43.4,56.6,1,0,0,0,6,6
2026-04-04,FC Arges,Dinamo Bucuresti,1,1,3.46,2.92,2.13,,,,Liga I,,20260404_FC-Arges_Dinamo-Bucuresti,85.24213729164285,0.26,0.05,2,3,2,5,52.3,47.7,1,1,0,0,2,2
2026-04-04,Otelul,FC Hermannstadt,2,0,2.4,3.03,2.84,,,,Liga I,,20260404_Otelul_FC-Hermannstadt,29.96370630393244,1.22,1.22,4,4,10,9,48.3,51.7,0,4,0,0,8,5
2026-04-05,FC Rapid Bucuresti,U. Cluj,1,2,1.99,3.23,3.47,,,,Liga I,,20260405_FC-Rapid-Bucuresti_U.-Cluj,-44.371893284429916,1.32,1.4,4,3,9,8,54.0,46.0,2,1,0,0,5,4
2026-04-05,Farul Constanta,Unirea Slobozia,0,1,1.49,3.98,5.65,,,,Liga I,,20260405_Farul-Constanta_Unirea-Slobozia,102.977886859519,0.95,0.68,2,2,6,5,55.8,44.2,3,1,1,0,1,6
2026-04-05,UTA Arad,Metaloglobus Bucharest,5,1,1.39,4.27,6.89,,,,Liga I,,20260405_UTA-Arad_Metaloglobus-Bucharest,149.08003983214417,1.16,0.05,5,1,12,3,57.6,42.4,1,1,0,0,5,1
2026-04-06,Petrolul,Csikszereda M. Ciuc,2,0,1.82,3.27,4.06,,,,Liga I,,20260406_Petrolul_Csikszereda-M.-Ciuc,-23.399319408803194,1.79,1.32,5,4,12,9,51.7,48.3,1,1,0,0,4,5
2026-04-06,Univ. Craiova,CFR Cluj,2,0,1.81,3.3,4.09,,,,Liga I,,20260406_Univ.-Craiova_CFR-Cluj,-14.329456536250518,1.2,0.59,5,3,12,7,45.5,54.5,2,2,0,0,4,1
2026-04-10,FC Hermannstadt,Farul Constanta,1,0,1.98,3.22,3.58,,,,Liga I,,20260410_FC-Hermannstadt_Farul-Constanta,-49.627069346613325,1.17,1.19,4,4,9,10,48.3,51.7,4,3,0,0,8,5
2026-04-11,FCSB,Otelul,4,0,1.39,4.29,7.06,,,,Liga I,,20260411_FCSB_Otelul,127.32758611566737,2.18,0.91,8,4,17,10,53.7,46.3,3,0,0,0,10,4
2026-04-11,UTA Arad,FC Botosani,3,1,2.21,3.18,3.02,,,,Liga I,,20260411_UTA-Arad_FC-Botosani,39.30160781157997,1.6,0.6,4,2,10,4,54.3,45.7,0,3,0,0,8,4
2026-04-12,CFR Cluj,Dinamo Bucuresti,1,1,2.4,3.05,2.83,,,,Liga I,,20260412_CFR-Cluj_Dinamo-Bucuresti,206.09579639476556,1.62,1.28,5,4,13,10,60.9,39.1,2,1,0,1,8,9
2026-04-12,Unirea Slobozia,Petrolul,1,2,3.7,2.98,2.05,,,,Liga I,,20260412_Unirea-Slobozia_Petrolul,-56.322534363900104,0.71,1.24,1,2,3,4,51.7,48.3,1,1,0,0,5,3
2026-04-13,FC Rapid Bucuresti,FC Arges,0,0,1.82,3.22,4.23,,,,Liga I,,20260413_FC-Rapid-Bucuresti_FC-Arges,72.53879040133438,0.45,1.93,0,8,2,16,50.5,49.5,2,1,0,0,5,12
2026-04-13,Metaloglobus Bucharest,Csikszereda M. Ciuc,0,1,3.18,3.18,2.14,,,,Liga I,,20260413_Metaloglobus-Bucharest_Csikszereda-M.-Ciuc,-102.63527114817498,1.13,0.7,1,1,5,2,43.8,56.2,1,1,0,0,3,5
2026-04-13,U. Cluj,Univ. Craiova,4,0,2.88,2.97,2.41,,,,Liga I,,20260413_U.-Cluj_Univ.-Craiova,0.5757064789488595,1.89,0.47,6,0,12,0,35.2,64.8,1,3,0,0,8,1
2026-04-17,FC Arges,CFR Cluj,0,1,3.04,2.9,2.33,,,,Liga I,,20260417_FC-Arges_CFR-Cluj,-117.77074052772218,1.69,0.53,3,1,6,4,40.3,59.7,0,1,0,0,4,4
2026-04-17,Otelul,UTA Arad,1,0,2.32,3.09,2.9,,,,Liga I,,20260417_Otelul_UTA-Arad,-58.94314990277235,0.05,0.23,1,0,4,0,45.3,54.7,1,3,0,0,4,2
2026-04-18,Csikszereda M. Ciuc,Unirea Slobozia,3,2,1.85,3.28,3.93,,,,Liga I,,20260418_Csikszereda-M.-Ciuc_Unirea-Slobozia,72.73422030421602,2.07,0.69,6,2,13,5,50.6,49.4,3,0,0,0,10,4
2026-04-18,Dinamo Bucuresti,U. Cluj,2,1,2.16,3.4,2.92,,,,Liga I,,20260418_Dinamo-Bucuresti_U.-Cluj,-222.92520104095797,1.98,0.98,7,3,17,8,41.2,58.8,3,2,0,0,3,5
2026-04-19,Petrolul,FC Hermannstadt,1,1,2.05,2.95,3.68,,,,Liga I,,20260419_Petrolul_FC-Hermannstadt,30.252997494897272,1.27,2.05,5,5,11,11,50.3,49.7,0,1,0,0,6,5
2026-04-19,Univ. Craiova,FC Rapid Bucuresti,1,0,1.76,3.37,4.27,,,,Liga I,,20260419_Univ.-Craiova_FC-Rapid-Bucuresti,55.23714651765545,1.02,0.89,1,4,3,10,50.9,49.1,2,1,0,0,0,7
2026-04-20,FC Botosani,Metaloglobus Bucharest,3,2,1.38,4.49,6.74,,,,Liga I,,20260420_FC-Botosani_Metaloglobus-Bucharest,121.97545463385063,0.59,2.23,3,5,5,9,60.9,39.1,2,2,0,0,8,5
2026-04-20,Farul Constanta,FCSB,2,3,3.59,3.49,1.88,,,,Liga I,,20260420_Farul-Constanta_FCSB,-151.09112608354417,0.95,1.36,2,5,5,10,49.1,50.9,2,1,0,0,4,5
2026-04-24,FC Hermannstadt,Csikszereda M. Ciuc,0,0,1.72,3.53,4.26,,,,Liga I,,20260424_FC-Hermannstadt_Csikszereda-M.-Ciuc,-35.00322682865112,0.31,0.05,1,0,3,0,46.4,53.6,0,2,0,0,4,0
2026-04-24,FCSB,Petrolul,3,1,1.62,3.67,4.73,,,,Liga I,,20260424_FCSB_Petrolul,151.18982531873917,0.97,1.41,3,4,5,10,58.1,41.9,2,0,0,0,2,3
2026-04-25,CFR Cluj,U. Cluj,1,0,2.38,3.18,2.73,,,,Liga I,,20260425_CFR-Cluj_U.-Cluj,-2.7284956339440214,1.34,0.88,5,2,9,5,49.7,50.3,0,2,0,0,4,6
2026-04-25,FC Botosani,Otelul,1,1,1.85,3.3,3.88,,,,Liga I,,20260425_FC-Botosani_Otelul,-7.719562423972093,0.85,0.82,2,1,4,3,59.4,40.6,1,3,0,0,0,4
2026-04-26,Dinamo Bucuresti,FC Rapid Bucuresti,3,1,2.56,3.03,2.61,,,,Liga I,,20260426_Dinamo-Bucuresti_FC-Rapid-Bucuresti,-114.25192343040248,0.46,1.5,3,6,7,14,46.6,53.4,1,0,1,0,5,10
2026-04-26,UTA Arad,Farul Constanta,0,0,2.33,3.21,2.74,,,,Liga I,,20260426_UTA-Arad_Farul-Constanta,60.19930313139548,0.05,0.05,0,0,0,0,49.8,50.2,1,1,0,0,1,1
2026-04-27,FC Arges,Univ. Craiova,0,1,5.08,3.31,1.67,,,,Liga I,,20260427_FC-Arges_Univ.-Craiova,-141.02607910604274,0.95,1.39,2,4,6,9,45.6,54.4,2,2,0,0,1,2
2026-04-27,Metaloglobus Bucharest,Unirea Slobozia,1,1,2.82,3.2,2.29,,,,Liga I,,20260427_Metaloglobus-Bucharest_Unirea-Slobozia,-45.43869319237456,1.07,1.39,2,4,6,8,43.0,57.0,0,0,0,0,4,1
2026-05-01,Csikszereda M. Ciuc,FCSB,1,0,6.3,4.37,4.83,,,,Liga I,,20260501_Csikszereda-M.-Ciuc_FCSB,-152.64446579238165,1.52,0.96,6,3,13,8,39.1,60.9,5,1,0,0,8,6
2026-05-02,Farul Constanta,FC Botosani,1,1,1.98,3.46,6.4,,,,Liga I,,20260502_Farul-Constanta_FC-Botosani,-19.777551096889056,1.56,0.61,4,4,9,7,53.6,46.4,0,1,0,0,4,3
2026-05-02,Otelul,Metaloglobus Bucharest,2,2,1.33,4.6,9.75,,,,Liga I,,20260502_Otelul_Metaloglobus-Bucharest,143.77207144926797,2.04,0.86,6,2,14,3,55.7,44.3,2,2,0,0,9,4
2026-05-02,U. Cluj,FC Arges,1,0,1.65,3.48,7.63,,,,Liga I,,20260502_U.-Cluj_FC-Arges,131.94769861247664,0.05,1.63,1,6,0,13,56.0,44.0,0,1,0,0,5,6
2026-05-03,Petrolul,UTA Arad,1,1,2.02,3.0,6.75,,,,Liga I,,20260503_Petrolul_UTA-Arad,-51.14916543403342,1.05,0.73,3,2,6,1,54.2,45.8,1,0,0,0,3,6
2026-05-03,Univ. Craiova,Dinamo Bucuresti,2,1,1.68,3.35,7.62,,,,Liga I,,20260503_Univ.-Craiova_Dinamo-Bucuresti,181.27558671929046,1.35,0.05,4,1,8,2,57.6,42.4,2,0,0,0,3,1
2026-05-04,FC Rapid Bucuresti,CFR Cluj,1,2,2.26,3.16,2.91,,,,Liga I,,20260504_FC-Rapid-Bucuresti_CFR-Cluj,-96.26458725552902,0.16,0.81,1,2,2,5,49.7,50.3,2,2,1,0,5,8
2026-05-04,Unirea Slobozia,FC Hermannstadt,2,2,3.33,3.1,5.41,,,,Liga I,,20260504_Unirea-Slobozia_FC-Hermannstadt,-59.54422984372536,1.29,1.95,3,5,7,10,45.0,55.0,3,1,0,0,3,5
2026-05-08,CFR Cluj,Univ. Craiova,0,0,3.2,3.1,2.14,,,,Liga I,,20260508_CFR-Cluj_Univ.-Craiova,0.12768492577242796,1.04,1.04,3,1,5,1,58.4,41.6,2,3,0,1,4,9
2026-05-08,UTA Arad,Csikszereda M. Ciuc,1,0,1.67,3.73,4.29,,,,Liga I,,20260508_UTA-Arad_Csikszereda-M.-Ciuc,19.723577751802395,0.9,0.4,4,0,9,1,41.3,58.7,1,2,0,0,4,1
2026-05-09,Otelul,Farul Constanta,3,2,2.31,3.14,2.87,,,,Liga I,,20260509_Otelul_Farul-Constanta,21.581169535516437,0.93,0.86,4,2,11,4,51.4,48.6,1,4,0,0,8,5
2026-05-09,U. Cluj,FC Rapid Bucuresti,1,0,1.75,3.47,4.33,,,,Liga I,,20260509_U.-Cluj_FC-Rapid-Bucuresti,91.21214071316308,0.65,0.05,1,0,3,0,51.6,48.4,0,6,0,0,1,5
2026-05-10,Dinamo Bucuresti,FC Arges,2,1,1.61,3.53,5.32,,,,Liga I,,20260510_Dinamo-Bucuresti_FC-Arges,-24.09081714412082,1.39,1.72,4,6,7,16,45.5,54.5,1,1,0,0,4,10
2026-05-10,FC Botosani,Petrolul,1,1,2.5,3.14,2.67,,,,Liga I,,20260510_FC-Botosani_Petrolul,12.408381660458417,0.07,0.94,2,3,3,8,60.2,39.8,2,4,0,0,7,7
2026-05-11,FCSB,Unirea Slobozia,0,0,1.17,6.29,11.88,,,,Liga I,,20260511_FCSB_Unirea-Slobozia,225.78822219714766,0.05,1.09,0,4,0,7,61.4,38.6,1,5,0,0,1,1
2026-05-11,Metaloglobus Bucharest,FC Hermannstadt,2,2,7.22,4.81,1.33,,,,Liga I,,20260511_Metaloglobus-Bucharest_FC-Hermannstadt,-95.1247921369577,0.9,1.25,3,4,4,8,47.3,52.7,1,2,0,0,6,12
2026-05-15,FC Arges,FC Rapid Bucuresti,2,2,3.04,3.08,2.24,,,,Liga I,,20260515_FC-Arges_FC-Rapid-Bucuresti,-59.94590493742976,0.93,2.24,3,7,9,13,46.6,53.4,1,4,0,0,1,3
2026-05-16,Csikszereda M. Ciuc,FC Botosani,2,0,2.54,3.29,2.45,,,,Liga I,,20260516_Csikszereda-M.-Ciuc_FC-Botosani,4.618139053962523,0.92,0.16,5,1,11,4,46.8,53.2,2,0,0,0,5,6
2026-05-16,Dinamo Bucuresti,CFR Cluj,0,0,2.02,3.33,3.27,,,,Liga I,,20260516_Dinamo-Bucuresti_CFR-Cluj,-181.07087930850162,0.43,0.73,1,4,5,9,38.4,61.6,3,1,0,0,2,3
2026-05-17,Univ. Craiova,U. Cluj,5,0,1.83,3.21,4.12,,,,Liga I,,20260517_Univ.-Craiova_U.-Cluj,13.524466211171557,2.01,0.43,6,0,12,1,51.0,49.0,2,0,0,0,12,1
2026-05-18,FC Hermannstadt,FCSB,2,0,1.86,3.57,3.55,,,,Liga I,,20260518_FC-Hermannstadt_FCSB,-166.66415158754216,0.75,1.31,3,4,7,10,44.8,55.2,1,2,0,0,2,5
2026-05-18,Farul Constanta,Metaloglobus Bucharest,0,1,1.24,5.83,8.45,,,,Liga I,,20260518_Farul-Constanta_Metaloglobus-Bucharest,98.32868879503849,0.82,1.5,4,5,9,10,48.0,52.0,2,1,0,0,8,4
2026-05-18,Petrolul,Otelul,1,5,1.72,3.32,4.63,,,,Liga I,,20260518_Petrolul_Otelul,-26.403892974840346,0.25,1.51,2,5,4,11,52.5,47.5,0,4,0,0,6,5
2026-05-18,Unirea Slobozia,UTA Arad,0,1,2.57,3.28,2.47,,,,Liga I,,20260518_Unirea-Slobozia_UTA-Arad,-131.24229592185884,0.05,0.73,0,2,1,3,41.7,58.3,2,4,0,0,1,2
2026-05-22,CFR Cluj,FC Arges,1,1,1.73,3.38,4.36,,,,Liga I,,20260522_CFR-Cluj_FC-Arges,174.8482068704211,0.72,1.4,2,6,5,14,55.9,44.1,2,0,0,0,5,7
2026-05-23,Chindia Targoviste,Farul Constanta,3,3,4.54,3.45,1.69,,,,Liga I,,20260523_Chindia-Targoviste_Farul-Constanta,-34.83139532248924,1.38,2.22,3,6,7,14,47.8,52.2,2,2,1,0,5,8
2026-05-23,U. Cluj,Dinamo Bucuresti,1,1,2.34,3.18,2.79,,,,Liga I,,20260523_U.-Cluj_Dinamo-Bucuresti,150.1512574327021,0.82,0.18,3,1,9,2,59.3,40.7,1,0,0,0,2,3
2026-05-24,FC Hermannstadt,FC Voluntari,3,2,1.97,3.11,3.7,,,,Liga I,,20260524_FC-Hermannstadt_FC-Voluntari,33.08799142987277,0.54,0.08,3,2,8,3,44.5,55.5,1,3,0,0,1,2
2026-05-24,FCSB,FC Botosani,3,3,1.44,4.26,5.89,,,,Liga I,,20260524_FCSB_FC-Botosani,122.29714168085661,1.25,0.82,4,3,10,6,54.0,46.0,1,1,0,0,8,2
2026-05-25,FC Rapid Bucuresti,Univ. Craiova,0,0,2.52,3.11,2.63,,,,Liga I,,20260525_FC-Rapid-Bucuresti_Univ.-Craiova,-136.1600370578983,0.79,1.04,2,4,5,7,47.6,52.4,1,1,0,0,4,3
2026-05-29,Dinamo Bucuresti,FCSB,1,1,2.49,3.09,2.65,,,,Liga I,,20260529_Dinamo-Bucuresti_FCSB,-93.82992918387754,0.47,0.64,1,1,2,2,43.7,56.3,1,4,0,0,5,0
2026-05-31,Farul Constanta,Chindia Targoviste,1,1,1.32,4.64,7.83,,,,Liga I,,20260531_Farul-Constanta_Chindia-Targoviste,32.43335632711887,1.01,1.41,4,5,8,11,57.2,42.8,0,1,0,1,5,5
2026-06-01,FC Voluntari,FC Hermannstadt,3,0,2.4,3.09,2.76,,,,Liga I,,20260601_FC-Voluntari_FC-Hermannstadt,-54.80923898234664,0.97,0.76,4,2,10,6,47.3,52.7,3,1,0,0,3,11
2026-07-17,FC Voluntari,FC Botosani,2,2,2.3,3.0,2.98,,,,Liga I,,20260717_FC-Voluntari_FC-Botosani,-43.79185989472694,0.91,1.56,2,6,5,13,48.8,51.2,2,6,0,1,4,5
2026-07-17,FCSB,FC Arges,2,0,1.58,3.79,4.86,,,,Liga I,,20260717_FCSB_FC-Arges,95.23892269770135,1.71,0.47,4,2,11,4,49.8,50.2,1,1,0,0,7,4
2026-07-18,Otelul,CFR Cluj,2,1,3.0,3.09,2.24,,,,Liga I,,20260718_Otelul_CFR-Cluj,-145.74972368525937,0.54,1.66,3,5,6,11,41.0,59.0,0,2,0,0,5,8
2026-07-18,Univ. Craiova,UTA Arad,4,0,1.67,3.74,4.28,,,,Liga I,,20260718_Univ.-Craiova_UTA-Arad,135.29758610888166,2.39,0.42,6,1,14,2,50.8,49.2,0,2,0,0,9,1
2026-07-19,Petrolul,Dinamo Bucuresti,1,0,4.07,3.2,1.84,,,,Liga I,,20260719_Petrolul_Dinamo-Bucuresti,-38.37455108967379,0.66,1.55,2,6,4,13,52.1,47.9,1,0,0,0,3,4
2026-07-19,U. Cluj,Farul Constanta,2,1,2.09,3.22,3.19,,,,Liga I,,20260719_U.-Cluj_Farul-Constanta,199.81329664052896,0.83,0.07,4,1,6,0,55.0,45.0,2,2,0,0,6,3
2026-07-20,Corvinul,Csikszereda M. Ciuc,3,0,1.94,3.23,3.63,,,,Liga I,,20260720_Corvinul_Csikszereda-M.-Ciuc,-35.80652717375301,1.15,1.32,5,3,11,7,45.6,54.4,2,2,0,0,6,3
2026-07-20,FC Rapid Bucuresti,Sepsi Sf. Gheorghe,1,0,1.61,3.61,4.87,,,,Liga I,,20260720_FC-Rapid-Bucuresti_Sepsi-Sf.-Gheorghe,85.86445309936857,1.77,1.48,6,5,13,13,56.1,43.9,1,3,0,0,6,11
2026-07-24,FC Arges,Petrolul,1,0,1.94,3.0,3.88,,,,Liga I,,20260724_FC-Arges_Petrolul,8.526528361384635,1.92,0.49,6,2,14,5,44.7,55.3,1,1,0,0,3,6
2026-07-24,UTA Arad,Otelul,2,2,1.99,3.18,3.47,,,,Liga I,,20260724_UTA-Arad_Otelul,4.401837436758797,1.45,1.62,5,7,12,14,56.0,44.0,3,2,0,0,9,5
2026-07-25,Dinamo Bucuresti,Univ. Craiova,5,1,2.56,3.05,2.61,,,,Liga I,,20260725_Dinamo-Bucuresti_Univ.-Craiova,-195.0859266371358,1.78,1.33,5,4,13,10,42.3,57.7,1,3,0,0,2,9
2026-07-25,Farul Constanta,Corvinul,2,0,2.23,3.14,2.95,,,,Liga I,,20260725_Farul-Constanta_Corvinul,-46.51955388188048,0.9,1.3,4,3,8,8,45.9,54.1,2,3,0,0,4,5
2026-07-26,Csikszereda M. Ciuc,FCSB,0,2,3.69,3.47,1.83,,,,Liga I,,20260726_Csikszereda-M.-Ciuc_FCSB,-108.79891287184,1.46,0.51,3,2,6,3,51.1,48.9,2,1,0,0,5,6
2026-07-26,Sepsi Sf. Gheorghe,U. Cluj,1,0,2.4,3.04,2.76,,,,Liga I,,20260726_Sepsi-Sf.-Gheorghe_U.-Cluj,-190.9362932384754,0.95,0.89,2,4,4,8,42.1,57.9,1,3,0,0,3,3
2026-07-27,CFR Cluj,FC Voluntari,5,0,1.79,3.39,4.02,,,,Liga I,,20260727_CFR-Cluj_FC-Voluntari,205.00371624220338,1.61,0.51,6,2,14,3,58.9,41.1,3,0,1,0,8,3
2026-07-27,FC Botosani,FC Rapid Bucuresti,1,1,2.92,3.1,2.28,,,,Liga I,,20260727_FC-Botosani_FC-Rapid-Bucuresti,-81.1218012644913,1.24,2.07,5,6,10,14,50.4,49.6,2,0,0,0,4,10
2026-07-31,FC Arges,Csikszereda M. Ciuc,1,0,1.62,3.44,5.06,,,,Liga I,,20260731_FC-Arges_Csikszereda-M.-Ciuc,16.044865808874874,0.92,0.05,3,0,10,0,46.8,53.2,0,5,0,0,6,1
2026-07-31,Otelul,Dinamo Bucuresti,1,1,3.12,3.15,2.16,,,,Liga I,,20260731_Otelul_Dinamo-Bucuresti,22.330029252591203,1.2,1.14,4,4,8,9,46.5,53.5,0,0,0,1,9,5
2026-08-01,FC Voluntari,UTA Arad,1,0,2.68,3.04,2.49,,,,Liga I,,20260801_FC-Voluntari_UTA-Arad,-102.66088927135411,0.52,0.05,2,0,4,0,42.0,58.0,3,2,0,0,5,4
2026-08-01,Univ. Craiova,Petrolul,4,0,1.3,4.57,8.61,,,,Liga I,,20260801_Univ.-Craiova_Petrolul,200.41685211007325,2.07,0.25,9,1,20,2,52.2,47.8,2,2,0,0,8,6
2026-08-02,Corvinul,Sepsi Sf. Gheorghe,1,1,2.17,2.96,3.28,,,,Liga I,,20260802_Corvinul_Sepsi-Sf.-Gheorghe,-5.49848520616888,1.03,1.27,5,4,12,9,52.8,47.2,4,2,0,0,6,3
2026-08-02,FC Rapid Bucuresti,CFR Cluj,3,1,2.01,3.17,3.45,,,,Liga I,,20260802_FC-Rapid-Bucuresti_CFR-Cluj,-91.49202726627027,1.17,1.11,3,2,6,2,43.5,56.5,4,0,0,0,5,3
2026-08-03,FCSB,Farul Constanta,2,2,1.55,3.97,4.87,,,,Liga I,,20260803_FCSB_Farul-Constanta,159.4235076936866,1.3,0.68,5,2,11,6,52.9,47.1,2,2,0,0,4,3
2026-08-03,U. Cluj,FC Botosani,2,1,1.93,3.38,3.51,,,,Liga I,,20260803_U.-Cluj_FC-Botosani,147.25277861340373,0.67,0.88,2,2,7,4,56.6,43.4,2,2,0,0,6,5
2026-08-07,UTA Arad,FC Rapid Bucuresti,0,0,2.55,3.09,2.59,,,,Liga I,,20260807_UTA-Arad_FC-Rapid-Bucuresti,-52.667492462612245,1.33,0.64,5,2,10,2,52.4,47.6,2,2,0,1,8,4
2026-08-08,Dinamo Bucuresti,FC Voluntari,4,0,1.5,3.96,5.35,,,,Liga I,,20260808_Dinamo-Bucuresti_FC-Voluntari,61.55719721770902,0.63,1.25,4,5,9,12,51.6,48.4,2,2,0,0,0,2
2026-08-08,Farul Constanta,Csikszereda M. Ciuc,3,2,1.45,4.12,5.81,,,,Liga I,,20260808_Farul-Constanta_Csikszereda-M.-Ciuc,-17.307705182880454,2.36,0.4,8,2,15,4,50.2,49.8,2,1,0,0,9,5
2026-08-09,Petrolul,Otelul,1,0,2.6,3.0,2.57,,,,Liga I,,20260809_Petrolul_Otelul,-68.86452313111658,1.81,0.9,8,4,17,7,43.3,56.7,2,1,0,0,15,2
2026-08-09,Univ. Craiova,FC Arges,0,1,1.47,3.78,6.18,,,,Liga I,,20260809_Univ.-Craiova_FC-Arges,162.78854193649727,1.25,0.97,3,3,7,7,54.1,45.9,1,1,0,0,4,2
2026-08-10,FC Botosani,Corvinul,0,0,2.33,3.06,2.86,,,,Liga I,,20260810_FC-Botosani_Corvinul,5.789357521513693,0.05,1.22,1,4,3,7,54.2,45.8,4,2,0,0,6,6
2026-08-10,Sepsi Sf. Gheorghe,FCSB,0,0,3.96,3.35,1.8,,,,Liga I,,20260810_Sepsi-Sf.-Gheorghe_FCSB,-129.6399207789043,0.61,1.76,0,5,0,10,44.5,55.5,5,4,0,0,2,7
2026-08-14,FC Arges,Farul Constanta,1,1,2.32,2.9,3.06,,,,Liga I,,20260814_FC-Arges_Farul-Constanta,60.89198206717015,0.69,0.72,1,2,2,5,57.5,42.5,1,2,0,0,4,3
2026-08-14,FC Voluntari,Petrolul,1,2,2.1,3.05,3.41,,,,Liga I,,20260814_FC-Voluntari_Petrolul,-37.72601160074987,1.42,0.24,6,2,14,6,47.4,52.6,0,3,0,0,6,3
2026-08-15,Csikszereda M. Ciuc,Sepsi Sf. Gheorghe,0,0,3.22,3.1,2.14,,,,Liga I,,20260815_Csikszereda-M.-Ciuc_Sepsi-Sf.-Gheorghe,-19.054263986183287,0.31,0.69,2,2,6,6,49.8,50.2,1,1,0,0,4,0
2026-08-15,FC Rapid Bucuresti,Dinamo Bucuresti,0,1,2.53,3.11,2.61,,,,Liga I,,20260815_FC-Rapid-Bucuresti_Dinamo-Bucuresti,51.17792165059245,1.16,2.04,3,6,8,14,53.5,46.5,0,0,0,0,7,8
2026-08-16,Corvinul,CFR Cluj,3,0,2.67,3.1,2.47,,,,Liga I,,20260816_Corvinul_CFR-Cluj,-164.8084604364501,0.31,1.14,3,3,6,7,52.1,47.9,3,3,0,0,6,6
2026-08-16,Otelul,Univ. Craiova,1,1,3.87,3.33,1.86,,,,Liga I,,20260816_Otelul_Univ.-Craiova,-140.16703930378526,1.32,0.9,2,1,6,0,43.2,56.8,1,3,0,0,4,3
2026-08-17,FCSB,FC Botosani,3,2,1.46,4.25,5.57,,,,Liga I,,20260817_FCSB_FC-Botosani,124.8884410490839,1.43,0.9,4,3,7,7,53.2,46.8,0,1,0,0,5,3
2026-08-17,U. Cluj,UTA Arad,2,1,1.96,3.23,3.53,,,,Liga I,,20260817_U.-Cluj_UTA-Arad,114.60649340315194,1.68,2.02,6,7,13,18,49.2,50.8,3,2,0,0,5,9
2026-08-21,Petrolul,FC Rapid Bucuresti,0,2,3.38,3.1,2.08,,,,Liga I,,20260821_Petrolul_FC-Rapid-Bucuresti,-70.34379427517229,0.15,1.24,2,2,5,5,51.7,48.3,0,1,0,0,2,4
2026-08-22,Dinamo Bucuresti,U. Cluj,2,1,1.79,3.51,3.95,,,,Liga I,,20260822_Dinamo-Bucuresti_U.-Cluj,-111.1517194359867,1.3,0.49,4,2,10,2,48.1,51.9,1,1,0,0,5,3
2026-08-22,UTA Arad,Corvinul,0,0,2.24,3.17,2.99,,,,Liga I,,20260822_UTA-Arad_Corvinul,27.152331394684325,1.0,0.8,5,4,12,8,57.1,42.9,2,2,0,0,7,6
2026-08-23,CFR Cluj,FCSB,1,0,3.82,3.57,1.8,,,,Liga I,,20260823_CFR-Cluj_FCSB,9.366821776930692,1.29,1.18,3,2,7,4,48.3,51.7,0,2,0,0,5,4
2026-08-23,Sepsi Sf. Gheorghe,Farul Constanta,1,1,2.59,3.05,2.6,,,,Liga I,,20260823_Sepsi-Sf.-Gheorghe_Farul-Constanta,8.428069051475859,0.6,0.89,1,4,1,8,46.6,53.4,1,2,0,0,3,8
2026-08-23,Univ. Craiova,FC Voluntari,3,1,1.4,4.37,6.49,,,,Liga I,,20260823_Univ.-Craiova_FC-Voluntari,224.16940738784479,1.12,1.11,5,4,10,9,63.1,36.9,1,0,0,0,3,3
2026-08-24,FC Botosani,Csikszereda M. Ciuc,1,0,1.65,3.74,4.51,,,,Liga I,,20260824_FC-Botosani_Csikszereda-M.-Ciuc,6.723616305044288,0.48,0.83,2,1,4,0,56.4,43.6,0,2,0,1,2,0
2026-08-24,Otelul,FC Arges,1,0,2.52,2.84,2.86,,,,Liga I,,20260824_Otelul_FC-Arges,-5.190556741290493,0.05,0.85,3,2,6,6,47.7,52.3,0,2,0,0,7,3
