date,home_team,away_team,home_goals,away_goals,odd_home,odd_draw,odd_away,odd_home_pin,odd_draw_pin,odd_away_pin,tournament,stadium,MATCH_ID,elo_diff,home_xg,away_xg,home_shots_on,away_shots_on,home_shots_off,away_shots_off,home_possession,away_possession,home_yellow,away_yellow,home_red,away_red,home_corners,away_corners
2018-09-22,Colon Santa FE,Godoy Cruz,3,1,2.63,2.83,3.03,2.69,2.91,3.12,Primera División,,20180922_Colon-Santa-FE_Godoy-Cruz,0.0,1.57,1.41,5,4,9,8,54.4,45.6,3,1,0,0,4,6
2018-09-22,Newells Old Boys,Lanus,2,0,2.0,3.1,4.14,2.01,3.16,4.49,Primera División,,20180922_Newells-Old-Boys_Lanus,0.0,0.67,0.39,3,2,5,2,46.2,53.8,0,3,0,0,5,4
2018-09-22,Talleres Cordoba,Velez Sarsfield,1,1,2.51,2.83,3.21,2.55,2.94,3.29,Primera División,,20180922_Talleres-Cordoba_Velez-Sarsfield,0.0,0.58,2.13,1,7,1,13,53.7,46.3,1,0,0,0,3,4
2018-09-23,Banfield,Independiente,1,1,3.65,2.93,2.23,3.92,3.15,2.16,Primera División,,20180923_Banfield_Independiente,0.0,1.01,0.93,2,1,4,3,44.1,55.9,0,3,0,0,5,3
2018-09-23,Boca Juniors,River Plate,0,2,2.43,2.95,3.19,2.46,3.02,3.35,Primera División,,20180923_Boca-Juniors_River-Plate,0.0,1.79,0.82,6,2,14,7,46.1,53.9,2,0,0,0,6,4
2018-09-23,Gimnasia L.P.,Rosario Central,1,1,2.87,2.86,2.73,2.95,2.91,2.82,Primera División,,20180923_Gimnasia-L.P._Rosario-Central,0.0,1.48,1.22,4,3,11,6,52.7,47.3,3,2,0,0,3,3
2018-09-23,San Martin S.J.,Atl. Tucuman,1,3,3.22,3.12,2.32,3.28,3.31,2.33,Primera División,,20180923_San-Martin-S.J._Atl.-Tucuman,0.0,1.32,1.61,3,6,8,13,49.5,50.5,3,3,0,0,3,7
2018-09-23,San Martin T.,Argentinos Jrs,0,0,2.48,2.91,3.15,2.58,2.96,3.21,Primera División,,20180923_San-Martin-T._Argentinos-Jrs,0.0,0.77,0.39,2,0,4,0,50.8,49.2,2,2,0,0,3,2
2018-09-23,Tigre,Huracan,0,2,2.49,2.98,3.05,2.52,3.04,3.21,Primera División,,20180923_Tigre_Huracan,0.0,0.68,0.31,2,2,5,3,54.1,45.9,0,3,0,1,8,1
2018-09-24,Aldosivi,Belgrano,2,0,2.62,2.86,3.01,2.69,2.94,3.08,Primera División,,20180924_Aldosivi_Belgrano,0.0,1.2,0.88,4,2,10,2,53.2,46.8,2,3,1,0,6,2
2018-09-25,Racing Club,Union de Santa Fe,1,0,1.79,3.32,4.94,1.83,3.35,5.17,Primera División,,20180925_Racing-Club_Union-de-Santa-Fe,0.0,1.24,1.18,5,3,11,5,53.5,46.5,2,1,0,0,6,4
2018-09-28,Independiente,Tigre,0,0,2.24,3.07,3.41,2.29,3.21,3.54,Primera División,,20180928_Independiente_Tigre,12.0,0.29,0.79,0,2,2,6,52.9,47.1,2,1,0,0,3,8
2018-09-29,Lanus,River Plate,1,5,3.84,3.15,2.06,4.01,3.28,2.09,Primera División,,20180929_Lanus_River-Plate,-24.0,1.62,1.36,6,5,13,13,49.0,51.0,2,2,0,0,5,6
2018-09-30,Argentinos Jrs,Racing Club,0,2,3.78,3.1,2.1,3.92,3.23,2.14,Primera División,,20180930_Argentinos-Jrs_Racing-Club,-12.0,1.35,0.92,3,3,7,7,50.9,49.1,1,0,0,0,1,7
2018-09-30,Belgrano,Huracan,0,1,2.36,2.88,3.4,2.43,2.96,3.55,Primera División,,20180930_Belgrano_Huracan,-24.0,0.32,1.79,0,6,2,12,48.9,51.1,0,1,0,0,2,8
2018-09-30,Patronato,Talleres Cordoba,2,1,3.55,2.86,2.31,3.69,2.85,2.45,Primera División,,20180930_Patronato_Talleres-Cordoba,0.0,1.26,0.66,5,3,10,6,62.8,37.2,2,2,0,1,7,5
2018-09-30,Union de Santa Fe,Gimnasia L.P.,1,0,1.75,3.19,5.55,1.83,3.17,5.79,Primera División,,20180930_Union-de-Santa-Fe_Gimnasia-L.P.,-12.0,1.05,0.3,5,1,11,3,50.1,49.9,2,0,0,0,8,4
2018-10-01,Boca Juniors,Colon Santa FE,3,1,1.66,3.43,5.96,1.71,3.35,6.53,Primera División,,20181001_Boca-Juniors_Colon-Santa-FE,-24.0,1.18,1.14,3,3,8,9,49.7,50.3,0,1,0,0,10,6
2018-10-01,Godoy Cruz,Defensa y Justicia,0,1,2.99,2.89,2.62,3.1,2.97,2.69,Primera División,,20181001_Godoy-Cruz_Defensa-y-Justicia,-12.0,0.98,1.13,3,5,8,10,48.6,51.4,1,2,0,0,10,7
2018-10-02,San Martin T.,Banfield,1,1,2.41,2.87,3.33,2.5,2.9,3.51,Primera División,,20181002_San-Martin-T._Banfield,0.0,0.05,1.32,1,4,2,8,47.2,52.8,1,0,1,0,1,4
2018-10-02,Velez Sarsfield,Aldosivi,2,0,1.68,3.34,5.92,1.69,3.47,6.36,Primera División,,20181002_Velez-Sarsfield_Aldosivi,-12.0,1.39,0.89,4,4,8,8,50.7,49.3,0,3,0,0,2,3
2018-10-06,Aldosivi,San Martin T.,2,0,2.23,2.99,3.57,2.27,3.07,3.77,Primera División,,20181006_Aldosivi_San-Martin-T.,-0.4143005863770668,2.1,1.08,6,3,11,5,55.4,44.6,2,3,0,0,5,2
2018-10-06,Gimnasia L.P.,Godoy Cruz,1,0,2.13,2.96,3.86,2.16,3.07,4.11,Primera División,,20181006_Gimnasia-L.P._Godoy-Cruz,11.171398827245866,0.75,2.39,1,7,2,14,50.5,49.5,1,3,0,0,3,6
2018-10-06,San Martin S.J.,Velez Sarsfield,3,1,3.57,3.03,2.2,3.77,3.17,2.21,Primera División,,20181006_San-Martin-S.J._Velez-Sarsfield,-24.414300586377067,0.75,1.69,3,6,7,13,49.8,50.2,0,5,0,0,2,8
2018-10-07,Atl. Tucuman,Lanus,0,0,1.87,3.32,4.38,1.86,3.56,4.63,Primera División,,20181007_Atl.-Tucuman_Lanus,35.17238532655597,0.05,0.95,1,6,3,15,51.6,48.4,1,4,0,1,3,3
2018-10-07,Banfield,San Lorenzo,2,0,2.66,2.83,2.97,2.81,2.93,3.0,Primera División,,20181007_Banfield_San-Lorenzo,0.0,1.36,0.57,3,0,8,1,57.6,42.4,3,0,0,0,8,6
2018-10-07,Patronato,Independiente,1,2,4.98,3.23,1.81,5.19,3.4,1.83,Primera División,,20181007_Patronato_Independiente,12.414300586377067,1.21,0.62,4,4,8,8,46.9,53.1,5,2,0,0,2,4
2018-10-07,Racing Club,Boca Juniors,2,2,2.31,3.08,3.26,2.42,3.14,3.34,Primera División,,20181007_Racing-Club_Boca-Juniors,22.7580847401789,1.0,1.89,4,6,7,13,53.1,46.9,1,1,0,0,4,6
2018-10-07,Rosario Central,Union de Santa Fe,0,4,2.99,2.73,2.76,3.14,2.78,2.84,Primera División,,20181007_Rosario-Central_Union-de-Santa-Fe,-0.4143005863770668,0.97,1.46,0,4,0,9,56.5,43.5,0,2,0,0,3,6
2018-10-07,Talleres Cordoba,Belgrano,3,0,2.31,2.86,3.54,2.39,2.93,3.68,Primera División,,20181007_Talleres-Cordoba_Belgrano,11.172385326555968,0.49,1.75,3,4,7,9,51.8,48.2,3,2,0,0,3,6
2018-10-08,Tigre,Estudiantes L.P.,1,0,2.78,2.82,2.86,2.95,2.82,2.97,Primera División,,20181008_Tigre_Estudiantes-L.P.,-11.585699413622933,0.05,0.86,1,3,2,7,55.4,44.6,2,1,1,0,5,2
2018-10-09,Colon Santa FE,Newells Old Boys,1,0,2.41,2.9,3.27,2.49,2.96,3.43,Primera División,,20181009_Colon-Santa-FE_Newells-Old-Boys,-12.827614673444032,0.46,0.57,1,2,2,3,47.5,52.5,2,1,0,0,3,2
2018-10-19,Defensa y Justicia,Talleres Cordoba,2,0,1.9,3.13,4.59,1.91,3.32,4.8,Primera División,,20181019_Defensa-y-Justicia_Talleres-Cordoba,11.971446980109476,0.93,0.91,4,2,7,6,50.1,49.9,3,2,1,0,4,3
2018-10-19,Velez Sarsfield,Gimnasia L.P.,1,0,1.83,3.19,4.86,,,,Primera División,,20181019_Velez-Sarsfield_Gimnasia-L.P.,0.3724598349142525,1.22,1.55,5,5,11,10,42.5,57.5,2,2,0,0,5,7
2018-10-20,Boca Juniors,Rosario Central,0,0,1.62,3.68,5.77,1.63,3.9,6.04,Primera División,,20181020_Boca-Juniors_Rosario-Central,13.598219369334402,1.45,0.14,3,0,5,0,56.0,44.0,3,2,0,0,5,5
2018-10-20,Colon Santa FE,River Plate,1,0,2.9,3.01,2.56,3.0,3.09,2.68,Primera División,,20181020_Colon-Santa-FE_River-Plate,-11.557151089793024,0.59,1.52,3,5,7,11,53.3,46.7,1,3,0,1,4,4
2018-10-20,Godoy Cruz,Aldosivi,2,0,2.0,3.0,4.32,2.03,3.1,4.61,Primera División,,20181020_Godoy-Cruz_Aldosivi,-46.79999472656391,0.45,0.5,2,1,5,4,45.8,54.2,2,2,0,0,5,1
2018-10-20,Lanus,Patronato,3,1,1.85,3.14,4.88,1.88,3.19,5.35,Primera División,,20181020_Lanus_Patronato,-21.5331148098187,1.26,0.58,4,3,10,6,54.3,45.7,3,1,0,0,12,4
2018-10-21,Argentinos Jrs,Union de Santa Fe,0,1,3.37,2.84,2.4,3.5,2.99,2.43,Primera División,,20181021_Argentinos-Jrs_Union-de-Santa-Fe,-23.98569057146915,1.02,0.64,3,2,6,4,57.3,42.7,1,2,0,0,2,3
2018-10-21,Estudiantes L.P.,Atl. Tucuman,1,1,2.39,2.91,3.28,2.48,2.97,3.43,Primera División,,20181021_Estudiantes-L.P._Atl.-Tucuman,-23.189329479197795,1.18,0.89,4,3,6,4,49.8,50.2,1,2,0,0,2,5
2018-10-21,Independiente,Huracan,3,1,1.93,3.2,4.32,1.95,3.32,4.56,Primera División,,20181021_Independiente_Huracan,-11.15809354294879,1.05,1.32,3,4,6,9,47.9,52.1,3,4,0,0,3,5
2018-10-21,Newells Old Boys,Tigre,2,0,2.14,3.02,3.73,2.2,3.11,3.93,Primera División,,20181021_Newells-Old-Boys_Tigre,-1.2571571225348634,1.48,0.19,5,0,10,0,43.3,56.7,0,2,0,0,2,0
2018-10-22,Belgrano,Banfield,1,1,2.58,2.77,3.17,,,,Primera División,,20181022_Belgrano_Banfield,-46.786637760069425,0.65,1.52,1,5,5,12,38.5,61.5,1,1,0,0,4,5
2018-10-22,San Martin T.,Racing Club,2,1,4.77,3.5,1.76,4.98,3.69,1.78,Primera División,,20181022_San-Martin-T._Racing-Club,-34.81509471773256,0.31,1.83,2,6,2,15,53.8,46.2,6,0,0,0,6,8
2018-10-23,San Lorenzo,San Martin S.J.,2,1,1.62,3.58,5.89,1.65,3.64,6.45,Primera División,,20181023_San-Lorenzo_San-Martin-S.J.,-12.841854867052689,1.4,0.93,5,2,10,4,45.7,54.3,1,1,0,0,5,2
2018-10-24,Estudiantes L.P.,Newells Old Boys,1,0,2.65,2.77,3.06,2.76,2.84,3.16,Primera División,,20181024_Estudiantes-L.P._Newells-Old-Boys,-23.200835341966467,0.59,1.34,2,3,3,5,48.1,51.9,2,0,0,0,2,3
2018-10-26,Tigre,Lanus,1,1,2.27,3.0,3.46,2.3,3.09,3.66,Primera División,,20181026_Tigre_Lanus,-2.0101817208269495,0.6,1.71,2,4,4,8,59.8,40.2,3,1,1,0,3,3
2018-10-27,Gimnasia L.P.,Boca Juniors,2,1,3.14,2.92,2.48,3.27,3.02,2.54,Primera División,,20181027_Gimnasia-L.P._Boca-Juniors,-13.9302524252073,0.61,0.85,3,4,6,8,46.0,54.0,0,2,1,0,4,5
2018-10-27,Huracan,Colon Santa FE,3,2,2.3,2.89,3.52,2.39,2.88,3.77,Primera División,,20181027_Huracan_Colon-Santa-FE,-13.227126060108503,0.51,1.0,3,2,7,3,45.9,54.1,1,3,0,0,3,7
2018-10-27,River Plate,Aldosivi,1,0,1.53,3.78,6.84,1.54,4.04,6.98,Primera División,,20181027_River-Plate_Aldosivi,12.780062479899016,0.95,0.13,3,2,7,5,53.2,46.8,2,3,0,0,3,1
2018-10-28,Atl. Tucuman,Independiente,4,2,2.44,2.97,3.15,2.49,3.04,3.32,Primera División,,20181028_Atl.-Tucuman_Independiente,-14.409968238583815,1.23,0.89,4,3,10,6,54.3,45.7,1,2,0,0,5,2
2018-10-28,Banfield,Estudiantes L.P.,0,2,2.23,2.85,3.75,2.31,2.8,4.14,Primera División,,20181028_Banfield_Estudiantes-L.P.,9.193868662437126,1.37,1.24,5,2,9,4,48.2,51.8,2,3,0,0,3,1
2018-10-28,Patronato,Rosario Central,2,1,3.04,2.9,2.56,3.16,2.96,2.65,Primera División,,20181028_Patronato_Rosario-Central,-1.6551046184436018,1.4,1.59,4,4,10,8,51.3,48.7,0,2,0,0,7,2
2018-10-28,Racing Club,San Lorenzo,2,1,1.66,3.72,5.65,1.63,3.93,5.94,Primera División,,20181028_Racing-Club_San-Lorenzo,9.158983097753207,1.33,0.05,3,1,4,4,53.9,46.1,0,2,0,0,3,3
2018-10-28,Talleres Cordoba,San Martin T.,0,0,1.81,3.29,4.82,1.83,3.5,4.92,Primera División,,20181028_Talleres-Cordoba_San-Martin-T.,-13.156584678190029,0.05,0.5,0,2,0,3,54.1,45.9,0,2,0,0,3,3
2018-10-28,Union de Santa Fe,Godoy Cruz,0,3,1.69,3.33,5.76,1.71,3.5,5.96,Primera División,,20181028_Union-de-Santa-Fe_Godoy-Cruz,45.166145559318466,0.93,1.66,5,4,9,8,52.4,47.6,1,1,0,0,6,1
2018-10-28,Velez Sarsfield,Belgrano,1,0,1.6,3.57,6.3,1.61,3.84,6.45,Primera División,,20181028_Velez-Sarsfield_Belgrano,44.73996355237432,1.02,0.56,3,1,5,3,51.4,48.6,1,1,0,0,3,1
2018-10-29,Newells Old Boys,Argentinos Jrs,2,0,2.35,2.91,3.4,2.37,3.04,3.56,Primera División,,20181029_Newells-Old-Boys_Argentinos-Jrs,21.559008704439975,1.22,0.15,4,1,10,3,47.1,52.9,1,1,0,0,4,4
2018-10-30,San Martin S.J.,Defensa y Justicia,0,1,2.71,2.95,2.8,2.8,3.06,2.88,Primera División,,20181030_San-Martin-S.J._Defensa-y-Justicia,-34.773869052327655,0.76,0.88,2,4,3,7,54.4,45.6,0,1,0,0,3,6
2018-11-02,Belgrano,Gimnasia L.P.,2,0,2.41,2.79,3.45,2.49,2.78,3.71,Primera División,,20181102_Belgrano_Gimnasia-L.P.,-43.33732996948311,2.01,0.8,7,3,16,6,54.2,45.8,1,0,0,0,10,4
2018-11-03,Aldosivi,Banfield,1,4,2.67,2.81,2.98,2.8,2.83,3.13,Primera División,,20181103_Aldosivi_Banfield,-11.641764603632282,1.24,1.05,3,4,5,8,52.7,47.3,2,3,0,0,6,8
2018-11-03,Boca Juniors,Tigre,4,1,1.71,3.49,5.24,1.72,3.53,5.77,Primera División,,20181103_Boca-Juniors_Tigre,-0.17808978452421798,1.18,1.52,4,5,8,13,42.5,57.5,1,1,0,0,3,3
2018-11-03,Estudiantes L.P.,River Plate,1,0,3.28,2.95,2.39,3.49,3.07,2.38,Primera División,,20181103_Estudiantes-L.P._River-Plate,-8.814807299856511,1.38,1.69,3,5,5,10,53.4,46.6,2,1,0,0,7,9
2018-11-03,Godoy Cruz,Atl. Tucuman,1,0,2.48,2.96,3.09,2.57,3.05,3.19,Primera División,,20181103_Godoy-Cruz_Atl.-Tucuman,-30.529017997036135,0.75,1.1,2,3,1,9,44.7,55.3,2,1,0,0,3,5
2018-11-03,Union de Santa Fe,Patronato,2,2,1.6,3.54,6.41,1.63,3.63,6.83,Primera División,,20181103_Union-de-Santa-Fe_Patronato,11.135817830162296,1.19,1.13,2,3,5,6,43.7,56.3,1,3,0,0,7,7
2018-11-04,Argentinos Jrs,Independiente,0,2,3.88,3.08,2.07,4.13,3.16,2.11,Primera División,,20181104_Argentinos-Jrs_Independiente,-45.91703782787067,1.58,1.73,4,6,8,11,45.8,54.2,0,2,0,0,6,4
2018-11-04,Racing Club,Newells Old Boys,1,0,1.56,3.78,6.3,1.56,3.97,6.82,Primera División,,20181104_Racing-Club_Newells-Old-Boys,11.229291828464966,0.67,0.05,3,1,6,2,51.1,48.9,1,2,0,0,6,3
2018-11-04,Rosario Central,Colon Santa FE,1,1,2.25,2.92,3.61,2.33,2.91,3.88,Primera División,,20181104_Rosario-Central_Colon-Santa-FE,-35.131058011273126,1.32,0.98,3,3,6,6,48.2,51.8,2,1,0,0,4,3
2018-11-04,San Lorenzo,Talleres Cordoba,0,1,2.16,2.92,3.9,2.2,2.96,4.15,Primera División,,20181104_San-Lorenzo_Talleres-Cordoba,0.27784362549164143,1.26,1.07,4,5,9,9,41.6,58.4,1,3,0,0,5,4
2018-11-04,San Martin T.,San Martin S.J.,2,0,1.98,3.19,4.09,1.99,3.34,4.33,Primera División,,20181104_San-Martin-T._San-Martin-S.J.,23.134390223826358,0.98,1.05,3,3,7,7,46.1,53.9,1,3,0,0,8,6
2018-11-05,Defensa y Justicia,Velez Sarsfield,3,2,2.25,2.89,3.67,2.35,2.88,3.87,Primera División,,20181105_Defensa-y-Justicia_Velez-Sarsfield,11.952528581862225,0.22,1.84,3,3,6,7,47.7,52.3,2,1,0,0,3,4
2018-11-06,Lanus,Huracan,0,1,2.54,2.93,3.05,2.65,2.99,3.13,Primera División,,20181106_Lanus_Huracan,-32.532118021065344,0.06,1.82,1,6,2,13,51.7,48.3,0,4,0,0,3,11
2018-11-07,Independiente,San Martin T.,4,0,1.39,4.38,8.5,1.39,4.57,9.59,Primera División,,20181107_Independiente_San-Martin-T.,10.393277031996831,2.19,0.61,6,2,14,5,48.3,51.7,3,4,0,0,7,5
2018-11-09,Talleres Cordoba,Aldosivi,0,0,1.95,3.09,4.39,1.99,3.19,4.59,Primera División,,20181109_Talleres-Cordoba_Aldosivi,25.65490885746999,0.61,1.09,1,3,3,7,47.3,52.7,0,2,0,0,1,3
2018-11-10,Atl. Tucuman,Rosario Central,2,1,1.79,3.42,4.69,1.8,3.61,4.95,Primera División,,20181110_Atl.-Tucuman_Rosario-Central,31.79942996735599,1.01,0.51,4,1,9,3,51.7,48.3,0,3,0,0,10,2
2018-11-10,Colon Santa FE,Estudiantes L.P.,1,1,2.3,2.86,3.57,2.39,2.81,3.88,Primera División,,20181110_Colon-Santa-FE_Estudiantes-L.P.,-15.4733704324251,1.03,1.11,4,4,9,8,49.8,50.2,1,3,0,0,3,2
2018-11-11,Banfield,Lanus,0,0,2.17,2.99,3.73,2.23,2.98,4.04,Primera División,,20181111_Banfield_Lanus,29.84234335613428,1.64,1.08,4,4,10,9,52.9,47.1,3,0,0,0,3,3
2018-11-11,Gimnasia L.P.,Racing Club,0,3,3.77,3.16,2.07,3.91,3.28,2.12,Primera División,,20181111_Gimnasia-L.P._Racing-Club,-46.693722419627875,0.37,0.88,2,3,2,6,47.4,52.6,2,1,0,0,3,6
2018-11-11,Independiente,Belgrano,2,1,1.53,3.87,6.64,1.51,4.22,7.19,Primera División,,20181111_Independiente_Belgrano,64.1210157940991,1.43,1.88,6,6,12,11,58.0,42.0,2,4,0,0,7,9
2018-11-12,Huracan,Godoy Cruz,2,1,2.3,2.92,3.48,2.38,2.95,3.68,Primera División,,20181112_Huracan_Godoy-Cruz,29.11370480380242,1.63,1.52,7,5,15,12,50.4,49.6,2,2,0,0,5,1
2018-11-12,Newells Old Boys,Defensa y Justicia,0,0,2.57,2.93,2.99,2.66,3.04,3.07,Primera División,,20181112_Newells-Old-Boys_Defensa-y-Justicia,-47.11819295481973,0.37,2.04,2,6,4,13,50.8,49.2,4,3,0,0,1,9
2018-11-12,Tigre,Argentinos Jrs,2,1,1.96,3.17,4.22,2.01,3.26,4.37,Primera División,,20181112_Tigre_Argentinos-Jrs,21.27232522600889,0.55,1.21,2,4,4,8,51.3,48.7,0,1,0,0,9,6
2018-11-13,Patronato,San Martin T.,3,3,2.31,2.99,3.36,2.37,3.06,3.55,Primera División,,20181113_Patronato_San-Martin-T.,-1.0206850105823833,1.16,1.66,5,6,11,14,48.6,51.4,1,3,0,0,8,9
2018-11-13,Velez Sarsfield,San Lorenzo,0,0,1.91,3.24,4.34,1.94,3.28,4.67,Primera División,,20181113_Velez-Sarsfield_San-Lorenzo,33.68545526040816,1.77,1.3,6,3,11,8,50.9,49.1,3,3,1,0,6,3
2018-11-17,Boca Juniors,Patronato,1,0,1.37,4.56,8.64,1.36,4.77,10.09,Primera División,,20181117_Boca-Juniors_Patronato,1.362842560629133,0.05,1.18,1,4,0,10,46.6,53.4,1,5,0,0,5,7
2018-11-18,Defensa y Justicia,Estudiantes L.P.,1,1,2.11,2.93,3.97,2.07,3.11,4.34,Primera División,,20181118_Defensa-y-Justicia_Estudiantes-L.P.,18.657512263255285,1.56,0.22,4,1,10,2,54.9,45.1,5,0,0,0,9,1
2018-11-18,San Lorenzo,Atl. Tucuman,0,2,2.45,2.95,3.15,2.55,2.96,3.32,Primera División,,20181118_San-Lorenzo_Atl.-Tucuman,-42.43017620137334,0.2,0.74,0,2,0,5,47.7,52.3,3,2,0,0,3,7
2018-11-21,Gimnasia L.P.,San Martin S.J.,0,2,1.85,3.27,4.66,1.84,3.45,4.97,Primera División,,20181121_Gimnasia-L.P._San-Martin-S.J.,9.414304839325268,0.2,1.42,0,3,1,6,56.0,44.0,0,2,0,0,2,1
2018-11-23,Belgrano,Atl. Tucuman,1,3,2.6,2.9,2.96,2.68,2.91,3.19,Primera División,,20181123_Belgrano_Atl.-Tucuman,-70.84641016437718,0.23,1.84,1,6,2,13,46.8,53.2,1,1,0,0,5,6
2018-11-24,Argentinos Jrs,Talleres Cordoba,0,2,2.66,2.79,3.02,2.77,2.89,3.09,Primera División,,20181124_Argentinos-Jrs_Talleres-Cordoba,-55.311234107662585,1.35,0.84,5,2,12,5,43.1,56.9,2,2,0,0,6,5
2018-11-24,Rosario Central,Estudiantes L.P.,2,1,2.31,2.88,3.52,2.38,2.93,3.7,Primera División,,20181124_Rosario-Central_Estudiantes-L.P.,-59.200351837760536,1.02,0.63,2,3,5,6,51.3,48.7,1,0,0,0,3,7
2018-11-25,Aldosivi,Newells Old Boys,1,0,2.99,2.83,2.65,3.13,2.84,2.78,Primera División,,20181125_Aldosivi_Newells-Old-Boys,-24.341043068245654,0.52,0.65,3,2,7,5,44.3,55.7,1,2,0,0,8,4
2018-11-25,San Martin T.,Colon Santa FE,0,0,2.73,2.9,2.82,2.91,2.91,2.92,Primera División,,20181125_San-Martin-T._Colon-Santa-FE,-10.626728104813537,0.79,0.1,2,0,5,0,48.9,51.1,1,3,0,1,3,1
2018-11-25,Union de Santa Fe,Velez Sarsfield,0,2,2.36,2.86,3.43,2.45,2.89,3.61,Primera División,,20181125_Union-de-Santa-Fe_Velez-Sarsfield,0.36148454054091417,1.51,1.18,3,4,7,11,45.2,54.8,1,2,0,0,5,3
2018-11-26,Defensa y Justicia,Tigre,2,1,1.54,3.87,6.33,1.54,4.12,6.74,Primera División,,20181126_Defensa-y-Justicia_Tigre,55.20101726351504,1.41,1.06,5,3,10,7,51.6,48.4,0,2,0,0,8,8
2018-11-26,Racing Club,Banfield,0,0,1.56,3.71,6.44,1.58,3.82,6.93,Primera División,,20181126_Racing-Club_Banfield,34.64910064540595,0.89,1.4,1,4,2,9,50.0,50.0,2,2,0,0,3,7
2018-11-27,Lanus,Independiente,1,0,3.53,3.08,2.19,3.67,3.17,2.25,Primera División,,20181127_Lanus_Independiente,-62.91648160196792,0.76,0.66,3,3,5,7,51.5,48.5,1,0,0,0,5,9
2018-11-28,Rosario Central,San Martin S.J.,1,0,1.76,3.38,4.97,1.78,3.6,5.15,Primera División,,20181128_Rosario-Central_San-Martin-S.J.,2.037738343153933,0.35,0.72,1,3,4,8,54.3,45.7,1,2,0,0,2,7
2018-11-30,Colon Santa FE,Belgrano,1,1,1.96,3.09,4.29,1.98,3.24,4.53,Primera División,,20181130_Colon-Santa-FE_Belgrano,60.06657878613237,1.58,1.37,5,4,11,8,48.9,51.1,4,0,0,0,4,3
2018-12-01,Atl. Tucuman,San Martin T.,2,3,1.73,3.41,5.11,1.76,3.48,5.57,Primera División,,20181201_Atl.-Tucuman_San-Martin-T.,39.84554363432494,1.82,1.72,6,6,11,14,51.1,48.9,1,0,0,0,9,11
2018-12-01,Estudiantes L.P.,Lanus,1,1,2.41,2.8,3.4,2.5,2.82,3.62,Primera División,,20181201_Estudiantes-L.P._Lanus,16.89650702470294,1.29,1.07,3,3,7,7,49.9,50.1,1,1,0,0,1,6
2018-12-01,Newells Old Boys,Patronato,1,0,1.59,3.67,6.04,1.62,3.89,6.12,Primera División,,20181201_Newells-Old-Boys_Patronato,-0.12996650203331228,0.77,0.75,3,0,6,0,44.3,55.7,4,0,1,0,4,3
2018-12-02,Aldosivi,San Lorenzo,2,2,2.53,2.91,3.07,2.63,2.95,3.21,Primera División,,20181202_Aldosivi_San-Lorenzo,21.19219300390114,0.73,1.06,4,3,9,7,44.6,55.4,0,3,0,1,5,5
2018-12-02,Banfield,Argentinos Jrs,0,1,2.02,2.99,4.25,2.07,3.02,4.6,Primera División,,20181202_Banfield_Argentinos-Jrs,75.64887807993841,1.02,1.25,4,5,8,10,51.1,48.9,2,1,0,0,7,3
2018-12-02,Independiente,Boca Juniors,0,1,2.34,3.05,3.2,2.41,3.18,3.31,Primera División,,20181202_Independiente_Boca-Juniors,17.005741728716885,1.05,0.69,3,3,7,6,57.7,42.3,2,3,0,0,3,5
2018-12-03,River Plate,Gimnasia L.P.,3,1,1.41,4.09,8.82,1.42,4.29,9.5,Primera División,,20181203_River-Plate_Gimnasia-L.P.,46.54511878146491,1.11,0.05,3,1,7,4,45.0,55.0,1,1,0,0,4,3
2018-12-03,San Martin S.J.,Union de Santa Fe,2,0,3.36,2.84,2.4,3.49,2.89,2.51,Primera División,,20181203_San-Martin-S.J._Union-de-Santa-Fe,-30.835761457206672,1.21,0.87,3,4,7,9,49.9,50.1,1,1,0,0,9,4
2018-12-03,Tigre,Godoy Cruz,1,3,2.3,3.14,3.19,2.39,3.23,3.3,Primera División,,20181203_Tigre_Godoy-Cruz,-16.0218567264792,0.73,1.46,1,5,2,9,51.6,48.4,2,0,0,0,1,4
2018-12-03,Velez Sarsfield,Rosario Central,2,0,1.35,4.33,10.16,1.37,4.38,10.58,Primera División,,20181203_Velez-Sarsfield_Rosario-Central,28.602269395893927,1.71,0.13,6,1,11,1,55.3,44.7,3,4,0,0,4,1
2018-12-04,Huracan,Defensa y Justicia,1,1,3.22,2.85,2.48,3.37,2.9,2.57,Primera División,,20181204_Huracan_Defensa-y-Justicia,-8.290478811995172,1.31,1.78,4,8,7,19,48.6,51.4,4,2,0,0,4,5
2018-12-04,Talleres Cordoba,Racing Club,1,3,3.63,3.05,2.16,3.78,3.17,2.21,Primera División,,20181204_Talleres-Cordoba_Racing-Club,-32.38998358261006,0.89,1.37,4,3,9,6,42.7,57.3,3,2,0,0,2,1
2018-12-08,Defensa y Justicia,Colon Santa FE,3,0,1.74,3.27,5.48,1.76,3.32,5.99,Primera División,,20181208_Defensa-y-Justicia_Colon-Santa-FE,44.6630757620585,2.32,0.37,6,2,14,4,51.4,48.6,1,4,0,0,10,2
2018-12-08,Lanus,Talleres Cordoba,2,1,2.19,2.99,3.66,2.24,3.14,3.75,Primera División,,20181208_Lanus_Talleres-Cordoba,-3.2350366917671636,1.32,1.35,6,5,10,13,52.8,47.2,2,3,1,0,7,9
2018-12-08,San Lorenzo,Estudiantes L.P.,1,1,2.42,2.88,3.29,2.53,2.86,3.5,Primera División,,20181208_San-Lorenzo_Estudiantes-L.P.,-43.22405004344864,0.5,0.67,1,1,3,1,52.8,47.2,0,3,0,0,7,3
2018-12-08,San Martin T.,Newells Old Boys,0,3,2.62,2.93,2.94,2.71,3.01,3.04,Primera División,,20181208_San-Martin-T._Newells-Old-Boys,14.76571980817198,1.07,1.28,4,4,9,9,51.0,49.0,4,3,0,1,1,7
2018-12-08,Union de Santa Fe,Banfield,0,1,1.75,3.23,5.44,1.77,3.33,5.88,Primera División,,20181208_Union-de-Santa-Fe_Banfield,-10.704227968549276,1.0,0.38,4,1,8,4,47.4,52.6,5,1,0,0,8,3
2018-12-09,Argentinos Jrs,Aldosivi,1,2,2.32,2.99,3.34,2.4,3.1,3.43,Primera División,,20181209_Argentinos-Jrs_Aldosivi,-39.066877462063985,0.28,1.67,2,7,4,15,44.9,55.1,0,1,0,0,3,6
2018-12-09,Gimnasia L.P.,Huracan,2,2,2.68,2.87,2.93,2.77,2.91,3.07,Primera División,,20181209_Gimnasia-L.P._Huracan,-92.32578538834059,1.58,1.4,4,4,10,10,41.0,59.0,1,1,0,0,4,4
2018-12-09,Godoy Cruz,Independiente,1,1,3.36,3.1,2.25,3.44,3.16,2.36,Primera División,,20181209_Godoy-Cruz_Independiente,-11.580231210134116,1.28,0.54,4,1,9,2,48.2,51.8,1,4,0,0,8,4
2018-12-10,Patronato,Velez Sarsfield,3,3,4.14,3.26,1.94,4.3,3.44,1.96,Primera División,,20181210_Patronato_Velez-Sarsfield,-56.954350171852184,1.2,0.42,5,3,11,8,44.5,55.5,2,0,0,0,3,1
2018-12-10,Racing Club,San Martin S.J.,1,0,1.24,5.52,13.15,1.24,5.77,15.65,Primera División,,20181210_Racing-Club_San-Martin-S.J.,73.13585206765606,1.49,0.91,4,4,9,8,51.9,48.1,3,4,0,0,6,7
2018-12-11,Belgrano,Tigre,1,2,2.15,3.19,3.49,2.23,3.2,3.69,Primera División,,20181211_Belgrano_Tigre,-14.040894710641624,0.06,2.27,1,6,2,12,53.6,46.4,1,1,0,0,3,7
2019-01-19,River Plate,Defensa y Justicia,0,1,1.8,3.35,4.71,1.82,3.51,4.98,Primera División,,20190119_River-Plate_Defensa-y-Justicia,-43.16052676607865,0.9,1.04,3,3,7,6,51.4,48.6,4,2,0,0,1,4
2019-01-20,San Lorenzo,Huracan,0,0,2.35,2.96,3.31,2.44,3.04,3.42,Primera División,,20190120_San-Lorenzo_Huracan,-72.70630032313807,1.25,0.65,4,0,11,0,52.9,47.1,1,1,0,0,5,3
2019-01-24,River Plate,Union de Santa Fe,1,2,1.54,3.69,6.87,1.56,3.93,7.03,Primera División,,20190124_River-Plate_Union-de-Santa-Fe,36.98079979449517,1.36,0.85,4,2,9,4,57.8,42.2,2,1,0,0,5,3
2019-01-25,Banfield,San Martin S.J.,1,1,1.98,3.1,4.2,2.02,3.18,4.47,Primera División,,20190125_Banfield_San-Martin-S.J.,36.556549491366695,0.51,1.08,2,4,5,9,49.8,50.2,2,1,0,0,5,9
2019-01-25,Godoy Cruz,Lanus,0,2,2.28,3.02,3.38,2.31,3.14,3.58,Primera División,,20190125_Godoy-Cruz_Lanus,-1.8448998358167046,0.66,1.02,2,3,3,7,47.6,52.4,2,1,0,0,4,5
2019-01-26,Atl. Tucuman,Gimnasia L.P.,4,1,1.89,3.25,4.37,1.93,3.37,4.6,Primera División,,20190126_Atl.-Tucuman_Gimnasia-L.P.,70.9014311230776,1.26,1.3,4,3,8,7,51.6,48.4,1,1,0,0,3,4
2019-01-26,Defensa y Justicia,San Lorenzo,1,0,1.8,3.32,4.77,1.84,3.41,5.04,Primera División,,20190126_Defensa-y-Justicia_San-Lorenzo,102.0476052322399,0.45,1.63,2,6,6,11,53.8,46.2,2,1,1,0,2,2
2019-01-26,Huracan,Rosario Central,2,1,2.28,2.99,3.44,2.37,3.03,3.59,Primera División,,20190126_Huracan_Rosario-Central,58.14399270119793,1.29,1.76,4,6,10,11,46.5,53.5,2,2,0,0,7,7
2019-01-26,Tigre,San Martin T.,2,2,1.78,3.47,4.62,1.78,3.66,5.0,Primera División,,20190126_Tigre_San-Martin-T.,-23.423817702871702,1.4,1.6,4,4,11,9,47.7,52.3,3,1,0,0,5,5
2019-01-27,Aldosivi,Racing Club,1,3,4.47,3.28,1.87,4.64,3.41,1.9,Primera División,,20190127_Aldosivi_Racing-Club,-64.01205277207487,1.01,0.92,4,3,8,7,45.3,54.7,4,0,1,0,7,4
2019-01-27,Belgrano,Union de Santa Fe,0,0,3.02,2.73,2.7,3.18,2.79,2.79,Primera División,,20190127_Belgrano_Union-de-Santa-Fe,-45.2166293581779,0.05,1.48,0,5,0,12,47.9,52.1,2,1,0,0,0,3
2019-01-27,Independiente,Talleres Cordoba,1,1,1.62,3.6,5.95,1.64,3.76,6.21,Primera División,,20190127_Independiente_Talleres-Cordoba,29.924118701222596,1.13,0.33,5,1,9,1,46.1,53.9,1,1,0,0,4,1
2019-01-27,River Plate,Patronato,1,3,1.4,4.32,8.45,1.42,4.42,8.97,Primera División,,20190127_River-Plate_Patronato,19.342507677563617,1.31,1.5,5,4,11,10,48.2,51.8,0,1,0,0,6,4
2019-01-28,Colon Santa FE,Argentinos Jrs,2,0,2.13,2.98,3.88,2.21,3.03,4.0,Primera División,,20190128_Colon-Santa-FE_Argentinos-Jrs,59.889477278863524,0.91,0.9,3,5,7,9,49.7,50.3,0,1,1,0,5,8
2019-01-28,Newells Old Boys,Boca Juniors,1,1,3.13,2.98,2.43,3.29,3.03,2.52,Primera División,,20190128_Newells-Old-Boys_Boca-Juniors,-13.471384665635924,1.51,0.56,6,2,13,4,50.5,49.5,4,1,0,0,5,4
2019-01-29,Estudiantes L.P.,Velez Sarsfield,1,2,3.34,2.84,2.42,3.48,2.89,2.48,Primera División,,20190129_Estudiantes-L.P._Velez-Sarsfield,-20.514844250162923,0.88,0.88,4,2,8,3,48.1,51.9,1,1,0,0,4,4
2019-01-31,Godoy Cruz,River Plate,0,4,4.75,3.33,1.81,5.02,3.52,1.81,Primera División,,20190131_Godoy-Cruz_River-Plate,9.950519744333405,1.16,1.86,4,6,9,12,49.6,50.4,1,2,0,0,5,4
2019-02-01,Gimnasia L.P.,Tigre,3,1,2.45,3.03,3.02,2.58,3.11,3.1,Primera División,,20190201_Gimnasia-L.P._Tigre,-32.255210192584855,1.53,0.6,4,2,8,4,47.6,52.4,5,5,0,0,2,2
2019-02-01,San Martin S.J.,Boca Juniors,0,4,4.96,3.58,1.71,5.2,3.68,1.75,Primera División,,20190201_San-Martin-S.J._Boca-Juniors,-53.14467869636019,0.98,1.58,1,5,4,10,45.1,54.9,3,2,0,0,0,7
2019-02-02,Argentinos Jrs,Belgrano,0,0,2.21,2.95,3.62,2.22,3.09,3.9,Primera División,,20190202_Argentinos-Jrs_Belgrano,-14.386531361386687,1.14,0.93,3,3,6,7,51.2,48.8,0,1,0,0,2,4
2019-02-02,Lanus,Colon Santa FE,1,0,1.92,3.2,4.28,1.96,3.35,4.46,Primera División,,20190202_Lanus_Colon-Santa-FE,11.69370167076454,1.14,0.35,3,0,7,1,55.0,45.0,0,1,0,0,2,1
2019-02-02,San Lorenzo,Independiente,0,0,3.09,3.02,2.42,3.23,3.13,2.49,Primera División,,20190202_San-Lorenzo_Independiente,-52.12318738886415,0.43,1.42,2,6,3,13,50.9,49.1,1,2,0,0,0,5
2019-02-02,San Martin T.,Defensa y Justicia,1,2,3.79,3.06,2.09,4.0,3.19,2.13,Primera División,,20190202_San-Martin-T._Defensa-y-Justicia,-82.00515815552194,0.63,0.96,1,2,1,6,38.5,61.5,1,2,1,0,1,7
2019-02-02,Talleres Cordoba,Banfield,3,1,2.25,2.87,3.66,2.34,2.87,3.9,Primera División,,20190202_Talleres-Cordoba_Banfield,-17.891838877106693,1.7,0.45,4,1,10,2,51.9,48.1,0,6,0,0,5,1
2019-02-03,Boca Juniors,Godoy Cruz,2,0,1.28,5.12,10.86,1.3,5.5,10.86,Primera División,,20190203_Boca-Juniors_Godoy-Cruz,53.34189199299476,1.73,1.21,5,4,11,9,50.8,49.2,0,1,0,0,11,2
2019-02-03,Racing Club,Huracan,3,1,1.44,4.28,7.14,1.44,4.62,7.71,Primera División,,20190203_Racing-Club_Huracan,22.485564664338654,1.76,1.1,4,4,10,8,60.1,39.9,0,0,1,0,8,6
2019-02-03,Rosario Central,Aldosivi,0,0,2.14,2.9,3.94,2.22,2.89,4.25,Primera División,,20190203_Rosario-Central_Aldosivi,-17.010573810275446,0.05,0.21,2,0,6,0,54.7,45.3,3,2,0,0,4,1
2019-02-03,Union de Santa Fe,Newells Old Boys,0,0,2.29,2.91,3.47,2.38,2.94,3.68,Primera División,,20190203_Union-de-Santa-Fe_Newells-Old-Boys,-27.550367695705972,0.35,0.82,1,1,5,3,48.8,51.2,0,2,0,0,4,1
2019-02-04,Patronato,Atl. Tucuman,3,0,3.18,3.08,2.33,3.36,3.21,2.37,Primera División,,20190204_Patronato_Atl.-Tucuman,-46.717356890671,1.86,0.88,8,3,14,5,40.4,59.6,2,1,0,0,8,3
2019-02-04,Velez Sarsfield,River Plate,1,2,2.92,2.94,2.59,2.99,3.04,2.72,Primera División,,20190204_Velez-Sarsfield_River-Plate,45.328498656567945,0.82,1.77,3,7,7,14,47.8,52.2,4,3,0,0,4,4
2019-02-05,San Martin S.J.,Estudiantes L.P.,3,0,2.79,2.86,2.78,2.92,2.93,2.88,Primera División,,20190205_San-Martin-S.J._Estudiantes-L.P.,-37.125823515403226,0.05,0.76,3,3,6,7,49.1,50.9,0,0,0,0,3,7
2019-02-08,Tigre,Banfield,4,4,2.3,3.05,3.3,2.36,2.99,3.66,Primera División,,20190208_Tigre_Banfield,-27.265351043021383,1.95,2.45,6,9,15,19,41.9,58.1,1,0,0,0,6,9
2019-02-09,Atl. Tucuman,Talleres Cordoba,0,0,1.58,3.71,6.09,1.59,3.92,6.46,Primera División,,20190209_Atl.-Tucuman_Talleres-Cordoba,22.71401283490195,1.94,0.05,6,0,12,0,51.1,48.9,1,0,0,0,4,2
2019-02-09,Estudiantes L.P.,Patronato,1,0,2.17,2.92,3.77,2.25,2.95,4.01,Primera División,,20190209_Estudiantes-L.P._Patronato,-18.300864617888465,0.76,1.05,2,3,4,7,46.7,53.3,2,3,0,0,3,2
2019-02-09,Huracan,Velez Sarsfield,1,1,3.8,3.2,2.04,4.04,3.39,2.04,Primera División,,20190209_Huracan_Velez-Sarsfield,10.513109819635247,0.85,1.97,4,6,8,15,42.5,57.5,0,1,0,0,5,10
2019-02-09,Independiente,Union de Santa Fe,2,1,1.91,3.03,4.67,1.96,2.99,5.25,Primera División,,20190209_Independiente_Union-de-Santa-Fe,28.221398773172723,1.39,1.6,5,5,14,9,53.0,47.0,0,3,0,0,10,9
2019-02-09,Lanus,Gimnasia L.P.,2,0,1.91,3.12,4.49,1.95,3.23,4.72,Primera División,,20190209_Lanus_Gimnasia-L.P.,71.5143844177851,0.5,0.8,2,1,2,3,50.9,49.1,3,2,0,0,3,3
2019-02-10,Godoy Cruz,San Martin T.,3,2,2.11,3.08,3.73,2.21,3.06,3.95,Primera División,,20190210_Godoy-Cruz_San-Martin-T.,-20.048359728794594,1.32,1.88,4,7,7,15,46.8,53.2,1,3,0,0,4,7
2019-02-10,Newells Old Boys,Rosario Central,0,0,2.16,2.96,3.75,2.25,2.88,4.17,Primera División,,20190210_Newells-Old-Boys_Rosario-Central,39.00403812422883,0.65,0.48,2,4,5,7,48.3,51.7,1,4,0,0,4,1
2019-02-10,River Plate,Racing Club,2,0,2.14,3.25,3.42,2.2,3.43,3.49,Primera División,,20190210_River-Plate_Racing-Club,-73.6625540889288,1.53,0.05,5,0,10,0,46.1,53.9,0,1,0,0,2,4
2019-02-11,Belgrano,Boca Juniors,1,1,5.3,3.33,1.73,5.64,3.42,1.77,Primera División,,20190211_Belgrano_Boca-Juniors,-103.0495564094249,1.57,0.64,5,2,11,5,42.9,57.1,0,0,0,0,6,2
2019-02-11,Defensa y Justicia,Argentinos Jrs,2,1,1.55,3.61,6.91,1.55,3.85,7.45,Primera División,,20190211_Defensa-y-Justicia_Argentinos-Jrs,163.24872686304343,1.45,0.05,3,1,6,1,58.4,41.6,1,1,0,0,2,2
2019-02-12,Aldosivi,San Martin S.J.,1,0,2.0,3.19,3.91,2.04,3.29,4.18,Primera División,,20190212_Aldosivi_San-Martin-S.J.,13.387465315419377,1.05,0.81,4,3,10,7,51.3,48.7,2,1,0,0,15,2
2019-02-15,Rosario Central,River Plate,1,1,4.34,3.37,1.85,4.43,3.6,1.88,Primera División,,20190215_Rosario-Central_River-Plate,-50.79028686533729,1.4,0.05,3,1,6,4,42.6,57.4,2,1,0,0,3,3
2019-02-15,Union de Santa Fe,Atl. Tucuman,3,0,2.01,3.1,4.07,2.05,3.19,4.33,Primera División,,20190215_Union-de-Santa-Fe_Atl.-Tucuman,-47.72159074791989,1.55,1.43,5,5,10,11,45.2,54.8,3,2,0,0,5,3
2019-02-15,Velez Sarsfield,Colon Santa FE,1,1,1.58,3.69,6.01,1.63,3.82,6.17,Primera División,,20190215_Velez-Sarsfield_Colon-Santa-FE,32.10030289442034,2.63,0.4,8,1,18,0,58.2,41.8,0,1,0,0,8,0
2019-02-16,Gimnasia L.P.,Defensa y Justicia,0,1,4.35,3.17,1.92,4.4,3.37,1.96,Primera División,,20190216_Gimnasia-L.P._Defensa-y-Justicia,-148.48397490154503,0.9,1.66,3,4,5,8,40.0,60.0,1,0,0,0,5,6
2019-02-16,Patronato,Aldosivi,0,0,2.38,2.98,3.22,2.47,3.07,3.34,Primera División,,20190216_Patronato_Aldosivi,-8.68496913022932,1.49,0.77,3,3,7,5,52.2,47.8,2,3,0,0,6,1
2019-02-16,San Lorenzo,Newells Old Boys,1,1,2.28,2.89,3.53,2.32,2.95,3.82,Primera División,,20190216_San-Lorenzo_Newells-Old-Boys,-44.63773137997623,0.72,0.72,4,1,9,3,43.7,56.3,2,2,0,0,6,2
2019-02-16,San Martin T.,Belgrano,0,0,2.52,2.91,3.05,2.67,3.01,3.08,Primera División,,20190216_San-Martin-T._Belgrano,33.26201002130506,0.63,0.63,2,1,4,2,40.3,59.7,2,2,0,0,3,2
2019-02-17,Boca Juniors,Lanus,2,1,1.59,3.51,6.42,1.63,3.53,7.14,Primera División,,20190217_Boca-Juniors_Lanus,0.8338931584826241,1.11,0.81,5,2,10,5,49.8,50.2,6,1,0,0,8,6
2019-02-17,Rosario Central,Tigre,0,2,1.92,3.34,4.06,1.94,3.47,4.32,Primera División,,20190217_Rosario-Central_Tigre,8.635552248603062,0.17,0.59,0,2,2,6,58.5,41.5,2,1,0,0,2,4
2019-02-17,San Martin S.J.,Independiente,1,1,3.88,3.16,2.03,4.05,3.33,2.06,Primera División,,20190217_San-Martin-S.J._Independiente,-61.69045217982398,0.07,1.08,2,3,8,5,44.7,55.3,2,3,0,0,6,8
2019-02-17,Talleres Cordoba,Huracan,0,0,3.06,2.8,2.61,3.3,2.77,2.73,Primera División,,20190217_Talleres-Cordoba_Huracan,-37.09034237361857,0.05,1.62,2,4,4,9,50.1,49.9,3,1,1,0,4,4
2019-02-18,Argentinos Jrs,Estudiantes L.P.,2,1,2.27,2.89,3.56,2.33,2.99,3.74,Primera División,,20190218_Argentinos-Jrs_Estudiantes-L.P.,-75.99175032517041,1.11,1.21,3,4,6,10,40.0,60.0,2,1,0,0,4,9
2019-02-18,Banfield,River Plate,1,1,5.62,3.82,1.6,5.88,4.1,1.6,Primera División,,20190218_Banfield_River-Plate,-30.556366889757328,0.91,0.05,3,1,5,1,47.6,52.4,1,0,0,0,3,1
2019-02-19,Racing Club,Godoy Cruz,3,0,1.35,4.74,8.87,1.35,5.02,9.75,Primera División,,20190219_Racing-Club_Godoy-Cruz,84.92950523389436,1.88,1.3,7,3,14,7,58.0,42.0,2,1,0,0,4,10
2019-02-21,Boca Juniors,Atl. Tucuman,1,2,1.48,4.01,7.0,1.49,4.26,7.41,Primera División,,20190221_Boca-Juniors_Atl.-Tucuman,44.9492782675311,0.81,1.96,2,7,4,16,48.8,51.2,0,4,0,0,4,5
2019-02-22,Tigre,Patronato,2,1,1.9,3.49,3.94,1.9,3.75,4.15,Primera División,,20190222_Tigre_Patronato,-12.243229072599433,1.22,1.08,3,3,7,6,46.9,53.1,1,1,0,0,2,10
2019-02-23,Belgrano,San Lorenzo,0,0,2.44,2.79,3.36,2.54,2.76,3.64,Primera División,,20190223_Belgrano_San-Lorenzo,-20.158440611822698,0.75,1.43,2,3,5,6,48.5,51.5,2,3,0,0,4,1
2019-02-23,Colon Santa FE,Banfield,0,1,2.37,2.78,3.5,2.48,2.79,3.72,Primera División,,20190223_Colon-Santa-FE_Banfield,4.321998409745447,0.7,0.44,5,2,14,4,54.0,46.0,4,2,0,0,8,5
2019-02-23,Godoy Cruz,Velez Sarsfield,0,2,3.6,3.02,2.18,3.68,3.12,2.27,Primera División,,20190223_Godoy-Cruz_Velez-Sarsfield,-52.36981928999262,1.01,1.48,3,4,6,7,46.3,53.7,2,2,0,0,5,4
2019-02-23,Huracan,Union de Santa Fe,1,3,2.79,2.7,2.96,2.99,2.64,3.15,Primera División,,20190223_Huracan_Union-de-Santa-Fe,48.7505488828067,1.26,2.13,5,7,10,16,52.8,47.2,2,1,0,0,6,5
2019-02-23,Lanus,Rosario Central,2,0,2.15,2.92,3.85,2.25,2.95,4.02,Primera División,,20190223_Lanus_Rosario-Central,65.79685457076926,1.62,0.77,4,4,10,11,48.6,51.4,1,4,0,0,5,4
2019-02-24,Atl. Tucuman,Argentinos Jrs,0,0,2.11,3.16,3.64,2.14,3.31,3.81,Primera División,,20190224_Atl.-Tucuman_Argentinos-Jrs,85.70959418642724,1.55,0.76,5,3,10,7,56.2,43.8,1,0,0,0,9,4
2019-02-24,Estudiantes L.P.,Talleres Cordoba,0,1,1.88,3.1,4.72,1.95,3.12,4.99,Primera División,,20190224_Estudiantes-L.P._Talleres-Cordoba,-19.108094868376384,1.27,0.56,3,4,7,10,48.7,51.3,1,0,0,0,2,3
2019-02-24,Independiente,Racing Club,1,3,3.06,2.98,2.46,3.21,3.07,2.55,Primera División,,20190224_Independiente_Racing-Club,-55.411524668986885,1.49,2.17,6,9,14,16,50.3,49.7,1,2,0,0,7,11
2019-02-24,River Plate,San Martin T.,2,1,1.21,6.27,12.63,1.22,6.77,12.68,Primera División,,20190224_River-Plate_San-Martin-T.,43.966300352022245,0.85,0.5,2,2,5,3,50.1,49.9,2,3,0,0,4,6
2019-02-25,Aldosivi,Gimnasia L.P.,0,0,2.2,2.93,3.7,2.25,3.02,3.91,Primera División,,20190225_Aldosivi_Gimnasia-L.P.,56.326666531415185,1.14,0.27,4,1,8,4,54.2,45.8,3,0,0,0,6,4
2019-02-25,Defensa y Justicia,Boca Juniors,0,1,2.62,2.77,3.05,2.64,2.82,3.37,Primera División,,20190225_Defensa-y-Justicia_Boca-Juniors,65.74235750261892,1.52,1.97,6,5,14,12,55.6,44.4,1,4,0,0,11,3
2019-02-26,Newells Old Boys,San Martin S.J.,3,0,1.77,3.34,4.98,1.79,3.5,5.23,Primera División,,20190226_Newells-Old-Boys_San-Martin-S.J.,43.10945663079701,1.51,0.05,5,0,10,2,50.4,49.6,2,3,0,0,3,2
2019-03-01,San Lorenzo,Argentinos Jrs,2,3,2.27,2.77,3.75,2.33,2.77,4.06,Primera División,,20190301_San-Lorenzo_Argentinos-Jrs,26.717618365979206,1.54,1.07,5,5,10,11,50.1,49.9,1,0,0,0,5,9
2019-03-02,Rosario Central,Belgrano,0,0,2.54,2.72,3.24,2.66,2.72,3.47,Primera División,,20190302_Rosario-Central_Belgrano,5.93580580241337,1.04,0.82,3,2,5,3,50.9,49.1,1,2,0,0,2,5
2019-03-02,San Martin S.J.,Godoy Cruz,0,0,2.33,2.98,3.29,2.44,2.98,3.49,Primera División,,20190302_San-Martin-S.J._Godoy-Cruz,-10.021728461145585,0.57,0.21,2,0,4,2,52.7,47.3,2,4,0,0,1,4
2019-03-02,San Martin T.,Lanus,1,2,3.07,2.93,2.49,3.23,3.05,2.54,Primera División,,20190302_San-Martin-T._Lanus,-71.45477562932888,0.68,1.62,1,5,2,11,47.0,53.0,1,2,0,0,4,5
2019-03-02,Union de Santa Fe,Boca Juniors,1,3,2.76,2.84,2.83,2.85,2.93,2.96,Primera División,,20190302_Union-de-Santa-Fe_Boca-Juniors,-52.42218736101836,0.42,0.97,2,4,5,9,46.9,53.1,2,0,0,0,8,5
2019-03-03,Patronato,Huracan,1,0,2.16,2.97,3.72,2.23,2.97,4.05,Primera División,,20190303_Patronato_Huracan,-44.474533838115576,0.61,0.22,1,0,2,0,51.0,49.0,0,1,0,0,2,4
2019-03-03,Racing Club,Estudiantes L.P.,1,0,1.41,4.31,7.9,1.41,4.58,8.95,Primera División,,20190303_Racing-Club_Estudiantes-L.P.,116.27955599530696,0.95,0.31,3,0,6,0,56.1,43.9,5,1,0,0,7,3
2019-03-03,River Plate,Newells Old Boys,4,2,1.71,3.49,5.06,1.78,3.49,5.37,Primera División,,20190303_River-Plate_Newells-Old-Boys,13.17895042964301,1.43,1.17,4,2,10,5,50.1,49.9,1,1,0,0,6,1
2019-03-03,Talleres Cordoba,Colon Santa FE,2,0,2.23,2.75,3.91,2.31,2.78,4.2,Primera División,,20190303_Talleres-Cordoba_Colon-Santa-FE,28.457684654012382,0.05,1.57,2,7,5,15,48.9,51.1,3,0,0,0,4,7
2019-03-04,Banfield,Atl. Tucuman,1,2,2.12,3.05,3.71,2.19,3.14,3.91,Primera División,,20190304_Banfield_Atl.-Tucuman,-14.015708143773054,0.68,2.11,3,6,7,14,43.5,56.5,0,2,0,0,5,4
2019-03-04,Gimnasia L.P.,Independiente,1,0,3.88,3.06,2.06,4.13,3.21,2.09,Primera División,,20190304_Gimnasia-L.P._Independiente,-67.71447098048225,1.55,1.45,5,4,13,10,46.9,53.1,6,2,1,0,10,10
2019-03-04,Velez Sarsfield,Tigre,1,2,1.56,3.98,5.65,1.58,4.23,5.97,Primera División,,20190304_Velez-Sarsfield_Tigre,46.133524633869,1.47,0.74,4,2,9,4,53.7,46.3,1,3,0,1,4,1
2019-03-05,Aldosivi,Defensa y Justicia,0,1,4.1,2.86,2.11,4.48,2.87,2.17,Primera División,,20190305_Aldosivi_Defensa-y-Justicia,-94.16702283766085,0.29,0.82,1,2,2,3,45.1,54.9,3,1,0,0,7,5
2019-03-08,Lanus,San Martin S.J.,1,1,1.67,3.49,5.44,1.69,3.77,5.59,Primera División,,20190308_Lanus_San-Martin-S.J.,93.05536570409049,0.98,0.05,1,1,2,1,53.5,46.5,0,3,0,0,1,2
2019-03-09,Belgrano,Patronato,3,0,2.06,3.02,3.97,2.09,3.17,4.18,Primera División,,20190309_Belgrano_Patronato,-44.794197001330076,1.52,0.21,5,0,11,0,53.3,46.7,0,3,0,0,5,2
2019-03-09,Colon Santa FE,Racing Club,1,1,4.47,3.31,1.85,4.68,3.5,1.87,Primera División,,20190309_Colon-Santa-FE_Racing-Club,-122.09442519615368,1.0,1.02,2,2,4,6,43.4,56.6,3,2,0,0,5,6
2019-03-09,Godoy Cruz,Rosario Central,0,0,2.15,3.07,3.58,2.24,3.22,3.65,Primera División,,20190309_Godoy-Cruz_Rosario-Central,11.350866442665392,0.79,1.31,3,4,9,8,47.3,52.7,2,3,0,0,7,1
2019-03-09,Newells Old Boys,Talleres Cordoba,1,2,2.19,2.97,3.65,2.27,3.01,3.86,Primera División,,20190309_Newells-Old-Boys_Talleres-Cordoba,-17.43315132954058,0.4,1.65,2,5,4,13,54.0,46.0,2,1,0,0,2,4
2019-03-10,Boca Juniors,San Lorenzo,3,0,1.65,3.49,5.79,1.68,3.54,6.29,Primera División,,20190310_Boca-Juniors_San-Lorenzo,111.31973652428997,1.05,0.85,4,1,11,1,55.1,44.9,0,2,0,0,10,1
2019-03-10,Estudiantes L.P.,Gimnasia L.P.,1,0,2.35,2.81,3.49,2.42,2.89,3.69,Primera División,,20190310_Estudiantes-L.P._Gimnasia-L.P.,4.613899433333472,0.05,0.85,1,3,1,8,50.8,49.2,0,1,0,1,0,3
2019-03-10,Huracan,San Martin T.,1,3,2.23,3.13,3.34,2.32,3.24,3.43,Primera División,,20190310_Huracan_San-Martin-T.,52.19809623070955,0.61,0.84,2,3,3,7,52.4,47.6,1,1,0,0,1,4
2019-03-10,Independiente,Aldosivi,2,0,1.62,3.54,5.85,1.66,3.77,5.96,Primera División,,20190310_Independiente_Aldosivi,9.76032769114613,1.06,1.43,3,3,5,8,49.0,51.0,2,2,0,0,3,4
2019-03-11,Atl. Tucuman,River Plate,0,1,3.94,3.44,1.91,4.09,3.67,1.93,Primera División,,20190311_Atl.-Tucuman_River-Plate,-12.804424616008191,0.08,2.09,0,6,0,12,49.2,50.8,1,2,0,0,0,6
2019-03-11,Tigre,Union de Santa Fe,2,2,2.27,3.06,3.32,2.35,3.07,3.57,Primera División,,20190311_Tigre_Union-de-Santa-Fe,13.319641966468453,2.25,1.53,5,4,12,7,49.3,50.7,1,0,0,0,9,3
2019-03-12,Argentinos Jrs,Velez Sarsfield,0,0,3.85,3.12,2.05,3.92,3.36,2.08,Primera División,,20190312_Argentinos-Jrs_Velez-Sarsfield,-71.65214743662159,0.97,0.42,4,2,9,5,47.1,52.9,0,0,0,0,4,3
2019-03-12,Defensa y Justicia,Banfield,3,2,1.67,3.41,5.71,1.69,3.58,5.98,Primera División,,20190312_Defensa-y-Justicia_Banfield,106.61843371507848,1.67,1.2,5,5,12,11,51.7,48.3,2,0,0,0,4,8
2019-03-15,Gimnasia L.P.,Newells Old Boys,1,0,2.46,2.81,3.26,2.58,2.79,3.43,Primera División,,20190315_Gimnasia-L.P._Newells-Old-Boys,-48.559165779047134,1.27,1.27,3,2,6,5,43.4,56.6,0,5,0,0,13,2
2019-03-16,Aldosivi,Colon Santa FE,3,0,2.28,2.88,3.57,2.34,2.97,3.75,Primera División,,20190316_Aldosivi_Colon-Santa-FE,-1.4333841960335576,1.99,1.39,6,5,13,12,44.9,55.1,1,0,0,0,7,2
2019-03-16,Racing Club,Belgrano,1,0,1.45,4.03,7.67,1.46,4.18,8.7,Primera División,,20190316_Racing-Club_Belgrano,131.24381616036771,0.95,0.05,4,0,10,0,52.0,48.0,3,5,0,0,5,3
2019-03-16,San Martin S.J.,Argentinos Jrs,2,3,2.52,2.97,2.97,2.58,3.09,3.12,Primera División,,20190316_San-Martin-S.J._Argentinos-Jrs,3.4801960561228498,1.5,0.35,4,3,8,7,52.5,47.5,0,1,0,0,6,1
2019-03-16,Union de Santa Fe,Lanus,3,0,2.21,2.96,3.62,2.27,3.07,3.77,Primera División,,20190316_Union-de-Santa-Fe_Lanus,-52.87023124834286,1.15,0.83,5,3,9,8,44.6,55.4,2,1,0,0,11,7
2019-03-16,Velez Sarsfield,Atl. Tucuman,2,0,1.68,3.67,5.04,1.7,3.92,5.14,Primera División,,20190316_Velez-Sarsfield_Atl.-Tucuman,2.2683862748770025,1.45,1.31,5,3,12,8,47.3,52.7,0,3,0,1,2,6
2019-03-17,Patronato,Defensa y Justicia,2,0,4.08,3.04,2.02,4.08,3.08,2.16,Primera División,,20190317_Patronato_Defensa-y-Justicia,-130.01102826307715,1.91,1.81,6,6,13,15,47.4,52.6,2,1,0,0,8,8
2019-03-17,River Plate,Independiente,3,0,1.69,3.64,4.97,1.75,3.79,5.02,Primera División,,20190317_River-Plate_Independiente,45.18562852176319,1.47,0.05,4,0,9,0,51.6,48.4,2,1,0,1,6,2
2019-03-17,Rosario Central,San Lorenzo,0,1,2.37,2.94,3.28,2.42,3.06,3.43,Primera División,,20190317_Rosario-Central_San-Lorenzo,8.557724079120362,0.48,1.75,1,4,4,9,47.8,52.2,4,2,0,0,2,12
2019-03-17,San Martin T.,Boca Juniors,1,4,4.74,3.6,1.72,5.17,3.77,1.74,Primera División,,20190317_San-Martin-T._Boca-Juniors,-101.43827248086473,0.63,1.66,1,6,3,11,52.7,47.3,2,4,0,0,4,5
2019-03-17,Talleres Cordoba,Tigre,1,3,2.05,3.32,3.59,2.07,3.46,3.83,Primera División,,20190317_Talleres-Cordoba_Tigre,31.641380027697096,0.05,2.01,1,7,2,15,55.2,44.8,3,2,0,0,3,10
2019-03-18,Banfield,Godoy Cruz,2,2,1.98,3.27,3.88,2.02,3.39,4.09,Primera División,,20190318_Banfield_Godoy-Cruz,21.305536867776937,0.29,1.62,2,5,6,11,45.4,54.6,2,1,0,0,7,5
2019-03-19,Huracan,Estudiantes L.P.,0,1,2.1,3.08,3.76,2.13,3.26,3.91,Primera División,,20190319_Huracan_Estudiantes-L.P.,20.283433113454976,0.49,1.82,2,6,3,14,56.0,44.0,1,2,0,0,3,10
2019-03-23,Colon Santa FE,San Lorenzo,1,1,2.58,2.79,3.09,2.7,2.85,3.23,Primera División,,20190323_Colon-Santa-FE_San-Lorenzo,9.086132581366883,2.23,0.24,6,1,11,3,47.3,52.7,2,3,0,0,4,4
2019-03-29,Newells Old Boys,Huracan,3,1,1.94,3.31,3.97,1.99,3.45,4.17,Primera División,,20190329_Newells-Old-Boys_Huracan,-0.9860366047084881,1.21,0.88,4,2,8,4,54.2,45.8,2,0,1,0,4,4
2019-03-30,Boca Juniors,Banfield,2,0,1.52,3.94,6.36,1.53,4.0,7.26,Primera División,,20190330_Boca-Juniors_Banfield,96.78015061576775,1.64,0.89,6,3,14,7,57.9,42.1,3,1,0,0,6,3
2019-03-30,Godoy Cruz,Patronato,2,1,3.07,3.02,2.43,3.18,3.17,2.49,Primera División,,20190330_Godoy-Cruz_Patronato,-30.327792533761112,1.0,0.22,3,2,6,6,44.1,55.9,2,1,0,0,4,7
2019-03-30,Independiente,Velez Sarsfield,2,1,2.4,3.03,3.09,2.46,3.22,3.19,Primera División,,20190330_Independiente_Velez-Sarsfield,-33.90342574278384,0.65,0.79,2,2,4,7,52.5,47.5,1,1,0,0,5,2
2019-03-30,San Lorenzo,Gimnasia L.P.,1,1,2.29,2.98,3.36,2.36,3.12,3.47,Primera División,,20190330_San-Lorenzo_Gimnasia-L.P.,-3.542236163727239,0.33,2.4,2,8,5,17,47.6,52.4,2,2,0,0,1,10
2019-03-30,Talleres Cordoba,River Plate,0,2,3.68,3.16,2.09,3.85,3.22,2.17,Primera División,,20190330_Talleres-Cordoba_River-Plate,-42.53335851720226,0.05,1.5,1,4,3,8,48.1,51.9,2,3,0,0,3,2
2019-03-31,Argentinos Jrs,Rosario Central,0,2,2.31,2.95,3.38,2.39,3.04,3.52,Primera División,,20190331_Argentinos-Jrs_Rosario-Central,25.704140498369952,0.49,2.02,2,5,4,10,61.0,39.0,1,1,0,0,6,5
2019-03-31,Atl. Tucuman,Aldosivi,1,0,2.03,3.11,3.92,2.07,3.25,4.12,Primera División,,20190331_Atl.-Tucuman_Aldosivi,18.38042655495383,1.41,1.05,5,3,9,6,51.7,48.3,0,2,0,0,8,8
2019-03-31,Defensa y Justicia,Union de Santa Fe,1,1,1.91,3.19,4.33,1.96,3.31,4.52,Primera División,,20190331_Defensa-y-Justicia_Union-de-Santa-Fe,86.56969543584114,1.2,0.05,3,1,4,0,54.0,46.0,2,2,0,0,9,0
2019-03-31,Lanus,Belgrano,3,1,2.03,3.06,4.02,2.12,3.08,4.24,Primera División,,20190331_Lanus_Belgrano,77.78334311819276,0.99,1.28,3,6,4,13,53.3,46.7,2,3,0,0,8,5
2019-03-31,Tigre,Racing Club,1,1,3.61,3.42,2.0,3.82,3.52,2.06,Primera División,,20190331_Tigre_Racing-Club,-82.37070318269957,1.33,1.11,3,4,7,9,43.9,56.1,2,0,0,0,4,3
2019-04-01,Estudiantes L.P.,San Martin T.,1,1,1.62,3.67,5.69,1.66,3.8,5.84,Primera División,,20190401_Estudiantes-L.P._San-Martin-T.,25.62831796936689,1.13,0.8,5,2,13,5,52.5,47.5,1,0,0,0,7,4
2019-04-02,Colon Santa FE,San Martin S.J.,0,0,2.4,3.07,3.05,2.48,3.25,3.12,Primera División,,20190402_Colon-Santa-FE_San-Martin-S.J.,19.861742075487427,0.31,0.76,0,2,0,7,50.5,49.5,2,2,0,0,6,3
2019-04-06,Banfield,Newells Old Boys,1,1,2.16,3.24,3.36,2.22,3.4,3.49,Primera División,,20190406_Banfield_Newells-Old-Boys,-18.457864571575556,0.55,0.39,1,1,5,1,57.7,42.3,2,1,0,0,4,3
2019-04-06,Gimnasia L.P.,Colon Santa FE,3,2,2.39,2.9,3.27,2.48,3.01,3.39,Primera División,,20190406_Gimnasia-L.P._Colon-Santa-FE,-4.353477973692861,1.27,1.18,3,4,6,6,44.8,55.2,1,1,0,0,2,3
2019-04-06,San Martin T.,San Lorenzo,0,0,2.38,3.02,3.15,2.46,3.06,3.37,Primera División,,20190406_San-Martin-T._San-Lorenzo,6.003780010308446,2.14,0.68,8,0,19,0,42.4,57.6,0,1,0,0,6,0
2019-04-06,Union de Santa Fe,Estudiantes L.P.,0,0,1.76,3.19,5.33,1.78,3.29,5.93,Primera División,,20190406_Union-de-Santa-Fe_Estudiantes-L.P.,21.37804024987122,0.89,1.46,2,6,5,14,47.9,52.1,2,1,0,0,3,5
2019-04-06,Velez Sarsfield,Lanus,4,0,2.24,3.14,3.27,2.32,3.27,3.39,Primera División,,20190406_Velez-Sarsfield_Lanus,-20.27633573976823,1.61,1.25,4,3,7,6,52.5,47.5,1,3,0,0,5,3
2019-04-07,Aldosivi,Boca Juniors,1,1,3.37,3.07,2.24,3.5,3.15,2.34,Primera División,,20190407_Aldosivi_Boca-Juniors,-112.53518522315721,1.43,1.87,4,5,9,11,42.1,57.9,0,2,0,0,3,9
2019-04-07,Belgrano,Godoy Cruz,1,0,1.48,4.0,6.93,1.49,4.31,7.38,Primera División,,20190407_Belgrano_Godoy-Cruz,-33.754371065291025,0.35,0.19,1,0,3,0,51.7,48.3,2,1,0,0,3,0
2019-04-07,Huracan,Atl. Tucuman,2,0,2.2,3.11,3.42,2.22,3.16,3.78,Primera División,,20190407_Huracan_Atl.-Tucuman,-47.4634849224683,0.69,0.63,2,2,3,6,51.6,48.4,2,1,0,0,3,3
2019-04-07,Patronato,Argentinos Jrs,2,1,1.85,3.28,4.49,1.94,3.33,4.58,Primera División,,20190407_Patronato_Argentinos-Jrs,28.062507882991667,1.66,1.57,5,4,11,8,55.5,44.5,0,0,0,0,2,11
2019-04-07,Racing Club,Defensa y Justicia,1,1,2.27,3.1,3.28,2.37,3.18,3.39,Primera División,,20190407_Racing-Club_Defensa-y-Justicia,7.61552880494537,0.45,0.35,2,2,4,3,41.5,58.5,1,1,0,0,1,5
2019-04-07,River Plate,Tigre,2,3,2.14,3.66,3.04,2.19,3.95,3.1,Primera División,,20190407_River-Plate_Tigre,55.74044551971383,0.05,1.74,2,7,3,16,53.0,47.0,2,2,1,0,2,2
2019-04-07,Rosario Central,Independiente,1,2,3.51,3.08,2.18,3.74,3.11,2.26,Primera División,,20190407_Rosario-Central_Independiente,-58.654867074908,0.94,1.67,3,5,8,12,44.7,55.3,1,0,0,0,2,5
2019-04-07,San Martin S.J.,Talleres Cordoba,2,1,2.34,3.24,3.0,2.4,3.39,3.13,Primera División,,20190407_San-Martin-S.J._Talleres-Cordoba,-65.7547575275778,1.28,0.16,3,1,6,0,45.6,54.4,1,2,0,0,4,4
2019-07-27,Colon Santa FE,Patronato,0,1,1.96,3.0,4.45,2.03,2.95,4.91,Primera División,,20190727_Colon-Santa-FE_Patronato,-39.94325923682777,0.66,0.76,1,4,0,10,46.5,53.5,2,0,0,0,0,5
2019-07-27,Lanus,Gimnasia L.P.,1,1,1.92,3.1,4.48,1.96,3.22,4.69,Primera División,,20190727_Lanus_Gimnasia-L.P.,54.76940851703398,0.67,1.39,2,4,6,8,50.4,49.6,3,3,0,0,4,5
2019-07-27,Racing Club,Union de Santa Fe,0,0,1.62,3.53,5.87,1.64,3.69,6.38,Primera División,,20190727_Racing-Club_Union-de-Santa-Fe,88.80041111287596,1.3,0.74,6,3,11,6,56.1,43.9,0,6,0,0,9,3
2019-07-27,San Lorenzo,Godoy Cruz,3,2,1.87,3.11,4.69,1.91,3.22,5.03,Primera División,,20190727_San-Lorenzo_Godoy-Cruz,-6.803428649619491,0.7,0.85,3,3,6,7,53.4,46.6,1,2,0,0,3,7
2019-07-28,Argentinos Jrs,River Plate,1,1,3.14,2.99,2.4,3.28,3.12,2.44,Primera División,,20190728_Argentinos-Jrs_River-Plate,-119.2998340161489,1.48,0.79,5,4,9,7,46.8,53.2,0,0,0,0,3,5
2019-07-28,Defensa y Justicia,Independiente,0,1,3.09,2.85,2.55,3.33,2.89,2.57,Primera División,,20190728_Defensa-y-Justicia_Independiente,67.1516130314883,1.33,1.43,4,5,8,13,58.7,41.3,1,0,0,0,6,10
2019-07-28,Estudiantes L.P.,Aldosivi,1,0,1.93,3.05,4.56,1.98,3.18,4.7,Primera División,,20190728_Estudiantes-L.P._Aldosivi,6.896112101175959,2.09,0.05,6,0,14,0,51.6,48.4,2,1,0,0,11,3
2019-07-28,Newells Old Boys,Central Cordoba,2,0,1.74,3.35,5.17,1.75,3.5,5.52,Primera División,,20190728_Newells-Old-Boys_Central-Cordoba,-6.316496374063263,0.05,0.86,2,4,5,8,56.1,43.9,1,2,0,0,0,10
2019-07-28,Talleres Cordoba,Velez Sarsfield,1,0,3.1,2.89,2.51,3.21,2.92,2.62,Primera División,,20190728_Talleres-Cordoba_Velez-Sarsfield,-34.66983529762183,1.89,0.96,5,3,10,6,53.2,46.8,2,2,0,0,11,4
2019-07-29,Arsenal Sarandi,Banfield,1,0,2.9,3.02,2.54,3.07,3.15,2.56,Primera División,,20190729_Arsenal-Sarandi_Banfield,23.500535009593477,1.29,0.36,3,1,7,2,48.3,51.7,2,3,0,0,0,5
2019-07-29,Boca Juniors,Huracan,0,0,1.56,3.77,6.17,1.59,3.87,6.62,Primera División,,20190729_Boca-Juniors_Huracan,101.50115354346099,1.06,0.68,4,1,6,1,53.3,46.7,0,2,0,0,4,0
2019-07-30,Atl. Tucuman,Rosario Central,1,2,2.25,3.04,3.4,2.32,3.16,3.47,Primera División,,20190730_Atl.-Tucuman_Rosario-Central,61.009026786447066,0.63,1.92,1,7,2,16,50.8,49.2,2,1,0,0,1,8
2019-08-03,Aldosivi,Argentinos Jrs,0,0,3.21,2.9,2.43,3.34,3.03,2.46,Primera División,,20190803_Aldosivi_Argentinos-Jrs,22.66290840811689,0.94,0.77,4,1,7,0,42.7,57.3,2,0,0,0,4,0
2019-08-03,Central Cordoba,Atl. Tucuman,1,0,2.84,2.84,2.75,2.97,2.87,2.86,Primera División,,20190803_Central-Cordoba_Atl.-Tucuman,-3.2049741859996175,1.04,1.06,3,5,7,12,50.6,49.4,1,1,0,0,5,8
2019-08-03,Huracan,Colon Santa FE,2,0,2.28,2.89,3.51,2.34,2.95,3.73,Primera División,,20190803_Huracan_Colon-Santa-FE,45.762632303044256,1.57,1.15,6,4,14,8,49.3,50.7,2,1,0,0,5,4
2019-08-03,Rosario Central,Talleres Cordoba,1,0,2.15,2.89,3.86,2.19,2.97,4.12,Primera División,,20190803_Rosario-Central_Talleres-Cordoba,-53.35429713309759,0.58,0.35,2,2,4,6,48.2,51.8,4,2,0,0,2,7
2019-08-04,Banfield,Estudiantes L.P.,1,0,2.14,2.91,3.86,2.19,2.91,4.27,Primera División,,20190804_Banfield_Estudiantes-L.P.,-34.69431498218182,1.34,0.69,3,2,8,4,52.2,47.8,5,3,0,0,4,6
2019-08-04,Gimnasia L.P.,San Lorenzo,0,1,2.72,2.7,3.01,2.85,2.68,3.22,Primera División,,20190804_Gimnasia-L.P._San-Lorenzo,4.881770117788619,1.34,1.72,4,6,9,15,45.9,54.1,1,1,0,0,7,7
2019-08-04,River Plate,Lanus,3,0,1.64,3.6,5.57,1.64,3.75,6.21,Primera División,,20190804_River-Plate_Lanus,32.308562082826256,1.51,0.88,7,3,16,8,58.9,41.1,1,2,0,0,10,4
2019-08-04,Union de Santa Fe,Defensa y Justicia,2,1,2.19,2.8,3.91,2.34,2.76,4.07,Primera División,,20190804_Union-de-Santa-Fe_Defensa-y-Justicia,-64.41800888776493,1.45,1.3,4,4,8,8,54.3,45.7,2,2,0,0,4,6
2019-08-04,Velez Sarsfield,Racing Club,2,2,2.56,2.91,2.99,2.66,2.91,3.18,Primera División,,20190804_Velez-Sarsfield_Racing-Club,-74.15745748149789,1.28,2.09,3,8,4,15,47.8,52.2,2,1,0,0,8,9
2019-08-05,Patronato,Boca Juniors,0,2,4.13,3.16,1.97,4.31,3.19,2.05,Primera División,,20190805_Patronato_Boca-Juniors,-79.24905436857262,1.25,1.24,4,3,9,5,40.3,59.7,3,2,0,0,6,5
2019-08-06,Godoy Cruz,Arsenal Sarandi,0,2,2.03,3.18,3.8,2.12,3.28,3.87,Primera División,,20190806_Godoy-Cruz_Arsenal-Sarandi,-58.77376196025966,0.67,1.37,2,5,4,10,49.1,50.9,0,0,0,0,4,2
2019-08-16,Argentinos Jrs,Banfield,3,2,2.41,2.92,3.22,2.41,3.03,3.44,Primera División,,20190816_Argentinos-Jrs_Banfield,-30.80109266549175,0.75,0.84,3,2,5,4,46.6,53.4,0,0,1,0,4,8
2019-08-17,Newells Old Boys,Union de Santa Fe,2,0,2.21,2.96,3.56,2.31,2.95,3.79,Primera División,,20190817_Newells-Old-Boys_Union-de-Santa-Fe,-19.445632823049664,1.6,0.7,4,2,6,6,48.3,51.7,1,1,0,0,4,3
2019-08-17,San Lorenzo,Rosario Central,2,2,2.14,2.91,3.88,2.21,2.92,4.16,Primera División,,20190817_San-Lorenzo_Rosario-Central,10.27305386555986,0.57,1.85,2,6,6,14,53.5,46.5,3,2,0,0,3,2
2019-08-17,Talleres Cordoba,Central Cordoba,1,1,2.07,2.88,4.17,2.15,2.94,4.35,Primera División,,20190817_Talleres-Cordoba_Central-Cordoba,-2.217323977463593,0.47,1.57,1,4,3,9,48.2,51.8,1,3,0,0,5,6
2019-08-18,Defensa y Justicia,Arsenal Sarandi,0,3,2.25,2.92,3.51,2.35,2.98,3.67,Primera División,,20190818_Defensa-y-Justicia_Arsenal-Sarandi,40.18701927850293,1.19,1.23,5,4,12,8,52.6,47.4,1,1,1,0,11,4
2019-08-18,Lanus,Velez Sarsfield,3,1,2.81,2.92,2.68,2.88,3.01,2.81,Primera División,,20190818_Lanus_Velez-Sarsfield,-7.215789633273744,0.79,0.96,3,3,5,9,48.2,51.8,2,1,0,1,3,5
2019-08-18,Patronato,Huracan,2,1,2.29,2.95,3.38,2.39,3.07,3.44,Primera División,,20190818_Patronato_Huracan,-4.304292694812148,0.46,0.83,2,4,5,10,48.2,51.8,1,2,0,0,2,5
2019-08-18,Racing Club,River Plate,1,6,3.01,3.04,2.45,3.11,3.25,2.47,Primera División,,20190818_Racing-Club_River-Plate,22.243854299758823,1.24,2.19,3,7,4,14,49.4,50.6,4,2,0,0,5,13
2019-08-19,Atl. Tucuman,Godoy Cruz,1,0,2.08,3.1,3.76,2.15,3.21,3.87,Primera División,,20190819_Atl.-Tucuman_Godoy-Cruz,36.449518236641325,1.27,0.96,3,2,7,4,53.1,46.9,1,3,0,0,2,4
2019-08-19,Boca Juniors,Aldosivi,2,0,1.34,4.53,9.63,1.35,4.8,10.62,Primera División,,20190819_Boca-Juniors_Aldosivi,123.46598283455523,1.33,0.64,4,1,8,1,53.6,46.4,0,3,0,0,1,2
2019-08-19,Colon Santa FE,Gimnasia L.P.,2,1,2.39,2.87,3.28,2.44,2.98,3.46,Primera División,,20190819_Colon-Santa-FE_Gimnasia-L.P.,-30.709734842499074,1.3,0.05,3,1,5,2,52.6,47.4,3,3,0,0,4,2
2019-08-20,Estudiantes L.P.,Independiente,3,0,3.14,2.81,2.53,3.25,2.93,2.59,Primera División,,20190820_Estudiantes-L.P._Independiente,-50.185768589314875,0.62,0.69,3,3,6,8,48.5,51.5,1,2,0,0,6,5
2019-08-24,Arsenal Sarandi,San Lorenzo,0,2,2.87,2.93,2.64,2.97,3.02,2.73,Primera División,,20190824_Arsenal-Sarandi_San-Lorenzo,52.664426637798215,1.35,1.22,6,3,13,7,55.5,44.5,4,0,0,0,9,7
2019-08-24,Gimnasia L.P.,Defensa y Justicia,0,1,2.07,3.05,3.84,2.15,3.14,3.96,Primera División,,20190824_Gimnasia-L.P._Defensa-y-Justicia,-98.24637527071104,0.57,1.23,2,4,4,9,44.9,55.1,2,3,0,0,5,4
2019-08-24,Rosario Central,Patronato,1,1,2.05,3.08,3.9,2.1,3.15,4.12,Primera División,,20190824_Rosario-Central_Patronato,-34.217156640283065,0.05,2.41,1,7,1,14,56.4,43.6,0,1,0,0,3,6
2019-08-24,Velez Sarsfield,Newells Old Boys,3,1,2.06,2.98,4.04,2.11,3.0,4.4,Primera División,,20190824_Velez-Sarsfield_Newells-Old-Boys,-8.512136290351691,2.43,0.84,8,3,18,4,53.0,47.0,1,1,0,0,5,2
2019-08-25,Central Cordoba,Racing Club,0,0,3.74,3.19,2.05,3.71,3.38,2.13,Primera División,,20190825_Central-Cordoba_Racing-Club,-78.83766765564201,1.14,0.05,4,1,8,3,47.8,52.2,0,0,0,0,7,2
2019-08-25,Godoy Cruz,Estudiantes L.P.,2,1,2.88,2.9,2.64,3.08,2.97,2.68,Primera División,,20190825_Godoy-Cruz_Estudiantes-L.P.,-68.85034503317252,1.19,0.57,5,2,11,6,53.7,46.3,2,1,1,0,3,2
2019-08-25,Independiente,Colon Santa FE,2,0,1.72,3.35,5.33,1.74,3.4,5.99,Primera División,,20190825_Independiente_Colon-Santa-FE,78.13063279626931,0.94,0.85,4,2,8,5,51.0,49.0,2,2,0,0,6,5
2019-08-25,River Plate,Talleres Cordoba,0,1,1.52,3.93,6.54,1.56,4.08,6.57,Primera División,,20190825_River-Plate_Talleres-Cordoba,84.19242714498114,1.39,1.37,5,3,12,6,46.5,53.5,1,1,0,0,7,2
2019-08-25,Union de Santa Fe,Lanus,1,2,2.45,2.87,3.2,2.59,2.91,3.28,Primera División,,20190825_Union-de-Santa-Fe_Lanus,-14.666674572816646,0.05,0.84,1,2,1,5,50.2,49.8,2,1,0,0,2,1
2019-08-26,Aldosivi,Atl. Tucuman,3,0,2.63,2.91,2.9,2.72,3.01,2.99,Primera División,,20190826_Aldosivi_Atl.-Tucuman,-28.725558420113884,2.16,0.25,6,2,15,4,46.6,53.4,1,1,0,0,6,5
2019-08-26,Banfield,Boca Juniors,0,1,2.9,3.12,2.48,2.9,3.33,2.57,Primera División,,20190826_Banfield_Boca-Juniors,-134.73208618893864,0.35,1.59,1,4,2,7,47.9,52.1,2,2,0,0,3,10
2019-08-27,Huracan,Argentinos Jrs,0,0,2.77,2.88,2.78,2.93,2.95,2.82,Primera División,,20190827_Huracan_Argentinos-Jrs,25.792462448626566,0.71,0.53,2,2,4,6,51.2,48.8,0,1,0,0,1,12
2019-08-30,Lanus,Central Cordoba,1,0,1.66,3.37,5.81,1.67,3.55,6.32,Primera División,,20190830_Lanus_Central-Cordoba,36.34361981915231,1.61,1.08,5,2,11,4,48.3,51.7,0,1,0,0,7,2
2019-08-31,Argentinos Jrs,Gimnasia L.P.,1,0,1.98,3.06,4.17,2.0,3.2,4.51,Primera División,,20190831_Argentinos-Jrs_Gimnasia-L.P.,20.610225858683407,1.82,0.46,6,1,15,2,44.6,55.4,1,1,0,0,11,5
2019-08-31,Defensa y Justicia,Banfield,0,0,3.16,2.93,2.42,3.31,3.08,2.45,Primera División,,20190831_Defensa-y-Justicia_Banfield,98.80159633197218,1.12,1.02,3,5,8,11,53.4,46.6,4,1,0,0,4,6
2019-08-31,Estudiantes L.P.,Velez Sarsfield,0,1,2.7,2.79,2.92,2.77,2.86,3.08,Primera División,,20190831_Estudiantes-L.P._Velez-Sarsfield,-36.17044335368223,0.38,0.63,1,1,3,2,52.5,47.5,1,2,0,0,5,3
2019-08-31,Patronato,Independiente,1,0,4.12,3.06,2.0,4.41,3.15,2.04,Primera División,,20190831_Patronato_Independiente,-27.248637282654272,0.79,0.25,2,0,5,2,49.0,51.0,0,1,0,0,5,1
2019-08-31,San Lorenzo,Union de Santa Fe,2,1,1.87,3.21,4.48,1.93,3.25,4.78,Primera División,,20190831_San-Lorenzo_Union-de-Santa-Fe,-5.48130300651701,1.22,1.23,5,3,11,7,53.1,46.9,2,1,0,0,1,4
2019-09-01,Atl. Tucuman,Arsenal Sarandi,1,0,2.28,3.19,3.14,2.35,3.32,3.23,Primera División,,20190901_Atl.-Tucuman_Arsenal-Sarandi,-44.123492547929345,1.04,1.1,4,4,8,9,47.1,52.9,2,1,0,1,8,4
2019-09-01,Colon Santa FE,Rosario Central,1,1,2.74,2.83,2.83,2.76,2.89,3.07,Primera División,,20190901_Colon-Santa-FE_Rosario-Central,-37.71296460541453,0.24,0.59,2,1,4,2,50.6,49.4,2,3,0,0,2,3
2019-09-01,Newells Old Boys,Huracan,4,1,1.71,3.44,5.21,1.72,3.65,5.51,Primera División,,20190901_Newells-Old-Boys_Huracan,20.61117413131501,2.11,1.1,7,4,15,10,51.3,48.7,1,6,0,0,9,11
2019-09-01,Racing Club,Godoy Cruz,3,1,1.5,3.94,6.65,1.5,4.26,7.28,Primera División,,20190901_Racing-Club_Godoy-Cruz,129.94816664323866,0.33,0.92,3,4,6,12,47.6,52.4,0,1,0,0,6,4
2019-09-01,River Plate,Boca Juniors,0,0,1.8,3.39,4.56,1.8,3.6,4.93,Primera División,,20190901_River-Plate_Boca-Juniors,-40.649882929446676,0.33,0.05,1,0,4,1,54.7,45.3,2,0,0,0,0,1
2019-09-01,Talleres Cordoba,Aldosivi,2,1,1.72,3.31,5.33,1.75,3.38,5.92,Primera División,,20190901_Talleres-Cordoba_Aldosivi,38.717951106349346,1.65,0.3,5,2,12,5,53.7,46.3,2,4,0,1,5,3
2019-09-14,Arsenal Sarandi,Union de Santa Fe,4,1,2.16,3.04,3.62,2.14,3.22,3.88,Primera División,,20190914_Arsenal-Sarandi_Union-de-Santa-Fe,18.24627355597795,1.18,1.43,6,3,13,7,61.1,38.9,3,4,0,0,8,3
2019-09-14,Central Cordoba,Defensa y Justicia,1,2,2.49,2.86,3.15,2.59,2.96,3.23,Primera División,,20190914_Central-Cordoba_Defensa-y-Justicia,-61.61100561418016,0.67,0.58,1,4,0,8,44.7,55.3,0,0,0,0,4,8
2019-09-14,Colon Santa FE,San Lorenzo,2,1,2.48,2.9,3.13,2.44,3.03,3.4,Primera División,,20190914_Colon-Santa-FE_San-Lorenzo,-70.79556961073195,1.04,1.22,4,3,9,7,52.4,47.6,1,2,0,0,4,7
2019-09-14,Godoy Cruz,Argentinos Jrs,0,1,2.72,2.88,2.81,2.78,3.01,2.91,Primera División,,20190914_Godoy-Cruz_Argentinos-Jrs,-34.6240403268896,1.2,1.06,3,4,8,9,45.4,54.6,3,2,0,0,6,2
2019-09-15,Banfield,Talleres Cordoba,0,1,2.0,3.07,4.14,2.0,3.25,4.42,Primera División,,20190915_Banfield_Talleres-Cordoba,-62.07232972418615,1.19,0.59,3,4,4,7,49.9,50.1,5,0,0,0,5,3
2019-09-15,Gimnasia L.P.,Racing Club,1,2,3.42,2.93,2.3,3.59,2.92,2.41,Primera División,,20190915_Gimnasia-L.P._Racing-Club,-153.93222644076832,1.47,0.18,4,2,9,5,43.2,56.8,2,5,0,0,6,4
2019-09-15,Huracan,River Plate,0,4,6.91,4.12,1.47,7.21,4.49,1.47,Primera División,,20190915_Huracan_River-Plate,-94.11106544141535,0.67,1.24,1,4,3,7,46.1,53.9,2,2,0,0,3,6
2019-09-15,Independiente,Lanus,2,2,1.96,3.21,4.09,2.08,3.27,4.01,Primera División,,20190915_Independiente_Lanus,-29.904947367532714,2.2,1.0,7,2,16,4,45.4,54.6,4,0,0,0,8,2
2019-09-15,Rosario Central,Newells Old Boys,1,1,2.57,2.86,3.03,2.69,2.91,3.13,Primera División,,20190915_Rosario-Central_Newells-Old-Boys,-45.35450602078163,0.91,0.63,2,1,4,1,48.8,51.2,0,3,0,0,5,4
2019-09-16,Aldosivi,Patronato,1,1,2.65,2.76,3.04,2.78,2.78,3.17,Primera División,,20190916_Aldosivi_Patronato,-55.092970922990844,0.94,1.14,4,5,10,11,45.6,54.4,2,0,0,0,4,8
2019-09-16,Boca Juniors,Estudiantes L.P.,1,0,1.83,3.23,4.72,1.87,3.33,4.99,Primera División,,20190916_Boca-Juniors_Estudiantes-L.P.,130.91548438639188,0.77,0.05,2,0,5,1,59.3,40.7,4,0,1,0,3,3
2019-09-17,Velez Sarsfield,Atl. Tucuman,1,0,1.57,3.74,6.02,1.58,3.95,6.46,Primera División,,20190917_Velez-Sarsfield_Atl.-Tucuman,42.96182845733142,0.48,0.59,1,2,2,5,41.9,58.1,2,2,0,0,5,3
2019-09-20,Union de Santa Fe,Rosario Central,0,0,2.57,2.86,3.02,2.68,2.93,3.13,Primera División,,20190920_Union-de-Santa-Fe_Rosario-Central,3.852214194288763,0.05,0.44,0,2,1,2,49.6,50.4,2,0,0,0,3,1
2019-09-21,Argentinos Jrs,Central Cordoba,3,1,1.71,3.28,5.58,1.75,3.33,6.08,Primera División,,20190921_Argentinos-Jrs_Central-Cordoba,1.900681594678872,0.51,0.05,3,1,8,2,57.3,42.7,1,0,0,0,3,3
2019-09-21,Defensa y Justicia,Huracan,0,1,2.03,3.04,4.03,2.07,3.13,4.33,Primera División,,20190921_Defensa-y-Justicia_Huracan,97.69714923018614,1.47,0.63,5,2,9,3,59.2,40.8,2,2,0,0,6,1
2019-09-21,Estudiantes L.P.,Patronato,1,0,1.96,3.09,4.23,1.98,3.24,4.57,Primera División,,20190921_Estudiantes-L.P._Patronato,-48.675953619565234,1.11,0.2,5,1,12,2,41.8,58.2,2,2,0,0,12,2
2019-09-21,San Lorenzo,Boca Juniors,0,2,3.1,2.99,2.43,3.18,3.07,2.54,Primera División,,20190921_San-Lorenzo_Boca-Juniors,-120.54633729891157,0.08,1.28,3,4,8,9,52.7,47.3,2,4,0,0,4,7
2019-09-22,Atl. Tucuman,Independiente,0,1,3.18,3.01,2.35,3.36,3.1,2.41,Primera División,,20190922_Atl.-Tucuman_Independiente,-41.087348969290815,0.72,1.07,2,2,4,3,41.7,58.3,3,2,0,0,3,4
2019-09-22,Godoy Cruz,Banfield,0,2,3.65,3.15,2.09,3.78,3.33,2.13,Primera División,,20190922_Godoy-Cruz_Banfield,-23.81110958722479,0.93,1.35,4,4,9,9,49.2,50.8,1,1,0,0,6,4
2019-09-22,Lanus,Colon Santa FE,3,2,1.48,3.96,7.15,1.52,4.04,7.49,Primera División,,20190922_Lanus_Colon-Santa-FE,97.0487629144111,0.82,1.45,3,5,9,11,56.1,43.9,0,3,0,0,7,2
2019-09-22,Newells Old Boys,Aldosivi,2,0,1.49,3.84,7.35,1.48,4.2,8.0,Primera División,,20190922_Newells-Old-Boys_Aldosivi,50.90496267809135,0.81,0.73,2,1,1,1,45.2,54.8,1,4,0,0,7,2
2019-09-22,Racing Club,Arsenal Sarandi,2,1,1.72,3.5,4.97,1.75,3.63,5.25,Primera División,,20190922_Racing-Club_Arsenal-Sarandi,72.08240672507736,1.35,1.13,3,4,6,8,56.3,43.7,1,3,0,0,6,2
2019-09-23,River Plate,Velez Sarsfield,1,2,1.56,3.86,5.84,1.59,4.0,6.24,Primera División,,20190923_River-Plate_Velez-Sarsfield,33.68307116005985,1.71,1.63,6,4,13,9,50.6,49.4,0,2,0,0,5,6
2019-09-24,Talleres Cordoba,Gimnasia L.P.,2,1,1.89,3.13,4.53,1.91,3.3,4.82,Primera División,,20190924_Talleres-Cordoba_Gimnasia-L.P.,110.4027001862828,0.87,1.06,5,4,13,10,56.4,43.6,0,3,0,0,8,9
2019-09-27,Aldosivi,Union de Santa Fe,1,2,3.01,2.83,2.6,3.11,2.93,2.69,Primera División,,20190927_Aldosivi_Union-de-Santa-Fe,-22.639206893511982,1.06,1.79,4,5,8,10,45.3,54.7,2,4,0,0,6,9
2019-09-28,Arsenal Sarandi,Estudiantes L.P.,3,0,2.46,2.9,3.13,2.53,3.0,3.27,Primera División,,20190928_Arsenal-Sarandi_Estudiantes-L.P.,27.646314577320936,1.85,0.91,5,3,11,7,51.7,48.3,2,4,0,0,8,2
2019-09-28,Gimnasia L.P.,River Plate,0,2,3.97,3.3,1.95,4.11,3.57,1.96,Primera División,,20190928_Gimnasia-L.P._River-Plate,-149.71851432884046,0.69,1.92,3,6,7,12,37.5,62.5,1,1,1,0,2,4
2019-09-28,Patronato,Lanus,1,1,3.36,3.05,2.25,3.41,3.24,2.31,Primera División,,20190928_Patronato_Lanus,-54.53477090021056,0.19,0.81,2,3,5,4,55.2,44.8,2,2,1,0,5,2
2019-09-29,Banfield,San Lorenzo,0,1,2.27,2.98,3.39,2.34,3.1,3.51,Primera División,,20190929_Banfield_San-Lorenzo,-22.982568369379578,0.05,1.59,0,5,0,10,48.3,51.7,1,2,0,0,3,5
2019-09-29,Boca Juniors,Newells Old Boys,1,1,2.12,3.11,3.63,2.17,3.2,3.81,Primera División,,20190929_Boca-Juniors_Newells-Old-Boys,95.7567174998403,0.6,1.4,1,5,3,10,52.9,47.1,1,2,0,0,5,7
2019-09-29,Huracan,Atl. Tucuman,0,0,2.38,3.0,3.15,2.45,3.09,3.3,Primera División,,20190929_Huracan_Atl.-Tucuman,11.803267326358537,1.42,0.54,4,1,8,2,48.4,51.6,3,3,0,0,4,3
2019-09-29,Rosario Central,Racing Club,1,1,2.93,3.0,2.52,3.04,3.13,2.59,Primera División,,20190929_Rosario-Central_Racing-Club,-126.33407719518868,1.47,1.61,5,5,14,12,43.4,56.6,1,0,0,0,3,7
2019-09-29,Velez Sarsfield,Defensa y Justicia,0,1,1.84,3.14,4.79,1.88,3.18,5.32,Primera División,,20190929_Velez-Sarsfield_Defensa-y-Justicia,8.83221777838321,0.93,0.96,3,2,6,5,54.8,45.2,3,0,0,1,3,3
2019-09-30,Central Cordoba,Godoy Cruz,1,0,1.91,3.2,4.31,1.92,3.39,4.61,Primera División,,20190930_Central-Cordoba_Godoy-Cruz,53.584026297474566,0.85,0.58,2,1,4,2,52.4,47.6,0,3,0,0,4,2
2019-09-30,Independiente,Talleres Cordoba,3,2,1.76,3.36,4.93,1.76,3.58,5.22,Primera División,,20190930_Independiente_Talleres-Cordoba,-10.162238949404355,0.93,0.45,3,2,6,5,47.6,52.4,1,2,0,0,4,5
2019-10-01,Colon Santa FE,Argentinos Jrs,1,0,2.92,2.81,2.7,3.07,2.86,2.78,Primera División,,20191001_Colon-Santa-FE_Argentinos-Jrs,-52.91046175643987,0.91,0.75,3,2,6,4,47.8,52.2,5,4,0,0,2,4
2019-10-04,Newells Old Boys,Banfield,0,0,1.91,3.11,4.5,1.93,3.16,5.03,Primera División,,20191004_Newells-Old-Boys_Banfield,78.19735261587039,1.42,0.34,5,0,12,0,44.8,55.2,1,1,0,0,7,2
2019-10-05,Argentinos Jrs,Arsenal Sarandi,2,1,2.02,3.15,3.88,2.05,3.26,4.19,Primera División,,20191005_Argentinos-Jrs_Arsenal-Sarandi,-38.240274387198724,0.58,0.51,2,1,4,1,43.6,56.4,4,1,0,0,9,1
2019-10-05,Atl. Tucuman,Talleres Cordoba,2,1,2.74,2.91,2.76,2.81,3.05,2.84,Primera División,,20191005_Atl.-Tucuman_Talleres-Cordoba,-59.666126878376645,0.86,0.74,4,4,9,6,49.3,50.7,2,2,0,0,7,7
2019-10-05,Estudiantes L.P.,Huracan,0,0,1.81,3.27,4.77,1.84,3.4,5.06,Primera División,,20191005_Estudiantes-L.P._Huracan,-10.061341748302993,1.38,0.94,5,3,11,5,45.1,54.9,4,2,1,0,7,3
2019-10-05,Godoy Cruz,Gimnasia L.P.,2,4,2.51,3.08,2.87,2.65,3.21,2.89,Primera División,,20191005_Godoy-Cruz_Gimnasia-L.P.,-1.1436016282671062,1.43,1.84,4,6,9,13,52.5,47.5,2,4,0,0,6,4
2019-10-05,San Lorenzo,Central Cordoba,1,4,1.59,3.6,6.13,1.61,3.8,6.51,Primera División,,20191005_San-Lorenzo_Central-Cordoba,16.61096597255846,1.16,2.26,4,7,8,17,51.1,48.9,0,3,0,0,4,7
2019-10-06,Lanus,Rosario Central,1,1,2.13,3.11,3.59,2.16,3.24,3.8,Primera División,,20191006_Lanus_Rosario-Central,77.33551938947721,1.18,0.37,3,2,5,3,45.5,54.5,0,2,0,0,3,6
2019-10-06,Racing Club,Aldosivi,2,0,1.42,4.31,7.61,1.43,4.58,7.94,Primera División,,20191006_Racing-Club_Aldosivi,152.4255648612641,2.22,1.41,6,4,13,9,40.4,59.6,2,0,0,0,5,3
2019-10-06,River Plate,Patronato,2,0,1.18,6.78,14.02,1.19,7.3,15.03,Primera División,,20191006_River-Plate_Patronato,66.66167795356114,0.81,1.24,2,3,1,4,61.9,38.1,0,0,0,0,1,0
2019-10-06,Union de Santa Fe,Colon Santa FE,1,0,2.37,2.85,3.36,2.47,2.84,3.6,Primera División,,20191006_Union-de-Santa-Fe_Colon-Santa-FE,32.121250012269684,1.59,1.11,4,2,8,4,50.2,49.8,1,3,0,0,6,2
2019-10-06,Velez Sarsfield,Independiente,2,0,2.42,2.91,3.19,2.54,2.94,3.32,Primera División,,20191006_Velez-Sarsfield_Independiente,0.8382047329525903,1.44,0.15,4,0,8,0,56.8,43.2,0,3,0,0,5,2
2019-10-07,Defensa y Justicia,Boca Juniors,0,1,3.59,3.0,2.19,3.76,3.07,2.25,Primera División,,20191007_Defensa-y-Justicia_Boca-Juniors,-58.52911418879148,0.44,1.47,3,5,7,14,50.9,49.1,1,4,0,0,3,4
2019-10-18,Arsenal Sarandi,River Plate,3,3,3.82,3.5,1.92,4.0,3.79,1.93,Primera División,,20191018_Arsenal-Sarandi_River-Plate,-74.21273027137386,0.97,2.54,5,8,13,19,49.8,50.2,1,1,0,0,5,9
2019-10-19,Banfield,Atl. Tucuman,1,2,1.78,3.33,4.83,1.85,3.41,4.94,Primera División,,20191019_Banfield_Atl.-Tucuman,-29.535860484893874,0.14,1.61,1,5,1,10,46.3,53.7,2,3,0,0,3,6
2019-10-19,Boca Juniors,Racing Club,0,1,2.35,3.02,3.18,2.45,3.23,3.16,Primera División,,20191019_Boca-Juniors_Racing-Club,25.68614072357559,1.05,1.11,3,5,7,12,49.8,50.2,0,2,0,1,3,7
2019-10-19,Independiente,Argentinos Jrs,0,1,2.06,3.09,3.85,2.09,3.16,4.16,Primera División,,20191019_Independiente_Argentinos-Jrs,36.491937044350834,0.92,1.58,1,5,1,11,56.0,44.0,3,0,0,0,3,4
2019-10-19,Patronato,Newells Old Boys,1,3,3.3,2.91,2.37,3.43,2.98,2.46,Primera División,,20191019_Patronato_Newells-Old-Boys,-31.937761045537172,0.71,1.23,1,3,3,6,46.0,54.0,1,1,0,0,0,4
2019-10-20,Aldosivi,Defensa y Justicia,1,0,3.14,2.81,2.54,3.23,2.89,2.64,Primera División,,20191020_Aldosivi_Defensa-y-Justicia,-113.68591230416791,0.59,0.48,2,3,5,7,35.0,65.0,0,1,0,0,1,9
2019-10-20,Gimnasia L.P.,Union de Santa Fe,0,1,2.88,2.9,2.65,2.98,3.04,2.7,Primera División,,20191020_Gimnasia-L.P._Union-de-Santa-Fe,-80.33109523392636,0.89,0.65,0,4,0,10,52.1,47.9,2,2,0,0,0,8
2019-10-20,Huracan,San Lorenzo,2,0,3.09,2.92,2.48,3.24,2.97,2.57,Primera División,,20191020_Huracan_San-Lorenzo,-4.031954211507582,0.46,1.4,3,7,7,18,40.9,59.1,4,2,0,0,4,6
2019-10-20,Rosario Central,Velez Sarsfield,0,1,2.53,2.91,3.02,2.62,3.01,3.12,Primera División,,20191020_Rosario-Central_Velez-Sarsfield,-75.74669741918683,0.05,0.39,1,1,3,2,46.4,53.6,2,1,0,0,3,4
2019-10-20,Talleres Cordoba,Lanus,2,4,2.5,3.0,2.97,2.55,3.12,3.1,Primera División,,20191020_Talleres-Cordoba_Lanus,-37.722756739084616,1.67,1.55,4,4,9,9,49.5,50.5,1,2,0,0,7,7
2019-10-21,Central Cordoba,Estudiantes L.P.,0,1,2.67,2.91,2.84,2.77,3.03,2.92,Primera División,,20191021_Central-Cordoba_Estudiantes-L.P.,21.934082734400135,1.25,0.92,5,1,11,2,49.3,50.7,1,3,0,0,5,1
2019-10-22,Colon Santa FE,Godoy Cruz,2,1,1.56,3.7,6.33,1.57,3.92,6.8,Primera División,,20191022_Colon-Santa-FE_Godoy-Cruz,51.48700696334481,1.37,0.71,4,2,9,7,54.9,45.1,1,1,0,0,3,5
2019-10-29,Atl. Tucuman,Patronato,2,0,2.16,2.97,3.69,2.17,3.11,3.98,Primera División,,20191029_Atl.-Tucuman_Patronato,10.470874832890104,1.13,1.07,4,3,8,7,50.4,49.6,2,0,0,0,4,4
2019-10-29,Estudiantes L.P.,Rosario Central,3,0,2.44,2.84,3.22,2.54,2.9,3.37,Primera División,,20191029_Estudiantes-L.P._Rosario-Central,12.187130823362395,1.07,0.05,3,0,7,0,51.2,48.8,0,3,0,0,1,3
2019-10-29,Godoy Cruz,Aldosivi,3,2,2.16,2.97,3.7,2.17,3.08,3.98,Primera División,,20191029_Godoy-Cruz_Aldosivi,-68.40217071755433,1.28,1.47,3,3,6,5,47.3,52.7,2,3,0,0,2,2
2019-10-29,Newells Old Boys,Gimnasia L.P.,0,4,1.62,3.51,5.93,1.67,3.57,6.33,Primera División,,20191029_Newells-Old-Boys_Gimnasia-L.P.,127.73629168599427,1.22,2.5,5,6,10,14,49.7,50.3,1,5,0,0,8,5
2019-10-30,Argentinos Jrs,Talleres Cordoba,1,0,1.99,3.11,4.06,2.02,3.27,4.3,Primera División,,20191030_Argentinos-Jrs_Talleres-Cordoba,4.075299357093172,0.65,1.38,2,2,4,6,47.3,52.7,1,4,0,0,4,1
2019-10-30,River Plate,Colon Santa FE,2,1,1.24,5.58,12.41,1.24,6.0,14.25,Primera División,,20191030_River-Plate_Colon-Santa-FE,122.5552544118732,1.04,2.15,4,7,9,16,57.5,42.5,2,3,0,0,2,11
2019-10-30,San Lorenzo,Defensa y Justicia,1,3,2.41,2.96,3.14,2.5,3.03,3.28,Primera División,,20191030_San-Lorenzo_Defensa-y-Justicia,-62.498530836256805,1.04,1.15,5,5,10,11,51.7,48.3,2,2,0,0,10,7
2019-10-30,Union de Santa Fe,Independiente,2,2,2.71,2.88,2.82,2.77,2.98,2.96,Primera División,,20191030_Union-de-Santa-Fe_Independiente,-9.546320852121198,1.01,1.8,4,8,9,16,40.7,59.3,3,0,0,0,3,9
2019-10-31,Arsenal Sarandi,Central Cordoba,2,2,1.74,3.59,4.67,1.75,3.85,4.87,Primera División,,20191031_Arsenal-Sarandi_Central-Cordoba,29.42514283944115,0.62,0.53,2,3,4,7,49.0,51.0,1,2,0,0,7,3
2019-10-31,Racing Club,Banfield,0,0,2.07,3.04,3.86,2.12,3.12,4.12,Primera División,,20191031_Racing-Club_Banfield,173.02495305982325,1.91,0.36,7,2,15,5,58.7,41.3,1,1,0,0,10,6
2019-10-31,Velez Sarsfield,Huracan,0,0,1.78,3.25,4.99,1.83,3.32,5.33,Primera División,,20191031_Velez-Sarsfield_Huracan,73.65932031764055,0.05,0.49,0,0,2,0,55.6,44.4,2,1,0,0,3,1
2019-11-01,Lanus,Boca Juniors,2,1,3.16,3.06,2.34,3.29,3.24,2.37,Primera División,,20191101_Lanus_Boca-Juniors,-52.41226796816454,1.26,0.53,4,1,9,0,48.8,51.2,3,0,0,0,3,1
2019-11-02,Aldosivi,River Plate,1,2,7.96,4.26,1.41,8.18,4.55,1.43,Primera División,,20191102_Aldosivi_River-Plate,-148.3761069931502,0.64,0.68,2,3,5,8,35.3,64.7,2,2,0,0,2,5
2019-11-02,Colon Santa FE,Atl. Tucuman,0,2,3.61,3.02,2.15,3.81,3.19,2.18,Primera División,,20191102_Colon-Santa-FE_Atl.-Tucuman,-58.11131156042143,0.7,1.34,3,6,6,12,41.1,58.9,1,2,0,0,4,3
2019-11-02,Gimnasia L.P.,Estudiantes L.P.,0,1,2.95,2.87,2.61,3.08,2.94,2.7,Primera División,,20191102_Gimnasia-L.P._Estudiantes-L.P.,-68.83316560440676,1.29,1.45,4,3,7,6,50.7,49.3,3,1,0,0,4,4
2019-11-02,Rosario Central,Godoy Cruz,5,2,1.61,3.6,5.88,1.6,3.76,6.72,Primera División,,20191102_Rosario-Central_Godoy-Cruz,61.40368235668711,1.28,0.81,5,2,10,4,46.7,53.3,2,0,0,0,7,4
2019-11-03,Banfield,Union de Santa Fe,3,3,2.38,2.95,3.21,2.52,3.0,3.29,Primera División,,20191103_Banfield_Union-de-Santa-Fe,-60.71300023198046,0.47,1.19,3,6,8,15,47.2,52.8,0,4,0,0,9,8
2019-11-03,Boca Juniors,Arsenal Sarandi,5,1,1.56,3.78,6.01,1.56,3.97,6.89,Primera División,,20191103_Boca-Juniors_Arsenal-Sarandi,93.80285376898769,2.37,1.52,7,4,15,10,47.8,52.2,2,2,0,0,11,4
2019-11-03,Independiente,San Lorenzo,2,1,1.86,3.25,4.45,1.87,3.45,4.74,Primera División,,20191103_Independiente_San-Lorenzo,55.980043926425424,0.25,1.01,2,4,4,10,57.5,42.5,1,4,0,0,7,3
2019-11-03,Patronato,Racing Club,1,1,3.11,2.93,2.46,3.17,3.07,2.54,Primera División,,20191103_Patronato_Racing-Club,-138.10722088166904,0.32,2.01,1,6,4,13,44.0,56.0,1,5,0,0,3,4
2019-11-03,Talleres Cordoba,Newells Old Boys,1,0,2.51,2.88,3.07,2.68,2.86,3.21,Primera División,,20191103_Talleres-Cordoba_Newells-Old-Boys,-29.00281845340919,0.39,0.19,1,0,1,1,46.8,53.2,0,3,0,0,5,2
2019-11-04,Defensa y Justicia,Argentinos Jrs,0,0,2.41,2.85,3.3,2.5,2.93,3.41,Primera División,,20191104_Defensa-y-Justicia_Argentinos-Jrs,24.038719469644093,0.52,0.89,2,0,4,0,55.6,44.4,2,1,0,0,1,2
2019-11-05,Central Cordoba,Velez Sarsfield,0,0,3.41,3.12,2.19,3.67,3.34,2.16,Primera División,,20191105_Central-Cordoba_Velez-Sarsfield,-82.46704053822555,0.98,0.05,4,0,9,0,46.7,53.3,2,2,0,0,6,0
2019-11-05,Huracan,Lanus,0,1,3.37,2.94,2.31,3.6,2.99,2.37,Primera División,,20191105_Huracan_Lanus,-82.56021484572693,0.99,1.72,4,6,9,13,52.8,47.2,1,3,0,0,5,8
2019-11-08,Estudiantes L.P.,Talleres Cordoba,1,0,2.11,3.01,3.79,2.15,3.11,4.04,Primera División,,20191108_Estudiantes-L.P._Talleres-Cordoba,-0.7999738275022992,1.18,1.02,4,2,10,5,48.4,51.6,3,0,0,0,9,2
2019-11-09,Godoy Cruz,Independiente,1,2,3.72,3.18,2.05,3.93,3.31,2.09,Primera División,,20191109_Godoy-Cruz_Independiente,-139.77246920341395,0.8,1.09,3,3,8,6,45.0,55.0,0,1,0,0,9,4
2019-11-09,Lanus,Banfield,0,1,2.01,3.15,3.91,2.05,3.27,4.16,Primera División,,20191109_Lanus_Banfield,135.9228863892099,1.72,1.07,4,2,10,2,54.9,45.1,3,1,0,0,5,7
2019-11-09,San Lorenzo,Argentinos Jrs,3,0,2.73,2.91,2.78,2.81,3.01,2.89,Primera División,,20191109_San-Lorenzo_Argentinos-Jrs,-69.10056071263148,1.2,1.56,6,7,15,14,54.9,45.1,1,2,0,0,12,6
2019-11-09,Union de Santa Fe,Atl. Tucuman,0,1,1.77,3.35,4.86,1.78,3.5,5.35,Primera División,,20191109_Union-de-Santa-Fe_Atl.-Tucuman,-8.986666827683848,2.15,0.73,5,3,10,7,43.4,56.6,1,3,0,0,4,5
2019-11-10,Aldosivi,Gimnasia L.P.,0,3,2.9,2.94,2.6,2.98,3.08,2.67,Primera División,,20191110_Aldosivi_Gimnasia-L.P.,14.308652761446638,0.42,2.43,3,7,7,15,45.7,54.3,4,1,0,0,7,2
2019-11-10,Central Cordoba,Patronato,3,2,2.2,3.01,3.55,2.23,3.13,3.75,Primera División,,20191110_Central-Cordoba_Patronato,6.814205256128616,1.62,0.59,6,2,15,5,48.0,52.0,4,3,0,0,13,4
2019-11-10,Newells Old Boys,Defensa y Justicia,2,0,2.24,2.93,3.57,2.35,3.0,3.63,Primera División,,20191110_Newells-Old-Boys_Defensa-y-Justicia,-35.00015748742567,2.56,1.14,8,3,18,5,44.0,56.0,2,2,0,0,8,5
2019-11-10,Racing Club,Huracan,1,0,1.72,3.39,5.31,1.76,3.4,5.72,Primera División,,20191110_Racing-Club_Huracan,120.40145335579473,0.38,1.38,1,5,2,12,53.7,46.3,2,1,0,0,2,6
2019-11-10,River Plate,Rosario Central,0,1,1.34,4.72,8.95,1.34,5.05,10.25,Primera División,,20191110_River-Plate_Rosario-Central,123.9743127617935,0.55,0.81,2,2,3,6,51.9,48.1,3,1,0,0,1,3
2019-11-10,Velez Sarsfield,Boca Juniors,0,0,2.78,2.95,2.69,2.85,3.1,2.77,Primera División,,20191110_Velez-Sarsfield_Boca-Juniors,-50.36583847584643,1.01,0.83,4,5,9,10,45.9,54.1,2,1,0,0,7,3
2019-11-23,Defensa y Justicia,Lanus,2,0,2.66,2.97,2.81,2.73,3.09,2.91,Primera División,,20191123_Defensa-y-Justicia_Lanus,-39.716311764733064,0.83,0.88,3,3,6,6,46.4,53.6,2,2,0,0,3,3
2019-11-23,Huracan,Central Cordoba,1,1,2.4,2.96,3.18,2.37,3.08,3.46,Primera División,,20191123_Huracan_Central-Cordoba,-17.940918703392526,1.32,0.33,6,1,11,4,50.7,49.3,2,2,0,0,7,2
2019-11-24,Atl. Tucuman,San Lorenzo,2,2,2.42,2.91,3.18,2.49,2.95,3.4,Primera División,,20191124_Atl.-Tucuman_San-Lorenzo,61.42088270609315,0.63,0.27,3,2,4,4,57.9,42.1,3,0,0,0,3,5
2019-11-24,Banfield,Velez Sarsfield,1,0,2.92,2.94,2.58,3.03,3.07,2.64,Primera División,,20191124_Banfield_Velez-Sarsfield,-95.2702957309557,0.82,1.25,2,4,7,9,44.2,55.8,2,2,0,0,4,4
2019-11-24,Boca Juniors,Union de Santa Fe,2,0,1.5,3.91,6.89,1.5,4.28,7.19,Primera División,,20191124_Boca-Juniors_Union-de-Santa-Fe,113.77847806563318,1.63,0.05,5,2,12,3,62.2,37.8,1,0,0,0,5,4
2019-11-24,Gimnasia L.P.,Arsenal Sarandi,0,1,2.13,3.36,3.29,2.17,3.53,3.44,Primera División,,20191124_Gimnasia-L.P._Arsenal-Sarandi,-70.4087507666136,0.94,1.26,2,3,5,7,44.6,55.4,1,2,1,0,6,4
2019-11-25,Colon Santa FE,Estudiantes L.P.,3,2,2.75,2.83,2.84,2.88,2.87,2.94,Primera División,,20191125_Colon-Santa-FE_Estudiantes-L.P.,-78.75214306680982,1.03,1.02,3,4,6,7,41.9,58.1,2,1,0,0,6,7
2019-11-25,Patronato,Godoy Cruz,0,2,1.63,3.67,5.5,1.61,3.91,6.19,Primera División,,20191125_Patronato_Godoy-Cruz,84.14004336822632,1.37,0.74,3,3,8,8,56.9,43.1,3,2,0,0,2,4
2019-11-25,Talleres Cordoba,Racing Club,3,3,2.84,2.82,2.76,2.98,2.92,2.8,Primera División,,20191125_Talleres-Cordoba_Racing-Club,-120.451882989453,0.68,1.76,3,4,7,7,46.6,53.4,1,1,0,0,7,9
2019-11-26,Argentinos Jrs,Newells Old Boys,1,0,2.35,2.86,3.38,2.44,2.96,3.48,Primera División,,20191126_Argentinos-Jrs_Newells-Old-Boys,-14.941130561644059,1.44,1.31,3,4,7,7,45.0,55.0,1,1,0,0,2,2
2019-11-26,Rosario Central,Aldosivi,5,1,1.53,3.76,6.65,1.53,3.93,7.52,Primera División,,20191126_Rosario-Central_Aldosivi,67.33602056735367,2.08,0.95,7,4,14,8,49.3,50.7,2,1,0,0,10,5
2019-11-29,Banfield,Gimnasia L.P.,1,1,1.92,3.19,4.22,1.97,3.33,4.36,Primera División,,20191129_Banfield_Gimnasia-L.P.,62.787644611091764,0.75,0.79,3,2,8,5,47.6,52.4,2,1,0,0,5,4
2019-11-30,Boca Juniors,Argentinos Jrs,1,1,1.63,3.57,5.73,1.64,3.72,6.29,Primera División,,20191130_Boca-Juniors_Argentinos-Jrs,98.13331719173766,0.93,0.66,3,3,8,8,46.7,53.3,4,1,0,0,2,6
2019-11-30,Estudiantes L.P.,Atl. Tucuman,1,1,1.85,3.24,4.55,1.88,3.34,4.94,Primera División,,20191130_Estudiantes-L.P._Atl.-Tucuman,-23.646462892672844,0.87,0.27,3,1,6,2,49.0,51.0,3,0,0,0,2,2
2019-11-30,Racing Club,Defensa y Justicia,1,1,2.3,3.08,3.24,2.38,3.19,3.27,Primera División,,20191130_Racing-Club_Defensa-y-Justicia,66.25783665843846,1.87,1.13,7,4,16,8,43.7,56.3,3,3,0,0,5,4
2019-12-01,Godoy Cruz,Talleres Cordoba,0,5,3.47,3.23,2.12,3.72,3.31,2.16,Primera División,,20191201_Godoy-Cruz_Talleres-Cordoba,-101.64354060807386,1.77,1.31,5,5,11,13,49.7,50.3,1,3,0,0,3,4
2019-12-01,Newells Old Boys,River Plate,2,3,3.96,3.24,1.97,4.18,3.35,2.02,Primera División,,20191201_Newells-Old-Boys_River-Plate,-68.27444425475255,0.39,1.0,2,3,6,6,47.7,52.3,1,2,0,0,4,2
2019-12-01,San Lorenzo,Patronato,2,0,1.76,3.44,4.77,1.77,3.62,5.12,Primera División,,20191201_San-Lorenzo_Patronato,18.209098757623224,1.34,0.05,6,0,15,0,49.9,50.1,1,1,0,0,9,2
2019-12-01,Velez Sarsfield,Colon Santa FE,3,1,1.63,3.54,5.78,1.63,3.76,6.22,Primera División,,20191201_Velez-Sarsfield_Colon-Santa-FE,94.44060373483921,0.98,1.25,3,4,4,7,45.7,54.3,3,3,0,0,8,1
2019-12-02,Aldosivi,Independiente,0,0,4.76,3.43,1.76,5.04,3.63,1.78,Primera División,,20191202_Aldosivi_Independiente,-126.91384299731908,0.74,0.63,3,1,7,1,43.4,56.6,2,1,0,0,2,1
2019-12-02,Arsenal Sarandi,Lanus,1,1,2.86,3.28,2.41,3.0,3.43,2.43,Primera División,,20191202_Arsenal-Sarandi_Lanus,-47.58585222084889,1.1,0.8,1,4,3,8,46.9,53.1,2,0,0,0,2,4
2019-12-02,Central Cordoba,Rosario Central,1,1,2.87,2.99,2.58,2.97,3.09,2.67,Primera División,,20191202_Central-Cordoba_Rosario-Central,-0.5702087072397717,1.21,1.08,2,2,3,4,48.2,51.8,1,1,0,0,4,1
2019-12-03,Union de Santa Fe,Huracan,1,0,1.88,3.16,4.51,1.92,3.25,4.88,Primera División,,20191203_Union-de-Santa-Fe_Huracan,9.087113096672738,0.67,1.32,2,4,4,9,54.8,45.2,1,1,0,0,4,3
2019-12-06,Colon Santa FE,Aldosivi,0,2,1.72,3.39,5.18,1.73,3.53,5.68,Primera División,,20191206_Colon-Santa-FE_Aldosivi,30.96316641546673,0.6,0.68,3,2,7,5,42.3,57.7,0,0,0,0,4,2
2019-12-07,Atl. Tucuman,Newells Old Boys,2,2,2.56,2.95,2.95,2.63,3.04,3.07,Primera División,,20191207_Atl.-Tucuman_Newells-Old-Boys,25.363001672641758,0.76,1.3,2,3,4,8,43.5,56.5,1,1,0,0,1,2
2019-12-07,Huracan,Arsenal Sarandi,0,2,2.96,2.98,2.53,3.07,3.05,2.62,Primera División,,20191207_Huracan_Arsenal-Sarandi,-44.24234480251539,0.66,1.03,3,3,6,8,47.2,52.8,2,2,0,0,6,4
2019-12-07,Independiente,Banfield,0,1,2.19,2.92,3.71,2.24,3.0,3.92,Primera División,,20191207_Independiente_Banfield,51.29188983047061,0.89,0.84,3,3,6,3,55.1,44.9,3,2,0,0,0,3
2019-12-07,Talleres Cordoba,Union de Santa Fe,0,0,2.06,3.11,3.84,2.07,3.19,4.2,Primera División,,20191207_Talleres-Cordoba_Union-de-Santa-Fe,7.145206561081977,0.64,0.49,1,0,3,1,53.6,46.4,2,0,0,0,1,4
2019-12-08,Defensa y Justicia,Godoy Cruz,2,0,1.34,4.72,8.99,1.36,4.82,10.04,Primera División,,20191208_Defensa-y-Justicia_Godoy-Cruz,158.68245596660995,1.57,0.38,4,3,9,5,60.0,40.0,3,0,0,0,8,5
2019-12-08,Gimnasia L.P.,Central Cordoba,2,1,1.84,3.32,4.46,1.88,3.36,4.83,Primera División,,20191208_Gimnasia-L.P._Central-Cordoba,-73.26491056538794,1.3,1.8,4,6,9,13,42.6,57.4,0,0,0,0,5,8
2019-12-08,Lanus,Racing Club,1,0,2.28,3.16,3.19,2.36,3.25,3.29,Primera División,,20191208_Lanus_Racing-Club,-52.64537940252808,1.63,1.21,5,3,10,7,38.2,61.8,3,1,0,0,1,3
2019-12-08,Rosario Central,Boca Juniors,1,0,3.28,3.02,2.32,3.4,3.14,2.37,Primera División,,20191208_Rosario-Central_Boca-Juniors,-118.7201869144501,1.92,1.08,6,4,12,10,46.9,53.1,4,0,0,0,9,4
2019-12-09,Patronato,Velez Sarsfield,0,1,4.18,3.11,1.97,4.45,3.23,2.0,Primera División,,20191209_Patronato_Velez-Sarsfield,-117.00936780036386,0.68,1.06,2,4,4,8,45.2,54.8,2,1,0,0,5,1
2019-12-09,River Plate,San Lorenzo,0,1,1.31,5.16,9.37,1.31,5.32,10.91,Primera División,,20191209_River-Plate_San-Lorenzo,107.28961087875905,0.53,1.08,2,5,4,11,53.4,46.6,3,0,0,0,5,4
2019-12-10,Argentinos Jrs,Estudiantes L.P.,1,1,2.3,2.88,3.49,2.37,2.95,3.66,Primera División,,20191210_Argentinos-Jrs_Estudiantes-L.P.,19.71670303537553,0.59,1.35,3,3,7,8,43.1,56.9,1,1,1,0,3,6
2019-12-13,Arsenal Sarandi,Colon Santa FE,2,1,1.63,3.8,5.25,1.65,3.91,5.6,Primera División,,20191213_Arsenal-Sarandi_Colon-Santa-FE,90.41042499738387,0.96,1.22,4,3,9,7,49.1,50.9,0,2,0,0,5,3
2019-12-13,Independiente,Newells Old Boys,2,3,2.16,2.94,3.79,2.22,2.86,4.17,Primera División,,20191213_Independiente_Newells-Old-Boys,17.233119304715274,0.35,1.78,2,5,3,11,44.7,55.3,1,1,0,0,3,6
2020-01-19,Independiente,River Plate,1,2,3.82,3.43,1.94,3.95,3.61,1.97,Primera División,,20200119_Independiente_River-Plate,-66.51295904559652,1.11,1.02,2,2,5,4,49.4,50.6,2,1,0,0,3,6
2020-01-24,Aldosivi,Lanus,2,0,3.9,3.19,2.01,4.11,3.23,2.06,Primera División,,20200124_Aldosivi_Lanus,-142.8839030168117,1.95,0.05,7,1,16,1,52.6,47.4,2,2,0,0,4,1
2020-01-24,Gimnasia L.P.,Velez Sarsfield,0,0,3.12,2.98,2.43,3.23,3.01,2.51,Primera División,,20200124_Gimnasia-L.P._Velez-Sarsfield,-127.91907150237671,1.55,0.73,5,2,9,5,46.1,53.9,2,1,0,0,6,4
2020-01-25,Arsenal Sarandi,Newells Old Boys,1,1,2.64,3.19,2.67,2.76,3.23,2.72,Primera División,,20200125_Arsenal-Sarandi_Newells-Old-Boys,17.13300481206352,0.51,0.8,2,2,3,3,49.8,50.2,1,1,0,0,6,3
2020-01-25,Central Cordoba,Colon Santa FE,1,0,2.14,2.91,3.88,2.17,2.95,4.16,Primera División,,20200125_Central-Cordoba_Colon-Santa-FE,58.5488958459689,0.93,1.06,2,3,6,6,51.2,48.8,2,2,0,0,3,3
2020-01-25,Rosario Central,Huracan,2,1,1.65,3.5,5.68,1.67,3.55,6.19,Primera División,,20200125_Rosario-Central_Huracan,55.36753772741804,0.69,0.51,3,1,6,2,42.2,57.8,2,3,0,0,4,4
2020-01-25,San Lorenzo,Estudiantes L.P.,1,1,2.78,2.75,2.9,2.9,2.78,2.99,Primera División,,20200125_San-Lorenzo_Estudiantes-L.P.,-8.10714839087018,1.5,0.83,5,4,11,10,57.8,42.2,2,1,0,0,6,6
2020-01-25,Union de Santa Fe,Argentinos Jrs,1,0,2.49,2.86,3.15,2.62,2.86,3.25,Primera División,,20200125_Union-de-Santa-Fe_Argentinos-Jrs,-22.74386385847606,1.41,0.74,5,3,13,7,54.4,45.6,1,1,0,0,8,2
2020-01-26,Banfield,Patronato,3,3,1.75,3.4,5.0,1.78,3.47,5.27,Primera División,,20200126_Banfield_Patronato,63.06211073844429,0.94,1.58,5,6,9,14,53.7,46.3,3,3,0,0,8,5
2020-01-26,Defensa y Justicia,Talleres Cordoba,4,1,2.48,2.82,3.23,2.54,2.88,3.34,Primera División,,20200126_Defensa-y-Justicia_Talleres-Cordoba,46.984337481526154,0.86,1.14,4,5,10,12,58.0,42.0,4,0,0,0,11,2
2020-01-26,Godoy Cruz,River Plate,0,1,11.1,5.56,1.25,11.93,5.95,1.26,Primera División,,20200126_Godoy-Cruz_River-Plate,-200.9047020326484,0.39,0.05,1,1,3,2,44.1,55.9,2,1,0,0,5,1
2020-01-26,Racing Club,Atl. Tucuman,1,1,1.76,3.28,5.16,1.78,3.34,5.59,Primera División,,20200126_Racing-Club_Atl.-Tucuman,69.84754544043494,0.96,0.5,3,2,8,1,57.6,42.4,2,2,0,0,5,3
2020-01-27,Boca Juniors,Independiente,0,0,2.02,3.11,4.0,2.07,3.22,4.09,Primera División,,20200127_Boca-Juniors_Independiente,102.86292345708375,0.96,0.15,4,0,8,0,51.6,48.4,0,4,1,0,1,0
2020-01-31,Velez Sarsfield,Aldosivi,1,1,1.45,3.89,8.0,1.47,4.03,8.78,Primera División,,20200131_Velez-Sarsfield_Aldosivi,117.17107814719816,1.31,0.46,4,1,8,1,55.6,44.4,0,1,0,0,3,0
2020-02-01,Atl. Tucuman,Defensa y Justicia,1,1,2.61,2.99,2.87,2.78,3.08,2.82,Primera División,,20200201_Atl.-Tucuman_Defensa-y-Justicia,-36.7941061442591,1.51,1.48,4,5,8,12,50.2,49.8,5,4,0,0,7,5
2020-02-01,Estudiantes L.P.,Union de Santa Fe,3,1,1.83,3.17,4.86,1.83,3.27,5.38,Primera División,,20200201_Estudiantes-L.P._Union-de-Santa-Fe,-8.676703005685567,1.06,0.05,6,1,13,3,52.5,47.5,0,0,0,0,10,4
2020-02-01,Huracan,Gimnasia L.P.,1,1,3.17,2.88,2.47,3.31,2.9,2.54,Primera División,,20200201_Huracan_Gimnasia-L.P.,5.550049987778493,0.05,1.41,1,4,1,9,49.2,50.8,1,2,0,0,1,5
2020-02-01,Independiente,Rosario Central,5,0,1.86,3.26,4.53,1.82,3.47,4.94,Primera División,,20200201_Independiente_Rosario-Central,-22.689915577730062,0.76,0.17,5,2,11,4,46.2,53.8,0,1,0,0,7,4
2020-02-02,Argentinos Jrs,Racing Club,1,1,2.7,2.91,2.84,2.8,2.91,2.95,Primera División,,20200202_Argentinos-Jrs_Racing-Club,-82.35614929205462,1.41,0.53,4,4,9,10,50.1,49.9,4,0,1,0,5,12
2020-02-02,Colon Santa FE,Banfield,0,1,2.92,2.81,2.7,3.09,2.81,2.78,Primera División,,20200202_Colon-Santa-FE_Banfield,-79.87568800779218,0.05,1.26,0,3,1,6,44.8,55.2,0,3,0,0,4,4
2020-02-02,Lanus,Godoy Cruz,2,0,1.39,4.53,7.94,1.4,4.63,9.01,Primera División,,20200202_Lanus_Godoy-Cruz,177.5171163441039,1.24,1.77,4,5,7,9,55.8,44.2,2,2,0,0,7,4
2020-02-02,River Plate,Central Cordoba,2,0,1.21,6.1,13.43,1.2,6.6,16.97,Primera División,,20200202_River-Plate_Central-Cordoba,96.65403046958318,1.16,0.83,3,2,6,5,49.9,50.1,2,1,0,1,4,3
2020-02-03,Patronato,Arsenal Sarandi,2,2,2.48,3.21,2.83,2.6,3.31,2.83,Primera División,,20200203_Patronato_Arsenal-Sarandi,-96.5852548550024,1.22,1.39,6,4,16,6,44.8,55.2,3,3,0,1,5,5
2020-02-03,Talleres Cordoba,Boca Juniors,1,2,3.08,3.12,2.36,3.15,3.27,2.4,Primera División,,20200203_Talleres-Cordoba_Boca-Juniors,-99.28821717005212,0.12,2.53,1,7,3,15,46.9,53.1,3,1,0,1,4,8
2020-02-04,Newells Old Boys,San Lorenzo,1,0,1.93,3.25,4.18,1.95,3.33,4.46,Primera División,,20200204_Newells-Old-Boys_San-Lorenzo,17.859917684811535,1.29,1.25,4,5,7,10,52.4,47.6,2,1,0,0,7,5
2020-02-07,Aldosivi,Central Cordoba,0,2,2.48,2.84,3.21,2.54,2.88,3.35,Primera División,,20200207_Aldosivi_Central-Cordoba,-35.1097599236673,1.21,1.29,3,5,6,11,53.4,46.6,0,1,0,0,3,6
2020-02-08,Argentinos Jrs,Lanus,0,0,2.86,2.84,2.73,3.04,2.78,2.84,Primera División,,20200208_Argentinos-Jrs_Lanus,-46.58537804185562,0.82,0.05,0,0,0,0,47.6,52.4,1,1,0,0,0,3
2020-02-08,Banfield,Rosario Central,1,1,2.4,2.91,3.23,2.54,2.94,3.26,Primera División,,20200208_Banfield_Rosario-Central,-7.674689573223759,0.66,0.55,1,1,3,3,47.5,52.5,1,2,0,0,0,2
2020-02-08,Defensa y Justicia,Colon Santa FE,0,0,1.62,3.65,5.61,1.63,3.9,5.9,Primera División,,20200208_Defensa-y-Justicia_Colon-Santa-FE,159.38269949697292,0.27,1.19,0,4,0,9,50.2,49.8,2,0,0,0,5,2
2020-02-08,Gimnasia L.P.,Patronato,1,1,1.99,3.06,4.17,2.03,3.08,4.53,Primera División,,20200208_Gimnasia-L.P._Patronato,4.313313219497786,1.22,1.4,3,4,7,10,49.3,50.7,1,2,0,0,2,5
2020-02-08,Newells Old Boys,Estudiantes L.P.,0,0,2.16,3.04,3.62,2.26,2.92,3.92,Primera División,,20200208_Newells-Old-Boys_Estudiantes-L.P.,9.396752294512225,0.84,0.43,1,1,1,3,46.5,53.5,2,1,0,0,5,3
2020-02-09,Boca Juniors,Atl. Tucuman,2,0,1.27,5.49,10.54,1.26,6.12,11.49,Primera División,,20200209_Boca-Juniors_Atl.-Tucuman,75.7189221270155,1.6,0.75,5,2,13,4,55.3,44.7,1,2,0,0,7,5
2020-02-09,Racing Club,Independiente,1,0,2.77,2.95,2.71,2.9,2.94,2.82,Primera División,,20200209_Racing-Club_Independiente,77.14574386809932,1.45,0.4,6,0,13,2,62.5,37.5,3,2,0,0,7,5
2020-02-09,San Lorenzo,Velez Sarsfield,1,0,2.82,2.81,2.8,2.95,2.87,2.84,Primera División,,20200209_San-Lorenzo_Velez-Sarsfield,-71.54431258951627,1.16,0.07,5,1,11,1,44.5,55.5,2,1,1,0,9,2
2020-02-10,Arsenal Sarandi,Talleres Cordoba,1,1,2.19,3.35,3.19,2.23,3.49,3.29,Primera División,,20200210_Arsenal-Sarandi_Talleres-Cordoba,39.514735433434225,0.86,1.62,2,4,2,9,47.3,52.7,0,2,0,0,1,6
2020-02-10,Union de Santa Fe,River Plate,1,2,5.86,3.7,1.59,6.19,3.86,1.61,Primera División,,20200210_Union-de-Santa-Fe_River-Plate,-96.11985981626594,1.13,1.24,4,3,5,6,42.8,57.2,4,1,0,0,3,2
2020-02-11,Godoy Cruz,Huracan,2,1,2.62,2.89,2.93,2.73,2.88,3.06,Primera División,,20200211_Godoy-Cruz_Huracan,-77.401959328261,0.95,0.05,2,1,4,1,48.5,51.5,0,2,0,0,2,6
2020-02-14,Patronato,Union de Santa Fe,1,0,2.79,2.92,2.74,2.96,2.91,2.79,Primera División,,20200214_Patronato_Union-de-Santa-Fe,-54.535323071533185,1.43,0.5,4,2,9,4,48.5,51.5,1,3,0,0,7,3
2020-02-15,Atl. Tucuman,Argentinos Jrs,0,2,3.16,2.93,2.45,3.32,2.94,2.51,Primera División,,20200215_Atl.-Tucuman_Argentinos-Jrs,4.718429378310475,0.68,0.64,1,2,4,5,52.2,47.8,1,1,0,0,3,1
2020-02-15,Colon Santa FE,Racing Club,1,1,3.12,2.98,2.43,3.19,3.02,2.53,Primera División,,20200215_Colon-Santa-FE_Racing-Club,-190.37866612510174,1.02,1.27,3,5,6,12,41.3,58.7,2,1,0,0,4,5
2020-02-15,Huracan,Aldosivi,0,2,2.55,2.82,3.1,2.66,2.87,3.16,Primera División,,20200215_Huracan_Aldosivi,-4.670766462363645,1.43,1.01,4,4,9,7,48.3,51.7,1,1,0,0,10,5
2020-02-15,Rosario Central,Gimnasia L.P.,1,0,2.0,3.17,3.94,2.04,3.26,4.13,Primera División,,20200215_Rosario-Central_Gimnasia-L.P.,68.03467717497415,0.75,0.05,2,1,7,3,50.1,49.9,0,2,0,0,4,3
2020-02-16,Lanus,Newells Old Boys,1,1,2.37,2.87,3.37,2.4,2.95,3.52,Primera División,,20200216_Lanus_Newells-Old-Boys,32.25814308129202,0.78,1.24,1,5,1,12,48.5,51.5,5,0,0,0,4,3
2020-02-16,River Plate,Banfield,1,0,1.35,4.71,8.59,1.36,4.87,9.72,Primera División,,20200216_River-Plate_Banfield,103.27439961941172,0.71,1.32,4,6,7,15,57.4,42.6,2,2,1,0,3,5
2020-02-16,Talleres Cordoba,San Lorenzo,1,0,2.16,3.05,3.62,2.25,3.01,3.81,Primera División,,20200216_Talleres-Cordoba_San-Lorenzo,-10.651027021501704,1.15,0.68,3,0,8,0,47.6,52.4,2,1,1,0,4,2
2020-02-17,Central Cordoba,Boca Juniors,0,4,4.32,3.2,1.9,4.59,3.21,1.97,Primera División,,20200217_Central-Cordoba_Boca-Juniors,-120.38772950878342,0.9,0.92,3,4,4,8,52.9,47.1,0,0,0,0,2,4
2020-02-17,Estudiantes L.P.,Defensa y Justicia,1,2,2.37,2.77,3.53,2.42,2.82,3.68,Primera División,,20200217_Estudiantes-L.P._Defensa-y-Justicia,-40.87648627542421,1.04,0.05,4,2,8,2,46.9,53.1,0,3,0,0,5,4
2020-02-18,Independiente,Arsenal Sarandi,1,1,2.14,3.32,3.38,2.21,3.36,3.44,Primera División,,20200218_Independiente_Arsenal-Sarandi,-22.760310459871107,1.4,1.32,5,4,10,9,47.2,52.8,1,3,0,0,8,4
2020-02-21,Banfield,Aldosivi,0,1,1.78,3.26,5.03,1.83,3.32,5.22,Primera División,,20200221_Banfield_Aldosivi,45.16043253079306,1.24,0.44,3,1,6,1,49.2,50.8,0,0,0,0,6,2
2020-02-22,Argentinos Jrs,Patronato,1,1,1.91,3.21,4.34,1.97,3.23,4.51,Primera División,,20200222_Argentinos-Jrs_Patronato,75.45877671452058,1.63,0.97,3,3,7,4,45.7,54.3,1,2,0,0,3,1
2020-02-22,Independiente,Gimnasia L.P.,0,1,1.93,3.26,4.15,1.95,3.35,4.43,Primera División,,20200222_Independiente_Gimnasia-L.P.,72.26124630060326,0.92,0.77,2,2,4,4,51.8,48.2,0,3,0,0,4,5
2020-02-22,San Lorenzo,Racing Club,0,1,2.72,2.91,2.8,2.86,2.87,2.93,Primera División,,20200222_San-Lorenzo_Racing-Club,-105.66805330777743,0.05,1.16,0,2,0,5,40.2,59.8,1,1,0,0,5,8
2020-02-23,Arsenal Sarandi,Velez Sarsfield,0,4,2.96,3.01,2.5,3.04,3.15,2.54,Primera División,,20200223_Arsenal-Sarandi_Velez-Sarsfield,-17.310050841169414,1.29,2.09,3,9,9,20,49.7,50.3,3,1,0,0,3,9
2020-02-23,Atl. Tucuman,Lanus,2,2,3.8,3.34,1.98,3.87,3.45,2.04,Primera División,,20200223_Atl.-Tucuman_Lanus,-49.72008438653802,2.38,1.29,8,3,18,5,51.3,48.7,1,0,0,0,10,4
2020-02-23,Boca Juniors,Godoy Cruz,3,0,1.15,7.47,16.67,1.16,8.79,15.62,Primera División,,20200223_Boca-Juniors_Godoy-Cruz,237.89388178956278,1.0,1.15,3,5,6,12,57.3,42.7,2,3,0,1,7,7
2020-02-23,Newells Old Boys,Colon Santa FE,4,0,1.65,3.48,5.68,1.69,3.59,5.84,Primera División,,20200223_Newells-Old-Boys_Colon-Santa-FE,112.07979738965173,1.26,2.04,6,5,11,10,53.2,46.8,3,2,1,0,10,8
2020-02-24,Defensa y Justicia,Rosario Central,3,0,2.14,2.98,3.79,2.21,3.0,3.93,Primera División,,20200224_Defensa-y-Justicia_Rosario-Central,49.285996539260395,0.87,1.14,4,3,9,6,50.9,49.1,1,2,0,0,3,7
2020-02-24,Estudiantes L.P.,River Plate,0,2,4.91,3.44,1.74,5.23,3.63,1.74,Primera División,,20200224_Estudiantes-L.P._River-Plate,-107.76432291032438,0.88,1.16,4,3,9,6,46.1,53.9,1,0,1,0,6,5
2020-02-25,Talleres Cordoba,Huracan,4,2,1.69,3.49,5.32,1.7,3.6,5.66,Primera División,,20200225_Talleres-Cordoba_Huracan,81.28073635427677,2.04,0.92,4,3,9,7,47.4,52.6,0,2,0,0,7,3
2020-02-25,Union de Santa Fe,Central Cordoba,0,0,2.04,3.13,3.85,2.09,3.2,4.02,Primera División,,20200225_Union-de-Santa-Fe_Central-Cordoba,-7.396689844060347,0.05,1.68,0,5,1,11,48.0,52.0,1,3,0,0,2,6
2020-02-28,Racing Club,Newells Old Boys,1,1,2.34,2.96,3.31,2.42,2.94,3.49,Primera División,,20200228_Racing-Club_Newells-Old-Boys,66.5242782938833,0.56,0.77,3,3,5,3,47.6,52.4,2,1,0,0,4,3
2020-02-29,Colon Santa FE,Boca Juniors,0,4,6.79,3.71,1.54,7.13,3.97,1.54,Primera División,,20200229_Colon-Santa-FE_Boca-Juniors,-220.25225473215778,0.91,1.69,3,5,7,10,45.3,54.7,2,2,0,0,3,6
2020-02-29,Gimnasia L.P.,Atl. Tucuman,1,0,1.83,3.36,4.55,1.81,3.54,4.86,Primera División,,20200229_Gimnasia-L.P._Atl.-Tucuman,-62.62912895296722,0.91,1.62,1,5,2,12,57.4,42.6,3,2,0,0,3,7
2020-02-29,River Plate,Defensa y Justicia,1,1,1.37,4.67,8.2,1.36,5.12,9.0,Primera División,,20200229_River-Plate_Defensa-y-Justicia,43.78237034487506,0.69,0.63,1,3,3,7,39.2,60.8,1,1,0,0,3,2
2020-03-01,Aldosivi,San Lorenzo,1,3,2.76,2.82,2.87,2.87,2.79,3.01,Primera División,,20200301_Aldosivi_San-Lorenzo,-16.838174071786852,1.1,1.26,2,3,5,5,49.6,50.4,0,1,0,0,2,2
2020-03-01,Central Cordoba,Banfield,1,1,2.48,2.87,3.18,2.54,2.89,3.34,Primera División,,20200301_Central-Cordoba_Banfield,4.988447530013445,0.05,0.57,1,4,4,8,51.6,48.4,5,4,0,0,2,11
2020-03-01,Godoy Cruz,Union de Santa Fe,1,3,3.09,3.02,2.43,3.16,3.04,2.53,Primera División,,20200301_Godoy-Cruz_Union-de-Santa-Fe,-99.22850378052567,0.25,0.83,1,3,2,5,50.6,49.4,2,2,0,0,4,4
2020-03-01,Lanus,Estudiantes L.P.,1,1,2.14,3.04,3.73,2.21,3.09,3.79,Primera División,,20200301_Lanus_Estudiantes-L.P.,57.176885771737034,1.29,0.06,4,1,10,3,50.6,49.4,3,2,0,0,8,2
2020-03-01,Rosario Central,Arsenal Sarandi,3,1,1.93,3.38,3.97,1.95,3.49,4.19,Primera División,,20200301_Rosario-Central_Arsenal-Sarandi,-4.963827530135632,1.72,1.03,6,6,13,11,53.7,46.3,3,3,0,0,9,7
2020-03-02,Patronato,Talleres Cordoba,3,2,2.9,3.1,2.5,2.99,3.17,2.56,Primera División,,20200302_Patronato_Talleres-Cordoba,-56.951573288740974,1.6,2.05,5,6,10,14,45.8,54.2,5,3,0,0,7,3
2020-03-02,Velez Sarsfield,Argentinos Jrs,2,0,1.88,3.17,4.59,1.94,3.19,4.78,Primera División,,20200302_Velez-Sarsfield_Argentinos-Jrs,29.73887237948429,1.87,0.9,6,2,11,2,59.3,40.7,2,1,0,0,4,3
2020-03-03,Huracan,Independiente,1,0,3.75,2.99,2.16,4.05,3.0,2.18,Primera División,,20200303_Huracan_Independiente,-78.51686296477487,0.24,0.05,1,0,4,1,46.6,53.4,0,1,0,0,6,6
2020-03-04,Velez Sarsfield,Godoy Cruz,0,1,1.29,5.19,10.34,1.29,5.51,11.24,Primera División,,20200304_Velez-Sarsfield_Godoy-Cruz,194.4442602994152,1.04,1.34,4,4,7,9,52.3,47.7,2,1,0,0,1,4
2020-03-06,Arsenal Sarandi,Aldosivi,4,0,1.96,3.4,3.86,2.02,3.51,3.87,Primera División,,20200306_Arsenal-Sarandi_Aldosivi,50.87047464763373,1.64,0.11,5,0,10,1,56.5,43.5,0,3,0,0,9,3
2020-03-07,Argentinos Jrs,Rosario Central,2,1,2.39,2.94,3.24,2.46,2.96,3.39,Primera División,,20200307_Argentinos-Jrs_Rosario-Central,-7.806531314282438,0.42,0.9,2,3,4,8,47.2,52.8,2,2,0,0,2,6
2020-03-07,Banfield,Huracan,0,3,1.99,3.08,4.2,2.05,3.12,4.35,Primera División,,20200307_Banfield_Huracan,54.705942936559495,0.71,0.9,3,5,6,12,56.0,44.0,2,1,0,0,3,9
2020-03-07,Defensa y Justicia,Patronato,2,0,1.77,3.49,4.62,1.81,3.63,4.74,Primera División,,20200307_Defensa-y-Justicia_Patronato,112.44517568901188,1.43,0.43,4,0,9,1,48.5,51.5,1,3,0,0,5,1
2020-03-08,Atl. Tucuman,River Plate,1,1,7.18,4.7,1.4,7.48,5.11,1.4,Primera División,,20200308_Atl.-Tucuman_River-Plate,-126.31778768288996,1.36,1.52,5,5,11,10,49.7,50.3,1,4,0,0,10,3
2020-03-08,Boca Juniors,Gimnasia L.P.,1,0,1.51,4.02,6.49,1.51,4.21,6.97,Primera División,,20200308_Boca-Juniors_Gimnasia-L.P.,171.6529070444053,2.43,0.45,8,1,14,2,56.0,44.0,2,2,0,0,9,2
2020-03-08,Independiente,Central Cordoba,3,0,1.71,3.55,4.98,1.75,3.6,5.26,Primera División,,20200308_Independiente_Central-Cordoba,-10.166229420462969,1.15,0.33,3,0,5,3,49.4,50.6,1,0,0,0,2,7
2020-03-08,San Lorenzo,Lanus,4,3,2.91,3.07,2.51,3.04,3.13,2.55,Primera División,,20200308_San-Lorenzo_Lanus,-62.75819756601709,1.9,1.38,5,4,11,9,44.5,55.5,2,2,0,0,9,6
2020-03-09,Newells Old Boys,Godoy Cruz,0,2,1.39,4.48,8.11,1.38,4.6,9.78,Primera División,,20200309_Newells-Old-Boys_Godoy-Cruz,148.80760159211627,0.85,1.31,3,6,7,13,50.8,49.2,1,1,0,0,7,3
2020-03-09,Talleres Cordoba,Colon Santa FE,2,0,1.58,3.64,6.32,1.58,3.83,6.68,Primera División,,20200309_Talleres-Cordoba_Colon-Santa-FE,95.64136800061692,0.56,0.63,3,3,7,7,53.8,46.2,4,3,0,0,4,6
2020-03-09,Union de Santa Fe,Velez Sarsfield,0,3,3.23,2.8,2.5,3.38,2.8,2.59,Primera División,,20200309_Union-de-Santa-Fe_Velez-Sarsfield,-59.79707299450456,0.2,2.27,0,7,2,15,45.2,54.8,1,1,0,0,2,4
2020-03-10,Estudiantes L.P.,Racing Club,1,2,2.4,2.93,3.24,2.48,3.01,3.28,Primera División,,20200310_Estudiantes-L.P._Racing-Club,-99.40123937866997,2.12,1.23,6,3,12,8,47.4,52.6,1,2,0,0,9,3
2020-10-30,Gimnasia L.P.,Patronato,3,0,1.9,3.15,4.95,1.91,3.16,4.83,Primera División,,20201030_Gimnasia-L.P._Patronato,-5.71223824804315,1.19,0.37,6,1,13,4,45.5,54.5,2,0,0,0,9,1
2020-10-31,Aldosivi,Estudiantes L.P.,0,0,3.36,2.94,2.22,3.68,2.93,2.19,Primera División,,20201031_Aldosivi_Estudiantes-L.P.,-50.76955958241297,0.77,0.77,2,2,5,5,50.0,50.0,2,0,0,0,5,3
2020-10-31,Argentinos Jrs,San Lorenzo,0,0,2.52,2.89,2.89,2.62,2.93,3.12,Primera División,,20201031_Argentinos-Jrs_San-Lorenzo,20.892299999409033,0.81,0.05,3,0,5,1,56.6,43.4,1,1,0,0,2,2
2020-10-31,Talleres Cordoba,Newells Old Boys,3,1,2.84,2.99,2.45,3.14,3.18,2.43,Primera División,,20201031_Talleres-Cordoba_Newells-Old-Boys,-14.870504068218679,0.37,0.05,3,1,6,2,45.5,54.5,1,0,0,0,0,3
2020-10-31,Velez Sarsfield,Huracan,1,1,1.7,3.23,5.25,1.78,3.31,5.45,Primera División,,20201031_Velez-Sarsfield_Huracan,117.17719099773376,1.36,0.37,4,1,7,1,52.8,47.2,1,5,0,0,2,4
2020-11-01,Central Cordoba,Independiente,0,1,2.72,2.93,2.67,2.88,2.91,2.83,Primera División,,20201101_Central-Cordoba_Independiente,-14.535828474964092,1.14,1.0,3,4,8,8,47.6,52.4,1,1,0,0,4,4
2020-11-01,Defensa y Justicia,Colon Santa FE,0,3,1.82,3.39,4.11,1.84,3.52,4.55,Primera División,,20201101_Defensa-y-Justicia_Colon-Santa-FE,196.05826572190676,0.48,1.66,0,5,1,11,54.9,45.1,0,0,0,1,1,6
2020-11-01,Lanus,Boca Juniors,1,2,5.38,3.88,1.56,5.98,4.18,1.55,Primera División,,20201101_Lanus_Boca-Juniors,-99.46732401741315,0.66,2.0,3,7,8,14,42.5,57.5,1,1,0,0,9,7
2020-11-01,Racing Club,Atl. Tucuman,1,4,1.42,4.16,7.18,1.44,4.45,7.54,Primera División,,20201101_Racing-Club_Atl.-Tucuman,109.10756986759225,2.06,0.9,7,4,16,9,53.3,46.7,1,2,0,0,7,6
2020-11-01,Union de Santa Fe,Arsenal Sarandi,0,0,2.86,2.94,2.51,3.13,2.95,2.6,Primera División,,20201101_Union-de-Santa-Fe_Arsenal-Sarandi,-34.83792309665978,1.26,0.67,3,2,6,4,35.8,64.2,1,1,0,0,3,4
2020-11-03,Rosario Central,Godoy Cruz,2,1,1.8,3.47,4.12,1.81,3.66,4.49,Primera División,,20201103_Rosario-Central_Godoy-Cruz,103.35213820668992,1.23,0.43,5,1,10,0,55.9,44.1,4,1,1,0,6,5
2020-11-04,River Plate,Banfield,1,3,1.33,4.66,9.49,1.32,4.87,11.52,Primera División,,20201104_River-Plate_Banfield,150.30456978549614,1.22,2.01,3,5,9,10,59.4,40.6,3,1,0,0,1,3
2020-11-06,Patronato,Huracan,1,2,2.32,2.91,3.25,2.37,3.04,3.4,Primera División,,20201106_Patronato_Huracan,3.8795956411088355,1.07,0.66,3,3,8,8,43.9,56.1,4,1,0,0,4,3
2020-11-07,Argentinos Jrs,Aldosivi,0,1,1.63,3.45,5.67,1.66,3.53,6.13,Primera División,,20201107_Argentinos-Jrs_Aldosivi,82.50613983571156,0.56,0.31,2,2,6,5,51.7,48.3,0,1,0,0,0,3
2020-11-07,Banfield,Godoy Cruz,1,0,1.75,3.51,4.48,1.79,3.66,4.61,Primera División,,20201107_Banfield_Godoy-Cruz,86.5697260243719,1.7,1.11,6,3,12,6,56.3,43.7,0,0,0,0,8,4
2020-11-07,San Lorenzo,Estudiantes L.P.,2,0,2.78,2.9,2.66,3.01,2.94,2.7,Primera División,,20201107_San-Lorenzo_Estudiantes-L.P.,15.768018646606151,1.24,0.92,6,3,14,6,46.3,53.7,3,2,0,0,3,5
2020-11-08,Arsenal Sarandi,Atl. Tucuman,1,2,2.17,3.2,3.25,,,,Primera División,,20201108_Arsenal-Sarandi_Atl.-Tucuman,-3.845382108776903,1.63,1.19,4,5,9,11,51.9,48.1,0,3,0,0,3,8
2020-11-08,Gimnasia L.P.,Velez Sarsfield,2,2,3.01,2.92,2.46,,,,Primera División,,20201108_Gimnasia-L.P._Velez-Sarsfield,-86.81451879888209,0.62,1.18,3,4,6,8,52.0,48.0,2,2,0,0,4,5
2020-11-08,River Plate,Rosario Central,2,1,1.44,4.21,6.76,1.45,4.22,7.95,Primera División,,20201108_River-Plate_Rosario-Central,82.67805066695882,0.99,1.26,3,5,6,12,46.3,53.7,3,2,0,0,3,10
2020-11-08,Union de Santa Fe,Racing Club,2,0,3.43,3.12,2.14,3.97,3.28,2.04,Primera División,,20201108_Union-de-Santa-Fe_Racing-Club,-114.09386763273778,1.08,0.22,3,0,8,0,39.8,60.2,2,4,0,0,8,1
2020-11-09,Independiente,Colon Santa FE,1,1,1.79,3.35,4.5,1.86,3.34,4.73,Primera División,,20201109_Independiente_Colon-Santa-FE,88.1678875332625,0.57,1.34,2,3,4,6,55.3,44.7,1,4,0,0,3,5
2020-11-09,Newells Old Boys,Boca Juniors,0,2,4.33,3.34,1.82,4.58,3.44,1.85,Primera División,,20201109_Newells-Old-Boys_Boca-Juniors,-139.1840940969298,1.64,1.26,8,3,17,8,41.6,58.4,2,2,0,0,8,3
2020-11-09,Talleres Cordoba,Lanus,1,1,1.97,3.5,3.51,1.94,3.6,3.93,Primera División,,20201109_Talleres-Cordoba_Lanus,-12.249879890177226,1.22,0.47,4,1,9,4,51.4,48.6,4,1,0,0,7,5
2020-11-10,Central Cordoba,Defensa y Justicia,2,2,3.07,3.04,2.36,3.24,3.07,2.44,Primera División,,20201110_Central-Cordoba_Defensa-y-Justicia,-109.15481283600184,1.14,1.33,3,6,8,12,46.5,53.5,2,1,0,0,1,10
2020-11-13,Rosario Central,Banfield,2,4,2.53,3.19,2.67,2.76,3.18,2.72,Primera División,,20201113_Rosario-Central_Banfield,15.579010916004108,1.46,1.01,6,4,12,10,55.2,44.8,7,1,0,0,10,3
2020-11-14,Aldosivi,San Lorenzo,1,4,3.2,2.91,2.36,3.3,3.09,2.4,Primera División,,20201114_Aldosivi_San-Lorenzo,-59.713781692081284,1.35,0.12,4,4,9,10,44.3,55.7,1,3,0,0,5,5
2020-11-14,Atl. Tucuman,Union de Santa Fe,3,1,2.45,2.96,2.98,2.56,2.99,3.14,Primera División,,20201114_Atl.-Tucuman_Union-de-Santa-Fe,32.34714553613799,2.01,1.42,7,5,17,11,54.0,46.0,1,2,0,0,10,5
2020-11-14,Lanus,Newells Old Boys,2,4,2.86,3.33,2.32,3.01,3.56,2.31,Primera División,,20201114_Lanus_Newells-Old-Boys,29.417458373799718,1.05,1.18,3,4,7,9,52.9,47.1,2,2,0,0,5,8
2020-11-14,Racing Club,Arsenal Sarandi,0,2,1.76,3.65,4.23,1.76,3.84,4.56,Primera División,,20201114_Racing-Club_Arsenal-Sarandi,77.71675569745207,0.46,0.94,2,5,5,10,46.5,53.5,3,1,0,0,2,7
2020-11-15,Defensa y Justicia,Independiente,0,0,2.11,3.17,3.42,2.25,3.24,3.44,Primera División,,20201115_Defensa-y-Justicia_Independiente,70.9532401501674,1.07,0.83,4,3,9,8,56.5,43.5,3,3,0,0,5,6
2020-11-15,Estudiantes L.P.,Argentinos Jrs,0,1,2.36,2.84,3.28,2.49,2.87,3.4,Primera División,,20201115_Estudiantes-L.P._Argentinos-Jrs,-31.877356576306966,0.57,1.67,2,6,3,14,55.6,44.4,2,1,0,0,7,8
2020-11-15,Godoy Cruz,River Plate,0,1,5.28,4.1,1.55,5.7,4.07,1.59,Primera División,,20201115_Godoy-Cruz_River-Plate,-221.36174061628094,0.05,1.33,0,4,1,10,42.9,57.1,0,4,0,0,3,4
2020-11-15,Huracan,Gimnasia L.P.,3,2,3.81,2.96,2.08,3.97,3.1,2.13,Primera División,,20201115_Huracan_Gimnasia-L.P.,-13.365501463341843,0.86,1.03,3,2,7,6,47.5,52.5,0,0,0,0,2,3
2020-11-16,Boca Juniors,Talleres Cordoba,0,1,1.5,4.0,6.07,1.52,4.25,6.39,Primera División,,20201116_Boca-Juniors_Talleres-Cordoba,136.03949824893516,1.12,1.2,4,4,10,9,51.9,48.1,1,1,1,0,6,5
2020-11-16,Velez Sarsfield,Patronato,1,0,1.65,3.67,4.98,1.68,3.78,5.26,Primera División,,20201116_Velez-Sarsfield_Patronato,114.69324025890387,1.91,0.93,6,2,15,4,62.6,37.4,1,2,1,1,5,4
2020-11-17,Colon Santa FE,Central Cordoba,2,0,2.15,3.01,3.57,2.2,3.09,3.75,Primera División,,20201117_Colon-Santa-FE_Central-Cordoba,-51.30483130652806,0.99,1.13,3,4,6,9,45.2,54.8,4,3,0,0,5,6
2020-11-20,Arsenal Sarandi,Union de Santa Fe,2,3,2.1,3.39,3.27,2.15,3.6,3.3,Primera División,,20201120_Arsenal-Sarandi_Union-de-Santa-Fe,30.29371878112829,2.03,1.37,7,5,15,11,54.1,45.9,2,3,0,0,11,4
2020-11-20,Atl. Tucuman,Racing Club,2,0,1.76,3.76,4.08,1.78,3.91,4.13,Primera División,,20201120_Atl.-Tucuman_Racing-Club,-24.610655714403492,0.82,1.12,2,2,4,6,51.6,48.4,1,2,1,0,4,7
2020-11-20,Boca Juniors,Lanus,1,2,1.49,4.12,5.86,1.52,4.3,6.23,Primera División,,20201120_Boca-Juniors_Lanus,121.1767005952845,1.15,0.96,4,4,10,8,54.2,45.8,1,3,0,0,5,10
2020-11-21,Banfield,River Plate,0,2,2.79,3.36,2.35,2.87,3.43,2.48,Primera División,,20201121_Banfield_River-Plate,-109.35825274055196,0.94,1.26,3,3,6,7,44.3,55.7,0,3,1,1,5,2
2020-11-21,Colon Santa FE,Defensa y Justicia,2,0,2.11,3.12,3.46,2.13,3.25,3.74,Primera División,,20201121_Colon-Santa-FE_Defensa-y-Justicia,-136.98179459818994,1.27,0.81,4,2,9,6,47.1,52.9,2,2,0,0,6,1
2020-11-21,Huracan,Velez Sarsfield,1,2,2.97,3.13,2.35,3.18,3.27,2.36,Primera División,,20201121_Huracan_Velez-Sarsfield,-90.01997852545128,0.36,0.84,3,2,7,5,41.6,58.4,2,2,0,0,5,5
2020-11-22,Estudiantes L.P.,Aldosivi,0,1,1.68,3.39,5.2,1.7,3.47,5.81,Primera División,,20201122_Estudiantes-L.P._Aldosivi,20.08978740269231,0.88,0.65,4,3,10,8,58.0,42.0,1,0,0,0,6,2
2020-11-22,Independiente,Central Cordoba,0,0,2.17,2.97,3.51,2.23,3.04,3.76,Primera División,,20201122_Independiente_Central-Cordoba,47.07645517106016,0.84,0.41,3,1,6,1,50.9,49.1,3,0,0,0,3,3
2020-11-22,Patronato,Gimnasia L.P.,0,0,3.65,3.19,2.04,4.01,3.28,2.03,Primera División,,20201122_Patronato_Gimnasia-L.P.,-29.46901211719819,0.91,0.73,2,1,4,2,48.9,51.1,3,2,0,0,3,0
2020-11-23,Godoy Cruz,Rosario Central,0,1,3.29,3.4,2.07,3.47,3.59,2.09,Primera División,,20201123_Godoy-Cruz_Rosario-Central,-112.99644087438219,1.04,0.82,4,3,8,6,48.1,51.9,3,6,0,0,7,5
2020-11-23,San Lorenzo,Argentinos Jrs,2,0,2.48,2.92,2.98,2.54,3.01,3.15,Primera División,,20201123_San-Lorenzo_Argentinos-Jrs,5.857748560192022,1.12,0.76,2,2,7,3,49.3,50.7,1,5,0,0,6,3
2020-11-24,Newells Old Boys,Talleres Cordoba,1,1,2.24,3.32,3.0,2.31,3.43,3.13,Primera División,,20201124_Newells-Old-Boys_Talleres-Cordoba,-21.47217876338027,0.46,0.75,2,3,2,7,48.3,51.7,3,1,0,0,5,4
2020-11-28,Colon Santa FE,Independiente,1,2,2.45,2.96,2.99,2.52,3.06,3.12,Primera División,,20201128_Colon-Santa-FE_Independiente,-52.74634860238575,2.21,0.94,8,3,17,5,52.2,47.8,0,2,0,0,11,2
2020-11-28,Racing Club,Union de Santa Fe,1,0,2.93,3.13,2.38,3.08,3.26,2.42,Primera División,,20201128_Racing-Club_Union-de-Santa-Fe,52.83750587617715,0.64,0.59,2,2,4,6,50.6,49.4,3,0,0,0,3,6
2020-11-28,Velez Sarsfield,Gimnasia L.P.,0,1,2.47,3.01,2.9,2.65,3.03,2.97,Primera División,,20201128_Velez-Sarsfield_Gimnasia-L.P.,111.55124417062302,0.99,0.39,5,2,10,5,50.2,49.8,0,3,0,1,3,3
2020-11-29,Boca Juniors,Newells Old Boys,2,0,1.6,3.86,5.04,1.64,4.0,5.27,Primera División,,20201129_Boca-Juniors_Newells-Old-Boys,107.80277509573034,2.36,0.65,8,2,17,3,55.5,44.5,2,2,0,0,11,4
2020-11-29,Defensa y Justicia,Central Cordoba,2,3,2.63,2.97,2.76,2.84,2.97,2.82,Primera División,,20201129_Defensa-y-Justicia_Central-Cordoba,95.07897570805403,1.28,1.6,5,5,11,10,55.8,44.2,4,1,0,0,3,5
2020-11-29,Godoy Cruz,Banfield,0,0,3.56,3.21,2.04,3.77,3.34,2.08,Primera División,,20201129_Godoy-Cruz_Banfield,-122.37924839963853,0.2,1.38,3,4,5,6,46.9,53.1,0,2,0,0,6,1
2020-11-29,Rosario Central,River Plate,0,2,3.72,3.41,1.94,3.7,3.58,2.01,Primera División,,20201129_Rosario-Central_River-Plate,-118.96830193737924,0.05,1.21,0,6,0,12,51.4,48.6,1,2,0,0,0,7
2020-11-30,Aldosivi,Argentinos Jrs,1,4,3.47,2.89,2.23,3.62,2.98,2.31,Primera División,,20201130_Aldosivi_Argentinos-Jrs,-49.28048832079389,0.3,2.01,1,6,0,12,52.3,47.7,0,2,0,0,3,8
2020-11-30,Atl. Tucuman,Arsenal Sarandi,3,2,2.13,3.3,3.27,2.14,3.64,3.31,Primera División,,20201130_Atl.-Tucuman_Arsenal-Sarandi,49.71766654969201,1.14,1.45,3,5,9,10,47.8,52.2,4,4,0,0,4,3
2020-11-30,Huracan,Patronato,1,0,1.86,3.22,4.32,1.9,3.35,4.51,Primera División,,20201130_Huracan_Patronato,31.05234548741373,2.03,0.36,7,4,15,11,53.5,46.5,2,2,0,0,5,4
2020-11-30,Lanus,Talleres Cordoba,1,0,3.27,3.44,2.06,3.37,3.75,2.07,Primera División,,20201130_Lanus_Talleres-Cordoba,-1.31782426749146,0.93,1.64,4,6,9,14,50.0,50.0,1,2,0,0,8,5
2020-12-01,Estudiantes L.P.,San Lorenzo,0,0,3.12,2.85,2.43,3.33,2.92,2.49,Primera División,,20201201_Estudiantes-L.P._San-Lorenzo,-84.03005764091222,0.85,0.63,3,2,6,4,37.8,62.2,1,2,1,1,6,3
2020-12-04,Central Cordoba,Colon Santa FE,0,2,3.02,3.11,2.33,3.22,3.25,2.35,Primera División,,20201204_Central-Cordoba_Colon-Santa-FE,34.29845599694727,1.01,0.1,3,2,6,7,53.5,46.5,2,2,0,0,5,2
2020-12-05,Arsenal Sarandi,Racing Club,1,0,2.24,3.36,2.98,2.3,3.48,3.1,Primera División,,20201205_Arsenal-Sarandi_Racing-Club,-69.1145519081108,1.1,0.18,5,2,11,5,43.0,57.0,1,3,0,0,8,2
2020-12-05,Banfield,Rosario Central,1,1,1.73,3.56,4.45,1.76,3.74,4.72,Primera División,,20201205_Banfield_Rosario-Central,-3.091615156158923,1.26,0.43,3,2,7,5,57.2,42.8,3,1,0,0,4,6
2020-12-05,Gimnasia L.P.,Huracan,0,0,1.88,3.21,4.18,1.99,3.18,4.35,Primera División,,20201205_Gimnasia-L.P._Huracan,1.1812427110487533,0.39,0.21,2,0,3,1,54.4,45.6,2,3,0,0,5,3
2020-12-05,Patronato,Velez Sarsfield,0,0,3.93,3.29,1.91,4.21,3.51,1.91,Primera División,,20201205_Patronato_Velez-Sarsfield,-134.19412094900736,0.68,1.28,3,3,4,5,44.2,55.8,2,1,0,0,6,3
2020-12-05,Union de Santa Fe,Atl. Tucuman,3,5,1.69,3.55,4.89,1.71,3.78,5.02,Primera División,,20201205_Union-de-Santa-Fe_Atl.-Tucuman,-74.40749215208962,2.14,2.62,9,8,20,18,54.0,46.0,1,1,0,0,11,8
2020-12-06,Independiente,Defensa y Justicia,1,0,1.94,3.2,3.93,1.97,3.28,4.26,Primera División,,20201206_Independiente_Defensa-y-Justicia,-25.838298432308193,1.08,1.2,1,3,3,6,48.2,51.8,1,2,0,0,1,6
2020-12-06,River Plate,Godoy Cruz,3,1,1.36,4.63,7.48,1.36,4.99,8.72,Primera División,,20201206_River-Plate_Godoy-Cruz,252.40736938628675,1.5,1.14,3,4,7,8,57.5,42.5,0,1,0,0,3,7
2020-12-07,Argentinos Jrs,Estudiantes L.P.,1,0,1.94,2.97,4.37,2.0,2.99,4.73,Primera División,,20201207_Argentinos-Jrs_Estudiantes-L.P.,62.03914676342288,1.57,0.6,5,2,11,4,47.5,52.5,4,0,0,0,3,2
2020-12-07,Newells Old Boys,Lanus,3,1,2.17,3.52,2.96,2.26,3.78,2.97,Primera División,,20201207_Newells-Old-Boys_Lanus,-39.11019414995803,1.27,0.94,5,4,13,6,51.2,48.8,1,2,0,0,6,6
2020-12-07,San Lorenzo,Aldosivi,0,0,2.36,3.01,3.04,2.44,3.05,3.27,Primera División,,20201207_San-Lorenzo_Aldosivi,86.19587336544214,0.65,0.31,3,0,8,0,46.1,53.9,1,1,1,0,5,3
2020-12-07,Talleres Cordoba,Boca Juniors,0,0,2.96,2.98,2.43,3.16,3.06,2.5,Primera División,,20201207_Talleres-Cordoba_Boca-Juniors,-108.24915605922115,1.06,0.15,4,1,9,1,44.7,55.3,2,3,0,0,9,1
2020-12-12,Boca Juniors,Arsenal Sarandi,1,1,1.49,4.0,6.26,1.49,4.18,7.16,Primera División,,20201212_Boca-Juniors_Arsenal-Sarandi,122.40259943090496,0.95,0.55,2,2,2,6,60.0,40.0,0,1,0,0,4,1
2020-12-12,Colon Santa FE,Gimnasia L.P.,0,2,2.37,2.95,3.14,2.39,3.07,3.33,Primera División,,20201212_Colon-Santa-FE_Gimnasia-L.P.,-24.38719469290527,0.47,1.87,3,5,7,11,52.7,47.3,2,0,1,0,4,9
2020-12-12,Newells Old Boys,Estudiantes L.P.,1,0,2.07,3.0,3.81,2.1,3.03,4.18,Primera División,,20201212_Newells-Old-Boys_Estudiantes-L.P.,71.81250498848158,0.87,0.67,4,1,9,1,56.7,43.3,2,1,0,0,6,4
2020-12-12,Velez Sarsfield,Racing Club,2,1,2.38,2.95,3.1,2.56,3.03,3.09,Primera División,,20201212_Velez-Sarsfield_Racing-Club,2.0286465198064434,1.95,1.19,6,3,12,10,49.7,50.3,2,2,0,0,7,4
2020-12-13,Aldosivi,Lanus,1,2,1.79,3.43,4.37,1.81,3.55,4.7,Primera División,,20201213_Aldosivi_Lanus,-79.2950111608859,1.17,1.3,2,5,2,12,52.8,47.2,2,1,0,0,5,7
2020-12-13,River Plate,Argentinos Jrs,1,1,1.64,3.76,4.93,1.66,3.87,5.3,Primera División,,20201213_River-Plate_Argentinos-Jrs,106.0802473482097,1.86,1.04,6,3,14,9,53.0,47.0,2,4,0,1,8,5
2020-12-13,San Lorenzo,Talleres Cordoba,0,2,2.68,2.83,2.83,2.85,2.83,2.95,Primera División,,20201213_San-Lorenzo_Talleres-Cordoba,6.8716189271649455,1.86,2.19,5,7,12,17,40.4,59.6,3,0,0,0,7,9
2020-12-13,Union de Santa Fe,Defensa y Justicia,1,3,1.72,3.64,4.52,1.78,3.85,4.43,Primera División,,20201213_Union-de-Santa-Fe_Defensa-y-Justicia,-43.143407915859825,1.76,1.13,5,3,11,7,48.7,51.3,3,0,0,0,7,3
2020-12-14,Central Cordoba,Godoy Cruz,1,1,2.23,3.15,3.18,2.28,3.25,3.35,Primera División,,20201214_Central-Cordoba_Godoy-Cruz,80.91254980973099,0.05,0.95,2,3,4,6,50.2,49.8,2,2,0,0,2,3
2020-12-14,Huracan,Independiente,3,2,2.24,2.97,3.36,2.31,3.04,3.53,Primera División,,20201214_Huracan_Independiente,-49.55293606956161,1.24,1.48,5,5,11,10,44.7,55.3,1,3,0,0,1,4
2020-12-14,Rosario Central,Patronato,4,0,2.31,3.22,2.98,2.41,3.26,3.1,Primera División,,20201214_Rosario-Central_Patronato,74.06578401479646,1.81,0.94,7,5,16,9,55.2,44.8,1,0,0,0,8,7
2020-12-15,Atl. Tucuman,Banfield,0,2,2.75,3.21,2.46,2.82,3.37,2.55,Primera División,,20201215_Atl.-Tucuman_Banfield,77.15973756593007,1.17,1.75,4,6,7,12,58.8,41.2,2,0,1,0,5,5
2020-12-19,Arsenal Sarandi,Argentinos Jrs,0,1,3.17,3.09,2.27,3.33,3.19,2.32,Primera División,,20201219_Arsenal-Sarandi_Argentinos-Jrs,-24.263159892768044,0.49,0.66,1,2,4,4,46.6,53.4,1,3,0,0,4,1
2020-12-19,Godoy Cruz,Newells Old Boys,0,3,2.9,3.15,2.4,3.02,3.23,2.48,Primera División,,20201219_Godoy-Cruz_Newells-Old-Boys,-152.24838877858656,0.21,1.92,1,6,3,13,38.9,61.1,0,3,0,1,6,7
2020-12-19,Patronato,Aldosivi,0,1,2.46,2.93,3.02,2.54,2.93,3.23,Primera División,,20201219_Patronato_Aldosivi,-31.00933502649991,1.09,0.9,1,4,1,9,53.8,46.2,4,5,1,0,4,4
2020-12-19,San Lorenzo,Colon Santa FE,2,2,2.2,3.05,3.39,2.22,3.18,3.59,Primera División,,20201219_San-Lorenzo_Colon-Santa-FE,84.8710355405085,0.7,0.88,2,2,4,6,60.3,39.7,1,0,0,0,11,4
2020-12-20,Estudiantes L.P.,Racing Club,1,1,2.16,3.04,3.49,2.17,3.18,3.7,Primera División,,20201220_Estudiantes-L.P._Racing-Club,-95.05533375872665,0.94,1.02,2,4,4,10,46.3,53.7,3,1,0,0,1,2
2020-12-20,Independiente,Boca Juniors,1,2,3.0,2.97,2.44,3.13,3.0,2.56,Primera División,,20201220_Independiente_Boca-Juniors,-116.88063874993895,1.78,0.52,6,2,13,4,42.7,57.3,2,3,0,0,3,4
2020-12-20,Lanus,Defensa y Justicia,1,1,3.14,3.34,2.17,3.3,3.41,2.23,Primera División,,20201220_Lanus_Defensa-y-Justicia,10.776495767735923,0.83,1.62,2,4,4,8,54.6,45.4,0,1,0,0,3,6
2020-12-20,Talleres Cordoba,Atl. Tucuman,1,1,1.73,3.46,4.75,1.78,3.47,5.09,Primera División,,20201220_Talleres-Cordoba_Atl.-Tucuman,-17.161593264504745,1.21,1.24,5,3,10,7,41.0,59.0,2,0,0,0,8,5
2020-12-21,Central Cordoba,Velez Sarsfield,0,2,3.11,3.05,2.33,3.25,3.13,2.4,Primera División,,20201221_Central-Cordoba_Velez-Sarsfield,-106.8486989416424,0.22,1.72,0,5,1,13,39.6,60.4,1,4,0,0,3,9
2020-12-21,Huracan,River Plate,1,3,5.39,4.04,1.55,5.63,4.14,1.58,Primera División,,20201221_Huracan_River-Plate,-147.98816086732245,1.3,1.36,5,3,11,8,38.3,61.7,3,1,0,0,6,5
2020-12-21,Rosario Central,Union de Santa Fe,2,2,2.3,3.48,2.8,2.31,3.73,2.9,Primera División,,20201221_Rosario-Central_Union-de-Santa-Fe,39.060502291228204,0.95,2.36,3,8,6,17,50.0,50.0,2,2,0,0,3,10
2020-12-22,Banfield,Gimnasia L.P.,2,1,2.34,2.88,3.31,2.39,2.98,3.44,Primera División,,20201222_Banfield_Gimnasia-L.P.,25.014610367346677,0.07,0.49,2,1,4,3,43.5,56.5,1,1,0,0,6,0
2020-12-27,Boca Juniors,Huracan,3,0,1.61,3.63,5.41,1.66,3.67,5.79,Primera División,,20201227_Boca-Juniors_Huracan,154.3192687905198,1.38,1.63,4,6,8,13,60.7,39.3,2,0,0,0,7,9
2020-12-27,Defensa y Justicia,Patronato,2,1,1.56,3.92,5.47,1.63,3.94,5.56,Primera División,,20201227_Defensa-y-Justicia_Patronato,129.44740778496453,1.8,1.33,7,6,15,13,55.0,45.0,1,1,0,0,14,8
2020-12-27,Racing Club,Godoy Cruz,6,1,1.57,3.84,5.43,1.58,4.16,5.67,Primera División,,20201227_Racing-Club_Godoy-Cruz,160.2329573684715,2.58,0.96,8,3,18,8,53.0,47.0,1,4,0,1,8,4
2020-12-28,Argentinos Jrs,Independiente,0,2,2.61,2.98,2.77,2.75,3.02,2.86,Primera División,,20201228_Argentinos-Jrs_Independiente,46.135313688375845,0.05,0.58,0,3,0,6,51.6,48.4,6,2,0,0,0,1
2020-12-28,Newells Old Boys,Central Cordoba,3,1,1.68,3.66,4.72,1.69,3.78,5.2,Primera División,,20201228_Newells-Old-Boys_Central-Cordoba,92.30198522385149,1.79,1.15,8,2,19,6,55.4,44.6,4,3,0,0,7,2
2020-12-28,River Plate,Arsenal Sarandi,2,1,1.24,5.78,10.38,1.25,5.81,12.3,Primera División,,20201228_River-Plate_Arsenal-Sarandi,141.57539032413843,1.45,0.66,4,1,8,5,46.2,53.8,1,2,0,0,5,4
2020-12-28,Velez Sarsfield,Estudiantes L.P.,2,3,2.46,2.89,3.05,2.56,2.87,3.27,Primera División,,20201228_Velez-Sarsfield_Estudiantes-L.P.,126.16196983834675,0.9,1.34,2,5,6,11,52.2,47.8,0,3,0,0,5,4
2020-12-29,Aldosivi,Rosario Central,0,1,3.12,3.15,2.26,3.29,3.16,2.36,Primera División,,20201229_Aldosivi_Rosario-Central,-49.74102876216239,0.59,0.35,3,1,8,6,48.9,51.1,2,3,0,0,5,2
2020-12-29,Colon Santa FE,Banfield,1,2,2.51,3.03,2.82,2.62,3.13,2.92,Primera División,,20201229_Colon-Santa-FE_Banfield,-79.98307997982238,0.11,0.05,1,2,3,6,46.9,53.1,1,3,0,0,1,2
2020-12-29,Gimnasia L.P.,Talleres Cordoba,2,2,3.14,2.89,2.41,3.35,2.95,2.46,Primera División,,20201229_Gimnasia-L.P._Talleres-Cordoba,-67.49845575337304,1.65,0.62,7,2,13,6,43.0,57.0,2,2,1,0,6,2
2020-12-29,Union de Santa Fe,Lanus,2,0,2.0,3.5,3.4,2.05,3.65,3.53,Primera División,,20201229_Union-de-Santa-Fe_Lanus,-73.23935279324428,0.28,0.05,2,0,4,0,48.1,51.9,2,4,0,0,4,2
2020-12-30,Atl. Tucuman,San Lorenzo,1,3,2.57,3.22,2.63,2.7,3.33,2.68,Primera División,,20201230_Atl.-Tucuman_San-Lorenzo,37.04672252458181,0.57,2.13,1,6,2,16,43.4,56.6,3,1,0,0,4,8
2021-01-02,Rosario Central,Defensa y Justicia,3,0,2.14,3.36,3.19,2.2,3.36,3.42,Primera División,,20210102_Rosario-Central_Defensa-y-Justicia,-24.264823415782303,0.74,0.95,3,2,7,4,40.8,59.2,1,3,0,0,7,4
2021-01-03,Boca Juniors,River Plate,2,2,2.81,3.05,2.54,3.02,3.1,2.57,Primera División,,20210103_Boca-Juniors_River-Plate,-8.391728949187154,1.41,1.02,4,2,8,5,52.3,47.7,0,0,0,0,5,2
2021-01-03,Independiente,Arsenal Sarandi,3,4,1.74,3.62,4.39,1.75,3.81,4.69,Primera División,,20210103_Independiente_Arsenal-Sarandi,21.402643758942304,0.77,1.34,3,4,7,10,52.6,47.4,2,2,0,0,2,6
2021-01-03,Newells Old Boys,Velez Sarsfield,0,1,2.02,3.2,3.72,2.04,3.32,3.93,Primera División,,20210103_Newells-Old-Boys_Velez-Sarsfield,-6.329585655873871,1.59,0.05,7,1,14,2,54.0,46.0,1,4,1,0,9,2
2021-01-03,Patronato,Lanus,1,1,2.1,3.24,3.4,2.17,3.3,3.58,Primera División,,20210103_Patronato_Lanus,-132.7119933676438,0.84,1.5,3,5,6,14,47.2,52.8,0,2,0,0,6,6
2021-01-04,Aldosivi,Union de Santa Fe,1,3,3.47,3.19,2.1,3.73,3.2,2.15,Primera División,,20210104_Aldosivi_Union-de-Santa-Fe,-38.1538505860085,2.08,1.24,7,5,17,11,50.4,49.6,2,0,0,0,11,2
2021-01-04,Central Cordoba,Racing Club,2,2,3.65,3.54,1.91,3.98,3.59,1.93,Primera División,,20210104_Central-Cordoba_Racing-Club,-101.89063301452052,1.69,1.25,5,4,10,10,45.9,54.1,3,0,0,0,5,6
2021-01-04,San Lorenzo,Gimnasia L.P.,1,2,2.19,3.16,3.27,2.25,3.3,3.37,Primera División,,20210104_San-Lorenzo_Gimnasia-L.P.,57.401110088587075,0.26,1.75,1,4,2,7,43.6,56.4,4,4,0,0,3,8
2021-01-05,Godoy Cruz,Estudiantes L.P.,1,0,4.57,3.41,1.76,5.08,3.59,1.75,Primera División,,20210105_Godoy-Cruz_Estudiantes-L.P.,-94.58767050104143,1.47,0.55,5,5,10,9,46.7,53.3,6,3,0,0,4,8
2021-01-05,Huracan,Argentinos Jrs,0,1,2.82,2.95,2.58,2.88,3.03,2.73,Primera División,,20210105_Huracan_Argentinos-Jrs,-60.76711778031199,0.05,0.69,1,1,3,0,53.4,46.6,3,3,0,0,0,3
2021-01-05,Talleres Cordoba,Banfield,3,2,2.4,3.08,2.93,2.48,3.12,3.12,Primera División,,20210105_Talleres-Cordoba_Banfield,8.621123343370755,1.11,0.97,4,4,8,8,46.8,53.2,3,2,0,1,6,5
2021-01-06,Atl. Tucuman,Colon Santa FE,0,2,2.7,3.27,2.48,2.82,3.36,2.55,Primera División,,20210106_Atl.-Tucuman_Colon-Santa-FE,112.17951925863167,1.02,1.1,2,3,4,4,53.6,46.4,1,0,0,0,3,4
2021-01-09,Lanus,Rosario Central,2,0,2.73,3.18,2.5,2.87,3.23,2.59,Primera División,,20210109_Lanus_Rosario-Central,-5.1304701236522305,1.77,1.02,4,5,9,13,49.5,50.5,2,0,0,0,9,10
2021-01-09,Racing Club,Newells Old Boys,3,1,2.69,3.28,2.48,2.81,3.4,2.53,Primera División,,20210109_Racing-Club_Newells-Old-Boys,0.1785215096608681,1.91,0.05,5,1,10,2,46.4,53.6,3,3,0,0,4,1
2021-01-09,Union de Santa Fe,Patronato,1,2,1.64,3.66,5.08,1.66,3.74,5.55,Primera División,,20210109_Union-de-Santa-Fe_Patronato,94.77262556838218,1.0,1.36,5,7,13,15,58.9,41.1,2,4,1,0,2,4
2021-01-09,Velez Sarsfield,Godoy Cruz,3,2,1.49,4.19,6.03,1.5,4.25,6.7,Primera División,,20210109_Velez-Sarsfield_Godoy-Cruz,184.991402849859,1.07,1.29,3,4,7,8,55.1,44.9,0,0,0,0,2,6
2021-01-10,Argentinos Jrs,Boca Juniors,2,2,3.77,3.16,2.01,4.01,3.28,2.03,Primera División,,20210110_Argentinos-Jrs_Boca-Juniors,-97.90940260568595,0.99,0.98,3,3,5,5,43.3,56.7,3,2,1,0,5,4
2021-01-10,Arsenal Sarandi,Huracan,1,0,3.11,3.29,2.2,3.26,3.39,2.26,Primera División,,20210110_Arsenal-Sarandi_Huracan,43.058083154871156,0.88,0.88,2,3,5,8,51.4,48.6,3,4,0,0,3,7
2021-01-10,River Plate,Independiente,0,2,1.39,4.57,7.12,1.4,4.78,7.99,Primera División,,20210110_River-Plate_Independiente,147.349171743326,1.51,0.39,5,2,11,3,50.2,49.8,2,1,0,0,3,3
2021-01-11,Banfield,San Lorenzo,4,1,1.58,3.79,5.48,1.58,4.04,5.83,Primera División,,20210111_Banfield_San-Lorenzo,-0.8661947725645405,2.14,1.79,8,5,16,9,54.5,45.5,0,0,0,0,9,4
2021-01-11,Colon Santa FE,Talleres Cordoba,1,2,2.81,3.13,2.47,2.84,3.21,2.63,Primera División,,20210111_Colon-Santa-FE_Talleres-Cordoba,-103.1317535311116,1.11,2.04,4,7,7,17,46.7,53.3,2,3,0,0,1,11
2021-01-11,Gimnasia L.P.,Atl. Tucuman,0,1,1.52,3.97,5.89,1.53,4.1,6.5,Primera División,,20210111_Gimnasia-L.P._Atl.-Tucuman,-38.18838060355847,0.94,0.05,3,1,6,2,52.4,47.6,1,0,0,0,6,2
2021-01-12,Estudiantes L.P.,Central Cordoba,1,2,1.7,3.42,4.97,1.72,3.62,5.21,Primera División,,20210112_Estudiantes-L.P._Central-Cordoba,3.9803873169844337,2.16,0.86,8,3,18,7,52.0,48.0,4,4,0,0,12,7
2021-01-14,Defensa y Justicia,Aldosivi,4,4,1.97,3.34,3.66,2.02,3.46,3.81,Primera División,,20210114_Defensa-y-Justicia_Aldosivi,92.44391523410468,0.57,1.66,4,5,8,12,50.1,49.9,2,1,0,0,5,3
2021-01-17,Velez Sarsfield,Rosario Central,3,1,2.01,3.42,3.49,2.03,3.61,3.62,Primera División,,20210117_Velez-Sarsfield_Rosario-Central,54.314384658546714,1.65,1.03,5,3,8,6,49.0,51.0,1,0,1,0,10,3
2021-01-18,Banfield,Boca Juniors,1,1,3.55,3.09,2.11,3.72,3.2,2.16,Primera División,,20210118_Banfield_Boca-Juniors,-106.80840148661014,0.89,0.12,4,1,9,1,48.5,51.5,1,1,0,1,4,2
2021-02-12,Banfield,Racing Club,2,0,2.26,3.05,3.23,2.32,3.11,3.43,Primera División,,20210212_Banfield_Racing-Club,-13.459557373505504,1.45,0.05,4,2,10,5,48.7,51.3,1,0,0,0,13,2
2021-02-13,Aldosivi,Godoy Cruz,1,2,2.4,3.2,2.88,2.43,3.32,3.02,Primera División,,20210213_Aldosivi_Godoy-Cruz,64.42730069486265,1.36,1.96,4,8,9,17,55.5,44.5,1,1,0,0,6,8
2021-02-13,Central Cordoba,Colon Santa FE,0,3,2.78,2.93,2.66,2.91,2.92,2.79,Primera División,,20210213_Central-Cordoba_Colon-Santa-FE,13.807865798192779,1.9,1.18,5,5,10,11,51.0,49.0,4,0,0,0,4,3
2021-02-13,Talleres Cordoba,Patronato,1,0,1.67,3.46,5.33,1.68,3.59,5.72,Primera División,,20210213_Talleres-Cordoba_Patronato,143.66420607135115,0.85,0.37,1,2,2,4,49.4,50.6,0,4,0,0,3,2
2021-02-13,Union de Santa Fe,Atl. Tucuman,2,2,2.21,3.21,3.19,2.28,3.21,3.4,Primera División,,20210213_Union-de-Santa-Fe_Atl.-Tucuman,-58.98503730377524,1.7,1.33,4,3,6,6,48.8,51.2,3,4,0,0,6,2
2021-02-13,Velez Sarsfield,Newells Old Boys,1,0,2.05,3.22,3.59,2.04,3.37,3.87,Primera División,,20210213_Velez-Sarsfield_Newells-Old-Boys,58.178415466649085,0.51,0.38,3,1,7,3,47.0,53.0,2,1,0,0,6,3
2021-02-14,Boca Juniors,Gimnasia L.P.,2,2,1.63,3.62,5.32,1.65,3.79,5.66,Primera División,,20210214_Boca-Juniors_Gimnasia-L.P.,154.55304906973856,1.31,1.31,4,3,7,6,51.1,48.9,0,0,0,0,6,5
2021-02-14,Defensa y Justicia,Huracan,3,2,1.74,3.5,4.55,1.76,3.7,4.76,Primera División,,20210214_Defensa-y-Justicia_Huracan,73.18246335761842,1.34,2.04,5,6,11,14,44.9,55.1,2,1,0,0,7,5
2021-02-14,San Lorenzo,Arsenal Sarandi,2,1,2.14,3.2,3.38,2.23,3.12,3.63,Primera División,,20210214_San-Lorenzo_Arsenal-Sarandi,-8.35426405862836,2.1,0.96,5,3,8,7,51.2,48.8,1,0,0,0,8,3
2021-02-15,Estudiantes L.P.,River Plate,2,1,5.1,3.52,1.67,5.79,3.78,1.63,Primera División,,20210215_Estudiantes-L.P._River-Plate,-199.27253124123285,0.6,1.23,2,3,5,7,38.8,61.2,2,3,0,0,2,3
2021-02-15,Rosario Central,Argentinos Jrs,2,1,2.16,3.07,3.47,2.27,3.16,3.47,Primera División,,20210215_Rosario-Central_Argentinos-Jrs,-39.0327297738163,1.45,1.18,4,3,8,7,54.5,45.5,1,3,0,0,2,3
2021-02-16,Independiente,Lanus,0,1,2.41,3.21,2.85,2.53,3.24,2.94,Primera División,,20210216_Independiente_Lanus,-18.448275605221625,0.05,0.86,2,2,4,4,51.2,48.8,3,3,0,0,3,4
2021-02-19,Gimnasia L.P.,Talleres Cordoba,3,0,2.54,2.94,2.9,2.63,3.0,3.03,Primera División,,20210219_Gimnasia-L.P._Talleres-Cordoba,-82.1474679847654,1.02,0.63,3,2,7,4,49.7,50.3,1,4,0,0,4,3
2021-02-20,Arsenal Sarandi,Banfield,0,2,4.52,3.55,1.74,4.76,3.64,1.78,Primera División,,20210220_Arsenal-Sarandi_Banfield,-43.16956050166709,0.33,1.43,2,5,6,11,53.9,46.1,0,2,0,0,4,6
2021-02-20,Godoy Cruz,Estudiantes L.P.,0,2,3.33,3.14,2.17,3.58,3.16,2.23,Primera División,,20210220_Godoy-Cruz_Estudiantes-L.P.,-62.24157184257024,0.63,1.74,2,6,4,11,44.8,55.2,2,2,0,0,9,8
2021-02-20,Lanus,Defensa y Justicia,2,1,2.93,3.21,2.36,3.04,3.23,2.46,Primera División,,20210220_Lanus_Defensa-y-Justicia,13.429274532245927,1.23,1.41,4,5,9,13,51.4,48.6,2,0,0,0,2,6
2021-02-20,Racing Club,Aldosivi,2,2,1.69,3.62,4.77,1.71,3.68,5.15,Primera División,,20210220_Racing-Club_Aldosivi,110.73248958010345,0.55,0.76,2,3,3,6,53.4,46.6,1,2,0,0,2,5
2021-02-21,Argentinos Jrs,Platense,0,1,2.43,2.97,3.03,2.63,2.89,3.15,Primera División,,20210221_Argentinos-Jrs_Platense,29.194544972014,1.0,1.02,4,2,9,3,51.7,48.3,0,0,0,0,2,2
2021-02-21,Patronato,Independiente,0,1,3.57,3.1,2.1,3.59,3.2,2.2,Primera División,,20210221_Patronato_Independiente,-98.43959397825847,0.05,0.69,0,1,1,2,42.8,57.2,2,1,0,0,0,8
2021-02-21,River Plate,Rosario Central,3,0,1.31,5.26,8.34,1.32,5.54,8.92,Primera División,,20210221_River-Plate_Rosario-Central,93.0967288634115,0.9,0.73,3,3,6,6,53.0,47.0,2,1,0,0,6,5
2021-02-21,Sarmiento Junin,Velez Sarsfield,1,2,3.71,3.27,1.99,4.0,3.33,2.02,Primera División,,20210221_Sarmiento-Junin_Velez-Sarsfield,-88.10622431806564,1.04,0.98,2,3,6,9,47.2,52.8,3,2,1,1,8,11
2021-02-22,Atl. Tucuman,Central Cordoba,1,2,2.28,3.21,3.05,2.39,3.21,3.19,Primera División,,20210222_Atl.-Tucuman_Central-Cordoba,96.56513078687931,1.18,0.35,3,2,6,6,53.4,46.6,0,3,0,0,5,2
2021-02-22,Huracan,Union de Santa Fe,1,1,2.52,3.13,2.75,2.63,3.28,2.79,Primera División,,20210222_Huracan_Union-de-Santa-Fe,-39.71952236043944,1.65,1.14,4,3,8,8,53.3,46.7,0,2,0,0,6,6
2021-02-22,Newells Old Boys,Boca Juniors,0,1,3.93,3.29,1.93,4.42,3.4,1.9,Primera División,,20210222_Newells-Old-Boys_Boca-Juniors,-115.35832154755076,0.73,1.62,2,6,6,16,46.3,53.7,0,3,0,0,4,9
2021-02-23,Colon Santa FE,San Lorenzo,2,0,2.46,3.01,2.97,2.52,3.08,3.1,Primera División,,20210223_Colon-Santa-FE_San-Lorenzo,-68.2931611993888,2.3,2.18,7,8,15,16,46.1,53.9,3,1,0,0,11,6
2021-02-26,Aldosivi,Arsenal Sarandi,3,0,2.27,3.24,3.05,2.36,3.34,3.12,Primera División,,20210226_Aldosivi_Arsenal-Sarandi,-64.8159371393806,1.49,1.61,5,5,13,13,47.7,52.3,0,0,0,0,5,8
2021-02-26,Defensa y Justicia,Patronato,1,0,1.45,4.04,7.1,1.44,4.19,8.37,Primera División,,20210226_Defensa-y-Justicia_Patronato,123.3371969838006,0.69,0.2,1,3,1,8,51.7,48.3,2,0,0,0,2,10
2021-02-27,Argentinos Jrs,Velez Sarsfield,0,2,3.65,3.13,2.08,3.83,3.14,2.15,Primera División,,20210227_Argentinos-Jrs_Velez-Sarsfield,-80.93817149960546,1.06,1.63,3,4,7,11,55.2,44.8,1,3,0,0,5,3
2021-02-27,Banfield,Colon Santa FE,0,3,2.13,3.06,3.56,2.19,3.09,3.79,Primera División,,20210227_Banfield_Colon-Santa-FE,91.42776121221891,0.56,1.83,1,5,3,11,56.6,43.4,1,1,0,1,2,7
2021-02-27,Independiente,Gimnasia L.P.,1,0,2.39,2.96,3.11,2.47,3.07,3.2,Primera División,,20210227_Independiente_Gimnasia-L.P.,16.22001226562088,1.06,1.43,4,5,8,10,46.8,53.2,0,2,0,0,4,3
2021-02-27,Talleres Cordoba,Newells Old Boys,2,2,2.18,3.13,3.37,2.21,3.28,3.48,Primera División,,20210227_Talleres-Cordoba_Newells-Old-Boys,46.34662815402726,1.35,1.39,5,5,12,11,47.5,52.5,4,3,0,1,7,7
2021-02-28,Estudiantes L.P.,Racing Club,0,0,2.37,3.0,3.14,2.4,3.06,3.34,Primera División,,20210228_Estudiantes-L.P._Racing-Club,-70.9449796224369,0.48,0.05,2,1,6,1,45.1,54.9,3,3,1,0,3,0
2021-02-28,Platense,River Plate,0,1,9.79,5.0,1.3,12.22,4.88,1.31,Primera División,,20210228_Platense_River-Plate,-105.79692630514342,1.16,0.75,5,3,10,5,48.2,51.8,3,1,0,1,1,3
2021-02-28,San Lorenzo,Central Cordoba,0,4,1.78,3.38,4.59,1.81,3.4,4.96,Primera División,,20210228_San-Lorenzo_Central-Cordoba,49.85782781119883,0.24,2.24,1,7,2,14,53.9,46.1,1,1,0,0,0,6
2021-03-01,Boca Juniors,Sarmiento Junin,1,1,1.37,4.54,7.97,1.34,5.04,9.34,Primera División,,20210301_Boca-Juniors_Sarmiento-Junin,142.4442205314076,1.45,0.4,6,1,12,2,57.4,42.6,3,2,0,0,5,5
2021-03-01,Union de Santa Fe,Lanus,3,2,2.63,3.26,2.57,2.76,3.36,2.61,Primera División,,20210301_Union-de-Santa-Fe_Lanus,-78.81272827704993,1.16,0.59,5,2,11,4,49.2,50.8,1,1,0,0,2,2
2021-03-02,Rosario Central,Godoy Cruz,2,2,1.86,3.52,3.89,1.88,3.68,4.12,Primera División,,20210302_Rosario-Central_Godoy-Cruz,132.99984920238762,0.73,1.04,4,2,8,5,61.9,38.1,2,1,0,0,7,4
2021-03-05,Newells Old Boys,Independiente,1,2,2.51,3.02,2.85,2.65,3.07,2.93,Primera División,,20210305_Newells-Old-Boys_Independiente,-19.8391474749219,1.34,1.33,5,4,11,9,43.6,56.4,2,2,0,0,5,5
2021-03-06,Central Cordoba,Banfield,1,1,3.46,3.09,2.14,3.61,3.03,2.29,Primera División,,20210306_Central-Cordoba_Banfield,-72.85293868359781,1.12,0.51,3,3,4,9,48.4,51.6,2,1,0,0,3,4
2021-03-06,Colon Santa FE,Aldosivi,2,1,1.68,3.53,4.99,1.7,3.64,5.37,Primera División,,20210306_Colon-Santa-FE_Aldosivi,38.46476817142411,1.23,0.69,5,1,13,1,54.3,45.7,0,1,0,0,7,2
2021-03-06,Godoy Cruz,Platense,3,1,2.4,3.11,2.93,2.48,3.25,3.0,Primera División,,20210306_Godoy-Cruz_Platense,-125.18188029285989,1.26,1.87,3,4,7,9,47.7,52.3,1,0,0,0,8,2
2021-03-06,Lanus,Atl. Tucuman,2,1,1.53,4.04,5.6,1.57,4.05,5.97,Primera División,,20210306_Lanus_Atl.-Tucuman,23.073201530951565,1.57,2.04,6,6,12,13,52.8,47.2,3,2,1,1,9,7
2021-03-06,Sarmiento Junin,Talleres Cordoba,1,1,3.28,3.06,2.24,3.44,3.23,2.25,Primera División,,20210306_Sarmiento-Junin_Talleres-Cordoba,-50.86785812514768,1.12,1.87,4,5,11,10,50.5,49.5,0,1,0,0,8,5
2021-03-07,Arsenal Sarandi,Estudiantes L.P.,0,5,3.4,3.14,2.14,3.69,3.19,2.17,Primera División,,20210307_Arsenal-Sarandi_Estudiantes-L.P.,15.798765064123472,0.68,2.4,3,6,8,13,51.1,48.9,0,4,0,0,6,4
2021-03-07,Gimnasia L.P.,Defensa y Justicia,1,1,2.76,3.07,2.55,2.9,3.13,2.63,Primera División,,20210307_Gimnasia-L.P._Defensa-y-Justicia,-43.09191407377057,0.37,0.8,1,1,4,2,49.0,51.0,1,0,0,0,6,3
2021-03-07,Patronato,Union de Santa Fe,0,1,3.25,3.04,2.26,3.45,3.05,2.35,Primera División,,20210307_Patronato_Union-de-Santa-Fe,-103.61333640884345,1.36,1.08,5,4,10,8,46.3,53.7,1,2,0,0,4,8
2021-03-07,San Lorenzo,Huracan,1,1,2.03,3.14,3.75,2.07,3.17,4.07,Primera División,,20210307_San-Lorenzo_Huracan,48.13712586891529,1.29,2.05,3,5,8,12,50.3,49.7,2,3,0,0,5,7
2021-03-08,Racing Club,Rosario Central,1,0,2.17,3.24,3.22,2.25,3.36,3.3,Primera División,,20210308_Racing-Club_Rosario-Central,21.897448752911487,0.57,0.36,3,1,7,1,51.2,48.8,1,0,0,0,6,7
2021-03-08,Velez Sarsfield,Boca Juniors,1,7,2.99,3.05,2.39,3.11,3.13,2.49,Primera División,,20210308_Velez-Sarsfield_Boca-Juniors,-22.38143158044909,0.05,1.96,1,7,2,14,50.3,49.7,3,1,0,0,4,11
2021-03-09,River Plate,Argentinos Jrs,0,1,1.29,5.13,9.24,1.3,5.39,10.55,Primera División,,20210309_River-Plate_Argentinos-Jrs,120.3231351605516,1.15,0.8,3,2,7,2,62.8,37.2,2,1,1,0,4,2
2021-03-10,Platense,Sarmiento Junin,1,1,2.84,3.0,2.53,3.0,3.05,2.61,Primera División,,20210310_Platense_Sarmiento-Junin,-8.980091467769853,0.95,0.56,3,1,7,2,49.3,50.7,3,2,0,0,4,1
2021-03-12,Aldosivi,Central Cordoba,1,2,2.61,2.98,2.76,2.79,2.97,2.86,Primera División,,20210312_Aldosivi_Central-Cordoba,-40.02272293194983,1.5,1.23,6,5,15,13,49.7,50.3,3,1,0,0,10,6
2021-03-13,Argentinos Jrs,Godoy Cruz,2,0,2.0,3.17,3.8,2.06,3.24,3.97,Primera División,,20210313_Argentinos-Jrs_Godoy-Cruz,127.41679506359583,2.06,0.93,8,4,16,10,57.3,42.7,2,2,0,0,6,7
2021-03-13,Defensa y Justicia,Newells Old Boys,4,0,1.92,3.39,3.84,1.93,3.47,4.14,Primera División,,20210313_Defensa-y-Justicia_Newells-Old-Boys,33.665441748202056,1.45,0.34,4,1,8,1,46.8,53.2,4,1,0,0,5,3
2021-03-13,Huracan,Lanus,0,0,3.29,3.3,2.11,3.47,3.4,2.16,Primera División,,20210313_Huracan_Lanus,-110.6762770629648,0.87,1.28,3,6,6,13,48.2,51.8,1,3,0,0,4,2
2021-03-13,Platense,Racing Club,0,2,3.49,3.17,2.1,3.64,3.33,2.13,Primera División,,20210313_Platense_Racing-Club,-48.032409188248494,0.74,0.88,2,3,6,8,41.8,58.2,4,3,0,0,4,7
2021-03-13,Talleres Cordoba,Velez Sarsfield,0,1,2.44,3.16,2.82,2.54,3.32,2.87,Primera División,,20210313_Talleres-Cordoba_Velez-Sarsfield,-50.38826923183342,0.52,0.41,0,1,1,0,49.3,50.7,4,0,0,0,2,0
2021-03-13,Union de Santa Fe,Gimnasia L.P.,1,1,2.53,3.02,2.84,2.58,3.14,2.96,Primera División,,20210313_Union-de-Santa-Fe_Gimnasia-L.P.,14.590174965584765,1.47,0.17,7,1,15,3,49.3,50.7,0,2,0,0,6,6
2021-03-14,Boca Juniors,River Plate,1,1,2.9,3.07,2.44,3.06,3.11,2.52,Primera División,,20210314_Boca-Juniors_River-Plate,28.729761577971885,0.74,0.49,3,2,7,5,54.6,45.4,0,1,1,0,6,1
2021-03-14,Estudiantes L.P.,Colon Santa FE,0,2,2.38,2.94,3.16,2.53,2.9,3.29,Primera División,,20210314_Estudiantes-L.P._Colon-Santa-FE,-16.00527529414512,0.74,1.19,3,3,6,8,47.0,53.0,2,2,0,0,4,3
2021-03-15,Atl. Tucuman,Patronato,4,2,2.16,3.11,3.39,2.2,3.23,3.57,Primera División,,20210315_Atl.-Tucuman_Patronato,127.31969251426517,1.44,0.94,5,4,12,9,53.3,46.7,1,3,0,0,7,6
2021-03-15,Banfield,San Lorenzo,0,0,1.95,3.08,4.12,2.08,3.01,4.3,Primera División,,20210315_Banfield_San-Lorenzo,49.58775001484082,1.15,0.87,4,1,9,4,55.1,44.9,1,0,0,0,2,3
2021-03-15,Rosario Central,Arsenal Sarandi,2,1,1.84,3.48,4.06,1.87,3.68,4.15,Primera División,,20210315_Rosario-Central_Arsenal-Sarandi,29.715661863080868,1.41,0.61,5,4,11,8,45.2,54.8,1,0,0,0,3,5
2021-03-16,Independiente,Sarmiento Junin,6,0,1.64,3.56,5.35,1.66,3.63,5.86,Primera División,,20210316_Independiente_Sarmiento-Junin,37.4241829508328,2.74,0.17,9,0,19,0,49.9,50.1,1,2,0,0,6,4
2021-03-19,Newells Old Boys,Union de Santa Fe,0,0,2.2,3.28,3.14,2.2,3.5,3.27,Primera División,,20210319_Newells-Old-Boys_Union-de-Santa-Fe,-18.462447947235432,0.53,1.98,1,7,2,16,49.0,51.0,4,0,0,0,1,7
2021-03-20,Banfield,Lanus,2,0,2.26,3.0,3.29,2.35,3.03,3.47,Primera División,,20210320_Banfield_Lanus,-14.258282188011435,1.03,1.34,4,5,9,11,51.0,49.0,4,2,0,0,7,7
2021-03-20,Central Cordoba,Estudiantes L.P.,1,1,3.41,3.03,2.19,3.55,3.15,2.25,Primera División,,20210320_Central-Cordoba_Estudiantes-L.P.,18.28081377604076,1.83,1.59,6,3,14,6,53.3,46.7,2,3,0,1,2,6
2021-03-20,Gimnasia L.P.,Atl. Tucuman,2,0,1.8,3.42,4.34,1.85,3.72,4.2,Primera División,,20210320_Gimnasia-L.P._Atl.-Tucuman,-28.534707212728108,1.3,0.86,5,2,10,6,49.1,50.9,1,2,0,0,5,7
2021-03-20,Patronato,Huracan,0,1,2.55,2.95,2.86,2.65,2.98,3.02,Primera División,,20210320_Patronato_Huracan,-73.61282921842599,0.06,0.91,1,3,1,5,49.8,50.2,2,2,0,0,2,8
2021-03-20,Velez Sarsfield,Independiente,1,0,2.37,3.15,2.97,2.49,3.29,2.95,Primera División,,20210320_Velez-Sarsfield_Independiente,60.21246363992077,0.52,0.78,3,4,7,9,55.2,44.8,2,1,0,0,5,6
2021-03-21,Colon Santa FE,Rosario Central,0,0,1.9,3.26,4.1,1.89,3.41,4.43,Primera División,,20210321_Colon-Santa-FE_Rosario-Central,-3.9471278097371396,0.07,0.86,0,3,0,5,45.0,55.0,1,3,0,0,0,3
2021-03-21,Godoy Cruz,River Plate,1,6,7.8,4.68,1.36,8.94,4.85,1.36,Primera División,,20210321_Godoy-Cruz_River-Plate,-224.5218315374043,0.25,2.49,1,8,2,17,40.8,59.2,1,2,0,0,4,15
2021-03-21,San Lorenzo,Aldosivi,1,2,1.84,3.32,4.32,1.83,3.55,4.54,Primera División,,20210321_San-Lorenzo_Aldosivi,70.65280320423517,1.65,0.38,5,2,14,6,54.6,45.4,2,2,0,0,8,2
2021-03-21,Sarmiento Junin,Defensa y Justicia,3,1,6.31,3.98,1.5,6.66,3.98,1.54,Primera División,,20210321_Sarmiento-Junin_Defensa-y-Justicia,-50.17268226984788,2.01,0.75,6,1,12,2,49.7,50.3,1,0,0,0,6,4
2021-03-22,Arsenal Sarandi,Platense,0,0,2.74,3.18,2.51,2.88,3.28,2.55,Primera División,,20210322_Arsenal-Sarandi_Platense,-26.694723302403645,0.74,1.69,4,4,8,10,50.9,49.1,3,0,0,0,1,10
2021-03-22,Boca Juniors,Talleres Cordoba,1,2,1.55,3.68,6.22,1.56,3.78,6.88,Primera División,,20210322_Boca-Juniors_Talleres-Cordoba,104.50749694944943,1.13,1.59,3,5,6,10,57.0,43.0,2,3,1,0,7,5
2021-03-23,Racing Club,Argentinos Jrs,1,0,2.29,3.11,3.13,2.34,3.26,3.22,Primera División,,20210323_Racing-Club_Argentinos-Jrs,16.38115676097027,0.9,0.95,4,3,7,7,56.2,43.8,3,4,0,0,8,5
2021-03-24,Atl. Tucuman,Huracan,1,1,2.25,3.23,3.08,2.27,3.37,3.26,Primera División,,20210324_Atl.-Tucuman_Huracan,46.80734190188082,0.91,0.87,2,3,4,8,48.7,51.3,2,1,0,0,2,2
2021-03-26,Lanus,Patronato,4,2,1.73,3.4,4.9,1.74,3.54,5.26,Primera División,,20210326_Lanus_Patronato,173.89506831553308,2.34,0.88,7,2,13,5,65.0,35.0,2,0,0,0,9,3
2021-03-27,Aldosivi,Banfield,1,1,3.5,2.98,2.19,3.77,3.03,2.23,Primera División,,20210327_Aldosivi_Banfield,-114.92324013414577,0.96,1.79,4,5,7,10,43.9,56.1,2,1,0,0,6,5
2021-03-27,Argentinos Jrs,Arsenal Sarandi,3,2,1.93,3.26,3.98,1.94,3.38,4.25,Primera División,,20210327_Argentinos-Jrs_Arsenal-Sarandi,66.69416559251113,1.04,1.83,3,8,5,16,53.5,46.5,2,3,0,0,8,6
2021-03-27,Platense,Colon Santa FE,1,3,3.51,3.07,2.14,3.69,3.21,2.16,Primera División,,20210327_Platense_Colon-Santa-FE,-22.082632304503704,1.21,2.03,3,5,6,10,45.1,54.9,0,1,0,0,3,6
2021-03-27,Union de Santa Fe,Sarmiento Junin,0,0,1.64,3.59,5.32,1.67,3.65,5.72,Primera División,,20210327_Union-de-Santa-Fe_Sarmiento-Junin,-1.0700637311413175,1.64,0.05,4,0,9,3,46.1,53.9,5,1,0,0,5,2
2021-03-28,Defensa y Justicia,Velez Sarsfield,1,1,2.31,3.22,2.99,2.41,3.33,3.04,Primera División,,20210328_Defensa-y-Justicia_Velez-Sarsfield,-92.55061100785815,1.42,1.74,5,6,13,13,47.0,53.0,1,0,0,0,7,5
2021-03-28,River Plate,Racing Club,0,0,1.35,4.58,8.59,1.36,4.45,10.8,Primera División,,20210328_River-Plate_Racing-Club,58.88694319007641,1.03,1.97,3,5,7,11,52.2,47.8,2,2,0,0,7,4
2021-03-28,Rosario Central,Central Cordoba,2,2,2.21,3.11,3.32,2.21,3.3,3.45,Primera División,,20210328_Rosario-Central_Central-Cordoba,25.061257317665877,0.74,1.45,3,5,7,13,52.8,47.2,3,0,0,0,3,7
2021-03-28,Talleres Cordoba,Godoy Cruz,1,1,1.52,4.01,5.94,1.54,4.03,6.46,Primera División,,20210328_Talleres-Cordoba_Godoy-Cruz,167.4390401583778,0.78,1.01,2,5,5,11,61.9,38.1,3,0,0,0,3,7
2021-03-29,Estudiantes L.P.,San Lorenzo,0,2,2.21,2.95,3.48,2.25,3.0,3.74,Primera División,,20210329_Estudiantes-L.P._San-Lorenzo,-12.625415566396214,0.61,0.49,2,2,3,3,51.6,48.4,3,1,0,0,2,1
2021-03-29,Independiente,Boca Juniors,1,1,3.69,2.96,2.15,3.9,3.03,2.18,Primera División,,20210329_Independiente_Boca-Juniors,-88.22459937379813,0.49,1.26,1,4,0,10,49.5,50.5,0,1,0,0,1,5
2021-03-30,Atl. Tucuman,Newells Old Boys,2,2,2.55,3.01,2.83,2.64,3.03,2.98,Primera División,,20210330_Atl.-Tucuman_Newells-Old-Boys,18.186869121072277,1.03,1.21,3,3,5,6,47.9,52.1,1,2,0,0,3,8
2021-03-30,Huracan,Gimnasia L.P.,1,1,4.06,3.36,1.87,4.4,3.48,1.88,Primera División,,20210330_Huracan_Gimnasia-L.P.,-42.63236458188203,1.06,1.34,4,4,8,9,47.9,52.1,1,5,0,0,4,5
2021-04-02,Patronato,Aldosivi,2,0,2.72,3.11,2.59,2.83,3.2,2.65,Primera División,,20210402_Patronato_Aldosivi,-79.97831159242992,1.19,1.09,5,3,11,4,53.7,46.3,5,0,0,0,3,4
2021-04-02,San Lorenzo,Rosario Central,2,0,2.1,3.14,3.55,2.11,3.22,3.84,Primera División,,20210402_San-Lorenzo_Rosario-Central,-17.026813209061856,1.29,0.3,6,2,14,5,47.5,52.5,2,0,0,0,6,1
2021-04-03,Boca Juniors,Defensa y Justicia,2,1,1.9,3.28,4.11,1.96,3.31,4.47,Primera División,,20210403_Boca-Juniors_Defensa-y-Justicia,94.5745460894359,1.13,0.21,3,1,7,3,49.5,50.5,1,3,0,0,6,3
2021-04-03,Central Cordoba,Platense,0,1,2.14,3.15,3.4,2.16,3.26,3.62,Primera División,,20210403_Central-Cordoba_Platense,12.798261941657074,0.05,0.18,0,1,0,2,45.7,54.3,1,2,1,0,1,4
2021-04-03,Gimnasia L.P.,Lanus,2,4,3.43,3.48,2.01,3.46,3.74,2.09,Primera División,,20210403_Gimnasia-L.P._Lanus,-44.96806630355741,1.55,1.74,5,5,12,11,51.3,48.7,1,2,0,0,6,6
2021-04-03,Sarmiento Junin,Atl. Tucuman,1,2,2.62,3.19,2.62,2.86,3.25,2.66,Primera División,,20210403_Sarmiento-Junin_Atl.-Tucuman,0.662121429531453,0.74,1.52,4,5,8,11,57.7,42.3,2,2,0,0,11,5
2021-04-03,Talleres Cordoba,Independiente,3,1,2.71,3.03,2.66,2.83,3.13,2.77,Primera División,,20210403_Talleres-Cordoba_Independiente,6.369340055706971,1.17,1.54,5,6,9,15,53.2,46.8,2,1,0,0,3,5
2021-04-04,Arsenal Sarandi,River Plate,0,0,10.73,6.18,1.22,12.08,6.63,1.23,Primera División,,20210404_Arsenal-Sarandi_River-Plate,-172.54125325381415,0.62,0.23,3,2,6,2,38.2,61.8,1,2,0,0,3,5
2021-04-04,Colon Santa FE,Argentinos Jrs,0,0,1.77,3.47,4.5,1.79,3.59,5.01,Primera División,,20210404_Colon-Santa-FE_Argentinos-Jrs,-18.243226383065803,1.07,0.05,5,0,12,0,50.4,49.6,1,0,0,0,7,2
2021-04-04,Newells Old Boys,Huracan,2,2,2.28,2.98,3.3,2.42,3.02,3.45,Primera División,,20210404_Newells-Old-Boys_Huracan,24.569012314211022,0.94,0.38,4,2,7,4,48.0,52.0,1,0,0,0,2,3
2021-04-04,Velez Sarsfield,Union de Santa Fe,4,1,1.99,3.26,3.74,2.1,3.33,3.89,Primera División,,20210404_Velez-Sarsfield_Union-de-Santa-Fe,113.19142307257948,1.79,1.26,6,4,14,10,57.1,42.9,1,2,0,0,9,4
2021-04-05,Racing Club,Godoy Cruz,2,4,1.68,3.64,4.84,1.73,3.82,5.1,Primera División,,20210405_Racing-Club_Godoy-Cruz,172.61710884117292,1.18,0.99,3,4,6,10,54.6,45.4,0,1,0,0,3,6
2021-04-06,Banfield,Estudiantes L.P.,2,2,4.11,3.43,1.84,4.27,3.63,1.9,Primera División,,20210406_Banfield_Estudiantes-L.P.,93.44370894234021,1.29,1.67,4,6,10,13,56.2,43.8,1,2,0,0,7,6
2021-04-10,Defensa y Justicia,Talleres Cordoba,2,2,2.99,3.2,2.33,3.31,3.4,2.29,Primera División,,20210410_Defensa-y-Justicia_Talleres-Cordoba,-39.2778329959217,0.97,0.91,3,3,8,6,45.2,54.8,0,3,0,0,3,2
2021-04-10,Estudiantes L.P.,Aldosivi,1,0,1.93,3.27,3.99,1.95,3.35,4.46,Primera División,,20210410_Estudiantes-L.P._Aldosivi,31.684681808236064,1.14,1.33,3,4,8,10,56.6,43.4,3,5,0,0,3,7
2021-04-10,Platense,San Lorenzo,2,4,4.24,3.26,1.88,4.58,3.34,1.93,Primera División,,20210410_Platense_San-Lorenzo,-19.250310403291678,0.59,0.99,2,4,4,10,46.9,53.1,2,0,0,0,2,4
2021-04-11,Argentinos Jrs,Central Cordoba,0,0,2.04,3.24,3.63,2.12,3.36,3.77,Primera División,,20210411_Argentinos-Jrs_Central-Cordoba,61.816549534343494,1.13,0.79,4,3,7,9,52.2,47.8,2,0,0,0,7,3
2021-04-11,Godoy Cruz,Arsenal Sarandi,2,3,2.17,3.35,3.15,2.2,3.61,3.3,Primera División,,20210411_Godoy-Cruz_Arsenal-Sarandi,-42.93147521261653,1.48,1.16,5,4,12,7,52.7,47.3,3,2,0,1,5,5
2021-04-11,Patronato,Gimnasia L.P.,4,1,2.74,3.0,2.64,2.9,3.1,2.73,Primera División,,20210411_Patronato_Gimnasia-L.P.,-116.65651602140383,2.09,1.19,7,4,16,10,54.0,46.0,4,1,0,0,5,5
2021-04-11,Racing Club,Independiente,1,0,3.18,3.06,2.31,3.41,3.05,2.43,Primera División,,20210411_Racing-Club_Independiente,16.558857979412323,0.77,0.29,3,2,5,4,50.4,49.6,2,3,0,0,7,3
2021-04-11,Rosario Central,Banfield,3,1,1.61,3.7,5.47,1.67,3.62,6.17,Primera División,,20210411_Rosario-Central_Banfield,-50.099044573436686,1.27,1.13,4,5,9,12,51.3,48.7,4,4,0,0,11,6
2021-04-11,Union de Santa Fe,Boca Juniors,1,0,3.58,3.23,2.06,3.91,3.36,2.08,Primera División,,20210411_Union-de-Santa-Fe_Boca-Juniors,-138.49654376067906,1.22,0.26,1,2,2,3,40.1,59.9,1,5,0,1,1,1
2021-04-12,Huracan,Sarmiento Junin,3,0,2.07,3.09,3.77,2.17,3.23,3.81,Primera División,,20210412_Huracan_Sarmiento-Junin,-29.292803874112224,0.41,1.06,3,3,7,10,49.7,50.3,0,1,0,0,13,4
2021-04-12,Lanus,Newells Old Boys,1,3,1.68,3.69,4.8,1.72,3.8,5.15,Primera División,,20210412_Lanus_Newells-Old-Boys,71.40381590508923,1.13,1.15,2,5,5,13,53.6,46.4,2,1,0,0,3,5
2021-04-12,River Plate,Colon Santa FE,3,2,1.42,4.29,7.25,1.45,4.36,8.42,Primera División,,20210412_River-Plate_Colon-Santa-FE,98.49869889718798,1.42,1.2,5,3,12,8,50.7,49.3,3,4,0,0,9,3
2021-04-13,Atl. Tucuman,Velez Sarsfield,2,0,3.28,3.3,2.13,3.48,3.46,2.19,Primera División,,20210413_Atl.-Tucuman_Velez-Sarsfield,-109.05772297773228,1.37,1.05,4,2,9,7,43.5,56.5,1,1,0,0,3,6
2021-04-16,Aldosivi,Rosario Central,0,1,2.9,3.08,2.44,3.03,3.16,2.59,Primera División,,20210416_Aldosivi_Rosario-Central,-93.35288611622036,0.35,1.81,1,6,0,13,47.8,52.2,4,0,0,0,2,9
2021-04-16,Talleres Cordoba,Union de Santa Fe,3,0,2.15,3.12,3.43,2.21,3.18,3.74,Primera División,,20210416_Talleres-Cordoba_Union-de-Santa-Fe,47.67997283393447,1.22,0.54,4,0,9,0,57.9,42.1,0,0,0,0,3,3
2021-04-16,Velez Sarsfield,Huracan,2,0,1.91,3.31,3.98,1.94,3.53,4.24,Primera División,,20210416_Velez-Sarsfield_Huracan,133.07709746976616,1.57,0.98,4,4,8,8,57.1,42.9,1,4,0,0,3,7
2021-04-17,Boca Juniors,Atl. Tucuman,3,1,1.52,4.05,5.86,1.54,4.4,6.26,Primera División,,20210417_Boca-Juniors_Atl.-Tucuman,85.72349424121171,1.17,1.36,5,4,9,11,56.8,43.2,0,1,0,0,8,7
2021-04-17,Central Cordoba,River Plate,0,5,7.63,4.22,1.41,8.54,4.26,1.46,Primera División,,20210417_Central-Cordoba_River-Plate,-149.90452408777082,0.25,1.17,1,5,2,10,47.3,52.7,2,4,0,0,2,9
2021-04-17,San Lorenzo,Argentinos Jrs,1,1,2.46,3.06,2.92,2.5,3.16,3.16,Primera División,,20210417_San-Lorenzo_Argentinos-Jrs,-17.032210572380336,1.69,0.42,6,2,13,4,45.1,54.9,3,2,0,0,10,7
2021-04-17,Sarmiento Junin,Lanus,1,0,3.99,3.37,1.89,4.44,3.56,1.88,Primera División,,20210417_Sarmiento-Junin_Lanus,-63.56297208908882,1.22,0.79,4,2,6,3,42.6,57.4,2,1,0,0,3,4
2021-04-18,Arsenal Sarandi,Racing Club,2,1,3.5,3.39,2.0,3.72,3.64,2.04,Primera División,,20210418_Arsenal-Sarandi_Racing-Club,-95.55851450693808,0.7,1.04,2,2,4,4,42.9,57.1,1,2,0,0,4,2
2021-04-18,Estudiantes L.P.,Gimnasia L.P.,0,0,2.09,3.13,3.6,2.14,3.27,3.83,Primera División,,20210418_Estudiantes-L.P._Gimnasia-L.P.,-7.629704871762215,0.5,0.37,1,1,2,3,49.1,50.9,3,3,0,0,3,2
2021-04-18,Independiente,Defensa y Justicia,1,0,2.65,3.1,2.66,2.81,3.17,2.76,Primera División,,20210418_Independiente_Defensa-y-Justicia,-3.430946197752064,1.79,0.07,6,0,12,2,52.1,47.9,2,2,0,0,12,3
2021-04-18,Newells Old Boys,Patronato,2,0,1.87,3.33,4.07,1.93,3.52,4.32,Primera División,,20210418_Newells-Old-Boys_Patronato,109.67947764750716,1.75,0.45,5,1,12,2,55.9,44.1,2,1,0,0,7,2
2021-04-19,Banfield,Platense,0,1,1.7,3.51,4.93,1.75,3.59,5.39,Primera División,,20210419_Banfield_Platense,58.81826999434929,0.33,0.62,0,2,0,4,52.3,47.7,1,2,1,0,3,3
2021-04-19,Colon Santa FE,Godoy Cruz,2,2,1.6,3.7,5.37,1.61,3.88,6.31,Primera División,,20210419_Colon-Santa-FE_Godoy-Cruz,107.78565301474964,0.85,1.31,2,3,3,6,47.0,53.0,0,1,0,0,4,5
2021-04-24,Argentinos Jrs,Banfield,1,1,2.66,2.96,2.77,2.88,2.98,2.77,Primera División,,20210424_Argentinos-Jrs_Banfield,13.560368143101414,1.09,1.08,4,4,7,8,50.8,49.2,1,1,0,0,6,5
2021-04-24,Godoy Cruz,Central Cordoba,1,0,2.34,3.47,2.75,2.51,3.62,2.78,Primera División,,20210424_Godoy-Cruz_Central-Cordoba,-63.023100717480474,1.11,0.05,4,1,9,1,49.6,50.4,3,1,0,0,6,3
2021-04-24,Huracan,Boca Juniors,0,2,4.31,3.19,1.89,4.8,3.23,1.93,Primera División,,20210424_Huracan_Boca-Juniors,-157.7521373791667,1.03,0.63,4,2,10,4,40.8,59.2,0,3,0,0,4,4
2021-04-24,Patronato,Sarmiento Junin,1,0,2.21,3.34,3.06,2.26,3.66,3.14,Primera División,,20210424_Patronato_Sarmiento-Junin,-111.16024966198233,1.44,0.64,5,2,11,5,45.5,54.5,4,1,0,0,3,4
2021-04-25,Defensa y Justicia,Arsenal Sarandi,0,1,1.36,4.57,8.51,1.38,4.66,9.01,Primera División,,20210425_Defensa-y-Justicia_Arsenal-Sarandi,32.235391766088924,0.64,1.01,3,4,6,10,48.6,51.4,2,1,0,0,9,4
2021-04-25,Lanus,Velez Sarsfield,1,2,2.43,3.3,2.76,2.47,3.45,2.86,Primera División,,20210425_Lanus_Velez-Sarsfield,-88.02723623259385,0.55,0.05,2,2,5,4,52.9,47.1,3,0,0,0,4,4
2021-04-25,Racing Club,Colon Santa FE,2,1,3.01,3.12,2.35,3.17,3.29,2.42,Primera División,,20210425_Racing-Club_Colon-Santa-FE,40.14182149591534,0.43,1.18,3,3,6,7,45.7,54.3,1,2,0,0,4,4
2021-04-25,River Plate,San Lorenzo,1,2,1.5,4.09,6.12,1.51,4.11,6.85,Primera División,,20210425_River-Plate_San-Lorenzo,115.87953674963592,1.16,1.3,4,4,9,11,58.1,41.9,3,2,0,0,6,8
2021-04-25,Union de Santa Fe,Independiente,0,0,2.81,2.97,2.6,2.98,2.99,2.76,Primera División,,20210425_Union-de-Santa-Fe_Independiente,-30.15486011536359,0.34,1.04,0,4,0,7,46.0,54.0,0,3,0,0,3,3
2021-04-26,Atl. Tucuman,Talleres Cordoba,2,3,3.18,3.29,2.19,3.3,3.45,2.27,Primera División,,20210426_Atl.-Tucuman_Talleres-Cordoba,-47.458771067579164,1.24,1.04,5,4,10,8,45.1,54.9,1,3,0,1,6,3
2021-04-26,Gimnasia L.P.,Newells Old Boys,2,1,1.97,3.26,3.78,2.03,3.4,4.06,Primera División,,20210426_Gimnasia-L.P._Newells-Old-Boys,-33.38784174114767,0.62,0.91,3,1,7,3,44.5,55.5,1,0,0,0,1,6
2021-04-26,Platense,Aldosivi,0,2,2.31,3.11,3.1,2.41,3.2,3.26,Primera División,,20210426_Platense_Aldosivi,80.06017370908512,0.5,1.7,1,5,3,12,45.7,54.3,2,1,0,0,3,10
2021-04-26,Rosario Central,Estudiantes L.P.,0,1,3.17,3.11,2.27,3.32,3.28,2.34,Primera División,,20210426_Rosario-Central_Estudiantes-L.P.,48.43849985834299,0.92,1.11,4,3,8,5,54.8,45.2,4,1,0,0,6,4
2021-04-30,Velez Sarsfield,Patronato,1,0,1.77,3.44,4.53,1.84,3.46,4.9,Primera División,,20210430_Velez-Sarsfield_Patronato,227.71761280823785,1.59,0.05,6,0,14,0,53.6,46.4,1,2,0,0,8,1
2021-05-01,Colon Santa FE,Arsenal Sarandi,2,0,1.37,4.79,7.44,1.38,5.31,7.91,Primera División,,20210501_Colon-Santa-FE_Arsenal-Sarandi,1.2474303328981478,1.05,0.1,4,0,9,2,53.8,46.2,2,2,0,0,6,1
2021-05-02,Aldosivi,Argentinos Jrs,1,3,2.6,3.01,2.79,2.72,3.07,2.94,Primera División,,20210502_Aldosivi_Argentinos-Jrs,-109.22878882948726,0.96,0.83,3,3,6,6,43.1,56.9,1,1,0,0,2,7
2021-05-02,Banfield,River Plate,1,0,5.74,3.98,1.54,6.17,4.1,1.58,Primera División,,20210502_Banfield_River-Plate,-97.25492679814101,1.04,0.24,4,2,9,5,48.1,51.9,1,2,0,0,8,4
2021-05-02,Boca Juniors,Lanus,1,0,1.71,3.52,4.9,1.75,3.55,5.44,Primera División,,20210502_Boca-Juniors_Lanus,113.39070393057636,0.85,0.53,3,4,9,10,46.3,53.7,1,4,0,0,4,3
2021-05-02,Central Cordoba,Racing Club,1,0,3.32,3.27,2.14,3.57,3.41,2.17,Primera División,,20210502_Central-Cordoba_Racing-Club,-102.46168066185237,1.1,0.65,4,2,10,3,45.4,54.6,2,0,0,0,8,1
2021-05-02,Defensa y Justicia,Union de Santa Fe,0,1,3.43,3.29,2.08,3.35,3.41,2.26,Primera División,,20210502_Defensa-y-Justicia_Union-de-Santa-Fe,-4.800279159747561,0.72,1.7,1,3,3,6,49.2,50.8,0,2,0,0,2,10
2021-05-02,Independiente,Atl. Tucuman,0,1,1.47,4.13,6.47,1.5,4.25,6.72,Primera División,,20210502_Independiente_Atl.-Tucuman,18.538799344341214,1.1,0.62,4,2,9,3,53.2,46.8,0,1,0,0,3,4
2021-05-02,San Lorenzo,Godoy Cruz,1,0,1.86,3.62,3.83,1.86,3.88,4.16,Primera División,,20210502_San-Lorenzo_Godoy-Cruz,112.99818472712445,0.58,2.21,2,7,5,16,61.9,38.1,1,1,0,0,2,11
2021-05-02,Talleres Cordoba,Huracan,1,1,1.69,3.53,5.03,1.77,3.55,5.3,Primera División,,20210502_Talleres-Cordoba_Huracan,118.55998783082964,0.73,0.69,1,3,3,5,50.4,49.6,4,3,0,0,5,3
2021-05-03,Estudiantes L.P.,Platense,2,0,1.52,3.9,6.35,1.53,4.15,6.85,Primera División,,20210503_Estudiantes-L.P._Platense,10.935960799651639,0.44,1.01,2,5,4,11,49.8,50.2,2,2,0,0,3,3
2021-05-03,Rosario Central,Newells Old Boys,3,0,2.17,3.09,3.42,2.19,3.28,3.69,Primera División,,20210503_Rosario-Central_Newells-Old-Boys,7.435297724532802,1.58,0.6,6,2,11,5,42.5,57.5,1,1,0,0,8,4
2021-05-03,Sarmiento Junin,Gimnasia L.P.,0,0,3.46,3.18,2.12,3.66,3.23,2.22,Primera División,,20210503_Sarmiento-Junin_Gimnasia-L.P.,-10.660153559400669,0.45,1.72,3,6,6,12,49.8,50.2,0,2,0,1,7,6
2021-05-08,Atl. Tucuman,Defensa y Justicia,5,0,1.17,6.76,15.53,1.18,6.89,18.97,Primera División,,20210508_Atl.-Tucuman_Defensa-y-Justicia,38.81244595376802,1.37,0.16,5,0,13,0,48.3,51.7,0,1,0,0,7,1
2021-05-08,Gimnasia L.P.,Velez Sarsfield,0,5,2.4,3.1,2.98,2.47,3.21,3.15,Primera División,,20210508_Gimnasia-L.P._Velez-Sarsfield,-142.7885331509367,0.37,1.81,0,6,0,14,43.8,56.2,3,0,0,0,0,11
2021-05-08,Godoy Cruz,Banfield,0,1,4.83,3.63,1.7,5.21,3.95,1.69,Primera División,,20210508_Godoy-Cruz_Banfield,-123.40550235928504,1.77,0.86,6,3,13,5,41.7,58.3,1,2,0,0,6,3
2021-05-08,Patronato,Boca Juniors,1,0,4.24,3.16,1.92,4.41,3.16,2.03,Primera División,,20210508_Patronato_Boca-Juniors,-248.34820413709417,1.13,1.28,5,5,13,12,46.7,53.3,0,3,0,0,3,4
2021-05-09,Argentinos Jrs,Estudiantes L.P.,2,0,2.58,2.98,2.83,2.72,3.06,2.95,Primera División,,20210509_Argentinos-Jrs_Estudiantes-L.P.,44.39169520678206,0.05,0.09,2,0,3,0,52.9,47.1,3,2,0,0,3,3
2021-05-09,Arsenal Sarandi,Central Cordoba,1,1,3.33,3.33,2.11,3.56,3.5,2.14,Primera División,,20210509_Arsenal-Sarandi_Central-Cordoba,12.436384406477828,0.29,1.6,1,5,5,11,54.4,45.6,2,4,0,1,8,3
2021-05-09,Colon Santa FE,Union de Santa Fe,1,1,2.16,3.23,3.29,2.22,3.38,3.48,Primera División,,20210509_Colon-Santa-FE_Union-de-Santa-Fe,-9.445165490747286,1.27,1.54,4,5,7,9,58.8,41.2,3,1,0,0,3,6
2021-05-09,Huracan,Independiente,1,3,3.76,3.09,2.07,3.99,3.23,2.11,Primera División,,20210509_Huracan_Independiente,-52.31537198642195,0.84,1.74,4,6,9,12,46.6,53.4,1,2,0,0,3,8
2021-05-09,Lanus,Talleres Cordoba,1,0,2.43,3.31,2.76,2.51,3.46,2.89,Primera División,,20210509_Lanus_Talleres-Cordoba,-64.67778965851289,0.86,1.48,3,6,4,13,46.1,53.9,2,0,0,0,1,6
2021-05-09,Platense,Rosario Central,4,1,3.74,3.32,1.98,3.88,3.52,2.03,Primera División,,20210509_Platense_Rosario-Central,-55.41560248441397,1.72,1.16,7,4,17,10,48.9,51.1,3,2,0,0,10,11
2021-05-09,Racing Club,San Lorenzo,2,0,2.26,3.17,3.15,2.34,3.28,3.33,Primera División,,20210509_Racing-Club_San-Lorenzo,0.5112811925241658,1.36,0.57,5,2,11,4,55.9,44.1,3,2,0,0,8,0
2021-05-09,River Plate,Aldosivi,4,1,1.2,6.2,12.72,1.22,6.5,14.28,Primera División,,20210509_River-Plate_Aldosivi,186.932532336358,1.79,1.24,5,4,12,8,60.0,40.0,2,4,0,1,4,6
2021-05-10,Newells Old Boys,Sarmiento Junin,1,1,2.03,3.3,3.61,2.06,3.49,3.81,Primera División,,20210510_Newells-Old-Boys_Sarmiento-Junin,5.6374120675486665,0.94,0.56,2,4,5,7,51.9,48.1,2,2,0,0,5,2
2021-05-15,Estudiantes L.P.,Independiente,0,0,2.71,2.95,2.71,2.76,3.01,2.87,Primera División,,20210515_Estudiantes-L.P._Independiente,-45.00246001161031,0.51,0.84,2,6,7,12,49.5,50.5,3,0,1,0,4,8
2021-05-16,Boca Juniors,River Plate,1,1,1.83,3.44,4.11,1.73,3.72,4.76,Primera División,,20210516_Boca-Juniors_River-Plate,16.958486405797885,0.55,0.62,1,2,3,4,52.7,47.3,1,1,0,0,3,1
2021-05-16,Colon Santa FE,Talleres Cordoba,1,1,2.19,3.18,3.29,2.24,3.29,3.41,Primera División,,20210516_Colon-Santa-FE_Talleres-Cordoba,-56.87225233551453,1.13,1.15,4,5,9,12,45.2,54.8,2,1,0,0,5,10
2021-05-16,Velez Sarsfield,Racing Club,0,0,2.19,3.18,3.28,2.22,3.32,3.41,Primera División,,20210516_Velez-Sarsfield_Racing-Club,87.47720216240555,0.98,0.07,2,1,3,2,53.3,46.7,1,1,0,0,2,3
2021-05-31,Independiente,Colon Santa FE,0,2,2.66,2.83,2.88,2.8,2.92,3.01,Primera División,,20210531_Independiente_Colon-Santa-FE,19.436146490445253,1.63,1.67,5,4,10,10,53.4,46.6,1,0,0,0,2,5
2021-05-31,Racing Club,Boca Juniors,0,0,4.9,3.44,1.72,5.39,3.52,1.76,Primera División,,20210531_Racing-Club_Boca-Juniors,-67.67835907141671,1.63,0.26,5,0,12,2,48.3,51.7,1,0,0,0,4,4
2021-06-04,Colon Santa FE,Racing Club,3,0,2.36,2.95,3.19,2.46,3.01,3.39,Primera División,,20210604_Colon-Santa-FE_Racing-Club,-36.290674878924165,1.15,1.43,4,5,8,12,50.7,49.3,3,1,0,0,6,9
2021-07-16,Union de Santa Fe,Boca Juniors,1,1,3.18,2.91,2.42,3.39,2.9,2.55,Primera División,,20210716_Union-de-Santa-Fe_Boca-Juniors,-105.17688949892681,0.95,1.15,3,4,8,9,43.3,56.7,1,1,0,0,7,4
2021-07-17,Aldosivi,Patronato,0,2,2.57,2.92,2.94,,,,Primera División,,20210717_Aldosivi_Patronato,-6.475159856673599,1.29,1.38,2,3,5,6,54.2,45.8,1,1,0,0,3,5
2021-07-17,Gimnasia L.P.,Platense,2,2,2.16,3.09,3.51,2.13,3.17,3.86,Primera División,,20210717_Gimnasia-L.P._Platense,7.554151379810264,0.61,1.27,2,4,5,9,51.4,48.6,2,0,0,0,1,1
2021-07-17,Lanus,Atl. Tucuman,4,2,2.15,3.28,3.33,2.24,3.25,3.59,Primera División,,20210717_Lanus_Atl.-Tucuman,-9.516431100864793,1.67,1.43,6,4,13,8,48.2,51.8,2,1,0,0,12,5
2021-07-17,Newells Old Boys,Talleres Cordoba,3,2,3.26,3.0,2.33,3.46,3.03,2.41,Primera División,,20210717_Newells-Old-Boys_Talleres-Cordoba,-76.40557130439129,1.54,1.32,5,4,13,7,48.7,51.3,1,2,0,0,8,5
2021-07-17,Sarmiento Junin,Estudiantes L.P.,0,3,3.58,2.9,2.23,3.75,3.0,2.31,Primera División,,20210717_Sarmiento-Junin_Estudiantes-L.P.,-6.200302970264374,0.05,1.41,1,5,1,10,51.2,48.8,1,2,0,0,1,5
2021-07-18,Arsenal Sarandi,San Lorenzo,1,1,3.07,3.03,2.41,,,,Primera División,,20210718_Arsenal-Sarandi_San-Lorenzo,-47.081518430841925,1.2,1.13,5,2,13,4,53.6,46.4,3,0,0,0,6,1
2021-07-18,Huracan,Defensa y Justicia,2,1,2.69,2.88,2.85,2.81,3.0,2.92,Primera División,,20210718_Huracan_Defensa-y-Justicia,-19.78513770829636,1.99,1.53,7,3,16,8,47.6,52.4,3,1,0,1,0,2
2021-07-18,River Plate,Colon Santa FE,1,2,1.67,3.73,5.04,1.68,3.72,5.72,Primera División,,20210718_River-Plate_Colon-Santa-FE,72.62376797466754,1.08,1.01,2,3,6,5,57.0,43.0,3,2,0,0,4,5
2021-07-18,Velez Sarsfield,Racing Club,0,0,2.85,2.95,2.64,2.93,2.97,2.82,Primera División,,20210718_Velez-Sarsfield_Racing-Club,92.49951551062395,0.75,0.39,1,2,3,4,62.0,38.0,1,1,0,0,4,6
2021-07-19,Central Cordoba,Banfield,1,1,2.63,2.93,2.91,2.76,2.96,3.01,Primera División,,20210719_Central-Cordoba_Banfield,-72.49879858867257,0.73,1.22,1,5,4,11,45.1,54.9,1,4,0,0,3,5
2021-07-19,Independiente,Argentinos Jrs,0,0,1.64,3.38,6.16,1.67,3.36,7.07,Primera División,,20210719_Independiente_Argentinos-Jrs,-34.55564068812396,1.77,1.44,6,3,11,8,52.5,47.5,3,3,0,0,11,5
2021-07-20,Godoy Cruz,Rosario Central,2,1,2.39,3.28,2.9,2.49,3.32,3.03,Primera División,,20210720_Godoy-Cruz_Rosario-Central,-99.95613992589938,1.84,0.61,4,2,9,4,43.6,56.4,2,2,0,0,6,2
2021-07-23,Atl. Tucuman,Huracan,1,0,2.36,3.14,3.07,2.41,3.2,3.27,Primera División,,20210723_Atl.-Tucuman_Huracan,54.91639174836996,1.66,0.97,5,4,12,8,49.1,50.9,1,2,0,0,5,6
2021-07-24,Colon Santa FE,Lanus,1,4,2.13,3.37,3.34,2.09,3.49,3.7,Primera División,,20210724_Colon-Santa-FE_Lanus,9.39892374379383,0.67,2.41,1,8,3,18,53.1,46.9,2,1,0,0,5,6
2021-07-24,Platense,Aldosivi,0,1,2.58,3.01,2.86,2.72,3.07,2.95,Primera División,,20210724_Platense_Aldosivi,79.38737452304758,1.33,1.78,5,6,11,13,52.3,47.7,1,4,0,0,4,10
2021-07-24,Racing Club,Gimnasia L.P.,0,0,2.21,2.95,3.62,2.24,3.03,3.9,Primera División,,20210724_Racing-Club_Gimnasia-L.P.,65.3689390212603,1.05,0.05,3,0,4,0,58.4,41.6,3,0,0,0,2,3
2021-07-24,San Lorenzo,Central Cordoba,1,0,2.5,2.96,3.04,2.71,2.94,3.09,Primera División,,20210724_San-Lorenzo_Central-Cordoba,54.57463963207874,0.84,0.72,3,1,6,1,51.4,48.6,2,2,0,0,0,4
2021-07-25,Banfield,Boca Juniors,0,0,1.6,3.57,5.9,1.74,3.29,5.9,Primera División,,20210725_Banfield_Boca-Juniors,-77.90806669105086,0.05,1.33,1,6,2,14,50.0,50.0,1,0,0,0,1,11
2021-07-25,Defensa y Justicia,Godoy Cruz,1,2,1.96,3.31,3.95,1.99,3.38,4.22,Primera División,,20210725_Defensa-y-Justicia_Godoy-Cruz,46.16038009530598,0.58,0.87,2,2,5,3,56.6,43.4,0,1,0,0,5,5
2021-07-25,Patronato,Sarmiento Junin,2,0,2.11,3.11,3.72,2.13,3.18,3.99,Primera División,,20210725_Patronato_Sarmiento-Junin,-42.46590786061688,0.5,0.65,2,1,3,2,50.0,50.0,1,1,0,0,2,4
2021-07-25,River Plate,Union de Santa Fe,4,0,1.36,4.68,8.19,1.37,4.81,9.76,Primera División,,20210725_River-Plate_Union-de-Santa-Fe,73.69926180025664,1.54,0.05,5,1,10,2,46.2,53.8,1,3,0,0,5,2
2021-07-25,Rosario Central,Velez Sarsfield,1,0,3.18,3.22,2.26,3.31,3.3,2.33,Primera División,,20210725_Rosario-Central_Velez-Sarsfield,-146.65930448546942,0.44,0.73,1,0,3,0,53.2,46.8,3,1,0,0,3,0
2021-07-26,Estudiantes L.P.,Independiente,0,1,2.63,2.9,2.93,2.75,2.92,3.06,Primera División,,20210726_Estudiantes-L.P._Independiente,-18.64418580563597,0.52,1.59,0,4,1,8,45.9,54.1,2,3,0,0,2,2
2021-07-26,Talleres Cordoba,Arsenal Sarandi,2,0,1.6,3.76,5.75,1.62,3.96,5.93,Primera División,,20210726_Talleres-Cordoba_Arsenal-Sarandi,64.62859475442997,1.48,1.01,3,2,8,2,51.7,48.3,0,5,0,0,6,1
2021-07-27,Aldosivi,Racing Club,0,2,3.67,3.07,2.13,3.86,3.19,2.17,Primera División,,20210727_Aldosivi_Racing-Club,-134.8620311220709,1.92,1.22,7,5,16,12,43.4,56.6,3,0,0,0,8,6
2021-07-27,Argentinos Jrs,Newells Old Boys,1,0,2.19,2.96,3.66,2.24,3.03,3.88,Primera División,,20210727_Argentinos-Jrs_Newells-Old-Boys,48.96157383229183,1.27,0.4,4,0,9,0,51.2,48.8,2,1,0,0,7,0
2021-07-27,Huracan,Colon Santa FE,1,1,3.15,3.12,2.33,3.25,3.23,2.4,Primera División,,20210727_Huracan_Colon-Santa-FE,-77.25043826164983,1.43,0.19,3,1,5,3,46.2,53.8,4,0,0,0,3,6
2021-07-28,Boca Juniors,San Lorenzo,0,2,3.43,2.93,2.27,3.64,3.01,2.28,Primera División,,20210728_Boca-Juniors_San-Lorenzo,78.11858193651483,2.44,0.47,8,2,18,3,51.8,48.2,0,1,0,0,12,2
2021-07-28,Godoy Cruz,Atl. Tucuman,1,2,2.66,3.21,2.64,2.77,3.28,2.73,Primera División,,20210728_Godoy-Cruz_Atl.-Tucuman,-103.19075429645977,0.8,1.8,2,7,2,17,37.8,62.2,1,2,0,0,1,10
2021-07-28,Independiente,Patronato,2,0,1.9,3.2,4.4,1.93,3.27,4.69,Primera División,,20210728_Independiente_Patronato,88.77935045836966,0.86,0.47,2,2,4,5,45.7,54.3,0,1,0,0,4,5
2021-07-28,Sarmiento Junin,Platense,1,0,2.76,2.88,2.78,2.89,2.94,2.89,Primera División,,20210728_Sarmiento-Junin_Platense,-5.657803434354719,0.9,0.87,1,3,3,5,43.9,56.1,2,2,0,0,3,3
2021-07-28,Union de Santa Fe,Banfield,0,1,2.4,2.85,3.37,2.5,2.92,3.44,Primera División,,20210728_Union-de-Santa-Fe_Banfield,-32.3562118363991,0.05,1.51,1,4,3,7,48.1,51.9,0,1,0,0,2,2
2021-07-28,Velez Sarsfield,Defensa y Justicia,0,0,2.18,3.03,3.61,2.2,3.1,3.89,Primera División,,20210728_Velez-Sarsfield_Defensa-y-Justicia,166.53517130191995,1.09,0.52,3,1,8,1,53.4,46.6,1,1,0,0,8,3
2021-07-29,Arsenal Sarandi,Argentinos Jrs,1,0,3.65,2.95,2.21,3.93,3.02,2.23,Primera División,,20210729_Arsenal-Sarandi_Argentinos-Jrs,-86.4922740651607,0.37,1.56,2,6,5,15,40.8,59.2,3,1,0,0,1,7
2021-07-29,Central Cordoba,Talleres Cordoba,2,1,2.97,3.02,2.51,3.09,3.06,2.61,Primera División,,20210729_Central-Cordoba_Talleres-Cordoba,-95.27784169828851,0.71,1.17,4,3,9,8,53.6,46.4,6,5,0,0,2,3
2021-07-29,Gimnasia L.P.,Rosario Central,1,0,2.51,3.0,2.99,2.58,3.02,3.19,Primera División,,20210729_Gimnasia-L.P._Rosario-Central,-19.519396133372766,0.22,1.14,1,5,1,14,46.1,53.9,0,4,0,0,1,4
2021-07-29,Lanus,River Plate,0,3,5.39,4.4,1.53,5.56,4.62,1.56,Primera División,,20210729_Lanus_River-Plate,-50.24530260505094,1.01,1.54,1,6,2,13,55.1,44.9,0,2,1,0,6,7
2021-07-30,Newells Old Boys,Estudiantes L.P.,4,2,3.35,2.92,2.34,3.5,2.98,2.43,Primera División,,20210730_Newells-Old-Boys_Estudiantes-L.P.,2.8957100815175636,1.62,1.08,4,3,10,5,53.5,46.5,2,1,0,0,5,2
2021-07-31,Colon Santa FE,Godoy Cruz,1,0,1.78,3.64,4.34,1.81,3.77,4.57,Primera División,,20210731_Colon-Santa-FE_Godoy-Cruz,111.19913867859486,1.25,1.02,1,2,3,4,51.7,48.3,3,1,0,0,0,7
2021-07-31,Lanus,Union de Santa Fe,1,1,2.08,3.27,3.56,2.11,3.35,3.83,Primera División,,20210731_Lanus_Union-de-Santa-Fe,43.0470921567985,1.22,1.14,5,3,11,6,53.0,47.0,2,1,0,0,4,6
2021-07-31,Racing Club,Sarmiento Junin,1,0,1.69,3.45,5.4,1.7,3.56,5.92,Primera División,,20210731_Racing-Club_Sarmiento-Junin,85.89014559487828,0.43,1.11,3,6,5,12,48.6,51.4,1,2,0,0,8,6
2021-08-01,Defensa y Justicia,Gimnasia L.P.,3,2,2.34,2.91,3.39,2.37,2.99,3.61,Primera División,,20210801_Defensa-y-Justicia_Gimnasia-L.P.,-41.25063313959572,1.51,1.28,4,6,8,12,49.3,50.7,2,3,0,0,5,6
2021-08-01,Platense,Independiente,1,1,4.12,3.12,1.98,4.51,3.22,1.99,Primera División,,20210801_Platense_Independiente,-88.76866501177233,1.14,0.48,5,3,10,5,51.9,48.1,2,1,0,0,4,5
2021-08-01,River Plate,Huracan,1,1,1.44,4.27,7.3,1.46,4.4,8.0,Primera División,,20210801_River-Plate_Huracan,150.3974803874671,0.58,0.7,1,1,2,1,57.3,42.7,1,2,0,0,3,0
2021-08-01,Talleres Cordoba,Boca Juniors,0,0,3.35,2.82,2.42,3.44,2.92,2.5,Primera División,,20210801_Talleres-Cordoba_Boca-Juniors,-58.233342125116906,0.8,1.11,1,4,1,9,42.1,57.9,0,4,0,0,4,5
2021-08-02,Argentinos Jrs,Central Cordoba,1,1,2.06,2.97,4.03,2.11,3.06,4.3,Primera División,,20210802_Argentinos-Jrs_Central-Cordoba,67.41730304120847,1.21,1.34,4,4,10,9,51.4,48.6,2,1,0,0,10,4
2021-08-02,Estudiantes L.P.,Arsenal Sarandi,4,0,1.71,3.43,5.25,1.76,3.43,5.62,Primera División,,20210802_Estudiantes-L.P._Arsenal-Sarandi,-12.832182433934122,0.4,0.05,4,1,7,0,48.5,51.5,1,0,0,0,6,3
2021-08-02,Patronato,Newells Old Boys,0,0,2.52,2.95,3.0,2.57,3.05,3.17,Primera División,,20210802_Patronato_Newells-Old-Boys,-71.21623236404889,1.33,1.51,2,5,3,11,41.3,58.7,1,0,0,0,3,5
2021-08-02,Rosario Central,Aldosivi,1,2,2.14,3.31,3.36,2.11,3.48,3.68,Primera División,,20210802_Rosario-Central_Aldosivi,88.36469109915856,0.85,1.14,2,4,5,9,52.9,47.1,1,2,0,0,2,3
2021-08-02,San Lorenzo,Banfield,1,1,2.76,2.93,2.76,2.88,3.02,2.82,Primera División,,20210802_San-Lorenzo_Banfield,-1.7359120815990536,0.94,1.03,3,2,8,5,54.3,45.7,0,0,0,0,6,3
2021-08-03,Atl. Tucuman,Velez Sarsfield,0,0,3.09,3.15,2.34,3.28,3.21,2.4,Primera División,,20210803_Atl.-Tucuman_Velez-Sarsfield,-68.44918332242628,0.31,1.31,1,5,2,10,56.6,43.4,0,2,0,0,3,6
2021-08-06,Sarmiento Junin,Rosario Central,1,0,2.66,2.91,2.87,2.67,2.97,3.11,Primera División,,20210806_Sarmiento-Junin_Rosario-Central,-18.372030090014732,1.69,1.22,4,2,8,1,52.9,47.1,0,0,0,0,4,1
2021-08-07,Banfield,Talleres Cordoba,0,1,2.75,2.89,2.79,2.89,2.96,2.87,Primera División,,20210807_Banfield_Talleres-Cordoba,9.105140917736435,1.71,0.69,7,2,14,3,52.4,47.6,0,1,0,0,4,3
2021-08-07,Huracan,Lanus,0,1,2.82,3.09,2.57,2.93,3.14,2.68,Primera División,,20210807_Huracan_Lanus,-73.22708044799379,1.86,0.56,6,2,14,5,37.9,62.1,5,2,0,0,10,10
2021-08-07,Newells Old Boys,Platense,1,0,1.84,3.32,4.54,1.92,3.29,4.79,Primera División,,20210807_Newells-Old-Boys_Platense,47.78134122695042,1.52,0.96,5,5,11,12,45.7,54.3,2,2,0,0,9,7
2021-08-07,Union de Santa Fe,San Lorenzo,4,0,2.48,2.95,3.06,2.61,3.04,3.12,Primera División,,20210807_Union-de-Santa-Fe_San-Lorenzo,-50.97237451406977,1.25,0.25,5,0,10,0,49.2,50.8,5,2,0,0,2,3
2021-08-08,Boca Juniors,Argentinos Jrs,1,1,2.12,2.81,4.12,2.12,2.83,4.74,Primera División,,20210808_Boca-Juniors_Argentinos-Jrs,55.97952538907225,0.05,0.54,1,3,0,5,55.0,45.0,2,0,0,0,3,2
2021-08-08,Gimnasia L.P.,Atl. Tucuman,1,0,2.44,3.16,2.93,2.52,3.23,3.07,Primera División,,20210808_Gimnasia-L.P._Atl.-Tucuman,-61.89057290102505,0.1,0.05,1,0,4,0,48.3,51.7,4,1,0,0,2,3
2021-08-08,Godoy Cruz,River Plate,2,1,4.84,3.78,1.68,4.82,3.83,1.76,Primera División,,20210808_Godoy-Cruz_River-Plate,-192.98882862163964,1.03,0.7,4,2,9,4,46.0,54.0,2,2,0,0,4,2
2021-08-08,Velez Sarsfield,Colon Santa FE,0,1,2.19,2.98,3.63,2.26,3.0,3.89,Primera División,,20210808_Velez-Sarsfield_Colon-Santa-FE,66.89576113813882,0.18,0.78,0,2,0,5,58.9,41.1,1,1,0,0,3,6
2021-08-09,Aldosivi,Defensa y Justicia,1,0,2.87,3.04,2.56,3.0,3.08,2.66,Primera División,,20210809_Aldosivi_Defensa-y-Justicia,-51.37182598848767,1.04,0.05,4,0,9,0,52.1,47.9,0,1,0,0,6,1
2021-08-09,Arsenal Sarandi,Patronato,2,2,2.96,2.98,2.54,3.06,3.1,2.61,Primera División,,20210809_Arsenal-Sarandi_Patronato,42.48388019179288,0.56,0.79,3,3,5,6,48.0,52.0,2,4,0,0,6,2
2021-08-09,Independiente,Racing Club,1,0,2.36,2.92,3.33,2.42,3.04,3.45,Primera División,,20210809_Independiente_Racing-Club,-27.947864030809342,0.87,0.44,4,2,8,5,52.7,47.3,4,2,0,0,8,3
2021-08-10,Central Cordoba,Estudiantes L.P.,1,2,3.53,3.05,2.19,3.69,3.1,2.28,Primera División,,20210810_Central-Cordoba_Estudiantes-L.P.,-8.090368604259993,1.16,1.31,4,3,11,7,48.4,51.6,1,0,0,0,4,8
2021-08-13,Colon Santa FE,Gimnasia L.P.,1,0,1.83,3.2,4.75,1.86,3.41,4.89,Primera División,,20210813_Colon-Santa-FE_Gimnasia-L.P.,58.942998253868154,0.86,0.88,4,1,10,2,49.6,50.4,2,1,0,0,6,4
2021-08-14,Argentinos Jrs,Banfield,2,0,2.22,2.94,3.59,2.25,3.04,3.84,Primera División,,20210814_Argentinos-Jrs_Banfield,3.3946229469497666,1.18,1.05,5,4,11,8,44.6,55.4,1,3,0,0,8,8
2021-08-14,Atl. Tucuman,Aldosivi,2,2,1.83,3.48,4.3,1.85,3.59,4.63,Primera División,,20210814_Atl.-Tucuman_Aldosivi,99.80005432449661,1.24,1.24,4,5,9,12,53.1,46.9,0,1,0,0,6,6
2021-08-14,Huracan,Union de Santa Fe,0,0,2.73,2.83,2.86,2.86,2.94,2.92,Primera División,,20210814_Huracan_Union-de-Santa-Fe,-56.39407573103108,0.8,0.35,1,1,3,2,42.9,57.1,2,1,0,0,3,2
2021-08-14,River Plate,Velez Sarsfield,2,0,1.76,3.51,4.63,1.81,3.63,4.78,Primera División,,20210814_River-Plate_Velez-Sarsfield,-5.449580580383326,1.02,0.18,3,1,4,3,48.5,51.5,1,6,0,0,3,5
2021-08-15,Estudiantes L.P.,Boca Juniors,1,0,3.46,2.8,2.35,3.64,2.92,2.4,Primera División,,20210815_Estudiantes-L.P._Boca-Juniors,-97.06949578244325,0.98,1.16,3,2,6,4,49.1,50.9,0,3,0,0,6,3
2021-08-15,Patronato,Central Cordoba,1,0,2.34,2.93,3.35,2.43,2.96,3.54,Primera División,,20210815_Patronato_Central-Cordoba,-33.26665153339741,0.97,0.83,3,3,7,8,48.2,51.8,4,2,1,0,5,6
2021-08-15,Platense,Arsenal Sarandi,2,1,2.43,2.9,3.19,2.54,2.87,3.31,Primera División,,20210815_Platense_Arsenal-Sarandi,-32.80061868257371,1.1,0.5,4,1,9,4,50.3,49.7,2,1,0,0,4,0
2021-08-15,Rosario Central,Independiente,1,2,4.56,3.39,1.81,4.78,3.5,1.85,Primera División,,20210815_Rosario-Central_Independiente,-83.35231624497237,0.97,1.25,3,5,6,13,44.9,55.1,1,1,0,0,5,9
2021-08-16,Racing Club,Newells Old Boys,2,0,1.96,3.24,3.95,1.99,3.31,4.35,Primera División,,20210816_Racing-Club_Newells-Old-Boys,39.61007361528914,0.44,0.53,2,1,6,3,53.9,46.1,4,3,0,0,3,4
2021-08-16,Talleres Cordoba,San Lorenzo,2,0,1.92,3.28,4.12,1.93,3.34,4.57,Primera División,,20210816_Talleres-Cordoba_San-Lorenzo,18.57326819476907,1.65,2.42,5,8,9,16,53.9,46.1,0,6,0,0,3,10
2021-08-17,Defensa y Justicia,Sarmiento Junin,4,2,2.02,3.08,4.0,2.09,3.19,4.15,Primera División,,20210817_Defensa-y-Justicia_Sarmiento-Junin,-15.040572605199714,1.97,0.87,6,2,11,2,51.7,48.3,1,1,0,0,5,4
2021-08-17,Lanus,Godoy Cruz,3,1,1.85,3.76,3.72,1.85,4.02,4.03,Primera División,,20210817_Lanus_Godoy-Cruz,117.05616241507892,1.78,1.21,7,5,16,11,54.6,45.4,1,2,0,0,5,8
2021-08-20,Aldosivi,Colon Santa FE,3,0,3.56,3.1,2.15,3.81,3.19,2.19,Primera División,,20210820_Aldosivi_Colon-Santa-FE,-131.71136975228183,1.03,1.68,3,7,6,16,46.9,53.1,1,1,1,0,5,6
2021-08-20,Banfield,Estudiantes L.P.,1,1,3.34,2.98,2.32,3.52,3.11,2.34,Primera División,,20210820_Banfield_Estudiantes-L.P.,14.378332116935098,0.73,1.85,2,6,5,14,53.1,46.9,2,1,0,0,2,7
2021-08-20,Sarmiento Junin,Atl. Tucuman,3,0,2.93,3.04,2.53,3.04,3.1,2.62,Primera División,,20210820_Sarmiento-Junin_Atl.-Tucuman,-70.07462280460823,0.89,0.64,3,2,2,4,47.8,52.2,3,1,0,0,0,5
2021-08-21,Arsenal Sarandi,Racing Club,0,3,4.16,3.19,1.96,4.56,3.35,1.93,Primera División,,20210821_Arsenal-Sarandi_Racing-Club,-99.0781829351422,0.68,2.0,2,6,3,12,43.0,57.0,1,3,0,0,4,6
2021-08-21,Central Cordoba,Platense,2,2,2.22,3.07,3.53,2.32,3.04,3.64,Primera División,,20210821_Central-Cordoba_Platense,0.22850255309049317,0.53,1.26,2,5,5,10,50.2,49.8,1,2,0,0,1,12
2021-08-21,Godoy Cruz,Huracan,1,1,2.24,3.21,3.24,2.24,3.38,3.44,Primera División,,20210821_Godoy-Cruz_Huracan,-34.84804946893996,1.11,0.58,4,2,9,5,45.6,54.4,0,2,0,0,9,3
2021-08-21,Independiente,Defensa y Justicia,0,0,1.94,3.33,3.95,1.95,3.49,4.24,Primera División,,20210821_Independiente_Defensa-y-Justicia,88.15294920024871,0.83,0.84,2,3,5,6,50.2,49.8,2,2,0,0,6,5
2021-08-21,Velez Sarsfield,Lanus,5,1,2.14,3.21,3.46,2.15,3.28,3.79,Primera División,,20210821_Velez-Sarsfield_Lanus,24.980138345179057,1.7,1.1,6,4,12,7,52.4,47.6,3,4,0,0,6,6
2021-08-22,Boca Juniors,Patronato,1,0,1.73,3.33,5.34,1.78,3.36,5.65,Primera División,,20210822_Boca-Juniors_Patronato,133.4541950630753,1.03,0.99,1,3,0,5,55.8,44.2,2,2,0,0,2,4
2021-08-22,Newells Old Boys,Rosario Central,1,1,2.22,3.23,3.26,2.26,3.37,3.41,Primera División,,20210822_Newells-Old-Boys_Rosario-Central,44.300979040373704,1.53,1.77,4,7,8,17,53.2,46.8,1,0,0,0,6,10
2021-08-22,San Lorenzo,Argentinos Jrs,0,1,3.91,3.1,2.05,4.19,3.15,2.09,Primera División,,20210822_San-Lorenzo_Argentinos-Jrs,-29.686085194424322,0.75,0.28,2,1,4,4,42.2,57.8,1,0,0,0,7,2
2021-08-22,Union de Santa Fe,Talleres Cordoba,1,2,2.85,2.96,2.63,2.97,3.04,2.72,Primera División,,20210822_Union-de-Santa-Fe_Talleres-Cordoba,-55.339610026890114,1.2,0.61,4,2,9,4,44.9,55.1,3,3,0,0,4,1
2021-08-23,Gimnasia L.P.,River Plate,1,1,5.2,3.67,1.66,5.77,3.73,1.68,Primera División,,20210823_Gimnasia-L.P._River-Plate,-113.99614912060838,1.04,0.68,2,3,6,8,52.3,47.7,1,1,0,0,5,5
2021-08-24,Atl. Tucuman,Independiente,2,0,2.91,3.01,2.56,3.08,3.04,2.64,Primera División,,20210824_Atl.-Tucuman_Independiente,-39.48307031351874,0.9,1.51,3,6,8,14,48.2,51.8,1,2,0,0,5,7
2021-08-24,Colon Santa FE,Sarmiento Junin,1,1,1.66,3.62,5.33,1.67,3.84,5.67,Primera División,,20210824_Colon-Santa-FE_Sarmiento-Junin,77.9652662009612,1.87,0.18,6,1,12,2,54.8,45.2,1,0,0,0,0,1
2021-08-24,Patronato,Banfield,1,1,3.17,2.87,2.47,3.4,2.92,2.52,Primera División,,20210824_Patronato_Banfield,-88.4075621439656,1.36,0.75,4,2,7,4,45.5,54.5,0,5,0,0,7,5
2021-08-25,Defensa y Justicia,Newells Old Boys,2,0,1.96,3.34,3.91,1.98,3.44,4.17,Primera División,,20210825_Defensa-y-Justicia_Newells-Old-Boys,-26.24854513911464,2.53,0.09,9,1,20,2,44.8,55.2,2,1,1,0,6,2
2021-08-25,Huracan,Velez Sarsfield,1,1,3.51,3.0,2.23,3.82,3.08,2.24,Primera División,,20210825_Huracan_Velez-Sarsfield,-135.73325552360575,0.69,0.66,4,2,9,4,43.6,56.4,2,0,0,0,2,6
2021-08-25,Lanus,Gimnasia L.P.,2,0,1.93,3.58,3.71,1.94,3.72,3.98,Primera División,,20210825_Lanus_Gimnasia-L.P.,55.14864947217961,0.61,1.01,2,3,6,7,50.3,49.7,2,3,0,0,4,9
2021-08-25,Racing Club,Central Cordoba,0,0,1.87,3.29,4.39,1.91,3.43,4.53,Primera División,,20210825_Racing-Club_Central-Cordoba,114.06691414252737,0.57,0.49,2,1,4,4,55.4,44.6,4,0,0,0,3,3
2021-08-25,Rosario Central,Arsenal Sarandi,4,0,2.03,3.4,3.57,2.01,3.55,3.92,Primera División,,20210825_Rosario-Central_Arsenal-Sarandi,4.081168604259119,1.63,0.87,5,2,11,4,52.2,47.8,2,3,0,0,7,2
2021-08-26,Argentinos Jrs,Talleres Cordoba,1,2,2.19,2.98,3.63,2.23,3.04,3.9,Primera División,,20210826_Argentinos-Jrs_Talleres-Cordoba,-10.73288012971716,0.29,1.67,2,5,4,11,44.7,55.3,2,1,0,0,3,6
2021-08-26,Estudiantes L.P.,San Lorenzo,2,0,1.78,3.46,4.6,1.84,3.53,4.81,Primera División,,20210826_Estudiantes-L.P._San-Lorenzo,-0.3788915773181998,0.59,0.76,3,2,8,4,50.1,49.9,1,2,0,0,5,4
2021-08-26,Godoy Cruz,Union de Santa Fe,1,2,2.7,3.15,2.64,2.75,3.28,2.75,Primera División,,20210826_Godoy-Cruz_Union-de-Santa-Fe,-76.07618681080362,1.37,0.76,5,3,10,8,46.6,53.4,2,1,0,0,5,2
2021-08-26,Platense,Boca Juniors,1,3,3.95,2.9,2.15,4.09,3.0,2.19,Primera División,,20210826_Platense_Boca-Juniors,-134.30385733792423,0.09,0.98,1,3,4,7,38.2,61.8,3,1,0,0,3,1
2021-08-27,River Plate,Aldosivi,2,0,1.31,5.26,9.03,1.33,5.29,10.53,Primera División,,20210827_River-Plate_Aldosivi,146.65264802752654,1.45,0.73,4,3,9,4,56.5,43.5,2,1,0,0,4,4
2021-08-28,Banfield,Platense,2,4,1.9,3.27,4.31,1.93,3.34,4.55,Primera División,,20210828_Banfield_Platense,78.63786717874586,0.95,1.6,2,4,5,11,46.9,53.1,1,1,0,0,4,6
2021-08-28,Gimnasia L.P.,Huracan,0,0,2.4,2.95,3.18,2.46,3.0,3.41,Primera División,,20210828_Gimnasia-L.P._Huracan,18.752726684496338,1.26,0.09,5,0,11,1,48.7,51.3,0,3,0,0,6,1
2021-08-29,Aldosivi,Lanus,2,3,2.98,3.31,2.33,3.13,3.42,2.37,Primera División,,20210829_Aldosivi_Lanus,-112.73549707147413,0.8,1.07,3,3,8,8,44.0,56.0,0,0,0,0,6,5
2021-08-29,Arsenal Sarandi,Defensa y Justicia,0,0,3.54,3.22,2.1,3.63,3.34,2.18,Primera División,,20210829_Arsenal-Sarandi_Defensa-y-Justicia,-43.85379643225542,1.07,0.89,3,5,8,11,44.8,55.2,2,2,1,1,6,4
2021-08-29,Central Cordoba,Rosario Central,2,4,2.32,3.2,3.09,2.31,3.38,3.29,Primera División,,20210829_Central-Cordoba_Rosario-Central,-9.789316728648373,1.12,1.6,4,6,8,14,49.8,50.2,2,1,0,0,4,7
2021-08-29,Independiente,Colon Santa FE,3,0,2.11,3.04,3.77,2.23,3.08,3.82,Primera División,,20210829_Independiente_Colon-Santa-FE,-7.892909907532157,0.76,0.33,3,2,7,5,53.2,46.8,3,1,0,0,6,0
2021-08-29,Velez Sarsfield,Godoy Cruz,3,0,1.53,4.21,5.72,1.56,4.43,5.81,Primera División,,20210829_Velez-Sarsfield_Godoy-Cruz,173.13248229883266,2.16,0.88,5,3,11,5,53.9,46.1,3,1,0,0,8,7
2021-08-30,Boca Juniors,Racing Club,0,0,2.04,3.0,4.13,2.08,3.1,4.34,Primera División,,20210830_Boca-Juniors_Racing-Club,31.407587490066817,1.15,0.5,5,3,12,5,47.9,52.1,2,5,0,0,6,6
2021-08-30,Newells Old Boys,Atl. Tucuman,1,2,2.09,3.41,3.39,2.21,3.5,3.39,Primera División,,20210830_Newells-Old-Boys_Atl.-Tucuman,-42.722063270302215,1.15,1.18,4,2,9,5,46.6,53.4,1,1,0,0,12,1
2021-08-30,San Lorenzo,Patronato,3,0,2.91,2.96,2.59,3.05,3.03,2.67,Primera División,,20210830_San-Lorenzo_Patronato,60.39843927106813,1.5,0.45,4,4,8,10,53.6,46.4,0,0,0,0,4,5
2021-08-30,Sarmiento Junin,River Plate,1,2,3.92,3.44,1.92,4.26,3.56,1.93,Primera División,,20210830_Sarmiento-Junin_River-Plate,-130.15977493051582,1.34,0.88,3,3,7,5,50.3,49.7,2,2,0,0,2,3
2021-08-30,Union de Santa Fe,Argentinos Jrs,1,0,2.67,2.81,2.97,2.77,2.9,3.07,Primera División,,20210830_Union-de-Santa-Fe_Argentinos-Jrs,-43.77296556758074,0.5,0.05,1,2,4,6,59.3,40.7,1,2,0,0,2,6
2021-08-31,Talleres Cordoba,Estudiantes L.P.,2,0,2.28,2.94,3.45,2.35,3.04,3.59,Primera División,,20210831_Talleres-Cordoba_Estudiantes-L.P.,62.36852142698899,0.17,0.19,2,1,3,1,54.5,45.5,3,1,0,0,0,2
2021-09-03,Defensa y Justicia,Central Cordoba,1,1,1.96,3.27,4.0,2.0,3.33,4.25,Primera División,,20210903_Defensa-y-Justicia_Central-Cordoba,35.99916350508215,0.97,0.08,4,1,10,4,49.8,50.2,2,2,0,0,9,6
2021-09-04,Atl. Tucuman,Arsenal Sarandi,0,0,1.65,3.78,5.1,1.67,3.94,5.42,Primera División,,20210904_Atl.-Tucuman_Arsenal-Sarandi,96.03982221921456,1.35,1.06,4,2,10,6,60.9,39.1,2,1,0,0,5,2
2021-09-04,Colon Santa FE,Newells Old Boys,1,1,2.22,3.29,3.22,2.3,3.36,3.33,Primera División,,20210904_Colon-Santa-FE_Newells-Old-Boys,61.64159001326766,1.2,0.27,4,2,9,5,50.4,49.6,0,2,0,0,8,6
2021-09-04,Huracan,Aldosivi,2,0,2.34,3.08,3.19,2.41,3.17,3.31,Primera División,,20210904_Huracan_Aldosivi,27.4964346112788,1.97,0.41,5,2,10,5,57.9,42.1,2,1,0,0,5,2
2021-09-04,Lanus,Sarmiento Junin,1,1,1.86,3.52,4.07,1.93,3.56,4.26,Primera División,,20210904_Lanus_Sarmiento-Junin,97.7523523919856,0.68,0.4,2,2,4,6,51.4,48.6,3,1,0,0,2,4
2021-09-04,Platense,San Lorenzo,1,1,2.59,3.05,2.83,2.81,3.07,2.85,Primera División,,20210904_Platense_San-Lorenzo,-51.87131130310581,1.28,0.88,3,3,6,6,52.1,47.9,1,1,0,0,6,6
2021-09-05,Godoy Cruz,Gimnasia L.P.,4,0,2.39,3.16,3.02,2.48,3.19,3.16,Primera División,,20210905_Godoy-Cruz_Gimnasia-L.P.,-70.90193058978934,1.79,0.72,5,1,10,2,47.4,52.6,0,5,0,0,5,6
2021-09-05,Patronato,Talleres Cordoba,0,0,3.4,3.04,2.25,3.6,3.09,2.31,Primera División,,20210905_Patronato_Talleres-Cordoba,-166.21762871976534,0.82,1.16,4,5,10,9,45.4,54.6,0,2,0,0,8,10
2021-09-05,Racing Club,Banfield,0,0,2.42,3.03,3.07,2.47,3.18,3.19,Primera División,,20210905_Racing-Club_Banfield,55.169513569484025,0.23,2.14,1,8,4,17,47.3,52.7,4,1,0,0,1,5
2021-09-05,Rosario Central,Boca Juniors,1,2,3.6,3.04,2.17,3.85,3.15,2.19,Primera División,,20210905_Rosario-Central_Boca-Juniors,-115.33331706927856,1.59,0.5,4,2,10,3,43.8,56.2,3,2,0,0,2,5
2021-09-06,Estudiantes L.P.,Argentinos Jrs,1,1,2.4,2.89,3.28,2.5,2.91,3.46,Primera División,,20210906_Estudiantes-L.P._Argentinos-Jrs,-24.741602445621538,1.42,1.38,5,4,12,8,56.1,43.9,3,0,0,0,8,7
2021-09-06,River Plate,Independiente,1,1,2.22,3.09,3.39,2.26,3.16,3.65,Primera División,,20210906_River-Plate_Independiente,60.81547004146523,2.03,1.78,6,6,13,13,58.2,41.8,1,2,0,0,8,6
2021-09-07,Velez Sarsfield,Union de Santa Fe,4,0,1.89,3.37,4.07,1.93,3.47,4.28,Primera División,,20210907_Velez-Sarsfield_Union-de-Santa-Fe,71.19563458433868,0.83,0.89,4,3,7,8,58.7,41.3,3,2,0,0,4,3
2021-09-13,Aldosivi,Godoy Cruz,1,4,2.85,3.35,2.4,2.89,3.48,2.5,Primera División,,20210913_Aldosivi_Godoy-Cruz,0.4791925796830583,0.69,1.97,3,5,8,11,56.3,43.7,0,1,0,0,4,6
2021-09-13,Independiente,Lanus,0,1,1.94,3.4,3.86,1.96,3.49,4.19,Primera División,,20210913_Independiente_Lanus,-7.631692204539149,1.61,0.43,5,1,11,4,52.1,47.9,2,0,1,0,2,3
2021-09-13,San Lorenzo,Racing Club,1,1,3.45,2.92,2.29,3.72,3.03,2.3,Primera División,,20210913_San-Lorenzo_Racing-Club,-52.483602048309194,0.23,1.65,2,6,5,14,43.4,56.6,0,4,0,0,3,7
2021-09-13,Sarmiento Junin,Huracan,0,0,2.88,2.96,2.61,2.99,3.09,2.67,Primera División,,20210913_Sarmiento-Junin_Huracan,-3.800908463972064,0.87,1.08,3,4,6,10,50.3,49.7,0,5,0,0,7,3
2021-09-14,Arsenal Sarandi,Colon Santa FE,0,0,3.57,3.32,2.06,3.79,3.42,2.09,Primera División,,20210914_Arsenal-Sarandi_Colon-Santa-FE,-88.5536204797204,0.26,1.15,0,3,0,5,46.4,53.6,2,4,0,0,2,5
2021-09-14,Central Cordoba,Atl. Tucuman,2,0,2.52,3.09,2.88,2.63,3.18,2.95,Primera División,,20210914_Central-Cordoba_Atl.-Tucuman,-86.72446451218389,1.21,1.01,3,3,6,8,50.6,49.4,2,1,0,0,5,7
2021-09-14,Gimnasia L.P.,Velez Sarsfield,0,0,4.11,3.28,1.93,4.41,3.44,1.93,Primera División,,20210914_Gimnasia-L.P._Velez-Sarsfield,-139.1618306696746,0.7,0.66,2,1,6,1,47.5,52.5,1,4,0,0,8,1
2021-09-14,Talleres Cordoba,Platense,2,1,1.7,3.49,5.18,1.71,3.65,5.55,Primera División,,20210914_Talleres-Cordoba_Platense,130.70311368449052,1.0,0.92,3,1,8,3,55.5,44.5,3,2,0,0,6,4
2021-09-15,Argentinos Jrs,Patronato,1,1,2.03,2.99,4.21,2.04,3.04,4.63,Primera División,,20210915_Argentinos-Jrs_Patronato,102.66052465550933,0.86,0.71,1,2,3,5,56.0,44.0,0,3,0,0,5,5
2021-09-15,Banfield,Rosario Central,1,2,2.33,3.22,3.06,2.42,3.26,3.19,Primera División,,20210915_Banfield_Rosario-Central,40.966190393848365,0.75,0.37,1,2,3,7,54.7,45.3,0,1,0,0,1,11
2021-09-15,Boca Juniors,Defensa y Justicia,0,0,1.8,3.17,5.14,1.82,3.23,5.64,Primera División,,20210915_Boca-Juniors_Defensa-y-Justicia,121.84303720568732,1.07,0.37,4,3,10,7,54.2,45.8,3,1,0,0,5,1
2021-09-15,Union de Santa Fe,Estudiantes L.P.,0,2,3.47,3.1,2.19,3.63,3.26,2.22,Primera División,,20210915_Union-de-Santa-Fe_Estudiantes-L.P.,-2.4514750088148958,0.58,1.84,1,3,2,6,44.2,55.8,1,4,0,0,2,7
2021-09-16,Newells Old Boys,River Plate,1,4,5.47,4.01,1.57,5.69,4.14,1.61,Primera División,,20210916_Newells-Old-Boys_River-Plate,-134.9230161376322,1.13,1.3,2,4,6,9,48.1,51.9,1,2,0,0,3,4
2021-09-18,Godoy Cruz,Sarmiento Junin,1,1,1.98,3.36,3.74,2.01,3.44,4.07,Primera División,,20210918_Godoy-Cruz_Sarmiento-Junin,-34.394010663985455,0.61,0.88,1,4,2,8,42.8,57.2,1,0,0,0,2,6
2021-09-18,Racing Club,Talleres Cordoba,1,2,2.76,2.89,2.78,2.86,2.97,2.88,Primera División,,20210918_Racing-Club_Talleres-Cordoba,-39.39124285098319,0.05,2.48,1,8,0,19,48.2,51.8,1,1,0,0,1,11
2021-09-18,Velez Sarsfield,Aldosivi,3,2,1.43,4.32,7.53,1.44,4.49,8.24,Primera División,,20210918_Velez-Sarsfield_Aldosivi,188.20533275201342,2.16,2.44,9,7,20,15,57.9,42.1,3,3,0,0,5,5
2021-09-19,Atl. Tucuman,Boca Juniors,1,2,3.44,2.94,2.29,3.79,2.97,2.31,Primera División,,20210919_Atl.-Tucuman_Boca-Juniors,-79.53064800173229,0.51,1.22,2,4,4,9,42.4,57.6,2,3,0,0,5,7
2021-09-19,Colon Santa FE,Central Cordoba,1,0,2.13,3.15,3.55,2.17,3.25,3.78,Primera División,,20210919_Colon-Santa-FE_Central-Cordoba,67.77985448137633,0.67,1.26,2,5,4,11,55.1,44.9,3,3,0,0,2,9
2021-09-19,Huracan,Independiente,0,1,3.47,2.9,2.3,3.64,2.98,2.36,Primera División,,20210919_Huracan_Independiente,-68.13478805703744,1.11,1.5,4,4,8,9,44.0,56.0,1,3,0,0,7,4
2021-09-19,Patronato,Estudiantes L.P.,1,2,3.94,3.11,2.03,4.31,3.23,2.03,Primera División,,20210919_Patronato_Estudiantes-L.P.,-88.09440145914846,1.13,1.65,4,5,8,11,50.0,50.0,3,2,0,0,5,9
2021-09-19,Platense,Argentinos Jrs,0,0,3.98,3.09,2.03,4.26,3.18,2.06,Primera División,,20210919_Platense_Argentinos-Jrs,-82.06650053144699,1.11,0.05,4,0,8,0,48.5,51.5,2,5,0,0,3,0
2021-09-20,Gimnasia L.P.,Union de Santa Fe,1,0,2.67,2.84,2.92,2.73,2.88,3.13,Primera División,,20210920_Gimnasia-L.P._Union-de-Santa-Fe,-32.336254516534154,0.07,0.54,1,0,2,0,40.4,59.6,1,0,0,0,0,1
2021-09-20,Lanus,Newells Old Boys,1,2,2.18,3.37,3.22,2.27,3.42,3.33,Primera División,,20210920_Lanus_Newells-Old-Boys,105.19515373227887,1.43,1.25,3,6,5,12,57.3,42.7,1,0,0,0,3,2
2021-09-20,River Plate,Arsenal Sarandi,1,0,1.25,5.58,11.27,1.26,5.91,13.08,Primera División,,20210920_River-Plate_Arsenal-Sarandi,170.61585863247615,0.71,0.4,3,2,8,2,61.1,38.9,1,1,0,0,5,4
2021-09-20,Rosario Central,San Lorenzo,1,0,2.14,3.42,3.24,2.16,3.57,3.45,Primera División,,20210920_Rosario-Central_San-Lorenzo,-28.26349236528904,1.23,0.5,4,0,9,0,54.7,45.3,2,2,0,0,7,2
2021-09-21,Defensa y Justicia,Banfield,0,0,2.28,3.04,3.32,2.31,3.15,3.53,Primera División,,20210921_Defensa-y-Justicia_Banfield,-13.710288248377537,1.9,1.09,6,4,13,9,49.6,50.4,2,2,0,0,6,5
2021-09-24,Sarmiento Junin,Velez Sarsfield,0,1,4.06,3.29,1.92,4.26,3.46,1.95,Primera División,,20210924_Sarmiento-Junin_Velez-Sarsfield,-137.5102039296803,0.82,0.36,3,1,5,2,41.5,58.5,1,1,0,0,7,2
2021-09-25,Aldosivi,Gimnasia L.P.,1,3,2.84,3.11,2.56,2.76,3.2,2.8,Primera División,,20210925_Aldosivi_Gimnasia-L.P.,-77.35573282243149,0.7,1.53,1,6,2,15,49.0,51.0,2,1,0,0,1,9
2021-09-25,Arsenal Sarandi,Lanus,1,0,3.82,3.41,1.94,4.07,3.53,1.98,Primera División,,20210925_Arsenal-Sarandi_Lanus,-116.7792547126312,0.46,0.89,1,3,3,6,50.1,49.9,2,1,0,0,3,1
2021-09-25,Banfield,Atl. Tucuman,2,0,2.06,3.22,3.7,2.08,3.3,3.98,Primera División,,20210925_Banfield_Atl.-Tucuman,-11.687541961309535,1.02,1.48,3,5,8,10,48.7,51.3,1,5,0,0,7,6
2021-09-25,Estudiantes L.P.,Platense,1,1,1.82,3.29,4.58,1.86,3.35,4.97,Primera División,,20210925_Estudiantes-L.P._Platense,80.63047821889631,1.51,0.82,5,3,12,5,53.0,47.0,2,3,0,0,7,3
2021-09-25,Talleres Cordoba,Rosario Central,4,1,1.68,3.84,4.75,1.68,4.09,5.12,Primera División,,20210925_Talleres-Cordoba_Rosario-Central,114.2114611353461,1.91,0.91,6,2,15,2,57.0,43.0,2,1,0,0,11,4
2021-09-26,Central Cordoba,River Plate,1,3,5.12,3.98,1.61,5.27,4.17,1.65,Primera División,,20210926_Central-Cordoba_River-Plate,-172.0574723341831,0.05,2.27,1,8,3,18,43.3,56.7,2,4,0,0,3,7
2021-09-26,Independiente,Godoy Cruz,1,4,1.91,3.35,4.03,1.98,3.41,4.24,Primera División,,20210926_Independiente_Godoy-Cruz,114.55951712650312,0.45,1.38,3,5,8,12,50.8,49.2,0,2,0,0,7,9
2021-09-26,San Lorenzo,Defensa y Justicia,2,1,2.9,2.94,2.61,2.98,3.0,2.75,Primera División,,20210926_San-Lorenzo_Defensa-y-Justicia,14.377062946074147,1.57,1.64,5,6,10,14,51.6,48.4,0,3,0,0,4,7
2021-09-26,Union de Santa Fe,Patronato,2,0,2.39,2.93,3.25,2.51,2.98,3.35,Primera División,,20210926_Union-de-Santa-Fe_Patronato,57.71952258993451,0.57,0.54,2,2,5,7,57.8,42.2,0,1,0,0,7,7
2021-09-27,Argentinos Jrs,Racing Club,2,0,2.33,2.81,3.52,2.41,2.89,3.67,Primera División,,20210927_Argentinos-Jrs_Racing-Club,-16.757469088515336,0.36,0.05,2,0,3,2,51.2,48.8,0,2,1,0,1,2
2021-09-27,Boca Juniors,Colon Santa FE,1,0,1.75,3.17,5.53,1.83,3.22,5.58,Primera División,,20210927_Boca-Juniors_Colon-Santa-FE,68.21782170365054,1.01,1.24,4,5,7,10,51.5,48.5,4,2,0,0,2,5
2021-09-28,Newells Old Boys,Huracan,0,1,2.7,2.97,2.76,2.82,2.99,2.91,Primera División,,20210928_Newells-Old-Boys_Huracan,19.246862898000927,0.25,0.99,1,1,2,2,45.3,54.7,0,1,0,0,1,5
2021-10-01,Aldosivi,Union de Santa Fe,1,2,2.81,3.03,2.61,2.93,3.07,2.73,Primera División,,20211001_Aldosivi_Union-de-Santa-Fe,-102.86080154067122,0.9,1.41,4,6,9,15,52.4,47.6,1,3,0,0,4,7
2021-10-02,Atl. Tucuman,San Lorenzo,0,0,2.14,3.23,3.42,2.18,3.31,3.65,Primera División,,20211002_Atl.-Tucuman_San-Lorenzo,-13.83305288319525,0.56,1.26,3,4,8,9,48.3,51.7,1,1,0,0,3,5
2021-10-02,Godoy Cruz,Newells Old Boys,2,2,1.95,3.54,3.68,1.92,3.78,4.02,Primera División,,20211002_Godoy-Cruz_Newells-Old-Boys,-17.835345981202636,0.48,2.3,2,5,7,9,47.8,52.2,2,2,0,0,8,6
2021-10-02,Huracan,Arsenal Sarandi,1,0,1.86,3.22,4.57,1.83,3.38,5.14,Primera División,,20211002_Huracan_Arsenal-Sarandi,20.165660490800065,0.05,0.41,1,1,3,3,49.1,50.9,5,1,0,0,1,3
2021-10-02,Lanus,Central Cordoba,2,1,1.98,3.35,3.77,1.99,3.45,4.11,Primera División,,20211002_Lanus_Central-Cordoba,95.7541793423145,0.58,0.97,2,3,4,9,48.4,51.6,0,1,0,0,0,5
2021-10-02,Platense,Patronato,0,0,2.57,2.93,2.97,2.62,2.97,3.18,Primera División,,20211002_Platense_Patronato,38.26623383479955,0.83,0.82,1,3,6,6,56.9,43.1,1,3,0,0,0,5
2021-10-03,Gimnasia L.P.,Sarmiento Junin,0,1,1.99,3.13,4.06,2.0,3.26,4.36,Primera División,,20211003_Gimnasia-L.P._Sarmiento-Junin,31.378611508704353,1.04,1.06,2,4,4,9,55.2,44.8,2,1,0,0,5,8
2021-10-03,River Plate,Boca Juniors,2,1,2.28,3.01,3.35,2.24,3.19,3.66,Primera División,,20211003_River-Plate_Boca-Juniors,13.50948989250901,0.97,2.03,4,7,7,16,50.0,50.0,1,1,0,0,6,9
2021-10-03,Rosario Central,Argentinos Jrs,0,1,3.2,3.23,2.25,3.29,3.36,2.32,Primera División,,20211003_Rosario-Central_Argentinos-Jrs,-57.54201674422097,0.57,0.31,0,1,3,1,47.0,53.0,3,3,0,0,2,2
2021-10-03,Velez Sarsfield,Independiente,3,3,2.06,3.11,3.86,2.11,3.12,4.18,Primera División,,20211003_Velez-Sarsfield_Independiente,78.27984648789334,2.56,2.18,9,6,20,11,60.1,39.9,1,0,0,0,9,3
2021-10-04,Defensa y Justicia,Talleres Cordoba,3,0,2.77,2.91,2.75,2.8,2.98,2.94,Primera División,,20211004_Defensa-y-Justicia_Talleres-Cordoba,-145.96830864469484,1.0,0.97,4,2,9,4,40.5,59.5,1,4,0,0,3,3
2021-10-04,Racing Club,Estudiantes L.P.,1,1,2.9,2.83,2.7,3.04,2.86,2.82,Primera División,,20211004_Racing-Club_Estudiantes-L.P.,2.7852696864583777,0.75,0.27,4,1,10,1,47.4,52.6,2,0,1,0,5,2
2021-10-05,Colon Santa FE,Banfield,0,0,2.26,2.97,3.46,2.35,3.04,3.6,Primera División,,20211005_Colon-Santa-FE_Banfield,19.52339237421802,0.21,0.49,0,1,1,0,44.4,55.6,2,1,0,0,1,2
2021-10-08,Central Cordoba,Huracan,1,2,2.35,2.94,3.33,2.43,2.99,3.49,Primera División,,20211008_Central-Cordoba_Huracan,-50.99507350434146,0.53,1.0,2,5,5,10,44.2,55.8,2,1,0,0,4,3
2021-10-08,Estudiantes L.P.,Rosario Central,2,2,1.63,3.9,5.04,1.66,4.07,5.28,Primera División,,20211008_Estudiantes-L.P._Rosario-Central,56.48428925026769,1.14,0.36,3,2,9,5,53.4,46.6,2,3,0,0,3,2
2021-10-08,Union de Santa Fe,Platense,1,2,1.99,3.09,4.17,2.0,3.18,4.52,Primera División,,20211008_Union-de-Santa-Fe_Platense,49.366392701523864,1.7,0.58,5,2,12,3,56.2,43.8,1,2,0,0,8,5
2021-10-09,Argentinos Jrs,Defensa y Justicia,0,2,2.47,2.94,3.11,2.58,2.98,3.23,Primera División,,20211009_Argentinos-Jrs_Defensa-y-Justicia,66.18195814882392,1.16,1.22,5,5,12,11,56.5,43.5,1,1,0,0,5,5
2021-10-09,Banfield,River Plate,0,1,2.51,3.08,2.89,2.57,3.18,3.04,Primera División,,20211009_Banfield_River-Plate,-131.4580493191679,0.05,1.05,0,2,0,5,45.8,54.2,1,4,0,0,1,5
2021-10-09,Newells Old Boys,Velez Sarsfield,1,2,3.75,3.56,1.92,3.95,3.66,1.97,Primera División,,20211009_Newells-Old-Boys_Velez-Sarsfield,-141.32198772103902,1.43,1.15,5,4,11,9,46.0,54.0,0,2,0,0,7,5
2021-10-09,Patronato,Racing Club,1,2,2.23,2.97,3.55,2.34,3.04,3.61,Primera División,,20211009_Patronato_Racing-Club,-114.79756110677658,0.43,0.8,1,3,3,7,48.4,51.6,1,0,0,0,4,7
2021-10-09,Sarmiento Junin,Aldosivi,3,0,2.22,3.14,3.37,2.31,3.15,3.52,Primera División,,20211009_Sarmiento-Junin_Aldosivi,86.34859545692507,1.62,0.88,6,4,13,10,55.9,44.1,1,0,0,0,7,8
2021-10-10,Boca Juniors,Lanus,4,2,1.74,3.43,4.95,1.78,3.52,5.32,Primera División,,20211010_Boca-Juniors_Lanus,55.48571967198495,1.47,0.98,6,3,14,8,59.2,40.8,0,2,0,0,6,4
2021-10-11,Arsenal Sarandi,Godoy Cruz,0,0,3.08,3.29,2.28,3.09,3.41,2.4,Primera División,,20211011_Arsenal-Sarandi_Godoy-Cruz,-8.168763899701844,0.59,0.29,1,1,2,4,49.5,50.5,1,3,0,0,3,4
2021-10-11,Independiente,Gimnasia L.P.,1,1,1.89,3.13,4.54,1.91,3.22,4.98,Primera División,,20211011_Independiente_Gimnasia-L.P.,58.55933375244285,1.07,1.09,4,6,9,14,53.0,47.0,0,1,0,0,10,10
2021-10-11,San Lorenzo,Colon Santa FE,1,2,2.98,2.87,2.6,3.15,2.92,2.68,Primera División,,20211011_San-Lorenzo_Colon-Santa-FE,-18.613759117876725,1.63,0.5,6,3,13,7,55.1,44.9,0,1,0,0,7,7
2021-10-12,Talleres Cordoba,Atl. Tucuman,2,0,1.54,4.0,5.92,1.56,4.19,6.32,Primera División,,20211012_Talleres-Cordoba_Atl.-Tucuman,105.17485497323355,1.3,0.67,5,3,10,7,59.4,40.6,1,1,0,0,8,6
2021-10-15,Godoy Cruz,Central Cordoba,0,0,1.71,3.8,4.48,1.74,3.98,4.79,Primera División,,20211015_Godoy-Cruz_Central-Cordoba,26.358754626289738,1.39,0.5,4,3,8,5,53.1,46.9,2,5,0,0,1,3
2021-10-15,Racing Club,Platense,0,1,2.03,3.02,4.03,2.16,2.96,4.3,Primera División,,20211015_Racing-Club_Platense,73.64364388571971,0.74,1.1,1,3,0,8,50.2,49.8,2,1,0,0,4,3
2021-10-15,Rosario Central,Patronato,3,2,2.35,3.23,2.99,2.49,3.25,3.09,Primera División,,20211015_Rosario-Central_Patronato,65.82757582733302,0.81,0.21,3,2,5,4,52.2,47.8,2,0,0,0,3,5
2021-10-16,Defensa y Justicia,Estudiantes L.P.,2,1,2.26,2.94,3.44,2.3,2.96,3.81,Primera División,,20211016_Defensa-y-Justicia_Estudiantes-L.P.,-28.870661544176528,0.26,0.52,2,1,3,3,44.9,55.1,3,1,0,0,0,2
2021-10-16,Gimnasia L.P.,Newells Old Boys,1,0,2.12,3.24,3.43,2.2,3.29,3.64,Primera División,,20211016_Gimnasia-L.P._Newells-Old-Boys,19.17554817879136,1.42,0.49,3,3,6,7,45.5,54.5,1,2,0,0,4,3
2021-10-16,Lanus,Banfield,1,1,2.47,3.15,2.86,2.51,3.27,3.05,Primera División,,20211016_Lanus_Banfield,36.96039517116196,0.98,1.86,4,5,9,12,53.2,46.8,5,1,0,0,4,12
2021-10-16,Sarmiento Junin,Union de Santa Fe,3,4,2.5,3.0,2.96,2.56,3.09,3.13,Primera División,,20211016_Sarmiento-Junin_Union-de-Santa-Fe,-10.836177485443159,1.08,1.13,4,4,9,9,56.6,43.4,3,1,0,0,5,6
2021-10-16,Velez Sarsfield,Arsenal Sarandi,0,0,1.51,4.01,6.27,1.51,4.17,7.33,Primera División,,20211016_Velez-Sarsfield_Arsenal-Sarandi,173.18447817603305,1.42,0.05,4,0,7,2,62.5,37.5,1,0,0,0,2,2
2021-10-17,Aldosivi,Independiente,1,0,3.73,3.25,2.02,3.89,3.27,2.12,Primera División,,20211017_Aldosivi_Independiente,-157.19877681871367,1.65,1.13,5,4,9,8,38.4,61.6,1,1,0,0,4,4
2021-10-17,Atl. Tucuman,Argentinos Jrs,4,3,2.66,2.92,2.83,2.72,2.99,3.03,Primera División,,20211017_Atl.-Tucuman_Argentinos-Jrs,-53.13331171638447,1.67,1.16,5,3,11,5,48.3,51.7,1,0,0,0,5,1
2021-10-17,Colon Santa FE,Talleres Cordoba,1,0,2.36,3.07,3.12,2.39,3.17,3.35,Primera División,,20211017_Colon-Santa-FE_Talleres-Cordoba,-70.79980287711146,1.43,0.24,4,0,9,0,49.1,50.9,1,2,0,0,4,5
2021-10-17,Huracan,Boca Juniors,0,3,3.49,2.91,2.26,3.7,2.98,2.34,Primera División,,20211017_Huracan_Boca-Juniors,-117.64138228318143,0.97,1.65,4,6,8,16,54.3,45.7,2,3,0,0,3,6
2021-10-18,River Plate,San Lorenzo,3,1,1.38,4.63,7.65,1.39,4.93,8.63,Primera División,,20211018_River-Plate_San-Lorenzo,150.91788625428876,1.08,1.18,3,3,6,6,51.3,48.7,4,3,0,0,3,2
2021-10-19,Patronato,Defensa y Justicia,3,3,3.12,3.04,2.37,3.31,3.12,2.44,Primera División,,20211019_Patronato_Defensa-y-Justicia,-112.3215083522507,0.9,1.45,3,3,6,6,41.8,58.2,1,3,0,0,2,8
2021-10-19,Platense,Rosario Central,1,1,2.38,3.22,2.94,2.47,3.29,3.09,Primera División,,20211019_Platense_Rosario-Central,-3.574158612459314,0.39,1.13,2,3,5,7,44.9,55.1,2,2,0,0,2,5
2021-10-19,Union de Santa Fe,Racing Club,1,1,2.28,2.96,3.41,2.35,2.99,3.67,Primera División,,20211019_Union-de-Santa-Fe_Racing-Club,-25.53260183580892,1.14,0.75,2,2,6,3,57.3,42.7,2,4,0,0,2,2
2021-10-20,Arsenal Sarandi,Gimnasia L.P.,0,1,2.55,2.8,3.11,2.56,2.88,3.38,Primera División,,20211020_Arsenal-Sarandi_Gimnasia-L.P.,-42.10268372511746,1.04,2.1,4,8,8,18,50.8,49.2,0,4,0,0,4,8
2021-10-20,Banfield,Huracan,1,4,2.27,3.03,3.34,2.34,3.05,3.59,Primera División,,20211020_Banfield_Huracan,14.352888625905052,0.8,1.44,2,4,5,11,56.6,43.4,0,1,0,0,6,7
2021-10-20,Central Cordoba,Velez Sarsfield,1,2,3.75,3.33,1.98,3.92,3.57,2.0,Primera División,,20211020_Central-Cordoba_Velez-Sarsfield,-185.49907747598104,1.3,1.5,4,5,8,12,48.5,51.5,5,1,0,0,6,4
2021-10-20,Estudiantes L.P.,Atl. Tucuman,1,1,1.92,3.4,3.89,1.95,3.54,4.19,Primera División,,20211020_Estudiantes-L.P._Atl.-Tucuman,17.523344724891558,1.18,0.05,3,1,9,0,42.8,57.2,1,0,0,0,4,3
2021-10-20,San Lorenzo,Lanus,1,3,3.24,3.25,2.2,3.37,3.29,2.31,Primera División,,20211020_San-Lorenzo_Lanus,-46.91170682928578,1.71,1.56,5,4,15,11,48.5,51.5,2,3,0,0,8,6
2021-10-21,Argentinos Jrs,Colon Santa FE,3,1,2.29,3.0,3.35,2.35,3.11,3.51,Primera División,,20211021_Argentinos-Jrs_Colon-Santa-FE,-26.423627333382456,2.03,0.94,7,3,15,6,54.6,45.4,5,1,0,0,9,6
2021-10-21,Boca Juniors,Godoy Cruz,2,1,1.69,3.64,5.0,1.75,3.62,5.3,Primera División,,20211021_Boca-Juniors_Godoy-Cruz,171.77410859687052,1.54,0.31,6,1,14,3,49.9,50.1,3,2,0,0,8,3
2021-10-21,Independiente,Sarmiento Junin,1,1,1.7,3.39,5.31,1.74,3.43,5.92,Primera División,,20211021_Independiente_Sarmiento-Junin,47.233960813679914,2.06,0.88,8,4,18,10,52.9,47.1,2,0,0,0,9,7
2021-10-21,Newells Old Boys,Aldosivi,0,0,1.75,3.6,4.55,1.78,3.73,4.82,Primera División,,20211021_Newells-Old-Boys_Aldosivi,55.045810283186256,0.16,0.66,0,2,1,3,55.0,45.0,5,2,0,0,2,2
2021-10-22,Talleres Cordoba,River Plate,0,2,2.86,3.13,2.48,2.92,3.33,2.57,Primera División,,20211022_Talleres-Cordoba_River-Plate,-60.293263181440125,0.21,1.57,1,6,3,12,42.9,57.1,1,1,0,0,3,7
2021-10-23,Defensa y Justicia,Platense,2,1,1.85,3.31,4.4,1.87,3.43,4.81,Primera División,,20211023_Defensa-y-Justicia_Platense,26.688499601248395,0.53,0.05,2,2,5,5,50.9,49.1,1,1,0,0,1,4
2021-10-23,Gimnasia L.P.,Central Cordoba,2,2,2.13,3.19,3.47,2.12,3.38,3.75,Primera División,,20211023_Gimnasia-L.P._Central-Cordoba,82.17163873867139,1.29,1.57,4,4,10,10,51.5,48.5,1,3,0,0,4,3
2021-10-24,Colon Santa FE,Estudiantes L.P.,2,1,2.32,3.09,3.18,2.38,3.19,3.34,Primera División,,20211024_Colon-Santa-FE_Estudiantes-L.P.,22.085461288082115,1.71,0.69,5,2,12,6,50.5,49.5,0,6,0,0,8,4
2021-10-24,Godoy Cruz,Banfield,2,1,1.98,3.42,3.66,1.99,3.62,3.9,Primera División,,20211024_Godoy-Cruz_Banfield,-46.327120226203306,0.65,0.78,3,2,6,6,48.8,51.2,1,2,0,0,3,2
2021-10-24,Huracan,San Lorenzo,2,1,1.93,3.17,4.22,1.94,3.28,4.65,Primera División,,20211024_Huracan_San-Lorenzo,21.026920600213998,1.2,0.05,4,1,9,2,57.7,42.3,3,0,0,1,7,2
2021-10-24,Rosario Central,Racing Club,2,1,2.11,3.37,3.34,2.13,3.5,3.58,Primera División,,20211024_Rosario-Central_Racing-Club,-40.300365462354875,0.08,1.33,2,3,6,6,48.9,51.1,3,1,0,0,5,3
2021-10-25,Aldosivi,Arsenal Sarandi,2,1,2.24,3.06,3.38,2.28,3.13,3.64,Primera División,,20211025_Aldosivi_Arsenal-Sarandi,-42.357051468512964,1.59,1.92,7,5,17,13,46.7,53.3,0,4,0,0,7,4
2021-10-25,Atl. Tucuman,Patronato,2,2,2.08,3.28,3.51,2.11,3.38,3.8,Primera División,,20211025_Atl.-Tucuman_Patronato,94.5340950641239,1.13,0.8,4,3,9,6,47.4,52.6,4,2,0,0,10,4
2021-10-25,Lanus,Talleres Cordoba,3,3,2.7,3.19,2.59,2.82,3.24,2.71,Primera División,,20211025_Lanus_Talleres-Cordoba,-37.569876232584875,1.51,0.91,4,3,8,5,45.5,54.5,2,1,0,0,9,8
2021-10-25,River Plate,Argentinos Jrs,3,0,1.75,3.42,4.86,1.8,3.4,5.35,Primera División,,20211025_River-Plate_Argentinos-Jrs,125.7199225850668,1.82,1.22,4,3,8,7,54.2,45.8,0,1,0,0,5,2
2021-10-25,Sarmiento Junin,Newells Old Boys,2,1,2.21,3.12,3.36,2.26,3.16,3.65,Primera División,,20211025_Sarmiento-Junin_Newells-Old-Boys,24.251949750303766,0.87,0.73,2,1,5,3,51.5,48.5,3,1,0,1,5,3
2021-10-25,Velez Sarsfield,Boca Juniors,2,0,2.92,2.83,2.66,3.04,2.91,2.77,Primera División,,20211025_Velez-Sarsfield_Boca-Juniors,-11.184363517187649,0.54,0.4,2,2,5,4,43.7,56.3,4,1,0,0,1,5
2021-10-26,Independiente,Union de Santa Fe,1,0,2.19,2.96,3.61,2.29,3.06,3.69,Primera División,,20211026_Independiente_Union-de-Santa-Fe,10.644370439802742,0.4,1.34,1,4,2,9,54.4,45.6,0,2,0,0,4,4
2021-10-29,Racing Club,Defensa y Justicia,1,2,2.86,2.96,2.61,2.99,3.01,2.73,Primera División,,20211029_Racing-Club_Defensa-y-Justicia,-7.5265977544218,0.81,1.73,4,7,8,18,50.4,49.6,0,2,0,1,6,8
2021-10-30,Argentinos Jrs,Lanus,0,1,2.57,3.29,2.65,2.72,3.37,2.71,Primera División,,20211030_Argentinos-Jrs_Lanus,-17.110844737097295,0.05,0.76,0,2,0,6,50.1,49.9,0,4,0,0,2,3
2021-10-30,Arsenal Sarandi,Sarmiento Junin,1,0,2.85,2.95,2.63,2.96,3.03,2.74,Primera División,,20211030_Arsenal-Sarandi_Sarmiento-Junin,-57.78925879273993,1.93,1.26,6,4,13,9,47.7,52.3,2,2,0,0,7,5
2021-10-30,Banfield,Velez Sarsfield,2,1,3.52,3.03,2.2,3.87,3.09,2.22,Primera División,,20211030_Banfield_Velez-Sarsfield,-153.25450494096503,0.97,1.77,3,5,6,11,43.2,56.8,6,3,0,0,5,10
2021-10-30,Platense,Atl. Tucuman,4,1,2.72,3.15,2.62,2.87,3.2,2.69,Primera División,,20211030_Platense_Atl.-Tucuman,-24.293704282278895,0.81,0.55,4,2,8,4,49.0,51.0,1,3,0,0,5,4
2021-10-30,Talleres Cordoba,Huracan,1,0,1.92,3.34,4.01,1.93,3.47,4.34,Primera División,,20211030_Talleres-Cordoba_Huracan,71.6664423206173,1.03,0.05,3,0,7,0,52.9,47.1,0,2,0,0,4,0
2021-10-31,Boca Juniors,Gimnasia L.P.,0,1,1.68,3.48,5.42,1.68,3.68,5.92,Primera División,,20211031_Boca-Juniors_Gimnasia-L.P.,117.19126087291102,1.16,0.99,4,3,11,9,48.4,51.6,2,2,1,0,5,5
2021-10-31,Estudiantes L.P.,River Plate,1,1,4.31,3.46,1.82,4.51,3.66,1.85,Primera División,,20211031_Estudiantes-L.P._River-Plate,-166.2796248565403,1.41,0.35,4,1,8,3,47.9,52.1,0,2,0,0,4,2
2021-10-31,Newells Old Boys,Independiente,1,0,3.14,3.11,2.34,3.34,3.17,2.39,Primera División,,20211031_Newells-Old-Boys_Independiente,-91.03925478433234,1.06,0.05,4,0,9,1,49.3,50.7,2,3,0,0,3,2
2021-10-31,San Lorenzo,Godoy Cruz,1,0,2.77,3.27,2.5,2.83,3.47,2.55,Primera División,,20211031_San-Lorenzo_Godoy-Cruz,11.0729024649429,0.8,1.28,3,5,8,11,46.8,53.2,1,0,0,0,4,7
2021-10-31,Union de Santa Fe,Rosario Central,3,1,1.9,3.45,4.01,1.87,3.48,4.7,Primera División,,20211031_Union-de-Santa-Fe_Rosario-Central,-8.489862540472132,0.83,1.56,3,6,4,12,55.6,44.4,1,1,0,0,1,4
2021-11-01,Patronato,Colon Santa FE,2,0,2.66,3.01,2.79,2.79,3.04,2.9,Primera División,,20211101_Patronato_Colon-Santa-FE,-140.98484438378705,0.76,0.36,4,1,8,2,50.9,49.1,0,1,0,0,4,2
2021-11-02,Central Cordoba,Aldosivi,0,0,1.74,3.64,4.54,1.76,3.78,4.94,Primera División,,20211102_Central-Cordoba_Aldosivi,12.724491337544123,0.67,0.8,1,2,3,4,51.4,48.6,3,2,0,0,3,5
2021-11-05,Defensa y Justicia,Rosario Central,3,0,1.69,3.89,4.61,1.69,4.0,5.07,Primera División,,20211105_Defensa-y-Justicia_Rosario-Central,45.08878321955194,0.25,1.0,3,2,6,2,50.0,50.0,0,0,0,0,5,2
2021-11-06,Atl. Tucuman,Racing Club,0,2,2.28,3.2,3.19,2.42,3.23,3.22,Primera División,,20211106_Atl.-Tucuman_Racing-Club,-18.125867720368888,0.05,0.2,1,2,4,4,51.9,48.1,1,1,0,0,2,4
2021-11-06,Colon Santa FE,Platense,3,0,1.88,3.28,4.39,1.91,3.38,4.63,Primera División,,20211106_Colon-Santa-FE_Platense,47.661734579324275,1.93,1.02,5,2,12,3,50.4,49.6,1,1,0,0,5,1
2021-11-06,Godoy Cruz,Talleres Cordoba,0,2,2.65,3.15,2.69,2.78,3.19,2.78,Primera División,,20211106_Godoy-Cruz_Talleres-Cordoba,-147.49248052179678,1.35,1.11,4,3,10,7,42.2,57.8,0,0,0,0,4,7
2021-11-06,Independiente,Arsenal Sarandi,3,0,1.68,3.54,5.27,1.69,3.72,5.6,Primera División,,20211106_Independiente_Arsenal-Sarandi,73.1970064780528,1.63,0.05,5,0,10,0,54.4,45.6,1,1,0,0,8,0
2021-11-06,Lanus,Estudiantes L.P.,1,1,2.2,3.26,3.26,2.25,3.36,3.42,Primera División,,20211106_Lanus_Estudiantes-L.P.,48.062902896664355,0.75,0.95,3,4,8,10,51.2,48.8,2,2,0,0,7,7
2021-11-07,Gimnasia L.P.,Banfield,0,1,2.81,2.97,2.68,2.88,3.03,2.82,Primera División,,20211107_Gimnasia-L.P._Banfield,21.401413059305924,0.86,1.03,2,3,4,7,44.4,55.6,3,0,0,0,3,2
2021-11-07,River Plate,Patronato,5,0,1.33,5.05,8.59,1.34,5.35,9.51,Primera División,,20211107_River-Plate_Patronato,240.74251449793132,1.76,1.11,5,3,12,8,64.9,35.1,3,0,0,0,4,3
2021-11-07,Sarmiento Junin,Central Cordoba,1,3,2.53,3.08,2.88,2.5,3.22,3.1,Primera División,,20211107_Sarmiento-Junin_Central-Cordoba,46.97183471630319,1.0,1.77,3,6,5,11,52.2,47.8,2,3,0,0,2,8
2021-11-07,Velez Sarsfield,San Lorenzo,2,1,1.61,3.73,5.58,1.63,3.88,6.1,Primera División,,20211107_Velez-Sarsfield_San-Lorenzo,132.73501674571526,1.58,1.15,5,3,12,8,66.4,33.6,1,3,1,0,7,2
2021-11-08,Huracan,Argentinos Jrs,1,1,2.48,2.98,3.03,2.57,3.06,3.15,Primera División,,20211108_Huracan_Argentinos-Jrs,-17.72064603833337,0.83,1.43,3,5,8,11,45.2,54.8,1,1,0,0,4,7
2021-11-08,Newells Old Boys,Union de Santa Fe,1,0,2.98,3.09,2.44,3.15,3.19,2.49,Primera División,,20211108_Newells-Old-Boys_Union-de-Santa-Fe,-54.3487703601902,1.12,0.73,6,3,13,6,42.3,57.7,1,0,0,1,7,0
2021-11-09,Aldosivi,Boca Juniors,0,3,5.66,3.61,1.63,6.23,3.76,1.64,Primera División,,20211109_Aldosivi_Boca-Juniors,-190.1745874717633,0.79,1.11,2,3,3,7,36.4,63.6,1,3,0,0,2,8
2021-11-18,Patronato,Lanus,3,2,2.62,3.38,2.59,2.72,3.47,2.65,Primera División,,20211118_Patronato_Lanus,-136.36082092184347,0.9,0.19,6,2,14,5,42.9,57.1,3,1,0,0,8,2
2021-11-18,Union de Santa Fe,Defensa y Justicia,2,3,2.48,3.16,2.9,2.5,3.27,3.06,Primera División,,20211118_Union-de-Santa-Fe_Defensa-y-Justicia,-53.30565359772004,0.81,1.44,2,3,4,6,39.3,60.7,3,3,0,0,0,4
2021-11-19,Banfield,Aldosivi,0,2,1.41,4.53,7.54,1.43,4.68,7.94,Primera División,,20211119_Banfield_Aldosivi,102.13926487704134,0.83,2.0,2,5,4,11,57.3,42.7,2,3,0,1,5,5
2021-11-19,Estudiantes L.P.,Huracan,4,1,2.45,3.06,3.03,2.54,3.16,3.1,Primera División,,20211119_Estudiantes-L.P._Huracan,10.625573028875579,1.6,0.67,7,1,15,2,49.8,50.2,1,1,0,0,6,0
2021-11-19,San Lorenzo,Gimnasia L.P.,0,1,2.59,2.96,2.94,2.64,3.03,3.09,Primera División,,20211119_San-Lorenzo_Gimnasia-L.P.,-29.719302426348577,1.01,0.11,3,1,6,1,51.1,48.9,0,1,0,0,6,3
2021-11-20,Argentinos Jrs,Godoy Cruz,0,0,1.84,3.63,4.07,1.86,3.74,4.35,Primera División,,20211120_Argentinos-Jrs_Godoy-Cruz,81.0079176751633,0.6,1.48,2,4,2,8,57.6,42.4,3,1,0,0,3,6
2021-11-20,Boca Juniors,Sarmiento Junin,2,0,1.36,4.65,8.72,1.41,5.04,9.05,Primera División,,20211120_Boca-Juniors_Sarmiento-Junin,150.98685646056515,1.24,0.67,3,1,9,3,52.7,47.3,3,5,0,0,8,5
2021-11-20,Rosario Central,Atl. Tucuman,3,1,1.9,3.78,3.64,1.85,4.15,3.94,Primera División,,20211120_Rosario-Central_Atl.-Tucuman,4.966993947903347,1.61,0.39,4,2,8,5,48.9,51.1,2,1,0,0,0,5
2021-11-20,Talleres Cordoba,Velez Sarsfield,1,1,2.5,2.96,3.05,2.57,3.01,3.22,Primera División,,20211120_Talleres-Cordoba_Velez-Sarsfield,-19.985805438918533,1.14,0.74,4,1,8,1,50.4,49.6,2,1,0,0,2,0
2021-11-21,Arsenal Sarandi,Newells Old Boys,3,1,2.36,3.1,3.14,2.4,3.21,3.27,Primera División,,20211121_Arsenal-Sarandi_Newells-Old-Boys,-35.677029929523314,1.36,0.16,4,1,9,3,47.9,52.1,1,1,0,0,7,6
2021-11-21,Central Cordoba,Independiente,1,0,2.92,2.98,2.59,2.94,3.06,2.73,Primera División,,20211121_Central-Cordoba_Independiente,-86.23119172006955,1.33,0.15,6,0,14,0,46.2,53.8,3,2,0,0,1,3
2021-11-21,Racing Club,Colon Santa FE,1,2,2.21,3.15,3.4,2.23,3.27,3.59,Primera División,,20211121_Racing-Club_Colon-Santa-FE,-29.90713174852044,1.03,0.82,4,5,9,10,54.2,45.8,1,0,0,0,7,5
2021-11-22,Platense,River Plate,0,1,7.77,4.5,1.4,8.04,4.85,1.41,Primera División,,20211122_Platense_River-Plate,-195.82262833565278,0.23,2.06,1,8,2,17,45.0,55.0,1,0,0,0,3,13
2021-11-23,Aldosivi,San Lorenzo,2,0,3.23,3.22,2.25,3.43,3.26,2.3,Primera División,,20211123_Aldosivi_San-Lorenzo,-41.93932602884047,1.09,0.62,4,2,8,5,54.7,45.3,3,2,0,0,8,5
2021-11-23,Gimnasia L.P.,Talleres Cordoba,5,2,3.07,2.98,2.48,3.17,3.04,2.56,Primera División,,20211123_Gimnasia-L.P._Talleres-Cordoba,-87.99589571055003,1.47,0.05,5,2,11,5,46.1,53.9,5,2,0,0,5,1
2021-11-23,Huracan,Patronato,1,0,1.86,3.44,4.25,1.88,3.54,4.53,Primera División,,20211123_Huracan_Patronato,52.856340717719604,1.38,1.33,4,3,8,8,48.6,51.4,1,2,0,0,4,3
2021-11-24,Atl. Tucuman,Defensa y Justicia,0,4,3.58,3.48,2.0,3.87,3.53,2.03,Primera División,,20211124_Atl.-Tucuman_Defensa-y-Justicia,-92.96017996280443,0.63,1.27,2,4,2,11,49.2,50.8,2,0,0,0,2,7
2021-11-24,Godoy Cruz,Estudiantes L.P.,1,3,2.42,3.32,2.84,2.52,3.34,2.9,Primera División,,20211124_Godoy-Cruz_Estudiantes-L.P.,-84.02071146189246,1.12,1.46,4,4,8,8,40.6,59.4,0,0,0,0,7,5
2021-11-24,Newells Old Boys,Central Cordoba,1,0,2.65,3.08,2.75,2.79,3.14,2.8,Primera División,,20211124_Newells-Old-Boys_Central-Cordoba,1.5474188404616598,1.12,0.44,3,3,9,7,59.1,40.9,1,0,0,0,3,5
2021-11-24,Sarmiento Junin,Banfield,0,0,3.29,3.12,2.27,3.48,3.19,2.31,Primera División,,20211124_Sarmiento-Junin_Banfield,-42.577402168092476,1.08,0.05,3,1,4,2,40.2,59.8,2,0,0,0,4,0
2021-11-24,Velez Sarsfield,Argentinos Jrs,2,0,2.04,3.18,3.86,2.15,3.1,4.08,Primera División,,20211124_Velez-Sarsfield_Argentinos-Jrs,102.91163123001479,1.02,1.08,4,3,11,7,51.7,48.3,0,2,0,0,5,6
2021-11-25,Arsenal Sarandi,Union de Santa Fe,0,1,3.21,3.19,2.28,3.38,3.21,2.35,Primera División,,20211125_Arsenal-Sarandi_Union-de-Santa-Fe,-38.900718119308976,0.64,0.62,3,1,7,4,45.0,55.0,0,4,0,0,3,2
2021-11-25,Colon Santa FE,Rosario Central,1,4,2.54,3.42,2.64,2.66,3.51,2.68,Primera División,,20211125_Colon-Santa-FE_Rosario-Central,64.95617989337529,1.51,1.0,4,4,8,7,47.0,53.0,0,1,0,0,4,4
2021-11-25,Independiente,Boca Juniors,1,0,3.53,2.83,2.33,3.7,2.95,2.36,Primera División,,20211125_Independiente_Boca-Juniors,-106.5114083911526,0.88,1.32,3,3,8,3,35.2,64.8,0,1,0,0,4,1
2021-11-25,Lanus,Platense,3,3,1.67,3.91,4.73,1.68,4.04,5.13,Primera División,,20211125_Lanus_Platense,71.22747207193333,1.62,1.61,5,5,10,9,53.0,47.0,0,0,0,0,6,3
2021-11-26,River Plate,Racing Club,4,0,1.38,4.57,8.41,1.38,4.88,9.33,Primera División,,20211126_River-Plate_Racing-Club,174.1815454087623,2.42,1.23,6,2,14,3,53.4,46.6,1,3,0,0,6,1
2021-11-27,Patronato,Godoy Cruz,0,3,2.32,3.33,3.01,2.36,3.46,3.13,Primera División,,20211127_Patronato_Godoy-Cruz,-3.7624980515108746,1.21,0.94,5,3,12,6,42.2,57.8,0,3,0,0,9,8
2021-11-27,Talleres Cordoba,Aldosivi,2,0,1.44,4.45,6.71,1.5,4.44,6.85,Primera División,,20211127_Talleres-Cordoba_Aldosivi,153.1891326001903,1.41,0.07,4,0,8,0,55.8,44.2,2,1,0,0,4,0
2021-11-28,Argentinos Jrs,Gimnasia L.P.,3,0,1.94,3.29,4.02,1.91,3.46,4.48,Primera División,,20211128_Argentinos-Jrs_Gimnasia-L.P.,-19.830875615671857,1.9,1.86,7,4,16,9,53.8,46.2,0,0,0,0,9,6
2021-11-28,Defensa y Justicia,Colon Santa FE,1,1,1.71,3.64,4.86,1.71,3.8,5.34,Primera División,,20211128_Defensa-y-Justicia_Colon-Santa-FE,22.4615727306184,0.64,1.48,1,5,1,11,50.7,49.3,2,1,0,0,2,3
2021-11-28,Estudiantes L.P.,Velez Sarsfield,1,0,2.62,3.09,2.77,2.74,3.2,2.82,Primera División,,20211128_Estudiantes-L.P._Velez-Sarsfield,-93.79493448401308,1.19,0.93,3,3,6,7,47.7,52.3,2,2,0,0,1,7
2021-11-28,Rosario Central,River Plate,2,2,3.54,3.8,1.91,3.69,3.97,1.95,Primera División,,20211128_Rosario-Central_River-Plate,-179.51569473637733,1.11,1.4,3,5,6,10,47.3,52.7,0,1,0,0,3,6
2021-11-29,Racing Club,Lanus,3,1,2.76,3.27,2.52,2.79,3.37,2.62,Primera División,,20211129_Racing-Club_Lanus,-41.858031215595474,0.69,1.34,3,4,7,11,49.6,50.4,3,0,0,0,7,1
2021-11-29,Union de Santa Fe,Atl. Tucuman,3,0,1.6,3.99,5.33,1.64,4.03,5.59,Primera División,,20211129_Union-de-Santa-Fe_Atl.-Tucuman,38.833885022288996,1.77,0.18,6,0,12,1,52.7,47.3,1,0,0,0,8,0
2021-11-30,Boca Juniors,Newells Old Boys,0,0,1.31,5.03,10.34,1.34,5.26,9.89,Primera División,,20211130_Boca-Juniors_Newells-Old-Boys,133.84365483418856,0.92,0.17,4,0,8,0,55.4,44.6,3,3,1,0,4,3
2021-11-30,Central Cordoba,Arsenal Sarandi,5,0,1.56,3.98,5.73,1.58,4.17,6.07,Primera División,,20211130_Central-Cordoba_Arsenal-Sarandi,6.389203957820655,1.27,0.88,5,5,9,12,51.9,48.1,2,3,0,0,8,2
2021-11-30,Platense,Huracan,4,2,3.42,3.15,2.2,3.65,3.21,2.24,Primera División,,20211130_Platense_Huracan,-28.449007466945886,2.1,1.89,9,6,20,12,53.3,46.7,2,1,0,0,13,9
2021-11-30,San Lorenzo,Sarmiento Junin,1,0,1.99,3.19,3.99,2.02,3.37,4.13,Primera División,,20211130_San-Lorenzo_Sarmiento-Junin,-1.668265893534226,0.4,0.62,2,3,4,4,49.4,50.6,1,1,1,1,2,6
2021-12-01,Banfield,Independiente,4,1,2.67,2.85,2.94,2.75,2.92,3.05,Primera División,,20211201_Banfield_Independiente,-33.1096965386364,2.34,0.92,9,2,20,5,50.8,49.2,2,1,0,0,11,5
2021-12-03,Central Cordoba,Union de Santa Fe,2,0,2.32,3.13,3.19,2.45,3.09,3.32,Primera División,,20211203_Central-Cordoba_Union-de-Santa-Fe,-52.72045406744178,1.47,0.27,5,0,10,3,45.4,54.6,0,3,0,0,2,3
2021-12-03,Colon Santa FE,Atl. Tucuman,3,0,1.76,3.69,4.48,1.75,3.82,4.94,Primera División,,20211203_Colon-Santa-FE_Atl.-Tucuman,99.6651152508307,2.62,0.74,8,0,15,1,55.4,44.6,1,1,0,0,7,1
2021-12-04,Arsenal Sarandi,Boca Juniors,1,1,7.38,4.08,1.46,8.47,4.41,1.44,Primera División,,20211204_Arsenal-Sarandi_Boca-Juniors,-173.04581539442438,1.13,0.64,3,2,6,6,47.9,52.1,1,0,0,0,1,3
2021-12-04,Godoy Cruz,Platense,2,2,1.99,3.49,3.64,2.03,3.57,3.83,Primera División,,20211204_Godoy-Cruz_Platense,-42.13190908190472,1.42,0.05,5,2,10,5,43.2,56.8,3,4,0,0,6,5
2021-12-04,Sarmiento Junin,Talleres Cordoba,1,2,2.85,3.12,2.55,3.04,3.22,2.54,Primera División,,20211204_Sarmiento-Junin_Talleres-Cordoba,-155.54941752597597,1.07,0.82,2,2,6,5,42.8,57.2,2,3,0,0,4,1
2021-12-04,Velez Sarsfield,Patronato,0,0,1.51,3.92,6.93,1.52,4.05,7.59,Primera División,,20211204_Velez-Sarsfield_Patronato,196.59171822268058,1.11,0.47,3,2,7,3,56.1,43.9,1,0,0,0,2,3
2021-12-05,Gimnasia L.P.,Estudiantes L.P.,4,4,3.04,3.0,2.48,3.23,3.08,2.51,Primera División,,20211205_Gimnasia-L.P._Estudiantes-L.P.,-34.22507634991234,1.08,2.06,4,6,10,13,43.2,56.8,1,2,0,0,2,9
2021-12-05,Huracan,Racing Club,1,0,2.09,3.2,3.68,2.07,3.25,4.12,Primera División,,20211205_Huracan_Racing-Club,-22.487179247073527,0.78,1.8,3,6,7,13,45.2,54.8,3,2,0,0,5,7
2021-12-05,Independiente,San Lorenzo,1,1,2.19,3.09,3.52,2.27,3.09,3.72,Primera División,,20211205_Independiente_San-Lorenzo,49.23111867476996,0.46,0.92,1,2,2,6,50.6,49.4,1,4,0,0,3,7
2021-12-05,Lanus,Rosario Central,2,2,1.61,4.34,4.68,1.61,4.58,5.0,Primera División,,20211205_Lanus_Rosario-Central,15.167725394066338,0.69,0.53,2,2,4,5,55.8,44.2,2,2,0,0,7,3
2021-12-06,Aldosivi,Argentinos Jrs,3,2,4.3,3.45,1.85,4.67,3.61,1.84,Primera División,,20211206_Aldosivi_Argentinos-Jrs,-95.02555204317241,1.97,0.73,7,2,16,2,51.5,48.5,1,0,0,0,10,5
2021-12-06,River Plate,Defensa y Justicia,2,3,1.6,4.0,5.29,1.6,4.3,5.51,Primera División,,20211206_River-Plate_Defensa-y-Justicia,115.60643949362407,1.03,1.24,4,4,9,12,52.9,47.1,2,0,0,0,7,5
2021-12-07,Newells Old Boys,Banfield,0,0,2.85,3.13,2.54,2.95,3.21,2.62,Primera División,,20211207_Newells-Old-Boys_Banfield,-34.091151340594934,0.35,0.61,1,2,3,6,51.4,48.6,2,0,0,0,4,3
2021-12-10,Platense,Velez Sarsfield,3,2,3.34,3.2,2.21,3.56,3.21,2.27,Primera División,,20211210_Platense_Velez-Sarsfield,-122.25775854039125,1.58,1.3,5,4,13,10,46.6,53.4,1,1,0,0,5,4
2021-12-11,Argentinos Jrs,Sarmiento Junin,2,0,1.43,4.34,7.35,1.43,4.6,8.38,Primera División,,20211211_Argentinos-Jrs_Sarmiento-Junin,75.08872016522923,0.73,1.4,3,4,6,10,51.6,48.4,2,0,0,0,5,1
2021-12-11,Atl. Tucuman,River Plate,1,1,3.94,3.98,1.78,4.19,4.04,1.82,Primera División,,20211211_Atl.-Tucuman_River-Plate,-228.98100676315107,1.33,2.54,2,8,3,16,39.0,61.0,1,1,0,1,7,15
2021-12-11,Estudiantes L.P.,Aldosivi,2,3,1.67,3.85,4.78,1.72,3.9,5.03,Primera División,,20211211_Estudiantes-L.P._Aldosivi,107.33223338367588,0.14,2.01,2,8,7,18,54.0,46.0,3,1,0,0,6,8
2021-12-11,Patronato,Gimnasia L.P.,0,0,2.66,3.2,2.65,2.75,3.26,2.75,Primera División,,20211211_Patronato_Gimnasia-L.P.,-93.9286324032355,0.15,0.84,0,1,0,2,40.7,59.3,0,2,0,0,3,4
2021-12-11,Racing Club,Godoy Cruz,2,1,1.9,3.64,3.78,1.93,3.86,3.9,Primera División,,20211211_Racing-Club_Godoy-Cruz,52.88359803289154,2.01,1.89,8,8,17,17,50.1,49.9,2,0,0,0,10,8
2021-12-11,Rosario Central,Huracan,1,4,2.18,3.65,2.97,2.19,3.92,3.1,Primera División,,20211211_Rosario-Central_Huracan,10.047888680781625,0.18,1.43,1,4,3,8,44.5,55.5,2,1,0,0,6,4
2021-12-11,Union de Santa Fe,Colon Santa FE,3,0,2.03,3.34,3.64,2.06,3.48,3.83,Primera División,,20211211_Union-de-Santa-Fe_Colon-Santa-FE,-61.958817829138525,1.58,0.05,4,0,8,0,48.1,51.9,1,2,0,0,3,3
2021-12-12,Boca Juniors,Central Cordoba,8,1,1.83,3.26,4.7,1.85,3.37,5.01,Primera División,,20211212_Boca-Juniors_Central-Cordoba,123.7637237919862,2.97,0.34,9,1,20,0,59.3,40.7,2,1,0,0,6,5
2021-12-12,Defensa y Justicia,Lanus,2,1,1.93,3.83,3.52,1.95,4.05,3.63,Primera División,,20211212_Defensa-y-Justicia_Lanus,53.71351325387354,1.95,1.15,7,4,14,9,55.8,44.2,1,1,0,0,6,4
2021-12-12,San Lorenzo,Newells Old Boys,3,2,2.05,3.35,3.55,2.07,3.45,3.83,Primera División,,20211212_San-Lorenzo_Newells-Old-Boys,-7.795118434419237,0.94,1.26,3,5,9,11,46.5,53.5,0,5,0,0,6,8
2021-12-13,Banfield,Arsenal Sarandi,0,0,1.72,3.7,4.74,1.71,3.88,5.13,Primera División,,20211213_Banfield_Arsenal-Sarandi,75.40631417121062,0.3,0.62,2,0,2,0,49.6,50.4,0,2,0,0,2,0
2021-12-13,Talleres Cordoba,Independiente,1,2,1.88,3.39,4.21,1.88,3.51,4.56,Primera División,,20211213_Talleres-Cordoba_Independiente,92.52026868758435,0.76,1.28,2,2,2,3,56.4,43.6,3,1,0,0,3,2
2022-02-10,Patronato,Argentinos Jrs,0,1,2.75,2.88,2.74,2.84,2.94,2.94,Primera División,,20220210_Patronato_Argentinos-Jrs,-89.36403088013867,1.13,0.86,3,4,6,9,43.9,56.1,0,2,0,0,4,5
2022-02-10,Sarmiento Junin,Atl. Tucuman,1,0,2.18,3.31,3.19,2.22,3.47,3.39,Primera División,,20220210_Sarmiento-Junin_Atl.-Tucuman,-19.937153791875062,1.12,0.05,3,0,6,1,48.5,51.5,0,3,0,0,1,4
2022-02-11,Arsenal Sarandi,Rosario Central,1,1,2.94,3.14,2.41,3.06,3.24,2.51,Primera División,,20220211_Arsenal-Sarandi_Rosario-Central,-70.66241180302609,1.12,1.12,3,2,8,6,48.6,51.4,0,3,0,0,6,5
2022-02-11,Central Cordoba,Barracas Central,3,1,1.49,4.08,6.22,1.53,4.29,6.65,Primera División,,20220211_Central-Cordoba_Barracas-Central,-47.26452675977271,2.28,1.59,8,5,19,11,47.8,52.2,2,2,0,0,9,5
2022-02-11,Godoy Cruz,Tigre,1,1,2.29,3.15,3.13,2.43,3.14,3.29,Primera División,,20220211_Godoy-Cruz_Tigre,-102.53698795565538,1.58,0.55,6,2,13,6,43.9,56.1,2,3,0,0,7,4
2022-02-11,Newells Old Boys,Defensa y Justicia,1,0,2.51,3.12,2.81,2.58,3.26,2.95,Primera División,,20220211_Newells-Old-Boys_Defensa-y-Justicia,-132.17387792362388,1.93,0.89,5,1,10,2,48.9,51.1,2,0,0,1,5,4
2022-02-11,Velez Sarsfield,Aldosivi,2,0,1.45,4.12,6.98,1.46,4.48,7.6,Primera División,,20220211_Velez-Sarsfield_Aldosivi,134.18163618012386,0.63,1.0,2,3,4,7,58.4,41.6,2,1,0,1,2,10
2022-02-12,Banfield,San Lorenzo,0,0,2.18,3.0,3.53,2.18,3.18,3.85,Primera División,,20220212_Banfield_San-Lorenzo,24.705372658984516,1.18,0.99,2,3,5,8,49.6,50.4,1,3,0,0,4,2
2022-02-12,Huracan,Lanus,1,0,2.26,3.22,3.12,2.31,3.35,3.31,Primera División,,20220212_Huracan_Lanus,-1.662143302589584,0.71,0.81,3,3,9,9,51.3,48.7,2,1,0,0,3,6
2022-02-12,Union de Santa Fe,River Plate,1,0,4.01,3.35,1.9,4.17,3.41,1.99,Primera División,,20220212_Union-de-Santa-Fe_River-Plate,-152.92607200163616,0.4,0.34,2,1,5,2,44.4,55.6,1,0,0,0,7,3
2022-02-13,Estudiantes L.P.,Independiente,2,1,2.21,2.95,3.49,2.26,3.1,3.73,Primera División,,20220213_Estudiantes-L.P._Independiente,10.136149528742862,0.96,1.14,4,4,8,9,48.2,51.8,4,1,0,0,4,4
2022-02-13,Platense,Talleres Cordoba,1,0,2.52,3.02,2.88,2.59,3.11,3.07,Primera División,,20220213_Platense_Talleres-Cordoba,-84.24811772562089,0.71,0.92,1,4,1,10,45.4,54.6,2,1,0,0,6,4
2022-02-13,Racing Club,Gimnasia L.P.,0,0,2.14,3.16,3.42,2.24,3.25,3.59,Primera División,,20220213_Racing-Club_Gimnasia-L.P.,-4.887048067843125,0.28,1.29,1,1,4,2,50.3,49.7,3,2,0,0,1,2
2022-02-14,Boca Juniors,Colon Santa FE,1,1,1.57,3.63,6.14,1.58,3.98,6.58,Primera División,,20220214_Boca-Juniors_Colon-Santa-FE,58.713567943237194,1.36,0.92,3,2,7,4,55.2,44.8,1,1,1,0,5,1
2022-02-15,Argentinos Jrs,Newells Old Boys,3,0,1.95,3.14,4.14,2.0,3.21,4.6,Primera División,,20220215_Argentinos-Jrs_Newells-Old-Boys,50.53588914864781,1.47,1.12,5,5,13,12,46.1,53.9,3,3,0,0,5,4
2022-02-15,Independiente,Arsenal Sarandi,1,0,1.64,3.52,5.56,1.65,3.67,6.26,Primera División,,20220215_Independiente_Arsenal-Sarandi,80.2206640938848,0.64,0.96,1,3,4,7,49.8,50.2,3,1,0,0,8,5
2022-02-15,Rosario Central,Velez Sarsfield,1,0,2.56,3.05,2.8,2.65,3.13,2.98,Primera División,,20220215_Rosario-Central_Velez-Sarsfield,-101.77883186879353,0.94,0.96,2,4,3,9,46.2,53.8,3,2,1,0,4,3
2022-02-16,Aldosivi,Boca Juniors,1,2,5.37,3.56,1.64,6.02,3.78,1.65,Primera División,,20220216_Aldosivi_Boca-Juniors,-144.62971061364897,1.43,1.11,5,3,11,6,45.2,54.8,0,0,0,0,8,3
2022-02-16,Huracan,Estudiantes L.P.,2,3,2.5,2.98,2.94,2.65,3.03,3.08,Primera División,,20220216_Huracan_Estudiantes-L.P.,-18.698500112256852,1.75,1.68,6,6,14,14,53.0,47.0,3,1,0,0,7,15
2022-02-16,Lanus,Barracas Central,2,0,1.59,3.78,5.5,1.63,3.8,6.28,Primera División,,20220216_Lanus_Barracas-Central,13.505001328147728,1.62,2.31,7,8,14,18,51.8,48.2,2,2,0,0,9,6
2022-02-16,Tigre,Central Cordoba,1,1,2.41,3.05,3.0,2.49,3.12,3.21,Primera División,,20220216_Tigre_Central-Cordoba,64.53271412545837,0.7,1.2,3,2,8,6,48.1,51.9,0,1,1,0,5,2
2022-02-17,Colon Santa FE,Godoy Cruz,3,1,2.22,3.18,3.21,2.3,3.33,3.36,Primera División,,20220217_Colon-Santa-FE_Godoy-Cruz,100.35135400295599,2.17,0.24,6,1,12,4,56.0,44.0,1,2,0,0,4,1
2022-02-17,Defensa y Justicia,Racing Club,2,2,2.02,3.24,3.64,2.08,3.43,3.82,Primera División,,20220217_Defensa-y-Justicia_Racing-Club,64.39233723279358,2.57,1.86,9,6,19,15,55.7,44.3,0,1,1,0,10,11
2022-02-17,Gimnasia L.P.,San Lorenzo,1,0,2.44,2.94,3.06,2.49,3.09,3.24,Primera División,,20220217_Gimnasia-L.P._San-Lorenzo,38.378969853656145,1.26,0.89,2,3,4,6,47.3,52.7,5,1,0,0,1,4
2022-02-17,River Plate,Patronato,4,1,1.23,5.61,12.23,1.23,6.21,14.83,Primera División,,20220217_River-Plate_Patronato,222.44992859206855,1.95,0.78,8,1,18,3,53.5,46.5,1,4,0,0,7,2
2022-02-17,Sarmiento Junin,Banfield,2,2,3.45,2.91,2.26,3.9,2.98,2.26,Primera División,,20220217_Sarmiento-Junin_Banfield,-63.976935517951006,0.61,1.18,2,4,3,8,51.6,48.4,0,3,0,0,4,4
2022-02-18,Atl. Tucuman,Platense,2,2,2.22,3.25,3.14,2.34,3.4,3.21,Primera División,,20220218_Atl.-Tucuman_Platense,-87.14988287949996,1.4,0.55,5,2,11,5,51.7,48.3,3,4,1,0,7,6
2022-02-18,Talleres Cordoba,Union de Santa Fe,0,0,2.69,2.88,2.79,2.85,2.98,2.88,Primera División,,20220218_Talleres-Cordoba_Union-de-Santa-Fe,49.84741954797073,0.51,1.14,1,2,3,6,51.3,48.7,1,0,0,0,4,1
2022-02-19,Arsenal Sarandi,Huracan,2,1,3.39,3.0,2.23,3.56,3.08,2.34,Primera División,,20220219_Arsenal-Sarandi_Huracan,-92.88101829915036,1.12,0.47,4,2,9,4,46.2,53.8,1,0,0,0,5,3
2022-02-19,Estudiantes L.P.,Lanus,2,1,2.34,3.14,3.03,2.39,3.34,3.18,Primera División,,20220219_Estudiantes-L.P._Lanus,40.97218366212769,0.97,0.71,3,1,5,1,54.3,45.7,1,1,0,0,4,2
2022-02-20,Boca Juniors,Rosario Central,2,1,1.64,3.53,5.51,1.63,3.9,6.01,Primera División,,20220220_Boca-Juniors_Rosario-Central,88.9173623506415,0.61,0.96,2,6,3,15,58.9,41.1,1,0,0,0,4,2
2022-02-20,Platense,Sarmiento Junin,2,0,2.09,3.1,3.62,2.07,3.23,4.15,Primera División,,20220220_Platense_Sarmiento-Junin,76.57782298666325,1.12,1.58,3,4,8,7,45.7,54.3,3,2,0,0,1,3
2022-02-20,Velez Sarsfield,Independiente,0,0,2.14,2.82,3.98,2.16,2.94,4.33,Primera División,,20220220_Velez-Sarsfield_Independiente,62.71001861935474,0.61,0.05,2,0,6,0,57.3,42.7,3,1,0,0,5,1
2022-02-21,Banfield,Gimnasia L.P.,4,0,2.16,2.93,3.67,2.17,3.07,4.04,Primera División,,20220221_Banfield_Gimnasia-L.P.,-28.24216019915798,2.95,0.55,10,2,20,4,43.5,56.5,1,2,0,0,10,2
2022-02-21,Barracas Central,Tigre,0,2,4.73,3.48,1.73,5.26,3.61,1.76,Primera División,,20220221_Barracas-Central_Tigre,-53.84330296650319,0.75,0.74,2,2,2,5,42.1,57.9,1,6,0,0,0,1
2022-02-21,Godoy Cruz,Aldosivi,0,2,1.56,4.02,5.35,1.61,4.11,5.78,Primera División,,20220221_Godoy-Cruz_Aldosivi,-11.770334677650226,1.08,1.32,3,5,6,11,56.3,43.7,0,4,0,0,5,5
2022-02-21,Newells Old Boys,River Plate,0,2,4.27,3.41,1.83,4.54,3.39,1.93,Primera División,,20220221_Newells-Old-Boys_River-Plate,-181.14803375779343,0.2,0.66,2,2,5,4,49.3,50.7,4,3,0,0,1,1
2022-02-22,Patronato,Talleres Cordoba,0,0,2.88,2.85,2.63,3.04,2.94,2.75,Primera División,,20220222_Patronato_Talleres-Cordoba,-156.8109680288785,1.38,1.13,5,3,11,7,42.5,57.5,1,2,0,0,9,3
2022-02-22,San Lorenzo,Defensa y Justicia,3,4,3.18,3.03,2.31,3.33,3.03,2.48,Primera División,,20220222_San-Lorenzo_Defensa-y-Justicia,-106.70271196953445,1.16,1.67,3,4,7,8,44.5,55.5,0,1,0,0,3,5
2022-02-22,Union de Santa Fe,Atl. Tucuman,1,0,1.6,3.74,5.47,1.61,4.01,6.05,Primera División,,20220222_Union-de-Santa-Fe_Atl.-Tucuman,90.6038533907788,1.58,1.97,5,6,11,14,65.0,35.0,0,3,0,0,5,10
2022-02-23,Central Cordoba,Colon Santa FE,0,2,2.67,3.13,2.62,2.89,3.18,2.68,Primera División,,20220223_Central-Cordoba_Colon-Santa-FE,-75.65502625637714,0.42,1.38,0,3,0,8,47.0,53.0,3,0,0,0,1,2
2022-02-23,Racing Club,Argentinos Jrs,3,0,2.76,2.95,2.65,2.92,3.08,2.74,Primera División,,20220223_Racing-Club_Argentinos-Jrs,-23.53607161475952,1.87,0.97,7,4,15,8,52.0,48.0,2,1,0,0,6,6
2022-02-25,Defensa y Justicia,Gimnasia L.P.,3,2,1.8,3.58,4.16,1.8,3.73,4.71,Primera División,,20220225_Defensa-y-Justicia_Gimnasia-L.P.,68.36371963419538,1.72,0.49,5,4,11,9,48.7,51.3,2,1,0,0,6,5
2022-02-25,Huracan,Velez Sarsfield,2,0,2.55,2.83,3.01,2.72,2.94,3.07,Primera División,,20220225_Huracan_Velez-Sarsfield,-81.59562540717252,1.15,0.57,4,0,8,0,42.4,57.6,1,2,1,0,4,3
2022-02-26,Aldosivi,Central Cordoba,0,0,2.73,3.22,2.5,2.7,3.35,2.75,Primera División,,20220226_Aldosivi_Central-Cordoba,-9.159391399677816,1.23,0.65,5,2,12,4,44.4,55.6,0,0,0,0,2,3
2022-02-26,Colon Santa FE,Barracas Central,2,1,1.41,4.2,7.74,1.45,4.21,8.81,Primera División,,20220226_Colon-Santa-FE_Barracas-Central,88.955375250202,1.39,0.94,4,3,9,6,58.7,41.3,1,3,0,0,5,5
2022-02-26,Platense,Banfield,0,1,3.19,2.97,2.35,3.38,2.98,2.49,Primera División,,20220226_Platense_Banfield,13.394778140696644,1.18,2.17,4,6,8,10,49.8,50.2,1,1,0,0,3,5
2022-02-26,Rosario Central,Godoy Cruz,1,2,1.98,3.49,3.5,2.08,3.55,3.68,Primera División,,20220226_Rosario-Central_Godoy-Cruz,84.6311032425067,0.23,0.54,1,2,4,3,55.8,44.2,2,1,0,0,4,2
2022-02-27,Estudiantes L.P.,Arsenal Sarandi,3,2,1.8,3.44,4.38,1.83,3.53,4.82,Primera División,,20220227_Estudiantes-L.P._Arsenal-Sarandi,129.74681399873384,1.18,0.77,3,2,6,6,52.9,47.1,0,0,0,0,3,1
2022-02-27,Independiente,Boca Juniors,2,2,3.96,2.96,2.06,4.37,3.0,2.12,Primera División,,20220227_Independiente_Boca-Juniors,-87.53627303277335,0.97,1.44,2,4,4,9,50.5,49.5,2,2,0,0,2,5
2022-02-27,River Plate,Racing Club,2,2,1.39,4.55,7.34,1.45,4.51,7.94,Primera División,,20220227_River-Plate_Racing-Club,127.05780580930559,1.09,1.21,2,4,4,9,48.5,51.5,1,1,0,0,4,5
2022-02-27,Sarmiento Junin,Union de Santa Fe,2,1,3.41,2.9,2.29,3.65,2.89,2.42,Primera División,,20220227_Sarmiento-Junin_Union-de-Santa-Fe,-104.26555519097997,0.87,1.24,2,4,3,8,52.3,47.7,2,5,0,0,4,5
2022-02-28,Argentinos Jrs,San Lorenzo,1,1,1.86,3.21,4.44,1.93,3.17,5.0,Primera División,,20220228_Argentinos-Jrs_San-Lorenzo,65.85888232183333,1.18,1.14,4,3,7,6,56.1,43.9,2,1,0,0,4,4
2022-02-28,Talleres Cordoba,Newells Old Boys,1,2,2.1,3.08,3.62,2.15,3.14,3.99,Primera División,,20220228_Talleres-Cordoba_Newells-Old-Boys,106.24974024682365,0.9,1.52,3,5,8,11,57.0,43.0,1,1,0,0,5,3
2022-03-01,Lanus,Tigre,0,0,2.41,3.23,2.84,2.49,3.27,3.07,Primera División,,20220301_Lanus_Tigre,-38.01718356343417,0.39,0.53,2,1,4,1,53.8,46.2,2,3,0,0,5,0
2022-03-02,Atl. Tucuman,Patronato,1,0,2.24,3.06,3.29,2.29,3.2,3.53,Primera División,,20220302_Atl.-Tucuman_Patronato,5.763904915840612,1.25,1.12,4,0,7,0,52.9,47.1,2,6,0,0,3,1
2022-03-04,Central Cordoba,Rosario Central,0,1,2.13,3.43,3.17,2.2,3.54,3.36,Primera División,,20220304_Central-Cordoba_Rosario-Central,-25.963831575523272,1.41,1.39,4,6,8,13,50.4,49.6,2,2,0,0,5,6
2022-03-04,Union de Santa Fe,Platense,1,0,1.95,3.13,4.07,1.97,3.19,4.66,Primera División,,20220304_Union-de-Santa-Fe_Platense,5.859070022512697,0.89,1.28,1,5,4,11,47.5,52.5,4,4,0,0,5,7
2022-03-05,Barracas Central,Aldosivi,2,1,2.94,3.14,2.39,3.19,3.17,2.47,Primera División,,20220305_Barracas-Central_Aldosivi,5.404749357614037,1.86,1.0,6,4,13,9,39.3,60.7,0,2,0,0,7,6
2022-03-05,Gimnasia L.P.,Argentinos Jrs,2,2,2.66,3.01,2.72,2.78,3.2,2.77,Primera División,,20220305_Gimnasia-L.P._Argentinos-Jrs,-18.088320100466717,1.52,0.59,5,2,12,3,52.8,47.2,0,0,0,0,9,4
2022-03-05,Patronato,Sarmiento Junin,0,1,2.36,2.99,3.13,2.44,3.02,3.42,Primera División,,20220305_Patronato_Sarmiento-Junin,-37.27942392173691,0.63,0.74,3,1,7,3,49.7,50.3,2,1,0,0,5,1
2022-03-05,San Lorenzo,River Plate,0,1,5.02,3.69,1.65,5.36,3.64,1.74,Primera División,,20220305_San-Lorenzo_River-Plate,-188.55340517148693,0.7,1.13,2,4,5,9,40.5,59.5,0,2,0,0,4,4
2022-03-06,Banfield,Defensa y Justicia,2,3,2.45,3.12,2.88,2.57,3.17,3.04,Primera División,,20220306_Banfield_Defensa-y-Justicia,-67.86566503349081,0.33,2.0,2,5,4,10,43.5,56.5,1,2,0,0,3,5
2022-03-06,Boca Juniors,Huracan,0,1,1.65,3.52,5.38,1.66,3.66,6.17,Primera División,,20220306_Boca-Juniors_Huracan,92.97877421924568,1.33,1.33,3,5,5,10,52.9,47.1,1,0,0,0,8,10
2022-03-06,Newells Old Boys,Atl. Tucuman,4,0,2.0,3.42,3.53,2.06,3.46,3.83,Primera División,,20220306_Newells-Old-Boys_Atl.-Tucuman,38.40388143107407,1.48,0.05,4,0,9,1,60.6,39.4,3,2,0,0,4,2
2022-03-06,Racing Club,Talleres Cordoba,1,0,2.09,3.11,3.61,2.14,3.2,3.95,Primera División,,20220306_Racing-Club_Talleres-Cordoba,-19.8877905935567,1.05,0.68,2,2,4,3,46.7,53.3,2,5,1,0,3,4
2022-03-07,Arsenal Sarandi,Lanus,2,2,3.06,3.19,2.3,3.27,3.2,2.41,Primera División,,20220307_Arsenal-Sarandi_Lanus,-76.61571468026023,1.08,0.38,5,2,12,7,50.9,49.1,6,2,1,0,4,6
2022-03-07,Godoy Cruz,Independiente,3,3,2.04,3.26,3.58,2.03,3.57,3.84,Primera División,,20220307_Godoy-Cruz_Independiente,-92.0950999118188,0.71,1.02,3,3,7,6,43.3,56.7,0,0,0,0,1,6
2022-03-07,Velez Sarsfield,Estudiantes L.P.,1,1,2.41,2.89,3.16,2.6,2.86,3.35,Primera División,,20220307_Velez-Sarsfield_Estudiantes-L.P.,-8.021106852366074,1.63,0.46,6,2,15,3,47.4,52.6,1,0,0,0,4,2
2022-03-08,Tigre,Colon Santa FE,1,0,2.58,3.02,2.79,2.63,3.14,2.98,Primera División,,20220308_Tigre_Colon-Santa-FE,-25.102805914321152,1.23,0.5,3,1,6,3,51.7,48.3,1,4,0,0,5,3
2022-03-11,Arsenal Sarandi,Velez Sarsfield,0,0,3.51,2.94,2.22,3.79,3.05,2.26,Primera División,,20220311_Arsenal-Sarandi_Velez-Sarsfield,-134.8306036645772,0.51,1.05,1,5,2,10,43.5,56.5,5,2,0,0,3,6
2022-03-12,Aldosivi,Tigre,1,0,3.56,3.21,2.06,3.85,3.29,2.12,Primera División,,20220312_Aldosivi_Tigre,-111.92219699845282,0.83,0.46,3,1,7,3,50.2,49.8,4,3,0,0,3,6
2022-03-12,Huracan,Godoy Cruz,1,3,1.98,3.34,3.67,2.11,3.36,3.83,Primera División,,20220312_Huracan_Godoy-Cruz,92.75904147823121,0.39,1.82,1,6,2,12,57.8,42.2,2,2,0,0,2,11
2022-03-12,Platense,Patronato,1,2,2.31,2.99,3.23,2.36,3.11,3.49,Primera División,,20220312_Platense_Patronato,103.61188046161124,1.37,0.67,5,2,10,4,58.6,41.4,3,0,1,0,6,2
2022-03-12,Rosario Central,Barracas Central,1,3,1.29,5.33,8.86,1.32,5.85,9.0,Primera División,,20220312_Rosario-Central_Barracas-Central,28.377476825469785,1.43,1.12,3,3,8,7,54.5,45.5,0,5,0,0,12,2
2022-03-12,Sarmiento Junin,Newells Old Boys,2,2,2.7,3.02,2.67,2.85,3.07,2.81,Primera División,,20220312_Sarmiento-Junin_Newells-Old-Boys,-30.451862253640684,0.92,0.72,3,3,8,6,45.8,54.2,3,4,0,0,7,3
2022-03-13,Lanus,Colon Santa FE,1,1,2.43,3.14,2.89,2.46,3.25,3.14,Primera División,,20220313_Lanus_Colon-Santa-FE,-50.24290982249158,0.95,0.68,2,2,3,4,50.9,49.1,3,3,0,0,4,6
2022-03-13,River Plate,Gimnasia L.P.,4,0,1.23,5.88,11.33,1.26,6.3,11.32,Primera División,,20220313_River-Plate_Gimnasia-L.P.,150.71396006117652,2.63,1.19,8,6,19,13,59.9,40.1,2,0,0,0,9,10
2022-03-13,Talleres Cordoba,San Lorenzo,0,1,2.02,3.12,3.82,2.12,3.15,4.09,Primera División,,20220313_Talleres-Cordoba_San-Lorenzo,83.16232092781956,0.73,1.09,3,2,8,3,53.5,46.5,3,1,0,0,1,3
2022-03-13,Union de Santa Fe,Banfield,2,1,2.39,2.83,3.28,2.4,2.92,3.64,Primera División,,20220313_Union-de-Santa-Fe_Banfield,15.812048549053543,0.78,1.38,2,5,5,12,53.2,46.8,3,4,0,0,1,10
2022-03-14,Atl. Tucuman,Racing Club,0,4,3.45,3.12,2.14,3.66,3.19,2.24,Primera División,,20220314_Atl.-Tucuman_Racing-Club,-117.01201296311933,1.01,1.22,4,4,9,10,45.4,54.6,4,2,0,0,5,4
2022-03-14,Estudiantes L.P.,Boca Juniors,0,1,3.15,2.92,2.39,3.36,3.0,2.49,Primera División,,20220314_Estudiantes-L.P._Boca-Juniors,-18.03722468030719,0.62,0.58,2,1,4,1,53.2,46.8,2,1,0,0,4,0
2022-03-15,Argentinos Jrs,Defensa y Justicia,0,1,2.31,3.29,2.95,2.38,3.36,3.18,Primera División,,20220315_Argentinos-Jrs_Defensa-y-Justicia,-79.92256888351449,0.86,1.42,3,4,9,8,43.4,56.6,1,1,0,0,6,1
2022-03-15,Independiente,Central Cordoba,1,1,1.99,3.09,4.0,2.06,3.2,4.23,Primera División,,20220315_Independiente_Central-Cordoba,71.15750828911382,0.93,1.14,5,4,11,10,52.1,47.9,2,0,0,0,4,2
2022-03-18,Aldosivi,Patronato,3,1,2.71,2.97,2.69,2.86,3.02,2.84,Primera División,,20220318_Aldosivi_Patronato,48.032330987057094,1.76,0.55,6,2,14,5,49.7,50.3,2,0,1,0,9,0
2022-03-18,Tigre,Platense,4,0,1.94,3.17,4.1,1.99,3.19,4.56,Primera División,,20220318_Tigre_Platense,55.82048108812546,1.2,0.05,4,0,10,0,48.6,51.4,1,2,0,0,9,0
2022-03-19,Barracas Central,Sarmiento Junin,2,1,3.01,2.94,2.47,3.04,3.07,2.65,Primera División,,20220319_Barracas-Central_Sarmiento-Junin,30.017455025003528,0.95,0.74,3,4,7,10,44.1,55.9,2,0,0,0,1,3
2022-03-19,Colon Santa FE,Union de Santa Fe,0,0,2.43,2.86,3.17,2.57,2.88,3.38,Primera División,,20220319_Colon-Santa-FE_Union-de-Santa-Fe,12.821382425213187,0.66,0.22,3,0,5,1,45.1,54.9,0,5,0,0,8,2
2022-03-19,Independiente,Racing Club,1,2,2.63,2.95,2.78,2.73,3.06,2.95,Primera División,,20220319_Independiente_Racing-Club,-28.78077579272849,0.6,1.8,1,4,1,11,49.7,50.3,1,2,0,0,2,6
2022-03-19,Lanus,Banfield,0,1,2.58,3.05,2.76,2.7,3.17,2.88,Primera División,,20220319_Lanus_Banfield,4.745681847854712,0.05,0.76,0,2,0,4,53.4,46.6,4,1,0,0,1,3
2022-03-19,San Lorenzo,Huracan,0,0,2.5,2.96,2.94,2.61,3.02,3.14,Primera División,,20220319_San-Lorenzo_Huracan,-47.32692451424873,1.39,0.98,4,3,8,7,44.9,55.1,0,2,0,0,2,5
2022-03-20,Gimnasia L.P.,Estudiantes L.P.,1,1,3.23,3.01,2.3,3.51,3.14,2.33,Primera División,,20220320_Gimnasia-L.P._Estudiantes-L.P.,-67.70513705304415,2.39,1.95,8,5,19,11,47.1,52.9,3,1,0,0,11,9
2022-03-20,River Plate,Boca Juniors,0,1,1.86,3.19,4.46,1.84,3.43,4.98,Primera División,,20220320_River-Plate_Boca-Juniors,56.41284349758098,0.05,0.83,1,3,3,7,49.1,50.9,2,2,0,0,1,4
2022-03-20,Rosario Central,Newells Old Boys,0,1,2.05,3.33,3.49,2.11,3.43,3.74,Primera División,,20220320_Rosario-Central_Newells-Old-Boys,4.085340456695121,1.09,1.13,3,2,8,6,53.2,46.8,1,4,0,0,8,4
2022-03-21,Defensa y Justicia,Arsenal Sarandi,1,1,1.61,3.75,5.29,1.63,3.87,6.0,Primera División,,20220321_Defensa-y-Justicia_Arsenal-Sarandi,171.92660927383417,1.11,1.02,3,2,9,6,56.3,43.7,4,1,0,0,3,5
2022-03-22,Argentinos Jrs,Velez Sarsfield,1,0,2.37,2.89,3.23,2.44,3.02,3.41,Primera División,,20220322_Argentinos-Jrs_Velez-Sarsfield,-52.52831016876985,0.71,1.15,4,4,10,9,48.5,51.5,2,0,0,0,6,4
2022-03-22,Atl. Tucuman,Central Cordoba,0,1,3.1,3.02,2.36,3.26,3.18,2.43,Primera División,,20220322_Atl.-Tucuman_Central-Cordoba,-38.13096533202224,0.2,1.85,0,7,0,14,56.3,43.7,3,1,1,0,1,7
2022-03-23,Talleres Cordoba,Godoy Cruz,2,1,2.35,3.12,3.03,2.43,3.23,3.21,Primera División,,20220323_Talleres-Cordoba_Godoy-Cruz,68.69749707952724,1.4,1.0,4,3,8,6,46.7,53.3,2,1,0,0,7,3
2022-04-01,Central Cordoba,Huracan,2,2,1.93,3.27,4.06,1.98,3.35,4.33,Primera División,,20220401_Central-Cordoba_Huracan,-48.17171663808426,1.85,1.47,5,5,10,9,37.9,62.1,1,3,0,0,1,6
2022-04-01,Colon Santa FE,Aldosivi,1,3,1.54,3.8,6.22,1.56,3.89,7.07,Primera División,,20220401_Colon-Santa-FE_Aldosivi,83.03923054873258,1.53,1.32,4,3,9,7,57.9,42.1,2,2,0,0,10,7
2022-04-01,Gimnasia L.P.,Talleres Cordoba,2,1,2.36,3.04,3.14,2.49,3.08,3.27,Primera División,,20220401_Gimnasia-L.P._Talleres-Cordoba,-32.831501627009175,1.14,0.8,4,2,8,5,47.7,52.3,2,2,0,0,2,1
2022-04-01,Patronato,Union de Santa Fe,2,1,2.48,2.82,3.18,2.59,2.9,3.31,Primera División,,20220401_Patronato_Union-de-Santa-Fe,-139.83846897156673,1.59,1.11,4,3,10,7,40.7,59.3,2,4,0,0,6,2
2022-04-02,Banfield,Argentinos Jrs,0,2,2.81,2.86,2.72,2.81,2.93,2.98,Primera División,,20220402_Banfield_Argentinos-Jrs,-11.117488948374103,1.01,1.64,3,3,6,8,50.0,50.0,1,2,0,0,7,7
2022-04-02,Barracas Central,Independiente,0,1,4.75,3.26,1.8,4.99,3.33,1.87,Primera División,,20220402_Barracas-Central_Independiente,-13.985473528045304,0.62,1.27,2,3,5,7,46.3,53.7,1,1,0,0,4,5
2022-04-02,Defensa y Justicia,River Plate,1,2,4.83,3.89,1.64,5.25,4.0,1.68,Primera División,,20220402_Defensa-y-Justicia_River-Plate,-43.32753409904103,1.78,0.95,5,4,12,8,45.7,54.3,2,0,0,0,3,3
2022-04-02,Godoy Cruz,Estudiantes L.P.,3,3,2.1,3.29,3.44,2.17,3.32,3.69,Primera División,,20220402_Godoy-Cruz_Estudiantes-L.P.,-118.26797893096455,1.85,0.56,6,3,13,7,47.4,52.6,0,0,0,0,6,3
2022-04-02,Racing Club,Sarmiento Junin,4,1,1.4,4.46,7.47,1.41,4.77,8.18,Primera División,,20220402_Racing-Club_Sarmiento-Junin,116.73174544164908,0.82,1.32,4,3,10,7,55.5,44.5,1,2,0,0,5,5
2022-04-02,Velez Sarsfield,Lanus,3,1,2.01,3.21,3.8,2.02,3.39,4.09,Primera División,,20220402_Velez-Sarsfield_Lanus,55.62678634849772,1.14,0.29,3,1,8,3,54.0,46.0,2,1,0,0,6,2
2022-04-03,Boca Juniors,Arsenal Sarandi,2,2,1.54,3.77,6.37,1.56,4.04,6.81,Primera División,,20220403_Boca-Juniors_Arsenal-Sarandi,175.71100043239676,0.43,1.53,3,5,8,12,57.4,42.6,1,1,0,0,4,6
2022-04-03,Newells Old Boys,Platense,3,1,1.94,3.25,4.0,1.96,3.41,4.31,Primera División,,20220403_Newells-Old-Boys_Platense,22.21071362531802,1.87,0.96,6,4,11,10,49.4,50.6,0,1,1,0,9,9
2022-04-03,San Lorenzo,Atl. Tucuman,1,1,1.69,3.53,5.1,1.7,3.76,5.51,Primera División,,20220403_San-Lorenzo_Atl.-Tucuman,63.601445053875295,0.82,0.49,2,1,3,0,49.5,50.5,1,0,0,0,1,0
2022-04-04,Tigre,Rosario Central,2,0,1.88,3.33,4.17,1.88,3.52,4.56,Primera División,,20220404_Tigre_Rosario-Central,73.98351588478295,1.42,1.08,3,3,5,6,50.8,49.2,1,1,0,1,5,6
2022-04-08,Arsenal Sarandi,Godoy Cruz,3,3,3.07,3.13,2.34,3.35,3.21,2.36,Primera División,,20220408_Arsenal-Sarandi_Godoy-Cruz,1.2554975110058422,1.15,1.68,3,6,7,12,50.5,49.5,2,2,0,0,6,6
2022-04-08,Atl. Tucuman,Gimnasia L.P.,1,2,2.73,3.04,2.64,2.86,3.14,2.75,Primera División,,20220408_Atl.-Tucuman_Gimnasia-L.P.,-103.28610122903024,0.44,1.14,3,4,5,8,48.7,51.3,1,1,0,0,7,4
2022-04-09,Independiente,Tigre,1,1,3.17,2.85,2.45,3.33,2.93,2.56,Primera División,,20220409_Independiente_Tigre,-37.27813304191227,0.05,0.35,1,1,2,3,48.5,51.5,1,1,0,0,1,2
2022-04-09,Rosario Central,Colon Santa FE,2,2,2.33,3.22,3.0,2.31,3.29,3.37,Primera División,,20220409_Rosario-Central_Colon-Santa-FE,-71.50609703342639,0.14,1.14,2,4,4,8,42.2,57.8,1,2,0,0,2,4
2022-04-09,Sarmiento Junin,San Lorenzo,2,1,2.98,2.96,2.5,3.15,3.07,2.57,Primera División,,20220409_Sarmiento-Junin_San-Lorenzo,-31.356135317811322,1.05,1.29,3,3,8,5,48.0,52.0,3,2,0,0,4,5
2022-04-09,Talleres Cordoba,Defensa y Justicia,1,5,3.06,3.17,2.32,3.23,3.21,2.42,Primera División,,20220409_Talleres-Cordoba_Defensa-y-Justicia,-75.12990599431942,1.16,1.84,2,6,5,13,52.4,47.6,1,1,0,0,4,8
2022-04-09,Union de Santa Fe,Newells Old Boys,1,0,2.3,3.04,3.22,2.3,3.2,3.49,Primera División,,20220409_Union-de-Santa-Fe_Newells-Old-Boys,16.88636091261469,0.35,1.42,1,5,0,9,51.8,48.2,0,4,0,0,2,6
2022-04-10,Estudiantes L.P.,Central Cordoba,5,0,2.11,3.19,3.49,2.16,3.3,3.74,Primera División,,20220410_Estudiantes-L.P._Central-Cordoba,90.31980509030154,2.24,0.05,8,1,16,2,54.1,45.9,2,2,0,0,3,4
2022-04-10,Patronato,Banfield,0,1,2.38,2.92,3.2,2.5,3.02,3.32,Primera División,,20220410_Patronato_Banfield,-84.63814006151279,0.98,1.15,3,2,7,4,37.4,62.6,2,3,0,0,1,1
2022-04-10,Platense,Racing Club,0,1,4.06,3.5,1.84,4.3,3.73,1.87,Primera División,,20220410_Platense_Racing-Club,-106.82916144655815,0.4,0.86,1,4,4,8,49.5,50.5,2,2,0,0,1,5
2022-04-10,River Plate,Argentinos Jrs,4,2,1.68,3.61,4.98,1.68,3.87,5.4,Primera División,,20220410_River-Plate_Argentinos-Jrs,121.42249226438821,1.74,1.88,6,5,13,10,56.2,43.8,0,2,0,0,5,10
2022-04-10,Velez Sarsfield,Boca Juniors,0,0,3.34,2.95,2.29,3.59,3.06,2.34,Primera División,,20220410_Velez-Sarsfield_Boca-Juniors,-53.35598668144485,0.77,0.7,4,3,10,7,53.1,46.9,3,1,1,0,8,7
2022-04-11,Huracan,Barracas Central,1,2,1.65,3.5,5.55,1.66,3.64,6.06,Primera División,,20220411_Huracan_Barracas-Central,27.407962732873784,0.75,0.69,2,2,5,5,53.2,46.8,2,2,0,0,3,3
2022-04-12,Lanus,Aldosivi,1,2,1.79,3.53,4.3,1.83,3.68,4.63,Primera División,,20220412_Lanus_Aldosivi,-0.3879306257013013,1.22,1.5,4,5,10,11,51.6,48.4,2,3,0,0,6,6
2022-04-15,Aldosivi,Rosario Central,1,0,2.55,3.32,2.65,2.69,3.45,2.69,Primera División,,20220415_Aldosivi_Rosario-Central,27.647387434294387,0.56,0.68,3,1,6,5,58.2,41.8,0,1,0,0,3,2
2022-04-15,Central Cordoba,Arsenal Sarandi,3,3,1.91,3.34,4.05,1.87,3.61,4.48,Primera División,,20220415_Central-Cordoba_Arsenal-Sarandi,9.919068793047018,0.98,1.38,4,5,9,11,46.8,53.2,2,2,0,0,3,5
2022-04-15,Gimnasia L.P.,Sarmiento Junin,1,3,1.68,3.69,4.83,1.72,3.69,5.41,Primera División,,20220415_Gimnasia-L.P._Sarmiento-Junin,70.83985319392377,1.51,1.17,5,5,12,10,56.6,43.4,0,0,0,0,10,14
2022-04-15,Tigre,Huracan,2,1,1.87,3.3,4.26,1.88,3.5,4.55,Primera División,,20220415_Tigre_Huracan,58.55213879177677,0.99,0.09,3,1,6,0,53.2,46.8,0,2,0,0,4,1
2022-04-16,Barracas Central,Estudiantes L.P.,1,6,3.81,3.19,2.02,4.22,3.31,2.02,Primera División,,20220416_Barracas-Central_Estudiantes-L.P.,-68.86668473603277,0.99,1.88,4,6,9,15,45.0,55.0,0,1,0,0,4,7
2022-04-16,Colon Santa FE,Independiente,2,2,2.05,3.08,3.87,2.03,3.26,4.25,Primera División,,20220416_Colon-Santa-FE_Independiente,12.117379188970745,1.16,1.52,2,5,4,11,56.2,43.8,1,3,0,0,6,7
2022-04-16,Newells Old Boys,Patronato,1,0,1.94,3.18,4.16,1.98,3.31,4.38,Primera División,,20220416_Newells-Old-Boys_Patronato,87.49826509158129,0.53,0.63,4,3,7,5,62.6,37.4,1,2,0,0,5,5
2022-04-16,San Lorenzo,Platense,2,2,2.11,3.15,3.53,2.17,3.2,3.84,Primera División,,20220416_San-Lorenzo_Platense,0.5690080771491921,0.86,1.29,2,3,4,8,47.6,52.4,1,1,0,0,3,5
2022-04-17,Argentinos Jrs,Talleres Cordoba,2,1,1.95,3.21,4.06,1.96,3.32,4.46,Primera División,,20220417_Argentinos-Jrs_Talleres-Cordoba,19.533208855691555,0.76,1.4,2,4,4,8,56.4,43.6,1,0,0,0,4,5
2022-04-17,Boca Juniors,Lanus,1,1,1.63,3.7,5.34,1.65,3.91,5.76,Primera División,,20220417_Boca-Juniors_Lanus,139.33081394775104,1.04,1.07,4,4,11,9,55.9,44.1,0,2,0,0,7,4
2022-04-17,Defensa y Justicia,Atl. Tucuman,1,1,1.49,4.02,6.54,1.52,4.15,7.09,Primera División,,20220417_Defensa-y-Justicia_Atl.-Tucuman,202.9652521946348,0.82,1.64,2,6,3,13,54.7,45.3,2,1,0,0,1,5
2022-04-17,Godoy Cruz,Velez Sarsfield,0,0,2.12,3.18,3.51,2.16,3.26,3.79,Primera División,,20220417_Godoy-Cruz_Velez-Sarsfield,-114.19683965017657,0.19,0.86,1,3,1,7,46.1,53.9,0,2,0,0,1,5
2022-04-17,Racing Club,Union de Santa Fe,1,0,1.97,3.24,3.94,2.03,3.26,4.28,Primera División,,20220417_Racing-Club_Union-de-Santa-Fe,42.2693339969544,1.62,1.25,5,4,12,11,56.9,43.1,1,1,0,0,10,5
2022-04-18,Banfield,River Plate,1,2,4.94,3.54,1.7,5.31,3.83,1.7,Primera División,,20220418_Banfield_River-Plate,-154.60809178136242,1.22,1.72,5,5,14,8,42.2,57.8,2,1,0,0,5,6
2022-04-19,Arsenal Sarandi,Barracas Central,0,1,1.96,3.26,3.9,2.04,3.28,4.15,Primera División,,20220419_Arsenal-Sarandi_Barracas-Central,-39.275368187191134,0.33,0.05,1,1,2,3,44.7,55.3,3,4,0,0,5,4
2022-04-19,Estudiantes L.P.,Tigre,2,1,2.36,3.07,3.09,2.51,3.05,3.26,Primera División,,20220419_Estudiantes-L.P._Tigre,8.451427005501728,1.0,1.37,2,4,4,6,56.5,43.5,1,5,0,0,3,5
2022-04-19,Huracan,Colon Santa FE,1,1,2.74,3.15,2.57,3.07,3.28,2.49,Primera División,,20220419_Huracan_Colon-Santa-FE,-45.534892125536544,0.73,1.1,2,2,5,5,46.3,53.7,0,2,0,0,15,5
2022-04-19,Union de Santa Fe,San Lorenzo,1,2,1.88,3.26,4.28,1.91,3.31,4.75,Primera División,,20220419_Union-de-Santa-Fe_San-Lorenzo,70.3078357529746,0.45,0.86,1,2,2,2,59.9,40.1,4,3,0,0,3,3
2022-04-20,Independiente,Aldosivi,1,1,1.52,3.86,6.33,1.54,4.08,6.91,Primera División,,20220420_Independiente_Aldosivi,16.241691067238207,1.23,0.92,4,3,9,7,50.6,49.4,2,3,0,0,3,3
2022-04-20,Lanus,Rosario Central,3,1,2.14,3.23,3.37,2.26,3.3,3.47,Primera División,,20220420_Lanus_Rosario-Central,18.903278983733117,1.0,0.05,4,1,7,1,44.3,55.7,1,2,0,0,4,6
2022-04-20,Newells Old Boys,Banfield,1,0,2.22,2.94,3.56,2.21,3.07,3.91,Primera División,,20220420_Newells-Old-Boys_Banfield,0.6206305023047207,0.45,1.37,1,5,0,9,44.5,55.5,0,1,0,0,2,6
2022-04-20,Patronato,Racing Club,2,3,3.26,3.1,2.26,3.55,3.22,2.26,Primera División,,20220420_Patronato_Racing-Club,-189.0758657361232,0.61,2.17,2,5,7,13,42.5,57.5,2,2,0,1,4,9
2022-04-20,Platense,Gimnasia L.P.,0,3,2.67,3.04,2.71,2.82,3.07,2.83,Primera División,,20220420_Platense_Gimnasia-L.P.,-51.779845698933514,0.51,0.53,3,4,5,9,50.9,49.1,0,1,0,0,4,6
2022-04-20,Talleres Cordoba,River Plate,1,0,3.37,3.26,2.13,3.48,3.36,2.23,Primera División,,20220420_Talleres-Cordoba_River-Plate,-175.20642861519696,1.33,1.54,5,5,10,11,36.0,64.0,3,2,0,0,8,6
2022-04-20,Velez Sarsfield,Central Cordoba,1,2,2.02,3.15,3.83,2.0,3.25,4.4,Primera División,,20220420_Velez-Sarsfield_Central-Cordoba,99.64343555858704,1.86,1.84,5,4,12,8,57.8,42.2,2,3,0,0,9,6
2022-04-21,Atl. Tucuman,Argentinos Jrs,2,4,4.27,3.47,1.82,4.4,3.72,1.85,Primera División,,20220421_Atl.-Tucuman_Argentinos-Jrs,-133.49662369261614,1.43,1.52,5,7,10,16,48.3,51.7,0,2,0,0,3,6
2022-04-21,Boca Juniors,Godoy Cruz,1,1,1.83,3.39,4.35,1.81,3.58,4.94,Primera División,,20220421_Boca-Juniors_Godoy-Cruz,155.51784424350967,1.16,0.49,4,1,7,2,53.1,46.9,2,4,0,0,4,4
2022-04-21,Sarmiento Junin,Defensa y Justicia,2,1,3.62,3.52,1.96,3.91,3.6,2.0,Primera División,,20220421_Sarmiento-Junin_Defensa-y-Justicia,-132.72900606766984,1.34,1.18,6,3,14,6,46.5,53.5,0,2,0,0,4,5
2022-04-23,Central Cordoba,Boca Juniors,1,2,3.1,3.04,2.37,3.37,3.16,2.38,Primera División,,20220423_Central-Cordoba_Boca-Juniors,-128.19110745828561,0.08,1.51,1,5,2,11,39.4,60.6,1,0,0,0,6,7
2022-04-23,Colon Santa FE,Estudiantes L.P.,2,2,1.45,4.4,6.3,1.44,4.8,6.7,Primera División,,20220423_Colon-Santa-FE_Estudiantes-L.P.,-54.73382783261127,1.38,0.89,5,2,11,4,52.8,47.2,0,0,0,0,7,2
2022-04-23,Gimnasia L.P.,Union de Santa Fe,1,0,2.34,3.03,3.17,2.42,3.11,3.35,Primera División,,20220423_Gimnasia-L.P._Union-de-Santa-Fe,5.562752786664305,1.62,0.92,5,4,9,11,57.4,42.6,1,1,0,0,10,5
2022-04-23,Rosario Central,Independiente,3,0,2.87,3.01,2.54,3.05,3.11,2.6,Primera División,,20220423_Rosario-Central_Independiente,-76.77047309707518,1.19,0.79,3,1,6,2,46.2,53.8,2,2,0,0,5,6
2022-04-23,San Lorenzo,Patronato,1,2,2.27,3.13,3.18,2.37,3.15,3.42,Primera División,,20220423_San-Lorenzo_Patronato,75.84600588965009,0.39,0.79,1,2,3,5,52.9,47.1,4,2,0,0,1,3
2022-04-24,Banfield,Talleres Cordoba,3,1,2.22,2.95,3.52,2.34,3.02,3.65,Primera División,,20220424_Banfield_Talleres-Cordoba,-22.93930296421854,1.2,1.48,4,6,10,15,48.7,51.3,1,1,1,0,5,4
2022-04-24,Barracas Central,Velez Sarsfield,1,1,2.95,2.91,2.56,3.17,2.92,2.64,Primera División,,20220424_Barracas-Central_Velez-Sarsfield,-43.602703683156506,0.61,0.59,3,2,6,8,44.6,55.4,1,1,0,0,4,5
2022-04-24,Racing Club,Newells Old Boys,0,0,1.84,3.37,4.29,1.88,3.44,4.72,Primera División,,20220424_Racing-Club_Newells-Old-Boys,77.5646178585539,1.14,0.1,4,0,9,0,49.3,50.7,0,2,0,0,4,1
2022-04-24,River Plate,Atl. Tucuman,1,1,1.15,7.38,15.5,1.16,8.17,18.61,Primera División,,20220424_River-Plate_Atl.-Tucuman,256.53542109336786,1.73,0.57,6,2,14,3,58.8,41.2,1,0,1,0,7,1
2022-04-25,Defensa y Justicia,Platense,1,1,1.59,3.9,5.31,1.61,4.14,5.8,Primera División,,20220425_Defensa-y-Justicia_Platense,136.34687704526186,1.35,0.82,3,4,5,10,56.3,43.7,2,1,0,0,2,10
2022-04-25,Godoy Cruz,Lanus,1,1,1.75,3.73,4.36,1.75,3.95,4.77,Primera División,,20220425_Godoy-Cruz_Lanus,-31.635368366365128,0.62,0.42,2,1,6,2,48.4,51.6,3,0,0,0,3,2
2022-04-25,Tigre,Arsenal Sarandi,0,0,1.8,3.34,4.58,1.85,3.37,5.05,Primera División,,20220425_Tigre_Arsenal-Sarandi,117.93589115713007,0.57,0.57,3,3,6,6,58.1,41.9,3,2,0,0,4,3
2022-04-26,Aldosivi,Huracan,0,2,2.86,3.41,2.32,2.99,3.53,2.41,Primera División,,20220426_Aldosivi_Huracan,17.00930522949261,1.6,0.16,5,2,10,5,51.4,48.6,2,2,0,0,6,0
2022-04-26,Argentinos Jrs,Sarmiento Junin,0,0,1.61,3.81,5.34,1.64,3.93,5.85,Primera División,,20220426_Argentinos-Jrs_Sarmiento-Junin,67.10699737431582,0.43,1.46,1,6,2,14,54.5,45.5,2,2,0,0,2,6
2022-04-28,Newells Old Boys,San Lorenzo,1,2,1.94,2.91,4.79,1.91,2.99,5.65,Primera División,,20220428_Newells-Old-Boys_San-Lorenzo,64.97145574046635,1.0,1.32,5,4,10,11,54.1,45.9,1,1,0,0,7,6
2022-04-29,Estudiantes L.P.,Aldosivi,2,1,1.59,3.88,5.41,1.59,4.05,6.17,Primera División,,20220429_Estudiantes-L.P._Aldosivi,90.84391974886603,0.58,1.34,2,4,3,10,56.1,43.9,1,0,0,0,5,4
2022-04-30,Arsenal Sarandi,Colon Santa FE,2,0,2.06,3.25,3.64,2.0,3.45,4.07,Primera División,,20220430_Arsenal-Sarandi_Colon-Santa-FE,-93.0209548863968,0.67,1.19,2,3,7,8,47.0,53.0,1,1,0,0,2,6
2022-04-30,Atl. Tucuman,Talleres Cordoba,3,0,2.15,3.11,3.5,2.21,3.15,3.8,Primera División,,20220430_Atl.-Tucuman_Talleres-Cordoba,-96.17146947842275,0.61,0.09,3,0,6,0,42.1,57.9,2,3,0,0,4,5
2022-04-30,Boca Juniors,Barracas Central,2,0,1.4,4.44,7.56,1.42,4.57,8.64,Primera División,,20220430_Boca-Juniors_Barracas-Central,109.11564521923651,0.99,1.44,2,4,5,8,51.6,48.4,2,1,0,0,7,4
2022-04-30,Patronato,Gimnasia L.P.,0,6,2.37,3.05,3.09,2.35,3.21,3.36,Primera División,,20220430_Patronato_Gimnasia-L.P.,-120.15422045670198,0.15,1.73,1,6,4,13,44.5,55.5,2,2,0,0,6,7
2022-04-30,Racing Club,Banfield,1,1,2.01,3.17,3.85,2.02,3.35,4.14,Primera División,,20220430_Racing-Club_Banfield,86.71588081650725,1.43,0.3,5,1,10,2,62.2,37.8,0,3,0,0,8,3
2022-04-30,Velez Sarsfield,Tigre,3,2,2.52,2.92,3.0,2.44,3.05,3.38,Primera División,,20220430_Velez-Sarsfield_Tigre,-11.333694011437728,1.44,1.05,6,4,12,6,49.8,50.2,2,5,0,1,6,6
2022-05-01,Lanus,Independiente,1,0,3.05,2.96,2.47,3.24,3.01,2.55,Primera División,,20220501_Lanus_Independiente,-21.652105864964824,1.18,2.93,7,8,15,17,51.4,48.6,1,0,0,0,6,6
2022-05-01,Sarmiento Junin,River Plate,0,7,7.86,4.9,1.35,8.45,5.25,1.37,Primera División,,20220501_Sarmiento-Junin_River-Plate,-165.11159546318504,0.43,2.07,0,7,1,15,48.0,52.0,2,2,0,0,3,8
2022-05-02,Godoy Cruz,Central Cordoba,1,0,1.77,3.56,4.43,1.8,3.62,4.88,Primera División,,20220502_Godoy-Cruz_Central-Cordoba,-8.395614541489977,0.83,0.66,4,2,8,6,53.0,47.0,3,1,1,0,4,4
2022-05-02,Union de Santa Fe,Defensa y Justicia,1,2,3.09,3.14,2.32,3.31,3.09,2.45,Primera División,,20220502_Union-de-Santa-Fe_Defensa-y-Justicia,-77.0067264109025,0.97,2.18,3,7,6,14,52.4,47.6,4,1,0,0,5,7
2022-05-03,Huracan,Rosario Central,2,1,1.85,3.48,4.03,1.88,3.66,4.32,Primera División,,20220503_Huracan_Rosario-Central,42.61837742240891,1.05,0.26,4,1,9,1,51.5,48.5,2,0,1,0,8,3
2022-05-03,Platense,Argentinos Jrs,1,1,5.33,3.4,1.7,5.84,3.31,1.78,Primera División,,20220503_Platense_Argentinos-Jrs,-96.70110451549385,0.73,1.09,1,3,2,7,50.1,49.9,0,1,0,1,3,2
2022-05-06,San Lorenzo,Racing Club,1,1,3.19,3.3,2.19,3.47,3.35,2.24,Primera División,,20220506_San-Lorenzo_Racing-Club,-120.112756515103,0.85,0.8,3,2,4,7,48.1,51.9,5,1,0,0,7,1
2022-05-07,Aldosivi,Arsenal Sarandi,1,2,2.31,3.21,3.05,2.54,3.24,3.03,Primera División,,20220507_Aldosivi_Arsenal-Sarandi,29.090790641187596,0.35,0.6,1,3,1,6,51.0,49.0,5,3,0,0,2,6
2022-05-07,Barracas Central,Godoy Cruz,3,1,4.72,3.65,1.71,5.49,3.86,1.68,Primera División,,20220507_Barracas-Central_Godoy-Cruz,22.356635254141338,2.34,1.01,6,3,12,7,49.0,51.0,2,2,0,0,5,3
2022-05-07,Independiente,Huracan,3,0,2.43,2.96,3.09,2.52,3.05,3.24,Primera División,,20220507_Independiente_Huracan,-18.348588655127287,0.71,0.47,3,2,7,4,47.1,52.9,1,1,0,0,6,6
2022-05-07,Rosario Central,Estudiantes L.P.,3,1,1.77,3.59,4.36,1.74,3.92,4.85,Primera División,,20220507_Rosario-Central_Estudiantes-L.P.,-144.76489368620446,0.88,0.9,4,2,9,5,48.0,52.0,2,0,0,0,3,0
2022-05-07,Tigre,Boca Juniors,0,2,2.44,2.88,3.16,2.54,2.89,3.4,Primera División,,20220507_Tigre_Boca-Juniors,-77.91730083163088,0.43,1.58,0,4,0,9,45.9,54.1,0,2,0,0,1,5
2022-05-08,Argentinos Jrs,Union de Santa Fe,2,1,1.65,3.43,5.76,1.65,3.56,6.67,Primera División,,20220508_Argentinos-Jrs_Union-de-Santa-Fe,52.450705132216626,0.39,1.85,2,6,4,13,57.0,43.0,2,2,0,0,4,10
2022-05-08,Defensa y Justicia,Patronato,1,0,1.55,4.0,5.58,1.55,4.17,6.5,Primera División,,20220508_Defensa-y-Justicia_Patronato,185.37333487083856,0.83,1.18,3,1,7,0,52.9,47.1,2,4,0,1,4,2
2022-05-08,Gimnasia L.P.,Newells Old Boys,3,1,2.04,3.25,3.63,2.08,3.39,3.87,Primera División,,20220508_Gimnasia-L.P._Newells-Old-Boys,30.720497975988337,1.91,1.42,6,3,14,5,50.7,49.3,0,3,0,0,6,9
2022-05-08,Talleres Cordoba,Sarmiento Junin,1,0,1.84,3.34,4.35,1.85,3.54,4.73,Primera División,,20220508_Talleres-Cordoba_Sarmiento-Junin,11.275133548856502,1.33,0.55,5,1,12,2,50.2,49.8,2,0,0,0,8,3
2022-05-09,Central Cordoba,Lanus,3,3,2.2,3.23,3.26,2.27,3.31,3.44,Primera División,,20220509_Central-Cordoba_Lanus,-46.09726775536819,1.77,2.34,6,7,12,15,43.7,56.3,3,0,0,0,4,11
2022-05-09,Colon Santa FE,Velez Sarsfield,1,2,2.27,3.08,3.26,2.42,3.1,3.37,Primera División,,20220509_Colon-Santa-FE_Velez-Sarsfield,-33.26315463711603,1.41,1.53,4,6,9,14,42.3,57.7,2,0,0,0,2,1
2022-05-09,River Plate,Platense,2,1,1.44,4.5,6.41,1.45,4.73,7.21,Primera División,,20220509_River-Plate_Platense,202.71922828293327,1.1,1.57,4,4,7,9,54.8,45.2,2,2,0,0,4,6
2022-05-10,Banfield,Atl. Tucuman,1,1,1.98,3.23,3.87,2.03,3.31,4.17,Primera División,,20220510_Banfield_Atl.-Tucuman,86.50950753304164,0.74,1.89,4,6,8,14,56.9,43.1,3,3,0,0,5,6
2022-05-10,Racing Club,Aldosivi,5,0,1.4,4.53,7.04,1.44,4.65,7.63,Primera División,,20220510_Racing-Club_Aldosivi,111.34994262577902,2.34,1.6,7,5,15,10,53.8,46.2,0,1,0,0,6,5
2022-05-11,Boca Juniors,Defensa y Justicia,2,0,1.93,3.39,3.87,1.99,3.45,4.29,Primera División,,20220511_Boca-Juniors_Defensa-y-Justicia,35.911061566654325,1.37,0.36,4,3,8,7,50.6,49.4,4,1,0,0,3,4
2022-05-11,Estudiantes L.P.,Argentinos Jrs,1,1,2.28,3.19,3.12,2.31,3.28,3.39,Primera División,,20220511_Estudiantes-L.P._Argentinos-Jrs,26.414040068308168,0.18,1.19,1,4,1,8,49.0,51.0,4,5,0,0,2,1
2022-05-12,River Plate,Tigre,1,2,1.47,4.21,6.43,1.5,4.41,6.92,Primera División,,20220512_River-Plate_Tigre,129.47587303200976,0.94,1.06,3,4,8,9,50.7,49.3,3,1,0,0,8,2
2022-05-14,Boca Juniors,Racing Club,0,0,2.36,2.87,3.3,2.48,2.88,3.54,Primera División,,20220514_Boca-Juniors_Racing-Club,44.87430311347612,0.27,0.65,0,3,0,7,51.9,48.1,0,1,0,0,0,6
2022-05-15,Tigre,Argentinos Jrs,1,1,2.92,2.92,2.58,2.98,2.93,2.81,Primera División,,20220515_Tigre_Argentinos-Jrs,-6.084199575356934,0.29,1.35,1,6,1,12,48.7,51.3,1,1,0,0,2,3
2022-05-22,Boca Juniors,Tigre,3,0,2.18,2.86,3.78,2.26,2.88,4.1,Primera División,,20220522_Boca-Juniors_Tigre,89.36022128136733,1.41,1.52,3,5,6,12,46.2,53.8,2,3,0,0,5,5
2022-06-04,Atl. Tucuman,Colon Santa FE,1,1,2.5,3.32,2.77,2.65,3.36,2.79,Primera División,,20220604_Atl.-Tucuman_Colon-Santa-FE,-84.88974947982433,1.09,0.76,1,2,0,4,45.8,54.2,1,2,1,0,2,1
2022-06-04,Banfield,Newells Old Boys,1,2,2.05,3.1,3.98,2.06,3.13,4.37,Primera División,,20220604_Banfield_Newells-Old-Boys,10.744685640170474,1.91,0.89,4,4,10,8,46.8,53.2,2,0,0,0,3,11
2022-06-04,Barracas Central,Central Cordoba,1,1,3.18,3.17,2.32,3.36,3.2,2.37,Primera División,,20220604_Barracas-Central_Central-Cordoba,48.18688347578336,1.6,1.21,5,4,8,9,51.9,48.1,0,1,0,0,4,3
2022-06-04,Patronato,Velez Sarsfield,1,1,3.33,3.14,2.25,3.6,3.14,2.29,Primera División,,20220604_Patronato_Velez-Sarsfield,-170.60348476485933,1.19,1.09,4,3,9,6,45.1,54.9,0,0,0,0,5,1
2022-06-04,Platense,Godoy Cruz,2,1,2.72,3.19,2.62,2.83,3.18,2.73,Primera División,,20220604_Platense_Godoy-Cruz,-12.507130270707194,0.38,0.16,2,1,4,4,47.7,52.3,3,1,0,0,4,1
2022-06-04,San Lorenzo,Independiente,1,1,3.01,2.94,2.56,3.2,2.95,2.63,Primera División,,20220604_San-Lorenzo_Independiente,-35.7002055727819,0.66,1.33,2,4,5,10,50.4,49.6,1,3,0,0,3,7
2022-06-05,Boca Juniors,Arsenal Sarandi,2,1,1.93,3.1,4.52,1.93,3.1,5.12,Primera División,,20220605_Boca-Juniors_Arsenal-Sarandi,175.02935776883237,0.89,0.79,2,4,4,8,56.9,43.1,2,1,0,0,2,3
2022-06-05,Estudiantes L.P.,Gimnasia L.P.,1,1,2.05,3.25,3.74,2.04,3.27,4.18,Primera División,,20220605_Estudiantes-L.P._Gimnasia-L.P.,30.64510034183627,0.95,0.05,1,1,1,1,54.9,45.1,2,0,0,0,2,1
2022-06-05,Racing Club,Huracan,2,0,2.0,3.34,3.8,2.01,3.37,4.14,Primera División,,20220605_Racing-Club_Huracan,93.17057370600878,0.61,1.06,4,2,8,4,56.3,43.7,3,2,0,0,3,2
2022-06-05,Talleres Cordoba,Sarmiento Junin,2,0,1.78,3.35,5.01,1.78,3.45,5.57,Primera División,,20220605_Talleres-Cordoba_Sarmiento-Junin,34.49654822198363,1.61,1.79,5,6,9,13,53.5,46.5,1,1,0,0,6,10
2022-06-05,Union de Santa Fe,Tigre,1,2,2.44,2.93,3.21,2.46,2.91,3.53,Primera División,,20220605_Union-de-Santa-Fe_Tigre,-58.911379532873525,0.05,1.67,1,5,1,11,41.7,58.3,2,2,0,0,2,4
2022-06-06,Defensa y Justicia,River Plate,0,0,3.03,3.54,2.22,3.24,3.65,2.22,Primera División,,20220606_Defensa-y-Justicia_River-Plate,-63.251779396837264,0.05,1.06,1,3,1,6,45.8,54.2,1,1,0,0,1,3
2022-06-06,Rosario Central,Lanus,0,0,2.3,3.13,3.22,2.33,3.19,3.44,Primera División,,20220606_Rosario-Central_Lanus,-30.869837588907785,0.95,0.7,3,2,6,3,50.3,49.7,3,3,0,0,3,2
2022-06-07,Argentinos Jrs,Aldosivi,2,1,1.6,3.83,5.63,1.6,3.93,6.28,Primera División,,20220607_Argentinos-Jrs_Aldosivi,87.54782577613855,1.07,0.75,4,3,10,6,50.0,50.0,2,3,0,1,4,4
2022-06-10,Aldosivi,Estudiantes L.P.,0,1,4.44,3.52,1.8,4.75,3.66,1.81,Primera División,,20220610_Aldosivi_Estudiantes-L.P.,-120.33378676367943,1.26,1.08,4,2,8,4,42.8,57.2,4,1,0,0,7,0
2022-06-10,Gimnasia L.P.,Patronato,2,0,1.8,3.44,4.58,1.78,3.57,4.87,Primera División,,20220610_Gimnasia-L.P._Patronato,148.84994969441004,2.01,1.31,6,4,13,9,47.6,52.4,1,2,0,0,7,2
2022-06-10,Lanus,Defensa y Justicia,1,1,3.29,3.08,2.3,3.29,3.16,2.42,Primera División,,20220610_Lanus_Defensa-y-Justicia,-85.74522402274602,1.68,0.97,5,4,10,10,50.2,49.8,1,1,0,0,7,6
2022-06-10,Newells Old Boys,San Lorenzo,0,0,1.99,3.23,4.02,1.95,3.35,4.46,Primera División,,20220610_Newells-Old-Boys_San-Lorenzo,32.744732551569314,0.45,0.57,0,2,2,4,50.5,49.5,1,1,0,0,4,4
2022-06-11,Arsenal Sarandi,Banfield,0,0,2.79,2.84,2.83,2.89,2.84,2.99,Primera División,,20220611_Arsenal-Sarandi_Banfield,-28.699948218591317,0.24,1.77,0,7,0,18,53.0,47.0,1,2,0,0,1,6
2022-06-11,Huracan,Rosario Central,2,0,1.99,3.3,3.89,1.96,3.4,4.33,Primera División,,20220611_Huracan_Rosario-Central,24.40611299447187,1.56,0.33,3,0,4,1,50.1,49.9,1,2,0,0,4,3
2022-06-11,Independiente,Talleres Cordoba,1,0,2.16,3.08,3.64,2.19,3.16,3.85,Primera División,,20220611_Independiente_Talleres-Cordoba,-2.409777808926947,1.05,0.26,3,0,6,0,53.8,46.2,0,1,0,0,3,3
2022-06-11,Sarmiento Junin,Argentinos Jrs,1,0,3.49,3.15,2.18,3.75,3.15,2.22,Primera División,,20220611_Sarmiento-Junin_Argentinos-Jrs,-108.32719487096733,0.45,1.05,2,4,4,9,41.9,58.1,2,3,0,0,3,4
2022-06-11,Tigre,Barracas Central,1,1,1.52,3.96,6.55,1.55,4.0,7.12,Primera División,,20220611_Tigre_Barracas-Central,46.461660850965245,0.42,0.85,1,2,2,4,47.1,52.9,2,1,0,0,4,2
2022-06-12,Colon Santa FE,Union de Santa Fe,2,2,2.35,3.11,3.18,2.4,3.15,3.35,Primera División,,20220612_Colon-Santa-FE_Union-de-Santa-Fe,37.199115765936085,0.97,0.93,5,3,10,6,52.7,47.3,2,2,0,0,4,6
2022-06-12,Godoy Cruz,Racing Club,2,0,2.54,3.21,2.78,2.61,3.33,2.86,Primera División,,20220612_Godoy-Cruz_Racing-Club,-157.4750971333956,0.36,1.14,2,3,3,6,50.9,49.1,5,4,0,0,1,6
2022-06-12,River Plate,Atl. Tucuman,0,0,1.24,6.06,11.09,1.25,6.25,11.81,Primera División,,20220612_River-Plate_Atl.-Tucuman,214.36978136512585,1.33,0.51,5,1,11,2,56.4,43.6,4,5,0,0,4,3
2022-06-12,Velez Sarsfield,Platense,0,1,1.66,3.57,5.6,1.66,3.6,6.14,Primera División,,20220612_Velez-Sarsfield_Platense,100.40327874141553,2.12,0.85,7,1,15,2,53.2,46.8,4,1,0,0,5,3
2022-06-13,Central Cordoba,Boca Juniors,1,0,4.01,3.08,2.04,4.52,3.23,1.98,Primera División,,20220613_Central-Cordoba_Boca-Juniors,-195.09561251701234,1.71,0.26,5,0,10,0,35.4,64.6,1,1,0,0,7,1
2022-06-14,Patronato,Aldosivi,1,0,1.69,3.63,5.13,1.77,3.64,5.12,Primera División,,20220614_Patronato_Aldosivi,-56.19939951934589,1.27,1.42,3,5,5,12,44.8,55.2,1,0,0,0,4,6
2022-06-14,San Lorenzo,Arsenal Sarandi,3,3,2.52,2.93,3.08,2.6,2.94,3.25,Primera División,,20220614_San-Lorenzo_Arsenal-Sarandi,10.09112377902602,1.55,0.84,7,3,15,8,53.2,46.8,0,2,0,0,3,6
2022-06-14,Talleres Cordoba,Newells Old Boys,0,1,2.17,3.02,3.68,2.19,3.12,3.89,Primera División,,20220614_Talleres-Cordoba_Newells-Old-Boys,-8.04779249045373,0.33,0.65,0,2,0,4,45.1,54.9,0,1,0,0,5,1
2022-06-15,Atl. Tucuman,Lanus,2,1,2.36,3.0,3.28,2.37,3.09,3.47,Primera División,,20220615_Atl.-Tucuman_Lanus,-66.00877627893692,1.24,2.18,5,6,12,13,43.5,56.5,1,2,0,0,6,4
2022-06-15,Banfield,Central Cordoba,2,1,1.91,3.31,4.17,1.9,3.47,4.54,Primera División,,20220615_Banfield_Central-Cordoba,16.82978593851749,1.03,1.39,4,3,9,10,47.4,52.6,2,3,0,0,9,6
2022-06-15,Barracas Central,Union de Santa Fe,1,2,4.37,3.38,1.86,4.59,3.41,1.91,Primera División,,20220615_Barracas-Central_Union-de-Santa-Fe,32.73412757899496,0.67,0.93,3,4,6,9,55.3,44.7,1,3,0,0,5,7
2022-06-15,Colon Santa FE,River Plate,1,0,3.68,3.72,1.91,3.82,3.84,1.95,Primera División,,20220615_Colon-Santa-FE_River-Plate,-129.92148537365802,1.59,0.41,6,2,14,4,51.1,48.9,0,1,0,0,7,1
2022-06-15,Defensa y Justicia,Huracan,1,1,2.57,3.03,2.91,2.75,3.04,2.94,Primera División,,20220615_Defensa-y-Justicia_Huracan,76.02086486754524,0.97,1.25,3,2,6,3,58.3,41.7,0,3,0,1,6,5
2022-06-15,Estudiantes L.P.,Sarmiento Junin,2,1,1.54,4.04,5.91,1.53,4.32,6.52,Primera División,,20220615_Estudiantes-L.P._Sarmiento-Junin,115.41353446864423,2.14,1.15,6,3,14,7,44.2,55.8,1,2,0,0,7,5
2022-06-16,Argentinos Jrs,Independiente,2,1,2.24,2.99,3.54,2.29,3.02,3.77,Primera División,,20220616_Argentinos-Jrs_Independiente,26.907548554783943,1.18,1.3,3,4,6,11,51.9,48.1,3,2,0,0,0,6
2022-06-16,Boca Juniors,Tigre,5,3,2.06,3.04,4.02,2.12,3.06,4.22,Primera División,,20220616_Boca-Juniors_Tigre,87.24040752942278,1.95,1.08,7,6,15,11,50.4,49.6,2,5,0,1,7,7
2022-06-16,Rosario Central,Godoy Cruz,1,0,2.5,3.26,2.81,2.57,3.31,2.93,Primera División,,20220616_Rosario-Central_Godoy-Cruz,-6.068786112260568,1.52,0.44,3,1,4,2,46.4,53.6,0,0,0,0,4,5
2022-06-17,Platense,Gimnasia L.P.,1,1,2.93,3.07,2.52,3.09,3.17,2.54,Primera División,,20220617_Platense_Gimnasia-L.P.,-81.34823065168484,0.86,1.07,2,2,5,6,40.9,59.1,3,1,0,0,3,2
2022-06-17,Racing Club,Velez Sarsfield,2,0,2.21,3.12,3.46,2.24,3.14,3.73,Primera División,,20220617_Racing-Club_Velez-Sarsfield,42.994951479773135,0.85,1.69,3,5,5,12,58.2,41.8,1,2,0,0,8,6
2022-06-18,Arsenal Sarandi,Talleres Cordoba,1,1,2.7,2.93,2.85,2.87,2.94,2.91,Primera División,,20220618_Arsenal-Sarandi_Talleres-Cordoba,-20.462285419796444,0.64,1.06,3,3,9,7,47.4,52.6,2,0,0,0,5,8
2022-06-19,Huracan,Atl. Tucuman,0,0,1.88,3.24,4.5,1.92,3.28,4.79,Primera División,,20220619_Huracan_Atl.-Tucuman,58.25919030246155,0.82,0.38,2,1,6,3,57.5,42.5,2,0,0,0,5,1
2022-06-19,Lanus,Colon Santa Fe,1,0,2.08,3.37,3.51,2.13,3.37,3.75,Primera División,,20220619_Lanus_Colon-Santa-Fe,-19.414848773172025,1.94,0.44,7,0,13,1,42.9,57.1,2,1,0,0,6,1
2022-06-19,Sarmiento Junin,Patronato,3,1,2.63,2.94,2.92,2.67,2.98,3.1,Primera División,,20220619_Sarmiento-Junin_Patronato,55.045962467314666,1.7,0.94,4,3,8,6,54.9,45.1,1,5,0,0,2,4
2022-06-19,Tigre,Banfield,0,1,2.01,3.12,4.09,2.0,3.18,4.54,Primera División,,20220619_Tigre_Banfield,34.338964687326325,0.92,1.53,1,6,3,14,54.0,46.0,1,2,1,0,1,7
2022-06-19,Union de Santa Fe,River Plate,1,5,4.77,3.76,1.7,5.04,3.98,1.7,Primera División,,20220619_Union-de-Santa-Fe_River-Plate,-135.14424724382388,1.23,0.68,5,5,10,10,51.0,49.0,3,5,0,0,7,10
2022-06-20,Barracas Central,Boca Juniors,1,3,6.9,4.07,1.49,7.47,4.11,1.51,Primera División,,20220620_Barracas-Central_Boca-Juniors,-152.6874623744759,0.73,1.46,2,3,3,7,43.5,56.5,1,0,0,0,1,6
2022-06-20,Gimnasia L.P.,Racing Club,3,1,2.91,3.03,2.57,3.15,3.06,2.57,Primera División,,20220620_Gimnasia-L.P._Racing-Club,-44.58318443306689,2.16,0.05,7,1,15,0,48.8,51.2,2,0,0,0,9,0
2022-06-20,Godoy Cruz,Defensa y Justicia,2,1,2.05,3.41,3.52,2.11,3.49,3.66,Primera División,,20220620_Godoy-Cruz_Defensa-y-Justicia,-126.30007917776697,1.27,0.21,4,2,8,4,44.3,55.7,1,3,0,0,5,1
2022-06-20,Velez Sarsfield,Rosario Central,2,0,1.82,3.41,4.54,1.85,3.44,4.89,Primera División,,20220620_Velez-Sarsfield_Rosario-Central,63.627203884411074,1.41,0.6,5,1,12,1,51.5,48.5,4,1,0,0,10,2
2022-06-21,Aldosivi,Platense,0,0,2.83,3.01,2.64,2.98,3.04,2.71,Primera División,,20220621_Aldosivi_Platense,-42.289957973877335,0.8,0.05,2,0,3,0,44.7,55.3,1,0,0,0,3,4
2022-06-21,Independiente,Estudiantes L.P.,2,1,2.4,2.92,3.28,2.41,3.01,3.49,Primera División,,20220621_Independiente_Estudiantes-L.P.,-84.47014278286883,1.12,1.15,4,4,9,9,48.3,51.7,0,3,0,0,2,5
2022-06-21,Newells Old Boys,Argentinos Jrs,1,0,2.97,2.94,2.58,3.12,2.99,2.65,Primera División,,20220621_Newells-Old-Boys_Argentinos-Jrs,-39.96684815233539,0.78,0.93,1,3,0,6,44.7,55.3,0,3,0,0,0,1
2022-06-22,Central Cordoba,San Lorenzo,0,2,1.95,3.26,4.05,1.91,3.43,4.57,Primera División,,20220622_Central-Cordoba_San-Lorenzo,-11.269723559274325,1.26,1.09,4,3,8,7,52.5,47.5,2,3,0,0,2,4
2022-06-24,Banfield,Barracas Central,1,1,1.7,3.54,5.21,1.71,3.69,5.52,Primera División,,20220624_Banfield_Barracas-Central,33.23462457566643,0.71,1.42,1,4,1,10,56.7,43.3,2,1,0,0,3,7
2022-06-24,Rosario Central,Gimnasia L.P.,0,1,2.73,3.11,2.66,2.86,3.19,2.7,Primera División,,20220624_Rosario-Central_Gimnasia-L.P.,-106.4421422557316,0.16,0.47,0,3,0,5,35.5,64.5,0,2,0,0,2,5
2022-06-25,Boca Juniors,Union de Santa Fe,1,2,1.65,3.48,5.83,1.69,3.6,6.32,Primera División,,20220625_Boca-Juniors_Union-de-Santa-Fe,173.7628751372372,1.82,0.89,5,3,11,7,54.7,45.3,0,2,0,0,6,4
2022-06-25,Colon Santa Fe,Huracan,0,1,3.42,3.18,2.19,3.74,3.25,2.18,Primera División,,20220625_Colon-Santa-Fe_Huracan,-12.01752527546114,0.76,0.98,5,2,10,4,55.2,44.8,1,3,0,0,7,6
2022-06-25,Defensa y Justicia,Velez Sarsfield,1,1,2.52,3.05,2.95,2.73,3.09,2.91,Primera División,,20220625_Defensa-y-Justicia_Velez-Sarsfield,18.31611211439713,1.31,0.76,4,2,11,5,46.7,53.3,4,2,0,1,7,3
2022-06-25,Estudiantes L.P.,Newells Old Boys,0,2,1.86,3.33,4.45,1.83,3.44,5.02,Primera División,,20220625_Estudiantes-L.P._Newells-Old-Boys,47.14875476041652,0.24,1.34,0,5,0,12,50.3,49.7,0,1,0,0,2,3
2022-06-25,Talleres Cordoba,Central Cordoba,0,2,1.88,3.35,4.28,1.88,3.44,4.69,Primera División,,20220625_Talleres-Cordoba_Central-Cordoba,33.24272709569118,0.21,0.41,0,3,0,7,46.2,53.8,3,0,0,0,5,5
2022-06-26,Platense,Sarmiento Junin,0,0,2.31,3.04,3.31,2.43,3.04,3.43,Primera División,,20220626_Platense_Sarmiento-Junin,4.026783496708731,1.01,0.98,4,3,9,6,56.3,43.7,1,0,0,0,4,4
2022-06-26,Racing Club,Aldosivi,5,0,1.33,5.1,8.93,1.32,5.51,9.81,Primera División,,20220626_Racing-Club_Aldosivi,147.71759507573802,2.43,1.67,9,6,20,14,53.1,46.9,3,2,0,0,5,6
2022-06-26,River Plate,Lanus,2,1,1.39,4.55,7.88,1.4,4.81,8.77,Primera División,,20220626_River-Plate_Lanus,128.03203127382858,1.33,1.18,3,2,7,3,48.5,51.5,2,2,0,0,3,2
2022-06-26,San Lorenzo,Tigre,1,1,3.0,3.12,2.44,3.2,3.19,2.46,Primera División,,20220626_San-Lorenzo_Tigre,-37.944302109706086,0.05,1.06,1,2,2,3,55.0,45.0,4,5,0,0,0,1
2022-06-27,Argentinos Jrs,Arsenal Sarandi,1,1,1.97,3.1,4.3,1.94,3.18,4.88,Primera División,,20220627_Argentinos-Jrs_Arsenal-Sarandi,77.84082815139664,0.79,1.07,4,5,7,11,53.5,46.5,6,0,1,0,2,6
2022-06-27,Patronato,Independiente,3,1,2.97,2.98,2.55,2.94,3.08,2.72,Primera División,,20220627_Patronato_Independiente,-127.27359713108058,0.45,0.53,3,1,8,4,43.6,56.4,0,1,0,0,2,2
2022-06-28,Atl. Tucuman,Godoy Cruz,1,1,2.66,3.07,2.77,2.73,3.16,2.86,Primera División,,20220628_Atl.-Tucuman_Godoy-Cruz,-16.997057298677873,1.54,1.07,5,3,10,4,52.4,47.6,3,0,0,1,11,4
2022-07-01,Central Cordoba,Argentinos Jrs,1,2,2.6,2.99,2.89,2.68,2.95,3.13,Primera División,,20220701_Central-Cordoba_Argentinos-Jrs,-76.24402216670273,1.53,1.7,4,4,7,8,49.2,50.8,1,2,0,0,3,0
2022-07-02,Boca Juniors,Banfield,0,3,2.25,2.94,3.59,2.34,2.9,3.82,Primera División,,20220702_Boca-Juniors_Banfield,117.13368471007357,0.05,1.72,0,7,1,18,56.6,43.4,3,1,0,0,1,9
2022-07-02,Godoy Cruz,Colon Santa Fe,1,0,1.48,4.18,6.69,1.47,4.27,7.95,Primera División,,20220702_Godoy-Cruz_Colon-Santa-Fe,-14.25899983916156,0.89,0.76,3,3,7,5,53.0,47.0,2,1,0,0,5,5
2022-07-02,Tigre,Talleres Cordoba,1,1,2.02,3.15,3.98,2.07,3.23,4.14,Primera División,,20220702_Tigre_Talleres-Cordoba,51.032394725308905,0.46,0.81,1,3,1,6,48.7,51.3,2,1,0,0,7,7
2022-07-02,Velez Sarsfield,Atl. Tucuman,0,1,2.19,2.98,3.69,2.27,3.05,3.76,Primera División,,20220702_Velez-Sarsfield_Atl.-Tucuman,92.6669889866364,0.05,0.31,0,1,0,4,56.5,43.5,0,2,0,0,5,2
2022-07-03,Barracas Central,San Lorenzo,2,1,3.29,3.05,2.31,3.57,3.0,2.35,Primera División,,20220703_Barracas-Central_San-Lorenzo,-3.4258983471711417,0.52,1.31,2,4,4,9,54.6,45.4,1,3,0,0,3,10
2022-07-03,Gimnasia L.P.,Defensa y Justicia,1,0,2.28,3.15,3.25,2.35,3.17,3.42,Primera División,,20220703_Gimnasia-L.P._Defensa-y-Justicia,13.912062863792698,0.72,0.73,3,1,6,3,49.2,50.8,1,4,0,0,2,3
2022-07-03,Sarmiento Junin,Racing Club,1,1,3.7,3.26,2.05,4.0,3.34,2.06,Primera División,,20220703_Sarmiento-Junin_Racing-Club,-119.40701445846071,0.44,0.05,2,1,3,4,38.5,61.5,1,1,0,0,2,5
2022-07-03,Union de Santa Fe,Lanus,3,0,1.95,3.24,4.12,1.96,3.2,4.7,Primera División,,20220703_Union-de-Santa-Fe_Lanus,3.0936647762737266,1.04,0.94,4,2,8,3,50.8,49.2,2,0,0,0,4,6
2022-07-04,Aldosivi,Rosario Central,2,1,2.96,3.07,2.49,2.93,3.11,2.7,Primera División,,20220704_Aldosivi_Rosario-Central,-22.50541615958832,0.51,0.05,2,1,7,2,47.2,52.8,0,0,0,0,3,2
2022-07-04,Arsenal Sarandi,Estudiantes L.P.,2,1,2.82,2.97,2.67,2.97,3.07,2.7,Primera División,,20220704_Arsenal-Sarandi_Estudiantes-L.P.,-95.50846826446673,0.71,1.37,2,2,6,6,42.9,57.1,3,2,0,0,4,5
2022-07-04,Huracan,River Plate,3,2,3.03,3.12,2.41,3.27,3.09,2.48,Primera División,,20220704_Huracan_River-Plate,-118.1220896159607,1.91,1.48,5,5,11,13,42.9,57.1,6,2,0,0,9,5
2022-07-04,Newells Old Boys,Patronato,2,2,1.8,3.37,4.67,1.81,3.49,5.05,Primera División,,20220704_Newells-Old-Boys_Patronato,132.28159035352064,1.15,1.16,3,4,6,9,53.5,46.5,1,0,0,0,7,8
2022-07-05,Independiente,Platense,1,3,1.88,3.23,4.46,1.86,3.36,4.99,Primera División,,20220705_Independiente_Platense,31.90161175740468,0.62,1.25,3,5,9,12,47.3,52.7,3,4,0,0,6,3
2022-07-09,Banfield,Union de Santa Fe,2,3,1.89,3.15,4.57,1.91,3.22,4.97,Primera División,,20220709_Banfield_Union-de-Santa-Fe,25.541815730459803,1.74,1.02,5,3,10,7,52.2,47.8,2,1,0,0,6,7
2022-07-09,Patronato,Arsenal Sarandi,0,1,2.34,3.08,3.2,2.32,3.13,3.54,Primera División,,20220709_Patronato_Arsenal-Sarandi,-67.54272481216117,1.53,1.27,3,5,8,10,50.3,49.7,1,0,0,0,5,5
2022-07-09,Rosario Central,Sarmiento Junin,1,0,2.23,3.15,3.36,2.35,3.14,3.45,Primera División,,20220709_Rosario-Central_Sarmiento-Junin,-36.919951022335454,1.33,0.81,1,2,3,6,44.4,55.6,0,2,0,0,2,5
2022-07-09,San Lorenzo,Boca Juniors,2,1,4.4,3.08,1.96,4.71,3.19,1.99,Primera División,,20220709_San-Lorenzo_Boca-Juniors,-140.8729061533436,0.92,1.0,4,4,8,9,45.9,54.1,2,1,0,0,3,5
2022-07-10,Atl. Tucuman,Gimnasia L.P.,2,0,2.31,2.97,3.4,2.23,3.08,3.85,Primera División,,20220710_Atl.-Tucuman_Gimnasia-L.P.,-120.02404485238321,1.03,1.08,3,3,6,6,46.1,53.9,0,0,0,0,7,3
2022-07-10,Estudiantes L.P.,Central Cordoba,2,2,1.71,3.6,4.96,1.67,3.87,5.6,Primera División,,20220710_Estudiantes-L.P._Central-Cordoba,93.39052650627605,1.15,1.07,3,4,8,8,56.2,43.8,2,1,0,0,5,6
2022-07-10,Lanus,Huracan,2,3,2.95,2.91,2.62,3.13,3.0,2.63,Primera División,,20220710_Lanus_Huracan,-53.26821890310521,0.14,1.95,2,5,5,12,52.9,47.1,3,1,0,0,5,4
2022-07-10,Platense,Newells Old Boys,1,1,2.62,2.97,2.89,2.8,2.97,2.95,Primera División,,20220710_Platense_Newells-Old-Boys,-51.869188414732434,1.75,1.21,6,2,12,4,44.8,55.2,0,3,0,0,4,2
2022-07-10,Racing Club,Independiente,1,0,1.94,3.29,4.08,1.93,3.39,4.51,Primera División,,20220710_Racing-Club_Independiente,92.886407449113,0.55,1.35,3,4,8,8,51.1,48.9,1,0,0,0,6,7
2022-07-10,Talleres Cordoba,Barracas Central,0,2,1.64,3.64,5.61,1.69,3.63,5.94,Primera División,,20220710_Talleres-Cordoba_Barracas-Central,-22.64121571754913,0.47,0.9,2,3,3,6,46.1,53.9,1,4,0,1,3,3
2022-07-11,Colon Santa Fe,Velez Sarsfield,2,1,3.52,3.09,2.19,3.77,3.15,2.22,Primera División,,20220711_Colon-Santa-Fe_Velez-Sarsfield,-59.94951454873012,0.87,1.89,3,8,5,18,44.6,55.4,4,3,0,0,9,6
2022-07-11,Defensa y Justicia,Aldosivi,3,2,1.65,3.7,5.28,1.66,3.82,5.8,Primera División,,20220711_Defensa-y-Justicia_Aldosivi,107.60847947737875,1.99,1.35,6,4,14,9,55.7,44.3,1,4,0,0,8,10
2022-07-11,River Plate,Godoy Cruz,0,2,1.55,4.11,5.69,1.59,4.15,5.96,Primera División,,20220711_River-Plate_Godoy-Cruz,139.14704887623543,1.04,0.75,2,3,4,9,54.3,45.7,3,3,0,0,3,1
2022-07-12,Argentinos Jrs,Tigre,2,1,2.4,2.96,3.22,2.49,3.04,3.3,Primera División,,20220712_Argentinos-Jrs_Tigre,29.41637208513248,1.09,0.59,2,1,4,4,50.6,49.4,0,2,0,0,5,4
2022-07-15,Central Cordoba,Patronato,1,3,2.19,3.25,3.37,2.19,3.41,3.54,Primera División,,20220715_Central-Cordoba_Patronato,52.07068345945527,1.62,2.25,6,8,14,18,56.9,43.1,1,1,0,0,7,1
2022-07-15,Sarmiento Junin,Defensa y Justicia,2,0,2.85,3.06,2.59,3.01,3.08,2.66,Primera División,,20220715_Sarmiento-Junin_Defensa-y-Justicia,-95.4037412816499,0.05,1.19,2,5,5,12,46.4,53.6,1,2,0,0,4,7
2022-07-16,Aldosivi,Atl. Tucuman,0,1,3.21,3.04,2.36,3.5,3.1,2.35,Primera División,,20220716_Aldosivi_Atl.-Tucuman,-48.92187335293306,1.37,1.33,5,4,12,7,52.0,48.0,3,3,0,0,6,4
2022-07-16,Arsenal Sarandi,Platense,1,1,2.45,3.02,3.08,2.45,3.05,3.36,Primera División,,20220716_Arsenal-Sarandi_Platense,3.7684607472604057,1.75,1.67,3,6,7,13,52.3,47.7,1,0,0,0,5,7
2022-07-16,Barracas Central,Argentinos Jrs,1,3,4.13,3.25,1.96,4.49,3.42,1.93,Primera División,,20220716_Barracas-Central_Argentinos-Jrs,-54.07480294693096,0.53,0.83,1,3,2,6,46.4,53.6,0,2,0,0,4,3
2022-07-16,Gimnasia L.P.,Colon Santa Fe,0,0,1.96,3.43,3.82,1.97,3.47,4.2,Primera División,,20220716_Gimnasia-L.P._Colon-Santa-Fe,87.52182739275872,1.08,0.67,3,2,6,4,49.9,50.1,3,3,0,0,3,4
2022-07-16,Independiente,Rosario Central,0,0,1.81,3.46,4.53,1.77,3.56,5.27,Primera División,,20220716_Independiente_Rosario-Central,33.36580543092714,1.46,0.45,4,1,7,2,49.4,50.6,2,3,0,0,1,6
2022-07-16,Newells Old Boys,Racing Club,0,0,3.07,3.19,2.36,3.24,3.26,2.4,Primera División,,20220716_Newells-Old-Boys_Racing-Club,-57.36575257288746,0.5,0.66,2,3,4,6,50.5,49.5,2,0,0,0,3,4
2022-07-17,Banfield,San Lorenzo,1,1,2.23,3.02,3.55,2.28,3.13,3.62,Primera División,,20220717_Banfield_San-Lorenzo,26.04131756031984,0.99,2.0,4,6,6,14,48.3,51.7,1,2,0,0,5,4
2022-07-17,Boca Juniors,Talleres Cordoba,1,0,1.75,3.29,5.25,1.75,3.39,5.9,Primera División,,20220717_Boca-Juniors_Talleres-Cordoba,137.30709878049652,1.47,0.36,4,1,9,3,49.9,50.1,1,2,0,0,5,4
2022-07-17,Godoy Cruz,Lanus,2,1,1.73,3.63,4.79,1.71,3.86,5.14,Primera División,,20220717_Godoy-Cruz_Lanus,27.12312901948235,1.82,0.26,6,2,14,4,55.9,44.1,0,4,0,0,5,2
2022-07-17,Tigre,Estudiantes L.P.,2,1,2.24,3.18,3.31,2.24,3.26,3.57,Primera División,,20220717_Tigre_Estudiantes-L.P.,-35.58300585649363,1.08,1.43,3,3,6,7,38.7,61.3,0,2,0,0,3,3
2022-07-17,Union de Santa Fe,Huracan,0,0,2.57,2.98,2.94,2.59,3.06,3.12,Primera División,,20220717_Union-de-Santa-Fe_Huracan,-23.6821165557501,0.68,0.87,2,2,0,6,45.7,54.3,2,2,0,0,2,1
2022-07-18,Velez Sarsfield,River Plate,2,2,2.6,3.08,2.83,2.6,3.11,3.06,Primera División,,20220718_Velez-Sarsfield_River-Plate,-87.40874046507929,1.47,1.03,4,2,9,3,47.7,52.3,2,0,0,0,7,2
2022-07-19,Atl. Tucuman,Sarmiento Junin,1,0,1.83,3.25,4.81,1.8,3.38,5.43,Primera División,,20220719_Atl.-Tucuman_Sarmiento-Junin,15.028202384654605,0.42,0.74,1,2,4,4,49.7,50.3,1,1,0,0,3,3
2022-07-19,Colon Santa Fe,Aldosivi,1,1,1.48,4.37,6.35,1.46,4.67,7.18,Primera División,,20220719_Colon-Santa-Fe_Aldosivi,62.72983586541136,0.65,0.75,2,4,5,9,54.5,45.5,0,1,0,0,1,8
2022-07-19,Platense,Central Cordoba,2,0,2.12,3.09,3.74,2.06,3.25,4.13,Primera División,,20220719_Platense_Central-Cordoba,45.01106087788139,1.13,0.05,4,2,9,4,50.0,50.0,0,2,0,0,7,1
2022-07-19,Racing Club,Arsenal Sarandi,1,1,1.76,3.52,4.73,1.84,3.35,5.17,Primera División,,20220719_Racing-Club_Arsenal-Sarandi,100.07648857855042,1.45,1.06,3,3,9,7,54.6,45.4,1,3,0,0,5,2
2022-07-20,Argentinos Jrs,Boca Juniors,2,0,2.87,2.85,2.74,2.97,2.92,2.83,Primera División,,20220720_Argentinos-Jrs_Boca-Juniors,-35.49558166226507,2.39,0.36,7,1,15,2,46.0,54.0,0,3,0,0,6,1
2022-07-20,Defensa y Justicia,Independiente,2,1,2.56,3.08,2.87,2.67,3.13,2.97,Primera División,,20220720_Defensa-y-Justicia_Independiente,58.35125495826378,2.18,1.12,7,5,14,10,51.6,48.4,4,2,0,0,7,9
2022-07-20,Estudiantes L.P.,Barracas Central,3,1,1.5,4.14,6.48,1.52,4.11,7.41,Primera División,,20220720_Estudiantes-L.P._Barracas-Central,35.191150134130794,0.99,0.85,3,3,9,5,52.7,47.3,4,2,0,0,3,4
2022-07-20,Patronato,Tigre,1,0,2.81,3.07,2.62,2.95,3.16,2.64,Primera División,,20220720_Patronato_Tigre,-103.01762738370576,1.74,1.51,5,4,12,9,47.0,53.0,0,0,0,0,8,5
2022-07-20,San Lorenzo,Union de Santa Fe,2,2,2.23,3.12,3.38,2.32,3.21,3.44,Primera División,,20220720_San-Lorenzo_Union-de-Santa-Fe,-26.17962851947027,1.3,0.64,4,2,9,6,43.2,56.8,0,0,0,0,4,5
2022-07-21,Huracan,Godoy Cruz,0,0,2.45,3.08,3.01,2.52,3.16,3.13,Primera División,,20220721_Huracan_Godoy-Cruz,34.61222926568166,0.08,1.15,1,4,2,9,48.3,51.7,1,0,0,0,3,6
2022-07-21,Lanus,Velez Sarsfield,2,2,3.42,3.06,2.25,3.61,3.13,2.29,Primera División,,20220721_Lanus_Velez-Sarsfield,-59.75441752744632,0.5,0.46,3,2,7,5,45.4,54.6,1,2,0,0,3,3
2022-07-21,Rosario Central,Newells Old Boys,1,0,2.65,2.96,2.86,2.74,3.0,2.99,Primera División,,20220721_Rosario-Central_Newells-Old-Boys,-87.43336502273269,1.02,1.08,4,5,9,11,49.2,50.8,0,2,0,0,5,5
2022-07-21,Talleres Cordoba,Banfield,1,0,2.04,3.07,4.03,2.02,3.18,4.43,Primera División,,20220721_Talleres-Cordoba_Banfield,-62.29848921477969,1.15,1.04,4,3,10,6,47.0,53.0,0,1,0,0,6,4
2022-07-22,River Plate,Gimnasia L.P.,1,0,1.67,3.83,4.97,1.68,3.89,5.39,Primera División,,20220722_River-Plate_Gimnasia-L.P.,31.739545009022322,0.92,0.59,3,3,8,7,51.3,48.7,3,1,0,0,3,3
2022-07-23,Sarmiento Junin,Colon Santa Fe,1,3,2.44,3.07,3.04,2.43,3.13,3.32,Primera División,,20220723_Sarmiento-Junin_Colon-Santa-Fe,-17.531305264551975,0.87,1.85,3,5,7,11,47.0,53.0,1,3,0,0,2,6
2022-07-24,Aldosivi,River Plate,0,3,6.65,4.45,1.45,7.0,4.52,1.48,Primera División,,20220724_Aldosivi_River-Plate,-184.83355631136487,1.45,1.19,3,4,6,7,44.8,55.2,1,1,0,0,2,5
2022-07-24,Central Cordoba,Racing Club,1,3,3.58,3.44,2.01,3.71,3.46,2.11,Primera División,,20220724_Central-Cordoba_Racing-Club,-155.68572255396384,0.5,1.1,1,3,3,6,44.3,55.7,1,1,0,0,1,4
2022-07-24,Gimnasia L.P.,Lanus,1,0,2.05,3.21,3.78,2.01,3.34,4.22,Primera División,,20220724_Gimnasia-L.P._Lanus,96.55934784002488,0.39,0.74,1,0,2,2,57.1,42.9,4,3,0,0,2,0
2022-07-24,Independiente,Atl. Tucuman,0,1,2.77,2.89,2.84,2.99,2.82,2.91,Primera División,,20220724_Independiente_Atl.-Tucuman,-29.889806099046382,0.78,1.14,3,5,9,11,49.3,50.7,0,2,0,0,3,5
2022-07-24,Tigre,Platense,3,0,1.9,3.25,4.35,1.94,3.28,4.66,Primera División,,20220724_Tigre_Platense,7.594724223218691,0.7,0.05,3,0,6,0,50.5,49.5,4,3,0,0,6,2
2022-07-25,Banfield,Argentinos Jrs,1,1,2.65,2.95,2.86,2.79,2.98,2.96,Primera División,,20220725_Banfield_Argentinos-Jrs,-81.84364088257234,0.18,1.64,1,5,1,11,41.4,58.6,1,2,0,0,2,6
2022-07-25,Boca Juniors,Estudiantes L.P.,3,1,1.98,3.22,4.06,1.99,3.25,4.45,Primera División,,20220725_Boca-Juniors_Estudiantes-L.P.,50.66334480904334,1.22,0.33,4,1,9,3,49.4,50.6,2,1,0,0,5,7
2022-07-25,Newells Old Boys,Defensa y Justicia,1,2,2.15,3.13,3.57,2.13,3.28,3.87,Primera División,,20220725_Newells-Old-Boys_Defensa-y-Justicia,-26.946951027144678,2.01,1.13,5,3,10,6,56.7,43.3,3,2,0,0,5,3
2022-07-25,San Lorenzo,Talleres Cordoba,1,1,2.77,2.97,2.75,2.9,2.96,2.86,Primera División,,20220725_San-Lorenzo_Talleres-Cordoba,24.826240147089038,0.63,0.75,1,3,2,7,45.1,54.9,1,1,0,0,8,10
2022-07-26,Union de Santa Fe,Godoy Cruz,2,1,2.73,3.24,2.56,2.86,3.27,2.64,Primera División,,20220726_Union-de-Santa-Fe_Godoy-Cruz,10.46945674083986,1.02,1.36,3,2,6,4,56.0,44.0,1,0,0,0,6,1
2022-07-26,Velez Sarsfield,Huracan,1,1,2.16,3.05,3.64,2.25,3.0,3.89,Primera División,,20220726_Velez-Sarsfield_Huracan,-24.96334660179832,0.69,1.73,2,5,3,12,55.2,44.8,1,2,0,0,1,7
2022-07-27,Arsenal Sarandi,Rosario Central,0,3,2.49,3.03,3.0,2.57,3.04,3.16,Primera División,,20220727_Arsenal-Sarandi_Rosario-Central,29.201891710787095,1.53,1.03,4,3,9,6,53.9,46.1,0,2,0,0,3,3
2022-07-27,Barracas Central,Patronato,2,1,3.01,3.2,2.39,3.11,3.38,2.41,Primera División,,20220727_Barracas-Central_Patronato,50.71400309903538,0.25,1.09,2,5,7,11,50.1,49.9,0,2,0,0,3,8
2022-07-30,Argentinos Jrs,San Lorenzo,0,1,1.96,3.24,4.12,2.08,3.19,4.15,Primera División,,20220730_Argentinos-Jrs_San-Lorenzo,89.13838237472123,0.78,0.95,4,2,7,4,57.7,42.3,1,1,0,0,4,3
2022-07-30,Estudiantes L.P.,Banfield,0,0,2.0,3.3,3.86,1.94,3.49,4.26,Primera División,,20220730_Estudiantes-L.P._Banfield,27.194349407091522,0.05,0.11,1,0,2,0,54.7,45.3,1,1,0,0,1,2
2022-07-30,Godoy Cruz,Velez Sarsfield,1,1,1.99,3.29,3.92,2.01,3.28,4.3,Primera División,,20220730_Godoy-Cruz_Velez-Sarsfield,-19.765062908003983,1.39,0.78,5,3,12,6,52.8,47.2,4,2,0,0,10,5
2022-07-31,Atl. Tucuman,Newells Old Boys,2,0,2.28,2.94,3.55,2.23,2.99,3.97,Primera División,,20220731_Atl.-Tucuman_Newells-Old-Boys,0.5201177644198651,1.42,0.25,6,2,14,5,46.2,53.8,3,2,0,0,5,5
2022-07-31,Huracan,Gimnasia L.P.,0,1,2.1,3.16,3.73,2.13,3.22,3.94,Primera División,,20220731_Huracan_Gimnasia-L.P.,-25.53802447717794,1.63,0.87,4,1,9,0,44.2,55.8,0,0,0,0,7,0
2022-07-31,Lanus,Aldosivi,0,1,1.89,3.39,4.16,1.92,3.45,4.48,Primera División,,20220731_Lanus_Aldosivi,32.1299794505685,1.77,1.49,6,4,12,9,52.8,47.2,4,2,0,0,7,9
2022-07-31,Patronato,Boca Juniors,3,0,3.97,3.25,1.99,4.46,3.32,1.96,Primera División,,20220731_Patronato_Boca-Juniors,-178.6690422476404,1.18,0.11,3,0,5,2,42.8,57.2,1,2,0,1,6,4
2022-07-31,Platense,Barracas Central,0,0,1.89,3.36,4.23,1.93,3.38,4.49,Primera División,,20220731_Platense_Barracas-Central,-8.204306092793104,0.9,0.47,3,1,9,1,46.6,53.4,3,0,0,0,3,0
2022-07-31,Racing Club,Tigre,3,3,1.98,3.4,3.77,2.02,3.38,4.11,Primera División,,20220731_Racing-Club_Tigre,77.39015629559458,0.91,1.81,3,7,8,14,46.2,53.8,1,4,0,0,8,8
2022-08-01,Defensa y Justicia,Arsenal Sarandi,0,0,1.91,3.32,4.2,1.94,3.26,4.69,Primera División,,20220801_Defensa-y-Justicia_Arsenal-Sarandi,79.34046537431823,0.71,0.88,1,1,4,2,54.7,45.3,1,1,0,0,1,1
2022-08-01,River Plate,Sarmiento Junin,1,2,1.26,5.6,10.61,1.27,5.91,11.11,Primera División,,20220801_River-Plate_Sarmiento-Junin,161.47392934833374,0.51,2.36,1,7,5,15,51.6,48.4,0,0,0,0,4,9
2022-08-01,Rosario Central,Central Cordoba,0,3,1.95,3.4,3.89,1.98,3.48,4.12,Primera División,,20220801_Rosario-Central_Central-Cordoba,53.09753346336424,1.01,1.39,2,4,4,9,53.3,46.7,1,1,0,0,5,5
2022-08-02,Colon Santa Fe,Independiente,0,3,2.36,3.22,3.02,2.37,3.27,3.27,Primera División,,20220802_Colon-Santa-Fe_Independiente,31.79555905075358,0.83,0.6,4,3,10,7,51.7,48.3,1,1,0,0,4,6
2022-08-05,Gimnasia L.P.,Godoy Cruz,2,0,2.87,3.11,2.54,2.84,3.22,2.7,Primera División,,20220805_Gimnasia-L.P._Godoy-Cruz,78.98259576605119,1.1,0.58,4,3,7,6,49.7,50.3,1,3,0,0,6,5
2022-08-06,Arsenal Sarandi,Atl. Tucuman,3,1,2.94,2.81,2.74,3.16,2.83,2.75,Primera División,,20220806_Arsenal-Sarandi_Atl.-Tucuman,-40.059712609035614,0.71,0.44,3,1,7,4,53.3,46.7,3,5,0,0,4,2
2022-08-06,Banfield,Patronato,0,0,2.23,3.12,3.39,2.24,3.24,3.6,Primera División,,20220806_Banfield_Patronato,63.54479017849326,0.05,1.29,0,3,0,7,55.6,44.4,2,0,0,0,2,2
2022-08-06,Barracas Central,Racing Club,0,0,4.83,3.7,1.71,5.48,3.81,1.69,Primera División,,20220806_Barracas-Central_Racing-Club,-97.90973298158792,1.46,0.9,5,4,11,9,50.6,49.4,1,2,0,0,9,5
2022-08-06,Sarmiento Junin,Lanus,2,1,2.45,3.08,3.04,2.6,3.1,3.07,Primera División,,20220806_Sarmiento-Junin_Lanus,33.85800051890101,1.59,1.59,5,5,10,12,49.7,50.3,1,2,0,0,3,9
2022-08-06,Talleres Cordoba,Argentinos Jrs,2,0,2.5,2.97,3.08,2.45,3.05,3.36,Primera División,,20220806_Talleres-Cordoba_Argentinos-Jrs,-97.23968728348746,1.39,0.41,6,1,13,0,44.6,55.4,1,2,1,0,6,3
2022-08-06,Union de Santa Fe,Velez Sarsfield,2,1,1.87,3.3,4.43,1.88,3.4,4.79,Primera División,,20220806_Union-de-Santa-Fe_Velez-Sarsfield,14.663333809423648,1.43,2.25,4,9,9,18,49.3,50.7,2,0,0,0,4,10
2022-08-07,Aldosivi,Huracan,0,1,4.19,3.22,1.94,4.58,3.27,1.96,Primera División,,20220807_Aldosivi_Huracan,-96.42169550237054,0.26,1.52,0,4,1,10,45.5,54.5,2,0,0,0,0,1
2022-08-07,Boca Juniors,Platense,2,1,1.68,3.41,5.85,1.67,3.51,6.54,Primera División,,20220807_Boca-Juniors_Platense,97.6755531303802,1.25,0.69,2,2,5,6,57.5,42.5,0,1,1,0,5,2
2022-08-07,Independiente,River Plate,0,1,3.76,3.27,2.03,3.97,3.33,2.07,Primera División,,20220807_Independiente_River-Plate,-122.64558894310835,1.18,0.08,4,1,7,0,48.9,51.1,1,0,0,0,2,2
2022-08-07,San Lorenzo,Estudiantes L.P.,0,0,1.9,3.32,4.28,1.91,3.38,4.62,Primera División,,20220807_San-Lorenzo_Estudiantes-L.P.,-24.090087639958483,1.42,0.05,7,0,13,0,55.3,44.7,2,3,0,0,7,2
2022-08-08,Central Cordoba,Defensa y Justicia,1,0,2.37,3.27,2.98,2.39,3.3,3.21,Primera División,,20220808_Central-Cordoba_Defensa-y-Justicia,-119.11399259617156,0.99,0.47,5,1,11,5,40.5,59.5,0,1,0,0,12,6
2022-08-08,Newells Old Boys,Colon Santa Fe,0,0,2.08,3.17,3.77,2.15,3.18,3.93,Primera División,,20220808_Newells-Old-Boys_Colon-Santa-Fe,20.627581735350986,0.95,0.4,3,3,5,6,49.8,50.2,2,3,0,0,5,3
2022-08-09,Tigre,Rosario Central,3,1,1.5,4.11,6.52,1.54,4.14,6.75,Primera División,,20220809_Tigre_Rosario-Central,55.55937151390026,0.31,0.05,3,1,8,2,47.4,52.6,2,1,0,0,4,2
2022-08-11,Godoy Cruz,Aldosivi,2,0,1.42,4.72,6.9,1.45,4.9,7.0,Primera División,,20220811_Godoy-Cruz_Aldosivi,64.65076842329336,1.13,0.81,2,3,6,5,54.7,45.3,4,2,0,0,4,5
2022-08-12,Atl. Tucuman,Central Cordoba,1,0,1.87,3.36,4.39,1.86,3.45,4.82,Primera División,,20220812_Atl.-Tucuman_Central-Cordoba,55.882947524187784,1.11,0.83,5,2,12,4,55.9,44.1,6,1,1,0,6,3
2022-08-12,Colon Santa Fe,Arsenal Sarandi,1,1,2.01,3.33,3.81,2.01,3.4,4.13,Primera División,,20220812_Colon-Santa-Fe_Arsenal-Sarandi,-17.71795742637346,1.23,1.2,5,4,11,11,53.2,46.8,3,0,0,0,4,6
2022-08-12,Huracan,Sarmiento Junin,4,1,1.72,3.36,5.49,1.74,3.48,5.76,Primera División,,20220812_Huracan_Sarmiento-Junin,54.56525377258458,1.31,0.91,4,2,9,3,49.5,50.5,0,2,0,0,3,3
2022-08-12,Platense,Banfield,3,1,2.74,2.77,2.97,2.87,2.78,3.08,Primera División,,20220812_Platense_Banfield,-24.45126740613364,1.53,1.21,5,5,10,12,47.7,52.3,2,2,0,0,2,6
2022-08-13,Defensa y Justicia,Tigre,0,0,3.05,3.15,2.41,3.12,3.22,2.48,Primera División,,20220813_Defensa-y-Justicia_Tigre,12.039304900962634,0.93,0.2,5,0,11,0,48.4,51.6,2,1,0,0,9,3
2022-08-13,Lanus,Independiente,1,1,2.82,2.97,2.72,3.0,3.01,2.72,Primera División,,20220813_Lanus_Independiente,-41.17411525331909,1.35,1.11,5,5,11,11,48.2,51.8,1,2,0,0,7,6
2022-08-13,Patronato,San Lorenzo,3,2,2.68,3.09,2.72,2.87,3.22,2.68,Primera División,,20220813_Patronato_San-Lorenzo,-63.434461056887585,1.98,0.68,6,2,12,5,52.3,47.7,1,1,0,0,6,3
2022-08-13,Rosario Central,Barracas Central,3,1,2.28,3.07,3.38,2.4,3.01,3.53,Primera División,,20220813_Rosario-Central_Barracas-Central,-43.172724185427114,1.93,0.51,6,2,14,4,43.8,56.2,0,0,0,0,6,0
2022-08-14,Argentinos Jrs,Union de Santa Fe,2,0,1.99,3.2,4.05,2.0,3.26,4.38,Primera División,,20220814_Argentinos-Jrs_Union-de-Santa-Fe,10.488976427793887,0.61,0.44,2,3,4,8,50.2,49.8,3,1,0,0,3,7
2022-08-14,Estudiantes L.P.,Talleres Cordoba,1,0,2.2,3.14,3.46,2.2,3.24,3.69,Primera División,,20220814_Estudiantes-L.P._Talleres-Cordoba,46.11299601711676,0.82,0.07,4,1,8,3,58.3,41.7,4,2,0,0,5,2
2022-08-14,River Plate,Newells Old Boys,4,1,1.43,4.35,7.57,1.45,4.54,7.85,Primera División,,20220814_River-Plate_Newells-Old-Boys,105.05588585028045,1.36,0.51,4,2,11,4,51.7,48.3,2,1,0,0,7,1
2022-08-14,Velez Sarsfield,Gimnasia L.P.,1,1,1.9,3.3,4.29,1.93,3.41,4.5,Primera División,,20220814_Velez-Sarsfield_Gimnasia-L.P.,-81.39331002760923,0.78,0.12,2,1,3,3,46.9,53.1,1,2,0,0,1,5
2022-08-15,Racing Club,Boca Juniors,0,0,2.43,3.15,2.99,2.46,3.26,3.12,Primera División,,20220815_Racing-Club_Boca-Juniors,-4.135622001274442,0.61,0.66,1,2,2,4,51.1,48.9,1,2,0,0,4,8
2022-08-16,Central Cordoba,Colon Santa Fe,3,0,2.43,3.23,2.92,2.52,3.19,3.1,Primera División,,20220816_Central-Cordoba_Colon-Santa-Fe,-35.55807864123244,0.34,0.7,3,2,7,4,48.7,51.3,1,3,0,0,4,5
2022-08-16,San Lorenzo,Platense,2,0,2.21,2.93,3.76,2.25,2.93,4.04,Primera División,,20220816_San-Lorenzo_Platense,1.6721090417520372,1.42,0.05,4,0,8,2,49.8,50.2,1,1,0,0,10,4
2022-08-16,Sarmiento Junin,Godoy Cruz,1,2,3.19,3.29,2.25,3.28,3.37,2.32,Primera División,,20220816_Sarmiento-Junin_Godoy-Cruz,-25.212200600499045,0.16,1.54,1,5,2,10,49.2,50.8,3,1,0,0,6,8
2022-08-17,Arsenal Sarandi,River Plate,0,0,5.43,3.85,1.62,6.1,3.85,1.63,Primera División,,20220817_Arsenal-Sarandi_River-Plate,-115.63188951281109,0.87,1.91,2,7,4,15,45.6,54.4,2,1,0,0,4,5
2022-08-17,Independiente,Huracan,1,1,2.87,2.78,2.82,2.89,2.81,3.02,Primera División,,20220817_Independiente_Huracan,-80.46389653576125,0.81,0.83,4,1,8,1,48.5,51.5,3,4,0,0,5,3
2022-08-17,Newells Old Boys,Lanus,2,0,2.3,2.96,3.45,2.37,3.01,3.57,Primera División,,20220817_Newells-Old-Boys_Lanus,64.7332989640829,1.13,0.66,3,3,7,6,50.7,49.3,1,2,0,0,1,4
2022-08-17,Tigre,Atl. Tucuman,0,0,2.11,3.21,3.61,2.11,3.32,3.88,Primera División,,20220817_Tigre_Atl.-Tucuman,9.60085060033316,1.03,1.0,3,2,5,2,53.7,46.3,0,1,0,0,6,1
2022-08-18,Aldosivi,Velez Sarsfield,3,2,3.75,3.22,2.07,3.99,3.19,2.13,Primera División,,20220818_Aldosivi_Velez-Sarsfield,-93.42957581064593,0.35,1.53,3,4,5,10,40.2,59.8,0,3,0,0,2,5
2022-08-18,Barracas Central,Defensa y Justicia,3,1,3.21,3.09,2.34,3.43,3.22,2.32,Primera División,,20220818_Barracas-Central_Defensa-y-Justicia,-57.68827891344381,1.73,0.92,4,3,9,7,42.4,57.6,1,1,0,0,3,2
2022-08-18,Boca Juniors,Rosario Central,0,0,1.57,3.89,6.03,1.58,4.02,6.36,Primera División,,20220818_Boca-Juniors_Rosario-Central,125.00190401432747,0.05,0.54,0,2,0,4,59.8,40.2,4,4,0,1,1,3
2022-08-18,Talleres Cordoba,Patronato,3,3,1.86,3.43,4.27,1.83,3.53,4.85,Primera División,,20220818_Talleres-Cordoba_Patronato,15.166606051250028,0.74,1.49,4,5,10,12,51.7,48.3,0,1,0,0,9,7
2022-08-18,Union de Santa Fe,Gimnasia L.P.,0,2,2.18,3.19,3.45,2.12,3.3,3.84,Primera División,,20220818_Union-de-Santa-Fe_Gimnasia-L.P.,-52.61921469851609,0.33,1.15,1,5,3,12,51.3,48.7,1,3,0,0,4,5
2022-08-19,Argentinos Jrs,Estudiantes L.P.,1,0,2.29,3.16,3.25,2.24,3.3,3.53,Primera División,,20220819_Argentinos-Jrs_Estudiantes-L.P.,21.800905732763795,0.77,0.54,2,0,6,1,54.3,45.7,0,2,0,0,2,1
2022-08-19,Banfield,Racing Club,0,2,3.18,3.1,2.36,3.35,3.15,2.4,Primera División,,20220819_Banfield_Racing-Club,-99.49974423857452,0.95,1.72,3,8,6,18,50.3,49.7,1,1,0,0,4,11
2022-08-20,Colon Santa Fe,Tigre,2,1,2.68,3.18,2.68,2.77,3.19,2.79,Primera División,,20220820_Colon-Santa-Fe_Tigre,-62.99075582465116,1.55,2.26,4,8,9,19,47.1,52.9,1,1,0,0,9,10
2022-08-21,Godoy Cruz,Independiente,1,1,2.08,3.27,3.69,2.16,3.27,3.76,Primera División,,20220821_Godoy-Cruz_Independiente,39.24963629291187,1.35,1.05,4,3,9,9,53.6,46.4,1,1,0,0,4,3
2022-08-21,Huracan,Newells Old Boys,1,0,1.99,3.08,4.27,2.05,3.1,4.48,Primera División,,20220821_Huracan_Newells-Old-Boys,41.55355691145019,0.35,0.6,3,2,6,5,45.6,54.4,2,2,0,0,3,4
2022-08-21,Lanus,Arsenal Sarandi,1,0,2.14,3.14,3.63,2.12,3.2,4.01,Primera División,,20220821_Lanus_Arsenal-Sarandi,-84.75594943149827,1.52,0.87,5,2,11,7,48.8,51.2,1,4,0,0,4,7
2022-08-21,River Plate,Central Cordoba,3,0,1.34,5.26,8.2,1.34,5.6,8.89,Primera División,,20220821_River-Plate_Central-Cordoba,150.6086314241311,1.97,1.69,5,6,13,14,55.9,44.1,3,1,0,0,4,9
2022-08-22,Defensa y Justicia,Boca Juniors,0,1,2.91,3.0,2.62,3.05,2.99,2.7,Primera División,,20220822_Defensa-y-Justicia_Boca-Juniors,-60.94199412342937,0.72,0.96,4,3,8,6,49.3,50.7,2,2,0,0,7,3
2022-08-22,Estudiantes L.P.,Union de Santa Fe,1,0,2.06,3.35,3.63,2.07,3.39,3.91,Primera División,,20220822_Estudiantes-L.P._Union-de-Santa-Fe,10.912093607607176,0.07,0.45,1,1,1,3,50.8,49.2,0,1,0,0,4,3
2022-08-22,Racing Club,San Lorenzo,1,2,1.83,3.49,4.38,1.82,3.57,4.84,Primera División,,20220822_Racing-Club_San-Lorenzo,93.30477280231344,0.65,1.24,2,2,6,3,49.0,51.0,5,3,0,0,3,1
2022-08-22,Rosario Central,Banfield,0,1,2.36,2.89,3.43,2.42,2.86,3.7,Primera División,,20220822_Rosario-Central_Banfield,-8.857544786256312,0.54,1.76,2,3,5,7,54.0,46.0,1,0,0,0,4,1
2022-08-23,Patronato,Argentinos Jrs,0,0,3.02,3.12,2.43,3.18,3.25,2.43,Primera División,,20220823_Patronato_Argentinos-Jrs,-114.63821467966272,0.05,1.09,0,3,0,6,46.8,53.2,3,3,0,0,1,5
2022-08-23,Platense,Talleres Cordoba,0,0,2.95,2.74,2.8,3.07,2.74,2.92,Primera División,,20220823_Platense_Talleres-Cordoba,6.843154065969429,0.87,1.66,5,6,9,13,56.2,43.8,2,5,0,0,1,5
2022-08-23,Velez Sarsfield,Sarmiento Junin,1,1,1.73,3.51,5.11,1.71,3.68,5.54,Primera División,,20220823_Velez-Sarsfield_Sarmiento-Junin,30.385465262219213,1.17,1.69,3,6,4,14,59.5,40.5,1,1,0,0,4,6
2022-08-24,Atl. Tucuman,Barracas Central,4,0,1.6,3.68,6.05,1.61,3.77,6.6,Primera División,,20220824_Atl.-Tucuman_Barracas-Central,23.236581901478758,2.45,0.99,8,1,17,0,59.8,40.2,1,0,0,0,13,1
2022-08-24,Gimnasia L.P.,Aldosivi,0,0,1.75,3.51,4.86,1.76,3.62,5.17,Primera División,,20220824_Gimnasia-L.P._Aldosivi,164.3461036702954,1.21,0.67,5,1,11,3,63.6,36.4,1,0,0,0,4,6
2022-08-26,Central Cordoba,Lanus,2,2,2.33,3.17,3.14,2.36,3.28,3.26,Primera División,,20220826_Central-Cordoba_Lanus,20.102174218655136,1.44,1.43,6,3,13,6,48.8,51.2,1,5,0,0,8,5
2022-08-27,Argentinos Jrs,Platense,0,2,1.91,3.1,4.64,1.93,3.11,5.09,Primera División,,20220827_Argentinos-Jrs_Platense,90.0900178393124,0.59,1.04,2,2,5,3,54.5,45.5,4,5,0,0,5,7
2022-08-27,Arsenal Sarandi,Huracan,1,1,3.55,2.98,2.24,3.97,3.01,2.22,Primera División,,20220827_Arsenal-Sarandi_Huracan,-66.55256530300744,1.45,0.66,4,1,9,3,48.4,51.6,0,0,0,0,4,5
2022-08-27,Banfield,Defensa y Justicia,1,2,2.29,3.08,3.34,2.26,3.12,3.71,Primera División,,20220827_Banfield_Defensa-y-Justicia,-25.31118641638568,2.18,1.58,8,4,16,10,43.3,56.7,2,0,0,0,8,6
2022-08-27,Newells Old Boys,Godoy Cruz,1,2,2.59,3.05,2.89,2.67,3.04,3.04,Primera División,,20220827_Newells-Old-Boys_Godoy-Cruz,-15.021957504628745,0.77,1.17,3,3,7,8,50.6,49.4,0,3,0,0,6,7
2022-08-27,San Lorenzo,Rosario Central,1,1,1.97,3.17,4.21,2.05,3.11,4.42,Primera División,,20220827_San-Lorenzo_Rosario-Central,59.20272281289249,0.72,0.59,4,1,10,1,54.5,45.5,2,2,1,0,7,5
2022-08-27,Talleres Cordoba,Racing Club,1,1,2.56,3.08,2.88,2.59,3.13,3.06,Primera División,,20220827_Talleres-Cordoba_Racing-Club,-110.32087644419585,0.67,0.26,2,1,5,3,45.5,54.5,1,2,0,0,3,3
2022-08-28,Barracas Central,Colon Santa Fe,1,0,3.03,3.24,2.38,3.25,3.24,2.4,Primera División,,20220828_Barracas-Central_Colon-Santa-Fe,5.465631396077242,0.52,1.39,1,5,1,11,56.7,43.3,2,4,0,0,2,2
2022-08-28,Boca Juniors,Atl. Tucuman,2,1,1.98,3.11,4.25,2.01,3.15,4.53,Primera División,,20220828_Boca-Juniors_Atl.-Tucuman,66.16277865049778,1.4,0.83,5,4,11,10,52.9,47.1,2,1,0,0,5,3
2022-08-28,Independiente,Velez Sarsfield,1,1,2.23,2.92,3.71,2.25,2.96,3.96,Primera División,,20220828_Independiente_Velez-Sarsfield,-19.764741424584372,1.52,1.42,5,4,12,8,60.0,40.0,1,0,0,0,8,1
2022-08-28,Sarmiento Junin,Gimnasia L.P.,0,0,2.67,2.91,2.92,2.75,2.94,3.04,Primera División,,20220828_Sarmiento-Junin_Gimnasia-L.P.,-125.27018091502123,0.85,0.05,1,0,3,0,46.0,54.0,2,5,0,0,2,1
2022-08-28,Tigre,River Plate,1,1,3.22,3.35,2.22,3.42,3.36,2.26,Primera División,,20220828_Tigre_River-Plate,-99.760846190027,0.35,1.04,3,2,6,4,49.3,50.7,3,0,0,0,4,4
2022-08-29,Estudiantes L.P.,Patronato,1,0,2.0,3.35,3.83,2.01,3.36,4.16,Primera División,,20220829_Estudiantes-L.P._Patronato,78.14275492147385,0.89,1.4,3,5,6,8,48.7,51.3,1,3,0,0,6,6
2022-08-29,Union de Santa Fe,Aldosivi,0,0,1.68,3.63,5.28,1.7,3.69,5.62,Primera División,,20220829_Union-de-Santa-Fe_Aldosivi,74.42323059987007,1.2,1.51,5,5,12,14,48.3,51.7,3,1,0,0,6,9
2022-09-02,Huracan,Central Cordoba,2,0,1.46,4.22,7.15,1.43,4.49,8.62,Primera División,,20220902_Huracan_Central-Cordoba,99.88764085446883,1.0,1.22,3,2,7,5,54.2,45.8,2,0,0,0,6,3
2022-09-03,Aldosivi,Sarmiento Junin,1,2,2.66,3.07,2.77,2.82,3.05,2.85,Primera División,,20220903_Aldosivi_Sarmiento-Junin,-30.117105868077033,0.71,1.12,1,4,1,9,45.6,54.4,1,1,0,0,2,5
2022-09-03,Lanus,Tigre,1,2,2.67,3.1,2.72,2.68,3.09,2.97,Primera División,,20220903_Lanus_Tigre,-87.81283387225312,0.46,1.76,2,7,4,14,47.3,52.7,1,4,0,0,1,7
2022-09-03,Racing Club,Argentinos Jrs,1,0,2.06,3.22,3.77,2.11,3.25,3.98,Primera División,,20220903_Racing-Club_Argentinos-Jrs,25.21678783135235,1.2,0.32,3,0,6,0,50.8,49.2,0,4,0,0,5,4
2022-09-03,Rosario Central,Talleres Cordoba,1,0,2.47,2.99,3.12,2.52,3.02,3.27,Primera División,,20220903_Rosario-Central_Talleres-Cordoba,-13.553981191529829,2.12,0.43,6,1,14,0,51.7,48.3,0,3,0,0,8,5
2022-09-03,Velez Sarsfield,Newells Old Boys,0,1,1.83,3.38,4.54,1.88,3.43,4.74,Primera División,,20220903_Velez-Sarsfield_Newells-Old-Boys,9.036424686318696,1.04,1.21,3,5,7,11,56.8,43.2,6,3,0,0,4,4
2022-09-04,Colon Santa Fe,Boca Juniors,1,2,2.83,3.11,2.59,2.88,3.14,2.72,Primera División,,20220904_Colon-Santa-Fe_Boca-Juniors,-138.8155411933442,1.22,1.07,4,4,5,10,46.9,53.1,0,4,0,0,5,6
2022-09-04,Gimnasia L.P.,Independiente,3,1,2.72,2.9,2.85,2.82,3.0,2.9,Primera División,,20220904_Gimnasia-L.P._Independiente,111.91271095077059,1.49,2.2,6,6,15,14,52.6,47.4,2,2,0,0,12,9
2022-09-04,Patronato,Union de Santa Fe,0,0,2.28,3.2,3.23,2.36,3.22,3.34,Primera División,,20220904_Patronato_Union-de-Santa-Fe,-50.7979660284725,0.54,0.85,1,3,3,7,41.0,59.0,0,3,0,0,2,4
2022-09-04,Platense,Estudiantes L.P.,0,0,2.56,2.97,2.98,2.67,2.97,3.12,Primera División,,20220904_Platense_Estudiantes-L.P.,-55.540057735177925,0.27,0.56,0,4,1,9,48.6,51.4,2,0,0,0,0,8
2022-09-05,Defensa y Justicia,San Lorenzo,0,0,2.76,2.87,2.85,2.87,2.88,2.97,Primera División,,20220905_Defensa-y-Justicia_San-Lorenzo,11.506835346730213,0.36,0.79,1,3,2,7,47.4,52.6,2,6,0,0,3,4
2022-09-05,Godoy Cruz,Arsenal Sarandi,1,0,1.7,3.57,5.2,1.7,3.63,5.73,Primera División,,20220905_Godoy-Cruz_Arsenal-Sarandi,28.08832213364485,0.55,0.17,2,0,5,0,47.0,53.0,1,2,0,0,6,2
2022-09-05,River Plate,Barracas Central,2,0,1.22,6.1,12.6,1.23,6.25,15.0,Primera División,,20220905_River-Plate_Barracas-Central,113.81659450108782,1.18,1.01,3,4,7,8,51.8,48.2,2,3,0,0,4,4
2022-09-06,Atl. Tucuman,Banfield,0,0,1.86,3.17,4.68,1.85,3.34,5.12,Primera División,,20220906_Atl.-Tucuman_Banfield,41.30860551156661,2.54,1.44,8,5,17,10,52.4,47.6,3,4,0,1,9,5
2022-09-08,Independiente,Aldosivi,3,0,1.62,3.6,6.11,1.66,3.59,6.41,Primera División,,20220908_Independiente_Aldosivi,37.87703509025732,0.56,0.49,3,1,9,1,45.4,54.6,1,2,0,0,3,2
2022-09-09,Argentinos Jrs,Rosario Central,2,1,2.01,3.08,4.14,2.02,3.12,4.56,Primera División,,20220909_Argentinos-Jrs_Rosario-Central,67.68509775749362,1.27,0.76,5,2,11,2,51.8,48.2,1,5,0,0,3,1
2022-09-09,Barracas Central,Lanus,2,0,2.96,3.06,2.51,3.08,3.06,2.62,Primera División,,20220909_Barracas-Central_Lanus,67.87546658896963,1.14,1.25,3,5,5,9,49.7,50.3,0,1,0,0,3,5
2022-09-09,Patronato,Platense,1,0,2.37,3.02,3.24,2.44,3.03,3.41,Primera División,,20220909_Patronato_Platense,-41.454008521309106,1.03,0.29,3,1,5,1,37.2,62.8,2,1,0,0,3,0
2022-09-09,Union de Santa Fe,Sarmiento Junin,1,0,1.93,3.33,4.09,1.93,3.46,4.38,Primera División,,20220909_Union-de-Santa-Fe_Sarmiento-Junin,26.53787072062437,2.43,0.79,7,1,16,3,47.4,52.6,2,1,0,1,10,2
2022-09-10,Central Cordoba,Godoy Cruz,3,0,2.86,3.21,2.49,2.9,3.24,2.63,Primera División,,20220910_Central-Cordoba_Godoy-Cruz,-85.63925840017532,1.08,0.4,3,1,8,2,51.6,48.4,2,2,0,0,6,4
2022-09-10,Estudiantes L.P.,Racing Club,1,0,2.89,3.15,2.51,3.04,3.2,2.56,Primera División,,20220910_Estudiantes-L.P._Racing-Club,-42.71205339537437,1.02,0.53,2,2,4,4,42.2,57.8,0,2,0,0,4,2
2022-09-10,San Lorenzo,Atl. Tucuman,1,1,2.46,2.94,3.19,2.55,2.93,3.34,Primera División,,20220910_San-Lorenzo_Atl.-Tucuman,-3.432252315215692,0.89,0.96,2,3,4,8,55.2,44.8,3,1,0,0,1,2
2022-09-10,Tigre,Huracan,1,1,2.69,2.91,2.9,2.71,2.91,3.12,Primera División,,20220910_Tigre_Huracan,-30.401910698234815,0.16,0.71,2,1,4,4,54.8,45.2,1,1,0,0,4,3
2022-09-11,Arsenal Sarandi,Velez Sarsfield,2,2,3.16,2.98,2.44,3.46,3.01,2.43,Primera División,,20220911_Arsenal-Sarandi_Velez-Sarsfield,2.1402416785549576,1.64,1.95,5,7,12,17,47.0,53.0,2,2,0,0,5,7
2022-09-11,Banfield,Colon Santa Fe,2,1,2.25,3.1,3.39,2.27,3.13,3.67,Primera División,,20220911_Banfield_Colon-Santa-Fe,20.725429352245783,1.38,0.33,5,1,12,1,51.6,48.4,1,0,0,0,4,1
2022-09-11,Boca Juniors,River Plate,1,0,3.47,3.0,2.27,3.68,3.03,2.31,Primera División,,20220911_Boca-Juniors_River-Plate,-4.847611508935415,0.76,0.68,2,5,4,13,46.3,53.7,2,2,0,0,5,5
2022-09-11,Newells Old Boys,Gimnasia L.P.,2,0,2.7,2.94,2.85,2.8,2.96,2.96,Primera División,,20220911_Newells-Old-Boys_Gimnasia-L.P.,-98.49921672730625,1.28,1.75,3,6,6,14,50.4,49.6,1,0,0,0,5,11
2022-09-12,Sarmiento Junin,Independiente,1,2,2.97,2.9,2.62,3.12,2.92,2.71,Primera División,,20220912_Sarmiento-Junin_Independiente,-7.617274609236574,0.15,0.75,1,2,2,5,51.3,48.7,1,0,0,0,1,2
2022-09-12,Talleres Cordoba,Defensa y Justicia,1,0,1.92,3.26,4.3,1.93,3.31,4.65,Primera División,,20220912_Talleres-Cordoba_Defensa-y-Justicia,-65.17573869483158,0.83,1.37,2,6,4,13,54.9,45.1,4,0,0,0,1,6
2022-09-13,Godoy Cruz,Tigre,1,1,2.25,3.19,3.25,2.29,3.25,3.46,Primera División,,20220913_Godoy-Cruz_Tigre,-17.07726988664399,1.2,1.3,5,4,11,9,52.3,47.7,1,2,0,0,9,8
2022-09-13,Huracan,Barracas Central,1,1,1.5,4.01,6.75,1.53,4.09,7.21,Primera División,,20220913_Huracan_Barracas-Central,57.66691529843956,1.54,1.02,3,1,8,1,51.0,49.0,2,1,0,0,10,2
2022-09-14,Aldosivi,Newells Old Boys,1,2,2.64,3.09,2.79,2.68,3.12,2.94,Primera División,,20220914_Aldosivi_Newells-Old-Boys,-93.82725626310457,0.55,1.48,1,6,3,14,49.6,50.4,1,3,0,0,0,8
2022-09-14,Colon Santa Fe,San Lorenzo,0,0,2.83,3.02,2.64,2.99,3.03,2.72,Primera División,,20220914_Colon-Santa-Fe_San-Lorenzo,-67.1652142777175,1.32,0.49,4,2,9,4,41.2,58.8,2,0,0,0,7,5
2022-09-14,Platense,Union de Santa Fe,1,0,2.54,2.91,3.05,2.63,2.88,3.27,Primera División,,20220914_Platense_Union-de-Santa-Fe,-30.369957976871092,1.06,0.05,2,0,6,2,48.2,51.8,2,1,0,0,8,2
2022-09-14,Racing Club,Patronato,1,0,1.64,3.81,5.24,1.65,3.83,5.98,Primera División,,20220914_Racing-Club_Patronato,109.00904802210357,0.81,0.94,4,2,8,3,51.5,48.5,1,4,0,0,4,5
2022-09-14,River Plate,Banfield,1,2,1.41,4.38,7.99,1.45,4.47,8.0,Primera División,,20220914_River-Plate_Banfield,114.37589289542507,1.24,1.46,4,3,10,7,51.1,48.9,2,1,0,0,3,6
2022-09-15,Defensa y Justicia,Argentinos Jrs,2,1,3.0,2.83,2.66,3.11,2.82,2.8,Primera División,,20220915_Defensa-y-Justicia_Argentinos-Jrs,-37.80760202930492,0.52,0.86,2,2,4,7,52.1,47.9,0,3,0,0,1,2
2022-09-15,Lanus,Boca Juniors,0,1,3.35,2.78,2.48,3.6,2.76,2.55,Primera División,,20220915_Lanus_Boca-Juniors,-215.10441236208885,0.59,0.29,2,1,5,1,43.1,56.9,2,2,0,1,5,4
2022-09-15,Rosario Central,Estudiantes L.P.,1,1,2.59,2.92,3.0,2.64,2.95,3.18,Primera División,,20220915_Rosario-Central_Estudiantes-L.P.,-95.61017726814976,1.62,0.36,4,2,8,4,47.3,52.7,2,1,0,0,4,2
2022-09-16,Atl. Tucuman,Talleres Cordoba,1,1,2.06,3.15,3.86,2.11,3.15,4.13,Primera División,,20220916_Atl.-Tucuman_Talleres-Cordoba,43.55213605414042,0.81,0.73,3,3,6,6,56.2,43.8,1,0,0,0,3,4
2022-09-16,Gimnasia L.P.,Arsenal Sarandi,2,0,2.23,3.01,3.56,2.31,2.99,3.77,Primera División,,20220916_Gimnasia-L.P._Arsenal-Sarandi,96.70680928517754,1.49,1.07,4,3,9,7,52.5,47.5,1,2,0,0,2,4
2022-09-17,Barracas Central,Godoy Cruz,3,1,3.0,3.05,2.51,3.17,3.12,2.52,Primera División,,20220917_Barracas-Central_Godoy-Cruz,-10.898180205292874,1.74,0.73,5,2,11,6,46.6,53.4,3,0,0,0,7,4
2022-09-18,Banfield,Lanus,1,2,2.29,2.93,3.56,2.33,2.93,3.79,Primera División,,20220918_Banfield_Lanus,102.4487331859616,0.76,0.05,4,2,9,2,55.6,44.4,3,2,0,0,8,2
2022-09-18,Newells Old Boys,Sarmiento Junin,0,1,2.16,3.17,3.54,2.18,3.28,3.69,Primera División,,20220918_Newells-Old-Boys_Sarmiento-Junin,62.746453426115295,0.94,1.29,2,5,7,9,56.4,43.6,2,2,0,0,2,4
2022-09-18,San Lorenzo,River Plate,0,1,3.47,3.07,2.24,3.59,3.21,2.25,Primera División,,20220918_San-Lorenzo_River-Plate,-76.98384932594104,0.49,0.57,0,1,0,2,44.2,55.8,2,2,0,0,2,2
2022-09-18,Tigre,Velez Sarsfield,2,0,2.03,3.28,3.79,2.1,3.29,3.96,Primera División,,20220918_Tigre_Velez-Sarsfield,53.80711128443045,1.33,0.37,4,0,9,0,45.0,55.0,0,0,0,0,6,2
2022-09-19,Arsenal Sarandi,Aldosivi,3,0,1.75,3.38,5.19,1.76,3.4,5.75,Primera División,,20220919_Arsenal-Sarandi_Aldosivi,65.08453154394874,0.87,0.59,3,3,8,7,60.6,39.4,2,2,0,0,6,4
2022-09-19,Boca Juniors,Huracan,0,0,2.51,2.86,3.21,2.57,2.9,3.35,Primera División,,20220919_Boca-Juniors_Huracan,77.55942039498495,1.52,0.55,6,2,15,6,51.3,48.7,3,1,0,0,6,6
2022-09-19,Platense,Racing Club,0,1,3.33,2.91,2.4,3.47,2.95,2.46,Primera División,,20220919_Platense_Racing-Club,-89.71261919376138,0.73,1.81,2,5,3,10,44.5,55.5,2,1,0,0,2,6
2022-09-19,Talleres Cordoba,Colon Santa Fe,2,0,2.07,3.31,3.66,2.17,3.3,3.69,Primera División,,20220919_Talleres-Cordoba_Colon-Santa-Fe,26.01332276075118,1.79,0.7,7,2,16,3,58.2,41.8,1,0,0,0,6,6
2022-09-19,Union de Santa Fe,Independiente,0,1,2.61,2.93,2.97,2.69,2.91,3.16,Primera División,,20220919_Union-de-Santa-Fe_Independiente,16.307753153307885,0.15,1.84,2,5,5,13,53.4,46.6,1,1,0,0,4,9
2022-09-20,Argentinos Jrs,Atl. Tucuman,1,2,2.27,2.98,3.5,2.3,2.99,3.78,Primera División,,20220920_Argentinos-Jrs_Atl.-Tucuman,19.17681182118099,1.19,1.3,3,3,5,6,57.0,43.0,2,1,0,0,5,7
2022-09-20,Estudiantes L.P.,Defensa y Justicia,1,2,1.93,3.25,4.31,1.92,3.31,4.71,Primera División,,20220920_Estudiantes-L.P._Defensa-y-Justicia,29.82788963549683,0.84,1.25,4,4,11,8,51.9,48.1,0,2,1,0,6,5
2022-09-20,Patronato,Rosario Central,0,0,2.23,3.1,3.44,2.22,3.16,3.76,Primera División,,20220920_Patronato_Rosario-Central,-9.197664830236135,0.83,0.05,2,0,5,1,41.4,58.6,0,0,0,0,5,1
2022-09-21,Central Cordoba,Gimnasia L.P.,1,0,2.7,3.1,2.72,2.73,3.16,2.86,Primera División,,20220921_Central-Cordoba_Gimnasia-L.P.,-125.96402248399909,0.99,1.01,3,1,7,3,45.0,55.0,2,1,0,0,5,2
2022-09-23,Godoy Cruz,Boca Juniors,0,1,2.45,2.96,3.19,2.43,2.96,3.51,Primera División,,20220923_Godoy-Cruz_Boca-Juniors,-130.1219552443356,0.74,1.12,2,3,4,7,43.0,57.0,2,0,0,0,8,2
2022-09-23,Huracan,Banfield,3,1,1.94,3.13,4.45,1.95,3.21,4.72,Primera División,,20220923_Huracan_Banfield,63.95841708688067,1.6,1.01,5,3,10,6,51.9,48.1,3,1,0,0,6,3
2022-09-24,Defensa y Justicia,Patronato,2,1,2.22,3.24,3.31,2.21,3.28,3.61,Primera División,,20220924_Defensa-y-Justicia_Patronato,81.24734560819593,0.61,1.0,2,4,4,7,52.8,47.2,0,0,0,0,2,4
2022-09-24,Lanus,San Lorenzo,2,0,2.96,2.78,2.75,3.18,2.73,2.84,Primera División,,20220924_Lanus_San-Lorenzo,-83.39043519685606,0.27,0.35,2,0,7,1,44.6,55.4,1,0,0,0,2,3
2022-09-24,River Plate,Talleres Cordoba,0,1,1.58,3.93,5.84,1.58,4.03,6.35,Primera División,,20220924_River-Plate_Talleres-Cordoba,111.83361946164837,1.04,0.92,4,3,10,6,52.2,47.8,1,4,0,0,6,7
2022-09-24,Sarmiento Junin,Arsenal Sarandi,2,0,2.58,2.95,2.97,2.63,2.97,3.17,Primera División,,20220924_Sarmiento-Junin_Arsenal-Sarandi,-11.966050969009984,1.43,0.7,5,1,12,0,52.2,47.8,0,3,0,0,8,1
2022-09-25,Gimnasia L.P.,Tigre,0,1,2.59,3.12,2.82,2.68,3.18,2.9,Primera División,,20220925_Gimnasia-L.P._Tigre,27.309811009482246,2.24,0.2,7,1,16,2,45.8,54.2,1,2,0,0,7,0
2022-09-25,Independiente,Newells Old Boys,1,0,2.14,3.0,3.84,2.16,3.06,4.12,Primera División,,20220925_Independiente_Newells-Old-Boys,-4.948513128072818,1.1,1.08,4,3,10,7,36.3,63.7,3,5,0,0,6,5
2022-09-25,Racing Club,Union de Santa Fe,2,1,1.79,3.56,4.5,1.76,3.65,5.11,Primera División,,20220925_Racing-Club_Union-de-Santa-Fe,106.96656568675348,1.63,1.43,4,4,9,9,54.0,46.0,2,3,0,0,5,6
2022-09-25,Rosario Central,Platense,1,1,2.31,2.85,3.58,2.41,2.88,3.69,Primera División,,20220925_Rosario-Central_Platense,-18.155508240558447,0.45,1.08,3,4,6,7,50.3,49.7,2,3,0,0,1,6
2022-09-26,Aldosivi,Central Cordoba,0,3,2.77,3.14,2.63,2.87,3.23,2.71,Primera División,,20220926_Aldosivi_Central-Cordoba,-79.26191105286671,1.09,1.4,4,3,10,5,47.7,52.3,4,2,0,1,3,5
2022-09-26,Atl. Tucuman,Estudiantes L.P.,3,1,2.44,2.97,3.19,2.52,3.0,3.31,Primera División,,20220926_Atl.-Tucuman_Estudiantes-L.P.,-12.109128937309151,1.17,0.26,3,1,6,2,51.8,48.2,1,2,0,0,3,2
2022-09-26,Colon Santa Fe,Argentinos Jrs,0,4,3.29,3.17,2.27,3.47,3.29,2.29,Primera División,,20220926_Colon-Santa-Fe_Argentinos-Jrs,-84.19099002245753,1.61,1.69,6,6,13,13,48.8,51.2,4,0,0,0,8,4
2022-09-26,Velez Sarsfield,Barracas Central,1,0,1.86,3.44,4.28,1.88,3.56,4.49,Primera División,,20220926_Velez-Sarsfield_Barracas-Central,-49.542939427336705,1.67,2.14,3,7,6,14,54.7,45.3,0,2,1,0,1,13
2022-09-29,Barracas Central,Gimnasia L.P.,1,1,2.71,3.04,2.77,2.89,3.09,2.79,Primera División,,20220929_Barracas-Central_Gimnasia-L.P.,-52.64489114738467,1.48,0.87,5,3,11,8,46.8,53.2,2,1,0,0,8,1
2022-09-30,Estudiantes L.P.,Colon Santa Fe,2,4,1.71,3.68,4.92,1.74,3.71,5.41,Primera División,,20220930_Estudiantes-L.P._Colon-Santa-Fe,99.17634191377647,1.32,2.19,5,5,11,9,53.7,46.3,1,3,0,0,9,3
2022-09-30,Tigre,Aldosivi,3,0,1.3,5.15,10.02,1.32,5.37,11.67,Primera División,,20220930_Tigre_Aldosivi,167.827275610505,1.35,0.54,4,2,7,6,50.9,49.1,0,1,0,0,3,7
2022-10-01,Banfield,Godoy Cruz,1,1,2.3,3.1,3.28,2.33,3.09,3.51,Primera División,,20221001_Banfield_Godoy-Cruz,-8.236377761119456,0.43,2.1,2,8,5,17,49.6,50.4,2,3,0,0,8,10
2022-10-01,Central Cordoba,Sarmiento Junin,0,0,2.22,3.1,3.43,2.3,3.08,3.61,Primera División,,20221001_Central-Cordoba_Sarmiento-Junin,3.483234782175714,1.08,0.81,4,1,8,2,56.1,43.9,2,2,0,0,6,2
2022-10-01,Platense,Defensa y Justicia,0,0,2.39,2.99,3.23,2.48,2.95,3.39,Primera División,,20221001_Platense_Defensa-y-Justicia,-64.39974888186885,0.67,1.84,1,6,3,13,47.1,52.9,2,2,0,1,4,8
2022-10-01,Racing Club,Rosario Central,4,3,1.6,3.71,5.98,1.63,3.82,6.5,Primera División,,20221001_Racing-Club_Rosario-Central,133.59662651973167,0.85,0.91,4,4,8,7,53.0,47.0,4,2,0,0,6,4
2022-10-01,San Lorenzo,Huracan,1,0,2.8,2.73,2.96,2.95,2.65,3.12,Primera División,,20221001_San-Lorenzo_Huracan,-76.7797417741333,1.04,0.78,4,4,11,9,43.5,56.5,2,2,0,0,6,3
2022-10-01,Union de Santa Fe,Newells Old Boys,0,1,2.24,3.19,3.32,2.36,3.25,3.37,Primera División,,20221001_Union-de-Santa-Fe_Newells-Old-Boys,-10.013502200682979,0.05,0.79,0,2,0,3,44.7,55.3,0,7,0,0,4,6
2022-10-02,Arsenal Sarandi,Independiente,0,1,2.82,2.91,2.75,2.98,2.89,2.82,Primera División,,20221002_Arsenal-Sarandi_Independiente,-42.12806774357887,1.42,0.27,3,1,7,3,42.3,57.7,4,2,0,0,7,1
2022-10-02,Boca Juniors,Velez Sarsfield,1,0,2.05,3.05,4.07,2.1,3.07,4.43,Primera División,,20221002_Boca-Juniors_Velez-Sarsfield,159.81557492682055,1.36,0.79,5,3,11,7,49.8,50.2,1,0,1,0,7,6
2022-10-02,Patronato,Atl. Tucuman,2,1,2.49,3.16,2.93,2.48,3.25,3.16,Primera División,,20221002_Patronato_Atl.-Tucuman,-94.57265484128061,0.96,1.19,2,4,2,9,47.3,52.7,1,2,1,0,3,5
2022-10-02,Talleres Cordoba,Lanus,0,1,2.01,3.15,4.06,2.06,3.11,4.51,Primera División,,20221002_Talleres-Cordoba_Lanus,68.21652430450922,1.22,1.39,3,6,7,13,47.9,52.1,0,3,0,0,5,8
2022-10-03,Argentinos Jrs,River Plate,0,3,3.18,3.05,2.39,3.37,3.11,2.44,Primera División,,20221003_Argentinos-Jrs_River-Plate,-50.980106544422824,0.56,0.89,3,4,7,10,49.3,50.7,0,2,0,0,3,7
2022-10-04,Aldosivi,Barracas Central,2,0,3.06,3.23,2.36,3.18,3.27,2.42,Primera División,,20221004_Aldosivi_Barracas-Central,-125.0299231186259,1.33,1.39,4,4,7,10,42.3,57.7,4,0,0,0,5,9
2022-10-04,Godoy Cruz,San Lorenzo,0,0,2.46,2.95,3.18,2.55,2.97,3.29,Primera División,,20221004_Godoy-Cruz_San-Lorenzo,-13.467403045628316,1.14,0.74,4,3,8,8,47.9,52.1,2,2,1,0,5,4
2022-10-04,Newells Old Boys,Arsenal Sarandi,0,0,2.12,3.07,3.81,2.15,3.08,4.11,Primera División,,20221004_Newells-Old-Boys_Arsenal-Sarandi,44.94105184449063,0.69,0.35,3,2,5,5,53.1,46.9,1,2,0,1,5,5
2022-10-04,Rosario Central,Union de Santa Fe,1,1,2.34,3.03,3.31,2.37,3.06,3.58,Primera División,,20221004_Rosario-Central_Union-de-Santa-Fe,-5.740335626928527,0.96,1.41,2,4,4,10,49.6,50.4,3,1,0,0,1,9
2022-10-04,Sarmiento Junin,Tigre,2,2,3.32,3.2,2.24,3.63,3.26,2.21,Primera División,,20221004_Sarmiento-Junin_Tigre,-79.92631176483792,1.29,1.35,2,4,5,11,51.2,48.8,0,1,0,0,3,3
2022-10-05,Atl. Tucuman,Platense,2,1,1.96,3.11,4.39,1.93,3.22,4.9,Primera División,,20221005_Atl.-Tucuman_Platense,41.850079454265824,0.88,1.73,3,4,7,9,52.8,47.2,1,1,0,0,8,4
2022-10-05,Colon Santa Fe,Patronato,1,0,2.25,3.39,3.11,2.25,3.43,3.36,Primera División,,20221005_Colon-Santa-Fe_Patronato,-17.183432812747697,0.35,0.38,1,1,2,3,43.5,56.5,1,1,0,0,0,3
2022-10-05,Defensa y Justicia,Racing Club,3,3,3.01,3.22,2.39,3.16,3.24,2.45,Primera División,,20221005_Defensa-y-Justicia_Racing-Club,-62.093990086408894,1.98,0.48,6,3,16,8,38.4,61.6,2,1,0,0,8,6
2022-10-05,Velez Sarsfield,Banfield,1,0,2.41,3.06,3.14,2.51,3.1,3.2,Primera División,,20221005_Velez-Sarsfield_Banfield,-13.171345584163646,1.43,0.05,5,1,12,2,54.3,45.7,0,2,0,0,5,2
2022-10-06,Huracan,Talleres Cordoba,1,0,1.64,3.46,6.16,1.62,3.61,6.98,Primera División,,20221006_Huracan_Talleres-Cordoba,62.01813275127279,0.05,0.26,1,2,2,3,57.9,42.1,2,1,0,0,1,1
2022-10-06,Independiente,Central Cordoba,1,2,2.01,3.11,4.15,2.04,3.15,4.42,Primera División,,20221006_Independiente_Central-Cordoba,36.45696514241649,0.05,0.9,1,4,2,7,56.0,44.0,3,0,0,0,4,1
2022-10-06,Lanus,Argentinos Jrs,0,4,3.17,2.82,2.56,3.29,2.83,2.66,Primera División,,20221006_Lanus_Argentinos-Jrs,-73.02299449283692,0.77,1.84,3,5,5,10,49.5,50.5,0,1,0,0,4,8
2022-10-06,River Plate,Estudiantes L.P.,5,0,1.5,4.19,6.43,1.5,4.32,7.16,Primera División,,20221006_River-Plate_Estudiantes-L.P.,79.87733275015194,2.12,0.82,7,1,15,1,57.0,43.0,2,2,1,0,7,2
2022-10-08,Barracas Central,Sarmiento Junin,1,1,2.51,3.11,2.93,2.65,3.15,2.96,Primera División,,20221008_Barracas-Central_Sarmiento-Junin,5.043256953589207,1.97,1.15,7,4,14,9,53.1,46.9,1,1,0,0,4,4
2022-10-08,San Lorenzo,Velez Sarsfield,1,0,2.46,2.8,3.37,2.51,2.84,3.53,Primera División,,20221008_San-Lorenzo_Velez-Sarsfield,21.386664979096395,0.25,1.23,1,3,2,7,46.9,53.1,0,3,0,0,6,6
2022-10-08,Union de Santa Fe,Arsenal Sarandi,1,0,2.2,3.03,3.65,2.25,3.02,3.91,Primera División,,20221008_Union-de-Santa-Fe_Arsenal-Sarandi,9.877210777929577,1.15,0.78,5,4,12,9,51.6,48.4,5,1,0,0,8,6
2022-10-09,Banfield,Gimnasia L.P.,0,2,2.83,2.97,2.69,2.94,3.04,2.71,Primera División,,20221009_Banfield_Gimnasia-L.P.,-79.10651657026096,0.89,1.26,2,2,5,6,44.5,55.5,1,2,0,0,5,2
2022-10-09,Boca Juniors,Aldosivi,2,1,1.31,4.93,10.59,1.32,5.17,11.62,Primera División,,20221009_Boca-Juniors_Aldosivi,251.59533630230476,2.14,0.66,5,2,11,6,56.4,43.6,0,1,0,0,3,3
2022-10-09,Platense,Colon Santa Fe,1,2,2.32,3.14,3.23,2.4,3.08,3.42,Primera División,,20221009_Platense_Colon-Santa-Fe,16.375354784733872,0.37,0.89,2,4,5,9,51.6,48.4,0,3,0,0,4,6
2022-10-09,Talleres Cordoba,Godoy Cruz,3,1,2.15,3.19,3.56,2.15,3.31,3.74,Primera División,,20221009_Talleres-Cordoba_Godoy-Cruz,-11.335408223570766,1.7,0.05,5,1,10,2,52.1,47.9,2,1,0,0,8,0
2022-10-09,Tigre,Independiente,2,1,2.06,3.17,3.85,2.12,3.18,4.03,Primera División,,20221009_Tigre_Independiente,50.76842611553138,1.67,1.19,6,3,13,4,52.9,47.1,1,1,0,0,8,4
2022-10-10,Argentinos Jrs,Huracan,1,1,2.71,2.72,3.06,2.8,2.78,3.16,Primera División,,20221010_Argentinos-Jrs_Huracan,-28.925131342519762,0.07,0.78,1,3,1,4,47.3,52.7,1,4,0,0,2,3
2022-10-10,Estudiantes L.P.,Lanus,3,1,1.98,3.27,4.03,2.06,3.22,4.17,Primera División,,20221010_Estudiantes-L.P._Lanus,64.85487695948382,0.83,1.41,3,5,8,12,60.1,39.9,3,0,1,0,5,8
2022-10-10,Patronato,River Plate,0,1,4.34,3.79,1.77,4.58,3.91,1.78,Primera División,,20221010_Patronato_River-Plate,-153.0813358744315,1.12,0.49,2,1,4,2,51.3,48.7,0,2,0,0,4,2
2022-10-10,Racing Club,Atl. Tucuman,2,0,1.95,3.41,3.92,1.97,3.53,4.11,Primera División,,20221010_Racing-Club_Atl.-Tucuman,67.56173484880401,0.25,0.83,2,3,5,8,52.4,47.6,2,2,0,0,3,1
2022-10-10,Rosario Central,Defensa y Justicia,0,0,1.94,3.34,4.06,1.88,3.47,4.62,Primera División,,20221010_Rosario-Central_Defensa-y-Justicia,-88.62741987847426,0.91,1.67,2,6,4,15,42.4,57.6,1,1,0,0,2,5
2022-10-11,Central Cordoba,Newells Old Boys,0,3,2.61,2.93,2.99,2.77,2.99,2.96,Primera División,,20221011_Central-Cordoba_Newells-Old-Boys,-3.3676871260129246,0.66,1.25,3,3,6,7,49.7,50.3,3,1,0,0,6,1
2022-10-12,Aldosivi,Banfield,0,1,2.86,3.12,2.56,3.02,3.17,2.59,Primera División,,20221012_Aldosivi_Banfield,-74.07046374358606,0.44,0.46,0,1,1,1,46.1,53.9,4,1,1,0,1,2
2022-10-12,Gimnasia L.P.,San Lorenzo,0,1,2.6,2.75,3.19,2.74,2.8,3.22,Primera División,,20221012_Gimnasia-L.P._San-Lorenzo,44.03353926818954,0.89,1.1,1,4,0,9,48.9,51.1,2,0,0,0,2,7
2022-10-12,Independiente,Barracas Central,2,2,1.81,3.27,4.9,1.78,3.35,5.65,Primera División,,20221012_Independiente_Barracas-Central,8.60417172765301,1.29,1.46,4,5,10,8,46.0,54.0,1,4,0,0,5,6
2022-10-12,Sarmiento Junin,Boca Juniors,0,1,3.8,3.01,2.14,4.09,3.1,2.14,Primera División,,20221012_Sarmiento-Junin_Boca-Juniors,-168.28310132980937,0.05,1.2,0,4,0,8,37.9,62.1,2,1,0,0,1,3
2022-10-13,Godoy Cruz,Argentinos Jrs,0,0,3.1,2.96,2.49,3.25,2.98,2.57,Primera División,,20221013_Godoy-Cruz_Argentinos-Jrs,-54.906570190514,1.11,0.06,3,0,7,0,51.0,49.0,3,1,1,0,9,1
2022-10-13,Lanus,Patronato,0,1,2.2,3.24,3.36,2.2,3.29,3.64,Primera División,,20221013_Lanus_Patronato,-12.98373332161691,0.44,0.39,1,1,3,3,47.6,52.4,2,0,0,0,2,1
2022-10-13,River Plate,Platense,2,1,1.36,4.77,8.63,1.38,4.9,9.22,Primera División,,20221013_River-Plate_Platense,148.29882286737484,0.39,1.22,2,4,5,9,54.3,45.7,1,3,0,0,2,8
2022-10-13,Velez Sarsfield,Talleres Cordoba,2,1,2.24,2.94,3.66,2.27,2.94,3.93,Primera División,,20221013_Velez-Sarsfield_Talleres-Cordoba,-21.16731789661162,1.89,0.2,5,1,12,3,43.2,56.8,5,1,0,0,6,1
2022-10-14,Atl. Tucuman,Rosario Central,1,1,1.84,3.35,4.55,1.83,3.41,5.06,Primera División,,20221014_Atl.-Tucuman_Rosario-Central,66.22362088383852,2.65,1.44,8,4,16,11,52.5,47.5,1,0,0,0,7,6
2022-10-14,Colon Santa Fe,Racing Club,0,2,3.2,3.61,2.13,3.29,3.67,2.19,Primera División,,20221014_Colon-Santa-Fe_Racing-Club,-144.04047780216752,0.05,1.47,0,5,0,12,46.2,53.8,1,0,0,0,2,9
2022-10-14,Defensa y Justicia,Union de Santa Fe,1,0,2.17,3.18,3.5,2.19,3.2,3.78,Primera División,,20221014_Defensa-y-Justicia_Union-de-Santa-Fe,68.6282608642025,1.33,0.38,3,3,8,8,56.9,43.1,1,2,0,0,8,8
2022-10-14,Huracan,Estudiantes L.P.,3,1,1.79,3.31,5.0,1.78,3.43,5.45,Primera División,,20221014_Huracan_Estudiantes-L.P.,45.33959664494387,1.16,1.26,3,2,5,3,49.7,50.3,0,1,0,0,2,5
2022-10-14,Newells Old Boys,Tigre,0,2,3.36,3.08,2.27,3.67,3.11,2.27,Primera División,,20221014_Newells-Old-Boys_Tigre,-55.72375583765438,0.76,1.99,3,5,8,12,46.4,53.6,2,0,0,0,4,4
2022-10-15,Arsenal Sarandi,Central Cordoba,2,0,2.01,3.04,4.24,2.0,3.05,4.85,Primera División,,20221015_Arsenal-Sarandi_Central-Cordoba,-38.26140296660583,0.75,0.54,3,2,6,7,41.5,58.5,2,1,0,0,8,4
2022-10-16,Aldosivi,Talleres Cordoba,1,3,3.08,3.16,2.38,3.26,3.2,2.42,Primera División,,20221016_Aldosivi_Talleres-Cordoba,-101.77716937088167,1.81,1.11,4,5,9,10,40.9,59.1,1,3,0,0,4,1
2022-10-16,Godoy Cruz,Patronato,0,1,1.92,3.5,3.92,1.93,3.63,4.15,Primera División,,20221016_Godoy-Cruz_Patronato,25.27282421746372,1.25,0.98,3,3,8,9,49.3,50.7,3,1,0,0,5,7
2022-10-16,Independiente,Banfield,1,0,2.1,3.05,3.88,2.12,3.16,4.06,Primera División,,20221016_Independiente_Banfield,21.896614025138206,0.69,1.13,2,4,2,8,51.2,48.8,2,3,0,0,3,5
2022-10-16,Newells Old Boys,Boca Juniors,2,0,3.04,2.76,2.71,3.04,2.77,2.92,Primera División,,20221016_Newells-Old-Boys_Boca-Juniors,-156.11654693539595,0.99,0.05,3,0,8,0,35.4,64.6,0,1,0,0,4,1
2022-10-17,Arsenal Sarandi,Barracas Central,1,2,2.21,3.05,3.54,2.25,3.06,3.82,Primera División,,20221017_Arsenal-Sarandi_Barracas-Central,-28.21076475932,0.08,0.9,1,2,0,4,49.3,50.7,0,1,0,0,1,2
2022-10-17,Gimnasia L.P.,Argentinos Jrs,0,0,3.52,2.96,2.28,3.87,2.94,2.3,Primera División,,20221017_Gimnasia-L.P._Argentinos-Jrs,13.686178139076674,0.05,1.53,1,5,3,9,44.0,56.0,0,3,0,0,4,5
2022-10-17,River Plate,Rosario Central,1,2,1.47,4.27,6.82,1.51,4.34,6.95,Primera División,,20221017_River-Plate_Rosario-Central,153.58758555086683,0.09,0.5,1,3,2,7,52.9,47.1,2,0,0,0,2,2
2022-10-17,Velez Sarsfield,Estudiantes L.P.,4,0,2.27,3.14,3.32,2.28,3.19,3.55,Primera División,,20221017_Velez-Sarsfield_Estudiantes-L.P.,-21.045567631671474,1.31,0.57,5,2,11,3,44.9,55.1,0,2,0,0,9,5
2022-10-18,Atl. Tucuman,Union de Santa Fe,1,1,1.65,3.68,5.49,1.7,3.62,5.77,Primera División,,20221018_Atl.-Tucuman_Union-de-Santa-Fe,59.61724141391801,0.57,0.51,2,2,5,6,56.9,43.1,1,1,0,0,4,3
2022-10-18,Colon Santa Fe,Defensa y Justicia,1,2,2.33,3.4,2.97,2.34,3.51,3.12,Primera División,,20221018_Colon-Santa-Fe_Defensa-y-Justicia,-90.45059537349084,0.74,0.08,1,2,3,4,38.1,61.9,0,0,0,0,2,3
2022-10-18,Lanus,Racing Club,0,1,5.17,3.6,1.69,5.55,3.76,1.69,Primera División,,20221018_Lanus_Racing-Club,-203.46572549116604,0.48,1.25,3,3,5,7,39.3,60.7,1,1,0,0,7,5
2022-10-18,Sarmiento Junin,San Lorenzo,2,4,3.25,2.86,2.48,3.31,2.95,2.55,Primera División,,20221018_Sarmiento-Junin_San-Lorenzo,-55.44263855777808,1.33,2.02,3,6,5,13,53.7,46.3,0,1,0,0,2,8
2022-10-19,Central Cordoba,Tigre,1,2,3.06,3.16,2.38,3.23,3.26,2.4,Primera División,,20221019_Central-Cordoba_Tigre,-106.26670872335899,1.31,0.9,4,2,11,4,50.5,49.5,0,3,0,0,6,1
2022-10-19,Huracan,Platense,2,0,1.63,3.5,6.19,1.65,3.58,6.66,Primera División,,20221019_Huracan_Platense,115.54974728805018,1.98,0.84,8,3,16,7,58.5,41.5,0,0,0,0,7,6
2022-10-20,Gimnasia L.P.,Boca Juniors,1,2,3.29,2.9,2.45,3.13,3.03,2.61,Primera División,,20221020_Gimnasia-L.P._Boca-Juniors,-92.45521643722327,1.21,1.42,4,5,9,11,46.0,54.0,2,1,1,0,4,6
2022-10-20,Talleres Cordoba,Union de Santa Fe,2,2,1.81,3.44,4.59,1.78,3.54,5.21,Primera División,,20221020_Talleres-Cordoba_Union-de-Santa-Fe,19.39519411829201,0.85,1.34,3,5,6,8,57.2,42.8,2,0,0,0,6,6
2022-10-22,Argentinos Jrs,Velez Sarsfield,2,0,1.83,3.37,4.61,1.91,3.35,4.7,Primera División,,20221022_Argentinos-Jrs_Velez-Sarsfield,35.76204628226151,0.84,0.05,2,1,3,2,52.3,47.7,1,1,0,0,4,1
2022-10-22,Defensa y Justicia,Atl. Tucuman,3,1,2.73,3.13,2.65,2.89,3.16,2.7,Primera División,,20221022_Defensa-y-Justicia_Atl.-Tucuman,39.31485148588149,0.85,1.96,3,5,7,9,52.9,47.1,1,2,0,0,5,2
2022-10-22,Estudiantes L.P.,Godoy Cruz,2,0,1.91,3.4,4.12,1.93,3.45,4.39,Primera División,,20221022_Estudiantes-L.P._Godoy-Cruz,24.320357287401293,0.05,0.69,2,2,4,3,55.2,44.8,3,3,0,0,4,5
2022-10-22,San Lorenzo,Aldosivi,3,0,1.19,6.14,16.79,1.2,6.32,19.7,Primera División,,20221022_San-Lorenzo_Aldosivi,169.44713109815189,1.6,0.27,5,0,12,1,57.1,42.9,2,2,0,0,5,2
2022-10-22,Union de Santa Fe,Central Cordoba,1,4,1.98,3.22,4.1,1.99,3.35,4.28,Primera División,,20221022_Union-de-Santa-Fe_Central-Cordoba,9.738193818388027,0.81,1.44,3,4,6,7,49.1,50.9,0,1,1,0,1,3
2022-10-23,Banfield,Sarmiento Junin,0,0,2.92,3.16,2.5,3.01,3.21,2.57,Primera División,,20221023_Banfield_Sarmiento-Junin,-3.4349224935704115,0.76,0.89,2,4,5,11,47.0,53.0,1,1,0,0,3,8
2022-10-23,Boca Juniors,Independiente,2,2,1.38,4.27,9.48,1.39,4.46,10.6,Primera División,,20221023_Boca-Juniors_Independiente,142.46344098868417,0.8,0.17,2,2,6,5,51.5,48.5,2,1,0,0,3,1
2022-10-23,Patronato,Huracan,3,2,6.0,3.96,1.56,6.17,3.96,1.58,Primera División,,20221023_Patronato_Huracan,-110.95174280539345,1.1,1.16,4,5,9,12,42.0,58.0,1,0,0,0,6,4
2022-10-23,Racing Club,River Plate,1,2,1.88,3.6,3.97,1.88,3.76,4.22,Primera División,,20221023_Racing-Club_River-Plate,27.28380926990053,1.04,1.16,3,3,6,5,54.7,45.3,3,2,0,0,3,1
2022-10-23,Talleres Cordoba,Gimnasia L.P.,2,1,3.44,3.08,2.25,3.53,3.15,2.32,Primera División,,20221023_Talleres-Cordoba_Gimnasia-L.P.,-48.729592292859024,0.99,1.41,2,4,4,10,44.8,55.2,3,1,0,0,1,4
2022-10-24,Barracas Central,Newells Old Boys,1,1,2.69,3.06,2.76,2.8,3.06,2.86,Primera División,,20221024_Barracas-Central_Newells-Old-Boys,-19.80631206362591,1.47,0.29,6,1,15,0,53.0,47.0,1,0,0,0,7,4
2022-10-24,Rosario Central,Colon Santa Fe,1,1,2.19,3.38,3.23,2.23,3.46,3.38,Primera División,,20221024_Rosario-Central_Colon-Santa-Fe,26.34475348447927,0.21,0.56,1,2,0,5,50.4,49.6,0,1,0,1,1,3
2022-10-25,Tigre,Arsenal Sarandi,1,4,1.46,4.11,7.45,1.5,4.18,7.67,Primera División,,20221025_Tigre_Arsenal-Sarandi,137.36351552801284,0.99,1.6,4,5,8,10,52.6,47.4,3,2,0,0,5,4
2022-10-25,Velez Sarsfield,Central Cordoba,3,1,1.94,3.37,3.97,1.95,3.49,4.22,Primera División,,20221025_Velez-Sarsfield_Central-Cordoba,13.795878630445713,1.6,0.31,5,1,11,3,50.3,49.7,1,0,0,0,5,2
2022-10-26,Platense,Lanus,1,1,2.56,2.97,2.98,2.75,2.95,3.03,Primera División,,20221026_Platense_Lanus,33.73981457551781,0.59,1.15,3,2,6,4,53.0,47.0,1,3,0,0,3,3
2023-01-27,Rosario Central,Argentinos Jrs,1,0,3.16,2.93,2.47,3.3,2.93,2.57,Primera División,,20230127_Rosario-Central_Argentinos-Jrs,-62.41302828432072,2.3,0.74,8,2,17,2,52.7,47.3,2,2,0,0,6,3
2023-01-28,Defensa y Justicia,Huracan,2,4,3.15,2.93,2.47,3.35,2.93,2.54,Primera División,,20230128_Defensa-y-Justicia_Huracan,10.681539517303008,0.05,1.73,2,5,4,12,54.5,45.5,1,1,0,0,8,8
2023-01-28,Estudiantes L.P.,Tigre,1,2,2.54,3.12,2.87,2.71,3.15,2.89,Primera División,,20230128_Estudiantes-L.P._Tigre,-62.97877233686427,1.19,1.03,4,3,8,7,36.9,63.1,3,2,1,0,9,4
2023-01-28,San Lorenzo,Arsenal Sarandi,1,0,1.73,3.18,5.81,1.74,3.29,6.41,Primera División,,20230128_San-Lorenzo_Arsenal-Sarandi,83.24659374561656,0.87,1.04,3,0,6,0,53.8,46.2,1,0,0,0,2,5
2023-01-28,Talleres Cordoba,Independiente,0,1,2.21,2.96,3.64,2.24,3.03,3.89,Primera División,,20230128_Talleres-Cordoba_Independiente,-7.471385078615185,0.9,0.94,1,3,3,8,52.8,47.2,1,2,0,0,4,8
2023-01-29,Central Cordoba,River Plate,0,2,5.07,3.63,1.7,5.55,3.72,1.72,Primera División,,20230129_Central-Cordoba_River-Plate,-153.67474087917049,0.82,1.86,2,3,5,7,46.4,53.6,3,3,0,0,3,4
2023-01-29,Colon Santa Fe,Lanus,1,2,2.36,3.1,3.17,2.42,3.07,3.41,Primera División,,20230129_Colon-Santa-Fe_Lanus,41.32275422553812,1.11,1.4,4,6,9,12,55.3,44.7,0,3,0,0,5,7
2023-01-29,Instituto,Sarmiento Junin,0,0,2.08,3.07,3.88,2.08,3.08,4.36,Primera División,,20230129_Instituto_Sarmiento-Junin,37.948932310349164,1.46,0.05,5,0,11,0,49.3,50.7,5,4,0,0,6,3
2023-01-29,Platense,Newells Old Boys,2,2,2.95,2.8,2.74,3.17,2.82,2.75,Primera División,,20230129_Platense_Newells-Old-Boys,-68.5876944396166,0.91,0.43,3,2,5,5,46.6,53.4,1,1,0,0,3,6
2023-01-29,Racing Club,Belgrano,0,0,1.59,3.75,5.87,1.57,3.95,6.71,Primera División,,20230129_Racing-Club_Belgrano,157.51391487814158,0.93,1.09,2,1,4,2,59.7,40.3,2,2,0,0,1,3
2023-01-30,Banfield,Union de Santa Fe,0,0,2.52,2.94,3.07,2.56,2.98,3.26,Primera División,,20230130_Banfield_Union-de-Santa-Fe,2.607041947299649,0.62,0.57,3,3,6,6,53.5,46.5,6,2,0,0,1,4
2023-01-30,Barracas Central,Godoy Cruz,0,1,2.65,3.07,2.78,2.71,3.09,2.94,Primera División,,20230130_Barracas-Central_Godoy-Cruz,39.719715939799926,1.66,1.79,5,6,9,14,51.4,48.6,0,4,0,0,9,5
2023-01-30,Boca Juniors,Atl. Tucuman,1,0,1.78,3.3,5.0,1.77,3.43,5.56,Primera División,,20230130_Boca-Juniors_Atl.-Tucuman,128.11762682839594,0.27,0.64,1,0,5,2,53.3,46.7,1,4,0,0,2,3
2023-01-30,Velez Sarsfield,Gimnasia L.P.,3,1,1.54,3.74,6.93,1.57,3.86,7.09,Primera División,,20230130_Velez-Sarsfield_Gimnasia-L.P.,-25.196593731920302,0.56,0.66,3,2,8,6,49.2,50.8,1,3,0,0,2,4
2023-02-03,Newells Old Boys,Velez Sarsfield,1,0,2.71,2.92,2.85,2.89,2.93,2.89,Primera División,,20230203_Newells-Old-Boys_Velez-Sarsfield,2.3092102265768517,1.35,1.39,3,3,6,6,55.3,44.7,1,3,0,0,5,7
2023-02-03,Tigre,Rosario Central,2,2,1.67,3.65,5.33,1.65,3.82,5.99,Primera División,,20230203_Tigre_Rosario-Central,81.33105699706812,1.32,0.85,4,3,8,10,52.8,47.2,0,4,0,0,4,8
2023-02-04,Arsenal Sarandi,Estudiantes L.P.,1,1,3.65,3.08,2.16,3.92,3.11,2.19,Primera División,,20230204_Arsenal-Sarandi_Estudiantes-L.P.,-40.69158381412649,2.01,0.55,8,1,18,1,39.1,60.9,2,2,0,0,9,4
2023-02-04,Belgrano,River Plate,2,1,4.29,3.38,1.88,4.62,3.47,1.88,Primera División,,20230204_Belgrano_River-Plate,-158.0283380639769,0.23,0.6,2,2,3,6,51.7,48.3,0,1,0,0,6,4
2023-02-04,Sarmiento Junin,Barracas Central,3,5,1.9,3.24,4.46,1.88,3.3,4.96,Primera División,,20230204_Sarmiento-Junin_Barracas-Central,-18.854774247038222,1.32,1.42,5,5,12,12,51.0,49.0,1,1,0,0,5,5
2023-02-05,Argentinos Jrs,Racing Club,1,0,2.68,2.99,2.82,2.75,3.08,2.9,Primera División,,20230205_Argentinos-Jrs_Racing-Club,-81.49457904114934,1.03,0.05,4,1,7,4,45.5,54.5,1,3,0,0,3,3
2023-02-05,Boca Juniors,Central Cordoba,0,0,1.52,3.91,6.84,1.53,4.0,7.41,Primera División,,20230205_Boca-Juniors_Central-Cordoba,196.0437267831021,0.27,0.05,0,0,1,0,59.9,40.1,3,3,0,0,4,1
2023-02-05,Independiente,Platense,1,2,2.04,3.04,4.12,2.08,3.08,4.36,Primera División,,20230205_Independiente_Platense,71.75707428497844,0.22,1.35,1,6,4,13,54.8,45.2,2,2,0,0,2,7
2023-02-05,Lanus,San Lorenzo,2,1,2.85,2.7,2.94,2.93,2.73,3.08,Primera División,,20230205_Lanus_San-Lorenzo,-126.13117506969297,0.94,0.37,2,1,5,1,39.8,60.2,0,2,0,0,2,4
2023-02-06,Atl. Tucuman,Talleres Cordoba,0,2,2.64,2.93,2.93,2.63,2.93,3.21,Primera División,,20230206_Atl.-Tucuman_Talleres-Cordoba,16.469768368436917,0.18,0.64,0,4,0,10,44.8,55.2,3,0,0,0,2,7
2023-02-06,Gimnasia L.P.,Defensa y Justicia,0,2,2.78,3.11,2.64,2.89,3.09,2.76,Primera División,,20230206_Gimnasia-L.P._Defensa-y-Justicia,-52.21814873625067,0.36,0.96,1,3,3,7,43.2,56.8,4,1,0,0,0,6
2023-02-06,Godoy Cruz,Colon Santa Fe,1,0,2.07,3.31,3.64,2.04,3.36,4.05,Primera División,,20230206_Godoy-Cruz_Colon-Santa-Fe,27.308523536981056,0.48,0.95,2,4,4,10,48.8,51.2,3,1,0,0,4,4
2023-02-06,Union de Santa Fe,Instituto,0,2,2.38,3.03,3.22,2.47,2.98,3.42,Primera División,,20230206_Union-de-Santa-Fe_Instituto,-42.35806402733533,1.19,0.91,2,4,4,9,56.2,43.8,1,5,0,0,5,7
2023-02-07,Huracan,Banfield,3,2,1.94,3.21,4.28,1.93,3.23,4.79,Primera División,,20230207_Huracan_Banfield,116.33904534793282,1.8,1.06,6,5,14,11,53.2,46.8,1,1,0,0,8,4
2023-02-11,Central Cordoba,Belgrano,0,1,2.64,3.1,2.78,2.74,3.09,2.9,Primera División,,20230211_Central-Cordoba_Belgrano,-20.64988116210975,1.26,0.7,2,3,5,7,51.0,49.0,1,2,0,0,2,6
2023-02-11,Colon Santa Fe,Sarmiento Junin,0,2,2.03,3.31,3.76,2.06,3.33,4.0,Primera División,,20230211_Colon-Santa-Fe_Sarmiento-Junin,-21.15093241229488,0.86,1.5,3,3,6,5,51.6,48.4,0,2,0,0,6,5
2023-02-11,Defensa y Justicia,Newells Old Boys,1,0,2.36,3.02,3.26,2.43,3.08,3.37,Primera División,,20230211_Defensa-y-Justicia_Newells-Old-Boys,47.6577217774834,0.8,1.1,2,3,4,7,42.4,57.6,0,0,0,0,3,2
2023-02-11,Platense,Atl. Tucuman,1,1,2.61,2.91,2.98,2.71,2.97,3.06,Primera División,,20230211_Platense_Atl.-Tucuman,-30.259310101691653,1.54,0.36,5,2,11,5,48.8,51.2,1,0,0,0,9,5
2023-02-11,San Lorenzo,Godoy Cruz,1,0,2.18,3.01,3.69,2.23,3.01,3.95,Primera División,,20230211_San-Lorenzo_Godoy-Cruz,57.10764214589767,0.69,0.63,3,3,4,8,54.1,45.9,1,2,0,1,4,9
2023-02-12,Banfield,Gimnasia L.P.,0,0,2.01,3.09,4.19,2.0,3.17,4.54,Primera División,,20230212_Banfield_Gimnasia-L.P.,-47.98043544909274,1.52,0.43,4,1,8,1,52.4,47.6,0,0,0,0,6,4
2023-02-12,River Plate,Argentinos Jrs,2,1,1.87,3.35,4.39,1.85,3.47,4.81,Primera División,,20230212_River-Plate_Argentinos-Jrs,60.3261330098901,1.9,1.12,7,6,14,14,55.4,44.6,2,4,0,0,3,9
2023-02-12,Rosario Central,Arsenal Sarandi,2,1,1.75,3.43,5.07,1.71,3.59,5.73,Primera División,,20230212_Rosario-Central_Arsenal-Sarandi,43.39572872904591,1.4,0.93,4,2,10,3,46.6,53.4,0,2,0,0,8,3
2023-02-12,Talleres Cordoba,Boca Juniors,2,1,2.55,2.9,3.09,2.62,2.92,3.22,Primera División,,20230212_Talleres-Cordoba_Boca-Juniors,-141.4158118703117,0.77,0.17,2,1,3,3,43.9,56.1,0,1,0,1,2,4
2023-02-12,Velez Sarsfield,Independiente,0,0,2.26,3.01,3.5,2.29,3.09,3.66,Primera División,,20230212_Velez-Sarsfield_Independiente,-7.63234873662509,0.17,0.71,0,1,0,2,45.6,54.4,0,3,0,0,1,1
2023-02-13,Barracas Central,Union de Santa Fe,1,1,2.83,3.05,2.63,2.91,3.14,2.7,Primera División,,20230213_Barracas-Central_Union-de-Santa-Fe,47.76857772056724,0.89,1.16,3,4,8,8,51.5,48.5,3,1,0,0,8,11
2023-02-13,Estudiantes L.P.,Lanus,0,2,2.19,3.28,3.36,2.25,3.32,3.47,Primera División,,20230213_Estudiantes-L.P._Lanus,47.64540394789492,0.53,0.44,1,2,3,4,51.8,48.2,2,2,0,0,2,7
2023-02-13,Instituto,Huracan,0,0,2.69,2.91,2.89,2.77,2.96,3.0,Primera División,,20230213_Instituto_Huracan,-73.98925770208848,1.28,1.2,4,3,9,5,45.7,54.3,1,4,0,1,7,7
2023-02-13,Racing Club,Tigre,2,2,2.15,3.41,3.33,2.14,3.49,3.55,Primera División,,20230213_Racing-Club_Tigre,22.30564737318082,1.25,0.05,3,2,6,5,51.5,48.5,0,1,0,1,5,1
2023-02-17,Gimnasia L.P.,Instituto,2,0,3.21,2.83,2.53,3.54,2.74,2.68,Primera División,,20230217_Gimnasia-L.P._Instituto,-14.784695645402053,1.44,0.44,4,2,9,4,51.9,48.1,0,0,0,0,4,2
2023-02-18,Argentinos Jrs,Belgrano,3,0,1.8,3.29,4.93,1.84,3.36,5.15,Primera División,,20230218_Argentinos-Jrs_Belgrano,42.25658333148317,1.18,1.3,3,3,5,7,46.8,53.2,1,1,0,0,5,1
2023-02-18,Arsenal Sarandi,Racing Club,0,3,6.06,3.76,1.59,6.56,3.8,1.61,Primera División,,20230218_Arsenal-Sarandi_Racing-Club,-151.25426075907194,0.96,1.14,3,3,6,7,35.7,64.3,1,0,0,0,3,3
2023-02-18,Godoy Cruz,Estudiantes L.P.,0,1,2.41,3.12,3.07,2.48,3.12,3.23,Primera División,,20230218_Godoy-Cruz_Estudiantes-L.P.,-7.380863657562259,1.27,1.3,3,4,6,9,48.6,51.4,2,3,0,0,7,9
2023-02-18,Huracan,Barracas Central,2,0,1.53,3.97,6.44,1.54,4.03,7.07,Primera División,,20230218_Huracan_Barracas-Central,88.78915917152631,1.24,0.57,4,2,9,4,54.0,46.0,3,3,0,0,5,1
2023-02-18,Lanus,Rosario Central,3,0,2.19,3.0,3.71,2.17,3.09,4.01,Primera División,,20230218_Lanus_Rosario-Central,-50.02117710070115,1.39,0.36,5,2,11,4,47.2,52.8,0,1,0,0,12,6
2023-02-18,Tigre,River Plate,0,1,3.02,3.29,2.34,3.13,3.39,2.39,Primera División,,20230218_Tigre_River-Plate,-39.8333743259177,0.57,0.98,3,3,7,6,43.8,56.2,1,2,0,0,5,4
2023-02-19,Boca Juniors,Platense,3,1,1.78,3.32,5.11,1.82,3.17,5.83,Primera División,,20230219_Boca-Juniors_Platense,162.66835897011993,1.51,0.36,6,1,12,3,54.7,45.3,4,1,0,0,7,3
2023-02-19,Newells Old Boys,Banfield,2,0,2.29,2.94,3.5,2.32,2.9,3.89,Primera División,,20230219_Newells-Old-Boys_Banfield,60.949739778714275,0.62,1.48,3,7,6,16,56.2,43.8,1,5,0,0,5,6
2023-02-19,Union de Santa Fe,Colon Santa Fe,1,1,2.17,3.08,3.64,2.25,3.14,3.71,Primera División,,20230219_Union-de-Santa-Fe_Colon-Santa-Fe,27.84588844280779,0.72,0.19,4,1,10,2,48.7,51.3,1,4,0,0,3,2
2023-02-20,Independiente,Defensa y Justicia,0,2,2.09,3.11,3.82,2.15,3.16,3.97,Primera División,,20230220_Independiente_Defensa-y-Justicia,-76.8028478443407,0.09,1.21,0,4,0,8,50.2,49.8,4,2,0,0,4,10
2023-02-20,Sarmiento Junin,San Lorenzo,0,1,3.78,2.98,2.17,4.17,2.98,2.18,Primera División,,20230220_Sarmiento-Junin_San-Lorenzo,-84.15747383417124,0.33,0.34,1,2,3,6,49.5,50.5,6,0,0,0,5,3
2023-02-20,Talleres Cordoba,Central Cordoba,2,0,1.6,3.7,6.07,1.63,3.69,6.58,Primera División,,20230220_Talleres-Cordoba_Central-Cordoba,70.27974350690147,0.83,0.05,2,1,7,4,56.7,43.3,2,1,0,0,3,5
2023-02-21,Atl. Tucuman,Velez Sarsfield,1,1,2.45,2.86,3.3,2.54,2.86,3.45,Primera División,,20230221_Atl.-Tucuman_Velez-Sarsfield,-6.2839641040811784,1.27,0.47,3,1,7,3,47.7,52.3,2,2,0,0,3,1
2023-02-25,Belgrano,Tigre,0,2,2.83,3.1,2.59,2.91,3.14,2.7,Primera División,,20230225_Belgrano_Tigre,-82.54100215505287,0.29,1.17,1,2,1,3,48.0,52.0,4,1,0,0,3,6
2023-02-25,Estudiantes L.P.,Sarmiento Junin,1,1,1.71,3.53,5.25,1.75,3.51,5.58,Primera División,,20230225_Estudiantes-L.P._Sarmiento-Junin,35.23436594786676,1.35,0.22,4,1,5,1,51.1,48.9,3,0,0,0,2,2
2023-02-25,Platense,Talleres Cordoba,2,4,3.49,3.05,2.24,3.72,3.13,2.24,Primera División,,20230225_Platense_Talleres-Cordoba,-70.87954607356187,2.32,1.85,7,6,16,14,42.0,58.0,1,1,0,0,10,6
2023-02-25,Rosario Central,Godoy Cruz,1,0,2.44,2.99,3.15,2.48,3.01,3.36,Primera División,,20230225_Rosario-Central_Godoy-Cruz,35.05666831529152,0.94,1.28,2,4,3,9,50.4,49.6,3,3,0,1,5,4
2023-02-25,San Lorenzo,Union de Santa Fe,1,0,2.23,2.95,3.65,2.25,3.01,3.9,Primera División,,20230225_San-Lorenzo_Union-de-Santa-Fe,110.11182288355985,0.7,1.26,2,3,5,8,53.0,47.0,4,1,1,0,11,2
2023-02-26,Colon Santa Fe,Huracan,1,1,2.4,3.03,3.17,2.43,3.09,3.38,Primera División,,20230226_Colon-Santa-Fe_Huracan,-169.1632079534063,1.1,1.64,3,4,6,9,43.4,56.6,5,2,1,0,5,7
2023-02-26,Defensa y Justicia,Atl. Tucuman,3,0,2.08,3.22,3.71,2.09,3.25,4.01,Primera División,,20230226_Defensa-y-Justicia_Atl.-Tucuman,99.36470864861735,1.23,0.33,4,0,9,0,48.3,51.7,1,0,0,0,4,3
2023-02-26,River Plate,Arsenal Sarandi,1,2,1.2,6.43,14.15,1.2,6.65,16.04,Primera División,,20230226_River-Plate_Arsenal-Sarandi,188.0335546748695,1.53,1.33,5,4,10,9,58.5,41.5,1,3,1,0,7,4
2023-02-26,Velez Sarsfield,Boca Juniors,1,2,2.48,2.86,3.24,2.54,2.89,3.41,Primera División,,20230226_Velez-Sarsfield_Boca-Juniors,-135.18617344844802,0.74,0.6,2,2,7,5,43.3,56.7,1,3,0,0,3,7
2023-02-27,Banfield,Independiente,0,0,2.25,2.95,3.6,2.26,2.99,3.91,Primera División,,20230227_Banfield_Independiente,-53.0595272369294,1.46,0.05,3,1,7,2,46.7,53.3,2,3,0,0,3,4
2023-02-27,Barracas Central,Gimnasia L.P.,1,0,2.49,3.0,3.08,2.56,3.01,3.22,Primera División,,20230227_Barracas-Central_Gimnasia-L.P.,-26.559045108306236,0.58,1.05,3,3,7,5,46.0,54.0,1,1,0,0,4,4
2023-02-27,Instituto,Newells Old Boys,3,1,2.45,2.81,3.38,2.53,2.81,3.56,Primera División,,20230227_Instituto_Newells-Old-Boys,-23.904609751797352,1.54,1.52,6,3,13,8,44.7,55.3,0,1,0,0,3,3
2023-02-27,Racing Club,Lanus,2,1,1.85,3.52,4.24,1.86,3.55,4.62,Primera División,,20230227_Racing-Club_Lanus,130.22871696927768,0.87,0.78,3,3,7,6,49.6,50.4,4,1,0,0,3,4
2023-02-28,Central Cordoba,Argentinos Jrs,1,0,4.47,3.28,1.88,4.84,3.35,1.88,Primera División,,20230228_Central-Cordoba_Argentinos-Jrs,-105.63456019139608,0.89,0.55,4,1,8,2,45.9,54.1,0,1,0,0,7,3
2023-03-03,Sarmiento Junin,Rosario Central,4,1,2.73,2.96,2.77,2.85,3.05,2.82,Primera División,,20230303_Sarmiento-Junin_Rosario-Central,-49.00042689449697,1.62,0.94,4,3,8,6,48.8,51.2,2,3,0,0,2,1
2023-03-03,Union de Santa Fe,Estudiantes L.P.,2,0,2.39,2.99,3.21,2.51,3.08,3.23,Primera División,,20230303_Union-de-Santa-Fe_Estudiantes-L.P.,-49.99750951526016,1.09,0.48,4,1,10,3,45.5,54.5,0,0,0,0,5,5
2023-03-04,Gimnasia L.P.,Colon Santa Fe,0,0,2.4,3.02,3.15,2.44,3.09,3.34,Primera División,,20230304_Gimnasia-L.P._Colon-Santa-Fe,70.59983232939248,1.44,1.22,5,5,10,14,55.8,44.2,4,1,1,1,8,4
2023-03-04,Lanus,River Plate,0,2,3.93,3.25,1.99,4.18,3.33,2.02,Primera División,,20230304_Lanus_River-Plate,-142.61741008875742,1.19,1.6,3,4,4,7,44.6,55.4,3,0,0,0,3,5
2023-03-04,Platense,Central Cordoba,1,1,2.12,3.08,3.71,2.18,3.12,3.94,Primera División,,20230304_Platense_Central-Cordoba,-6.514792377272897,0.87,0.05,3,1,9,1,53.8,46.2,0,1,0,0,2,4
2023-03-05,Atl. Tucuman,Banfield,1,0,2.42,2.93,3.2,2.45,3.01,3.41,Primera División,,20230305_Atl.-Tucuman_Banfield,38.79990789786439,1.34,0.51,3,1,8,3,42.2,57.8,1,1,0,0,6,1
2023-03-05,Huracan,San Lorenzo,1,1,2.34,2.78,3.58,2.45,2.76,3.81,Primera División,,20230305_Huracan_San-Lorenzo,19.384682525987273,0.61,0.85,1,4,3,10,47.4,52.6,0,1,0,0,2,6
2023-03-05,Independiente,Instituto,2,2,2.36,2.93,3.34,2.44,2.95,3.52,Primera División,,20230305_Independiente_Instituto,-18.460840057053247,1.46,0.65,6,2,13,5,55.2,44.8,1,2,0,0,8,3
2023-03-05,Newells Old Boys,Barracas Central,1,0,1.71,3.4,5.43,1.73,3.48,5.84,Primera División,,20230305_Newells-Old-Boys_Barracas-Central,14.487806011231442,1.03,0.12,3,1,8,3,54.0,46.0,0,0,0,0,6,2
2023-03-06,Arsenal Sarandi,Belgrano,0,1,2.8,2.94,2.72,2.85,2.96,2.9,Primera División,,20230306_Arsenal-Sarandi_Belgrano,-17.270405021762144,0.8,1.3,2,5,5,11,50.0,50.0,3,3,0,0,4,4
2023-03-06,Godoy Cruz,Racing Club,2,0,3.04,3.08,2.44,3.09,3.17,2.54,Primera División,,20230306_Godoy-Cruz_Racing-Club,-161.1906551324837,1.59,1.07,4,4,9,6,42.4,57.6,2,1,0,0,4,3
2023-03-06,Talleres Cordoba,Velez Sarsfield,1,2,1.9,3.17,4.52,1.93,3.26,4.8,Primera División,,20230306_Talleres-Cordoba_Velez-Sarsfield,47.01749173212238,1.05,1.26,3,5,7,10,52.6,47.4,4,2,0,0,5,5
2023-03-06,Tigre,Argentinos Jrs,0,1,2.62,3.09,2.78,2.71,3.18,2.86,Primera División,,20230306_Tigre_Argentinos-Jrs,43.930750109404926,1.21,1.48,5,5,12,12,58.8,41.2,1,0,0,0,5,6
2023-03-07,Boca Juniors,Defensa y Justicia,0,0,1.79,3.38,4.79,1.8,3.44,5.27,Primera División,,20230307_Boca-Juniors_Defensa-y-Justicia,40.56574584760665,1.15,1.08,3,3,7,4,49.8,50.2,3,0,0,0,8,4
2023-03-10,Barracas Central,Independiente,1,1,3.13,3.2,2.31,3.24,3.29,2.38,Primera División,,20230310_Barracas-Central_Independiente,-9.90794162852876,1.02,1.44,5,4,10,9,46.8,53.2,3,1,0,0,5,8
2023-03-11,Argentinos Jrs,Arsenal Sarandi,1,1,1.41,4.31,8.16,1.42,4.48,8.93,Primera División,,20230311_Argentinos-Jrs_Arsenal-Sarandi,99.19710021308083,1.3,1.74,3,4,7,8,51.7,48.3,2,0,0,0,2,6
2023-03-11,Defensa y Justicia,Talleres Cordoba,1,1,3.05,3.23,2.35,3.22,3.29,2.39,Primera División,,20230311_Defensa-y-Justicia_Talleres-Cordoba,77.71782267368917,1.68,0.5,5,1,10,4,46.9,53.1,1,1,0,0,3,1
2023-03-11,Instituto,Atl. Tucuman,1,1,2.27,3.0,3.46,2.29,3.03,3.74,Primera División,,20230311_Instituto_Atl.-Tucuman,17.78101061019197,0.24,1.11,1,3,4,5,47.8,52.2,1,1,0,0,2,0
2023-03-11,San Lorenzo,Gimnasia L.P.,4,0,1.78,3.18,5.29,1.77,3.34,5.83,Primera División,,20230311_San-Lorenzo_Gimnasia-L.P.,71.41105126707907,1.26,0.62,4,5,8,11,49.9,50.1,2,2,0,0,5,7
2023-03-12,Belgrano,Lanus,0,0,2.94,2.93,2.6,3.11,2.96,2.67,Primera División,,20230312_Belgrano_Lanus,26.445203237232818,1.64,0.05,4,1,9,3,49.3,50.7,2,0,0,0,5,4
2023-03-12,Central Cordoba,Tigre,2,0,3.68,3.37,2.0,3.91,3.43,2.05,Primera División,,20230312_Central-Cordoba_Tigre,-105.20087229930391,1.83,1.06,3,4,7,9,51.3,48.7,1,0,0,1,3,3
2023-03-12,Estudiantes L.P.,Huracan,2,1,2.09,3.06,3.84,2.1,3.12,4.22,Primera División,,20230312_Estudiantes-L.P._Huracan,-109.18377465130607,1.4,1.31,5,3,11,5,42.4,57.6,2,2,0,0,6,4
2023-03-12,Racing Club,Sarmiento Junin,1,0,1.66,3.78,5.01,1.68,3.9,5.34,Primera División,,20230312_Racing-Club_Sarmiento-Junin,122.66705679587926,0.08,0.46,1,1,4,3,50.8,49.2,0,1,0,0,4,0
2023-03-12,River Plate,Godoy Cruz,3,0,1.47,4.26,6.57,1.49,4.37,7.21,Primera División,,20230312_River-Plate_Godoy-Cruz,148.31019485023853,2.28,1.66,6,4,14,9,57.4,42.6,1,0,0,0,10,3
2023-03-13,Banfield,Boca Juniors,1,0,3.08,2.93,2.5,3.3,2.99,2.53,Primera División,,20230313_Banfield_Boca-Juniors,-205.31838664421457,0.75,1.44,3,3,7,8,38.9,61.1,1,2,0,0,8,5
2023-03-13,Rosario Central,Union de Santa Fe,1,1,2.74,3.02,2.68,2.84,3.07,2.81,Primera División,,20230313_Rosario-Central_Union-de-Santa-Fe,38.79285179107001,0.87,1.37,4,4,9,9,45.2,54.8,5,0,0,0,4,9
2023-03-14,Colon Santa Fe,Newells Old Boys,1,1,2.92,2.99,2.59,3.05,3.09,2.62,Primera División,,20230314_Colon-Santa-Fe_Newells-Old-Boys,-93.45414553852424,1.37,0.75,4,4,11,9,56.5,43.5,3,1,0,0,6,10
2023-03-14,Velez Sarsfield,Platense,1,1,1.67,3.43,5.82,1.65,3.62,6.56,Primera División,,20230314_Velez-Sarsfield_Platense,56.42178062351354,1.75,1.13,5,3,10,8,50.2,49.8,1,4,0,0,9,5
2023-03-18,Arsenal Sarandi,Tigre,2,0,4.15,3.34,1.91,4.5,3.46,1.91,Primera División,,20230318_Arsenal-Sarandi_Tigre,-97.24691070343965,2.33,1.17,8,4,18,9,47.0,53.0,4,2,0,0,11,5
2023-03-18,Independiente,Colon Santa Fe,2,2,2.12,3.13,3.65,2.2,3.14,3.82,Primera División,,20230318_Independiente_Colon-Santa-Fe,62.380232974209775,1.35,1.18,4,4,6,9,56.6,43.4,2,0,0,0,4,4
2023-03-18,Platense,Defensa y Justicia,1,0,2.99,3.11,2.44,3.14,3.21,2.48,Primera División,,20230318_Platense_Defensa-y-Justicia,-149.35675121688587,0.79,0.64,2,1,5,2,38.5,61.5,2,1,0,0,6,2
2023-03-18,Union de Santa Fe,Racing Club,1,3,2.74,3.16,2.6,2.76,3.31,2.71,Primera División,,20230318_Union-de-Santa-Fe_Racing-Club,-146.41864636102218,0.67,1.31,1,5,2,10,45.4,54.6,0,1,0,0,3,5
2023-03-19,Atl. Tucuman,Barracas Central,1,1,1.7,3.62,5.0,1.7,3.81,5.34,Primera División,,20230319_Atl.-Tucuman_Barracas-Central,9.585223470144456,0.97,1.1,4,3,10,8,45.4,54.6,1,1,0,0,12,3
2023-03-19,Boca Juniors,Instituto,2,3,1.85,3.28,4.52,1.84,3.37,5.11,Primera División,,20230319_Boca-Juniors_Instituto,109.65320785905396,1.23,1.16,4,3,8,6,63.5,36.5,2,3,0,0,5,4
2023-03-19,Gimnasia L.P.,Estudiantes L.P.,2,1,3.2,3.09,2.33,3.46,3.18,2.33,Primera División,,20230319_Gimnasia-L.P._Estudiantes-L.P.,-5.493654804495918,1.17,1.36,3,3,6,8,53.2,46.8,1,1,0,0,3,6
2023-03-19,Godoy Cruz,Belgrano,3,1,2.06,3.0,4.05,2.16,3.0,4.22,Primera División,,20230319_Godoy-Cruz_Belgrano,-23.7271700328281,1.24,0.05,4,1,9,0,49.7,50.3,3,3,1,0,4,3
2023-03-20,Newells Old Boys,San Lorenzo,1,0,2.55,2.78,3.19,2.67,2.81,3.3,Primera División,,20230320_Newells-Old-Boys_San-Lorenzo,-56.46574819139323,0.05,0.05,1,1,4,3,44.8,55.2,3,4,0,0,4,4
2023-03-20,Sarmiento Junin,River Plate,0,2,5.48,3.73,1.63,6.13,3.91,1.62,Primera División,,20230320_Sarmiento-Junin_River-Plate,-159.2841142695952,0.05,0.36,0,2,0,3,47.1,52.9,0,0,0,0,2,3
2023-03-20,Talleres Cordoba,Banfield,0,1,1.74,3.34,5.31,1.7,3.48,6.15,Primera División,,20230320_Talleres-Cordoba_Banfield,74.09774666751582,1.02,0.05,4,1,9,4,60.9,39.1,1,1,0,0,6,5
2023-03-21,Huracan,Rosario Central,0,2,1.73,3.27,5.58,1.75,3.34,6.05,Primera División,,20230321_Huracan_Rosario-Central,78.64103914793054,0.56,0.98,1,3,1,6,56.2,43.8,2,2,0,0,4,4
2023-03-21,Lanus,Argentinos Jrs,0,0,2.99,2.89,2.6,3.17,2.91,2.67,Primera División,,20230321_Lanus_Argentinos-Jrs,-81.31630054020707,1.09,1.55,3,5,9,14,44.5,55.5,2,1,0,0,5,5
2023-03-22,Velez Sarsfield,Central Cordoba,4,0,1.8,3.22,5.02,1.83,3.27,5.59,Primera División,,20230322_Velez-Sarsfield_Central-Cordoba,32.898782111678884,2.92,1.19,9,3,19,8,55.2,44.8,1,2,0,0,5,2
2023-03-31,Argentinos Jrs,Godoy Cruz,3,0,1.61,3.55,6.16,1.65,3.6,6.5,Primera División,,20230331_Argentinos-Jrs_Godoy-Cruz,64.8448995820986,1.84,0.91,6,2,12,3,51.7,48.3,3,4,0,0,7,1
2023-03-31,Defensa y Justicia,Velez Sarsfield,0,0,2.61,2.99,2.89,2.7,2.99,3.04,Primera División,,20230331_Defensa-y-Justicia_Velez-Sarsfield,69.06875971118052,1.84,1.03,7,4,13,11,53.6,46.4,1,0,0,0,5,4
2023-03-31,Estudiantes L.P.,Newells Old Boys,3,0,2.36,2.96,3.3,2.47,2.96,3.44,Primera División,,20230331_Estudiantes-L.P._Newells-Old-Boys,-54.71005286163131,1.51,0.05,5,1,10,0,48.5,51.5,3,2,0,0,5,0
2023-03-31,Rosario Central,Gimnasia L.P.,3,1,2.24,3.04,3.47,2.27,3.15,3.63,Primera División,,20230331_Rosario-Central_Gimnasia-L.P.,7.214073848387443,1.48,1.19,3,4,9,10,45.7,54.3,1,1,0,0,4,7
2023-04-01,Barracas Central,Boca Juniors,0,3,4.05,3.24,1.97,4.34,3.34,1.98,Primera División,,20230401_Barracas-Central_Boca-Juniors,-119.79491088792474,0.05,2.32,1,8,2,20,40.8,59.2,1,2,0,0,2,5
2023-04-01,Racing Club,Huracan,2,1,2.17,3.1,3.55,2.22,3.16,3.73,Primera División,,20230401_Racing-Club_Huracan,53.54652045645548,1.6,1.31,7,5,15,11,51.6,48.4,0,1,0,0,3,4
2023-04-01,River Plate,Union de Santa Fe,1,0,1.38,4.58,8.37,1.4,4.73,9.71,Primera División,,20230401_River-Plate_Union-de-Santa-Fe,181.2503833332146,1.73,0.29,6,0,14,1,51.3,48.7,1,1,0,0,7,4
2023-04-01,San Lorenzo,Independiente,0,0,2.22,2.84,3.82,2.31,2.82,4.05,Primera División,,20230401_San-Lorenzo_Independiente,69.4338039141519,0.7,0.89,3,2,5,6,57.3,42.7,0,1,0,0,6,2
2023-04-02,Colon Santa Fe,Atl. Tucuman,0,0,2.42,3.08,3.06,2.51,3.09,3.21,Primera División,,20230402_Colon-Santa-Fe_Atl.-Tucuman,-60.27908762645825,0.05,0.66,0,1,1,5,54.7,45.3,1,6,0,0,3,6
2023-04-02,Instituto,Talleres Cordoba,0,3,2.95,3.0,2.55,3.08,3.06,2.62,Primera División,,20230402_Instituto_Talleres-Cordoba,15.020974438568828,0.2,1.5,0,3,0,6,53.5,46.5,0,2,1,0,2,2
2023-04-02,Tigre,Lanus,2,1,2.23,3.22,3.27,2.3,3.27,3.43,Primera División,,20230402_Tigre_Lanus,68.00596530471012,1.67,1.28,7,4,15,9,53.3,46.7,3,3,0,0,4,5
2023-04-03,Banfield,Platense,0,2,1.94,3.18,4.24,1.96,3.31,4.49,Primera División,,20230403_Banfield_Platense,0.48040472550678714,1.3,1.21,4,4,7,8,54.5,45.5,1,1,0,0,6,5
2023-04-04,Belgrano,Sarmiento Junin,0,0,2.1,3.0,3.94,2.13,3.07,4.19,Primera División,,20230404_Belgrano_Sarmiento-Junin,14.401822957659988,0.91,0.17,2,0,2,0,40.5,59.5,0,2,0,0,5,3
2023-04-04,Central Cordoba,Arsenal Sarandi,1,0,2.03,3.18,3.91,2.01,3.28,4.3,Primera División,,20230404_Central-Cordoba_Arsenal-Sarandi,-3.042018180731475,0.77,1.37,2,5,4,10,53.4,46.6,1,4,0,0,6,4
2023-04-07,Lanus,Arsenal Sarandi,3,0,1.55,3.72,6.55,1.55,3.83,7.51,Primera División,,20230407_Lanus_Arsenal-Sarandi,1.1178279795005892,1.39,0.41,4,2,10,5,51.4,48.6,2,2,0,0,2,2
2023-04-07,Platense,Instituto,1,0,2.66,2.89,2.92,2.78,2.88,3.07,Primera División,,20230407_Platense_Instituto,-36.02177643467485,1.12,0.18,4,0,10,0,48.9,51.1,3,0,1,0,5,0
2023-04-08,Gimnasia L.P.,Racing Club,3,1,3.48,3.18,2.16,3.76,3.28,2.16,Primera División,,20230408_Gimnasia-L.P._Racing-Club,-131.97615635696843,1.26,1.47,5,7,11,16,45.2,54.8,1,5,0,0,9,9
2023-04-08,Sarmiento Junin,Argentinos Jrs,2,0,3.8,3.02,2.13,3.83,3.08,2.23,Primera División,,20230408_Sarmiento-Junin_Argentinos-Jrs,-90.44487208194187,1.28,0.33,3,0,6,0,45.7,54.3,2,2,0,0,2,1
2023-04-08,Talleres Cordoba,Barracas Central,3,0,1.34,4.87,9.14,1.35,5.1,9.81,Primera División,,20230408_Talleres-Cordoba_Barracas-Central,46.990879464563704,0.76,0.82,4,2,9,4,55.0,45.0,0,2,0,0,4,4
2023-04-08,Union de Santa Fe,Belgrano,0,3,2.26,2.97,3.49,2.36,3.0,3.62,Primera División,,20230408_Union-de-Santa-Fe_Belgrano,-28.41481302846728,0.59,1.63,1,6,3,14,43.9,56.1,3,1,0,0,4,4
2023-04-08,Velez Sarsfield,Banfield,3,3,2.1,2.91,4.09,2.14,2.99,4.28,Primera División,,20230408_Velez-Sarsfield_Banfield,60.45342291855923,0.81,0.76,3,3,5,9,50.9,49.1,1,2,0,1,5,8
2023-04-09,Atl. Tucuman,San Lorenzo,1,3,2.44,2.82,3.34,2.54,2.83,3.49,Primera División,,20230409_Atl.-Tucuman_San-Lorenzo,-66.9661792882082,0.88,2.06,2,6,4,13,43.3,56.7,2,1,0,0,1,12
2023-04-09,Defensa y Justicia,Central Cordoba,1,2,2.05,3.24,3.75,2.02,3.33,4.19,Primera División,,20230409_Defensa-y-Justicia_Central-Cordoba,109.24206352352758,1.86,1.22,7,3,16,6,53.3,46.7,0,1,0,0,11,5
2023-04-09,Godoy Cruz,Tigre,1,1,2.42,3.2,2.95,2.47,3.28,3.08,Primera División,,20230409_Godoy-Cruz_Tigre,-76.51801496134658,1.66,1.51,7,3,15,5,49.9,50.1,3,4,0,0,7,8
2023-04-09,Huracan,River Plate,0,3,4.24,3.29,1.91,4.48,3.35,1.95,Primera División,,20230409_Huracan_River-Plate,-90.35054005745155,0.15,0.76,0,3,0,8,47.7,52.3,2,0,0,0,2,2
2023-04-09,Independiente,Estudiantes L.P.,1,2,3.33,2.93,2.36,3.7,3.02,2.31,Primera División,,20230409_Independiente_Estudiantes-L.P.,2.3680451561140217,1.65,1.3,5,2,10,2,46.6,53.4,0,2,0,0,7,2
2023-04-09,Newells Old Boys,Rosario Central,0,0,2.06,3.03,4.0,2.1,3.07,4.32,Primera División,,20230409_Newells-Old-Boys_Rosario-Central,2.985153508857138,0.99,0.47,2,1,2,1,49.7,50.3,5,1,0,0,3,5
2023-04-10,Boca Juniors,Colon Santa Fe,1,2,1.7,3.58,5.13,1.74,3.63,5.42,Primera División,,20230410_Boca-Juniors_Colon-Santa-Fe,177.10836288433325,1.01,0.87,4,5,10,11,53.7,46.3,3,1,0,0,11,4
2023-04-11,Argentinos Jrs,Union de Santa Fe,5,1,1.46,4.04,7.63,1.4,4.64,9.03,Primera División,,20230411_Argentinos-Jrs_Union-de-Santa-Fe,101.41775283580819,2.55,1.75,8,5,16,9,47.1,52.9,1,1,0,0,10,9
2023-04-11,Barracas Central,Platense,1,0,3.48,3.06,2.23,3.71,3.07,2.28,Primera División,,20230411_Barracas-Central_Platense,-24.579637618431207,0.47,0.69,2,2,4,4,56.5,43.5,1,2,0,0,6,6
2023-04-12,Banfield,Defensa y Justicia,0,3,2.22,3.21,3.31,2.25,3.27,3.52,Primera División,,20230412_Banfield_Defensa-y-Justicia,-107.09231100398324,0.49,2.17,3,7,4,14,44.6,55.4,3,1,0,0,3,8
2023-04-12,Belgrano,Huracan,2,0,2.56,2.82,3.13,2.53,2.85,3.5,Primera División,,20230412_Belgrano_Huracan,-55.02046135848991,1.78,0.4,6,1,15,2,53.0,47.0,0,0,0,0,10,2
2023-04-12,Central Cordoba,Lanus,1,1,2.72,2.92,2.83,2.83,2.97,2.92,Primera División,,20230412_Central-Cordoba_Lanus,23.742368089525144,0.37,0.85,1,3,3,7,50.5,49.5,0,1,0,0,3,4
2023-04-12,Instituto,Velez Sarsfield,1,0,2.86,2.86,2.74,3.0,2.86,2.86,Primera División,,20230412_Instituto_Velez-Sarsfield,-12.051407651308864,0.72,0.05,2,1,5,2,57.9,42.1,2,2,0,0,1,2
2023-04-12,Racing Club,Newells Old Boys,0,1,1.75,3.48,4.89,1.76,3.62,5.24,Primera División,,20230412_Racing-Club_Newells-Old-Boys,82.02728017713093,0.62,0.93,4,2,7,5,53.5,46.5,3,1,0,0,10,6
2023-04-12,San Lorenzo,Boca Juniors,1,0,2.67,2.76,3.0,2.79,2.82,3.13,Primera División,,20230412_San-Lorenzo_Boca-Juniors,-26.633364762338488,0.87,0.85,3,3,6,6,50.3,49.7,1,2,0,0,8,14
2023-04-13,Arsenal Sarandi,Godoy Cruz,2,3,2.79,2.85,2.82,2.86,2.89,2.97,Primera División,,20230413_Arsenal-Sarandi_Godoy-Cruz,-26.52949518374885,2.32,1.12,10,3,20,9,49.4,50.6,3,3,0,0,12,5
2023-04-13,Colon Santa Fe,Talleres Cordoba,2,2,3.01,3.16,2.4,3.06,3.3,2.48,Primera División,,20230413_Colon-Santa-Fe_Talleres-Cordoba,-81.0161481646337,0.85,0.85,2,3,4,8,45.6,54.4,0,2,0,0,2,8
2023-04-13,Estudiantes L.P.,Atl. Tucuman,0,0,1.87,3.29,4.44,1.92,3.3,4.76,Primera División,,20230413_Estudiantes-L.P._Atl.-Tucuman,21.694879445702327,0.88,0.82,1,1,2,4,50.0,50.0,4,4,1,0,2,3
2023-04-13,River Plate,Gimnasia L.P.,3,0,1.16,7.41,16.44,1.16,7.91,18.1,Primera División,,20230413_River-Plate_Gimnasia-L.P.,141.0469144265328,1.2,1.4,4,4,10,9,55.6,44.4,0,4,0,0,4,6
2023-04-13,Rosario Central,Independiente,1,0,2.08,3.02,3.94,2.07,3.1,4.39,Primera División,,20230413_Rosario-Central_Independiente,33.79343695628654,1.34,0.94,4,4,8,9,50.2,49.8,2,1,0,0,9,4
2023-04-14,Tigre,Sarmiento Junin,1,0,1.8,3.39,4.71,1.87,3.33,4.98,Primera División,,20230414_Tigre_Sarmiento-Junin,64.88994399405647,1.01,1.2,4,5,7,11,53.4,46.6,1,1,0,0,3,8
2023-04-15,Boca Juniors,Estudiantes L.P.,0,1,2.45,3.02,3.09,2.53,3.05,3.24,Primera División,,20230415_Boca-Juniors_Estudiantes-L.P.,79.16550622400541,0.15,1.52,1,5,2,10,58.9,41.1,1,3,0,0,6,9
2023-04-15,Defensa y Justicia,Instituto,1,0,2.14,3.09,3.66,2.24,3.18,3.67,Primera División,,20230415_Defensa-y-Justicia_Instituto,58.82257444739275,0.4,0.05,1,1,3,3,51.6,48.4,0,1,0,0,2,1
2023-04-16,Gimnasia L.P.,Belgrano,0,2,2.76,2.98,2.72,2.84,3.09,2.8,Primera División,,20230416_Gimnasia-L.P._Belgrano,0.9557675321075294,0.47,0.59,2,2,5,4,54.2,45.8,3,1,0,0,3,2
2023-04-16,Huracan,Argentinos Jrs,0,0,3.08,2.92,2.51,3.26,2.94,2.6,Primera División,,20230416_Huracan_Argentinos-Jrs,-18.418917914488475,0.05,0.51,1,1,3,3,48.9,51.1,2,4,0,0,1,2
2023-04-16,Independiente,Racing Club,1,1,3.28,3.02,2.33,3.35,3.12,2.41,Primera División,,20230416_Independiente_Racing-Club,-114.65452139664603,0.8,0.99,3,3,5,6,51.6,48.4,0,0,0,0,1,4
2023-04-16,Newells Old Boys,River Plate,0,1,4.19,3.19,1.95,4.5,3.28,1.97,Primera División,,20230416_Newells-Old-Boys_River-Plate,-116.39792410040695,0.87,0.34,3,1,7,2,40.5,59.5,4,0,0,0,5,3
2023-04-16,Union de Santa Fe,Tigre,0,0,2.35,3.17,3.07,2.42,3.25,3.2,Primera División,,20230416_Union-de-Santa-Fe_Tigre,-124.3509775864436,0.96,1.0,4,1,6,4,44.1,55.9,0,1,0,0,5,0
2023-04-16,Velez Sarsfield,Barracas Central,0,0,1.55,3.69,6.74,1.56,3.8,7.46,Primera División,,20230416_Velez-Sarsfield_Barracas-Central,20.90979208709109,0.74,0.05,3,1,6,2,49.9,50.1,1,1,0,1,5,4
2023-04-17,Banfield,Central Cordoba,1,0,2.18,3.0,3.67,2.24,3.02,3.9,Primera División,,20230417_Banfield_Central-Cordoba,-36.75245901210451,0.5,1.04,2,4,4,7,46.4,53.6,2,1,0,0,1,6
2023-04-17,Platense,Colon Santa Fe,0,0,2.49,3.05,2.99,2.53,3.1,3.17,Primera División,,20230417_Platense_Colon-Santa-Fe,22.235173952887862,0.59,1.27,2,4,3,9,51.1,48.9,0,1,0,0,4,3
2023-04-17,Sarmiento Junin,Arsenal Sarandi,1,0,1.99,3.14,4.09,2.0,3.22,4.47,Primera División,,20230417_Sarmiento-Junin_Arsenal-Sarandi,34.2567203943122,0.77,1.39,1,4,3,6,51.8,48.2,1,0,0,0,1,3
2023-04-17,Talleres Cordoba,San Lorenzo,0,0,2.12,2.95,3.92,2.21,2.98,4.08,Primera División,,20230417_Talleres-Cordoba_San-Lorenzo,-49.85132256657039,0.09,0.12,0,0,1,0,49.8,50.2,2,1,1,0,4,2
2023-04-18,Atl. Tucuman,Rosario Central,2,2,2.23,3.09,3.41,2.24,3.15,3.7,Primera División,,20230418_Atl.-Tucuman_Rosario-Central,-43.780926001452826,1.29,0.05,3,2,6,6,43.7,56.3,0,0,0,0,2,5
2023-04-18,Godoy Cruz,Lanus,4,4,2.6,2.92,2.97,2.7,2.98,3.05,Primera División,,20230418_Godoy-Cruz_Lanus,11.755605893528354,2.3,0.82,9,4,20,7,51.2,48.8,1,3,0,0,5,6
2023-04-22,Arsenal Sarandi,Union de Santa Fe,2,1,2.95,3.0,2.55,3.1,3.07,2.6,Primera División,,20230422_Arsenal-Sarandi_Union-de-Santa-Fe,-9.305755403215926,0.59,0.87,2,2,4,7,50.6,49.4,2,2,0,0,2,2
2023-04-22,Colon Santa Fe,Velez Sarsfield,2,1,2.1,3.13,3.78,2.12,3.15,4.07,Primera División,,20230422_Colon-Santa-Fe_Velez-Sarsfield,-42.772145747078866,1.37,1.16,5,3,9,6,46.6,53.4,1,2,0,0,8,1
2023-04-22,Lanus,Sarmiento Junin,2,1,1.78,3.33,4.97,1.78,3.38,5.61,Primera División,,20230422_Lanus_Sarmiento-Junin,-7.726635090853961,0.73,1.3,2,3,6,8,50.5,49.5,1,1,0,0,3,4
2023-04-23,Belgrano,Newells Old Boys,1,0,2.42,2.83,3.35,2.48,2.88,3.53,Primera División,,20230423_Belgrano_Newells-Old-Boys,-20.207036098818662,0.79,0.42,3,2,4,3,57.1,42.9,4,1,0,0,3,0
2023-04-23,Central Cordoba,Godoy Cruz,0,2,2.46,3.02,3.06,2.52,3.08,3.22,Primera División,,20230423_Central-Cordoba_Godoy-Cruz,-2.5095562647006773,1.02,1.25,4,4,12,10,48.5,51.5,2,1,0,0,3,8
2023-04-23,Estudiantes L.P.,Talleres Cordoba,1,0,2.3,3.03,3.34,2.22,3.14,3.78,Primera División,,20230423_Estudiantes-L.P._Talleres-Cordoba,-15.539153436552397,1.54,0.05,4,0,9,0,51.0,49.0,0,2,0,0,4,0
2023-04-23,Instituto,Banfield,1,1,2.13,3.0,3.85,2.09,3.08,4.34,Primera División,,20230423_Instituto_Banfield,41.84556794579794,1.28,0.77,5,2,12,4,49.0,51.0,2,3,0,1,6,5
2023-04-23,Rosario Central,Boca Juniors,2,2,2.76,2.98,2.72,2.88,3.01,2.83,Primera División,,20230423_Rosario-Central_Boca-Juniors,-42.39903946292566,1.55,1.83,5,6,11,13,50.7,49.3,1,1,0,0,7,10
2023-04-23,San Lorenzo,Platense,1,0,1.96,2.97,4.58,2.02,3.02,4.78,Primera División,,20230423_San-Lorenzo_Platense,102.19201914926748,1.25,1.1,3,5,9,11,53.0,47.0,1,4,0,0,4,7
2023-04-24,Barracas Central,Defensa y Justicia,0,2,3.42,3.22,2.17,3.46,3.38,2.23,Primera División,,20230424_Barracas-Central_Defensa-y-Justicia,-101.7793111507267,1.32,1.46,5,4,12,8,52.6,47.4,3,5,0,0,8,3
2023-04-24,Racing Club,Atl. Tucuman,1,3,1.77,3.51,4.71,1.88,3.47,4.66,Primera División,,20230424_Racing-Club_Atl.-Tucuman,97.64258477682642,1.47,1.58,5,4,13,9,58.3,41.7,2,5,0,1,2,7
2023-04-24,River Plate,Independiente,2,0,1.32,5.09,9.29,1.33,5.42,10.05,Primera División,,20230424_River-Plate_Independiente,182.8898596179488,1.42,0.43,4,1,9,2,61.2,38.8,0,3,0,0,4,1
2023-04-25,Argentinos Jrs,Gimnasia L.P.,2,4,1.39,4.57,8.13,1.39,4.82,9.17,Primera División,,20230425_Argentinos-Jrs_Gimnasia-L.P.,56.111828435221696,0.96,1.1,3,4,6,8,52.9,47.1,1,2,0,0,5,5
2023-04-25,Tigre,Huracan,1,0,2.38,2.99,3.34,2.39,3.02,3.52,Primera División,,20230425_Tigre_Huracan,19.409366496339544,1.38,0.05,4,2,8,4,56.1,43.9,1,4,0,0,3,5
2023-04-28,Huracan,Arsenal Sarandi,2,1,1.73,3.48,5.07,1.74,3.62,5.45,Primera División,,20230428_Huracan_Arsenal-Sarandi,82.35477177660323,0.6,1.83,2,5,4,11,56.3,43.7,3,0,0,0,8,6
2023-04-28,Newells Old Boys,Argentinos Jrs,0,0,2.57,2.91,3.09,2.38,2.95,3.66,Primera División,,20230428_Newells-Old-Boys_Argentinos-Jrs,-11.570320529669743,0.98,0.63,4,3,9,9,52.8,47.2,0,3,0,0,6,3
2023-04-28,Platense,Estudiantes L.P.,1,2,3.55,2.85,2.31,3.65,2.92,2.4,Primera División,,20230428_Platense_Estudiantes-L.P.,-61.32685296900013,1.2,1.06,4,2,9,6,46.2,53.8,2,0,0,0,5,6
2023-04-28,Sarmiento Junin,Godoy Cruz,1,1,2.32,3.02,3.29,2.41,3.07,3.41,Primera División,,20230428_Sarmiento-Junin_Godoy-Cruz,-27.397381099857057,1.09,1.23,4,5,10,9,54.2,45.8,0,5,0,1,4,6
2023-04-29,Atl. Tucuman,River Plate,1,1,3.43,3.35,2.11,3.54,3.42,2.18,Primera División,,20230429_Atl.-Tucuman_River-Plate,-164.44459752715125,0.14,2.08,1,7,2,15,41.8,58.2,1,4,0,0,1,10
2023-04-29,Banfield,Barracas Central,0,0,1.88,3.31,4.33,1.96,3.26,4.57,Primera División,,20230429_Banfield_Barracas-Central,-8.84366014852344,1.12,0.48,3,1,7,3,44.2,55.8,0,2,0,0,3,1
2023-04-29,Gimnasia L.P.,Tigre,1,1,2.97,3.21,2.41,3.21,3.34,2.37,Primera División,,20230429_Gimnasia-L.P._Tigre,-55.78238307818992,1.22,0.83,4,4,9,9,45.2,54.8,2,2,0,0,5,2
2023-04-29,Instituto,Central Cordoba,0,2,1.9,3.27,4.26,1.95,3.34,4.49,Primera División,,20230429_Instituto_Central-Cordoba,42.09742957245339,0.66,0.34,1,2,1,5,57.3,42.7,0,0,0,0,1,1
2023-04-29,Velez Sarsfield,San Lorenzo,0,0,2.82,2.72,2.91,3.01,2.75,2.97,Primera División,,20230429_Velez-Sarsfield_San-Lorenzo,-102.15986441269865,1.02,0.91,4,2,10,4,45.9,54.1,1,1,0,0,10,5
2023-04-30,Boca Juniors,Racing Club,3,1,2.59,3.13,2.8,2.71,3.18,2.87,Primera División,,20230430_Boca-Juniors_Racing-Club,-0.6417911418575386,1.48,1.22,4,6,10,15,51.3,48.7,1,2,0,0,5,12
2023-04-30,Defensa y Justicia,Colon Santa Fe,2,0,2.01,3.41,3.67,2.0,3.53,3.98,Primera División,,20230430_Defensa-y-Justicia_Colon-Santa-Fe,120.19633025623807,1.42,0.92,6,4,13,7,50.6,49.4,2,3,0,0,9,6
2023-04-30,Independiente,Belgrano,2,0,2.49,2.9,3.14,2.49,2.94,3.43,Primera División,,20230430_Independiente_Belgrano,-48.94313779207869,0.59,0.56,2,2,4,3,44.6,55.4,3,1,0,0,3,1
2023-05-01,Talleres Cordoba,Rosario Central,3,1,1.93,3.28,4.13,1.96,3.39,4.35,Primera División,,20230501_Talleres-Cordoba_Rosario-Central,-5.8449992261389525,1.82,1.3,4,5,9,10,43.0,57.0,1,3,0,0,1,5
2023-05-05,Barracas Central,Instituto,3,0,3.09,3.0,2.47,3.22,3.01,2.56,Primera División,,20230505_Barracas-Central_Instituto,-16.983678268001995,1.76,0.14,5,1,10,1,53.7,46.3,0,1,0,0,8,2
2023-05-05,Godoy Cruz,Union de Santa Fe,0,0,2.13,3.22,3.54,2.21,3.25,3.65,Primera División,,20230505_Godoy-Cruz_Union-de-Santa-Fe,73.09980690987322,1.47,0.52,6,1,14,2,53.3,46.7,2,3,0,0,6,2
2023-05-06,Belgrano,Atl. Tucuman,1,0,2.37,2.98,3.29,2.38,3.0,3.57,Primera División,,20230506_Belgrano_Atl.-Tucuman,-0.8889270194547407,1.29,0.05,4,0,7,0,44.5,55.5,6,2,0,0,3,2
2023-05-06,Colon Santa Fe,Banfield,2,0,2.18,3.12,3.52,2.22,3.16,3.77,Primera División,,20230506_Colon-Santa-Fe_Banfield,-0.7215869015822136,1.69,1.93,4,7,7,14,56.0,44.0,1,0,0,0,2,6
2023-05-06,Lanus,Huracan,1,0,2.31,2.93,3.45,2.41,2.94,3.58,Primera División,,20230506_Lanus_Huracan,-43.44559507065287,0.83,0.65,3,3,7,8,50.2,49.8,2,2,0,0,3,4
2023-05-07,Argentinos Jrs,Independiente,2,2,1.86,3.36,4.41,1.87,3.44,4.78,Primera División,,20230507_Argentinos-Jrs_Independiente,41.247394213226926,1.64,2.09,6,6,11,13,44.8,55.2,2,3,0,0,2,4
2023-05-07,River Plate,Boca Juniors,1,0,1.65,3.79,5.19,1.64,4.06,5.52,Primera División,,20230507_River-Plate_Boca-Juniors,80.70397383217755,1.17,0.75,3,3,5,6,45.7,54.3,3,2,0,0,6,4
2023-05-07,Rosario Central,Platense,4,0,2.03,3.11,4.03,2.02,3.18,4.45,Primera División,,20230507_Rosario-Central_Platense,55.34002711420453,1.28,1.61,4,5,11,9,63.9,36.1,1,0,0,0,4,3
2023-05-08,Arsenal Sarandi,Gimnasia L.P.,0,1,2.26,3.15,3.28,2.4,3.26,3.23,Primera División,,20230508_Arsenal-Sarandi_Gimnasia-L.P.,-79.76033475369036,0.78,0.83,2,3,3,6,46.7,53.3,2,3,1,0,6,4
2023-05-08,Estudiantes L.P.,Velez Sarsfield,2,0,1.92,3.09,4.57,1.96,3.14,4.86,Primera División,,20230508_Estudiantes-L.P._Velez-Sarsfield,50.63049563207369,1.06,0.95,2,4,3,9,44.7,55.3,1,4,0,0,1,6
2023-05-08,Racing Club,Talleres Cordoba,2,4,2.76,3.06,2.69,2.86,2.98,2.88,Primera División,,20230508_Racing-Club_Talleres-Cordoba,21.747434141829444,0.69,0.67,2,4,4,9,49.8,50.2,2,1,1,0,4,5
2023-05-08,San Lorenzo,Defensa y Justicia,0,0,2.17,2.98,3.75,2.19,3.02,4.04,Primera División,,20230508_San-Lorenzo_Defensa-y-Justicia,-13.640886255533815,0.99,0.49,3,2,5,5,50.3,49.7,2,1,0,0,3,4
2023-05-08,Tigre,Newells Old Boys,2,2,2.3,2.96,3.42,2.32,3.01,3.7,Primera División,,20230508_Tigre_Newells-Old-Boys,36.773844581413414,1.77,2.56,5,7,10,15,45.4,54.6,5,2,0,0,2,10
2023-05-09,Central Cordoba,Sarmiento Junin,0,1,2.33,2.99,3.32,2.4,3.04,3.48,Primera División,,20230509_Central-Cordoba_Sarmiento-Junin,13.563780102728742,0.93,1.3,4,3,8,7,50.2,49.8,3,1,0,0,6,3
2023-05-13,Atl. Tucuman,Argentinos Jrs,1,2,3.11,3.04,2.42,3.31,3.03,2.49,Primera División,,20230513_Atl.-Tucuman_Argentinos-Jrs,-29.38673747531243,1.09,0.05,2,2,3,4,51.5,48.5,3,2,0,0,1,5
2023-05-13,Banfield,San Lorenzo,1,2,2.98,2.78,2.72,3.06,2.81,2.86,Primera División,,20230513_Banfield_San-Lorenzo,-134.3429226220801,1.81,1.27,7,5,16,10,48.8,51.2,1,2,0,0,4,5
2023-05-13,Huracan,Godoy Cruz,0,0,2.16,3.0,3.68,2.11,2.99,3.71,Primera División,,20230513_Huracan_Godoy-Cruz,22.79492920046141,0.54,0.88,1,4,1,10,51.0,49.0,0,0,0,0,1,3
2023-05-13,Independiente,Tigre,2,1,2.67,3.05,2.77,2.75,3.1,2.89,Primera División,,20230513_Independiente_Tigre,-64.56649166281727,2.2,0.71,7,5,16,10,50.6,49.4,2,3,0,0,11,5
2023-05-14,Boca Juniors,Belgrano,2,0,1.72,3.46,5.27,1.78,3.44,5.41,Primera División,,20230514_Boca-Juniors_Belgrano,52.75632227617484,1.67,1.96,6,4,12,9,47.0,53.0,5,1,0,0,12,5
2023-05-14,Defensa y Justicia,Estudiantes L.P.,1,1,3.01,3.03,2.49,3.12,3.13,2.55,Primera División,,20230514_Defensa-y-Justicia_Estudiantes-L.P.,47.575429053234984,1.56,1.69,3,5,7,10,55.4,44.6,4,1,1,0,2,9
2023-05-14,Instituto,Colon Santa Fe,1,0,2.33,3.1,3.21,2.4,3.1,3.4,Primera División,,20230514_Instituto_Colon-Santa-Fe,1.3271074458682506,0.42,0.72,3,1,6,1,50.4,49.6,1,1,0,0,5,2
2023-05-14,Newells Old Boys,Arsenal Sarandi,2,0,1.65,3.45,5.97,1.64,3.65,6.57,Primera División,,20230514_Newells-Old-Boys_Arsenal-Sarandi,105.50630800387898,2.31,0.05,7,1,14,2,48.5,51.5,0,1,1,0,10,2
2023-05-14,Platense,Racing Club,3,0,3.21,3.03,2.38,3.27,3.13,2.45,Primera División,,20230514_Platense_Racing-Club,-93.00065691179157,0.75,1.62,3,4,4,7,41.9,58.1,3,2,0,0,7,6
2023-05-15,Barracas Central,Central Cordoba,2,2,2.34,3.06,3.25,2.35,3.13,3.45,Primera División,,20230515_Barracas-Central_Central-Cordoba,23.274278953494786,0.81,0.71,3,2,7,6,50.7,49.3,5,1,0,0,4,3
2023-05-15,Gimnasia L.P.,Lanus,1,0,3.25,2.96,2.4,3.39,3.02,2.46,Primera División,,20230515_Gimnasia-L.P._Lanus,18.235606739839795,0.64,0.91,6,3,13,6,45.5,54.5,2,1,0,0,6,5
2023-05-15,Talleres Cordoba,River Plate,2,1,3.24,3.31,2.21,3.27,3.36,2.33,Primera División,,20230515_Talleres-Cordoba_River-Plate,-122.36545724177131,1.71,0.72,6,2,13,6,49.3,50.7,0,4,0,0,7,2
2023-05-15,Union de Santa Fe,Sarmiento Junin,0,2,2.16,3.15,3.58,2.2,3.16,3.82,Primera División,,20230515_Union-de-Santa-Fe_Sarmiento-Junin,-57.57112446731958,1.72,1.32,7,4,16,8,39.7,60.3,4,1,0,0,7,6
2023-05-16,Velez Sarsfield,Rosario Central,0,0,2.18,3.01,3.71,2.25,3.07,3.78,Primera División,,20230516_Velez-Sarsfield_Rosario-Central,-45.2047076699987,1.53,0.05,5,1,12,4,40.9,59.1,2,3,0,0,7,6
2023-05-19,Arsenal Sarandi,Independiente,2,1,4.01,3.2,2.01,4.47,3.16,2.02,Primera División,,20230519_Arsenal-Sarandi_Independiente,-97.851554959233,1.27,1.15,5,4,11,11,48.0,52.0,3,3,0,0,5,4
2023-05-19,Central Cordoba,Union de Santa Fe,0,1,2.05,3.19,3.88,2.08,3.26,4.07,Primera División,,20230519_Central-Cordoba_Union-de-Santa-Fe,57.03065764727012,1.68,0.7,4,3,10,6,45.6,54.4,3,0,0,0,6,4
2023-05-19,Estudiantes L.P.,Banfield,1,0,1.72,3.4,5.39,1.75,3.42,5.83,Primera División,,20230519_Estudiantes-L.P._Banfield,108.67775668724857,1.1,0.96,4,4,8,7,50.2,49.8,3,1,0,0,7,6
2023-05-19,Godoy Cruz,Gimnasia L.P.,2,0,1.89,3.34,4.31,1.9,3.4,4.63,Primera División,,20230519_Godoy-Cruz_Gimnasia-L.P.,-35.155071990281385,1.06,0.58,4,1,9,4,44.9,55.1,0,3,1,0,4,3
2023-05-19,Rosario Central,Defensa y Justicia,2,1,2.29,3.17,3.23,2.36,3.13,3.46,Primera División,,20230519_Rosario-Central_Defensa-y-Justicia,-73.44789618111872,1.38,0.44,4,2,10,5,45.7,54.3,2,0,0,0,5,8
2023-05-20,Argentinos Jrs,Boca Juniors,0,1,2.29,3.08,3.34,2.37,3.1,3.46,Primera División,,20230520_Argentinos-Jrs_Boca-Juniors,-45.74636848174214,0.05,1.77,1,5,3,11,48.6,51.4,2,3,0,0,4,9
2023-05-20,San Lorenzo,Instituto,2,0,1.99,2.94,4.53,2.03,2.98,4.82,Primera División,,20230520_San-Lorenzo_Instituto,105.31156196529378,1.47,0.98,5,2,12,5,61.0,39.0,0,3,0,0,4,6
2023-05-21,Belgrano,Talleres Cordoba,1,1,3.62,3.01,2.2,3.85,3.08,2.22,Primera División,,20230521_Belgrano_Talleres-Cordoba,-55.869751779215676,1.04,0.69,4,3,10,4,44.3,55.7,2,2,0,0,3,5
2023-05-21,Colon Santa Fe,Barracas Central,1,1,1.9,3.33,4.26,1.96,3.28,4.53,Primera División,,20230521_Colon-Santa-Fe_Barracas-Central,-20.66718526998079,1.1,0.84,4,4,8,11,54.0,46.0,1,4,0,0,5,5
2023-05-21,Lanus,Newells Old Boys,1,0,2.12,2.87,4.15,2.15,2.93,4.4,Primera División,,20230521_Lanus_Newells-Old-Boys,-45.23115132703629,1.53,0.74,5,3,10,6,49.3,50.7,4,1,0,0,5,9
2023-05-21,Sarmiento Junin,Huracan,0,0,2.75,2.88,2.85,2.9,2.95,2.87,Primera División,,20230521_Sarmiento-Junin_Huracan,-22.53152344560931,1.31,1.66,5,7,12,15,53.6,46.4,2,3,0,0,7,9
2023-05-21,Tigre,Atl. Tucuman,0,0,1.88,3.45,4.13,1.88,3.56,4.49,Primera División,,20230521_Tigre_Atl.-Tucuman,52.32449896984076,0.66,0.66,2,2,2,5,49.4,50.6,2,3,0,0,2,6
2023-05-22,River Plate,Platense,2,1,1.28,5.25,11.0,1.29,5.65,11.99,Primera División,,20230522_River-Plate_Platense,187.92157199513122,1.23,0.56,4,2,8,3,50.9,49.1,2,5,0,0,3,2
2023-05-27,Atl. Tucuman,Arsenal Sarandi,1,0,1.85,3.39,4.44,1.83,3.54,4.79,Primera División,,20230527_Atl.-Tucuman_Arsenal-Sarandi,68.18472000249835,1.21,1.08,3,5,5,12,58.3,41.7,2,2,1,0,1,4
2023-05-27,Gimnasia L.P.,Sarmiento Junin,0,0,2.37,3.09,3.16,2.47,3.19,3.17,Primera División,,20230527_Gimnasia-L.P._Sarmiento-Junin,22.476820331291265,1.23,0.64,3,2,5,5,52.2,47.8,3,4,0,0,4,1
2023-05-27,Platense,Belgrano,1,0,2.31,2.87,3.56,2.36,2.88,3.82,Primera División,,20230527_Platense_Belgrano,-49.79543273764034,0.84,1.18,4,5,8,11,52.5,47.5,1,2,0,0,5,4
2023-05-28,Barracas Central,San Lorenzo,1,0,3.63,2.93,2.25,3.74,2.98,2.33,Primera División,,20230528_Barracas-Central_San-Lorenzo,-119.06290514644661,0.57,0.94,1,3,3,7,50.3,49.7,3,0,0,0,2,4
2023-05-28,Boca Juniors,Tigre,1,0,2.0,3.26,3.9,2.04,3.31,4.14,Primera División,,20230528_Boca-Juniors_Tigre,57.006198205183864,1.32,0.84,5,1,10,2,52.1,47.9,2,1,0,0,9,2
2023-05-28,Defensa y Justicia,Racing Club,1,1,2.2,3.33,3.25,2.2,3.49,3.43,Primera División,,20230528_Defensa-y-Justicia_Racing-Club,55.081826099498585,0.53,0.55,4,1,9,2,53.6,46.4,2,3,0,0,4,4
2023-05-28,Independiente,Lanus,1,1,2.75,2.86,2.87,2.91,2.85,2.95,Primera División,,20230528_Independiente_Lanus,-8.198068826937742,1.12,0.16,5,1,8,1,44.8,55.2,1,1,0,0,6,0
2023-05-28,Talleres Cordoba,Argentinos Jrs,1,0,2.15,3.18,3.53,2.17,3.25,3.77,Primera División,,20230528_Talleres-Cordoba_Argentinos-Jrs,36.99215704244148,0.65,0.65,1,1,5,2,56.0,44.0,3,3,1,0,3,4
2023-05-29,Banfield,Rosario Central,2,0,2.16,3.08,3.64,2.16,3.17,3.91,Primera División,,20230529_Banfield_Rosario-Central,-102.40317367530542,1.22,1.31,5,5,10,13,47.4,52.6,0,3,0,0,11,7
2023-05-29,Colon Santa Fe,Central Cordoba,2,2,2.09,3.29,3.57,2.11,3.38,3.8,Primera División,,20230529_Colon-Santa-Fe_Central-Cordoba,15.66700892279141,1.5,0.73,6,2,11,4,51.4,48.6,2,0,0,0,4,1
2023-05-29,Huracan,Union de Santa Fe,0,1,2.01,3.16,4.06,2.06,3.2,4.26,Primera División,,20230529_Huracan_Union-de-Santa-Fe,85.43238999589926,0.14,0.97,1,5,1,11,56.4,43.6,2,0,0,0,3,3
2023-05-29,Newells Old Boys,Godoy Cruz,2,0,2.17,2.86,3.99,2.19,2.96,4.17,Primera División,,20230529_Newells-Old-Boys_Godoy-Cruz,12.645583641177382,1.52,1.02,5,5,11,13,47.8,52.2,4,3,0,0,5,6
2023-05-30,Instituto,Estudiantes L.P.,0,0,3.37,2.85,2.41,3.48,2.91,2.48,Primera División,,20230530_Instituto_Estudiantes-L.P.,-81.32439011397105,0.75,0.48,4,0,9,0,42.2,57.8,3,3,0,0,4,3
2023-05-30,Velez Sarsfield,River Plate,2,2,4.62,3.46,1.8,4.98,3.62,1.79,Primera División,,20230530_Velez-Sarsfield_River-Plate,-177.23812457465897,1.67,0.96,4,2,10,6,44.2,55.8,0,2,0,0,6,10
2023-06-02,Arsenal Sarandi,Boca Juniors,1,0,5.74,3.29,1.71,6.32,3.25,1.75,Primera División,,20230602_Arsenal-Sarandi_Boca-Juniors,-193.6513644277086,0.96,0.05,2,1,3,2,51.4,48.6,3,0,0,0,1,6
2023-06-02,Estudiantes L.P.,Barracas Central,5,2,1.51,3.97,6.74,1.52,4.12,7.29,Primera División,,20230602_Estudiantes-L.P._Barracas-Central,59.418327884021664,2.43,0.82,5,3,10,7,50.4,49.6,2,1,0,0,7,5
2023-06-02,Sarmiento Junin,Newells Old Boys,0,0,2.71,2.71,3.08,2.83,2.76,3.16,Primera División,,20230602_Sarmiento-Junin_Newells-Old-Boys,-37.17569360903394,0.96,0.76,4,3,9,9,48.0,52.0,1,0,0,0,4,5
2023-06-03,Argentinos Jrs,Platense,1,0,1.63,3.57,5.96,1.67,3.62,6.25,Primera División,,20230603_Argentinos-Jrs_Platense,40.41127155793538,0.67,0.93,1,3,2,8,57.8,42.2,1,4,0,0,5,8
2023-06-03,Belgrano,Velez Sarsfield,2,0,2.49,2.84,3.24,2.56,2.84,3.45,Primera División,,20230603_Belgrano_Velez-Sarsfield,7.610936002344715,2.82,0.56,8,2,16,4,47.3,52.7,1,3,0,1,7,2
2023-06-03,Central Cordoba,Huracan,2,0,2.45,3.02,3.09,2.46,3.11,3.29,Primera División,,20230603_Central-Cordoba_Huracan,-40.872848938495736,0.1,0.88,2,2,5,2,49.7,50.3,3,1,0,0,4,1
2023-06-03,Rosario Central,Instituto,4,1,2.26,3.04,3.46,2.42,3.06,3.63,Primera División,,20230603_Rosario-Central_Instituto,40.124827378946975,1.14,0.96,4,3,11,6,54.7,45.3,0,1,0,0,7,1
2023-06-03,Tigre,Talleres Cordoba,1,3,3.32,3.1,2.28,3.55,3.17,2.29,Primera División,,20230603_Tigre_Talleres-Cordoba,-48.16959663794137,0.18,1.4,1,3,2,7,53.1,46.9,1,4,0,0,3,3
2023-06-04,Godoy Cruz,Independiente,2,1,2.19,3.05,3.59,2.18,3.12,3.92,Primera División,,20230604_Godoy-Cruz_Independiente,1.830183349640265,1.28,0.91,4,2,8,4,54.3,45.7,3,0,0,0,5,3
2023-06-04,Racing Club,Banfield,2,0,2.0,3.22,3.95,2.04,3.23,4.25,Primera División,,20230604_Racing-Club_Banfield,78.21867386296594,1.02,1.61,2,5,5,10,52.9,47.1,1,5,0,0,6,7
2023-06-04,San Lorenzo,Colon Santa Fe,0,0,1.79,3.26,5.08,1.8,3.31,5.58,Primera División,,20230604_San-Lorenzo_Colon-Santa-Fe,122.88635833931812,0.09,0.34,0,1,0,1,62.1,37.9,3,4,0,0,0,5
2023-06-04,Union de Santa Fe,Gimnasia L.P.,2,0,2.25,3.14,3.34,2.28,3.21,3.53,Primera División,,20230604_Union-de-Santa-Fe_Gimnasia-L.P.,-71.26402721805721,0.62,1.5,2,6,6,13,51.6,48.4,1,2,0,0,5,2
2023-06-05,Lanus,Atl. Tucuman,2,1,1.83,3.29,4.73,1.84,3.33,5.2,Primera División,,20230605_Lanus_Atl.-Tucuman,-2.6790748921830527,1.24,1.59,3,5,6,12,50.1,49.9,0,0,0,0,2,5
2023-06-09,Barracas Central,Rosario Central,0,0,2.67,3.09,2.75,2.78,3.15,2.82,Primera División,,20230609_Barracas-Central_Rosario-Central,-44.323865184062015,1.1,0.45,3,3,7,7,45.6,54.4,2,0,0,0,5,6
2023-06-10,Independiente,Sarmiento Junin,2,0,2.11,2.99,3.95,2.15,3.05,4.17,Primera División,,20230610_Independiente_Sarmiento-Junin,-13.642846327912821,1.31,1.47,4,5,10,11,48.2,51.8,2,2,0,0,6,10
2023-06-10,Platense,Tigre,1,0,2.75,2.81,2.9,2.83,2.96,2.94,Primera División,,20230610_Platense_Tigre,-50.95176146453582,0.93,0.84,3,4,8,8,54.6,45.4,1,1,0,0,5,4
2023-06-11,Boca Juniors,Lanus,1,1,2.69,2.83,2.96,2.71,2.85,3.19,Primera División,,20230611_Boca-Juniors_Lanus,78.63135934215552,0.84,0.65,3,1,7,2,60.6,39.4,3,0,0,0,3,2
2023-06-11,Talleres Cordoba,Arsenal Sarandi,1,0,1.32,4.95,10.23,1.32,5.27,11.08,Primera División,,20230611_Talleres-Cordoba_Arsenal-Sarandi,156.9921980432132,0.75,1.25,3,5,8,9,50.3,49.7,0,2,0,0,4,8
2023-06-12,Banfield,River Plate,1,4,4.54,3.57,1.78,4.75,3.66,1.81,Primera División,,20230612_Banfield_River-Plate,-211.30672375180234,1.63,1.54,4,5,8,11,41.1,58.9,1,0,0,0,6,5
2023-06-12,Newells Old Boys,Union de Santa Fe,1,1,1.78,3.26,5.17,1.8,3.35,5.53,Primera División,,20230612_Newells-Old-Boys_Union-de-Santa-Fe,71.80683142209318,1.15,1.64,4,6,9,14,58.7,41.3,1,3,0,0,3,8
2023-06-12,San Lorenzo,Central Cordoba,0,0,1.73,3.2,5.81,1.72,3.31,6.45,Primera División,,20230612_San-Lorenzo_Central-Cordoba,119.9908554697563,0.29,0.47,1,3,2,6,55.6,44.4,4,1,0,0,2,4
2023-06-13,Colon Santa Fe,Estudiantes L.P.,1,0,3.52,3.1,2.2,3.68,3.14,2.26,Primera División,,20230613_Colon-Santa-Fe_Estudiantes-L.P.,-101.0505923647911,0.67,0.05,1,0,1,0,43.8,56.2,2,1,0,0,1,2
2023-06-13,Defensa y Justicia,Belgrano,2,0,1.72,3.5,5.18,1.76,3.57,5.3,Primera División,,20230613_Defensa-y-Justicia_Belgrano,74.17243745697215,1.54,1.01,6,3,11,7,55.7,44.3,1,3,0,0,8,6
2023-06-13,Instituto,Racing Club,1,1,2.26,2.97,3.55,2.23,3.06,3.87,Primera División,,20230613_Instituto_Racing-Club,-66.7795523314976,0.14,1.16,1,3,3,6,47.9,52.1,0,3,0,0,0,5
2023-06-13,Velez Sarsfield,Argentinos Jrs,0,1,2.84,2.79,2.85,2.85,2.89,2.97,Primera División,,20230613_Velez-Sarsfield_Argentinos-Jrs,-47.99083509119623,0.3,0.59,2,1,4,3,48.8,51.2,2,0,0,0,3,5
2023-06-14,Atl. Tucuman,Godoy Cruz,2,1,2.28,2.96,3.52,2.28,3.08,3.69,Primera División,,20230614_Atl.-Tucuman_Godoy-Cruz,-15.548555512241137,0.6,0.74,2,1,3,4,57.1,42.9,1,1,0,0,6,5
2023-06-14,Gimnasia L.P.,Huracan,1,0,2.87,2.76,2.85,2.99,2.79,2.94,Primera División,,20230614_Gimnasia-L.P._Huracan,14.594760101239672,0.92,1.25,3,4,4,9,46.6,53.4,4,3,0,0,3,3
2023-06-17,Racing Club,Velez Sarsfield,2,1,2.25,2.94,3.62,2.26,3.04,3.82,Primera División,,20230617_Racing-Club_Velez-Sarsfield,71.36682475103817,1.71,1.36,5,5,10,11,49.2,50.8,2,4,0,0,6,6
2023-06-17,Union de Santa Fe,Lanus,1,1,2.74,2.99,2.8,2.73,3.07,2.94,Primera División,,20230617_Union-de-Santa-Fe_Lanus,-55.43272426531075,1.83,1.35,6,4,16,8,38.3,61.7,0,4,0,0,10,6
2023-06-18,River Plate,Defensa y Justicia,1,0,1.45,4.52,6.57,1.47,4.74,6.73,Primera División,,20230618_River-Plate_Defensa-y-Justicia,68.44580715920756,0.49,0.06,1,0,0,0,60.9,39.1,3,2,0,0,3,0
2023-06-21,Estudiantes L.P.,San Lorenzo,1,1,2.19,2.81,4.0,2.23,2.88,4.18,Primera División,,20230621_Estudiantes-L.P._San-Lorenzo,-25.09210209801472,0.55,1.39,1,6,3,13,48.3,51.7,1,3,0,0,0,8
2023-06-22,Central Cordoba,Gimnasia L.P.,0,0,2.2,3.03,3.59,2.21,3.11,3.86,Primera División,,20230622_Central-Cordoba_Gimnasia-L.P.,-36.166311700015285,0.05,1.3,0,5,0,12,53.3,46.7,0,3,0,0,1,9
2023-06-22,Racing Club,Barracas Central,1,1,1.83,3.41,4.44,1.85,3.47,4.84,Primera División,,20230622_Racing-Club_Barracas-Central,55.5060924723216,0.27,0.6,1,1,2,4,46.8,53.2,2,1,0,0,1,2
2023-06-22,River Plate,Instituto,3,1,1.27,5.54,10.98,1.26,5.87,12.73,Primera División,,20230622_River-Plate_Instituto,194.05465428227126,0.41,1.0,3,5,7,7,58.0,42.0,1,4,0,0,5,6
2023-06-22,Tigre,Velez Sarsfield,2,1,2.51,2.87,3.18,2.63,2.94,3.23,Primera División,,20230622_Tigre_Velez-Sarsfield,43.48509957580586,1.51,1.04,5,4,11,9,45.8,54.2,2,2,0,0,10,6
2023-06-23,Godoy Cruz,Boca Juniors,4,0,2.69,2.81,2.98,2.78,2.78,3.19,Primera División,,20230623_Godoy-Cruz_Boca-Juniors,-94.45506605972355,2.67,0.62,8,2,20,6,46.5,53.5,2,1,0,0,6,8
2023-06-23,Huracan,Newells Old Boys,1,1,2.75,2.68,3.09,2.78,2.73,3.26,Primera División,,20230623_Huracan_Newells-Old-Boys,-53.043225763568444,0.05,0.99,1,4,2,10,49.1,50.9,0,2,0,0,1,4
2023-06-24,Argentinos Jrs,Defensa y Justicia,3,1,1.76,3.5,4.87,1.7,3.68,5.7,Primera División,,20230624_Argentinos-Jrs_Defensa-y-Justicia,-46.72427684872923,0.84,1.23,3,3,7,7,48.5,51.5,0,1,0,0,4,2
2023-06-24,Union de Santa Fe,Independiente,3,0,2.35,2.95,3.35,2.43,2.99,3.47,Primera División,,20230624_Union-de-Santa-Fe_Independiente,-31.673610049082072,1.19,1.21,3,4,7,8,53.0,47.0,3,2,0,0,4,8
2023-06-25,Arsenal Sarandi,Platense,0,2,3.08,2.74,2.68,3.23,2.77,2.76,Primera División,,20230625_Arsenal-Sarandi_Platense,-57.84330436847904,0.44,1.39,2,4,6,9,48.9,51.1,2,1,0,0,2,8
2023-06-25,Lanus,Talleres Cordoba,2,1,2.9,2.81,2.76,2.99,2.8,2.82,Primera División,,20230625_Lanus_Talleres-Cordoba,-84.26380178636373,2.2,1.12,6,3,13,4,47.6,52.4,4,3,0,0,8,3
2023-06-25,Rosario Central,Colon Santa Fe,1,1,1.99,3.31,3.88,2.0,3.39,4.18,Primera División,,20230625_Rosario-Central_Colon-Santa-Fe,49.103438629150105,0.73,0.89,3,2,6,4,55.2,44.8,2,1,0,0,6,3
2023-06-26,Sarmiento Junin,Atl. Tucuman,4,1,2.49,2.92,3.15,2.61,2.97,3.19,Primera División,,20230626_Sarmiento-Junin_Atl.-Tucuman,-21.51999312634598,1.26,1.02,4,3,6,7,41.9,58.1,3,0,0,0,4,5
2023-06-27,Belgrano,Banfield,3,1,2.31,3.0,3.38,2.41,3.05,3.45,Primera División,,20230627_Belgrano_Banfield,60.70724873685799,1.71,0.58,5,2,10,5,53.2,46.8,1,0,0,0,7,5
2023-06-30,Platense,Lanus,0,1,2.99,2.79,2.75,3.2,2.7,2.86,Primera División,,20230630_Platense_Lanus,-33.55705013295915,0.46,0.78,3,1,6,3,55.7,44.3,2,1,0,0,4,3
2023-07-01,Atl. Tucuman,Union de Santa Fe,1,0,2.26,3.07,3.43,2.25,3.14,3.7,Primera División,,20230701_Atl.-Tucuman_Union-de-Santa-Fe,16.06124681263941,1.0,0.16,4,3,9,5,52.8,47.2,2,1,0,0,3,3
2023-07-01,Barracas Central,River Plate,2,1,5.05,3.72,1.7,5.28,3.71,1.73,Primera División,,20230701_Barracas-Central_River-Plate,-181.78537760805625,1.29,1.44,4,3,9,7,46.1,53.9,1,2,0,0,6,5
2023-07-01,Estudiantes L.P.,Central Cordoba,1,1,1.59,3.72,6.07,1.6,3.9,6.48,Primera División,,20230701_Estudiantes-L.P._Central-Cordoba,86.54512197738791,1.59,1.29,6,5,14,12,54.1,45.9,0,1,0,0,7,8
2023-07-01,San Lorenzo,Rosario Central,1,0,1.8,3.19,5.26,1.81,3.27,5.58,Primera División,,20230701_San-Lorenzo_Rosario-Central,47.06893852337316,0.46,1.25,1,3,1,7,51.1,48.9,2,0,0,0,2,4
2023-07-01,Velez Sarsfield,Arsenal Sarandi,1,0,1.79,3.2,5.3,1.89,3.13,5.32,Primera División,,20230701_Velez-Sarsfield_Arsenal-Sarandi,37.32990722938507,0.73,1.6,3,4,8,7,56.4,43.6,2,1,0,0,4,4
2023-07-02,Banfield,Argentinos Jrs,1,0,3.33,2.91,2.39,3.54,2.89,2.48,Primera División,,20230702_Banfield_Argentinos-Jrs,-120.9705901819907,0.97,0.83,3,4,9,9,42.7,57.3,0,2,0,0,6,5
2023-07-02,Colon Santa Fe,Racing Club,0,4,2.68,2.99,2.82,2.72,3.06,2.96,Primera División,,20230702_Colon-Santa-Fe_Racing-Club,-59.74520981595333,0.05,1.7,1,6,0,16,48.7,51.3,2,1,0,0,5,4
2023-07-02,Defensa y Justicia,Tigre,1,0,2.09,3.27,3.59,2.16,3.25,3.79,Primera División,,20230702_Defensa-y-Justicia_Tigre,57.39500452644279,1.57,1.01,6,3,12,6,58.0,42.0,0,1,0,0,4,7
2023-07-02,Independiente,Huracan,1,0,2.49,2.79,3.31,2.58,2.82,3.44,Primera División,,20230702_Independiente_Huracan,4.790408674728496,0.54,1.04,1,2,3,4,50.8,49.2,1,2,0,0,3,4
2023-07-02,Instituto,Belgrano,1,0,2.37,2.89,3.36,2.42,2.94,3.58,Primera División,,20230702_Instituto_Belgrano,-38.65919203098747,1.31,2.17,6,7,14,15,51.2,48.8,2,2,0,1,2,9
2023-07-02,Talleres Cordoba,Godoy Cruz,1,1,1.81,3.39,4.66,1.86,3.45,4.81,Primera División,,20230702_Talleres-Cordoba_Godoy-Cruz,73.49088559628149,1.03,0.88,4,3,10,5,58.8,41.2,0,2,0,0,1,6
2023-07-03,Boca Juniors,Sarmiento Junin,2,0,1.74,3.29,5.48,1.76,3.34,5.86,Primera División,,20230703_Boca-Juniors_Sarmiento-Junin,78.52365378147056,1.28,0.05,4,0,8,1,52.0,48.0,1,2,0,0,3,2
2023-07-04,Newells Old Boys,Gimnasia L.P.,2,2,1.85,3.14,4.93,1.85,3.21,5.45,Primera División,,20230704_Newells-Old-Boys_Gimnasia-L.P.,14.882745626623773,1.22,0.81,4,4,7,9,53.9,46.1,3,2,1,0,4,5
2023-07-05,Godoy Cruz,Platense,2,1,1.85,3.17,4.83,1.9,3.2,5.06,Primera División,,20230705_Godoy-Cruz_Platense,27.9663994496143,1.24,0.61,2,1,3,2,53.7,46.3,2,2,0,0,1,5
2023-07-05,Lanus,Velez Sarsfield,0,1,2.0,3.04,4.3,2.15,3.07,4.13,Primera División,,20230705_Lanus_Velez-Sarsfield,74.24024746077339,1.2,0.21,4,1,9,0,56.0,44.0,1,2,0,0,7,1
2023-07-05,Racing Club,San Lorenzo,1,1,2.64,2.71,3.15,2.81,2.74,3.2,Primera División,,20230705_Racing-Club_San-Lorenzo,-33.485221255337365,0.96,0.44,3,2,6,7,47.7,52.3,4,2,0,0,5,3
2023-07-05,Rosario Central,Estudiantes L.P.,0,0,3.08,2.98,2.46,2.95,2.93,2.5,Primera División,,20230705_Rosario-Central_Estudiantes-L.P.,-31.162465554592018,0.61,0.47,1,0,1,1,47.8,52.2,2,0,0,0,2,2
2023-07-05,Tigre,Banfield,1,2,2.63,3.02,2.84,2.76,3.1,2.88,Primera División,,20230705_Tigre_Banfield,57.03895698469046,0.51,1.17,1,5,0,12,50.6,49.4,0,1,0,0,4,6
2023-07-06,Argentinos Jrs,Instituto,0,0,1.67,3.54,5.53,1.71,3.57,5.8,Primera División,,20230706_Argentinos-Jrs_Instituto,49.72698197806699,0.63,0.74,4,2,8,5,53.4,46.6,2,1,0,0,5,1
2023-07-06,Arsenal Sarandi,Defensa y Justicia,1,2,3.36,3.1,2.27,3.5,3.16,2.32,Primera División,,20230706_Arsenal-Sarandi_Defensa-y-Justicia,-179.97284859110687,1.3,1.14,5,2,11,5,43.1,56.9,1,3,0,0,3,1
2023-07-06,River Plate,Colon Santa Fe,2,0,1.22,6.32,11.95,1.23,6.7,11.9,Primera División,,20230706_River-Plate_Colon-Santa-Fe,182.02082466440288,1.53,0.05,5,0,12,0,63.0,37.0,2,3,1,0,10,2
2023-07-06,Sarmiento Junin,Talleres Cordoba,0,1,3.39,3.23,2.2,3.66,3.34,2.17,Primera División,,20230706_Sarmiento-Junin_Talleres-Cordoba,-94.76011397460093,0.77,1.07,3,5,9,11,47.9,52.1,0,1,0,0,7,11
2023-07-06,Union de Santa Fe,Boca Juniors,0,0,2.91,2.84,2.73,3.01,2.84,2.87,Primera División,,20230706_Union-de-Santa-Fe_Boca-Juniors,-119.3283598461478,0.84,0.88,2,1,6,2,42.7,57.3,0,3,0,0,2,3
2023-07-07,Belgrano,Barracas Central,0,2,1.92,3.07,4.62,1.93,3.16,4.96,Primera División,,20230707_Belgrano_Barracas-Central,-16.536685290134074,1.11,1.82,6,6,14,13,51.7,48.3,2,2,0,0,6,7
2023-07-07,Gimnasia L.P.,Independiente,1,1,2.81,2.76,2.92,2.9,2.83,2.99,Primera División,,20230707_Gimnasia-L.P._Independiente,18.413342314327338,1.44,0.63,5,3,11,6,47.3,52.7,2,0,0,0,9,4
2023-07-07,Huracan,Atl. Tucuman,0,1,2.14,2.95,3.88,2.23,3.01,3.96,Primera División,,20230707_Huracan_Atl.-Tucuman,-38.64015441589959,0.85,0.21,4,1,11,2,44.9,55.1,2,1,0,1,3,3
2023-07-08,Central Cordoba,Newells Old Boys,2,0,2.44,2.75,3.47,2.5,2.78,3.67,Primera División,,20230708_Central-Cordoba_Newells-Old-Boys,-45.1172096318428,0.94,0.53,2,2,3,4,48.2,51.8,2,1,0,0,4,4
2023-07-08,Estudiantes L.P.,Racing Club,0,0,1.81,3.37,4.69,1.88,3.41,4.8,Primera División,,20230708_Estudiantes-L.P._Racing-Club,-5.415998633582376,0.05,0.46,1,2,3,2,51.6,48.4,0,3,0,0,4,6
2023-07-09,Instituto,Tigre,0,1,2.2,3.02,3.62,2.23,3.07,3.84,Primera División,,20230709_Instituto_Tigre,-2.1712070797475462,0.65,1.06,1,3,1,5,47.5,52.5,2,1,0,0,5,4
2023-07-09,Platense,Sarmiento Junin,1,0,2.24,2.89,3.73,2.23,2.89,4.19,Primera División,,20230709_Platense_Sarmiento-Junin,-3.9252255153785427,2.15,0.54,5,1,13,3,37.5,62.5,3,1,0,0,5,1
2023-07-09,San Lorenzo,River Plate,0,0,3.89,3.16,2.05,4.27,3.21,2.05,Primera División,,20230709_San-Lorenzo_River-Plate,-76.26177812947594,0.45,1.42,1,6,4,13,47.6,52.4,2,1,0,0,3,4
2023-07-09,Velez Sarsfield,Godoy Cruz,1,1,2.27,2.98,3.49,2.3,3.01,3.75,Primera División,,20230709_Velez-Sarsfield_Godoy-Cruz,-43.4707689396339,0.63,1.22,1,4,3,8,46.0,54.0,1,2,1,0,4,11
2023-07-10,Banfield,Arsenal Sarandi,0,0,1.86,3.11,4.97,1.83,3.18,5.75,Primera División,,20230710_Banfield_Arsenal-Sarandi,65.70657139179048,1.28,0.42,6,3,12,6,56.8,43.2,1,2,0,0,8,4
2023-07-10,Barracas Central,Argentinos Jrs,0,0,3.89,3.15,2.05,4.17,3.28,2.04,Primera División,,20230710_Barracas-Central_Argentinos-Jrs,-8.05546949240329,0.05,0.13,1,1,2,2,51.8,48.2,2,1,0,0,2,1
2023-07-10,Boca Juniors,Huracan,1,0,1.91,3.0,4.9,1.98,2.94,5.23,Primera División,,20230710_Boca-Juniors_Huracan,125.72014454848045,1.37,0.73,5,2,10,4,49.1,50.9,0,1,0,0,6,3
2023-07-10,Colon Santa Fe,Belgrano,0,0,2.2,2.98,3.63,2.26,3.0,3.89,Primera División,,20230710_Colon-Santa-Fe_Belgrano,-14.02541292268802,1.28,1.39,4,4,9,8,55.9,44.1,1,2,0,0,4,6
2023-07-10,Defensa y Justicia,Lanus,2,2,2.44,3.1,3.04,2.43,3.21,3.24,Primera División,,20230710_Defensa-y-Justicia_Lanus,67.78342463509853,1.66,1.08,3,4,6,8,54.9,45.1,2,1,0,0,7,1
2023-07-11,Rosario Central,Central Cordoba,2,0,1.95,3.28,4.07,2.02,3.31,4.23,Primera División,,20230711_Rosario-Central_Central-Cordoba,37.048831367312914,1.17,0.7,5,3,13,8,49.9,50.1,0,2,0,0,4,5
2023-07-11,Talleres Cordoba,Union de Santa Fe,0,0,1.66,3.67,5.34,1.66,3.81,5.86,Primera División,,20230711_Talleres-Cordoba_Union-de-Santa-Fe,121.73774954558758,0.23,0.64,0,2,0,1,48.1,51.9,2,2,0,1,4,0
2023-07-12,Atl. Tucuman,Gimnasia L.P.,2,0,1.94,3.23,4.23,1.99,3.26,4.42,Primera División,,20230712_Atl.-Tucuman_Gimnasia-L.P.,3.073563390388017,0.63,1.47,2,4,5,9,56.0,44.0,2,2,0,0,5,7
2023-07-12,Independiente,Newells Old Boys,0,2,2.36,2.82,3.48,2.54,2.76,3.61,Primera División,,20230712_Independiente_Newells-Old-Boys,-18.08368038302092,0.46,1.26,1,5,4,11,55.0,45.0,3,0,0,0,4,8
2023-07-14,Godoy Cruz,Defensa y Justicia,2,2,2.13,3.24,3.56,2.1,3.23,4.02,Primera División,,20230714_Godoy-Cruz_Defensa-y-Justicia,-68.68296379081812,2.1,1.07,5,5,11,11,51.7,48.3,2,0,0,0,8,6
2023-07-14,Sarmiento Junin,Velez Sarsfield,1,1,2.89,2.73,2.88,2.98,2.72,3.03,Primera División,,20230714_Sarmiento-Junin_Velez-Sarsfield,-16.27192390497271,0.71,1.51,2,5,4,11,46.1,53.9,2,0,0,0,7,5
2023-07-15,Huracan,Talleres Cordoba,0,1,2.9,2.96,2.65,2.9,3.07,2.77,Primera División,,20230715_Huracan_Talleres-Cordoba,-139.86014935928415,1.2,1.0,5,3,10,7,53.6,46.4,2,1,0,0,6,6
2023-07-15,Racing Club,Rosario Central,1,1,2.27,3.12,3.35,2.34,3.16,3.45,Primera División,,20230715_Racing-Club_Rosario-Central,23.519337530690336,0.94,0.92,3,4,4,8,51.0,49.0,2,3,0,0,3,14
2023-07-15,River Plate,Estudiantes L.P.,3,1,1.41,4.34,8.4,1.41,4.51,9.15,Primera División,,20230715_River-Plate_Estudiantes-L.P.,110.07752298835999,1.16,1.11,4,2,10,4,50.8,49.2,1,5,0,0,3,5
2023-07-15,Union de Santa Fe,Platense,0,0,2.25,2.88,3.67,2.3,2.89,3.95,Primera División,,20230715_Union-de-Santa-Fe_Platense,-13.535502316518887,1.03,1.18,3,4,6,8,49.4,50.6,0,0,0,0,8,7
2023-07-16,Belgrano,San Lorenzo,0,1,2.15,2.78,4.22,2.21,2.78,4.49,Primera División,,20230716_Belgrano_San-Lorenzo,-107.2734074050004,0.9,1.15,3,6,6,15,46.0,54.0,5,3,0,0,3,10
2023-07-16,Gimnasia L.P.,Boca Juniors,1,3,3.62,3.02,2.21,3.85,3.12,2.2,Primera División,,20230716_Gimnasia-L.P._Boca-Juniors,-88.54348798560136,0.32,1.72,2,6,5,14,49.5,50.5,2,1,0,0,3,6
2023-07-16,Lanus,Banfield,2,2,2.19,2.99,3.7,2.25,3.06,3.82,Primera División,,20230716_Lanus_Banfield,63.60971781810713,0.51,1.23,3,4,5,8,55.0,45.0,1,3,0,0,1,7
2023-07-17,Argentinos Jrs,Colon Santa Fe,1,0,1.77,3.37,5.08,1.83,3.4,5.17,Primera División,,20230717_Argentinos-Jrs_Colon-Santa-Fe,60.71378193012424,1.45,0.49,5,1,12,2,48.5,51.5,0,0,0,0,12,6
2023-07-17,Arsenal Sarandi,Instituto,0,2,3.02,2.74,2.73,3.22,2.8,2.74,Primera División,,20230717_Arsenal-Sarandi_Instituto,-78.50147020907184,0.35,1.82,0,6,0,12,42.5,57.5,1,1,0,0,4,6
2023-07-17,Central Cordoba,Independiente,0,1,2.46,2.92,3.19,2.52,2.97,3.35,Primera División,,20230717_Central-Cordoba_Independiente,0.7164244428893198,1.46,0.57,5,2,11,6,52.5,47.5,2,1,0,0,4,7
2023-07-17,Tigre,Barracas Central,0,1,2.32,2.94,3.45,2.31,3.0,3.75,Primera División,,20230717_Tigre_Barracas-Central,-24.44171807481439,0.29,0.63,1,1,0,2,45.4,54.6,1,2,0,0,2,3
2023-07-18,Newells Old Boys,Atl. Tucuman,0,0,2.05,2.99,4.17,2.08,2.99,4.56,Primera División,,20230718_Newells-Old-Boys_Atl.-Tucuman,-2.6503366613969774,0.33,0.72,1,1,0,0,52.9,47.1,4,0,0,1,1,3
2023-07-22,Estudiantes L.P.,Belgrano,4,0,1.76,3.32,5.25,1.81,3.32,5.42,Primera División,,20230722_Estudiantes-L.P._Belgrano,68.36064968608366,1.1,0.54,4,2,7,3,50.0,50.0,1,2,0,0,6,6
2023-07-22,San Lorenzo,Argentinos Jrs,0,2,2.75,2.61,3.19,2.95,2.62,3.21,Primera División,,20230722_San-Lorenzo_Argentinos-Jrs,58.1009373214672,0.84,0.67,2,4,5,10,58.2,41.8,4,2,0,0,8,7
2023-07-23,Atl. Tucuman,Independiente,1,0,2.55,2.83,3.17,2.57,2.86,3.4,Primera División,,20230723_Atl.-Tucuman_Independiente,31.369685486668004,0.05,0.95,1,4,2,9,50.5,49.5,0,3,0,0,4,7
2023-07-23,Defensa y Justicia,Sarmiento Junin,3,0,1.78,3.5,4.71,1.81,3.57,4.96,Primera División,,20230723_Defensa-y-Justicia_Sarmiento-Junin,122.53497342207856,0.91,1.66,4,6,9,13,59.1,40.9,1,2,0,0,7,4
2023-07-23,Platense,Huracan,0,1,2.43,2.72,3.51,2.5,2.57,3.76,Primera División,,20230723_Platense_Huracan,46.686395798286185,1.5,1.28,4,5,8,9,52.8,47.2,3,1,0,0,6,9
2023-07-24,Banfield,Godoy Cruz,2,0,1.76,3.3,5.28,1.74,3.46,5.79,Primera División,,20230724_Banfield_Godoy-Cruz,-58.255402016544394,0.97,0.63,5,1,12,1,45.8,54.2,1,2,0,0,3,2
2023-07-24,Racing Club,Central Cordoba,3,1,1.89,3.29,4.44,1.91,3.29,4.83,Primera División,,20230724_Racing-Club_Central-Cordoba,93.2322366046958,1.52,0.52,3,1,6,4,52.4,47.6,4,1,0,1,6,4
2023-07-24,Rosario Central,River Plate,3,3,2.95,3.09,2.51,3.15,3.11,2.54,Primera División,,20230724_Rosario-Central_River-Plate,-136.0642269664986,1.13,1.8,4,5,8,11,40.4,59.6,0,3,0,0,4,9
2023-07-24,Talleres Cordoba,Gimnasia L.P.,2,2,1.41,4.37,8.27,1.43,4.41,8.98,Primera División,,20230724_Talleres-Cordoba_Gimnasia-L.P.,103.4285528896894,0.7,1.36,2,3,4,5,50.8,49.2,3,1,0,0,6,5
2023-07-24,Velez Sarsfield,Union de Santa Fe,0,0,2.08,2.89,4.25,2.12,2.98,4.39,Primera División,,20230724_Velez-Sarsfield_Union-de-Santa-Fe,8.432653199353808,0.19,0.61,1,2,1,4,49.7,50.3,3,4,1,1,4,4
2023-07-25,Barracas Central,Arsenal Sarandi,0,0,1.87,3.17,4.75,1.89,3.22,5.08,Primera División,,20230725_Barracas-Central_Arsenal-Sarandi,149.45548988044743,0.68,0.84,2,3,3,6,50.1,49.9,5,0,0,0,5,4
2023-07-25,Boca Juniors,Newells Old Boys,2,1,2.42,2.79,3.5,2.58,2.64,3.76,Primera División,,20230725_Boca-Juniors_Newells-Old-Boys,73.2473801246872,0.44,0.48,5,1,11,1,54.2,45.8,4,2,0,0,3,5
2023-07-25,Colon Santa Fe,Tigre,1,3,2.19,3.09,3.56,2.26,3.15,3.73,Primera División,,20230725_Colon-Santa-Fe_Tigre,-27.539851817082308,0.46,1.38,2,4,5,10,41.6,58.4,1,2,0,0,4,7
2023-07-26,Instituto,Lanus,2,1,2.93,2.78,2.78,3.02,2.83,2.87,Primera División,,20230726_Instituto_Lanus,-34.8226683050616,1.55,0.93,4,1,9,5,48.3,51.7,3,3,0,0,8,5
2023-07-28,Argentinos Jrs,Estudiantes L.P.,2,3,2.6,2.92,2.98,2.77,2.94,3.01,Primera División,,20230728_Argentinos-Jrs_Estudiantes-L.P.,1.94778936000057,0.9,1.86,3,7,8,16,49.4,50.6,0,2,0,0,6,8
2023-07-28,Belgrano,Rosario Central,0,0,2.39,2.85,3.42,2.46,2.86,3.61,Primera División,,20230728_Belgrano_Rosario-Central,-73.15669725357225,1.11,0.09,4,1,11,1,53.2,46.8,0,4,0,0,7,2
2023-07-28,Newells Old Boys,Talleres Cordoba,1,1,3.24,2.91,2.45,3.34,2.96,2.52,Primera División,,20230728_Newells-Old-Boys_Talleres-Cordoba,-76.15632012713945,1.13,1.03,4,3,11,6,50.6,49.4,0,1,0,0,3,3
2023-07-28,Union de Santa Fe,Defensa y Justicia,2,0,1.86,3.35,4.46,1.81,3.56,4.97,Primera División,,20230728_Union-de-Santa-Fe_Defensa-y-Justicia,-123.46266548691165,1.85,1.38,6,5,14,11,40.1,59.9,0,1,0,1,6,6
2023-07-29,Central Cordoba,Atl. Tucuman,0,2,2.52,2.95,3.08,2.64,3.03,3.08,Primera División,,20230729_Central-Cordoba_Atl.-Tucuman,-74.47721545327568,0.14,0.47,1,3,2,5,47.5,52.5,4,1,0,0,2,4
2023-07-29,Independiente,Boca Juniors,0,2,2.88,2.69,2.92,2.99,2.67,3.1,Primera División,,20230729_Independiente_Boca-Juniors,-122.57621997297997,1.26,1.02,5,3,10,7,44.8,55.2,1,0,0,0,6,5
2023-07-29,River Plate,Racing Club,2,1,1.56,4.17,5.57,1.55,4.4,6.08,Primera División,,20230729_River-Plate_Racing-Club,100.83895264201715,0.35,0.05,2,1,3,1,58.8,41.2,0,2,1,0,5,6
2023-07-29,Sarmiento Junin,Banfield,0,0,2.95,2.81,2.74,3.27,2.85,2.66,Primera División,,20230729_Sarmiento-Junin_Banfield,-22.2085857525733,0.31,0.47,3,1,6,4,48.3,51.7,2,2,0,0,2,2
2023-07-30,Arsenal Sarandi,Colon Santa Fe,2,0,2.85,2.88,2.74,2.96,2.9,2.85,Primera División,,20230730_Arsenal-Sarandi_Colon-Santa-Fe,-59.24318478811119,0.83,0.9,4,4,8,8,43.3,56.7,2,3,0,0,1,9
2023-07-30,Gimnasia L.P.,Platense,1,1,2.29,2.85,3.61,2.33,2.9,3.84,Primera División,,20230730_Gimnasia-L.P._Platense,21.647350331441885,0.05,1.17,1,3,3,7,54.4,45.6,1,1,0,0,6,6
2023-07-30,Huracan,Velez Sarsfield,1,0,2.58,2.71,3.26,2.63,2.73,3.5,Primera División,,20230730_Huracan_Velez-Sarsfield,-28.624021674646656,1.6,1.53,6,3,14,6,50.1,49.9,0,0,0,0,6,7
2023-07-30,Lanus,Barracas Central,2,0,1.95,3.08,4.45,1.97,3.15,4.78,Primera División,,20230730_Lanus_Barracas-Central,-25.79679448007255,1.7,0.69,6,4,14,10,48.1,51.9,3,1,0,0,6,2
2023-07-30,Tigre,San Lorenzo,2,0,1.99,2.97,4.5,1.96,3.03,5.15,Primera División,,20230730_Tigre_San-Lorenzo,-86.08405282600484,1.18,0.84,4,4,9,11,48.0,52.0,0,4,0,0,3,6
2023-07-31,Godoy Cruz,Instituto,4,2,2.48,2.93,3.15,2.57,3.02,3.2,Primera División,,20230731_Godoy-Cruz_Instituto,6.621765346460279,0.9,1.45,4,5,10,9,48.5,51.5,0,3,0,0,8,9
2023-08-17,Belgrano,Estudiantes L.P.,2,1,3.52,2.73,2.36,3.76,2.81,2.43,Primera División,,20230817_Belgrano_Estudiantes-L.P.,-97.27569418283292,1.21,1.2,4,5,11,8,47.6,52.4,1,3,0,0,7,7
2023-08-18,Union de Santa Fe,Racing Club,1,1,1.91,3.14,4.3,1.97,3.17,4.71,Primera División,,20230818_Union-de-Santa-Fe_Racing-Club,-75.33930771276755,0.96,0.65,5,1,10,0,46.3,53.7,3,1,0,0,7,4
2023-08-19,Boca Juniors,Platense,3,1,1.72,3.15,5.72,1.75,3.26,6.35,Primera División,,20230819_Boca-Juniors_Platense,141.42709200995364,1.7,0.31,5,1,12,3,56.0,44.0,2,1,0,0,4,4
2023-08-19,Gimnasia L.P.,Talleres Cordoba,0,3,2.71,3.09,2.61,2.82,3.16,2.76,Primera División,,20230819_Gimnasia-L.P._Talleres-Cordoba,-94.64548392348729,0.15,1.61,0,4,2,7,41.9,58.1,1,0,0,0,1,8
2023-08-19,Independiente,Colon Santa Fe,0,1,1.86,3.12,4.65,1.92,3.21,4.93,Primera División,,20230819_Independiente_Colon-Santa-Fe,31.80975687536693,0.52,1.54,3,4,7,10,48.8,51.2,0,1,0,0,5,8
2023-08-20,Arsenal Sarandi,Instituto,0,1,3.15,2.69,2.57,3.36,2.73,2.71,Primera División,,20230820_Arsenal-Sarandi_Instituto,-79.70449520011948,0.69,0.98,2,3,3,8,48.0,52.0,1,0,0,0,3,5
2023-08-20,Lanus,San Lorenzo,0,1,2.51,2.64,3.37,2.65,2.7,3.52,Primera División,,20230820_Lanus_San-Lorenzo,-53.23784368116071,0.86,1.26,2,4,5,9,42.7,57.3,1,0,0,0,1,6
2023-08-20,Rosario Central,Atl. Tucuman,0,0,1.96,3.23,3.89,1.99,3.37,4.26,Primera División,,20230820_Rosario-Central_Atl.-Tucuman,-1.770406624200632,0.81,0.72,2,2,5,5,52.1,47.9,1,1,0,1,2,3
2023-08-20,Sarmiento Junin,Tigre,2,0,2.83,2.92,2.64,2.78,2.77,3.2,Primera División,,20230820_Sarmiento-Junin_Tigre,-63.38543963253005,1.02,1.21,4,4,9,7,45.7,54.3,4,2,0,0,5,5
2023-08-20,Velez Sarsfield,Barracas Central,1,0,1.91,2.96,4.68,1.91,3.15,5.14,Primera División,,20230820_Velez-Sarsfield_Barracas-Central,-57.381967171461156,0.05,0.51,1,1,1,2,41.3,58.7,1,0,0,0,2,2
2023-08-21,Argentinos Jrs,River Plate,3,2,3.26,3.17,2.21,3.5,3.19,2.3,Primera División,,20230821_Argentinos-Jrs_River-Plate,-131.3074593305962,1.91,1.47,6,4,13,9,43.7,56.3,5,1,0,0,5,7
2023-08-21,Huracan,Banfield,2,0,2.35,2.75,3.5,2.4,2.86,3.74,Primera División,,20230821_Huracan_Banfield,-14.287705597890408,1.43,0.67,4,0,7,0,50.2,49.8,0,1,0,0,8,1
2023-08-22,Newells Old Boys,Central Cordoba,2,0,1.52,3.67,6.97,1.6,3.65,7.29,Primera División,,20230822_Newells-Old-Boys_Central-Cordoba,63.63889016558346,0.67,0.54,2,2,5,3,52.6,47.4,1,4,0,0,3,1
2023-08-25,Arsenal Sarandi,Argentinos Jrs,3,2,4.94,3.31,1.78,5.85,3.46,1.74,Primera División,,20230825_Arsenal-Sarandi_Argentinos-Jrs,-164.37569266267883,0.9,0.55,3,2,9,3,47.2,52.8,1,2,0,0,6,3
2023-08-26,Colon Santa Fe,Gimnasia L.P.,2,0,1.87,3.41,4.13,1.95,3.45,4.3,Primera División,,20230826_Colon-Santa-Fe_Gimnasia-L.P.,-27.075008499093883,1.11,0.56,5,2,14,5,43.5,56.5,3,2,0,0,5,5
2023-08-26,Estudiantes L.P.,Union de Santa Fe,1,3,2.21,3.0,3.5,2.27,3.04,3.77,Primera División,,20230826_Estudiantes-L.P._Union-de-Santa-Fe,66.44431422756247,1.27,1.59,3,6,5,12,53.7,46.3,1,1,0,0,7,6
2023-08-26,Newells Old Boys,Lanus,1,0,2.07,2.9,4.12,2.09,3.01,4.48,Primera División,,20230826_Newells-Old-Boys_Lanus,11.048755391952227,0.98,0.68,4,0,8,0,58.2,41.8,2,2,0,0,3,1
2023-08-26,San Lorenzo,Belgrano,2,2,1.98,2.77,4.86,2.02,2.86,5.25,Primera División,,20230826_San-Lorenzo_Belgrano,97.26764882119255,1.04,1.23,2,2,2,5,56.5,43.5,1,0,0,0,1,9
2023-08-26,Talleres Cordoba,Huracan,2,1,1.92,3.11,4.33,1.94,3.23,4.73,Primera División,,20230826_Talleres-Cordoba_Huracan,118.35679381639875,1.04,2.39,4,7,9,17,48.5,51.5,0,3,0,0,3,7
2023-08-27,Godoy Cruz,Central Cordoba,1,0,1.82,3.4,4.36,1.85,3.44,4.87,Primera División,,20230827_Godoy-Cruz_Central-Cordoba,79.49661826817237,1.01,1.01,2,3,5,7,54.8,45.2,1,2,0,0,2,4
2023-08-27,Independiente,Velez Sarsfield,2,1,2.63,2.69,3.12,2.79,2.72,3.26,Primera División,,20230827_Independiente_Velez-Sarsfield,-19.48642597242292,1.41,0.32,5,1,12,4,57.1,42.9,0,1,0,0,4,3
2023-08-27,Platense,Defensa y Justicia,0,0,2.05,3.04,3.91,2.08,3.11,4.32,Primera División,,20230827_Platense_Defensa-y-Justicia,-115.28397018248302,1.54,0.05,5,1,11,3,44.2,55.8,1,4,0,0,5,2
2023-08-27,Sarmiento Junin,Boca Juniors,1,0,3.09,2.87,2.49,3.42,2.92,2.51,Primera División,,20230827_Sarmiento-Junin_Boca-Juniors,-148.25996085783777,0.47,0.05,1,0,4,0,44.3,55.7,2,1,0,0,2,2
2023-08-27,Tigre,Racing Club,1,2,1.62,3.62,5.58,1.66,3.82,5.82,Primera División,,20230827_Tigre_Racing-Club,-53.826646650001976,1.46,1.22,4,2,8,4,49.0,51.0,3,2,0,0,4,5
2023-08-28,River Plate,Barracas Central,5,1,1.28,5.2,10.2,1.29,5.7,11.19,Primera División,,20230828_River-Plate_Barracas-Central,154.8824768162658,2.04,0.76,7,3,14,6,61.2,38.8,1,2,0,0,5,5
2023-08-29,Atl. Tucuman,Instituto,0,0,2.2,2.92,3.64,2.22,3.03,3.95,Primera División,,20230829_Atl.-Tucuman_Instituto,44.54837613323002,0.56,1.44,2,5,4,10,50.0,50.0,2,2,0,0,2,5
2023-08-29,Banfield,Rosario Central,3,0,2.2,2.93,3.63,2.24,3.02,3.92,Primera División,,20230829_Banfield_Rosario-Central,-77.32935042707982,0.36,0.78,3,0,8,0,48.6,51.4,0,2,0,1,2,1
2023-09-02,Belgrano,Newells Old Boys,1,1,2.75,2.61,3.07,2.85,2.67,3.25,Primera División,,20230902_Belgrano_Newells-Old-Boys,-43.07170050761442,1.26,1.78,4,4,9,8,50.7,49.3,1,1,0,0,5,4
2023-09-02,Central Cordoba,Platense,3,2,2.83,2.68,2.89,3.03,2.69,3.02,Primera División,,20230902_Central-Cordoba_Platense,-35.41870445352947,1.22,0.65,3,2,9,5,50.0,50.0,4,2,0,0,7,4
2023-09-02,Gimnasia L.P.,Independiente,1,2,2.79,2.9,2.72,3.03,2.89,2.81,Primera División,,20230902_Gimnasia-L.P._Independiente,-4.149109172960834,1.01,1.41,5,6,12,14,50.5,49.5,5,4,0,0,8,12
2023-09-02,Huracan,Colon Santa Fe,2,1,2.08,2.87,4.13,2.12,2.93,4.54,Primera División,,20230902_Huracan_Colon-Santa-Fe,-0.013589412571036519,1.07,0.97,4,4,8,11,50.7,49.3,2,0,0,0,9,6
2023-09-02,Lanus,Godoy Cruz,2,2,2.03,3.16,3.79,2.06,3.15,4.32,Primera División,,20230902_Lanus_Godoy-Cruz,-28.17372644507168,3.12,2.05,10,6,20,13,50.7,49.3,0,1,0,0,9,11
2023-09-03,Argentinos Jrs,Atl. Tucuman,2,2,1.73,3.35,5.13,1.75,3.46,5.63,Primera División,,20230903_Argentinos-Jrs_Atl.-Tucuman,5.7757699666806275,1.9,1.22,6,5,14,11,52.5,47.5,1,1,0,0,8,7
2023-09-03,Boca Juniors,Tigre,0,1,2.06,3.01,3.92,2.11,3.13,4.15,Primera División,,20230903_Boca-Juniors_Tigre,106.52973560856162,0.62,0.24,1,1,1,5,53.9,46.1,1,4,0,0,2,4
2023-09-03,Defensa y Justicia,Sarmiento Junin,1,1,2.28,3.11,3.2,2.41,3.13,3.35,Primera División,,20230903_Defensa-y-Justicia_Sarmiento-Junin,86.70742087985423,0.19,1.19,1,4,1,9,50.7,49.3,1,3,0,0,7,1
2023-09-03,Instituto,Banfield,0,1,2.42,2.71,3.46,2.45,2.74,3.85,Primera División,,20230903_Instituto_Banfield,21.331741390414436,0.22,1.4,1,4,2,8,51.3,48.7,1,1,0,0,4,8
2023-09-03,Rosario Central,Talleres Cordoba,2,0,3.19,3.1,2.29,3.38,3.18,2.36,Primera División,,20230903_Rosario-Central_Talleres-Cordoba,-74.41697725008225,1.16,0.88,3,3,7,6,42.8,57.2,2,5,0,0,1,2
2023-09-03,Velez Sarsfield,River Plate,2,0,3.97,3.27,1.95,4.35,3.41,1.95,Primera División,,20230903_Velez-Sarsfield_River-Plate,-203.9874591802552,0.86,0.42,2,1,5,1,40.2,59.8,1,1,0,1,2,3
2023-09-04,Barracas Central,Arsenal Sarandi,2,1,2.23,2.87,3.63,2.29,2.96,3.87,Primera División,,20230904_Barracas-Central_Arsenal-Sarandi,83.87145112849907,1.31,0.68,4,4,8,9,54.3,45.7,3,1,0,0,4,4
2023-09-04,Racing Club,Estudiantes L.P.,2,1,2.53,2.98,2.92,2.62,3.02,3.13,Primera División,,20230904_Racing-Club_Estudiantes-L.P.,28.193760333304454,0.42,1.41,2,6,3,15,45.5,54.5,0,0,0,1,4,7
2023-09-05,Union de Santa Fe,San Lorenzo,1,1,2.53,2.64,3.32,2.6,2.79,3.45,Primera División,,20230905_Union-de-Santa-Fe_San-Lorenzo,-79.4438555651027,1.28,0.54,5,3,11,7,51.6,48.4,1,2,0,0,6,3
2023-09-12,Defensa y Justicia,Godoy Cruz,2,2,2.37,3.13,3.03,2.48,3.19,3.16,Primera División,,20230912_Defensa-y-Justicia_Godoy-Cruz,42.95688042598658,0.84,2.1,3,7,6,15,54.1,45.9,1,0,0,0,5,5
2023-09-13,Gimnasia L.P.,Velez Sarsfield,2,1,3.08,2.85,2.54,3.16,2.92,2.68,Primera División,,20230913_Gimnasia-L.P._Velez-Sarsfield,-28.481452168840406,1.61,0.71,6,3,13,4,47.3,52.7,2,3,0,0,8,4
2023-09-14,Platense,Lanus,2,1,2.96,2.69,2.78,3.11,2.72,2.91,Primera División,,20230914_Platense_Lanus,-48.696680082896364,2.12,1.0,6,4,14,9,49.7,50.3,0,4,0,0,3,1
2023-09-14,Sarmiento Junin,Central Cordoba,0,1,2.01,2.94,4.2,2.08,3.06,4.41,Primera División,,20230914_Sarmiento-Junin_Central-Cordoba,46.02666698966914,0.81,1.47,3,3,7,3,54.3,45.7,0,3,0,0,4,4
2023-09-15,Defensa y Justicia,Boca Juniors,1,0,2.8,3.07,2.57,2.96,3.2,2.61,Primera División,,20230915_Defensa-y-Justicia_Boca-Juniors,-16.73256402690049,0.53,0.78,2,2,5,3,55.9,44.1,1,1,0,0,3,1
2023-09-15,Independiente,Huracan,1,0,2.32,2.66,3.77,2.39,2.76,3.96,Primera División,,20230915_Independiente_Huracan,5.227440810973121,1.41,0.52,6,2,15,4,47.8,52.2,2,4,0,0,10,3
2023-09-15,Tigre,Estudiantes L.P.,0,0,2.32,3.03,3.22,2.42,3.11,3.36,Primera División,,20230915_Tigre_Estudiantes-L.P.,-19.347506167613346,0.34,0.05,1,1,2,1,53.2,46.8,1,1,0,0,4,1
2023-09-16,Atl. Tucuman,Barracas Central,1,0,1.86,3.17,4.62,1.97,3.18,4.67,Primera División,,20230916_Atl.-Tucuman_Barracas-Central,31.192735940448074,0.43,0.95,1,5,1,11,53.2,46.8,1,0,0,0,3,5
2023-09-16,Banfield,Argentinos Jrs,0,1,3.41,2.9,2.31,3.68,2.98,2.35,Primera División,,20230916_Banfield_Argentinos-Jrs,-55.66003110551242,0.61,1.46,1,5,1,9,46.1,53.9,2,3,0,0,1,6
2023-09-16,Colon Santa Fe,Rosario Central,2,1,2.38,3.13,3.01,2.44,3.2,3.23,Primera División,,20230916_Colon-Santa-Fe_Rosario-Central,-86.58481256343202,0.13,1.28,2,4,5,8,50.9,49.1,2,1,0,0,2,3
2023-09-16,Newells Old Boys,Union de Santa Fe,1,1,2.26,2.84,3.59,2.29,2.92,3.93,Primera División,,20230916_Newells-Old-Boys_Union-de-Santa-Fe,27.619592575283377,1.03,0.73,3,2,9,4,47.8,52.2,2,1,0,0,2,2
2023-09-16,San Lorenzo,Racing Club,1,1,2.38,2.85,3.32,2.47,2.91,3.51,Primera División,,20230916_San-Lorenzo_Racing-Club,-0.3849628074794964,1.97,0.78,6,2,12,5,45.1,54.9,1,0,0,0,5,6
2023-09-17,Godoy Cruz,Belgrano,0,0,2.05,2.98,4.03,2.08,3.01,4.51,Primera División,,20230917_Godoy-Cruz_Belgrano,35.98477105716802,1.23,0.2,3,2,6,5,52.2,47.8,3,4,0,0,4,3
2023-09-17,River Plate,Arsenal Sarandi,3,1,2.39,5.72,10.84,1.23,6.24,13.73,Primera División,,20230917_River-Plate_Arsenal-Sarandi,243.53589287768773,1.89,0.57,6,2,12,5,59.8,40.2,6,5,0,0,6,5
2023-09-17,Talleres Cordoba,Instituto,0,0,2.1,2.98,3.85,2.13,3.08,4.15,Primera División,,20230917_Talleres-Cordoba_Instituto,99.36353079160608,1.23,0.27,4,1,11,4,54.9,45.1,0,2,0,0,6,4
2023-09-19,Central Cordoba,Boca Juniors,0,3,3.32,2.99,2.29,3.57,3.12,2.31,Primera División,,20230919_Central-Cordoba_Boca-Juniors,-115.9643313093402,0.64,1.31,2,3,6,7,45.1,54.9,3,4,0,0,3,5
2023-09-19,Lanus,Sarmiento Junin,0,0,1.73,3.29,5.27,1.75,3.44,5.74,Primera División,,20230919_Lanus_Sarmiento-Junin,11.559994623278953,1.06,0.86,3,5,7,10,48.0,52.0,1,1,0,1,3,7
2023-09-20,Barracas Central,Banfield,1,0,3.12,2.77,2.56,3.41,2.8,2.61,Primera División,,20230920_Barracas-Central_Banfield,18.258787880248747,1.18,0.17,3,1,5,0,49.7,50.3,0,2,0,0,4,0
2023-09-20,Defensa y Justicia,Tigre,2,0,2.52,3.0,2.93,2.67,3.03,3.04,Primera División,,20230920_Defensa-y-Justicia_Tigre,70.57054115473215,1.01,0.58,3,1,7,5,59.1,40.9,1,1,0,0,7,3
2023-09-20,Estudiantes L.P.,San Lorenzo,0,0,2.22,2.83,3.74,2.29,2.85,4.05,Primera División,,20230920_Estudiantes-L.P._San-Lorenzo,-50.546350677209375,0.55,0.05,2,0,3,2,45.0,55.0,4,2,0,0,4,0
2023-09-20,Huracan,Gimnasia L.P.,2,0,1.91,2.97,4.77,1.9,3.1,5.38,Primera División,,20230920_Huracan_Gimnasia-L.P.,-2.1659093974642474,0.84,0.5,2,1,3,1,50.8,49.2,1,2,0,0,2,2
2023-09-20,Rosario Central,Independiente,1,1,2.63,2.86,2.93,2.78,3.02,2.93,Primera División,,20230920_Rosario-Central_Independiente,30.62043466621367,0.05,1.34,1,3,1,3,49.2,50.8,2,0,0,0,3,1
2023-09-20,Velez Sarsfield,Arsenal Sarandi,2,1,1.72,3.26,5.46,1.74,3.4,6.0,Primera División,,20230920_Velez-Sarsfield_Arsenal-Sarandi,67.97501213194596,1.39,1.89,4,6,9,14,50.4,49.6,3,1,0,0,4,4
2023-09-21,Argentinos Jrs,Talleres Cordoba,3,1,1.91,3.33,4.04,1.91,3.51,4.43,Primera División,,20230921_Argentinos-Jrs_Talleres-Cordoba,-26.128403783487784,0.76,1.14,3,5,7,11,44.5,55.5,0,2,0,0,3,4
2023-09-21,Belgrano,Platense,3,0,2.24,2.7,3.93,2.28,2.76,4.28,Primera División,,20230921_Belgrano_Platense,27.98733068873571,1.7,0.77,6,3,13,8,53.0,47.0,1,2,0,0,6,3
2023-09-21,Instituto,Colon Santa Fe,3,1,2.15,2.97,3.71,2.18,3.0,4.13,Primera División,,20230921_Instituto_Colon-Santa-Fe,20.98607928758679,1.06,1.17,3,5,7,11,53.3,46.7,2,5,0,0,4,2
2023-09-21,Racing Club,Newells Old Boys,2,1,2.28,3.07,3.24,2.35,3.13,3.47,Primera División,,20230921_Racing-Club_Newells-Old-Boys,47.75376811198612,1.19,1.49,3,4,9,8,47.2,52.8,3,0,0,0,3,2
2023-09-21,Union de Santa Fe,Godoy Cruz,0,0,2.24,2.93,3.51,2.31,3.0,3.75,Primera División,,20230921_Union-de-Santa-Fe_Godoy-Cruz,-21.30241462340564,1.43,1.34,3,3,8,8,46.2,53.8,1,0,0,0,8,7
2023-09-22,River Plate,Atl. Tucuman,1,0,1.41,4.5,7.16,1.45,4.62,7.56,Primera División,,20230922_River-Plate_Atl.-Tucuman,103.9701708163418,1.21,0.31,4,2,8,4,49.9,50.1,1,1,0,0,3,3
2023-09-23,Boca Juniors,Lanus,1,1,2.14,2.95,3.77,2.18,3.1,3.96,Primera División,,20230923_Boca-Juniors_Lanus,94.07485646412078,0.72,1.42,3,3,7,3,52.1,47.9,1,1,0,1,11,3
2023-09-23,Gimnasia L.P.,Rosario Central,2,1,2.01,3.23,3.79,2.06,3.28,4.09,Primera División,,20230923_Gimnasia-L.P._Rosario-Central,-68.34083880875755,0.46,1.08,2,4,5,8,48.8,51.2,2,1,0,1,6,5
2023-09-24,Central Cordoba,Defensa y Justicia,2,1,2.03,3.32,4.04,2.02,3.32,4.23,Primera División,,20230924_Central-Cordoba_Defensa-y-Justicia,-142.11940115970788,0.37,0.47,2,1,4,1,44.4,55.6,0,0,1,0,5,2
2023-09-24,Huracan,Velez Sarsfield,3,0,2.41,2.66,3.57,2.49,2.71,3.81,Primera División,,20230924_Huracan_Velez-Sarsfield,-2.2912516194564887,1.45,0.73,5,2,9,6,47.8,52.2,3,1,0,0,5,3
2023-09-24,Independiente,Instituto,0,0,2.25,2.85,3.62,2.35,2.91,3.79,Primera División,,20230924_Independiente_Instituto,-5.1031326582719885,0.52,1.17,2,5,5,13,50.3,49.7,3,1,0,0,1,8
2023-09-24,Newells Old Boys,Estudiantes L.P.,0,1,2.29,2.79,3.63,2.39,2.8,3.86,Primera División,,20230924_Newells-Old-Boys_Estudiantes-L.P.,-8.94359402940745,0.14,1.14,0,2,1,3,48.2,51.8,1,0,0,0,0,3
2023-09-24,Tigre,San Lorenzo,0,0,2.28,2.79,3.64,2.39,2.87,3.75,Primera División,,20230924_Tigre_San-Lorenzo,-76.42071880475419,1.29,0.22,5,0,10,0,42.3,57.7,1,2,0,0,5,1
2023-09-25,Banfield,River Plate,1,1,3.8,3.3,1.98,3.89,3.36,2.08,Primera División,,20230925_Banfield_River-Plate,-195.15517563251888,1.24,1.23,4,4,7,9,44.1,55.9,1,1,0,1,2,1
2023-09-25,Colon Santa Fe,Argentinos Jrs,3,1,2.88,3.09,2.5,2.95,3.16,2.64,Primera División,,20230925_Colon-Santa-Fe_Argentinos-Jrs,-111.71541507134339,1.44,1.28,6,6,13,13,48.8,51.2,3,0,1,0,6,4
2023-09-25,Godoy Cruz,Racing Club,1,1,2.27,3.21,3.13,2.29,3.36,3.35,Primera División,,20230925_Godoy-Cruz_Racing-Club,-63.26285148168745,0.69,0.85,2,2,6,3,43.5,56.5,1,2,0,0,2,2
2023-09-25,Platense,Union de Santa Fe,1,0,2.55,2.72,3.22,2.59,2.77,3.5,Primera División,,20230925_Platense_Union-de-Santa-Fe,-51.96307362979428,0.95,1.11,3,3,8,7,48.8,51.2,0,1,0,0,4,5
2023-09-25,Sarmiento Junin,Belgrano,0,0,2.98,2.71,2.74,3.16,2.72,2.86,Primera División,,20230925_Sarmiento-Junin_Belgrano,-28.82895342289862,0.54,0.36,1,2,1,3,48.4,51.6,1,0,0,0,3,3
2023-09-26,Atl. Tucuman,Arsenal Sarandi,1,0,1.69,3.41,5.36,1.72,3.54,5.8,Primera División,,20230926_Atl.-Tucuman_Arsenal-Sarandi,150.21563765830274,2.28,0.96,7,2,15,5,46.5,53.5,1,0,0,0,12,5
2023-09-26,Talleres Cordoba,Barracas Central,4,0,1.59,3.62,5.95,1.67,3.69,5.96,Primera División,,20230926_Talleres-Cordoba_Barracas-Central,59.44665722079867,1.22,0.19,4,1,10,3,55.0,45.0,1,0,0,0,4,2
2023-09-30,Arsenal Sarandi,Defensa y Justicia,1,0,2.48,3.03,3.03,2.43,3.07,3.39,Primera División,,20230930_Arsenal-Sarandi_Defensa-y-Justicia,-187.8995615472311,1.71,1.22,6,3,13,7,41.0,59.0,5,0,0,0,8,6
2023-09-30,Racing Club,Independiente,0,2,1.86,3.26,4.43,1.85,3.43,4.88,Primera División,,20230930_Racing-Club_Independiente,91.31993404329546,0.05,1.33,0,4,0,7,56.7,43.3,3,0,0,0,3,9
2023-09-30,Rosario Central,Newells Old Boys,1,0,3.18,2.89,2.43,3.32,2.91,2.57,Primera División,,20230930_Rosario-Central_Newells-Old-Boys,0.689751176821801,0.64,0.51,2,1,4,0,56.1,43.9,2,1,0,0,3,4
2023-09-30,San Lorenzo,Huracan,1,1,2.52,2.59,3.45,2.62,2.68,3.59,Primera División,,20230930_San-Lorenzo_Huracan,84.3740187806768,1.6,0.91,3,4,7,9,55.4,44.6,0,3,0,1,3,3
2023-09-30,Tigre,Velez Sarsfield,0,0,2.37,2.85,3.58,2.3,2.85,4.04,Primera División,,20230930_Tigre_Velez-Sarsfield,35.01575875231583,1.07,0.32,2,1,5,2,51.0,49.0,2,1,1,0,5,6
2023-10-01,Banfield,Lanus,1,0,2.38,2.81,3.36,2.47,2.82,3.65,Primera División,,20231001_Banfield_Lanus,-14.48897199789917,0.87,0.22,4,0,9,0,51.7,48.3,0,0,0,0,5,1
2023-10-01,Boca Juniors,River Plate,0,2,4.12,3.21,1.94,4.41,3.3,1.98,Primera División,,20231001_Boca-Juniors_River-Plate,-80.71378237061754,0.76,1.14,3,5,6,11,48.2,51.8,1,1,1,0,2,7
2023-10-01,Colon Santa Fe,Union de Santa Fe,0,0,2.16,2.98,3.67,2.2,2.93,4.2,Primera División,,20231001_Colon-Santa-Fe_Union-de-Santa-Fe,-19.484525255987137,0.81,1.17,3,3,5,6,45.3,54.7,1,0,0,0,6,3
2023-10-01,Estudiantes L.P.,Gimnasia L.P.,0,0,1.79,3.32,4.77,1.91,3.29,4.85,Primera División,,20231001_Estudiantes-L.P._Gimnasia-L.P.,71.31615552132735,0.22,1.02,1,3,1,6,53.9,46.1,0,1,0,0,3,6
2023-10-01,Talleres Cordoba,Belgrano,0,0,1.89,3.15,4.44,1.92,3.2,4.96,Primera División,,20231001_Talleres-Cordoba_Belgrano,75.91040533461842,0.48,0.81,1,3,1,8,57.6,42.4,3,1,0,0,2,8
2023-10-02,Barracas Central,Sarmiento Junin,1,1,2.06,3.02,3.9,2.14,3.03,4.22,Primera División,,20231002_Barracas-Central_Sarmiento-Junin,23.372646422773187,0.79,0.47,4,3,9,6,46.5,53.5,2,2,0,0,3,4
2023-10-02,Godoy Cruz,Instituto,1,1,2.54,2.87,3.09,2.49,2.86,3.54,Primera División,,20231002_Godoy-Cruz_Instituto,27.62881521037093,1.09,1.15,4,5,7,9,57.4,42.6,1,4,0,0,7,5
2023-10-03,Atl. Tucuman,Central Cordoba,0,0,1.87,3.12,4.6,1.91,3.2,5.03,Primera División,,20231003_Atl.-Tucuman_Central-Cordoba,85.35653988650279,0.05,1.97,0,6,0,13,57.7,42.3,1,4,0,0,1,5
2023-10-03,Platense,Argentinos Jrs,0,0,3.16,2.85,2.47,3.28,2.93,2.59,Primera División,,20231003_Platense_Argentinos-Jrs,-85.16937764156955,2.36,1.05,8,3,17,8,43.6,56.4,3,2,0,0,7,5
2023-10-07,Estudiantes L.P.,Godoy Cruz,0,1,2.07,3.03,3.87,2.17,3.06,4.04,Primera División,,20231007_Estudiantes-L.P._Godoy-Cruz,11.783859138514117,1.58,1.29,5,3,11,6,48.8,51.2,2,2,0,0,10,7
2023-10-07,Lanus,Defensa y Justicia,0,2,1.91,3.25,4.14,1.9,3.47,4.55,Primera División,,20231007_Lanus_Defensa-y-Justicia,-78.70842908491181,0.4,0.63,1,4,3,8,52.5,47.5,1,5,0,0,4,9
2023-10-07,Rosario Central,Huracan,1,0,3.18,2.79,2.5,3.44,2.84,2.56,Primera División,,20231007_Rosario-Central_Huracan,29.065537591452312,1.98,0.05,7,0,13,1,51.5,48.5,2,0,0,0,8,5
2023-10-07,San Lorenzo,Newells Old Boys,0,3,2.5,2.6,3.44,2.63,2.66,3.61,Primera División,,20231007_San-Lorenzo_Newells-Old-Boys,74.23417143651363,1.27,1.18,3,5,7,10,50.6,49.4,5,0,0,0,7,8
2023-10-08,Argentinos Jrs,Independiente,0,0,2.03,3.03,3.96,2.1,3.09,4.26,Primera División,,20231008_Argentinos-Jrs_Independiente,39.405812642793535,1.51,0.05,4,0,10,0,47.9,52.1,0,2,0,0,8,1
2023-10-08,Central Cordoba,Tigre,1,0,3.17,2.94,2.4,3.4,3.02,2.45,Primera División,,20231008_Central-Cordoba_Tigre,-34.207933741508896,1.81,1.22,6,3,13,6,52.4,47.6,2,1,1,0,3,6
2023-10-08,Instituto,Gimnasia L.P.,1,1,2.05,2.94,4.07,2.08,2.95,4.67,Primera División,,20231008_Instituto_Gimnasia-L.P.,28.94969524375665,0.9,0.92,3,2,5,5,51.9,48.1,2,3,0,0,0,6
2023-10-08,Racing Club,Platense,1,2,1.76,3.37,4.76,1.78,3.61,5.06,Primera División,,20231008_Racing-Club_Platense,101.14849149861016,0.76,0.75,4,2,8,5,47.8,52.2,3,3,1,0,1,2
2023-10-08,River Plate,Talleres Cordoba,1,0,1.58,3.9,5.47,1.6,4.16,5.87,Primera División,,20231008_River-Plate_Talleres-Cordoba,90.47463638246859,0.45,0.84,4,3,8,5,53.1,46.9,2,5,0,0,7,3
2023-10-08,Union de Santa Fe,Sarmiento Junin,1,0,1.84,3.13,4.73,1.88,3.14,5.34,Primera División,,20231008_Union-de-Santa-Fe_Sarmiento-Junin,14.480592252947417,0.62,0.45,4,1,9,1,45.0,55.0,2,2,0,0,1,1
2023-10-09,Arsenal Sarandi,Banfield,0,0,3.37,2.82,2.37,3.55,2.9,2.46,Primera División,,20231009_Arsenal-Sarandi_Banfield,-83.855870017288,0.05,0.55,1,2,4,3,47.6,52.4,2,1,0,0,3,3
2023-10-09,Barracas Central,Colon Santa Fe,2,1,2.56,2.94,2.9,2.6,2.84,2.91,Primera División,,20231009_Barracas-Central_Colon-Santa-Fe,25.419951258973015,1.07,1.31,2,3,4,8,48.7,51.3,1,1,0,0,4,7
2023-10-10,Velez Sarsfield,Atl. Tucuman,3,1,1.87,2.93,5.06,1.89,3.03,5.6,Primera División,,20231010_Velez-Sarsfield_Atl.-Tucuman,-77.97332716514461,1.08,0.81,4,3,8,8,49.5,50.5,0,2,0,0,8,2
2023-10-11,Belgrano,Boca Juniors,4,3,2.54,2.89,2.99,2.58,2.96,3.24,Primera División,,20231011_Belgrano_Boca-Juniors,-61.98675806383744,1.43,2.31,5,7,11,13,44.7,55.3,0,1,0,0,10,6
2023-10-16,Banfield,Atl. Tucuman,0,0,1.93,3.02,4.58,1.93,3.13,5.11,Primera División,,20231016_Banfield_Atl.-Tucuman,-47.963915910554306,0.05,1.03,0,4,1,7,52.3,47.7,0,2,0,0,0,3
2023-10-16,Central Cordoba,Lanus,0,0,2.97,2.83,2.62,3.15,2.87,2.73,Primera División,,20231016_Central-Cordoba_Lanus,13.211313639971877,0.89,0.05,2,0,6,1,48.5,51.5,2,1,0,0,3,3
2023-10-17,Defensa y Justicia,Belgrano,0,2,2.19,2.95,3.64,2.27,2.94,3.94,Primera División,,20231017_Defensa-y-Justicia_Belgrano,44.93425676532411,0.22,1.72,1,5,0,10,55.7,44.3,2,0,0,0,0,6
2023-10-18,Platense,Estudiantes L.P.,2,1,3.33,2.81,2.4,3.51,2.87,2.5,Primera División,,20231018_Platense_Estudiantes-L.P.,-40.318092406408596,1.14,0.48,6,1,12,5,51.2,48.8,2,2,0,0,7,3
2023-10-19,Colon Santa Fe,River Plate,2,2,3.72,3.52,1.93,3.82,3.73,1.99,Primera División,,20231019_Colon-Santa-Fe_River-Plate,-213.56703283951651,1.68,0.37,7,2,15,3,36.3,63.7,0,2,0,0,6,5
2023-10-19,Gimnasia L.P.,Argentinos Jrs,3,2,3.15,3.0,2.37,3.27,3.12,2.49,Primera División,,20231019_Gimnasia-L.P._Argentinos-Jrs,-75.38319928951114,1.44,0.61,5,3,9,8,45.9,54.1,2,1,0,0,7,12
2023-10-19,Godoy Cruz,San Lorenzo,1,0,2.18,2.77,3.92,2.26,2.83,4.22,Primera División,,20231019_Godoy-Cruz_San-Lorenzo,-17.212592289563645,0.85,0.05,5,0,11,0,44.3,55.7,1,2,0,0,2,4
2023-10-19,Independiente,Barracas Central,3,0,1.81,3.16,4.9,1.89,3.18,5.19,Primera División,,20231019_Independiente_Barracas-Central,2.103281289136703,1.74,1.21,5,4,12,8,55.2,44.8,3,1,0,0,9,6
2023-10-20,Huracan,Instituto,1,3,2.0,2.8,4.68,2.04,2.89,5.06,Primera División,,20231020_Huracan_Instituto,-18.789097974524793,1.84,2.04,4,8,11,17,43.1,56.9,3,1,0,0,3,18
2023-10-20,Rosario Central,Velez Sarsfield,1,1,2.78,2.88,2.74,2.99,2.87,2.86,Primera División,,20231020_Rosario-Central_Velez-Sarsfield,48.935107285306685,1.21,0.59,3,2,6,6,55.9,44.1,0,3,0,0,6,3
2023-10-20,Sarmiento Junin,Racing Club,1,1,3.89,3.23,1.97,4.05,3.12,2.0,Primera División,,20231020_Sarmiento-Junin_Racing-Club,-90.88740457895733,1.13,1.1,4,4,9,10,46.3,53.7,0,3,0,0,3,12
2023-10-20,Talleres Cordoba,Arsenal Sarandi,1,1,1.45,4.11,7.04,1.48,4.33,7.59,Primera División,,20231020_Talleres-Cordoba_Arsenal-Sarandi,161.2906618210818,1.24,1.78,2,6,5,11,56.6,43.4,2,1,0,0,3,7
2023-10-20,Tigre,Newells Old Boys,0,2,2.53,2.82,3.1,2.61,2.86,3.33,Primera División,,20231020_Tigre_Newells-Old-Boys,-23.041562216611737,0.69,1.39,4,3,11,9,45.3,54.7,2,5,0,0,13,6
2023-10-21,Boca Juniors,Union de Santa Fe,2,1,1.79,3.16,5.06,1.81,3.29,5.63,Primera División,,20231021_Boca-Juniors_Union-de-Santa-Fe,50.50444714845253,1.18,2.14,2,7,6,16,56.3,43.7,0,1,0,0,5,10
2023-10-23,Estudiantes L.P.,Sarmiento Junin,2,1,1.48,3.84,7.35,1.49,4.07,8.27,Primera División,,20231023_Estudiantes-L.P._Sarmiento-Junin,44.397405504125345,0.25,1.98,2,5,2,12,50.4,49.6,1,1,0,0,6,3
2023-10-24,Barracas Central,Gimnasia L.P.,1,2,2.59,2.96,2.88,2.79,2.92,3.01,Primera División,,20231024_Barracas-Central_Gimnasia-L.P.,10.09365205259678,0.7,1.59,4,6,8,10,50.2,49.8,2,2,0,0,5,6
2023-10-24,Racing Club,Boca Juniors,2,1,1.75,3.58,4.53,1.76,3.77,4.94,Primera División,,20231024_Racing-Club_Boca-Juniors,-10.435192571576408,1.37,0.3,5,1,11,4,49.1,50.9,0,2,0,0,7,3
2023-10-24,Union de Santa Fe,Defensa y Justicia,0,0,2.3,3.15,3.14,2.38,3.19,3.34,Primera División,,20231024_Union-de-Santa-Fe_Defensa-y-Justicia,-58.41342126681661,1.19,0.88,4,4,9,8,44.5,55.5,1,1,0,0,3,7
2023-10-24,Velez Sarsfield,Banfield,0,1,2.02,2.88,4.35,2.1,2.91,4.67,Primera División,,20231024_Velez-Sarsfield_Banfield,-0.6789478737955505,0.31,0.05,2,1,5,1,44.3,55.7,1,3,0,0,5,5
2023-10-25,Argentinos Jrs,Huracan,1,2,1.88,3.07,4.69,1.9,3.11,5.33,Primera División,,20231025_Argentinos-Jrs_Huracan,64.0058983631252,1.61,1.4,6,3,12,6,57.1,42.9,3,3,0,1,11,6
2023-10-25,Arsenal Sarandi,Colon Santa Fe,1,0,3.09,2.97,2.43,3.11,3.02,2.63,Primera División,,20231025_Arsenal-Sarandi_Colon-Santa-Fe,-57.45280051266718,0.67,0.13,3,0,6,1,52.1,47.9,3,3,0,1,3,2
2023-10-25,Atl. Tucuman,Talleres Cordoba,1,0,2.6,3.01,2.83,2.55,3.06,3.18,Primera División,,20231025_Atl.-Tucuman_Talleres-Cordoba,-31.597363367920252,0.45,0.52,3,1,8,3,52.3,47.7,3,4,0,0,0,3
2023-10-25,Belgrano,Central Cordoba,1,1,1.89,3.05,4.68,1.89,3.14,5.29,Primera División,,20231025_Belgrano_Central-Cordoba,53.21647427558901,0.49,1.46,1,5,1,13,54.9,45.1,1,1,0,0,2,7
2023-10-25,Instituto,Rosario Central,0,0,1.9,3.11,4.47,1.95,3.15,4.84,Primera División,,20231025_Instituto_Rosario-Central,-19.24258434158469,1.52,1.02,4,4,8,10,49.6,50.4,2,0,0,0,4,5
2023-10-26,River Plate,Independiente,3,0,1.67,3.63,5.06,1.68,3.83,5.51,Primera División,,20231026_River-Plate_Independiente,145.30017985489576,0.78,1.18,3,3,7,8,58.5,41.5,0,0,0,0,3,8
2023-10-26,San Lorenzo,Platense,1,1,2.16,2.64,4.36,2.11,2.77,5.04,Primera División,,20231026_San-Lorenzo_Platense,44.58017750812246,0.85,1.25,3,5,6,14,45.5,54.5,2,0,0,0,3,7
2023-10-27,Lanus,Tigre,2,1,2.49,2.91,3.06,2.6,2.96,3.19,Primera División,,20231027_Lanus_Tigre,-9.40243308622803,0.47,0.85,2,2,5,4,45.3,54.7,2,2,0,0,1,5
2023-10-27,Newells Old Boys,Godoy Cruz,0,2,2.1,2.92,3.96,2.15,3.04,4.18,Primera División,,20231027_Newells-Old-Boys_Godoy-Cruz,-29.358976878426347,0.56,0.79,2,2,4,5,47.0,53.0,0,2,0,0,3,2
2023-10-28,Boca Juniors,Estudiantes L.P.,0,0,2.94,2.92,2.59,3.12,2.94,2.68,Primera División,,20231028_Boca-Juniors_Estudiantes-L.P.,27.95113848279857,0.93,0.1,2,2,4,5,47.7,52.3,1,2,0,1,3,2
2023-10-29,Colon Santa Fe,Atl. Tucuman,1,0,2.18,3.06,3.48,2.27,3.07,3.75,Primera División,,20231029_Colon-Santa-Fe_Atl.-Tucuman,-88.89064345736483,1.08,0.28,3,1,6,3,51.1,48.9,3,1,1,0,2,0
2023-10-29,Gimnasia L.P.,River Plate,1,2,4.99,3.74,1.65,5.41,3.95,1.67,Primera División,,20231029_Gimnasia-L.P._River-Plate,-176.25826946423354,0.41,0.25,3,2,7,5,32.1,67.9,2,2,0,0,6,3
2023-10-29,Instituto,Velez Sarsfield,0,1,2.43,2.71,3.42,2.57,2.73,3.6,Primera División,,20231029_Instituto_Velez-Sarsfield,38.974868756835804,0.82,1.36,2,6,6,12,57.8,42.2,2,1,0,0,3,5
2023-10-29,Rosario Central,Argentinos Jrs,3,1,2.85,2.96,2.6,3.13,2.96,2.66,Primera División,,20231029_Rosario-Central_Argentinos-Jrs,10.251217524715685,1.96,0.27,7,1,14,2,55.7,44.3,3,2,0,0,3,2
2023-10-30,Independiente,Arsenal Sarandi,0,0,1.46,3.99,7.22,1.51,4.08,7.6,Primera División,,20231030_Independiente_Arsenal-Sarandi,91.36005559326986,1.54,1.26,4,5,8,10,53.6,46.4,2,2,0,0,13,2
2023-10-30,Lanus,Belgrano,2,0,2.25,2.87,3.57,2.27,2.94,3.93,Primera División,,20231030_Lanus_Belgrano,-51.367161417333136,0.7,0.56,3,2,7,6,47.0,53.0,2,1,0,0,6,5
2023-10-30,Sarmiento Junin,San Lorenzo,0,0,3.39,2.73,2.43,3.62,2.77,2.52,Primera División,,20231030_Sarmiento-Junin_San-Lorenzo,-84.37564153065364,0.43,0.28,0,0,0,1,48.0,52.0,1,2,0,0,3,2
2023-10-30,Talleres Cordoba,Banfield,0,0,2.03,3.12,3.87,2.05,3.26,4.17,Primera División,,20231030_Talleres-Cordoba_Banfield,51.20405271100344,0.2,0.55,0,4,0,8,48.3,51.7,1,1,0,1,4,2
2023-10-31,Huracan,Barracas Central,0,0,1.75,3.18,5.33,1.81,3.27,5.58,Primera División,,20231031_Huracan_Barracas-Central,-1.3088994262841425,1.34,0.81,4,2,8,6,47.7,52.3,3,3,0,1,5,8
2023-10-31,Platense,Newells Old Boys,0,0,2.8,2.73,2.86,2.91,2.76,3.07,Primera División,,20231031_Platense_Newells-Old-Boys,-10.676906776926216,1.39,0.96,3,3,6,5,47.8,52.2,1,1,1,0,4,5
2023-10-31,Tigre,Godoy Cruz,1,0,2.52,2.92,3.0,2.66,3.01,3.08,Primera División,,20231031_Tigre_Godoy-Cruz,-98.12426657660922,1.32,0.5,4,2,7,5,38.1,61.9,0,0,0,0,7,4
2023-11-01,Central Cordoba,Union de Santa Fe,2,0,2.8,2.77,2.8,2.99,2.72,3.02,Primera División,,20231101_Central-Cordoba_Union-de-Santa-Fe,-12.825491703963053,0.98,0.05,4,0,9,0,46.0,54.0,3,1,0,0,7,2
2023-11-01,Defensa y Justicia,Racing Club,2,2,2.75,3.33,2.43,2.88,3.45,2.52,Primera División,,20231101_Defensa-y-Justicia_Racing-Club,-16.55051799271496,1.67,0.8,5,3,9,6,48.6,51.4,1,2,0,0,6,4
2023-11-03,Arsenal Sarandi,Gimnasia L.P.,0,0,3.25,3.05,2.31,3.52,3.09,2.35,Primera División,,20231103_Arsenal-Sarandi_Gimnasia-L.P.,-65.4413892437683,1.29,0.7,3,3,4,7,49.4,50.6,0,3,0,0,3,3
2023-11-04,Argentinos Jrs,Instituto,1,2,1.84,3.24,4.65,1.88,3.35,4.83,Primera División,,20231104_Argentinos-Jrs_Instituto,9.357981337370347,0.16,0.91,1,3,3,8,49.7,50.3,3,2,0,0,2,4
2023-11-04,River Plate,Huracan,1,2,1.45,4.14,7.2,1.48,4.3,7.83,Primera División,,20231104_River-Plate_Huracan,198.5111788586355,0.15,1.39,1,4,2,9,52.2,47.8,0,1,0,0,2,6
2023-11-05,Atl. Tucuman,Independiente,1,2,3.06,2.66,2.75,3.32,2.6,2.88,Primera División,,20231105_Atl.-Tucuman_Independiente,15.13027156923863,0.41,0.15,2,2,3,5,46.6,53.4,0,1,0,0,5,3
2023-11-05,Estudiantes L.P.,Defensa y Justicia,2,1,1.87,3.36,4.23,1.85,3.44,4.85,Primera División,,20231105_Estudiantes-L.P._Defensa-y-Justicia,-25.293930696482903,1.63,1.55,6,4,12,8,54.3,45.7,2,1,0,0,5,6
2023-11-05,Racing Club,Central Cordoba,1,1,1.59,3.78,5.72,1.6,3.96,6.28,Primera División,,20231105_Racing-Club_Central-Cordoba,70.7779908084351,1.25,1.59,4,6,9,13,55.6,44.4,1,2,0,0,3,3
2023-11-05,Union de Santa Fe,Lanus,0,0,2.46,2.9,3.15,2.59,2.84,3.39,Primera División,,20231105_Union-de-Santa-Fe_Lanus,-11.580357691887457,0.42,0.92,1,3,1,5,42.0,58.0,1,1,0,0,3,4
2023-11-05,Velez Sarsfield,Talleres Cordoba,1,1,2.26,2.97,3.49,2.22,3.08,3.87,Primera División,,20231105_Velez-Sarsfield_Talleres-Cordoba,-60.73974321442165,1.07,1.11,5,4,10,5,44.7,55.3,1,1,0,1,8,5
2023-11-06,Barracas Central,Rosario Central,1,1,2.34,2.94,3.32,2.37,2.99,3.61,Primera División,,20231106_Barracas-Central_Rosario-Central,-56.267439684549345,0.79,0.55,3,2,8,2,46.1,53.9,2,3,0,0,8,4
2023-11-06,Godoy Cruz,Platense,2,0,1.81,3.13,5.08,1.87,3.2,5.29,Primera División,,20231106_Godoy-Cruz_Platense,46.342231000629454,1.8,0.05,7,0,16,2,53.5,46.5,3,1,0,0,6,1
2023-11-06,Newells Old Boys,Sarmiento Junin,0,1,1.69,3.37,5.63,1.74,3.43,5.96,Primera División,,20231106_Newells-Old-Boys_Sarmiento-Junin,50.30815924369904,0.88,1.46,2,5,5,12,50.9,49.1,1,0,0,0,4,5
2023-11-07,Banfield,Colon Santa Fe,2,1,2.17,2.98,3.71,2.23,3.0,3.98,Primera División,,20231107_Banfield_Colon-Santa-Fe,29.858221241253887,1.17,1.71,4,7,7,16,55.0,45.0,3,0,0,0,2,6
2023-11-07,Belgrano,Tigre,0,3,2.45,2.82,3.28,2.57,2.79,3.5,Primera División,,20231107_Belgrano_Tigre,37.550954317435526,1.79,1.05,5,4,11,10,47.1,52.9,2,1,0,0,3,1
2023-11-08,San Lorenzo,Boca Juniors,1,1,2.76,2.73,2.93,2.93,2.76,3.04,Primera División,,20231108_San-Lorenzo_Boca-Juniors,-10.81756267017181,0.96,0.35,4,2,8,4,42.2,57.8,1,1,0,0,3,3
2023-11-10,Central Cordoba,Estudiantes L.P.,0,1,3.19,2.98,2.37,3.36,3.06,2.44,Primera División,,20231110_Central-Cordoba_Estudiantes-L.P.,-40.536708127398924,1.41,1.82,3,6,7,13,44.9,55.1,0,5,0,0,3,3
2023-11-11,Argentinos Jrs,Velez Sarsfield,1,1,2.1,2.91,3.94,2.2,2.94,4.19,Primera División,,20231111_Argentinos-Jrs_Velez-Sarsfield,7.251901229840996,0.63,1.46,2,3,4,6,56.3,43.7,0,2,0,0,2,7
2023-11-11,Gimnasia L.P.,Atl. Tucuman,1,2,2.22,2.99,3.47,2.31,3.06,3.65,Primera División,,20231111_Gimnasia-L.P._Atl.-Tucuman,-24.591211567806795,0.53,0.68,1,3,2,7,47.4,52.6,0,2,0,0,2,4
2023-11-11,Lanus,Racing Club,0,2,2.47,3.04,2.95,2.48,3.11,3.24,Primera División,,20231111_Lanus_Racing-Club,-69.24619557888786,0.47,0.9,2,2,3,7,51.8,48.2,2,1,0,0,3,7
2023-11-11,Rosario Central,River Plate,3,1,4.3,3.69,1.76,4.63,3.89,1.78,Primera División,,20231111_Rosario-Central_River-Plate,-124.75555107771197,1.99,2.25,5,5,10,12,43.0,57.0,2,0,1,1,6,6
2023-11-12,Belgrano,Union de Santa Fe,4,1,2.58,2.73,3.13,2.7,2.74,3.36,Primera División,,20231112_Belgrano_Union-de-Santa-Fe,21.73307026696216,1.96,1.19,6,2,11,4,57.9,42.1,0,2,0,0,5,3
2023-11-12,Boca Juniors,Newells Old Boys,1,0,1.99,3.01,4.26,2.06,3.03,4.57,Primera División,,20231112_Boca-Juniors_Newells-Old-Boys,52.520559373498145,0.34,1.1,1,3,1,6,55.5,44.5,2,3,0,0,3,7
2023-11-12,Colon Santa Fe,Talleres Cordoba,3,0,2.32,3.09,3.12,2.39,3.22,3.3,Primera División,,20231112_Colon-Santa-Fe_Talleres-Cordoba,-86.44511394166352,1.2,0.86,4,4,10,7,46.5,53.5,0,4,0,0,7,5
2023-11-12,Defensa y Justicia,San Lorenzo,0,1,2.59,2.85,2.98,2.73,2.85,3.17,Primera División,,20231112_Defensa-y-Justicia_San-Lorenzo,-3.1585895484151933,1.29,1.67,5,4,11,7,50.7,49.3,2,0,0,0,5,7
2023-11-12,Huracan,Arsenal Sarandi,1,0,1.63,3.33,6.25,1.66,3.37,7.26,Primera División,,20231112_Huracan_Arsenal-Sarandi,71.9225100397482,1.36,1.28,3,5,6,11,60.2,39.8,1,1,0,0,4,6
2023-11-12,Independiente,Banfield,0,0,1.9,3.0,4.66,1.93,3.09,5.17,Primera División,,20231112_Independiente_Banfield,15.443349687661794,1.12,0.21,3,0,5,2,45.0,55.0,2,0,0,0,4,2
2023-11-12,Tigre,Platense,1,1,1.9,3.07,4.58,1.93,3.21,4.83,Primera División,,20231112_Tigre_Platense,2.522260055785864,1.19,0.61,3,4,6,9,48.3,51.7,2,0,0,0,3,6
2023-11-13,Sarmiento Junin,Godoy Cruz,0,0,3.03,2.8,2.6,3.27,2.85,2.66,Primera División,,20231113_Sarmiento-Junin_Godoy-Cruz,-83.39406766461502,0.51,1.15,3,4,6,10,47.2,52.8,2,1,0,0,2,4
2023-11-14,Instituto,Barracas Central,0,0,1.69,3.24,5.72,1.73,3.38,6.16,Primera División,,20231114_Instituto_Barracas-Central,23.7627052069613,1.23,1.78,4,4,9,9,49.7,50.3,2,1,0,1,6,9
2023-11-25,Banfield,Gimnasia L.P.,2,0,2.19,2.98,3.55,2.27,3.1,3.71,Primera División,,20231125_Banfield_Gimnasia-L.P.,30.747200767327286,1.1,0.72,4,3,7,6,55.2,44.8,2,4,0,0,4,6
2023-11-25,Platense,Sarmiento Junin,1,0,2.19,2.9,3.73,2.28,2.9,4.0,Primera División,,20231125_Platense_Sarmiento-Junin,13.495048710204628,1.53,0.54,4,1,9,2,54.8,45.2,1,4,0,0,3,2
2023-11-25,Union de Santa Fe,Tigre,1,0,2.05,3.06,3.88,2.11,3.06,4.28,Primera División,,20231125_Union-de-Santa-Fe_Tigre,-21.92922035883771,1.15,0.96,3,4,5,10,51.8,48.2,1,0,0,0,1,2
2023-11-25,Velez Sarsfield,Colon Santa Fe,3,1,2.14,2.9,3.85,2.2,2.9,4.28,Primera División,,20231125_Velez-Sarsfield_Colon-Santa-Fe,15.183744317833998,1.03,1.58,4,4,10,7,56.2,43.8,0,2,0,0,5,10
2023-11-26,Arsenal Sarandi,Rosario Central,1,2,4.52,3.49,1.77,4.32,3.6,1.9,Primera División,,20231126_Arsenal-Sarandi_Rosario-Central,-134.96910385829506,0.66,1.37,3,4,7,8,44.1,55.9,3,2,0,0,6,8
2023-11-26,Atl. Tucuman,Huracan,0,2,2.5,2.75,3.26,2.57,2.76,3.56,Primera División,,20231126_Atl.-Tucuman_Huracan,15.243565881633003,0.11,1.83,0,5,0,12,50.7,49.3,1,1,0,0,0,4
2023-11-26,River Plate,Instituto,0,0,1.4,4.25,8.13,1.45,4.27,8.9,Primera División,,20231126_River-Plate_Instituto,138.09376264669095,0.37,0.05,0,0,0,0,53.5,46.5,0,3,0,0,1,1
2023-11-26,Talleres Cordoba,Independiente,3,2,2.57,2.5,3.53,2.68,2.44,3.98,Primera División,,20231126_Talleres-Cordoba_Independiente,4.808470833576166,1.95,0.83,8,3,19,6,49.7,50.3,2,2,0,0,10,3
2023-11-27,Estudiantes L.P.,Lanus,1,1,1.77,3.41,4.73,1.72,3.69,5.37,Primera División,,20231127_Estudiantes-L.P._Lanus,64.07327854614186,1.46,1.24,2,6,6,14,50.9,49.1,2,1,0,0,7,7
2023-11-27,Godoy Cruz,Boca Juniors,1,2,2.35,2.97,3.22,2.42,3.01,3.49,Primera División,,20231127_Godoy-Cruz_Boca-Juniors,-5.009528090123695,1.83,1.26,5,4,13,9,45.0,55.0,1,2,0,0,4,8
2023-11-27,San Lorenzo,Central Cordoba,2,0,2.03,2.94,4.17,2.08,2.96,4.6,Primera División,,20231127_San-Lorenzo_Central-Cordoba,65.74220540250872,0.98,0.65,3,2,7,4,53.3,46.7,1,3,0,0,0,4
2023-11-28,Barracas Central,Argentinos Jrs,1,1,3.39,2.85,2.35,3.71,2.87,2.41,Primera División,,20231128_Barracas-Central_Argentinos-Jrs,-7.404523538688409,0.53,0.73,1,4,4,9,52.6,47.4,2,1,0,0,4,4
2023-11-28,Newells Old Boys,Defensa y Justicia,3,0,1.73,3.44,5.03,1.69,3.64,5.85,Primera División,,20231128_Newells-Old-Boys_Defensa-y-Justicia,-37.60020371714677,1.06,0.05,3,0,7,1,55.8,44.2,1,1,0,0,4,2
2023-11-28,Racing Club,Belgrano,4,1,2.03,3.15,3.82,2.06,3.21,4.14,Primera División,,20231128_Racing-Club_Belgrano,56.68298669838623,1.62,0.66,4,2,9,4,56.9,43.1,4,1,0,0,4,2
2023-12-01,Gimnasia L.P.,Colon Santa Fe,1,0,3.62,2.97,2.2,3.83,3.03,2.26,Primera División,,20231201_Gimnasia-L.P._Colon-Santa-Fe,7.196120510382798,1.67,0.62,6,2,15,3,51.8,48.2,0,0,0,0,9,4
2023-12-02,Huracan,Platense,1,1,2.4,2.68,3.61,2.55,2.68,3.73,Primera División,,20231202_Huracan_Platense,22.08412112837891,0.27,0.93,2,2,3,5,52.2,47.8,0,1,0,0,5,6
2023-12-03,Godoy Cruz,Banfield,0,0,2.59,2.71,3.2,2.74,2.7,3.36,Primera División,,20231203_Godoy-Cruz_Banfield,21.291196113700153,1.16,0.06,4,1,8,1,49.0,51.0,1,0,0,0,5,1
2023-12-03,River Plate,Belgrano,2,1,1.55,3.74,6.17,1.58,3.87,6.73,Primera División,,20231203_River-Plate_Belgrano,138.40063120888044,2.49,0.76,8,2,16,4,46.6,53.4,3,3,0,0,4,4
2023-12-04,Racing Club,Rosario Central,2,2,1.94,3.25,4.09,1.93,3.3,4.62,Primera División,,20231204_Racing-Club_Rosario-Central,18.79834232055441,0.87,1.9,2,6,6,15,53.4,46.6,0,2,0,0,3,12
2023-12-09,Godoy Cruz,Platense,1,1,2.32,2.77,3.61,2.44,2.8,3.75,Primera División,,20231209_Godoy-Cruz_Platense,39.389192907009146,1.34,1.55,3,5,6,11,50.7,49.3,1,3,0,0,5,2
2023-12-10,River Plate,Rosario Central,0,0,1.58,3.97,5.39,1.62,4.15,5.59,Primera División,,20231210_River-Plate_Rosario-Central,87.20607081556932,0.05,0.79,0,3,0,5,53.1,46.9,2,0,0,0,1,4
2023-12-17,Rosario Central,Platense,1,0,2.61,2.75,3.05,2.74,2.8,3.21,Primera División,,20231217_Rosario-Central_Platense,62.54505081499224,1.52,1.59,5,5,11,10,52.8,47.2,0,0,0,0,4,5
2024-01-25,Instituto,Dep. Riestra,0,0,2.29,2.77,3.67,2.36,2.75,4.06,Primera División,,20240125_Instituto_Dep.-Riestra,8.737134292482096,1.8,1.28,7,4,14,12,46.3,53.7,1,1,0,0,4,4
2024-01-25,Tigre,Sarmiento Junin,0,0,1.83,3.14,4.79,1.88,3.21,5.26,Primera División,,20240125_Tigre_Sarmiento-Junin,14.62080781477789,1.4,0.68,4,2,8,5,51.9,48.1,2,1,0,0,7,8
2024-01-26,Atl. Tucuman,Rosario Central,1,1,2.06,2.99,3.97,2.12,3.02,4.32,Primera División,,20240126_Atl.-Tucuman_Rosario-Central,-62.24887283984481,1.34,0.78,7,1,16,4,49.0,51.0,2,3,0,0,9,3
2024-01-26,Barracas Central,Velez Sarsfield,1,1,3.37,2.77,2.42,3.48,2.84,2.54,Primera División,,20240126_Barracas-Central_Velez-Sarsfield,-11.87369435530718,1.36,0.65,4,3,9,7,59.1,40.9,1,1,0,0,3,1
2024-01-26,Central Cordoba,Newells Old Boys,0,1,3.3,2.78,2.45,3.49,2.83,2.54,Primera División,,20240126_Central-Cordoba_Newells-Old-Boys,-24.251274561128866,0.91,2.4,3,6,8,14,51.7,48.3,1,2,0,0,5,4
2024-01-26,Talleres Cordoba,Gimnasia L.P.,0,1,1.78,3.3,4.87,1.78,3.4,5.56,Primera División,,20240126_Talleres-Cordoba_Gimnasia-L.P.,60.956169106981406,0.49,0.65,2,2,3,6,48.2,51.8,1,2,0,0,3,3
2024-01-27,Banfield,Huracan,0,2,2.82,2.65,2.95,3.01,2.68,3.05,Primera División,,20240127_Banfield_Huracan,-0.9937530556269394,0.05,0.12,0,2,1,3,54.3,45.7,0,3,0,0,3,3
2024-01-27,Ind. Rivadavia,Independiente,0,1,3.44,2.81,2.38,3.65,2.89,2.42,Primera División,,20240127_Ind.-Rivadavia_Independiente,-7.50129019005567,0.33,0.92,2,3,6,7,46.2,53.8,2,0,1,0,6,4
2024-01-27,Platense,Boca Juniors,0,0,3.68,2.93,2.19,3.97,2.91,2.28,Primera División,,20240127_Platense_Boca-Juniors,-77.29530340330007,0.17,0.32,2,2,5,3,42.5,57.5,1,1,0,0,6,3
2024-01-27,San Lorenzo,Lanus,0,2,2.79,2.7,2.93,2.98,2.75,2.99,Primera División,,20240127_San-Lorenzo_Lanus,75.63411604945463,0.83,0.64,4,2,9,4,51.6,48.4,2,3,0,0,8,1
2024-01-28,Godoy Cruz,Defensa y Justicia,2,0,1.9,3.21,4.3,1.95,3.32,4.5,Primera División,,20240128_Godoy-Cruz_Defensa-y-Justicia,29.687741553067326,2.1,1.1,5,3,11,6,53.8,46.2,1,0,0,0,6,12
2024-01-28,Racing Club,Union de Santa Fe,0,1,1.78,3.29,4.86,1.83,3.29,5.39,Primera División,,20240128_Racing-Club_Union-de-Santa-Fe,97.57112736932822,0.84,1.29,3,3,7,6,53.4,46.6,0,2,0,0,3,5
2024-01-28,River Plate,Argentinos Jrs,1,1,1.55,3.83,6.06,1.56,4.03,6.74,Primera División,,20240128_River-Plate_Argentinos-Jrs,153.04267349956626,1.27,1.57,5,5,12,12,52.4,47.6,1,0,0,0,12,8
2024-01-29,Estudiantes L.P.,Belgrano,1,0,1.97,3.02,4.3,2.0,3.1,4.7,Primera División,,20240129_Estudiantes-L.P._Belgrano,47.559820492659355,1.43,0.05,7,0,14,0,55.6,44.4,2,2,0,0,5,2
2024-01-30,Gimnasia L.P.,Ind. Rivadavia,2,3,1.91,3.1,4.48,1.88,3.2,5.2,Primera División,,20240130_Gimnasia-L.P._Ind.-Rivadavia,0.846422976642998,1.43,1.82,3,7,8,13,52.0,48.0,1,1,0,0,5,2
2024-01-30,Huracan,Talleres Cordoba,1,2,2.55,2.91,2.99,2.6,2.93,3.25,Primera División,,20240130_Huracan_Talleres-Cordoba,7.699022632074275,1.36,1.21,3,3,6,8,51.6,48.4,1,2,0,0,5,3
2024-01-30,Instituto,Atl. Tucuman,3,0,2.33,2.73,3.6,2.42,2.83,3.75,Primera División,,20240130_Instituto_Atl.-Tucuman,-2.271801768464229,1.4,1.83,5,5,12,11,49.4,50.6,0,0,0,0,5,4
2024-01-30,Rosario Central,Banfield,0,0,2.23,2.86,3.66,2.24,2.95,4.03,Primera División,,20240130_Rosario-Central_Banfield,64.03400267964525,0.05,0.65,0,1,0,2,63.5,36.5,2,2,0,0,2,3
2024-01-31,Argentinos Jrs,Dep. Riestra,2,0,1.97,3.0,4.38,2.04,3.03,4.68,Primera División,,20240131_Argentinos-Jrs_Dep.-Riestra,-6.104257224266803,2.13,0.53,8,1,17,1,51.3,48.7,1,1,0,0,8,5
2024-01-31,Belgrano,San Lorenzo,1,1,2.12,2.83,4.12,2.14,2.84,4.65,Primera División,,20240131_Belgrano_San-Lorenzo,-59.29289476674103,0.05,0.94,1,1,2,1,38.5,61.5,0,0,0,0,4,4
2024-01-31,Defensa y Justicia,Platense,3,0,2.25,3.0,3.42,2.31,3.08,3.62,Primera División,,20240131_Defensa-y-Justicia_Platense,3.25134220701716,1.7,0.79,6,1,14,3,54.6,45.4,3,1,0,0,6,3
2024-01-31,Lanus,Newells Old Boys,0,2,2.55,2.79,3.1,2.53,2.84,3.24,Primera División,,20240131_Lanus_Newells-Old-Boys,-11.22299774599901,1.52,1.35,5,3,12,7,48.5,51.5,0,1,0,0,4,3
2024-01-31,Racing Club,Tigre,3,0,1.87,3.31,4.29,1.88,3.38,4.76,Primera División,,20240131_Racing-Club_Tigre,86.37530005435428,1.48,0.49,4,3,8,7,52.2,47.8,0,5,0,0,8,2
2024-01-31,Velez Sarsfield,Independiente,0,1,2.65,2.79,2.97,2.77,2.79,3.2,Primera División,,20240131_Velez-Sarsfield_Independiente,-25.442787825588766,0.77,0.86,3,1,6,2,50.4,49.6,1,2,0,0,1,3
2024-02-01,Barracas Central,River Plate,0,2,5.32,3.64,1.64,5.26,3.63,1.63,Primera División,,20240201_Barracas-Central_River-Plate,-154.55721646279903,0.3,1.09,2,4,5,10,52.4,47.6,0,3,0,0,6,8
2024-02-01,Boca Juniors,Sarmiento Junin,1,1,1.59,3.57,6.26,1.58,3.77,7.2,Primera División,,20240201_Boca-Juniors_Sarmiento-Junin,102.98101494463685,0.43,0.54,1,1,4,3,59.8,40.2,1,0,0,0,6,6
2024-02-02,Central Cordoba,Godoy Cruz,0,2,4.03,2.91,2.1,4.45,2.92,2.14,Primera División,,20240202_Central-Cordoba_Godoy-Cruz,-87.09284084109868,0.92,1.47,1,5,3,9,45.8,54.2,2,1,0,0,1,8
2024-02-02,Union de Santa Fe,Estudiantes L.P.,0,1,2.66,2.84,2.92,2.75,2.93,3.05,Primera División,,20240202_Union-de-Santa-Fe_Estudiantes-L.P.,-56.60359728916478,0.42,1.27,2,4,6,9,49.0,51.0,2,1,0,0,7,3
2024-02-03,Independiente,Gimnasia L.P.,0,1,2.0,3.04,4.14,1.94,3.22,4.78,Primera División,,20240203_Independiente_Gimnasia-L.P.,53.288816015466864,0.26,0.78,1,3,4,7,51.9,48.1,1,1,0,0,5,7
2024-02-04,Dep. Riestra,Barracas Central,0,1,2.49,2.78,3.23,2.65,2.82,3.32,Primera División,,20240204_Dep.-Riestra_Barracas-Central,12.33335262249102,0.35,0.83,2,2,6,5,52.0,48.0,3,3,0,0,4,2
2024-02-04,Ind. Rivadavia,Huracan,2,0,3.02,2.84,2.58,3.15,2.87,2.73,Primera División,,20240204_Ind.-Rivadavia_Huracan,-17.03848428192191,0.77,1.08,2,3,5,5,48.7,51.3,0,2,0,0,2,3
2024-02-04,Platense,Central Cordoba,1,0,2.07,2.93,4.07,2.08,2.97,4.63,Primera División,,20240204_Platense_Central-Cordoba,29.365212964915372,1.61,0.47,6,2,13,4,51.6,48.4,0,2,0,0,6,3
2024-02-04,River Plate,Velez Sarsfield,5,0,1.58,3.66,6.0,1.58,3.82,6.89,Primera División,,20240204_River-Plate_Velez-Sarsfield,161.61432103063112,1.51,1.07,5,3,9,6,55.9,44.1,2,1,0,0,3,3
2024-02-04,Talleres Cordoba,Rosario Central,4,1,1.77,3.3,4.97,1.78,3.41,5.56,Primera División,,20240204_Talleres-Cordoba_Rosario-Central,-32.35509705745494,1.15,0.44,4,3,8,5,47.6,52.4,2,2,0,0,6,2
2024-02-05,Godoy Cruz,Lanus,1,0,2.17,2.99,3.62,2.26,2.99,3.9,Primera División,,20240205_Godoy-Cruz_Lanus,72.40295537383327,2.12,0.8,5,3,11,6,58.4,41.6,3,1,0,0,8,4
2024-02-05,Newells Old Boys,Belgrano,1,0,1.9,2.98,4.83,1.93,3.06,5.44,Primera División,,20240205_Newells-Old-Boys_Belgrano,33.60965404870012,0.87,0.93,4,3,9,7,52.6,47.4,1,3,0,0,2,6
2024-02-05,San Lorenzo,Union de Santa Fe,0,0,2.3,2.68,3.81,2.38,2.65,4.24,Primera División,,20240205_San-Lorenzo_Union-de-Santa-Fe,55.63546435789749,1.57,1.52,6,5,14,11,58.6,41.4,0,1,0,0,8,10
2024-02-05,Tigre,Boca Juniors,0,2,3.49,2.84,2.32,3.58,2.9,2.45,Primera División,,20240205_Tigre_Boca-Juniors,-94.99005211415374,0.74,1.28,2,4,3,9,56.2,43.8,1,2,0,0,2,3
2024-02-06,Banfield,Instituto,0,2,2.45,2.6,3.59,2.66,2.58,3.71,Primera División,,20240206_Banfield_Instituto,-13.659414496850786,1.08,2.23,3,8,5,18,57.6,42.4,4,2,0,0,0,4
2024-02-06,Estudiantes L.P.,Racing Club,0,0,2.17,3.06,3.51,2.26,3.12,3.7,Primera División,,20240206_Estudiantes-L.P._Racing-Club,-9.413911348029615,1.72,0.12,5,1,11,1,54.0,46.0,1,1,0,0,7,3
2024-02-06,Sarmiento Junin,Defensa y Justicia,2,3,2.81,2.85,2.77,2.98,2.89,2.84,Primera División,,20240206_Sarmiento-Junin_Defensa-y-Justicia,-42.62153864999823,0.18,1.35,2,3,3,7,43.5,56.5,0,0,0,0,0,3
2024-02-07,Atl. Tucuman,Argentinos Jrs,0,0,2.48,2.86,3.15,2.58,2.92,3.31,Primera División,,20240207_Atl.-Tucuman_Argentinos-Jrs,-7.779495396040829,1.51,0.7,5,3,9,6,39.8,60.2,1,3,0,0,3,5
2024-02-08,Rosario Central,Ind. Rivadavia,1,0,2.02,3.05,4.07,2.04,3.15,4.43,Primera División,,20240208_Rosario-Central_Ind.-Rivadavia,40.523998069889785,0.55,1.26,1,4,1,8,55.8,44.2,3,0,0,0,3,4
2024-02-09,Estudiantes L.P.,Tigre,2,0,1.67,3.49,5.41,1.68,3.64,5.98,Primera División,,20240209_Estudiantes-L.P._Tigre,104.23835306583442,0.84,0.41,3,2,7,5,53.3,46.7,2,0,0,0,5,3
2024-02-09,Huracan,Independiente,0,0,2.64,2.69,3.11,2.67,2.73,3.42,Primera División,,20240209_Huracan_Independiente,-11.800070676063115,1.58,0.05,5,0,10,1,53.8,46.2,1,2,0,0,8,4
2024-02-09,Union de Santa Fe,Newells Old Boys,1,3,3.05,2.67,2.72,3.16,2.73,2.85,Primera División,,20240209_Union-de-Santa-Fe_Newells-Old-Boys,-42.94617499425203,1.6,1.47,4,4,8,8,54.0,46.0,3,2,0,0,5,8
2024-02-10,Argentinos Jrs,Banfield,4,2,2.11,2.88,4.01,2.21,2.91,4.23,Primera División,,20240210_Argentinos-Jrs_Banfield,10.813597492912777,1.08,1.73,4,6,9,15,49.1,50.9,0,3,0,0,2,11
2024-02-10,Boca Juniors,Defensa y Justicia,0,0,1.71,3.51,4.97,1.71,3.65,5.61,Primera División,,20240210_Boca-Juniors_Defensa-y-Justicia,51.71034369113772,1.02,0.9,3,3,6,6,48.1,51.9,2,1,1,0,5,4
2024-02-10,Racing Club,San Lorenzo,4,1,2.16,2.9,3.8,2.27,2.94,3.97,Primera División,,20240210_Racing-Club_San-Lorenzo,32.08649445574133,1.8,1.06,5,2,12,3,50.0,50.0,1,3,0,0,7,7
2024-02-10,Velez Sarsfield,Gimnasia L.P.,3,1,2.14,2.98,3.72,2.21,3.07,3.91,Primera División,,20240210_Velez-Sarsfield_Gimnasia-L.P.,-15.01441561305819,2.11,1.16,6,3,14,8,53.0,47.0,0,0,0,0,5,6
2024-02-11,Belgrano,Godoy Cruz,0,1,2.43,2.84,3.26,2.42,2.95,3.55,Primera División,,20240211_Belgrano_Godoy-Cruz,-91.94224287433667,1.37,0.13,6,2,15,5,50.2,49.8,2,2,0,0,10,5
2024-02-11,Central Cordoba,Sarmiento Junin,3,0,2.62,2.68,3.18,2.73,2.68,3.41,Primera División,,20240211_Central-Cordoba_Sarmiento-Junin,-14.223353436348816,0.47,0.33,3,0,7,0,48.8,51.2,1,1,0,0,2,0
2024-02-11,Dep. Riestra,River Plate,0,3,6.55,4.1,1.48,7.33,4.26,1.5,Primera División,,20240211_Dep.-Riestra_River-Plate,-175.41448113550973,0.05,1.16,0,3,2,7,38.5,61.5,2,2,0,1,3,4
2024-02-11,Lanus,Platense,3,0,2.02,2.97,4.17,2.04,3.04,4.64,Primera División,,20240211_Lanus_Platense,-17.09160585772588,1.24,0.68,4,1,8,2,52.9,47.1,1,2,0,0,5,4
2024-02-12,Barracas Central,Atl. Tucuman,2,0,2.79,2.75,2.86,2.97,2.8,2.96,Primera División,,20240212_Barracas-Central_Atl.-Tucuman,-10.714073057243695,1.32,0.55,5,0,11,0,46.8,53.2,2,0,0,0,3,4
2024-02-12,Instituto,Talleres Cordoba,2,2,3.44,2.87,2.31,3.73,2.94,2.36,Primera División,,20240212_Instituto_Talleres-Cordoba,-15.23141435785783,1.16,1.72,4,6,8,12,48.8,51.2,5,2,0,0,7,6
2024-02-13,Gimnasia L.P.,Huracan,3,1,2.57,2.94,2.96,2.72,2.94,3.07,Primera División,,20240213_Gimnasia-L.P._Huracan,-26.76194086046644,1.11,0.94,3,2,8,3,47.5,52.5,2,2,0,0,9,1
2024-02-13,Newells Old Boys,Racing Club,0,4,2.11,3.02,3.76,2.17,3.13,3.93,Primera División,,20240213_Newells-Old-Boys_Racing-Club,-41.335848979544835,0.67,2.22,1,7,1,17,53.0,47.0,5,4,0,0,5,12
2024-02-13,San Lorenzo,Estudiantes L.P.,1,1,3.37,2.81,2.39,3.62,2.86,2.45,Primera División,,20240213_San-Lorenzo_Estudiantes-L.P.,-42.721631668154714,0.75,0.43,3,1,5,1,43.8,56.2,0,3,0,0,5,0
2024-02-14,Banfield,Barracas Central,0,0,2.48,2.7,3.38,2.54,2.71,3.68,Primera División,,20240214_Banfield_Barracas-Central,-16.853893597206934,0.9,0.05,3,0,7,0,52.7,47.3,0,0,0,0,6,2
2024-02-14,Boca Juniors,Central Cordoba,2,0,1.35,4.55,9.25,1.35,4.87,10.77,Primera División,,20240214_Boca-Juniors_Central-Cordoba,115.36180186721026,1.16,0.77,3,2,8,2,63.1,36.9,1,2,0,0,7,5
2024-02-14,Godoy Cruz,Union de Santa Fe,0,0,2.11,2.93,3.89,2.12,3.01,4.32,Primera División,,20240214_Godoy-Cruz_Union-de-Santa-Fe,99.01395804775848,1.08,1.08,2,5,7,12,54.1,45.9,1,0,0,0,10,7
2024-02-14,Independiente,Rosario Central,1,0,1.95,3.13,4.19,2.02,3.16,4.48,Primera División,,20240214_Independiente_Rosario-Central,-47.87554406570098,0.6,1.59,2,5,5,12,54.5,45.5,1,1,0,0,1,4
2024-02-14,Sarmiento Junin,Lanus,0,1,3.65,2.9,2.22,4.01,2.97,2.23,Primera División,,20240214_Sarmiento-Junin_Lanus,-45.10742346384086,0.56,1.68,2,6,3,13,55.0,45.0,2,2,0,0,3,5
2024-02-14,Tigre,Defensa y Justicia,0,1,2.77,2.92,2.73,2.93,2.96,2.82,Primera División,,20240214_Tigre_Defensa-y-Justicia,-71.15372316865137,0.27,1.86,0,8,0,18,55.1,44.9,0,1,0,0,4,8
2024-02-15,Atl. Tucuman,River Plate,0,0,3.96,3.26,1.95,4.01,3.47,2.01,Primera División,,20240215_Atl.-Tucuman_River-Plate,-170.9607054798073,0.68,0.73,3,4,7,9,39.0,61.0,1,2,0,0,4,5
2024-02-15,Dep. Riestra,Velez Sarsfield,1,2,3.73,2.91,2.19,4.0,2.96,2.24,Primera División,,20240215_Dep.-Riestra_Velez-Sarsfield,-19.14982433351247,1.08,0.96,2,4,5,10,39.0,61.0,3,1,0,0,4,5
2024-02-15,Platense,Belgrano,1,1,2.39,2.83,3.36,2.44,2.91,3.57,Primera División,,20240215_Platense_Belgrano,13.86783749131132,1.11,0.98,4,4,8,10,40.5,59.5,3,2,0,0,3,7
2024-02-16,Ind. Rivadavia,Instituto,0,2,3.27,2.67,2.57,3.63,2.64,2.64,Primera División,,20240216_Ind.-Rivadavia_Instituto,-30.298460054973702,1.69,1.05,6,3,14,8,45.1,54.9,0,0,0,0,11,6
2024-02-16,Talleres Cordoba,Argentinos Jrs,2,1,1.9,3.29,4.17,1.87,3.44,4.76,Primera División,,20240216_Talleres-Cordoba_Argentinos-Jrs,28.9817884981685,1.06,0.44,4,2,8,4,47.2,52.8,1,4,0,1,3,5
2024-02-17,Racing Club,Godoy Cruz,0,2,1.69,3.45,5.37,1.7,3.56,5.89,Primera División,,20240217_Racing-Club_Godoy-Cruz,20.225626273353782,1.43,1.31,5,3,11,7,51.6,48.4,3,2,0,0,7,4
2024-02-17,San Lorenzo,Tigre,2,0,1.79,3.23,4.99,1.79,3.32,5.72,Primera División,,20240217_San-Lorenzo_Tigre,89.56912309015684,0.88,1.1,2,5,5,12,56.9,43.1,5,0,0,0,4,5
2024-02-18,Instituto,Independiente,0,2,2.6,2.72,3.13,2.65,2.81,3.34,Primera División,,20240218_Instituto_Independiente,13.749676534812806,0.66,1.37,1,4,1,10,51.7,48.3,1,1,0,0,6,1
2024-02-18,River Plate,Banfield,1,1,1.42,4.12,7.9,1.42,4.47,9.09,Primera División,,20240218_River-Plate_Banfield,167.7369067877196,0.05,1.46,1,5,4,12,52.0,48.0,4,3,0,0,3,7
2024-02-18,Rosario Central,Gimnasia L.P.,2,1,2.42,2.99,3.08,2.46,3.11,3.28,Primera División,,20240218_Rosario-Central_Gimnasia-L.P.,59.05707225159426,1.3,1.59,5,6,10,14,59.1,40.9,4,1,0,0,11,6
2024-02-18,Velez Sarsfield,Huracan,1,0,1.98,3.13,4.05,2.03,3.25,4.26,Primera División,,20240218_Velez-Sarsfield_Huracan,7.521915879560311,1.1,0.92,4,2,10,6,51.9,48.1,1,3,0,0,4,4
2024-02-19,Barracas Central,Talleres Cordoba,2,1,3.98,3.36,1.92,4.37,3.48,1.93,Primera División,,20240219_Barracas-Central_Talleres-Cordoba,-57.7777331172374,1.78,0.38,7,3,14,6,47.0,53.0,1,4,0,0,5,5
2024-02-19,Dep. Riestra,Atl. Tucuman,1,0,3.04,2.82,2.58,3.21,2.83,2.72,Primera División,,20240219_Dep.-Riestra_Atl.-Tucuman,-34.08049674493736,0.73,1.01,3,3,5,6,52.3,47.7,1,1,0,0,2,2
2024-02-19,Estudiantes L.P.,Newells Old Boys,2,0,2.1,2.99,3.84,2.15,3.02,4.19,Primera División,,20240219_Estudiantes-L.P._Newells-Old-Boys,39.292010568966816,1.16,0.84,5,3,12,8,46.2,53.8,1,1,0,0,2,1
2024-02-19,Lanus,Boca Juniors,2,1,3.24,2.87,2.41,3.4,2.96,2.49,Primera División,,20240219_Lanus_Boca-Juniors,-78.71804187687871,0.87,1.22,4,3,7,6,43.5,56.5,1,2,0,0,6,4
2024-02-20,Argentinos Jrs,Ind. Rivadavia,2,1,1.67,3.4,5.58,1.68,3.5,6.42,Primera División,,20240220_Argentinos-Jrs_Ind.-Rivadavia,15.451463815388252,0.88,0.88,4,3,8,6,51.4,48.6,0,2,0,0,6,5
2024-02-20,Belgrano,Sarmiento Junin,4,1,1.93,2.95,4.69,1.92,3.09,5.23,Primera División,,20240220_Belgrano_Sarmiento-Junin,34.080960583916976,1.42,0.86,4,2,10,5,50.5,49.5,5,0,1,0,6,2
2024-02-20,Defensa y Justicia,Central Cordoba,1,1,1.61,3.74,5.49,1.66,3.88,5.69,Primera División,,20240220_Defensa-y-Justicia_Central-Cordoba,84.92935784402266,0.94,0.44,5,2,12,4,55.6,44.4,2,0,0,0,3,2
2024-02-20,Union de Santa Fe,Platense,0,0,2.17,2.83,3.88,2.17,2.91,4.35,Primera División,,20240220_Union-de-Santa-Fe_Platense,0.6623946574602542,1.03,1.16,3,5,7,10,56.4,43.6,2,1,0,0,3,6
2024-02-24,Belgrano,Talleres Cordoba,2,2,3.13,2.93,2.44,3.24,3.01,2.55,Primera División,,20240224_Belgrano_Talleres-Cordoba,-68.63917907243649,1.16,1.85,4,5,10,11,51.9,48.1,3,2,0,0,2,7
2024-02-24,Huracan,San Lorenzo,0,0,2.69,2.64,3.12,2.79,2.7,3.29,Primera División,,20240224_Huracan_San-Lorenzo,-55.96079653530933,0.85,1.29,4,3,10,8,51.9,48.1,2,2,0,0,7,2
2024-02-24,Independiente,Racing Club,0,1,2.68,2.86,2.87,2.75,2.92,3.06,Primera División,,20240224_Independiente_Racing-Club,-35.51119646893744,0.05,1.25,1,6,3,13,45.4,54.6,2,2,0,0,2,7
2024-02-25,Gimnasia L.P.,Estudiantes L.P.,0,0,3.34,2.92,2.32,3.47,2.99,2.44,Primera División,,20240225_Gimnasia-L.P._Estudiantes-L.P.,-96.57796958591689,0.05,2.13,1,6,3,12,47.5,52.5,1,0,0,0,3,8
2024-02-25,Newells Old Boys,Rosario Central,0,1,2.07,2.9,4.11,2.14,3.0,4.29,Primera División,,20240225_Newells-Old-Boys_Rosario-Central,-43.0277528564086,0.88,0.43,1,3,1,7,51.9,48.1,1,1,0,0,1,3
2024-02-25,River Plate,Boca Juniors,1,1,1.9,3.21,4.28,1.91,3.37,4.69,Primera División,,20240225_River-Plate_Boca-Juniors,86.35738992676215,1.5,1.2,5,4,10,9,54.9,45.1,2,1,0,0,4,7
2024-02-25,Sarmiento Junin,Barracas Central,0,0,2.61,2.78,3.04,2.77,2.81,3.17,Primera División,,20240225_Sarmiento-Junin_Barracas-Central,-94.55045450131115,0.09,0.58,1,3,3,7,45.7,54.3,1,0,0,0,3,5
2024-02-25,Union de Santa Fe,Ind. Rivadavia,4,1,1.78,3.12,5.29,1.81,3.26,5.72,Primera División,,20240225_Union-de-Santa-Fe_Ind.-Rivadavia,-1.9907282619192301,1.72,1.52,6,6,13,14,48.9,51.1,2,0,0,0,8,10
2024-02-26,Argentinos Jrs,Platense,3,1,2.07,2.91,4.05,2.13,2.98,4.36,Primera División,,20240226_Argentinos-Jrs_Platense,40.99218400588984,0.46,0.8,3,1,7,4,45.6,54.4,1,3,1,0,5,0
2024-02-26,Defensa y Justicia,Dep. Riestra,1,1,1.68,3.59,5.16,1.68,3.81,5.61,Primera División,,20240226_Defensa-y-Justicia_Dep.-Riestra,54.24125125738419,1.85,1.84,7,4,14,8,53.3,46.7,0,4,0,0,7,3
2024-02-26,Instituto,Godoy Cruz,0,2,1.92,2.98,4.72,1.89,3.18,5.2,Primera División,,20240226_Instituto_Godoy-Cruz,-51.88075279760733,1.3,0.86,5,3,12,7,50.7,49.3,0,0,0,0,4,5
2024-02-26,Lanus,Banfield,1,1,2.04,2.87,4.27,2.06,2.95,4.75,Primera División,,20240226_Lanus_Banfield,21.244629966753564,1.25,1.36,4,5,10,12,54.8,45.2,3,1,0,0,5,7
2024-02-27,Central Cordoba,Atl. Tucuman,0,0,2.92,2.84,2.65,3.04,2.9,2.79,Primera División,,20240227_Central-Cordoba_Atl.-Tucuman,-32.66934170547256,0.05,0.78,0,2,0,7,51.3,48.7,2,1,0,0,1,1
2024-02-27,Velez Sarsfield,Tigre,2,2,1.5,3.91,6.75,1.52,4.09,7.38,Primera División,,20240227_Velez-Sarsfield_Tigre,82.55703364221631,0.26,0.41,2,2,3,4,51.4,48.6,3,1,0,0,0,4
2024-02-29,Gimnasia L.P.,Instituto,1,3,2.44,2.91,3.13,2.5,2.99,3.36,Primera División,,20240229_Gimnasia-L.P._Instituto,-36.248920965652815,0.21,1.4,1,4,2,8,44.9,55.1,1,1,0,0,3,3
2024-03-01,Huracan,Rosario Central,2,0,2.21,2.91,3.62,2.27,2.94,3.95,Primera División,,20240301_Huracan_Rosario-Central,-88.4651884276418,1.26,0.87,5,4,11,9,55.1,44.9,0,0,0,0,4,1
2024-03-01,Ind. Rivadavia,Barracas Central,1,3,2.54,2.93,2.97,2.68,2.93,3.13,Primera División,,20240301_Ind.-Rivadavia_Barracas-Central,-42.98361144324281,0.7,2.0,1,7,1,15,52.0,48.0,0,1,0,0,2,6
2024-03-01,Tigre,Central Cordoba,1,0,2.21,2.99,3.5,2.21,3.1,3.86,Primera División,,20240301_Tigre_Central-Cordoba,-15.552376225270791,1.01,0.81,4,2,9,5,46.0,54.0,1,1,0,0,2,4
2024-03-02,Atl. Tucuman,Velez Sarsfield,0,0,2.67,2.88,2.85,2.79,2.92,3.02,Primera División,,20240302_Atl.-Tucuman_Velez-Sarsfield,-30.987530553705255,0.62,1.21,2,5,5,14,49.4,50.6,2,5,0,0,2,5
2024-03-02,Banfield,Dep. Riestra,2,0,1.96,2.93,4.56,1.99,2.92,5.29,Primera División,,20240302_Banfield_Dep.-Riestra,17.446633597790424,1.38,1.02,5,3,13,7,50.9,49.1,2,2,0,0,8,5
2024-03-02,Independiente,Argentinos Jrs,2,1,2.13,2.88,3.95,2.14,2.95,4.38,Primera División,,20240302_Independiente_Argentinos-Jrs,2.6491846447886473,1.33,0.91,4,2,10,3,49.3,50.7,2,1,0,0,4,4
2024-03-02,Platense,Racing Club,0,0,3.69,2.99,2.13,3.95,3.09,2.19,Primera División,,20240302_Platense_Racing-Club,-121.88947182822562,0.58,0.99,3,2,7,4,42.8,57.2,2,1,0,0,4,3
2024-03-02,Sarmiento Junin,Union de Santa Fe,1,2,2.63,2.64,3.19,2.78,2.69,3.33,Primera División,,20240302_Sarmiento-Junin_Union-de-Santa-Fe,-67.338911059069,0.73,1.55,1,5,2,12,49.4,50.6,0,0,0,0,3,6
2024-03-03,Boca Juniors,Belgrano,3,2,1.68,3.46,5.25,1.68,3.61,6.05,Primera División,,20240303_Boca-Juniors_Belgrano,85.7284905422066,1.47,0.92,5,3,9,8,48.1,51.9,3,3,0,1,9,2
2024-03-03,Defensa y Justicia,Lanus,0,4,2.57,2.93,2.94,2.67,2.96,3.11,Primera División,,20240303_Defensa-y-Justicia_Lanus,13.29898250463566,0.05,1.75,0,4,0,8,47.8,52.2,1,1,0,0,2,6
2024-03-03,Godoy Cruz,Estudiantes L.P.,1,2,2.97,2.92,2.55,3.19,2.97,2.61,Primera División,,20240303_Godoy-Cruz_Estudiantes-L.P.,18.498999044495122,1.4,0.8,5,2,12,3,46.4,53.6,0,0,0,0,6,5
2024-03-03,Talleres Cordoba,River Plate,2,2,2.96,3.21,2.35,3.06,3.36,2.45,Primera División,,20240303_Talleres-Cordoba_River-Plate,-102.28191880767827,1.72,1.6,5,6,11,13,46.2,53.8,1,1,0,0,10,7
2024-03-04,Newells Old Boys,San Lorenzo,2,2,2.18,2.77,3.91,2.2,2.86,3.97,Primera División,,20240304_Newells-Old-Boys_San-Lorenzo,-27.733662357012008,0.12,1.76,2,5,4,13,52.0,48.0,1,1,0,0,4,6
2024-03-05,Barracas Central,Independiente,2,2,3.63,2.99,2.16,3.89,3.03,2.24,Primera División,,20240305_Barracas-Central_Independiente,-22.095436018628334,1.19,0.16,4,2,7,6,50.1,49.9,1,1,0,0,6,5
2024-03-05,Instituto,Huracan,2,0,2.12,2.89,3.91,2.16,2.96,4.27,Primera División,,20240305_Instituto_Huracan,34.19004653844331,1.66,0.05,5,0,13,0,57.6,42.4,3,1,0,0,4,2
2024-03-05,Racing Club,Sarmiento Junin,0,1,1.37,4.48,8.5,1.37,4.7,10.24,Primera División,,20240305_Racing-Club_Sarmiento-Junin,171.60986751893415,0.68,1.94,3,8,8,19,59.8,40.2,1,1,0,0,8,11
2024-03-06,Argentinos Jrs,Gimnasia L.P.,2,0,1.91,3.38,3.95,1.93,3.49,4.33,Primera División,,20240306_Argentinos-Jrs_Gimnasia-L.P.,43.08694888369314,0.58,1.44,2,3,5,7,44.5,55.5,1,2,0,0,7,5
2024-03-06,Estudiantes L.P.,Platense,1,2,1.73,3.23,5.34,1.78,3.35,5.72,Primera División,,20240306_Estudiantes-L.P._Platense,116.59700431305032,0.54,0.78,1,2,2,5,51.0,49.0,3,2,0,0,2,2
2024-03-06,Union de Santa Fe,Boca Juniors,1,0,3.29,2.87,2.38,3.44,2.98,2.46,Primera División,,20240306_Union-de-Santa-Fe_Boca-Juniors,-72.6716365357131,0.88,1.64,4,4,9,8,40.2,59.8,8,1,0,0,0,3
2024-03-06,Velez Sarsfield,Rosario Central,1,0,1.92,3.15,4.29,1.96,3.17,4.76,Primera División,,20240306_Velez-Sarsfield_Rosario-Central,-48.25432602939418,0.8,1.23,4,5,8,11,45.0,55.0,2,2,0,0,5,7
2024-03-07,Atl. Tucuman,Banfield,0,3,2.15,2.86,3.89,2.22,2.93,4.11,Primera División,,20240307_Atl.-Tucuman_Banfield,-23.02668885506614,0.81,2.3,5,7,11,18,44.4,55.6,3,1,0,0,5,5
2024-03-07,Dep. Riestra,Talleres Cordoba,0,1,4.9,3.27,1.79,5.54,3.46,1.76,Primera División,,20240307_Dep.-Riestra_Talleres-Cordoba,-83.31468942808897,0.3,2.56,0,7,0,14,42.7,57.3,1,2,0,0,1,8
2024-03-07,Lanus,Central Cordoba,0,1,1.59,3.56,6.33,1.6,3.72,7.04,Primera División,,20240307_Lanus_Central-Cordoba,87.89029897107889,1.15,1.16,4,3,9,8,50.0,50.0,0,3,0,0,2,5
2024-03-07,River Plate,Ind. Rivadavia,2,0,1.21,6.12,11.49,1.23,6.52,12.74,Primera División,,20240307_River-Plate_Ind.-Rivadavia,183.0243934689786,1.13,1.2,4,3,9,5,56.3,43.7,0,1,0,0,5,3
2024-03-08,Belgrano,Defensa y Justicia,1,1,2.35,3.02,3.16,2.36,3.09,3.5,Primera División,,20240308_Belgrano_Defensa-y-Justicia,-42.63892160704813,1.07,1.08,2,2,5,3,48.2,51.8,4,2,0,0,1,4
2024-03-08,Newells Old Boys,Tigre,1,0,1.63,3.49,5.76,1.62,3.74,6.54,Primera División,,20240308_Newells-Old-Boys_Tigre,63.485609555653355,0.05,0.3,1,1,2,3,52.2,47.8,2,2,0,0,3,3
2024-03-09,Gimnasia L.P.,Barracas Central,2,0,2.21,3.15,3.3,2.27,3.17,3.59,Primera División,,20240309_Gimnasia-L.P._Barracas-Central,-58.73923599922455,1.19,0.05,3,0,6,0,44.9,55.1,1,1,0,0,5,1
2024-03-09,Independiente,River Plate,1,1,3.19,3.06,2.31,3.33,3.18,2.39,Primera División,,20240309_Independiente_River-Plate,-103.86656370058654,0.94,0.45,1,3,2,7,47.9,52.1,1,3,0,0,4,4
2024-03-09,Sarmiento Junin,Estudiantes L.P.,3,1,3.18,2.94,2.4,3.35,3.01,2.48,Primera División,,20240309_Sarmiento-Junin_Estudiantes-L.P.,-141.03755328561988,1.24,0.61,4,2,10,5,44.1,55.9,4,0,0,0,4,3
2024-03-10,Defensa y Justicia,Union de Santa Fe,2,1,2.21,2.94,3.57,2.29,3.03,3.74,Primera División,,20240310_Defensa-y-Justicia_Union-de-Santa-Fe,-4.5527058781792675,2.11,1.02,7,4,15,11,54.3,45.7,0,0,0,0,11,5
2024-03-10,Godoy Cruz,Newells Old Boys,1,1,2.02,2.95,4.18,2.09,2.98,4.52,Primera División,,20240310_Godoy-Cruz_Newells-Old-Boys,62.93185274672828,1.16,1.93,4,7,9,16,55.5,44.5,0,1,0,0,5,6
2024-03-10,Huracan,Argentinos Jrs,1,1,2.32,2.9,3.36,2.36,2.97,3.66,Primera División,,20240310_Huracan_Argentinos-Jrs,-40.86534177625026,1.21,0.05,3,1,7,2,47.6,52.4,2,2,0,0,4,1
2024-03-10,Platense,San Lorenzo,0,0,2.89,2.53,3.03,3.13,2.6,3.05,Primera División,,20240310_Platense_San-Lorenzo,-46.99562164194185,0.93,0.71,3,3,7,5,50.1,49.9,2,3,0,0,1,5
2024-03-10,Rosario Central,Instituto,1,0,2.61,2.79,3.03,2.65,2.85,3.29,Primera División,,20240310_Rosario-Central_Instituto,-0.18601601383011257,0.45,0.98,1,3,0,8,49.9,50.1,1,1,0,0,1,3
2024-03-10,Talleres Cordoba,Atl. Tucuman,4,1,1.97,3.23,3.93,2.0,3.34,4.27,Primera División,,20240310_Talleres-Cordoba_Atl.-Tucuman,86.4810821435126,1.43,1.35,4,5,8,13,54.8,45.2,0,1,0,0,5,6
2024-03-11,Boca Juniors,Racing Club,4,2,2.85,2.99,2.59,3.06,3.0,2.68,Primera División,,20240311_Boca-Juniors_Racing-Club,-9.179569700209413,1.39,1.56,4,6,8,13,49.6,50.4,5,2,1,0,7,11
2024-03-11,Tigre,Lanus,2,3,3.64,2.97,2.17,4.01,2.97,2.24,Primera División,,20240311_Tigre_Lanus,-73.22795331287261,1.26,1.08,3,5,6,11,47.6,52.4,5,0,0,0,7,5
2024-03-12,Banfield,Velez Sarsfield,1,2,2.9,2.85,2.64,3.08,2.88,2.77,Primera División,,20240312_Banfield_Velez-Sarsfield,-8.276119049382487,0.89,0.12,4,2,10,6,47.4,52.6,1,2,0,0,3,6
2024-03-12,Ind. Rivadavia,Dep. Riestra,1,2,2.24,2.91,3.54,2.28,2.98,3.86,Primera División,,20240312_Ind.-Rivadavia_Dep.-Riestra,-1.3245156268149003,0.58,0.82,1,2,3,6,50.2,49.8,0,2,0,1,3,2
2024-03-13,Central Cordoba,Belgrano,2,2,2.94,2.9,2.58,3.09,3.01,2.65,Primera División,,20240313_Central-Cordoba_Belgrano,-20.125007930235597,2.2,1.45,7,5,16,11,47.5,52.5,1,0,0,0,4,4
2024-03-15,Dep. Riestra,Independiente,1,0,4.99,3.02,1.86,5.35,3.15,1.88,Primera División,,20240315_Dep.-Riestra_Independiente,-81.77319894789434,0.92,0.62,2,3,3,7,42.1,57.9,3,2,0,0,7,5
2024-03-16,Newells Old Boys,Platense,0,0,1.95,2.97,4.63,1.91,3.11,5.28,Primera División,,20240316_Newells-Old-Boys_Platense,31.541823620493005,0.05,1.1,0,3,1,7,47.9,52.1,0,2,0,0,3,5
2024-03-16,Racing Club,Defensa y Justicia,1,1,1.58,3.88,5.55,1.63,3.9,6.01,Primera División,,20240316_Racing-Club_Defensa-y-Justicia,32.98166976331845,1.52,0.73,4,1,7,2,53.3,46.7,1,2,0,0,7,2
2024-03-16,San Lorenzo,Sarmiento Junin,1,0,1.76,3.11,5.54,1.8,3.22,5.87,Primera División,,20240316_San-Lorenzo_Sarmiento-Junin,84.96750026234758,0.05,0.05,1,0,0,1,49.3,50.7,0,5,0,0,2,1
2024-03-17,Atl. Tucuman,Ind. Rivadavia,2,2,1.72,3.42,5.14,1.75,3.54,5.48,Primera División,,20240317_Atl.-Tucuman_Ind.-Rivadavia,19.39178996474584,0.62,0.76,2,4,5,11,53.0,47.0,5,3,0,0,2,6
2024-03-17,Barracas Central,Huracan,1,0,3.28,2.91,2.38,3.54,2.92,2.45,Primera División,,20240317_Barracas-Central_Huracan,20.064168782508432,0.82,1.2,3,2,7,2,41.7,58.3,1,3,0,0,6,1
2024-03-17,Godoy Cruz,Tigre,1,0,1.52,3.97,6.31,1.54,4.1,6.92,Primera División,,20240317_Godoy-Cruz_Tigre,153.43766455910873,0.94,0.05,2,0,7,2,53.4,46.6,0,2,0,0,4,5
2024-03-17,River Plate,Gimnasia L.P.,3,1,1.36,4.87,7.58,1.4,5.09,7.78,Primera División,,20240317_River-Plate_Gimnasia-L.P.,165.68308207052814,2.03,0.83,7,4,14,10,55.2,44.8,2,1,0,0,5,4
2024-03-17,Velez Sarsfield,Instituto,1,0,2.22,2.95,3.52,2.25,2.96,3.67,Primera División,,20240317_Velez-Sarsfield_Instituto,2.592311943752293,0.44,0.45,3,2,8,5,53.9,46.1,1,3,0,0,7,1
2024-03-18,Banfield,Talleres Cordoba,0,0,2.92,2.98,2.54,3.11,3.02,2.64,Primera División,,20240318_Banfield_Talleres-Cordoba,-61.8301485531108,0.73,1.35,3,3,7,6,46.4,53.6,1,3,0,0,3,6
2024-03-19,Union de Santa Fe,Central Cordoba,2,2,1.74,3.32,5.08,1.75,3.48,5.68,Primera División,,20240319_Union-de-Santa-Fe_Central-Cordoba,51.534389023291624,1.03,0.54,3,2,7,4,48.6,51.4,1,1,0,0,5,3
2024-03-20,Argentinos Jrs,Rosario Central,3,0,1.89,3.25,4.22,1.93,3.29,4.66,Primera División,,20240320_Argentinos-Jrs_Rosario-Central,-28.195908955590767,1.49,0.4,7,1,16,3,45.8,54.2,1,4,0,0,10,6
2024-03-21,Belgrano,Lanus,0,1,3.1,3.06,2.36,3.22,3.14,2.47,Primera División,,20240321_Belgrano_Lanus,-48.02222951728254,0.05,0.05,3,1,6,2,42.7,57.3,1,3,0,0,4,3
2024-03-21,San Lorenzo,Godoy Cruz,1,0,2.66,2.78,2.99,2.79,2.8,3.1,Primera División,,20240321_San-Lorenzo_Godoy-Cruz,-44.302098297589055,0.53,1.0,1,3,1,5,48.2,51.8,2,1,0,0,1,2
2024-03-28,Lanus,Union de Santa Fe,2,2,1.98,3.02,4.24,1.98,3.13,4.64,Primera División,,20240328_Lanus_Union-de-Santa-Fe,27.343063193243324,1.22,1.46,5,5,11,12,51.6,48.4,2,3,0,0,2,3
2024-03-28,Rosario Central,Barracas Central,1,2,2.02,3.13,3.85,2.06,3.17,4.17,Primera División,,20240328_Rosario-Central_Barracas-Central,21.90765277783089,1.9,0.99,5,3,12,6,49.6,50.4,0,1,0,0,7,4
2024-03-29,Defensa y Justicia,Estudiantes L.P.,1,0,3.16,3.2,2.25,3.53,3.37,2.18,Primera División,,20240329_Defensa-y-Justicia_Estudiantes-L.P.,-31.946345953321952,1.07,1.12,2,4,6,5,48.1,51.9,0,1,0,0,3,5
2024-03-29,Huracan,River Plate,1,0,4.14,3.35,1.88,4.42,3.44,1.91,Primera División,,20240329_Huracan_River-Plate,-173.01029116400196,1.28,1.02,4,4,10,7,43.9,56.1,1,2,0,0,4,4
2024-03-29,Instituto,Argentinos Jrs,1,2,2.3,2.96,3.33,2.32,2.93,3.76,Primera División,,20240329_Instituto_Argentinos-Jrs,-20.513110811737988,0.94,1.24,1,3,2,5,48.4,51.6,4,1,0,0,3,4
2024-03-29,Tigre,Belgrano,1,4,2.65,3.01,2.76,2.78,3.04,2.86,Primera División,,20240329_Tigre_Belgrano,-40.88913133431538,0.95,1.96,4,5,9,11,44.1,55.9,1,1,0,0,6,4
2024-03-30,Boca Juniors,San Lorenzo,2,1,1.99,2.95,4.33,2.07,3.01,4.47,Primera División,,20240330_Boca-Juniors_San-Lorenzo,15.539206158597835,0.36,0.72,2,2,5,4,45.9,54.1,4,2,0,0,3,1
2024-03-30,Central Cordoba,Racing Club,1,3,4.67,3.41,1.77,5.19,3.62,1.75,Primera División,,20240330_Central-Cordoba_Racing-Club,-101.37509262994286,0.92,1.1,5,3,11,7,43.0,57.0,0,0,0,0,10,6
2024-03-31,Gimnasia L.P.,Dep. Riestra,2,1,1.78,3.26,4.79,1.83,3.31,5.13,Primera División,,20240331_Gimnasia-L.P._Dep.-Riestra,-8.46028050525615,2.01,1.31,7,5,14,9,54.9,45.1,0,2,0,0,6,7
2024-03-31,Independiente,Atl. Tucuman,1,1,1.87,3.17,4.46,1.89,3.32,4.76,Primera División,,20240331_Independiente_Atl.-Tucuman,73.51018023816118,1.52,0.53,4,2,7,5,59.3,40.7,0,3,0,0,7,3
2024-03-31,Sarmiento Junin,Newells Old Boys,0,1,3.18,2.78,2.51,3.33,2.83,2.6,Primera División,,20240331_Sarmiento-Junin_Newells-Old-Boys,-80.77642221461588,1.48,1.46,3,6,7,12,42.1,57.9,0,4,0,0,7,7
2024-03-31,Talleres Cordoba,Velez Sarsfield,1,0,1.88,3.3,4.2,1.87,3.41,4.67,Primera División,,20240331_Talleres-Cordoba_Velez-Sarsfield,16.10187377723446,1.94,0.05,8,0,18,0,48.2,51.8,1,2,0,0,15,2
2024-04-01,Ind. Rivadavia,Banfield,1,2,3.14,2.78,2.52,3.32,2.87,2.57,Primera División,,20240401_Ind.-Rivadavia_Banfield,-63.633416364153845,1.02,1.76,3,4,8,10,41.1,58.9,2,0,0,0,8,3
2024-04-01,Platense,Godoy Cruz,1,2,3.37,2.74,2.42,3.67,2.8,2.44,Primera División,,20240401_Platense_Godoy-Cruz,-82.58516393279183,0.74,1.09,1,4,0,10,45.6,54.4,1,3,0,0,0,11
2024-04-05,Velez Sarsfield,Argentinos Jrs,0,0,2.27,3.11,3.21,2.45,3.19,3.16,Primera División,,20240405_Velez-Sarsfield_Argentinos-Jrs,-16.836449274592724,1.38,0.82,4,2,8,5,49.4,50.6,4,2,0,0,9,6
2024-04-06,Banfield,Independiente,0,1,2.82,2.83,2.75,2.8,2.87,3.0,Primera División,,20240406_Banfield_Independiente,-15.60224446208258,1.34,0.93,4,4,9,8,53.6,46.4,4,2,0,0,0,2
2024-04-06,Estudiantes L.P.,Central Cordoba,5,0,1.45,3.95,7.52,1.45,4.24,8.5,Primera División,,20240406_Estudiantes-L.P._Central-Cordoba,98.10567589564766,1.8,0.73,6,2,11,5,53.1,46.9,1,2,0,0,5,1
2024-04-06,Newells Old Boys,Boca Juniors,1,3,2.85,2.82,2.72,2.97,2.82,2.88,Primera División,,20240406_Newells-Old-Boys_Boca-Juniors,-53.70148258118547,1.17,2.5,1,8,3,19,47.2,52.8,1,1,0,0,2,9
2024-04-06,San Lorenzo,Defensa y Justicia,0,2,2.65,2.89,2.87,2.89,2.91,2.87,Primera División,,20240406_San-Lorenzo_Defensa-y-Justicia,7.1971705816133635,0.85,0.43,2,2,4,4,49.8,50.2,2,3,0,0,6,2
2024-04-07,Atl. Tucuman,Gimnasia L.P.,3,2,1.98,3.23,3.85,2.02,3.39,4.0,Primera División,,20240407_Atl.-Tucuman_Gimnasia-L.P.,-22.613768025555373,1.27,0.75,4,3,9,6,46.4,53.6,3,0,0,0,3,4
2024-04-07,Barracas Central,Instituto,3,2,2.79,2.93,2.68,2.9,2.97,2.8,Primera División,,20240407_Barracas-Central_Instituto,24.90591388974758,1.64,1.35,5,6,11,13,53.1,46.9,1,1,0,0,5,7
2024-04-07,Racing Club,Lanus,2,0,1.94,3.24,4.02,1.99,3.31,4.43,Primera División,,20240407_Racing-Club_Lanus,35.56880321875815,1.89,0.21,6,0,13,0,49.0,51.0,3,0,0,0,8,3
2024-04-07,Talleres Cordoba,Ind. Rivadavia,1,1,1.53,3.95,5.89,1.56,4.06,6.3,Primera División,,20240407_Talleres-Cordoba_Ind.-Rivadavia,142.50770243630086,1.76,1.03,7,2,15,6,55.4,44.6,1,0,0,0,6,3
2024-04-07,Union de Santa Fe,Belgrano,1,2,1.82,3.17,4.73,1.85,3.22,5.19,Primera División,,20240407_Union-de-Santa-Fe_Belgrano,31.731100210281056,0.92,2.28,2,7,3,14,48.8,51.2,0,2,0,0,1,9
2024-04-08,Dep. Riestra,Huracan,0,0,3.41,2.88,2.31,3.85,2.89,2.31,Primera División,,20240408_Dep.-Riestra_Huracan,-27.38114699528751,0.61,1.42,0,5,0,10,49.8,50.2,3,1,0,0,2,8
2024-04-08,River Plate,Rosario Central,2,1,1.22,5.93,11.77,1.24,6.21,11.74,Primera División,,20240408_River-Plate_Rosario-Central,103.65240689222833,1.24,0.57,3,2,5,3,52.6,47.4,0,3,0,0,5,0
2024-04-09,Godoy Cruz,Sarmiento Junin,1,0,1.48,3.83,7.28,1.48,4.11,8.12,Primera División,,20240409_Godoy-Cruz_Sarmiento-Junin,152.45205727301004,0.45,0.89,1,4,3,8,53.0,47.0,0,1,0,0,3,1
2024-04-09,Platense,Tigre,3,1,2.1,2.93,3.9,2.13,2.99,4.23,Primera División,,20240409_Platense_Tigre,72.76482671001713,1.32,1.57,4,5,8,11,53.0,47.0,1,4,0,0,5,6
2024-04-12,Estudiantes L.P.,Boca Juniors,1,0,2.34,2.95,3.26,2.37,3.01,3.58,Primera División,,20240412_Estudiantes-L.P._Boca-Juniors,-41.37893507949366,1.5,1.43,4,3,9,6,46.1,53.9,1,3,0,0,3,6
2024-04-13,Huracan,Atl. Tucuman,4,0,1.98,3.11,4.02,2.01,3.17,4.41,Primera División,,20240413_Huracan_Atl.-Tucuman,20.147186484355416,2.61,1.36,7,5,16,9,44.2,55.8,0,1,0,0,11,4
2024-04-13,Tigre,Union de Santa Fe,0,1,2.93,2.96,2.52,2.94,2.99,2.74,Primera División,,20240413_Tigre_Union-de-Santa-Fe,-90.2386663528398,0.05,1.57,1,6,4,10,44.5,55.5,3,3,0,0,3,7
2024-04-14,Gimnasia L.P.,Banfield,1,2,2.64,2.9,2.85,2.8,2.89,2.99,Primera División,,20240414_Gimnasia-L.P._Banfield,-31.60917515709548,0.9,1.2,3,4,7,8,47.6,52.4,0,1,0,0,7,10
2024-04-14,Sarmiento Junin,Platense,0,1,2.46,2.72,3.31,2.65,2.71,3.42,Primera División,,20240414_Sarmiento-Junin_Platense,-68.03779575347744,1.43,0.28,5,1,12,2,45.7,54.3,2,3,0,0,7,4
2024-04-15,Central Cordoba,San Lorenzo,0,0,3.43,2.9,2.29,3.72,3.01,2.28,Primera División,,20240415_Central-Cordoba_San-Lorenzo,-96.00735680529533,0.16,1.01,1,3,3,6,43.6,56.4,4,4,0,0,2,6
2024-04-16,Argentinos Jrs,Barracas Central,3,3,1.88,3.06,4.64,1.92,3.12,5.01,Primera División,,20240416_Argentinos-Jrs_Barracas-Central,6.4695393681406586,1.81,0.77,6,3,13,7,51.3,48.7,2,3,1,1,4,4
2024-04-16,Belgrano,Racing Club,0,4,4.09,3.36,1.88,4.3,3.46,1.93,Primera División,,20240416_Belgrano_Racing-Club,-90.44091922025109,0.05,1.33,0,4,2,10,49.3,50.7,0,1,0,0,1,8
2024-04-16,Boca Juniors,Godoy Cruz,1,0,1.56,3.76,5.98,1.57,3.93,6.45,Primera División,,20240416_Boca-Juniors_Godoy-Cruz,-9.76647820983385,1.03,0.81,2,2,6,4,56.5,43.5,2,1,0,0,5,9
2024-04-16,Defensa y Justicia,Newells Old Boys,1,0,2.41,3.23,2.86,2.51,3.37,2.91,Primera División,,20240416_Defensa-y-Justicia_Newells-Old-Boys,30.44619415239299,1.5,1.21,6,3,13,6,49.1,50.9,2,1,0,0,6,4
2024-04-16,Ind. Rivadavia,Velez Sarsfield,0,1,4.26,3.3,1.86,4.6,3.45,1.88,Primera División,,20240416_Ind.-Rivadavia_Velez-Sarsfield,-99.43496103408984,0.68,1.37,2,5,6,13,46.5,53.5,2,2,0,0,3,10
2024-04-16,Independiente,Talleres Cordoba,2,2,2.27,3.0,3.32,2.38,3.06,3.42,Primera División,,20240416_Independiente_Talleres-Cordoba,-27.494297895380214,1.79,1.61,4,7,9,15,46.5,53.5,3,0,0,0,4,6
2024-04-16,Instituto,River Plate,1,3,3.56,3.1,2.12,3.67,3.22,2.19,Primera División,,20240416_Instituto_River-Plate,-144.61843490141155,0.26,0.68,3,3,5,6,37.7,62.3,1,3,1,0,7,7
2024-04-16,Lanus,Estudiantes L.P.,1,2,2.64,2.95,2.8,2.79,3.03,2.86,Primera División,,20240416_Lanus_Estudiantes-L.P.,-48.00699768700974,1.79,0.98,6,5,10,9,42.6,57.4,0,1,0,0,2,6
2024-04-17,Rosario Central,Dep. Riestra,1,1,1.77,3.21,5.12,1.82,3.25,5.39,Primera División,,20240417_Rosario-Central_Dep.-Riestra,52.22039778244675,1.18,1.05,3,5,7,13,53.9,46.1,1,1,0,0,3,2
2024-04-20,Argentinos Jrs,Defensa y Justicia,2,1,2.34,3.09,3.13,2.35,3.11,3.43,Primera División,,20240420_Argentinos-Jrs_Defensa-y-Justicia,-9.654102542701821,1.54,1.17,4,2,7,4,47.6,52.4,0,0,0,0,8,3
2024-04-20,Estudiantes L.P.,Barracas Central,3,0,1.55,3.88,5.88,1.57,4.03,6.21,Primera División,,20240420_Estudiantes-L.P._Barracas-Central,30.6965602266348,2.43,0.47,7,2,17,4,48.2,51.8,0,2,0,0,9,1
2024-04-21,Godoy Cruz,Velez Sarsfield,1,2,2.45,2.91,3.14,2.47,2.96,3.39,Primera División,,20240421_Godoy-Cruz_Velez-Sarsfield,33.07924389102459,0.72,0.35,1,2,2,4,51.2,48.8,0,1,0,0,2,6
2024-04-21,River Plate,Boca Juniors,2,3,2.21,3.01,3.51,2.25,3.1,3.67,Primera División,,20240421_River-Plate_Boca-Juniors,57.26600217713076,1.38,1.16,3,5,7,8,52.9,47.1,0,1,0,0,5,3
2024-04-28,Argentinos Jrs,Velez Sarsfield,0,0,2.76,2.8,2.77,3.01,2.89,2.78,Primera División,,20240428_Argentinos-Jrs_Velez-Sarsfield,5.9887597239171555,0.05,0.72,0,2,0,5,53.4,46.6,1,4,0,1,2,3
2024-05-01,Estudiantes L.P.,Boca Juniors,1,1,2.87,2.89,2.62,3.0,2.95,2.73,Primera División,,20240501_Estudiantes-L.P._Boca-Juniors,-19.536532199108933,0.99,1.46,3,6,9,13,44.0,56.0,2,0,0,0,4,6
2024-05-05,Estudiantes L.P.,Velez Sarsfield,1,1,2.29,2.87,3.45,2.36,2.9,3.69,Primera División,,20240505_Estudiantes-L.P._Velez-Sarsfield,29.739035966502797,1.6,1.19,4,5,10,12,56.9,43.1,1,3,0,0,5,10
2024-05-10,Sarmiento Junin,Instituto,1,2,3.72,2.92,2.23,3.89,2.93,2.27,Primera División,,20240510_Sarmiento-Junin_Instituto,-76.89689644278656,0.57,1.35,2,4,5,9,49.5,50.5,0,1,0,0,4,6
2024-05-11,Argentinos Jrs,Rosario Central,3,2,1.91,3.13,4.66,1.93,3.13,4.9,Primera División,,20240511_Argentinos-Jrs_Rosario-Central,43.43027253663422,0.61,1.74,4,5,9,9,52.2,47.8,1,3,0,0,7,3
2024-05-11,Godoy Cruz,Barracas Central,0,1,1.71,3.54,5.15,1.74,3.28,5.4,Primera División,,20240511_Godoy-Cruz_Barracas-Central,30.110905191182155,0.84,1.17,2,3,5,6,57.6,42.4,1,2,0,0,5,1
2024-05-11,Huracan,Defensa y Justicia,3,1,2.06,3.11,3.94,2.05,3.18,4.21,Primera División,,20240511_Huracan_Defensa-y-Justicia,-42.25616792815276,0.73,0.72,3,3,6,6,44.8,55.2,3,3,0,0,2,3
2024-05-11,Independiente,Talleres Cordoba,1,3,2.11,3.1,3.76,2.14,3.1,3.95,Primera División,,20240511_Independiente_Talleres-Cordoba,-25.599013735221206,0.61,1.13,3,3,8,7,49.2,50.8,3,1,0,0,8,5
2024-05-11,Newells Old Boys,Platense,2,0,1.97,3.06,4.42,2.04,3.03,4.56,Primera División,,20240511_Newells-Old-Boys_Platense,7.5148833951543565,1.01,0.64,3,2,6,3,52.0,48.0,1,1,0,0,4,1
2024-05-11,River Plate,Central Cordoba,3,0,1.18,7.11,14.49,1.16,8.1,16.12,Primera División,,20240511_River-Plate_Central-Cordoba,195.86878339778536,1.95,0.61,7,2,18,5,51.5,48.5,1,1,0,0,9,7
2024-05-12,Belgrano,Racing Club,4,4,2.99,3.14,2.45,3.0,3.17,2.57,Primera División,,20240512_Belgrano_Racing-Club,-108.33087056049817,0.73,1.31,4,5,10,11,50.9,49.1,3,5,0,0,5,2
2024-05-12,Dep. Riestra,San Lorenzo,1,0,2.87,2.73,2.9,2.91,2.76,3.01,Primera División,,20240512_Dep.-Riestra_San-Lorenzo,-58.11279865784695,0.9,0.39,2,3,3,6,50.2,49.8,3,2,0,0,6,4
2024-05-12,Lanus,Ind. Rivadavia,0,2,1.56,3.84,6.13,1.58,4.0,6.18,Primera División,,20240512_Lanus_Ind.-Rivadavia,79.50444000112293,1.61,1.23,5,5,13,10,49.5,50.5,2,2,0,0,10,5
2024-05-12,Tigre,Estudiantes L.P.,0,1,4.22,3.29,1.93,4.59,3.4,1.89,Primera División,,20240512_Tigre_Estudiantes-L.P.,-195.91678688415163,0.37,0.48,3,1,6,2,40.2,59.8,1,0,0,0,3,1
2024-05-13,Atl. Tucuman,Boca Juniors,1,0,2.78,2.97,2.73,2.81,3.03,2.84,Primera División,,20240513_Atl.-Tucuman_Boca-Juniors,-142.17131870299522,0.29,0.51,1,2,3,4,47.2,52.8,2,2,1,0,3,2
2024-05-13,Gimnasia L.P.,Velez Sarsfield,3,1,3.18,3.1,2.36,3.39,3.14,2.36,Primera División,,20240513_Gimnasia-L.P._Velez-Sarsfield,-97.8209883109198,1.62,1.32,6,5,13,13,44.0,56.0,2,3,0,0,4,9
2024-05-14,Union de Santa Fe,Banfield,1,0,2.52,2.74,3.35,2.62,2.73,3.45,Primera División,,20240514_Union-de-Santa-Fe_Banfield,-15.696069923301593,0.7,1.83,2,5,6,10,53.3,46.7,1,2,0,0,5,2
2024-05-18,Ind. Rivadavia,Godoy Cruz,0,0,3.9,3.04,2.1,4.22,3.1,2.08,Primera División,,20240518_Ind.-Rivadavia_Godoy-Cruz,-108.95155650799506,0.05,1.01,0,2,1,3,47.6,52.4,1,3,0,0,0,3
2024-05-18,River Plate,Belgrano,3,0,1.26,5.68,10.94,1.25,6.19,11.12,Primera División,,20240518_River-Plate_Belgrano,162.69561882108428,2.17,0.84,6,4,14,7,65.3,34.7,1,2,0,0,12,7
2024-05-19,Banfield,Huracan,1,1,2.87,2.83,2.79,3.05,2.79,2.84,Primera División,,20240519_Banfield_Huracan,-17.871881593324815,1.16,0.69,4,2,8,4,46.1,53.9,0,1,0,0,7,4
2024-05-19,Barracas Central,Sarmiento Junin,1,1,2.0,3.14,4.1,2.06,3.16,4.22,Primera División,,20240519_Barracas-Central_Sarmiento-Junin,143.06506333998163,0.18,0.11,2,1,5,4,57.3,42.7,1,1,0,0,4,0
2024-05-19,Defensa y Justicia,Gimnasia L.P.,1,1,2.43,3.21,2.95,2.56,3.29,2.91,Primera División,,20240519_Defensa-y-Justicia_Gimnasia-L.P.,58.821260973589006,2.38,0.96,7,3,16,6,54.9,45.1,4,1,0,0,9,1
2024-05-19,Instituto,Union de Santa Fe,1,1,2.14,2.96,3.89,2.18,3.05,3.96,Primera División,,20240519_Instituto_Union-de-Santa-Fe,-11.35522916003083,0.94,1.19,4,4,7,11,47.0,53.0,0,1,0,0,3,7
2024-05-19,Platense,Independiente,0,0,3.25,2.76,2.55,3.34,2.75,2.67,Primera División,,20240519_Platense_Independiente,-42.580601618324636,0.48,0.12,2,1,4,3,48.0,52.0,3,1,1,0,6,2
2024-05-19,Talleres Cordoba,Atl. Tucuman,2,0,1.75,3.5,4.88,1.76,3.62,5.03,Primera División,,20240519_Talleres-Cordoba_Atl.-Tucuman,99.50372029348887,0.54,1.47,2,4,5,9,50.8,49.2,3,3,0,0,3,4
2024-05-20,Central Cordoba,Boca Juniors,2,4,5.86,3.77,1.6,5.97,3.92,1.61,Primera División,,20240520_Central-Cordoba_Boca-Juniors,-155.066438972603,1.28,1.58,3,5,7,10,38.9,61.1,3,0,0,0,7,2
2024-05-20,Estudiantes L.P.,Dep. Riestra,2,0,1.42,4.06,9.03,1.41,4.26,9.72,Primera División,,20240520_Estudiantes-L.P._Dep.-Riestra,107.0906450370394,1.0,1.15,5,5,11,13,52.8,47.2,1,0,0,0,2,3
2024-05-20,San Lorenzo,Lanus,1,1,2.45,2.85,3.28,2.64,2.9,3.18,Primera División,,20240520_San-Lorenzo_Lanus,22.917268208845826,0.92,0.21,2,2,3,6,51.0,49.0,5,1,0,0,2,5
2024-05-21,Racing Club,Argentinos Jrs,3,0,1.76,3.41,4.98,1.76,3.49,5.37,Primera División,,20240521_Racing-Club_Argentinos-Jrs,6.120656663227464,1.26,1.56,4,4,9,8,50.6,49.4,2,2,0,0,6,4
2024-05-21,Rosario Central,Tigre,1,1,1.66,3.53,5.68,1.68,3.6,5.87,Primera División,,20240521_Rosario-Central_Tigre,124.70917355636129,0.98,1.11,1,4,3,11,55.0,45.0,4,0,0,0,5,4
2024-05-22,Velez Sarsfield,Newells Old Boys,1,0,2.03,3.04,4.18,1.98,3.17,4.51,Primera División,,20240522_Velez-Sarsfield_Newells-Old-Boys,23.237808170238395,0.33,0.94,1,2,0,5,51.1,48.9,2,1,1,0,1,5
2024-05-24,Dep. Riestra,Rosario Central,0,2,2.45,2.75,3.48,2.59,2.75,3.47,Primera División,,20240524_Dep.-Riestra_Rosario-Central,-28.426380595670025,0.66,0.87,3,2,7,8,56.5,43.5,2,0,0,0,6,7
2024-05-24,Tigre,Racing Club,0,4,5.05,3.69,1.69,5.48,3.74,1.68,Primera División,,20240524_Tigre_Racing-Club,-202.93281671400769,1.09,1.56,3,4,8,9,38.1,61.9,1,2,1,0,2,4
2024-05-25,Argentinos Jrs,River Plate,1,0,4.21,3.48,1.86,4.24,3.64,1.88,Primera División,,20240525_Argentinos-Jrs_River-Plate,-86.28216499240511,1.35,1.34,4,3,8,6,45.6,54.4,0,1,0,0,4,2
2024-05-25,Belgrano,Central Cordoba,2,1,1.73,3.56,4.97,1.75,3.58,5.26,Primera División,,20240525_Belgrano_Central-Cordoba,45.130213147507675,1.09,1.06,3,3,5,8,54.2,45.8,2,1,1,0,3,6
2024-05-25,Lanus,Estudiantes L.P.,2,1,2.75,2.96,2.77,2.83,3.04,2.81,Primera División,,20240525_Lanus_Estudiantes-L.P.,-107.49606475150017,1.32,0.82,5,4,9,9,46.6,53.4,1,3,0,0,5,5
2024-05-25,Newells Old Boys,Defensa y Justicia,1,0,1.84,3.31,4.62,1.85,3.33,4.99,Primera División,,20240525_Newells-Old-Boys_Defensa-y-Justicia,-24.00841499997091,0.73,0.47,2,1,3,2,46.6,53.4,2,2,0,0,1,1
2024-05-26,Boca Juniors,Talleres Cordoba,0,0,1.88,3.33,4.35,1.87,3.39,4.75,Primera División,,20240526_Boca-Juniors_Talleres-Cordoba,7.679876402537047,0.32,1.04,1,5,4,11,53.9,46.1,3,0,0,0,4,8
2024-05-26,Gimnasia L.P.,Banfield,3,0,1.84,3.28,4.69,1.81,3.38,5.19,Primera División,,20240526_Gimnasia-L.P._Banfield,-24.202161572313344,1.9,0.62,4,2,7,5,47.3,52.7,2,4,0,0,6,7
2024-05-26,Huracan,Instituto,1,0,2.01,3.08,4.12,2.06,3.13,4.23,Primera División,,20240526_Huracan_Instituto,18.83088641239374,0.83,0.55,4,1,8,2,52.2,47.8,0,0,0,1,8,1
2024-05-26,Sarmiento Junin,Ind. Rivadavia,0,1,2.33,2.83,3.56,2.38,2.8,3.82,Primera División,,20240526_Sarmiento-Junin_Ind.-Rivadavia,-37.11424786550151,0.76,1.43,0,3,0,7,50.8,49.2,2,3,0,0,2,2
2024-05-27,Independiente,Velez Sarsfield,1,1,2.86,2.87,2.73,2.94,2.95,2.78,Primera División,,20240527_Independiente_Velez-Sarsfield,-24.315012885718033,1.25,1.47,3,3,7,6,52.4,47.6,1,0,0,0,5,3
2024-05-27,Union de Santa Fe,Barracas Central,2,0,1.79,3.35,4.92,1.79,3.41,5.2,Primera División,,20240527_Union-de-Santa-Fe_Barracas-Central,-31.752036240601456,1.2,0.43,5,0,10,0,50.3,49.7,1,2,0,0,5,2
2024-05-28,Atl. Tucuman,Platense,1,1,2.03,2.97,4.28,2.1,3.0,4.32,Primera División,,20240528_Atl.-Tucuman_Platense,-19.206833859984727,1.23,0.74,3,4,6,7,49.7,50.3,1,2,0,0,10,6
2024-06-01,Racing Club,Dep. Riestra,1,0,1.4,4.39,8.56,1.38,4.71,9.29,Primera División,,20240601_Racing-Club_Dep.-Riestra,131.62559554348172,0.05,0.7,1,2,3,6,54.0,46.0,2,3,0,0,1,4
2024-06-02,Belgrano,Argentinos Jrs,1,0,2.8,2.89,2.79,2.92,2.87,2.88,Primera División,,20240602_Belgrano_Argentinos-Jrs,-94.40045965199215,1.15,0.05,3,0,6,0,47.2,52.8,3,0,0,0,4,3
2024-06-02,Central Cordoba,Talleres Cordoba,2,4,4.72,3.6,1.75,5.02,3.7,1.75,Primera División,,20240602_Central-Cordoba_Talleres-Cordoba,-172.04893176826295,0.48,1.02,2,4,6,7,48.0,52.0,2,0,1,0,4,2
2024-06-02,Platense,Boca Juniors,1,0,4.15,2.91,2.09,4.38,3.01,2.08,Primera División,,20240602_Platense_Boca-Juniors,-105.6827423150662,1.81,1.13,6,3,12,6,43.9,56.1,2,1,0,0,9,8
2024-06-02,Rosario Central,Lanus,1,1,2.18,3.08,3.59,2.26,3.1,3.64,Primera División,,20240602_Rosario-Central_Lanus,7.425355164131815,2.01,0.77,6,3,12,7,47.7,52.3,4,1,0,0,3,7
2024-06-02,Velez Sarsfield,Atl. Tucuman,1,1,1.96,3.2,4.19,2.02,3.11,4.44,Primera División,,20240602_Velez-Sarsfield_Atl.-Tucuman,81.67457527629949,0.83,1.57,3,4,5,8,53.6,46.4,3,2,0,0,5,4
2024-06-03,Instituto,Gimnasia L.P.,2,1,2.48,3.08,2.99,2.52,3.06,3.18,Primera División,,20240603_Instituto_Gimnasia-L.P.,-2.1751053076304743,0.07,1.27,2,5,6,12,48.4,51.6,4,0,0,0,8,8
2024-06-03,River Plate,Tigre,3,1,1.19,6.73,14.09,1.2,6.85,15.06,Primera División,,20240603_River-Plate_Tigre,250.28922928671636,1.57,0.98,5,3,10,6,60.8,39.2,0,0,0,0,5,4
2024-06-03,San Lorenzo,Sarmiento Junin,0,1,1.77,3.02,6.04,1.78,3.03,6.61,Primera División,,20240603_San-Lorenzo_Sarmiento-Junin,116.42609305343422,0.52,1.58,3,3,6,6,49.5,50.5,0,2,0,0,4,5
2024-06-04,Barracas Central,Huracan,0,2,3.25,3.05,2.35,3.49,3.07,2.35,Primera División,,20240604_Barracas-Central_Huracan,-0.9516070980964741,0.58,1.15,1,4,4,7,53.8,46.2,1,2,0,0,1,2
2024-06-04,Defensa y Justicia,Independiente,0,0,2.74,2.94,2.8,2.84,2.97,2.86,Primera División,,20240604_Defensa-y-Justicia_Independiente,-10.97790502923408,0.76,0.69,3,3,6,8,49.1,50.9,1,1,0,1,6,1
2024-06-04,Estudiantes L.P.,Godoy Cruz,1,1,1.78,3.3,5.06,1.75,3.47,5.26,Primera División,,20240604_Estudiantes-L.P._Godoy-Cruz,37.48695135311414,1.76,1.33,6,5,12,10,50.9,49.1,3,2,0,0,9,5
2024-06-05,Banfield,Newells Old Boys,2,0,3.22,2.85,2.49,3.22,2.89,2.62,Primera División,,20240605_Banfield_Newells-Old-Boys,-32.248304483290894,1.45,0.75,4,1,10,4,48.3,51.7,3,3,0,0,4,1
2024-06-05,Ind. Rivadavia,Union de Santa Fe,0,1,3.48,2.91,2.32,3.53,2.96,2.4,Primera División,,20240605_Ind.-Rivadavia_Union-de-Santa-Fe,-67.20996223598058,1.84,0.69,5,2,12,4,45.4,54.6,2,2,0,0,5,3
2024-06-12,Argentinos Jrs,Central Cordoba,2,1,1.38,4.5,8.64,1.39,4.62,9.3,Primera División,,20240612_Argentinos-Jrs_Central-Cordoba,151.74808715495374,0.46,0.3,2,1,6,3,52.4,47.6,4,2,0,0,8,3
2024-06-12,Godoy Cruz,Rosario Central,1,1,2.34,2.95,3.41,2.41,2.96,3.49,Primera División,,20240612_Godoy-Cruz_Rosario-Central,32.93257829326603,0.05,0.18,1,2,3,6,50.0,50.0,2,6,0,0,3,4
2024-06-13,Dep. Riestra,River Plate,2,0,6.88,4.14,1.48,7.35,4.17,1.5,Primera División,,20240613_Dep.-Riestra_River-Plate,-179.85082791186687,0.13,0.91,2,2,3,5,41.1,58.9,1,2,0,0,2,3
2024-06-13,Gimnasia L.P.,Barracas Central,2,1,1.53,4.08,6.14,1.54,4.15,6.48,Primera División,,20240613_Gimnasia-L.P._Barracas-Central,-38.512646454391415,0.62,1.19,3,4,7,8,47.6,52.4,4,1,0,0,4,7
2024-06-13,Independiente,Banfield,2,1,1.95,3.12,4.44,2.04,3.12,4.36,Primera División,,20240613_Independiente_Banfield,28.08914998991031,1.22,0.05,4,1,10,2,45.4,54.6,1,0,0,1,2,3
2024-06-13,Sarmiento Junin,Estudiantes L.P.,2,0,4.43,3.07,1.97,4.67,3.17,1.95,Primera División,,20240613_Sarmiento-Junin_Estudiantes-L.P.,-169.82007225448592,1.46,0.49,4,0,10,0,42.4,57.6,1,5,0,0,8,2
2024-06-13,Tigre,Belgrano,1,1,2.53,2.89,3.13,2.56,2.93,3.27,Primera División,,20240613_Tigre_Belgrano,-119.22391850775466,0.58,1.2,3,4,5,11,42.7,57.3,1,1,0,0,5,6
2024-06-14,Boca Juniors,Velez Sarsfield,1,0,1.85,3.26,4.71,1.94,3.24,4.62,Primera División,,20240614_Boca-Juniors_Velez-Sarsfield,29.11809792853478,1.56,1.06,5,3,13,7,54.7,45.3,1,2,0,0,8,6
2024-06-14,Lanus,Racing Club,2,0,3.87,3.31,2.01,4.1,3.4,1.99,Primera División,,20240614_Lanus_Racing-Club,-95.98691257727137,1.74,0.7,5,3,12,5,49.8,50.2,2,1,0,0,5,7
2024-06-14,Newells Old Boys,Instituto,0,2,2.13,2.95,3.97,2.13,3.01,4.18,Primera División,,20240614_Newells-Old-Boys_Instituto,7.770690301245622,0.97,1.32,3,6,8,10,53.0,47.0,4,1,0,0,7,2
2024-06-14,Talleres Cordoba,Platense,2,1,1.83,3.13,5.18,1.89,3.1,5.27,Primera División,,20240614_Talleres-Cordoba_Platense,89.491720603261,1.28,1.91,6,7,12,15,50.4,49.6,5,2,0,0,4,10
2024-06-15,Huracan,Ind. Rivadavia,1,0,1.66,3.41,6.12,1.67,3.46,6.49,Primera División,,20240615_Huracan_Ind.-Rivadavia,95.40065052043519,1.12,0.45,3,2,7,5,56.2,43.8,2,0,0,0,6,5
2024-06-15,Union de Santa Fe,San Lorenzo,2,1,2.28,2.74,3.93,2.31,2.75,4.11,Primera División,,20240615_Union-de-Santa-Fe_San-Lorenzo,34.92840620456104,0.52,1.28,2,4,3,10,52.5,47.5,2,1,0,0,2,6
2024-06-16,Atl. Tucuman,Defensa y Justicia,1,1,1.92,3.3,4.22,1.92,3.38,4.45,Primera División,,20240616_Atl.-Tucuman_Defensa-y-Justicia,-45.66747946171131,0.88,0.07,2,2,5,6,48.5,51.5,2,0,0,0,5,2
2024-07-18,Argentinos Jrs,Tigre,0,2,1.79,3.28,5.18,1.78,3.33,5.34,Primera División,,20240718_Argentinos-Jrs_Tigre,186.36428607375274,0.87,1.57,2,4,5,9,62.0,38.0,3,0,0,0,4,3
2024-07-18,Ind. Rivadavia,Gimnasia L.P.,1,0,2.76,2.91,2.83,2.8,2.93,2.9,Primera División,,20240718_Ind.-Rivadavia_Gimnasia-L.P.,-54.11225600622083,0.45,1.14,2,3,4,6,49.7,50.3,0,2,0,0,2,2
2024-07-19,Barracas Central,Newells Old Boys,0,1,3.23,3.06,2.37,3.29,3.14,2.41,Primera División,,20240719_Barracas-Central_Newells-Old-Boys,7.710399660892563,0.94,0.85,2,3,5,6,50.6,49.4,4,4,0,0,4,6
2024-07-19,Belgrano,Dep. Riestra,2,1,2.07,2.91,4.29,2.11,2.94,4.46,Primera División,,20240719_Belgrano_Dep.-Riestra,17.923026110778665,0.33,0.05,2,1,2,3,57.0,43.0,1,3,0,0,2,5
2024-07-19,Instituto,Independiente,3,1,2.32,2.83,3.65,2.38,2.88,3.68,Primera División,,20240719_Instituto_Independiente,-28.596392536486064,1.54,1.18,4,3,10,8,53.2,46.8,4,1,0,0,7,2
2024-07-20,Banfield,Atl. Tucuman,1,1,2.6,2.88,3.06,2.64,2.91,3.17,Primera División,,20240720_Banfield_Atl.-Tucuman,15.197938989357453,1.56,0.47,6,1,13,2,45.9,54.1,1,1,0,0,6,5
2024-07-20,Racing Club,Godoy Cruz,3,0,1.64,3.68,5.58,1.61,3.69,5.77,Primera División,,20240720_Racing-Club_Godoy-Cruz,42.04246217232276,2.51,0.68,9,2,20,2,50.2,49.8,2,2,0,0,8,5
2024-07-20,Rosario Central,Sarmiento Junin,4,2,2.18,2.82,4.09,2.27,2.8,4.14,Primera División,,20240720_Rosario-Central_Sarmiento-Junin,85.67511892959533,1.55,0.93,5,3,10,7,53.7,46.3,0,4,0,0,4,3
2024-07-20,San Lorenzo,Huracan,1,1,2.59,2.66,3.37,2.66,2.68,3.45,Primera División,,20240720_San-Lorenzo_Huracan,-63.28776591413725,1.22,0.91,4,1,9,2,51.9,48.1,3,2,0,0,4,1
2024-07-21,Central Cordoba,Platense,0,2,3.26,2.86,2.47,3.42,2.88,2.5,Primera División,,20240721_Central-Cordoba_Platense,-93.6500830196976,0.05,1.39,0,7,0,16,46.7,53.3,1,4,0,0,4,7
2024-07-21,Estudiantes L.P.,Union de Santa Fe,0,0,2.05,2.95,4.29,2.06,2.96,4.59,Primera División,,20240721_Estudiantes-L.P._Union-de-Santa-Fe,21.98325218143441,1.1,0.66,4,2,9,8,48.1,51.9,1,4,0,0,7,6
2024-07-21,River Plate,Lanus,2,2,1.55,4.01,6.09,1.57,4.03,6.28,Primera División,,20240721_River-Plate_Lanus,95.94906953887744,1.6,1.36,3,5,8,10,48.4,51.6,0,0,0,0,6,7
2024-07-22,Defensa y Justicia,Boca Juniors,2,2,3.01,2.97,2.57,3.08,2.94,2.68,Primera División,,20240722_Defensa-y-Justicia_Boca-Juniors,-72.14991596279106,1.12,1.16,4,2,9,2,42.8,57.2,3,1,0,0,10,1
2024-07-22,Velez Sarsfield,Talleres Cordoba,3,0,2.91,3.0,2.62,3.01,3.02,2.66,Primera División,,20240722_Velez-Sarsfield_Talleres-Cordoba,-63.98256057339813,1.5,0.5,5,1,12,2,44.8,55.2,0,1,0,0,4,1
2024-07-23,Dep. Riestra,Argentinos Jrs,2,0,3.72,2.79,2.3,3.84,2.85,2.33,Primera División,,20240723_Dep.-Riestra_Argentinos-Jrs,-86.48877651369526,1.24,0.46,2,3,4,7,45.3,54.7,2,0,0,0,3,6
2024-07-23,Gimnasia L.P.,San Lorenzo,0,1,2.8,2.89,2.8,2.77,2.92,2.99,Primera División,,20240723_Gimnasia-L.P._San-Lorenzo,-11.587387426819532,0.97,0.67,5,2,11,3,47.3,52.7,2,1,0,0,3,3
2024-07-23,Newells Old Boys,Ind. Rivadavia,0,0,1.74,3.28,5.54,1.76,3.28,5.85,Primera División,,20240723_Newells-Old-Boys_Ind.-Rivadavia,56.67724621060984,0.05,0.33,1,2,3,4,50.4,49.6,1,3,0,0,2,2
2024-07-24,Godoy Cruz,River Plate,2,1,4.09,3.21,1.98,4.13,3.25,2.04,Primera División,,20240724_Godoy-Cruz_River-Plate,-79.79420333394273,0.13,1.43,2,4,3,8,44.4,55.6,2,1,0,0,1,3
2024-07-24,Huracan,Estudiantes L.P.,0,0,2.92,2.69,2.89,2.99,2.71,2.99,Primera División,,20240724_Huracan_Estudiantes-L.P.,-16.622978242107365,0.84,0.66,4,2,8,4,53.7,46.3,4,0,1,0,4,3
2024-07-24,Independiente,Barracas Central,0,0,1.62,3.76,5.67,1.63,3.86,5.87,Primera División,,20240724_Independiente_Barracas-Central,36.93279732081692,0.2,1.3,0,3,0,5,52.4,47.6,3,0,0,0,1,3
2024-07-24,Sarmiento Junin,Racing Club,1,0,4.79,3.25,1.84,5.04,3.35,1.83,Primera División,,20240724_Sarmiento-Junin_Racing-Club,-178.03643900403313,0.53,0.78,1,2,0,3,43.8,56.2,2,0,0,0,0,1
2024-07-24,Talleres Cordoba,Defensa y Justicia,1,1,1.57,3.77,6.39,1.6,3.72,6.67,Primera División,,20240724_Talleres-Cordoba_Defensa-y-Justicia,68.37910193618472,0.8,0.65,2,2,4,5,53.4,46.6,0,2,0,0,3,7
2024-07-25,Lanus,Belgrano,3,2,2.01,3.14,4.11,2.09,3.12,4.14,Primera División,,20240725_Lanus_Belgrano,22.40816739357888,1.37,1.16,5,2,14,5,49.9,50.1,1,0,0,0,9,4
2024-07-25,Platense,Velez Sarsfield,0,2,3.25,2.62,2.7,3.3,2.67,2.77,Primera División,,20240725_Platense_Velez-Sarsfield,-48.80413925991866,0.09,0.88,0,2,1,7,52.0,48.0,2,3,0,0,0,1
2024-07-26,Atl. Tucuman,Instituto,1,0,2.43,2.79,3.45,2.49,2.78,3.6,Primera División,,20240726_Atl.-Tucuman_Instituto,-49.215459598619645,0.78,1.33,2,5,4,11,54.7,45.3,2,0,0,0,3,9
2024-07-26,Tigre,Central Cordoba,1,1,1.94,3.11,4.53,1.92,3.16,4.9,Primera División,,20240726_Tigre_Central-Cordoba,6.245411851748486,0.9,0.92,3,4,3,8,54.1,45.9,1,1,0,1,4,3
2024-07-27,Ind. Rivadavia,Independiente,1,0,2.61,2.76,3.2,2.63,2.79,3.33,Primera División,,20240727_Ind.-Rivadavia_Independiente,-73.57670354748916,1.01,0.43,4,0,8,0,44.0,56.0,1,1,0,0,8,2
2024-07-27,Rosario Central,Huracan,0,1,2.7,2.69,3.14,2.79,2.68,3.25,Primera División,,20240727_Rosario-Central_Huracan,-23.359999894735893,0.43,1.58,2,6,5,10,44.2,55.8,3,0,0,0,5,6
2024-07-27,San Lorenzo,Newells Old Boys,1,1,2.22,2.78,4.02,2.18,2.83,4.38,Primera División,,20240727_San-Lorenzo_Newells-Old-Boys,-5.145296067666777,1.2,1.23,4,6,9,14,50.9,49.1,0,0,0,0,2,7
2024-07-28,Banfield,Talleres Cordoba,1,1,3.01,2.9,2.63,3.07,2.92,2.7,Primera División,,20240728_Banfield_Talleres-Cordoba,-96.36172426568214,0.72,0.33,4,1,9,1,49.8,50.2,2,4,1,0,7,5
2024-07-28,Estudiantes L.P.,Gimnasia L.P.,4,1,2.01,3.2,4.02,2.07,3.2,4.11,Primera División,,20240728_Estudiantes-L.P._Gimnasia-L.P.,98.20032215795936,1.24,1.74,4,5,9,12,53.4,46.6,1,3,0,0,3,4
2024-07-28,Racing Club,Union de Santa Fe,2,1,1.6,3.58,6.34,1.67,3.51,6.22,Primera División,,20240728_Racing-Club_Union-de-Santa-Fe,37.55784734574195,1.17,1.49,4,3,8,8,53.5,46.5,3,2,0,0,8,6
2024-07-28,River Plate,Sarmiento Junin,1,0,1.29,5.16,10.98,1.31,5.25,11.04,Primera División,,20240728_River-Plate_Sarmiento-Junin,162.30770201315568,1.53,0.98,4,4,10,7,53.3,46.7,2,0,0,0,7,5
2024-07-29,Barracas Central,Atl. Tucuman,0,2,3.51,3.05,2.24,3.62,3.12,2.26,Primera División,,20240729_Barracas-Central_Atl.-Tucuman,2.4904023228441474,1.07,1.49,3,5,7,11,54.1,45.9,0,2,0,0,6,9
2024-07-29,Central Cordoba,Velez Sarsfield,0,2,4.76,3.49,1.78,4.77,3.53,1.82,Primera División,,20240729_Central-Cordoba_Velez-Sarsfield,-170.2470317497664,0.82,0.36,1,2,4,4,36.0,64.0,2,2,0,0,2,4
2024-07-29,Defensa y Justicia,Platense,1,3,2.08,2.89,4.25,2.11,2.95,4.39,Primera División,,20240729_Defensa-y-Justicia_Platense,28.69420092448081,0.81,1.97,1,8,3,17,53.7,46.3,1,3,0,0,3,8
2024-07-29,Instituto,Boca Juniors,0,0,2.43,2.86,3.32,2.51,2.9,3.4,Primera División,,20240729_Instituto_Boca-Juniors,-76.17260417107468,0.64,0.86,2,2,5,4,42.8,57.2,3,0,0,0,4,2
2024-07-29,Tigre,Dep. Riestra,2,1,2.24,2.88,3.77,2.28,2.91,3.9,Primera División,,20240729_Tigre_Dep.-Riestra,-79.25201424905481,1.52,0.76,4,2,10,4,42.6,57.4,2,4,0,1,4,3
2024-07-30,Argentinos Jrs,Lanus,2,0,2.17,3.12,3.58,2.26,3.09,3.67,Primera División,,20240730_Argentinos-Jrs_Lanus,-2.7595601134121353,0.98,0.45,4,3,8,6,40.8,59.2,4,0,1,0,8,6
2024-07-30,Belgrano,Godoy Cruz,1,0,2.2,2.93,3.8,2.27,2.95,3.85,Primera División,,20240730_Belgrano_Godoy-Cruz,-58.03427571278917,1.47,0.9,4,2,9,5,59.1,40.9,3,1,0,0,6,5
2024-07-31,Union de Santa Fe,Rosario Central,1,0,2.21,2.93,3.79,2.22,2.97,3.91,Primera División,,20240731_Union-de-Santa-Fe_Rosario-Central,19.429112827374638,1.74,0.55,4,3,10,8,47.3,52.7,0,3,0,0,2,11
2024-08-01,Boca Juniors,Banfield,3,0,1.76,3.31,5.26,1.75,3.42,5.68,Primera División,,20240801_Boca-Juniors_Banfield,91.71575629956806,1.75,0.65,4,2,9,4,50.0,50.0,1,0,0,0,5,0
2024-08-03,Godoy Cruz,Argentinos Jrs,1,0,1.8,3.27,5.11,1.77,3.44,5.35,Primera División,,20240803_Godoy-Cruz_Argentinos-Jrs,-10.149879413848112,1.84,0.55,7,1,16,2,49.4,50.6,0,4,1,0,7,4
2024-08-03,Independiente,San Lorenzo,0,0,1.86,3.13,4.85,1.88,3.24,4.99,Primera División,,20240803_Independiente_San-Lorenzo,11.243886667608876,1.23,0.05,4,0,10,0,49.0,51.0,2,2,0,0,1,0
2024-08-03,Newells Old Boys,Estudiantes L.P.,1,4,2.87,2.81,2.85,3.08,2.83,2.78,Primera División,,20240803_Newells-Old-Boys_Estudiantes-L.P.,-67.14127326270113,0.81,0.45,3,4,5,8,41.8,58.2,1,1,0,1,0,3
2024-08-03,Talleres Cordoba,Instituto,1,1,2.16,3.06,3.69,2.18,3.13,3.85,Primera División,,20240803_Talleres-Cordoba_Instituto,69.14862603224674,1.26,1.11,4,5,9,12,53.5,46.5,0,3,0,0,5,5
2024-08-03,Velez Sarsfield,Defensa y Justicia,3,0,1.86,3.39,4.4,1.9,3.47,4.42,Primera División,,20240803_Velez-Sarsfield_Defensa-y-Justicia,60.29878753092635,1.65,0.25,7,0,15,0,53.6,46.4,2,3,0,0,13,3
2024-08-04,Boca Juniors,Barracas Central,1,1,1.51,3.97,6.8,1.51,4.06,7.36,Primera División,,20240804_Boca-Juniors_Barracas-Central,113.92083662906907,0.05,0.91,1,3,4,7,55.7,44.3,1,2,0,0,3,8
2024-08-04,Huracan,Racing Club,0,0,4.08,3.2,2.0,4.11,3.2,2.07,Primera División,,20240804_Huracan_Racing-Club,-32.65383929680843,1.09,1.01,4,3,9,7,50.2,49.8,3,3,1,0,4,4
2024-08-04,Sarmiento Junin,Belgrano,0,0,2.8,2.76,2.94,2.81,2.81,3.07,Primera División,,20240804_Sarmiento-Junin_Belgrano,-74.65148415043745,0.51,0.69,0,3,0,6,45.7,54.3,0,0,0,0,1,2
2024-08-04,Union de Santa Fe,River Plate,0,0,3.54,3.14,2.18,3.56,3.19,2.25,Primera División,,20240804_Union-de-Santa-Fe_River-Plate,-63.30055795602357,0.71,0.77,2,2,7,3,50.3,49.7,2,1,0,0,3,5
2024-08-05,Atl. Tucuman,Ind. Rivadavia,2,1,1.87,3.01,5.19,1.88,3.03,5.57,Primera División,,20240805_Atl.-Tucuman_Ind.-Rivadavia,34.27724919035063,2.19,1.51,6,4,14,7,46.9,53.1,1,5,0,0,6,5
2024-08-05,Dep. Riestra,Central Cordoba,1,0,2.62,2.94,2.98,2.67,2.99,3.05,Primera División,,20240805_Dep.-Riestra_Central-Cordoba,76.92459907501325,0.52,0.09,2,0,4,0,61.6,38.4,4,1,0,0,4,4
2024-08-05,Gimnasia L.P.,Rosario Central,0,1,2.52,2.96,3.08,2.51,3.02,3.24,Primera División,,20240805_Gimnasia-L.P._Rosario-Central,-45.53651830220838,0.78,1.19,3,4,4,8,44.7,55.3,2,1,0,0,6,5
2024-08-05,Lanus,Tigre,3,2,1.83,3.45,4.45,1.82,3.58,4.69,Primera División,,20240805_Lanus_Tigre,111.86027276850064,1.67,1.23,5,6,9,12,53.2,46.8,1,1,0,0,9,8
2024-08-06,Platense,Banfield,0,1,2.46,2.72,3.5,2.55,2.71,3.6,Primera División,,20240806_Platense_Banfield,22.599055002421437,1.44,0.45,5,2,12,3,47.2,52.8,3,1,0,0,5,2
2024-08-08,Argentinos Jrs,Sarmiento Junin,0,0,1.67,3.38,6.19,1.62,3.52,7.0,Primera División,,20240808_Argentinos-Jrs_Sarmiento-Junin,99.97376924982018,1.35,1.5,5,5,11,11,59.7,40.3,2,3,0,0,5,6
2024-08-09,Barracas Central,Talleres Cordoba,1,1,3.8,3.27,2.04,3.95,3.35,2.05,Primera División,,20240809_Barracas-Central_Talleres-Cordoba,-97.01536717721046,0.3,1.17,2,3,5,6,51.6,48.4,2,2,0,0,3,9
2024-08-09,Belgrano,Union de Santa Fe,1,1,2.58,2.75,3.25,2.59,2.77,3.35,Primera División,,20240809_Belgrano_Union-de-Santa-Fe,-42.59589535918781,1.21,1.8,2,5,4,11,56.4,43.6,2,2,0,0,6,6
2024-08-09,Dep. Riestra,Lanus,3,1,3.82,2.94,2.19,4.04,2.94,2.21,Primera División,,20240809_Dep.-Riestra_Lanus,-60.86874614274484,1.69,1.05,6,3,13,6,44.4,55.6,2,0,0,0,10,3
2024-08-10,Ind. Rivadavia,Boca Juniors,1,1,3.66,2.87,2.29,3.82,2.9,2.31,Primera División,,20240810_Ind.-Rivadavia_Boca-Juniors,-133.53690356387597,1.37,0.8,4,3,11,8,45.0,55.0,0,1,0,0,4,5
2024-08-10,Racing Club,Gimnasia L.P.,0,1,1.62,3.84,5.44,1.67,3.85,5.4,Primera División,,20240810_Racing-Club_Gimnasia-L.P.,144.58042793630716,1.0,0.05,4,1,8,1,51.1,48.9,1,0,0,0,5,2
2024-08-10,Rosario Central,Newells Old Boys,1,0,2.34,2.67,3.88,2.36,2.7,4.07,Primera División,,20240810_Rosario-Central_Newells-Old-Boys,17.231495801664096,0.96,0.08,3,1,5,1,47.1,52.9,1,3,0,0,2,1
2024-08-10,San Lorenzo,Atl. Tucuman,0,1,2.38,2.79,3.56,2.38,2.89,3.67,Primera División,,20240810_San-Lorenzo_Atl.-Tucuman,-11.38400893411108,0.05,1.58,2,6,5,12,46.9,53.1,2,1,0,0,4,6
2024-08-11,Banfield,Velez Sarsfield,2,2,3.63,2.99,2.22,3.65,3.03,2.3,Primera División,,20240811_Banfield_Velez-Sarsfield,-82.77298303579573,1.34,0.9,3,3,4,7,48.5,51.5,4,1,1,0,3,5
2024-08-11,Central Cordoba,Defensa y Justicia,2,0,2.78,3.09,2.66,2.69,3.13,2.88,Primera División,,20240811_Central-Cordoba_Defensa-y-Justicia,-122.49453561493556,0.5,0.97,3,3,8,6,45.4,54.6,1,1,0,0,5,4
2024-08-11,Instituto,Platense,2,0,1.88,3.03,5.08,1.87,3.09,5.44,Primera División,,20240811_Instituto_Platense,22.16374490348244,1.04,1.72,3,5,6,11,51.6,48.4,2,1,0,0,6,5
2024-08-11,River Plate,Huracan,1,1,1.66,3.56,5.6,1.67,3.55,6.18,Primera División,,20240811_River-Plate_Huracan,45.023572190255436,0.96,0.65,5,1,13,2,53.6,46.4,5,3,0,0,7,3
2024-08-12,Estudiantes L.P.,Independiente,0,2,2.03,2.91,4.42,2.07,2.96,4.58,Primera División,,20240812_Estudiantes-L.P._Independiente,70.78496380648767,0.7,1.52,0,5,0,9,53.3,46.7,3,1,0,0,2,2
2024-08-12,Tigre,Godoy Cruz,0,2,2.38,2.84,3.46,2.43,2.87,3.59,Primera División,,20240812_Tigre_Godoy-Cruz,-143.75658332235798,0.34,1.11,2,3,6,6,46.8,53.2,1,1,1,0,3,5
2024-08-16,Platense,Barracas Central,0,0,1.75,3.2,5.62,1.77,3.27,5.88,Primera División,,20240816_Platense_Barracas-Central,-4.084336749869863,0.09,0.92,2,2,4,6,53.9,46.1,1,3,0,0,3,5
2024-08-17,Gimnasia L.P.,River Plate,1,1,3.38,3.2,2.22,3.52,3.22,2.25,Primera División,,20240817_Gimnasia-L.P._River-Plate,-140.92873551379876,0.95,1.49,3,6,7,15,41.6,58.4,2,2,0,0,6,7
2024-08-17,Independiente,Rosario Central,1,0,1.7,3.08,6.94,1.68,3.2,7.5,Primera División,,20240817_Independiente_Rosario-Central,1.54996269428716,1.78,0.05,6,1,13,2,55.5,44.5,0,2,0,0,5,2
2024-08-17,Lanus,Central Cordoba,1,1,2.06,3.21,3.8,2.09,3.25,3.94,Primera División,,20240817_Lanus_Central-Cordoba,126.41984947107949,0.77,1.68,3,5,9,11,55.5,44.5,1,0,0,0,5,0
2024-08-17,Newells Old Boys,Racing Club,0,1,3.26,2.99,2.4,3.37,3.06,2.41,Primera División,,20240817_Newells-Old-Boys_Racing-Club,-90.08435890580995,0.54,1.72,1,4,4,9,42.4,57.6,2,2,0,0,2,6
2024-08-18,Atl. Tucuman,Estudiantes L.P.,2,0,2.4,2.83,3.44,2.48,2.84,3.52,Primera División,,20240818_Atl.-Tucuman_Estudiantes-L.P.,-43.84990984420506,2.11,0.94,6,2,15,6,52.4,47.6,0,4,0,0,8,4
2024-08-18,Boca Juniors,San Lorenzo,3,2,1.83,3.17,4.97,1.83,3.26,5.34,Primera División,,20240818_Boca-Juniors_San-Lorenzo,96.21299857325221,2.36,1.25,8,4,18,8,58.1,41.9,4,1,0,0,6,5
2024-08-18,Sarmiento Junin,Tigre,0,0,2.78,2.8,2.92,2.92,2.85,2.9,Primera División,,20240818_Sarmiento-Junin_Tigre,39.89251431737807,0.47,1.79,0,6,2,12,48.5,51.5,1,1,0,0,3,5
2024-08-18,Talleres Cordoba,Ind. Rivadavia,2,1,2.05,3.08,4.03,2.08,3.09,4.24,Primera División,,20240818_Talleres-Cordoba_Ind.-Rivadavia,116.56632249614154,0.72,1.13,2,3,3,7,51.7,48.3,1,3,0,0,2,2
2024-08-18,Velez Sarsfield,Instituto,1,0,2.03,3.1,4.06,2.05,3.2,4.16,Primera División,,20240818_Velez-Sarsfield_Instituto,49.52755487113245,0.52,0.48,1,2,1,3,50.3,49.7,2,2,0,0,6,5
2024-08-19,Godoy Cruz,Dep. Riestra,4,1,1.66,3.42,6.0,1.65,3.48,6.69,Primera División,,20240819_Godoy-Cruz_Dep.-Riestra,69.45466661117666,1.48,0.27,5,2,12,4,50.6,49.4,2,3,0,0,3,5
2024-08-19,Huracan,Belgrano,1,0,1.49,3.78,8.01,1.5,3.84,8.54,Primera División,,20240819_Huracan_Belgrano,56.630511735844266,1.41,0.71,4,3,9,7,52.4,47.6,3,5,0,0,6,0
2024-08-19,Union de Santa Fe,Argentinos Jrs,3,0,2.26,2.77,3.89,2.29,2.77,4.15,Primera División,,20240819_Union-de-Santa-Fe_Argentinos-Jrs,14.091628516215906,1.59,0.31,5,0,11,1,53.5,46.5,3,2,0,0,6,2
2024-08-20,Defensa y Justicia,Banfield,1,0,2.38,3.06,3.2,2.36,3.12,3.39,Primera División,,20240820_Defensa-y-Justicia_Banfield,-16.271632574041632,0.83,0.47,4,2,6,5,54.0,46.0,3,0,0,0,4,3
2024-08-23,Ind. Rivadavia,Platense,0,2,2.41,2.59,3.75,2.49,2.64,3.86,Primera División,,20240823_Ind.-Rivadavia_Platense,-30.258853121777975,0.51,1.46,4,7,9,14,47.6,52.4,1,1,0,0,4,6
2024-08-24,Argentinos Jrs,Huracan,0,0,2.5,2.59,3.66,2.53,2.58,3.89,Primera División,,20240824_Argentinos-Jrs_Huracan,-52.628760753171036,0.86,1.26,4,3,8,7,48.7,51.3,0,0,0,0,4,5
2024-08-24,Dep. Riestra,Sarmiento Junin,2,1,2.06,2.91,4.34,2.07,2.97,4.55,Primera División,,20240824_Dep.-Riestra_Sarmiento-Junin,40.748694868791745,2.0,1.12,6,3,15,7,51.0,49.0,1,3,0,0,9,5
2024-08-24,Instituto,Defensa y Justicia,4,1,1.74,3.43,5.17,1.75,3.47,5.44,Primera División,,20240824_Instituto_Defensa-y-Justicia,21.042616957763357,1.69,1.03,6,6,13,14,51.7,48.3,1,0,0,0,5,3
2024-08-24,Tigre,Union de Santa Fe,5,1,3.35,2.72,2.56,3.55,2.79,2.5,Primera División,,20240824_Tigre_Union-de-Santa-Fe,-157.3782055637182,1.53,0.91,5,3,12,5,43.3,56.7,0,0,0,0,7,7
2024-08-25,Lanus,Godoy Cruz,1,1,2.08,3.07,3.96,2.13,3.1,4.05,Primera División,,20240825_Lanus_Godoy-Cruz,-50.56403408706774,0.94,0.51,3,1,7,2,50.4,49.6,1,4,0,0,3,4
2024-08-25,Racing Club,Independiente,0,0,2.08,2.97,4.13,2.01,3.1,4.57,Primera División,,20240825_Racing-Club_Independiente,45.50226406275988,1.19,0.5,4,1,10,3,52.8,47.2,2,2,0,0,5,7
2024-08-25,San Lorenzo,Talleres Cordoba,2,0,2.82,2.65,3.06,2.94,2.64,3.14,Primera División,,20240825_San-Lorenzo_Talleres-Cordoba,-104.91575860627631,0.42,1.16,2,4,5,9,50.1,49.9,1,1,0,0,3,6
2024-08-26,Barracas Central,Velez Sarsfield,0,5,4.53,3.5,1.81,4.66,3.54,1.83,Primera División,,20240826_Barracas-Central_Velez-Sarsfield,-100.51995331588523,1.48,1.28,3,5,6,10,41.0,59.0,1,1,0,0,3,5
2024-08-26,Belgrano,Gimnasia L.P.,0,1,2.18,2.99,3.78,2.15,3.03,4.09,Primera División,,20240826_Belgrano_Gimnasia-L.P.,27.68926091182243,0.31,0.95,0,4,0,9,53.2,46.8,5,2,0,0,3,7
2024-08-26,Central Cordoba,Banfield,0,0,2.51,2.83,3.27,2.55,2.85,3.38,Primera División,,20240826_Central-Cordoba_Banfield,-89.89358781879514,1.08,0.49,4,3,9,7,40.7,59.3,3,0,0,0,5,3
2024-08-26,River Plate,Newells Old Boys,0,0,1.48,4.07,7.2,1.49,4.14,7.52,Primera División,,20240826_River-Plate_Newells-Old-Boys,124.22022164417353,0.72,0.75,1,1,1,1,51.2,48.8,0,1,0,0,3,2
2024-08-26,Rosario Central,Atl. Tucuman,1,0,2.33,2.8,3.7,2.3,2.83,3.97,Primera División,,20240826_Rosario-Central_Atl.-Tucuman,-25.114911420141425,0.27,0.74,2,1,2,1,48.7,51.3,1,1,0,0,4,1
2024-08-27,Estudiantes L.P.,Boca Juniors,1,1,2.45,2.82,3.4,2.52,2.85,3.44,Primera División,,20240827_Estudiantes-L.P._Boca-Juniors,-40.03104814557469,0.98,0.91,3,1,8,1,46.9,53.1,1,4,0,0,6,4
2024-08-30,Sarmiento Junin,Lanus,0,0,3.55,2.93,2.31,3.67,2.92,2.36,Primera División,,20240830_Sarmiento-Junin_Lanus,-91.23767536087848,0.56,0.05,1,1,3,2,52.1,47.9,2,0,0,0,2,5
2024-08-31,Defensa y Justicia,Barracas Central,1,0,1.73,3.62,4.85,1.73,3.72,5.1,Primera División,,20240831_Defensa-y-Justicia_Barracas-Central,6.695832787865129,0.25,1.24,1,4,1,8,51.0,49.0,1,1,0,0,2,8
2024-08-31,Newells Old Boys,Belgrano,0,0,2.06,2.97,4.21,2.13,2.95,4.31,Primera División,,20240831_Newells-Old-Boys_Belgrano,-3.1439760940013457,0.05,0.55,0,2,1,6,47.5,52.5,1,3,0,0,3,6
2024-08-31,Talleres Cordoba,Estudiantes L.P.,1,0,2.23,2.96,3.64,2.26,3.0,3.79,Primera División,,20240831_Talleres-Cordoba_Estudiantes-L.P.,14.321200622907327,0.9,0.21,3,2,6,4,45.5,54.5,0,0,0,0,3,3
2024-08-31,Union de Santa Fe,Dep. Riestra,0,0,1.66,3.36,6.35,1.67,3.42,6.62,Primera División,,20240831_Union-de-Santa-Fe_Dep.-Riestra,51.789563196153495,0.05,1.27,0,4,0,9,44.6,55.4,4,5,0,0,1,5
2024-08-31,Velez Sarsfield,Ind. Rivadavia,4,0,1.45,4.11,7.86,1.45,4.27,8.35,Primera División,,20240831_Velez-Sarsfield_Ind.-Rivadavia,154.1604484757279,2.31,0.96,8,4,17,10,51.5,48.5,0,1,0,0,7,3
2024-09-01,Atl. Tucuman,Racing Club,1,0,3.32,2.89,2.42,3.54,2.88,2.44,Primera División,,20240901_Atl.-Tucuman_Racing-Club,-57.13351061813432,2.13,0.78,6,2,15,4,47.5,52.5,3,2,0,0,10,1
2024-09-01,Boca Juniors,Rosario Central,2,1,1.74,3.25,5.62,1.75,3.32,5.88,Primera División,,20240901_Boca-Juniors_Rosario-Central,67.74033830694611,0.63,0.06,3,1,8,2,53.0,47.0,5,2,0,0,2,1
2024-09-01,Huracan,Tigre,0,2,1.79,3.29,5.04,1.83,3.26,5.34,Primera División,,20240901_Huracan_Tigre,153.99220693437474,1.11,1.96,4,6,8,14,52.3,47.7,1,2,0,0,5,5
2024-09-01,Independiente,River Plate,0,0,3.69,2.96,2.21,3.85,3.03,2.22,Primera División,,20240901_Independiente_River-Plate,-56.04598063165281,1.33,0.26,5,2,9,5,42.0,58.0,3,0,0,0,6,5
2024-09-01,Platense,San Lorenzo,1,2,2.67,2.57,3.36,2.73,2.61,3.46,Primera División,,20240901_Platense_San-Lorenzo,-2.1885709044661326,1.46,1.26,6,2,13,5,43.1,56.9,0,2,0,0,6,2
2024-09-02,Banfield,Instituto,1,2,2.97,2.75,2.77,3.02,2.8,2.86,Primera División,,20240902_Banfield_Instituto,-44.20560733345178,0.82,2.29,1,8,2,17,51.7,48.3,0,2,0,0,5,12
2024-09-02,Gimnasia L.P.,Argentinos Jrs,1,0,2.41,2.87,3.38,2.46,2.95,3.4,Primera División,,20240902_Gimnasia-L.P._Argentinos-Jrs,-40.66301665616584,1.38,0.09,3,0,5,1,52.0,48.0,0,1,0,0,8,2
2024-09-02,Godoy Cruz,Central Cordoba,1,1,1.81,3.26,5.01,1.84,3.27,5.17,Primera División,,20240902_Godoy-Cruz_Central-Cordoba,163.8456065249527,1.92,1.6,5,2,13,5,61.3,38.7,2,1,0,0,5,0
2024-09-13,Central Cordoba,Instituto,2,1,3.36,2.92,2.39,3.56,2.95,2.39,Primera División,,20240913_Central-Cordoba_Instituto,-133.2321424110819,1.31,0.87,3,3,7,7,45.3,54.7,2,2,1,0,4,4
2024-09-13,Dep. Riestra,Huracan,1,0,3.92,2.89,2.18,4.13,2.94,2.17,Primera División,,20240913_Dep.-Riestra_Huracan,-63.81628966998301,1.02,0.97,2,3,3,6,44.5,55.5,2,1,0,0,8,6
2024-09-13,Lanus,Union de Santa Fe,1,1,2.49,2.91,3.19,2.55,2.93,3.27,Primera División,,20240913_Lanus_Union-de-Santa-Fe,-23.803726666471903,0.17,1.9,1,6,0,13,51.1,48.9,2,1,0,0,2,8
2024-09-14,Racing Club,Boca Juniors,2,1,2.15,3.16,3.6,2.19,3.25,3.65,Primera División,,20240914_Racing-Club_Boca-Juniors,-34.86903651304897,2.23,0.05,6,1,13,1,55.3,44.7,2,2,1,0,1,2
2024-09-14,River Plate,Atl. Tucuman,4,1,1.49,3.97,7.41,1.47,4.16,8.1,Primera División,,20240914_River-Plate_Atl.-Tucuman,54.92769758413192,1.79,2.28,6,7,13,16,52.2,47.8,1,3,0,0,4,6
2024-09-14,San Lorenzo,Velez Sarsfield,0,1,3.63,2.84,2.32,3.9,2.89,2.29,Primera División,,20240914_San-Lorenzo_Velez-Sarsfield,-94.87297919564571,0.58,1.99,1,6,2,15,38.8,61.2,1,2,0,1,2,7
2024-09-15,Belgrano,Independiente,1,1,3.03,2.7,2.78,3.16,2.73,2.81,Primera División,,20240915_Belgrano_Independiente,-58.8250197934085,0.71,1.12,2,3,3,9,42.1,57.9,2,2,0,0,2,5
2024-09-15,Estudiantes L.P.,Platense,1,1,1.76,3.24,5.43,1.75,3.34,5.86,Primera División,,20240915_Estudiantes-L.P._Platense,62.16711053477434,2.32,1.49,8,6,17,13,52.2,47.8,1,1,0,0,12,8
2024-09-15,Godoy Cruz,Sarmiento Junin,1,1,1.81,3.21,5.11,1.82,3.17,5.64,Primera División,,20240915_Godoy-Cruz_Sarmiento-Junin,129.97882351120052,1.08,1.29,4,4,8,9,59.5,40.5,2,1,0,0,4,7
2024-09-15,Rosario Central,Talleres Cordoba,2,2,2.96,2.73,2.8,3.02,2.75,2.91,Primera División,,20240915_Rosario-Central_Talleres-Cordoba,-65.97874346305207,1.84,1.92,7,5,17,11,50.3,49.7,1,3,0,1,5,11
2024-09-15,Tigre,Gimnasia L.P.,1,1,2.69,3.03,2.8,2.76,3.08,2.84,Primera División,,20240915_Tigre_Gimnasia-L.P.,-60.71064485906527,0.2,1.47,2,5,4,10,44.0,56.0,3,0,0,0,7,3
2024-09-16,Argentinos Jrs,Newells Old Boys,3,0,2.14,2.83,4.14,2.19,2.85,4.31,Primera División,,20240916_Argentinos-Jrs_Newells-Old-Boys,28.51973970494737,1.62,1.53,5,5,11,11,47.0,53.0,1,2,0,0,3,7
2024-09-16,Barracas Central,Banfield,0,1,3.13,3.1,2.4,3.2,3.14,2.45,Primera División,,20240916_Barracas-Central_Banfield,-7.368429094520025,1.09,0.87,4,1,10,3,53.3,46.7,1,2,0,0,10,3
2024-09-17,Ind. Rivadavia,Defensa y Justicia,1,0,2.34,3.0,3.33,2.44,3.07,3.3,Primera División,,20240917_Ind.-Rivadavia_Defensa-y-Justicia,-61.860721812731526,0.05,1.24,1,4,3,11,43.6,56.4,2,3,0,0,5,7
2024-09-20,Gimnasia L.P.,Dep. Riestra,0,0,1.94,3.3,4.2,1.97,3.34,4.27,Primera División,,20240920_Gimnasia-L.P._Dep.-Riestra,-11.729196940460952,0.55,1.76,3,6,7,13,45.2,54.8,1,2,0,0,2,4
2024-09-21,Boca Juniors,River Plate,0,1,2.69,2.8,3.04,2.76,2.83,3.09,Primera División,,20240921_Boca-Juniors_River-Plate,-14.15541989315102,1.68,1.02,5,3,10,6,56.6,43.4,2,2,0,0,10,10
2024-09-21,Instituto,Barracas Central,0,1,1.43,4.37,7.65,1.44,4.52,7.81,Primera División,,20240921_Instituto_Barracas-Central,67.89369821097512,0.88,1.21,3,5,5,11,46.7,53.3,2,2,0,0,8,7
2024-09-21,Newells Old Boys,Tigre,1,0,2.07,3.04,4.06,2.11,3.08,4.16,Primera División,,20240921_Newells-Old-Boys_Tigre,32.964818870419094,0.3,0.88,1,2,1,5,47.1,52.9,0,2,0,0,3,3
2024-09-21,Union de Santa Fe,Godoy Cruz,3,1,1.75,3.22,5.65,1.74,3.28,6.12,Primera División,,20240921_Union-de-Santa-Fe_Godoy-Cruz,-17.628810186454984,1.44,0.85,5,2,10,3,53.4,46.6,1,2,0,0,8,3
2024-09-22,Atl. Tucuman,Belgrano,2,4,1.98,3.13,4.25,1.99,3.21,4.43,Primera División,,20240922_Atl.-Tucuman_Belgrano,43.973955679436585,1.46,1.49,6,5,13,11,50.5,49.5,2,2,0,0,10,8
2024-09-22,Defensa y Justicia,San Lorenzo,0,0,2.77,2.85,2.89,2.88,2.87,2.92,Primera División,,20240922_Defensa-y-Justicia_San-Lorenzo,-16.73760839483043,1.27,1.36,4,4,8,9,53.8,46.2,4,1,0,0,2,8
2024-09-22,Huracan,Lanus,3,0,1.94,3.08,4.56,1.88,3.17,5.12,Primera División,,20240922_Huracan_Lanus,24.381139269136384,1.62,1.22,5,2,9,5,45.3,54.7,1,2,0,0,3,6
2024-09-22,Independiente,Argentinos Jrs,0,0,2.3,2.82,3.72,2.38,2.83,3.78,Primera División,,20240922_Independiente_Argentinos-Jrs,20.202364446345882,0.82,0.74,2,1,5,2,55.3,44.7,2,3,0,0,2,4
2024-09-22,Platense,Rosario Central,1,0,2.5,2.68,3.49,2.57,2.72,3.55,Primera División,,20240922_Platense_Rosario-Central,-33.64812435852559,1.22,0.84,5,4,11,4,51.6,48.4,0,2,0,0,6,3
2024-09-22,Talleres Cordoba,Racing Club,2,0,2.06,3.09,3.98,2.1,3.1,4.15,Primera División,,20240922_Talleres-Cordoba_Racing-Club,-1.7237548965144924,0.6,0.68,3,4,6,10,53.5,46.5,0,1,0,0,3,6
2024-09-23,Sarmiento Junin,Central Cordoba,1,3,2.58,2.73,3.27,2.76,2.74,3.22,Primera División,,20240923_Sarmiento-Junin_Central-Cordoba,11.221606025367919,0.28,2.12,1,7,3,15,58.6,41.4,1,1,0,0,4,6
2024-09-24,Banfield,Ind. Rivadavia,2,0,1.93,3.12,4.55,1.94,3.15,4.78,Primera División,,20240924_Banfield_Ind.-Rivadavia,36.62703574054217,1.04,1.45,2,4,6,11,47.9,52.1,0,1,0,0,4,4
2024-09-24,Velez Sarsfield,Estudiantes L.P.,2,0,1.8,3.33,4.97,1.76,3.43,5.48,Primera División,,20240924_Velez-Sarsfield_Estudiantes-L.P.,69.67010153433375,0.95,0.76,3,1,7,2,54.5,45.5,3,1,0,0,5,0
2024-09-27,Dep. Riestra,Newells Old Boys,3,3,2.57,2.87,3.08,2.69,2.93,3.07,Primera División,,20240927_Dep.-Riestra_Newells-Old-Boys,24.053650783557487,0.26,0.81,3,4,6,5,55.1,44.9,2,2,1,0,2,3
2024-09-28,Estudiantes L.P.,Defensa y Justicia,1,0,1.67,3.55,5.52,1.67,3.65,5.89,Primera División,,20240928_Estudiantes-L.P._Defensa-y-Justicia,49.34199423423388,1.27,0.16,5,0,12,0,49.5,50.5,3,1,1,0,6,2
2024-09-28,Godoy Cruz,Huracan,1,1,2.64,2.79,3.08,2.73,2.79,3.18,Primera División,,20240928_Godoy-Cruz_Huracan,-8.357978048897849,0.96,1.4,4,3,7,6,47.9,52.1,0,1,0,0,3,3
2024-09-28,Ind. Rivadavia,Instituto,1,1,3.43,2.85,2.4,3.54,2.88,2.44,Primera División,,20240928_Ind.-Rivadavia_Instituto,-70.08526876018004,0.31,0.84,1,2,4,4,43.8,56.2,2,1,0,0,4,1
2024-09-28,San Lorenzo,Banfield,2,1,2.01,2.89,4.66,2.03,2.91,4.9,Primera División,,20240928_San-Lorenzo_Banfield,2.42543507789901,1.46,1.13,4,2,10,4,48.2,51.8,0,1,0,0,9,2
2024-09-29,Belgrano,Boca Juniors,2,0,3.06,2.89,2.57,3.12,2.93,2.66,Primera División,,20240929_Belgrano_Boca-Juniors,-79.96115312922075,0.88,0.23,2,1,3,4,52.1,47.9,0,0,0,0,5,3
2024-09-29,Central Cordoba,Barracas Central,2,1,1.7,3.37,5.77,1.67,3.51,6.34,Primera División,,20240929_Central-Cordoba_Barracas-Central,-34.4892910005085,0.89,1.69,3,5,7,8,52.1,47.9,1,0,0,0,3,4
2024-09-29,River Plate,Talleres Cordoba,0,1,1.56,3.61,6.86,1.63,3.6,6.56,Primera División,,20240929_River-Plate_Talleres-Cordoba,23.799421698356355,0.67,0.48,4,1,8,2,48.8,51.2,3,0,0,0,5,2
2024-09-29,Sarmiento Junin,Union de Santa Fe,1,0,3.37,2.87,2.41,3.5,2.94,2.44,Primera División,,20240929_Sarmiento-Junin_Union-de-Santa-Fe,-128.76387829647115,0.06,1.18,1,4,0,9,40.1,59.9,6,4,0,0,3,6
2024-09-30,Argentinos Jrs,Atl. Tucuman,0,0,1.83,3.2,4.98,1.85,3.25,5.17,Primera División,,20240930_Argentinos-Jrs_Atl.-Tucuman,4.831327684610869,0.36,1.4,1,3,3,8,49.2,50.8,1,3,0,0,3,4
2024-10-01,Lanus,Gimnasia L.P.,0,0,2.1,3.03,3.94,2.11,3.09,4.05,Primera División,,20241001_Lanus_Gimnasia-L.P.,11.240745973786943,0.68,0.96,3,3,7,5,46.0,54.0,1,4,0,0,3,4
2024-10-01,Racing Club,Platense,1,1,1.74,3.39,5.28,1.79,3.42,5.26,Primera División,,20241001_Racing-Club_Platense,71.62889978889075,1.37,0.14,3,1,6,1,50.5,49.5,1,5,0,0,6,1
2024-10-01,Tigre,Independiente,1,1,3.52,2.8,2.39,3.73,2.84,2.39,Primera División,,20241001_Tigre_Independiente,-113.88912239095612,1.13,0.48,4,1,9,1,44.2,55.8,1,3,0,0,3,2
2024-10-02,Rosario Central,Velez Sarsfield,3,0,4.0,2.97,2.12,4.12,2.99,2.16,Primera División,,20241002_Rosario-Central_Velez-Sarsfield,-116.7239544704928,0.98,0.49,3,2,6,6,42.4,57.6,0,0,0,0,6,4
2024-10-04,Union de Santa Fe,Central Cordoba,0,2,1.92,3.21,4.43,1.93,3.2,4.79,Primera División,,20241004_Union-de-Santa-Fe_Central-Cordoba,85.76894689271398,0.94,1.44,3,4,5,9,52.2,47.8,2,2,0,0,0,6
2024-10-05,Gimnasia L.P.,Godoy Cruz,0,1,1.89,3.2,4.52,1.91,3.27,4.75,Primera División,,20241005_Gimnasia-L.P._Godoy-Cruz,-49.482989361422824,1.95,0.09,7,1,16,2,45.1,54.9,4,1,0,0,9,4
2024-10-05,Huracan,Sarmiento Junin,3,1,1.83,2.97,5.75,1.81,2.99,6.44,Primera División,,20241005_Huracan_Sarmiento-Junin,112.99101144739939,1.91,0.8,5,4,11,10,58.4,41.6,3,1,0,0,6,4
2024-10-05,Newells Old Boys,Lanus,2,1,2.76,2.92,2.83,2.87,2.93,2.87,Primera División,,20241005_Newells-Old-Boys_Lanus,-23.157551298669887,2.67,1.19,7,5,16,10,49.4,50.6,4,0,0,0,8,4
2024-10-05,Velez Sarsfield,Racing Club,1,0,2.03,3.18,3.97,2.05,3.2,4.17,Primera División,,20241005_Velez-Sarsfield_Racing-Club,38.97922288097857,0.61,1.31,1,5,4,13,62.3,37.7,2,0,0,0,4,6
2024-10-06,Independiente,Dep. Riestra,3,1,1.61,3.5,6.53,1.61,3.57,6.99,Primera División,,20241006_Independiente_Dep.-Riestra,32.17192902681791,1.3,1.41,5,4,10,9,53.0,47.0,0,1,0,0,4,5
2024-10-06,Instituto,San Lorenzo,2,0,2.1,2.92,4.14,2.11,2.99,4.33,Primera División,,20241006_Instituto_San-Lorenzo,-4.7510089257864365,1.29,0.67,4,2,8,3,52.4,47.6,0,1,0,0,3,4
2024-10-06,Platense,River Plate,0,0,4.58,3.03,1.96,4.69,3.05,2.0,Primera División,,20241006_Platense_River-Plate,-102.56340948664479,1.35,1.07,4,3,8,9,44.9,55.1,1,2,0,0,5,5
2024-10-06,Talleres Cordoba,Belgrano,0,0,1.96,3.08,4.45,1.98,3.13,4.65,Primera División,,20241006_Talleres-Cordoba_Belgrano,91.44657924632656,0.89,1.21,2,4,1,9,57.6,42.4,0,1,0,0,3,4
2024-10-07,Banfield,Estudiantes L.P.,1,2,3.02,2.85,2.64,3.05,2.9,2.74,Primera División,,20241007_Banfield_Estudiantes-L.P.,-58.408503781495256,0.44,0.74,2,2,5,5,49.9,50.1,0,0,0,0,4,4
2024-10-07,Barracas Central,Ind. Rivadavia,1,1,2.84,2.88,2.79,2.93,2.91,2.83,Primera División,,20241007_Barracas-Central_Ind.-Rivadavia,15.247029510565653,1.57,1.34,5,4,11,8,42.3,57.7,0,2,0,0,9,6
2024-10-07,Boca Juniors,Argentinos Jrs,1,0,2.25,2.91,3.69,2.28,2.94,3.85,Primera División,,20241007_Boca-Juniors_Argentinos-Jrs,43.63021293558518,1.47,0.05,4,0,9,0,57.3,42.7,1,2,0,0,2,5
2024-10-07,Defensa y Justicia,Rosario Central,2,1,2.58,2.93,3.03,2.67,3.0,3.03,Primera División,,20241007_Defensa-y-Justicia_Rosario-Central,-47.73251591359235,0.95,1.3,2,5,4,11,44.8,55.2,2,1,1,0,2,8
2024-10-08,Atl. Tucuman,Tigre,1,2,1.98,3.26,4.07,2.01,3.31,4.14,Primera División,,20241008_Atl.-Tucuman_Tigre,86.61774387959326,0.54,1.26,3,2,8,4,54.8,45.2,2,1,0,0,2,4
2024-10-12,Godoy Cruz,San Lorenzo,1,1,1.94,2.99,4.87,1.96,2.97,5.13,Primera División,,20241012_Godoy-Cruz_San-Lorenzo,54.26325988723829,0.75,1.41,1,5,3,9,54.3,45.7,2,1,0,0,2,3
2024-10-18,Central Cordoba,Ind. Rivadavia,2,0,1.93,3.01,4.84,1.93,3.09,5.03,Primera División,,20241018_Central-Cordoba_Ind.-Rivadavia,21.509712974269405,0.23,0.66,2,1,5,1,49.2,50.8,1,3,0,0,3,2
2024-10-18,Dep. Riestra,Atl. Tucuman,2,0,2.86,3.15,2.56,2.8,3.18,2.72,Primera División,,20241018_Dep.-Riestra_Atl.-Tucuman,-8.458349363935667,1.19,0.89,4,2,9,3,52.0,48.0,2,1,0,0,4,4
2024-10-18,Lanus,Independiente,0,2,2.33,2.82,3.66,2.34,2.89,3.78,Primera División,,20241018_Lanus_Independiente,-55.099747903095476,0.8,2.7,2,8,5,19,50.3,49.7,1,0,0,0,2,11
2024-10-18,Sarmiento Junin,Gimnasia L.P.,1,1,2.25,2.89,3.74,2.31,2.91,3.83,Primera División,,20241018_Sarmiento-Junin_Gimnasia-L.P.,-53.65433166069374,1.19,0.88,5,2,12,4,45.7,54.3,2,1,0,0,10,3
2024-10-19,Belgrano,Platense,0,1,2.42,2.77,3.48,2.53,2.78,3.52,Primera División,,20241019_Belgrano_Platense,12.603351602545672,0.43,0.96,1,3,4,5,49.1,50.9,2,1,0,0,3,3
2024-10-19,Racing Club,Defensa y Justicia,4,3,1.64,3.85,5.18,1.66,4.03,5.18,Primera División,,20241019_Racing-Club_Defensa-y-Justicia,69.40684373572572,1.44,1.61,4,4,10,7,48.4,51.6,1,1,0,0,5,2
2024-10-19,River Plate,Velez Sarsfield,1,1,2.09,3.18,3.75,2.12,3.25,3.85,Primera División,,20241019_River-Plate_Velez-Sarsfield,-17.267999737648097,0.59,1.42,3,4,8,6,54.1,45.9,1,0,0,0,6,5
2024-10-19,Tigre,Boca Juniors,3,0,3.42,3.14,2.23,3.59,3.15,2.26,Primera División,,20241019_Tigre_Boca-Juniors,-130.31531411567448,1.72,0.05,7,0,16,0,40.3,59.7,2,1,0,0,6,0
2024-10-20,Argentinos Jrs,Talleres Cordoba,3,0,2.49,3.0,3.09,2.48,3.03,3.27,Primera División,,20241020_Argentinos-Jrs_Talleres-Cordoba,-91.9571144994652,1.8,0.65,4,4,8,8,34.1,65.9,0,3,0,1,4,7
2024-10-20,Estudiantes L.P.,Instituto,3,2,2.25,3.01,3.57,2.32,2.99,3.65,Primera División,,20241020_Estudiantes-L.P._Instituto,34.7389684403272,1.29,1.28,5,4,11,10,57.5,42.5,0,5,0,1,9,10
2024-10-20,Godoy Cruz,Newells Old Boys,2,0,2.03,3.04,4.16,2.04,3.1,4.38,Primera División,,20241020_Godoy-Cruz_Newells-Old-Boys,57.82064208443808,0.78,1.68,2,5,4,13,45.0,55.0,0,3,0,0,4,5
2024-10-20,Rosario Central,Banfield,1,1,1.84,3.19,5.01,1.79,3.31,5.56,Primera División,,20241020_Rosario-Central_Banfield,32.547824413979924,0.68,0.66,3,3,6,9,51.8,48.2,2,2,0,0,2,3
2024-10-20,San Lorenzo,Barracas Central,1,0,1.74,3.28,5.56,1.75,3.33,5.9,Primera División,,20241020_San-Lorenzo_Barracas-Central,45.03383185642542,1.41,0.05,5,0,10,0,59.1,40.9,1,1,0,0,6,4
2024-10-20,Union de Santa Fe,Huracan,0,1,2.5,2.54,3.76,2.5,2.54,4.07,Primera División,,20241020_Union-de-Santa-Fe_Huracan,-39.86882463710367,1.26,1.73,3,6,6,13,49.3,50.7,1,0,0,0,5,4
2024-10-25,Barracas Central,Estudiantes L.P.,1,1,4.41,3.15,1.94,4.42,3.17,2.01,Primera División,,20241025_Barracas-Central_Estudiantes-L.P.,-118.74824424041458,1.24,1.66,4,6,10,15,44.3,55.7,0,3,1,0,5,9
2024-10-26,Defensa y Justicia,River Plate,0,0,3.46,3.21,2.18,3.61,3.24,2.2,Primera División,,20241026_Defensa-y-Justicia_River-Plate,-122.6668038407065,0.05,0.05,0,1,0,3,41.6,58.4,1,0,0,0,1,5
2024-10-26,Independiente,Godoy Cruz,1,1,1.84,3.08,5.29,1.83,3.11,5.73,Primera División,,20241026_Independiente_Godoy-Cruz,-5.069107926609149,0.85,0.5,3,3,7,7,52.1,47.9,1,6,0,0,5,8
2024-10-26,Instituto,Rosario Central,0,0,2.24,2.94,3.69,2.26,2.98,3.84,Primera División,,20241026_Instituto_Rosario-Central,1.4413233353980104,0.05,0.05,0,0,0,0,48.9,51.1,3,1,0,0,1,2
2024-10-26,Newells Old Boys,Sarmiento Junin,1,1,1.94,2.97,4.86,1.97,2.96,5.11,Primera División,,20241026_Newells-Old-Boys_Sarmiento-Junin,52.202602997090935,2.19,0.68,7,4,16,10,47.8,52.2,1,1,0,0,6,6
2024-10-27,Banfield,Racing Club,2,1,2.92,3.0,2.61,2.93,3.03,2.72,Primera División,,20241027_Banfield_Racing-Club,-90.0120840372756,0.75,0.59,3,3,6,7,48.4,51.6,4,1,0,0,2,6
2024-10-27,Boca Juniors,Dep. Riestra,1,1,1.58,3.71,6.29,1.64,3.65,6.33,Primera División,,20241027_Boca-Juniors_Dep.-Riestra,53.4251218938914,0.39,0.69,3,1,10,2,50.2,49.8,0,2,0,0,6,9
2024-10-27,Ind. Rivadavia,San Lorenzo,1,0,3.0,2.66,2.93,3.17,2.59,2.97,Primera División,,20241027_Ind.-Rivadavia_San-Lorenzo,-80.93957714573457,0.61,1.4,1,5,2,11,49.4,50.6,0,1,0,0,1,9
2024-10-27,Platense,Argentinos Jrs,2,1,2.46,2.74,3.46,2.49,2.8,3.57,Primera División,,20241027_Platense_Argentinos-Jrs,-8.586679251422765,0.77,1.48,4,4,9,10,51.5,48.5,2,1,0,0,5,5
2024-10-27,Velez Sarsfield,Belgrano,1,1,1.42,4.26,8.32,1.42,4.35,8.87,Primera División,,20241027_Velez-Sarsfield_Belgrano,112.18128712102566,1.33,1.78,5,5,11,11,57.5,42.5,2,1,0,0,4,2
2024-10-28,Atl. Tucuman,Lanus,1,0,1.72,3.41,5.44,1.74,3.48,5.6,Primera División,,20241028_Atl.-Tucuman_Lanus,7.422830755132509,2.05,0.54,7,2,17,6,46.5,53.5,0,0,1,0,12,2
2024-10-28,Gimnasia L.P.,Union de Santa Fe,2,3,2.45,2.8,3.39,2.5,2.85,3.48,Primera División,,20241028_Gimnasia-L.P._Union-de-Santa-Fe,-27.136288203562117,1.38,0.62,4,4,11,10,51.5,48.5,2,1,0,0,5,6
2024-10-28,Talleres Cordoba,Tigre,1,1,1.65,3.54,5.84,1.65,3.65,6.2,Primera División,,20241028_Talleres-Cordoba_Tigre,126.23529692468651,1.07,0.4,3,1,7,3,57.2,42.8,1,3,0,0,10,3
2024-10-29,Huracan,Central Cordoba,0,0,2.02,2.92,4.5,2.02,2.96,4.85,Primera División,,20241029_Huracan_Central-Cordoba,95.20151606933291,1.14,0.71,5,2,12,4,55.4,44.6,1,0,0,0,8,5
2024-10-31,Estudiantes L.P.,Ind. Rivadavia,1,1,1.53,3.71,7.23,1.53,3.69,7.35,Primera División,,20241031_Estudiantes-L.P._Ind.-Rivadavia,115.05261659500502,0.94,1.24,3,4,10,8,55.2,44.8,2,2,0,0,5,3
2024-10-31,Sarmiento Junin,Independiente,0,0,4.17,2.79,2.17,4.42,2.79,2.2,Primera División,,20241031_Sarmiento-Junin_Independiente,-123.38199919967678,0.05,0.31,0,0,0,1,46.1,53.9,3,3,0,0,4,2
2024-11-01,Central Cordoba,San Lorenzo,0,1,2.25,2.75,4.01,2.34,2.74,4.06,Primera División,,20241101_Central-Cordoba_San-Lorenzo,-18.959503561674637,0.73,0.37,1,1,4,2,45.0,55.0,2,0,0,0,3,3
2024-11-01,Godoy Cruz,Atl. Tucuman,1,1,2.29,3.03,3.4,2.32,3.03,3.6,Primera División,,20241101_Godoy-Cruz_Atl.-Tucuman,61.05272887842011,0.75,2.02,2,7,4,17,54.8,45.2,0,0,0,1,4,11
2024-11-01,Huracan,Gimnasia L.P.,0,0,2.02,2.98,4.42,2.01,3.06,4.61,Primera División,,20241101_Huracan_Gimnasia-L.P.,96.11949562230825,1.23,0.71,5,3,12,7,56.4,43.6,1,3,0,0,8,3
2024-11-01,Rosario Central,Barracas Central,0,1,1.58,3.57,6.88,1.57,3.71,7.22,Primera División,,20241101_Rosario-Central_Barracas-Central,57.060612078700615,2.13,1.53,7,3,15,4,52.1,47.9,1,0,0,0,9,8
2024-11-02,Argentinos Jrs,Velez Sarsfield,1,1,3.56,3.09,2.21,3.53,3.09,2.31,Primera División,,20241102_Argentinos-Jrs_Velez-Sarsfield,-99.87890094454997,1.26,1.39,4,3,8,4,45.8,54.2,2,3,0,0,6,5
2024-11-02,Belgrano,Defensa y Justicia,1,2,2.13,3.16,3.64,2.16,3.2,3.78,Primera División,,20241102_Belgrano_Defensa-y-Justicia,26.237936363898598,0.53,0.46,1,3,2,6,50.5,49.5,2,0,0,0,3,3
2024-11-02,Dep. Riestra,Talleres Cordoba,0,0,3.76,3.11,2.11,3.83,3.18,2.16,Primera División,,20241102_Dep.-Riestra_Talleres-Cordoba,-75.93870300271146,0.66,0.68,2,3,5,7,49.3,50.7,4,0,0,1,4,2
2024-11-02,River Plate,Banfield,3,1,1.3,4.97,11.22,1.3,5.27,11.78,Primera División,,20241102_River-Plate_Banfield,104.8934793005069,1.36,0.86,5,3,8,6,49.4,50.6,0,5,0,0,7,4
2024-11-02,Union de Santa Fe,Newells Old Boys,2,0,1.69,3.35,5.91,1.69,3.39,6.4,Primera División,,20241102_Union-de-Santa-Fe_Newells-Old-Boys,37.76510640259403,1.39,0.89,3,1,5,4,48.8,51.2,1,2,0,0,3,6
2024-11-03,Lanus,Boca Juniors,1,0,2.73,2.92,2.84,2.78,2.94,2.95,Primera División,,20241103_Lanus_Boca-Juniors,-86.88660253265061,1.82,0.07,7,0,14,0,49.6,50.4,1,1,0,0,9,1
2024-11-03,Racing Club,Instituto,2,0,2.14,3.13,3.68,2.13,3.19,3.88,Primera División,,20241103_Racing-Club_Instituto,43.273319009389525,1.43,0.85,5,4,11,9,54.9,45.1,2,0,0,0,5,5
2024-11-03,Tigre,Platense,0,0,2.9,2.67,2.93,3.03,2.67,2.99,Primera División,,20241103_Tigre_Platense,-64.01813030498806,0.05,0.78,0,4,1,10,48.0,52.0,2,1,1,0,0,6
2024-11-04,Atl. Tucuman,Sarmiento Junin,1,0,1.7,3.48,5.44,1.68,3.62,5.87,Primera División,,20241104_Atl.-Tucuman_Sarmiento-Junin,65.0445671131431,1.04,0.38,2,2,5,6,54.6,45.4,3,3,0,0,4,4
2024-11-05,Gimnasia L.P.,Central Cordoba,0,0,2.01,2.96,4.41,2.02,3.0,4.68,Primera División,,20241105_Gimnasia-L.P._Central-Cordoba,7.249001962945613,0.74,0.81,2,1,4,2,48.6,51.4,3,2,0,0,3,1
2024-11-05,Ind. Rivadavia,Rosario Central,1,1,3.0,2.68,2.83,3.06,2.7,2.93,Primera División,,20241105_Ind.-Rivadavia_Rosario-Central,-43.474766397614985,0.97,1.44,5,5,12,12,40.5,59.5,3,3,0,1,4,10
2024-11-05,San Lorenzo,Estudiantes L.P.,1,1,2.96,2.65,2.9,3.05,2.66,2.99,Primera División,,20241105_San-Lorenzo_Estudiantes-L.P.,-48.42471478538664,1.44,0.44,5,1,11,2,55.5,44.5,0,2,0,0,11,1
2024-11-06,Banfield,Belgrano,1,1,2.42,2.83,3.41,2.46,2.83,3.58,Primera División,,20241106_Banfield_Belgrano,-12.181564439893918,1.77,0.05,5,1,12,2,57.5,42.5,0,0,0,0,5,2
2024-11-06,Barracas Central,Racing Club,0,2,5.27,3.46,1.72,5.4,3.49,1.75,Primera División,,20241106_Barracas-Central_Racing-Club,-98.23549176442634,0.43,1.67,1,6,2,12,45.7,54.3,1,5,1,0,1,12
2024-11-06,Boca Juniors,Godoy Cruz,4,1,1.86,3.2,4.76,1.87,3.22,5.09,Primera División,,20241106_Boca-Juniors_Godoy-Cruz,-17.928960883729815,1.45,1.02,5,4,10,7,44.6,55.4,3,1,0,0,7,2
2024-11-06,Independiente,Union de Santa Fe,3,0,2.18,2.77,4.18,2.21,2.81,4.34,Primera División,,20241106_Independiente_Union-de-Santa-Fe,22.201751450871143,1.85,1.02,6,2,12,5,52.9,47.1,2,1,0,0,7,3
2024-11-06,Newells Old Boys,Huracan,2,4,2.86,2.6,3.06,2.89,2.64,3.19,Primera División,,20241106_Newells-Old-Boys_Huracan,-92.08210486489429,1.18,1.69,4,6,9,14,49.1,50.9,3,0,0,0,9,3
2024-11-07,Defensa y Justicia,Argentinos Jrs,2,1,2.69,3.0,2.81,2.71,3.03,2.95,Primera División,,20241107_Defensa-y-Justicia_Argentinos-Jrs,-21.502831302392906,1.27,0.78,2,3,3,4,43.6,56.4,0,2,0,0,6,3
2024-11-07,Instituto,River Plate,2,3,4.25,3.2,1.95,4.41,3.23,1.98,Primera División,,20241107_Instituto_River-Plate,-107.23343532659305,2.17,2.4,6,8,14,17,45.8,54.2,5,1,0,0,10,6
2024-11-07,Talleres Cordoba,Lanus,1,2,1.89,3.21,4.57,1.94,3.22,4.62,Primera División,,20241107_Talleres-Cordoba_Lanus,95.54007554222039,1.45,1.06,4,3,10,6,66.0,34.0,0,1,0,0,9,2
2024-11-08,Platense,Dep. Riestra,0,0,1.83,3.05,5.41,1.84,3.07,5.8,Primera División,,20241108_Platense_Dep.-Riestra,17.308814216248493,1.23,0.09,4,1,9,3,51.1,48.9,0,2,0,0,2,1
2024-11-08,Velez Sarsfield,Tigre,1,0,1.43,4.37,7.51,1.44,4.45,7.99,Primera División,,20241108_Velez-Sarsfield_Tigre,142.34655949269927,0.72,0.99,3,3,7,6,51.6,48.4,0,0,0,0,6,4
2024-11-09,Gimnasia L.P.,Newells Old Boys,1,0,2.02,3.07,4.21,2.06,3.11,4.3,Primera División,,20241109_Gimnasia-L.P._Newells-Old-Boys,11.079637410430905,0.05,1.39,1,5,1,10,54.8,45.2,0,2,0,0,5,3
2024-11-09,Rosario Central,San Lorenzo,0,1,2.23,2.65,4.25,2.26,2.63,4.59,Primera División,,20241109_Rosario-Central_San-Lorenzo,-18.639448730571985,1.64,0.38,4,2,10,2,46.0,54.0,1,0,0,0,5,7
2024-11-09,Union de Santa Fe,Atl. Tucuman,1,0,2.01,3.14,4.12,2.05,3.16,4.26,Primera División,,20241109_Union-de-Santa-Fe_Atl.-Tucuman,6.940293842388655,1.41,0.92,5,3,14,6,49.5,50.5,1,4,0,0,8,2
2024-11-10,Central Cordoba,Estudiantes L.P.,1,1,3.13,2.76,2.66,3.21,2.81,2.7,Primera División,,20241110_Central-Cordoba_Estudiantes-L.P.,-88.1637217229927,0.87,0.72,3,2,5,4,49.1,50.9,0,0,0,0,3,7
2024-11-10,Godoy Cruz,Talleres Cordoba,0,1,3.0,2.96,2.56,3.13,2.98,2.6,Primera División,,20241110_Godoy-Cruz_Talleres-Cordoba,-18.003951144266694,0.75,1.62,4,5,10,12,51.3,48.7,0,0,0,0,9,3
2024-11-10,Huracan,Independiente,1,0,2.8,2.54,3.25,2.89,2.57,3.31,Primera División,,20241110_Huracan_Independiente,8.371550877661775,2.53,1.01,7,3,14,8,64.8,35.2,2,2,0,1,6,4
2024-11-10,Racing Club,Ind. Rivadavia,2,1,1.38,4.47,9.13,1.38,4.65,9.72,Primera División,,20241110_Racing-Club_Ind.-Rivadavia,119.75709718075768,0.67,1.2,2,5,4,10,51.4,48.6,1,1,0,0,2,9
2024-11-10,River Plate,Barracas Central,3,0,1.18,6.42,17.5,1.17,6.97,20.19,Primera División,,20241110_River-Plate_Barracas-Central,158.27372133063227,1.81,0.24,6,0,13,0,59.6,40.4,3,0,0,0,7,2
2024-11-11,Dep. Riestra,Velez Sarsfield,1,1,6.85,3.85,1.52,7.53,3.99,1.51,Primera División,,20241111_Dep.-Riestra_Velez-Sarsfield,-106.75407206545856,0.46,1.17,2,5,5,10,48.5,51.5,1,2,0,0,5,7
2024-11-11,Lanus,Platense,0,0,2.22,2.86,3.85,2.23,2.87,4.11,Primera División,,20241111_Lanus_Platense,-26.257445378751527,0.42,0.91,3,2,6,4,45.5,54.5,2,0,0,0,4,1
2024-11-11,Sarmiento Junin,Boca Juniors,0,2,4.19,3.13,1.99,4.35,3.21,2.0,Primera División,,20241111_Sarmiento-Junin_Boca-Juniors,-126.39186084458152,0.91,0.47,2,2,4,5,36.8,63.2,4,0,1,0,5,7
2024-11-11,Tigre,Defensa y Justicia,0,4,2.31,3.24,3.16,2.37,3.26,3.24,Primera División,,20241111_Tigre_Defensa-y-Justicia,-47.76329275826174,0.68,1.97,0,6,0,13,41.7,58.3,1,1,0,0,3,4
2024-11-12,Argentinos Jrs,Banfield,1,0,1.76,3.29,5.24,1.8,3.3,5.48,Primera División,,20241112_Argentinos-Jrs_Banfield,20.093175432292583,0.94,0.59,4,2,10,2,50.7,49.3,2,1,1,0,7,1
2024-11-12,Belgrano,Instituto,3,1,2.71,2.97,2.81,2.79,3.01,2.88,Primera División,,20241112_Belgrano_Instituto,5.543914241134644,0.99,0.49,3,2,7,4,57.8,42.2,1,1,0,0,4,9
2024-11-17,San Lorenzo,Racing Club,1,2,3.25,2.78,2.55,3.41,2.84,2.54,Primera División,,20241117_San-Lorenzo_Racing-Club,-57.2937217517524,0.07,0.05,1,2,4,5,42.2,57.8,1,2,0,0,1,4
2024-11-18,Banfield,Tigre,0,1,3.2,2.99,2.45,3.66,3.08,2.27,Primera División,,20241118_Banfield_Tigre,22.74332911752458,0.98,1.0,3,4,6,9,53.7,46.3,2,6,0,1,4,2
2024-11-18,Defensa y Justicia,Dep. Riestra,1,1,1.74,3.62,4.77,1.72,3.67,5.31,Primera División,,20241118_Defensa-y-Justicia_Dep.-Riestra,4.273453075091993,1.03,1.1,2,3,7,8,50.7,49.3,1,4,0,0,2,4
2024-11-18,Platense,Godoy Cruz,1,0,1.84,3.05,5.34,1.84,3.1,5.66,Primera División,,20241118_Platense_Godoy-Cruz,-10.366928424519529,0.24,0.84,1,2,1,4,45.6,54.4,1,1,0,0,2,3
2024-11-19,Atl. Tucuman,Huracan,4,2,2.19,3.04,3.64,2.21,3.07,3.83,Primera División,,20241119_Atl.-Tucuman_Huracan,-83.45327306196396,1.58,1.65,4,6,11,14,41.3,58.7,3,0,0,0,4,9
2024-11-19,Instituto,Argentinos Jrs,1,0,2.25,2.95,3.63,2.28,2.95,3.84,Primera División,,20241119_Instituto_Argentinos-Jrs,-37.41196848292407,0.7,1.09,1,4,2,6,49.9,50.1,0,1,0,0,3,8
2024-11-20,Estudiantes L.P.,Rosario Central,1,1,1.88,3.11,4.83,1.89,3.17,5.07,Primera División,,20241120_Estudiantes-L.P._Rosario-Central,72.11608086145202,1.27,0.71,3,4,8,9,52.1,47.9,0,4,0,0,6,6
2024-11-20,Newells Old Boys,Central Cordoba,2,3,2.52,2.92,3.15,2.61,2.94,3.17,Primera División,,20241120_Newells-Old-Boys_Central-Cordoba,-18.930107199866825,1.29,1.89,4,5,8,11,41.2,58.8,2,3,0,0,5,5
2024-11-20,Velez Sarsfield,Lanus,0,0,1.56,3.91,6.11,1.58,3.99,6.19,Primera División,,20241120_Velez-Sarsfield_Lanus,112.41684787050053,0.96,0.52,3,2,8,4,51.5,48.5,1,3,0,0,6,8
2024-11-21,Barracas Central,Belgrano,1,1,3.77,3.09,2.13,3.97,3.12,2.14,Primera División,,20241121_Barracas-Central_Belgrano,-58.45618940065651,0.97,0.52,3,4,8,9,42.2,57.8,2,2,0,0,4,2
2024-11-21,Boca Juniors,Union de Santa Fe,1,0,1.98,3.17,4.2,1.99,3.14,4.58,Primera División,,20241121_Boca-Juniors_Union-de-Santa-Fe,30.90550618403404,0.78,0.94,2,5,3,10,55.8,44.2,3,0,0,0,3,2
2024-11-21,Independiente,Gimnasia L.P.,1,0,1.92,3.1,4.65,1.92,3.11,5.06,Primera División,,20241121_Independiente_Gimnasia-L.P.,67.08660946268151,0.76,0.92,2,3,5,7,51.7,48.3,0,0,0,0,5,2
2024-11-21,Talleres Cordoba,Sarmiento Junin,2,0,1.47,4.11,7.4,1.47,4.19,7.86,Primera División,,20241121_Talleres-Cordoba_Sarmiento-Junin,156.28358047835695,0.9,0.09,5,0,11,0,59.2,40.8,4,3,0,0,6,2
2024-11-22,Ind. Rivadavia,River Plate,2,1,7.97,4.16,1.44,8.26,4.27,1.45,Primera División,,20241122_Ind.-Rivadavia_River-Plate,-177.3086943961889,1.6,1.31,4,4,8,9,42.0,58.0,4,2,0,0,9,6
2024-11-23,Tigre,Instituto,0,0,2.5,2.93,3.13,2.58,2.96,3.19,Primera División,,20241123_Tigre_Instituto,-28.540879823286105,1.14,0.41,4,0,5,0,47.7,52.3,1,1,0,0,6,1
2024-11-24,Dep. Riestra,Banfield,1,1,2.05,2.98,4.19,2.08,3.05,4.31,Primera División,,20241124_Dep.-Riestra_Banfield,54.399767306789954,0.85,1.54,3,6,4,13,54.6,45.4,2,2,0,0,11,5
2024-11-24,Gimnasia L.P.,Atl. Tucuman,1,0,2.61,2.92,2.97,2.64,2.95,3.11,Primera División,,20241124_Gimnasia-L.P._Atl.-Tucuman,-39.96618843476335,1.2,1.02,3,3,6,8,49.7,50.3,3,1,0,0,5,3
2024-11-24,Godoy Cruz,Velez Sarsfield,0,0,4.54,3.27,1.88,4.69,3.31,1.9,Primera División,,20241124_Godoy-Cruz_Velez-Sarsfield,-86.2080971681421,1.36,1.54,3,5,5,10,46.7,53.3,2,2,0,0,3,6
2024-11-24,Huracan,Boca Juniors,0,0,2.26,2.93,3.61,2.25,2.98,3.86,Primera División,,20241124_Huracan_Boca-Juniors,-3.676731560560711,0.38,0.77,2,1,7,1,50.3,49.7,1,3,0,1,3,1
2024-11-25,Central Cordoba,Rosario Central,0,1,2.31,2.84,3.59,2.34,2.89,3.77,Primera División,,20241125_Central-Cordoba_Rosario-Central,-1.1937562073246681,0.92,0.32,0,1,0,2,46.6,53.4,1,0,0,0,2,6
2024-11-25,Lanus,Defensa y Justicia,0,0,2.24,3.14,3.38,2.27,3.19,3.51,Primera División,,20241125_Lanus_Defensa-y-Justicia,-13.18663075190193,0.71,0.64,2,2,5,5,44.7,55.3,3,0,0,0,3,1
2024-11-26,Argentinos Jrs,Barracas Central,0,1,1.42,4.16,8.49,1.42,4.24,9.66,Primera División,,20241126_Argentinos-Jrs_Barracas-Central,51.419811674286166,1.38,1.23,5,4,11,8,54.1,45.9,3,1,0,0,6,4
2024-11-26,Belgrano,Ind. Rivadavia,0,2,1.89,3.23,4.44,1.9,3.22,4.87,Primera División,,20241126_Belgrano_Ind.-Rivadavia,44.08329532003859,1.5,1.15,4,6,5,13,50.7,49.3,1,2,0,0,2,4
2024-11-26,Newells Old Boys,Independiente,2,1,3.41,2.72,2.5,3.6,2.72,2.54,Primera División,,20241126_Newells-Old-Boys_Independiente,-122.45925979733056,1.33,1.08,4,2,8,4,43.9,56.1,0,1,0,0,5,4
2024-11-27,Sarmiento Junin,Platense,1,0,3.64,2.74,2.39,3.74,2.75,2.46,Primera División,,20241127_Sarmiento-Junin_Platense,-124.45219719424085,2.05,1.59,8,5,20,12,46.4,53.6,2,2,0,0,5,5
2024-11-27,Union de Santa Fe,Talleres Cordoba,2,3,2.96,2.86,2.69,3.05,2.9,2.74,Primera División,,20241127_Union-de-Santa-Fe_Talleres-Cordoba,-63.0366253596485,0.6,1.32,2,4,4,7,52.5,47.5,1,0,1,0,4,5
2024-11-29,San Lorenzo,Belgrano,0,2,2.14,2.88,4.08,2.14,2.93,4.32,Primera División,,20241129_San-Lorenzo_Belgrano,20.253414847911245,1.23,1.73,2,5,3,13,50.5,49.5,3,2,0,1,1,9
2024-11-30,Banfield,Lanus,0,1,3.76,2.82,2.26,3.87,2.85,2.32,Primera División,,20241130_Banfield_Lanus,-43.78294010605987,0.86,1.05,3,2,6,3,37.6,62.4,1,2,0,0,1,3
2024-11-30,Estudiantes L.P.,River Plate,1,2,3.5,3.0,2.26,3.43,3.05,2.38,Primera División,,20241130_Estudiantes-L.P._River-Plate,-52.85527319480252,0.52,1.54,1,5,2,10,42.1,57.9,2,4,0,0,4,8
2024-11-30,Rosario Central,Racing Club,0,2,3.53,3.03,2.24,3.74,3.12,2.22,Primera División,,20241130_Rosario-Central_Racing-Club,-94.27132097517142,0.37,1.94,1,4,1,9,38.7,61.3,4,1,0,0,6,1
2024-12-01,Defensa y Justicia,Godoy Cruz,2,1,1.85,3.48,4.29,1.86,3.53,4.51,Primera División,,20241201_Defensa-y-Justicia_Godoy-Cruz,-8.889863446776417,1.09,1.72,4,4,11,8,47.8,52.2,1,1,0,0,3,6
2024-12-01,Independiente,Central Cordoba,2,0,1.92,3.0,4.86,1.92,3.04,5.21,Primera División,,20241201_Independiente_Central-Cordoba,76.73154560373223,1.49,0.87,5,2,13,5,55.9,44.1,1,0,0,0,10,6
2024-12-01,Instituto,Dep. Riestra,2,1,1.9,3.23,4.46,1.93,3.24,4.7,Primera División,,20241201_Instituto_Dep.-Riestra,-22.153262685108757,1.11,1.03,4,4,11,10,49.0,51.0,0,1,0,0,4,8
2024-12-01,Velez Sarsfield,Sarmiento Junin,1,0,1.32,4.89,9.98,1.34,4.98,10.37,Primera División,,20241201_Velez-Sarsfield_Sarmiento-Junin,177.2698741925583,1.57,0.1,3,1,6,3,58.2,41.8,0,0,0,0,3,0
2024-12-02,Barracas Central,Tigre,0,0,3.3,2.99,2.36,3.38,3.05,2.41,Primera División,,20241202_Barracas-Central_Tigre,0.7382194117894869,1.16,1.7,4,4,8,10,45.4,54.6,0,1,0,0,6,6
2024-12-02,Boca Juniors,Gimnasia L.P.,1,0,1.68,3.55,5.4,1.68,3.63,5.76,Primera División,,20241202_Boca-Juniors_Gimnasia-L.P.,83.93849891119226,1.03,0.34,3,1,5,4,55.5,44.5,1,1,0,0,7,2
2024-12-02,Platense,Union de Santa Fe,1,0,2.37,2.58,4.0,2.49,2.54,4.09,Primera División,,20241202_Platense_Union-de-Santa-Fe,11.050090323027007,1.12,0.38,4,1,8,2,53.1,46.9,5,1,0,0,4,4
2024-12-02,Talleres Cordoba,Huracan,1,0,1.92,3.03,4.81,1.93,3.09,5.01,Primera División,,20241202_Talleres-Cordoba_Huracan,23.656500958772313,0.42,1.52,3,4,7,8,53.6,46.4,0,2,0,0,11,2
2024-12-03,Atl. Tucuman,Newells Old Boys,0,0,1.69,3.53,5.3,1.7,3.65,5.51,Primera División,,20241203_Atl.-Tucuman_Newells-Old-Boys,46.4792140383272,1.13,0.1,3,0,6,0,52.1,47.9,0,3,0,0,4,0
2024-12-03,Ind. Rivadavia,Argentinos Jrs,2,1,3.02,2.75,2.74,3.03,2.84,2.81,Primera División,,20241203_Ind.-Rivadavia_Argentinos-Jrs,-13.769663747932327,1.09,0.45,2,1,4,3,45.3,54.7,5,1,0,0,3,8
2024-12-04,Racing Club,Estudiantes L.P.,4,5,1.84,3.38,4.52,1.85,3.48,4.73,Primera División,,20241204_Racing-Club_Estudiantes-L.P.,58.03528302286577,0.92,2.25,4,6,10,12,50.6,49.4,3,2,0,0,8,3
2024-12-05,River Plate,San Lorenzo,1,1,1.41,4.28,8.5,1.43,4.27,9.02,Primera División,,20241205_River-Plate_San-Lorenzo,114.08862684785595,1.23,0.56,4,2,9,4,59.0,41.0,0,3,0,0,4,4
2024-12-06,Dep. Riestra,Barracas Central,0,0,1.98,3.22,4.11,2.02,3.25,4.2,Primera División,,20241206_Dep.-Riestra_Barracas-Central,35.25019759495285,0.05,0.55,2,1,4,4,48.2,51.8,1,3,0,0,5,4
2024-12-06,Sarmiento Junin,Defensa y Justicia,1,1,3.02,2.92,2.58,,,,Primera División,,20241206_Sarmiento-Junin_Defensa-y-Justicia,-106.6732273616999,1.29,0.05,4,1,9,1,45.7,54.3,1,6,0,0,4,2
2024-12-07,Lanus,Instituto,2,0,1.96,3.15,4.34,1.96,3.21,4.56,Primera División,,20241207_Lanus_Instituto,12.99546177333059,1.11,0.05,2,1,4,2,43.8,56.2,1,2,1,0,0,3
2024-12-07,Union de Santa Fe,Velez Sarsfield,1,0,3.6,2.88,2.3,3.73,2.84,2.39,Primera División,,20241207_Union-de-Santa-Fe_Velez-Sarsfield,-114.09191392176649,0.16,0.62,3,1,7,2,45.4,54.6,1,3,0,1,3,5
2024-12-08,Central Cordoba,Racing Club,3,1,4.52,3.32,1.87,4.88,3.57,1.79,Primera División,,20241208_Central-Cordoba_Racing-Club,-123.61023965407662,1.86,1.29,8,4,17,9,43.8,56.2,1,1,1,0,12,1
2024-12-08,Gimnasia L.P.,Talleres Cordoba,0,1,4.36,3.3,1.89,4.44,3.48,1.89,Primera División,,20241208_Gimnasia-L.P._Talleres-Cordoba,-124.51241802393292,0.91,1.13,5,2,11,6,54.9,45.1,0,1,0,0,6,2
2024-12-08,Godoy Cruz,Banfield,4,0,1.83,3.17,5.0,1.86,3.16,5.33,Primera División,,20241208_Godoy-Cruz_Banfield,63.13773836875407,2.0,0.31,7,0,16,0,57.9,42.1,1,1,0,0,11,4
2024-12-08,River Plate,Rosario Central,4,0,1.27,5.4,11.57,1.25,6.0,11.88,Primera División,,20241208_River-Plate_Rosario-Central,123.30661274168119,2.2,0.55,6,2,13,5,52.7,47.3,0,3,0,0,4,8
2024-12-09,Argentinos Jrs,San Lorenzo,1,0,1.95,2.97,4.69,1.97,3.0,4.97,Primera División,,20241209_Argentinos-Jrs_San-Lorenzo,-27.11942080364929,0.39,0.64,2,1,5,1,47.1,52.9,6,2,0,0,2,2
2024-12-09,Belgrano,Estudiantes L.P.,2,2,2.79,2.98,2.73,2.86,2.95,2.87,Primera División,,20241209_Belgrano_Estudiantes-L.P.,-49.69853008786299,0.5,0.59,2,2,6,3,48.7,51.3,0,2,0,0,4,3
2024-12-09,Newells Old Boys,Boca Juniors,0,1,3.65,3.1,2.15,3.76,3.2,2.17,Primera División,,20241209_Newells-Old-Boys_Boca-Juniors,-124.76033722285251,1.16,0.64,4,3,9,6,43.7,56.3,2,2,0,0,3,5
2024-12-09,Tigre,Ind. Rivadavia,0,2,2.33,2.91,3.48,2.47,2.85,3.52,Primera División,,20241209_Tigre_Ind.-Rivadavia,-23.311962044902202,0.76,1.62,1,5,4,12,40.4,59.6,0,0,0,0,3,5
2024-12-10,Huracan,Platense,1,0,2.24,2.59,4.34,2.29,2.57,4.66,Primera División,,20241210_Huracan_Platense,25.220111610937238,0.73,0.11,1,1,4,1,54.4,45.6,3,2,0,0,4,6
2024-12-10,Independiente,Atl. Tucuman,2,1,1.7,3.35,5.94,1.65,3.44,6.87,Primera División,,20241210_Independiente_Atl.-Tucuman,54.84246390706562,0.94,0.69,3,3,7,4,56.9,43.1,0,2,0,0,4,3
2024-12-13,Barracas Central,Lanus,3,3,6.19,3.65,1.6,6.42,3.73,1.61,Primera División,,20241213_Barracas-Central_Lanus,-61.95864294328453,2.08,1.35,7,5,15,12,45.3,54.7,0,2,0,0,7,5
2024-12-13,Estudiantes L.P.,Argentinos Jrs,2,2,2.41,3.04,3.15,2.46,3.1,3.22,Primera División,,20241213_Estudiantes-L.P._Argentinos-Jrs,63.51761990749537,0.93,1.11,3,4,6,9,54.5,45.5,2,5,0,0,5,2
2024-12-14,Banfield,Sarmiento Junin,1,1,2.3,2.87,3.59,2.33,2.86,3.84,Primera División,,20241214_Banfield_Sarmiento-Junin,14.39560865366002,0.91,1.86,3,5,6,9,56.4,43.6,1,1,0,0,2,6
2024-12-14,Boca Juniors,Independiente,0,0,2.18,3.02,3.67,2.23,3.05,3.8,Primera División,,20241214_Boca-Juniors_Independiente,24.375989749179098,0.05,1.08,1,3,3,8,53.4,46.6,3,2,0,0,4,1
2024-12-14,Instituto,Godoy Cruz,1,3,1.9,3.39,4.2,1.84,3.57,4.58,Primera División,,20241214_Instituto_Godoy-Cruz,-32.75312363574835,1.76,1.36,5,3,10,6,44.0,56.0,1,2,0,0,4,8
2024-12-14,Rosario Central,Belgrano,2,1,2.2,3.1,3.54,2.17,3.21,3.74,Primera División,,20241214_Rosario-Central_Belgrano,-27.783040914103367,1.58,1.3,3,6,7,10,47.5,52.5,4,1,0,0,1,4
2024-12-14,San Lorenzo,Tigre,0,1,2.0,3.1,4.26,2.01,3.18,4.38,Primera División,,20241214_San-Lorenzo_Tigre,37.51163515979647,1.45,1.41,5,2,13,3,53.8,46.2,1,0,0,0,3,5
2024-12-15,Defensa y Justicia,Union de Santa Fe,0,0,1.97,3.17,4.18,2.01,3.14,4.46,Primera División,,20241215_Defensa-y-Justicia_Union-de-Santa-Fe,11.400534811158195,1.13,1.35,4,5,9,11,56.1,43.9,3,4,0,0,3,5
2024-12-15,Platense,Gimnasia L.P.,1,0,1.86,3.05,5.15,1.84,3.16,5.51,Primera División,,20241215_Platense_Gimnasia-L.P.,50.01157460893501,0.62,0.49,1,1,2,4,45.5,54.5,1,0,0,0,4,1
2024-12-15,Racing Club,River Plate,1,0,3.61,3.49,2.02,3.82,3.59,2.0,Primera División,,20241215_Racing-Club_River-Plate,-49.387380534186605,0.92,0.35,4,1,9,3,49.8,50.2,4,0,0,0,8,3
2024-12-15,Talleres Cordoba,Newells Old Boys,1,3,1.22,5.82,15.08,1.2,6.22,19.56,Primera División,,20241215_Talleres-Cordoba_Newells-Old-Boys,162.76395880143718,0.06,0.5,1,3,4,6,55.7,44.3,1,2,0,0,8,4
2024-12-15,Velez Sarsfield,Huracan,2,0,1.89,3.23,4.44,1.96,3.22,4.52,Primera División,,20241215_Velez-Sarsfield_Huracan,27.649508786732213,0.89,0.54,2,3,2,5,52.2,47.8,2,6,0,0,3,6
2024-12-17,Atl. Tucuman,Central Cordoba,2,0,1.8,3.36,4.81,1.86,3.33,4.93,Primera División,,20241217_Atl.-Tucuman_Central-Cordoba,14.453910223175399,1.15,0.86,3,2,8,3,50.1,49.9,2,2,0,0,3,2
2024-12-17,Ind. Rivadavia,Dep. Riestra,0,0,1.79,3.37,4.95,1.8,3.41,5.16,Primera División,,20241217_Ind.-Rivadavia_Dep.-Riestra,-0.2160828965706969,0.82,1.08,5,4,11,8,53.0,47.0,4,1,0,0,7,1
2025-01-23,Godoy Cruz,Rosario Central,0,3,2.88,2.81,2.81,2.98,2.88,2.82,Primera División,,20250123_Godoy-Cruz_Rosario-Central,43.91707950444561,0.46,1.48,2,3,5,8,48.2,51.8,5,0,0,0,3,3
2025-01-23,Tigre,Velez Sarsfield,3,0,3.63,2.94,2.25,3.63,3.02,2.31,Primera División,,20250123_Tigre_Velez-Sarsfield,-142.85669516482835,2.28,2.05,7,7,15,17,43.2,56.8,0,2,0,0,9,8
2025-01-24,Barracas Central,Racing Club,1,3,5.9,3.81,1.59,5.99,3.83,1.63,Primera División,,20250124_Barracas-Central_Racing-Club,-113.92983594277553,1.16,1.91,2,5,5,11,52.6,47.4,1,2,0,0,3,8
2025-01-24,Defensa y Justicia,Banfield,0,1,1.86,3.28,4.63,1.85,3.39,4.82,Primera División,,20250124_Defensa-y-Justicia_Banfield,85.23533029822488,0.05,0.23,0,1,0,3,54.7,45.3,2,0,0,0,3,5
2025-01-24,Independiente,Sarmiento Junin,2,1,1.53,3.71,7.28,1.5,3.92,8.29,Primera División,,20250124_Independiente_Sarmiento-Junin,139.42707247507747,2.15,1.36,5,5,10,9,56.6,43.4,0,2,0,0,3,4
2025-01-24,Lanus,Dep. Riestra,0,2,1.72,3.45,5.21,1.75,3.52,5.36,Primera División,,20250124_Lanus_Dep.-Riestra,27.02500971645054,1.16,0.97,3,4,6,8,48.4,51.6,2,1,0,0,3,8
2025-01-24,Newells Old Boys,Ind. Rivadavia,0,1,2.28,2.85,3.67,2.33,2.9,3.77,Primera División,,20250124_Newells-Old-Boys_Ind.-Rivadavia,-31.01209734503209,0.44,1.58,1,4,3,10,49.7,50.3,1,4,0,1,3,6
2025-01-25,Belgrano,Huracan,1,1,2.14,2.94,3.92,2.13,3.03,4.14,Primera División,,20250125_Belgrano_Huracan,-65.87059227333839,0.62,2.12,2,7,4,16,46.7,53.3,0,0,0,0,7,11
2025-01-25,Estudiantes L.P.,Union de Santa Fe,3,1,1.77,3.23,5.3,1.79,3.25,5.63,Primera División,,20250125_Estudiantes-L.P._Union-de-Santa-Fe,34.59810669667172,1.73,0.95,5,2,9,5,59.0,41.0,2,2,0,0,4,5
2025-01-25,Instituto,Gimnasia L.P.,3,0,1.94,3.09,4.54,1.96,3.16,4.66,Primera División,,20250125_Instituto_Gimnasia-L.P.,18.41131278735361,1.83,0.08,6,0,15,0,48.7,51.3,3,0,0,0,5,3
2025-01-25,San Lorenzo,Talleres Cordoba,1,0,3.47,2.75,2.46,3.66,2.75,2.49,Primera División,,20250125_San-Lorenzo_Talleres-Cordoba,-118.75518575774322,1.59,0.95,5,3,11,6,49.1,50.9,1,1,0,0,9,3
2025-01-25,San Martin S.J.,Atl. Tucuman,0,1,2.67,2.88,2.98,2.73,2.86,3.1,Primera División,,20250125_San-Martin-S.J._Atl.-Tucuman,-39.47594421390727,1.01,1.44,2,4,5,8,48.1,51.9,1,1,0,0,4,5
2025-01-26,Boca Juniors,Argentinos Jrs,0,0,2.16,2.93,3.9,2.17,3.04,4.01,Primera División,,20250126_Boca-Juniors_Argentinos-Jrs,98.67829676356291,0.61,0.05,2,0,6,1,58.0,42.0,0,3,0,0,3,6
2025-01-26,Platense,River Plate,1,1,5.83,3.28,1.71,6.63,3.33,1.69,Primera División,,20250126_Platense_River-Plate,-70.8884064813617,0.74,0.67,2,2,4,3,47.7,52.3,0,4,0,0,2,2
2025-01-27,Banfield,Newells Old Boys,3,0,2.42,2.79,3.44,2.46,2.85,3.57,Primera División,,20250127_Banfield_Newells-Old-Boys,-0.49190027714098505,0.91,0.78,3,4,6,10,49.6,50.4,1,2,0,0,2,14
2025-01-27,Central Cordoba,Aldosivi,1,0,1.86,3.17,4.82,1.86,3.27,5.03,Primera División,,20250127_Central-Cordoba_Aldosivi,101.26773582317219,0.86,0.96,2,2,4,4,63.4,36.6,2,1,0,0,11,4
2025-01-28,Dep. Riestra,San Martin S.J.,0,0,2.16,2.81,4.15,2.15,2.89,4.36,Primera División,,20250128_Dep.-Riestra_San-Martin-S.J.,58.972381481303955,0.93,0.83,4,3,8,8,47.1,52.9,1,0,0,0,3,3
2025-01-28,Rosario Central,Lanus,2,1,2.27,2.87,3.68,2.25,2.98,3.88,Primera División,,20250128_Rosario-Central_Lanus,-7.832131785449292,0.96,1.81,2,6,5,16,46.9,53.1,0,2,0,0,1,2
2025-01-28,Sarmiento Junin,Godoy Cruz,0,0,2.34,2.94,3.41,2.41,3.01,3.43,Primera División,,20250128_Sarmiento-Junin_Godoy-Cruz,-101.51291673000605,0.55,1.09,1,1,3,1,44.3,55.7,2,3,0,0,2,5
2025-01-29,Gimnasia L.P.,San Lorenzo,0,2,2.48,2.71,3.46,2.54,2.7,3.64,Primera División,,20250129_Gimnasia-L.P._San-Lorenzo,-41.861122761769366,0.97,1.34,3,3,9,5,40.7,59.3,1,1,0,0,6,3
2025-01-29,Huracan,Estudiantes L.P.,0,0,3.17,2.89,2.5,3.24,2.92,2.58,Primera División,,20250129_Huracan_Estudiantes-L.P.,-4.2631348895668,0.65,1.13,2,2,6,3,51.5,48.5,2,3,0,0,3,2
2025-01-29,Ind. Rivadavia,Barracas Central,0,0,1.85,3.09,5.17,1.87,3.04,5.61,Primera División,,20250129_Ind.-Rivadavia_Barracas-Central,49.62927346751053,0.05,1.43,0,4,0,6,56.5,43.5,2,0,1,0,2,6
2025-01-29,Talleres Cordoba,Independiente,2,3,2.22,2.85,3.84,2.23,2.86,4.14,Primera División,,20250129_Talleres-Cordoba_Independiente,5.185088178787737,1.18,0.62,3,3,7,8,49.2,50.8,1,1,0,0,6,6
2025-01-29,Union de Santa Fe,Boca Juniors,1,1,2.93,2.87,2.69,3.03,2.9,2.75,Primera División,,20250129_Union-de-Santa-Fe_Boca-Juniors,-81.58769849449754,0.39,0.05,3,1,7,3,46.2,53.8,1,1,0,0,2,3
2025-01-29,Velez Sarsfield,Platense,0,1,1.87,3.02,5.18,1.9,3.04,5.39,Primera División,,20250129_Velez-Sarsfield_Platense,56.80445251476863,1.33,1.04,5,4,13,10,58.4,41.6,0,1,0,0,7,7
2025-01-30,Aldosivi,Defensa y Justicia,0,5,3.03,2.98,2.53,3.19,3.06,2.51,Primera División,,20250130_Aldosivi_Defensa-y-Justicia,-156.07038758609724,0.22,1.65,2,6,4,12,50.0,50.0,0,1,0,0,3,7
2025-01-30,Racing Club,Belgrano,4,0,1.61,3.85,5.55,1.63,3.83,5.99,Primera División,,20250130_Racing-Club_Belgrano,94.5629014127137,1.37,0.18,4,1,7,1,45.8,54.2,1,4,0,0,4,1
2025-01-30,River Plate,Instituto,1,0,1.41,4.52,7.63,1.42,4.56,8.37,Primera División,,20250130_River-Plate_Instituto,109.27798516316534,0.59,0.43,1,1,1,2,55.0,45.0,2,2,0,0,2,1
2025-01-31,Argentinos Jrs,Tigre,1,0,2.04,3.13,3.96,2.06,3.14,4.25,Primera División,,20250131_Argentinos-Jrs_Tigre,11.786681967268805,0.87,0.19,4,1,10,3,55.3,44.7,1,3,1,0,3,0
2025-01-31,Central Cordoba,Atl. Tucuman,2,0,2.44,2.91,3.24,2.47,2.93,3.43,Primera División,,20250131_Central-Cordoba_Atl.-Tucuman,-39.500300024604485,1.42,1.28,5,4,11,8,43.1,56.9,1,1,0,0,5,2
2025-02-01,Barracas Central,Banfield,1,0,3.0,2.75,2.75,3.02,2.77,2.88,Primera División,,20250201_Barracas-Central_Banfield,-6.5762639739371025,1.44,2.12,5,7,12,14,51.4,48.6,1,2,0,0,9,8
2025-02-01,San Martin S.J.,Rosario Central,0,0,3.51,2.74,2.44,3.76,2.66,2.52,Primera División,,20250201_San-Martin-S.J._Rosario-Central,-62.55516414287513,0.73,1.31,4,3,10,8,48.1,51.9,2,1,0,0,4,3
2025-02-02,Boca Juniors,Huracan,2,1,1.91,3.16,4.52,1.91,3.25,4.76,Primera División,,20250202_Boca-Juniors_Huracan,26.720315328611605,1.73,1.13,4,3,9,7,55.0,45.0,0,2,0,0,6,5
2025-02-02,Lanus,Sarmiento Junin,2,0,1.6,3.51,6.54,1.59,3.64,7.19,Primera División,,20250202_Lanus_Sarmiento-Junin,76.76547752824399,1.6,0.33,5,2,11,4,52.6,47.4,0,0,0,0,4,9
2025-02-02,Newells Old Boys,Aldosivi,1,0,1.73,3.34,5.39,1.71,3.41,6.05,Primera División,,20250202_Newells-Old-Boys_Aldosivi,96.02751112089595,0.46,0.86,3,2,9,5,50.2,49.8,3,0,0,0,2,5
2025-02-02,San Lorenzo,River Plate,0,0,4.86,3.21,1.84,5.19,3.19,1.87,Primera División,,20250202_San-Lorenzo_River-Plate,-106.34183010608672,1.06,0.31,4,1,6,3,44.9,55.1,1,5,0,0,3,2
2025-02-03,Defensa y Justicia,Central Cordoba,2,1,2.08,3.08,3.93,2.06,3.12,4.28,Primera División,,20250203_Defensa-y-Justicia_Central-Cordoba,31.19298473433946,2.27,1.13,8,5,18,10,50.5,49.5,4,1,0,0,5,6
2025-02-03,Estudiantes L.P.,Racing Club,2,0,2.37,3.11,3.13,2.34,3.25,3.29,Primera División,,20250203_Estudiantes-L.P._Racing-Club,-37.885086015532124,2.16,0.44,7,2,17,6,49.8,50.2,1,3,0,0,10,3
2025-02-03,Independiente,Gimnasia L.P.,2,0,1.66,3.41,5.82,1.69,3.46,6.11,Primera División,,20250203_Independiente_Gimnasia-L.P.,146.27331086200047,0.6,0.05,2,0,7,0,58.1,41.9,0,1,0,0,7,4
2025-02-03,Instituto,Velez Sarsfield,2,0,2.61,2.98,2.9,2.68,3.05,2.96,Primera División,,20250203_Instituto_Velez-Sarsfield,-94.4247297734953,0.86,0.83,2,0,5,0,43.6,56.4,2,3,0,0,4,3
2025-02-03,Tigre,Union de Santa Fe,1,0,2.38,2.82,3.48,2.5,2.75,3.64,Primera División,,20250203_Tigre_Union-de-Santa-Fe,-36.59870267201222,1.12,0.4,4,3,7,8,38.4,61.6,1,1,0,0,4,7
2025-02-04,Argentinos Jrs,Platense,1,0,2.18,2.71,4.27,2.27,2.74,4.29,Primera División,,20250204_Argentinos-Jrs_Platense,-43.26989165390046,0.87,1.64,2,5,5,13,52.7,47.3,2,1,1,0,2,5
2025-02-04,Belgrano,Ind. Rivadavia,0,3,1.93,3.19,4.29,1.93,3.28,4.58,Primera División,,20250204_Belgrano_Ind.-Rivadavia,-20.971547383629513,0.05,0.98,0,3,0,7,48.1,51.9,3,1,0,0,3,3
2025-02-05,Atl. Tucuman,Dep. Riestra,0,3,1.89,3.13,4.7,1.89,3.19,4.99,Primera División,,20250205_Atl.-Tucuman_Dep.-Riestra,-9.552612734517425,0.08,2.03,1,7,1,17,46.2,53.8,0,1,0,0,0,8
2025-02-06,Aldosivi,Barracas Central,1,3,2.36,2.82,3.49,2.37,2.89,3.71,Primera División,,20250206_Aldosivi_Barracas-Central,-133.98571388752225,0.41,1.31,1,5,2,10,51.5,48.5,1,2,0,0,1,3
2025-02-06,Sarmiento Junin,San Martin S.J.,1,1,2.43,2.7,3.57,2.46,2.72,3.77,Primera División,,20250206_Sarmiento-Junin_San-Martin-S.J.,-42.44757894556005,1.11,0.38,3,1,7,2,44.5,55.5,2,1,1,0,4,6
2025-02-07,Banfield,Belgrano,1,1,2.41,2.91,3.31,2.39,2.95,3.61,Primera División,,20250207_Banfield_Belgrano,-19.62688420455129,1.76,1.31,5,3,11,8,47.9,52.1,0,2,0,0,5,5
2025-02-07,Central Cordoba,Newells Old Boys,2,0,2.18,3.02,3.7,2.27,3.07,3.73,Primera División,,20250207_Central-Cordoba_Newells-Old-Boys,23.04917470069131,0.49,0.9,3,2,7,5,42.1,57.9,2,0,0,0,8,7
2025-02-07,Huracan,Tigre,2,0,2.23,2.84,3.87,2.25,2.93,4.01,Primera División,,20250207_Huracan_Tigre,61.59321990146964,0.37,1.22,3,5,6,10,53.3,46.7,2,2,0,0,2,5
2025-02-08,Ind. Rivadavia,Estudiantes L.P.,2,2,3.22,2.91,2.48,3.41,2.91,2.52,Primera División,,20250208_Ind.-Rivadavia_Estudiantes-L.P.,-55.357548137203594,1.94,1.6,6,5,13,13,46.7,53.3,0,1,0,0,8,11
2025-02-08,River Plate,Independiente,2,0,1.76,3.49,4.78,1.8,3.58,4.97,Primera División,,20250208_River-Plate_Independiente,12.262884264172726,1.89,0.33,6,0,12,2,50.8,49.2,3,1,0,0,7,1
2025-02-08,Rosario Central,Atl. Tucuman,3,1,1.76,3.35,5.19,1.76,3.45,5.63,Primera División,,20250208_Rosario-Central_Atl.-Tucuman,26.703004225851146,1.7,1.25,4,3,10,7,56.2,43.8,1,0,0,1,5,4
2025-02-08,Union de Santa Fe,Argentinos Jrs,0,1,3.03,2.83,2.65,3.14,2.83,2.77,Primera División,,20250208_Union-de-Santa-Fe_Argentinos-Jrs,-25.12032590089234,1.36,0.9,5,2,11,4,45.2,54.8,0,1,0,0,9,6
2025-02-08,Velez Sarsfield,San Lorenzo,0,0,2.35,2.72,3.75,2.34,2.81,3.99,Primera División,,20250208_Velez-Sarsfield_San-Lorenzo,56.05209495176132,0.9,0.85,2,3,5,6,56.9,43.1,1,2,0,0,5,4
2025-02-09,Dep. Riestra,Defensa y Justicia,1,1,2.59,2.97,2.95,2.63,3.02,3.11,Primera División,,20250209_Dep.-Riestra_Defensa-y-Justicia,-8.112330609092169,0.78,0.05,3,1,6,3,50.3,49.7,4,1,0,0,1,3
2025-02-09,Gimnasia L.P.,Godoy Cruz,3,0,1.95,3.16,4.31,2.03,3.11,4.52,Primera División,,20250209_Gimnasia-L.P._Godoy-Cruz,-85.14259837621626,1.93,1.3,6,3,13,6,46.2,53.8,1,3,0,0,9,7
2025-02-09,Platense,Instituto,1,0,2.8,2.62,3.1,2.97,2.61,3.19,Primera División,,20250209_Platense_Instituto,36.83946415511332,1.49,0.05,4,0,8,1,52.3,47.7,2,4,0,1,3,1
2025-02-09,Racing Club,Boca Juniors,2,0,2.3,3.2,3.18,2.3,3.36,3.33,Primera División,,20250209_Racing-Club_Boca-Juniors,-9.248837770031514,1.46,1.05,3,3,7,7,48.0,52.0,1,3,0,0,3,6
2025-02-10,Talleres Cordoba,Lanus,0,1,2.01,3.24,4.02,2.12,3.19,4.0,Primera División,,20250210_Talleres-Cordoba_Lanus,57.72149441925376,0.77,0.05,3,1,7,4,55.7,44.3,2,4,0,1,2,6
2025-02-11,Barracas Central,Central Cordoba,3,3,3.7,2.73,2.35,3.67,2.86,2.43,Primera División,,20250211_Barracas-Central_Central-Cordoba,-6.237769848822609,1.68,1.66,5,4,10,8,46.7,53.3,1,1,0,0,6,6
2025-02-11,Boca Juniors,Ind. Rivadavia,2,0,1.7,3.33,5.79,1.69,3.47,6.33,Primera División,,20250211_Boca-Juniors_Ind.-Rivadavia,61.66945291017282,1.31,0.67,2,3,4,7,54.4,45.6,0,3,0,0,4,6
2025-02-11,Estudiantes L.P.,Banfield,1,0,1.58,3.66,6.43,1.59,3.78,6.93,Primera División,,20250211_Estudiantes-L.P._Banfield,115.93593996832305,0.73,1.64,3,4,9,6,60.1,39.9,0,0,0,0,5,1
2025-02-12,Argentinos Jrs,Huracan,1,1,1.95,3.0,4.66,1.95,3.08,5.04,Primera División,,20250212_Argentinos-Jrs_Huracan,-25.15380203693053,0.2,1.89,1,6,2,12,44.8,55.2,1,1,0,0,1,4
2025-02-12,Belgrano,Aldosivi,2,0,1.65,3.55,5.79,1.66,3.65,6.18,Primera División,,20250212_Belgrano_Aldosivi,142.64631089816612,2.19,0.49,7,1,16,1,57.6,42.4,3,3,0,0,15,5
2025-02-12,Dep. Riestra,Rosario Central,0,0,2.22,2.97,3.65,2.22,3.07,3.87,Primera División,,20250212_Dep.-Riestra_Rosario-Central,-4.609479942861526,1.37,0.84,5,2,9,4,50.9,49.1,2,2,1,0,4,5
2025-02-12,Independiente,Velez Sarsfield,3,0,1.9,3.1,4.72,1.88,3.19,5.27,Primera División,,20250212_Independiente_Velez-Sarsfield,21.24484491026965,0.95,1.29,3,4,6,8,49.7,50.3,0,0,0,0,4,3
2025-02-12,Newells Old Boys,Defensa y Justicia,0,1,2.78,3.04,2.69,2.83,3.11,2.79,Primera División,,20250212_Newells-Old-Boys_Defensa-y-Justicia,-87.0181317216502,0.09,0.7,0,3,3,6,43.9,56.1,2,2,0,0,1,6
2025-02-12,Tigre,Racing Club,1,0,2.67,2.86,2.94,2.67,2.96,3.11,Primera División,,20250212_Tigre_Racing-Club,-123.43657715902259,1.1,0.05,4,0,9,3,47.9,52.1,1,1,0,0,10,3
2025-02-13,Godoy Cruz,River Plate,0,0,6.05,3.73,1.59,6.31,3.78,1.63,Primera División,,20250213_Godoy-Cruz_River-Plate,-114.30675006059573,0.05,0.46,0,1,1,3,49.4,50.6,1,2,0,0,4,7
2025-02-13,Lanus,Gimnasia L.P.,0,0,1.91,3.15,4.54,1.93,3.24,4.8,Primera División,,20250213_Lanus_Gimnasia-L.P.,75.69765632093277,0.44,0.21,2,2,3,6,47.8,52.2,0,1,0,0,10,3
2025-02-13,San Lorenzo,Platense,2,1,2.6,2.45,3.74,2.7,2.52,3.77,Primera División,,20250213_San-Lorenzo_Platense,-37.64648291235676,1.14,0.53,5,2,11,4,47.2,52.8,2,1,0,0,3,0
2025-02-13,San Martin S.J.,Talleres Cordoba,0,1,4.33,2.99,2.02,4.57,3.0,2.07,Primera División,,20250213_San-Martin-S.J._Talleres-Cordoba,-98.30460848267239,1.88,1.34,5,5,12,10,44.9,55.1,1,1,0,0,14,8
2025-02-14,Atl. Tucuman,Sarmiento Junin,5,0,1.81,3.29,4.92,1.82,3.43,5.12,Primera División,,20250214_Atl.-Tucuman_Sarmiento-Junin,61.486318239452885,2.22,0.44,6,1,13,1,46.3,53.7,8,0,1,0,10,2
2025-02-14,Banfield,Boca Juniors,0,1,3.07,2.9,2.56,3.16,2.89,2.7,Primera División,,20250214_Banfield_Boca-Juniors,-144.06988308356722,0.74,1.07,1,3,3,6,45.6,54.4,0,4,0,0,2,5
2025-02-14,Union de Santa Fe,Instituto,0,0,2.72,2.68,3.13,2.82,2.75,3.19,Primera División,,20250214_Union-de-Santa-Fe_Instituto,-4.978659619511063,1.32,1.06,5,4,11,7,50.3,49.7,2,1,0,0,5,2
2025-02-15,Aldosivi,Estudiantes L.P.,2,2,4.45,3.19,1.92,5.05,3.19,1.91,Primera División,,20250215_Aldosivi_Estudiantes-L.P.,-255.7802391842431,0.8,1.87,2,6,4,12,42.9,57.1,1,4,0,0,5,10
2025-02-15,Central Cordoba,Belgrano,4,0,2.27,2.92,3.6,2.29,3.02,3.77,Primera División,,20250215_Central-Cordoba_Belgrano,5.206890789932459,1.16,0.38,5,1,9,3,57.8,42.2,1,6,0,0,8,4
2025-02-15,Defensa y Justicia,Barracas Central,1,1,1.84,3.27,4.8,1.84,3.37,5.13,Primera División,,20250215_Defensa-y-Justicia_Barracas-Central,56.6369607211991,0.87,0.58,1,2,0,5,58.8,41.2,2,2,0,1,1,0
2025-02-15,Ind. Rivadavia,Tigre,1,4,2.34,2.78,3.67,2.4,2.82,3.82,Primera División,,20250215_Ind.-Rivadavia_Tigre,20.39253557128859,0.64,1.36,3,4,7,8,46.7,53.3,3,1,0,0,4,3
2025-02-16,Newells Old Boys,Rosario Central,1,2,3.32,2.7,2.57,3.47,2.75,2.62,Primera División,,20250216_Newells-Old-Boys_Rosario-Central,-92.9721694740806,2.1,1.37,8,4,17,8,46.9,53.1,2,0,0,0,12,8
2025-02-16,Racing Club,Argentinos Jrs,2,3,2.6,2.9,3.0,2.74,2.94,3.06,Primera División,,20250216_Racing-Club_Argentinos-Jrs,50.24799530769474,1.6,0.54,6,3,15,5,51.5,48.5,3,1,0,0,5,2
2025-02-16,River Plate,Lanus,1,0,1.58,3.78,6.01,1.61,3.89,6.36,Primera División,,20250216_River-Plate_Lanus,92.74765242936815,1.05,0.8,4,2,8,4,47.2,52.8,1,0,0,0,9,1
2025-02-17,Gimnasia L.P.,San Martin S.J.,1,0,1.81,3.16,5.23,1.82,3.23,5.65,Primera División,,20250217_Gimnasia-L.P._San-Martin-S.J.,4.102813919165328,1.14,0.73,5,2,12,5,50.4,49.6,0,1,0,0,9,3
2025-02-17,Huracan,Union de Santa Fe,1,0,1.91,3.03,4.85,1.91,3.13,5.21,Primera División,,20250217_Huracan_Union-de-Santa-Fe,71.50268287397375,1.53,0.05,3,0,7,2,49.0,51.0,2,1,0,0,2,3
2025-02-17,Platense,Independiente,1,1,3.49,2.65,2.53,3.66,2.68,2.58,Primera División,,20250217_Platense_Independiente,-60.37410255414238,0.56,0.52,1,1,2,3,43.6,56.4,1,3,0,0,0,1
2025-02-17,Sarmiento Junin,Dep. Riestra,2,1,2.82,2.74,2.94,2.86,2.77,3.1,Primera División,,20250217_Sarmiento-Junin_Dep.-Riestra,-115.79631813611854,1.41,1.54,4,5,6,10,42.9,57.1,2,2,0,0,6,4
2025-02-17,Talleres Cordoba,Atl. Tucuman,1,1,1.61,3.7,5.98,1.62,3.79,6.45,Primera División,,20250217_Talleres-Cordoba_Atl.-Tucuman,75.14243792924185,1.64,0.52,5,1,10,4,49.2,50.8,2,2,0,0,6,3
2025-02-18,Instituto,San Lorenzo,0,1,2.41,2.69,3.67,2.48,2.7,3.86,Primera División,,20250218_Instituto_San-Lorenzo,-34.12483895579135,0.93,1.39,4,4,7,9,51.1,48.9,3,0,1,0,6,3
2025-02-18,Velez Sarsfield,Godoy Cruz,0,2,1.61,3.52,6.31,1.66,3.52,6.6,Primera División,,20250218_Velez-Sarsfield_Godoy-Cruz,42.567140025732215,1.41,1.69,5,7,10,13,49.8,50.2,3,5,1,0,15,10
2025-02-21,Dep. Riestra,Talleres Cordoba,0,0,4.19,3.03,2.04,4.61,3.06,2.04,Primera División,,20250221_Dep.-Riestra_Talleres-Cordoba,-53.93097260581885,0.05,0.46,0,2,0,6,51.2,48.8,1,2,0,0,0,4
2025-02-21,Estudiantes L.P.,Central Cordoba,3,2,1.85,3.34,4.58,1.86,3.45,4.78,Primera División,,20250221_Estudiantes-L.P._Central-Cordoba,73.9197153013381,1.68,1.21,5,3,9,6,55.9,44.1,1,6,0,0,5,3
2025-02-21,Godoy Cruz,Platense,1,1,3.15,2.58,2.82,3.11,2.64,3.01,Primera División,,20250221_Godoy-Cruz_Platense,-14.573771504626393,1.3,1.48,5,4,9,8,46.7,53.3,1,0,0,0,3,7
2025-02-22,Boca Juniors,Aldosivi,2,1,1.67,3.57,5.42,1.71,3.63,5.61,Primera División,,20250222_Boca-Juniors_Aldosivi,267.40695247157464,0.44,1.23,2,4,3,11,52.3,47.7,0,2,0,0,8,2
2025-02-22,Independiente,Instituto,2,0,1.92,3.13,4.51,1.94,3.2,4.82,Primera División,,20250222_Independiente_Instituto,114.31566355026871,1.21,0.05,5,0,10,1,50.5,49.5,1,0,0,0,6,3
2025-02-22,Lanus,Velez Sarsfield,0,0,2.2,3.02,3.63,2.27,3.08,3.72,Primera División,,20250222_Lanus_Velez-Sarsfield,-24.0386866365468,1.09,0.7,5,1,10,2,49.2,50.8,1,1,0,0,5,2
2025-02-23,Huracan,San Lorenzo,2,0,2.56,2.66,3.4,2.63,2.67,3.58,Primera División,,20250223_Huracan_San-Lorenzo,31.482599297665274,0.88,1.42,3,5,6,11,46.9,53.1,3,2,0,0,5,3
2025-02-23,Rosario Central,Sarmiento Junin,1,0,1.65,3.43,6.08,1.66,3.56,6.45,Primera División,,20250223_Rosario-Central_Sarmiento-Junin,113.09310229999892,1.57,0.25,5,0,10,0,55.9,44.1,0,1,0,0,4,2
2025-02-23,San Martin S.J.,River Plate,0,2,7.77,3.88,1.48,8.08,3.92,1.52,Primera División,,20250223_San-Martin-S.J._River-Plate,-188.12920714848178,1.23,1.19,5,4,11,10,43.8,56.2,2,2,0,0,6,4
2025-02-24,Argentinos Jrs,Ind. Rivadavia,0,0,1.62,3.54,6.16,1.64,3.6,6.74,Primera División,,20250224_Argentinos-Jrs_Ind.-Rivadavia,47.037902252660615,0.23,0.21,2,2,4,3,49.4,50.6,1,0,0,0,4,5
2025-02-24,Atl. Tucuman,Gimnasia L.P.,0,1,1.97,3.22,4.12,2.0,3.24,4.43,Primera División,,20250224_Atl.-Tucuman_Gimnasia-L.P.,27.14161105311109,1.38,1.63,6,5,14,12,46.5,53.5,2,3,0,0,3,8
2025-02-24,Barracas Central,Newells Old Boys,2,0,2.93,2.75,2.81,3.06,2.83,2.84,Primera División,,20250224_Barracas-Central_Newells-Old-Boys,59.29517910536765,1.42,1.23,5,4,12,8,60.5,39.5,2,1,0,0,8,4
2025-02-24,Belgrano,Defensa y Justicia,2,0,2.45,3.09,3.05,2.34,3.11,3.51,Primera División,,20250224_Belgrano_Defensa-y-Justicia,-65.91807306884289,1.62,1.09,3,3,8,6,46.0,54.0,1,1,0,0,7,5
2025-02-25,Tigre,Banfield,1,0,2.32,2.85,3.58,2.34,2.95,3.74,Primera División,,20250225_Tigre_Banfield,62.21808101158558,0.98,1.13,2,3,5,6,60.4,39.6,3,3,0,0,2,0
2025-02-28,Boca Juniors,Rosario Central,1,0,1.98,3.18,4.17,1.99,3.29,4.37,Primera División,,20250228_Boca-Juniors_Rosario-Central,60.88792151665234,0.05,1.32,1,3,2,8,48.7,51.3,0,4,0,1,5,3
2025-03-01,Aldosivi,Sarmiento Junin,2,2,2.31,2.81,3.66,2.32,2.9,3.88,Primera División,,20250301_Aldosivi_Sarmiento-Junin,-85.45187333881927,1.72,0.45,5,2,13,6,49.7,50.3,1,2,0,0,8,1
2025-03-01,Central Cordoba,Dep. Riestra,0,0,1.73,3.45,5.21,1.72,3.63,5.57,Primera División,,20250301_Central-Cordoba_Dep.-Riestra,-18.036159624284892,0.05,0.47,0,1,0,3,49.5,50.5,2,1,1,0,5,4
2025-03-01,River Plate,Estudiantes L.P.,0,2,1.67,3.64,5.16,1.67,3.72,5.37,Primera División,,20250301_River-Plate_Estudiantes-L.P.,46.43771127463583,2.33,1.64,8,6,19,14,54.3,45.7,1,3,0,0,2,5
2025-03-01,San Martin S.J.,Belgrano,3,1,2.85,2.98,2.67,2.91,3.05,2.76,Primera División,,20250301_San-Martin-S.J._Belgrano,-55.831032231019435,1.6,0.8,7,2,16,5,44.3,55.7,0,1,0,0,10,2
2025-03-02,Argentinos Jrs,Instituto,2,0,1.64,3.45,6.15,1.67,3.5,6.59,Primera División,,20250302_Argentinos-Jrs_Instituto,74.57076311078413,1.61,0.05,6,0,12,0,54.6,45.4,3,0,0,0,5,2
2025-03-02,Ind. Rivadavia,Lanus,1,1,2.91,2.9,2.68,3.06,2.97,2.71,Primera División,,20250302_Ind.-Rivadavia_Lanus,-13.354226652710622,0.28,0.05,1,1,3,3,54.4,45.6,1,3,0,0,5,3
2025-03-02,Talleres Cordoba,Tigre,1,2,1.82,3.27,4.85,1.95,3.16,4.84,Primera División,,20250302_Talleres-Cordoba_Tigre,44.75579713955449,1.39,1.16,6,5,15,11,52.1,47.9,3,1,0,0,7,1
2025-03-02,Union de Santa Fe,Gimnasia L.P.,1,0,2.34,2.94,3.4,2.39,3.04,3.51,Primera División,,20250302_Union-de-Santa-Fe_Gimnasia-L.P.,-1.588331578856696,0.61,0.58,1,1,1,0,48.1,51.9,1,0,0,0,3,0
2025-03-02,Velez Sarsfield,Huracan,0,2,2.48,2.75,3.4,2.57,2.8,3.49,Primera División,,20250302_Velez-Sarsfield_Huracan,-39.864130429387615,0.87,0.76,2,3,5,5,49.9,50.1,1,3,0,0,4,5
2025-03-03,Barracas Central,Godoy Cruz,1,2,2.41,2.79,3.48,2.44,2.85,3.67,Primera División,,20250303_Barracas-Central_Godoy-Cruz,-27.89943344225412,1.5,1.09,3,3,6,7,47.6,52.4,2,0,0,0,5,6
2025-03-03,San Lorenzo,Racing Club,3,2,2.51,2.75,3.35,2.56,2.78,3.54,Primera División,,20250303_San-Lorenzo_Racing-Club,-45.93874739420903,1.06,0.98,3,2,4,4,48.1,51.9,2,1,0,0,2,3
2025-03-04,Atl. Tucuman,Newells Old Boys,1,2,2.11,3.03,3.86,2.19,3.12,3.91,Primera División,,20250304_Atl.-Tucuman_Newells-Old-Boys,62.622659633339254,1.21,1.25,5,4,11,8,50.7,49.3,1,4,0,0,6,6
2025-03-04,Banfield,Independiente,0,0,3.05,2.88,2.64,3.1,2.92,2.75,Primera División,,20250304_Banfield_Independiente,-168.62182685698076,0.69,0.99,4,2,10,3,43.5,56.5,1,4,0,0,9,1
2025-03-04,Platense,Defensa y Justicia,0,1,2.29,2.86,3.64,2.34,2.94,3.76,Primera División,,20250304_Platense_Defensa-y-Justicia,12.929636691560745,0.56,0.35,2,2,5,4,54.9,45.1,1,2,0,0,4,4
2025-03-07,Banfield,Argentinos Jrs,1,2,4.58,2.98,1.97,4.88,3.05,1.99,Primera División,,20250307_Banfield_Argentinos-Jrs,-116.5576356439567,0.9,1.79,2,8,3,18,45.3,54.7,2,1,0,0,5,10
2025-03-07,Velez Sarsfield,San Martin S.J.,1,0,1.9,3.02,4.86,1.99,3.03,4.97,Primera División,,20250307_Velez-Sarsfield_San-Martin-S.J.,82.37976485462741,1.69,0.05,4,2,9,5,49.7,50.3,1,2,0,0,7,3
2025-03-08,Central Cordoba,Boca Juniors,0,3,2.64,3.22,2.69,2.77,3.1,2.86,Primera División,,20250308_Central-Cordoba_Boca-Juniors,-123.61045590264757,0.22,1.4,2,5,4,11,43.1,56.9,3,3,0,0,4,6
2025-03-08,Racing Club,Huracan,0,1,2.37,3.04,3.23,2.48,3.08,3.28,Primera División,,20250308_Racing-Club_Huracan,-31.5816817232419,1.36,1.46,4,6,8,12,50.4,49.6,2,0,0,0,3,5
2025-03-08,San Lorenzo,Independiente,1,2,2.92,2.73,2.85,2.97,2.73,3.04,Primera División,,20250308_San-Lorenzo_Independiente,-58.66084015657839,1.15,1.42,2,6,3,13,48.1,51.9,0,2,0,0,1,11
2025-03-09,Aldosivi,Tigre,0,2,3.06,2.85,2.6,3.12,2.89,2.74,Primera División,,20250309_Aldosivi_Tigre,-195.73040513106707,0.05,1.79,1,5,4,11,44.4,55.6,1,2,0,0,1,4
2025-03-09,Defensa y Justicia,Estudiantes L.P.,1,0,2.93,2.99,2.59,3.04,3.05,2.66,Primera División,,20250309_Defensa-y-Justicia_Estudiantes-L.P.,-61.73147186176698,1.3,0.68,4,1,10,1,53.3,46.7,2,5,0,0,6,2
2025-03-09,Platense,Lanus,0,0,3.04,2.78,2.69,3.15,2.83,2.76,Primera División,,20250309_Platense_Lanus,9.653761285578412,1.22,0.76,4,2,8,1,55.8,44.2,3,3,0,0,6,3
2025-03-09,River Plate,Atl. Tucuman,1,0,1.31,4.82,11.31,1.33,4.74,13.08,Primera División,,20250309_River-Plate_Atl.-Tucuman,152.71980276361865,0.65,0.05,3,1,6,2,55.2,44.8,1,3,0,0,4,4
2025-03-09,Sarmiento Junin,Barracas Central,1,1,2.33,2.8,3.64,2.36,2.85,3.88,Primera División,,20250309_Sarmiento-Junin_Barracas-Central,-71.7421435792528,0.67,0.55,4,3,9,7,51.1,48.9,1,2,0,0,7,3
2025-03-10,Gimnasia L.P.,Dep. Riestra,1,1,2.14,2.85,4.1,2.19,2.91,4.3,Primera División,,20250310_Gimnasia-L.P._Dep.-Riestra,-43.586693956719955,0.61,1.35,2,2,3,4,48.0,52.0,1,1,0,0,0,1
2025-03-10,Instituto,Godoy Cruz,1,1,2.11,2.89,4.1,2.14,2.94,4.4,Primera División,,20250310_Instituto_Godoy-Cruz,-72.6898241345948,1.05,2.38,4,7,10,15,44.1,55.9,2,0,0,0,5,3
2025-03-10,Newells Old Boys,Belgrano,0,0,2.42,3.05,3.11,2.47,3.08,3.28,Primera División,,20250310_Newells-Old-Boys_Belgrano,-42.305790701051365,1.77,0.77,7,5,15,10,55.4,44.6,1,2,0,0,10,6
2025-03-11,Ind. Rivadavia,Union de Santa Fe,2,0,2.66,2.82,3.02,2.71,2.84,3.21,Primera División,,20250311_Ind.-Rivadavia_Union-de-Santa-Fe,14.354617550542343,0.99,1.08,3,4,5,9,47.8,52.2,0,1,0,0,6,2
2025-03-11,Talleres Cordoba,Rosario Central,0,0,1.95,3.11,4.39,1.97,3.22,4.63,Primera División,,20250311_Talleres-Cordoba_Rosario-Central,11.22565723512048,0.99,0.39,4,2,9,4,54.2,45.8,5,1,0,0,6,5
2025-03-14,Argentinos Jrs,Aldosivi,0,2,1.33,4.61,10.71,1.37,4.56,11.18,Primera División,,20250314_Argentinos-Jrs_Aldosivi,236.18440187477609,0.05,1.2,2,4,2,9,58.3,41.7,1,0,0,0,3,1
2025-03-15,Dep. Riestra,River Plate,0,0,5.44,3.46,1.7,6.0,3.5,1.71,Primera División,,20250315_Dep.-Riestra_River-Plate,-116.8569168065319,0.05,0.77,0,4,0,7,47.9,52.1,1,0,0,0,0,5
2025-03-15,Estudiantes L.P.,Newells Old Boys,1,1,1.68,3.57,5.31,1.68,3.74,5.76,Primera División,,20250315_Estudiantes-L.P._Newells-Old-Boys,152.25002814562868,1.34,0.2,3,1,6,2,52.4,47.6,0,2,0,1,5,3
2025-03-15,Godoy Cruz,San Lorenzo,0,0,3.49,2.74,2.43,3.63,2.79,2.51,Primera División,,20250315_Godoy-Cruz_San-Lorenzo,4.119652679640012,0.29,0.55,0,2,2,5,45.5,54.5,0,2,0,0,3,4
2025-03-15,Rosario Central,Gimnasia L.P.,2,1,2.15,2.91,3.93,2.24,2.95,4.03,Primera División,,20250315_Rosario-Central_Gimnasia-L.P.,68.57129973330757,1.54,1.54,3,7,6,15,51.2,48.8,2,3,0,0,1,11
2025-03-16,Boca Juniors,Defensa y Justicia,4,0,1.84,3.46,4.39,1.85,3.58,4.67,Primera División,,20250316_Boca-Juniors_Defensa-y-Justicia,73.27283345668957,1.1,1.13,5,5,12,12,48.6,51.4,0,4,0,0,9,5
2025-03-16,Huracan,Ind. Rivadavia,2,0,1.83,3.12,5.14,1.83,3.15,5.78,Primera División,,20250316_Huracan_Ind.-Rivadavia,85.17500596255582,0.63,0.8,3,3,5,7,56.7,43.3,1,2,0,0,3,4
2025-03-16,Independiente,Racing Club,1,1,2.57,2.95,3.0,2.67,2.99,3.08,Primera División,,20250316_Independiente_Racing-Club,60.78222790663176,0.8,1.51,3,4,8,9,48.0,52.0,1,2,0,0,5,6
2025-03-16,Sarmiento Junin,Talleres Cordoba,0,0,4.47,3.3,1.87,4.78,3.41,1.88,Primera División,,20250316_Sarmiento-Junin_Talleres-Cordoba,-130.91544585989368,0.95,0.56,2,2,5,3,44.5,55.5,0,1,0,0,3,2
2025-03-17,Belgrano,Barracas Central,1,1,1.75,3.38,5.14,1.76,3.53,5.43,Primera División,,20250317_Belgrano_Barracas-Central,-10.765242698516204,1.18,0.57,5,2,11,4,47.3,52.7,2,0,0,0,7,3
2025-03-17,Lanus,Instituto,4,1,2.07,2.92,4.26,2.11,2.91,4.61,Primera División,,20250317_Lanus_Instituto,50.97760984172328,1.37,1.02,4,4,10,10,59.5,40.5,4,3,0,0,4,5
2025-03-17,Tigre,Central Cordoba,1,2,2.12,3.06,3.81,2.18,3.13,3.9,Primera División,,20250317_Tigre_Central-Cordoba,50.207015995845495,1.64,1.02,4,3,8,6,52.1,47.9,1,0,0,0,7,7
2025-03-17,Union de Santa Fe,Banfield,3,1,2.2,2.83,3.96,2.29,2.91,3.95,Primera División,,20250317_Union-de-Santa-Fe_Banfield,46.006708148457164,2.12,0.71,7,3,16,6,57.8,42.2,0,1,0,0,7,3
2025-03-18,Atl. Tucuman,Velez Sarsfield,1,2,2.4,2.89,3.36,2.45,2.93,3.53,Primera División,,20250318_Atl.-Tucuman_Velez-Sarsfield,-78.582720894982,0.05,1.14,1,4,3,12,54.8,45.2,2,0,0,0,3,5
2025-03-18,San Martin S.J.,Platense,0,2,3.11,2.56,2.86,3.31,2.54,2.97,Primera División,,20250318_San-Martin-S.J._Platense,-88.69437801110917,0.28,0.56,2,2,6,7,43.9,56.1,1,1,0,0,3,5
2025-03-21,Union de Santa Fe,Racing Club,0,1,3.02,3.0,2.53,3.24,3.03,2.54,Primera División,,20250321_Union-de-Santa-Fe_Racing-Club,-60.7904981598881,1.21,0.89,3,4,7,10,53.3,46.7,3,0,0,0,4,4
2025-03-22,Godoy Cruz,Talleres Cordoba,0,0,4.28,3.14,1.96,4.38,3.2,2.0,Primera División,,20250322_Godoy-Cruz_Talleres-Cordoba,-9.937963091796064,0.94,0.05,4,2,8,3,48.4,51.6,0,3,0,0,7,2
2025-03-27,Aldosivi,Union de Santa Fe,2,1,3.13,2.85,2.57,3.19,2.88,2.69,Primera División,,20250327_Aldosivi_Union-de-Santa-Fe,-130.79798856653565,0.82,0.05,3,1,8,4,39.0,61.0,2,0,0,0,3,4
2025-03-27,Barracas Central,Estudiantes L.P.,2,1,4.67,3.29,1.85,4.79,3.33,1.9,Primera División,,20250327_Barracas-Central_Estudiantes-L.P.,-97.51279301671457,1.71,1.38,5,5,12,12,44.7,55.3,2,2,0,0,5,7
2025-03-28,Banfield,Huracan,0,0,3.2,2.74,2.6,3.36,2.8,2.65,Primera División,,20250328_Banfield_Huracan,-188.08123248897869,0.69,0.51,1,1,4,3,42.8,57.2,2,4,0,0,3,6
2025-03-28,Defensa y Justicia,Tigre,1,2,2.27,3.09,3.35,2.29,3.15,3.59,Primera División,,20250328_Defensa-y-Justicia_Tigre,20.150827905362803,0.98,0.05,4,2,8,3,54.3,45.7,1,1,1,0,4,6
2025-03-28,Ind. Rivadavia,Racing Club,2,1,3.09,3.17,2.38,3.15,3.17,2.5,Primera División,,20250328_Ind.-Rivadavia_Racing-Club,-52.88435505073403,1.23,0.85,2,3,4,8,43.8,56.2,1,0,0,0,3,6
2025-03-28,San Lorenzo,Lanus,1,1,2.84,2.79,2.86,2.87,2.85,3.0,Primera División,,20250328_San-Lorenzo_Lanus,2.5337877838924214,0.74,1.09,2,3,7,8,52.6,47.4,0,1,0,0,5,6
2025-03-29,Central Cordoba,Argentinos Jrs,1,1,3.57,3.08,2.2,4.03,3.05,2.19,Primera División,,20250329_Central-Cordoba_Argentinos-Jrs,-46.093415547064296,1.15,0.87,2,2,3,4,47.5,52.5,2,3,1,0,2,7
2025-03-29,Independiente,Godoy Cruz,4,0,1.41,4.22,9.25,1.41,4.31,10.48,Primera División,,20250329_Independiente_Godoy-Cruz,72.24805491621828,1.69,0.44,6,2,14,5,50.2,49.8,1,2,0,0,7,2
2025-03-29,Instituto,San Martin S.J.,1,0,1.86,3.09,4.99,1.88,3.2,5.21,Primera División,,20250329_Instituto_San-Martin-S.J.,27.47933174743912,0.81,0.24,2,1,5,3,45.9,54.1,0,2,0,0,5,3
2025-03-29,Platense,Atl. Tucuman,2,1,1.88,3.07,4.79,1.91,3.18,5.09,Primera División,,20250329_Platense_Atl.-Tucuman,84.81629418251919,1.25,1.15,4,5,10,13,57.2,42.8,4,1,0,0,6,10
2025-03-29,Velez Sarsfield,Dep. Riestra,0,1,1.92,3.03,4.77,1.93,3.11,5.14,Primera División,,20250329_Velez-Sarsfield_Dep.-Riestra,34.07932354568993,0.71,0.05,2,1,4,0,44.2,55.8,0,3,0,0,5,3
2025-03-30,Belgrano,Talleres Cordoba,1,1,3.16,2.98,2.44,3.29,3.04,2.5,Primera División,,20250330_Belgrano_Talleres-Cordoba,-69.79105709325927,1.25,1.24,4,4,9,9,53.0,47.0,0,2,0,0,5,5
2025-03-30,Gimnasia L.P.,Sarmiento Junin,0,0,1.82,3.24,4.81,1.85,3.3,5.2,Primera División,,20250330_Gimnasia-L.P._Sarmiento-Junin,37.91259485326009,1.25,0.32,3,0,7,0,50.1,49.9,3,2,0,0,4,2
2025-03-30,Newells Old Boys,Boca Juniors,2,0,3.78,3.18,2.07,3.77,3.22,2.18,Primera División,,20250330_Newells-Old-Boys_Boca-Juniors,-196.57152217100224,1.3,0.98,4,4,8,7,49.8,50.2,1,0,0,0,8,7
2025-03-30,River Plate,Rosario Central,2,2,1.5,3.93,7.13,1.54,4.01,7.18,Primera División,,20250330_River-Plate_Rosario-Central,75.32474928474699,1.2,1.9,5,6,10,14,54.1,45.9,3,1,1,0,11,9
2025-04-04,Estudiantes L.P.,Belgrano,0,1,1.89,3.41,4.22,1.93,3.4,4.53,Primera División,,20250404_Estudiantes-L.P._Belgrano,89.87380771959965,0.81,1.23,2,4,3,7,54.7,45.3,6,0,0,0,2,6
2025-04-05,Godoy Cruz,Ind. Rivadavia,1,1,3.25,2.79,2.54,3.38,2.9,2.55,Primera División,,20250405_Godoy-Cruz_Ind.-Rivadavia,3.9880387067514675,1.08,0.55,3,1,5,2,50.6,49.4,4,2,0,0,1,3
2025-04-05,Huracan,Aldosivi,3,3,1.83,3.24,4.79,1.87,3.28,5.11,Primera División,,20250405_Huracan_Aldosivi,239.70998155480652,1.36,1.34,5,5,9,12,55.0,45.0,2,1,0,1,4,6
2025-04-05,Rosario Central,Velez Sarsfield,2,1,2.21,2.88,3.84,2.31,2.88,3.94,Primera División,,20250405_Rosario-Central_Velez-Sarsfield,15.40678636011603,0.05,0.05,2,1,3,3,44.9,55.1,3,4,0,0,2,1
2025-04-05,San Martin S.J.,San Lorenzo,0,1,3.21,2.76,2.58,3.29,2.72,2.76,Primera División,,20250405_San-Martin-S.J._San-Lorenzo,-112.45973435665746,0.37,0.07,3,1,6,2,50.4,49.6,1,0,0,0,4,1
2025-04-05,Talleres Cordoba,Gimnasia L.P.,2,0,2.04,3.07,4.13,2.09,3.14,4.2,Primera División,,20250405_Talleres-Cordoba_Gimnasia-L.P.,82.94708174507446,1.39,0.61,3,2,5,2,55.2,44.8,3,1,0,0,4,3
2025-04-06,Boca Juniors,Barracas Central,1,0,1.46,4.02,7.83,1.48,4.08,8.41,Primera División,,20250406_Boca-Juniors_Barracas-Central,118.29687011998567,0.82,1.06,3,4,7,9,48.7,51.3,2,1,0,0,6,10
2025-04-06,Lanus,Independiente,1,1,2.26,3.08,3.4,2.28,3.14,3.62,Primera División,,20250406_Lanus_Independiente,-88.41256941725965,0.58,0.54,1,2,2,4,48.3,51.7,2,2,0,0,4,2
2025-04-06,Sarmiento Junin,River Plate,1,1,5.14,3.54,1.72,5.45,3.63,1.73,Primera División,,20250406_Sarmiento-Junin_River-Plate,-197.26656851534517,0.52,1.8,1,4,2,7,35.9,64.1,1,1,0,0,1,4
2025-04-06,Union de Santa Fe,Central Cordoba,1,0,2.11,3.22,3.61,2.14,3.32,3.78,Primera División,,20250406_Union-de-Santa-Fe_Central-Cordoba,-38.9981148615218,1.23,1.75,4,5,9,11,50.2,49.8,3,0,0,0,2,3
2025-04-07,Argentinos Jrs,Defensa y Justicia,4,1,1.55,3.88,6.35,1.57,3.92,6.81,Primera División,,20250407_Argentinos-Jrs_Defensa-y-Justicia,14.2922783968761,0.67,0.75,4,2,8,5,46.5,53.5,2,3,0,1,8,3
2025-04-07,Dep. Riestra,Platense,1,0,3.51,2.59,2.56,3.72,2.59,2.64,Primera División,,20250407_Dep.-Riestra_Platense,-17.6045796273404,0.3,0.2,1,1,2,0,47.9,52.1,2,1,0,0,2,2
2025-04-07,Racing Club,Banfield,4,1,1.64,3.76,5.45,1.65,3.89,5.73,Primera División,,20250407_Racing-Club_Banfield,117.81854348463594,1.65,0.88,6,5,13,11,55.1,44.9,1,2,0,0,5,4
2025-04-08,Atl. Tucuman,Instituto,3,2,2.36,2.95,3.28,2.39,3.05,3.49,Primera División,,20250408_Atl.-Tucuman_Instituto,-25.778585336819106,1.34,1.03,4,3,9,8,42.6,57.4,1,2,0,0,5,4
2025-04-08,Tigre,Newells Old Boys,0,2,1.96,3.1,4.35,2.0,3.1,4.7,Primera División,,20250408_Tigre_Newells-Old-Boys,78.68381991496062,1.26,1.65,4,4,9,10,56.3,43.7,2,1,0,0,4,7
2025-04-11,Banfield,Ind. Rivadavia,1,1,2.53,2.84,3.16,2.63,2.87,3.28,Primera División,,20250411_Banfield_Ind.-Rivadavia,-100.77691138788327,1.15,1.12,3,4,6,6,47.8,52.2,3,2,1,0,6,6
2025-04-12,Barracas Central,Tigre,1,0,3.58,2.89,2.28,3.78,2.91,2.35,Primera División,,20250412_Barracas-Central_Tigre,-30.096171549402243,1.11,1.59,4,5,9,10,44.7,55.3,1,2,0,0,3,3
2025-04-12,Newells Old Boys,Argentinos Jrs,0,0,3.68,2.97,2.2,3.98,3.03,2.21,Primera División,,20250412_Newells-Old-Boys_Argentinos-Jrs,-84.57104034673398,1.21,0.48,3,2,5,3,48.6,51.4,3,0,0,0,2,3
2025-04-12,San Lorenzo,Atl. Tucuman,1,0,1.9,3.21,4.47,1.92,3.21,4.97,Primera División,,20250412_San-Lorenzo_Atl.-Tucuman,84.01049144999865,1.38,0.87,5,3,11,7,51.7,48.3,0,4,0,0,4,2
2025-04-13,Belgrano,Boca Juniors,1,3,3.3,3.0,2.34,3.32,3.01,2.5,Primera División,,20250413_Belgrano_Boca-Juniors,-134.2507307891044,0.55,2.06,3,6,6,12,41.5,58.5,0,1,0,0,12,6
2025-04-13,Gimnasia L.P.,Estudiantes L.P.,1,1,3.14,2.88,2.53,3.29,2.9,2.6,Primera División,,20250413_Gimnasia-L.P._Estudiantes-L.P.,-101.93864174510827,1.54,0.5,5,1,11,0,55.1,44.9,2,4,0,0,4,3
2025-04-13,Independiente,San Martin S.J.,2,0,1.47,3.87,7.94,1.5,3.96,8.56,Primera División,,20250413_Independiente_San-Martin-S.J.,203.7701065266408,1.65,1.29,6,3,14,6,54.9,45.1,1,2,0,1,6,3
2025-04-13,Instituto,Dep. Riestra,3,0,2.17,2.91,3.9,2.21,2.91,4.21,Primera División,,20250413_Instituto_Dep.-Riestra,-85.1841565491543,1.39,0.8,3,2,8,4,45.5,54.5,4,2,0,0,10,3
2025-04-14,Aldosivi,Racing Club,0,2,3.59,3.52,2.0,3.73,3.5,2.08,Primera División,,20250414_Aldosivi_Racing-Club,-182.2078468317245,0.05,1.27,0,5,0,10,49.3,50.7,4,1,0,0,1,2
2025-04-14,Central Cordoba,Huracan,1,2,2.33,2.88,3.5,2.35,2.94,3.75,Primera División,,20250414_Central-Cordoba_Huracan,-108.71111473062001,0.72,0.82,2,3,3,5,44.1,55.9,0,3,0,0,5,3
2025-04-14,Defensa y Justicia,Union de Santa Fe,0,0,2.61,2.95,2.94,2.71,2.98,3.05,Primera División,,20250414_Defensa-y-Justicia_Union-de-Santa-Fe,42.785822158239625,1.04,0.61,4,2,8,4,50.7,49.3,2,2,0,0,5,1
2025-04-14,River Plate,Talleres Cordoba,1,1,1.59,3.87,5.73,1.6,3.99,6.25,Primera División,,20250414_River-Plate_Talleres-Cordoba,63.66241500368028,1.2,1.12,4,3,9,8,46.6,53.4,5,3,0,0,6,4
2025-04-15,Godoy Cruz,Lanus,0,0,3.47,2.96,2.28,3.62,3.03,2.34,Primera División,,20250415_Godoy-Cruz_Lanus,-6.042627100426898,0.75,0.86,1,2,2,4,47.3,52.7,1,6,0,0,3,4
2025-04-15,Velez Sarsfield,Sarmiento Junin,0,1,1.66,3.44,5.83,1.68,3.55,6.25,Primera División,,20250415_Velez-Sarsfield_Sarmiento-Junin,94.02533232020846,0.84,0.91,2,3,6,5,51.0,49.0,0,4,0,0,4,5
2025-04-16,Platense,Rosario Central,0,0,2.4,2.63,3.76,2.47,2.67,3.94,Primera División,,20250416_Platense_Rosario-Central,-29.610672718230035,0.5,1.84,3,8,7,18,55.6,44.4,4,1,0,0,5,6
2025-04-18,Gimnasia L.P.,River Plate,0,3,4.39,3.45,1.85,4.81,3.53,1.84,Primera División,,20250418_Gimnasia-L.P._River-Plate,-159.38844355062815,0.05,0.05,0,3,0,5,48.7,51.3,3,1,0,0,1,2
2025-04-18,Racing Club,Central Cordoba,1,0,1.56,4.02,5.87,1.58,4.1,6.21,Primera División,,20250418_Racing-Club_Central-Cordoba,80.14940435133144,1.38,0.7,4,3,8,5,54.7,45.3,1,2,0,0,9,5
2025-04-18,Talleres Cordoba,Velez Sarsfield,0,1,2.29,3.07,3.32,2.38,3.1,3.44,Primera División,,20250418_Talleres-Cordoba_Velez-Sarsfield,44.594426703722775,1.45,0.86,5,3,12,6,52.4,47.6,0,3,0,0,6,6
2025-04-19,Huracan,Defensa y Justicia,1,1,2.07,3.05,4.02,2.23,2.97,4.03,Primera División,,20250419_Huracan_Defensa-y-Justicia,88.07428463682504,1.35,0.64,5,3,9,8,48.2,51.8,1,2,0,0,4,2
2025-04-19,Lanus,Banfield,1,1,1.87,2.99,5.22,1.89,3.08,5.49,Primera División,,20250419_Lanus_Banfield,106.93714909646133,1.21,0.27,4,2,8,6,44.7,55.3,0,1,0,0,4,1
2025-04-19,Union de Santa Fe,Newells Old Boys,1,1,2.25,2.98,3.51,2.33,3.06,3.6,Primera División,,20250419_Union-de-Santa-Fe_Newells-Old-Boys,3.085378298259002,0.88,1.1,3,2,6,5,51.1,48.9,2,3,0,0,4,4
2025-04-20,Boca Juniors,Estudiantes L.P.,2,0,2.08,3.09,3.87,2.12,3.18,4.01,Primera División,,20250420_Boca-Juniors_Estudiantes-L.P.,85.45440881291233,1.32,0.68,4,3,6,7,44.1,55.9,1,0,0,1,5,5
2025-04-20,Dep. Riestra,San Lorenzo,0,0,3.42,2.67,2.53,3.77,2.65,2.56,Primera División,,20250420_Dep.-Riestra_San-Lorenzo,-22.863436096896294,0.41,0.46,1,1,3,2,47.7,52.3,1,2,0,0,1,4
2025-04-20,San Martin S.J.,Godoy Cruz,1,0,2.56,2.8,3.17,2.69,2.83,3.26,Primera División,,20250420_San-Martin-S.J._Godoy-Cruz,-121.17395396818824,0.68,1.08,1,3,2,4,39.5,60.5,2,2,0,0,2,5
2025-04-20,Sarmiento Junin,Platense,0,1,3.62,2.65,2.45,3.84,2.65,2.53,Primera División,,20250420_Sarmiento-Junin_Platense,-88.6076331323602,0.43,1.15,1,3,0,6,53.4,46.6,0,3,0,0,0,7
2025-04-21,Rosario Central,Instituto,3,0,2.08,2.99,4.03,2.15,3.05,4.13,Primera División,,20250421_Rosario-Central_Instituto,91.27953350695907,1.94,1.16,6,3,13,7,53.9,46.1,0,2,0,0,6,8
2025-04-22,Argentinos Jrs,Barracas Central,3,0,1.55,3.72,6.84,1.62,3.59,7.15,Primera División,,20250422_Argentinos-Jrs_Barracas-Central,49.42610422735129,0.55,1.24,3,4,6,9,50.0,50.0,1,2,0,0,1,6
2025-04-22,Tigre,Belgrano,0,0,2.05,3.19,3.81,2.12,3.14,4.08,Primera División,,20250422_Tigre_Belgrano,24.46392427694559,1.25,1.28,4,4,8,12,54.8,45.2,0,3,0,0,7,5
2025-04-23,Ind. Rivadavia,Aldosivi,1,0,1.93,3.27,4.24,1.96,3.38,4.38,Primera División,,20250423_Ind.-Rivadavia_Aldosivi,151.8469034079949,1.15,1.29,4,5,10,12,53.9,46.1,1,1,0,0,10,6
2025-04-26,Aldosivi,Banfield,2,1,2.47,2.78,3.37,2.5,2.85,3.55,Primera División,,20250426_Aldosivi_Banfield,-68.48927833339735,1.31,0.66,4,2,10,5,46.9,53.1,2,1,0,0,3,3
2025-04-26,Belgrano,Argentinos Jrs,1,1,3.38,3.01,2.31,3.54,3.02,2.39,Primera División,,20250426_Belgrano_Argentinos-Jrs,-79.32838856031162,1.67,1.05,5,4,11,6,46.8,53.2,0,1,0,0,3,5
2025-04-26,San Lorenzo,Rosario Central,0,1,2.45,2.68,3.59,2.46,2.73,3.84,Primera División,,20250426_San-Lorenzo_Rosario-Central,-22.707555783135376,0.05,1.5,0,4,0,8,49.3,50.7,1,1,0,0,0,3
2025-04-27,Instituto,Sarmiento Junin,1,1,1.94,3.16,4.34,2.0,3.17,4.54,Primera División,,20250427_Instituto_Sarmiento-Junin,24.984642852163233,1.62,0.79,6,1,13,2,56.9,43.1,1,3,0,0,8,3
2025-04-27,Lanus,San Martin S.J.,1,0,1.66,3.27,6.47,1.68,3.36,6.84,Primera División,,20250427_Lanus_San-Martin-S.J.,107.19473610927366,1.08,0.3,2,1,5,2,55.6,44.4,1,1,0,0,0,5
2025-04-27,River Plate,Boca Juniors,2,1,1.91,3.12,4.6,1.89,3.21,5.12,Primera División,,20250427_River-Plate_Boca-Juniors,-23.41373882002904,1.23,0.61,6,2,11,4,47.8,52.2,3,1,0,0,7,1
2025-04-28,Barracas Central,Union de Santa Fe,2,1,2.96,2.87,2.67,3.25,2.85,2.67,Primera División,,20250428_Barracas-Central_Union-de-Santa-Fe,16.132563121084104,1.83,0.32,5,1,12,3,49.4,50.6,0,2,0,0,4,3
2025-04-28,Defensa y Justicia,Racing Club,1,2,3.6,3.39,2.03,3.89,3.45,2.05,Primera División,,20250428_Defensa-y-Justicia_Racing-Club,-49.08760496220475,1.45,1.99,5,6,8,15,48.6,51.4,1,1,0,0,7,8
2025-04-28,Estudiantes L.P.,Tigre,0,0,2.11,3.01,3.92,2.23,3.06,3.86,Primera División,,20250428_Estudiantes-L.P._Tigre,31.23117948648769,1.06,1.19,4,4,11,8,59.1,40.9,0,1,1,0,4,4
2025-04-28,Godoy Cruz,Atl. Tucuman,1,0,2.36,3.06,3.17,2.44,3.1,3.34,Primera División,,20250428_Godoy-Cruz_Atl.-Tucuman,63.691482761671296,1.45,1.63,4,5,11,10,49.8,50.2,1,1,0,0,4,6
2025-04-28,Independiente,Dep. Riestra,0,0,1.57,3.54,6.89,1.6,3.66,7.23,Primera División,,20250428_Independiente_Dep.-Riestra,93.41121459080864,1.44,0.05,5,1,12,1,59.7,40.3,2,2,0,0,6,3
2025-04-29,Central Cordoba,Ind. Rivadavia,1,2,1.92,3.15,4.45,1.92,3.23,4.88,Primera División,,20250429_Central-Cordoba_Ind.-Rivadavia,-53.68072342276332,0.05,1.7,1,5,1,11,46.9,53.1,6,3,0,0,4,9
2025-04-29,Newells Old Boys,Huracan,2,0,2.75,2.88,2.87,2.72,2.98,3.06,Primera División,,20250429_Newells-Old-Boys_Huracan,-127.91978331728183,1.57,1.12,5,2,10,4,46.6,53.4,0,2,0,0,3,5
2025-04-29,Platense,Talleres Cordoba,2,1,2.71,2.8,2.98,2.8,2.81,3.13,Primera División,,20250429_Platense_Talleres-Cordoba,2.864966808863528,1.65,1.14,6,2,12,7,49.5,50.5,1,3,0,0,4,8
2025-04-29,Velez Sarsfield,Gimnasia L.P.,1,0,2.1,2.94,4.05,2.15,3.01,4.24,Primera División,,20250429_Velez-Sarsfield_Gimnasia-L.P.,75.86366943723965,0.53,0.16,1,0,3,1,49.3,50.7,0,1,0,0,2,2
2025-05-01,Atl. Tucuman,Independiente,2,0,3.13,3.01,2.44,3.15,3.08,2.56,Primera División,,20250501_Atl.-Tucuman_Independiente,-180.32782018579815,0.49,0.9,3,3,5,7,37.4,62.6,3,3,0,0,4,6
2025-05-02,Argentinos Jrs,Estudiantes L.P.,4,0,2.09,3.08,3.87,2.0,3.18,4.54,Primera División,,20250502_Argentinos-Jrs_Estudiantes-L.P.,23.70293111322576,2.14,0.93,5,4,13,8,46.7,53.3,4,3,0,0,6,2
2025-05-02,Banfield,Central Cordoba,3,1,1.96,3.23,4.13,1.96,3.29,4.54,Primera División,,20250502_Banfield_Central-Cordoba,-47.98299845802603,1.02,0.46,5,2,13,5,50.1,49.9,2,2,0,0,6,2
2025-05-02,Ind. Rivadavia,Defensa y Justicia,3,2,2.3,3.04,3.34,2.36,3.01,3.61,Primera División,,20250502_Ind.-Rivadavia_Defensa-y-Justicia,24.535595863523895,1.39,1.23,4,4,8,8,50.5,49.5,1,1,1,0,7,8
2025-05-02,Racing Club,Newells Old Boys,1,0,1.72,3.68,4.84,1.65,3.98,5.58,Primera División,,20250502_Racing-Club_Newells-Old-Boys,88.97695580762388,1.43,0.83,3,2,6,5,54.6,45.4,2,1,0,0,7,2
2025-05-02,Union de Santa Fe,Belgrano,1,1,2.26,3.17,3.3,2.26,3.25,3.55,Primera División,,20250502_Union-de-Santa-Fe_Belgrano,-20.975357991669398,1.84,0.72,6,1,12,4,44.9,55.1,2,1,0,0,6,2
2025-05-03,Dep. Riestra,Godoy Cruz,3,0,2.62,2.6,3.35,2.73,2.63,3.48,Primera División,,20250503_Dep.-Riestra_Godoy-Cruz,9.877653104142837,1.95,0.95,5,3,12,6,49.1,50.9,2,0,0,0,7,6
2025-05-03,Rosario Central,Independiente,1,0,1.99,2.9,4.64,2.01,3.01,4.87,Primera División,,20250503_Rosario-Central_Independiente,-17.326351119312676,0.27,1.12,1,2,4,5,54.7,45.3,1,0,0,0,4,0
2025-05-03,Sarmiento Junin,San Lorenzo,1,1,3.31,2.69,2.57,3.53,2.75,2.59,Primera División,,20250503_Sarmiento-Junin_San-Lorenzo,-99.314152290646,0.13,1.45,1,5,4,11,47.8,52.2,2,3,0,0,4,4
2025-05-03,Talleres Cordoba,Instituto,1,2,2.07,3.13,3.83,2.12,3.26,3.93,Primera División,,20250503_Talleres-Cordoba_Instituto,67.7269687668279,0.9,1.59,4,4,8,9,50.1,49.9,3,2,0,0,5,9
2025-05-04,Atl. Tucuman,Lanus,1,0,2.15,3.03,3.79,2.14,3.12,4.05,Primera División,,20250504_Atl.-Tucuman_Lanus,-82.27093448223036,0.05,0.05,1,1,2,2,49.9,50.1,2,2,0,0,5,1
2025-05-04,Gimnasia L.P.,Platense,1,0,2.15,2.89,4.05,2.11,2.95,4.51,Primera División,,20250504_Gimnasia-L.P._Platense,-117.58106979640365,1.03,0.74,3,3,6,6,41.2,58.8,5,4,0,1,7,5
2025-05-04,Huracan,Barracas Central,0,1,1.97,3.01,4.5,1.98,3.1,4.81,Primera División,,20250504_Huracan_Barracas-Central,81.24295181533466,0.96,1.29,1,6,3,13,56.1,43.9,3,0,0,0,1,6
2025-05-04,San Martin S.J.,Aldosivi,0,3,2.21,2.95,3.77,2.22,3.02,3.97,Primera División,,20250504_San-Martin-S.J._Aldosivi,38.32332893774969,1.58,0.61,4,3,9,5,57.3,42.7,1,0,0,0,7,1
2025-05-04,Tigre,Boca Juniors,1,1,3.55,2.88,2.31,3.69,2.94,2.37,Primera División,,20250504_Tigre_Boca-Juniors,-121.01557855035276,0.94,0.5,3,1,6,3,41.4,58.6,1,0,0,0,4,2
2025-05-05,River Plate,Velez Sarsfield,4,1,1.54,3.87,6.43,1.55,3.99,7.03,Primera División,,20250505_River-Plate_Velez-Sarsfield,100.61391820432914,2.31,0.97,6,3,13,8,51.0,49.0,1,2,0,0,6,10
2025-05-10,Racing Club,Platense,0,1,1.85,3.4,4.4,1.89,3.46,4.6,Primera División,,20250510_Racing-Club_Platense,51.068203692628686,1.39,0.99,4,1,8,3,50.0,50.0,0,2,0,0,4,3
2025-05-10,Rosario Central,Estudiantes L.P.,2,0,2.45,2.74,3.47,2.58,2.86,3.39,Primera División,,20250510_Rosario-Central_Estudiantes-L.P.,66.97951255854036,1.49,0.66,5,0,12,0,52.1,47.9,1,0,1,0,2,1
2025-05-10,San Lorenzo,Tigre,2,1,2.23,2.71,4.1,2.24,2.73,4.55,Primera División,,20250510_San-Lorenzo_Tigre,19.77913633328899,1.88,0.67,7,3,13,8,46.4,53.6,0,1,0,0,7,4
2025-05-11,Argentinos Jrs,Instituto,3,1,1.58,3.64,6.45,1.6,3.71,6.95,Primera División,,20250511_Argentinos-Jrs_Instituto,98.57014975855509,1.12,1.44,4,5,5,11,55.8,44.2,1,2,0,0,1,6
2025-05-11,Boca Juniors,Lanus,0,0,1.91,3.02,4.81,1.94,3.05,5.17,Primera División,,20250511_Boca-Juniors_Lanus,104.79187250656378,1.13,0.51,6,1,12,1,54.5,45.5,3,1,0,0,9,2
2025-05-11,Independiente,Ind. Rivadavia,1,0,1.63,3.54,5.94,1.65,3.66,6.35,Primera División,,20250511_Independiente_Ind.-Rivadavia,39.39452805775181,0.16,0.32,1,2,4,4,51.6,48.4,3,0,0,0,3,5
2025-05-12,Huracan,Dep. Riestra,3,2,2.01,2.77,4.85,2.06,2.84,5.09,Primera División,,20250512_Huracan_Dep.-Riestra,31.49372622373494,1.95,1.37,5,5,11,12,47.4,52.6,3,1,0,0,5,6
2025-05-13,River Plate,Barracas Central,3,0,1.36,4.5,9.4,1.39,4.53,10.41,Primera División,,20250513_River-Plate_Barracas-Central,120.19540843157847,1.01,0.55,3,3,6,5,51.8,48.2,0,1,0,0,3,4
2025-05-18,Rosario Central,Huracan,0,1,2.01,2.75,5.01,2.07,2.81,5.15,Primera División,,20250518_Rosario-Central_Huracan,20.304899950528124,1.37,1.28,3,3,8,5,47.9,52.1,4,1,0,0,3,2
2025-05-19,Argentinos Jrs,San Lorenzo,1,1,1.74,3.06,6.28,1.78,3.1,6.41,Primera División,,20250519_Argentinos-Jrs_San-Lorenzo,37.533882777221606,0.44,2.47,2,6,6,16,49.0,51.0,2,0,0,0,6,6
2025-05-20,Boca Juniors,Independiente,0,1,2.35,2.87,3.49,2.46,2.83,3.65,Primera División,,20250520_Boca-Juniors_Independiente,25.831421675322417,0.29,0.23,1,1,1,2,50.7,49.3,1,2,0,0,0,5
2025-05-21,River Plate,Platense,1,1,1.49,3.8,8.2,1.51,3.79,9.06,Primera División,,20250521_River-Plate_Platense,96.52494177969993,1.57,0.6,5,2,11,5,50.1,49.9,1,2,0,0,3,7
2025-05-24,Independiente,Huracan,0,0,2.2,2.83,3.95,2.28,2.83,4.12,Primera División,,20250524_Independiente_Huracan,13.555730075612928,1.65,1.09,6,1,13,3,53.6,46.4,1,1,0,1,9,2
2025-05-25,San Lorenzo,Platense,0,1,2.56,2.51,3.72,2.59,2.54,3.96,Primera División,,20250525_San-Lorenzo_Platense,-10.161425007659318,0.77,1.34,4,4,7,10,47.0,53.0,2,3,0,0,4,4
2025-06-01,Huracan,Platense,0,1,2.51,2.54,3.72,2.54,2.56,4.04,Primera División,,20250601_Huracan_Platense,29.2377695702653,1.61,0.26,6,1,14,2,53.2,46.8,0,3,0,0,7,3
2025-07-11,Aldosivi,Central Cordoba,0,0,2.96,2.86,2.55,3.17,2.94,2.65,Primera División,,20250711_Aldosivi_Central-Cordoba,-60.83643355094728,0.76,1.15,2,5,4,13,49.2,50.8,2,3,0,0,5,3
2025-07-12,Gimnasia L.P.,Instituto,0,1,2.58,2.75,3.06,2.8,2.81,3.13,Primera División,,20250712_Gimnasia-L.P._Instituto,-12.900200785692732,0.81,0.05,0,1,0,1,49.1,50.9,1,0,0,0,1,1
2025-07-12,Huracan,Belgrano,0,3,2.08,2.94,3.89,2.25,2.98,3.95,Primera División,,20250712_Huracan_Belgrano,96.3303858632421,0.05,1.53,1,6,2,12,57.3,42.7,4,2,0,0,0,9
2025-07-12,Rosario Central,Godoy Cruz,1,1,1.51,3.6,7.32,1.56,3.65,8.33,Primera División,,20250712_Rosario-Central_Godoy-Cruz,83.20884463543484,1.07,1.3,3,3,6,6,51.2,48.8,1,0,0,0,9,4
2025-07-12,Talleres Cordoba,San Lorenzo,1,2,2.12,2.85,3.92,2.12,2.96,4.45,Primera División,,20250712_Talleres-Cordoba_San-Lorenzo,-20.255559762310213,0.05,1.6,1,4,1,9,51.1,48.9,0,2,1,0,4,2
2025-07-13,Argentinos Jrs,Boca Juniors,0,0,2.25,2.84,3.54,2.36,2.98,3.64,Primera División,,20250713_Argentinos-Jrs_Boca-Juniors,-29.235257907884034,0.96,0.99,3,3,5,5,40.7,59.3,2,2,0,0,5,4
2025-07-13,Atl. Tucuman,San Martin S.J.,2,1,1.89,3.15,4.32,1.96,3.23,4.62,Primera División,,20250713_Atl.-Tucuman_San-Martin-S.J.,69.85328450341217,0.42,1.97,2,6,6,12,54.2,45.8,1,1,0,0,6,4
2025-07-13,Ind. Rivadavia,Newells Old Boys,1,2,1.89,3.05,4.47,1.86,3.21,5.33,Primera División,,20250713_Ind.-Rivadavia_Newells-Old-Boys,53.29454131181819,0.69,0.32,3,2,5,7,53.3,46.7,2,3,0,0,4,7
2025-07-13,Racing Club,Barracas Central,0,1,1.45,4.04,7.2,1.49,4.16,8.03,Primera División,,20250713_Racing-Club_Barracas-Central,63.24949301087736,0.05,0.61,0,2,0,5,54.7,45.3,2,3,0,0,2,1
2025-07-13,Sarmiento Junin,Independiente,2,2,4.17,3.15,1.93,4.47,3.27,1.98,Primera División,,20250713_Sarmiento-Junin_Independiente,-168.91179949102548,1.45,2.16,4,6,10,15,47.2,52.8,1,3,0,0,6,10
2025-07-14,Banfield,Defensa y Justicia,0,0,3.23,3.03,2.28,3.43,3.17,2.35,Primera División,,20250714_Banfield_Defensa-y-Justicia,-72.64842703811178,0.52,0.32,2,0,4,1,51.3,48.7,2,1,0,0,1,2
2025-07-14,Dep. Riestra,Lanus,1,0,3.71,2.7,2.3,4.23,2.79,2.28,Primera División,,20250714_Dep.-Riestra_Lanus,5.243639122531704,1.06,1.29,3,5,7,11,53.7,46.3,2,1,0,0,2,6
2025-07-14,River Plate,Platense,3,1,1.56,3.55,6.49,1.61,3.67,7.03,Primera División,,20250714_River-Plate_Platense,65.3670505837265,1.19,2.12,3,7,7,15,46.7,53.3,1,1,0,0,0,4
2025-07-15,Union de Santa Fe,Estudiantes L.P.,1,0,2.58,2.86,2.92,2.69,2.96,3.09,Primera División,,20250715_Union-de-Santa-Fe_Estudiantes-L.P.,-49.59325440563953,0.75,1.4,2,6,5,15,45.2,54.8,0,1,0,0,3,3
2025-07-15,Velez Sarsfield,Tigre,2,1,2.03,2.84,4.3,1.93,3.09,5.17,Primera División,,20250715_Velez-Sarsfield_Tigre,21.283001742101078,0.48,1.27,2,5,4,10,49.9,50.1,4,4,0,0,3,9
2025-07-18,Boca Juniors,Union de Santa Fe,1,1,1.77,3.21,4.91,1.85,3.23,5.38,Primera División,,20250718_Boca-Juniors_Union-de-Santa-Fe,127.29541041545394,1.2,0.33,4,1,8,5,54.5,45.5,2,0,0,0,8,1
2025-07-19,Atl. Tucuman,Central Cordoba,1,1,2.31,2.82,3.44,2.32,2.91,3.87,Primera División,,20250719_Atl.-Tucuman_Central-Cordoba,32.402928230750376,1.31,1.57,4,4,8,10,56.9,43.1,1,2,0,0,6,4
2025-07-19,Godoy Cruz,Sarmiento Junin,0,0,1.83,3.11,4.89,1.8,3.31,5.58,Primera División,,20250719_Godoy-Cruz_Sarmiento-Junin,64.92525450668927,0.77,0.61,3,4,8,8,54.2,45.8,2,1,0,0,5,5
2025-07-19,Lanus,Rosario Central,0,1,2.17,2.87,3.75,2.2,3.01,4.04,Primera División,,20250719_Lanus_Rosario-Central,-75.170874061213,1.32,1.16,4,2,11,5,51.8,48.2,2,3,0,0,8,2
2025-07-19,Platense,Velez Sarsfield,0,0,2.62,2.67,3.12,2.66,2.74,3.43,Primera División,,20250719_Platense_Velez-Sarsfield,36.20629232746569,1.24,1.18,5,5,13,12,51.3,48.7,3,2,0,0,10,8
2025-07-19,San Lorenzo,Gimnasia L.P.,0,0,2.03,2.83,4.32,2.01,2.98,4.97,Primera División,,20250719_San-Lorenzo_Gimnasia-L.P.,103.8025266105326,0.59,0.21,3,2,6,6,50.9,49.1,3,4,0,0,6,4
2025-07-20,Barracas Central,Ind. Rivadavia,0,3,2.53,2.78,3.08,2.66,2.84,3.28,Primera División,,20250720_Barracas-Central_Ind.-Rivadavia,4.653475331260552,0.38,1.81,1,5,2,12,50.2,49.8,2,2,0,0,2,7
2025-07-20,Belgrano,Racing Club,0,1,2.83,3.07,2.52,2.84,3.15,2.75,Primera División,,20250720_Belgrano_Racing-Club,-59.36085365179588,0.17,0.2,1,1,6,4,46.3,53.7,1,2,0,0,8,6
2025-07-20,Instituto,River Plate,0,4,3.52,3.02,2.16,3.8,3.06,2.25,Primera División,,20250720_Instituto_River-Plate,-178.09461950764262,0.33,1.26,1,4,3,7,36.7,63.3,2,1,0,0,3,3
2025-07-20,Newells Old Boys,Banfield,1,2,1.87,3.1,4.57,1.87,3.27,5.14,Primera División,,20250720_Newells-Old-Boys_Banfield,66.90545070002577,1.74,1.3,4,7,8,16,55.1,44.9,0,1,0,0,8,5
2025-07-20,Tigre,Argentinos Jrs,2,1,3.52,2.91,2.23,3.81,2.96,2.31,Primera División,,20250720_Tigre_Argentinos-Jrs,-90.930047104001,0.77,1.44,2,6,5,13,49.2,50.8,4,2,0,0,7,6
2025-07-21,Estudiantes L.P.,Huracan,2,1,2.23,2.73,3.84,2.27,2.9,4.03,Primera División,,20250721_Estudiantes-L.P._Huracan,-64.72225209006274,1.48,0.27,5,1,11,1,46.2,53.8,0,0,0,0,6,1
2025-07-21,Independiente,Talleres Cordoba,1,2,1.76,3.29,4.97,1.78,3.44,5.51,Primera División,,20250721_Independiente_Talleres-Cordoba,101.45999607970793,1.05,0.58,2,2,4,6,56.3,43.7,0,1,0,0,2,4
2025-07-22,Defensa y Justicia,Aldosivi,2,0,1.9,3.08,4.44,1.98,3.22,4.56,Primera División,,20250722_Defensa-y-Justicia_Aldosivi,108.24224829699733,1.26,1.18,2,4,3,8,52.1,47.9,3,3,1,0,5,6
2025-07-22,San Martin S.J.,Dep. Riestra,3,2,2.73,2.61,3.04,2.84,2.71,3.21,Primera División,,20250722_San-Martin-S.J._Dep.-Riestra,-152.74040421391624,1.56,0.76,4,2,9,3,45.8,54.2,1,2,0,0,5,1
2025-07-25,Sarmiento Junin,Lanus,0,2,3.63,2.67,2.33,4.19,2.88,2.23,Primera División,,20250725_Sarmiento-Junin_Lanus,-55.662638183446006,0.21,1.71,0,7,1,15,49.8,50.2,4,1,0,0,3,8
2025-07-26,Aldosivi,Newells Old Boys,0,0,2.76,2.9,2.69,2.89,2.93,2.9,Primera División,,20250726_Aldosivi_Newells-Old-Boys,-101.54096295093677,0.05,1.07,1,3,3,6,53.0,47.0,0,1,0,0,0,6
2025-07-26,Ind. Rivadavia,Belgrano,0,0,2.21,2.97,3.47,2.37,3.03,3.56,Primera División,,20250726_Ind.-Rivadavia_Belgrano,41.90955521544947,0.57,1.1,1,5,3,11,50.8,49.2,1,3,0,0,2,4
2025-07-26,Platense,Argentinos Jrs,0,0,3.53,2.63,2.41,3.75,2.84,2.41,Primera División,,20250726_Platense_Argentinos-Jrs,2.915709214171102,0.71,0.59,2,1,4,5,54.9,45.1,3,1,0,0,3,5
2025-07-26,Rosario Central,San Martin S.J.,0,0,1.65,3.37,5.85,1.67,3.47,6.73,Primera División,,20250726_Rosario-Central_San-Martin-S.J.,191.51331209334717,1.57,0.59,6,1,13,2,60.4,39.6,0,0,0,0,7,2
2025-07-26,Union de Santa Fe,Tigre,0,0,2.14,2.94,3.74,2.2,3.01,4.05,Primera División,,20250726_Union-de-Santa-Fe_Tigre,-20.00575532985431,1.2,0.05,2,0,3,2,52.4,47.6,2,0,0,0,2,2
2025-07-26,Velez Sarsfield,Instituto,0,0,2.0,3.0,4.11,2.15,3.03,4.21,Primera División,,20250726_Velez-Sarsfield_Instituto,64.56655345969875,0.05,0.72,0,3,0,8,51.1,48.9,0,6,0,0,2,8
2025-07-27,Gimnasia L.P.,Independiente,1,0,4.14,3.01,1.99,4.47,3.06,2.07,Primera División,,20250727_Gimnasia-L.P._Independiente,-143.5143961812828,0.89,1.04,2,4,6,8,45.3,54.7,1,2,0,0,2,10
2025-07-27,Huracan,Boca Juniors,1,0,3.0,2.67,2.72,3.15,2.79,2.8,Primera División,,20250727_Huracan_Boca-Juniors,-50.38261429347381,0.98,0.15,4,0,7,0,48.6,51.4,0,3,0,0,7,1
2025-07-27,Racing Club,Estudiantes L.P.,0,1,1.94,3.22,4.0,1.98,3.33,4.35,Primera División,,20250727_Racing-Club_Estudiantes-L.P.,54.001104460340684,0.27,0.85,0,4,0,10,59.2,40.8,1,2,0,0,2,4
2025-07-27,Talleres Cordoba,Godoy Cruz,0,0,1.81,3.17,4.76,1.85,3.32,5.15,Primera División,,20250727_Talleres-Cordoba_Godoy-Cruz,9.323160380532272,0.32,0.07,1,1,4,0,50.8,49.2,2,1,0,1,4,3
2025-07-28,Central Cordoba,Defensa y Justicia,2,1,2.19,3.02,3.43,2.23,3.09,3.83,Primera División,,20250728_Central-Cordoba_Defensa-y-Justicia,-58.82777620879574,0.31,0.83,2,1,1,1,54.1,45.9,2,3,0,0,5,2
2025-07-28,Dep. Riestra,Atl. Tucuman,1,0,2.27,2.85,3.53,2.46,2.89,3.57,Primera División,,20250728_Dep.-Riestra_Atl.-Tucuman,47.804379782674005,0.15,0.52,1,2,0,5,49.1,50.9,1,3,0,0,4,3
2025-07-28,River Plate,San Lorenzo,0,0,1.51,3.56,7.26,1.56,3.71,7.93,Primera División,,20250728_River-Plate_San-Lorenzo,120.1202032814058,0.69,0.84,1,3,1,7,52.9,47.1,2,1,0,0,4,6
2025-07-29,Banfield,Barracas Central,1,3,2.34,2.69,3.6,2.45,2.68,3.97,Primera División,,20250729_Banfield_Barracas-Central,-70.7572148077113,0.05,2.24,1,6,1,13,52.7,47.3,1,2,0,0,2,8
2025-08-07,Godoy Cruz,Gimnasia L.P.,1,2,1.93,3.04,4.47,1.98,3.09,4.86,Primera División,,20250807_Godoy-Cruz_Gimnasia-L.P.,47.17623069621823,1.66,0.96,4,3,11,7,40.8,59.2,0,1,0,0,4,8
2025-08-07,San Lorenzo,Velez Sarsfield,1,0,2.53,2.53,3.59,2.57,2.66,3.73,Primera División,,20250807_San-Lorenzo_Velez-Sarsfield,12.27643118831702,2.14,1.21,8,3,16,5,51.3,48.7,0,3,0,0,12,3
2025-08-08,Estudiantes L.P.,Ind. Rivadavia,2,1,2.34,2.89,3.33,2.45,2.93,3.52,Primera División,,20250808_Estudiantes-L.P._Ind.-Rivadavia,-1.3200880606088958,1.36,1.45,3,3,6,6,49.9,50.1,2,0,0,0,6,2
2025-08-08,Tigre,Huracan,0,1,2.77,2.52,3.18,3.11,2.58,3.08,Primera División,,20250808_Tigre_Huracan,-62.905480665159075,0.05,0.89,0,3,1,5,46.6,53.4,1,3,0,1,0,4
2025-08-09,Boca Juniors,Racing Club,1,1,2.39,2.96,3.2,2.52,3.05,3.24,Primera División,,20250809_Boca-Juniors_Racing-Club,32.80611438065216,0.78,1.42,2,6,6,14,54.9,45.1,2,0,0,0,4,14
2025-08-09,Independiente,River Plate,0,0,3.01,2.93,2.51,3.21,3.0,2.57,Primera División,,20250809_Independiente_River-Plate,-86.14575850213282,0.25,0.73,1,3,1,8,43.8,56.2,1,1,0,0,5,7
2025-08-09,Lanus,Talleres Cordoba,1,0,2.24,2.82,3.69,2.25,2.91,4.07,Primera División,,20250809_Lanus_Talleres-Cordoba,-3.7366891752178617,1.03,1.11,3,2,4,5,52.4,47.6,0,3,0,0,3,6
2025-08-09,Newells Old Boys,Central Cordoba,1,1,2.33,2.92,3.33,2.44,2.99,3.46,Primera División,,20250809_Newells-Old-Boys_Central-Cordoba,17.94753785410694,0.79,0.74,3,2,8,2,55.7,44.3,1,2,0,0,3,3
2025-08-09,San Martin S.J.,Sarmiento Junin,0,1,2.13,2.87,3.93,2.12,2.95,4.48,Primera División,,20250809_San-Martin-S.J._Sarmiento-Junin,-25.68191754390091,0.94,0.97,3,3,4,3,52.3,47.7,2,0,0,0,3,8
2025-08-10,Atl. Tucuman,Rosario Central,0,0,3.49,2.73,2.4,3.31,2.87,2.62,Primera División,,20250810_Atl.-Tucuman_Rosario-Central,-124.83926919382475,0.73,0.83,3,3,7,8,45.2,54.8,1,3,0,0,6,4
2025-08-10,Barracas Central,Aldosivi,3,1,2.2,2.87,3.7,2.24,2.97,4.0,Primera División,,20250810_Barracas-Central_Aldosivi,140.1369212291736,1.44,1.54,4,6,8,14,60.3,39.7,1,1,0,0,10,7
2025-08-10,Belgrano,Banfield,2,1,1.87,3.05,4.81,1.95,3.19,4.8,Primera División,,20250810_Belgrano_Banfield,59.545508546916835,1.13,0.05,4,1,8,2,61.1,38.9,1,1,0,0,6,5
2025-08-10,Instituto,Platense,1,1,2.43,2.72,3.44,2.65,2.76,3.41,Primera División,,20250810_Instituto_Platense,-95.97538796431036,1.18,0.63,5,1,10,0,43.2,56.8,3,2,1,0,11,2
2025-08-11,Argentinos Jrs,Union de Santa Fe,1,0,1.69,3.39,5.4,1.78,3.38,5.6,Primera División,,20250811_Argentinos-Jrs_Union-de-Santa-Fe,80.20465827497515,0.5,0.94,1,4,0,8,54.5,45.5,2,1,0,0,2,2
2025-08-11,Defensa y Justicia,Dep. Riestra,1,0,2.08,3.01,3.88,2.0,3.15,4.58,Primera División,,20250811_Defensa-y-Justicia_Dep.-Riestra,-43.51956262411568,1.56,0.05,5,2,10,7,44.3,55.7,1,1,0,0,5,5
2025-08-15,Aldosivi,Belgrano,0,0,3.39,2.85,2.36,3.64,2.9,2.42,Primera División,,20250815_Aldosivi_Belgrano,-127.11604816981958,0.05,0.66,0,1,0,0,43.0,57.0,0,1,0,0,1,2
2025-08-15,Instituto,Union de Santa Fe,0,4,2.36,2.87,3.36,2.53,2.9,3.42,Primera División,,20250815_Instituto_Union-de-Santa-Fe,-0.5453636354388891,1.03,1.74,2,8,3,15,48.1,51.9,1,4,0,0,3,8
2025-08-16,Huracan,Argentinos Jrs,1,0,4.16,2.79,2.11,3.88,2.77,2.41,Primera División,,20250816_Huracan_Argentinos-Jrs,1.8988995575468834,0.85,0.31,3,0,8,2,48.3,51.7,2,0,0,0,5,2
2025-08-16,Platense,San Lorenzo,2,1,2.39,2.58,3.8,2.51,2.63,3.92,Primera División,,20250816_Platense_San-Lorenzo,8.732643142732286,0.52,2.18,2,6,4,13,53.2,46.8,2,1,0,0,8,8
2025-08-16,Racing Club,Tigre,1,2,2.15,3.0,3.67,2.27,3.1,3.69,Primera División,,20250816_Racing-Club_Tigre,64.0063480728113,1.55,1.63,4,5,9,13,45.5,54.5,4,4,0,0,2,5
2025-08-16,Rosario Central,Dep. Riestra,1,1,1.58,3.35,7.19,1.75,3.24,6.43,Primera División,,20250816_Rosario-Central_Dep.-Riestra,65.6763770910593,1.32,0.9,5,3,12,8,47.4,52.6,1,1,0,0,5,4
2025-08-17,Banfield,Estudiantes L.P.,3,2,2.62,2.86,2.96,2.51,3.03,3.28,Primera División,,20250817_Banfield_Estudiantes-L.P.,-119.26279390944183,1.23,1.13,4,4,8,7,49.6,50.4,0,4,0,0,7,6
2025-08-17,Central Cordoba,Barracas Central,1,1,2.06,3.06,3.87,2.37,3.1,3.47,Primera División,,20250817_Central-Cordoba_Barracas-Central,-70.15154704425959,0.14,1.35,1,3,2,8,49.0,51.0,3,2,0,0,2,1
2025-08-17,Defensa y Justicia,Newells Old Boys,1,1,1.7,3.38,5.45,1.78,3.46,5.39,Primera División,,20250817_Defensa-y-Justicia_Newells-Old-Boys,26.969588948442606,0.84,0.47,4,3,11,7,47.8,52.2,4,2,0,0,6,2
2025-08-17,Gimnasia L.P.,Lanus,1,2,2.36,2.81,3.44,2.45,2.83,3.69,Primera División,,20250817_Gimnasia-L.P._Lanus,-50.62842242433203,0.44,1.41,1,4,2,7,52.1,47.9,2,2,0,0,4,7
2025-08-17,River Plate,Godoy Cruz,4,2,1.69,3.45,5.3,1.58,3.93,6.7,Primera División,,20250817_River-Plate_Godoy-Cruz,159.80175124217885,0.92,1.6,4,5,8,9,60.2,39.8,2,1,0,0,3,9
2025-08-17,Velez Sarsfield,Independiente,2,1,3.0,2.81,2.63,2.9,2.84,2.98,Primera División,,20250817_Velez-Sarsfield_Independiente,-52.760820233001596,1.94,0.81,7,4,15,7,41.7,58.3,2,6,0,1,8,7
2025-08-18,Ind. Rivadavia,Boca Juniors,0,3,2.97,2.93,2.56,3.07,2.99,2.69,Primera División,,20250818_Ind.-Rivadavia_Boca-Juniors,-68.70248390534402,1.14,0.44,5,3,11,5,52.2,47.8,4,0,0,0,5,3
2025-08-18,Sarmiento Junin,Atl. Tucuman,2,2,2.83,2.78,2.78,2.83,2.83,3.06,Primera División,,20250818_Sarmiento-Junin_Atl.-Tucuman,-21.978465755193838,0.95,1.5,3,5,6,12,50.8,49.2,1,0,0,0,4,7
2025-08-19,Talleres Cordoba,San Martin S.J.,0,0,1.75,3.29,5.07,1.76,3.42,5.68,Primera División,,20250819_Talleres-Cordoba_San-Martin-S.J.,104.25430327951676,0.8,1.18,2,4,4,8,55.6,44.4,1,0,1,0,4,3
2025-08-22,Barracas Central,Defensa y Justicia,1,1,2.54,3.06,2.96,2.79,3.1,2.84,Primera División,,20250822_Barracas-Central_Defensa-y-Justicia,25.012170726359727,0.84,1.52,2,4,4,8,49.4,50.6,2,1,0,0,2,3
2025-08-23,Rosario Central,Newells Old Boys,1,0,1.78,3.05,5.52,1.88,3.07,5.57,Primera División,,20250823_Rosario-Central_Newells-Old-Boys,106.00355436622749,0.23,0.92,1,4,3,8,55.7,44.3,1,0,0,0,2,9
2025-08-23,San Lorenzo,Instituto,1,0,2.18,2.8,3.94,2.21,2.84,4.38,Primera División,,20250823_San-Lorenzo_Instituto,81.0593565720419,1.38,0.55,6,3,15,7,51.4,48.6,1,0,0,0,10,5
2025-08-23,Tigre,Ind. Rivadavia,1,1,2.24,2.81,3.74,2.33,2.8,4.04,Primera División,,20250823_Tigre_Ind.-Rivadavia,-2.006944879582761,1.21,0.61,4,2,10,6,48.2,51.8,2,1,0,0,1,3
2025-08-24,Argentinos Jrs,Racing Club,4,1,2.26,2.99,3.41,2.34,3.03,3.62,Primera División,,20250824_Argentinos-Jrs_Racing-Club,18.953355601979865,2.11,0.79,6,2,17,5,52.4,47.6,1,1,0,0,8,2
2025-08-24,Atl. Tucuman,Talleres Cordoba,3,0,2.39,2.92,3.22,2.52,2.95,3.36,Primera División,,20250824_Atl.-Tucuman_Talleres-Cordoba,-31.626340151746035,0.24,0.92,3,5,7,10,47.7,52.3,2,1,0,0,5,5
2025-08-24,Boca Juniors,Banfield,2,0,1.71,3.39,5.19,1.78,3.42,5.54,Primera División,,20250824_Boca-Juniors_Banfield,158.88705080568138,1.66,0.49,5,1,9,2,46.3,53.7,0,2,0,0,3,3
2025-08-24,San Martin S.J.,Gimnasia L.P.,1,0,2.33,2.78,3.54,2.48,2.85,3.58,Primera División,,20250824_San-Martin-S.J._Gimnasia-L.P.,-60.38717577669536,0.49,0.86,3,4,5,10,46.4,53.6,0,0,0,0,3,8
2025-08-24,Union de Santa Fe,Huracan,1,1,2.18,2.89,3.77,2.26,2.88,4.1,Primera División,,20250824_Union-de-Santa-Fe_Huracan,-100.61282995054921,0.98,2.06,2,6,9,10,44.1,55.9,2,0,0,0,6,7
2025-08-25,Belgrano,Central Cordoba,0,3,1.97,3.08,4.21,2.07,3.13,4.29,Primera División,,20250825_Belgrano_Central-Cordoba,35.72305124343052,0.84,0.58,2,3,4,4,49.7,50.3,2,2,1,0,6,6
2025-08-25,Dep. Riestra,Sarmiento Junin,3,0,2.06,2.86,4.26,2.21,2.76,4.58,Primera División,,20250825_Dep.-Riestra_Sarmiento-Junin,74.3543230753437,1.12,0.5,4,2,10,4,50.0,50.0,2,2,0,0,2,2
2025-08-25,Estudiantes L.P.,Aldosivi,1,0,1.63,3.5,5.75,1.64,3.68,6.49,Primera División,,20250825_Estudiantes-L.P._Aldosivi,146.73762548910395,0.96,1.2,5,1,11,1,55.5,44.5,2,1,0,0,4,3
2025-08-25,Godoy Cruz,Velez Sarsfield,0,2,2.54,2.8,3.13,2.66,2.91,3.2,Primera División,,20250825_Godoy-Cruz_Velez-Sarsfield,-47.37481824610086,0.92,2.11,3,8,5,18,51.8,48.2,2,1,0,0,5,8
2025-08-26,Lanus,River Plate,1,1,2.85,2.89,2.66,3.08,2.97,2.69,Primera División,,20250826_Lanus_River-Plate,-125.6865067316096,2.03,1.15,7,3,15,5,40.8,59.2,3,3,0,0,9,7
2025-08-29,Banfield,Tigre,1,0,2.65,2.76,3.02,2.79,2.77,3.19,Primera División,,20250829_Banfield_Tigre,-75.79712692291878,1.73,1.36,4,5,8,12,52.5,47.5,3,1,0,0,3,9
2025-08-29,Newells Old Boys,Barracas Central,1,2,2.25,2.95,3.46,2.27,3.03,3.8,Primera División,,20250829_Newells-Old-Boys_Barracas-Central,-57.708394589300724,0.05,1.24,1,4,3,7,52.9,47.1,4,0,0,0,3,5
2025-08-30,Central Cordoba,Estudiantes L.P.,2,0,2.89,2.88,2.65,2.83,2.91,2.98,Primera División,,20250830_Central-Cordoba_Estudiantes-L.P.,-57.73724252750344,1.38,1.28,3,4,6,8,52.6,47.4,2,2,0,0,7,3
2025-08-30,Ind. Rivadavia,Argentinos Jrs,2,1,3.14,2.88,2.46,3.21,2.94,2.62,Primera División,,20250830_Ind.-Rivadavia_Argentinos-Jrs,-63.99604575461399,1.18,1.03,3,2,8,4,45.6,54.4,1,2,0,0,1,3
2025-08-30,Instituto,Independiente,0,0,2.99,2.86,2.6,3.23,2.87,2.67,Primera División,,20250830_Instituto_Independiente,-105.53147786767954,0.5,0.29,1,0,3,0,46.7,53.3,2,2,0,0,2,1
2025-08-30,San Lorenzo,Huracan,0,0,2.46,2.61,3.54,2.59,2.56,3.89,Primera División,,20250830_San-Lorenzo_Huracan,-31.43008408726837,0.75,1.04,2,3,6,6,47.3,52.7,3,2,0,0,5,8
2025-08-31,Aldosivi,Boca Juniors,0,2,5.51,3.22,1.72,5.83,3.08,1.85,Primera División,,20250831_Aldosivi_Boca-Juniors,-232.3696858784599,0.52,1.07,0,5,2,10,38.0,62.0,3,3,0,0,3,5
2025-08-31,Defensa y Justicia,Belgrano,2,1,2.24,2.93,3.52,2.27,2.96,3.91,Primera División,,20250831_Defensa-y-Justicia_Belgrano,18.727126202964882,1.73,0.99,8,1,19,2,47.7,52.3,0,1,0,0,5,1
2025-08-31,River Plate,San Martin S.J.,2,0,1.38,4.29,8.98,1.4,4.6,9.29,Primera División,,20250831_River-Plate_San-Martin-S.J.,239.00331009665388,1.43,0.05,3,0,7,0,52.5,47.5,1,0,0,0,7,1
2025-08-31,Talleres Cordoba,Dep. Riestra,0,1,1.88,3.14,4.58,1.92,3.18,5.01,Primera División,,20250831_Talleres-Cordoba_Dep.-Riestra,-44.825435640290834,1.55,0.92,5,4,12,7,42.8,57.2,1,1,0,0,6,5
2025-08-31,Velez Sarsfield,Lanus,3,0,2.24,2.82,3.71,2.63,2.73,3.49,Primera División,,20250831_Velez-Sarsfield_Lanus,5.793238694408274,1.95,0.36,6,1,13,3,48.5,51.5,3,0,0,0,7,2
2025-09-01,Gimnasia L.P.,Atl. Tucuman,1,0,2.67,2.8,2.95,2.77,2.89,3.08,Primera División,,20250901_Gimnasia-L.P._Atl.-Tucuman,-32.40206642068847,1.49,0.05,5,0,13,0,45.8,54.2,2,3,0,0,10,3
2025-09-01,Platense,Godoy Cruz,1,3,2.25,2.74,3.8,2.35,2.82,3.94,Primera División,,20250901_Platense_Godoy-Cruz,99.80005172559595,0.68,0.57,2,3,5,6,54.6,45.4,1,0,0,0,2,5
2025-09-01,Racing Club,Union de Santa Fe,2,3,1.78,3.35,4.71,1.85,3.36,5.06,Primera División,,20250901_Racing-Club_Union-de-Santa-Fe,41.16466617588594,1.6,0.54,4,3,8,5,53.5,46.5,1,1,0,0,5,3
2025-09-12,Belgrano,San Martin S.J.,0,0,2.03,2.83,4.46,2.08,2.86,4.91,Primera División,,20250912_Belgrano_San-Martin-S.J.,61.383570599818086,1.13,0.65,4,2,9,5,52.7,47.3,2,2,0,0,5,3
2025-09-12,Dep. Riestra,Central Cordoba,2,0,2.37,2.79,3.44,2.48,2.77,3.7,Primera División,,20250912_Dep.-Riestra_Central-Cordoba,52.78380578136489,1.04,1.33,2,3,3,7,53.2,46.8,2,2,0,0,8,1
2025-09-12,Huracan,Velez Sarsfield,0,0,2.3,2.66,3.89,2.16,2.85,4.52,Primera División,,20250912_Huracan_Velez-Sarsfield,27.34567390091479,0.84,0.94,1,3,2,6,45.5,54.5,3,0,0,0,1,1
2025-09-12,Racing Club,San Lorenzo,2,0,1.93,3.06,4.48,1.93,3.19,4.92,Primera División,,20250912_Racing-Club_San-Lorenzo,-35.75373469861847,1.0,0.61,3,2,4,4,46.2,53.8,2,4,0,0,3,5
2025-09-13,Estudiantes L.P.,River Plate,1,2,2.96,2.96,2.52,2.92,3.05,2.76,Primera División,,20250913_Estudiantes-L.P._River-Plate,-141.44949497849325,0.36,1.13,2,4,5,10,44.4,55.6,3,1,1,0,4,6
2025-09-13,Godoy Cruz,Barracas Central,0,0,2.16,2.91,3.79,2.16,2.86,4.52,Primera División,,20250913_Godoy-Cruz_Barracas-Central,-45.27142553075646,0.52,1.27,0,3,0,5,41.3,58.7,3,0,0,0,3,7
2025-09-13,Independiente,Banfield,0,1,1.81,3.2,4.93,1.69,3.49,6.32,Primera División,,20250913_Independiente_Banfield,109.13011838711486,0.3,0.57,2,1,4,2,58.6,41.4,0,2,0,0,2,1
2025-09-13,Lanus,Ind. Rivadavia,1,0,1.95,3.06,4.34,1.98,3.05,4.94,Primera División,,20250913_Lanus_Ind.-Rivadavia,3.029642378160588,1.1,0.05,5,1,10,2,44.0,56.0,3,5,0,0,2,1
2025-09-13,Newells Old Boys,Atl. Tucuman,2,0,2.39,2.89,3.28,2.47,2.93,3.49,Primera División,,20250913_Newells-Old-Boys_Atl.-Tucuman,-9.365292103152797,0.91,1.15,3,3,5,8,55.8,44.2,2,2,0,0,3,4
2025-09-14,Gimnasia L.P.,Union de Santa Fe,1,3,3.38,2.85,2.35,3.66,2.93,2.39,Primera División,,20250914_Gimnasia-L.P._Union-de-Santa-Fe,-41.85172725169832,0.85,1.16,2,4,4,8,56.5,43.5,4,0,0,0,2,2
2025-09-14,Instituto,Argentinos Jrs,2,0,4.11,2.97,2.04,3.55,2.92,2.45,Primera División,,20250914_Instituto_Argentinos-Jrs,-102.22633540344896,1.3,0.84,4,4,7,8,52.8,47.2,3,0,0,0,10,3
2025-09-14,Rosario Central,Boca Juniors,1,1,2.52,2.85,3.08,2.69,2.85,3.21,Primera División,,20250914_Rosario-Central_Boca-Juniors,-17.462313884833975,1.26,0.44,5,1,9,3,54.8,45.2,2,2,0,0,3,1
2025-09-14,Sarmiento Junin,Aldosivi,2,0,2.24,2.89,3.59,2.35,2.96,3.7,Primera División,,20250914_Sarmiento-Junin_Aldosivi,71.42069355143849,1.29,0.51,4,2,9,4,50.4,49.6,3,1,0,0,6,3
2025-09-15,Defensa y Justicia,Platense,1,2,2.35,2.88,3.36,2.52,2.94,3.38,Primera División,,20250915_Defensa-y-Justicia_Platense,-45.77674480069663,1.41,0.87,4,2,8,4,54.5,45.5,2,1,0,0,6,4
2025-09-15,Tigre,Talleres Cordoba,0,0,2.87,2.78,2.77,2.65,2.84,3.3,Primera División,,20250915_Tigre_Talleres-Cordoba,16.531555124090346,1.2,0.65,3,2,5,4,43.7,56.3,3,1,0,0,5,1
2025-09-19,Dep. Riestra,Gimnasia L.P.,1,0,2.02,2.96,4.21,2.22,2.95,4.1,Primera División,,20250919_Dep.-Riestra_Gimnasia-L.P.,100.77186326230958,0.68,2.01,3,5,5,10,50.8,49.2,1,1,1,0,2,5
2025-09-19,Huracan,Racing Club,0,2,2.01,2.99,4.24,2.02,3.1,4.6,Primera División,,20250919_Huracan_Racing-Club,50.845518532861206,1.02,1.75,3,6,5,13,51.4,48.6,5,2,0,0,7,8
2025-09-19,San Martin S.J.,Velez Sarsfield,1,2,2.41,2.73,3.48,2.44,2.78,3.79,Primera División,,20250919_San-Martin-S.J._Velez-Sarsfield,-142.9167678564761,1.23,1.34,3,5,4,11,50.3,49.7,0,0,0,0,3,9
2025-09-20,Barracas Central,Sarmiento Junin,0,1,2.16,2.85,3.95,2.34,2.89,3.84,Primera División,,20250920_Barracas-Central_Sarmiento-Junin,87.17688784122856,0.27,0.83,2,2,4,5,52.4,47.6,3,1,0,0,2,4
2025-09-20,Lanus,Platense,2,1,2.63,2.7,3.13,3.0,2.82,2.9,Primera División,,20250920_Lanus_Platense,-32.44825928865862,1.09,0.2,3,1,6,2,49.8,50.2,0,1,0,0,2,2
2025-09-20,Union de Santa Fe,Ind. Rivadavia,2,2,1.86,3.35,4.27,1.88,3.45,4.65,Primera División,,20250920_Union-de-Santa-Fe_Ind.-Rivadavia,2.872263703265844,1.29,1.1,5,4,10,8,50.9,49.1,5,3,0,0,5,5
2025-09-21,Argentinos Jrs,Banfield,3,0,1.67,3.38,5.65,1.71,3.46,6.06,Primera División,,20250921_Argentinos-Jrs_Banfield,81.81635883599779,1.11,1.83,3,6,6,11,60.8,39.2,1,1,0,1,3,3
2025-09-21,Atl. Tucuman,River Plate,2,0,2.79,3.16,2.53,2.57,3.14,3.07,Primera División,,20250921_Atl.-Tucuman_River-Plate,-211.9912774624413,1.19,0.6,4,3,9,6,42.7,57.3,2,2,0,0,4,2
2025-09-21,Godoy Cruz,Instituto,1,1,2.54,2.79,3.15,2.27,2.89,4.05,Primera División,,20250921_Godoy-Cruz_Instituto,20.579780596903674,1.44,2.02,3,6,7,10,43.6,56.4,2,4,0,0,4,8
2025-09-21,Independiente,San Lorenzo,1,1,2.13,2.8,4.1,2.21,2.85,4.32,Primera División,,20250921_Independiente_San-Lorenzo,-1.0667734397720778,0.99,1.08,2,3,5,6,41.9,58.1,3,2,0,0,3,7
2025-09-21,Rosario Central,Talleres Cordoba,1,1,2.06,2.97,4.06,2.1,3.06,4.33,Primera División,,20250921_Rosario-Central_Talleres-Cordoba,115.48861556733505,0.88,0.06,3,1,6,1,58.1,41.9,1,1,0,0,3,2
2025-09-21,Tigre,Aldosivi,2,0,1.76,3.19,5.33,1.9,3.2,5.08,Primera División,,20250921_Tigre_Aldosivi,134.9584421985735,1.0,0.05,5,0,11,2,55.0,45.0,0,3,0,1,8,2
2025-09-22,Boca Juniors,Central Cordoba,2,2,1.54,3.64,6.87,1.48,4.04,8.75,Primera División,,20250922_Boca-Juniors_Central-Cordoba,129.54478369384788,0.82,1.13,4,3,7,7,54.4,45.6,4,1,0,0,3,2
2025-09-22,Estudiantes L.P.,Defensa y Justicia,1,0,2.44,2.97,3.07,2.72,3.0,3.02,Primera División,,20250922_Estudiantes-L.P._Defensa-y-Justicia,7.476588685805382,0.76,1.24,3,4,7,10,51.4,48.6,1,1,0,0,4,3
2025-09-23,Belgrano,Newells Old Boys,3,0,1.77,3.31,4.89,1.83,3.34,5.3,Primera División,,20250923_Belgrano_Newells-Old-Boys,-0.05667627117691154,1.28,0.75,4,2,9,4,54.0,46.0,0,2,0,0,7,5
2025-09-26,Banfield,Union de Santa Fe,0,0,2.96,2.85,2.62,3.18,2.84,2.73,Primera División,,20250926_Banfield_Union-de-Santa-Fe,-61.72693377620067,0.13,0.21,0,1,1,2,50.2,49.8,2,1,0,0,8,0
2025-09-26,Platense,San Martin S.J.,2,2,1.83,3.04,5.15,1.88,3.17,5.35,Primera División,,20250926_Platense_San-Martin-S.J.,151.1318849676636,0.94,0.41,3,2,7,2,55.5,44.5,0,1,0,0,4,3
2025-09-27,Aldosivi,Argentinos Jrs,0,2,5.61,3.31,1.7,6.13,3.39,1.73,Primera División,,20250927_Aldosivi_Argentinos-Jrs,-203.13762877055615,0.32,0.51,0,2,0,5,49.7,50.3,2,1,0,0,3,3
2025-09-27,Central Cordoba,Tigre,0,1,2.39,2.84,3.33,2.44,2.94,3.54,Primera División,,20250927_Central-Cordoba_Tigre,-16.471470409611356,1.47,1.7,5,5,11,10,50.1,49.9,1,2,0,0,7,5
2025-09-27,Defensa y Justicia,Boca Juniors,2,1,3.75,3.11,2.08,3.97,3.23,2.12,Primera División,,20250927_Defensa-y-Justicia_Boca-Juniors,-111.87693435803271,1.07,1.2,4,3,9,8,47.1,52.9,1,1,0,0,6,2
2025-09-27,Gimnasia L.P.,Rosario Central,0,3,4.25,2.99,1.99,4.06,3.02,2.19,Primera División,,20250927_Gimnasia-L.P._Rosario-Central,-145.65989561013498,0.73,1.89,2,5,5,10,45.2,54.8,1,1,0,0,2,7
2025-09-27,San Lorenzo,Godoy Cruz,2,0,1.9,2.86,5.18,1.93,2.98,5.47,Primera División,,20250927_San-Lorenzo_Godoy-Cruz,48.53569201977939,1.18,1.39,5,4,10,9,52.1,47.9,0,2,0,0,8,4
2025-09-28,Ind. Rivadavia,Huracan,0,0,2.49,2.76,3.25,2.68,2.77,3.35,Primera División,,20250928_Ind.-Rivadavia_Huracan,-56.87831754279182,0.28,0.5,1,1,1,1,44.2,55.8,1,1,0,0,2,3
2025-09-28,Racing Club,Independiente,0,0,2.24,2.96,3.49,2.33,3.04,3.65,Primera División,,20250928_Racing-Club_Independiente,5.481004216679594,1.03,0.38,4,0,10,0,49.9,50.1,1,1,0,0,3,5
2025-09-28,River Plate,Dep. Riestra,1,2,1.48,3.78,7.82,1.55,3.74,8.06,Primera División,,20250928_River-Plate_Dep.-Riestra,88.48298392080619,0.92,2.08,2,8,7,17,51.6,48.4,2,0,0,0,5,8
2025-09-28,Talleres Cordoba,Sarmiento Junin,1,0,1.63,3.42,6.08,1.64,3.7,6.32,Primera División,,20250928_Talleres-Cordoba_Sarmiento-Junin,17.911314316664175,1.77,1.01,7,1,14,4,53.1,46.9,1,4,1,0,10,4
2025-09-29,Barracas Central,Belgrano,1,1,2.96,2.8,2.69,2.88,2.82,3.03,Primera División,,20250929_Barracas-Central_Belgrano,36.98545458891681,0.94,1.58,3,5,7,9,55.9,44.1,4,1,0,0,5,8
2025-09-29,Instituto,Lanus,0,0,2.74,2.77,2.91,2.49,2.86,3.56,Primera División,,20250929_Instituto_Lanus,-78.50187202098118,1.2,1.06,2,4,4,6,46.7,53.3,0,0,0,0,3,2
2025-09-30,Newells Old Boys,Estudiantes L.P.,1,1,3.12,2.84,2.5,3.24,2.9,2.64,Primera División,,20250930_Newells-Old-Boys_Estudiantes-L.P.,-64.26874396509652,0.52,1.13,1,2,1,6,43.4,56.6,2,4,0,0,3,8
2025-09-30,Velez Sarsfield,Atl. Tucuman,3,1,1.9,3.12,4.5,1.95,3.21,4.72,Primera División,,20250930_Velez-Sarsfield_Atl.-Tucuman,89.7483846219609,1.92,1.62,6,4,13,9,57.8,42.2,2,2,0,0,6,1
2025-10-03,Tigre,Defensa y Justicia,1,1,2.29,2.9,3.47,2.37,2.88,3.79,Primera División,,20251003_Tigre_Defensa-y-Justicia,3.0550644715276576,1.23,1.21,5,3,10,5,46.7,53.3,1,1,0,0,11,4
2025-10-04,Argentinos Jrs,Central Cordoba,0,0,1.54,3.73,6.56,1.5,4.02,8.04,Primera División,,20251004_Argentinos-Jrs_Central-Cordoba,86.64988374730387,0.48,1.38,2,3,2,9,60.8,39.2,5,0,0,1,3,5
2025-10-04,Atl. Tucuman,Platense,2,0,2.06,3.08,3.88,2.06,3.21,4.23,Primera División,,20251004_Atl.-Tucuman_Platense,-87.36782553781973,1.21,0.11,4,1,10,5,41.3,58.7,0,2,0,0,6,3
2025-10-04,Huracan,Banfield,1,0,2.19,2.79,3.89,2.18,2.85,4.45,Primera División,,20251004_Huracan_Banfield,111.87442767892867,0.64,1.0,1,3,1,7,49.3,50.7,3,1,0,0,1,3
2025-10-04,San Martin S.J.,Instituto,0,0,2.52,2.73,3.24,2.6,2.83,3.38,Primera División,,20251004_San-Martin-S.J._Instituto,-64.16902538428803,0.84,1.39,3,4,6,9,46.6,53.4,1,4,0,0,3,7
2025-10-04,Sarmiento Junin,Gimnasia L.P.,0,1,2.28,2.86,3.56,2.31,2.99,3.75,Primera División,,20251004_Sarmiento-Junin_Gimnasia-L.P.,15.818823065036668,1.81,1.06,6,2,13,3,46.6,53.4,0,2,0,0,4,2
2025-10-04,Union de Santa Fe,Aldosivi,0,2,1.57,3.55,6.45,1.58,3.71,7.47,Primera División,,20251004_Union-de-Santa-Fe_Aldosivi,168.17517588521082,0.72,0.29,4,2,9,5,69.6,30.4,2,1,0,0,0,5
2025-10-05,Boca Juniors,Newells Old Boys,5,0,1.41,4.21,8.02,1.44,4.3,8.87,Primera División,,20251005_Boca-Juniors_Newells-Old-Boys,127.25483322317518,2.5,1.16,8,5,17,12,58.9,41.1,1,4,0,0,8,5
2025-10-05,Estudiantes L.P.,Barracas Central,1,1,1.58,3.61,6.32,1.64,3.65,6.58,Primera División,,20251005_Estudiantes-L.P._Barracas-Central,2.413892182842801,0.46,0.79,1,3,2,9,46.2,53.8,1,1,0,0,5,5
2025-10-05,Godoy Cruz,Independiente,1,1,3.03,2.8,2.61,3.04,2.9,2.79,Primera División,,20251005_Godoy-Cruz_Independiente,-58.066356929260564,1.86,0.93,6,3,12,6,54.1,45.9,1,2,0,1,3,4
2025-10-05,Lanus,San Lorenzo,2,1,2.38,2.65,3.69,2.4,2.74,3.97,Primera División,,20251005_Lanus_San-Lorenzo,-2.194258786046248,1.95,0.88,6,3,12,4,46.4,53.6,2,2,0,0,8,8
2025-10-05,Talleres Cordoba,Belgrano,0,0,2.3,2.88,3.47,2.22,2.96,4.09,Primera División,,20251005_Talleres-Cordoba_Belgrano,7.727856593542128,1.97,0.12,6,2,13,4,52.4,47.6,1,3,0,1,7,0
2025-10-06,Dep. Riestra,Velez Sarsfield,2,2,2.97,2.67,2.79,3.21,2.79,2.75,Primera División,,20251006_Dep.-Riestra_Velez-Sarsfield,2.722493110175037,1.33,1.28,4,3,9,5,48.0,52.0,3,3,0,0,1,1
2025-10-06,Rosario Central,River Plate,2,1,2.9,2.82,2.7,3.02,2.81,2.9,Primera División,,20251006_Rosario-Central_River-Plate,-38.58654428146565,1.36,1.56,3,5,7,9,51.1,48.9,0,0,0,0,4,11
2025-10-07,Racing Club,Ind. Rivadavia,0,0,2.06,3.12,3.79,2.1,3.17,4.14,Primera División,,20251007_Racing-Club_Ind.-Rivadavia,31.383786789815076,1.03,0.31,3,2,6,4,51.4,48.6,1,3,0,0,6,0
2025-10-10,Central Cordoba,Union de Santa Fe,3,1,2.54,2.78,3.17,2.58,2.79,3.48,Primera División,,20251010_Central-Cordoba_Union-de-Santa-Fe,-19.98680360271601,1.58,0.9,5,3,12,4,47.0,53.0,1,1,0,0,8,3
2025-10-10,Defensa y Justicia,Argentinos Jrs,1,0,3.59,2.96,2.2,3.91,3.01,2.24,Primera División,,20251010_Defensa-y-Justicia_Argentinos-Jrs,-47.33268258740782,0.4,1.01,2,2,3,6,51.5,48.5,2,0,0,0,1,1
2025-10-10,Newells Old Boys,Tigre,1,1,2.59,2.86,2.97,2.76,2.88,3.09,Primera División,,20251010_Newells-Old-Boys_Tigre,-57.59047008218954,1.56,1.53,5,5,9,12,51.4,48.6,2,1,1,0,2,3
2025-10-10,San Lorenzo,San Martin S.J.,0,1,1.75,3.03,5.88,1.88,2.99,5.9,Primera División,,20251010_San-Lorenzo_San-Martin-S.J.,125.2656285629555,0.95,0.96,4,2,7,2,54.9,45.1,0,2,0,0,5,2
2025-10-11,Banfield,Racing Club,1,3,2.5,2.99,2.97,2.6,3.05,3.11,Primera División,,20251011_Banfield_Racing-Club,-97.45738931688447,0.59,1.66,2,7,5,16,46.9,53.1,2,0,0,0,6,10
2025-10-11,Gimnasia L.P.,Talleres Cordoba,1,2,3.65,2.82,2.27,3.56,2.8,2.53,Primera División,,20251011_Gimnasia-L.P._Talleres-Cordoba,-43.68111028402359,1.57,0.72,5,2,12,4,46.1,53.9,0,2,0,0,8,5
2025-10-12,Aldosivi,Huracan,2,0,3.58,2.89,2.25,3.86,2.91,2.32,Primera División,,20251012_Aldosivi_Huracan,-213.41278857907332,1.05,0.28,3,0,4,0,40.0,60.0,1,2,0,0,3,1
2025-10-12,Belgrano,Estudiantes L.P.,1,1,2.59,2.89,2.97,2.87,2.95,2.89,Primera División,,20251012_Belgrano_Estudiantes-L.P.,-36.50385101585107,0.84,0.68,1,3,4,6,41.9,58.1,2,3,0,0,0,3
2025-10-12,Ind. Rivadavia,Godoy Cruz,0,0,2.1,2.94,3.93,2.31,2.95,3.8,Primera División,,20251012_Ind.-Rivadavia_Godoy-Cruz,30.87893606072248,0.86,0.86,4,3,11,6,50.2,49.8,1,2,0,0,7,8
2025-10-12,Instituto,Atl. Tucuman,2,0,2.2,3.03,3.49,2.23,3.05,3.88,Primera División,,20251012_Instituto_Atl.-Tucuman,-6.914389163936903,2.01,0.05,6,1,12,5,49.9,50.1,2,1,0,0,9,2
2025-10-12,River Plate,Sarmiento Junin,0,1,1.34,4.45,9.94,1.46,4.21,8.56,Primera División,,20251012_River-Plate_Sarmiento-Junin,182.13530523069858,0.05,1.7,0,5,0,14,54.1,45.9,2,1,0,0,3,4
2025-10-12,Velez Sarsfield,Rosario Central,1,2,2.51,2.84,3.11,2.48,2.9,3.51,Primera División,,20251012_Velez-Sarsfield_Rosario-Central,-35.86879755852192,1.94,1.34,6,5,14,10,47.5,52.5,2,1,1,0,10,14
2025-10-13,Independiente,Lanus,0,2,2.17,2.87,3.84,2.22,2.93,4.12,Primera División,,20251013_Independiente_Lanus,-23.0068506756013,0.05,1.7,2,7,4,14,48.9,51.1,2,2,0,0,3,4
2025-10-13,Platense,Dep. Riestra,1,1,2.56,2.73,3.17,2.64,2.85,3.3,Primera División,,20251013_Platense_Dep.-Riestra,-37.899275927024064,1.82,1.77,6,5,13,11,41.9,58.1,2,1,0,0,8,14
2025-10-17,Racing Club,Aldosivi,1,0,1.77,3.45,4.71,1.77,3.56,5.26,Primera División,,20251017_Racing-Club_Aldosivi,172.62147994374732,0.81,1.11,2,3,5,4,56.0,44.0,1,2,0,0,3,5
2025-10-18,Argentinos Jrs,Newells Old Boys,3,1,1.53,3.74,6.64,1.57,3.9,6.85,Primera División,,20251018_Argentinos-Jrs_Newells-Old-Boys,86.48326073704243,2.48,1.01,8,4,18,9,51.8,48.2,0,3,0,1,14,6
2025-10-18,Boca Juniors,Belgrano,1,2,1.57,3.59,6.51,1.63,3.49,7.34,Primera División,,20251018_Boca-Juniors_Belgrano,110.49802093094809,1.81,0.05,6,2,13,6,51.9,48.1,2,0,0,1,2,4
2025-10-18,Ind. Rivadavia,Banfield,1,2,2.34,2.9,3.34,2.43,2.97,3.51,Primera División,,20251018_Ind.-Rivadavia_Banfield,75.89145129489293,1.46,1.53,4,4,8,8,55.0,45.0,3,0,0,0,7,7
2025-10-18,Lanus,Godoy Cruz,2,0,2.26,2.85,3.63,2.15,2.99,4.26,Primera División,,20251018_Lanus_Godoy-Cruz,87.2418685269904,0.95,0.05,2,1,4,2,59.2,40.8,4,1,0,0,6,3
2025-10-19,Estudiantes L.P.,Gimnasia L.P.,2,0,1.5,3.69,7.63,1.52,4.02,7.49,Primera División,,20251019_Estudiantes-L.P._Gimnasia-L.P.,82.233865740194,0.61,0.67,3,2,7,4,55.2,44.8,1,2,0,0,3,5
2025-10-19,Rosario Central,Platense,1,0,1.62,3.37,6.59,1.66,3.34,7.36,Primera División,,20251019_Rosario-Central_Platense,80.69533072434388,0.32,0.9,2,4,4,8,56.3,43.7,2,6,0,0,7,7
2025-10-19,San Martin S.J.,Independiente,1,0,3.14,2.8,2.53,3.26,2.87,2.65,Primera División,,20251019_San-Martin-S.J._Independiente,-96.86124846882512,0.74,2.27,3,7,6,18,48.5,51.5,1,4,0,0,5,4
2025-10-19,Sarmiento Junin,Velez Sarsfield,0,2,3.56,2.84,2.29,3.68,2.83,2.45,Primera División,,20251019_Sarmiento-Junin_Velez-Sarsfield,-105.79752884001095,1.38,0.19,5,2,12,4,38.8,61.2,0,4,0,0,9,0
2025-10-19,Talleres Cordoba,River Plate,0,2,3.19,2.96,2.39,3.34,3.05,2.47,Primera División,,20251019_Talleres-Cordoba_River-Plate,-100.9103648120763,0.05,1.16,0,4,1,7,46.3,53.7,1,1,0,0,1,9
2025-10-20,Dep. Riestra,Instituto,1,0,2.37,2.67,3.67,2.62,2.72,3.53,Primera División,,20251020_Dep.-Riestra_Instituto,88.72779755234683,1.41,0.48,6,0,13,2,49.4,50.6,2,6,0,0,9,1
2025-10-20,Tigre,Barracas Central,2,2,2.39,2.79,3.4,2.06,2.96,4.71,Primera División,,20251020_Tigre_Barracas-Central,-9.7205780182112,1.1,1.28,3,5,6,11,51.1,48.9,0,1,0,0,4,3
2025-10-21,Atl. Tucuman,San Lorenzo,1,2,2.6,2.74,3.11,2.69,2.75,3.36,Primera División,,20251021_Atl.-Tucuman_San-Lorenzo,-54.655601443324485,1.13,0.62,4,2,10,7,48.2,51.8,2,0,0,0,3,6
2025-10-21,Union de Santa Fe,Defensa y Justicia,3,0,2.1,3.05,3.8,2.18,3.09,3.99,Primera División,,20251021_Union-de-Santa-Fe_Defensa-y-Justicia,-39.7802564440824,1.41,0.37,3,0,8,0,41.0,59.0,2,0,0,1,7,3
2025-10-22,Huracan,Central Cordoba,0,1,2.18,2.75,4.05,2.1,2.85,4.84,Primera División,,20251022_Huracan_Central-Cordoba,68.75699691313139,0.34,0.67,3,3,5,7,55.9,44.1,0,3,0,0,8,7
2025-10-24,Independiente,Platense,3,0,1.96,2.97,4.48,1.91,3.1,4.87,Primera División,,20251024_Independiente_Platense,-18.450975691944677,1.94,0.51,6,1,13,4,46.4,53.6,3,4,0,0,4,6
2025-10-24,Sarmiento Junin,Rosario Central,0,1,4.19,2.99,2.0,4.23,3.03,2.14,Primera División,,20251024_Sarmiento-Junin_Rosario-Central,-180.91409272356123,1.11,1.56,4,5,10,9,49.7,50.3,3,2,0,0,5,9
2025-10-27,Barracas Central,Boca Juniors,1,3,5.26,2.99,1.83,4.81,2.83,2.04,Primera División,,20251027_Barracas-Central_Boca-Juniors,-62.140356765300794,1.25,1.78,4,5,7,13,45.3,54.7,2,3,0,0,9,6
2025-10-31,San Lorenzo,Dep. Riestra,1,0,2.08,2.7,4.57,,,,Primera División,,20251031_San-Lorenzo_Dep.-Riestra,-50.5080702336511,0.61,1.05,1,3,1,5,55.3,44.7,1,1,0,0,1,3
2025-11-01,Aldosivi,Ind. Rivadavia,3,1,1.93,3.07,4.37,,,,Primera División,,20251101_Aldosivi_Ind.-Rivadavia,-125.52060435284693,1.75,1.3,8,4,17,8,46.3,53.7,3,0,0,0,10,3
2025-11-01,Barracas Central,Argentinos Jrs,2,0,3.29,2.91,2.37,,,,Primera División,,20251101_Barracas-Central_Argentinos-Jrs,-42.3995511244641,0.76,1.41,3,5,6,11,44.6,55.4,1,2,0,0,5,4
2025-11-01,Independiente,Atl. Tucuman,3,0,1.8,3.29,4.68,,,,Primera División,,20251101_Independiente_Atl.-Tucuman,66.05079432325715,2.13,0.4,7,0,15,0,59.4,40.6,0,0,0,0,4,2
2025-11-01,Instituto,Rosario Central,1,3,3.27,2.94,2.36,,,,Primera División,,20251101_Instituto_Rosario-Central,-158.65482831675354,1.02,1.65,2,4,6,10,49.2,50.8,1,2,0,0,3,2
2025-11-01,Newells Old Boys,Union de Santa Fe,0,1,3.74,2.82,2.24,,,,Primera División,,20251101_Newells-Old-Boys_Union-de-Santa-Fe,-49.06103248921886,0.94,1.63,2,4,4,7,47.9,52.1,0,2,0,0,8,6
2025-11-01,Velez Sarsfield,Talleres Cordoba,0,1,2.09,3.0,3.87,,,,Primera División,,20251101_Velez-Sarsfield_Talleres-Cordoba,77.17981359262149,0.72,0.08,2,1,4,1,44.4,55.6,1,3,0,1,6,2
2025-11-02,Estudiantes L.P.,Boca Juniors,1,2,2.27,2.9,3.53,,,,Primera División,,20251102_Estudiantes-L.P._Boca-Juniors,-61.47846322090345,0.14,1.31,3,3,6,6,58.1,41.9,0,0,0,0,2,1
2025-11-02,Godoy Cruz,San Martin S.J.,0,0,2.26,2.71,3.89,,,,Primera División,,20251102_Godoy-Cruz_San-Martin-S.J.,30.729339324315106,1.09,0.65,3,2,8,4,63.2,36.8,1,0,0,0,8,6
2025-11-02,River Plate,Gimnasia L.P.,0,1,1.29,4.97,10.86,,,,Primera División,,20251102_River-Plate_Gimnasia-L.P.,183.41099406536432,0.87,0.91,1,2,2,2,57.4,42.6,1,2,0,0,5,4
2025-11-03,Central Cordoba,Racing Club,0,0,2.5,2.95,3.02,,,,Primera División,,20251103_Central-Cordoba_Racing-Club,-57.23655404509395,0.05,0.14,2,1,3,1,48.7,51.3,2,1,0,0,4,4
2025-11-03,Defensa y Justicia,Huracan,1,3,2.47,2.9,3.13,,,,Primera División,,20251103_Defensa-y-Justicia_Huracan,-33.3927853209193,1.77,1.49,6,5,13,11,48.9,51.1,3,2,0,1,5,3
2025-11-03,Platense,Sarmiento Junin,1,1,1.7,3.25,5.7,,,,Primera División,,20251103_Platense_Sarmiento-Junin,75.31920761531251,0.52,1.22,3,4,7,11,54.7,45.3,0,3,0,0,4,2
2025-11-04,Banfield,Lanus,2,1,2.46,2.81,3.24,,,,Primera División,,20251104_Banfield_Lanus,-128.8500819239896,0.9,1.48,4,4,9,7,48.1,51.9,0,1,0,0,4,8
2025-11-04,Belgrano,Tigre,0,0,2.1,3.01,3.82,,,,Primera División,,20251104_Belgrano_Tigre,-7.922802776472963,1.05,1.01,3,3,7,6,53.0,47.0,0,2,0,0,5,3
2025-11-08,Huracan,Newells Old Boys,0,2,1.81,3.1,5.1,,,,Primera División,,20251108_Huracan_Newells-Old-Boys,116.66495485119026,1.1,0.7,4,2,9,5,52.9,47.1,1,2,0,0,6,5
2025-11-08,Racing Club,Defensa y Justicia,1,0,1.75,3.33,5.06,,,,Primera División,,20251108_Racing-Club_Defensa-y-Justicia,59.45186345255456,0.76,0.78,3,3,3,6,56.8,43.2,2,2,0,0,5,6
2025-11-08,Rosario Central,San Lorenzo,0,0,1.93,2.87,4.93,,,,Primera División,,20251108_Rosario-Central_San-Lorenzo,95.57388907293785,0.05,0.44,0,2,0,3,55.3,44.7,0,3,0,0,3,1
2025-11-08,Talleres Cordoba,Platense,1,0,1.79,2.97,5.77,,,,Primera División,,20251108_Talleres-Cordoba_Platense,-6.346782037762523,1.03,0.88,3,4,5,9,44.3,55.7,1,2,0,0,4,4
2025-11-09,Banfield,Aldosivi,0,1,1.91,3.01,4.69,,,,Primera División,,20251109_Banfield_Aldosivi,78.89059741870892,1.03,1.28,5,3,11,3,48.3,51.7,0,2,0,0,7,5
2025-11-09,Boca Juniors,River Plate,2,0,2.48,2.81,3.24,,,,Primera División,,20251109_Boca-Juniors_River-Plate,6.428353554162186,1.53,1.26,6,3,13,6,50.8,49.2,0,3,0,0,2,5
2025-11-09,San Martin S.J.,Lanus,1,1,2.9,2.77,2.74,,,,Primera División,,20251109_San-Martin-S.J._Lanus,-118.752775693383,0.22,0.86,1,3,4,6,47.6,52.4,1,2,0,0,0,6
2025-11-09,Sarmiento Junin,Instituto,2,1,2.99,2.73,2.73,,,,Primera División,,20251109_Sarmiento-Junin_Instituto,-25.347989289782618,1.62,1.61,5,4,9,8,46.0,54.0,0,2,0,0,9,11
2025-11-09,Union de Santa Fe,Barracas Central,0,0,1.87,3.11,4.74,,,,Primera División,,20251109_Union-de-Santa-Fe_Barracas-Central,-16.309563386554146,0.05,0.5,2,1,4,3,47.6,52.4,4,2,0,0,1,4
2025-11-10,Atl. Tucuman,Godoy Cruz,2,1,2.35,2.89,3.34,,,,Primera División,,20251110_Atl.-Tucuman_Godoy-Cruz,-26.492208378056148,1.74,1.12,5,4,10,9,50.6,49.4,4,2,1,0,4,7
2025-11-10,Dep. Riestra,Independiente,0,1,2.91,2.59,2.94,,,,Primera División,,20251110_Dep.-Riestra_Independiente,35.89016158904724,0.94,1.97,2,6,4,13,55.5,44.5,0,2,0,0,4,5
2025-11-10,Gimnasia L.P.,Velez Sarsfield,2,0,3.56,2.88,2.22,,,,Primera División,,20251110_Gimnasia-L.P._Velez-Sarsfield,-110.03349032412302,1.24,1.59,3,6,9,13,44.6,55.4,0,2,0,0,8,4
2025-11-10,Tigre,Estudiantes L.P.,1,0,3.58,2.77,2.33,,,,Primera División,,20251110_Tigre_Estudiantes-L.P.,-9.962617006328628,1.28,0.44,4,0,10,1,49.9,50.1,1,2,0,0,9,0
2025-11-11,Argentinos Jrs,Belgrano,1,0,1.73,3.35,5.23,,,,Primera División,,20251111_Argentinos-Jrs_Belgrano,35.76449053157012,2.08,1.23,6,4,13,8,52.8,47.2,0,2,0,0,8,5
2025-11-11,Ind. Rivadavia,Central Cordoba,0,0,2.6,2.91,2.93,,,,Primera División,,20251111_Ind.-Rivadavia_Central-Cordoba,-20.948407425138612,1.46,0.71,6,3,14,6,46.4,53.6,1,0,0,0,3,9
2025-11-14,Lanus,Atl. Tucuman,3,1,1.73,3.39,5.08,,,,Primera División,,20251114_Lanus_Atl.-Tucuman,99.7706160640655,1.2,1.09,4,5,9,12,49.7,50.3,6,3,0,0,5,7
2025-11-15,Aldosivi,San Martin S.J.,4,2,2.24,2.87,3.63,,,,Primera División,,20251115_Aldosivi_San-Martin-S.J.,-45.74412436114403,1.46,0.86,4,4,12,8,49.0,51.0,1,2,0,0,5,2
2025-11-15,Godoy Cruz,Dep. Riestra,1,1,1.77,3.22,5.11,,,,Primera División,,20251115_Godoy-Cruz_Dep.-Riestra,-94.61833148851292,0.1,0.55,2,3,5,7,50.5,49.5,0,1,0,0,9,4
2025-11-15,San Lorenzo,Sarmiento Junin,1,1,1.88,2.93,5.09,,,,Primera División,,20251115_San-Lorenzo_Sarmiento-Junin,92.51887062898072,0.69,1.75,3,6,9,14,51.4,48.6,2,0,0,0,8,7
2025-11-16,Boca Juniors,Tigre,2,0,1.47,3.77,8.26,,,,Primera División,,20251116_Boca-Juniors_Tigre,90.67206951132675,0.87,0.83,2,1,5,3,53.2,46.8,2,0,0,0,5,3
2025-11-16,Central Cordoba,Banfield,1,1,2.56,2.85,3.04,,,,Primera División,,20251116_Central-Cordoba_Banfield,49.222531764205314,0.72,1.05,1,4,1,8,51.9,48.1,1,2,0,0,3,5
2025-11-16,Estudiantes L.P.,Argentinos Jrs,1,2,2.19,2.88,3.74,,,,Primera División,,20251116_Estudiantes-L.P._Argentinos-Jrs,-41.539348978288444,0.45,1.62,1,7,1,16,47.4,52.6,0,2,0,0,5,9
2025-11-16,Independiente,Rosario Central,1,0,2.01,2.97,4.25,,,,Primera División,,20251116_Independiente_Rosario-Central,-91.96518338688657,1.54,0.34,5,1,10,1,42.0,58.0,6,1,0,0,5,1
2025-11-16,Instituto,Talleres Cordoba,0,0,2.95,2.76,2.71,,,,Primera División,,20251116_Instituto_Talleres-Cordoba,-63.59469538573944,0.96,0.68,4,3,7,6,42.4,57.6,1,2,0,0,2,2
2025-11-16,Newells Old Boys,Racing Club,0,1,3.71,3.2,2.05,,,,Primera División,,20251116_Newells-Old-Boys_Racing-Club,-115.105512386182,1.0,1.31,5,3,11,6,41.5,58.5,1,2,0,0,13,5
2025-11-16,Velez Sarsfield,River Plate,0,0,3.23,2.99,2.34,,,,Primera División,,20251116_Velez-Sarsfield_River-Plate,-41.66719836314314,0.99,0.05,5,0,13,0,44.0,56.0,2,2,0,0,2,3
2025-11-17,Barracas Central,Huracan,1,1,3.03,2.67,2.75,,,,Primera División,,20251117_Barracas-Central_Huracan,-15.339375617157657,1.09,1.34,3,6,7,14,56.9,43.1,4,2,0,0,5,1
2025-11-17,Belgrano,Union de Santa Fe,0,0,2.11,2.99,3.87,,,,Primera División,,20251117_Belgrano_Union-de-Santa-Fe,-15.301761676724482,0.56,1.11,0,2,2,4,52.9,47.1,3,4,0,0,6,2
2025-11-17,Defensa y Justicia,Ind. Rivadavia,0,2,1.8,3.33,4.65,,,,Primera División,,20251117_Defensa-y-Justicia_Ind.-Rivadavia,4.125648381989095,0.5,0.92,0,2,1,3,62.9,37.1,2,0,1,0,4,4
2025-11-17,Platense,Gimnasia L.P.,0,3,2.65,2.73,3.12,,,,Primera División,,20251117_Platense_Gimnasia-L.P.,40.548407042246936,1.53,1.21,5,5,10,14,51.2,48.8,1,1,0,0,5,5
2025-11-22,Velez Sarsfield,Argentinos Jrs,0,2,2.82,2.83,2.76,3.01,2.88,2.83,Primera División,,20251122_Velez-Sarsfield_Argentinos-Jrs,-16.933244578359563,1.17,0.99,3,4,6,10,50.7,49.3,3,2,0,0,7,7
2025-11-23,Boca Juniors,Talleres Cordoba,2,0,1.65,3.36,6.1,1.68,3.4,6.78,Primera División,,20251123_Boca-Juniors_Talleres-Cordoba,102.79830931818651,1.21,1.66,5,8,12,16,55.8,44.2,3,2,0,0,3,7
2025-11-23,Central Cordoba,San Lorenzo,2,1,2.97,2.52,2.97,3.17,2.6,3.0,Primera División,,20251123_Central-Cordoba_San-Lorenzo,-45.3357545491549,1.07,0.75,4,2,10,7,46.0,54.0,4,2,1,0,5,6
2025-11-23,Rosario Central,Estudiantes L.P.,0,1,2.29,2.86,3.54,2.42,2.84,3.72,Primera División,,20251123_Rosario-Central_Estudiantes-L.P.,127.63438971021105,1.34,1.24,3,5,9,9,52.5,47.5,5,2,0,0,6,5
2025-11-24,Dep. Riestra,Barracas Central,0,0,2.12,2.82,4.1,2.17,2.87,4.45,Primera División,,20251124_Dep.-Riestra_Barracas-Central,31.179852049287547,0.82,1.41,2,3,4,7,52.9,47.1,1,3,0,0,5,4
2025-11-24,Racing Club,River Plate,3,2,2.7,2.97,2.76,2.85,3.01,2.86,Primera División,,20251124_Racing-Club_River-Plate,-5.545843064109022,0.76,1.34,3,4,7,8,52.2,47.8,0,2,0,0,3,3
2025-11-25,Union de Santa Fe,Gimnasia L.P.,1,2,1.76,3.26,5.11,1.79,3.44,5.34,Primera División,,20251125_Union-de-Santa-Fe_Gimnasia-L.P.,30.547184001344476,0.27,1.59,1,5,3,8,50.7,49.3,1,2,0,0,5,5
2025-11-27,Lanus,Tigre,0,1,1.97,2.97,4.44,2.0,3.05,4.83,Primera División,,20251127_Lanus_Tigre,56.96548846456358,1.39,0.51,3,2,7,5,52.4,47.6,0,3,0,0,5,2
2025-11-30,Boca Juniors,Argentinos Jrs,1,0,1.99,3.04,4.22,2.01,3.13,4.59,Primera División,,20251130_Boca-Juniors_Argentinos-Jrs,59.35750739506534,1.9,1.1,5,3,12,6,58.3,41.7,4,3,0,0,8,5
2025-11-30,Central Cordoba,Estudiantes L.P.,0,1,3.05,2.78,2.62,3.2,2.81,2.74,Primera División,,20251130_Central-Cordoba_Estudiantes-L.P.,2.4841197698108317,0.52,0.39,2,1,4,4,51.6,48.4,3,1,0,0,0,8
2025-12-01,Barracas Central,Gimnasia L.P.,0,2,2.63,2.74,3.08,2.79,2.82,3.13,Primera División,,20251201_Barracas-Central_Gimnasia-L.P.,34.81025149624929,0.4,1.09,1,4,0,8,49.8,50.2,3,3,0,0,2,6
2025-12-02,Racing Club,Tigre,0,0,1.69,3.3,5.73,1.75,3.33,6.11,Primera División,,20251202_Racing-Club_Tigre,60.888569299363326,0.83,0.45,2,2,7,5,48.1,51.9,3,0,0,0,6,4
2025-12-07,Boca Juniors,Racing Club,0,1,1.9,3.19,4.35,1.93,3.26,4.77,Primera División,,20251207_Boca-Juniors_Racing-Club,54.30935180829556,0.65,0.9,2,3,4,4,49.5,50.5,2,1,0,0,6,6
2025-12-08,Gimnasia L.P.,Estudiantes L.P.,0,1,3.55,2.75,2.36,3.6,2.78,2.53,Primera División,,20251208_Gimnasia-L.P._Estudiantes-L.P.,-23.020139951163173,0.52,0.86,2,3,2,8,43.5,56.5,2,3,0,0,2,8
2025-12-14,Racing Club,Estudiantes L.P.,1,1,2.86,2.66,2.9,3.03,2.71,3.0,Primera División,,20251214_Racing-Club_Estudiantes-L.P.,63.46545175702704,0.27,1.44,1,5,2,9,52.4,47.6,0,1,0,0,6,1
2026-01-22,Aldosivi,Defensa y Justicia,0,0,2.63,2.73,3.05,,,,Primera División,,20260122_Aldosivi_Defensa-y-Justicia,-57.664512259874755,0.52,0.33,2,3,5,8,53.2,46.8,0,1,0,0,6,10
2026-01-22,Banfield,Huracan,1,1,2.43,2.71,3.42,,,,Primera División,,20260122_Banfield_Huracan,-80.80185904400582,0.45,0.83,1,2,2,6,46.8,53.2,3,0,0,0,3,1
2026-01-22,Union de Santa Fe,Platense,0,0,1.97,2.81,4.75,,,,Primera División,,20260122_Union-de-Santa-Fe_Platense,3.7347613774263664,0.12,0.85,1,4,1,8,50.2,49.8,2,3,0,0,0,4
2026-01-23,Central Cordoba,Gimnasia Mendoza,0,1,2.34,2.78,3.44,,,,Primera División,,20260123_Central-Cordoba_Gimnasia-Mendoza,-2.4418388803110247,0.52,1.39,1,6,3,12,47.1,52.9,4,0,0,0,2,10
2026-01-23,Independiente,Estudiantes L.P.,1,1,2.44,2.75,3.3,,,,Primera División,,20260123_Independiente_Estudiantes-L.P.,24.197604082807402,1.37,0.43,4,2,9,3,47.0,53.0,3,3,0,0,4,1
2026-01-23,Instituto,Velez Sarsfield,0,1,2.72,2.73,2.91,,,,Primera División,,20260123_Instituto_Velez-Sarsfield,-71.47605683530242,0.94,1.49,2,4,4,8,41.9,58.1,1,4,0,0,2,8
2026-01-23,San Lorenzo,Lanus,2,3,2.71,2.59,3.11,,,,Primera División,,20260123_San-Lorenzo_Lanus,-22.449345919085772,1.69,1.29,6,3,12,6,50.4,49.6,3,1,0,0,8,5
2026-01-24,Barracas Central,River Plate,0,1,5.08,3.27,1.75,,,,Primera División,,20260124_Barracas-Central_River-Plate,-58.66188882867391,1.37,1.65,4,3,10,9,51.4,48.6,2,2,0,0,8,8
2026-01-24,Gimnasia L.P.,Racing Club,2,1,3.62,3.02,2.14,,,,Primera División,,20260124_Gimnasia-L.P._Racing-Club,-106.72978041494457,1.55,1.46,4,5,10,11,42.1,57.9,1,3,0,0,2,2
2026-01-24,Ind. Rivadavia,Atl. Tucuman,2,1,1.74,3.25,5.16,,,,Primera División,,20260124_Ind.-Rivadavia_Atl.-Tucuman,43.212136304501655,2.31,0.59,8,3,19,6,55.0,45.0,2,2,1,0,6,4
2026-01-24,Talleres Cordoba,Newells Old Boys,2,1,1.82,3.17,4.78,,,,Primera División,,20260124_Talleres-Cordoba_Newells-Old-Boys,65.98507547946747,1.73,1.15,6,3,14,6,51.1,48.9,1,2,0,0,10,3
2026-01-25,Boca Juniors,Dep. Riestra,1,0,1.6,3.35,6.65,,,,Primera División,,20260125_Boca-Juniors_Dep.-Riestra,73.63597752213855,1.0,0.74,4,3,10,7,60.7,39.3,4,0,0,0,6,2
2026-01-25,Rosario Central,Belgrano,1,2,1.89,3.1,4.54,,,,Primera División,,20260125_Rosario-Central_Belgrano,116.07727713395093,1.13,0.05,3,2,6,3,47.7,52.3,1,2,0,0,3,2
2026-01-26,Argentinos Jrs,Sarmiento Junin,1,0,1.38,4.1,9.31,,,,Primera División,,20260126_Argentinos-Jrs_Sarmiento-Junin,99.9212888285681,1.02,0.49,3,0,6,1,50.4,49.6,3,0,0,1,1,3
2026-01-26,Platense,Instituto,2,1,2.43,2.61,3.57,,,,Primera División,,20260126_Platense_Instituto,39.63120170797447,1.4,0.57,5,3,12,7,50.5,49.5,1,2,0,0,5,5
2026-01-26,Tigre,Estudiantes Rio Cuarto,2,0,1.94,2.95,4.58,,,,Primera División,,20260126_Tigre_Estudiantes-Rio-Cuarto,23.33143899477227,0.15,0.99,2,1,4,5,59.2,40.8,3,2,0,0,1,2
2026-01-27,Gimnasia Mendoza,San Lorenzo,0,1,3.63,2.67,2.35,,,,Primera División,,20260127_Gimnasia-Mendoza_San-Lorenzo,-4.724316052123868,0.05,0.2,0,1,0,3,52.4,47.6,1,1,0,0,3,5
2026-01-27,Huracan,Ind. Rivadavia,1,2,2.06,2.76,4.4,,,,Primera División,,20260127_Huracan_Ind.-Rivadavia,27.372033701836926,0.05,0.87,1,2,1,5,53.4,46.6,0,4,0,0,1,2
2026-01-27,Velez Sarsfield,Talleres Cordoba,2,1,2.26,2.77,3.69,,,,Primera División,,20260127_Velez-Sarsfield_Talleres-Cordoba,20.59307641016744,2.12,0.7,7,3,13,5,56.2,43.8,2,2,0,0,3,2
2026-01-28,Aldosivi,Barracas Central,0,0,2.18,2.69,4.1,,,,Primera División,,20260128_Aldosivi_Barracas-Central,-80.08135431560709,1.52,1.2,5,2,10,5,48.3,51.7,2,0,0,0,3,2
2026-01-28,Atl. Tucuman,Central Cordoba,0,0,2.1,3.07,3.67,,,,Primera División,,20260128_Atl.-Tucuman_Central-Cordoba,-48.95464810860517,0.91,0.56,3,3,7,6,49.3,50.7,1,3,0,0,4,3
2026-01-28,Newells Old Boys,Independiente,1,1,3.45,2.81,2.33,,,,Primera División,,20260128_Newells-Old-Boys_Independiente,-127.21708815657485,0.89,1.51,2,5,5,10,43.9,56.1,2,0,0,0,7,7
2026-01-28,Racing Club,Rosario Central,1,2,2.12,3.02,3.71,,,,Primera División,,20260128_Racing-Club_Rosario-Central,-10.312875230788904,0.23,1.29,1,4,2,6,44.4,55.6,2,1,0,0,3,1
2026-01-28,River Plate,Gimnasia L.P.,2,0,1.53,3.7,6.54,,,,Primera División,,20260128_River-Plate_Gimnasia-L.P.,72.69997189672995,1.02,0.99,3,2,5,5,49.0,51.0,3,0,0,0,2,3
2026-01-29,Belgrano,Tigre,1,1,1.93,2.96,4.61,,,,Primera División,,20260129_Belgrano_Tigre,-32.38384398518474,0.71,0.57,1,1,3,4,57.6,42.4,0,3,0,0,6,6
2026-01-29,Dep. Riestra,Defensa y Justicia,0,1,2.1,2.82,4.11,,,,Primera División,,20260129_Dep.-Riestra_Defensa-y-Justicia,69.09288660920947,0.05,1.29,1,5,3,11,51.0,49.0,3,2,1,0,2,5
2026-01-29,Estudiantes L.P.,Boca Juniors,2,1,2.96,2.71,2.73,,,,Primera División,,20260129_Estudiantes-L.P._Boca-Juniors,-96.54525247822471,1.0,1.08,5,4,9,9,43.2,56.8,0,2,0,0,3,7
2026-01-29,Lanus,Union de Santa Fe,2,1,2.05,2.88,4.17,,,,Primera División,,20260129_Lanus_Union-de-Santa-Fe,74.20004433011081,0.65,1.68,2,6,5,13,48.8,51.2,1,2,0,0,6,6
2026-01-30,Estudiantes Rio Cuarto,Argentinos Jrs,0,0,5.5,3.12,1.74,,,,Primera División,,20260130_Estudiantes-Rio-Cuarto_Argentinos-Jrs,-74.90551099521622,0.96,0.42,2,0,4,0,50.8,49.2,2,2,0,0,4,3
2026-01-30,Sarmiento Junin,Banfield,1,0,3.46,2.78,2.35,,,,Primera División,,20260130_Sarmiento-Junin_Banfield,-6.476601842448417,0.86,0.6,4,0,8,0,52.1,47.9,1,2,0,0,7,1
2026-01-31,Independiente,Velez Sarsfield,1,1,2.13,2.95,3.79,,,,Primera División,,20260131_Independiente_Velez-Sarsfield,5.645885619187538,0.44,1.91,1,6,4,12,48.6,51.4,1,2,0,0,6,3
2026-01-31,San Lorenzo,Central Cordoba,1,0,1.78,3.01,5.7,,,,Primera División,,20260131_San-Lorenzo_Central-Cordoba,44.51405150254186,2.22,0.84,9,3,19,5,54.1,45.9,0,1,0,1,5,3
2026-02-01,Atl. Tucuman,Huracan,1,1,2.59,2.76,3.09,,,,Primera División,,20260201_Atl.-Tucuman_Huracan,-76.99130082405645,0.72,1.99,4,6,10,13,43.6,56.4,3,1,1,0,3,4
2026-02-01,Barracas Central,Dep. Riestra,1,1,3.0,2.55,2.87,,,,Primera División,,20260201_Barracas-Central_Dep.-Riestra,-31.091432748507714,1.19,0.93,3,3,6,5,47.8,52.2,3,2,0,0,5,5
2026-02-01,Boca Juniors,Newells Old Boys,2,0,1.45,3.9,8.23,,,,Primera División,,20260201_Boca-Juniors_Newells-Old-Boys,181.77471068721115,0.92,0.56,2,1,2,1,55.4,44.6,1,2,0,0,1,2
2026-02-01,Talleres Cordoba,Platense,1,2,1.94,2.93,4.72,,,,Primera División,,20260201_Talleres-Cordoba_Platense,8.456217865537837,0.65,0.75,2,2,4,4,50.3,49.7,1,2,0,0,1,3
2026-02-02,Defensa y Justicia,Estudiantes L.P.,0,0,3.38,2.85,2.35,,,,Primera División,,20260202_Defensa-y-Justicia_Estudiantes-L.P.,-66.06771853368218,0.77,0.05,3,1,6,3,49.9,50.1,1,0,0,0,6,4
2026-02-02,Gimnasia L.P.,Aldosivi,3,1,2.03,2.85,4.36,,,,Primera División,,20260202_Gimnasia-L.P._Aldosivi,73.7861260956463,1.33,1.15,6,4,13,7,57.2,42.8,1,0,0,0,10,3
2026-02-02,Rosario Central,River Plate,0,0,2.69,2.9,2.82,,,,Primera División,,20260202_Rosario-Central_River-Plate,15.31239423792158,0.88,0.64,3,3,6,7,47.9,52.1,3,1,0,0,6,2
2026-02-02,Tigre,Racing Club,3,1,3.68,2.86,2.22,,,,Primera División,,20260202_Tigre_Racing-Club,-31.11917723247916,1.34,1.54,5,4,11,5,46.3,53.7,2,0,0,0,4,4
2026-02-03,Argentinos Jrs,Belgrano,0,0,1.66,3.4,5.73,,,,Primera División,,20260203_Argentinos-Jrs_Belgrano,57.9041143925881,0.31,0.32,0,2,2,2,50.9,49.1,0,1,0,0,0,3
2026-02-03,Banfield,Estudiantes Rio Cuarto,2,1,1.88,2.99,4.73,,,,Primera División,,20260203_Banfield_Estudiantes-Rio-Cuarto,-50.592526348788624,0.3,0.06,2,1,3,3,45.7,54.3,2,1,0,0,5,5
2026-02-03,Union de Santa Fe,Gimnasia Mendoza,4,0,1.74,3.22,5.37,,,,Primera División,,20260203_Union-de-Santa-Fe_Gimnasia-Mendoza,-22.21362180002552,2.49,0.69,6,1,12,2,49.8,50.2,1,1,0,0,6,0
2026-02-04,Ind. Rivadavia,Sarmiento Junin,2,1,1.74,3.22,5.36,,,,Primera División,,20260204_Ind.-Rivadavia_Sarmiento-Junin,55.14311030644558,2.11,1.67,6,4,14,10,54.8,45.2,2,1,0,0,9,6
2026-02-04,Instituto,Lanus,2,2,2.84,2.84,2.69,,,,Primera División,,20260204_Instituto_Lanus,-137.42060803445202,0.25,1.26,4,2,10,6,37.6,62.4,1,2,0,0,10,2
2026-02-07,Aldosivi,Rosario Central,1,1,4.27,2.9,2.02,,,,Primera División,,20260207_Aldosivi_Rosario-Central,-189.80921279464997,1.92,2.2,4,8,7,17,35.4,64.6,2,0,0,0,3,4
2026-02-07,Central Cordoba,Union de Santa Fe,1,0,3.44,2.79,2.34,,,,Primera División,,20260207_Central-Cordoba_Union-de-Santa-Fe,-17.139522143754675,1.37,0.33,5,0,11,0,53.0,47.0,3,1,0,0,4,2
2026-02-07,Racing Club,Argentinos Jrs,2,1,2.76,2.89,2.73,,,,Primera División,,20260207_Racing-Club_Argentinos-Jrs,-7.721963474380118,1.43,0.3,4,1,12,3,46.7,53.3,2,0,0,0,9,3
2026-02-07,River Plate,Tigre,1,4,1.6,3.54,6.08,,,,Primera División,,20260207_River-Plate_Tigre,36.864055122542595,0.59,2.02,1,6,1,11,53.8,46.2,0,3,0,0,0,10
2026-02-08,Belgrano,Banfield,1,0,1.81,3.26,4.69,,,,Primera División,,20260208_Belgrano_Banfield,50.74480682841204,0.77,1.17,4,4,6,7,54.3,45.7,2,2,0,0,4,5
2026-02-08,Huracan,San Lorenzo,1,0,2.49,2.58,3.5,,,,Primera División,,20260208_Huracan_San-Lorenzo,-26.205327743623684,1.69,0.96,6,3,14,6,53.4,46.6,1,0,0,0,7,4
2026-02-08,Newells Old Boys,Defensa y Justicia,2,3,2.16,2.89,3.76,,,,Primera División,,20260208_Newells-Old-Boys_Defensa-y-Justicia,-58.15722332041969,2.09,0.48,8,3,17,8,50.2,49.8,1,0,0,0,5,3
2026-02-08,Platense,Independiente,0,1,2.76,2.71,2.93,,,,Primera División,,20260208_Platense_Independiente,-44.78732948711536,0.9,0.61,3,1,6,0,49.2,50.8,2,3,0,1,3,6
2026-02-08,Sarmiento Junin,Atl. Tucuman,2,1,2.71,2.82,2.85,,,,Primera División,,20260208_Sarmiento-Junin_Atl.-Tucuman,7.635294165626874,1.79,1.44,6,5,14,11,57.7,42.3,4,0,0,0,11,3
2026-02-09,Barracas Central,Gimnasia L.P.,2,0,2.72,2.8,2.85,,,,Primera División,,20260209_Barracas-Central_Gimnasia-L.P.,-7.558821226183454,1.62,1.29,4,3,11,9,49.0,51.0,2,0,0,0,4,6
2026-02-09,Estudiantes L.P.,Dep. Riestra,1,0,1.88,2.88,5.11,,,,Primera División,,20260209_Estudiantes-L.P._Dep.-Riestra,24.501879158350675,1.31,0.05,4,0,11,2,55.3,44.7,1,3,0,0,5,1
2026-02-09,Gimnasia Mendoza,Instituto,1,0,3.07,2.74,2.59,,,,Primera División,,20260209_Gimnasia-Mendoza_Instituto,49.20362995683672,1.04,0.05,4,1,6,1,53.4,46.6,0,1,0,0,5,3
2026-02-09,Lanus,Talleres Cordoba,1,1,1.99,3.01,4.17,,,,Primera División,,20260209_Lanus_Talleres-Cordoba,75.83761678112432,0.98,0.42,3,2,5,5,62.2,37.8,1,3,0,0,3,3
2026-02-09,Velez Sarsfield,Boca Juniors,2,1,3.21,2.77,2.49,,,,Primera División,,20260209_Velez-Sarsfield_Boca-Juniors,-74.66171148789681,0.77,1.35,2,6,5,14,46.6,53.4,2,1,0,0,2,5
2026-02-10,Estudiantes Rio Cuarto,Ind. Rivadavia,0,1,3.73,2.76,2.24,,,,Primera División,,20260210_Estudiantes-Rio-Cuarto_Ind.-Rivadavia,-46.36773232219048,0.89,0.98,3,4,7,11,47.5,52.5,3,2,0,0,3,4
2026-02-12,Tigre,Aldosivi,1,0,1.72,3.13,5.79,,,,Primera División,,20260212_Tigre_Aldosivi,145.9852666839281,0.97,0.23,3,0,7,0,55.8,44.2,3,2,0,0,7,1
2026-02-13,Argentinos Jrs,River Plate,1,0,2.24,2.94,3.45,,,,Primera División,,20260213_Argentinos-Jrs_River-Plate,-23.165001442382618,1.27,0.2,4,0,10,1,47.7,52.3,1,2,0,1,11,0
2026-02-13,Independiente,Lanus,2,0,2.08,2.9,3.98,,,,Primera División,,20260213_Independiente_Lanus,-1.8823568011619045,1.38,0.51,4,3,8,4,51.2,48.8,4,1,0,0,5,4
2026-02-14,Banfield,Racing Club,0,2,4.2,3.2,1.9,,,,Primera División,,20260214_Banfield_Racing-Club,-119.49006688345389,0.71,1.29,1,4,4,9,52.5,47.5,4,2,0,0,6,4
2026-02-14,Defensa y Justicia,Velez Sarsfield,1,1,3.47,2.86,2.29,,,,Primera División,,20260214_Defensa-y-Justicia_Velez-Sarsfield,-65.96185845944842,1.31,0.34,5,1,11,3,44.6,55.4,1,5,0,0,5,4
2026-02-14,Huracan,Sarmiento Junin,1,0,1.77,3.08,5.41,,,,Primera División,,20260214_Huracan_Sarmiento-Junin,65.29007281522149,0.92,1.66,1,6,0,13,52.5,47.5,2,3,0,0,3,9
2026-02-14,Talleres Cordoba,Gimnasia Mendoza,2,1,1.71,3.23,5.79,,,,Primera División,,20260214_Talleres-Cordoba_Gimnasia-Mendoza,-4.380751595237371,1.62,0.05,5,2,11,5,45.7,54.3,5,1,0,0,9,2
2026-02-14,Union de Santa Fe,San Lorenzo,0,0,2.14,2.64,4.41,,,,Primera División,,20260214_Union-de-Santa-Fe_San-Lorenzo,-48.004433877466454,0.35,0.25,2,1,5,2,44.3,55.7,1,0,0,0,5,2
2026-02-15,Atl. Tucuman,Estudiantes Rio Cuarto,4,0,1.87,3.13,4.59,,,,Primera División,,20260215_Atl.-Tucuman_Estudiantes-Rio-Cuarto,-37.9615594215345,1.01,0.92,4,2,10,4,47.4,52.6,3,1,0,0,5,7
2026-02-15,Boca Juniors,Platense,0,0,1.61,3.36,6.38,,,,Primera División,,20260215_Boca-Juniors_Platense,110.11498793867008,0.53,0.15,2,2,5,5,58.0,42.0,2,2,0,0,7,4
2026-02-15,Gimnasia L.P.,Estudiantes L.P.,0,0,3.1,2.75,2.58,,,,Primera División,,20260215_Gimnasia-L.P._Estudiantes-L.P.,-69.308651855579,0.55,0.65,3,2,7,6,49.2,50.8,1,1,0,0,3,5
2026-02-15,Ind. Rivadavia,Belgrano,0,1,2.33,2.83,3.41,,,,Primera División,,20260215_Ind.-Rivadavia_Belgrano,18.893400051372737,1.32,0.89,5,3,14,7,47.2,52.8,2,4,0,0,4,4
2026-02-16,Dep. Riestra,Newells Old Boys,1,1,2.28,2.69,3.75,,,,Primera División,,20260216_Dep.-Riestra_Newells-Old-Boys,94.06822956686824,1.4,0.75,5,2,11,4,48.7,51.3,1,1,0,0,9,1
2026-02-16,Instituto,Central Cordoba,2,0,1.87,3.06,4.69,,,,Primera División,,20260216_Instituto_Central-Cordoba,-58.28619730395644,0.9,1.1,4,3,12,6,55.2,44.8,3,0,0,0,6,4
2026-02-16,Rosario Central,Barracas Central,2,0,1.53,3.52,7.32,,,,Primera División,,20260216_Rosario-Central_Barracas-Central,86.36953278346346,0.97,0.05,3,0,9,0,50.8,49.2,2,3,0,0,3,2
2026-02-20,Boca Juniors,Racing Club,0,0,2.23,2.92,3.51,,,,Primera División,,20260220_Boca-Juniors_Racing-Club,31.01181947449072,0.83,1.31,3,4,7,10,42.9,57.1,0,4,0,0,2,6
2026-02-20,Defensa y Justicia,Belgrano,1,1,2.99,2.86,2.56,,,,Primera División,,20260220_Defensa-y-Justicia_Belgrano,-30.99789369882251,0.58,1.49,2,4,4,8,47.9,52.1,1,0,0,0,2,5
2026-02-20,Estudiantes L.P.,Sarmiento Junin,1,0,1.59,3.29,6.96,,,,Primera División,,20260220_Estudiantes-L.P._Sarmiento-Junin,104.65857780767533,0.55,0.05,1,1,2,2,55.2,44.8,1,1,0,0,2,3
2026-02-20,Instituto,Atl. Tucuman,2,1,1.98,3.11,4.02,,,,Primera División,,20260220_Instituto_Atl.-Tucuman,-0.7620740244112767,1.6,0.91,4,4,7,10,56.5,43.5,1,0,0,0,6,5
2026-02-21,Banfield,Newells Old Boys,3,0,2.33,2.88,3.34,,,,Primera División,,20260221_Banfield_Newells-Old-Boys,16.309813752129457,1.83,0.89,6,5,13,10,56.7,43.3,1,1,0,0,8,7
2026-02-21,Dep. Riestra,Huracan,0,0,2.71,2.51,3.22,,,,Primera División,,20260221_Dep.-Riestra_Huracan,-27.79520921061271,0.05,1.17,0,4,0,8,43.7,56.3,2,1,0,0,0,5
2026-02-21,Gimnasia Mendoza,Gimnasia L.P.,0,1,2.59,2.8,3.0,,,,Primera División,,20260221_Gimnasia-Mendoza_Gimnasia-L.P.,-5.186472293214138,1.06,1.17,5,5,13,11,48.3,51.7,0,1,0,0,12,4
2026-02-21,Ind. Rivadavia,Independiente,3,2,2.58,2.8,3.03,,,,Primera División,,20260221_Ind.-Rivadavia_Independiente,-52.36592392391822,0.92,1.67,3,4,8,9,49.6,50.4,3,2,0,0,5,6
2026-02-21,Platense,Barracas Central,1,0,1.84,2.97,5.1,,,,Primera División,,20260221_Platense_Barracas-Central,3.8287647570639365,1.45,0.1,4,2,9,5,49.0,51.0,1,2,0,0,3,4
2026-02-21,Rosario Central,Talleres Cordoba,0,1,1.82,3.2,4.72,,,,Primera División,,20260221_Rosario-Central_Talleres-Cordoba,95.31169266010784,0.67,1.33,2,4,5,7,58.1,41.9,0,0,0,0,7,7
2026-02-22,Central Cordoba,Tigre,0,0,3.38,2.69,2.45,,,,Primera División,,20260222_Central-Cordoba_Tigre,-94.89808701251627,0.34,1.42,2,5,5,10,40.3,59.7,2,2,0,0,2,5
2026-02-22,San Lorenzo,Estudiantes Rio Cuarto,2,0,1.62,3.25,6.75,,,,Primera División,,20260222_San-Lorenzo_Estudiantes-Rio-Cuarto,70.49342712142538,1.87,1.1,5,4,10,10,51.6,48.4,0,1,0,0,6,9
2026-02-22,Velez Sarsfield,River Plate,1,0,2.83,2.89,2.65,,,,Primera División,,20260222_Velez-Sarsfield_River-Plate,1.332756982612409,0.35,0.05,1,0,1,1,48.2,51.8,1,4,0,0,1,1
2026-02-23,Union de Santa Fe,Aldosivi,1,0,1.57,3.56,6.39,,,,Primera División,,20260223_Union-de-Santa-Fe_Aldosivi,73.15575030387527,0.87,1.06,2,4,5,9,52.1,47.9,0,3,0,0,4,5
2026-02-24,Central Cordoba,Talleres Cordoba,2,0,3.53,2.73,2.32,,,,Primera División,,20260224_Central-Cordoba_Talleres-Cordoba,-45.31937900063008,0.77,1.5,3,4,6,10,54.6,45.4,2,1,0,0,4,8
2026-02-24,Platense,Defensa y Justicia,0,0,2.02,2.86,4.28,,,,Primera División,,20260224_Platense_Defensa-y-Justicia,13.658602154653863,0.17,0.67,0,2,0,4,53.4,46.6,1,2,0,0,3,4
2026-02-24,San Lorenzo,Instituto,1,1,2.47,2.72,3.28,,,,Primera División,,20260224_San-Lorenzo_Instituto,80.17694608835768,0.83,0.75,3,3,7,6,51.6,48.4,3,0,0,0,1,5
2026-02-25,Barracas Central,Tigre,2,1,3.16,2.71,2.55,,,,Primera División,,20260225_Barracas-Central_Tigre,-79.47280310838323,0.38,1.4,2,5,6,11,49.7,50.3,1,1,0,1,8,6
2026-02-25,Belgrano,Atl. Tucuman,3,1,1.74,3.33,4.93,,,,Primera División,,20260225_Belgrano_Atl.-Tucuman,96.55628641519502,0.64,0.71,3,3,7,6,43.4,56.6,1,1,0,0,3,5
2026-02-25,Gimnasia L.P.,Rosario Central,1,2,3.3,2.67,2.49,,,,Primera División,,20260225_Gimnasia-L.P._Rosario-Central,-83.01440394787573,1.42,0.73,4,3,6,7,45.5,54.5,2,5,0,0,5,2
2026-02-25,Gimnasia Mendoza,Independiente,1,1,3.74,2.81,2.2,,,,Primera División,,20260225_Gimnasia-Mendoza_Independiente,-86.6595831216016,1.81,0.22,7,1,16,2,40.7,59.3,1,1,0,0,6,1
2026-02-25,Newells Old Boys,Estudiantes L.P.,0,2,3.6,2.77,2.27,,,,Primera División,,20260225_Newells-Old-Boys_Estudiantes-L.P.,-155.27374835277942,0.52,1.6,3,7,5,15,42.1,57.9,1,0,0,0,1,5
2026-02-25,Velez Sarsfield,Dep. Riestra,0,0,1.92,2.8,5.06,,,,Primera División,,20260225_Velez-Sarsfield_Dep.-Riestra,61.987211867536416,0.57,1.72,2,7,4,13,48.9,51.1,2,4,0,0,4,6
2026-02-26,Estudiantes Rio Cuarto,Huracan,2,0,3.94,2.61,2.28,,,,Primera División,,20260226_Estudiantes-Rio-Cuarto_Huracan,-90.15369685588962,2.38,0.4,5,2,11,3,46.2,53.8,1,3,0,0,6,3
2026-02-26,Racing Club,Ind. Rivadavia,1,1,1.81,3.27,4.53,,,,Primera División,,20260226_Racing-Club_Ind.-Rivadavia,37.285906503746446,1.08,1.82,3,6,4,13,55.0,45.0,4,4,0,0,2,8
2026-02-26,River Plate,Banfield,3,1,1.6,3.6,5.79,,,,Primera División,,20260226_River-Plate_Banfield,97.68206643512167,1.46,0.33,5,2,12,5,52.3,47.7,2,1,0,0,4,6
2026-02-26,Sarmiento Junin,Union de Santa Fe,1,3,3.31,2.81,2.36,,,,Primera División,,20260226_Sarmiento-Junin_Union-de-Santa-Fe,-47.1035797548991,1.37,1.67,6,7,13,15,45.2,54.8,3,1,0,0,5,11
2026-02-28,Boca Juniors,Gimnasia Mendoza,1,1,1.47,3.66,8.02,,,,Primera División,,20260228_Boca-Juniors_Gimnasia-Mendoza,125.11244888871624,1.12,0.48,4,3,8,6,54.5,45.5,0,3,0,0,6,5
2026-02-28,Independiente,Central Cordoba,2,0,1.6,3.29,6.72,,,,Primera División,,20260228_Independiente_Central-Cordoba,68.53544738353526,0.86,0.5,2,3,4,6,51.4,48.6,3,3,0,0,5,3
2026-03-01,Argentinos Jrs,Barracas Central,1,1,1.37,4.09,9.5,,,,Primera División,,20260301_Argentinos-Jrs_Barracas-Central,60.69929084281125,0.58,1.11,1,3,3,6,47.6,52.4,0,3,0,0,3,4
2026-03-01,Instituto,Union de Santa Fe,1,2,2.53,2.83,3.03,,,,Primera División,,20260301_Instituto_Union-de-Santa-Fe,-43.0413803939075,1.28,1.08,4,3,10,8,47.9,52.1,2,2,0,0,4,6
2026-03-01,Newells Old Boys,Rosario Central,0,2,4.7,3.18,1.82,,,,Primera División,,20260301_Newells-Old-Boys_Rosario-Central,-193.1886328790813,1.75,0.39,4,2,8,7,49.1,50.9,4,0,0,0,7,3
2026-03-01,Talleres Cordoba,San Lorenzo,0,0,2.13,2.75,4.07,,,,Primera División,,20260301_Talleres-Cordoba_San-Lorenzo,-24.22346928537513,0.19,0.8,1,4,3,9,42.4,57.6,1,1,0,0,6,3
2026-03-02,Defensa y Justicia,Lanus,1,1,2.15,2.99,3.58,,,,Primera División,,20260302_Defensa-y-Justicia_Lanus,-53.166416141280706,1.66,1.79,7,5,16,12,47.9,52.1,1,3,0,1,6,6
2026-03-02,Dep. Riestra,Platense,0,0,2.6,2.51,3.39,,,,Primera División,,20260302_Dep.-Riestra_Platense,-0.7102613278730132,1.0,0.96,6,3,13,7,50.5,49.5,1,2,0,0,7,5
2026-03-02,Estudiantes L.P.,Velez Sarsfield,0,1,2.19,2.79,3.85,,,,Primera División,,20260302_Estudiantes-L.P._Velez-Sarsfield,2.253215011480279,0.97,1.93,2,5,4,11,51.1,48.9,2,0,0,0,8,4
2026-03-02,Tigre,Gimnasia L.P.,2,2,1.99,2.98,4.19,,,,Primera División,,20260302_Tigre_Gimnasia-L.P.,55.79607971646897,0.55,1.34,2,4,4,9,53.9,46.1,3,0,0,0,6,5
2026-03-03,Banfield,Aldosivi,2,0,2.05,3.0,3.93,,,,Primera División,,20260303_Banfield_Aldosivi,41.91006253221394,1.93,1.21,5,3,11,7,48.3,51.7,1,0,0,0,5,6
2026-03-03,Huracan,Belgrano,3,1,2.9,2.64,2.81,,,,Primera División,,20260303_Huracan_Belgrano,-16.418822354208487,0.79,1.01,5,4,11,10,48.7,51.3,1,1,1,0,5,6
2026-03-03,Ind. Rivadavia,River Plate,1,1,2.99,3.04,2.42,,,,Primera División,,20260303_Ind.-Rivadavia_River-Plate,-17.219529934212915,0.35,0.82,2,1,5,1,44.8,55.2,3,3,0,0,2,4
2026-03-03,Sarmiento Junin,Estudiantes Rio Cuarto,1,0,1.87,3.03,4.65,,,,Primera División,,20260303_Sarmiento-Junin_Estudiantes-Rio-Cuarto,-27.64014656012887,1.52,1.83,5,6,11,10,44.9,55.1,0,0,0,0,3,6
2026-03-04,Atl. Tucuman,Racing Club,0,3,3.06,2.86,2.5,,,,Primera División,,20260304_Atl.-Tucuman_Racing-Club,-149.76010944058862,0.3,1.57,0,4,0,7,43.9,56.1,0,2,0,0,0,9
2026-03-05,Lanus,Boca Juniors,0,3,2.91,2.85,2.63,,,,Primera División,,20260305_Lanus_Boca-Juniors,-47.51645563584543,0.75,1.79,3,6,8,13,41.3,58.7,2,1,0,0,3,4
2026-03-10,Independiente,Union de Santa Fe,4,4,2.01,3.17,3.79,,,,Primera División,,20260310_Independiente_Union-de-Santa-Fe,56.94105869785426,2.72,0.49,8,4,18,11,51.4,48.6,4,3,0,0,3,8
2026-03-10,Tigre,Velez Sarsfield,1,1,2.26,2.78,3.57,,,,Primera División,,20260310_Tigre_Velez-Sarsfield,-33.34642366218941,0.31,0.9,1,3,2,6,50.9,49.1,8,2,0,0,2,3
2026-03-11,Argentinos Jrs,Rosario Central,0,0,1.98,2.96,4.24,,,,Primera División,,20260311_Argentinos-Jrs_Rosario-Central,-42.983084144828126,1.42,1.27,5,4,9,9,50.5,49.5,1,0,0,0,5,7
2026-03-11,Banfield,Gimnasia L.P.,1,2,2.26,2.96,3.36,,,,Primera División,,20260311_Banfield_Gimnasia-L.P.,-45.71390352053663,0.42,1.85,1,6,4,13,52.4,47.6,3,2,0,0,1,13
2026-03-11,Boca Juniors,San Lorenzo,1,1,1.71,3.16,5.78,,,,Primera División,,20260311_Boca-Juniors_San-Lorenzo,77.48412501442021,0.05,1.34,1,4,0,8,59.2,40.8,2,3,0,0,2,4
2026-03-11,Newells Old Boys,Platense,1,1,3.18,2.8,2.46,,,,Primera División,,20260311_Newells-Old-Boys_Platense,-115.83108776142035,0.13,1.18,1,4,1,7,48.5,51.5,2,1,0,0,4,4
2026-03-11,Sarmiento Junin,Racing Club,0,0,3.49,2.98,2.19,,,,Primera División,,20260311_Sarmiento-Junin_Racing-Club,-134.0013281313486,0.33,0.28,2,3,4,5,44.5,55.5,1,2,0,0,3,7
2026-03-12,Atl. Tucuman,Aldosivi,1,1,2.07,2.98,3.89,,,,Primera División,,20260312_Atl.-Tucuman_Aldosivi,28.191107376159152,0.51,1.45,1,3,2,7,49.0,51.0,2,3,0,0,0,4
2026-03-12,Defensa y Justicia,Central Cordoba,1,1,1.89,3.1,4.4,,,,Primera División,,20260312_Defensa-y-Justicia_Central-Cordoba,21.334199966017422,0.83,0.79,1,3,4,5,53.7,46.3,1,0,0,0,5,4
2026-03-12,Dep. Riestra,Gimnasia Mendoza,0,0,2.04,2.67,4.68,,,,Primera División,,20260312_Dep.-Riestra_Gimnasia-Mendoza,29.99422980221516,1.4,0.84,5,2,11,4,49.0,51.0,1,0,0,0,8,2
2026-03-12,Estudiantes Rio Cuarto,Belgrano,0,1,3.31,2.77,2.41,,,,Primera División,,20260312_Estudiantes-Rio-Cuarto_Belgrano,-76.86701279514023,0.68,0.69,1,2,0,6,45.5,54.5,3,0,0,0,3,4
2026-03-12,Ind. Rivadavia,Barracas Central,1,2,1.45,3.88,7.78,,,,Primera División,,20260312_Ind.-Rivadavia_Barracas-Central,36.32418087955625,1.29,0.78,4,2,10,3,50.1,49.9,1,3,0,0,9,5
2026-03-12,Talleres Cordoba,Instituto,2,0,2.19,2.85,3.69,,,,Primera División,,20260312_Talleres-Cordoba_Instituto,61.867571487110354,1.14,0.37,4,2,8,4,59.8,40.2,5,1,0,0,3,5
2026-03-13,Huracan,River Plate,1,2,3.22,2.8,2.39,,,,Primera División,,20260313_Huracan_River-Plate,-21.46442712926637,1.02,0.87,3,4,7,7,47.8,52.2,2,3,1,0,2,4
2026-03-14,Platense,Velez Sarsfield,0,2,2.81,2.7,2.81,,,,Primera División,,20260314_Platense_Velez-Sarsfield,-71.85276862146816,0.88,1.54,2,4,3,11,47.5,52.5,1,0,0,0,7,8
2026-03-15,Belgrano,Talleres Cordoba,0,0,2.34,2.8,3.38,,,,Primera División,,20260315_Belgrano_Talleres-Cordoba,14.881832834030547,0.24,1.77,0,5,0,11,55.6,44.4,1,2,0,0,4,4
2026-03-15,Gimnasia L.P.,Ind. Rivadavia,2,3,2.83,2.98,2.54,,,,Primera División,,20260315_Gimnasia-L.P._Ind.-Rivadavia,-18.527948514171612,0.98,1.56,2,5,5,12,47.7,52.3,2,0,0,0,3,6
2026-03-15,River Plate,Sarmiento Junin,2,0,1.44,3.82,8.14,,,,Primera División,,20260315_River-Plate_Sarmiento-Junin,115.62875227348422,1.49,0.96,6,3,12,9,58.1,41.9,1,3,0,0,4,6
2026-03-15,Rosario Central,Banfield,2,1,1.59,3.55,5.94,,,,Primera División,,20260315_Rosario-Central_Banfield,160.08251207171816,1.83,0.65,6,2,14,3,57.1,42.9,2,2,0,0,3,6
2026-03-16,Aldosivi,Huracan,0,0,3.16,2.65,2.59,,,,Primera División,,20260316_Aldosivi_Huracan,-133.28646942734304,1.09,0.51,3,1,7,3,40.7,59.3,3,0,0,0,7,6
2026-03-16,Barracas Central,Atl. Tucuman,2,1,2.77,2.83,2.74,,,,Primera División,,20260316_Barracas-Central_Atl.-Tucuman,100.65732682428188,1.46,0.59,4,3,8,7,56.8,43.2,1,1,0,1,5,2
2026-03-16,Racing Club,Estudiantes Rio Cuarto,2,0,1.39,4.06,8.75,,,,Primera División,,20260316_Racing-Club_Estudiantes-Rio-Cuarto,137.24243890513526,1.25,0.05,2,0,4,0,55.5,44.5,4,1,0,0,3,0
2026-03-16,San Lorenzo,Defensa y Justicia,2,5,2.16,2.78,3.87,,,,Primera División,,20260316_San-Lorenzo_Defensa-y-Justicia,33.29217367474189,1.44,1.78,5,5,12,9,51.3,48.7,1,1,0,0,8,7
2026-03-16,Tigre,Argentinos Jrs,1,1,2.75,2.7,2.9,,,,Primera División,,20260316_Tigre_Argentinos-Jrs,-10.786648118687935,0.63,1.32,3,3,7,8,48.0,52.0,1,0,0,0,4,6
2026-03-16,Union de Santa Fe,Boca Juniors,1,1,2.84,2.68,2.81,,,,Primera División,,20260316_Union-de-Santa-Fe_Boca-Juniors,-93.2393125071153,0.41,0.33,1,1,2,0,42.0,58.0,1,1,0,0,3,2
2026-03-17,Instituto,Independiente,2,1,2.68,2.91,2.75,,,,Primera División,,20260317_Instituto_Independiente,-128.96058173164897,0.55,0.78,2,1,6,0,37.8,62.2,4,1,1,0,6,2
2026-03-17,Lanus,Newells Old Boys,5,0,1.64,3.42,5.64,,,,Primera División,,20260317_Lanus_Newells-Old-Boys,140.25660354680303,1.56,1.08,5,3,11,4,57.5,42.5,1,0,0,0,13,1
2026-03-18,Central Cordoba,Dep. Riestra,1,0,3.03,2.53,2.82,,,,Primera División,,20260318_Central-Cordoba_Dep.-Riestra,-29.77262227558367,0.4,1.15,1,3,3,7,43.2,56.8,0,3,0,0,1,4
2026-03-18,Gimnasia Mendoza,Estudiantes L.P.,1,2,3.92,2.82,2.12,,,,Primera División,,20260318_Gimnasia-Mendoza_Estudiantes-L.P.,-76.86184215360777,1.32,0.88,3,2,6,3,48.2,51.8,0,0,0,0,3,0
2026-03-21,Atl. Tucuman,Gimnasia L.P.,1,0,2.01,3.13,3.8,,,,Primera División,,20260321_Atl.-Tucuman_Gimnasia-L.P.,-89.2103323263027,0.44,1.31,1,5,4,12,44.5,55.5,3,3,0,0,5,6
2026-03-21,Banfield,Tigre,1,0,2.97,2.71,2.68,,,,Primera División,,20260321_Banfield_Tigre,-116.4709405825281,0.57,0.08,1,1,2,4,46.9,53.1,3,2,0,0,1,4
2026-03-21,Defensa y Justicia,Union de Santa Fe,2,0,2.85,2.92,2.58,,,,Primera División,,20260321_Defensa-y-Justicia_Union-de-Santa-Fe,-2.2704405916740598,0.05,1.42,2,6,5,13,54.8,45.2,1,1,0,0,4,9
2026-03-21,Independiente,Talleres Cordoba,1,2,1.91,3.1,4.25,,,,Primera División,,20260321_Independiente_Talleres-Cordoba,30.548115401612677,0.82,1.3,1,4,1,9,49.3,50.7,1,1,0,0,4,8
2026-03-21,Newells Old Boys,Gimnasia Mendoza,1,0,2.43,2.75,3.27,,,,Primera División,,20260321_Newells-Old-Boys_Gimnasia-Mendoza,-80.36531482566352,0.83,0.82,1,2,1,9,44.3,55.7,1,2,0,0,1,4
2026-03-21,Velez Sarsfield,Lanus,0,1,2.21,2.93,3.5,,,,Primera División,,20260321_Velez-Sarsfield_Lanus,41.86006725753987,0.05,1.24,1,5,2,10,55.7,44.3,0,0,0,0,1,7
2026-03-22,Belgrano,Racing Club,1,2,2.81,2.95,2.6,,,,Primera División,,20260322_Belgrano_Racing-Club,-49.605815325858885,1.07,0.98,3,3,5,4,39.9,60.1,1,1,0,0,4,3
2026-03-22,Boca Juniors,Instituto,2,0,1.6,3.42,6.13,,,,Primera División,,20260322_Boca-Juniors_Instituto,149.75185235902745,0.73,1.47,3,5,6,11,60.3,39.7,0,1,0,0,7,5
2026-03-22,Estudiantes Rio Cuarto,River Plate,0,2,7.73,3.56,1.5,,,,Primera División,,20260322_Estudiantes-Rio-Cuarto_River-Plate,-143.33253260317997,1.44,1.37,3,5,7,10,51.5,48.5,0,2,0,0,4,1
2026-03-22,Sarmiento Junin,Aldosivi,2,0,2.34,2.73,3.48,,,,Primera División,,20260322_Sarmiento-Junin_Aldosivi,49.10353714834491,1.39,1.35,4,4,11,8,52.0,48.0,1,1,0,0,4,4
2026-03-23,Argentinos Jrs,Platense,1,0,1.76,3.08,5.37,,,,Primera División,,20260323_Argentinos-Jrs_Platense,60.77007632463528,0.83,0.98,2,2,4,5,52.7,47.3,0,1,0,0,6,3
2026-03-23,Estudiantes L.P.,Central Cordoba,5,0,1.48,3.6,7.71,,,,Primera División,,20260323_Estudiantes-L.P._Central-Cordoba,75.06899312878045,2.16,1.1,7,3,15,7,51.8,48.2,1,2,0,0,9,2
2026-03-23,Ind. Rivadavia,Rosario Central,2,0,2.64,2.85,2.86,,,,Primera División,,20260323_Ind.-Rivadavia_Rosario-Central,-70.45130652383841,1.56,1.88,5,5,10,12,45.9,54.1,3,1,0,0,6,3
2026-03-24,Huracan,Barracas Central,0,0,1.84,2.97,5.02,,,,Primera División,,20260324_Huracan_Barracas-Central,-6.626645758366294,0.06,1.55,0,4,0,9,52.1,47.9,5,2,0,0,0,2
2026-03-25,Dep. Riestra,San Lorenzo,1,1,2.41,2.65,3.51,,,,Primera División,,20260325_Dep.-Riestra_San-Lorenzo,-23.261322310431297,0.54,1.3,2,5,5,11,50.6,49.4,2,3,0,0,5,7
2026-03-27,Argentinos Jrs,Lanus,2,1,2.02,2.88,4.21,,,,Primera División,,20260327_Argentinos-Jrs_Lanus,8.154598431004388,0.49,1.6,2,6,5,15,45.7,54.3,2,1,0,0,6,6
2026-03-31,Aldosivi,Argentinos Jrs,0,2,4.8,3.1,1.82,,,,Primera División,,20260331_Aldosivi_Argentinos-Jrs,-198.87396557819693,1.05,0.64,2,2,5,5,36.1,63.9,2,1,0,0,0,2
2026-04-02,Barracas Central,Sarmiento Junin,1,2,2.36,2.74,3.42,,,,Primera División,,20260402_Barracas-Central_Sarmiento-Junin,71.48497944741757,1.38,1.37,4,3,7,5,55.3,44.7,2,3,1,0,5,2
2026-04-02,Lanus,Platense,0,0,2.11,2.87,3.86,,,,Primera División,,20260402_Lanus_Platense,60.74151954971785,0.42,1.14,2,3,4,6,48.8,51.2,1,0,0,0,1,4
2026-04-02,Tigre,Ind. Rivadavia,0,2,2.15,2.99,3.58,,,,Primera División,,20260402_Tigre_Ind.-Rivadavia,-17.102531893482364,0.05,0.05,0,2,1,3,48.8,51.2,3,1,0,0,1,2
2026-04-03,Gimnasia Mendoza,Velez Sarsfield,3,2,3.91,2.87,2.1,,,,Primera División,,20260403_Gimnasia-Mendoza_Velez-Sarsfield,-117.84530462602606,0.96,0.96,3,2,4,5,49.0,51.0,0,4,0,0,6,6
2026-04-03,San Lorenzo,Estudiantes L.P.,1,0,3.32,2.73,2.41,,,,Primera División,,20260403_San-Lorenzo_Estudiantes-L.P.,-58.33568549973779,1.59,0.27,5,2,12,4,43.2,56.8,3,2,0,0,6,1
2026-04-03,Talleres Cordoba,Boca Juniors,0,1,2.43,2.86,3.11,,,,Primera División,,20260403_Talleres-Cordoba_Boca-Juniors,-77.933444806745,0.75,1.38,4,5,8,10,47.8,52.2,4,2,1,0,5,7
2026-04-03,Union de Santa Fe,Dep. Riestra,2,0,1.83,3.07,4.79,,,,Primera División,,20260403_Union-de-Santa-Fe_Dep.-Riestra,5.651681707622856,1.59,1.38,3,5,6,12,48.7,51.3,2,4,1,0,2,3
2026-04-04,Aldosivi,Estudiantes Rio Cuarto,0,0,2.19,2.72,3.92,,,,Primera División,,20260404_Aldosivi_Estudiantes-Rio-Cuarto,-46.492107776939065,0.9,0.55,4,1,8,3,57.0,43.0,2,2,0,0,7,2
2026-04-04,Independiente,Racing Club,1,0,2.38,2.88,3.17,,,,Primera División,,20260404_Independiente_Racing-Club,-56.26276829702283,0.05,1.49,1,5,2,11,48.0,52.0,3,1,0,0,3,14
2026-04-05,Gimnasia L.P.,Huracan,0,3,2.79,2.73,2.82,,,,Primera División,,20260405_Gimnasia-L.P._Huracan,-37.29949653155222,1.02,1.7,4,6,8,13,46.7,53.3,1,2,0,0,8,5
2026-04-05,River Plate,Belgrano,3,0,1.69,3.39,5.2,,,,Primera División,,20260405_River-Plate_Belgrano,58.32278666637467,2.46,0.4,8,1,17,0,51.8,48.2,2,4,0,0,14,3
2026-04-05,Rosario Central,Atl. Tucuman,2,1,1.67,3.39,5.32,,,,Primera División,,20260405_Rosario-Central_Atl.-Tucuman,171.49520264041598,1.47,1.33,4,4,10,8,54.2,45.8,1,1,0,0,5,5
2026-04-06,Argentinos Jrs,Banfield,3,2,1.61,3.55,5.77,,,,Primera División,,20260406_Argentinos-Jrs_Banfield,138.06930281711425,2.36,0.28,7,2,18,6,53.1,46.9,2,1,0,0,10,4
2026-04-06,Central Cordoba,Newells Old Boys,1,3,2.34,2.82,3.35,,,,Primera División,,20260406_Central-Cordoba_Newells-Old-Boys,76.75962004654139,1.27,0.22,3,3,5,7,49.1,50.9,3,1,0,0,4,5
2026-04-07,Instituto,Defensa y Justicia,2,0,1.95,3.1,4.08,,,,Primera División,,20260407_Instituto_Defensa-y-Justicia,-79.73688307329667,1.93,0.34,6,2,12,4,46.0,54.0,0,3,0,0,8,7
2026-04-11,Belgrano,Aldosivi,1,0,1.46,3.72,8.04,,,,Primera División,,20260411_Belgrano_Aldosivi,134.5261379832964,0.1,0.49,1,2,4,4,47.1,52.9,2,1,0,0,6,0
2026-04-11,Boca Juniors,Independiente,1,1,2.35,2.85,3.28,,,,Primera División,,20260411_Boca-Juniors_Independiente,68.91618896317277,0.65,1.32,3,5,9,11,57.2,42.8,0,1,0,0,4,8
2026-04-11,Dep. Riestra,Instituto,0,1,2.72,2.66,2.95,,,,Primera División,,20260411_Dep.-Riestra_Instituto,25.687332904311234,0.05,1.4,1,2,4,4,53.2,46.8,0,2,0,0,3,1
2026-04-11,Estudiantes L.P.,Union de Santa Fe,2,1,2.44,2.75,3.25,,,,Primera División,,20260411_Estudiantes-L.P._Union-de-Santa-Fe,48.539952017629275,2.92,0.72,7,3,14,5,54.2,45.8,0,3,0,1,4,4
2026-04-11,Ind. Rivadavia,Argentinos Jrs,3,1,2.88,2.82,2.64,,,,Primera División,,20260411_Ind.-Rivadavia_Argentinos-Jrs,-32.31053839723063,1.76,0.36,6,1,14,3,50.2,49.8,3,3,0,0,5,1
2026-04-12,Atl. Tucuman,Tigre,0,0,2.37,2.89,3.24,,,,Primera División,,20260412_Atl.-Tucuman_Tigre,-107.8477141124697,2.12,0.85,8,2,20,5,54.6,45.4,2,4,0,0,5,3
2026-04-12,Estudiantes Rio Cuarto,Barracas Central,1,2,2.28,2.71,3.65,,,,Primera División,,20260412_Estudiantes-Rio-Cuarto_Barracas-Central,-87.6828999665297,1.23,2.15,4,7,7,17,40.9,59.1,3,1,1,0,6,5
2026-04-12,Huracan,Rosario Central,3,1,2.33,2.78,3.42,,,,Primera División,,20260412_Huracan_Rosario-Central,-70.8143513761895,1.48,0.44,3,1,6,0,49.1,50.9,0,2,0,0,4,0
2026-04-12,Newells Old Boys,San Lorenzo,0,0,2.47,2.85,3.11,,,,Primera División,,20260412_Newells-Old-Boys_San-Lorenzo,-111.77380855312208,0.47,0.66,1,0,2,1,51.8,48.2,1,1,0,0,2,2
2026-04-12,Platense,Gimnasia Mendoza,1,1,2.3,2.76,3.58,,,,Primera División,,20260412_Platense_Gimnasia-Mendoza,16.558811130212234,0.3,0.77,1,2,0,1,47.0,53.0,1,3,0,0,1,6
2026-04-13,Defensa y Justicia,Talleres Cordoba,1,2,2.91,2.73,2.7,,,,Primera División,,20260413_Defensa-y-Justicia_Talleres-Cordoba,-11.687484784046092,1.07,1.49,4,4,8,7,59.6,40.4,3,1,0,0,3,6
2026-04-13,Lanus,Banfield,1,0,1.86,3.08,4.63,,,,Primera División,,20260413_Lanus_Banfield,106.07394374829892,1.47,1.47,5,4,11,9,49.5,50.5,0,3,0,0,5,7
2026-04-13,Racing Club,River Plate,0,2,2.54,2.93,2.91,,,,Primera División,,20260413_Racing-Club_River-Plate,-12.0512734876379,0.14,1.05,0,5,0,9,49.9,50.1,2,4,0,0,3,6
2026-04-13,Sarmiento Junin,Gimnasia L.P.,1,2,2.63,2.76,2.95,,,,Primera División,,20260413_Sarmiento-Junin_Gimnasia-L.P.,-2.8651430127033564,1.85,1.35,6,4,11,8,46.3,53.7,0,4,0,1,7,3
2026-04-14,Velez Sarsfield,Central Cordoba,1,0,1.35,4.29,9.73,,,,Primera División,,20260414_Velez-Sarsfield_Central-Cordoba,90.68436186959138,0.99,0.61,2,1,3,2,56.0,44.0,0,0,0,0,3,3
2026-04-18,Gimnasia L.P.,Estudiantes Rio Cuarto,1,0,1.79,3.14,4.92,,,,Primera División,,20260418_Gimnasia-L.P._Estudiantes-Rio-Cuarto,68.86783292811265,0.26,0.05,1,0,3,1,53.3,46.7,1,1,0,0,3,1
2026-04-18,Independiente,Defensa y Justicia,3,1,1.75,3.23,5.06,,,,Primera División,,20260418_Independiente_Defensa-y-Justicia,53.35582539729967,1.7,1.16,5,5,11,11,51.5,48.5,4,0,0,0,3,6
2026-04-18,Instituto,Estudiantes L.P.,0,1,2.5,2.91,2.98,,,,Primera División,,20260418_Instituto_Estudiantes-L.P.,-100.9373134192515,0.83,0.23,3,2,8,5,43.4,56.6,0,1,0,0,7,3
2026-04-18,Union de Santa Fe,Newells Old Boys,2,3,1.59,3.59,5.84,,,,Primera División,,20260418_Union-de-Santa-Fe_Newells-Old-Boys,79.51035145075184,1.03,1.2,4,3,10,6,50.2,49.8,4,2,0,0,6,3
2026-04-19,Aldosivi,Racing Club,1,1,4.6,3.01,1.89,,,,Primera División,,20260419_Aldosivi_Racing-Club,-196.79504720780778,0.78,0.83,4,2,9,4,48.8,51.2,4,2,0,0,1,7
2026-04-19,Argentinos Jrs,Atl. Tucuman,1,0,1.59,3.59,5.78,,,,Primera División,,20260419_Argentinos-Jrs_Atl.-Tucuman,163.3578483615088,0.97,0.35,3,1,7,3,61.3,38.7,0,0,0,0,8,3
2026-04-19,River Plate,Boca Juniors,0,1,2.22,2.93,3.51,,,,Primera División,,20260419_River-Plate_Boca-Juniors,-14.521544052435502,0.05,0.78,1,1,4,3,48.8,51.2,2,0,0,0,2,1
2026-04-20,Banfield,Ind. Rivadavia,0,0,2.51,2.92,2.97,,,,Primera División,,20260420_Banfield_Ind.-Rivadavia,-142.25236657925097,0.43,1.2,0,4,0,9,45.5,54.5,1,2,0,0,4,5
2026-04-20,Barracas Central,Belgrano,0,0,3.6,2.83,2.24,,,,Primera División,,20260420_Barracas-Central_Belgrano,-2.0821206978926057,0.05,1.38,0,5,1,9,48.5,51.5,2,0,0,0,3,5
2026-04-20,Central Cordoba,Platense,4,3,3.55,2.76,2.29,,,,Primera División,,20260420_Central-Cordoba_Platense,-29.605506787621607,2.03,1.5,7,4,14,10,49.4,50.6,0,4,0,0,8,4
2026-04-20,Rosario Central,Sarmiento Junin,2,1,1.43,4.02,7.49,,,,Primera División,,20260420_Rosario-Central_Sarmiento-Junin,129.90080426344934,1.47,1.33,4,5,8,12,56.9,43.1,1,3,0,0,6,8
2026-04-20,San Lorenzo,Velez Sarsfield,0,0,3.01,2.81,2.56,,,,Primera División,,20260420_San-Lorenzo_Velez-Sarsfield,-39.12217694550395,0.85,0.71,2,3,3,5,50.7,49.3,0,1,0,0,2,1
2026-04-20,Talleres Cordoba,Dep. Riestra,2,0,1.65,3.23,6.18,,,,Primera División,,20260420_Talleres-Cordoba_Dep.-Riestra,60.80579220966774,1.42,1.36,5,4,12,7,52.8,47.2,2,2,0,0,3,8
2026-04-21,Gimnasia Mendoza,Lanus,1,0,3.13,2.68,2.6,,,,Primera División,,20260421_Gimnasia-Mendoza_Lanus,-81.02127689460258,1.14,0.44,4,1,9,2,50.2,49.8,2,0,0,0,4,0
2026-04-21,Tigre,Huracan,1,1,2.52,2.67,3.26,,,,Primera División,,20260421_Tigre_Huracan,-23.885679428407002,2.25,0.7,9,3,20,7,50.3,49.7,2,1,0,0,6,6
2026-04-24,Defensa y Justicia,Boca Juniors,0,4,3.03,2.85,2.49,,,,Primera División,,20260424_Defensa-y-Justicia_Boca-Juniors,-139.2431631962586,0.69,1.18,3,4,5,7,39.7,60.3,2,2,0,0,5,6
2026-04-24,Dep. Riestra,Independiente,2,0,3.69,2.81,2.2,,,,Primera División,,20260424_Dep.-Riestra_Independiente,-99.37370329813189,1.86,0.09,4,1,9,3,42.1,57.9,0,1,0,0,5,1
2026-04-24,Estudiantes Rio Cuarto,Rosario Central,1,2,4.08,3.02,1.98,,,,Primera División,,20260424_Estudiantes-Rio-Cuarto_Rosario-Central,-189.46484830827194,1.22,1.23,3,5,4,9,44.6,55.4,1,0,0,0,2,6
2026-04-24,Lanus,Central Cordoba,0,0,1.4,4.07,8.0,,,,Primera División,,20260424_Lanus_Central-Cordoba,67.44215015796703,1.25,0.87,5,2,12,6,61.3,38.7,0,0,0,0,7,8
2026-04-25,Estudiantes L.P.,Talleres Cordoba,0,0,2.15,2.94,3.65,,,,Primera División,,20260425_Estudiantes-L.P._Talleres-Cordoba,38.90298453887726,0.33,0.75,1,3,1,4,50.8,49.2,1,0,0,0,1,0
2026-04-25,Platense,San Lorenzo,0,1,2.37,2.74,3.38,,,,Primera División,,20260425_Platense_San-Lorenzo,-54.19652607702915,0.4,0.13,0,1,0,2,39.8,60.2,1,4,0,0,2,2
2026-04-25,Racing Club,Barracas Central,1,1,1.42,4.01,7.78,,,,Primera División,,20260425_Racing-Club_Barracas-Central,42.98099674018249,0.05,1.51,1,5,5,12,49.8,50.2,1,1,0,0,4,8
2026-04-25,Sarmiento Junin,Tigre,1,0,3.49,2.8,2.28,,,,Primera División,,20260425_Sarmiento-Junin_Tigre,-72.5608917639097,1.07,1.14,3,4,7,10,44.5,55.5,2,0,0,0,5,7
2026-04-26,Belgrano,Gimnasia L.P.,0,1,2.04,2.95,4.0,,,,Primera División,,20260426_Belgrano_Gimnasia-L.P.,29.24169274930682,1.0,1.43,3,3,8,8,55.9,44.1,1,4,0,0,7,5
2026-04-26,Ind. Rivadavia,Gimnasia Mendoza,5,1,1.84,3.03,4.86,,,,Primera División,,20260426_Ind.-Rivadavia_Gimnasia-Mendoza,80.90289914703817,2.09,0.67,7,3,15,8,53.3,46.7,0,1,0,0,11,3
2026-04-26,Newells Old Boys,Instituto,1,1,2.98,2.92,2.45,,,,Primera División,,20260426_Newells-Old-Boys_Instituto,-24.473753463147204,1.16,1.75,3,4,6,6,50.5,49.5,3,5,0,0,5,3
2026-04-26,River Plate,Aldosivi,3,1,1.24,4.82,14.44,,,,Primera División,,20260426_River-Plate_Aldosivi,214.36272845760868,1.49,0.46,3,1,7,2,54.7,45.3,0,4,0,0,4,3
2026-04-27,Atl. Tucuman,Banfield,1,1,2.17,2.95,3.51,,,,Primera División,,20260427_Atl.-Tucuman_Banfield,-26.41622736926206,0.52,1.27,2,5,5,11,45.6,54.4,1,3,0,0,3,4
2026-04-27,Velez Sarsfield,Union de Santa Fe,2,2,2.16,3.04,3.45,,,,Primera División,,20260427_Velez-Sarsfield_Union-de-Santa-Fe,77.27404247869413,1.36,0.83,3,4,6,11,54.9,45.1,0,3,0,0,4,8
2026-04-28,Huracan,Argentinos Jrs,1,2,2.84,2.65,2.84,,,,Primera División,,20260428_Huracan_Argentinos-Jrs,-46.407442245606944,0.29,1.56,2,5,5,12,46.3,53.7,4,1,0,0,6,4
2026-05-02,Barracas Central,Banfield,1,2,2.54,2.8,3.01,,,,Primera División,,20260502_Barracas-Central_Banfield,82.93635525526906,1.5,0.74,6,3,10,6,54.3,45.7,4,4,0,0,7,8
2026-05-02,Central Cordoba,Boca Juniors,1,2,4.97,3.17,1.76,,,,Primera División,,20260502_Central-Cordoba_Boca-Juniors,-159.93468712900426,1.43,1.11,3,4,8,7,43.4,56.6,1,3,0,0,8,6
2026-05-02,Lanus,Dep. Riestra,0,0,2.31,2.69,3.61,,,,Primera División,,20260502_Lanus_Dep.-Riestra,59.915448571915476,0.89,0.5,3,1,6,3,50.7,49.3,1,1,0,0,4,5
2026-05-02,San Lorenzo,Independiente,1,2,3.09,2.61,2.68,,,,Primera División,,20260502_San-Lorenzo_Independiente,-6.011579388251448,0.4,1.99,3,5,8,9,44.3,55.7,3,1,0,0,8,6
2026-05-02,Union de Santa Fe,Talleres Cordoba,1,1,2.02,3.11,3.78,,,,Primera División,,20260502_Union-de-Santa-Fe_Talleres-Cordoba,-52.325732990314236,2.0,0.34,6,1,13,3,40.3,59.7,2,1,0,0,8,2
2026-05-03,Aldosivi,Ind. Rivadavia,1,1,2.52,2.92,2.92,,,,Primera División,,20260503_Aldosivi_Ind.-Rivadavia,-208.567244487881,1.72,0.5,5,2,12,6,34.9,65.1,0,1,0,0,5,2
2026-05-03,Belgrano,Sarmiento Junin,4,0,1.83,3.09,4.74,,,,Primera División,,20260503_Belgrano_Sarmiento-Junin,45.79441855685809,1.9,1.0,7,4,16,10,47.8,52.2,1,3,0,0,4,9
2026-05-03,Gimnasia L.P.,Argentinos Jrs,2,0,3.38,2.98,2.22,,,,Primera División,,20260503_Gimnasia-L.P._Argentinos-Jrs,-94.57498598653774,1.67,1.04,7,4,16,8,44.7,55.3,2,1,0,0,7,4
2026-05-03,Platense,Estudiantes L.P.,0,2,2.82,2.72,2.76,,,,Primera División,,20260503_Platense_Estudiantes-L.P.,-114.67508065164702,1.26,1.22,6,3,15,7,43.2,56.8,3,1,0,0,7,3
2026-05-03,Racing Club,Huracan,0,0,1.94,2.97,4.39,,,,Primera División,,20260503_Racing-Club_Huracan,28.445489811307198,1.19,0.47,2,3,5,7,53.3,46.7,1,4,0,1,5,3
2026-05-03,River Plate,Atl. Tucuman,0,1,1.52,3.81,6.16,,,,Primera División,,20260503_River-Plate_Atl.-Tucuman,184.32014388779362,0.33,0.36,0,2,1,5,56.4,43.6,3,2,0,0,3,6
2026-05-03,Rosario Central,Tigre,1,1,2.97,2.79,2.58,,,,Primera División,,20260503_Rosario-Central_Tigre,93.26894225386309,0.64,0.95,2,5,4,11,52.3,47.7,0,2,0,1,3,10
2026-05-04,Gimnasia Mendoza,Defensa y Justicia,2,1,2.25,2.93,3.38,,,,Primera División,,20260504_Gimnasia-Mendoza_Defensa-y-Justicia,-1.463550252932464,1.29,0.59,4,2,8,5,42.6,57.4,0,0,0,0,5,1
2026-05-04,Velez Sarsfield,Newells Old Boys,1,1,1.82,3.31,4.34,,,,Primera División,,20260504_Velez-Sarsfield_Newells-Old-Boys,123.91623463587689,1.21,0.64,3,3,7,8,54.4,45.6,2,2,0,0,2,5
2026-05-05,Estudiantes Rio Cuarto,Instituto,0,2,3.43,2.89,2.25,,,,Primera División,,20260505_Estudiantes-Rio-Cuarto_Instituto,-67.51872177238647,0.6,0.44,3,2,6,3,46.3,53.7,1,1,0,0,3,1
2026-05-09,Boca Juniors,Huracan,1,1,1.75,3.09,5.4,,,,Primera División,,20260509_Boca-Juniors_Huracan,110.60276217284127,1.41,1.07,5,4,12,7,55.1,44.9,1,2,0,0,6,1
2026-05-09,Talleres Cordoba,Belgrano,0,1,2.41,2.76,3.28,,,,Primera División,,20260509_Talleres-Cordoba_Belgrano,26.2891791518407,0.05,0.4,0,2,1,1,53.4,46.6,0,2,0,0,3,2
2026-05-10,Argentinos Jrs,Lanus,2,0,2.01,2.99,4.02,,,,Primera División,,20260510_Argentinos-Jrs_Lanus,46.428003416487854,1.62,1.38,5,5,11,11,61.5,38.5,2,1,0,0,6,3
2026-05-10,Estudiantes L.P.,Racing Club,0,1,2.33,2.87,3.28,,,,Primera División,,20260510_Estudiantes-L.P._Racing-Club,31.321213563242964,1.29,0.82,3,2,6,4,47.0,53.0,0,3,0,0,4,3
2026-05-10,Ind. Rivadavia,Union de Santa Fe,1,2,2.12,3.08,3.5,,,,Primera División,,20260510_Ind.-Rivadavia_Union-de-Santa-Fe,78.29073071084099,0.71,0.57,1,3,1,5,56.4,43.6,3,4,0,0,3,6
2026-05-10,River Plate,San Lorenzo,1,1,1.52,3.52,7.18,,,,Primera División,,20260510_River-Plate_San-Lorenzo,48.75327889810342,1.12,0.18,4,1,8,4,52.7,47.3,4,3,0,0,9,2
2026-05-10,Rosario Central,Independiente,3,1,2.0,3.04,3.94,,,,Primera División,,20260510_Rosario-Central_Independiente,35.599655839122306,2.03,1.16,7,2,15,2,51.1,48.9,0,0,0,0,6,2
2026-05-11,Velez Sarsfield,Gimnasia L.P.,0,1,1.97,3.04,4.08,,,,Primera División,,20260511_Velez-Sarsfield_Gimnasia-L.P.,42.138173783464254,0.29,1.61,1,3,3,6,55.9,44.1,0,1,0,0,5,5
2026-05-12,Belgrano,Union de Santa Fe,2,0,2.47,2.89,3.01,,,,Primera División,,20260512_Belgrano_Union-de-Santa-Fe,20.696161778638498,1.19,2.02,2,6,5,13,52.6,47.4,2,0,0,0,1,8
2026-05-13,Argentinos Jrs,Huracan,0,0,1.84,2.95,5.01,,,,Primera División,,20260513_Argentinos-Jrs_Huracan,57.76207551194602,0.95,1.26,4,4,7,9,52.0,48.0,1,1,0,0,3,6
2026-05-13,Rosario Central,Racing Club,1,1,2.22,2.94,3.43,,,,Primera División,,20260513_Rosario-Central_Racing-Club,34.05134452728112,0.97,1.39,3,4,8,10,51.5,48.5,3,2,0,0,2,2
2026-05-14,River Plate,Gimnasia L.P.,2,0,1.53,3.65,6.56,,,,Primera División,,20260514_River-Plate_Gimnasia-L.P.,44.422938948209094,1.27,1.39,3,4,5,10,52.6,47.4,1,3,0,0,3,9
2026-05-16,River Plate,Rosario Central,1,0,2.1,2.9,3.81,,,,Primera División,,20260516_River-Plate_Rosario-Central,-17.244028539448664,1.11,0.24,2,1,5,2,50.5,49.5,2,3,0,0,4,4
2026-05-17,Argentinos Jrs,Belgrano,1,1,1.94,2.86,4.56,,,,Primera División,,20260517_Argentinos-Jrs_Belgrano,49.96969069254146,1.75,0.89,6,3,13,3,46.8,53.2,3,2,0,0,6,4
2026-05-24,River Plate,Belgrano,2,3,2.15,2.79,3.9,,,,Primera División,,20260524_River-Plate_Belgrano,56.56818516773296,0.93,1.35,2,3,4,7,48.9,51.1,0,0,0,0,1,6
2026-07-23,Belgrano,Rosario Central,2,1,2.52,2.82,3.02,,,,Primera División,,20260723_Belgrano_Rosario-Central,-34.68530302387944,0.32,0.71,2,2,4,4,46.0,54.0,1,1,0,0,3,2
2026-07-23,Sarmiento Junin,Argentinos Jrs,2,3,4.16,2.88,2.02,,,,Primera División,,20260723_Sarmiento-Junin_Argentinos-Jrs,-139.09713759626584,0.14,1.31,2,5,2,10,46.1,53.9,1,2,0,0,3,3
2026-07-24,Defensa y Justicia,Aldosivi,1,1,1.87,3.1,4.44,,,,Primera División,,20260724_Defensa-y-Justicia_Aldosivi,92.11985892893631,0.78,0.78,2,2,4,3,44.6,55.4,0,2,0,0,4,5
2026-07-24,Gimnasia Mendoza,Central Cordoba,1,0,1.9,3.08,4.39,,,,Primera División,,20260724_Gimnasia-Mendoza_Central-Cordoba,23.248960064307994,1.02,0.55,4,3,9,7,49.6,50.4,2,1,0,0,3,3
2026-07-24,Racing Club,Gimnasia L.P.,2,1,1.78,3.22,4.8,,,,Primera División,,20260724_Racing-Club_Gimnasia-L.P.,50.90828952307811,2.24,0.48,7,1,13,0,53.6,46.4,2,0,0,0,6,2
2026-07-24,Velez Sarsfield,Instituto,1,0,2.08,2.92,3.83,,,,Primera División,,20260724_Velez-Sarsfield_Instituto,73.8778449972549,1.14,1.23,5,4,12,8,52.5,47.5,1,2,0,0,9,5
2026-07-25,Estudiantes Rio Cuarto,Tigre,1,0,3.5,2.73,2.31,,,,Primera División,,20260725_Estudiantes-Rio-Cuarto_Tigre,-121.11081839202734,1.42,0.86,5,4,10,8,43.8,56.2,2,1,0,0,4,8
2026-07-25,Huracan,Banfield,1,0,1.97,2.91,4.35,,,,Primera División,,20260725_Huracan_Banfield,86.35977097279579,1.64,0.65,4,4,10,8,50.4,49.6,1,3,0,0,4,4
2026-07-25,Newells Old Boys,Talleres Cordoba,1,0,2.49,4.02,18.35,,,,Primera División,,20260725_Newells-Old-Boys_Talleres-Cordoba,-85.41230445753285,0.26,2.36,1,7,1,15,45.6,54.4,1,3,0,0,0,5
2026-07-25,Platense,Union de Santa Fe,2,2,2.41,2.81,3.21,,,,Primera División,,20260725_Platense_Union-de-Santa-Fe,-39.466509252207516,1.28,0.37,4,2,9,6,46.4,53.6,2,0,0,0,4,5
2026-07-25,River Plate,Barracas Central,0,1,1.31,4.34,11.23,,,,Primera División,,20260725_River-Plate_Barracas-Central,81.23030598807713,0.98,1.66,4,5,8,13,49.4,50.6,1,2,0,0,3,10
2026-07-26,Atl. Tucuman,Ind. Rivadavia,0,0,2.75,3.02,2.58,,,,Primera División,,20260726_Atl.-Tucuman_Ind.-Rivadavia,-128.76556607367434,0.6,0.91,3,4,7,9,43.5,56.5,1,1,1,0,4,4
2026-07-26,Dep. Riestra,Boca Juniors,3,0,4.24,2.77,2.05,,,,Primera División,,20260726_Dep.-Riestra_Boca-Juniors,-158.09965159400758,0.05,0.34,3,1,6,1,45.4,54.6,3,1,0,0,4,3
2026-07-26,Estudiantes L.P.,Independiente,0,2,2.11,2.93,3.75,,,,Primera División,,20260726_Estudiantes-L.P._Independiente,28.26120721901725,1.04,0.71,4,2,9,2,41.8,58.2,2,0,0,0,6,3
2026-07-26,Lanus,San Lorenzo,1,0,1.98,2.82,4.44,,,,Primera División,,20260726_Lanus_San-Lorenzo,-5.099012324432124,1.9,0.05,7,0,15,0,43.9,56.1,0,2,0,0,5,2
2026-07-28,Banfield,Sarmiento Junin,3,2,2.14,2.92,3.67,,,,Primera División,,20260728_Banfield_Sarmiento-Junin,-0.9971224919529504,1.53,0.09,3,2,8,3,54.5,45.5,0,0,0,0,2,1
2026-07-28,San Lorenzo,Gimnasia Mendoza,1,0,1.92,3.06,4.2,,,,Primera División,,20260728_San-Lorenzo_Gimnasia-Mendoza,15.697530198926415,0.61,0.95,1,2,4,7,53.0,47.0,2,3,0,0,2,6
2026-07-29,Argentinos Jrs,Estudiantes Rio Cuarto,3,0,1.35,4.27,9.43,,,,Primera División,,20260729_Argentinos-Jrs_Estudiantes-Rio-Cuarto,194.42971640629366,0.92,0.39,3,2,7,5,61.2,38.8,0,4,0,0,5,6
2026-07-29,Barracas Central,Aldosivi,1,0,2.31,2.69,3.58,,,,Primera División,,20260729_Barracas-Central_Aldosivi,138.78515168461809,1.5,0.59,4,1,11,1,55.3,44.7,2,1,0,0,6,1
2026-07-29,Defensa y Justicia,Dep. Riestra,2,1,2.48,2.71,3.18,,,,Primera División,,20260729_Defensa-y-Justicia_Dep.-Riestra,-31.420757683785723,1.41,0.58,5,1,11,4,49.2,50.8,1,1,0,0,10,3
2026-07-29,Gimnasia L.P.,River Plate,1,0,4.31,3.02,1.92,,,,Primera División,,20260729_Gimnasia-L.P._River-Plate,-59.52790849910343,0.05,0.79,1,4,2,9,52.0,48.0,2,3,0,0,6,3
2026-07-29,Rosario Central,Racing Club,0,0,2.01,3.04,3.88,,,,Primera División,,20260729_Rosario-Central_Racing-Club,-4.336625809399948,0.93,1.31,4,4,8,9,53.0,47.0,3,2,0,0,9,6
2026-07-30,Ind. Rivadavia,Huracan,2,1,2.01,2.91,4.19,,,,Primera División,,20260730_Ind.-Rivadavia_Huracan,7.497246819921202,1.37,1.84,4,5,9,10,54.8,45.2,2,2,0,0,4,7
2026-07-30,Instituto,Platense,2,1,1.99,2.92,4.21,,,,Primera División,,20260730_Instituto_Platense,4.045262854187513,1.41,1.38,5,5,10,11,55.7,44.3,2,1,0,0,3,7
2026-07-30,Talleres Cordoba,Velez Sarsfield,1,3,2.28,2.85,3.4,,,,Primera División,,20260730_Talleres-Cordoba_Velez-Sarsfield,-41.21931759691711,1.86,0.89,7,3,16,7,50.1,49.9,0,0,0,0,6,1
2026-07-31,Central Cordoba,Atl. Tucuman,0,2,3.2,2.98,2.3,,,,Primera División,,20260731_Central-Cordoba_Atl.-Tucuman,23.807788134199882,1.07,1.4,3,4,6,9,52.0,48.0,0,2,0,0,3,6
2026-07-31,Independiente,Newells Old Boys,1,0,1.53,3.71,6.26,,,,Primera División,,20260731_Independiente_Newells-Old-Boys,101.25809005512974,0.5,0.9,2,4,4,6,52.5,47.5,0,0,0,0,4,5
2026-08-01,Belgrano,Argentinos Jrs,0,1,2.3,2.85,3.32,,,,Primera División,,20260801_Belgrano_Argentinos-Jrs,-32.755467305068805,1.63,2.1,6,8,12,19,52.0,48.0,2,0,0,0,7,12
2026-08-01,Estudiantes L.P.,Defensa y Justicia,3,0,1.56,3.54,6.12,,,,Primera División,,20260801_Estudiantes-L.P._Defensa-y-Justicia,84.17225958408585,1.57,0.05,5,1,11,3,55.1,44.9,1,2,0,0,6,2
2026-08-01,Estudiantes Rio Cuarto,Banfield,0,0,2.72,2.84,2.72,,,,Primera División,,20260801_Estudiantes-Rio-Cuarto_Banfield,-57.403644820955606,0.78,0.05,3,0,6,1,44.3,55.7,4,1,1,0,4,1
2026-08-01,Gimnasia Mendoza,Union de Santa Fe,2,0,2.78,3.04,2.53,,,,Primera División,,20260801_Gimnasia-Mendoza_Union-de-Santa-Fe,-4.900594871490966,1.42,1.35,5,3,10,6,50.2,49.8,2,5,0,0,7,2
2026-08-02,Aldosivi,Gimnasia L.P.,1,2,3.1,2.69,2.56,,,,Primera División,,20260802_Aldosivi_Gimnasia-L.P.,-152.45874890376444,1.52,1.43,3,4,7,9,41.9,58.1,0,1,0,0,4,10
2026-08-02,Dep. Riestra,Barracas Central,0,1,2.16,2.64,4.1,,,,Primera División,,20260802_Dep.-Riestra_Barracas-Central,-41.99139684002739,0.14,1.28,0,2,0,3,41.9,58.1,1,2,0,0,3,3
2026-08-02,Newells Old Boys,Boca Juniors,2,2,4.55,3.17,1.81,,,,Primera División,,20260802_Newells-Old-Boys_Boca-Juniors,-170.2107399165841,1.33,0.27,3,2,6,5,43.5,56.5,0,1,0,0,7,4
2026-08-02,Racing Club,Tigre,1,3,2.13,2.89,3.69,,,,Primera División,,20260802_Racing-Club_Tigre,90.99812910684432,0.07,0.55,1,3,1,5,56.0,44.0,2,0,0,0,4,3
2026-08-02,River Plate,Rosario Central,0,1,1.91,3.02,4.32,,,,Primera División,,20260802_River-Plate_Rosario-Central,-21.737997854754667,0.73,1.36,3,3,7,7,54.4,45.6,0,0,0,0,3,6
2026-08-03,Lanus,Instituto,0,1,2.15,2.87,3.7,,,,Primera División,,20260803_Lanus_Instituto,62.35469466142581,1.1,0.05,2,1,4,2,49.5,50.5,1,1,0,0,6,2
2026-08-03,Platense,Talleres Cordoba,0,4,2.57,2.75,3.01,,,,Primera División,,20260803_Platense_Talleres-Cordoba,-56.95334885442162,0.8,2.4,2,7,5,15,47.6,52.4,1,0,0,0,4,9
2026-08-03,Sarmiento Junin,Ind. Rivadavia,2,1,2.8,2.94,2.57,,,,Primera División,,20260803_Sarmiento-Junin_Ind.-Rivadavia,-134.78980270978514,1.36,0.62,4,4,8,8,43.5,56.5,1,2,0,0,4,8
2026-08-03,Velez Sarsfield,Independiente,1,0,2.43,2.95,2.97,,,,Primera División,,20260803_Velez-Sarsfield_Independiente,-2.4259481557758136,1.26,0.84,4,2,8,6,54.6,45.4,3,1,1,0,5,3
2026-08-04,Central Cordoba,San Lorenzo,1,0,3.07,2.88,2.45,,,,Primera División,,20260804_Central-Cordoba_San-Lorenzo,-85.62210413444109,0.88,0.78,3,2,6,5,45.3,54.7,1,4,0,0,4,6
2026-08-04,Huracan,Atl. Tucuman,0,0,2.0,2.87,4.19,,,,Primera División,,20260804_Huracan_Atl.-Tucuman,88.19746497340066,1.55,0.7,7,2,16,2,50.3,49.7,4,2,0,0,7,3
2026-08-05,Boca Juniors,Estudiantes L.P.,1,0,1.79,3.19,4.77,,,,Primera División,,20260805_Boca-Juniors_Estudiantes-L.P.,43.442858063240465,0.5,0.05,2,1,5,3,58.8,41.2,3,2,0,0,6,3
2026-08-06,Tigre,Belgrano,0,0,2.41,2.64,3.46,,,,Primera División,,20260806_Tigre_Belgrano,-52.56900067530819,0.13,0.92,0,5,0,10,47.9,52.1,1,0,0,0,1,4
2026-08-06,Union de Santa Fe,Lanus,2,1,2.54,2.79,3.02,,,,Primera División,,20260806_Union-de-Santa-Fe_Lanus,-39.546743550837846,0.8,0.85,2,3,4,7,45.9,54.1,0,2,0,0,3,4
2026-08-07,Rosario Central,Aldosivi,2,1,1.53,3.62,6.64,,,,Primera División,,20260807_Rosario-Central_Aldosivi,223.95065144599516,0.99,1.04,2,4,4,9,59.2,40.8,1,4,0,0,7,5
2026-08-08,Atl. Tucuman,Sarmiento Junin,1,2,1.82,3.16,4.73,,,,Primera División,,20260808_Atl.-Tucuman_Sarmiento-Junin,2.160180246258051,0.64,0.72,3,4,6,8,51.1,48.9,2,1,0,0,6,7
2026-08-08,Boca Juniors,Velez Sarsfield,1,1,1.6,3.46,6.03,,,,Primera División,,20260808_Boca-Juniors_Velez-Sarsfield,47.15554177617787,0.52,0.75,3,3,7,4,42.7,57.3,3,2,0,0,4,1
2026-08-08,Dep. Riestra,Estudiantes L.P.,2,0,2.48,2.73,3.22,,,,Primera División,,20260808_Dep.-Riestra_Estudiantes-L.P.,-88.1138211612174,1.79,0.38,6,0,14,0,43.9,56.1,1,0,0,0,4,2
2026-08-08,Ind. Rivadavia,Estudiantes Rio Cuarto,2,1,1.44,3.89,7.82,,,,Primera División,,20260808_Ind.-Rivadavia_Estudiantes-Rio-Cuarto,150.72172194263976,1.19,1.37,4,5,8,12,55.8,44.2,1,1,0,0,5,4
2026-08-08,Tigre,River Plate,1,0,3.35,2.78,2.37,,,,Primera División,,20260808_Tigre_River-Plate,-37.097925057292514,0.99,1.59,3,4,6,10,52.7,47.3,0,1,0,0,4,1
2026-08-09,Defensa y Justicia,Newells Old Boys,2,1,1.92,3.12,4.27,,,,Primera División,,20260809_Defensa-y-Justicia_Newells-Old-Boys,13.399487096286293,1.42,0.56,4,2,8,3,49.2,50.8,3,1,0,0,2,5
2026-08-09,Gimnasia L.P.,Barracas Central,2,0,1.84,3.07,4.72,,,,Primera División,,20260809_Gimnasia-L.P._Barracas-Central,-4.727401438398147,1.26,1.54,4,6,8,14,48.0,52.0,1,1,0,0,5,5
2026-08-09,Independiente,Platense,0,1,1.8,3.13,4.95,,,,Primera División,,20260809_Independiente_Platense,119.73111440339699,0.8,1.29,2,5,4,11,53.3,46.7,1,1,0,0,2,3
2026-08-09,Instituto,Gimnasia Mendoza,1,0,1.54,3.67,6.36,,,,Primera División,,20260809_Instituto_Gimnasia-Mendoza,-13.984203056496199,0.31,1.81,1,7,2,17,44.5,55.5,2,4,0,0,3,6
2026-08-09,San Lorenzo,Huracan,0,2,2.7,2.74,2.91,,,,Primera División,,20260809_San-Lorenzo_Huracan,-16.325979348984674,0.65,0.88,3,3,7,6,47.3,52.7,2,1,0,0,5,3
2026-08-10,Argentinos Jrs,Racing Club,2,1,1.98,3.02,4.09,,,,Primera División,,20260810_Argentinos-Jrs_Racing-Club,46.216381272088256,1.34,1.32,4,3,6,7,47.4,52.6,1,4,0,0,7,3
2026-08-10,Banfield,Belgrano,0,2,2.93,2.92,2.52,,,,Primera División,,20260810_Banfield_Belgrano,-105.37688635374889,0.89,1.34,1,3,2,6,41.6,58.4,0,0,0,0,1,2
2026-08-11,Union de Santa Fe,Central Cordoba,1,2,1.63,3.48,5.61,,,,Primera División,,20260811_Union-de-Santa-Fe_Central-Cordoba,38.20072269163916,0.31,1.79,1,7,3,14,48.9,51.1,1,0,0,0,1,3
2026-08-12,Talleres Cordoba,Lanus,0,3,2.33,2.77,3.44,,,,Primera División,,20260812_Talleres-Cordoba_Lanus,4.374002381103992,0.3,1.99,1,5,5,11,49.7,50.3,2,1,0,0,6,10
2026-08-15,Aldosivi,Tigre,0,0,3.17,2.73,2.52,,,,Primera División,,20260815_Aldosivi_Tigre,-161.07471542341727,0.39,0.05,1,0,2,1,35.2,64.8,0,2,0,0,3,0
2026-08-15,Belgrano,Ind. Rivadavia,2,0,1.79,3.23,4.8,,,,Primera División,,20260815_Belgrano_Ind.-Rivadavia,9.499277647769986,1.22,0.54,2,2,4,5,50.2,49.8,2,4,1,0,5,1
2026-08-15,Estudiantes L.P.,Gimnasia L.P.,4,0,1.98,2.95,4.26,,,,Primera División,,20260815_Estudiantes-L.P._Gimnasia-L.P.,2.5934471022235357,2.17,0.48,9,1,19,1,52.8,47.2,2,3,0,0,10,3
2026-08-15,Newells Old Boys,Dep. Riestra,2,0,2.77,2.71,2.87,,,,Primera División,,20260815_Newells-Old-Boys_Dep.-Riestra,-43.76450983519271,0.76,0.73,2,3,4,8,40.0,60.0,2,1,0,1,4,6
2026-08-15,Racing Club,Banfield,0,1,1.59,3.64,5.79,,,,Primera División,,20260815_Racing-Club_Banfield,113.51688671761781,0.62,0.83,1,2,1,3,53.7,46.3,1,0,0,0,0,5
2026-08-15,San Lorenzo,Union de Santa Fe,1,0,2.78,2.97,2.64,,,,Primera División,,20260815_San-Lorenzo_Union-de-Santa-Fe,19.50129273686548,0.34,0.91,2,3,5,7,52.8,47.2,1,0,0,0,7,7
2026-08-16,Platense,Boca Juniors,1,1,5.01,3.2,1.77,,,,Primera División,,20260816_Platense_Boca-Juniors,-171.03043436159805,0.65,0.05,1,1,2,4,42.8,57.2,1,3,0,0,2,4
2026-08-16,River Plate,Argentinos Jrs,2,0,1.88,3.18,4.34,,,,Primera División,,20260816_River-Plate_Argentinos-Jrs,-91.85817756827919,0.05,1.36,2,5,5,11,56.0,44.0,1,2,0,0,1,3
2026-08-16,Sarmiento Junin,Huracan,2,0,3.06,2.82,2.52,,,,Primera División,,20260816_Sarmiento-Junin_Huracan,-83.75468746522893,0.92,0.75,2,2,6,4,46.1,53.9,2,3,0,0,5,2
2026-08-17,Barracas Central,Rosario Central,0,1,2.62,2.71,3.07,,,,Primera División,,20260817_Barracas-Central_Rosario-Central,-70.01544826560462,1.12,1.09,6,4,14,9,48.1,51.9,0,1,0,0,9,7
2026-08-17,Central Cordoba,Instituto,0,1,4.01,3.01,2.02,,,,Primera División,,20260817_Central-Cordoba_Instituto,-29.46301736900932,0.75,1.29,1,4,2,8,46.6,53.4,1,0,0,0,2,1
2026-08-17,Estudiantes Rio Cuarto,Atl. Tucuman,0,1,3.58,2.82,2.26,,,,Primera División,,20260817_Estudiantes-Rio-Cuarto_Atl.-Tucuman,-45.9857926767902,0.83,1.03,3,4,6,8,39.1,60.9,1,3,0,0,5,3
2026-08-17,Lanus,Independiente,1,3,2.01,2.98,4.07,,,,Primera División,,20260817_Lanus_Independiente,-18.92095431481971,0.55,1.85,1,7,2,15,50.4,49.6,1,1,0,0,0,6
2026-08-17,Velez Sarsfield,Defensa y Justicia,1,1,1.98,3.21,3.81,,,,Primera División,,20260817_Velez-Sarsfield_Defensa-y-Justicia,99.34495697670854,0.91,1.06,3,4,9,9,55.0,45.0,4,1,0,0,5,7
2026-08-18,Gimnasia Mendoza,Talleres Cordoba,3,1,2.94,2.88,2.53,,,,Primera División,,20260818_Gimnasia-Mendoza_Talleres-Cordoba,-11.454486379409673,1.02,1.04,3,1,7,3,53.4,46.6,1,1,0,1,7,4
2026-08-21,Aldosivi,Union de Santa Fe,1,3,2.68,2.93,2.75,,,,Primera División,,20260821_Aldosivi_Union-de-Santa-Fe,-107.32022808328338,1.33,0.68,3,3,5,7,43.8,56.2,0,2,0,1,4,6
2026-08-22,Atl. Tucuman,Instituto,0,0,2.8,2.87,2.68,,,,Primera División,,20260822_Atl.-Tucuman_Instituto,-65.49780563035051,0.77,0.95,4,5,10,12,50.7,49.3,1,1,0,0,7,8
2026-08-22,Estudiantes Rio Cuarto,San Lorenzo,0,0,3.57,2.63,2.4,,,,Primera División,,20260822_Estudiantes-Rio-Cuarto_San-Lorenzo,-134.2785409599894,0.98,0.66,3,4,8,12,35.5,64.5,2,1,0,1,5,7
2026-08-22,Gimnasia L.P.,Gimnasia Mendoza,2,3,1.79,3.25,4.63,,,,Primera División,,20260822_Gimnasia-L.P._Gimnasia-Mendoza,28.843259317858838,1.08,2.05,5,7,12,18,53.0,47.0,0,0,0,0,8,10
2026-08-22,Independiente,Ind. Rivadavia,0,0,2.37,2.89,3.22,,,,Primera División,,20260822_Independiente_Ind.-Rivadavia,8.343453196183418,1.63,1.43,3,3,6,5,55.5,44.5,1,4,0,0,7,3
2026-08-23,Barracas Central,Platense,1,2,2.46,2.72,3.25,,,,Primera División,,20260823_Barracas-Central_Platense,55.93329984510933,0.88,0.95,2,3,4,6,54.7,45.3,0,2,0,0,4,3
2026-08-23,Belgrano,Defensa y Justicia,1,2,1.81,3.3,4.48,,,,Primera División,,20260823_Belgrano_Defensa-y-Justicia,92.51171950770595,2.02,0.83,7,3,17,7,57.2,42.8,2,2,0,0,6,2
2026-08-23,Huracan,Dep. Riestra,0,0,2.31,2.5,3.98,,,,Primera División,,20260823_Huracan_Dep.-Riestra,52.86843933080104,0.31,2.06,2,8,4,17,54.3,45.7,2,1,0,0,4,11
2026-08-23,Newells Old Boys,Banfield,2,1,2.07,3.02,3.77,,,,Primera División,,20260823_Newells-Old-Boys_Banfield,-0.6250802924298569,0.83,0.59,2,1,4,3,51.0,49.0,1,3,0,0,3,4
2026-08-23,River Plate,Velez Sarsfield,2,2,1.62,3.39,5.97,,,,Primera División,,20260823_River-Plate_Velez-Sarsfield,-30.334792958394928,1.39,1.61,6,4,12,7,49.7,50.3,2,0,0,0,7,4
2026-08-23,Sarmiento Junin,Estudiantes L.P.,2,0,2.99,2.91,2.49,,,,Primera División,,20260823_Sarmiento-Junin_Estudiantes-L.P.,-84.77861930871336,1.94,0.47,5,2,8,5,46.1,53.9,3,2,1,0,6,4
2026-08-24,Racing Club,Boca Juniors,1,1,3.07,2.88,2.46,,,,Primera División,,20260824_Racing-Club_Boca-Juniors,-78.19342379933619,2.07,1.51,7,4,15,7,47.0,53.0,2,2,0,0,6,5
2026-08-24,Tigre,Central Cordoba,2,1,1.63,3.35,6.19,,,,Primera División,,20260824_Tigre_Central-Cordoba,54.59210904936117,0.83,1.0,2,4,3,8,49.4,50.6,1,1,0,0,6,2
2026-08-25,Lanus,Argentinos Jrs,1,1,2.48,2.88,3.02,,,,Primera División,,20260825_Lanus_Argentinos-Jrs,-97.58874616523849,0.76,0.05,2,1,7,1,40.9,59.1,3,1,0,0,4,2
2026-08-25,Talleres Cordoba,Rosario Central,2,2,2.95,2.91,2.52,,,,Primera División,,20260825_Talleres-Cordoba_Rosario-Central,-114.12043838498039,1.74,1.0,4,4,8,8,38.1,61.9,0,1,0,0,6,9
2026-08-28,Union de Santa Fe,Sarmiento Junin,4,1,1.92,3.14,4.17,,,,Primera División,,20260828_Union-de-Santa-Fe_Sarmiento-Junin,-7.5753677219370275,1.28,0.86,4,4,9,9,47.1,52.9,1,1,0,0,7,6
2026-08-29,Boca Juniors,Lanus,1,0,1.88,3.17,4.29,,,,Primera División,,20260829_Boca-Juniors_Lanus,102.11275133099366,0.35,0.7,1,3,1,7,48.6,51.4,2,1,0,0,1,6
2026-08-29,Dep. Riestra,Velez Sarsfield,1,1,2.52,2.72,3.16,,,,Primera División,,20260829_Dep.-Riestra_Velez-Sarsfield,-99.36059821725462,1.51,1.15,7,7,15,16,51.5,48.5,1,0,0,0,7,6
2026-08-29,Huracan,Estudiantes Rio Cuarto,1,1,1.66,3.09,6.52,,,,Primera División,,20260829_Huracan_Estudiantes-Rio-Cuarto,141.08045779855843,1.19,0.4,4,1,9,3,51.0,49.0,0,5,0,0,3,5
2026-08-29,Rosario Central,Gimnasia L.P.,1,2,1.57,3.7,5.77,,,,Primera División,,20260829_Rosario-Central_Gimnasia-L.P.,81.12894236419152,0.79,2.04,1,7,3,16,53.5,46.5,2,1,0,0,5,11
2026-08-30,Argentinos Jrs,Aldosivi,2,1,1.33,4.36,10.06,,,,Primera División,,20260830_Argentinos-Jrs_Aldosivi,248.30304365938196,0.59,0.56,2,2,2,4,63.9,36.1,4,2,0,1,3,2
2026-08-30,Atl. Tucuman,Belgrano,0,0,2.51,2.81,3.08,,,,Primera División,,20260830_Atl.-Tucuman_Belgrano,-112.32462704122872,1.35,1.34,3,3,6,7,43.9,56.1,3,1,0,0,5,4
2026-08-30,Banfield,River Plate,2,3,7.07,3.87,1.46,,,,Primera División,,20260830_Banfield_River-Plate,-101.08175924284228,1.33,1.18,4,4,7,9,42.8,57.2,1,0,0,0,4,4
2026-08-30,Independiente,Gimnasia Mendoza,0,3,1.77,3.29,4.77,,,,Primera División,,20260830_Independiente_Gimnasia-Mendoza,35.97317988291093,0.6,1.44,3,7,6,16,50.4,49.6,2,2,0,0,6,6
2026-08-30,Talleres Cordoba,Central Cordoba,0,0,1.79,3.26,4.86,,,,Primera División,,20260830_Talleres-Cordoba_Central-Cordoba,42.46108030060668,0.88,0.6,3,1,7,2,49.6,50.4,4,1,0,0,4,4
2026-08-31,Defensa y Justicia,Platense,1,0,2.49,2.86,3.04,,,,Primera División,,20260831_Defensa-y-Justicia_Platense,26.84248095712519,1.5,0.05,3,0,7,0,47.4,52.6,0,3,0,1,4,1
2026-08-31,Estudiantes L.P.,Newells Old Boys,0,0,1.6,3.45,6.14,,,,Primera División,,20260831_Estudiantes-L.P._Newells-Old-Boys,73.43269236664923,0.92,1.28,2,4,2,8,52.3,47.7,1,3,0,0,2,7
2026-08-31,Ind. Rivadavia,Racing Club,3,1,1.95,3.12,4.05,,,,Primera División,,20260831_Ind.-Rivadavia_Racing-Club,1.0438783693289224,0.75,1.52,3,7,7,17,53.6,46.4,1,3,0,0,2,5
2026-09-01,Instituto,San Lorenzo,1,0,1.88,2.99,4.59,,,,Primera División,,20260901_Instituto_San-Lorenzo,0.2310106173335953,0.41,1.21,2,3,5,6,47.7,52.3,0,3,0,1,4,1
2026-09-01,Tigre,Barracas Central,0,0,1.81,2.98,5.08,,,,Primera División,,20260901_Tigre_Barracas-Central,25.23464962251728,0.81,0.66,1,2,2,3,41.6,58.4,3,2,0,0,5,3
2026-09-04,Belgrano,Huracan,1,1,2.01,2.9,4.23,,,,Primera División,,20260904_Belgrano_Huracan,36.75935386670062,0.32,0.46,1,1,2,2,58.0,42.0,2,1,0,0,2,6
2026-09-04,Estudiantes Rio Cuarto,Sarmiento Junin,0,2,3.39,2.77,2.35,,,,Primera División,,20260904_Estudiantes-Rio-Cuarto_Sarmiento-Junin,-86.8021543104876,0.05,1.23,0,4,0,9,45.2,54.8,1,2,0,0,3,5
2026-09-04,Platense,Dep. Riestra,1,1,2.72,2.7,2.94,,,,Primera División,,20260904_Platense_Dep.-Riestra,-18.39448997652903,0.58,0.31,2,2,5,4,55.0,45.0,1,1,0,0,4,3
2026-09-05,Aldosivi,Banfield,3,1,2.65,2.94,2.76,,,,Primera División,,20260905_Aldosivi_Banfield,-85.92712373141603,1.99,0.52,5,3,9,7,44.1,55.9,2,0,0,0,7,5
2026-09-05,Gimnasia L.P.,Tigre,2,1,2.37,2.84,3.26,,,,Primera División,,20260905_Gimnasia-L.P._Tigre,8.611740844970655,0.05,0.67,2,2,4,5,51.1,48.9,0,4,0,1,3,5
2026-09-05,Gimnasia Mendoza,Boca Juniors,2,2,3.08,2.9,2.42,,,,Primera División,,20260905_Gimnasia-Mendoza_Boca-Juniors,-95.37674314272908,1.82,1.43,6,3,13,7,46.5,53.5,5,2,1,0,7,4
2026-09-05,San Lorenzo,Talleres Cordoba,1,0,2.31,2.95,3.24,,,,Primera División,,20260905_San-Lorenzo_Talleres-Cordoba,6.101863029783317,0.48,1.13,3,3,7,7,46.4,53.6,2,2,0,0,3,8
2026-09-06,Central Cordoba,Independiente,0,1,3.13,3.0,2.37,,,,Primera División,,20260906_Central-Cordoba_Independiente,-86.26162907257844,0.85,0.81,2,2,2,5,37.1,62.9,2,1,0,0,3,4
2026-09-06,Lanus,Defensa y Justicia,1,0,1.84,3.19,4.48,,,,Primera División,,20260906_Lanus_Defensa-y-Justicia,-5.086500741929285,0.65,0.98,2,1,4,0,53.2,46.8,0,0,0,0,5,2
2026-09-06,River Plate,Ind. Rivadavia,3,1,1.67,3.42,5.35,,,,Primera División,,20260906_River-Plate_Ind.-Rivadavia,0.057347456287743626,1.65,0.65,6,2,14,7,50.5,49.5,0,4,0,0,6,9
2026-09-06,Rosario Central,Newells Old Boys,1,1,1.56,3.6,6.17,,,,Primera División,,20260906_Rosario-Central_Newells-Old-Boys,112.77336593028713,1.55,0.48,3,2,7,5,55.8,44.2,0,2,0,0,8,2
2026-09-06,Velez Sarsfield,Estudiantes L.P.,1,0,2.66,2.69,2.99,,,,Primera División,,20260906_Velez-Sarsfield_Estudiantes-L.P.,31.633589777002044,0.75,1.4,2,5,5,11,56.7,43.3,2,2,0,0,6,7
2026-09-07,Barracas Central,Argentinos Jrs,0,0,3.95,2.87,2.08,,,,Primera División,,20260907_Barracas-Central_Argentinos-Jrs,-108.08560325044368,0.05,0.4,0,0,0,0,53.7,46.3,1,1,0,0,3,4
2026-09-07,Racing Club,Atl. Tucuman,1,2,1.99,3.04,4.05,,,,Primera División,,20260907_Racing-Club_Atl.-Tucuman,78.13366283556502,0.48,1.42,1,3,2,7,55.4,44.6,1,3,0,0,1,8
2026-09-08,Union de Santa Fe,Instituto,3,2,2.86,2.88,2.61,,,,Primera División,,20260908_Union-de-Santa-Fe_Instituto,-29.29027421409569,0.3,1.33,3,3,1,8,48.3,51.7,1,2,0,0,2,3
2026-09-11,Defensa y Justicia,Gimnasia Mendoza,2,0,1.97,3.33,3.67,,,,Primera División,,20260911_Defensa-y-Justicia_Gimnasia-Mendoza,-34.18166290232102,0.88,0.91,3,3,7,5,52.5,47.5,4,2,0,0,5,5
2026-09-11,Newells Old Boys,Velez Sarsfield,1,1,2.64,2.89,2.82,,,,Primera División,,20260911_Newells-Old-Boys_Velez-Sarsfield,-107.21456990467209,1.28,0.13,6,1,13,1,44.2,55.8,2,4,0,1,10,3
2026-09-12,Atl. Tucuman,River Plate,1,2,3.92,3.01,2.03,,,,Primera División,,20260912_Atl.-Tucuman_River-Plate,-100.5067503751211,1.11,2.06,4,6,9,14,43.5,56.5,2,1,0,0,4,8
2026-09-12,Boca Juniors,Central Cordoba,3,1,1.55,3.79,6.16,,,,Primera División,,20260912_Boca-Juniors_Central-Cordoba,178.0077981247564,0.56,0.14,3,1,7,4,55.4,44.6,1,0,0,0,5,4
2026-09-12,Estudiantes L.P.,Platense,2,1,1.97,2.96,4.25,,,,Primera División,,20260912_Estudiantes-L.P._Platense,67.8939477677875,1.26,1.42,5,4,12,7,42.7,57.3,2,4,1,0,10,3
2026-09-12,Ind. Rivadavia,Aldosivi,4,3,1.4,4.19,7.73,,,,Primera División,,20260912_Ind.-Rivadavia_Aldosivi,177.25284278106847,1.0,1.9,4,6,6,13,62.3,37.7,0,0,0,0,5,5
2026-09-13,Argentinos Jrs,Gimnasia L.P.,1,1,1.73,3.38,4.9,,,,Primera División,,20260913_Argentinos-Jrs_Gimnasia-L.P.,60.65948071509524,2.02,0.05,7,1,18,3,56.4,43.6,2,2,0,0,9,5
2026-09-13,Independiente,San Lorenzo,1,1,2.05,2.94,3.99,,,,Primera División,,20260913_Independiente_San-Lorenzo,37.908381913064204,0.79,1.36,4,5,8,10,54.1,45.9,1,0,0,0,2,5
2026-09-13,Sarmiento Junin,Belgrano,1,1,3.18,2.91,2.35,,,,Primera División,,20260913_Sarmiento-Junin_Belgrano,-71.46695542023895,0.8,1.07,3,2,7,5,46.2,53.8,2,1,0,0,7,2
2026-09-13,Talleres Cordoba,Union de Santa Fe,2,1,2.13,2.95,3.68,,,,Primera División,,20260913_Talleres-Cordoba_Union-de-Santa-Fe,-25.825172930183044,1.26,0.64,3,1,6,1,51.7,48.3,0,1,0,0,4,3
2026-09-13,Tigre,Rosario Central,0,1,3.28,2.75,2.44,,,,Primera División,,20260913_Tigre_Rosario-Central,-68.17500827582853,0.5,0.83,0,3,0,7,46.3,53.7,2,1,0,0,0,1
2026-09-14,Banfield,Barracas Central,1,1,2.5,2.79,3.12,,,,Primera División,,20260914_Banfield_Barracas-Central,-82.08988819882347,0.76,1.24,5,4,8,7,42.2,57.8,1,1,0,1,1,6
2026-09-14,Dep. Riestra,Lanus,0,3,3.03,2.61,2.71,,,,Primera División,,20260914_Dep.-Riestra_Lanus,-38.32135697406261,1.48,1.56,6,5,13,12,44.7,55.3,0,1,0,0,8,12
2026-09-14,Huracan,Racing Club,2,1,2.53,2.8,3.06,,,,Primera División,,20260914_Huracan_Racing-Club,5.850941419777428,1.26,1.49,3,5,6,11,56.0,44.0,2,2,0,0,4,5
2026-09-15,Instituto,Estudiantes Rio Cuarto,2,1,1.43,3.74,9.15,,,,Primera División,,20260915_Instituto_Estudiantes-Rio-Cuarto,129.09382376591748,0.98,0.87,4,4,10,8,50.7,49.3,3,3,0,0,3,5
2026-09-18,Central Cordoba,Defensa y Justicia,2,2,2.78,3.07,2.59,,,,Primera División,,20260918_Central-Cordoba_Defensa-y-Justicia,-74.39265688056639,0.19,1.62,2,6,4,12,46.3,53.7,3,1,0,0,3,3
2026-09-19,Gimnasia L.P.,Banfield,2,2,1.63,3.63,5.28,,,,Primera División,,20260919_Gimnasia-L.P._Banfield,121.57200870310339,1.04,1.56,3,5,7,10,53.5,46.5,0,0,0,0,3,5
2026-09-19,Gimnasia Mendoza,Dep. Riestra,0,0,2.36,2.82,3.32,,,,Primera División,,20260919_Gimnasia-Mendoza_Dep.-Riestra,50.743152821103195,0.72,0.05,2,2,6,3,56.2,43.8,1,1,0,0,3,6
2026-09-19,Racing Club,Sarmiento Junin,3,1,1.81,3.38,4.33,,,,Primera División,,20260919_Racing-Club_Sarmiento-Junin,17.154392448701856,1.53,1.44,4,5,10,12,51.0,49.0,2,3,0,0,5,5
2026-09-19,River Plate,Huracan,1,2,1.49,3.7,7.17,,,,Primera División,,20260919_River-Plate_Huracan,42.65462737269627,0.89,0.05,1,2,3,4,43.4,56.6,1,1,0,0,3,4
2026-09-19,Union de Santa Fe,Independiente,1,2,2.31,3.02,3.18,,,,Primera División,,20260919_Union-de-Santa-Fe_Independiente,-53.34980627768368,1.13,1.19,4,3,8,7,52.7,47.3,2,2,0,0,4,3
2026-09-20,Belgrano,Estudiantes Rio Cuarto,2,1,1.42,3.83,8.78,,,,Primera División,,20260920_Belgrano_Estudiantes-Rio-Cuarto,181.69631435995507,1.22,0.82,2,1,4,1,57.6,42.4,0,3,0,0,3,1
2026-09-20,Instituto,Talleres Cordoba,3,1,2.04,3.01,3.93,,,,Primera División,,20260920_Instituto_Talleres-Cordoba,23.94231012251521,1.37,1.3,4,3,9,6,50.2,49.8,2,2,0,0,5,5
2026-09-20,Platense,Newells Old Boys,0,1,2.36,2.84,3.28,,,,Primera División,,20260920_Platense_Newells-Old-Boys,-27.408068878454287,1.71,1.69,5,5,10,12,49.2,50.8,2,1,0,0,9,6
2026-09-20,Rosario Central,Argentinos Jrs,1,0,1.98,3.15,3.9,,,,Primera División,,20260920_Rosario-Central_Argentinos-Jrs,-12.752302781129629,0.45,1.79,3,7,7,14,48.7,51.3,1,4,0,0,5,4
2026-09-20,San Lorenzo,Boca Juniors,0,2,4.84,3.0,1.85,,,,Primera División,,20260920_San-Lorenzo_Boca-Juniors,-116.52839353865829,1.57,0.58,5,2,10,5,44.8,55.2,1,0,0,0,2,4
2026-09-21,Aldosivi,Atl. Tucuman,1,0,3.21,2.89,2.36,,,,Primera División,,20260921_Aldosivi_Atl.-Tucuman,-98.53618531115535,1.49,0.6,7,2,16,4,42.3,57.7,3,3,0,0,10,2
2026-09-21,Barracas Central,Ind. Rivadavia,0,1,3.38,2.89,2.27,,,,Primera División,,20260921_Barracas-Central_Ind.-Rivadavia,-48.196036122940086,0.19,1.35,0,5,3,11,45.1,54.9,4,1,0,0,1,6
2026-09-21,Velez Sarsfield,Tigre,3,2,2.17,2.89,3.65,,,,Primera División,,20260921_Velez-Sarsfield_Tigre,76.22905073018637,0.66,0.67,3,2,6,3,55.4,44.6,1,3,0,0,6,5
2026-09-22,Lanus,Estudiantes L.P.,2,1,2.19,2.87,3.65,,,,Primera División,,20260922_Lanus_Estudiantes-L.P.,-11.4502188617721,1.02,0.86,4,2,8,4,51.7,48.3,1,1,0,0,4,3
