date,home_team,away_team,home_goals,away_goals,odd_home,odd_draw,odd_away,odd_home_pin,odd_draw_pin,odd_away_pin,tournament,stadium,MATCH_ID,elo_diff,home_xg,away_xg,home_shots_on,away_shots_on,home_shots_off,away_shots_off,home_possession,away_possession,home_yellow,away_yellow,home_red,away_red,home_corners,away_corners
2018-09-16,Djurgarden,Brommapojkarna,0,1,1.31,5.39,9.97,1.33,5.08,11.79,Allsvenskan,,20180916_Djurgarden_Brommapojkarna,0.0,0.68,1.11,3,6,7,13,53.5,46.5,2,1,0,0,2,3
2018-09-16,Goteborg,Elfsborg,2,2,2.33,3.39,3.02,2.49,3.43,3.02,Allsvenskan,,20180916_Goteborg_Elfsborg,0.0,0.2,1.37,2,5,4,10,41.1,58.9,1,0,1,0,3,7
2018-09-16,Norrkoping,AIK,2,0,3.13,3.2,2.36,3.26,3.31,2.4,Allsvenskan,,20180916_Norrkoping_AIK,0.0,1.49,0.75,4,3,10,7,47.0,53.0,0,1,0,0,6,5
2018-09-17,Hacken,Trelleborgs,2,1,1.21,6.48,13.41,1.23,6.52,15.14,Allsvenskan,,20180917_Hacken_Trelleborgs,0.0,0.65,2.05,2,7,3,18,46.3,53.7,3,0,0,0,1,8
2018-09-17,Kalmar,Dalkurd,0,0,1.5,4.23,6.5,1.51,4.44,7.08,Allsvenskan,,20180917_Kalmar_Dalkurd,0.0,1.09,0.5,4,0,9,2,47.0,53.0,1,4,0,0,6,2
2018-09-17,Sirius,Hammarby,1,1,5.21,4.29,1.58,5.56,4.38,1.61,Allsvenskan,,20180917_Sirius_Hammarby,0.0,1.6,1.44,5,5,9,11,51.1,48.9,1,1,0,0,3,5
2018-09-21,Brommapojkarna,Sundsvall,1,3,3.2,3.54,2.17,3.22,3.64,2.21,Allsvenskan,,20180921_Brommapojkarna_Sundsvall,12.0,1.02,0.72,2,3,5,6,54.8,45.2,1,0,0,0,6,6
2018-09-22,Dalkurd,Norrkoping,0,2,5.21,4.09,1.62,5.31,4.18,1.64,Allsvenskan,,20180922_Dalkurd_Norrkoping,-12.0,1.32,1.69,5,4,12,10,44.6,55.4,2,5,0,0,8,4
2018-09-22,Elfsborg,Orebro,1,0,1.67,3.88,4.97,1.69,3.92,5.3,Allsvenskan,,20180922_Elfsborg_Orebro,0.0,0.5,1.06,1,4,5,9,44.5,55.5,1,3,0,0,2,6
2018-09-22,Sirius,Ostersunds,0,1,3.09,3.51,2.23,3.16,3.6,2.26,Allsvenskan,,20180922_Sirius_Ostersunds,0.0,0.34,0.05,1,1,4,2,53.3,46.7,0,1,0,0,8,0
2018-09-22,Trelleborgs,Djurgarden,0,3,5.98,4.35,1.52,6.25,4.69,1.5,Allsvenskan,,20180922_Trelleborgs_Djurgarden,0.0,0.42,1.12,0,4,0,9,43.5,56.5,5,1,0,0,1,2
2018-09-23,AIK,Hammarby,1,0,1.99,3.38,3.88,2.01,3.37,4.13,Allsvenskan,,20180923_AIK_Hammarby,-12.0,1.02,0.35,3,0,6,0,51.7,48.3,1,2,0,0,6,2
2018-09-23,Malmo FF,Kalmar,4,0,1.42,4.55,7.61,1.44,4.53,7.98,Allsvenskan,,20180923_Malmo-FF_Kalmar,0.0,1.37,0.55,4,0,9,0,48.6,51.4,2,2,0,0,3,5
2018-09-24,Hacken,Goteborg,4,1,1.71,3.82,4.77,1.72,3.87,5.07,Allsvenskan,,20180924_Hacken_Goteborg,12.0,1.66,0.54,5,2,9,3,47.0,53.0,2,3,0,0,11,1
2018-09-25,Orebro,Sirius,0,0,1.89,3.56,4.01,1.9,3.65,4.27,Allsvenskan,,20180925_Orebro_Sirius,0.0,1.7,0.89,6,3,11,9,54.0,46.0,3,2,0,0,3,5
2018-09-26,Hammarby,Elfsborg,0,1,1.73,3.86,4.5,1.75,3.78,5.01,Allsvenskan,,20180926_Hammarby_Elfsborg,-24.414300586377067,0.17,1.66,0,5,1,11,58.3,41.7,2,3,0,0,1,6
2018-09-26,Norrkoping,Malmo FF,3,1,2.92,3.25,2.46,3.04,3.21,2.53,Allsvenskan,,20180926_Norrkoping_Malmo-FF,11.585699413622933,2.25,0.66,6,1,12,3,56.5,43.5,2,3,0,0,8,2
2018-09-26,Ostersunds,Brommapojkarna,3,1,1.47,4.42,6.47,1.48,4.52,7.05,Allsvenskan,,20180926_Ostersunds_Brommapojkarna,12.414300586377067,1.51,1.05,4,3,7,7,55.5,44.5,3,0,0,0,6,8
2018-09-26,Sundsvall,Djurgarden,1,1,2.97,3.33,2.38,3.12,3.37,2.38,Allsvenskan,,20180926_Sundsvall_Djurgarden,12.414300586377067,1.09,0.71,3,3,4,6,48.8,51.2,0,1,0,1,8,3
2018-09-26,Trelleborgs,Dalkurd,0,1,2.58,3.34,2.69,2.62,3.39,2.77,Allsvenskan,,20180926_Trelleborgs_Dalkurd,-12.414300586377067,0.57,0.92,3,2,7,3,47.8,52.2,1,2,0,0,1,3
2018-09-27,Goteborg,AIK,0,2,5.06,3.44,1.76,5.27,3.4,1.81,Allsvenskan,,20180927_Goteborg_AIK,-12.0,1.02,1.26,3,4,7,9,51.6,48.4,3,2,0,0,2,2
2018-09-27,Kalmar,Hacken,1,2,3.2,3.33,2.24,3.32,3.37,2.28,Allsvenskan,,20180927_Kalmar_Hacken,-35.58569941362293,1.13,0.67,5,2,11,4,48.8,51.2,1,2,0,0,8,4
2018-09-29,Sirius,Norrkoping,1,1,4.93,3.91,1.67,5.1,3.97,1.7,Allsvenskan,,20180929_Sirius_Norrkoping,-47.18569178767211,0.78,0.23,3,1,7,2,42.9,57.1,1,6,0,0,1,2
2018-09-30,Dalkurd,AIK,0,4,10.87,4.75,1.33,11.26,4.43,1.38,Allsvenskan,,20180930_Dalkurd_AIK,-12.014291783607177,1.4,1.46,4,5,10,12,51.8,48.2,1,1,0,0,6,6
2018-09-30,Djurgarden,Ostersunds,0,2,1.89,3.57,4.07,1.84,3.73,4.5,Allsvenskan,,20180930_Djurgarden_Ostersunds,-23.14281526003151,1.48,1.19,5,3,13,7,47.5,52.5,1,5,0,0,8,6
2018-09-30,Kalmar,Brommapojkarna,1,1,1.6,3.92,5.59,1.61,3.93,6.18,Allsvenskan,,20180930_Kalmar_Brommapojkarna,-10.789485281874704,1.27,1.33,4,3,7,7,49.0,51.0,2,0,0,0,7,3
2018-09-30,Malmo FF,Sundsvall,0,0,1.32,5.18,9.43,1.34,5.06,10.1,Allsvenskan,,20180930_Malmo-FF_Sundsvall,-11.585700590442002,0.96,1.03,3,3,8,9,54.8,45.2,2,3,0,0,3,4
2018-10-01,Elfsborg,Hacken,0,3,2.86,3.49,2.37,2.88,3.68,2.43,Allsvenskan,,20181001_Elfsborg_Hacken,-11.202747778943149,1.02,1.43,3,6,6,12,46.5,53.5,1,1,0,0,5,9
2018-10-01,Hammarby,Goteborg,3,0,1.41,4.67,7.37,1.43,4.74,7.77,Allsvenskan,,20181001_Hammarby_Goteborg,-0.4010468920785115,0.6,0.6,3,1,5,4,48.0,52.0,3,0,0,0,2,3
2018-10-01,Orebro,Trelleborgs,4,0,1.5,4.35,6.18,1.51,4.44,6.59,Allsvenskan,,20181001_Orebro_Trelleborgs,23.571407630015756,2.12,1.19,7,5,13,11,49.6,50.4,4,0,0,0,9,7
2018-10-05,Ostersunds,Dalkurd,3,0,1.41,4.65,7.55,1.42,4.68,8.06,Allsvenskan,,20181005_Ostersunds_Dalkurd,46.37276136543642,1.39,0.56,6,2,13,5,50.4,49.6,1,1,0,1,4,5
2018-10-06,Goteborg,Trelleborgs,2,2,1.4,4.62,7.84,1.45,4.21,8.76,Allsvenskan,,20181006_Goteborg_Trelleborgs,11.5732763568667,1.37,1.39,4,4,9,8,45.6,54.4,1,1,0,0,4,1
2018-10-06,Sirius,Elfsborg,4,2,3.12,3.3,2.29,3.28,3.37,2.33,Allsvenskan,,20181006_Sirius_Elfsborg,-21.925150866609783,1.7,0.6,7,2,14,4,52.3,47.7,1,2,0,0,6,3
2018-10-07,AIK,Orebro,1,1,1.26,5.35,13.06,1.28,5.15,14.57,Allsvenskan,,20181007_AIK_Orebro,24.39808716511652,0.56,0.33,2,1,4,2,49.4,50.6,0,3,0,0,6,3
2018-10-07,Brommapojkarna,Hammarby,2,4,7.86,4.95,1.37,8.31,5.07,1.38,Allsvenskan,,20181007_Brommapojkarna_Hammarby,-0.7996500304448091,1.32,1.11,4,4,9,9,43.9,56.1,2,2,0,0,4,7
2018-10-07,Hacken,Malmo FF,1,1,2.59,3.36,2.66,2.76,3.49,2.62,Allsvenskan,,20181007_Hacken_Malmo-FF,45.17408245753995,1.06,1.39,4,4,8,7,46.7,53.3,1,1,0,0,9,4
2018-10-07,Norrkoping,Djurgarden,1,1,1.95,3.45,3.94,1.97,3.49,4.2,Allsvenskan,,20181007_Norrkoping_Djurgarden,44.33916555932501,0.98,0.21,3,1,8,3,54.9,45.1,3,3,0,0,4,2
2018-10-08,Sundsvall,Kalmar,2,0,2.09,3.35,3.56,2.16,3.37,3.67,Allsvenskan,,20181008_Sundsvall_Kalmar,33.98835817750978,1.43,1.18,4,4,8,9,57.3,42.7,2,0,0,0,4,6
2018-10-20,Dalkurd,Orebro,1,0,3.09,3.38,2.28,3.17,3.5,2.33,Allsvenskan,,20181020_Dalkurd_Orebro,-22.035700282967127,0.55,0.05,2,0,8,0,51.7,48.3,2,0,0,0,6,1
2018-10-20,Malmo FF,Hammarby,2,1,1.75,3.91,4.36,1.78,3.96,4.52,Allsvenskan,,20181020_Malmo-FF_Hammarby,1.9377524655587877,0.23,0.56,2,3,3,7,46.7,53.3,1,4,0,0,2,3
2018-10-21,Djurgarden,AIK,0,0,3.68,3.16,2.14,3.73,3.21,2.21,Allsvenskan,,20181021_Djurgarden_AIK,-31.99401142257375,0.05,0.28,1,0,0,0,52.2,47.8,4,4,0,0,0,6
2018-10-21,Elfsborg,Sundsvall,2,0,2.4,3.4,2.87,2.45,3.56,2.92,Allsvenskan,,20181021_Elfsborg_Sundsvall,-23.626838717006876,1.68,0.6,5,2,12,6,50.1,49.9,3,2,0,0,6,4
2018-10-21,Hacken,Ostersunds,2,0,1.69,3.95,4.68,1.7,4.13,4.86,Allsvenskan,,20181021_Hacken_Ostersunds,-0.7584749523844039,1.22,1.21,5,4,11,9,50.3,49.7,4,1,0,0,9,4
2018-10-21,Kalmar,Norrkoping,1,2,3.69,3.4,2.04,3.69,3.33,2.17,Allsvenskan,,20181021_Kalmar_Norrkoping,-65.27521366623364,0.7,1.68,3,7,6,17,46.6,53.4,2,1,0,0,1,5
2018-10-21,Trelleborgs,Sirius,1,2,3.12,3.4,2.26,3.15,3.45,2.36,Allsvenskan,,20181021_Trelleborgs_Sirius,-48.73500150325958,0.37,0.87,1,2,4,3,47.9,52.1,1,3,1,0,4,3
2018-10-22,Brommapojkarna,Goteborg,0,2,3.18,3.34,2.25,3.35,3.45,2.26,Allsvenskan,,20181022_Brommapojkarna_Goteborg,11.254204312890579,0.26,0.66,0,2,1,4,46.7,53.3,2,3,0,0,0,4
2018-10-26,Goteborg,Sundsvall,1,2,2.22,3.51,3.11,2.23,3.66,3.23,Allsvenskan,,20181026_Goteborg_Sundsvall,-32.796987221817744,0.34,1.5,1,4,2,9,49.0,51.0,1,1,1,0,2,4
2018-10-26,Trelleborgs,Elfsborg,2,2,4.81,4.18,1.64,4.76,4.55,1.65,Allsvenskan,,20181026_Trelleborgs_Elfsborg,-68.2901166134875,0.55,0.9,2,3,5,7,40.4,59.6,4,1,0,0,6,6
2018-10-27,Dalkurd,Hacken,0,5,5.22,3.97,1.63,5.37,3.85,1.69,Allsvenskan,,20181027_Dalkurd_Hacken,-65.69598645682913,0.45,1.76,1,6,0,12,45.1,54.9,2,4,0,0,2,4
2018-10-28,Hammarby,Kalmar,0,0,1.36,4.95,8.41,1.36,5.04,9.05,Allsvenskan,,20181028_Hammarby_Kalmar,31.484817159200247,0.43,1.5,0,4,0,10,48.7,51.3,2,2,0,0,3,4
2018-10-28,Norrkoping,Ostersunds,4,2,1.62,3.93,5.46,1.63,4.05,5.72,Allsvenskan,,20181028_Norrkoping_Ostersunds,8.659521473231734,2.51,0.84,7,2,16,3,48.4,51.6,1,2,1,0,11,2
2018-10-28,Orebro,Djurgarden,1,1,3.18,3.47,2.19,3.35,3.53,2.22,Allsvenskan,,20181028_Orebro_Djurgarden,-4.583468789577637,0.4,0.94,1,2,2,5,48.1,51.9,1,2,0,0,5,2
2018-10-28,Sirius,Brommapojkarna,4,2,1.82,3.72,4.23,1.85,3.68,4.5,Allsvenskan,,20181028_Sirius_Brommapojkarna,49.422955686969544,2.84,1.15,9,3,20,6,53.7,46.3,0,3,0,0,5,4
2018-10-29,AIK,Malmo FF,1,1,2.29,3.11,3.32,2.36,3.12,3.47,Allsvenskan,,20181029_AIK_Malmo-FF,7.357375080376869,1.03,1.54,3,5,6,10,59.8,40.2,1,2,0,0,3,6
2018-10-30,Elfsborg,Dalkurd,0,0,1.56,4.09,5.75,1.59,3.99,6.26,Allsvenskan,,20181030_Elfsborg_Dalkurd,28.27953678730887,1.46,0.92,6,3,13,6,51.1,48.9,2,0,1,0,9,3
2018-10-31,Brommapojkarna,Norrkoping,0,1,7.5,5.12,1.37,7.94,5.17,1.38,Allsvenskan,,20181031_Brommapojkarna_Norrkoping,-100.53895465266987,1.26,1.09,4,2,9,3,45.7,54.3,0,1,1,0,6,2
2018-10-31,Djurgarden,Goteborg,2,0,1.56,4.05,5.91,1.58,4.04,6.27,Allsvenskan,,20181031_Djurgarden_Goteborg,25.7603640097293,1.74,0.78,6,3,12,6,46.4,53.6,2,4,0,0,2,5
2018-10-31,Hacken,Sirius,2,1,1.27,5.85,10.24,1.28,6.07,10.5,Allsvenskan,,20181031_Hacken_Sirius,43.198199965194135,1.99,1.09,7,4,15,10,46.7,53.3,3,2,0,0,9,5
2018-10-31,Kalmar,Trelleborgs,2,1,1.44,4.64,6.58,1.47,4.77,6.65,Allsvenskan,,20181031_Kalmar_Trelleborgs,12.438286316077665,1.22,0.8,4,4,7,8,41.3,58.7,2,1,0,0,7,8
2018-10-31,Sundsvall,Hammarby,2,3,3.2,3.71,2.1,3.3,3.81,2.14,Allsvenskan,,20181031_Sundsvall_Hammarby,33.07507924783181,0.23,1.82,2,4,5,10,47.7,52.3,1,5,0,0,6,5
2018-11-01,Malmo FF,Orebro,4,0,1.31,5.33,9.52,1.31,5.46,10.59,Allsvenskan,,20181101_Malmo-FF_Orebro,27.11204156034728,1.58,1.14,6,5,13,10,48.5,51.5,2,1,0,0,7,8
2018-11-01,Ostersunds,AIK,1,2,4.77,3.63,1.74,5.05,3.76,1.75,Allsvenskan,,20181101_Ostersunds_AIK,0.06596813002192903,0.92,0.6,5,3,12,9,45.6,54.4,2,1,0,0,6,4
2018-11-04,AIK,Sundsvall,0,0,1.33,4.96,9.09,1.33,5.01,9.9,Allsvenskan,,20181104_AIK_Sundsvall,26.057810530149027,0.76,1.26,2,1,5,2,53.9,46.1,1,2,0,0,7,2
2018-11-04,Goteborg,Malmo FF,0,3,6.56,4.68,1.44,6.46,4.82,1.46,Allsvenskan,,20181104_Goteborg_Malmo-FF,-70.78290797303521,1.35,2.3,3,8,8,18,44.9,55.1,0,1,0,0,9,13
2018-11-04,Hammarby,Hacken,1,0,2.55,3.48,2.64,2.54,3.56,2.76,Allsvenskan,,20181104_Hammarby_Hacken,-76.18683294745074,0.25,1.17,1,3,4,9,49.8,50.2,2,1,0,0,4,4
2018-11-04,Norrkoping,Orebro,3,2,1.33,5.18,8.8,1.34,4.92,9.94,Allsvenskan,,20181104_Norrkoping_Orebro,85.77547079518513,1.89,2.02,6,6,14,13,53.7,46.3,3,1,0,0,6,7
2018-11-05,Dalkurd,Djurgarden,1,2,3.61,3.62,1.98,3.7,3.65,2.02,Allsvenskan,,20181105_Dalkurd_Djurgarden,-20.83564512407247,0.53,0.41,3,2,5,4,49.9,50.1,2,1,0,0,1,1
2018-11-05,Elfsborg,Brommapojkarna,1,2,1.71,4.12,4.36,1.74,4.19,4.39,Allsvenskan,,20181105_Elfsborg_Brommapojkarna,63.94503084902908,0.52,1.67,1,5,2,10,51.8,48.2,0,4,0,0,8,1
2018-11-05,Sirius,Kalmar,1,1,2.48,3.48,2.71,2.57,3.54,2.74,Allsvenskan,,20181105_Sirius_Kalmar,42.84158772661522,1.53,0.76,4,3,7,6,50.7,49.3,4,2,0,0,6,4
2018-11-05,Trelleborgs,Ostersunds,0,1,3.99,3.96,1.8,4.06,4.0,1.83,Allsvenskan,,20181105_Trelleborgs_Ostersunds,-75.38009031107754,0.38,0.93,0,2,0,6,44.7,55.3,1,3,0,0,3,6
2018-11-11,Brommapojkarna,Trelleborgs,3,0,1.39,5.05,7.01,1.38,5.49,6.97,Allsvenskan,,20181111_Brommapojkarna_Trelleborgs,33.904126684068615,0.88,0.05,3,0,8,0,49.3,50.7,0,1,0,0,7,2
2018-11-11,Djurgarden,Sirius,1,0,1.43,4.73,6.72,1.42,4.89,7.06,Allsvenskan,,20181111_Djurgarden_Sirius,3.066336274559717,1.99,0.37,8,0,15,1,41.9,58.1,2,0,0,0,5,2
2018-11-11,Hacken,Norrkoping,0,1,2.57,3.64,2.53,2.54,3.8,2.63,Allsvenskan,,20181111_Hacken_Norrkoping,-9.100835092587204,1.77,1.36,5,4,11,10,51.4,48.6,0,2,0,0,2,7
2018-11-11,Kalmar,AIK,0,1,5.04,3.22,1.82,5.59,3.15,1.83,Allsvenskan,,20181111_Kalmar_AIK,-61.36866930125689,0.45,0.77,2,4,5,9,48.3,51.7,1,3,0,0,7,5
2018-11-11,Malmo FF,Elfsborg,2,0,1.17,7.29,14.39,1.17,7.81,13.89,Allsvenskan,,20181111_Malmo-FF_Elfsborg,41.076535297257806,1.23,0.66,4,3,9,8,58.1,41.9,0,0,0,0,8,9
2018-11-11,Orebro,Goteborg,1,3,2.01,3.66,3.45,2.02,3.87,3.51,Allsvenskan,,20181111_Orebro_Goteborg,22.032245768427174,0.59,1.28,3,4,7,10,53.0,47.0,1,1,0,0,3,4
2018-11-11,Ostersunds,Hammarby,3,3,4.16,3.94,1.77,4.22,4.1,1.78,Allsvenskan,,20181111_Ostersunds_Hammarby,3.7629743448242152,0.36,2.15,3,6,6,13,56.2,43.8,1,1,0,0,4,4
2018-11-11,Sundsvall,Dalkurd,0,1,1.85,3.83,3.88,1.88,3.83,4.01,Allsvenskan,,20181111_Sundsvall_Dalkurd,37.54215338919994,0.63,1.81,1,5,2,10,55.9,44.1,1,2,0,0,3,9
2018-11-22,AFC Eskilstuna,Brommapojkarna,0,1,2.31,3.0,3.34,2.34,3.12,3.45,Allsvenskan,,20181122_AFC-Eskilstuna_Brommapojkarna,30.628227667522424,0.54,0.25,2,3,6,5,51.9,48.1,1,1,0,0,1,2
2018-11-25,Brommapojkarna,AFC Eskilstuna,1,2,2.38,3.01,3.18,2.47,3.11,3.23,Allsvenskan,,20181125_Brommapojkarna_AFC-Eskilstuna,-4.517968328460029,0.43,0.27,1,2,2,4,49.6,50.4,4,0,0,0,1,0
2019-03-31,AFC Eskilstuna,Goteborg,3,1,2.56,3.04,2.92,2.74,3.11,2.91,Allsvenskan,,20190331_AFC-Eskilstuna_Goteborg,40.79614131089329,1.02,0.78,4,2,10,4,57.5,42.5,1,1,0,0,9,1
2019-03-31,AIK,Ostersunds,0,0,1.76,3.21,5.54,1.78,3.19,6.27,Allsvenskan,,20190331_AIK_Ostersunds,23.635843481615893,0.64,0.05,2,0,4,0,48.0,52.0,3,1,0,0,3,1
2019-03-31,Falkenbergs,Orebro,1,0,2.71,3.26,2.59,2.73,3.39,2.71,Allsvenskan,,20190331_Falkenbergs_Orebro,45.494958349005856,1.44,0.97,4,3,8,7,56.6,43.4,1,0,0,0,4,4
2019-03-31,Helsingborg,Norrkoping,3,1,2.79,3.22,2.54,2.85,3.32,2.64,Allsvenskan,,20190331_Helsingborg_Norrkoping,-82.9185577484659,0.98,1.83,3,7,6,14,41.3,58.7,2,1,0,0,4,9
2019-03-31,Kalmar,Sirius,0,2,1.75,3.52,4.87,1.76,3.59,5.26,Allsvenskan,,20190331_Kalmar_Sirius,-37.90518174711474,0.69,1.38,2,7,7,15,41.3,58.7,1,4,0,0,1,9
2019-04-01,Djurgarden,Sundsvall,2,2,1.85,3.35,4.52,1.88,3.36,4.87,Allsvenskan,,20190401_Djurgarden_Sundsvall,31.04167146882196,1.64,1.34,7,3,16,7,52.7,47.3,0,1,0,0,7,6
2019-04-01,Elfsborg,Hammarby,1,1,3.03,3.3,2.33,3.21,3.36,2.37,Allsvenskan,,20190401_Elfsborg_Hammarby,-31.726840532156757,0.35,1.27,1,3,0,8,52.8,47.2,1,1,0,0,4,7
2019-04-01,Malmo FF,Hacken,1,1,1.94,3.19,4.3,1.99,3.17,4.62,Allsvenskan,,20190401_Malmo-FF_Hacken,-4.665716840968116,0.12,0.89,1,2,1,4,50.2,49.8,2,2,0,0,3,1
2019-04-06,Hacken,Helsingborg,2,1,1.57,4.01,5.71,1.64,4.02,5.59,Allsvenskan,,20190406_Hacken_Helsingborg,35.47436156644085,0.23,0.66,2,1,4,1,50.1,49.9,2,2,0,0,5,2
2019-04-06,Sundsvall,Malmo FF,3,1,4.39,3.41,1.85,4.79,3.37,1.89,Allsvenskan,,20190406_Sundsvall_Malmo-FF,-49.93330325291481,0.94,2.09,4,7,8,15,46.1,53.9,1,2,0,0,4,6
2019-04-07,Goteborg,Elfsborg,3,0,2.5,3.19,2.86,2.61,3.25,2.94,Allsvenskan,,20190407_Goteborg_Elfsborg,-37.225778948861944,1.51,1.29,3,4,6,12,49.4,50.6,3,2,0,0,3,0
2019-04-07,Hammarby,Kalmar,1,1,1.75,3.53,4.84,1.81,3.41,5.25,Allsvenskan,,20190407_Hammarby_Kalmar,63.63732490814141,1.09,0.75,4,2,11,2,51.2,48.8,5,1,0,0,7,1
2019-04-07,Ostersunds,Falkenbergs,3,2,1.49,4.1,6.73,1.51,4.17,7.39,Allsvenskan,,20190407_Ostersunds_Falkenbergs,9.135714088356963,2.01,0.48,6,2,11,3,54.7,45.3,3,4,0,0,3,3
2019-04-08,Norrkoping,AIK,0,0,2.84,3.05,2.61,2.89,3.17,2.72,Allsvenskan,,20190408_Norrkoping_AIK,26.528870359147277,1.06,0.99,4,4,8,9,46.4,53.6,5,1,0,0,6,7
2019-04-08,Orebro,Djurgarden,0,3,3.75,3.34,2.02,4.2,3.22,2.06,Allsvenskan,,20190408_Orebro_Djurgarden,-80.84397495011831,0.98,1.06,4,3,10,6,49.9,50.1,1,0,0,0,4,4
2019-04-08,Sirius,AFC Eskilstuna,3,2,2.22,3.17,3.38,2.24,3.27,3.58,Allsvenskan,,20190408_Sirius_AFC-Eskilstuna,0.4359534142990924,1.46,1.02,3,3,6,5,49.4,50.6,2,3,0,0,7,6
2019-04-12,AFC Eskilstuna,Orebro,1,1,2.35,3.2,3.08,2.39,3.27,3.27,Allsvenskan,,20190412_AFC-Eskilstuna_Orebro,62.59089500865184,1.14,0.67,4,1,10,3,53.9,46.1,3,3,0,0,6,7
2019-04-13,Falkenbergs,Hacken,0,3,6.27,4.47,1.47,6.39,4.81,1.48,Allsvenskan,,20190413_Falkenbergs_Hacken,-62.31105953450833,0.09,2.28,1,7,3,15,45.1,54.9,0,0,0,0,1,9
2019-04-13,Kalmar,Norrkoping,2,2,2.94,3.14,2.47,3.13,3.21,2.5,Allsvenskan,,20190413_Kalmar_Norrkoping,-114.4945611575306,1.09,1.14,3,5,7,9,41.4,58.6,1,3,0,1,1,4
2019-04-14,AIK,Sirius,2,1,1.38,4.52,8.7,1.4,4.58,9.38,Allsvenskan,,20190414_AIK_Sirius,20.686321598499944,1.98,0.93,6,3,15,7,53.2,46.8,2,3,0,0,3,7
2019-04-14,Elfsborg,Sundsvall,3,1,2.32,3.32,3.03,2.43,3.42,3.06,Allsvenskan,,20190414_Elfsborg_Sundsvall,-38.38097402301241,1.81,1.24,6,5,13,12,47.7,52.3,2,2,0,0,2,5
2019-04-14,Malmo FF,Ostersunds,2,0,1.47,4.28,6.83,1.5,4.08,7.86,Allsvenskan,,20190414_Malmo-FF_Ostersunds,0.9709756779916461,1.14,0.38,3,0,6,2,51.6,48.4,1,3,0,0,3,3
2019-04-15,Djurgarden,Goteborg,2,1,1.6,3.87,5.61,1.6,3.97,6.18,Allsvenskan,,20190415_Djurgarden_Goteborg,73.49237456339642,1.56,0.12,5,1,10,2,59.3,40.7,1,1,0,0,12,3
2019-04-15,Helsingborg,Hammarby,2,1,2.68,3.32,2.58,2.77,3.42,2.65,Allsvenskan,,20190415_Helsingborg_Hammarby,-7.956935242978034,1.01,0.41,3,1,6,2,43.6,56.4,0,2,0,1,5,2
2019-04-19,Norrkoping,Falkenbergs,4,3,1.3,5.33,9.42,1.3,5.4,11.28,Allsvenskan,,20190419_Norrkoping_Falkenbergs,74.493599186972,2.01,1.67,8,5,17,10,50.6,49.4,1,2,0,0,6,5
2019-04-19,Orebro,AIK,2,1,4.52,3.16,1.91,4.87,3.03,2.01,Allsvenskan,,20190419_Orebro_AIK,-116.83069248721813,0.73,1.47,3,7,7,17,46.5,53.5,1,3,0,0,7,8
2019-04-19,Ostersunds,Elfsborg,1,1,2.23,3.24,3.28,2.3,3.27,3.44,Allsvenskan,,20190419_Ostersunds_Elfsborg,34.63085580635925,1.18,1.24,3,4,8,7,56.7,43.3,1,1,0,0,1,4
2019-04-20,Sirius,Malmo FF,0,1,5.4,4.07,1.58,5.59,4.11,1.63,Allsvenskan,,20190420_Sirius_Malmo-FF,-33.674510738236904,0.4,0.29,2,1,6,1,42.3,57.7,2,3,0,1,5,3
2019-04-20,Sundsvall,Kalmar,1,2,2.31,3.2,3.14,2.4,3.24,3.27,Allsvenskan,,20190420_Sundsvall_Kalmar,39.88488866623493,0.16,1.27,1,5,1,9,50.3,49.7,0,1,0,0,2,7
2019-04-21,Hacken,Djurgarden,0,1,1.83,3.58,4.24,1.85,3.75,4.42,Allsvenskan,,20190421_Hacken_Djurgarden,27.267369177852515,0.29,0.92,1,3,4,8,45.5,54.5,1,4,0,0,1,4
2019-04-21,Hammarby,AFC Eskilstuna,3,1,1.38,4.68,8.18,1.37,4.87,9.44,Allsvenskan,,20190421_Hammarby_AFC-Eskilstuna,4.4513467279884935,1.05,1.38,3,5,7,8,52.5,47.5,3,2,0,0,4,5
2019-04-22,Goteborg,Helsingborg,3,1,2.41,3.28,2.92,2.48,3.31,3.07,Allsvenskan,,20190422_Goteborg_Helsingborg,-65.12923783364295,1.93,1.44,5,4,11,8,49.4,50.6,0,0,0,0,10,3
2019-04-24,AFC Eskilstuna,Ostersunds,0,1,2.93,3.2,2.45,3.0,3.3,2.54,Allsvenskan,,20190424_AFC-Eskilstuna_Ostersunds,-34.68291177763513,1.48,0.77,6,4,14,8,53.3,46.7,1,3,0,0,8,5
2019-04-24,AIK,Hacken,1,0,2.19,3.15,3.49,2.23,3.14,3.78,Allsvenskan,,20190424_AIK_Hacken,-20.104752468637116,0.54,0.98,1,2,3,6,57.2,42.8,0,4,0,0,6,5
2019-04-24,Elfsborg,Orebro,4,2,1.71,3.75,4.72,1.72,3.92,5.03,Allsvenskan,,20190424_Elfsborg_Orebro,33.01388407212198,1.88,1.41,5,5,12,10,44.9,55.1,1,3,0,0,4,9
2019-04-24,Falkenbergs,Sirius,0,0,2.55,3.42,2.64,2.65,3.46,2.75,Allsvenskan,,20190424_Falkenbergs_Sirius,-20.263594646277397,0.05,0.63,1,3,3,5,48.7,51.3,5,0,0,0,7,4
2019-04-24,Malmo FF,Hammarby,4,1,1.6,3.9,5.5,1.64,3.9,5.9,Allsvenskan,,20190424_Malmo-FF_Hammarby,43.4756534366536,1.02,0.9,5,1,12,5,52.3,47.7,0,1,0,0,6,7
2019-04-25,Djurgarden,Norrkoping,1,1,1.97,3.42,3.8,1.97,3.64,3.99,Allsvenskan,,20190425_Djurgarden_Norrkoping,-16.234586206221593,1.59,0.57,4,1,12,3,55.2,44.8,4,2,0,0,6,1
2019-04-25,Helsingborg,Sundsvall,1,1,2.01,3.42,3.68,1.99,3.58,3.97,Allsvenskan,,20190425_Helsingborg_Sundsvall,19.053619977463768,1.82,0.84,5,3,11,6,54.8,45.2,1,0,0,0,11,8
2019-04-25,Kalmar,Goteborg,1,1,2.3,3.18,3.19,2.38,3.21,3.33,Allsvenskan,,20190425_Kalmar_Goteborg,4.486839586239512,1.26,1.31,4,5,9,12,51.3,48.7,1,1,1,0,5,5
2019-04-27,Sirius,Elfsborg,2,4,3.01,3.34,2.32,3.14,3.42,2.38,Allsvenskan,,20190427_Sirius_Elfsborg,2.2652868538252733,1.89,2.25,6,7,11,14,48.5,51.5,3,0,0,0,6,14
2019-04-28,Hacken,AFC Eskilstuna,3,0,1.31,5.11,10.13,1.32,5.08,11.62,Allsvenskan,,20190428_Hacken_AFC-Eskilstuna,72.69102964058516,2.17,1.28,7,3,16,4,57.5,42.5,0,1,0,0,8,4
2019-04-28,Hammarby,Djurgarden,2,1,2.81,3.2,2.53,2.86,3.31,2.64,Allsvenskan,,20190428_Hammarby_Djurgarden,-56.113559873094346,1.66,1.01,5,2,12,5,44.4,55.6,0,1,0,0,6,7
2019-04-28,Norrkoping,Malmo FF,1,1,3.43,3.35,2.12,3.55,3.42,2.19,Allsvenskan,,20190428_Norrkoping_Malmo-FF,6.739477013612714,0.5,0.96,1,3,1,7,48.8,51.2,3,3,0,0,4,10
2019-04-29,Goteborg,AIK,3,0,3.05,3.04,2.46,3.06,3.07,2.65,Allsvenskan,,20190429_Goteborg_AIK,-85.0280091126358,1.2,0.85,5,3,9,8,48.0,52.0,0,0,0,1,3,4
2019-04-29,Orebro,Kalmar,1,1,2.83,3.16,2.55,2.96,3.22,2.62,Allsvenskan,,20190429_Orebro_Kalmar,-27.75703078123138,0.56,1.05,3,4,7,9,51.5,48.5,3,4,0,0,4,3
2019-04-29,Ostersunds,Helsingborg,3,0,1.99,3.35,3.82,2.04,3.43,4.0,Allsvenskan,,20190429_Ostersunds_Helsingborg,27.479674442029363,1.63,0.07,6,0,13,1,55.1,44.9,3,2,0,1,5,5
2019-04-29,Sundsvall,Falkenbergs,3,1,1.64,3.96,5.05,1.63,4.19,5.36,Allsvenskan,,20190429_Sundsvall_Falkenbergs,3.5711280933585385,0.26,1.57,3,5,5,13,53.4,46.6,1,1,0,0,7,5
2019-05-04,AIK,AFC Eskilstuna,2,1,1.52,3.76,7.22,1.56,3.58,8.41,Allsvenskan,,20190504_AIK_AFC-Eskilstuna,72.6193560102679,2.27,1.71,7,6,16,13,55.8,44.2,3,2,0,0,6,9
2019-05-04,Sirius,Goteborg,2,4,3.04,3.22,2.37,3.14,3.29,2.45,Allsvenskan,,20190504_Sirius_Goteborg,6.467634262247429,1.04,1.71,5,5,11,10,40.8,59.2,1,1,0,0,4,7
2019-05-05,Falkenbergs,Malmo FF,1,2,8.36,4.86,1.36,8.67,4.91,1.38,Allsvenskan,,20190505_Falkenbergs_Malmo-FF,-97.53572092883405,1.31,1.61,4,2,7,7,42.4,57.6,0,0,0,0,4,4
2019-05-05,Hacken,Sundsvall,1,0,1.46,4.36,6.65,1.49,4.49,6.94,Allsvenskan,,20190505_Hacken_Sundsvall,59.26311897212781,1.21,1.58,3,5,7,11,51.5,48.5,3,1,0,0,3,7
2019-05-05,Kalmar,Ostersunds,1,1,2.11,3.27,3.53,2.16,3.36,3.69,Allsvenskan,,20190505_Kalmar_Ostersunds,-71.18212292633507,0.53,1.1,2,3,6,8,44.8,55.2,2,0,0,0,3,5
2019-05-05,Orebro,Hammarby,2,3,4.21,3.8,1.78,4.46,4.14,1.75,Allsvenskan,,20190505_Orebro_Hammarby,-72.04310399454698,1.32,1.96,3,7,6,14,44.3,55.7,2,4,0,0,4,8
2019-05-06,Elfsborg,Norrkoping,0,0,2.53,3.31,2.74,2.65,3.34,2.83,Allsvenskan,,20190506_Elfsborg_Norrkoping,-63.254675417407725,1.28,1.47,7,3,15,6,53.9,46.1,2,0,0,0,9,6
2019-05-06,Helsingborg,Djurgarden,1,1,3.47,3.34,2.11,3.66,3.42,2.14,Allsvenskan,,20190506_Helsingborg_Djurgarden,-52.8733909194093,0.9,1.49,4,4,9,7,47.9,52.1,2,3,0,0,5,4
2019-05-10,Hammarby,Sirius,2,0,1.34,5.08,8.37,1.35,5.34,8.68,Allsvenskan,,20190510_Hammarby_Sirius,49.84264852018532,1.51,1.45,6,4,11,8,59.9,40.1,2,0,0,0,8,2
2019-05-11,AFC Eskilstuna,Falkenbergs,0,0,2.25,3.22,3.27,2.33,3.24,3.4,Allsvenskan,,20190511_AFC-Eskilstuna_Falkenbergs,-5.964832402672755,0.91,1.0,3,4,8,8,53.7,46.3,3,2,0,0,8,12
2019-05-11,Kalmar,Helsingborg,1,0,1.84,3.49,4.33,1.85,3.62,4.63,Allsvenskan,,20190511_Kalmar_Helsingborg,-20.984230665939094,2.07,0.95,7,3,15,7,39.6,60.4,4,2,0,0,8,4
2019-05-11,Ostersunds,Hacken,1,1,3.35,3.38,2.14,3.45,3.45,2.21,Allsvenskan,,20190511_Ostersunds_Hacken,-27.265945649807236,1.29,1.01,3,3,7,7,52.7,47.3,1,1,0,1,5,3
2019-05-11,Sundsvall,Orebro,1,2,1.75,3.69,4.55,1.78,3.76,4.84,Allsvenskan,,20190511_Sundsvall_Orebro,52.20523387181038,1.14,0.34,2,2,6,3,55.8,44.2,3,0,0,0,1,2
2019-05-12,Djurgarden,AIK,0,2,2.66,2.92,2.91,2.77,2.93,3.05,Allsvenskan,,20190512_Djurgarden_AIK,-3.7980559304253347,1.47,1.0,4,4,10,8,61.4,38.6,4,1,1,0,1,5
2019-05-12,Malmo FF,Elfsborg,4,1,1.45,4.38,6.82,1.49,4.29,7.41,Allsvenskan,,20190512_Malmo-FF_Elfsborg,63.53679941153291,1.7,0.55,4,1,9,0,53.6,46.4,2,1,0,0,9,5
2019-05-13,Norrkoping,Goteborg,1,2,2.28,3.33,3.09,2.38,3.42,3.14,Allsvenskan,,20190513_Norrkoping_Goteborg,77.22922657000436,2.1,0.44,5,2,13,4,55.0,45.0,3,2,0,1,9,3
2019-05-14,Hammarby,Ostersunds,4,0,1.49,4.37,6.2,1.51,4.61,6.32,Allsvenskan,,20190514_Hammarby_Ostersunds,-3.660834277728327,2.37,0.19,8,1,17,2,53.2,46.8,1,0,0,0,5,2
2019-05-15,Elfsborg,AFC Eskilstuna,1,0,1.54,3.97,6.11,1.56,4.01,6.81,Allsvenskan,,20190515_Elfsborg_AFC-Eskilstuna,47.36215703425796,1.07,1.13,2,3,3,6,49.7,50.3,2,2,0,0,2,4
2019-05-15,Falkenbergs,Djurgarden,0,3,3.99,3.49,1.9,4.23,3.61,1.92,Allsvenskan,,20190515_Falkenbergs_Djurgarden,-70.24906933661919,0.84,1.21,3,3,8,5,43.7,56.3,1,0,0,0,2,2
2019-05-15,Hacken,Kalmar,1,0,1.84,3.42,4.41,1.85,3.53,4.72,Allsvenskan,,20190515_Hacken_Kalmar,79.9349510279435,1.51,0.54,5,1,12,1,56.0,44.0,5,1,0,0,3,3
2019-05-15,Helsingborg,AIK,1,3,3.05,3.04,2.47,3.13,3.1,2.57,Allsvenskan,,20190515_Helsingborg_AIK,-77.63973372015334,1.58,1.38,5,3,10,6,39.3,60.7,2,2,0,0,7,2
2019-05-15,Sirius,Sundsvall,1,0,2.57,3.23,2.74,2.63,3.33,2.86,Allsvenskan,,20190515_Sirius_Sundsvall,-7.411772892797444,1.02,1.0,2,3,4,6,49.2,50.8,2,0,0,0,5,2
2019-05-16,Goteborg,Malmo FF,0,0,3.17,3.22,2.29,3.37,3.26,2.34,Allsvenskan,,20190516_Goteborg_Malmo-FF,-77.03851772564781,0.67,1.66,0,5,1,9,52.0,48.0,1,1,0,0,2,11
2019-05-16,Orebro,Norrkoping,1,2,3.75,3.62,1.93,3.98,3.84,1.92,Allsvenskan,,20190516_Orebro_Norrkoping,-108.08834442938087,1.32,1.09,3,4,5,7,37.3,62.7,1,0,0,0,2,6
2019-05-18,AFC Eskilstuna,Helsingborg,1,1,2.94,3.1,2.5,3.26,3.06,2.52,Allsvenskan,,20190518_AFC-Eskilstuna_Helsingborg,-26.709924513010492,0.8,0.5,2,1,3,3,48.3,51.7,5,2,0,0,5,3
2019-05-19,Djurgarden,Elfsborg,2,0,1.77,3.55,4.69,1.76,3.63,5.25,Allsvenskan,,20190519_Djurgarden_Elfsborg,27.67173748852315,1.45,0.61,5,4,12,9,51.6,48.4,1,0,0,0,7,1
2019-05-19,Malmo FF,Kalmar,1,0,1.59,3.86,5.83,1.61,3.84,6.46,Allsvenskan,,20190519_Malmo-FF_Kalmar,107.06564192497513,0.72,0.87,2,3,5,8,50.0,50.0,2,0,0,0,3,8
2019-05-19,Sirius,Hacken,3,4,4.57,3.71,1.75,4.79,3.75,1.79,Allsvenskan,,20190519_Sirius_Hacken,-96.5011325567225,1.21,1.79,6,5,14,8,42.4,57.6,1,2,0,0,9,6
2019-05-20,AIK,Falkenbergs,2,0,1.42,4.21,8.39,1.43,4.21,9.66,Allsvenskan,,20190520_AIK_Falkenbergs,116.75317184852952,0.73,0.9,2,3,2,8,50.1,49.9,0,2,0,0,4,7
2019-05-20,Goteborg,Hammarby,0,0,2.48,3.3,2.82,2.6,3.28,2.93,Allsvenskan,,20190520_Goteborg_Hammarby,-37.03783966261744,1.27,1.28,2,5,6,10,49.7,50.3,3,2,0,0,3,4
2019-05-20,Norrkoping,Sundsvall,2,0,1.54,4.1,5.88,1.56,4.06,6.58,Allsvenskan,,20190520_Norrkoping_Sundsvall,104.10109268832889,1.74,0.72,6,3,13,6,55.5,44.5,3,1,0,0,7,4
2019-05-20,Ostersunds,Orebro,1,3,1.88,3.7,3.88,1.92,3.65,4.18,Allsvenskan,,20190520_Ostersunds_Orebro,87.55432813650873,0.96,2.44,5,8,9,17,52.4,47.6,1,1,0,0,4,6
2019-05-24,Sundsvall,AIK,1,1,3.77,3.15,2.08,3.94,3.16,2.16,Allsvenskan,,20190524_Sundsvall_AIK,-123.53890274515311,0.97,0.43,3,1,6,1,43.4,56.6,1,1,0,0,6,3
2019-05-25,Hacken,Goteborg,1,2,2.17,3.33,3.32,2.28,3.35,3.41,Allsvenskan,,20190525_Hacken_Goteborg,70.72112091833174,1.01,1.4,3,5,9,8,48.8,51.2,1,0,0,0,4,4
2019-05-25,Helsingborg,Falkenbergs,1,1,1.92,3.51,3.91,1.98,3.52,4.07,Allsvenskan,,20190525_Helsingborg_Falkenbergs,27.58108265620649,0.48,0.74,1,3,1,7,53.9,46.1,2,0,0,0,1,3
2019-05-25,Malmo FF,AFC Eskilstuna,5,0,1.33,5.01,9.2,1.34,5.06,9.86,Allsvenskan,,20190525_Malmo-FF_AFC-Eskilstuna,145.80858940432677,2.19,0.85,7,0,16,1,55.3,44.7,5,2,0,0,10,0
2019-05-26,Djurgarden,Ostersunds,3,1,1.57,4.02,5.75,1.58,4.09,6.19,Allsvenskan,,20190526_Djurgarden_Ostersunds,38.83237680994989,0.8,1.36,3,5,8,12,48.4,51.6,2,0,0,0,3,7
2019-05-26,Kalmar,Elfsborg,1,1,2.07,3.24,3.69,2.12,3.3,3.9,Allsvenskan,,20190526_Kalmar_Elfsborg,-34.23039367260208,1.78,1.42,6,5,12,12,50.5,49.5,0,1,0,0,9,6
2019-05-27,Hammarby,Norrkoping,2,2,2.08,3.5,3.37,2.13,3.63,3.48,Allsvenskan,,20190527_Hammarby_Norrkoping,-26.490170405639446,1.24,1.73,5,6,12,13,45.3,54.7,2,1,0,0,6,5
2019-05-27,Orebro,Sirius,0,2,2.24,3.4,3.11,2.37,3.47,3.12,Allsvenskan,,20190527_Orebro_Sirius,-14.141111558385546,0.54,0.47,2,3,5,7,51.7,48.3,2,2,0,0,8,6
2019-05-28,Malmo FF,Sundsvall,2,1,1.33,5.09,9.01,1.32,5.34,10.14,Allsvenskan,,20190528_Malmo-FF_Sundsvall,142.22591799731094,0.73,1.16,2,4,5,8,51.8,48.2,2,0,0,0,7,3
2019-06-01,Falkenbergs,Kalmar,0,0,3.05,3.18,2.38,3.13,3.23,2.48,Allsvenskan,,20190601_Falkenbergs_Kalmar,-24.853667497809965,1.39,1.45,4,4,10,6,47.8,52.2,3,1,0,1,6,7
2019-06-01,Goteborg,Orebro,0,1,1.5,4.28,6.1,1.51,4.4,6.8,Allsvenskan,,20190601_Goteborg_Orebro,83.34264100024916,0.74,0.2,3,1,7,2,50.7,49.3,0,1,0,0,7,3
2019-06-01,Ostersunds,Sundsvall,1,1,2.04,3.48,3.52,2.06,3.56,3.77,Allsvenskan,,20190601_Ostersunds_Sundsvall,52.93321601084858,0.28,0.82,3,2,8,7,49.0,51.0,2,1,0,0,1,5
2019-06-01,Sirius,Djurgarden,0,2,4.14,3.56,1.86,4.25,3.64,1.91,Allsvenskan,,20190601_Sirius_Djurgarden,-81.47489212804908,1.05,1.56,5,5,10,12,46.9,53.1,1,1,0,0,3,7
2019-06-02,AFC Eskilstuna,Norrkoping,0,2,5.55,3.89,1.6,5.79,3.97,1.63,Allsvenskan,,20190602_AFC-Eskilstuna_Norrkoping,-134.17190024734464,0.69,1.09,0,3,0,4,42.2,57.8,1,1,0,0,1,6
2019-06-02,AIK,Hammarby,2,0,2.43,3.04,3.1,2.51,3.06,3.27,Allsvenskan,,20190602_AIK_Hammarby,23.902411570208187,2.24,0.79,6,3,12,7,60.8,39.2,5,1,0,0,4,4
2019-06-02,Elfsborg,Hacken,0,0,2.9,3.27,2.43,3.01,3.31,2.52,Allsvenskan,,20190602_Elfsborg_Hacken,-68.21225432760684,1.32,0.74,4,2,12,5,47.1,52.9,1,4,0,0,7,2
2019-06-02,Helsingborg,Malmo FF,0,1,5.38,3.87,1.62,5.94,4.04,1.61,Allsvenskan,,20190602_Helsingborg_Malmo-FF,-136.47573795707717,0.05,1.31,0,5,0,10,42.3,57.7,2,1,0,0,1,4
2019-06-25,AIK,Norrkoping,0,2,1.95,3.32,4.07,1.97,3.4,4.32,Allsvenskan,,20190625_AIK_Norrkoping,2.831045013464518,0.7,0.48,2,2,5,4,60.8,39.2,3,1,1,0,4,2
2019-06-28,Orebro,Helsingborg,0,1,2.68,3.28,2.59,2.8,3.35,2.63,Allsvenskan,,20190628_Orebro_Helsingborg,-3.6461142061853025,0.52,1.15,2,3,4,7,51.1,48.9,6,0,0,0,4,2
2019-06-29,Falkenbergs,Elfsborg,2,1,2.73,3.2,2.6,2.85,3.22,2.68,Allsvenskan,,20190629_Falkenbergs_Elfsborg,-58.196332981583964,0.1,0.76,2,3,1,6,52.0,48.0,1,0,0,0,6,3
2019-06-29,Ostersunds,Goteborg,0,0,3.51,3.29,2.12,3.8,3.23,2.16,Allsvenskan,,20190629_Ostersunds_Goteborg,-11.853628207208885,1.55,0.6,4,3,9,6,55.8,44.2,1,4,0,0,2,4
2019-06-29,Sundsvall,AFC Eskilstuna,0,0,2.11,3.0,3.96,2.13,2.99,4.33,Allsvenskan,,20190629_Sundsvall_AFC-Eskilstuna,20.115644747708075,1.15,1.53,4,3,9,6,40.2,59.8,1,2,0,0,10,6
2019-06-30,AIK,Malmo FF,0,0,3.47,2.97,2.29,3.56,3.05,2.35,Allsvenskan,,20190630_AIK_Malmo-FF,-42.65998405919072,1.3,0.54,5,3,12,4,42.2,57.8,5,1,0,0,8,2
2019-06-30,Norrkoping,Sirius,0,1,1.44,4.58,6.76,1.47,4.63,6.96,Allsvenskan,,20190630_Norrkoping_Sirius,120.75187708071144,0.76,1.52,4,4,8,7,57.7,42.3,4,1,0,0,5,4
2019-07-01,Djurgarden,Kalmar,2,0,1.99,3.21,4.04,2.04,3.18,4.34,Allsvenskan,,20190701_Djurgarden_Kalmar,103.57392010702688,0.87,0.58,2,2,4,4,51.4,48.6,2,2,0,0,5,1
2019-07-01,Hacken,Hammarby,2,0,2.0,3.63,3.5,2.02,3.8,3.62,Allsvenskan,,20190701_Hacken_Hammarby,29.759095233836888,0.94,0.51,3,3,6,7,47.8,52.2,1,1,0,0,4,4
2019-07-06,Goteborg,Sundsvall,2,1,1.66,3.53,5.6,1.65,3.68,5.92,Allsvenskan,,20190706_Goteborg_Sundsvall,61.44312164284679,1.52,1.45,5,6,10,13,49.6,50.4,2,2,0,0,7,7
2019-07-06,Kalmar,AIK,0,1,2.79,2.78,2.91,2.8,2.81,3.07,Allsvenskan,,20190706_Kalmar_AIK,-113.00461444966868,1.36,1.62,5,3,12,7,51.1,48.9,1,1,0,0,4,4
2019-07-06,Malmo FF,Orebro,2,1,1.21,6.31,13.11,1.21,6.6,14.07,Allsvenskan,,20190706_Malmo-FF_Orebro,165.55916263696417,2.08,1.05,6,3,14,7,54.4,45.6,2,1,0,1,4,5
2019-07-06,Sirius,Ostersunds,1,1,2.24,3.3,3.2,2.29,3.28,3.34,Allsvenskan,,20190706_Sirius_Ostersunds,-13.13486346923446,1.03,0.15,3,1,8,4,48.5,51.5,2,1,0,0,3,4
2019-07-07,Hammarby,Falkenbergs,6,2,1.37,5.13,7.21,1.38,5.22,7.56,Allsvenskan,,20190707_Hammarby_Falkenbergs,67.03107531060573,1.99,1.14,7,3,15,6,55.9,44.1,1,2,0,1,11,2
2019-07-07,Norrkoping,Hacken,2,1,2.49,3.36,2.76,2.58,3.39,2.79,Allsvenskan,,20190707_Norrkoping_Hacken,-1.2235648929031413,1.32,1.7,4,5,7,9,54.4,45.6,1,1,0,0,5,7
2019-07-08,AFC Eskilstuna,Djurgarden,1,1,6.39,3.75,1.56,6.52,3.86,1.58,Allsvenskan,,20190708_AFC-Eskilstuna_Djurgarden,-148.46312766752908,0.92,1.27,4,4,9,8,54.1,45.9,2,0,0,0,6,4
2019-07-08,Elfsborg,Helsingborg,1,1,2.06,3.34,3.6,2.13,3.34,3.69,Allsvenskan,,20190708_Elfsborg_Helsingborg,15.022584210568766,1.81,0.17,6,1,14,3,50.8,49.2,1,0,0,0,14,1
2019-07-13,AFC Eskilstuna,Kalmar,3,1,3.69,3.07,2.16,3.79,3.16,2.2,Allsvenskan,,20190713_AFC-Eskilstuna_Kalmar,-14.773300644371602,2.09,0.12,4,1,9,2,50.4,49.6,3,2,0,0,7,3
2019-07-13,AIK,Elfsborg,3,0,1.77,3.35,5.08,1.81,3.32,5.49,Allsvenskan,,20190713_AIK_Elfsborg,92.16200896567466,0.97,1.19,4,5,9,9,48.7,51.3,2,0,0,0,4,7
2019-07-13,Falkenbergs,Goteborg,1,1,3.79,3.54,1.95,3.91,3.62,2.0,Allsvenskan,,20190713_Falkenbergs_Goteborg,-72.56772053208852,0.17,1.17,1,3,0,6,47.4,52.6,1,2,0,0,3,7
2019-07-14,Djurgarden,Malmo FF,1,1,2.9,3.13,2.52,2.96,3.21,2.59,Allsvenskan,,20190714_Djurgarden_Malmo-FF,-43.6239722017051,1.5,1.49,4,4,10,8,55.3,44.7,2,1,0,0,7,8
2019-07-14,Hacken,Orebro,3,0,1.37,4.86,7.91,1.38,4.98,8.56,Allsvenskan,,20190714_Hacken_Orebro,125.57922387327653,1.01,1.82,3,6,5,13,50.8,49.2,1,1,0,0,3,5
2019-07-14,Ostersunds,Norrkoping,2,1,3.59,3.5,2.02,3.79,3.64,2.02,Allsvenskan,,20190714_Ostersunds_Norrkoping,-88.09185745656032,1.54,0.82,3,4,6,11,39.9,60.1,1,2,0,0,4,6
2019-07-15,Helsingborg,Sirius,1,0,1.94,3.4,4.0,1.97,3.51,4.15,Allsvenskan,,20190715_Helsingborg_Sirius,-13.52895728290764,1.51,0.43,5,2,8,4,49.8,50.2,3,3,0,0,8,2
2019-07-15,Sundsvall,Hammarby,2,3,5.46,4.07,1.58,5.83,4.23,1.58,Allsvenskan,,20190715_Sundsvall_Hammarby,-95.13210205595124,0.51,0.82,2,3,6,8,49.7,50.3,2,3,0,0,2,4
2019-07-20,AIK,Helsingborg,2,0,1.75,3.4,5.16,1.78,3.45,5.36,Allsvenskan,,20190720_AIK_Helsingborg,102.5699330534128,1.46,0.09,5,2,11,2,49.1,50.9,4,0,0,0,6,2
2019-07-20,Orebro,Falkenbergs,4,0,2.36,3.45,2.89,2.46,3.49,2.92,Allsvenskan,,20190720_Orebro_Falkenbergs,-19.481586095028206,1.45,1.01,4,5,8,12,51.9,48.1,3,3,0,0,3,6
2019-07-20,Sundsvall,Hacken,0,1,5.5,3.82,1.63,5.84,3.97,1.63,Allsvenskan,,20190720_Sundsvall_Hacken,-141.7212636110769,0.43,0.46,0,2,0,7,47.9,52.1,1,0,0,0,3,3
2019-07-21,Goteborg,AFC Eskilstuna,1,0,1.45,4.19,7.55,1.45,4.38,8.03,Allsvenskan,,20190721_Goteborg_AFC-Eskilstuna,70.25307351757647,1.57,0.2,5,2,8,6,48.0,52.0,0,3,0,0,4,5
2019-07-21,Malmo FF,Sirius,1,1,1.3,5.13,10.65,1.3,5.22,12.13,Allsvenskan,,20190721_Malmo-FF_Sirius,141.7641914211215,0.97,0.86,3,3,10,7,57.1,42.9,0,0,0,0,6,5
2019-07-21,Norrkoping,Ostersunds,3,0,1.57,4.22,5.42,1.6,4.38,5.45,Allsvenskan,,20190721_Norrkoping_Ostersunds,58.133818416866234,1.73,1.35,5,3,12,6,50.5,49.5,2,1,0,0,4,8
2019-07-22,Hammarby,Elfsborg,5,2,1.48,4.49,6.18,1.51,4.62,6.26,Allsvenskan,,20190722_Hammarby_Elfsborg,64.73272643151904,2.3,1.99,7,6,16,14,50.9,49.1,1,2,0,0,13,7
2019-07-22,Kalmar,Djurgarden,0,1,3.52,3.19,2.16,3.66,3.2,2.23,Allsvenskan,,20190722_Kalmar_Djurgarden,-138.02489809140252,0.19,1.76,0,6,0,13,45.1,54.9,1,1,0,0,1,3
2019-07-27,AFC Eskilstuna,Hammarby,1,6,6.64,4.45,1.46,6.77,4.65,1.48,Allsvenskan,,20190727_AFC-Eskilstuna_Hammarby,-114.80305927935683,1.95,2.41,6,6,13,13,42.7,57.3,0,1,0,0,4,5
2019-07-27,Falkenbergs,Sundsvall,2,0,2.18,3.35,3.3,2.14,3.49,3.56,Allsvenskan,,20190727_Falkenbergs_Sundsvall,14.62682616556981,1.07,1.45,4,5,10,12,53.6,46.4,1,0,0,1,2,5
2019-07-27,Sirius,AIK,0,2,3.78,3.12,2.1,4.01,3.18,2.12,Allsvenskan,,20190727_Sirius_AIK,-117.89027888488704,1.0,0.82,2,5,3,13,46.6,53.4,1,3,1,0,7,9
2019-07-28,Djurgarden,Hacken,2,0,2.1,3.37,3.49,2.13,3.5,3.58,Allsvenskan,,20190728_Djurgarden_Hacken,3.478876538428949,1.81,1.04,8,3,16,8,50.9,49.1,1,2,0,0,9,4
2019-07-28,Goteborg,Norrkoping,0,0,2.31,3.29,3.09,2.37,3.34,3.19,Allsvenskan,,20190728_Goteborg_Norrkoping,-54.59974025053248,1.12,0.99,5,3,10,7,49.2,50.8,2,2,0,0,8,3
2019-07-28,Ostersunds,Malmo FF,0,0,3.8,3.37,2.0,3.85,3.31,2.11,Allsvenskan,,20190728_Ostersunds_Malmo-FF,-107.45923681096951,0.78,1.02,1,3,0,5,50.3,49.7,0,3,0,0,4,5
2019-07-29,Elfsborg,Kalmar,2,1,2.28,3.3,3.14,2.36,3.33,3.22,Allsvenskan,,20190729_Elfsborg_Kalmar,38.60008074610823,0.46,1.15,2,4,5,8,54.6,45.4,1,1,0,0,3,5
2019-07-29,Helsingborg,Orebro,1,4,2.05,3.39,3.63,2.1,3.43,3.76,Allsvenskan,,20190729_Helsingborg_Orebro,33.67160601784872,1.56,1.96,3,4,7,9,50.5,49.5,2,1,0,0,9,5
2019-08-03,Falkenbergs,Helsingborg,1,1,2.67,3.25,2.64,2.77,3.34,2.67,Allsvenskan,,20190803_Falkenbergs_Helsingborg,-14.879897390110273,1.12,0.81,2,1,4,1,52.6,47.4,1,2,0,0,1,1
2019-08-03,Ostersunds,AFC Eskilstuna,1,2,1.64,3.85,5.21,1.62,4.05,5.73,Allsvenskan,,20190803_Ostersunds_AFC-Eskilstuna,77.68047925693372,0.86,0.77,4,2,8,2,52.7,47.3,4,0,0,0,4,3
2019-08-04,Hacken,Sirius,4,1,1.47,4.38,6.5,1.47,4.56,7.04,Allsvenskan,,20190804_Hacken_Sirius,96.68391261488819,1.93,0.78,7,3,18,7,52.1,47.9,2,1,0,0,5,3
2019-08-04,Kalmar,Hammarby,2,2,3.89,3.72,1.87,4.03,3.82,1.91,Allsvenskan,,20190804_Kalmar_Hammarby,-141.75763798070102,1.27,1.7,6,7,14,18,42.8,57.2,1,0,0,0,7,8
2019-08-05,Elfsborg,Djurgarden,0,1,4.8,3.89,1.68,5.25,4.03,1.67,Allsvenskan,,20190805_Elfsborg_Djurgarden,-115.56980041265115,0.58,1.04,2,4,4,10,47.2,52.8,1,2,0,0,5,7
2019-08-05,Orebro,Goteborg,2,2,3.03,3.21,2.39,3.18,3.16,2.48,Allsvenskan,,20190805_Orebro_Goteborg,-72.75315517213448,0.86,1.87,4,5,9,11,50.7,49.3,2,0,0,0,7,8
2019-08-10,Djurgarden,Sirius,4,0,1.38,4.75,8.03,1.38,4.9,8.71,Allsvenskan,,20190810_Djurgarden_Sirius,140.81609557352,1.95,1.06,5,5,9,11,63.4,36.6,2,2,0,0,5,4
2019-08-10,Sundsvall,Ostersunds,1,1,2.42,3.16,3.02,2.48,3.2,3.14,Allsvenskan,,20190810_Sundsvall_Ostersunds,-81.42971009406074,0.14,1.12,1,5,4,13,43.3,56.7,1,1,0,0,7,6
2019-08-11,AFC Eskilstuna,AIK,2,4,7.14,3.75,1.53,8.09,3.82,1.53,Allsvenskan,,20190811_AFC-Eskilstuna_AIK,-160.38990263032247,1.74,1.75,6,4,13,12,39.7,60.3,2,1,0,0,7,8
2019-08-11,Hacken,Malmo FF,1,1,2.76,3.23,2.57,2.92,3.23,2.61,Allsvenskan,,20190811_Hacken_Malmo-FF,-31.532927319087094,0.47,1.77,1,7,0,14,47.8,52.2,1,1,0,0,0,7
2019-08-11,Hammarby,Helsingborg,2,1,1.46,4.59,6.26,1.47,4.76,6.57,Allsvenskan,,20190811_Hammarby_Helsingborg,92.91297443823737,1.25,1.04,5,3,10,7,56.2,43.8,0,1,0,0,6,3
2019-08-11,Norrkoping,Elfsborg,2,0,1.62,3.95,5.23,1.64,4.01,5.62,Allsvenskan,,20190811_Norrkoping_Elfsborg,109.18075133890807,1.8,0.54,4,2,9,6,55.1,44.9,0,4,0,0,6,6
2019-08-12,Goteborg,Falkenbergs,1,1,1.76,3.73,4.46,1.79,3.72,4.75,Allsvenskan,,20190812_Goteborg_Falkenbergs,77.28981405038508,0.58,0.92,1,2,3,4,54.0,46.0,3,1,0,0,2,2
2019-08-12,Kalmar,Orebro,1,1,2.13,3.29,3.5,2.14,3.38,3.66,Allsvenskan,,20190812_Kalmar_Orebro,-35.19929790761671,0.57,0.93,1,3,2,6,54.1,45.9,0,2,0,0,2,3
2019-08-17,Hammarby,Sundsvall,3,0,1.31,5.31,9.24,1.33,5.5,9.38,Allsvenskan,,20190817_Hammarby_Sundsvall,150.99947120805268,0.63,0.73,3,2,9,6,54.0,46.0,0,2,0,1,4,1
2019-08-18,AIK,Kalmar,1,2,1.72,3.37,5.54,1.75,3.36,5.96,Allsvenskan,,20190818_AIK_Kalmar,186.60738169425076,1.64,2.67,5,8,13,17,55.3,44.7,1,1,0,0,7,11
2019-08-18,Malmo FF,Falkenbergs,5,0,1.25,5.94,11.16,1.26,6.22,11.51,Allsvenskan,,20190818_Malmo-FF_Falkenbergs,154.48996490768263,0.7,1.49,5,4,11,10,53.3,46.7,3,2,0,0,4,8
2019-08-18,Orebro,Hacken,1,2,3.75,3.56,1.95,3.93,3.69,1.97,Allsvenskan,,20190818_Orebro_Hacken,-119.47712717179252,1.33,1.28,5,4,11,9,46.6,53.4,1,3,0,0,7,7
2019-08-18,Sirius,Norrkoping,0,2,3.98,3.68,1.87,4.27,3.95,1.82,Allsvenskan,,20190818_Sirius_Norrkoping,-133.86309195070407,0.05,0.91,1,3,3,7,50.9,49.1,2,0,0,0,1,9
2019-08-19,Djurgarden,AFC Eskilstuna,3,0,1.15,7.47,18.06,1.16,7.84,19.82,Allsvenskan,,20190819_Djurgarden_AFC-Eskilstuna,172.62550042594808,0.9,1.33,3,3,8,7,52.1,47.9,0,3,0,0,3,2
2019-08-19,Elfsborg,Ostersunds,4,1,1.91,3.51,3.98,1.95,3.57,4.16,Allsvenskan,,20190819_Elfsborg_Ostersunds,-27.44076509282695,2.61,0.86,8,1,16,1,50.6,49.4,2,3,0,0,10,2
2019-08-19,Helsingborg,Goteborg,1,2,2.89,3.09,2.55,2.92,3.16,2.66,Allsvenskan,,20190819_Helsingborg_Goteborg,-69.6761145317314,0.27,2.41,1,8,2,15,38.8,61.2,0,1,0,0,4,4
2019-08-24,Sirius,Orebro,3,4,2.43,3.4,2.83,2.46,3.46,2.95,Allsvenskan,,20190824_Sirius_Orebro,-2.7315063763328453,1.78,2.86,5,11,11,20,48.1,51.9,0,2,0,0,3,8
2019-08-25,AFC Eskilstuna,Hacken,0,2,8.6,4.9,1.36,8.58,5.22,1.36,Allsvenskan,,20190825_AFC-Eskilstuna_Hacken,-154.1947207193275,1.06,1.79,4,5,10,9,48.3,51.7,0,4,0,0,5,5
2019-08-25,Malmo FF,Djurgarden,0,1,1.91,3.4,4.17,1.93,3.53,4.3,Allsvenskan,,20190825_Malmo-FF_Djurgarden,-3.077424695754189,0.74,1.47,3,6,6,14,52.9,47.1,1,2,1,0,2,9
2019-08-25,Norrkoping,Helsingborg,5,0,1.42,4.62,7.44,1.45,4.65,7.36,Allsvenskan,,20190825_Norrkoping_Helsingborg,151.20417519199395,1.96,1.42,7,5,13,11,57.3,42.7,3,3,0,0,7,11
2019-08-25,Ostersunds,AIK,1,3,4.4,3.4,1.87,4.58,3.55,1.87,Allsvenskan,,20190825_Ostersunds_AIK,-116.62913624293174,1.39,1.68,5,5,11,10,45.9,54.1,1,1,0,0,4,6
2019-08-26,Falkenbergs,Hammarby,0,2,5.6,4.68,1.5,5.67,4.85,1.52,Allsvenskan,,20190826_Falkenbergs_Hammarby,-127.0846022427761,0.64,1.1,1,4,4,10,50.1,49.9,1,3,0,0,3,5
2019-08-26,Goteborg,Kalmar,4,0,1.99,3.34,3.91,2.0,3.47,4.07,Allsvenskan,,20190826_Goteborg_Kalmar,90.89687454727823,1.5,1.19,5,4,12,8,46.1,53.9,1,0,0,0,3,5
2019-08-26,Sundsvall,Elfsborg,1,2,2.47,3.26,2.89,2.45,3.32,3.06,Allsvenskan,,20190826_Sundsvall_Elfsborg,-68.50055060271961,2.56,1.52,9,6,20,12,44.5,55.5,0,3,0,0,4,7
2019-08-30,Helsingborg,Ostersunds,2,0,2.14,3.23,3.54,2.18,3.26,3.71,Allsvenskan,,20190830_Helsingborg_Ostersunds,-31.196538434872537,0.8,1.69,2,5,3,8,45.5,54.5,1,1,0,0,5,7
2019-08-31,Elfsborg,Sirius,1,1,2.0,3.54,3.61,2.07,3.5,3.75,Allsvenskan,,20190831_Elfsborg_Sirius,50.09367409783317,0.36,0.44,2,1,5,0,51.9,48.1,3,0,1,0,3,0
2019-08-31,Orebro,AFC Eskilstuna,3,1,1.64,3.81,5.32,1.65,3.96,5.53,Allsvenskan,,20190831_Orebro_AFC-Eskilstuna,37.564246302674064,2.13,0.3,7,1,15,2,50.9,49.1,3,1,0,0,7,2
2019-09-01,AIK,Djurgarden,1,0,2.79,2.94,2.77,2.89,2.99,2.83,Allsvenskan,,20190901_AIK_Djurgarden,-26.740592358094545,0.72,0.64,1,3,1,6,42.5,57.5,1,3,1,0,1,6
2019-09-01,Hacken,Falkenbergs,4,1,1.35,5.28,7.66,1.36,5.5,8.07,Allsvenskan,,20190901_Hacken_Falkenbergs,154.94296631168913,2.18,1.84,6,7,12,15,59.6,40.4,1,2,0,0,9,8
2019-09-01,Kalmar,Malmo FF,0,5,4.46,3.42,1.84,4.72,3.48,1.87,Allsvenskan,,20190901_Kalmar_Malmo-FF,-167.7509974111506,0.5,2.57,1,8,4,16,42.9,57.1,2,3,0,0,7,9
2019-09-01,Norrkoping,Hammarby,2,0,2.3,3.57,2.91,2.3,3.62,3.09,Allsvenskan,,20190901_Norrkoping_Hammarby,23.133073719560798,0.47,1.62,2,6,4,13,52.6,47.4,3,3,0,0,5,2
2019-09-01,Sundsvall,Goteborg,0,2,3.66,3.46,2.01,3.8,3.5,2.06,Allsvenskan,,20190901_Sundsvall_Goteborg,-145.341787541367,0.72,0.57,0,2,0,4,48.4,51.6,2,2,0,0,4,3
2019-09-13,Sirius,Falkenbergs,2,0,2.03,3.56,3.5,2.04,3.67,3.69,Allsvenskan,,20190913_Sirius_Falkenbergs,6.468168297704551,0.05,0.21,2,1,7,1,55.1,44.9,3,3,0,0,3,1
2019-09-14,Orebro,Sundsvall,0,0,2.24,3.29,3.24,2.29,3.32,3.36,Allsvenskan,,20190914_Orebro_Sundsvall,82.23958942427839,0.42,0.65,1,1,2,3,55.7,44.3,1,0,0,0,3,4
2019-09-14,Ostersunds,Kalmar,1,2,2.4,3.25,2.98,2.55,3.28,2.96,Allsvenskan,,20190914_Ostersunds_Kalmar,28.556351318167344,0.26,1.59,1,6,2,15,43.0,57.0,1,2,0,0,1,0
2019-09-15,Hacken,AIK,1,2,2.3,3.09,3.33,2.35,3.13,3.45,Allsvenskan,,20190915_Hacken_AIK,-15.49871992533349,0.69,0.35,1,2,2,4,47.5,52.5,2,3,0,0,1,1
2019-09-15,Hammarby,Goteborg,6,2,1.84,3.76,4.01,1.85,3.92,4.16,Allsvenskan,,20190915_Hammarby_Goteborg,18.84244028444141,2.63,1.36,9,6,20,12,52.8,47.2,1,1,0,0,12,6
2019-09-15,Malmo FF,Norrkoping,1,0,1.53,4.22,5.83,1.54,4.41,6.04,Allsvenskan,,20190915_Malmo-FF_Norrkoping,-6.022084352333422,1.56,0.51,4,1,8,4,56.3,43.7,0,2,0,0,5,3
2019-09-16,AFC Eskilstuna,Elfsborg,2,2,3.35,3.49,2.11,3.34,3.68,2.16,Allsvenskan,,20190916_AFC-Eskilstuna_Elfsborg,-70.10442075508695,1.38,1.97,4,7,11,15,46.0,54.0,1,1,0,0,4,11
2019-09-16,Djurgarden,Helsingborg,2,0,1.31,5.25,9.5,1.32,5.27,10.51,Allsvenskan,,20190916_Djurgarden_Helsingborg,164.80300835825824,0.44,0.89,2,3,8,9,50.6,49.4,1,2,0,0,2,7
2019-09-20,Sundsvall,Djurgarden,1,4,5.45,3.69,1.65,5.81,3.72,1.68,Allsvenskan,,20190920_Sundsvall_Djurgarden,-229.44327065685775,0.96,1.32,2,4,5,8,44.0,56.0,2,0,0,0,3,8
2019-09-21,Falkenbergs,Ostersunds,1,0,1.93,3.62,3.78,1.95,3.74,3.93,Allsvenskan,,20190921_Falkenbergs_Ostersunds,-24.329828780590333,2.02,1.67,8,7,16,18,55.8,44.2,2,1,0,0,9,13
2019-09-21,Goteborg,Sirius,2,1,1.66,3.93,4.96,1.65,4.1,5.37,Allsvenskan,,20190921_Goteborg_Sirius,90.0153938731662,1.57,0.64,4,1,10,2,50.9,49.1,2,0,0,0,6,4
2019-09-21,Kalmar,Hacken,1,1,3.75,3.31,2.04,3.94,3.31,2.09,Allsvenskan,,20190921_Kalmar_Hacken,-147.467118188207,0.09,0.6,1,3,2,5,46.6,53.4,0,1,0,0,3,3
2019-09-21,Norrkoping,Orebro,3,0,1.45,4.55,6.72,1.45,4.68,7.27,Allsvenskan,,20190921_Norrkoping_Orebro,132.57019869951864,1.52,1.3,4,4,9,6,50.6,49.4,2,1,0,0,7,7
2019-09-22,Elfsborg,Malmo FF,0,3,5.26,4.1,1.6,5.44,4.2,1.62,Allsvenskan,,20190922_Elfsborg_Malmo-FF,-139.43952569345788,0.14,2.0,1,7,1,15,45.1,54.9,3,6,0,0,4,5
2019-09-22,Hammarby,AIK,2,1,2.21,3.29,3.3,2.19,3.39,3.54,Allsvenskan,,20190922_Hammarby_AIK,-46.05865064535055,1.09,1.76,4,4,7,9,51.9,48.1,3,2,1,0,5,6
2019-09-22,Helsingborg,AFC Eskilstuna,2,1,1.52,4.15,6.25,1.53,4.32,6.4,Allsvenskan,,20190922_Helsingborg_AFC-Eskilstuna,28.380523478831037,0.89,0.57,3,1,8,2,54.0,46.0,0,0,0,0,4,2
2019-09-24,Djurgarden,Falkenbergs,1,0,1.22,6.6,11.82,1.23,6.91,11.86,Allsvenskan,,20190924_Djurgarden_Falkenbergs,195.98675713519424,0.85,0.14,2,1,4,0,52.5,47.5,2,2,0,0,0,1
2019-09-24,Kalmar,Sundsvall,0,2,2.01,3.36,3.78,2.06,3.4,3.92,Allsvenskan,,20190924_Kalmar_Sundsvall,57.28026625673806,0.78,1.63,3,5,5,12,50.6,49.4,0,3,0,1,4,3
2019-09-25,AIK,Goteborg,1,0,1.86,3.34,4.49,1.85,3.46,4.86,Allsvenskan,,20190925_AIK_Goteborg,65.06049589666236,0.73,0.93,3,4,4,11,48.1,51.9,1,1,0,0,2,6
2019-09-25,Hacken,Elfsborg,1,2,1.44,4.65,6.61,1.45,4.87,6.94,Allsvenskan,,20190925_Hacken_Elfsborg,109.31471005996514,2.24,1.32,8,7,18,15,49.5,50.5,4,2,0,0,6,6
2019-09-25,Orebro,Ostersunds,2,0,2.21,3.38,3.23,2.26,3.46,3.29,Allsvenskan,,20190925_Orebro_Ostersunds,31.86631349964796,1.11,1.11,4,2,10,6,50.6,49.4,4,2,0,0,7,3
2019-09-25,Sirius,Hammarby,1,3,4.94,4.5,1.57,5.01,4.73,1.59,Allsvenskan,,20190925_Sirius_Hammarby,-154.0977990285735,0.59,0.93,1,4,2,8,42.5,57.5,4,1,0,0,2,6
2019-09-26,Malmo FF,Helsingborg,3,0,1.26,5.66,11.43,1.26,5.81,12.86,Allsvenskan,,20190926_Malmo-FF_Helsingborg,172.79037204132305,0.21,1.96,3,6,6,15,52.6,47.4,0,2,0,0,6,13
2019-09-26,Norrkoping,AFC Eskilstuna,4,0,1.19,6.77,14.06,1.21,6.55,15.54,Allsvenskan,,20190926_Norrkoping_AFC-Eskilstuna,205.02523569525215,0.84,1.33,4,6,10,12,56.4,43.6,3,1,0,0,6,7
2019-09-29,AFC Eskilstuna,Malmo FF,0,1,13.0,6.42,1.21,13.21,7.01,1.21,Allsvenskan,,20190929_AFC-Eskilstuna_Malmo-FF,-235.33490671855134,1.2,0.52,3,1,9,2,43.7,56.3,1,2,0,0,2,2
2019-09-29,Elfsborg,AIK,1,1,3.99,3.42,1.94,4.26,3.5,1.95,Allsvenskan,,20190929_Elfsborg_AIK,-133.09302709003282,0.65,1.53,2,3,2,6,44.6,55.4,1,3,0,0,1,4
2019-09-29,Falkenbergs,Norrkoping,0,2,4.43,4.06,1.7,4.45,4.23,1.74,Allsvenskan,,20190929_Falkenbergs_Norrkoping,-189.85898964384978,0.41,1.34,2,3,4,6,37.2,62.8,0,2,0,0,6,6
2019-09-29,Goteborg,Hacken,0,0,3.35,3.38,2.16,3.57,3.49,2.13,Allsvenskan,,20190929_Goteborg_Hacken,-29.52825880237151,0.99,1.06,4,4,10,10,50.3,49.7,2,0,1,0,6,3
2019-09-29,Sundsvall,Sirius,2,1,2.07,3.3,3.66,2.06,3.4,3.93,Allsvenskan,,20190929_Sundsvall_Sirius,-30.831416454356486,0.38,0.72,2,3,4,7,48.7,51.3,0,1,0,0,3,2
2019-09-30,Hammarby,Orebro,5,1,1.19,7.09,12.47,1.21,7.59,11.52,Allsvenskan,,20190930_Hammarby_Orebro,127.90206075504648,2.28,1.4,7,4,14,9,53.4,46.6,1,1,0,0,9,7
2019-09-30,Helsingborg,Kalmar,2,0,2.43,3.09,3.07,2.55,3.08,3.14,Allsvenskan,,20190930_Helsingborg_Kalmar,17.520107870552465,0.73,1.28,2,3,7,7,54.5,45.5,0,2,0,0,7,1
2019-09-30,Ostersunds,Djurgarden,1,2,5.76,4.09,1.55,6.11,4.22,1.56,Allsvenskan,,20190930_Ostersunds_Djurgarden,-214.10516881355284,1.38,1.29,4,5,9,13,45.5,54.5,2,3,0,0,4,10
2019-10-05,AIK,Orebro,2,0,1.3,5.13,10.42,1.31,5.29,11.48,Allsvenskan,,20191005_AIK_Orebro,152.96242711482864,1.24,0.89,3,3,6,5,56.8,43.2,1,0,0,0,4,3
2019-10-05,Sirius,Helsingborg,2,1,2.25,3.27,3.23,2.34,3.22,3.37,Allsvenskan,,20191005_Sirius_Helsingborg,-40.505123209745534,0.64,0.36,2,2,6,5,52.1,47.9,4,1,0,0,3,3
2019-10-05,Sundsvall,Norrkoping,4,4,4.87,3.89,1.68,5.13,4.03,1.68,Allsvenskan,,20191005_Sundsvall_Norrkoping,-206.5635733612296,1.42,0.59,6,4,12,8,43.9,56.1,1,2,0,0,7,3
2019-10-06,Djurgarden,Hammarby,1,2,2.16,3.6,3.13,2.17,3.74,3.26,Allsvenskan,,20191006_Djurgarden_Hammarby,30.17807588874507,1.39,1.76,5,6,13,11,57.1,42.9,2,4,0,0,7,5
2019-10-06,Elfsborg,Falkenbergs,4,0,2.05,3.64,3.36,2.15,3.64,3.38,Allsvenskan,,20191006_Elfsborg_Falkenbergs,74.1808700648021,1.94,0.92,5,2,12,4,54.5,45.5,0,3,0,0,7,3
2019-10-06,Hacken,Ostersunds,1,1,1.48,4.45,6.26,1.51,4.55,6.35,Allsvenskan,,20191006_Hacken_Ostersunds,152.5570617058404,2.32,0.26,9,1,17,4,48.9,51.1,1,2,0,0,9,4
2019-10-06,Kalmar,AFC Eskilstuna,0,0,1.37,4.63,8.9,1.37,4.96,9.09,Allsvenskan,,20191006_Kalmar_AFC-Eskilstuna,25.591890436013273,1.02,0.05,5,0,11,0,48.5,51.5,4,1,0,1,7,2
2019-10-06,Malmo FF,Goteborg,1,0,1.5,4.28,6.27,1.49,4.56,6.78,Allsvenskan,,20191006_Malmo-FF_Goteborg,100.54744607851944,0.87,0.52,3,2,6,5,55.4,44.6,0,2,0,0,6,2
2019-10-18,AFC Eskilstuna,Sundsvall,1,0,3.74,3.48,1.98,3.81,3.68,2.0,Allsvenskan,,20191018_AFC-Eskilstuna_Sundsvall,-26.205922031142336,1.67,1.15,8,2,18,4,50.6,49.4,0,1,0,0,10,7
2019-10-19,Helsingborg,Hacken,0,2,3.12,3.45,2.22,3.16,3.51,2.31,Allsvenskan,,20191019_Helsingborg_Hacken,-114.66104220021748,1.65,1.32,4,4,8,8,44.2,55.8,2,1,0,0,7,6
2019-10-19,Ostersunds,Sirius,2,0,2.03,3.39,3.68,2.05,3.45,3.89,Allsvenskan,,20191019_Ostersunds_Sirius,-14.266836541328075,0.42,0.46,2,2,4,5,49.8,50.2,3,4,0,0,3,4
2019-10-20,Falkenbergs,AIK,1,5,4.74,3.51,1.78,5.0,3.46,1.83,Allsvenskan,,20191020_Falkenbergs_AIK,-215.01473722250967,1.05,1.77,6,7,15,16,44.3,55.7,0,0,0,0,7,13
2019-10-20,Hammarby,Malmo FF,2,0,2.94,3.58,2.28,2.98,3.77,2.3,Allsvenskan,,20191020_Hammarby_Malmo-FF,-26.429504755222297,1.41,0.05,5,2,13,4,49.8,50.2,3,1,0,0,8,7
2019-10-20,Norrkoping,Kalmar,1,0,1.57,4.04,5.67,1.63,4.0,5.72,Allsvenskan,,20191020_Norrkoping_Kalmar,196.1466071941677,0.65,1.15,1,4,2,9,58.0,42.0,0,1,0,0,4,6
2019-10-21,Goteborg,Djurgarden,0,1,4.58,3.67,1.76,4.78,3.78,1.78,Allsvenskan,,20191021_Goteborg_Djurgarden,-95.4586630731826,1.26,2.02,3,6,5,14,44.2,55.8,5,1,0,0,9,8
2019-10-21,Orebro,Elfsborg,2,2,3.25,3.57,2.12,2.88,3.6,2.44,Allsvenskan,,20191021_Orebro_Elfsborg,-45.14813462534994,0.33,0.85,2,2,3,5,47.8,52.2,1,0,0,0,2,5
2019-10-26,Kalmar,Falkenbergs,2,3,1.69,3.7,5.11,1.72,3.74,5.27,Allsvenskan,,20191026_Kalmar_Falkenbergs,8.374192885361936,1.08,1.32,3,4,5,10,52.8,47.2,2,1,0,0,1,5
2019-10-26,Sundsvall,Helsingborg,1,2,1.52,4.15,6.22,1.51,4.39,6.61,Allsvenskan,,20191026_Sundsvall_Helsingborg,-30.147727769978246,1.05,1.1,4,4,9,12,45.6,54.4,0,1,0,0,4,11
2019-10-27,AFC Eskilstuna,Sirius,0,0,2.76,3.33,2.52,2.85,3.46,2.53,Allsvenskan,,20191027_AFC-Eskilstuna_Sirius,-12.512139521061044,0.73,0.55,2,1,3,3,44.7,55.3,3,1,0,0,2,3
2019-10-27,Hacken,Norrkoping,0,1,2.6,3.51,2.57,2.72,3.65,2.55,Allsvenskan,,20191027_Hacken_Norrkoping,-51.371336791547265,0.72,0.08,1,1,1,0,44.7,55.3,2,2,0,0,4,3
2019-10-27,Ostersunds,Hammarby,1,2,7.67,5.16,1.36,8.24,5.33,1.36,Allsvenskan,,20191027_Ostersunds_Hammarby,-203.26649088994031,1.25,0.67,4,3,8,3,43.4,56.6,3,1,0,0,2,1
2019-10-28,Djurgarden,Orebro,3,0,1.13,8.39,19.21,1.12,8.79,22.79,Allsvenskan,,20191028_Djurgarden_Orebro,174.850412757904,0.28,0.56,3,0,6,0,56.7,43.3,1,2,0,0,5,0
2019-10-28,Elfsborg,Goteborg,2,0,2.55,3.51,2.61,2.55,3.6,2.74,Allsvenskan,,20191028_Elfsborg_Goteborg,-19.777888053429933,1.72,0.96,6,1,11,1,49.0,51.0,7,2,0,0,4,2
2019-10-28,Malmo FF,AIK,2,0,1.67,3.64,5.4,1.68,3.79,5.57,Allsvenskan,,20191028_Malmo-FF_AIK,4.611552806698455,0.05,0.85,2,4,5,8,51.3,48.7,3,3,0,0,1,10
2019-11-02,AIK,Sundsvall,2,1,1.74,3.81,4.49,1.74,3.96,4.77,Allsvenskan,,20191102_AIK_Sundsvall,221.2140400569756,1.6,0.05,5,1,10,2,55.6,44.4,1,3,0,0,3,2
2019-11-02,Falkenbergs,AFC Eskilstuna,1,0,1.6,4.18,5.09,1.61,4.43,5.23,Allsvenskan,,20191102_Falkenbergs_AFC-Eskilstuna,8.543059480955662,1.83,0.55,6,3,14,5,46.7,53.3,2,3,0,0,7,4
2019-11-02,Goteborg,Ostersunds,7,1,1.56,4.07,5.77,1.58,4.15,6.03,Allsvenskan,,20191102_Goteborg_Ostersunds,83.21364641522405,2.34,1.45,7,5,13,12,53.9,46.1,1,1,0,0,8,7
2019-11-02,Hammarby,Hacken,4,1,1.37,5.18,7.17,1.38,5.41,7.46,Allsvenskan,,20191102_Hammarby_Hacken,80.85645208344431,1.43,0.63,4,1,9,0,50.8,49.2,1,1,0,0,3,2
2019-11-02,Helsingborg,Elfsborg,1,2,2.6,3.52,2.55,2.73,3.66,2.52,Allsvenskan,,20191102_Helsingborg_Elfsborg,-64.8384830964435,0.84,0.85,2,4,4,8,47.8,52.2,2,1,0,0,2,5
2019-11-02,Norrkoping,Djurgarden,2,2,3.17,3.07,2.39,3.32,3.06,2.46,Allsvenskan,,20191102_Norrkoping_Djurgarden,-9.718953036787298,1.38,0.74,5,2,10,4,52.4,47.6,0,3,0,0,6,4
2019-11-02,Orebro,Malmo FF,0,5,13.83,6.96,1.18,15.84,7.53,1.17,Allsvenskan,,20191102_Orebro_Malmo-FF,-193.7512571104853,1.39,1.22,4,5,8,11,44.1,55.9,2,4,0,0,5,8
2019-11-02,Sirius,Kalmar,3,0,4.98,3.83,1.66,5.16,4.11,1.66,Allsvenskan,,20191102_Sirius_Kalmar,19.30930938704205,1.56,0.71,6,1,13,2,56.7,43.3,4,1,0,0,5,3
2019-11-06,Brage,Kalmar,0,2,2.97,3.13,2.43,3.07,3.25,2.49,Allsvenskan,,20191106_Brage_Kalmar,110.59927484572404,1.25,0.62,4,2,8,5,56.4,43.6,0,0,0,0,7,4
2019-11-10,Kalmar,Brage,2,2,1.72,3.49,5.14,1.75,3.39,5.79,Allsvenskan,,20191110_Kalmar_Brage,-79.2073614403023,1.55,1.91,5,5,12,10,41.0,59.0,3,0,0,0,4,5
2020-06-14,Goteborg,Elfsborg,0,1,2.05,3.31,3.71,2.13,3.28,3.88,Allsvenskan,,20200614_Goteborg_Elfsborg,-6.1934181866183735,1.06,0.05,5,1,10,3,51.1,48.9,2,2,0,0,4,2
2020-06-14,Hammarby,Ostersunds,2,0,1.31,5.46,8.68,1.35,5.68,8.59,Allsvenskan,,20200614_Hammarby_Ostersunds,233.07098994165312,1.97,1.25,6,3,12,8,61.8,38.2,2,1,0,0,5,9
2020-06-14,Norrkoping,Kalmar,2,1,1.86,3.47,4.31,1.91,3.46,4.55,Allsvenskan,,20200614_Norrkoping_Kalmar,223.68602042220868,2.05,0.94,9,4,19,9,59.9,40.1,5,1,0,0,14,6
2020-06-14,Orebro,AIK,0,2,4.02,3.33,1.97,4.16,3.37,2.02,Allsvenskan,,20200614_Orebro_AIK,-176.63153796702545,0.05,0.96,0,4,1,6,45.5,54.5,1,3,0,0,2,7
2020-06-14,Sirius,Djurgarden,0,2,6.27,3.82,1.57,6.45,3.89,1.61,Allsvenskan,,20200614_Sirius_Djurgarden,-209.14219780231178,1.3,1.21,4,3,9,8,45.3,54.7,0,1,0,0,7,1
2020-06-15,Falkenbergs,Hacken,1,1,5.08,3.76,1.68,5.3,3.79,1.7,Allsvenskan,,20200615_Falkenbergs_Hacken,-121.38772453542106,0.05,0.88,1,1,3,0,45.2,54.8,1,1,0,0,3,2
2020-06-15,Helsingborg,Varberg,0,3,2.6,3.34,2.64,2.71,3.33,2.7,Allsvenskan,,20200615_Helsingborg_Varberg,-60.31439669531437,0.96,1.61,3,6,7,13,44.9,55.1,0,1,0,0,6,13
2020-06-15,Malmo FF,Mjallby,2,0,1.38,4.7,8.21,1.4,4.87,8.17,Allsvenskan,,20200615_Malmo-FF_Mjallby,152.83357260002708,1.04,1.65,2,5,4,12,58.0,42.0,1,0,0,0,2,8
2020-06-17,AIK,Norrkoping,1,4,2.8,3.04,2.68,2.94,3.05,2.76,Allsvenskan,,20200617_AIK_Norrkoping,-6.422690924741119,0.44,1.17,1,5,1,8,47.3,52.7,3,1,0,0,6,2
2020-06-17,Djurgarden,Orebro,1,2,1.53,4.13,6.21,1.53,4.26,6.72,Allsvenskan,,20200617_Djurgarden_Orebro,205.2021365231319,0.7,0.96,4,5,9,11,56.9,43.1,0,1,0,0,5,9
2020-06-17,Elfsborg,Hammarby,2,2,3.4,3.59,2.06,3.45,3.69,2.12,Allsvenskan,,20200617_Elfsborg_Hammarby,-118.49223750044985,1.05,1.79,2,5,3,10,39.3,60.7,0,3,0,0,3,3
2020-06-18,Hacken,Malmo FF,1,1,2.98,3.13,2.48,3.07,3.19,2.56,Allsvenskan,,20200618_Hacken_Malmo-FF,-113.86948541386573,0.8,1.26,1,5,1,10,40.0,60.0,1,2,0,0,2,5
2020-06-18,Kalmar,Helsingborg,4,0,1.76,3.54,4.78,1.79,3.69,4.93,Allsvenskan,,20200618_Kalmar_Helsingborg,-27.15219405219341,1.26,0.27,5,0,11,0,43.8,56.2,2,1,0,0,6,2
2020-06-18,Mjallby,Falkenbergs,0,1,2.15,3.4,3.33,2.2,3.5,3.43,Allsvenskan,,20200618_Mjallby_Falkenbergs,60.28906756265019,0.47,0.6,1,2,4,4,52.6,47.4,4,1,0,0,2,2
2020-06-18,Ostersunds,Sirius,0,2,2.47,3.25,2.88,2.58,3.24,2.99,Allsvenskan,,20200618_Ostersunds_Sirius,-14.482386277609294,0.05,0.88,0,3,0,4,52.4,47.6,0,1,0,0,0,3
2020-06-18,Varberg,Goteborg,1,2,3.14,3.15,2.36,3.31,3.19,2.41,Allsvenskan,,20200618_Varberg_Goteborg,3.820535864245585,1.43,1.08,4,3,12,8,45.9,54.1,0,1,0,0,5,5
2020-06-21,Falkenbergs,Kalmar,0,2,3.44,3.28,2.16,3.59,3.41,2.18,Allsvenskan,,20200621_Falkenbergs_Kalmar,31.203418086560987,0.83,0.43,1,2,4,3,56.2,43.8,2,0,0,0,2,2
2020-06-21,Hammarby,AIK,0,2,1.86,3.6,4.09,1.9,3.7,4.22,Allsvenskan,,20200621_Hammarby_AIK,31.97270490885535,0.05,1.43,1,7,2,17,51.2,48.8,2,2,0,0,2,7
2020-06-21,Malmo FF,Varberg,2,2,1.28,5.47,10.84,1.31,5.42,11.49,Allsvenskan,,20200621_Malmo-FF_Varberg,158.26749631425855,1.19,1.35,3,5,8,12,58.5,41.5,5,2,0,0,1,6
2020-06-21,Norrkoping,Djurgarden,3,0,2.24,3.28,3.25,2.33,3.35,3.3,Allsvenskan,,20200621_Norrkoping_Djurgarden,20.745886745755797,1.31,1.43,5,6,9,12,50.5,49.5,3,1,0,0,6,4
2020-06-21,Orebro,Ostersunds,0,0,2.03,3.48,3.61,2.09,3.5,3.75,Allsvenskan,,20200621_Orebro_Ostersunds,59.36400219780512,0.54,0.75,3,1,6,1,52.6,47.4,3,0,0,0,2,1
2020-06-22,Goteborg,Mjallby,2,2,2.2,3.13,3.52,2.28,3.2,3.58,Allsvenskan,,20200622_Goteborg_Mjallby,39.34792353162402,1.14,1.66,3,5,7,11,53.9,46.1,0,0,0,0,5,5
2020-06-22,Helsingborg,Elfsborg,0,0,5.17,3.94,1.64,5.34,4.07,1.66,Allsvenskan,,20200622_Helsingborg_Elfsborg,-123.01133414502874,1.05,1.51,4,4,9,7,55.5,44.5,1,1,0,0,1,6
2020-06-22,Sirius,Hacken,2,2,3.6,3.33,2.08,3.65,3.45,2.14,Allsvenskan,,20200622_Sirius_Hacken,-112.46037468359441,1.63,1.08,4,4,7,8,45.5,54.5,1,2,0,0,7,5
2020-06-27,Ostersunds,Norrkoping,2,4,4.92,3.81,1.69,5.24,3.88,1.71,Allsvenskan,,20200627_Ostersunds_Norrkoping,-257.8375213878212,2.4,2.2,9,6,20,11,42.6,57.4,0,2,0,0,11,6
2020-06-28,AIK,Malmo FF,2,2,3.59,3.24,2.12,3.7,3.31,2.18,Allsvenskan,,20200628_AIK_Malmo-FF,-19.393459427927155,1.11,1.3,4,5,10,11,60.3,39.7,0,1,0,0,6,8
2020-06-28,Djurgarden,Kalmar,5,0,1.89,3.44,4.21,1.95,3.47,4.33,Allsvenskan,,20200628_Djurgarden_Kalmar,187.8033952808155,1.06,0.05,5,2,11,5,56.3,43.7,0,1,0,0,4,8
2020-06-28,Elfsborg,Orebro,1,1,1.94,3.55,3.84,1.97,3.61,4.05,Allsvenskan,,20200628_Elfsborg_Orebro,78.55417424794291,0.31,0.98,1,2,1,6,56.3,43.7,3,0,0,0,2,4
2020-06-28,Mjallby,Hammarby,2,1,4.53,3.74,1.75,4.94,3.85,1.75,Allsvenskan,,20200628_Mjallby_Hammarby,-157.07845424220363,1.83,1.03,6,4,15,8,46.1,53.9,4,0,0,0,3,6
2020-06-28,Sirius,Goteborg,2,2,2.52,3.16,2.88,2.63,3.2,2.96,Allsvenskan,,20200628_Sirius_Goteborg,-75.80265400948838,0.93,1.1,3,4,7,8,52.6,47.4,0,0,0,0,4,5
2020-06-29,Hacken,Helsingborg,1,0,1.46,4.5,6.67,1.47,4.53,7.37,Allsvenskan,,20200629_Hacken_Helsingborg,125.15347940094148,0.05,1.02,1,4,1,9,56.5,43.5,2,1,0,0,2,8
2020-06-29,Varberg,Falkenbergs,3,1,2.3,3.33,3.08,2.36,3.42,3.18,Allsvenskan,,20200629_Varberg_Falkenbergs,69.262359042855,0.83,0.64,3,1,8,0,52.4,47.6,1,2,0,0,5,1
2020-07-01,Kalmar,Ostersunds,1,2,1.81,3.64,4.3,1.87,3.71,4.4,Allsvenskan,,20200701_Kalmar_Ostersunds,25.075324767841494,0.05,0.61,1,2,4,6,51.4,48.6,2,2,0,0,2,5
2020-07-01,Malmo FF,Djurgarden,1,0,1.85,3.59,4.22,1.85,3.69,4.48,Allsvenskan,,20200701_Malmo-FF_Djurgarden,27.797415274249943,0.69,1.42,2,4,3,10,49.2,50.8,0,1,0,0,10,8
2020-07-01,Norrkoping,Elfsborg,1,1,1.87,3.69,3.93,1.91,3.78,4.09,Allsvenskan,,20200701_Norrkoping_Elfsborg,131.08341560064014,0.87,1.66,3,4,6,7,51.1,48.9,4,0,0,0,6,5
2020-07-02,Falkenbergs,Sirius,1,2,2.88,3.24,2.48,2.9,3.29,2.56,Allsvenskan,,20200702_Falkenbergs_Sirius,-19.648932421777545,0.47,1.79,2,5,7,11,57.2,42.8,3,1,0,0,3,6
2020-07-02,Goteborg,AIK,1,0,2.43,3.15,3.02,2.49,3.24,3.05,Allsvenskan,,20200702_Goteborg_AIK,-117.91320160695841,0.74,0.79,1,3,4,5,42.5,57.5,0,4,0,0,3,3
2020-07-02,Hammarby,Varberg,1,0,1.44,4.7,6.53,1.45,4.79,6.87,Allsvenskan,,20200702_Hammarby_Varberg,107.6874109579253,0.16,1.39,1,4,1,8,53.8,46.2,1,2,0,0,2,4
2020-07-02,Helsingborg,Mjallby,0,1,3.13,3.3,2.29,3.18,3.37,2.33,Allsvenskan,,20200702_Helsingborg_Mjallby,-84.30108098540404,0.4,0.51,1,3,4,7,45.2,54.8,2,2,0,0,3,7
2020-07-02,Orebro,Hacken,0,0,3.7,3.48,2.0,3.87,3.49,2.03,Allsvenskan,,20200702_Orebro_Hacken,-94.04276491224459,1.12,0.76,3,2,7,4,46.2,53.8,3,4,0,0,2,7
2020-07-05,AIK,Falkenbergs,1,1,1.64,3.82,5.31,1.66,3.89,5.49,Allsvenskan,,20200705_AIK_Falkenbergs,203.6090301297188,0.99,0.56,3,1,5,2,56.1,43.9,0,0,0,0,4,3
2020-07-05,Elfsborg,Malmo FF,1,0,3.64,3.3,2.08,3.79,3.22,2.15,Allsvenskan,,20200705_Elfsborg_Malmo-FF,-123.92835859956062,0.85,0.74,4,4,9,6,48.8,51.2,1,4,0,0,8,3
2020-07-05,Hacken,Hammarby,3,0,2.58,3.35,2.68,2.59,3.4,2.78,Allsvenskan,,20200705_Hacken_Hammarby,-77.91509152825984,0.88,0.49,3,1,6,1,45.4,54.6,0,1,0,0,5,3
2020-07-05,Sirius,Orebro,2,1,2.05,3.51,3.5,2.03,3.58,3.75,Allsvenskan,,20200705_Sirius_Orebro,-8.036240720759452,0.05,0.63,2,3,4,7,55.2,44.8,0,0,0,0,3,0
2020-07-06,Djurgarden,Helsingborg,2,2,1.32,5.13,9.5,1.32,5.27,10.58,Allsvenskan,,20200706_Djurgarden_Helsingborg,207.55477582957315,1.21,1.04,4,2,8,5,59.0,41.0,0,1,0,0,3,2
2020-07-06,Norrkoping,Goteborg,3,1,1.56,4.23,5.54,1.56,4.4,5.7,Allsvenskan,,20200706_Norrkoping_Goteborg,129.5939016864436,0.24,1.31,3,3,8,7,58.6,41.4,1,1,0,0,10,6
2020-07-06,Ostersunds,Mjallby,0,1,2.92,3.28,2.42,2.96,3.38,2.46,Allsvenskan,,20200706_Ostersunds_Mjallby,-96.16528997369687,0.05,0.49,2,2,4,4,41.6,58.4,1,3,0,0,0,6
2020-07-06,Varberg,Kalmar,1,0,2.46,3.19,2.93,2.34,3.3,3.24,Allsvenskan,,20200706_Varberg_Kalmar,94.5035433182577,1.42,0.96,6,4,11,10,51.5,48.5,3,1,0,0,5,6
2020-07-11,Falkenbergs,Ostersunds,0,1,1.84,3.52,4.29,1.86,3.6,4.45,Allsvenskan,,20200711_Falkenbergs_Ostersunds,17.468001235865813,1.37,0.05,6,1,13,2,54.6,45.4,0,0,0,0,6,1
2020-07-11,Hammarby,Sirius,0,0,1.54,4.31,5.63,1.54,4.3,6.18,Allsvenskan,,20200711_Hammarby_Sirius,146.7276079234491,1.62,0.38,5,0,11,0,58.2,41.8,0,1,0,0,3,2
2020-07-12,Goteborg,Djurgarden,1,2,3.09,3.27,2.34,3.21,3.29,2.36,Allsvenskan,,20200712_Goteborg_Djurgarden,-82.50427549048209,0.05,1.18,1,4,2,7,49.2,50.8,1,2,0,0,1,7
2020-07-12,Helsingborg,AIK,2,0,3.76,3.22,2.07,3.84,3.33,2.09,Allsvenskan,,20200712_Helsingborg_AIK,-199.66911985518323,1.51,0.05,4,1,8,2,46.9,53.1,2,3,0,0,3,6
2020-07-12,Mjallby,Hacken,3,1,3.06,3.08,2.43,3.22,3.09,2.46,Allsvenskan,,20200712_Mjallby_Hacken,-50.133375732437116,1.28,1.55,5,6,12,14,42.1,57.9,2,1,1,0,7,6
2020-07-12,Orebro,Varberg,1,0,2.75,3.3,2.53,2.76,3.39,2.61,Allsvenskan,,20200712_Orebro_Varberg,-62.22937999657029,0.84,0.05,3,1,7,2,51.9,48.1,3,0,0,0,5,2
2020-07-13,Kalmar,Elfsborg,1,2,3.1,3.18,2.36,3.24,3.24,2.36,Allsvenskan,,20200713_Kalmar_Elfsborg,-152.65916586783123,2.37,1.44,7,3,16,5,42.7,57.3,2,0,0,0,6,1
2020-07-13,Malmo FF,Norrkoping,1,1,1.94,3.51,3.84,1.96,3.56,4.06,Allsvenskan,,20200713_Malmo-FF_Norrkoping,-22.334871027766894,0.21,1.1,3,4,5,9,48.6,51.4,3,1,0,0,4,3
2020-07-15,AIK,Sirius,1,0,2.18,3.16,3.5,2.25,3.23,3.5,Allsvenskan,,20200715_AIK_Sirius,119.7018593933542,0.05,0.41,1,1,1,0,58.0,42.0,3,0,0,0,1,3
2020-07-15,Djurgarden,Falkenbergs,1,0,1.38,4.58,8.41,1.42,4.53,8.56,Allsvenskan,,20200715_Djurgarden_Falkenbergs,207.80682994810468,1.57,0.59,4,2,8,4,53.5,46.5,1,0,0,0,5,3
2020-07-15,Goteborg,Helsingborg,1,1,1.85,3.45,4.33,1.85,3.58,4.57,Allsvenskan,,20200715_Goteborg_Helsingborg,84.77757167985123,0.05,1.37,1,2,2,5,55.4,44.6,2,4,0,0,3,2
2020-07-16,Hacken,Elfsborg,6,0,2.3,3.21,3.2,2.35,3.28,3.24,Allsvenskan,,20200716_Hacken_Elfsborg,-8.89364901385693,2.09,0.15,7,1,17,5,52.5,47.5,4,0,0,0,6,3
2020-07-16,Kalmar,Hammarby,1,2,3.35,3.51,2.09,3.43,3.68,2.1,Allsvenskan,,20200716_Kalmar_Hammarby,-215.40464526856,0.53,1.3,1,3,2,6,39.1,60.9,2,1,0,0,0,8
2020-07-16,Norrkoping,Orebro,2,0,1.26,5.89,10.11,1.27,6.19,10.9,Allsvenskan,,20200716_Norrkoping_Orebro,201.90776569027366,1.06,0.05,5,1,10,1,58.1,41.9,2,3,0,0,4,1
2020-07-16,Ostersunds,Malmo FF,1,2,8.98,4.78,1.35,9.44,4.93,1.36,Allsvenskan,,20200716_Ostersunds_Malmo-FF,-231.83279063625696,1.37,1.65,4,5,11,10,40.8,59.2,1,1,0,0,4,5
2020-07-16,Varberg,Mjallby,1,0,2.97,3.15,2.45,3.08,3.19,2.49,Allsvenskan,,20200716_Varberg_Mjallby,-30.108542467929965,1.07,0.05,4,0,10,0,54.3,45.7,3,0,0,0,8,1
2020-07-19,Elfsborg,Djurgarden,1,0,2.84,3.23,2.49,2.84,3.29,2.6,Allsvenskan,,20200719_Elfsborg_Djurgarden,-71.55621170630366,0.53,0.75,1,3,1,7,42.1,57.9,0,4,0,0,3,5
2020-07-19,Falkenbergs,Helsingborg,2,2,2.44,3.17,2.96,2.5,3.26,3.01,Allsvenskan,,20200719_Falkenbergs_Helsingborg,-30.562271105773334,1.06,1.47,4,6,10,12,53.7,46.3,0,3,0,1,9,10
2020-07-19,Malmo FF,Kalmar,2,1,1.29,5.22,10.38,1.29,5.51,11.81,Allsvenskan,,20200719_Malmo-FF_Kalmar,262.57348699894146,1.43,0.85,5,5,10,10,56.1,43.9,1,1,0,1,7,3
2020-07-19,Ostersunds,Hacken,2,2,4.95,3.67,1.7,5.12,3.72,1.74,Allsvenskan,,20200719_Ostersunds_Hacken,-154.80690227762761,0.77,0.44,2,2,5,5,44.5,55.5,3,2,0,0,3,5
2020-07-19,Sirius,Norrkoping,4,2,4.66,3.83,1.71,4.66,4.02,1.73,Allsvenskan,,20200719_Sirius_Norrkoping,-208.4689771068979,0.75,1.57,4,7,10,14,45.7,54.3,0,2,0,0,5,10
2020-07-19,Varberg,AIK,2,2,3.39,3.21,2.2,3.51,3.27,2.22,Allsvenskan,,20200719_Varberg_AIK,-87.88895446984134,1.02,1.38,4,4,11,11,53.8,46.2,4,4,0,0,3,11
2020-07-20,Hammarby,Goteborg,1,1,1.82,3.7,4.15,1.86,3.76,4.26,Allsvenskan,,20200720_Hammarby_Goteborg,104.15097177477492,0.05,0.92,1,2,2,6,55.4,44.6,4,0,0,0,4,4
2020-07-20,Orebro,Mjallby,3,1,3.4,3.24,2.18,3.42,3.38,2.22,Allsvenskan,,20200720_Orebro_Mjallby,-56.76543952503175,0.79,1.88,4,6,9,10,47.4,52.6,3,2,0,0,3,5
2020-07-22,Djurgarden,Ostersunds,0,0,1.43,4.51,7.02,1.45,4.52,7.73,Allsvenskan,,20200722_Djurgarden_Ostersunds,191.18643351842752,0.05,0.74,2,2,3,4,54.4,45.6,0,3,0,0,1,2
2020-07-22,Hacken,AIK,4,0,1.98,3.32,3.91,1.99,3.39,4.16,Allsvenskan,,20200722_Hacken_AIK,-37.863065919151495,1.83,1.16,7,3,16,10,45.5,54.5,1,5,0,0,7,4
2020-07-22,Norrkoping,Varberg,2,0,1.37,4.83,7.94,1.38,5.08,8.32,Allsvenskan,,20200722_Norrkoping_Varberg,139.19521371397445,1.75,0.05,7,1,15,1,57.0,43.0,1,2,0,0,10,6
2020-07-23,Goteborg,Falkenbergs,2,2,1.57,3.96,5.89,1.58,4.17,5.97,Allsvenskan,,20200723_Goteborg_Falkenbergs,112.03750316848095,0.87,1.41,2,4,7,7,52.1,47.9,2,0,1,0,3,9
2020-07-23,Helsingborg,Orebro,1,1,2.44,3.3,2.89,2.5,3.4,2.89,Allsvenskan,,20200723_Helsingborg_Orebro,-42.74416080770152,0.81,1.12,2,1,6,3,49.1,50.9,1,1,0,1,4,3
2020-07-23,Kalmar,Sirius,1,1,2.92,3.25,2.44,2.94,3.32,2.51,Allsvenskan,,20200723_Kalmar_Sirius,-98.3969284461366,0.17,0.59,1,1,2,4,48.7,51.3,0,0,0,0,4,6
2020-07-23,Malmo FF,Hammarby,3,0,1.62,4.11,5.07,1.65,4.33,4.94,Allsvenskan,,20200723_Malmo-FF_Hammarby,44.22610372693862,0.7,0.37,4,1,8,1,49.9,50.1,0,1,0,0,8,1
2020-07-23,Mjallby,Elfsborg,0,5,2.87,3.1,2.58,2.94,3.16,2.61,Allsvenskan,,20200723_Mjallby_Elfsborg,-60.69842843932497,0.56,1.69,1,6,4,12,50.7,49.3,0,3,1,0,4,7
2020-07-26,AIK,Djurgarden,0,1,2.94,3.04,2.56,2.99,3.08,2.63,Allsvenskan,,20200726_AIK_Djurgarden,-15.848326641009862,0.12,0.11,2,2,4,6,40.6,59.4,1,1,0,0,5,2
2020-07-26,Elfsborg,Varberg,3,3,1.77,3.62,4.56,1.81,3.59,4.76,Allsvenskan,,20200726_Elfsborg_Varberg,65.17525321019116,0.52,0.7,3,3,6,5,60.7,39.3,2,1,0,0,4,3
2020-07-26,Falkenbergs,Norrkoping,3,3,5.32,4.2,1.58,5.44,4.1,1.63,Allsvenskan,,20200726_Falkenbergs_Norrkoping,-255.84975488368445,0.61,0.78,3,3,8,7,41.8,58.2,1,4,0,0,6,4
2020-07-26,Hacken,Goteborg,0,0,2.16,3.49,3.21,2.24,3.55,3.21,Allsvenskan,,20200726_Hacken_Goteborg,62.04827277904019,0.77,0.18,1,0,1,0,50.0,50.0,3,2,0,0,5,2
2020-07-26,Sirius,Malmo FF,2,5,5.69,3.98,1.58,5.94,4.08,1.59,Allsvenskan,,20200726_Sirius_Malmo-FF,-186.64214729437003,1.66,1.68,5,6,11,13,43.4,56.6,1,1,0,0,5,7
2020-07-27,Hammarby,Orebro,3,0,1.57,4.28,5.47,1.56,4.41,5.71,Allsvenskan,,20200727_Hammarby_Orebro,128.98956317689158,1.12,0.87,5,4,12,9,51.3,48.7,1,0,0,0,8,5
2020-07-27,Mjallby,Kalmar,2,2,2.33,3.21,3.15,2.37,3.23,3.25,Allsvenskan,,20200727_Mjallby_Kalmar,104.66415303055237,0.05,1.46,2,4,6,9,53.2,46.8,2,2,0,0,5,3
2020-07-27,Ostersunds,Helsingborg,0,0,2.78,3.18,2.59,2.81,3.24,2.67,Allsvenskan,,20200727_Ostersunds_Helsingborg,-11.643270353687512,1.08,0.05,3,0,7,0,43.6,56.4,4,2,0,0,5,4
2020-08-01,Djurgarden,Hacken,3,1,2.24,3.22,3.33,2.28,3.26,3.39,Allsvenskan,,20200801_Djurgarden_Hacken,40.67978193097247,1.69,0.52,6,2,12,3,60.1,39.9,1,2,0,0,10,4
2020-08-01,Orebro,Falkenbergs,1,2,2.18,3.49,3.18,2.22,3.56,3.25,Allsvenskan,,20200801_Orebro_Falkenbergs,50.72849904156806,1.41,1.32,4,5,8,11,58.2,41.8,0,1,0,0,2,10
2020-08-02,Goteborg,Malmo FF,0,3,4.06,3.52,1.89,4.18,3.58,1.93,Allsvenskan,,20200802_Goteborg_Malmo-FF,-159.60120039627827,0.61,1.73,3,5,9,12,44.1,55.9,0,2,0,1,5,7
2020-08-02,Helsingborg,Hammarby,1,1,3.84,3.8,1.87,3.86,3.91,1.92,Allsvenskan,,20200802_Helsingborg_Hammarby,-176.93672420415487,0.35,0.45,1,1,1,4,47.3,52.7,0,2,0,0,3,3
2020-08-02,Kalmar,AIK,0,0,3.08,3.11,2.43,3.19,3.13,2.45,Allsvenskan,,20200802_Kalmar_AIK,-181.14968940573272,0.54,0.75,1,2,4,2,49.2,50.8,0,3,0,0,5,1
2020-08-02,Varberg,Ostersunds,1,1,1.89,3.46,4.19,1.92,3.56,4.24,Allsvenskan,,20200802_Varberg_Ostersunds,89.06808724357666,0.96,0.87,2,2,4,3,57.1,42.9,1,4,0,0,8,5
2020-08-03,Elfsborg,Sirius,3,3,1.95,3.61,3.72,1.97,3.67,3.88,Allsvenskan,,20200803_Elfsborg_Sirius,97.3204247322119,1.24,2.34,7,7,15,16,47.9,52.1,1,1,1,1,10,10
2020-08-03,Norrkoping,Mjallby,1,1,1.39,5.05,7.07,1.41,5.3,6.93,Allsvenskan,,20200803_Norrkoping_Mjallby,165.4217036377438,1.99,0.78,6,3,16,7,57.0,43.0,1,4,0,0,7,3
2020-08-05,Hammarby,Falkenbergs,1,1,1.5,4.55,5.85,1.52,4.66,5.85,Allsvenskan,,20200805_Hammarby_Falkenbergs,175.8235632428864,0.32,1.21,1,3,2,6,66.0,34.0,3,0,0,0,4,5
2020-08-05,Malmo FF,Helsingborg,4,1,1.3,5.5,9.43,1.31,5.53,9.87,Allsvenskan,,20200805_Malmo-FF_Helsingborg,241.70764472708606,1.33,1.12,4,2,10,6,60.2,39.8,3,2,0,0,2,6
2020-08-05,Varberg,Djurgarden,1,2,3.87,3.34,2.0,4.08,3.36,2.02,Allsvenskan,,20200805_Varberg_Djurgarden,-114.76384369575226,1.32,1.24,2,5,6,12,45.6,54.4,0,1,0,0,6,9
2020-08-06,AIK,Elfsborg,1,2,2.39,3.28,2.98,2.42,3.37,3.04,Allsvenskan,,20200806_AIK_Elfsborg,-0.7968355514217365,0.32,1.02,1,4,1,10,39.1,60.9,3,3,0,1,1,9
2020-08-06,Goteborg,Ostersunds,2,2,1.47,4.2,7.17,1.49,4.24,7.35,Allsvenskan,,20200806_Goteborg_Ostersunds,81.87723463114071,1.63,1.33,4,5,10,10,53.3,46.7,2,3,0,0,8,9
2020-08-06,Hacken,Norrkoping,2,1,2.34,3.47,2.91,2.32,3.53,3.07,Allsvenskan,,20200806_Hacken_Norrkoping,-89.12649881177276,1.5,0.8,3,1,5,3,51.1,48.9,1,3,0,0,1,3
2020-08-06,Kalmar,Orebro,0,3,1.85,3.55,4.23,1.88,3.53,4.44,Allsvenskan,,20200806_Kalmar_Orebro,-53.50776773793473,0.54,2.1,4,5,11,13,46.7,53.3,3,1,0,0,4,7
2020-08-06,Mjallby,Sirius,1,1,2.55,3.37,2.69,2.67,3.44,2.67,Allsvenskan,,20200806_Mjallby_Sirius,17.529837917271152,1.69,0.81,6,1,14,2,57.3,42.7,1,1,0,0,6,3
2020-08-09,Djurgarden,Hammarby,1,2,2.07,3.52,3.44,2.11,3.58,3.49,Allsvenskan,,20200809_Djurgarden_Hammarby,32.45453162855097,1.45,0.97,4,3,8,7,51.9,48.1,1,4,0,0,8,4
2020-08-09,Falkenbergs,Malmo FF,0,1,8.07,4.89,1.37,8.22,4.93,1.39,Allsvenskan,,20200809_Falkenbergs_Malmo-FF,-251.03746893662924,1.25,0.05,4,1,9,2,41.1,58.9,4,3,0,0,6,3
2020-08-09,Hacken,Kalmar,0,2,1.66,3.85,5.07,1.7,3.89,5.12,Allsvenskan,,20200809_Hacken_Kalmar,188.05651031139791,1.15,0.6,4,2,8,2,56.1,43.9,1,0,0,0,6,0
2020-08-09,Mjallby,AIK,3,1,2.83,3.04,2.64,2.89,3.08,2.71,Allsvenskan,,20200809_Mjallby_AIK,-61.074038075528506,1.47,1.03,5,3,12,9,49.1,50.9,1,4,0,1,6,6
2020-08-09,Orebro,Goteborg,1,1,3.57,3.45,2.04,3.71,3.45,2.09,Allsvenskan,,20200809_Orebro_Goteborg,-42.3757983316641,0.57,0.67,3,1,4,4,44.2,55.8,0,1,0,1,6,4
2020-08-09,Ostersunds,Elfsborg,0,1,4.29,3.7,1.8,4.37,3.87,1.81,Allsvenskan,,20200809_Ostersunds_Elfsborg,-152.70229550996214,0.99,0.72,3,1,7,3,43.8,56.2,0,2,0,0,5,0
2020-08-10,Helsingborg,Norrkoping,3,2,5.02,3.96,1.65,5.27,3.96,1.67,Allsvenskan,,20200810_Helsingborg_Norrkoping,-201.3615196996791,0.98,1.24,3,4,9,10,42.0,58.0,1,1,0,1,4,3
2020-08-10,Sirius,Varberg,3,3,1.92,3.6,3.82,1.94,3.68,3.98,Allsvenskan,,20200810_Sirius_Varberg,-21.529233977709282,0.84,1.87,3,7,6,14,45.8,54.2,0,1,0,1,3,8
2020-08-12,Djurgarden,Mjallby,2,1,1.54,4.02,6.18,1.53,4.13,6.72,Allsvenskan,,20200812_Djurgarden_Mjallby,109.11614852273965,1.28,0.94,5,2,13,6,51.4,48.6,1,1,0,0,3,8
2020-08-12,Malmo FF,Orebro,2,1,1.31,5.3,9.49,1.31,5.39,10.47,Allsvenskan,,20200812_Malmo-FF_Orebro,226.34635817557523,2.01,1.15,7,2,16,6,53.9,46.1,1,2,0,0,4,2
2020-08-13,AIK,Ostersunds,0,1,1.68,3.51,5.54,1.7,3.54,5.83,Allsvenskan,,20200813_AIK_Ostersunds,120.91365925449804,1.04,1.0,3,2,7,4,51.2,48.8,1,0,0,0,6,3
2020-08-13,Elfsborg,Falkenbergs,4,2,1.58,4.32,5.1,1.61,4.42,5.16,Allsvenskan,,20200813_Elfsborg_Falkenbergs,158.18656195376343,1.43,1.79,6,7,15,13,46.1,53.9,2,1,0,0,7,8
2020-08-13,Kalmar,Goteborg,1,1,2.8,3.11,2.63,3.04,3.0,2.64,Allsvenskan,,20200813_Kalmar_Goteborg,-96.83254891848401,0.53,0.46,1,2,2,4,50.7,49.3,1,2,1,0,6,5
2020-08-13,Norrkoping,Hammarby,1,2,2.13,3.55,3.25,2.18,3.63,3.26,Allsvenskan,,20200813_Norrkoping_Hammarby,5.125794068531832,1.53,0.62,4,2,9,4,48.0,52.0,1,1,0,1,7,4
2020-08-13,Sirius,Helsingborg,3,1,1.59,4.27,5.13,1.6,4.35,5.34,Allsvenskan,,20200813_Sirius_Helsingborg,27.137082385954272,1.48,0.05,5,1,10,1,61.7,38.3,0,1,0,1,7,0
2020-08-13,Varberg,Hacken,1,3,4.45,3.6,1.8,4.77,3.75,1.78,Allsvenskan,,20200813_Varberg_Hacken,-58.88346941065197,1.39,2.23,4,7,8,16,46.0,54.0,2,0,0,0,3,5
2020-08-15,Orebro,Djurgarden,0,3,4.42,3.77,1.76,4.48,3.94,1.78,Allsvenskan,,20200815_Orebro_Djurgarden,-168.16470306536098,0.18,0.82,0,3,0,7,49.2,50.8,0,3,0,0,1,4
2020-08-16,Falkenbergs,AIK,1,1,3.29,3.19,2.25,3.43,3.2,2.29,Allsvenskan,,20200816_Falkenbergs_AIK,-103.18537292880796,0.46,1.01,1,3,2,6,51.8,48.2,2,3,0,1,1,6
2020-08-16,Hammarby,Elfsborg,2,2,2.16,3.61,3.12,2.21,3.72,3.15,Allsvenskan,,20200816_Hammarby_Elfsborg,29.41996401122765,1.59,1.58,4,5,7,11,42.0,58.0,2,2,0,0,1,6
2020-08-16,Mjallby,Malmo FF,2,2,4.97,3.75,1.69,5.14,3.85,1.7,Allsvenskan,,20200816_Mjallby_Malmo-FF,-194.2548183964302,0.98,2.1,2,8,4,16,40.6,59.4,3,1,0,0,5,7
2020-08-17,Goteborg,Norrkoping,1,3,2.68,3.47,2.49,2.73,3.52,2.57,Allsvenskan,,20200817_Goteborg_Norrkoping,-105.21329248260827,1.94,1.43,6,4,14,10,48.7,51.3,3,2,0,0,3,5
2020-08-17,Hacken,Varberg,2,1,1.51,4.4,5.85,1.53,4.46,6.09,Allsvenskan,,20200817_Hacken_Varberg,78.85444573682457,1.28,0.95,4,2,8,3,54.4,45.6,2,1,0,1,6,3
2020-08-17,Helsingborg,Sirius,1,2,3.1,3.51,2.21,3.18,3.59,2.24,Allsvenskan,,20200817_Helsingborg_Sirius,-49.26632189752854,0.55,0.39,3,2,10,6,39.1,60.9,1,1,0,0,3,6
2020-08-17,Ostersunds,Kalmar,2,0,3.08,3.28,2.32,3.12,3.4,2.35,Allsvenskan,,20200817_Ostersunds_Kalmar,27.67894733813796,1.87,1.41,6,2,13,4,55.1,44.9,1,1,0,0,9,8
2020-08-22,Djurgarden,Goteborg,2,2,1.97,3.49,3.82,2.05,3.52,3.74,Allsvenskan,,20200822_Djurgarden_Goteborg,141.91390208719122,0.72,0.96,2,2,5,3,50.8,49.2,1,3,0,1,6,6
2020-08-22,Sirius,Hammarby,3,1,3.06,3.49,2.25,3.22,3.44,2.28,Allsvenskan,,20200822_Sirius_Hammarby,-122.35124479617139,1.84,0.18,6,1,12,3,47.2,52.8,2,1,1,0,10,3
2020-08-23,AIK,Helsingborg,2,0,1.73,3.61,4.93,1.71,3.71,5.37,Allsvenskan,,20200823_AIK_Helsingborg,91.59672115450076,1.11,0.11,3,1,7,2,44.5,55.5,5,7,0,0,10,1
2020-08-23,Elfsborg,Ostersunds,0,1,1.43,4.76,6.68,1.44,4.92,6.81,Allsvenskan,,20200823_Elfsborg_Ostersunds,147.6218956564369,0.89,1.7,1,6,3,14,56.6,43.4,1,3,0,0,1,7
2020-08-23,Malmo FF,Falkenbergs,2,1,1.29,5.67,9.23,1.3,5.88,9.71,Allsvenskan,,20200823_Malmo-FF_Falkenbergs,262.65651102902416,1.4,1.18,3,4,8,9,52.7,47.3,1,2,0,0,10,5
2020-08-23,Varberg,Orebro,2,1,2.16,3.38,3.32,2.18,3.43,3.45,Allsvenskan,,20200823_Varberg_Orebro,28.37553786667945,1.02,0.54,2,1,4,6,45.9,54.1,4,0,0,0,5,5
2020-08-24,Kalmar,Mjallby,1,4,2.73,3.26,2.59,2.76,3.28,2.65,Allsvenskan,,20200824_Kalmar_Mjallby,-108.46244977810807,1.18,1.89,5,7,10,16,43.4,56.6,1,0,0,1,6,12
2020-08-24,Norrkoping,Hacken,0,1,2.17,3.65,3.12,2.26,3.66,3.03,Allsvenskan,,20200824_Norrkoping_Hacken,35.74905640987549,0.29,0.9,2,4,4,8,54.1,45.9,6,0,0,0,5,1
2020-08-29,Ostersunds,Falkenbergs,2,1,2.76,3.33,2.52,2.86,3.33,2.53,Allsvenskan,,20200829_Ostersunds_Falkenbergs,43.03386294217262,1.53,0.96,7,4,17,7,65.5,34.5,1,2,0,0,2,2
2020-08-29,Varberg,Sirius,2,0,2.85,3.5,2.37,2.97,3.52,2.36,Allsvenskan,,20200829_Varberg_Sirius,-25.675468951681296,0.94,0.21,4,0,8,1,42.4,57.6,0,2,0,0,4,2
2020-08-30,AIK,Hacken,0,1,2.96,3.18,2.46,3.01,3.19,2.51,Allsvenskan,,20200830_AIK_Hacken,-59.47260096457103,1.38,1.66,4,6,8,14,49.8,50.2,0,1,0,0,4,9
2020-08-30,Hammarby,Kalmar,3,3,1.55,4.23,5.73,1.57,4.33,5.6,Allsvenskan,,20200830_Hammarby_Kalmar,217.09697762194605,1.77,1.32,7,3,14,8,60.5,39.5,0,2,0,0,6,5
2020-08-30,Helsingborg,Djurgarden,3,1,5.69,3.92,1.6,5.78,3.85,1.64,Allsvenskan,,20200830_Helsingborg_Djurgarden,-206.5115337446175,1.54,0.73,3,2,8,3,44.8,55.2,3,1,0,0,7,1
2020-08-30,Malmo FF,Elfsborg,1,1,1.59,4.29,5.16,1.62,4.28,5.17,Allsvenskan,,20200830_Malmo-FF_Elfsborg,114.29679929324902,1.08,0.67,3,2,5,5,58.0,42.0,2,2,0,0,4,3
2020-08-30,Mjallby,Goteborg,1,1,3.0,3.24,2.4,3.16,3.2,2.4,Allsvenskan,,20200830_Mjallby_Goteborg,19.303065088640324,0.61,0.11,2,1,4,2,43.6,56.4,2,0,0,0,6,7
2020-08-30,Orebro,Norrkoping,4,3,6.53,4.63,1.45,6.65,4.7,1.47,Allsvenskan,,20200830_Orebro_Norrkoping,-159.41533627097783,2.01,0.61,8,3,17,6,39.6,60.4,3,2,0,0,6,5
2020-09-09,Helsingborg,Kalmar,1,1,2.45,3.35,2.84,2.51,3.42,2.92,Allsvenskan,,20200909_Helsingborg_Kalmar,43.754266592803106,0.39,1.0,1,3,1,6,52.2,47.8,4,3,0,0,2,4
2020-09-10,Goteborg,Hammarby,0,4,2.82,3.43,2.43,2.85,3.5,2.52,Allsvenskan,,20200910_Goteborg_Hammarby,-103.87563643269618,0.64,1.9,3,5,7,10,41.8,58.2,2,3,0,0,5,9
2020-09-10,Norrkoping,Ostersunds,2,2,1.43,4.74,6.62,1.43,4.84,7.39,Allsvenskan,,20200910_Norrkoping_Ostersunds,107.55939645814055,1.46,0.65,3,2,5,5,61.1,38.9,2,1,1,0,4,5
2020-09-10,Orebro,Malmo FF,3,2,8.25,5.14,1.34,8.91,5.21,1.36,Allsvenskan,,20200910_Orebro_Malmo-FF,-231.51803587349718,1.71,0.46,4,2,8,4,55.7,44.3,1,4,0,0,3,4
2020-09-12,Djurgarden,Elfsborg,1,1,1.98,3.63,3.58,2.0,3.79,3.77,Allsvenskan,,20200912_Djurgarden_Elfsborg,27.364215561585752,0.64,1.3,1,5,3,10,52.7,47.3,1,3,0,0,0,4
2020-09-13,Falkenbergs,Goteborg,0,3,3.5,3.39,2.09,3.74,3.48,2.11,Allsvenskan,,20200913_Falkenbergs_Goteborg,-76.65249024688569,0.05,1.26,0,5,2,11,40.3,59.7,1,2,0,0,1,5
2020-09-13,Hammarby,Helsingborg,2,2,1.4,4.95,7.07,1.42,5.04,7.62,Allsvenskan,,20200913_Hammarby_Helsingborg,170.05347605732618,1.77,0.71,6,3,13,8,49.4,50.6,3,1,0,0,7,1
2020-09-13,Malmo FF,AIK,0,0,1.68,3.74,5.13,1.72,3.84,5.31,Allsvenskan,,20200913_Malmo-FF_AIK,148.98791589033613,0.7,0.97,0,4,0,9,53.2,46.8,3,0,0,0,0,6
2020-09-13,Mjallby,Varberg,2,3,2.29,3.28,3.15,2.36,3.38,3.25,Allsvenskan,,20200913_Mjallby_Varberg,10.464069434370685,1.66,2.07,7,8,14,17,47.8,52.2,5,1,0,0,3,9
2020-09-14,Hacken,Sirius,1,1,1.64,4.11,4.81,1.66,4.34,5.04,Allsvenskan,,20200914_Hacken_Sirius,96.8827262911152,0.73,0.94,2,3,3,6,58.4,41.6,0,3,0,0,5,8
2020-09-14,Kalmar,Norrkoping,0,2,3.53,3.68,1.99,3.63,3.85,2.03,Allsvenskan,,20200914_Kalmar_Norrkoping,-181.27713397688876,0.21,1.22,0,3,1,7,45.2,54.8,1,2,0,0,3,5
2020-09-14,Ostersunds,Orebro,0,0,2.33,3.32,3.04,2.38,3.46,3.14,Allsvenskan,,20200914_Ostersunds_Orebro,2.16641776079382,0.92,0.05,1,0,3,1,47.1,52.9,0,2,0,0,1,5
2020-09-17,Elfsborg,Mjallby,2,2,1.78,3.84,4.24,1.79,4.01,4.54,Allsvenskan,,20200917_Elfsborg_Mjallby,81.52863027179751,1.48,0.86,6,4,13,10,52.2,47.8,4,1,0,0,5,6
2020-09-17,Falkenbergs,Varberg,2,0,2.8,3.48,2.4,2.98,3.63,2.4,Allsvenskan,,20200917_Falkenbergs_Varberg,-114.43088038472183,1.13,1.16,2,4,3,10,45.7,54.3,1,1,0,0,1,6
2020-09-20,AIK,Hammarby,3,0,2.94,3.23,2.44,3.03,3.35,2.5,Allsvenskan,,20200920_AIK_Hammarby,-77.20295255247424,0.66,1.21,4,4,9,9,43.5,56.5,2,1,0,0,5,4
2020-09-20,Goteborg,Kalmar,1,2,1.91,3.56,3.93,1.96,3.63,4.11,Allsvenskan,,20200920_Goteborg_Kalmar,105.54058584663198,1.47,1.05,5,4,10,11,53.1,46.9,0,3,0,0,7,3
2020-09-20,Norrkoping,Malmo FF,1,1,3.02,3.63,2.21,3.14,3.79,2.24,Allsvenskan,,20200920_Norrkoping_Malmo-FF,-79.90822080706721,0.79,1.01,2,3,2,6,47.4,52.6,1,0,0,0,2,3
2020-09-20,Ostersunds,Djurgarden,1,1,4.46,3.72,1.76,4.58,3.94,1.79,Allsvenskan,,20200920_Ostersunds_Djurgarden,-130.18203353247281,0.6,0.57,2,1,6,3,46.0,54.0,1,1,0,0,9,3
2020-09-21,Elfsborg,Hacken,1,1,2.79,3.44,2.44,2.85,3.55,2.53,Allsvenskan,,20200921_Elfsborg_Hacken,-16.659658107436144,0.96,0.55,4,2,8,3,47.2,52.8,3,0,0,0,6,4
2020-09-21,Mjallby,Orebro,1,0,2.02,3.44,3.66,2.06,3.51,3.87,Allsvenskan,,20200921_Mjallby_Orebro,27.95763809155642,0.67,0.97,1,1,1,1,52.2,47.8,1,1,0,0,5,0
2020-09-21,Sirius,Falkenbergs,2,1,1.72,3.99,4.37,1.76,4.03,4.63,Allsvenskan,,20200921_Sirius_Falkenbergs,89.42142880522806,1.86,0.61,6,2,13,3,51.1,48.9,0,2,0,0,7,4
2020-09-21,Varberg,Helsingborg,1,3,2.12,3.57,3.26,2.2,3.59,3.38,Allsvenskan,,20200921_Varberg_Helsingborg,56.26991006359572,1.14,1.14,6,4,14,10,53.5,46.5,5,1,0,0,4,6
2020-09-26,Orebro,Sirius,2,1,3.36,3.59,2.06,3.5,3.66,2.13,Allsvenskan,,20200926_Orebro_Sirius,-50.27112111656061,1.49,0.95,5,3,11,7,46.1,53.9,1,3,0,0,4,6
2020-09-27,Djurgarden,Norrkoping,1,2,2.5,3.3,2.79,2.61,3.37,2.88,Allsvenskan,,20200927_Djurgarden_Norrkoping,16.488449862351672,1.87,2.17,7,7,16,15,52.3,47.7,0,2,0,0,9,7
2020-09-27,Elfsborg,Goteborg,0,0,2.07,3.54,3.4,2.13,3.67,3.49,Allsvenskan,,20200927_Elfsborg_Goteborg,99.60591761969022,1.26,1.29,5,5,10,11,52.1,47.9,1,3,0,0,7,9
2020-09-27,Falkenbergs,Hammarby,1,3,4.57,4.06,1.68,5.02,4.23,1.68,Allsvenskan,,20200927_Falkenbergs_Hammarby,-180.04747837516652,0.82,1.48,2,3,4,6,39.3,60.7,1,2,0,0,5,4
2020-09-27,Helsingborg,Ostersunds,0,1,2.11,3.37,3.44,2.16,3.44,3.65,Allsvenskan,,20200927_Helsingborg_Ostersunds,-25.021565937900505,0.57,0.74,1,3,2,8,47.5,52.5,4,2,0,0,2,5
2020-09-27,Malmo FF,Hacken,3,0,1.85,3.58,4.14,1.88,3.67,4.47,Allsvenskan,,20200927_Malmo-FF_Hacken,65.85662537079497,1.62,0.2,7,1,15,4,55.0,45.0,2,1,0,0,8,0
2020-09-28,AIK,Mjallby,1,0,1.79,3.46,4.67,1.82,3.61,4.91,Allsvenskan,,20200928_AIK_Mjallby,24.954723851197514,1.14,0.69,4,3,8,6,54.9,45.1,4,1,0,0,3,4
2020-09-28,Kalmar,Varberg,1,1,2.36,3.33,2.97,2.43,3.44,3.07,Allsvenskan,,20200928_Kalmar_Varberg,-79.25055448121793,1.42,1.59,3,5,6,12,48.8,51.2,0,4,0,0,5,4
2020-10-03,Hacken,Falkenbergs,3,0,1.5,4.38,6.02,1.53,4.55,6.21,Allsvenskan,,20201003_Hacken_Falkenbergs,184.71479859635224,0.76,0.05,3,0,5,0,51.5,48.5,0,3,0,0,3,1
2020-10-03,Orebro,Elfsborg,3,2,3.41,3.6,2.04,3.62,3.78,2.05,Allsvenskan,,20201003_Orebro_Elfsborg,-98.49373376293443,1.84,0.75,6,2,12,4,48.2,51.8,0,2,0,0,1,3
2020-10-04,Goteborg,Varberg,1,0,1.94,3.58,3.78,2.01,3.58,3.96,Allsvenskan,,20201004_Goteborg_Varberg,1.2555384743416198,0.44,1.02,2,3,3,7,43.9,56.1,1,1,0,0,1,6
2020-10-04,Hammarby,Djurgarden,1,1,2.33,3.38,2.97,2.41,3.5,3.06,Allsvenskan,,20201004_Hammarby_Djurgarden,2.856319423868399,0.32,0.54,1,2,2,5,50.3,49.7,0,3,0,0,6,7
2020-10-04,Kalmar,Malmo FF,0,4,7.79,4.64,1.4,8.03,4.93,1.42,Allsvenskan,,20201004_Kalmar_Malmo-FF,-262.5001782543454,0.82,2.62,2,7,6,15,43.5,56.5,3,3,0,1,6,8
2020-10-04,Mjallby,Helsingborg,3,2,2.41,3.33,2.9,2.5,3.38,3.01,Allsvenskan,,20201004_Mjallby_Helsingborg,57.69950650900523,0.85,0.6,3,2,6,4,54.8,45.2,1,6,0,0,3,0
2020-10-04,Norrkoping,Sirius,1,2,1.75,4.06,4.13,1.81,4.08,4.33,Allsvenskan,,20201004_Norrkoping_Sirius,98.4719499237865,0.57,1.76,1,6,4,13,50.3,49.7,1,1,0,0,2,6
2020-10-04,Ostersunds,AIK,1,2,4.24,3.18,1.95,4.56,3.24,2.0,Allsvenskan,,20201004_Ostersunds_AIK,-57.63725790822127,0.87,0.53,2,3,6,6,40.5,59.5,0,1,0,0,7,4
2020-10-17,Falkenbergs,Orebro,2,1,2.4,3.54,2.76,2.43,3.71,2.88,Allsvenskan,,20201017_Falkenbergs_Orebro,-98.58841567630589,1.31,0.72,5,3,11,7,41.8,58.2,3,1,0,0,5,6
2020-10-18,AIK,Goteborg,2,0,2.24,3.1,3.43,2.31,3.18,3.57,Allsvenskan,,20201018_AIK_Goteborg,64.88542634075247,2.23,0.96,8,3,17,5,53.9,46.1,0,1,0,0,14,3
2020-10-18,Elfsborg,Kalmar,3,1,1.65,4.05,4.86,1.68,4.23,5.06,Allsvenskan,,20201018_Elfsborg_Kalmar,157.05771816085235,1.87,1.73,5,7,12,15,61.2,38.8,1,3,0,0,6,3
2020-10-18,Hammarby,Mjallby,4,2,1.62,4.15,4.95,1.65,4.28,5.19,Allsvenskan,,20201018_Hammarby_Mjallby,80.2105466735004,0.66,0.38,4,2,11,4,55.9,44.1,1,2,0,0,3,2
2020-10-18,Sirius,Ostersunds,2,3,1.59,4.09,5.37,1.63,4.25,5.54,Allsvenskan,,20201018_Sirius_Ostersunds,33.399452162415855,1.5,1.11,6,5,13,11,49.1,50.9,3,2,0,0,7,10
2020-10-18,Varberg,Norrkoping,1,3,3.71,3.85,1.88,3.81,4.03,1.93,Allsvenskan,,20201018_Varberg_Norrkoping,-113.60796452868954,1.56,1.41,6,4,11,8,45.3,54.7,1,2,0,0,10,6
2020-10-19,Djurgarden,Malmo FF,3,2,3.46,3.46,2.09,3.47,3.51,2.2,Allsvenskan,,20201019_Djurgarden_Malmo-FF,-84.55659771230535,1.85,1.76,6,5,13,11,41.8,58.2,2,1,1,0,4,1
2020-10-19,Helsingborg,Hacken,0,0,4.08,3.7,1.84,4.32,3.68,1.9,Allsvenskan,,20201019_Helsingborg_Hacken,-156.31858230441298,0.19,1.04,2,4,4,6,51.5,48.5,1,1,0,0,4,5
2020-10-24,Djurgarden,Sirius,4,0,2.02,3.54,3.57,2.09,3.5,3.78,Allsvenskan,,20201024_Djurgarden_Sirius,102.62224968831333,0.86,1.97,4,7,7,16,54.2,45.8,1,3,0,0,2,14
2020-10-24,Hacken,Mjallby,2,2,1.44,4.71,6.54,1.44,5.06,7.23,Allsvenskan,,20201024_Hacken_Mjallby,82.78438224715205,2.02,0.56,5,2,11,2,53.1,46.9,2,1,0,0,6,3
2020-10-25,Kalmar,Falkenbergs,0,0,2.42,3.25,2.93,2.46,3.35,3.11,Allsvenskan,,20201025_Kalmar_Falkenbergs,-12.83629258585188,1.76,1.27,6,3,14,8,49.0,51.0,0,3,0,0,10,6
2020-10-25,Malmo FF,Goteborg,3,1,1.41,4.8,7.27,1.42,4.97,7.93,Allsvenskan,,20201025_Malmo-FF_Goteborg,174.678069475455,0.07,1.18,3,4,8,9,54.1,45.9,2,2,0,0,4,8
2020-10-25,Orebro,Helsingborg,3,2,2.53,3.59,2.59,2.67,3.71,2.61,Allsvenskan,,20201025_Orebro_Helsingborg,37.49303726122935,1.28,0.93,5,2,10,5,54.2,45.8,2,2,0,0,7,1
2020-10-25,Ostersunds,Hammarby,1,3,4.99,4.19,1.61,5.08,4.38,1.65,Allsvenskan,,20201025_Ostersunds_Hammarby,-106.79430922608731,0.99,1.21,1,6,0,14,43.1,56.9,5,1,0,0,3,6
2020-10-26,Norrkoping,AIK,2,2,1.99,3.43,3.77,2.02,3.52,3.99,Allsvenskan,,20201026_Norrkoping_AIK,21.97933334388881,0.61,0.9,4,2,10,4,52.5,47.5,4,6,0,0,4,1
2020-10-26,Varberg,Elfsborg,0,0,3.75,3.61,1.94,4.02,3.73,1.95,Allsvenskan,,20201026_Varberg_Elfsborg,-105.933766150265,0.76,0.09,2,1,3,4,48.1,51.9,4,1,0,0,3,1
2020-10-28,Hacken,Djurgarden,0,2,2.44,3.31,2.89,2.55,3.34,2.98,Allsvenskan,,20201028_Hacken_Djurgarden,-30.270638063835804,0.87,1.15,2,2,6,4,55.4,44.6,1,1,0,0,1,3
2020-10-29,Sirius,AIK,0,0,2.86,3.32,2.45,2.96,3.38,2.54,Allsvenskan,,20201029_Sirius_AIK,-76.54044347913486,0.69,0.61,3,4,5,9,50.4,49.6,0,1,0,0,7,11
2020-11-01,Elfsborg,Norrkoping,2,1,2.48,3.46,2.71,2.54,3.59,2.81,Allsvenskan,,20201101_Elfsborg_Norrkoping,-26.886049287596506,1.98,1.33,6,4,13,9,47.8,52.2,1,4,0,0,7,7
2020-11-01,Falkenbergs,Djurgarden,3,2,4.76,3.93,1.68,4.97,4.03,1.72,Allsvenskan,,20201101_Falkenbergs_Djurgarden,-215.52133219252914,1.45,1.33,5,5,11,12,45.4,54.6,6,1,1,0,2,8
2020-11-01,Goteborg,Orebro,0,1,1.59,4.17,5.22,1.62,4.4,5.38,Allsvenskan,,20201101_Goteborg_Orebro,-9.377717758153494,0.59,1.42,0,4,0,10,54.0,46.0,1,3,0,0,4,6
2020-11-01,Hammarby,Hacken,1,1,2.07,3.62,3.32,2.1,3.76,3.5,Allsvenskan,,20201101_Hammarby_Hacken,38.16868143371653,0.65,0.97,2,3,4,7,51.5,48.5,2,2,1,0,1,3
2020-11-01,Mjallby,Ostersunds,3,0,1.84,3.67,4.09,1.87,3.85,4.27,Allsvenskan,,20201101_Mjallby_Ostersunds,19.25788264527523,1.34,0.5,3,1,5,1,50.2,49.8,1,2,0,0,4,1
2020-11-01,Sirius,Kalmar,2,2,1.8,3.8,4.19,1.84,3.93,4.33,Allsvenskan,,20201101_Sirius_Kalmar,99.38330116007705,1.56,1.17,6,2,13,4,52.8,47.2,3,3,0,0,4,4
2020-11-02,AIK,Varberg,1,0,1.84,3.46,4.42,1.88,3.52,4.71,Allsvenskan,,20201102_AIK_Varberg,102.65606820203448,0.76,1.39,2,3,3,6,50.7,49.3,0,1,0,0,3,4
2020-11-02,Helsingborg,Malmo FF,0,1,7.82,4.96,1.38,8.49,5.04,1.4,Allsvenskan,,20201102_Helsingborg_Malmo-FF,-237.0705556679536,0.12,0.45,0,1,2,3,42.5,57.5,3,1,0,0,1,2
2020-11-07,Falkenbergs,Elfsborg,1,3,4.27,3.9,1.76,4.45,4.02,1.79,Allsvenskan,,20201107_Falkenbergs_Elfsborg,-149.25966618459688,1.28,2.36,2,8,5,18,42.2,57.8,2,0,0,0,10,4
2020-11-07,Hacken,Ostersunds,2,1,1.23,6.21,11.65,1.24,6.42,13.34,Allsvenskan,,20201107_Hacken_Ostersunds,98.12097267381455,1.19,1.15,3,4,8,9,56.3,43.7,1,0,0,1,2,4
2020-11-07,Mjallby,Norrkoping,2,0,4.06,3.9,1.79,4.34,4.08,1.8,Allsvenskan,,20201107_Mjallby_Norrkoping,-60.45095734856659,0.89,1.42,4,5,9,8,44.9,55.1,3,2,0,0,2,9
2020-11-08,Djurgarden,AIK,0,1,2.05,3.27,3.78,2.1,3.35,3.94,Allsvenskan,,20201108_Djurgarden_AIK,29.58060895714607,0.95,1.16,2,3,3,6,50.5,49.5,1,2,0,0,2,3
2020-11-08,Helsingborg,Goteborg,0,1,2.82,3.1,2.61,2.96,3.15,2.69,Allsvenskan,,20201108_Helsingborg_Goteborg,-42.742722599092076,0.05,0.68,2,3,6,8,48.4,51.6,3,1,0,1,4,4
2020-11-08,Malmo FF,Sirius,4,0,1.26,6.02,10.07,1.27,6.34,10.91,Allsvenskan,,20201108_Malmo-FF_Sirius,178.05800521491233,2.18,0.84,5,2,12,6,61.3,38.7,2,1,0,0,6,4
2020-11-08,Orebro,Kalmar,0,1,2.51,3.4,2.71,2.66,3.52,2.72,Allsvenskan,,20201108_Orebro_Kalmar,99.39270080529786,0.83,1.17,3,4,7,11,58.0,42.0,3,1,0,0,4,7
2020-11-08,Varberg,Hammarby,5,2,3.46,3.65,2.01,3.59,3.78,2.06,Allsvenskan,,20201108_Varberg_Hammarby,-152.63182497877165,2.3,1.94,8,6,17,13,46.9,53.1,1,1,0,0,7,8
2020-11-22,AIK,Orebro,0,2,1.49,4.18,6.59,1.51,4.34,7.18,Allsvenskan,,20201122_AIK_Orebro,104.9013229059417,0.84,0.79,2,4,6,9,57.9,42.1,0,1,0,0,3,7
2020-11-22,Elfsborg,Helsingborg,2,1,1.56,4.34,5.3,1.6,4.41,5.62,Allsvenskan,,20201122_Elfsborg_Helsingborg,170.2352985983025,0.87,1.05,2,3,5,6,60.2,39.8,0,2,0,0,5,4
2020-11-22,Hammarby,Malmo FF,2,2,2.19,3.69,3.01,2.19,3.81,3.08,Allsvenskan,,20201122_Hammarby_Malmo-FF,-85.25153692084973,1.78,1.09,6,5,13,12,41.8,58.2,1,3,0,0,5,8
2020-11-22,Kalmar,Djurgarden,0,3,4.36,3.61,1.8,4.55,3.83,1.82,Allsvenskan,,20201122_Kalmar_Djurgarden,-177.15175726325356,0.1,0.05,0,3,1,9,41.7,58.3,1,0,0,0,3,6
2020-11-22,Ostersunds,Varberg,0,4,3.2,3.23,2.27,3.43,3.31,2.3,Allsvenskan,,20201122_Ostersunds_Varberg,-6.686987752315417,0.76,1.93,2,5,5,11,44.7,55.3,0,2,0,0,4,7
2020-11-23,Goteborg,Hacken,1,1,3.5,3.15,2.17,3.78,3.25,2.19,Allsvenskan,,20201123_Goteborg_Hacken,-104.76213631877363,0.77,1.25,5,3,9,6,48.0,52.0,0,2,0,0,6,4
2020-11-23,Norrkoping,Falkenbergs,4,1,1.45,5.03,5.79,1.5,5.25,5.69,Allsvenskan,,20201123_Norrkoping_Falkenbergs,143.36522405657593,1.93,1.21,4,4,10,7,59.1,40.9,1,4,0,0,3,6
2020-11-23,Sirius,Mjallby,0,1,2.35,3.56,2.82,2.41,3.63,2.96,Allsvenskan,,20201123_Sirius_Mjallby,-44.77053124068061,0.91,1.65,2,5,5,10,48.4,51.6,1,5,0,0,5,1
2020-11-29,Hacken,Orebro,3,0,1.33,5.34,8.41,1.35,5.52,8.85,Allsvenskan,,20201129_Hacken_Orebro,78.87591469006634,0.83,0.44,3,0,7,0,45.4,54.6,0,2,0,0,4,2
2020-11-29,Helsingborg,Falkenbergs,0,0,2.03,3.67,3.38,2.06,3.86,3.44,Allsvenskan,,20201129_Helsingborg_Falkenbergs,-5.933549109519163,1.18,0.52,3,2,5,4,43.8,56.2,1,1,0,0,5,8
2020-11-29,Mjallby,Djurgarden,2,1,4.28,3.68,1.8,4.39,3.95,1.82,Allsvenskan,,20201129_Mjallby_Djurgarden,-57.260934996231526,0.99,1.29,2,5,5,13,44.6,55.4,1,3,0,0,5,8
2020-11-29,Ostersunds,Goteborg,0,4,5.07,3.71,1.69,5.36,3.78,1.72,Allsvenskan,,20201129_Ostersunds_Goteborg,-26.037119881407534,1.33,0.78,5,4,10,9,52.5,47.5,4,2,1,0,3,5
2020-11-29,Sirius,Elfsborg,1,1,4.58,4.21,1.66,4.7,4.39,1.69,Allsvenskan,,20201129_Sirius_Elfsborg,-114.27380503524705,1.54,1.48,6,6,11,13,48.9,51.1,3,4,0,1,4,5
2020-11-29,Varberg,Malmo FF,3,2,5.52,4.5,1.52,5.52,4.79,1.54,Allsvenskan,,20201129_Varberg_Malmo-FF,-189.31378442449932,2.27,1.25,6,4,14,7,43.6,56.4,1,2,0,0,5,2
2020-11-30,AIK,Kalmar,0,1,2.16,3.1,3.63,2.25,3.13,3.79,Allsvenskan,,20201130_AIK_Kalmar,164.45438897620602,0.96,0.43,2,2,5,5,55.6,44.4,3,3,0,0,3,7
2020-11-30,Hammarby,Norrkoping,0,1,2.67,3.72,2.39,2.76,3.92,2.44,Allsvenskan,,20201130_Hammarby_Norrkoping,23.969222815399462,1.59,1.43,4,3,8,5,50.2,49.8,0,0,0,0,5,7
2020-12-06,Djurgarden,Varberg,1,0,1.37,4.92,7.82,1.37,5.32,8.71,Allsvenskan,,20201206_Djurgarden_Varberg,82.04127435598684,0.66,0.41,2,3,6,6,49.8,50.2,0,4,0,0,4,7
2020-12-06,Elfsborg,AIK,2,2,1.81,3.74,4.11,1.86,3.91,4.21,Allsvenskan,,20201206_Elfsborg_AIK,30.21908319091608,1.9,1.9,6,7,13,16,52.4,47.6,0,1,0,0,6,11
2020-12-06,Falkenbergs,Mjallby,2,3,2.04,3.96,3.13,2.1,4.19,3.2,Allsvenskan,,20201206_Falkenbergs_Mjallby,-142.98701957517983,1.37,1.91,6,6,15,13,38.8,61.2,1,0,0,0,8,6
2020-12-06,Goteborg,Sirius,2,0,1.7,4.08,4.41,1.75,4.22,4.53,Allsvenskan,,20201206_Goteborg_Sirius,12.098323883917374,1.29,0.05,4,0,9,0,54.1,45.9,3,5,0,0,6,2
2020-12-06,Kalmar,Hacken,0,0,4.73,3.52,1.77,5.13,3.66,1.78,Allsvenskan,,20201206_Kalmar_Hacken,-161.4937279601054,1.0,0.76,2,4,6,11,44.9,55.1,1,1,0,0,5,3
2020-12-06,Malmo FF,Ostersunds,4,0,1.12,9.15,18.61,1.13,10.14,21.16,Allsvenskan,,20201206_Malmo-FF_Ostersunds,212.68114111955515,0.9,0.34,4,3,10,9,53.3,46.7,5,3,0,0,7,3
2020-12-06,Norrkoping,Helsingborg,3,4,1.22,6.77,10.54,1.23,7.26,11.65,Allsvenskan,,20201206_Norrkoping_Helsingborg,176.54335980087308,1.38,0.76,5,4,14,9,56.4,43.6,0,2,0,0,9,2
2020-12-06,Orebro,Hammarby,2,1,4.3,4.49,1.65,4.32,4.97,1.67,Allsvenskan,,20201206_Orebro_Hammarby,-91.65769551448034,0.39,0.81,2,1,5,4,49.1,50.9,2,1,0,0,9,5
2020-12-09,Jonkopings,Kalmar,1,3,2.65,2.98,2.85,2.75,3.04,2.99,Allsvenskan,,20201209_Jonkopings_Kalmar,67.60546864257367,0.72,1.61,3,5,8,13,47.5,52.5,2,0,0,0,5,7
2020-12-13,Kalmar,Jonkopings,1,0,2.23,3.29,3.18,2.33,3.44,3.26,Allsvenskan,,20201213_Kalmar_Jonkopings,-38.993509455765434,1.4,1.53,4,4,10,8,50.0,50.0,2,1,0,0,4,5
2021-04-10,Malmo FF,Hammarby,3,2,1.6,4.1,5.23,1.63,4.21,5.62,Allsvenskan,,20210410_Malmo-FF_Hammarby,94.89104244021769,1.62,1.22,6,3,12,8,44.1,55.9,1,1,0,0,10,5
2021-04-10,Orebro,Goteborg,0,0,3.29,3.31,2.21,3.39,3.35,2.3,Allsvenskan,,20210410_Orebro_Goteborg,1.9491517918377212,0.67,0.89,1,3,3,8,55.7,44.3,0,1,0,0,3,2
2021-04-11,Elfsborg,Djurgarden,0,2,2.92,3.3,2.43,3.08,3.38,2.46,Allsvenskan,,20210411_Elfsborg_Djurgarden,-8.791491295356082,0.05,1.25,1,3,0,5,45.0,55.0,0,3,0,1,3,8
2021-04-11,Halmstad,Hacken,1,0,3.28,3.19,2.28,3.28,3.16,2.46,Allsvenskan,,20210411_Halmstad_Hacken,-83.4722234405317,0.97,0.2,3,1,4,0,48.4,51.6,2,1,0,0,2,1
2021-04-11,Mjallby,Varberg,0,0,2.21,3.24,3.38,2.31,3.2,3.54,Allsvenskan,,20210411_Mjallby_Varberg,69.24081597676422,1.1,1.85,4,6,7,14,53.9,46.1,7,2,0,1,5,8
2021-04-11,Norrkoping,Sirius,1,1,1.65,3.91,5.12,1.7,3.84,5.5,Allsvenskan,,20210411_Norrkoping_Sirius,97.83751800467871,1.17,1.82,5,6,10,11,56.3,43.7,3,1,0,0,7,4
2021-04-12,AIK,Degerfors,2,0,1.9,3.61,3.96,1.98,3.7,3.94,Allsvenskan,,20210412_AIK_Degerfors,58.10059498548753,1.26,0.39,3,1,6,2,51.8,48.2,0,2,0,0,5,2
2021-04-12,Kalmar,Ostersunds,0,0,2.1,3.24,3.65,2.09,3.32,4.01,Allsvenskan,,20210412_Kalmar_Ostersunds,21.01194505985268,0.83,0.3,3,1,7,2,54.2,45.8,1,3,0,0,7,2
2021-04-17,Hammarby,Mjallby,2,0,1.63,3.92,5.31,1.68,3.93,5.51,Allsvenskan,,20210417_Hammarby_Mjallby,-2.5094863373128646,1.36,1.31,4,3,8,8,41.8,58.2,1,1,0,0,7,7
2021-04-18,Degerfors,Kalmar,0,1,2.19,3.39,3.25,2.22,3.58,3.36,Allsvenskan,,20210418_Degerfors_Kalmar,30.671395190689736,0.31,1.36,0,5,1,12,50.3,49.7,3,2,0,0,1,7
2021-04-18,Djurgarden,Norrkoping,1,0,2.02,3.54,3.55,2.02,3.67,3.82,Allsvenskan,,20210418_Djurgarden_Norrkoping,43.13710147113966,1.67,1.47,6,3,15,6,50.4,49.6,1,6,0,0,9,3
2021-04-18,Hacken,Malmo FF,1,2,3.53,3.5,2.04,3.59,3.63,2.11,Allsvenskan,,20210418_Hacken_Malmo-FF,-102.77391031482716,1.73,1.94,6,6,12,13,46.6,53.4,1,0,0,0,6,5
2021-04-18,Ostersunds,Orebro,5,0,2.61,3.2,2.74,2.66,3.31,2.86,Allsvenskan,,20210418_Ostersunds_Orebro,-66.43356657716663,2.66,0.75,8,4,17,9,48.5,51.5,4,0,0,0,6,5
2021-04-18,Sirius,Halmstad,1,0,2.58,3.17,2.8,2.7,3.26,2.85,Allsvenskan,,20210418_Sirius_Halmstad,-42.49282958595427,1.74,0.28,5,0,12,0,48.6,51.4,4,2,0,0,4,0
2021-04-19,Goteborg,AIK,2,0,2.99,3.03,2.51,3.05,3.09,2.66,Allsvenskan,,20210419_Goteborg_AIK,-63.73874356039187,1.02,0.2,4,1,11,4,48.1,51.9,3,3,0,0,5,3
2021-04-19,Varberg,Elfsborg,1,3,3.59,3.42,2.04,3.77,3.58,2.07,Allsvenskan,,20210419_Varberg_Elfsborg,-77.62886349499558,0.1,1.38,1,6,1,13,53.8,46.2,3,2,0,0,2,4
2021-04-24,Hacken,Sirius,1,2,1.66,3.68,5.52,1.68,3.76,5.92,Allsvenskan,,20210424_Hacken_Sirius,74.29670865267326,1.79,0.99,7,2,15,4,46.3,53.7,1,4,0,0,4,6
2021-04-25,AIK,Hammarby,2,0,2.37,3.31,3.01,2.42,3.41,3.11,Allsvenskan,,20210425_AIK_Hammarby,-17.07425187253557,0.67,0.36,2,0,6,0,53.0,47.0,2,0,0,0,2,0
2021-04-25,Kalmar,Orebro,1,0,2.01,3.23,3.98,2.09,3.25,4.11,Allsvenskan,,20210425_Kalmar_Orebro,-19.547726134567256,0.77,0.97,2,4,2,8,49.1,50.9,3,3,0,0,3,3
2021-04-25,Malmo FF,Ostersunds,1,1,1.18,6.93,15.32,1.18,7.58,18.18,Allsvenskan,,20210425_Malmo-FF_Ostersunds,225.94613009559112,1.54,1.71,5,6,11,14,61.1,38.9,1,1,1,0,3,8
2021-04-25,Norrkoping,Halmstad,2,1,1.84,3.59,4.19,1.89,3.75,4.26,Allsvenskan,,20210425_Norrkoping_Halmstad,51.702133681555324,1.14,1.43,4,3,7,8,45.4,54.6,1,2,0,0,1,7
2021-04-25,Varberg,Djurgarden,1,3,5.05,3.52,1.74,5.05,3.48,1.83,Allsvenskan,,20210425_Varberg_Djurgarden,-129.69343421590088,0.05,1.32,1,5,3,14,39.6,60.4,0,0,0,0,3,5
2021-04-26,Elfsborg,Mjallby,1,0,1.66,3.72,5.35,1.68,3.8,5.8,Allsvenskan,,20210426_Elfsborg_Mjallby,34.55791330379043,0.33,0.51,1,2,2,3,51.8,48.2,2,2,0,0,2,3
2021-04-26,Goteborg,Degerfors,2,3,1.72,3.77,4.68,1.77,3.85,4.85,Allsvenskan,,20210426_Goteborg_Degerfors,41.619100635567975,1.38,0.87,6,3,12,3,48.9,51.1,2,0,0,0,4,4
2021-05-01,Hammarby,Hacken,1,1,2.26,3.39,3.15,2.26,3.56,3.28,Allsvenskan,,20210501_Hammarby_Hacken,12.854924156942161,1.5,0.63,4,1,9,3,47.0,53.0,0,1,0,0,5,1
2021-05-01,Sirius,Kalmar,1,1,2.6,3.04,2.91,2.7,3.09,3.0,Allsvenskan,,20210501_Sirius_Kalmar,15.276179027895068,1.72,0.46,4,3,9,7,47.5,52.5,1,1,0,0,7,6
2021-05-02,AIK,Elfsborg,1,0,2.32,3.28,3.11,2.38,3.36,3.23,Allsvenskan,,20210502_AIK_Elfsborg,-28.189388541554763,1.66,0.49,6,3,13,6,43.5,56.5,3,2,0,0,4,6
2021-05-02,Halmstad,Goteborg,1,1,2.99,3.21,2.43,3.13,3.26,2.49,Allsvenskan,,20210502_Halmstad_Goteborg,-13.978983573153528,1.15,2.0,3,6,6,14,52.6,47.4,3,1,0,0,3,9
2021-05-02,Orebro,Norrkoping,0,3,4.06,3.78,1.83,4.15,3.94,1.87,Allsvenskan,,20210502_Orebro_Norrkoping,-84.0511828502058,1.05,1.13,2,4,6,9,47.4,52.6,1,0,0,0,5,7
2021-05-02,Ostersunds,Varberg,1,2,2.33,3.34,3.05,2.41,3.51,3.06,Allsvenskan,,20210502_Ostersunds_Varberg,-18.94780512366765,0.94,0.98,1,4,3,9,43.8,56.2,3,1,0,0,1,3
2021-05-03,Djurgarden,Malmo FF,3,1,2.81,3.41,2.45,2.95,3.52,2.47,Allsvenskan,,20210503_Djurgarden_Malmo-FF,-48.144295848286674,1.16,1.9,3,7,7,17,50.3,49.7,1,3,0,0,5,8
2021-05-03,Mjallby,Degerfors,1,0,2.22,3.4,3.19,2.27,3.51,3.29,Allsvenskan,,20210503_Mjallby_Degerfors,48.17308914109776,1.05,0.05,2,0,7,0,48.1,51.9,5,1,0,0,5,0
2021-05-08,Elfsborg,Kalmar,2,2,1.99,3.28,4.04,2.01,3.3,4.37,Allsvenskan,,20210508_Elfsborg_Kalmar,96.16726121165357,1.97,1.53,6,6,13,14,48.0,52.0,3,0,0,0,10,5
2021-05-08,Goteborg,Hacken,1,1,2.74,3.21,2.61,2.8,3.3,2.72,Allsvenskan,,20210508_Goteborg_Hacken,-41.37162759269518,1.12,0.72,4,3,10,7,47.5,52.5,4,1,0,0,4,5
2021-05-08,Hammarby,Sirius,3,2,1.59,4.1,5.45,1.6,4.27,5.88,Allsvenskan,,20210508_Hammarby_Sirius,58.179713424778356,0.94,0.93,3,3,5,5,47.9,52.1,2,0,0,0,2,5
2021-05-08,Orebro,Halmstad,1,0,3.43,3.37,2.14,3.6,3.53,2.14,Allsvenskan,,20210508_Orebro_Halmstad,-21.52924401723226,0.05,0.33,1,0,2,0,54.0,46.0,0,0,0,0,4,1
2021-05-09,Degerfors,Djurgarden,2,0,5.7,4.23,1.55,6.23,4.32,1.56,Allsvenskan,,20210509_Degerfors_Djurgarden,-158.59748443037006,1.38,1.08,3,4,6,8,44.2,55.8,2,2,0,0,1,4
2021-05-09,Malmo FF,Varberg,3,2,1.3,5.54,9.2,1.32,5.62,10.22,Allsvenskan,,20210509_Malmo-FF_Varberg,168.27449496721965,1.21,2.22,4,7,11,15,56.2,43.8,4,1,0,0,9,7
2021-05-09,Mjallby,Ostersunds,1,0,1.74,3.64,4.84,1.72,3.9,5.17,Allsvenskan,,20210509_Mjallby_Ostersunds,99.3440857718474,1.05,1.09,4,4,8,8,54.8,45.2,3,0,0,0,7,5
2021-05-10,Norrkoping,AIK,2,0,2.16,3.33,3.42,2.12,3.53,3.67,Allsvenskan,,20210510_Norrkoping_AIK,-7.045810069407025,0.79,0.05,2,1,5,1,37.7,62.3,1,3,0,0,4,2
2021-05-12,Djurgarden,Ostersunds,2,0,1.24,5.87,12.13,1.26,5.83,13.61,Allsvenskan,,20210512_Djurgarden_Ostersunds,180.60779183117666,1.25,0.75,5,2,12,5,54.2,45.8,1,3,0,0,5,3
2021-05-12,Hacken,Orebro,2,3,1.43,4.39,7.58,1.46,4.3,8.53,Allsvenskan,,20210512_Hacken_Orebro,61.74988875168083,1.68,2.8,6,10,13,20,49.4,50.6,2,3,0,0,5,11
2021-05-12,Kalmar,Goteborg,0,0,2.76,2.96,2.78,2.93,2.97,2.79,Allsvenskan,,20210512_Kalmar_Goteborg,-17.245373768423406,0.65,1.58,3,5,6,10,48.2,51.8,4,3,0,0,3,7
2021-05-12,Sirius,Elfsborg,0,2,2.98,3.3,2.38,3.1,3.28,2.45,Allsvenskan,,20210512_Sirius_Elfsborg,-88.71556498041696,1.02,0.61,4,2,8,4,41.8,58.2,1,2,0,0,7,3
2021-05-12,Varberg,Hammarby,1,3,3.41,3.53,2.07,3.56,3.53,2.12,Allsvenskan,,20210512_Varberg_Hammarby,-83.41089748625336,0.96,1.42,5,4,11,10,48.5,51.5,1,2,0,0,1,8
2021-05-13,AIK,Malmo FF,1,1,3.19,3.3,2.27,3.29,3.36,2.34,Allsvenskan,,20210513_AIK_Malmo-FF,-98.80353393358564,0.67,1.26,1,6,2,13,44.5,55.5,2,1,0,0,2,6
2021-05-13,Halmstad,Mjallby,1,1,2.2,3.16,3.49,2.21,3.28,3.68,Allsvenskan,,20210513_Halmstad_Mjallby,-78.66040078035076,1.3,1.43,4,4,9,9,43.9,56.1,3,2,0,0,5,4
2021-05-13,Norrkoping,Degerfors,1,1,1.5,4.5,6.02,1.5,4.66,6.67,Allsvenskan,,20210513_Norrkoping_Degerfors,87.5514927813133,1.43,1.02,4,2,10,3,57.6,42.4,3,0,0,0,5,3
2021-05-16,Hammarby,Djurgarden,2,2,3.08,3.76,2.15,3.07,4.0,2.17,Allsvenskan,,20210516_Hammarby_Djurgarden,-50.596823454345895,1.62,1.79,6,6,15,14,44.5,55.5,1,2,0,0,4,10
2021-05-17,Elfsborg,Halmstad,2,3,1.84,3.57,4.29,1.86,3.6,4.49,Allsvenskan,,20210517_Elfsborg_Halmstad,105.95164601561919,1.04,2.15,4,7,10,14,55.5,44.5,2,3,1,0,5,5
2021-05-17,Goteborg,Sirius,2,2,1.77,3.71,4.52,1.81,3.79,4.53,Allsvenskan,,20210517_Goteborg_Sirius,24.677700738826843,0.25,0.99,2,3,4,6,55.1,44.9,5,1,1,0,1,4
2021-05-17,Malmo FF,Kalmar,3,1,1.62,3.94,5.48,1.7,3.85,5.32,Allsvenskan,,20210517_Malmo-FF_Kalmar,173.3232946100036,1.61,0.77,7,3,15,6,50.9,49.1,0,3,0,0,8,4
2021-05-17,Mjallby,Hacken,1,1,3.17,3.26,2.29,3.25,3.36,2.32,Allsvenskan,,20210517_Mjallby_Hacken,24.39371185101413,0.91,0.94,3,2,7,6,46.1,53.9,1,4,0,0,1,4
2021-05-17,Ostersunds,AIK,1,2,4.77,3.58,1.76,4.81,3.67,1.8,Allsvenskan,,20210517_Ostersunds_AIK,-135.9666449058957,0.93,0.97,4,3,7,8,46.8,53.2,2,3,0,0,6,3
2021-05-17,Varberg,Norrkoping,2,1,3.26,3.39,2.19,3.36,3.37,2.26,Allsvenskan,,20210517_Varberg_Norrkoping,-106.33051551659287,1.85,0.97,6,3,14,8,48.9,51.1,1,1,0,0,10,6
2021-05-18,Degerfors,Orebro,3,0,1.96,3.52,3.81,1.96,3.64,3.98,Allsvenskan,,20210518_Degerfors_Orebro,3.1559028297567693,2.31,0.87,9,2,20,4,47.3,52.7,0,1,0,0,11,3
2021-05-20,Malmo FF,Elfsborg,2,1,1.59,4.13,5.36,1.63,4.09,5.66,Allsvenskan,,20210520_Malmo-FF_Elfsborg,97.2441813225596,1.41,0.05,3,1,6,1,57.1,42.9,2,0,1,0,2,5
2021-05-22,AIK,Mjallby,2,2,1.82,3.38,4.74,1.82,3.48,4.99,Allsvenskan,,20210522_AIK_Mjallby,24.077018139485517,0.96,1.2,2,5,3,10,48.5,51.5,0,4,0,1,3,7
2021-05-22,Ostersunds,Sirius,3,0,2.73,3.33,2.55,2.81,3.45,2.62,Allsvenskan,,20210522_Ostersunds_Sirius,-54.55807599600098,1.68,0.3,4,2,11,5,46.4,53.6,1,2,0,0,9,1
2021-05-23,Djurgarden,Goteborg,0,0,1.63,3.88,5.36,1.66,3.99,5.67,Allsvenskan,,20210523_Djurgarden_Goteborg,121.40664318667632,0.9,0.05,2,0,3,2,48.3,51.7,3,3,0,0,3,3
2021-05-23,Hacken,Varberg,3,1,1.8,3.62,4.44,1.87,3.65,4.55,Allsvenskan,,20210523_Hacken_Varberg,40.35397162230538,1.39,1.75,5,5,12,11,56.9,43.1,3,1,0,1,6,3
2021-05-23,Halmstad,Degerfors,0,0,1.99,3.43,3.77,2.03,3.53,3.95,Allsvenskan,,20210523_Halmstad_Degerfors,-14.89212194622678,0.82,1.61,2,5,5,12,55.7,44.3,3,0,0,0,8,4
2021-05-23,Kalmar,Hammarby,2,1,2.91,3.31,2.43,2.94,3.39,2.55,Allsvenskan,,20210523_Kalmar_Hammarby,-95.94991558954825,0.97,1.4,5,3,11,7,48.3,51.7,0,2,0,0,5,2
2021-05-24,Elfsborg,Norrkoping,1,0,2.17,3.55,3.18,2.19,3.68,3.33,Allsvenskan,,20210524_Elfsborg_Norrkoping,-2.942446582610046,0.05,1.58,1,4,3,9,51.4,48.6,1,1,0,0,0,4
2021-05-24,Orebro,Malmo FF,1,2,7.68,4.77,1.39,8.24,4.78,1.43,Allsvenskan,,20210524_Orebro_Malmo-FF,-192.86782209619946,0.49,1.51,2,4,4,9,43.4,56.6,0,3,0,0,1,7
2021-07-03,Degerfors,Ostersunds,3,1,1.79,3.67,4.39,1.82,3.75,4.69,Allsvenskan,,20210703_Degerfors_Ostersunds,70.53175561355874,1.29,1.38,4,4,10,10,50.2,49.8,2,1,0,0,8,8
2021-07-03,Norrkoping,Malmo FF,3,2,3.73,3.45,1.99,3.94,3.62,2.01,Allsvenskan,,20210703_Norrkoping_Malmo-FF,-129.8038980228671,0.63,1.04,3,3,7,6,41.8,58.2,2,2,0,0,6,3
2021-07-04,Hacken,AIK,2,1,2.14,3.32,3.45,2.14,3.46,3.68,Allsvenskan,,20210704_Hacken_AIK,-35.34571630597611,0.71,0.05,3,2,7,3,42.8,57.2,2,1,0,0,5,6
2021-07-04,Hammarby,Halmstad,1,1,1.81,3.77,4.13,1.84,3.88,4.37,Allsvenskan,,20210704_Hammarby_Halmstad,66.04540381163292,0.64,0.22,1,1,0,4,56.2,43.8,2,5,0,0,3,3
2021-07-04,Sirius,Mjallby,2,1,2.51,3.35,2.76,2.55,3.49,2.87,Allsvenskan,,20210704_Sirius_Mjallby,-87.09041654961175,1.01,1.75,5,4,11,7,47.2,52.8,3,3,0,0,4,8
2021-07-04,Varberg,Kalmar,1,1,2.92,3.07,2.56,3.07,3.14,2.61,Allsvenskan,,20210704_Varberg_Kalmar,-17.825354348158726,1.97,1.2,6,4,11,10,42.2,57.8,2,0,0,0,9,8
2021-07-05,Djurgarden,Orebro,3,0,1.25,6.0,11.07,1.25,6.46,11.76,Allsvenskan,,20210705_Djurgarden_Orebro,142.88102014062952,1.7,0.67,5,3,10,8,54.3,45.7,2,0,0,0,6,6
2021-07-05,Goteborg,Elfsborg,0,1,2.59,3.22,2.77,2.64,3.34,2.87,Allsvenskan,,20210705_Goteborg_Elfsborg,-66.68502466109226,0.83,0.93,3,4,7,9,49.8,50.2,1,2,0,0,1,6
2021-07-10,AIK,Varberg,2,1,1.55,3.98,6.18,1.57,4.04,6.78,Allsvenskan,,20210710_AIK_Varberg,83.09287224475429,0.84,1.41,3,4,8,11,58.9,41.1,6,2,1,0,2,2
2021-07-10,Malmo FF,Sirius,4,0,1.31,5.44,8.86,1.33,5.58,9.99,Allsvenskan,,20210710_Malmo-FF_Sirius,184.87130537304415,1.31,0.61,5,2,12,3,56.3,43.7,2,1,0,0,5,0
2021-07-11,Elfsborg,Orebro,2,1,1.38,4.85,7.71,1.39,5.04,8.64,Allsvenskan,,20210711_Elfsborg_Orebro,113.27072197311531,1.64,1.26,4,3,8,6,57.6,42.4,2,3,0,0,4,4
2021-07-11,Hammarby,Degerfors,5,1,1.57,4.31,5.29,1.59,4.4,5.7,Allsvenskan,,20210711_Hammarby_Degerfors,40.330479646931735,1.06,1.5,5,6,9,13,50.2,49.8,0,2,0,0,6,6
2021-07-11,Mjallby,Norrkoping,0,1,2.5,3.28,2.82,2.59,3.35,2.92,Allsvenskan,,20210711_Mjallby_Norrkoping,-30.441465869086414,0.69,0.89,1,3,2,6,47.9,52.1,1,1,0,0,1,5
2021-07-11,Ostersunds,Goteborg,2,3,3.16,3.3,2.28,3.27,3.36,2.36,Allsvenskan,,20210711_Ostersunds_Goteborg,-67.56762713636022,1.74,0.96,6,3,14,7,45.2,54.8,2,3,0,0,8,6
2021-07-12,Halmstad,Djurgarden,0,0,3.57,3.34,2.08,3.7,3.41,2.15,Allsvenskan,,20210712_Halmstad_Djurgarden,-129.44496105259145,0.05,1.37,1,4,3,8,42.1,57.9,4,2,0,0,2,4
2021-07-12,Kalmar,Hacken,2,3,2.78,3.16,2.61,2.89,3.23,2.69,Allsvenskan,,20210712_Kalmar_Hacken,-57.585261293088934,1.14,0.87,3,3,6,7,42.5,57.5,1,1,0,0,3,9
2021-07-17,Degerfors,Malmo FF,0,5,5.86,4.54,1.5,6.06,4.72,1.53,Allsvenskan,,20210717_Degerfors_Malmo-FF,-163.2786790942073,0.68,1.22,1,5,2,11,42.9,57.1,1,4,0,0,1,5
2021-07-17,Elfsborg,Ostersunds,3,0,1.48,4.5,6.29,1.5,4.67,6.61,Allsvenskan,,20210717_Elfsborg_Ostersunds,171.61796341616423,1.07,0.68,3,2,7,2,54.2,45.8,2,2,0,1,5,4
2021-07-18,AIK,Kalmar,2,0,1.8,3.45,4.67,1.85,3.47,4.97,Allsvenskan,,20210718_AIK_Kalmar,85.7104287435061,0.12,1.05,2,5,2,11,55.7,44.3,1,1,0,0,3,1
2021-07-18,Goteborg,Mjallby,3,2,1.7,3.73,4.95,1.73,3.86,5.18,Allsvenskan,,20210718_Goteborg_Mjallby,-20.346553807378086,1.37,1.24,4,4,10,9,46.9,53.1,4,1,0,0,6,5
2021-07-18,Norrkoping,Hacken,0,1,2.27,3.52,2.99,2.34,3.62,3.09,Allsvenskan,,20210718_Norrkoping_Hacken,16.129726300795028,0.17,0.89,0,1,0,1,46.1,53.9,0,2,0,0,2,4
2021-07-18,Orebro,Hammarby,0,2,5.19,4.25,1.59,5.58,4.43,1.6,Allsvenskan,,20210718_Orebro_Hammarby,-108.4586673551064,1.08,2.27,7,8,17,17,46.9,53.1,3,2,0,0,14,9
2021-07-19,Djurgarden,Sirius,5,1,1.35,5.16,7.95,1.37,5.32,8.63,Allsvenskan,,20210719_Djurgarden_Sirius,148.4814503247876,1.73,0.49,5,2,11,3,55.7,44.3,4,3,0,0,4,4
2021-07-19,Halmstad,Varberg,1,1,2.08,3.22,3.75,2.11,3.32,3.94,Allsvenskan,,20210719_Halmstad_Varberg,32.362756631917364,1.26,1.72,3,6,6,11,55.7,44.3,3,2,0,0,7,8
2021-07-24,Mjallby,Malmo FF,0,2,4.21,3.52,1.86,4.49,3.55,1.9,Allsvenskan,,20210724_Mjallby_Malmo-FF,-164.22539957127697,0.76,0.67,2,2,4,5,39.3,60.7,2,3,0,0,1,3
2021-07-24,Sirius,Degerfors,2,0,2.03,3.72,3.38,2.07,3.9,3.46,Allsvenskan,,20210724_Sirius_Degerfors,-34.32550174947755,0.88,1.0,3,2,7,4,44.8,55.2,0,2,1,0,4,4
2021-07-25,Hacken,Elfsborg,1,1,2.6,3.42,2.62,2.7,3.45,2.72,Allsvenskan,,20210725_Hacken_Elfsborg,-22.054031585808616,1.58,0.93,3,4,6,8,44.3,55.7,2,2,0,0,3,5
2021-07-25,Hammarby,Norrkoping,2,1,1.84,3.71,4.07,1.85,3.84,4.34,Allsvenskan,,20210725_Hammarby_Norrkoping,11.643499348159821,2.07,1.43,7,5,14,10,53.8,46.2,1,2,0,0,6,7
2021-07-25,Kalmar,Djurgarden,0,1,3.48,3.27,2.15,3.61,3.36,2.21,Allsvenskan,,20210725_Kalmar_Djurgarden,-153.76928339604592,1.43,1.01,4,5,8,12,47.8,52.2,2,1,0,0,3,9
2021-07-26,Orebro,AIK,1,1,5.42,3.82,1.63,5.8,4.03,1.64,Allsvenskan,,20210726_Orebro_AIK,-127.14960357359519,0.84,1.01,4,1,8,2,41.7,58.3,0,1,0,0,7,2
2021-07-26,Ostersunds,Halmstad,0,1,3.38,3.35,2.15,3.51,3.45,2.21,Allsvenskan,,20210726_Ostersunds_Halmstad,-87.88599903602358,1.34,1.89,4,5,9,12,46.7,53.3,0,2,0,0,1,6
2021-07-26,Varberg,Goteborg,2,0,3.5,3.43,2.08,3.71,3.49,2.12,Allsvenskan,,20210726_Varberg_Goteborg,-48.41957972128694,2.08,0.05,8,0,16,0,46.9,53.1,0,1,0,0,7,6
2021-07-31,Degerfors,Varberg,1,1,2.45,3.38,2.8,2.54,3.5,2.87,Allsvenskan,,20210731_Degerfors_Varberg,3.981528145462562,0.51,0.35,1,1,2,3,50.4,49.6,0,2,0,0,3,3
2021-08-01,Djurgarden,Hacken,2,1,1.6,4.07,5.25,1.64,4.2,5.44,Allsvenskan,,20210801_Djurgarden_Hacken,60.72074533756063,1.0,1.44,5,5,11,10,54.9,45.1,0,0,0,0,7,7
2021-08-01,Kalmar,Mjallby,1,0,1.88,3.39,4.31,1.89,3.52,4.63,Allsvenskan,,20210801_Kalmar_Mjallby,-38.12043931661128,1.02,1.2,4,3,9,7,50.3,49.7,1,2,0,0,5,5
2021-08-01,Ostersunds,Hammarby,1,1,4.22,3.86,1.77,4.43,3.92,1.82,Allsvenskan,,20210801_Ostersunds_Hammarby,-185.8729882947216,1.1,1.47,4,3,9,7,44.4,55.6,1,4,0,0,7,6
2021-08-02,AIK,Halmstad,1,0,1.82,3.33,4.78,1.88,3.35,5.07,Allsvenskan,,20210802_AIK_Halmstad,66.07694219886298,1.29,0.21,3,0,4,1,55.5,44.5,2,3,0,0,4,2
2021-08-02,Goteborg,Norrkoping,1,2,2.22,3.43,3.15,2.31,3.48,3.25,Allsvenskan,,20210802_Goteborg_Norrkoping,-49.49552974446351,1.67,0.97,5,3,10,6,44.0,56.0,0,0,0,0,3,2
2021-08-02,Sirius,Orebro,1,2,1.79,3.89,4.11,1.8,4.05,4.39,Allsvenskan,,20210802_Sirius_Orebro,23.181425306125902,0.5,1.23,4,4,10,9,55.2,44.8,0,1,0,0,7,4
2021-08-07,Halmstad,Malmo FF,0,0,3.78,3.33,2.02,3.98,3.48,2.04,Allsvenskan,,20210807_Halmstad_Malmo-FF,-184.88690804109092,0.58,0.05,2,0,5,0,45.4,54.6,1,3,0,0,1,1
2021-08-07,Orebro,Mjallby,2,2,2.85,3.3,2.46,2.93,3.4,2.55,Allsvenskan,,20210807_Orebro_Mjallby,-24.036086095523615,1.32,1.48,3,6,7,13,49.5,50.5,1,1,0,1,4,5
2021-08-08,Djurgarden,AIK,1,4,2.02,3.18,4.0,2.04,3.27,4.3,Allsvenskan,,20210808_Djurgarden_AIK,61.25732936449481,0.35,1.9,2,7,3,16,50.5,49.5,3,3,0,0,2,14
2021-08-08,Elfsborg,Degerfors,3,0,1.48,4.64,6.02,1.48,4.87,6.55,Allsvenskan,,20210808_Elfsborg_Degerfors,108.62288095955273,0.11,0.13,3,0,8,1,49.6,50.4,2,2,0,0,2,1
2021-08-08,Goteborg,Hammarby,0,0,2.33,3.49,2.92,2.28,3.71,3.12,Allsvenskan,,20210808_Goteborg_Hammarby,-88.76678888824517,1.15,0.46,1,1,1,3,45.2,54.8,2,0,0,0,4,5
2021-08-08,Hacken,Ostersunds,5,0,1.3,5.53,9.48,1.3,5.82,10.28,Allsvenskan,,20210808_Hacken_Ostersunds,156.58179662047905,1.88,0.92,5,2,12,4,56.4,43.6,0,2,0,0,5,2
2021-08-09,Norrkoping,Kalmar,1,2,1.93,3.53,3.85,1.96,3.66,4.08,Allsvenskan,,20210809_Norrkoping_Kalmar,82.71793917161926,0.05,0.68,1,2,2,4,60.1,39.9,1,0,0,0,2,5
2021-08-09,Varberg,Sirius,0,0,1.93,3.54,3.84,1.95,3.69,4.08,Allsvenskan,,20210809_Varberg_Sirius,16.91751977582703,0.59,1.18,0,3,0,8,53.0,47.0,0,0,0,0,0,5
2021-08-14,Kalmar,Halmstad,1,1,2.24,3.01,3.52,2.31,3.04,3.77,Allsvenskan,,20210814_Kalmar_Halmstad,-8.618945930529662,1.08,1.02,4,4,9,8,46.7,53.3,1,3,1,0,7,8
2021-08-14,Malmo FF,Goteborg,2,3,1.48,4.14,6.83,1.49,4.37,7.55,Allsvenskan,,20210814_Malmo-FF_Goteborg,181.0021676823476,1.66,1.77,5,6,9,14,60.7,39.3,1,2,0,0,6,9
2021-08-15,Degerfors,Hacken,3,0,3.78,3.83,1.87,3.94,3.95,1.92,Allsvenskan,,20210815_Degerfors_Hacken,-93.46282810726416,0.85,0.14,3,0,7,0,45.0,55.0,1,3,1,0,4,1
2021-08-15,Hammarby,Elfsborg,0,2,2.05,3.6,3.37,2.12,3.68,3.51,Allsvenskan,,20210815_Hammarby_Elfsborg,-24.272526781089027,1.39,1.22,6,3,16,7,48.9,51.1,2,3,0,0,6,4
2021-08-15,Mjallby,Djurgarden,0,1,4.43,3.87,1.73,4.54,4.1,1.77,Allsvenskan,,20210815_Mjallby_Djurgarden,-139.6400420360735,0.43,0.94,1,3,2,7,44.5,55.5,2,0,0,0,3,6
2021-08-15,Ostersunds,Norrkoping,1,2,4.48,3.78,1.74,4.62,3.88,1.8,Allsvenskan,,20210815_Ostersunds_Norrkoping,-147.59158299550745,1.19,1.42,5,5,13,12,48.5,51.5,2,1,0,0,5,3
2021-08-16,Sirius,AIK,0,1,3.65,3.54,1.97,3.72,3.59,2.08,Allsvenskan,,20210816_Sirius_AIK,-131.61181111183282,0.18,1.04,1,2,1,5,41.9,58.1,0,3,0,0,4,5
2021-08-16,Varberg,Orebro,1,0,1.8,3.61,4.37,1.76,3.87,4.92,Allsvenskan,,20210816_Varberg_Orebro,13.087296769429258,0.05,0.83,1,4,2,8,51.8,48.2,0,1,0,0,1,4
2021-08-21,Malmo FF,Degerfors,3,0,1.26,6.15,9.71,1.27,6.35,10.91,Allsvenskan,,20210821_Malmo-FF_Degerfors,166.4256175421324,2.46,0.69,7,2,14,5,49.5,50.5,0,1,0,0,9,2
2021-08-22,AIK,Hacken,2,1,1.78,3.53,4.6,1.79,3.66,5.05,Allsvenskan,,20210822_AIK_Hacken,49.28708362246721,1.38,1.36,5,6,11,12,54.4,45.6,2,1,0,0,7,7
2021-08-22,Elfsborg,Hammarby,2,2,2.28,3.53,2.95,2.33,3.66,3.08,Allsvenskan,,20210822_Elfsborg_Hammarby,46.5985625131832,2.3,1.24,5,4,11,9,55.0,45.0,0,6,0,0,9,6
2021-08-22,Halmstad,Norrkoping,2,1,2.62,3.16,2.75,2.75,3.21,2.84,Allsvenskan,,20210822_Halmstad_Norrkoping,-51.97661028126481,1.91,0.98,7,4,15,6,48.4,51.6,1,2,0,0,12,9
2021-08-22,Orebro,Sirius,1,1,2.54,3.44,2.67,2.67,3.58,2.68,Allsvenskan,,20210822_Orebro_Sirius,-1.2257445950851888,0.79,1.06,3,3,5,7,50.5,49.5,0,0,0,0,3,6
2021-08-23,Djurgarden,Mjallby,0,0,1.34,4.94,8.85,1.36,5.1,9.69,Allsvenskan,,20210823_Djurgarden_Mjallby,154.48194276241588,0.98,1.85,4,7,11,15,61.6,38.4,2,1,0,0,7,3
2021-08-23,Goteborg,Varberg,1,2,2.05,3.2,3.87,2.11,3.23,4.1,Allsvenskan,,20210823_Goteborg_Varberg,20.434774741287583,1.13,0.67,5,3,12,5,53.0,47.0,4,0,0,0,8,5
2021-08-23,Ostersunds,Kalmar,0,1,3.42,3.29,2.16,3.56,3.38,2.22,Allsvenskan,,20210823_Ostersunds_Kalmar,-101.96803064023584,0.68,1.2,4,3,9,7,37.8,62.2,0,3,0,0,4,6
2021-08-28,AIK,Orebro,2,0,1.36,4.88,8.34,1.38,5.12,9.08,Allsvenskan,,20210828_AIK_Orebro,158.42408265627523,1.19,1.06,3,2,7,4,54.0,46.0,1,1,0,0,8,4
2021-08-28,Degerfors,Mjallby,0,2,2.19,3.57,3.09,2.22,3.68,3.26,Allsvenskan,,20210828_Degerfors_Mjallby,-2.4576243039537076,0.83,1.47,1,4,2,7,50.3,49.7,2,2,0,0,2,2
2021-08-28,Varberg,Halmstad,1,0,2.68,2.98,2.84,2.82,3.02,2.92,Allsvenskan,,20210828_Varberg_Halmstad,-11.27651806333779,0.95,0.36,4,3,8,7,40.4,59.6,0,2,0,0,5,6
2021-08-29,Hacken,Goteborg,3,2,2.04,3.44,3.58,2.05,3.55,3.84,Allsvenskan,,20210829_Hacken_Goteborg,44.64782858422063,1.3,1.23,5,4,13,9,44.1,55.9,2,1,0,0,6,7
2021-08-29,Hammarby,Malmo FF,2,1,3.49,3.87,1.94,3.7,3.97,1.97,Allsvenskan,,20210829_Hammarby_Malmo-FF,-96.71352577244511,1.21,0.88,2,2,3,4,50.6,49.4,0,5,0,0,3,2
2021-08-29,Kalmar,Elfsborg,0,3,2.99,3.29,2.37,3.11,3.35,2.45,Allsvenskan,,20210829_Kalmar_Elfsborg,-108.54235072167785,0.87,2.04,0,8,0,16,39.9,60.1,1,1,0,0,3,8
2021-08-29,Norrkoping,Ostersunds,3,0,1.26,6.03,9.9,1.3,6.14,9.3,Allsvenskan,,20210829_Norrkoping_Ostersunds,156.76229900607723,1.63,1.0,4,5,9,9,53.7,46.3,2,2,0,1,6,3
2021-08-29,Sirius,Djurgarden,1,0,4.25,3.68,1.8,4.59,3.75,1.83,Allsvenskan,,20210829_Sirius_Djurgarden,-174.79440785304428,0.07,0.78,1,4,3,9,51.6,48.4,3,3,0,0,5,1
2021-09-11,Malmo FF,Norrkoping,1,1,1.57,4.21,5.37,1.61,4.36,5.53,Allsvenskan,,20210911_Malmo-FF_Norrkoping,102.03251702567286,1.23,0.77,5,2,12,6,57.5,42.5,2,2,0,0,4,2
2021-09-11,Sirius,Ostersunds,1,0,1.64,4.01,4.98,1.68,4.14,5.13,Allsvenskan,,20210911_Sirius_Ostersunds,97.8677915658875,1.14,0.05,3,1,8,2,58.6,41.4,0,2,0,0,3,4
2021-09-12,Djurgarden,Hammarby,4,1,2.1,3.55,3.3,2.17,3.64,3.42,Allsvenskan,,20210912_Djurgarden_Hammarby,31.067530906899947,2.17,1.66,7,5,13,10,49.8,50.2,3,0,0,0,6,6
2021-09-12,Goteborg,Halmstad,2,0,2.29,3.03,3.4,2.35,3.06,3.63,Allsvenskan,,20210912_Goteborg_Halmstad,-14.328713232940117,0.77,0.62,2,2,4,1,53.5,46.5,1,0,0,0,2,3
2021-09-12,Kalmar,Degerfors,4,1,1.73,3.82,4.54,1.76,3.89,4.84,Allsvenskan,,20210912_Kalmar_Degerfors,21.424368779221368,1.46,1.08,4,3,7,2,57.7,42.3,3,2,0,0,3,2
2021-09-13,Elfsborg,Hacken,4,2,1.88,3.7,3.89,1.92,3.81,4.09,Allsvenskan,,20210913_Elfsborg_Hacken,64.81861039189153,1.87,1.34,5,3,9,5,57.2,42.8,0,2,0,0,7,5
2021-09-13,Mjallby,AIK,0,0,3.51,3.09,2.2,3.71,3.13,2.28,Allsvenskan,,20210913_Mjallby_AIK,-121.91429716974676,1.73,0.44,5,0,13,0,47.0,53.0,2,1,1,0,2,1
2021-09-13,Orebro,Varberg,0,3,2.8,3.3,2.49,2.88,3.35,2.62,Allsvenskan,,20210913_Orebro_Varberg,-68.11403280110903,1.25,1.89,4,7,7,15,41.9,58.1,3,0,0,0,3,9
2021-09-18,Degerfors,Sirius,1,2,2.29,3.62,2.89,2.31,3.79,3.02,Allsvenskan,,20210918_Degerfors_Sirius,-21.582779495703107,2.11,0.88,6,2,14,6,51.7,48.3,2,1,0,0,9,2
2021-09-18,Hacken,Mjallby,0,0,2.01,3.37,3.8,2.06,3.41,4.0,Allsvenskan,,20210918_Hacken_Mjallby,41.764259927227386,0.72,1.01,2,3,5,7,51.6,48.4,1,1,0,0,4,6
2021-09-18,Malmo FF,Djurgarden,1,1,1.71,3.87,4.6,1.72,4.09,4.88,Allsvenskan,,20210918_Malmo-FF_Djurgarden,20.776669458731476,1.16,1.36,4,4,8,8,45.3,54.7,2,0,0,0,5,7
2021-09-19,Halmstad,Kalmar,0,1,2.28,3.05,3.39,2.34,3.18,3.51,Allsvenskan,,20210919_Halmstad_Kalmar,-14.546730343849731,0.98,0.88,3,2,5,3,45.7,54.3,0,6,0,0,5,1
2021-09-19,Norrkoping,Orebro,3,0,1.39,4.89,7.24,1.41,5.12,7.72,Allsvenskan,,20210919_Norrkoping_Orebro,111.44260403979433,1.88,0.05,6,1,11,3,57.9,42.1,2,4,0,1,5,2
2021-09-19,Ostersunds,Elfsborg,3,1,5.22,4.04,1.61,5.5,4.17,1.64,Allsvenskan,,20210919_Ostersunds_Elfsborg,-261.4493286916479,1.33,0.5,3,2,7,4,42.2,57.8,1,2,0,1,3,4
2021-09-20,AIK,Goteborg,3,1,1.89,3.24,4.47,1.92,3.34,4.82,Allsvenskan,,20210920_AIK_Goteborg,115.3569801504434,0.89,1.62,3,7,5,13,57.0,43.0,3,2,0,1,2,6
2021-09-20,Hammarby,Varberg,1,0,1.61,4.24,4.98,1.61,4.42,5.39,Allsvenskan,,20210920_Hammarby_Varberg,45.45074754678194,0.05,0.46,1,2,1,4,42.3,57.7,2,2,0,0,0,5
2021-09-22,Djurgarden,Degerfors,3,2,1.37,5.04,7.7,1.4,4.96,8.69,Allsvenskan,,20210922_Djurgarden_Degerfors,175.42362796773136,1.13,1.57,4,6,9,13,58.9,41.1,0,2,0,0,7,5
2021-09-22,Elfsborg,Malmo FF,0,1,3.0,3.47,2.28,3.12,3.57,2.34,Allsvenskan,,20210922_Elfsborg_Malmo-FF,-35.39955455521226,0.48,1.34,0,5,2,11,41.3,58.7,3,1,1,0,0,9
2021-09-22,Orebro,Ostersunds,2,0,2.09,3.43,3.45,2.11,3.49,3.75,Allsvenskan,,20210922_Orebro_Ostersunds,43.38562104698235,1.61,0.6,5,0,9,0,49.1,50.9,1,2,0,0,6,1
2021-09-22,Sirius,Norrkoping,2,4,3.17,3.6,2.14,3.29,3.67,2.22,Allsvenskan,,20210922_Sirius_Norrkoping,-64.48721417170714,2.19,1.54,5,4,11,8,46.8,53.2,2,2,0,0,4,1
2021-09-23,Hammarby,Goteborg,3,0,1.65,4.22,4.64,1.67,4.29,5.01,Allsvenskan,,20210923_Hammarby_Goteborg,89.05913725439109,2.33,1.31,9,4,18,8,56.1,43.9,0,1,1,0,5,1
2021-09-23,Kalmar,AIK,1,1,3.17,3.13,2.35,3.3,3.17,2.44,Allsvenskan,,20210923_Kalmar_AIK,-108.1288411971284,1.36,0.14,5,1,13,2,47.7,52.3,0,1,0,0,4,2
2021-09-23,Mjallby,Halmstad,0,0,2.48,2.92,3.16,2.6,3.01,3.22,Allsvenskan,,20210923_Mjallby_Halmstad,25.128758242413824,0.69,1.22,2,3,4,8,52.8,47.2,1,1,0,0,0,4
2021-09-23,Varberg,Hacken,1,1,2.93,3.07,2.55,3.15,3.06,2.61,Allsvenskan,,20210923_Varberg_Hacken,-27.28918761461864,0.83,0.05,2,1,4,2,56.2,43.8,0,4,0,1,4,2
2021-09-25,Malmo FF,Orebro,5,1,1.17,7.63,14.24,1.18,8.14,14.82,Allsvenskan,,20210925_Malmo-FF_Orebro,214.45608437353826,2.53,0.5,8,1,16,2,58.9,41.1,3,0,1,0,3,2
2021-09-26,Hacken,Hammarby,1,1,2.76,3.46,2.45,2.88,3.49,2.54,Allsvenskan,,20210926_Hacken_Hammarby,-48.96997570638746,0.64,1.0,1,3,2,6,55.3,44.7,2,0,0,0,2,3
2021-09-26,Mjallby,Elfsborg,4,0,3.22,3.1,2.34,3.33,3.17,2.43,Allsvenskan,,20210926_Mjallby_Elfsborg,-95.16612581228787,1.91,0.67,7,2,16,4,46.2,53.8,2,1,0,0,9,0
2021-09-26,Norrkoping,Varberg,2,1,1.4,4.71,7.7,1.44,4.8,7.76,Allsvenskan,,20210926_Norrkoping_Varberg,51.548452093510605,1.33,1.06,3,4,7,10,49.5,50.5,0,3,0,0,5,5
2021-09-26,Ostersunds,Djurgarden,0,3,6.71,4.31,1.47,7.07,4.48,1.5,Allsvenskan,,20210926_Ostersunds_Djurgarden,-255.14384555317952,0.05,1.66,0,6,0,13,43.6,56.4,0,1,0,0,1,8
2021-09-27,Degerfors,AIK,2,1,3.55,3.42,2.06,3.75,3.51,2.1,Allsvenskan,,20210927_Degerfors_AIK,-177.6183286645694,0.78,1.66,3,7,5,14,46.2,53.8,3,2,0,0,2,3
2021-09-27,Goteborg,Kalmar,0,2,2.84,3.15,2.56,2.94,3.19,2.68,Allsvenskan,,20210927_Goteborg_Kalmar,-36.1482284867775,0.17,0.12,0,2,0,6,47.1,52.9,2,1,0,0,2,4
2021-09-27,Halmstad,Sirius,1,1,1.86,3.51,4.19,1.89,3.64,4.43,Allsvenskan,,20210927_Halmstad_Sirius,-4.272266025852559,1.13,0.96,3,1,8,5,54.9,45.1,0,1,0,0,6,3
2021-10-01,Elfsborg,Goteborg,1,0,1.57,4.11,5.54,1.61,4.21,5.86,Allsvenskan,,20211001_Elfsborg_Goteborg,109.9645413439589,1.13,0.57,5,1,10,2,53.8,46.2,0,2,0,0,4,2
2021-10-02,Halmstad,Ostersunds,1,1,1.54,3.9,6.57,1.54,4.07,7.27,Allsvenskan,,20211002_Halmstad_Ostersunds,107.97429922696665,1.64,1.4,6,4,13,10,57.7,42.3,1,3,0,0,9,3
2021-10-02,Varberg,Degerfors,0,0,1.99,3.51,3.67,2.06,3.52,3.87,Allsvenskan,,20211002_Varberg_Degerfors,45.35552060514033,0.05,0.73,0,1,0,1,50.1,49.9,2,1,0,0,1,4
2021-10-03,AIK,Djurgarden,1,0,2.45,3.13,3.01,2.48,3.19,3.21,Allsvenskan,,20211003_AIK_Djurgarden,-32.76410357811369,1.26,1.34,5,4,11,10,45.8,54.2,2,1,0,0,2,3
2021-10-03,Kalmar,Sirius,3,1,1.67,3.82,5.07,1.69,3.97,5.36,Allsvenskan,,20211003_Kalmar_Sirius,46.92587054358751,1.33,0.99,4,4,10,9,55.0,45.0,4,1,0,0,4,7
2021-10-03,Malmo FF,Mjallby,0,1,1.37,4.68,8.51,1.39,4.84,9.52,Allsvenskan,,20211003_Malmo-FF_Mjallby,142.33111865380238,0.17,1.41,0,4,0,8,59.6,40.4,2,2,0,0,3,5
2021-10-03,Norrkoping,Hammarby,3,1,2.56,3.55,2.58,2.63,3.65,2.68,Allsvenskan,,20211003_Norrkoping_Hammarby,-10.916727015775678,0.05,0.85,3,4,6,11,52.3,47.7,1,2,0,0,2,10
2021-10-03,Orebro,Hacken,1,2,3.72,3.66,1.93,3.9,3.87,1.94,Allsvenskan,,20211003_Orebro_Hacken,-108.23589009576494,0.47,0.87,1,3,0,7,50.6,49.4,3,0,0,0,2,2
2021-10-16,Degerfors,Halmstad,2,1,2.96,3.29,2.38,2.98,3.49,2.47,Allsvenskan,,20211016_Degerfors_Halmstad,-13.757343233782876,1.08,0.05,5,1,12,1,52.3,47.7,0,1,0,0,6,4
2021-10-16,Ostersunds,Malmo FF,0,3,9.24,5.54,1.3,9.28,5.66,1.34,Allsvenskan,,20211016_Ostersunds_Malmo-FF,-268.4889948780542,0.57,0.87,1,4,2,9,40.6,59.4,2,1,0,0,2,6
2021-10-16,Sirius,Varberg,2,1,2.71,3.07,2.73,2.9,3.11,2.77,Allsvenskan,,20211016_Sirius_Varberg,-31.280960683261128,0.73,0.49,2,1,2,2,49.9,50.1,2,0,0,0,3,3
2021-10-17,Goteborg,Orebro,2,0,1.69,3.7,5.03,1.71,3.84,5.42,Allsvenskan,,20211017_Goteborg_Orebro,37.78538698366765,2.16,0.05,6,0,12,0,51.3,48.7,0,1,0,0,12,2
2021-10-17,Hammarby,AIK,1,0,2.59,3.28,2.69,2.68,3.37,2.8,Allsvenskan,,20211017_Hammarby_AIK,-39.53617584196104,0.92,1.03,4,2,6,3,48.3,51.7,5,2,1,0,7,12
2021-10-17,Mjallby,Kalmar,4,0,2.32,3.11,3.23,2.35,3.25,3.4,Allsvenskan,,20211017_Mjallby_Kalmar,-6.17832133814909,1.81,1.23,5,2,13,5,48.7,51.3,1,2,0,0,4,3
2021-10-18,Djurgarden,Elfsborg,0,3,1.99,3.67,3.48,2.04,3.77,3.64,Allsvenskan,,20211018_Djurgarden_Elfsborg,31.49249634994544,0.81,1.27,3,3,8,7,49.4,50.6,4,1,0,0,2,6
2021-10-18,Hacken,Norrkoping,5,0,2.34,3.44,2.89,2.39,3.58,3.03,Allsvenskan,,20211018_Hacken_Norrkoping,-38.69159055939804,1.26,1.45,5,6,12,12,46.2,53.8,3,1,0,0,7,5
2021-10-23,Djurgarden,Kalmar,3,2,1.69,3.8,4.81,1.75,3.9,4.95,Allsvenskan,,20211023_Djurgarden_Kalmar,80.86037103865488,1.37,2.08,6,6,15,12,49.3,50.7,1,1,0,0,2,11
2021-10-23,Hacken,Halmstad,2,3,2.08,3.35,3.55,2.2,3.33,3.66,Allsvenskan,,20211023_Hacken_Halmstad,101.5451157306477,1.82,2.04,6,7,14,14,54.0,46.0,3,1,0,0,4,10
2021-10-24,AIK,Norrkoping,1,0,1.81,3.64,4.29,1.84,3.81,4.49,Allsvenskan,,20211024_AIK_Norrkoping,25.670245822338302,1.42,1.37,4,3,7,8,53.5,46.5,1,2,0,0,10,3
2021-10-24,Elfsborg,Sirius,3,0,1.38,5.01,7.37,1.38,5.51,8.01,Allsvenskan,,20211024_Elfsborg_Sirius,117.9504097947663,1.39,0.89,4,4,11,9,52.3,47.7,2,2,0,0,10,7
2021-10-24,Hammarby,Ostersunds,4,3,1.15,7.75,15.45,1.17,8.24,17.97,Allsvenskan,,20211024_Hammarby_Ostersunds,218.91789146653264,1.71,0.69,6,3,14,9,60.0,40.0,3,3,0,0,5,3
2021-10-24,Mjallby,Goteborg,1,3,2.14,3.09,3.71,2.2,3.11,3.96,Allsvenskan,,20211024_Mjallby_Goteborg,71.70807594358848,1.47,0.68,3,3,5,7,53.0,47.0,0,3,0,1,3,5
2021-10-24,Varberg,Malmo FF,1,1,6.01,3.91,1.56,6.38,4.11,1.58,Allsvenskan,,20211024_Varberg_Malmo-FF,-156.55432256060658,0.05,0.69,1,1,1,3,50.7,49.3,2,2,0,0,3,2
2021-10-25,Orebro,Degerfors,1,2,2.95,3.66,2.22,3.05,3.88,2.26,Allsvenskan,,20211025_Orebro_Degerfors,-58.67034598231703,1.13,1.0,2,6,4,12,52.8,47.2,0,3,0,0,2,4
2021-10-27,Kalmar,Varberg,2,2,1.99,3.21,4.03,2.05,3.22,4.36,Allsvenskan,,20211027_Kalmar_Varberg,22.961842549571884,1.28,0.86,6,2,14,4,55.3,44.7,1,1,0,0,10,3
2021-10-27,Malmo FF,AIK,1,0,1.62,3.82,5.57,1.63,4.05,5.89,Allsvenskan,,20211027_Malmo-FF_AIK,29.005628254304156,1.48,0.69,5,2,11,6,47.3,52.7,2,2,0,0,7,2
2021-10-27,Ostersunds,Hacken,1,1,5.62,4.41,1.52,5.89,4.8,1.53,Allsvenskan,,20211027_Ostersunds_Hacken,-183.92652260456362,0.33,1.11,1,3,3,6,43.6,56.4,1,3,0,0,5,4
2021-10-27,Sirius,Hammarby,0,1,4.22,4.11,1.71,4.48,4.26,1.75,Allsvenskan,,20211027_Sirius_Hammarby,-117.05245834389325,0.23,0.19,1,1,3,3,43.3,56.7,2,1,0,0,3,7
2021-10-28,Degerfors,Elfsborg,1,2,4.17,4.14,1.73,4.48,4.43,1.72,Allsvenskan,,20211028_Degerfors_Elfsborg,-127.59528965087111,1.08,1.29,3,5,8,13,47.4,52.6,3,2,0,0,3,6
2021-10-28,Goteborg,Djurgarden,3,0,2.88,3.26,2.45,2.91,3.37,2.58,Allsvenskan,,20211028_Goteborg_Djurgarden,-129.13443666020908,1.2,0.56,3,2,6,5,44.0,56.0,0,1,0,0,4,4
2021-10-28,Halmstad,Orebro,1,1,1.38,4.9,7.47,1.43,4.96,7.8,Allsvenskan,,20211028_Halmstad_Orebro,72.88118152125253,1.56,0.31,5,1,11,2,51.0,49.0,1,1,0,0,5,3
2021-10-28,Norrkoping,Mjallby,2,2,1.87,3.58,4.01,1.9,3.74,4.25,Allsvenskan,,20211028_Norrkoping_Mjallby,33.486399053931336,1.25,2.04,2,7,6,13,43.2,56.8,0,1,0,0,3,9
2021-10-30,Hacken,Kalmar,1,4,2.11,3.46,3.35,2.19,3.57,3.43,Allsvenskan,,20211030_Hacken_Kalmar,25.196680887856246,0.92,1.96,3,6,7,13,49.3,50.7,3,2,0,0,5,5
2021-10-30,Sirius,Malmo FF,2,3,6.06,4.45,1.49,6.52,4.41,1.53,Allsvenskan,,20211030_Sirius_Malmo-FF,-183.79131534286034,1.13,2.32,3,8,7,18,50.8,49.2,2,2,0,0,3,12
2021-10-30,Varberg,Ostersunds,3,0,1.35,4.87,8.71,1.36,5.04,10.02,Allsvenskan,,20211030_Varberg_Ostersunds,125.71401668896738,1.75,0.91,6,2,13,3,53.2,46.8,3,3,0,0,8,4
2021-10-31,Norrkoping,Elfsborg,3,2,2.53,3.62,2.56,2.62,3.79,2.62,Allsvenskan,,20211031_Norrkoping_Elfsborg,-55.25444332146958,0.84,1.06,3,3,8,7,46.1,53.9,1,2,0,0,8,7
2021-10-31,Orebro,Djurgarden,0,1,6.23,4.51,1.48,6.41,4.55,1.52,Allsvenskan,,20211031_Orebro_Djurgarden,-194.0082623688454,0.86,0.87,3,4,7,7,52.3,47.7,1,1,0,0,7,4
2021-11-01,Degerfors,Goteborg,0,1,2.52,3.42,2.68,2.64,3.51,2.75,Allsvenskan,,20211101_Degerfors_Goteborg,-29.01116568235966,1.44,0.66,4,1,7,3,53.3,46.7,3,1,0,0,7,7
2021-11-01,Halmstad,AIK,1,0,3.12,3.03,2.44,3.16,3.12,2.56,Allsvenskan,,20211101_Halmstad_AIK,-126.42998130422211,1.29,0.83,5,1,11,3,42.5,57.5,5,0,0,0,8,1
2021-11-01,Mjallby,Hammarby,2,0,2.73,3.38,2.51,2.79,3.54,2.59,Allsvenskan,,20211101_Mjallby_Hammarby,-69.70783286965411,0.05,1.15,2,3,3,8,46.0,54.0,3,1,0,0,2,2
2021-11-06,Djurgarden,Halmstad,1,0,1.7,3.74,4.9,1.75,3.8,5.15,Allsvenskan,,20211106_Djurgarden_Halmstad,115.82380985963118,0.35,0.83,1,3,1,6,57.6,42.4,2,1,0,0,2,1
2021-11-06,Elfsborg,Varberg,0,0,1.85,3.64,4.08,1.88,3.68,4.43,Allsvenskan,,20211106_Elfsborg_Varberg,101.09002513416317,1.74,1.3,6,4,14,9,59.6,40.4,1,2,0,1,8,5
2021-11-06,Mjallby,Sirius,2,3,1.59,4.02,5.46,1.62,4.16,5.8,Allsvenskan,,20211106_Mjallby_Sirius,84.1120585848987,1.25,2.03,4,7,9,15,45.6,54.4,2,0,0,0,9,7
2021-11-07,AIK,Ostersunds,3,0,1.15,7.47,18.49,1.15,8.17,23.21,Allsvenskan,,20211107_AIK_Ostersunds,222.9872646442932,1.35,0.69,4,2,8,4,60.9,39.1,2,2,0,0,8,6
2021-11-07,Goteborg,Malmo FF,0,2,3.97,3.52,1.91,4.09,3.69,1.95,Allsvenskan,,20211107_Goteborg_Malmo-FF,-143.13540823383914,1.45,2.05,5,6,10,13,46.7,53.3,1,5,0,0,3,5
2021-11-07,Hacken,Degerfors,2,0,1.65,4.14,4.71,1.68,4.24,4.99,Allsvenskan,,20211107_Hacken_Degerfors,65.04297702972394,3.0,2.04,8,6,18,14,51.4,48.6,2,1,0,0,8,7
2021-11-07,Hammarby,Orebro,3,2,1.25,6.4,9.93,1.26,6.74,10.95,Allsvenskan,,20211107_Hammarby_Orebro,186.36668807718752,1.21,0.11,4,2,7,5,58.6,41.4,1,2,0,0,2,3
2021-11-07,Kalmar,Norrkoping,1,0,2.31,3.5,2.94,2.33,3.59,3.12,Allsvenskan,,20211107_Kalmar_Norrkoping,-47.21188542169034,2.08,0.36,7,2,16,4,52.7,47.3,3,3,0,0,7,1
2021-11-20,Malmo FF,Hacken,2,2,1.39,4.84,7.54,1.4,5.1,8.38,Allsvenskan,,20211120_Malmo-FF_Hacken,126.64304566906708,2.29,1.75,7,4,17,10,50.6,49.4,1,1,1,0,6,10
2021-11-21,Degerfors,Hammarby,1,4,3.2,3.85,2.05,3.27,4.01,2.12,Allsvenskan,,20211121_Degerfors_Hammarby,-138.95101732485386,0.47,1.45,2,6,5,11,39.2,60.8,2,4,0,1,8,6
2021-11-21,Halmstad,Elfsborg,0,1,2.55,3.21,2.79,2.58,3.39,2.9,Allsvenskan,,20211121_Halmstad_Elfsborg,-118.3007690972106,0.75,1.46,2,4,3,9,42.3,57.7,2,2,0,1,3,7
2021-11-21,Sirius,Goteborg,3,3,2.65,3.2,2.7,2.73,3.28,2.81,Allsvenskan,,20211121_Sirius_Goteborg,-30.857354389490183,0.67,2.52,3,8,7,19,46.0,54.0,3,2,0,0,6,9
2021-11-21,Varberg,AIK,0,1,3.67,2.98,2.22,3.73,3.11,2.28,Allsvenskan,,20211121_Varberg_AIK,-83.40734828390828,1.31,1.6,4,5,8,13,52.0,48.0,0,4,0,0,2,5
2021-11-22,Norrkoping,Djurgarden,1,1,2.75,3.6,2.39,2.76,3.68,2.54,Allsvenskan,,20211122_Norrkoping_Djurgarden,-51.499907544302914,0.94,1.04,3,4,7,9,41.7,58.3,1,3,0,0,4,2
2021-11-22,Orebro,Kalmar,1,2,4.56,4.07,1.68,4.77,4.21,1.71,Allsvenskan,,20211122_Orebro_Kalmar,-148.6331903335249,0.59,0.05,1,2,3,6,48.4,51.6,1,1,0,0,1,6
2021-11-22,Ostersunds,Mjallby,0,2,7.05,4.67,1.42,7.32,5.03,1.44,Allsvenskan,,20211122_Ostersunds_Mjallby,-174.67042929480203,1.14,0.05,2,2,3,4,47.8,52.2,2,4,0,0,4,2
2021-11-28,Degerfors,Norrkoping,4,1,2.26,3.73,2.86,2.28,3.88,3.01,Allsvenskan,,20211128_Degerfors_Norrkoping,-118.16148940352741,2.35,1.57,8,4,18,9,45.7,54.3,5,3,0,0,7,5
2021-11-28,Djurgarden,Varberg,2,3,1.38,4.84,8.01,1.39,5.0,8.98,Allsvenskan,,20211128_Djurgarden_Varberg,115.5110508247792,1.01,1.5,4,4,8,7,54.2,45.8,2,3,0,0,2,4
2021-11-28,Goteborg,Ostersunds,4,0,1.21,6.36,13.43,1.22,6.6,15.02,Allsvenskan,,20211128_Goteborg_Ostersunds,156.48083645251745,1.42,1.76,5,7,10,14,57.3,42.7,5,1,0,0,7,7
2021-11-28,Halmstad,Hammarby,0,0,2.55,3.46,2.63,2.63,3.58,2.72,Allsvenskan,,20211128_Halmstad_Hammarby,-126.109759504664,0.96,0.41,3,3,8,5,47.3,52.7,0,1,0,0,5,4
2021-11-28,Kalmar,Malmo FF,0,1,5.02,3.85,1.66,5.54,4.03,1.66,Allsvenskan,,20211128_Kalmar_Malmo-FF,-110.91258292329167,1.16,1.04,5,3,11,6,35.8,64.2,2,0,0,0,7,3
2021-11-29,Elfsborg,AIK,2,4,2.39,3.25,2.99,2.48,3.3,3.11,Allsvenskan,,20211129_Elfsborg_AIK,9.781871390551714,1.71,1.2,5,6,11,15,49.5,50.5,5,1,0,0,5,12
2021-11-29,Mjallby,Orebro,0,0,1.52,4.24,6.12,1.57,4.15,6.55,Allsvenskan,,20211129_Mjallby_Orebro,150.26465690066402,1.61,0.52,4,2,9,3,51.0,49.0,1,1,0,0,5,4
2021-11-29,Sirius,Hacken,3,0,2.49,3.47,2.7,2.57,3.52,2.82,Allsvenskan,,20211129_Sirius_Hacken,-65.11328100708556,1.2,0.05,3,0,8,0,53.5,46.5,0,0,0,0,5,2
2021-12-04,AIK,Sirius,4,2,1.31,5.36,9.61,1.33,5.45,10.29,Allsvenskan,,20211204_AIK_Sirius,119.36755349327859,2.14,1.08,7,2,17,5,53.1,46.9,0,2,0,0,6,2
2021-12-04,Hacken,Djurgarden,0,1,3.59,3.87,1.92,3.65,3.94,2.0,Allsvenskan,,20211204_Hacken_Djurgarden,-68.27069806416057,0.05,0.09,0,1,2,1,46.2,53.8,0,3,0,0,2,1
2021-12-04,Hammarby,Kalmar,5,3,1.64,4.38,4.64,1.66,4.7,4.65,Allsvenskan,,20211204_Hammarby_Kalmar,54.37055558476595,1.78,1.97,7,5,16,10,52.5,47.5,1,3,0,0,4,10
2021-12-04,Malmo FF,Halmstad,0,0,1.49,4.34,6.38,1.5,4.6,6.76,Allsvenskan,,20211204_Malmo-FF_Halmstad,190.89236701383197,0.95,0.97,4,3,9,6,56.5,43.5,1,0,0,0,5,5
2021-12-04,Norrkoping,Goteborg,1,2,1.91,3.82,3.69,1.89,4.13,3.88,Allsvenskan,,20211204_Norrkoping_Goteborg,35.446063947842276,1.63,1.32,5,3,10,7,52.1,47.9,1,4,0,0,5,8
2021-12-04,Orebro,Elfsborg,2,3,5.63,4.71,1.5,5.87,4.97,1.52,Allsvenskan,,20211204_Orebro_Elfsborg,-204.29416975892127,1.55,0.87,5,4,12,9,35.6,64.4,3,1,0,0,12,5
2021-12-04,Ostersunds,Degerfors,0,1,7.75,5.29,1.35,7.57,5.4,1.4,Allsvenskan,,20211204_Ostersunds_Degerfors,-119.49369720694335,0.98,0.9,3,2,7,4,50.0,50.0,2,2,0,0,6,5
2021-12-04,Varberg,Mjallby,0,3,3.67,3.32,2.06,3.95,3.51,2.04,Allsvenskan,,20211204_Varberg_Mjallby,-19.54198915673601,1.65,1.54,5,5,11,12,49.4,50.6,0,3,0,0,10,10
2021-12-11,Helsingborg,Halmstad,0,1,3.67,3.18,2.08,4.02,3.23,2.1,Allsvenskan,,20211211_Helsingborg_Halmstad,-67.68648262906413,0.44,1.14,3,5,7,13,41.2,58.8,0,4,0,0,8,8
2021-12-14,Halmstad,Helsingborg,1,3,1.71,3.59,5.08,1.75,3.7,5.35,Allsvenskan,,20211214_Halmstad_Helsingborg,87.06913409065487,1.05,1.18,3,3,9,7,47.7,52.3,2,3,0,0,5,2
2022-04-02,Hacken,AIK,4,2,2.5,3.13,2.94,2.48,3.3,3.11,Allsvenskan,,20220402_Hacken_AIK,-100.404207171395,1.05,2.05,4,6,9,13,42.8,57.2,1,3,0,0,6,6
2022-04-02,Hammarby,Helsingborg,2,1,1.4,4.89,7.17,1.43,5.09,7.47,Allsvenskan,,20220402_Hammarby_Helsingborg,184.3299489317401,1.24,1.09,4,3,7,6,49.3,50.7,0,1,0,0,4,3
2022-04-03,Goteborg,Varnamo,2,1,1.76,3.51,4.89,1.78,3.6,5.29,Allsvenskan,,20220403_Goteborg_Varnamo,35.37349188361145,1.86,0.89,5,4,10,11,53.0,47.0,0,1,0,0,6,6
2022-04-03,Kalmar,Malmo FF,0,1,4.28,3.47,1.86,4.47,3.56,1.91,Allsvenskan,,20220403_Kalmar_Malmo-FF,-131.63723760673088,0.08,0.6,0,1,0,0,42.3,57.7,3,0,0,0,3,4
2022-04-03,Norrkoping,Varberg,0,1,1.84,3.48,4.39,1.86,3.6,4.66,Allsvenskan,,20220403_Norrkoping_Varberg,33.86893099548024,0.05,0.63,0,2,0,5,51.2,48.8,0,1,0,0,2,2
2022-04-03,Sirius,Sundsvall,2,1,1.69,3.91,4.78,1.7,4.05,5.11,Allsvenskan,,20220403_Sirius_Sundsvall,100.52633469029115,1.6,0.71,4,1,8,2,53.1,46.9,1,2,0,0,7,3
2022-04-04,Djurgarden,Degerfors,3,1,1.38,4.96,7.46,1.4,5.13,7.99,Allsvenskan,,20220404_Djurgarden_Degerfors,135.99382736750545,0.93,0.94,5,2,11,6,57.4,42.6,3,3,0,0,10,3
2022-04-04,Elfsborg,Mjallby,0,2,1.58,4.09,5.47,1.61,4.2,5.89,Allsvenskan,,20220404_Elfsborg_Mjallby,58.13997185186258,1.26,2.44,4,10,10,20,47.9,52.1,0,0,0,0,4,9
2022-04-09,Degerfors,Hacken,1,2,2.71,3.47,2.49,2.76,3.63,2.57,Allsvenskan,,20220409_Degerfors_Hacken,-71.28272616520485,1.51,1.22,7,4,14,8,53.8,46.2,2,0,0,0,4,9
2022-04-09,Sundsvall,Hammarby,1,5,5.03,4.1,1.62,5.37,4.14,1.66,Allsvenskan,,20220409_Sundsvall_Hammarby,-237.80464517680457,1.78,2.08,6,5,14,9,43.8,56.2,1,0,0,0,10,6
2022-04-10,AIK,Norrkoping,1,0,1.97,3.34,3.94,2.06,3.33,4.11,Allsvenskan,,20220410_AIK_Norrkoping,81.52349234923031,0.58,1.01,1,2,3,3,50.7,49.3,4,2,0,0,2,3
2022-04-10,Helsingborg,Goteborg,0,1,2.97,3.14,2.45,2.98,3.22,2.62,Allsvenskan,,20220410_Helsingborg_Goteborg,-121.49059108855067,0.38,1.34,1,4,3,8,45.5,54.5,2,2,0,0,3,6
2022-04-10,Mjallby,Djurgarden,1,0,3.33,3.15,2.25,3.39,3.24,2.36,Allsvenskan,,20220410_Mjallby_Djurgarden,-56.15696910018846,0.85,1.19,2,4,4,10,46.8,53.2,0,5,0,0,8,10
2022-04-10,Varberg,Kalmar,0,3,2.76,2.92,2.8,2.88,2.97,2.91,Allsvenskan,,20220410_Varberg_Kalmar,-9.184781261601529,0.37,0.93,2,3,4,6,49.7,50.3,2,5,0,0,2,5
2022-04-11,Malmo FF,Elfsborg,1,1,1.57,4.12,5.52,1.6,4.22,5.92,Allsvenskan,,20220411_Malmo-FF_Elfsborg,82.96251942408298,1.04,0.66,4,4,8,7,51.5,48.5,0,3,0,0,5,2
2022-04-11,Varnamo,Sirius,0,0,2.22,3.38,3.18,2.24,3.47,3.41,Allsvenskan,,20220411_Varnamo_Sirius,-12.083694620549977,0.15,0.07,2,0,5,0,48.5,51.5,2,1,0,0,5,1
2022-04-15,Hammarby,Mjallby,2,0,1.57,4.07,5.63,1.63,4.08,5.86,Allsvenskan,,20220415_Hammarby_Mjallby,45.586779426972726,1.02,0.81,5,2,13,4,50.2,49.8,2,1,0,0,9,4
2022-04-16,Djurgarden,Norrkoping,2,1,2.04,3.53,3.52,2.1,3.62,3.61,Allsvenskan,,20220416_Djurgarden_Norrkoping,86.94914708203851,1.68,1.29,4,3,8,6,50.8,49.2,2,1,0,0,6,1
2022-04-16,Varberg,Sundsvall,2,0,1.91,3.42,4.13,1.94,3.44,4.45,Allsvenskan,,20220416_Varberg_Sundsvall,133.32938149111123,2.25,1.03,8,2,16,4,52.6,47.4,3,1,0,0,11,4
2022-04-17,Elfsborg,Varnamo,4,1,1.54,4.23,5.75,1.57,4.3,6.14,Allsvenskan,,20220417_Elfsborg_Varnamo,110.03191675895346,1.38,1.42,4,4,6,8,53.5,46.5,4,0,0,0,4,4
2022-04-17,Hacken,Goteborg,0,2,1.96,3.52,3.77,1.98,3.63,4.04,Allsvenskan,,20220417_Hacken_Goteborg,-1.4693881297857843,1.47,1.09,4,4,9,7,51.3,48.7,1,1,0,0,1,5
2022-04-17,Kalmar,Degerfors,2,0,1.79,3.7,4.39,1.81,3.76,4.73,Allsvenskan,,20220417_Kalmar_Degerfors,82.31744722375879,1.21,0.44,5,1,12,2,51.8,48.2,2,1,0,0,12,3
2022-04-17,Malmo FF,AIK,3,0,1.72,3.5,5.24,1.72,3.56,5.89,Allsvenskan,,20220417_Malmo-FF_AIK,55.033100940625445,1.27,0.47,3,3,6,7,59.9,40.1,2,1,0,0,8,6
2022-04-17,Sirius,Helsingborg,1,0,2.24,3.42,3.13,2.26,3.52,3.31,Allsvenskan,,20220417_Sirius_Helsingborg,84.18563234821545,1.18,0.51,3,1,8,1,55.3,44.7,1,3,0,0,3,6
2022-04-20,AIK,Varberg,1,0,1.53,3.82,6.94,1.53,4.01,7.64,Allsvenskan,,20220420_AIK_Varberg,92.25448937037982,0.46,0.72,2,5,1,11,50.4,49.6,1,3,0,0,3,7
2022-04-20,Goteborg,Djurgarden,1,1,2.88,3.08,2.56,3.0,3.19,2.63,Allsvenskan,,20220420_Goteborg_Djurgarden,-51.913632267855064,1.06,0.68,4,3,10,6,49.9,50.1,1,0,0,0,6,3
2022-04-20,Mjallby,Sirius,3,0,1.76,3.51,4.84,1.8,3.55,5.21,Allsvenskan,,20220420_Mjallby_Sirius,60.150026663266544,1.18,0.26,3,0,8,0,44.0,56.0,1,1,0,0,13,1
2022-04-20,Norrkoping,Hacken,1,1,2.03,3.64,3.4,2.06,3.79,3.59,Allsvenskan,,20220420_Norrkoping_Hacken,-27.783719958288202,0.05,0.83,1,1,4,4,45.5,54.5,2,1,0,0,7,4
2022-04-20,Sundsvall,Kalmar,1,0,3.43,3.34,2.13,3.51,3.43,2.17,Allsvenskan,,20220420_Sundsvall_Kalmar,-182.69719103880402,1.23,1.02,3,2,7,3,42.7,57.3,2,1,0,0,5,4
2022-04-21,Degerfors,Hammarby,0,1,4.85,4.21,1.63,5.01,4.26,1.68,Allsvenskan,,20220421_Degerfors_Hammarby,-183.61977516869524,0.88,0.55,4,1,9,2,50.5,49.5,1,2,0,0,4,5
2022-04-21,Helsingborg,Elfsborg,1,0,4.8,3.84,1.7,5.13,3.99,1.71,Allsvenskan,,20220421_Helsingborg_Elfsborg,-200.4379502656459,1.71,1.87,5,4,11,10,48.8,51.2,1,1,0,0,6,5
2022-04-21,Varnamo,Malmo FF,0,0,5.53,3.91,1.61,5.71,3.93,1.66,Allsvenskan,,20220421_Varnamo_Malmo-FF,-205.80683355102974,0.46,0.27,2,1,5,1,44.2,55.8,1,2,0,0,4,3
2022-04-24,AIK,Djurgarden,1,0,2.05,3.16,3.94,2.08,3.25,4.17,Allsvenskan,,20220424_AIK_Djurgarden,4.5373005256255965,0.59,0.99,3,3,7,7,58.6,41.4,2,2,0,0,7,7
2022-04-24,Helsingborg,Hacken,1,1,3.95,3.51,1.92,4.04,3.57,1.99,Allsvenskan,,20220424_Helsingborg_Hacken,-113.95118665798827,1.28,0.71,5,3,12,6,51.8,48.2,2,1,0,0,9,7
2022-04-24,Varberg,Mjallby,0,0,2.49,2.86,3.24,2.58,2.96,3.31,Allsvenskan,,20220424_Varberg_Mjallby,-69.40922540457791,0.85,0.31,4,2,9,5,46.5,53.5,1,2,0,0,3,7
2022-04-25,Elfsborg,Sundsvall,3,1,1.34,5.28,8.04,1.36,5.52,8.68,Allsvenskan,,20220425_Elfsborg_Sundsvall,200.90112397110192,1.9,0.72,7,3,13,8,55.4,44.6,1,2,0,0,5,3
2022-04-25,Malmo FF,Goteborg,1,0,1.58,3.83,6.15,1.6,3.82,6.83,Allsvenskan,,20220425_Malmo-FF_Goteborg,112.88878190063588,0.81,0.73,2,4,2,9,50.5,49.5,1,1,0,0,5,4
2022-04-25,Sirius,Hammarby,0,3,4.89,4.09,1.64,5.2,4.25,1.66,Allsvenskan,,20220425_Sirius_Hammarby,-142.73792669152886,0.32,0.63,1,3,2,7,55.5,44.5,3,1,0,0,1,9
2022-04-25,Varnamo,Degerfors,2,0,2.08,3.36,3.55,2.1,3.47,3.78,Allsvenskan,,20220425_Varnamo_Degerfors,40.86328721419318,1.27,0.63,3,3,6,7,54.2,45.8,1,3,0,1,4,1
2022-04-26,Kalmar,Norrkoping,1,2,2.43,3.15,3.0,2.61,3.26,2.95,Allsvenskan,,20220426_Kalmar_Norrkoping,22.088711577364165,0.05,1.34,1,5,2,10,48.0,52.0,4,0,0,0,4,5
2022-04-30,Djurgarden,Sirius,4,0,1.45,4.48,6.68,1.49,4.68,6.82,Allsvenskan,,20220430_Djurgarden_Sirius,111.6034936430517,2.24,0.56,7,2,15,5,59.0,41.0,0,2,0,0,8,7
2022-05-01,Degerfors,Elfsborg,0,6,4.49,4.19,1.67,4.64,4.39,1.7,Allsvenskan,,20220501_Degerfors_Elfsborg,-159.25321631614952,0.38,2.69,2,10,4,20,44.3,55.7,2,1,0,0,2,4
2022-05-01,Hacken,Varberg,3,1,1.52,4.11,6.33,1.54,4.29,6.64,Allsvenskan,,20220501_Hacken_Varberg,22.864502385438527,1.1,0.9,3,2,5,6,52.7,47.3,1,2,0,0,5,4
2022-05-01,Mjallby,Helsingborg,2,1,2.18,3.05,3.65,2.27,3.07,3.81,Allsvenskan,,20220501_Mjallby_Helsingborg,148.16320974070413,1.34,2.07,3,5,6,10,53.7,46.3,1,2,0,0,3,4
2022-05-01,Sundsvall,AIK,0,2,5.54,4.04,1.59,5.94,4.15,1.61,Allsvenskan,,20220501_Sundsvall_AIK,-249.4875503688952,1.26,1.24,4,5,7,12,41.2,58.8,1,2,0,0,5,5
2022-05-02,Goteborg,Kalmar,1,2,2.26,3.18,3.28,2.35,3.27,3.37,Allsvenskan,,20220502_Goteborg_Kalmar,36.414404530816,1.06,1.99,3,6,5,14,54.3,45.7,1,0,0,0,5,5
2022-05-02,Hammarby,Malmo FF,0,0,2.23,3.39,3.15,2.31,3.38,3.35,Allsvenskan,,20220502_Hammarby_Malmo-FF,-38.81655103230287,0.71,1.3,2,3,6,7,52.9,47.1,3,1,0,0,3,5
2022-05-02,Norrkoping,Varnamo,2,0,1.66,3.82,5.11,1.65,4.02,5.63,Allsvenskan,,20220502_Norrkoping_Varnamo,28.352824952144374,1.22,1.33,3,5,5,10,47.4,52.6,1,1,0,0,4,5
2022-05-05,Djurgarden,Helsingborg,2,2,1.33,5.07,8.95,1.35,5.25,10.07,Allsvenskan,,20220505_Djurgarden_Helsingborg,190.21123997418863,1.4,1.71,3,6,6,13,57.3,42.7,2,4,0,0,10,7
2022-05-07,AIK,Goteborg,1,0,1.68,3.61,5.32,1.71,3.79,5.61,Allsvenskan,,20220507_AIK_Goteborg,90.83170668466914,0.37,1.26,2,4,6,9,57.5,42.5,1,2,0,1,5,12
2022-05-07,Malmo FF,Mjallby,2,0,1.54,3.83,6.74,1.58,3.86,7.06,Allsvenskan,,20220507_Malmo-FF_Mjallby,102.70726814887803,0.81,1.19,2,5,5,11,51.1,48.9,2,1,0,0,8,4
2022-05-08,Kalmar,Hammarby,2,0,3.46,3.23,2.17,3.69,3.29,2.2,Allsvenskan,,20220508_Kalmar_Hammarby,-115.03386512341217,0.22,0.05,2,0,7,0,40.7,59.3,0,2,0,0,4,1
2022-05-08,Varberg,Sirius,0,2,2.01,3.21,4.0,2.03,3.33,4.23,Allsvenskan,,20220508_Varberg_Sirius,17.38381949666268,0.69,1.02,3,4,8,10,52.4,47.6,2,0,0,0,5,5
2022-05-09,Elfsborg,Djurgarden,0,0,2.03,3.64,3.42,2.05,3.76,3.63,Allsvenskan,,20220509_Elfsborg_Djurgarden,-4.3100071936376025,0.51,1.34,2,2,4,5,48.4,51.6,3,2,0,0,8,2
2022-05-09,Helsingborg,Norrkoping,0,1,3.78,3.61,1.93,4.02,3.72,1.95,Allsvenskan,,20220509_Helsingborg_Norrkoping,-109.25531257811576,0.96,0.05,3,1,5,3,39.8,60.2,1,1,0,0,5,1
2022-05-09,Sundsvall,Degerfors,2,3,2.41,3.61,2.71,2.5,3.69,2.8,Allsvenskan,,20220509_Sundsvall_Degerfors,-50.891057116598404,1.88,1.44,6,3,13,8,50.0,50.0,1,0,0,0,6,5
2022-05-09,Varnamo,Hacken,1,2,3.69,3.53,1.98,3.96,3.57,2.01,Allsvenskan,,20220509_Varnamo_Hacken,-59.893393935050426,0.05,2.08,1,7,2,15,41.9,58.1,3,2,0,0,5,11
2022-05-11,AIK,Malmo FF,2,0,2.36,3.08,3.21,2.4,3.15,3.39,Allsvenskan,,20220511_AIK_Malmo-FF,-50.06040564611612,1.31,0.05,4,0,10,1,48.2,51.8,0,3,0,0,8,2
2022-05-14,Mjallby,Varnamo,1,1,2.72,2.97,2.81,2.85,3.03,2.88,Allsvenskan,,20220514_Mjallby_Varnamo,99.06581627418359,1.49,1.17,4,4,7,8,47.9,52.1,2,3,1,0,0,9
2022-05-14,Sirius,Elfsborg,2,0,4.26,3.87,1.77,4.51,3.91,1.81,Allsvenskan,,20220514_Sirius_Elfsborg,-105.40430279541965,0.7,0.54,2,1,5,2,54.4,45.6,1,4,0,0,2,5
2022-05-15,Degerfors,Helsingborg,2,1,2.41,3.36,2.88,2.42,3.46,3.07,Allsvenskan,,20220515_Degerfors_Helsingborg,19.571987602081663,0.76,1.14,3,3,8,7,58.1,41.9,2,2,0,0,4,8
2022-05-15,Goteborg,Varberg,1,1,2.0,3.24,4.0,2.01,3.33,4.34,Allsvenskan,,20220515_Goteborg_Varberg,48.16345099634805,1.34,0.81,4,3,10,7,48.9,51.1,1,4,0,0,8,4
2022-05-15,Hacken,Kalmar,3,1,1.71,3.84,4.7,1.7,4.1,5.0,Allsvenskan,,20220515_Hacken_Kalmar,4.817183194489417,1.6,1.23,4,4,9,8,50.9,49.1,4,1,0,1,5,4
2022-05-15,Hammarby,AIK,3,3,2.24,3.25,3.26,2.29,3.33,3.53,Allsvenskan,,20220515_Hammarby_AIK,-24.189555837906255,0.82,1.1,3,3,6,8,40.6,59.4,3,3,0,1,0,5
2022-05-15,Norrkoping,Sundsvall,5,1,1.26,6.07,10.03,1.27,6.29,11.24,Allsvenskan,,20220515_Norrkoping_Sundsvall,177.77609730795962,0.72,0.74,5,3,12,4,54.4,45.6,1,2,0,0,15,3
2022-05-16,Djurgarden,Malmo FF,4,0,1.8,3.64,4.35,1.82,3.72,4.73,Allsvenskan,,20220516_Djurgarden_Malmo-FF,-75.97050675647074,0.14,0.4,4,1,7,3,44.1,55.9,0,1,0,1,4,1
2022-05-21,AIK,Sirius,2,2,1.41,4.64,7.5,1.44,4.86,7.49,Allsvenskan,,20220521_AIK_Sirius,146.39407786950323,2.04,1.09,8,4,20,6,51.3,48.7,2,2,1,0,9,4
2022-05-21,Helsingborg,Varnamo,1,4,3.16,3.13,2.37,3.28,3.26,2.4,Allsvenskan,,20220521_Helsingborg_Varnamo,-71.9077233500168,1.43,1.08,4,6,9,16,47.4,52.6,4,0,0,0,7,6
2022-05-22,Elfsborg,Goteborg,3,1,1.49,4.4,6.24,1.51,4.61,6.62,Allsvenskan,,20220522_Elfsborg_Goteborg,51.176984573321306,1.08,2.06,5,6,11,15,47.7,52.3,1,3,0,0,7,12
2022-05-22,Hammarby,Norrkoping,3,0,1.91,3.56,3.93,1.94,3.61,4.19,Allsvenskan,,20220522_Hammarby_Norrkoping,84.13804678313682,1.41,0.56,5,0,9,0,61.3,38.7,2,4,0,0,4,2
2022-05-22,Kalmar,Djurgarden,1,0,3.05,3.09,2.44,3.17,3.2,2.5,Allsvenskan,,20220522_Kalmar_Djurgarden,-80.62744371813119,1.88,0.87,5,3,10,5,42.5,57.5,2,3,0,0,6,2
2022-05-22,Malmo FF,Hacken,1,2,1.78,3.82,4.24,1.83,3.9,4.42,Allsvenskan,,20220522_Malmo-FF_Hacken,98.94771700618162,0.27,1.28,2,5,4,12,52.7,47.3,1,2,0,0,1,3
2022-05-22,Varberg,Degerfors,2,1,1.94,3.52,3.84,1.96,3.65,4.09,Allsvenskan,,20220522_Varberg_Degerfors,39.96515067156702,0.68,2.33,2,8,4,15,50.8,49.2,2,0,0,0,3,13
2022-05-23,Sundsvall,Mjallby,2,0,3.6,3.25,2.12,3.76,3.39,2.14,Allsvenskan,,20220523_Sundsvall_Mjallby,-211.15873271359578,1.78,1.2,5,2,12,4,41.6,58.4,0,2,0,0,12,3
2022-05-28,Goteborg,Sundsvall,2,0,1.34,5.29,8.18,1.41,5.62,8.66,Allsvenskan,,20220528_Goteborg_Sundsvall,145.1372744263988,0.8,1.03,2,3,5,8,52.9,47.1,2,2,0,0,1,3
2022-05-28,Hacken,Sirius,4,3,1.43,4.79,6.57,1.47,4.81,7.01,Allsvenskan,,20220528_Hacken_Sirius,66.8748585581111,1.11,1.25,4,3,7,6,49.5,50.5,0,1,0,0,7,4
2022-05-28,Mjallby,Kalmar,1,1,3.46,3.03,2.26,3.68,3.14,2.28,Allsvenskan,,20220528_Mjallby_Kalmar,-0.6582287133908267,0.97,0.88,5,3,10,5,50.7,49.3,3,1,0,0,5,4
2022-05-29,Degerfors,Malmo FF,0,2,5.94,4.54,1.49,6.44,4.71,1.51,Allsvenskan,,20220529_Degerfors_Malmo-FF,-212.23011242649818,0.05,1.57,1,6,3,12,38.7,61.3,1,1,1,0,1,1
2022-05-29,Djurgarden,Varberg,4,0,1.37,4.74,8.6,1.38,4.97,9.64,Allsvenskan,,20220529_Djurgarden_Varberg,104.80102820013303,2.12,0.45,7,2,15,5,51.4,48.6,2,1,0,0,10,2
2022-05-29,Helsingborg,AIK,1,2,6.52,3.8,1.56,7.08,3.87,1.58,Allsvenskan,,20220529_Helsingborg_AIK,-255.05094258395434,1.03,1.84,4,6,8,14,43.0,57.0,1,1,0,0,5,7
2022-05-29,Norrkoping,Elfsborg,2,2,2.58,3.48,2.59,2.66,3.6,2.65,Allsvenskan,,20220529_Norrkoping_Elfsborg,-53.99851125063287,0.8,0.4,3,2,8,3,51.1,48.9,2,3,0,0,4,6
2022-05-29,Varnamo,Hammarby,1,0,3.68,3.29,2.06,3.83,3.36,2.13,Allsvenskan,,20220529_Varnamo_Hammarby,-155.4457520873591,0.74,1.21,2,3,5,6,39.1,60.9,0,3,0,0,3,2
2022-06-26,Degerfors,AIK,1,1,4.34,3.92,1.75,4.63,3.99,1.78,Allsvenskan,,20220626_Degerfors_AIK,-223.86050523151403,0.71,0.54,1,2,3,4,41.0,59.0,1,4,0,0,6,2
2022-06-26,Hammarby,Hacken,2,2,1.85,3.82,3.89,1.89,3.84,4.16,Allsvenskan,,20220626_Hammarby_Hacken,34.61500582601684,1.12,1.21,4,4,7,10,52.3,47.7,3,0,0,0,4,4
2022-06-26,Mjallby,Norrkoping,1,1,3.47,3.28,2.14,3.63,3.41,2.17,Allsvenskan,,20220626_Mjallby_Norrkoping,9.504159614359423,0.48,1.43,2,4,4,11,48.6,51.4,3,1,0,0,3,4
2022-06-26,Sundsvall,Djurgarden,2,5,7.39,4.82,1.39,7.93,4.95,1.42,Allsvenskan,,20220626_Sundsvall_Djurgarden,-241.6974535876043,0.88,1.48,3,5,5,11,47.9,52.1,2,3,0,1,3,6
2022-06-27,Elfsborg,Varberg,4,1,1.35,5.06,8.11,1.37,5.35,8.67,Allsvenskan,,20220627_Elfsborg_Varberg,102.29000677994986,1.19,0.65,4,3,9,6,50.9,49.1,1,2,0,0,4,5
2022-06-27,Kalmar,Varnamo,1,0,1.87,3.39,4.36,1.93,3.43,4.58,Allsvenskan,,20220627_Kalmar_Varnamo,47.938629739558564,0.55,0.67,1,3,3,5,47.8,52.2,1,3,0,0,5,4
2022-06-27,Malmo FF,Helsingborg,2,1,1.25,5.89,10.93,1.26,6.17,12.46,Allsvenskan,,20220627_Malmo-FF_Helsingborg,263.33363960068846,1.01,0.62,3,1,6,3,56.8,43.2,2,2,0,0,5,4
2022-06-27,Sirius,Goteborg,1,2,2.51,3.35,2.76,2.55,3.47,2.88,Allsvenskan,,20220627_Sirius_Goteborg,-25.117796405037097,1.0,2.41,3,8,7,17,46.0,54.0,3,0,0,0,12,11
2022-07-01,Sundsvall,Malmo FF,2,1,7.23,4.95,1.39,7.93,5.38,1.39,Allsvenskan,,20220701_Sundsvall_Malmo-FF,-293.9894726578825,1.63,1.34,5,6,12,12,39.7,60.3,3,2,0,0,9,6
2022-07-02,AIK,Mjallby,0,1,1.45,4.17,7.64,1.49,4.2,8.29,Allsvenskan,,20220702_AIK_Mjallby,97.68500862841552,0.29,1.31,2,4,3,10,58.7,41.3,1,1,0,0,3,1
2022-07-02,Helsingborg,Kalmar,1,1,3.86,3.46,1.94,4.17,3.48,1.99,Allsvenskan,,20220702_Helsingborg_Kalmar,-175.15567566112463,0.09,1.04,1,5,3,14,41.9,58.1,2,1,0,0,4,9
2022-07-03,Djurgarden,Hammarby,1,0,2.3,3.38,3.02,2.37,3.46,3.16,Allsvenskan,,20220703_Djurgarden_Hammarby,-7.7956450428960125,0.88,1.61,5,4,11,9,51.7,48.3,1,4,0,0,4,2
2022-07-03,Hacken,Elfsborg,1,1,2.36,3.73,2.7,2.46,3.76,2.81,Allsvenskan,,20220703_Hacken_Elfsborg,-8.73760679363886,0.9,1.06,2,3,4,6,47.4,52.6,2,2,0,0,6,3
2022-07-03,Norrkoping,Sirius,0,1,1.57,4.41,5.04,1.59,4.54,5.52,Allsvenskan,,20220703_Norrkoping_Sirius,48.83904024464755,0.33,1.88,1,5,2,14,45.8,54.2,4,3,0,0,2,4
2022-07-03,Varberg,Varnamo,3,0,2.9,3.21,2.46,3.0,3.33,2.54,Allsvenskan,,20220703_Varberg_Varnamo,-12.381125523300625,1.71,1.66,5,4,11,9,54.9,45.1,2,2,0,0,6,2
2022-07-04,Goteborg,Degerfors,2,0,1.67,4.1,4.58,1.74,4.17,4.64,Allsvenskan,,20220704_Goteborg_Degerfors,102.24634478069834,1.85,0.05,6,1,14,3,56.2,43.8,3,2,0,0,5,4
2022-07-09,Degerfors,Norrkoping,1,1,3.38,3.7,2.02,3.52,3.82,2.07,Allsvenskan,,20220709_Degerfors_Norrkoping,-98.59090348049881,1.63,0.17,5,1,9,1,42.0,58.0,2,0,1,0,4,3
2022-07-09,Malmo FF,Varberg,3,0,1.26,5.92,10.41,1.27,6.3,10.91,Allsvenskan,,20220709_Malmo-FF_Varberg,145.15426761231697,1.78,0.57,7,3,16,4,57.1,42.9,1,1,0,0,11,2
2022-07-10,Elfsborg,AIK,2,2,2.13,3.57,3.22,2.18,3.69,3.34,Allsvenskan,,20220710_Elfsborg_AIK,-33.011109022557775,0.76,1.3,2,4,4,6,58.7,41.3,0,2,0,1,3,7
2022-07-10,Kalmar,Sirius,1,1,1.68,3.78,5.02,1.67,4.0,5.55,Allsvenskan,,20220710_Kalmar_Sirius,49.722260531993015,1.93,1.8,6,5,12,13,50.6,49.4,1,0,0,1,8,7
2022-07-10,Mjallby,Hacken,1,2,3.62,3.5,2.0,3.89,3.65,2.01,Allsvenskan,,20220710_Mjallby_Hacken,-25.964256530264947,0.25,1.53,2,5,7,9,49.7,50.3,2,3,0,0,7,9
2022-07-11,Hammarby,Goteborg,3,0,1.53,4.29,5.82,1.52,4.56,6.44,Allsvenskan,,20220711_Hammarby_Goteborg,62.646863805086014,1.32,0.66,6,2,14,6,48.0,52.0,2,2,0,0,2,8
2022-07-11,Helsingborg,Djurgarden,0,2,5.3,4.02,1.6,5.55,4.06,1.65,Allsvenskan,,20220711_Helsingborg_Djurgarden,-235.93126360965766,0.61,1.49,0,5,0,13,41.2,58.8,1,1,0,0,3,6
2022-07-11,Varnamo,Sundsvall,1,1,1.52,4.32,5.89,1.55,4.38,6.39,Allsvenskan,,20220711_Varnamo_Sundsvall,95.82391912374283,0.93,0.71,3,3,5,6,58.9,41.1,2,1,0,0,3,7
2022-07-16,Djurgarden,Varnamo,5,0,1.39,4.93,7.24,1.41,5.17,7.58,Allsvenskan,,20220716_Djurgarden_Varnamo,155.57269326589562,2.6,0.87,8,2,15,3,59.5,40.5,1,1,0,0,6,1
2022-07-16,Norrkoping,Malmo FF,0,2,3.61,3.55,2.0,3.93,3.76,1.97,Allsvenskan,,20220716_Norrkoping_Malmo-FF,-120.94771118348604,0.64,1.03,3,4,7,8,44.9,55.1,0,3,0,0,6,5
2022-07-17,AIK,Kalmar,1,0,1.79,3.43,4.72,1.81,3.56,5.07,Allsvenskan,,20220717_AIK_Kalmar,77.2550018522752,1.18,2.03,7,5,13,11,50.0,50.0,0,0,0,0,8,3
2022-07-17,Goteborg,Mjallby,1,1,2.13,3.18,3.63,2.18,3.32,3.85,Allsvenskan,,20220717_Goteborg_Mjallby,-15.776281121150305,0.8,0.99,2,4,5,8,58.1,41.9,1,1,0,0,6,3
2022-07-17,Hammarby,Elfsborg,3,0,1.93,3.82,3.57,1.98,3.88,3.75,Allsvenskan,,20220717_Hammarby_Elfsborg,20.24933303274429,1.8,0.76,6,1,14,4,48.0,52.0,2,1,0,0,3,2
2022-07-17,Sirius,Degerfors,2,0,1.74,4.05,4.17,1.77,4.29,4.33,Allsvenskan,,20220717_Sirius_Degerfors,75.49255462424662,0.56,0.05,2,0,1,0,53.9,46.1,0,1,0,0,0,4
2022-07-18,Sundsvall,Hacken,1,5,5.3,4.68,1.52,5.68,4.82,1.54,Allsvenskan,,20220718_Sundsvall_Hacken,-214.7324331261923,1.3,2.45,5,9,11,20,46.1,53.9,1,2,0,0,10,5
2022-07-18,Varberg,Helsingborg,0,0,2.31,3.23,3.12,2.41,3.26,3.27,Allsvenskan,,20220718_Varberg_Helsingborg,98.61945405298206,0.09,0.29,0,0,2,1,48.9,51.1,2,2,0,0,2,1
2022-07-23,Malmo FF,Sirius,3,1,1.41,4.87,6.92,1.44,5.07,7.1,Allsvenskan,,20220723_Malmo-FF_Sirius,135.96344802850945,1.14,0.9,3,3,5,6,54.5,45.5,2,1,0,0,2,3
2022-07-23,Mjallby,Degerfors,2,1,1.63,3.86,5.27,1.63,4.05,5.83,Allsvenskan,,20220723_Mjallby_Degerfors,130.8690431304958,1.55,1.45,6,5,12,11,52.0,48.0,1,0,0,0,11,4
2022-07-24,Hacken,Djurgarden,1,2,2.23,3.65,2.95,2.27,3.73,3.12,Allsvenskan,,20220724_Hacken_Djurgarden,-31.764191687492257,0.58,1.96,1,6,1,12,48.3,51.7,0,0,0,0,1,5
2022-07-24,Helsingborg,Sundsvall,1,0,1.83,3.63,4.16,1.86,3.64,4.6,Allsvenskan,,20220724_Helsingborg_Sundsvall,7.911162922022413,1.15,0.41,5,2,10,4,53.7,46.3,2,4,0,0,4,3
2022-07-24,Kalmar,Elfsborg,1,0,2.23,3.48,3.07,2.26,3.57,3.27,Allsvenskan,,20220724_Kalmar_Elfsborg,-44.59080878441023,0.7,0.44,4,1,11,2,44.2,55.8,1,2,1,0,5,1
2022-07-24,Varnamo,AIK,2,3,3.32,3.3,2.19,3.48,3.35,2.26,Allsvenskan,,20220724_Varnamo_AIK,-170.6025644809613,0.56,1.08,2,3,5,6,46.4,53.6,0,2,0,0,9,4
2022-07-25,Norrkoping,Goteborg,0,2,1.7,3.89,4.59,1.7,4.01,5.18,Allsvenskan,,20220725_Norrkoping_Goteborg,-22.774924674771682,0.86,0.53,1,3,0,7,48.0,52.0,1,5,0,0,1,3
2022-07-25,Varberg,Hammarby,0,3,6.87,4.42,1.45,7.64,4.58,1.47,Allsvenskan,,20220725_Varberg_Hammarby,-149.9564850456743,0.57,1.26,2,3,4,7,40.7,59.3,0,1,0,0,1,6
2022-07-30,Degerfors,Kalmar,2,1,3.69,3.57,1.97,3.94,3.58,2.02,Allsvenskan,,20220730_Degerfors_Kalmar,-143.0753566503231,1.8,2.05,5,4,9,11,39.5,60.5,2,0,0,0,7,6
2022-07-30,Sundsvall,Varberg,1,3,2.49,3.47,2.69,2.55,3.56,2.81,Allsvenskan,,20220730_Sundsvall_Varberg,-104.50226672113536,0.51,1.5,1,4,1,7,47.4,52.6,1,3,0,0,2,6
2022-07-31,Elfsborg,Hacken,4,4,2.04,4.04,3.11,2.1,4.1,3.24,Allsvenskan,,20220731_Elfsborg_Hacken,-21.16392720850854,1.55,1.3,5,4,12,11,51.4,48.6,2,0,0,1,10,7
2022-07-31,Hammarby,Varnamo,1,2,1.3,5.57,9.15,1.31,5.96,9.96,Allsvenskan,,20220731_Hammarby_Varnamo,175.70042819147034,0.67,1.93,2,5,5,11,57.1,42.9,3,2,0,0,4,6
2022-07-31,Sirius,Mjallby,0,1,2.29,3.21,3.2,2.31,3.25,3.49,Allsvenskan,,20220731_Sirius_Mjallby,-51.7229029987443,0.05,0.66,0,2,2,4,46.7,53.3,3,2,0,0,4,5
2022-08-01,Goteborg,Norrkoping,2,0,2.6,3.28,2.68,2.77,3.38,2.69,Allsvenskan,,20220801_Goteborg_Norrkoping,45.203938145034044,1.08,1.59,2,5,4,10,50.6,49.4,1,2,0,0,1,9
2022-08-06,Norrkoping,Degerfors,2,0,1.48,4.65,5.94,1.49,4.82,6.5,Allsvenskan,,20220806_Norrkoping_Degerfors,62.74710788782454,1.41,0.28,5,0,13,0,48.1,51.9,3,0,0,0,6,0
2022-08-07,Hammarby,Sundsvall,3,0,1.13,8.65,16.57,1.16,8.47,17.11,Allsvenskan,,20220807_Hammarby_Sundsvall,259.595328632422,1.54,0.05,5,0,8,1,57.9,42.1,3,5,0,0,7,1
2022-08-07,Kalmar,AIK,1,0,2.55,3.19,2.82,2.6,3.2,3.04,Allsvenskan,,20220807_Kalmar_AIK,-105.69255394997504,0.48,0.95,4,2,10,6,46.0,54.0,3,2,0,0,6,7
2022-08-07,Mjallby,Elfsborg,1,1,2.77,3.36,2.48,2.86,3.42,2.6,Allsvenskan,,20220807_Mjallby_Elfsborg,-4.872656258406323,0.84,0.5,1,1,2,5,47.4,52.6,2,3,0,0,0,3
2022-08-07,Sirius,Malmo FF,2,1,5.65,4.27,1.54,5.81,4.47,1.57,Allsvenskan,,20220807_Sirius_Malmo-FF,-161.24984571397317,1.61,2.01,5,6,12,13,42.8,57.2,2,6,0,0,5,5
2022-08-07,Varnamo,Djurgarden,0,0,4.86,3.98,1.66,5.04,4.04,1.71,Allsvenskan,,20220807_Varnamo_Djurgarden,-169.33746386054122,0.54,0.67,1,2,3,6,44.8,55.2,1,1,0,0,0,3
2022-08-08,Hacken,Helsingborg,5,0,1.31,5.6,8.41,1.33,5.78,9.54,Allsvenskan,,20220808_Hacken_Helsingborg,194.26399481341355,2.02,0.05,6,0,12,0,55.0,45.0,1,0,0,0,6,3
2022-08-08,Varberg,Goteborg,0,4,3.13,3.34,2.26,3.27,3.48,2.3,Allsvenskan,,20220808_Varberg_Goteborg,-77.12024832890302,0.86,1.01,3,4,7,7,40.4,59.6,3,0,0,0,2,4
2022-08-13,Helsingborg,Sirius,0,0,2.45,3.37,2.83,2.48,3.46,2.98,Allsvenskan,,20220813_Helsingborg_Sirius,-120.62452335167222,0.5,1.36,2,4,4,9,48.8,51.2,1,1,0,0,5,9
2022-08-14,AIK,Varnamo,2,2,1.74,3.74,4.62,1.79,3.71,4.95,Allsvenskan,,20220814_AIK_Varnamo,145.1149384442599,1.06,0.65,3,3,6,5,51.6,48.4,0,3,0,0,4,3
2022-08-14,Degerfors,Varberg,1,1,1.93,3.68,3.73,2.0,3.72,3.86,Allsvenskan,,20220814_Degerfors_Varberg,-52.20250989587544,0.9,1.9,3,3,6,8,44.4,55.6,1,1,0,0,4,5
2022-08-14,Djurgarden,Kalmar,3,2,1.74,3.69,4.74,1.75,3.79,5.15,Allsvenskan,,20220814_Djurgarden_Kalmar,87.97981236242708,0.74,0.72,3,3,5,7,54.0,46.0,3,1,0,0,3,9
2022-08-14,Elfsborg,Norrkoping,1,1,1.8,3.86,4.1,1.83,3.88,4.41,Allsvenskan,,20220814_Elfsborg_Norrkoping,71.88133330795313,1.17,0.59,4,4,11,9,56.0,44.0,1,1,0,0,8,6
2022-08-14,Malmo FF,Sundsvall,3,1,1.1,9.8,21.43,1.12,10.34,24.49,Allsvenskan,,20220814_Malmo-FF_Sundsvall,285.818960500721,1.7,0.72,5,2,10,4,56.4,43.6,2,0,0,0,7,2
2022-08-15,Goteborg,Hammarby,0,1,3.99,3.73,1.85,4.18,3.93,1.87,Allsvenskan,,20220815_Goteborg_Hammarby,-56.000689160484626,0.31,0.12,2,1,5,3,46.2,53.8,1,3,0,0,5,1
2022-08-15,Hacken,Mjallby,1,0,1.54,4.25,5.76,1.56,4.35,6.21,Allsvenskan,,20220815_Hacken_Mjallby,30.320112541956632,1.31,1.02,4,1,7,3,49.2,50.8,0,2,0,0,8,2
2022-08-20,Varberg,Djurgarden,2,2,5.15,3.64,1.7,5.57,3.64,1.74,Allsvenskan,,20220820_Varberg_Djurgarden,-181.7047071197851,0.74,1.44,2,5,4,11,41.8,58.2,3,3,0,0,2,4
2022-08-21,Mjallby,Malmo FF,1,1,5.18,3.71,1.68,5.4,3.9,1.7,Allsvenskan,,20220821_Mjallby_Malmo-FF,-86.54150288588039,1.5,0.59,6,4,17,11,44.8,55.2,2,1,0,0,10,4
2022-08-21,Norrkoping,AIK,2,4,2.43,3.32,2.88,2.61,3.4,2.86,Allsvenskan,,20220821_Norrkoping_AIK,-120.07527138816886,1.98,2.41,6,6,13,16,44.1,55.9,2,4,1,1,3,9
2022-08-21,Sundsvall,Helsingborg,1,2,2.78,3.46,2.44,2.85,3.58,2.52,Allsvenskan,,20220821_Sundsvall_Helsingborg,-46.23533717319401,1.08,1.45,5,4,10,9,56.6,43.4,2,3,0,0,5,8
2022-08-21,Varnamo,Elfsborg,1,1,3.45,3.73,2.0,3.54,3.88,2.05,Allsvenskan,,20220821_Varnamo_Elfsborg,-82.54600173141216,0.4,0.45,2,1,4,3,47.7,52.3,2,0,0,0,3,4
2022-08-22,Hammarby,Degerfors,5,1,1.18,7.56,13.9,1.19,8.15,14.25,Allsvenskan,,20220822_Hammarby_Degerfors,212.37478973787074,0.56,0.97,5,3,8,7,50.3,49.7,0,3,1,0,6,2
2022-08-22,Kalmar,Goteborg,1,0,2.1,3.36,3.53,2.19,3.41,3.59,Allsvenskan,,20220822_Kalmar_Goteborg,-11.910283898389935,1.42,0.18,5,1,10,3,50.6,49.4,0,2,0,0,7,5
2022-08-22,Sirius,Hacken,0,1,3.98,4.2,1.76,4.13,4.26,1.81,Allsvenskan,,20220822_Sirius_Hacken,-100.42534642042165,0.14,0.54,1,3,0,6,47.9,52.1,1,2,0,0,5,5
2022-08-27,Degerfors,Sundsvall,3,1,1.48,4.63,6.1,1.48,4.79,6.71,Allsvenskan,,20220827_Degerfors_Sundsvall,74.93436743944562,0.87,0.05,3,1,6,1,54.8,45.2,2,0,0,0,3,0
2022-08-27,Hacken,Varnamo,4,1,1.33,5.56,7.78,1.34,5.97,8.61,Allsvenskan,,20220827_Hacken_Varnamo,127.55965334394546,1.16,1.36,4,4,8,9,49.5,50.5,1,4,0,1,8,5
2022-08-28,AIK,Hammarby,2,2,2.92,3.48,2.34,3.03,3.5,2.43,Allsvenskan,,20220828_AIK_Hammarby,-6.6314728039717465,2.0,1.83,6,7,13,14,53.2,46.8,2,5,0,0,2,6
2022-08-28,Goteborg,Sirius,2,0,1.88,3.56,4.07,1.93,3.65,4.24,Allsvenskan,,20220828_Goteborg_Sirius,43.55794866121846,2.41,0.05,9,0,19,1,55.2,44.8,1,2,0,0,13,4
2022-08-28,Helsingborg,Mjallby,0,1,3.03,3.14,2.43,3.16,3.24,2.48,Allsvenskan,,20220828_Helsingborg_Mjallby,-153.32211720516148,0.67,1.3,2,5,5,12,38.1,61.9,3,1,0,0,5,5
2022-08-28,Malmo FF,Kalmar,0,1,1.62,3.92,5.42,1.66,3.99,5.63,Allsvenskan,,20220828_Malmo-FF_Kalmar,83.96198897955105,0.78,1.98,3,5,8,12,54.8,45.2,1,1,0,0,5,3
2022-08-28,Varberg,Norrkoping,1,1,3.37,3.41,2.13,3.51,3.58,2.16,Allsvenskan,,20220828_Varberg_Norrkoping,-20.723752670550994,1.31,1.75,4,6,9,14,44.5,55.5,2,2,0,0,5,14
2022-08-29,Djurgarden,Elfsborg,2,1,1.64,4.15,4.82,1.66,4.37,5.02,Allsvenskan,,20220829_Djurgarden_Elfsborg,77.26351817753175,1.47,0.87,3,1,5,3,47.1,52.9,1,0,1,0,4,2
2022-09-04,AIK,Sundsvall,4,0,1.23,6.14,11.88,1.23,6.6,13.93,Allsvenskan,,20220904_AIK_Sundsvall,301.2775699844226,1.4,0.42,5,1,12,3,60.6,39.4,0,1,1,0,6,5
2022-09-04,Elfsborg,Malmo FF,3,2,2.71,3.66,2.39,2.72,3.83,2.51,Allsvenskan,,20220904_Elfsborg_Malmo-FF,-67.89748239428013,1.3,1.63,3,5,6,11,50.0,50.0,0,3,0,0,4,4
2022-09-04,Hacken,Degerfors,2,2,1.25,6.61,9.35,1.27,6.62,9.83,Allsvenskan,,20220904_Hacken_Degerfors,201.70597484946666,0.64,0.73,2,2,4,4,59.3,40.7,1,3,0,0,3,3
2022-09-04,Sirius,Djurgarden,0,1,5.37,4.01,1.61,5.9,4.22,1.6,Allsvenskan,,20220904_Sirius_Djurgarden,-164.20581565613088,0.75,0.91,3,4,6,7,37.5,62.5,3,0,0,0,5,10
2022-09-05,Kalmar,Varberg,1,0,1.57,3.88,6.1,1.59,4.01,6.54,Allsvenskan,,20220905_Kalmar_Varberg,96.45669436668186,0.73,0.61,1,3,1,7,56.9,43.1,0,1,0,0,3,5
2022-09-05,Mjallby,Goteborg,1,4,2.35,3.11,3.21,2.47,3.15,3.28,Allsvenskan,,20220905_Mjallby_Goteborg,12.710029801400196,1.45,1.05,4,5,9,10,42.1,57.9,4,2,0,0,9,3
2022-09-05,Norrkoping,Hammarby,4,1,4.2,3.8,1.8,4.3,3.97,1.83,Allsvenskan,,20220905_Norrkoping_Hammarby,-143.21333690922484,1.59,1.26,4,5,7,11,43.0,57.0,1,2,0,0,5,7
2022-09-05,Varnamo,Helsingborg,3,2,2.12,3.33,3.49,2.18,3.5,3.53,Allsvenskan,,20220905_Varnamo_Helsingborg,82.93092105716369,1.6,0.05,5,2,13,4,49.2,50.8,4,3,1,0,5,2
2022-09-10,Degerfors,Mjallby,0,0,2.82,3.37,2.44,2.96,3.44,2.5,Allsvenskan,,20220910_Degerfors_Mjallby,-124.30447408079908,0.72,1.47,0,5,0,11,40.9,59.1,3,3,0,0,2,8
2022-09-10,Sirius,Varnamo,2,3,2.1,3.42,3.43,2.13,3.48,3.67,Allsvenskan,,20220910_Sirius_Varnamo,-8.741882812330914,2.69,1.29,10,6,20,14,51.4,48.6,2,3,0,0,9,8
2022-09-11,Hammarby,Djurgarden,0,0,2.18,3.35,3.32,2.24,3.4,3.47,Allsvenskan,,20220911_Hammarby_Djurgarden,-39.73731313486269,0.71,0.48,2,0,5,1,46.3,53.7,0,1,0,0,1,1
2022-09-11,Malmo FF,Norrkoping,2,1,1.54,4.32,5.67,1.53,4.64,6.22,Allsvenskan,,20220911_Malmo-FF_Norrkoping,100.43544999453388,0.05,0.06,2,1,3,0,48.1,51.9,3,0,1,0,3,4
2022-09-11,Sundsvall,Elfsborg,0,2,6.07,4.97,1.45,6.08,5.17,1.48,Allsvenskan,,20220911_Sundsvall_Elfsborg,-245.6920486868512,2.12,1.94,8,6,18,14,41.1,58.9,0,2,0,0,10,11
2022-09-11,Varberg,AIK,2,0,4.43,3.65,1.79,4.75,3.79,1.8,Allsvenskan,,20220911_Varberg_AIK,-168.68627572866762,1.37,1.09,4,2,8,5,39.7,60.3,4,1,0,0,3,4
2022-09-12,Goteborg,Helsingborg,1,3,1.69,3.71,5.07,1.71,3.79,5.51,Allsvenskan,,20220912_Goteborg_Helsingborg,176.2864893705937,0.84,1.37,3,3,7,8,56.9,43.1,2,4,0,0,8,8
2022-09-12,Kalmar,Hacken,1,1,2.65,3.53,2.51,2.8,3.5,2.6,Allsvenskan,,20220912_Kalmar_Hacken,-39.114013564147854,1.51,0.97,4,2,8,3,48.4,51.6,2,3,0,0,4,3
2022-09-17,Hacken,Hammarby,1,1,2.31,3.65,2.82,2.35,3.85,2.92,Allsvenskan,,20220917_Hacken_Hammarby,-4.212709902824372,1.5,1.33,3,3,5,5,57.1,42.9,3,1,0,0,3,2
2022-09-17,Norrkoping,Kalmar,2,2,2.94,3.32,2.39,3.03,3.48,2.44,Allsvenskan,,20220917_Norrkoping_Kalmar,-79.20010598688759,1.39,1.71,5,7,9,17,44.4,55.6,0,3,0,0,3,6
2022-09-17,Varnamo,Varberg,1,0,2.32,3.39,3.01,2.43,3.47,3.05,Allsvenskan,,20220917_Varnamo_Varberg,19.705957704613184,1.17,0.24,4,1,9,2,47.5,52.5,5,5,1,0,4,3
2022-09-18,AIK,Degerfors,1,1,1.41,4.85,7.15,1.42,5.14,7.49,Allsvenskan,,20220918_AIK_Degerfors,183.2379165519742,0.27,0.73,1,1,1,3,56.5,43.5,1,2,0,0,2,3
2022-09-18,Djurgarden,Goteborg,3,0,1.44,4.46,7.09,1.46,4.59,7.69,Allsvenskan,,20220918_Djurgarden_Goteborg,110.16691231455411,1.77,0.37,6,1,13,2,52.0,48.0,0,1,0,0,5,4
2022-09-18,Elfsborg,Sirius,3,0,1.47,4.7,6.06,1.5,4.94,6.1,Allsvenskan,,20220918_Elfsborg_Sirius,105.61652686361253,1.67,0.09,3,0,9,0,54.3,45.7,0,2,0,0,4,4
2022-09-18,Helsingborg,Malmo FF,1,2,5.47,4.07,1.59,5.69,4.03,1.65,Allsvenskan,,20220918_Helsingborg_Malmo-FF,-212.0675913856603,0.7,2.0,4,6,9,14,38.9,61.1,1,3,0,0,3,5
2022-09-18,Mjallby,Sundsvall,1,1,1.38,4.73,8.14,1.4,4.96,8.79,Allsvenskan,,20220918_Mjallby_Sundsvall,228.59337736636826,0.96,1.52,3,5,6,12,64.3,35.7,2,3,0,0,3,4
2022-10-01,Degerfors,Djurgarden,3,0,4.86,4.05,1.65,4.98,4.11,1.69,Allsvenskan,,20221001_Degerfors_Djurgarden,-227.42180994975934,0.84,1.24,3,4,7,9,40.9,59.1,1,4,0,0,4,12
2022-10-01,Malmo FF,Hammarby,0,0,2.1,3.53,3.36,2.13,3.6,3.46,Allsvenskan,,20221001_Malmo-FF_Hammarby,3.461097863821351,0.45,0.29,1,2,2,5,50.2,49.8,2,1,0,0,3,3
2022-10-02,Kalmar,Helsingborg,2,0,1.56,4.04,5.92,1.58,4.18,6.23,Allsvenskan,,20221002_Kalmar_Helsingborg,176.36128878629688,1.37,0.79,4,2,8,4,51.3,48.7,3,0,0,0,3,4
2022-10-02,Sirius,AIK,1,1,3.15,3.53,2.2,3.22,3.67,2.25,Allsvenskan,,20221002_Sirius_AIK,-148.96260474056885,1.01,0.76,2,2,5,5,45.5,54.5,1,2,0,0,3,4
2022-10-02,Sundsvall,Norrkoping,1,3,5.24,4.11,1.61,5.61,4.16,1.63,Allsvenskan,,20221002_Sundsvall_Norrkoping,-176.35653962427523,0.56,1.57,2,4,3,10,47.4,52.6,1,4,0,0,4,8
2022-10-02,Varberg,Hacken,1,1,4.13,3.82,1.81,4.36,3.87,1.85,Allsvenskan,,20221002_Varberg_Hacken,-145.78629034984147,0.43,1.12,2,2,5,3,39.7,60.3,0,2,0,0,2,3
2022-10-03,Goteborg,Elfsborg,1,3,3.01,3.56,2.25,3.07,3.67,2.29,Allsvenskan,,20221003_Goteborg_Elfsborg,-44.591655908977145,1.52,1.96,6,6,13,16,50.2,49.8,1,1,0,0,9,6
2022-10-03,Varnamo,Mjallby,2,1,2.83,3.22,2.54,2.99,3.27,2.59,Allsvenskan,,20221003_Varnamo_Mjallby,-28.74908337196962,0.31,0.44,2,1,6,4,57.4,42.6,1,2,0,0,7,3
2022-10-08,Degerfors,Sirius,0,0,2.4,3.64,2.73,2.49,3.66,2.86,Allsvenskan,,20221008_Degerfors_Sirius,-8.628324255982307,0.22,0.48,2,3,4,8,54.2,45.8,3,2,0,0,6,2
2022-10-09,AIK,Helsingborg,2,0,1.48,4.44,6.32,1.51,4.64,6.58,Allsvenskan,,20221009_AIK_Helsingborg,210.75479386413826,0.52,0.8,2,3,6,8,62.8,37.2,1,4,0,0,2,7
2022-10-09,Djurgarden,Hacken,0,1,1.98,3.73,3.54,1.97,3.91,3.76,Allsvenskan,,20221009_Djurgarden_Hacken,35.25135038934741,0.61,1.63,3,5,6,10,45.6,54.4,1,0,0,0,2,8
2022-10-09,Elfsborg,Kalmar,0,2,1.8,3.77,4.22,1.83,3.9,4.43,Allsvenskan,,20221009_Elfsborg_Kalmar,10.52189764939203,1.17,0.83,4,3,10,7,53.1,46.9,2,1,0,0,8,5
2022-10-09,Malmo FF,Varnamo,0,0,1.26,6.11,9.82,1.27,6.51,10.29,Allsvenskan,,20221009_Malmo-FF_Varnamo,97.71269627784022,1.53,0.76,4,1,9,3,50.7,49.3,5,2,0,0,4,4
2022-10-09,Sundsvall,Goteborg,3,2,4.18,3.87,1.79,4.39,3.98,1.81,Allsvenskan,,20221009_Sundsvall_Goteborg,-207.93846477793022,0.59,1.81,3,4,5,9,42.0,58.0,1,3,0,1,2,5
2022-10-10,Hammarby,Varberg,5,1,1.24,6.12,11.46,1.26,6.34,11.59,Allsvenskan,,20221010_Hammarby_Varberg,145.06836066536584,2.8,0.24,7,1,14,2,56.5,43.5,0,1,0,0,5,5
2022-10-10,Norrkoping,Mjallby,2,2,2.05,3.33,3.73,2.1,3.42,3.86,Allsvenskan,,20221010_Norrkoping_Mjallby,-19.01511490012126,1.36,1.77,3,4,7,9,53.7,46.3,2,0,0,0,4,5
2022-10-14,Elfsborg,Degerfors,1,1,1.45,4.87,6.1,1.47,5.0,6.63,Allsvenskan,,20221014_Elfsborg_Degerfors,124.12154852615322,1.4,1.81,5,5,10,12,55.7,44.3,2,2,0,1,4,8
2022-10-15,Hacken,Sundsvall,4,1,1.12,9.39,17.54,1.13,10.17,18.78,Allsvenskan,,20221015_Hacken_Sundsvall,285.8421794597948,1.48,1.27,4,4,10,9,54.2,45.8,4,0,0,0,6,6
2022-10-15,Helsingborg,Varberg,1,3,2.22,3.4,3.18,2.27,3.5,3.33,Allsvenskan,,20221015_Helsingborg_Varberg,-79.21276509700783,1.79,1.81,6,7,14,16,42.7,57.3,0,1,0,0,6,11
2022-10-15,Sirius,Norrkoping,2,0,2.14,3.41,3.38,2.18,3.46,3.57,Allsvenskan,,20221015_Sirius_Norrkoping,-44.76477044447006,0.44,0.99,2,4,6,10,57.7,42.3,0,0,0,0,2,3
2022-10-15,Varnamo,Kalmar,1,3,3.5,3.53,2.05,3.72,3.54,2.09,Allsvenskan,,20221015_Varnamo_Kalmar,-66.64911286758434,0.79,2.01,4,5,7,10,49.3,50.7,0,1,0,0,5,7
2022-10-16,Djurgarden,AIK,1,2,2.29,3.42,3.05,2.39,3.48,3.1,Allsvenskan,,20221016_Djurgarden_AIK,23.02710444208401,0.94,1.67,4,5,10,10,50.8,49.2,2,0,0,0,8,6
2022-10-16,Mjallby,Hammarby,0,3,4.26,3.68,1.82,4.45,3.82,1.84,Allsvenskan,,20221016_Mjallby_Hammarby,-99.64081632396346,1.34,0.66,5,3,11,4,45.9,54.1,1,1,0,1,4,1
2022-10-17,Goteborg,Malmo FF,2,1,4.21,3.85,1.79,4.37,3.97,1.82,Allsvenskan,,20221017_Goteborg_Malmo-FF,-110.28764706439415,1.4,0.69,5,3,12,7,39.9,60.1,1,1,0,0,8,4
2022-10-19,AIK,Hacken,1,2,2.45,3.62,2.67,2.51,3.71,2.78,Allsvenskan,,20221019_AIK_Hacken,-5.2897731636517165,1.38,1.55,5,6,10,16,53.4,46.6,4,0,0,0,5,13
2022-10-19,Norrkoping,Helsingborg,2,0,1.74,3.92,4.46,1.76,4.06,4.62,Allsvenskan,,20221019_Norrkoping_Helsingborg,117.23375839276741,1.12,1.4,4,4,9,9,49.9,50.1,4,1,0,0,5,6
2022-10-19,Sundsvall,Varnamo,1,2,2.89,3.71,2.26,2.99,3.87,2.3,Allsvenskan,,20221019_Sundsvall_Varnamo,-184.38277977379357,1.5,1.35,6,5,12,11,38.6,61.4,2,1,0,0,7,5
2022-10-19,Varberg,Elfsborg,0,3,3.45,3.65,2.03,3.58,3.79,2.06,Allsvenskan,,20221019_Varberg_Elfsborg,-100.14843522295973,1.14,1.38,4,4,7,11,48.5,51.5,1,2,0,0,5,5
2022-10-20,Degerfors,Goteborg,3,1,2.22,3.61,3.02,2.21,3.73,3.25,Allsvenskan,,20221020_Degerfors_Goteborg,-64.09767406213155,1.82,1.66,6,5,13,9,46.7,53.3,2,0,0,0,9,4
2022-10-20,Hammarby,Sirius,1,1,1.2,6.68,13.23,1.21,7.18,14.58,Allsvenskan,,20221020_Hammarby_Sirius,157.22074823166577,1.59,1.51,5,5,11,11,51.7,48.3,1,3,0,0,6,6
2022-10-20,Kalmar,Mjallby,1,2,1.68,3.63,5.34,1.71,3.68,5.78,Allsvenskan,,20221020_Kalmar_Mjallby,86.20187912528309,0.86,1.25,2,4,5,8,51.5,48.5,1,1,0,1,5,5
2022-10-20,Malmo FF,Djurgarden,2,3,1.95,3.53,3.83,1.97,3.67,4.03,Allsvenskan,,20221020_Malmo-FF_Djurgarden,-16.19617577105373,1.99,0.69,5,3,12,8,52.8,47.2,2,1,0,0,2,6
2022-10-23,Elfsborg,Hammarby,2,1,3.42,3.83,1.99,3.55,3.94,2.03,Allsvenskan,,20221023_Elfsborg_Hammarby,-45.061411178223125,1.47,1.17,4,4,8,8,41.7,58.3,0,0,0,0,5,3
2022-10-23,Hacken,Malmo FF,2,1,1.78,4.09,4.0,1.79,4.19,4.29,Allsvenskan,,20221023_Hacken_Malmo-FF,47.305496099633956,1.14,1.72,5,7,12,16,52.5,47.5,1,2,0,0,7,9
2022-10-23,Helsingborg,Degerfors,1,2,2.83,3.57,2.36,2.97,3.67,2.39,Allsvenskan,,20221023_Helsingborg_Degerfors,-104.37461227658946,0.69,1.11,3,3,7,6,39.5,60.5,3,0,0,0,5,3
2022-10-24,Djurgarden,Sundsvall,4,0,1.12,9.31,19.36,1.13,9.98,20.02,Allsvenskan,,20221024_Djurgarden_Sundsvall,303.3640890044719,2.6,0.87,10,3,20,6,60.1,39.9,3,1,0,0,14,5
2022-10-24,Goteborg,AIK,1,0,2.89,3.47,2.36,2.97,3.6,2.42,Allsvenskan,,20221024_Goteborg_AIK,-100.04438976763163,1.2,1.17,3,3,6,8,46.5,53.5,4,2,0,0,7,7
2022-10-24,Mjallby,Varberg,4,1,2.27,3.41,3.09,2.34,3.49,3.2,Allsvenskan,,20221024_Mjallby_Varberg,65.54199009250897,0.7,1.39,4,3,8,4,55.4,44.6,5,2,0,0,2,3
2022-10-24,Sirius,Kalmar,0,0,3.42,3.42,2.12,3.63,3.49,2.14,Allsvenskan,,20221024_Sirius_Kalmar,-106.47678099363611,0.36,0.55,1,1,4,1,36.6,63.4,3,3,0,0,1,1
2022-10-24,Varnamo,Norrkoping,1,1,3.08,3.62,2.19,3.29,3.75,2.19,Allsvenskan,,20221024_Varnamo_Norrkoping,20.762892438666995,1.86,1.04,5,3,12,7,49.1,50.9,2,2,0,0,7,7
2022-10-29,Degerfors,Varnamo,0,0,1.72,3.95,4.49,1.72,4.09,4.84,Allsvenskan,,20221029_Degerfors_Varnamo,-40.601808981471095,1.29,0.97,3,3,6,4,48.4,51.6,0,0,0,0,3,3
2022-10-30,Goteborg,Hacken,0,4,3.94,3.73,1.87,4.23,3.85,1.88,Allsvenskan,,20221030_Goteborg_Hacken,-123.98196203739872,1.35,1.5,3,5,5,10,52.9,47.1,2,2,0,0,4,4
2022-10-30,Hammarby,Kalmar,4,2,1.65,3.92,5.15,1.68,4.01,5.39,Allsvenskan,,20221030_Hammarby_Kalmar,30.587688441263026,1.55,1.08,4,3,9,7,50.5,49.5,0,1,1,1,6,6
2022-10-30,Mjallby,AIK,1,2,3.37,3.41,2.14,3.43,3.51,2.22,Allsvenskan,,20221030_Mjallby_AIK,-52.172850193730255,1.73,0.76,7,2,16,2,44.0,56.0,5,0,0,0,11,2
2022-10-30,Sundsvall,Sirius,2,3,3.83,3.86,1.87,3.94,3.9,1.93,Allsvenskan,,20221030_Sundsvall_Sirius,-162.38911485684412,2.16,1.93,6,5,13,9,45.9,54.1,1,1,0,0,9,7
2022-10-30,Varberg,Malmo FF,2,5,2.61,3.44,2.6,2.65,3.52,2.74,Allsvenskan,,20221030_Varberg_Malmo-FF,-123.84603800456512,0.81,1.87,3,5,5,10,46.9,53.1,0,3,0,0,5,9
2022-10-31,Elfsborg,Helsingborg,3,0,1.33,5.55,8.1,1.36,5.92,7.98,Allsvenskan,,20221031_Elfsborg_Helsingborg,236.7612400098128,1.58,1.27,6,5,15,11,56.7,43.3,1,3,0,0,7,10
2022-10-31,Norrkoping,Djurgarden,0,1,3.38,3.56,2.08,3.55,3.64,2.12,Allsvenskan,,20221031_Norrkoping_Djurgarden,-130.25418048935694,1.15,0.74,4,2,7,4,50.4,49.6,5,1,1,0,8,5
2022-11-06,AIK,Elfsborg,0,1,1.89,3.75,3.78,1.9,3.9,4.03,Allsvenskan,,20221106_AIK_Elfsborg,1.835011862028523,0.14,1.03,0,2,0,5,47.0,53.0,1,2,0,0,0,2
2022-11-06,Djurgarden,Mjallby,0,1,1.55,4.37,5.4,1.59,4.53,5.49,Allsvenskan,,20221106_Djurgarden_Mjallby,109.70942923188682,0.05,1.27,1,4,3,10,53.1,46.9,4,1,0,0,1,3
2022-11-06,Hacken,Norrkoping,3,3,1.64,4.44,4.51,1.63,4.7,4.93,Allsvenskan,,20221106_Hacken_Norrkoping,160.8848120128646,1.88,1.37,6,3,11,6,53.3,46.7,1,1,0,0,6,4
2022-11-06,Helsingborg,Hammarby,0,2,6.33,4.79,1.45,6.61,4.87,1.49,Allsvenskan,,20221106_Helsingborg_Hammarby,-270.5639525722456,0.27,1.45,2,4,4,7,40.7,59.3,0,2,0,0,3,3
2022-11-06,Kalmar,Sundsvall,4,0,1.1,9.63,23.81,1.11,10.62,29.08,Allsvenskan,,20221106_Kalmar_Sundsvall,257.5533234812124,1.32,0.94,4,2,8,6,52.4,47.6,1,2,0,0,6,2
2022-11-06,Malmo FF,Degerfors,2,2,1.64,4.32,4.59,1.67,4.52,4.79,Allsvenskan,,20221106_Malmo-FF_Degerfors,105.00589801053707,0.78,1.07,2,3,2,6,45.0,55.0,0,4,0,0,2,2
2022-11-06,Sirius,Varberg,2,3,2.52,3.75,2.52,2.61,3.98,2.54,Allsvenskan,,20221106_Sirius_Varberg,43.42290050239899,0.95,1.6,4,4,8,9,49.1,50.9,3,1,0,0,5,1
2022-11-06,Varnamo,Goteborg,1,4,2.91,3.71,2.24,3.05,3.83,2.28,Allsvenskan,,20221106_Varnamo_Goteborg,4.513801557507122,1.26,1.94,5,4,12,10,53.5,46.5,3,3,1,0,6,7
2022-11-10,Oster,Varberg,1,2,2.39,2.94,3.25,2.49,3.02,3.4,Allsvenskan,,20221110_Oster_Varberg,25.625653972364262,0.75,0.71,3,2,6,4,49.0,51.0,0,3,0,0,3,6
2022-11-13,Varberg,Oster,2,1,2.25,3.32,3.13,2.35,3.39,3.26,Allsvenskan,,20221113_Varberg_Oster,0.14130055871441982,1.32,0.88,2,2,4,2,58.9,41.1,0,0,0,0,5,4
2023-04-01,Djurgarden,Brommapojkarna,3,1,1.28,5.7,9.78,1.32,5.91,9.28,Allsvenskan,,20230401_Djurgarden_Brommapojkarna,167.09165345886208,0.51,0.7,3,3,5,6,55.1,44.9,4,2,0,0,5,5
2023-04-01,Malmo FF,Kalmar,1,0,1.62,3.97,5.28,1.63,4.11,5.76,Allsvenskan,,20230401_Malmo-FF_Kalmar,6.621496485368198,0.41,0.05,1,1,4,1,48.6,51.4,3,0,0,0,2,3
2023-04-02,Goteborg,Varnamo,0,1,1.98,3.53,3.7,2.04,3.61,3.82,Allsvenskan,,20230402_Goteborg_Varnamo,19.797983266427764,0.84,1.39,2,4,2,9,51.3,48.7,5,1,0,0,5,6
2023-04-02,Halmstad,AIK,2,1,3.27,3.16,2.29,3.26,3.19,2.46,Allsvenskan,,20230402_Halmstad_AIK,-116.152404490849,1.22,1.53,3,6,8,13,44.1,55.9,1,1,0,0,5,8
2023-04-02,Hammarby,Degerfors,3,1,1.29,5.66,9.75,1.31,6.01,9.69,Allsvenskan,,20230402_Hammarby_Degerfors,143.55944399969144,1.55,0.58,5,2,10,5,52.4,47.6,0,2,0,0,6,1
2023-04-02,Norrkoping,Sirius,1,1,1.88,3.65,3.94,1.93,3.71,4.14,Allsvenskan,,20230402_Norrkoping_Sirius,22.06476332089801,0.19,1.3,1,6,3,15,52.8,47.2,4,5,1,1,7,7
2023-04-03,Elfsborg,Hacken,0,2,2.39,3.66,2.72,2.43,3.8,2.83,Allsvenskan,,20230403_Elfsborg_Hacken,-36.92355486049678,0.76,1.14,3,4,5,8,40.3,59.7,1,2,0,0,4,6
2023-04-03,Mjallby,Varberg,2,2,1.69,3.51,5.46,1.68,3.67,6.04,Allsvenskan,,20230403_Mjallby_Varberg,60.04845183097973,1.39,1.64,6,6,13,12,44.9,55.1,4,0,0,0,4,4
2023-04-08,Brommapojkarna,Malmo FF,1,2,6.75,4.63,1.44,7.44,4.79,1.47,Allsvenskan,,20230408_Brommapojkarna_Malmo-FF,-144.82252238606975,1.03,1.32,3,2,7,5,41.3,58.7,3,3,0,0,5,6
2023-04-08,Degerfors,Halmstad,3,1,2.44,3.34,2.85,2.59,3.53,2.83,Allsvenskan,,20230408_Degerfors_Halmstad,-12.155154486217725,1.17,0.58,3,1,6,3,49.7,50.3,0,2,0,0,7,1
2023-04-09,Hacken,Hammarby,3,1,2.0,3.67,3.5,2.02,3.79,3.68,Allsvenskan,,20230409_Hacken_Hammarby,24.21262267060206,0.47,0.87,3,2,7,3,51.3,48.7,2,1,0,0,8,3
2023-04-09,Kalmar,Goteborg,2,0,1.99,3.32,3.93,2.05,3.38,4.03,Allsvenskan,,20230409_Kalmar_Goteborg,50.323968496194084,0.76,1.0,2,3,2,7,59.5,40.5,1,0,0,0,3,7
2023-04-09,Sirius,Djurgarden,0,0,3.66,3.5,2.0,3.73,3.62,2.05,Allsvenskan,,20230409_Sirius_Djurgarden,-152.7364626627823,1.54,0.14,5,0,12,0,44.3,55.7,2,1,0,0,6,0
2023-04-10,AIK,Norrkoping,0,3,1.7,3.76,4.9,1.72,3.81,5.11,Allsvenskan,,20230410_AIK_Norrkoping,76.18001320584517,0.05,1.32,0,5,2,11,48.2,51.8,4,1,0,0,0,7
2023-04-10,Varberg,Elfsborg,0,0,4.76,3.82,1.7,4.96,3.86,1.72,Allsvenskan,,20230410_Varberg_Elfsborg,-114.42134909214883,0.89,0.13,3,2,8,6,45.9,54.1,2,2,0,0,3,7
2023-04-10,Varnamo,Mjallby,0,1,2.83,3.18,2.54,2.94,3.25,2.63,Allsvenskan,,20230410_Varnamo_Mjallby,-23.398487938423614,1.01,0.66,5,3,12,7,43.1,56.9,5,2,0,0,11,5
2023-04-15,Elfsborg,Brommapojkarna,5,0,1.35,5.37,7.77,1.38,5.62,7.77,Allsvenskan,,20230415_Elfsborg_Brommapojkarna,155.2349628141626,2.09,0.41,7,1,14,3,55.3,44.7,3,1,0,0,10,5
2023-04-15,Hacken,Kalmar,1,3,1.64,4.05,4.98,1.67,4.15,5.3,Allsvenskan,,20230415_Hacken_Kalmar,96.39641323756132,1.15,1.84,3,6,7,15,49.6,50.4,0,1,0,1,2,9
2023-04-16,AIK,Hammarby,2,0,2.85,3.12,2.58,2.99,3.16,2.65,Allsvenskan,,20230416_AIK_Hammarby,-65.02557528292368,1.36,0.25,4,0,8,1,46.2,53.8,1,1,0,0,7,2
2023-04-16,Halmstad,Djurgarden,2,0,3.6,3.37,2.07,3.79,3.4,2.13,Allsvenskan,,20230416_Halmstad_Djurgarden,-147.88862423420665,0.86,0.67,2,1,4,3,45.3,54.7,0,1,0,0,6,4
2023-04-16,Mjallby,Degerfors,2,0,1.82,3.57,4.31,1.83,3.73,4.65,Allsvenskan,,20230416_Mjallby_Degerfors,64.29445192483695,1.03,1.21,3,3,6,5,55.6,44.4,1,1,0,0,4,4
2023-04-16,Norrkoping,Varnamo,2,1,1.7,3.82,4.8,1.72,3.96,5.04,Allsvenskan,,20230416_Norrkoping_Varnamo,4.050460533052956,0.41,1.35,2,5,4,11,56.8,43.2,2,1,0,0,1,5
2023-04-17,Goteborg,Malmo FF,0,1,4.61,3.74,1.74,4.67,3.94,1.78,Allsvenskan,,20230417_Goteborg_Malmo-FF,-98.03094343146745,0.76,1.24,3,3,7,6,42.7,57.3,5,1,1,0,1,6
2023-04-17,Varberg,Sirius,1,1,3.53,3.23,2.14,3.58,3.37,2.21,Allsvenskan,,20230417_Varberg_Sirius,8.58742226663253,1.15,0.83,3,1,6,0,49.0,51.0,0,2,0,0,3,1
2023-04-22,Degerfors,Elfsborg,1,2,3.51,3.67,2.0,3.68,3.76,2.04,Allsvenskan,,20230422_Degerfors_Elfsborg,-124.53958760910518,0.7,2.63,2,8,7,17,42.5,57.5,2,2,0,0,3,5
2023-04-22,Hammarby,Varberg,2,0,1.28,5.5,10.44,1.3,5.87,10.94,Allsvenskan,,20230422_Hammarby_Varberg,119.68763530156025,1.37,0.99,4,2,7,6,49.9,50.1,1,0,0,0,5,3
2023-04-23,Djurgarden,Goteborg,1,0,1.5,4.3,6.41,1.53,4.4,6.6,Allsvenskan,,20230423_Djurgarden_Goteborg,113.22461272538067,1.34,1.72,4,6,10,12,55.1,44.9,1,2,0,0,6,5
2023-04-23,Kalmar,Halmstad,2,0,1.75,3.48,4.98,1.79,3.48,5.42,Allsvenskan,,20230423_Kalmar_Halmstad,95.8431121164515,0.58,1.38,2,4,4,8,48.2,51.8,0,2,0,0,2,2
2023-04-23,Sirius,Hacken,1,4,3.46,3.67,2.01,3.74,3.86,1.99,Allsvenskan,,20230423_Sirius_Hacken,-173.1982657893643,1.4,0.93,4,4,8,7,43.8,56.2,2,3,1,0,2,5
2023-04-24,Brommapojkarna,Mjallby,2,0,3.03,3.24,2.38,3.16,3.34,2.43,Allsvenskan,,20230424_Brommapojkarna_Mjallby,-128.53613277442992,1.28,0.56,4,2,7,5,50.4,49.6,2,2,0,0,2,4
2023-04-24,Malmo FF,Norrkoping,3,0,1.45,4.49,6.83,1.47,4.71,7.11,Allsvenskan,,20230424_Malmo-FF_Norrkoping,86.17258950408814,1.39,0.85,3,2,7,4,50.2,49.8,1,1,0,0,4,4
2023-04-24,Varnamo,AIK,1,0,4.09,3.3,1.96,4.16,3.37,2.03,Allsvenskan,,20230424_Varnamo_AIK,-77.13103667675705,1.57,0.45,5,1,11,3,46.6,53.4,1,0,0,0,10,2
2023-04-29,AIK,Sirius,0,0,1.91,3.54,3.99,1.99,3.57,4.04,Allsvenskan,,20230429_AIK_Sirius,82.94411322332553,1.06,0.51,0,2,0,4,54.9,45.1,1,2,0,0,1,1
2023-04-29,Hacken,Varnamo,3,1,1.28,5.68,9.85,1.3,5.71,10.38,Allsvenskan,,20230429_Hacken_Varnamo,151.0804352094467,1.17,1.06,3,4,7,9,52.3,47.7,2,1,0,0,4,1
2023-04-29,Halmstad,Brommapojkarna,0,2,2.03,3.46,3.63,2.15,3.5,3.6,Allsvenskan,,20230429_Halmstad_Brommapojkarna,33.55477454482593,1.55,2.0,5,7,11,13,50.2,49.8,1,3,0,0,6,10
2023-04-29,Mjallby,Elfsborg,0,1,3.25,3.3,2.22,3.51,3.45,2.21,Allsvenskan,,20230429_Mjallby_Elfsborg,-64.75765686556679,1.74,0.67,6,1,14,1,43.4,56.6,1,0,0,0,10,3
2023-04-30,Degerfors,Djurgarden,2,1,3.82,3.62,1.93,3.88,3.74,1.99,Allsvenskan,,20230430_Degerfors_Djurgarden,-144.28454077301535,0.45,0.18,2,1,7,1,43.9,56.1,1,0,0,0,4,3
2023-04-30,Malmo FF,Hammarby,4,2,1.74,3.69,4.72,1.78,3.71,5.07,Allsvenskan,,20230430_Malmo-FF_Hammarby,1.2877550626617449,2.21,1.37,7,4,16,7,58.5,41.5,2,0,0,0,9,7
2023-04-30,Varberg,Kalmar,0,0,3.66,3.2,2.12,3.81,3.27,2.18,Allsvenskan,,20230430_Varberg_Kalmar,-116.09401445898811,0.29,0.24,0,0,0,0,46.0,54.0,1,0,0,0,1,3
2023-05-01,Goteborg,Norrkoping,1,1,2.31,3.32,3.07,2.37,3.43,3.18,Allsvenskan,,20230501_Goteborg_Norrkoping,-28.39966786746345,0.22,0.65,1,3,0,6,46.5,53.5,0,1,0,0,1,5
2023-05-03,Elfsborg,Halmstad,6,1,1.44,4.48,7.16,1.45,4.74,7.7,Allsvenskan,,20230503_Elfsborg_Halmstad,150.1883688093808,1.83,1.75,6,7,14,16,63.3,36.7,0,2,0,0,10,8
2023-05-03,Hacken,Djurgarden,4,1,1.84,3.81,3.99,1.88,3.96,4.09,Allsvenskan,,20230503_Hacken_Djurgarden,69.54791295336736,2.34,0.37,8,2,19,3,49.5,50.5,1,2,0,0,8,4
2023-05-03,Kalmar,Sirius,2,2,1.95,3.35,4.03,2.01,3.41,4.21,Allsvenskan,,20230503_Kalmar_Sirius,115.8563560014652,1.94,0.05,6,2,13,3,45.3,54.7,2,4,0,0,3,3
2023-05-03,Mjallby,AIK,0,0,2.76,2.99,2.77,2.98,3.04,2.79,Allsvenskan,,20230503_Mjallby_AIK,-18.285629398322044,0.62,0.84,2,2,4,4,40.3,59.7,0,2,0,0,2,6
2023-05-04,Goteborg,Degerfors,6,0,1.76,3.82,4.39,1.79,3.96,4.56,Allsvenskan,,20230504_Goteborg_Degerfors,-1.1210866299711597,2.02,1.11,8,3,18,6,54.0,46.0,2,1,0,0,7,4
2023-05-04,Norrkoping,Hammarby,2,0,3.14,3.3,2.29,3.2,3.42,2.37,Allsvenskan,,20230504_Norrkoping_Hammarby,-92.07456091267863,1.32,0.69,4,2,10,3,49.3,50.7,3,2,1,0,7,3
2023-05-04,Varberg,Malmo FF,0,6,7.29,4.39,1.44,8.0,4.47,1.47,Allsvenskan,,20230504_Varberg_Malmo-FF,-145.10853307301022,0.05,1.61,0,6,0,14,44.4,55.6,1,2,0,0,1,9
2023-05-04,Varnamo,Brommapojkarna,0,1,1.97,3.43,3.87,1.99,3.51,4.15,Allsvenskan,,20230504_Varnamo_Brommapojkarna,39.217691400854164,0.74,0.87,3,2,4,4,45.7,54.3,1,2,0,0,4,2
2023-05-07,Halmstad,Hacken,1,0,6.1,4.52,1.49,6.4,4.79,1.5,Allsvenskan,,20230507_Halmstad_Hacken,-213.97217771854844,1.4,1.19,5,3,11,7,42.9,57.1,2,2,0,0,6,9
2023-05-07,Malmo FF,AIK,3,1,1.5,4.15,6.55,1.53,4.22,6.89,Allsvenskan,,20230507_Malmo-FF_AIK,83.17522587301391,2.41,1.66,7,5,15,11,54.7,45.3,2,1,0,0,5,7
2023-05-08,Brommapojkarna,Goteborg,0,0,2.8,3.46,2.42,2.87,3.66,2.47,Allsvenskan,,20230508_Brommapojkarna_Goteborg,-21.64062036031828,0.66,0.36,3,2,8,3,46.9,53.1,0,2,0,0,8,6
2023-05-08,Degerfors,Norrkoping,0,2,2.74,3.39,2.5,2.87,3.47,2.56,Allsvenskan,,20230508_Degerfors_Norrkoping,-52.46760790095573,0.47,1.06,1,2,3,6,44.9,55.1,1,1,1,0,2,5
2023-05-08,Djurgarden,Kalmar,3,1,1.76,3.6,4.83,1.8,3.69,4.9,Allsvenskan,,20230508_Djurgarden_Kalmar,-0.7624387239973203,2.03,1.25,9,3,20,5,50.2,49.8,1,2,0,1,8,2
2023-05-08,Sirius,Elfsborg,3,4,3.21,3.6,2.14,3.36,3.77,2.15,Allsvenskan,,20230508_Sirius_Elfsborg,-146.62457950233625,1.82,1.78,7,6,16,15,40.4,59.6,2,1,0,0,10,7
2023-05-09,Hammarby,Mjallby,0,0,1.67,3.74,5.26,1.69,3.85,5.54,Allsvenskan,,20230509_Hammarby_Mjallby,52.63181156035307,0.77,0.54,4,0,7,0,47.5,52.5,0,2,0,0,4,0
2023-05-09,Varnamo,Varberg,3,1,1.76,3.41,5.06,1.79,3.53,5.33,Allsvenskan,,20230509_Varnamo_Varberg,11.57165668947323,1.29,1.58,5,5,11,8,47.2,52.8,1,2,0,0,9,8
2023-05-13,Hacken,Degerfors,6,1,1.2,7.22,11.45,1.21,7.72,11.99,Allsvenskan,,20230513_Hacken_Degerfors,193.69245079131406,2.27,0.85,8,3,18,6,61.8,38.2,1,2,0,0,8,4
2023-05-13,Varberg,Norrkoping,1,3,3.08,3.19,2.37,3.18,3.31,2.43,Allsvenskan,,20230513_Varberg_Norrkoping,-72.00541428672886,1.24,1.08,3,3,6,6,46.3,53.7,1,2,0,0,9,2
2023-05-14,Elfsborg,Varnamo,2,0,1.5,4.43,5.98,1.51,4.58,6.34,Allsvenskan,,20230514_Elfsborg_Varnamo,134.2928478935596,1.01,0.19,4,0,7,1,56.7,43.3,2,5,1,0,4,4
2023-05-14,Halmstad,Malmo FF,0,1,7.03,4.41,1.45,7.71,4.58,1.46,Allsvenskan,,20230514_Halmstad_Malmo-FF,-164.39812819660142,0.58,1.8,2,5,2,12,48.7,51.3,2,7,0,1,1,7
2023-05-14,Hammarby,Djurgarden,4,3,2.43,3.35,2.86,2.48,3.4,3.02,Allsvenskan,,20230514_Hammarby_Djurgarden,-12.766656569195447,1.36,0.85,4,3,10,7,55.2,44.8,2,3,0,0,3,11
2023-05-14,Kalmar,Brommapojkarna,1,3,1.72,3.62,4.95,1.74,3.73,5.38,Allsvenskan,,20230514_Kalmar_Brommapojkarna,99.93687161915932,0.68,0.85,2,3,4,7,56.6,43.4,3,4,0,0,1,0
2023-05-14,Mjallby,Sirius,3,0,2.49,3.09,3.0,2.59,3.13,3.11,Allsvenskan,,20230514_Mjallby_Sirius,64.82727607056904,1.21,0.28,3,1,7,4,56.2,43.8,2,1,1,1,3,3
2023-05-15,AIK,Goteborg,2,2,1.72,3.57,5.16,1.72,3.73,5.55,Allsvenskan,,20230515_AIK_Goteborg,47.32780942779459,1.62,0.05,5,2,8,5,53.2,46.8,1,1,0,0,7,3
2023-05-20,Degerfors,AIK,2,1,3.6,3.49,2.03,3.86,3.67,2.01,Allsvenskan,,20230520_Degerfors_AIK,-84.04119685940236,1.29,1.61,2,7,4,16,49.3,50.7,2,2,0,0,3,11
2023-05-21,Brommapojkarna,Varberg,2,1,1.95,3.49,3.85,1.97,3.61,4.08,Allsvenskan,,20230521_Brommapojkarna_Varberg,36.30610955708744,0.53,0.05,2,1,4,3,50.9,49.1,0,3,0,0,4,2
2023-05-21,Djurgarden,Mjallby,2,0,1.56,3.93,6.09,1.6,4.02,6.31,Allsvenskan,,20230521_Djurgarden_Mjallby,39.563030175633685,1.71,0.81,6,3,12,9,51.8,48.2,1,4,0,0,6,7
2023-05-21,Goteborg,Hammarby,1,1,2.91,3.3,2.42,3.01,3.39,2.5,Allsvenskan,,20230521_Goteborg_Hammarby,-101.12891222540884,1.13,0.77,3,3,4,6,45.1,54.9,1,3,0,0,4,2
2023-05-21,Malmo FF,Hacken,2,2,1.72,4.08,4.3,1.75,4.33,4.38,Allsvenskan,,20230521_Malmo-FF_Hacken,-11.63206400534591,1.6,1.09,5,5,12,12,46.4,53.6,2,3,0,0,7,6
2023-05-21,Sirius,Halmstad,1,2,1.87,3.61,4.02,1.95,3.69,4.06,Allsvenskan,,20230521_Sirius_Halmstad,-11.080576464344176,1.34,0.64,5,2,10,5,46.5,53.5,1,1,0,0,2,3
2023-05-22,Norrkoping,Elfsborg,1,2,3.07,3.55,2.2,3.22,3.66,2.25,Allsvenskan,,20230522_Norrkoping_Elfsborg,-95.09168102735475,1.45,1.62,4,3,9,7,43.8,56.2,1,0,0,0,5,4
2023-05-22,Varnamo,Kalmar,0,1,2.74,3.09,2.69,2.83,3.21,2.76,Allsvenskan,,20230522_Varnamo_Kalmar,-68.78290656807485,0.05,0.42,0,1,0,1,44.9,55.1,0,1,0,0,4,3
2023-05-24,Djurgarden,Hacken,1,0,2.59,3.61,2.52,2.7,3.7,2.59,Allsvenskan,,20230524_Djurgarden_Hacken,-65.52801046918398,0.4,0.47,1,2,3,4,43.1,56.9,3,3,0,0,5,6
2023-05-25,Degerfors,Hammarby,2,2,3.16,3.42,2.23,3.18,3.47,2.35,Allsvenskan,,20230525_Degerfors_Hammarby,-122.84669581569915,0.14,1.12,2,3,3,4,47.1,52.9,3,2,1,0,3,1
2023-05-27,Brommapojkarna,Sirius,1,2,2.49,3.45,2.71,2.54,3.57,2.83,Allsvenskan,,20230527_Brommapojkarna_Sirius,50.904644303594296,0.92,2.27,3,7,6,16,57.9,42.1,0,0,0,0,5,12
2023-05-27,Mjallby,Halmstad,0,2,1.96,3.29,4.09,2.0,3.3,4.42,Allsvenskan,,20230527_Mjallby_Halmstad,51.0630077005153,1.57,1.52,5,5,11,12,52.9,47.1,3,5,1,0,8,11
2023-05-28,Djurgarden,AIK,1,0,1.83,3.5,4.4,1.88,3.57,4.57,Allsvenskan,,20230528_Djurgarden_AIK,84.65905976093791,0.05,1.02,1,2,4,5,52.2,47.8,0,1,0,0,3,2
2023-05-28,Elfsborg,Malmo FF,3,0,2.61,3.54,2.54,2.65,3.7,2.63,Allsvenskan,,20230528_Elfsborg_Malmo-FF,-2.083068009967974,1.01,0.97,4,2,10,3,52.2,47.8,1,1,0,0,7,1
2023-05-28,Kalmar,Norrkoping,2,1,2.22,3.22,3.35,2.27,3.33,3.48,Allsvenskan,,20230528_Kalmar_Norrkoping,32.87256731981347,1.85,1.32,6,3,13,5,56.6,43.4,1,3,0,0,6,6
2023-05-29,Degerfors,Varberg,1,1,1.64,4.09,4.98,1.63,4.27,5.15,Allsvenskan,,20230529_Degerfors_Varberg,32.428742863625985,1.13,1.09,2,4,3,10,53.3,46.7,1,1,0,0,2,6
2023-05-29,Hacken,Goteborg,4,1,1.41,4.97,6.65,1.42,5.34,7.12,Allsvenskan,,20230529_Hacken_Goteborg,147.54724721893945,1.09,0.81,4,5,9,9,59.4,40.6,4,4,0,0,6,6
2023-05-29,Hammarby,Varnamo,0,2,1.68,3.92,4.77,1.73,4.06,4.86,Allsvenskan,,20230529_Hammarby_Varnamo,109.28962481776944,1.45,0.05,4,2,10,4,58.1,41.9,2,2,0,0,1,5
2023-06-03,Goteborg,Mjallby,0,1,2.0,3.34,3.88,2.03,3.4,4.15,Allsvenskan,,20230603_Goteborg_Mjallby,-28.85276654474569,0.61,0.44,1,1,2,2,44.1,55.9,1,1,0,0,1,5
2023-06-03,Norrkoping,Brommapojkarna,0,2,1.93,3.69,3.73,1.96,3.81,3.88,Allsvenskan,,20230603_Norrkoping_Brommapojkarna,38.127220485326234,0.49,1.48,1,5,2,10,55.0,45.0,0,0,0,0,3,5
2023-06-04,AIK,Kalmar,1,1,2.18,3.06,3.65,2.23,3.13,3.85,Allsvenskan,,20230604_AIK_Kalmar,-63.22919831890249,2.28,0.97,8,3,17,8,45.3,54.7,4,1,0,0,8,8
2023-06-04,Elfsborg,Djurgarden,1,1,1.88,3.64,3.96,1.84,3.82,4.46,Allsvenskan,,20230604_Elfsborg_Djurgarden,41.31873290032104,0.96,1.94,3,5,8,10,52.4,47.6,2,6,0,0,7,7
2023-06-04,Halmstad,Hammarby,0,0,3.08,3.28,2.33,3.19,3.38,2.39,Allsvenskan,,20230604_Halmstad_Hammarby,-76.5022292789854,1.85,0.86,7,3,16,8,45.4,54.6,1,3,0,0,6,6
2023-06-04,Sirius,Varnamo,2,0,1.91,3.64,3.83,1.92,3.8,4.09,Allsvenskan,,20230604_Sirius_Varnamo,-32.843307887975925,1.37,0.05,4,0,8,2,47.7,52.3,3,0,0,0,3,2
2023-06-05,Malmo FF,Degerfors,5,0,1.24,6.39,10.94,1.25,6.98,10.59,Allsvenskan,,20230605_Malmo-FF_Degerfors,164.43818581177652,2.06,0.34,7,0,13,0,56.3,43.7,2,1,0,0,3,2
2023-06-05,Varberg,Hacken,0,2,6.44,4.79,1.44,6.86,4.97,1.46,Allsvenskan,,20230605_Varberg_Hacken,-210.48697097123863,0.69,1.28,2,4,3,10,35.4,64.6,2,4,0,0,3,4
2023-06-09,Hammarby,Brommapojkarna,2,1,1.6,4.08,5.29,1.6,4.29,5.74,Allsvenskan,,20230609_Hammarby_Brommapojkarna,71.49776687236954,1.29,1.18,4,3,9,8,58.1,41.9,2,2,0,0,5,4
2023-06-10,Kalmar,Degerfors,2,1,1.65,3.91,5.09,1.65,4.11,5.48,Allsvenskan,,20230610_Kalmar_Degerfors,110.03507828430611,1.25,0.05,3,1,6,3,51.7,48.3,0,1,0,0,3,3
2023-06-10,Varberg,Halmstad,1,2,2.76,3.04,2.71,2.88,3.08,2.83,Allsvenskan,,20230610_Varberg_Halmstad,-61.95846987254572,1.15,1.37,3,5,6,10,46.4,53.6,0,1,0,0,3,4
2023-06-10,Varnamo,Malmo FF,1,3,5.28,3.88,1.64,5.47,3.91,1.69,Allsvenskan,,20230610_Varnamo_Malmo-FF,-162.09923045180562,1.2,1.7,4,5,9,12,39.8,60.2,3,7,0,0,13,6
2023-06-11,AIK,Elfsborg,1,2,3.88,3.53,1.93,4.16,3.65,1.94,Allsvenskan,,20230611_AIK_Elfsborg,-140.6623355772963,0.94,1.27,2,4,6,9,44.8,55.2,1,1,0,0,3,3
2023-06-11,Djurgarden,Norrkoping,2,2,1.52,4.2,6.2,1.55,4.33,6.4,Allsvenskan,,20230611_Djurgarden_Norrkoping,109.03545520875173,1.25,1.7,3,4,7,8,54.9,45.1,1,1,0,0,5,4
2023-06-11,Hacken,Mjallby,3,0,1.39,4.96,7.15,1.4,5.3,7.63,Allsvenskan,,20230611_Hacken_Mjallby,127.573833416968,1.51,1.38,5,5,10,12,49.7,50.3,2,2,0,0,9,8
2023-06-11,Sirius,Goteborg,2,0,2.11,3.57,3.28,2.17,3.75,3.34,Allsvenskan,,20230611_Sirius_Goteborg,-4.892137471834758,1.21,0.54,2,1,4,2,47.1,52.9,2,0,0,0,3,3
2023-07-01,Brommapojkarna,AIK,0,2,3.17,3.36,2.24,3.26,3.45,2.32,Allsvenskan,,20230701_Brommapojkarna_AIK,-20.52905899638904,0.66,0.82,2,2,6,3,46.8,53.2,3,0,1,0,3,1
2023-07-01,Degerfors,Varnamo,0,2,2.54,3.36,2.71,2.71,3.45,2.71,Allsvenskan,,20230701_Degerfors_Varnamo,-17.305113004951863,1.32,0.43,3,3,9,8,54.4,45.6,2,2,0,0,3,6
2023-07-01,Malmo FF,Sirius,3,0,1.3,5.63,9.04,1.31,5.97,9.96,Allsvenskan,,20230701_Malmo-FF_Sirius,163.28660026672856,1.17,1.09,3,4,5,9,59.7,40.3,1,3,0,0,4,6
2023-07-02,Djurgarden,Varberg,2,0,1.23,6.18,12.67,1.23,6.7,14.01,Allsvenskan,,20230702_Djurgarden_Varberg,188.53701945011767,1.36,0.9,3,3,6,6,58.4,41.6,1,1,0,0,6,2
2023-07-02,Halmstad,Goteborg,0,0,2.33,3.23,3.14,2.35,3.32,3.33,Allsvenskan,,20230702_Halmstad_Goteborg,40.94942225471391,0.44,0.05,1,0,3,3,47.1,52.9,0,2,0,0,4,3
2023-07-02,Norrkoping,Hacken,2,2,4.82,4.4,1.6,5.14,4.69,1.6,Allsvenskan,,20230702_Norrkoping_Hacken,-152.3670458109409,0.55,1.45,2,2,3,6,47.3,52.7,1,3,0,0,1,6
2023-07-03,Elfsborg,Hammarby,2,0,1.54,4.31,5.63,1.56,4.49,5.93,Allsvenskan,,20230703_Elfsborg_Hammarby,85.34559518385481,1.67,0.28,4,2,9,5,53.1,46.9,4,1,0,0,6,2
2023-07-03,Mjallby,Kalmar,1,1,2.73,2.93,2.83,2.87,2.96,2.94,Allsvenskan,,20230703_Mjallby_Kalmar,-61.204891392497984,0.46,0.89,1,3,1,8,44.7,55.3,1,3,0,0,2,3
2023-07-08,AIK,Hacken,1,2,3.03,3.49,2.26,3.13,3.52,2.35,Allsvenskan,,20230708_AIK_Hacken,-140.312773942411,1.11,1.11,2,4,4,9,42.5,57.5,0,3,0,0,3,5
2023-07-08,Brommapojkarna,Degerfors,1,2,1.65,4.09,4.78,1.66,4.28,5.13,Allsvenskan,,20230708_Brommapojkarna_Degerfors,31.638844735888142,1.41,1.1,5,4,8,10,54.5,45.5,1,4,0,0,5,1
2023-07-08,Varnamo,Djurgarden,1,2,3.33,3.32,2.19,3.49,3.38,2.24,Allsvenskan,,20230708_Varnamo_Djurgarden,-135.3372851539309,1.5,1.85,4,5,8,11,41.2,58.8,2,3,0,0,5,2
2023-07-09,Kalmar,Elfsborg,0,4,3.53,3.5,2.04,3.83,3.6,2.04,Allsvenskan,,20230709_Kalmar_Elfsborg,-92.02489656491298,1.82,2.07,3,8,8,18,43.2,56.8,0,4,0,0,5,5
2023-07-09,Malmo FF,Mjallby,1,2,1.33,5.0,9.32,1.35,5.33,9.82,Allsvenskan,,20230709_Malmo-FF_Mjallby,132.13030979211567,1.55,0.95,4,3,8,8,53.4,46.6,0,0,0,1,8,5
2023-07-09,Sirius,Hammarby,1,2,2.86,3.48,2.38,2.92,3.59,2.46,Allsvenskan,,20230709_Sirius_Hammarby,-90.11914653659824,1.61,0.74,4,2,10,4,41.7,58.3,1,1,0,1,3,3
2023-07-10,Goteborg,Varberg,1,2,1.68,3.73,5.12,1.72,3.76,5.4,Allsvenskan,,20230710_Goteborg_Varberg,48.24181420622676,0.6,1.71,2,7,0,14,54.5,45.5,2,2,0,0,3,7
2023-07-10,Norrkoping,Halmstad,1,2,2.04,3.42,3.63,2.09,3.48,3.9,Allsvenskan,,20230710_Norrkoping_Halmstad,11.429342612343362,0.76,1.72,2,5,3,9,47.7,52.3,0,2,0,0,3,5
2023-07-15,Degerfors,Sirius,0,3,2.65,3.52,2.52,2.74,3.59,2.61,Allsvenskan,,20230715_Degerfors_Sirius,-12.283618341765532,0.76,1.29,4,4,8,10,46.5,53.5,4,1,0,0,9,9
2023-07-15,Hacken,Brommapojkarna,4,2,1.33,5.57,7.76,1.34,6.0,8.41,Allsvenskan,,20230715_Hacken_Brommapojkarna,203.91625313596683,2.03,1.18,5,5,11,12,59.4,40.6,1,1,0,0,7,5
2023-07-15,Halmstad,Varnamo,2,2,2.54,3.12,2.89,2.65,3.03,2.92,Allsvenskan,,20230715_Halmstad_Varnamo,40.99882309274085,1.39,1.07,5,4,10,9,52.2,47.8,0,0,0,0,9,3
2023-07-16,Elfsborg,Goteborg,1,1,1.35,5.11,8.09,1.37,5.44,8.41,Allsvenskan,,20230716_Elfsborg_Goteborg,227.53063454805897,0.62,1.14,3,3,4,8,58.1,41.9,1,3,0,0,7,3
2023-07-16,Hammarby,Kalmar,3,1,1.67,3.91,4.89,1.69,4.08,5.17,Allsvenskan,,20230716_Hammarby_Kalmar,6.308224381822811,1.19,1.65,3,5,3,12,50.2,49.8,0,4,0,1,3,5
2023-07-16,Mjallby,Norrkoping,1,2,2.18,3.22,3.45,2.23,3.3,3.61,Allsvenskan,,20230716_Mjallby_Norrkoping,35.12321322805633,0.76,1.84,3,6,7,12,50.8,49.2,3,2,0,0,7,7
2023-07-17,Djurgarden,Malmo FF,2,0,2.48,3.35,2.78,2.58,3.39,2.9,Allsvenskan,,20230717_Djurgarden_Malmo-FF,-11.746873677516078,1.7,0.85,4,3,9,5,42.4,57.6,0,1,0,0,6,5
2023-07-17,Varberg,AIK,1,2,3.95,3.37,1.98,4.02,3.47,2.03,Allsvenskan,,20230717_Varberg_AIK,-78.90393462314955,1.13,0.86,3,3,5,8,50.4,49.6,1,2,1,0,7,6
2023-07-21,Brommapojkarna,Hammarby,1,0,2.96,3.52,2.29,3.09,3.58,2.36,Allsvenskan,,20230721_Brommapojkarna_Hammarby,-132.30421533765434,1.44,0.29,4,1,7,1,43.0,57.0,3,1,0,0,4,2
2023-07-22,Djurgarden,Elfsborg,0,4,2.23,3.46,3.12,2.24,3.58,3.3,Allsvenskan,,20230722_Djurgarden_Elfsborg,-34.60620453437673,0.05,0.98,0,4,0,10,44.6,55.4,1,1,0,0,5,11
2023-07-22,Varnamo,Hacken,1,0,4.47,4.19,1.68,4.83,4.41,1.68,Allsvenskan,,20230722_Varnamo_Hacken,-194.1615365553771,0.49,0.05,3,0,6,0,52.0,48.0,0,1,0,0,9,1
2023-07-23,AIK,Malmo FF,0,0,3.05,3.25,2.36,3.13,3.31,2.46,Allsvenskan,,20230723_AIK_Malmo-FF,-105.6668138392738,0.48,1.82,2,8,6,17,44.5,55.5,3,1,0,1,6,6
2023-07-23,Goteborg,Halmstad,0,0,2.06,3.34,3.68,2.06,3.42,3.99,Allsvenskan,,20230723_Goteborg_Halmstad,-55.87505126284623,0.36,0.69,0,3,1,7,51.5,48.5,2,2,0,0,3,2
2023-07-23,Kalmar,Varberg,1,0,1.86,3.46,4.33,1.88,3.57,4.59,Allsvenskan,,20230723_Kalmar_Varberg,136.18714745682087,1.26,0.66,4,2,8,5,57.2,42.8,0,1,0,0,5,3
2023-07-23,Norrkoping,Degerfors,1,0,1.7,4.06,4.5,1.75,4.2,4.57,Allsvenskan,,20230723_Norrkoping_Degerfors,71.89628191567067,1.51,0.59,4,1,9,1,49.8,50.2,2,2,0,0,7,2
2023-07-24,Sirius,Mjallby,2,3,2.25,3.3,3.21,2.35,3.35,3.3,Allsvenskan,,20230724_Sirius_Mjallby,-45.16605159564074,1.32,1.08,6,3,15,7,49.3,50.7,4,1,0,0,2,1
2023-07-29,Degerfors,Brommapojkarna,2,0,2.87,3.59,2.31,2.94,3.68,2.4,Allsvenskan,,20230729_Degerfors_Brommapojkarna,-37.279838826167406,0.95,0.27,3,0,6,0,48.8,51.2,0,1,0,0,3,0
2023-07-29,Hacken,Elfsborg,3,1,2.27,3.84,2.78,2.29,4.04,2.91,Allsvenskan,,20230729_Hacken_Elfsborg,-30.769139772376548,0.42,0.7,3,1,6,2,51.6,48.4,0,2,0,0,6,1
2023-07-29,Halmstad,Varberg,0,5,2.02,3.34,3.75,2.03,3.37,4.16,Allsvenskan,,20230729_Halmstad_Varberg,98.63558978379046,1.09,1.56,2,6,3,11,56.9,43.1,2,2,0,0,6,6
2023-07-30,Goteborg,Kalmar,2,0,2.22,3.19,3.36,2.3,3.2,3.56,Allsvenskan,,20230730_Goteborg_Kalmar,-104.64628861422943,1.64,1.02,6,3,12,5,39.6,60.4,0,0,0,0,8,2
2023-07-30,Hammarby,Norrkoping,2,1,1.99,3.56,3.61,2.01,3.7,3.84,Allsvenskan,,20230730_Hammarby_Norrkoping,45.86280167566588,0.31,1.42,2,5,2,11,45.7,54.3,0,1,0,0,5,6
2023-07-30,Mjallby,Djurgarden,0,1,3.31,3.17,2.26,3.56,3.2,2.3,Allsvenskan,,20230730_Mjallby_Djurgarden,-92.02930690736093,0.91,1.15,2,5,4,13,44.5,55.5,1,1,0,0,2,11
2023-07-31,Malmo FF,Varnamo,3,1,1.31,5.32,9.28,1.33,5.65,9.94,Allsvenskan,,20230731_Malmo-FF_Varnamo,126.73961592544993,2.2,0.05,5,1,10,3,62.0,38.0,2,1,0,0,9,0
2023-07-31,Sirius,AIK,0,1,3.23,3.48,2.16,3.51,3.59,2.15,Allsvenskan,,20230731_Sirius_AIK,-53.711549827033195,1.31,0.89,7,4,16,9,50.6,49.4,2,1,0,0,6,7
2023-08-05,Brommapojkarna,Varnamo,0,2,2.21,3.49,3.12,2.28,3.56,3.25,Allsvenskan,,20230805_Brommapojkarna_Varnamo,-28.290822237339626,1.03,2.09,3,5,5,14,47.8,52.2,3,2,0,0,5,6
2023-08-06,Elfsborg,Sirius,1,0,1.32,5.54,8.39,1.31,6.08,9.46,Allsvenskan,,20230806_Elfsborg_Sirius,211.41597127466184,1.38,1.21,2,4,5,9,57.8,42.2,0,0,0,0,5,7
2023-08-06,Kalmar,AIK,1,1,3.18,3.11,2.35,3.41,3.09,2.44,Allsvenskan,,20230806_Kalmar_AIK,16.955640020874853,0.93,0.71,1,1,2,1,49.5,50.5,1,4,0,0,5,1
2023-08-07,Malmo FF,Halmstad,3,0,1.31,5.38,9.26,1.32,5.71,9.78,Allsvenskan,,20230807_Malmo-FF_Halmstad,131.6836320930397,0.71,0.98,3,4,6,7,54.0,46.0,4,1,0,0,5,5
2023-08-07,Norrkoping,Goteborg,3,0,2.22,3.31,3.26,2.3,3.37,3.37,Allsvenskan,,20230807_Norrkoping_Goteborg,38.83795219571789,1.88,0.97,7,2,16,3,50.9,49.1,2,2,0,0,2,3
2023-08-07,Varberg,Mjallby,0,3,2.88,3.08,2.58,3.06,3.07,2.66,Allsvenskan,,20230807_Varberg_Mjallby,-96.74975631220263,0.8,2.21,4,7,9,19,45.6,54.4,0,2,0,0,10,8
2023-08-12,AIK,Brommapojkarna,2,2,1.68,3.94,4.76,1.68,4.26,5.01,Allsvenskan,,20230812_AIK_Brommapojkarna,86.02242558187618,0.4,2.29,2,8,4,18,55.1,44.9,1,0,0,0,3,7
2023-08-13,Goteborg,Djurgarden,2,1,3.49,3.23,2.16,3.66,3.27,2.22,Allsvenskan,,20230813_Goteborg_Djurgarden,-170.4525545743004,0.72,2.0,2,6,4,14,41.1,58.9,2,1,0,0,4,8
2023-08-13,Hacken,Varberg,2,0,1.31,5.85,8.0,1.32,6.37,8.36,Allsvenskan,,20230813_Hacken_Varberg,244.92933846672395,0.55,1.18,3,4,7,8,62.8,37.2,1,4,0,0,2,11
2023-08-13,Halmstad,Norrkoping,1,3,2.46,3.24,2.89,2.54,3.33,2.97,Allsvenskan,,20230813_Halmstad_Norrkoping,-35.93856016698419,0.67,0.46,2,3,4,6,47.8,52.2,2,2,0,0,7,2
2023-08-13,Hammarby,Elfsborg,1,0,3.15,3.44,2.22,3.26,3.48,2.3,Allsvenskan,,20230813_Hammarby_Elfsborg,-93.99047154283994,0.86,0.82,3,3,6,6,39.4,60.6,2,0,0,0,4,3
2023-08-13,Sirius,Kalmar,3,0,2.05,3.53,3.45,2.08,3.66,3.64,Allsvenskan,,20230813_Sirius_Kalmar,-95.88416395650893,0.77,0.71,3,4,8,9,45.8,54.2,2,5,0,0,2,7
2023-08-14,Mjallby,Malmo FF,1,0,4.47,3.59,1.79,4.71,3.71,1.83,Allsvenskan,,20230814_Mjallby_Malmo-FF,-101.8489049546049,2.11,0.67,6,2,13,6,46.6,53.4,1,2,1,0,8,5
2023-08-14,Varnamo,Degerfors,0,1,1.77,3.83,4.29,1.86,3.94,4.22,Allsvenskan,,20230814_Varnamo_Degerfors,50.03032224109097,0.06,0.31,0,1,3,2,50.3,49.7,1,2,0,0,3,2
2023-08-19,Brommapojkarna,Halmstad,3,1,1.97,3.56,3.71,2.01,3.67,3.86,Allsvenskan,,20230819_Brommapojkarna_Halmstad,-28.652932687848534,1.39,1.13,3,3,7,8,45.1,54.9,1,2,0,0,3,4
2023-08-19,Degerfors,Goteborg,1,2,2.91,3.41,2.36,3.07,3.47,2.41,Allsvenskan,,20230819_Degerfors_Goteborg,-21.52987732336601,0.75,1.69,1,5,1,12,47.3,52.7,1,0,1,0,6,2
2023-08-19,Varberg,Varnamo,0,3,3.03,3.27,2.36,3.17,3.37,2.41,Allsvenskan,,20230819_Varberg_Varnamo,-68.09051530066586,0.61,0.5,2,3,4,6,53.7,46.3,1,1,0,0,3,6
2023-08-20,Elfsborg,Mjallby,2,0,1.48,4.32,6.68,1.49,4.51,7.11,Allsvenskan,,20230820_Elfsborg_Mjallby,110.2379140808398,0.97,0.06,2,0,4,0,56.1,43.9,2,0,0,0,3,2
2023-08-20,Hacken,Sirius,3,2,1.5,4.87,5.38,1.53,5.16,5.49,Allsvenskan,,20230820_Hacken_Sirius,201.72963615264234,1.21,0.96,4,2,7,5,55.7,44.3,1,1,0,0,6,1
2023-08-20,Kalmar,Hammarby,0,0,2.8,3.22,2.56,2.81,3.3,2.71,Allsvenskan,,20230820_Kalmar_Hammarby,-62.90708194510671,1.54,0.18,5,1,10,3,49.6,50.4,1,4,0,0,2,2
2023-08-20,Malmo FF,Djurgarden,0,0,1.56,4.12,5.68,1.59,4.23,6.07,Allsvenskan,,20230820_Malmo-FF_Djurgarden,2.810304658335781,0.87,0.32,3,1,5,1,51.9,48.1,1,2,0,0,2,1
2023-08-21,Norrkoping,AIK,3,1,2.47,3.37,2.8,2.5,3.4,2.99,Allsvenskan,,20230821_Norrkoping_AIK,5.919036573996891,1.32,0.66,4,1,7,4,60.3,39.7,1,0,0,0,3,2
2023-08-27,Brommapojkarna,Kalmar,2,3,2.13,3.43,3.4,2.19,3.47,3.54,Allsvenskan,,20230827_Brommapojkarna_Kalmar,-72.82765887766436,1.68,1.55,6,3,13,5,47.0,53.0,0,2,0,0,6,4
2023-08-27,Djurgarden,Degerfors,4,1,1.31,5.47,9.37,1.32,5.85,9.45,Allsvenskan,,20230827_Djurgarden_Degerfors,168.4241726901123,1.56,1.28,6,3,11,8,51.6,48.4,2,4,0,0,6,8
2023-08-27,Goteborg,Hacken,4,2,3.38,3.72,2.04,3.41,3.84,2.11,Allsvenskan,,20230827_Goteborg_Hacken,-181.79201151859615,1.76,0.62,5,2,10,3,34.6,65.4,0,0,0,0,7,4
2023-08-27,Mjallby,Hammarby,0,3,2.96,3.02,2.58,3.09,3.03,2.68,Allsvenskan,,20230827_Mjallby_Hammarby,-52.75223683960576,0.49,1.38,1,5,3,8,51.5,48.5,2,4,0,0,2,9
2023-08-27,Varnamo,Halmstad,0,0,1.91,3.53,4.02,1.96,3.64,4.1,Allsvenskan,,20230827_Varnamo_Halmstad,27.72523574232855,1.37,1.74,4,5,8,13,52.3,47.7,1,3,0,0,6,6
2023-08-28,AIK,Varberg,3,0,1.34,5.13,9.06,1.34,5.52,9.48,Allsvenskan,,20230828_AIK_Varberg,112.45866899581506,2.5,0.6,8,3,17,8,48.4,51.6,2,2,0,0,7,6
2023-08-28,Elfsborg,Norrkoping,3,2,1.55,4.32,5.61,1.58,4.46,5.8,Allsvenskan,,20230828_Elfsborg_Norrkoping,120.62656477464793,1.44,0.36,4,2,9,5,51.3,48.7,0,3,0,0,3,5
2023-08-28,Sirius,Malmo FF,1,3,4.74,4.17,1.65,5.21,4.32,1.65,Allsvenskan,,20230828_Sirius_Malmo-FF,-158.37856890818193,0.36,1.06,1,3,2,7,50.4,49.6,1,0,0,0,5,6
2023-09-02,Halmstad,Sirius,2,1,3.01,3.42,2.31,3.1,3.47,2.4,Allsvenskan,,20230902_Halmstad_Sirius,10.98146339908817,0.82,0.71,3,2,9,4,52.1,47.9,1,0,0,0,4,5
2023-09-02,Varnamo,Elfsborg,1,0,3.25,3.52,2.15,3.41,3.63,2.18,Allsvenskan,,20230902_Varnamo_Elfsborg,-184.09812325166172,0.48,1.34,1,5,3,11,52.6,47.4,3,3,1,0,2,8
2023-09-03,Degerfors,Hacken,1,0,3.81,4.1,1.82,3.81,4.23,1.88,Allsvenskan,,20230903_Degerfors_Hacken,-214.67359461770866,2.23,0.24,7,0,16,0,37.2,62.8,1,0,0,0,12,0
2023-09-03,Hammarby,AIK,4,2,2.3,3.37,3.09,2.36,3.44,3.18,Allsvenskan,,20230903_Hammarby_AIK,77.96626823455495,1.5,1.53,6,7,13,17,53.6,46.4,1,2,0,0,6,4
2023-09-03,Kalmar,Mjallby,0,2,2.39,3.09,3.18,2.48,3.1,3.32,Allsvenskan,,20230903_Kalmar_Mjallby,13.856452247571497,1.28,0.29,3,2,7,3,53.4,46.6,1,1,0,0,5,4
2023-09-03,Malmo FF,Goteborg,2,2,1.38,4.99,7.5,1.41,5.09,7.85,Allsvenskan,,20230903_Malmo-FF_Goteborg,116.11309787428377,0.97,1.94,3,7,7,15,51.1,48.9,0,1,0,0,3,8
2023-09-03,Norrkoping,Djurgarden,0,2,2.9,3.3,2.44,3.06,3.43,2.44,Allsvenskan,,20230903_Norrkoping_Djurgarden,-84.96113695309191,1.05,1.35,2,4,3,9,48.3,51.7,1,0,0,0,3,5
2023-09-03,Varberg,Brommapojkarna,4,3,3.67,3.65,1.96,3.86,3.85,1.96,Allsvenskan,,20230903_Varberg_Brommapojkarna,-55.768111551788024,0.8,0.44,4,3,7,5,49.0,51.0,4,0,0,0,4,1
2023-09-16,Djurgarden,Varnamo,1,2,1.66,3.91,5.11,1.68,4.02,5.29,Allsvenskan,,20230916_Djurgarden_Varnamo,123.7450953545715,0.18,0.17,1,2,1,3,60.5,39.5,2,0,0,0,2,6
2023-09-16,Goteborg,Brommapojkarna,1,0,1.83,3.79,4.1,1.83,3.8,4.56,Allsvenskan,,20230916_Goteborg_Brommapojkarna,75.97510023890027,1.15,0.95,5,2,11,4,55.6,44.4,1,2,0,0,3,3
2023-09-16,Sirius,Varberg,7,0,1.36,5.28,7.48,1.38,5.54,7.87,Allsvenskan,,20230916_Sirius_Varberg,32.41054703247255,1.7,0.05,7,0,16,1,52.6,47.4,3,1,0,0,9,5
2023-09-17,Elfsborg,Kalmar,0,3,1.47,4.52,6.5,1.49,4.74,6.69,Allsvenskan,,20230917_Elfsborg_Kalmar,125.8523255944001,0.55,0.96,1,3,5,7,51.3,48.7,1,0,0,0,1,4
2023-09-17,Hacken,Halmstad,3,2,1.33,5.65,8.1,1.33,6.18,8.5,Allsvenskan,,20230917_Hacken_Halmstad,161.09395826418722,0.98,1.26,3,5,8,14,61.8,38.2,4,3,0,0,5,11
2023-09-17,Hammarby,Malmo FF,1,3,2.88,3.4,2.41,2.91,3.51,2.5,Allsvenskan,,20230917_Hammarby_Malmo-FF,-9.943154455956574,1.39,1.94,4,6,10,12,55.5,44.5,1,1,0,0,1,8
2023-09-18,AIK,Degerfors,2,0,1.5,4.53,5.94,1.52,4.77,6.19,Allsvenskan,,20230918_AIK_Degerfors,55.44378670272954,0.97,1.08,3,4,8,9,51.4,48.6,2,1,0,1,3,5
2023-09-18,Norrkoping,Mjallby,0,2,1.97,3.48,3.84,1.99,3.59,4.03,Allsvenskan,,20230918_Norrkoping_Mjallby,-13.160505191830907,0.53,0.24,2,2,4,6,42.6,57.4,0,0,0,0,3,3
2023-09-23,Brommapojkarna,Norrkoping,2,2,2.01,3.68,3.47,1.98,3.85,3.78,Allsvenskan,,20230923_Brommapojkarna_Norrkoping,-89.11175895048859,1.35,0.91,4,3,9,5,49.0,51.0,4,2,0,0,8,6
2023-09-23,Degerfors,Malmo FF,1,2,7.66,5.12,1.37,7.86,5.27,1.4,Allsvenskan,,20230923_Degerfors_Malmo-FF,-183.81390990770524,1.74,1.54,7,5,18,12,39.5,60.5,1,2,0,0,8,3
2023-09-24,AIK,Djurgarden,2,0,2.53,3.31,2.78,2.54,3.37,2.96,Allsvenskan,,20230924_AIK_Djurgarden,-90.50290731499649,1.24,0.38,5,2,11,5,49.8,50.2,2,3,0,0,4,3
2023-09-24,Kalmar,Hacken,1,0,3.55,3.81,1.95,3.63,4.02,1.98,Allsvenskan,,20230924_Kalmar_Hacken,-97.11539696529962,0.89,1.07,1,4,2,10,44.5,55.5,3,1,0,0,6,5
2023-09-24,Mjallby,Goteborg,0,1,2.81,3.14,2.61,2.97,3.24,2.62,Allsvenskan,,20230924_Mjallby_Goteborg,30.55459374144334,0.68,0.21,3,1,6,1,52.2,47.8,1,1,0,0,2,1
2023-09-24,Varberg,Hammarby,0,1,6.61,4.6,1.45,6.74,4.87,1.47,Allsvenskan,,20230924_Varberg_Hammarby,-201.58576533937594,0.05,0.34,1,2,4,4,43.8,56.2,1,1,0,0,3,5
2023-09-25,Halmstad,Elfsborg,0,1,4.23,3.79,1.81,4.22,3.81,1.88,Allsvenskan,,20230925_Halmstad_Elfsborg,-171.104988897358,0.26,0.25,0,2,1,6,37.2,62.8,1,1,0,0,0,6
2023-09-25,Varnamo,Sirius,0,1,2.46,3.6,2.69,2.53,3.71,2.76,Allsvenskan,,20230925_Varnamo_Sirius,71.45803266712755,0.42,0.6,3,3,6,7,50.3,49.7,0,0,0,1,1,3
2023-09-30,Djurgarden,Halmstad,1,0,1.49,4.34,6.5,1.5,4.52,6.97,Allsvenskan,,20230930_Djurgarden_Halmstad,137.93177852810868,1.1,1.73,4,5,6,11,54.0,46.0,1,2,0,0,4,7
2023-09-30,Norrkoping,Kalmar,1,0,2.07,3.48,3.52,2.09,3.54,3.73,Allsvenskan,,20230930_Norrkoping_Kalmar,-48.05369404790008,0.92,1.66,2,4,4,9,42.6,57.4,1,1,0,0,3,10
2023-10-01,Hacken,AIK,2,0,1.89,3.87,3.7,1.92,4.07,3.82,Allsvenskan,,20231001_Hacken_AIK,88.41369902445626,1.81,0.05,6,1,14,1,50.0,50.0,1,2,1,0,13,2
2023-10-01,Hammarby,Goteborg,1,1,1.88,3.56,4.1,1.91,3.61,4.39,Allsvenskan,,20231001_Hammarby_Goteborg,70.03493460037271,0.87,0.9,2,4,4,7,50.6,49.4,1,1,0,0,7,7
2023-10-01,Mjallby,Varnamo,2,3,2.46,3.16,2.99,2.52,3.17,3.18,Allsvenskan,,20231001_Mjallby_Varnamo,30.52403265343878,1.43,1.56,3,6,5,15,51.9,48.1,1,4,0,0,3,9
2023-10-01,Sirius,Degerfors,3,2,1.6,4.21,5.17,1.62,4.31,5.5,Allsvenskan,,20231001_Sirius_Degerfors,23.767742815678957,1.29,1.56,4,2,8,4,48.7,51.3,1,3,0,0,3,4
2023-10-02,Elfsborg,Varberg,2,1,1.19,7.31,12.68,1.21,7.67,12.69,Allsvenskan,,20231002_Elfsborg_Varberg,254.07129100780276,1.67,0.55,5,2,11,2,54.4,45.6,3,3,0,0,2,0
2023-10-02,Malmo FF,Brommapojkarna,2,1,1.33,5.61,7.95,1.34,6.02,8.26,Allsvenskan,,20231002_Malmo-FF_Brommapojkarna,208.59887623474356,1.97,0.2,7,1,16,1,44.4,55.6,1,0,0,0,14,3
2023-10-07,AIK,Mjallby,1,0,1.76,3.56,4.78,1.81,3.66,4.95,Allsvenskan,,20231007_AIK_Mjallby,4.046038503263162,1.55,1.01,4,2,7,4,46.8,53.2,4,1,0,0,4,4
2023-10-07,Goteborg,Sirius,0,1,2.0,3.5,3.7,2.0,3.59,4.01,Allsvenskan,,20231007_Goteborg_Sirius,59.87129416349353,0.42,1.72,1,6,2,15,56.2,43.8,3,1,0,0,2,8
2023-10-07,Halmstad,Degerfors,0,0,1.92,3.5,4.0,1.92,3.59,4.34,Allsvenskan,,20231007_Halmstad_Degerfors,23.053128165121052,0.88,0.76,3,2,4,4,56.9,43.1,1,3,0,0,4,4
2023-10-08,Brommapojkarna,Elfsborg,0,3,3.37,3.81,2.01,3.4,3.99,2.06,Allsvenskan,,20231008_Brommapojkarna_Elfsborg,-225.98354835108807,0.78,2.39,2,8,6,18,43.5,56.5,2,2,0,0,2,6
2023-10-08,Hammarby,Hacken,2,2,2.54,3.65,2.55,2.62,3.74,2.64,Allsvenskan,,20231008_Hammarby_Hacken,-34.23041180271139,1.36,1.03,5,2,10,5,53.4,46.6,2,0,0,0,9,5
2023-10-08,Kalmar,Malmo FF,1,0,4.49,3.76,1.76,4.8,3.84,1.78,Allsvenskan,,20231008_Kalmar_Malmo-FF,-96.6587632504702,1.36,0.54,3,5,8,12,50.6,49.4,0,0,0,0,6,6
2023-10-08,Varberg,Djurgarden,0,1,6.59,4.41,1.47,6.87,4.51,1.51,Allsvenskan,,20231008_Varberg_Djurgarden,-219.83176796870612,1.19,0.86,4,2,9,4,43.2,56.8,2,0,0,0,4,5
2023-10-08,Varnamo,Norrkoping,2,1,2.01,3.55,3.59,2.05,3.69,3.71,Allsvenskan,,20231008_Varnamo_Norrkoping,-4.910398223166567,1.37,1.55,5,5,9,12,50.6,49.4,4,4,0,0,3,5
2023-10-21,Degerfors,Kalmar,1,3,2.85,3.29,2.48,3.0,3.3,2.55,Allsvenskan,,20231021_Degerfors_Kalmar,-130.7155371195945,0.05,1.6,1,7,4,12,53.2,46.8,2,1,0,0,3,4
2023-10-21,Sirius,Brommapojkarna,3,2,2.18,3.72,3.06,2.32,3.76,3.02,Allsvenskan,,20231021_Sirius_Brommapojkarna,72.10109529096144,1.22,0.43,4,2,9,4,53.2,46.8,3,0,0,0,5,0
2023-10-22,Djurgarden,Hammarby,0,0,2.17,3.38,3.36,2.26,3.37,3.47,Allsvenskan,,20231022_Djurgarden_Hammarby,8.76888142615553,0.49,0.48,2,1,6,3,52.7,47.3,3,3,0,0,6,2
2023-10-22,Hacken,Norrkoping,4,1,1.37,5.43,7.19,1.38,5.71,7.41,Allsvenskan,,20231022_Hacken_Norrkoping,120.98248045830019,1.42,0.75,5,3,11,8,56.8,43.2,2,7,0,0,4,8
2023-10-22,Halmstad,Mjallby,1,1,2.31,3.15,3.28,2.36,3.13,3.51,Allsvenskan,,20231022_Halmstad_Mjallby,-60.892587926664646,0.87,1.36,2,5,6,10,44.4,55.6,1,0,0,0,1,8
2023-10-22,Malmo FF,Varberg,5,0,1.08,11.38,24.18,1.08,13.45,26.94,Allsvenskan,,20231022_Malmo-FF_Varberg,246.84432998650936,1.5,1.51,5,5,13,12,57.2,42.8,2,4,0,0,4,7
2023-10-23,Elfsborg,AIK,3,0,1.83,3.63,4.28,1.86,3.69,4.5,Allsvenskan,,20231023_Elfsborg_AIK,113.41429870517163,1.48,1.18,5,2,12,4,60.7,39.3,1,1,0,0,7,3
2023-10-23,Varnamo,Goteborg,3,1,3.15,3.31,2.3,3.36,3.36,2.32,Allsvenskan,,20231023_Varnamo_Goteborg,10.807466096893677,1.36,1.17,4,4,7,8,47.3,52.7,1,0,0,0,9,7
2023-10-28,Brommapojkarna,Djurgarden,1,2,3.25,3.6,2.12,3.32,3.77,2.16,Allsvenskan,,20231028_Brommapojkarna_Djurgarden,-202.37571263840573,1.54,1.72,6,7,14,15,47.3,52.7,1,3,0,0,4,4
2023-10-28,Varberg,Degerfors,1,1,3.37,3.69,2.05,3.37,3.85,2.12,Allsvenskan,,20231028_Varberg_Degerfors,-46.96133612168774,2.34,0.68,7,3,16,6,52.2,47.8,3,3,0,0,8,4
2023-10-29,AIK,Halmstad,1,1,1.68,3.68,5.31,1.66,3.8,6.04,Allsvenskan,,20231029_AIK_Halmstad,78.36100611834081,1.24,0.79,3,2,7,5,53.7,46.3,1,2,0,0,5,4
2023-10-29,Kalmar,Varnamo,1,3,2.15,3.46,3.29,2.2,3.5,3.46,Allsvenskan,,20231029_Kalmar_Varnamo,24.811021554051194,0.58,1.05,1,3,2,6,41.6,58.4,0,1,0,0,5,3
2023-10-29,Mjallby,Hacken,2,1,4.24,3.97,1.76,4.35,4.21,1.78,Allsvenskan,,20231029_Mjallby_Hacken,-131.227014213129,1.4,0.92,5,2,11,5,45.6,54.4,3,1,0,0,4,3
2023-10-29,Norrkoping,Malmo FF,0,1,6.32,4.69,1.46,7.1,5.0,1.45,Allsvenskan,,20231029_Norrkoping_Malmo-FF,-126.97948870437381,0.89,1.22,3,4,8,9,47.9,52.1,2,0,0,0,4,3
2023-10-30,Goteborg,Elfsborg,1,2,3.11,3.33,2.3,3.22,3.39,2.37,Allsvenskan,,20231030_Goteborg_Elfsborg,-152.2224956064158,0.95,1.29,3,3,7,6,54.9,45.1,4,6,1,0,3,8
2023-10-30,Hammarby,Sirius,2,2,2.01,3.8,3.39,2.02,3.89,3.61,Allsvenskan,,20231030_Hammarby_Sirius,103.02162017256887,0.98,1.14,3,4,7,9,43.7,56.3,1,3,0,0,2,1
2023-11-04,Djurgarden,Sirius,2,4,1.56,4.49,5.22,1.6,4.71,5.17,Allsvenskan,,20231104_Djurgarden_Sirius,113.4337768922228,0.86,1.95,3,6,6,13,56.5,43.5,0,0,1,0,5,8
2023-11-04,Varnamo,Hammarby,0,0,2.3,3.56,2.91,2.4,3.66,2.96,Allsvenskan,,20231104_Varnamo_Hammarby,-42.04319571021688,0.09,0.05,0,0,0,0,46.7,53.3,3,1,0,0,3,1
2023-11-05,Elfsborg,Degerfors,2,2,1.26,6.06,9.9,1.26,6.61,11.05,Allsvenskan,,20231105_Elfsborg_Degerfors,248.1066186286962,0.27,0.6,2,4,5,10,58.0,42.0,0,0,0,0,2,4
2023-11-05,Hacken,Malmo FF,4,2,3.24,3.94,2.01,3.3,4.17,2.06,Allsvenskan,,20231105_Hacken_Malmo-FF,-14.160193193328269,1.32,1.45,5,4,13,10,43.1,56.9,4,1,0,0,6,7
2023-11-05,Halmstad,Kalmar,3,0,2.42,3.27,2.96,2.53,3.33,3.01,Allsvenskan,,20231105_Halmstad_Kalmar,-99.3404994040734,0.81,0.75,3,3,5,6,44.1,55.9,2,3,0,0,5,4
2023-11-05,Mjallby,Brommapojkarna,1,2,2.49,3.51,2.69,2.51,3.62,2.84,Allsvenskan,,20231105_Mjallby_Brommapojkarna,124.57348942857266,1.04,0.88,4,3,7,6,57.0,43.0,1,1,0,0,8,3
2023-11-06,Goteborg,AIK,1,1,2.33,3.07,3.28,2.4,3.13,3.44,Allsvenskan,,20231106_Goteborg_AIK,-26.76902674517146,1.14,1.84,4,6,8,13,57.2,42.8,3,1,0,0,2,7
2023-11-06,Norrkoping,Varberg,4,3,1.42,4.95,6.53,1.44,5.21,6.94,Allsvenskan,,20231106_Norrkoping_Varberg,119.78961154177182,1.91,1.32,4,3,10,6,57.9,42.1,2,3,0,0,4,2
2023-11-12,AIK,Varnamo,3,1,1.72,3.98,4.53,1.72,4.25,4.67,Allsvenskan,,20231112_AIK_Varnamo,-29.57029937085622,1.38,1.67,5,6,13,11,46.9,53.1,4,1,1,0,8,6
2023-11-12,Brommapojkarna,Hacken,2,1,2.2,4.23,2.73,2.23,4.38,2.72,Allsvenskan,,20231112_Brommapojkarna_Hacken,-219.50502352535432,0.51,0.88,2,3,4,7,50.5,49.5,1,0,0,0,5,3
2023-11-12,Degerfors,Mjallby,1,2,3.14,3.52,2.2,3.25,3.62,2.17,Allsvenskan,,20231112_Degerfors_Mjallby,-82.41506221601026,0.77,0.71,2,2,5,6,42.3,57.7,1,2,0,0,1,4
2023-11-12,Hammarby,Halmstad,2,2,1.5,4.5,5.88,1.51,4.61,5.88,Allsvenskan,,20231112_Hammarby_Halmstad,125.49801894681559,1.68,1.52,6,5,14,11,54.2,45.8,1,2,0,0,6,2
2023-11-12,Kalmar,Djurgarden,2,1,3.25,3.57,2.12,3.32,3.56,2.16,Allsvenskan,,20231112_Kalmar_Djurgarden,-59.826514651899515,1.62,1.17,5,4,10,9,48.5,51.5,2,6,0,0,6,5
2023-11-12,Malmo FF,Elfsborg,1,0,1.71,3.99,4.54,1.74,4.0,4.9,Allsvenskan,,20231112_Malmo-FF_Elfsborg,-34.605025482183464,1.45,0.05,5,0,11,0,44.2,55.8,1,1,0,1,11,0
2023-11-12,Sirius,Norrkoping,2,0,1.63,4.51,4.52,1.64,4.79,4.33,Allsvenskan,,20231112_Sirius_Norrkoping,13.395058256128095,1.82,0.84,7,2,16,5,55.1,44.9,2,1,0,0,5,7
2023-11-12,Varberg,Goteborg,1,2,7.2,4.95,1.39,7.11,5.07,1.4,Allsvenskan,,20231112_Varberg_Goteborg,-134.45322881843026,1.74,1.09,5,4,13,6,51.6,48.4,5,1,0,0,3,4
2024-03-30,Norrkoping,Malmo FF,1,5,5.7,4.36,1.54,5.84,4.42,1.56,Allsvenskan,,20240330_Norrkoping_Malmo-FF,-146.79973648720488,0.79,1.83,4,5,7,11,43.1,56.9,2,2,1,0,5,5
2024-03-31,GAIS,Brommapojkarna,0,4,2.48,3.46,2.71,2.51,3.46,2.89,Allsvenskan,,20240331_GAIS_Brommapojkarna,33.715301554788084,1.65,1.74,5,6,12,15,53.6,46.4,1,1,0,0,3,10
2024-03-31,Hacken,Mjallby,0,1,1.79,3.73,4.28,1.79,3.88,4.59,Allsvenskan,,20240331_Hacken_Mjallby,99.2689600258393,0.88,0.59,1,1,2,2,67.0,33.0,4,2,0,0,1,4
2024-03-31,Hammarby,Kalmar,3,1,1.89,3.54,4.03,1.89,3.67,4.28,Allsvenskan,,20240331_Hammarby_Kalmar,38.63710716625451,0.16,1.02,3,3,5,6,48.1,51.9,2,2,1,0,5,4
2024-04-01,AIK,Vasteras SK,1,0,1.55,4.05,5.92,1.55,4.28,6.25,Allsvenskan,,20240401_AIK_Vasteras-SK,70.75783540693487,1.56,0.67,5,4,12,9,51.3,48.7,3,0,1,0,2,9
2024-04-01,Elfsborg,Varnamo,2,2,1.49,4.42,6.24,1.49,4.66,6.57,Allsvenskan,,20240401_Elfsborg_Varnamo,103.38427164839595,1.21,1.15,4,4,11,10,58.3,41.7,0,1,0,1,4,1
2024-04-01,Goteborg,Djurgarden,1,4,3.3,3.23,2.24,3.49,3.27,2.27,Allsvenskan,,20240401_Goteborg_Djurgarden,-75.01373714541,0.88,1.28,3,4,6,10,41.9,58.1,4,0,0,0,6,8
2024-04-01,Sirius,Halmstad,3,0,1.7,3.93,4.6,1.74,3.93,4.87,Allsvenskan,,20240401_Sirius_Halmstad,54.00301579425491,1.88,1.16,6,2,14,3,53.9,46.1,4,1,0,0,8,2
2024-04-06,Brommapojkarna,AIK,2,2,3.36,3.47,2.11,3.51,3.46,2.17,Allsvenskan,,20240406_Brommapojkarna_AIK,-100.9016407469096,1.42,0.11,6,2,13,4,46.2,53.8,2,1,0,0,5,3
2024-04-06,Mjallby,Norrkoping,3,0,2.15,3.3,3.43,2.21,3.26,3.63,Allsvenskan,,20240406_Mjallby_Norrkoping,48.99517035412714,1.4,0.85,5,1,10,2,51.5,48.5,0,2,0,0,2,2
2024-04-07,Halmstad,Goteborg,1,0,2.75,3.25,2.56,2.82,3.33,2.64,Allsvenskan,,20240407_Halmstad_Goteborg,-35.97167225965586,1.82,0.05,6,0,13,0,43.3,56.7,4,1,0,0,9,1
2024-04-07,Malmo FF,Hammarby,2,0,1.39,4.81,7.68,1.41,4.92,8.07,Allsvenskan,,20240407_Malmo-FF_Hammarby,43.68562213122618,1.34,1.07,4,3,8,5,53.0,47.0,3,1,0,0,4,3
2024-04-07,Vasteras SK,Elfsborg,0,1,3.07,3.53,2.22,3.22,3.45,2.31,Allsvenskan,,20240407_Vasteras-SK_Elfsborg,-183.79504838174057,0.82,1.02,3,4,5,11,42.0,58.0,1,1,0,0,5,8
2024-04-08,Djurgarden,Hacken,3,3,1.8,3.89,4.03,1.86,3.91,4.12,Allsvenskan,,20240408_Djurgarden_Hacken,-8.176013358948921,1.32,1.03,3,5,7,11,47.4,52.6,1,5,0,0,2,5
2024-04-08,Kalmar,Sirius,1,2,2.44,3.33,2.85,2.5,3.41,2.95,Allsvenskan,,20240408_Kalmar_Sirius,3.726466795513943,1.12,1.36,4,3,10,7,55.3,44.7,1,2,0,0,4,7
2024-04-08,Varnamo,GAIS,1,2,2.59,3.41,2.61,2.82,3.39,2.6,Allsvenskan,,20240408_Varnamo_GAIS,90.92023196763466,0.4,1.18,2,4,4,11,54.0,46.0,2,0,0,0,4,4
2024-04-13,Mjallby,AIK,1,1,2.55,3.11,2.89,2.62,3.1,3.03,Allsvenskan,,20240413_Mjallby_AIK,-2.201752821585842,1.65,0.75,4,1,7,5,50.6,49.4,4,2,0,0,7,3
2024-04-13,Vasteras SK,Halmstad,0,1,1.7,3.78,4.85,1.71,3.89,5.11,Allsvenskan,,20240413_Vasteras-SK_Halmstad,-23.981905332715314,0.05,0.92,2,3,4,6,46.4,53.6,0,1,0,1,6,2
2024-04-14,Djurgarden,Sirius,2,0,1.74,3.94,4.37,1.7,4.19,4.76,Allsvenskan,,20240414_Djurgarden_Sirius,43.73394895315869,0.52,0.34,3,0,7,0,60.5,39.5,2,0,0,0,0,1
2024-04-14,Kalmar,Goteborg,0,1,2.53,3.22,2.83,2.66,3.23,2.88,Allsvenskan,,20240414_Kalmar_Goteborg,43.166462603008085,0.45,0.29,3,1,7,5,48.1,51.9,0,1,0,0,6,7
2024-04-14,Norrkoping,GAIS,1,0,2.21,3.6,3.04,2.29,3.63,3.12,Allsvenskan,,20240414_Norrkoping_GAIS,3.2125742497812553,1.09,0.67,4,3,6,7,56.7,43.3,2,1,0,0,6,6
2024-04-15,Hacken,Brommapojkarna,4,3,1.7,4.25,4.29,1.65,4.6,4.67,Allsvenskan,,20240415_Hacken_Brommapojkarna,149.9105841117862,1.17,1.26,4,3,10,8,52.3,47.7,6,2,0,0,4,2
2024-04-15,Hammarby,Elfsborg,3,0,2.49,3.4,2.75,2.54,3.45,2.86,Allsvenskan,,20240415_Hammarby_Elfsborg,-57.91137768743329,2.32,1.75,6,5,14,11,44.5,55.5,1,1,0,0,5,11
2024-04-15,Varnamo,Malmo FF,0,4,9.26,5.34,1.31,8.92,5.42,1.35,Allsvenskan,,20240415_Varnamo_Malmo-FF,-124.4737265004469,1.28,0.7,4,4,9,6,51.6,48.4,2,1,0,0,3,8
2024-04-20,Goteborg,Norrkoping,1,1,1.61,4.01,5.28,1.62,4.15,5.56,Allsvenskan,,20240420_Goteborg_Norrkoping,14.175690820399495,1.44,1.17,4,4,7,9,51.0,49.0,2,2,0,0,5,7
2024-04-20,Malmo FF,Vasteras SK,1,0,1.24,6.2,11.15,1.24,6.61,12.0,Allsvenskan,,20240420_Malmo-FF_Vasteras-SK,221.98532014078842,1.5,0.05,6,0,15,0,54.7,45.3,1,3,0,0,7,3
2024-04-20,Sirius,Varnamo,0,1,1.58,4.18,5.28,1.59,4.31,5.71,Allsvenskan,,20240420_Sirius_Varnamo,16.090567503398006,0.08,1.36,0,5,0,11,49.2,50.8,2,1,0,0,3,9
2024-04-21,AIK,Djurgarden,2,0,2.82,3.07,2.63,2.81,3.14,2.79,Allsvenskan,,20240421_AIK_Djurgarden,-58.751534028981496,1.46,1.01,4,4,9,10,47.5,52.5,0,2,0,0,5,6
2024-04-21,GAIS,Mjallby,2,1,3.07,3.19,2.38,3.39,3.32,2.29,Allsvenskan,,20240421_GAIS_Mjallby,-84.81062575269402,0.68,1.3,3,4,8,10,41.7,58.3,2,3,0,0,3,4
2024-04-21,Hacken,Hammarby,2,1,1.86,3.89,3.77,1.87,4.03,3.95,Allsvenskan,,20240421_Hacken_Hammarby,3.406948205086337,0.99,1.13,2,3,7,5,56.5,43.5,0,2,0,0,3,4
2024-04-21,Halmstad,Brommapojkarna,0,2,3.63,3.62,1.97,3.72,3.67,2.03,Allsvenskan,,20240421_Halmstad_Brommapojkarna,43.666562290370166,0.72,2.27,1,9,1,20,48.9,51.1,4,1,0,0,4,12
2024-04-22,Elfsborg,Kalmar,1,2,1.63,3.85,5.41,1.65,3.92,5.62,Allsvenskan,,20240422_Elfsborg_Kalmar,119.02154961760925,0.8,0.99,2,2,5,4,56.7,43.3,2,1,0,0,4,2
2024-04-24,AIK,Varnamo,2,0,1.54,4.0,6.31,1.56,4.07,6.67,Allsvenskan,,20240424_AIK_Varnamo,23.52253531307224,0.38,1.59,2,5,5,12,51.5,48.5,1,1,0,0,2,8
2024-04-24,Brommapojkarna,Sirius,1,1,2.26,3.65,2.91,2.32,3.65,3.05,Allsvenskan,,20240424_Brommapojkarna_Sirius,-69.13357355943344,1.05,0.94,2,2,6,3,52.5,47.5,1,2,0,0,6,1
2024-04-24,Goteborg,Hacken,0,1,2.45,3.59,2.67,2.56,3.67,2.7,Allsvenskan,,20240424_Goteborg_Hacken,-121.05240521330529,1.31,0.67,4,2,8,5,44.9,55.1,3,4,0,0,3,5
2024-04-25,Djurgarden,Malmo FF,0,1,2.91,3.41,2.38,2.83,3.44,2.57,Allsvenskan,,20240425_Djurgarden_Malmo-FF,-78.64604511501489,0.63,1.11,2,3,5,8,46.5,53.5,1,0,0,0,4,3
2024-04-25,Halmstad,Hammarby,2,1,3.9,3.56,1.91,4.0,3.72,1.93,Allsvenskan,,20240425_Halmstad_Hammarby,-118.69771499894637,0.85,1.05,3,2,7,5,44.9,55.1,2,3,0,0,4,3
2024-04-25,Kalmar,GAIS,2,3,2.23,3.27,3.28,2.26,3.31,3.46,Allsvenskan,,20240425_Kalmar_GAIS,58.451059767969355,0.67,1.53,2,3,4,8,53.1,46.9,2,1,0,0,2,3
2024-04-25,Norrkoping,Elfsborg,4,2,3.13,3.57,2.17,3.18,3.66,2.24,Allsvenskan,,20240425_Norrkoping_Elfsborg,-132.95052379697836,2.26,1.39,6,3,12,7,45.6,54.4,0,3,0,0,9,7
2024-04-25,Vasteras SK,Mjallby,2,1,1.97,3.43,3.87,1.85,3.61,4.59,Allsvenskan,,20240425_Vasteras-SK_Mjallby,-92.13571999359692,0.99,0.78,2,2,3,3,44.6,55.4,1,3,0,0,1,2
2024-04-28,Djurgarden,GAIS,1,0,1.64,3.93,5.04,1.67,4.07,5.19,Allsvenskan,,20240428_Djurgarden_GAIS,93.40019270982566,1.52,0.31,6,1,12,1,52.8,47.2,0,2,0,0,11,1
2024-04-28,Hacken,Norrkoping,1,2,1.54,4.65,5.1,1.55,4.95,5.28,Allsvenskan,,20240428_Hacken_Norrkoping,125.84955972763578,1.5,1.49,4,6,9,12,49.2,50.8,1,0,0,0,3,6
2024-04-28,Malmo FF,AIK,5,0,1.55,4.08,5.87,1.57,4.18,6.12,Allsvenskan,,20240428_Malmo-FF_AIK,107.51773837566816,1.3,1.04,6,4,11,9,63.1,36.9,0,0,0,0,6,5
2024-04-28,Varnamo,Halmstad,1,3,2.21,3.22,3.35,2.28,3.27,3.46,Allsvenskan,,20240428_Varnamo_Halmstad,34.35166070266473,0.21,1.0,1,4,3,10,49.8,50.2,2,2,0,0,3,7
2024-04-29,Brommapojkarna,Goteborg,0,3,2.34,3.36,2.98,2.38,3.42,3.12,Allsvenskan,,20240429_Brommapojkarna_Goteborg,-31.14577042427186,1.12,1.41,4,5,9,15,41.1,58.9,1,2,0,0,7,7
2024-04-29,Elfsborg,Sirius,2,0,1.94,3.56,3.77,1.95,3.73,3.93,Allsvenskan,,20240429_Elfsborg_Sirius,78.07938403111007,0.67,0.24,2,0,2,0,52.2,47.8,0,1,0,0,1,1
2024-04-29,Hammarby,Vasteras SK,2,1,1.99,3.61,3.55,2.03,3.59,3.81,Allsvenskan,,20240429_Hammarby_Vasteras-SK,125.6983482364783,2.23,0.47,7,1,15,2,58.3,41.7,1,1,0,0,7,3
2024-04-29,Mjallby,Kalmar,3,2,1.98,3.35,3.87,2.01,3.46,4.03,Allsvenskan,,20240429_Mjallby_Kalmar,-4.49499246107348,1.52,0.79,4,4,9,10,49.5,50.5,1,2,0,0,8,7
2024-05-04,Kalmar,Halmstad,5,2,2.07,3.29,3.64,2.11,3.32,3.87,Allsvenskan,,20240504_Kalmar_Halmstad,2.178259780174585,1.94,1.22,7,4,14,9,50.3,49.7,0,1,0,0,4,7
2024-05-04,Mjallby,Brommapojkarna,1,1,2.34,3.39,2.95,2.48,3.48,2.93,Allsvenskan,,20240504_Mjallby_Brommapojkarna,76.35998456109496,1.25,1.36,5,3,12,7,48.7,51.3,2,1,0,0,9,6
2024-05-04,Sirius,Hacken,0,3,2.43,3.72,2.62,2.52,3.86,2.65,Allsvenskan,,20240504_Sirius_Hacken,-96.92051069998502,0.05,1.61,1,5,4,10,55.2,44.8,1,1,0,0,3,5
2024-05-05,AIK,Norrkoping,6,2,1.71,3.7,4.82,1.73,3.85,5.03,Allsvenskan,,20240505_AIK_Norrkoping,43.63225979681147,2.3,0.98,7,4,15,11,53.1,46.9,2,3,0,0,8,7
2024-05-05,Elfsborg,Malmo FF,3,1,3.75,3.73,1.9,3.85,3.9,1.93,Allsvenskan,,20240505_Elfsborg_Malmo-FF,-74.57949782442734,1.55,1.32,5,5,9,12,43.7,56.3,1,3,0,0,5,4
2024-05-05,Hammarby,Varnamo,1,2,1.48,4.31,6.56,1.51,4.39,6.79,Allsvenskan,,20240505_Hammarby_Varnamo,73.47263538714901,0.86,0.89,3,5,5,8,48.0,52.0,3,0,0,0,1,3
2024-05-05,Vasteras SK,Djurgarden,0,2,3.64,3.35,2.06,3.79,3.42,2.09,Allsvenskan,,20240505_Vasteras-SK_Djurgarden,-146.04857238053864,0.23,0.62,1,3,3,6,46.8,53.2,1,0,0,0,2,3
2024-05-06,GAIS,Goteborg,2,1,2.83,3.22,2.52,2.94,3.22,2.62,Allsvenskan,,20240506_GAIS_Goteborg,-23.600977261703747,1.56,1.47,5,4,10,9,51.6,48.4,0,3,0,0,3,5
2024-05-11,AIK,Sirius,1,3,1.72,3.79,4.66,1.76,3.79,4.93,Allsvenskan,,20240511_AIK_Sirius,66.27289426518223,0.6,0.99,2,3,6,6,47.8,52.2,0,1,0,0,2,6
2024-05-11,GAIS,Vasteras SK,2,0,2.32,3.46,2.95,2.33,3.57,3.09,Allsvenskan,,20240511_GAIS_Vasteras-SK,54.996257649649124,0.93,1.13,3,3,7,5,44.8,55.2,3,0,0,0,4,3
2024-05-11,Halmstad,Mjallby,1,3,3.6,3.27,2.11,3.93,3.29,2.1,Allsvenskan,,20240511_Halmstad_Mjallby,-31.322799775568456,1.41,1.81,4,4,11,10,52.9,47.1,1,1,0,0,4,6
2024-05-12,Djurgarden,Elfsborg,2,0,2.06,3.42,3.56,2.1,3.48,3.69,Allsvenskan,,20240512_Djurgarden_Elfsborg,-29.579695045116523,0.97,0.99,4,3,9,6,54.4,45.6,1,1,0,0,5,8
2024-05-12,Hacken,Kalmar,3,1,1.38,5.17,6.96,1.39,5.54,7.3,Allsvenskan,,20240512_Hacken_Kalmar,103.1873923725941,0.96,1.0,3,3,5,8,55.5,44.5,3,4,0,1,5,5
2024-05-12,Norrkoping,Hammarby,1,2,2.51,3.51,2.66,2.59,3.56,2.73,Allsvenskan,,20240512_Norrkoping_Hammarby,-62.42316488299116,1.33,1.0,5,4,10,9,54.4,45.6,1,3,0,0,7,6
2024-05-12,Varnamo,Brommapojkarna,1,1,3.16,3.45,2.2,3.25,3.49,2.28,Allsvenskan,,20240512_Varnamo_Brommapojkarna,74.25743740194798,1.12,0.15,3,1,7,3,51.7,48.3,2,1,0,0,4,1
2024-05-13,Goteborg,Malmo FF,0,3,4.09,3.57,1.87,4.2,3.62,1.92,Allsvenskan,,20240513_Goteborg_Malmo-FF,-182.6306113215703,1.07,2.45,3,6,6,14,45.4,54.6,2,1,0,0,10,4
2024-05-15,Elfsborg,AIK,6,1,2.24,3.45,3.09,2.28,3.6,3.15,Allsvenskan,,20240515_Elfsborg_AIK,55.018127060335246,1.58,0.59,6,1,15,3,51.6,48.4,7,1,0,0,9,3
2024-05-15,Halmstad,Hacken,3,0,4.17,3.93,1.77,4.29,4.04,1.8,Allsvenskan,,20240515_Halmstad_Hacken,-148.67350883295467,0.74,1.37,3,3,6,8,41.8,58.2,0,1,0,0,5,4
2024-05-15,Mjallby,Hammarby,3,0,2.1,3.33,3.51,2.08,3.45,3.8,Allsvenskan,,20240515_Mjallby_Hammarby,-46.506358421024515,1.96,2.56,6,7,14,15,51.8,48.2,1,3,0,0,9,6
2024-05-15,Vasteras SK,Varnamo,0,2,1.96,3.69,3.61,2.0,3.84,3.64,Allsvenskan,,20240515_Vasteras-SK_Varnamo,-97.226248799205,0.37,0.34,2,2,5,4,50.1,49.9,1,0,0,0,4,6
2024-05-16,Brommapojkarna,Djurgarden,0,5,3.28,3.5,2.12,3.49,3.64,2.11,Allsvenskan,,20240516_Brommapojkarna_Djurgarden,-155.62869329082287,1.45,1.96,7,5,16,9,40.5,59.5,1,1,0,0,4,7
2024-05-16,Kalmar,Norrkoping,1,1,2.23,3.51,3.04,2.26,3.67,3.13,Allsvenskan,,20240516_Kalmar_Norrkoping,10.897243721381301,0.65,0.93,1,3,3,6,46.5,53.5,1,2,0,0,3,5
2024-05-16,Malmo FF,GAIS,1,0,1.31,5.32,8.97,1.32,5.56,9.76,Allsvenskan,,20240516_Malmo-FF_GAIS,176.70297377566953,1.75,0.91,4,1,10,1,60.1,39.9,5,1,0,0,4,3
2024-05-16,Sirius,Goteborg,2,2,2.32,3.46,2.92,2.41,3.55,2.97,Allsvenskan,,20240516_Sirius_Goteborg,37.55360717795838,1.13,1.11,2,2,4,7,48.8,51.2,2,2,0,0,5,2
2024-05-19,Brommapojkarna,Norrkoping,2,1,1.89,3.81,3.69,1.95,3.94,3.77,Allsvenskan,,20240519_Brommapojkarna_Norrkoping,-51.24648172961406,1.13,0.99,4,3,9,7,48.5,51.5,1,2,0,0,6,12
2024-05-19,GAIS,Elfsborg,2,1,3.12,3.52,2.19,3.25,3.62,2.22,Allsvenskan,,20240519_GAIS_Elfsborg,-128.4522782953893,1.45,1.12,6,3,11,8,41.6,58.4,0,3,0,0,9,3
2024-05-19,Hammarby,AIK,2,1,2.74,3.38,2.48,2.88,3.42,2.55,Allsvenskan,,20240519_Hammarby_AIK,18.4363940457863,1.77,1.42,5,5,12,11,40.8,59.2,2,2,0,0,5,7
2024-05-19,Varnamo,Kalmar,0,2,2.14,3.37,3.36,2.17,3.47,3.5,Allsvenskan,,20240519_Varnamo_Kalmar,23.49791844152537,0.82,0.59,4,2,9,4,48.2,51.8,0,2,0,0,5,3
2024-05-20,Djurgarden,Halmstad,2,0,1.32,5.12,9.17,1.34,5.36,9.66,Allsvenskan,,20240520_Djurgarden_Halmstad,119.34507592316731,0.52,1.95,3,8,7,18,52.6,47.4,1,1,0,0,4,5
2024-05-20,Hacken,Malmo FF,2,2,3.65,3.97,1.86,3.66,4.12,1.93,Allsvenskan,,20240520_Hacken_Malmo-FF,-72.05501265673911,0.9,0.65,3,2,7,5,44.6,55.4,0,1,0,0,5,7
2024-05-20,Sirius,Vasteras SK,0,0,2.33,3.58,2.83,2.41,3.61,2.93,Allsvenskan,,20240520_Sirius_Vasteras-SK,101.85875949919955,0.5,1.31,3,5,6,11,48.5,51.5,3,1,0,0,3,9
2024-05-21,Goteborg,Mjallby,1,0,2.29,3.33,3.06,2.36,3.36,3.21,Allsvenskan,,20240521_Goteborg_Mjallby,-63.019294434717494,1.52,0.12,1,1,1,2,49.1,50.9,1,2,0,0,4,4
2024-05-24,Elfsborg,Halmstad,2,0,1.33,5.34,7.99,1.35,5.56,8.34,Allsvenskan,,20240524_Elfsborg_Halmstad,117.83214925929337,0.95,1.2,5,4,10,10,60.3,39.7,2,1,0,0,3,7
2024-05-24,Malmo FF,Kalmar,5,0,1.2,6.68,13.56,1.21,7.01,13.87,Allsvenskan,,20240524_Malmo-FF_Kalmar,160.58625034985175,2.3,0.64,7,4,15,11,53.3,46.7,4,1,0,0,1,5
2024-05-25,GAIS,Hacken,3,0,2.97,3.73,2.18,3.08,3.84,2.23,Allsvenskan,,20240525_GAIS_Hacken,-103.6043242362066,1.24,0.94,5,4,11,9,46.8,53.2,3,1,0,0,8,6
2024-05-25,Mjallby,Djurgarden,1,3,3.0,3.24,2.39,3.04,3.28,2.51,Allsvenskan,,20240525_Mjallby_Djurgarden,-91.61217225198334,0.43,1.8,2,5,3,13,47.1,52.9,3,1,0,0,2,7
2024-05-26,Hammarby,Sirius,3,0,2.15,3.58,3.16,2.21,3.66,3.24,Allsvenskan,,20240526_Hammarby_Sirius,62.14706531662,0.93,0.76,3,2,8,4,50.1,49.9,2,1,0,0,7,3
2024-05-26,Vasteras SK,Brommapojkarna,1,1,2.09,3.62,3.25,2.16,3.71,3.32,Allsvenskan,,20240526_Vasteras-SK_Brommapojkarna,-40.127586575750456,0.6,1.03,1,4,0,7,49.4,50.6,2,0,0,0,2,3
2024-05-27,AIK,Goteborg,5,2,1.99,3.5,3.64,2.03,3.61,3.77,Allsvenskan,,20240527_AIK_Goteborg,38.37888818144097,1.83,1.44,6,4,13,10,50.7,49.3,2,1,0,0,8,7
2024-05-27,Norrkoping,Varnamo,0,4,2.03,3.6,3.4,2.1,3.67,3.51,Allsvenskan,,20240527_Norrkoping_Varnamo,-34.589565326409,1.78,1.65,5,5,9,11,45.3,54.7,3,4,0,0,8,5
2024-05-28,Malmo FF,Elfsborg,2,1,1.42,4.71,6.9,1.44,4.78,7.53,Allsvenskan,,20240528_Malmo-FF_Elfsborg,73.52770523193908,2.12,1.55,8,7,19,15,57.9,42.1,5,1,0,0,11,10
2024-05-29,Mjallby,Hacken,2,1,2.42,3.46,2.76,2.48,3.53,2.89,Allsvenskan,,20240529_Mjallby_Hacken,-75.10677180137486,0.88,2.07,3,9,7,18,47.6,52.4,0,2,0,0,5,9
2024-06-01,Brommapojkarna,Malmo FF,2,2,5.18,4.39,1.56,5.58,4.64,1.56,Allsvenskan,,20240601_Brommapojkarna_Malmo-FF,-238.7255234955387,1.1,1.52,4,4,9,9,42.5,57.5,1,2,0,0,1,1
2024-06-01,Goteborg,Elfsborg,1,0,2.72,3.5,2.44,2.8,3.58,2.52,Allsvenskan,,20240601_Goteborg_Elfsborg,-118.00837938229847,1.16,0.05,3,2,6,4,46.6,53.4,0,1,0,0,3,3
2024-06-01,Halmstad,GAIS,4,0,3.76,3.44,1.98,4.0,3.51,2.0,Allsvenskan,,20240601_Halmstad_GAIS,-45.425039275480685,1.2,0.47,4,1,9,1,45.2,54.8,1,2,0,0,3,1
2024-06-01,Sirius,Norrkoping,5,1,1.79,3.92,4.02,1.86,3.99,4.02,Allsvenskan,,20240601_Sirius_Norrkoping,32.0910878940083,1.18,1.67,5,4,12,9,50.3,49.7,1,3,0,0,6,3
2024-06-02,Djurgarden,Hammarby,0,3,1.74,3.9,4.31,1.74,3.96,4.79,Allsvenskan,,20240602_Djurgarden_Hammarby,45.81348995825829,1.31,1.1,5,3,11,5,47.6,52.4,4,2,0,0,8,5
2024-06-02,Hacken,AIK,4,1,1.9,3.92,3.53,1.93,4.08,3.66,Allsvenskan,,20240602_Hacken_AIK,37.299669227815,2.3,1.13,9,3,20,6,54.0,46.0,1,4,0,0,8,2
2024-06-02,Kalmar,Vasteras SK,0,4,2.7,3.36,2.54,2.8,3.4,2.62,Allsvenskan,,20240602_Kalmar_Vasteras-SK,92.37461435377236,0.79,0.97,3,4,8,10,63.1,36.9,2,2,0,0,3,7
2024-06-02,Varnamo,Mjallby,1,2,2.65,3.16,2.71,2.71,3.25,2.81,Allsvenskan,,20240602_Varnamo_Mjallby,-8.723720672788886,0.76,0.56,3,3,7,6,51.4,48.6,1,1,0,0,5,3
2024-07-06,Elfsborg,Brommapojkarna,3,0,1.74,4.07,4.16,1.78,4.22,4.23,Allsvenskan,,20240706_Elfsborg_Brommapojkarna,123.12295780581235,1.93,0.44,6,0,12,0,54.4,45.6,1,2,0,0,9,1
2024-07-06,Mjallby,Sirius,3,2,1.95,3.51,3.75,2.01,3.58,3.88,Allsvenskan,,20240706_Mjallby_Sirius,33.644700768950315,0.8,1.59,3,6,6,15,57.2,42.8,1,4,0,1,5,9
2024-07-07,AIK,Kalmar,1,2,1.44,4.53,6.69,1.45,4.76,7.14,Allsvenskan,,20240707_AIK_Kalmar,37.32662883720718,0.95,1.39,2,4,3,8,52.4,47.6,2,3,0,0,4,0
2024-07-07,GAIS,Hammarby,0,0,2.15,3.53,3.18,2.22,3.55,3.29,Allsvenskan,,20240707_GAIS_Hammarby,-88.29198146923522,0.96,0.7,2,0,5,0,43.3,56.7,1,2,0,0,3,0
2024-07-07,Malmo FF,Halmstad,5,1,1.15,8.11,14.93,1.17,8.6,14.91,Allsvenskan,,20240707_Malmo-FF_Halmstad,196.302850519382,1.76,1.2,5,5,9,10,55.2,44.8,2,0,0,0,7,2
2024-07-07,Varnamo,Goteborg,2,0,2.5,3.45,2.67,2.56,3.47,2.82,Allsvenskan,,20240707_Varnamo_Goteborg,14.69173987525096,0.69,1.8,3,7,7,16,49.5,50.5,1,2,0,0,1,6
2024-07-08,Norrkoping,Djurgarden,1,3,4.48,3.87,1.72,4.8,3.88,1.75,Allsvenskan,,20240708_Norrkoping_Djurgarden,-157.1254032921404,0.73,1.29,4,3,8,7,48.9,51.1,2,1,0,0,8,7
2024-07-08,Vasteras SK,Hacken,1,2,3.0,3.79,2.15,3.01,3.95,2.23,Allsvenskan,,20240708_Vasteras-SK_Hacken,-158.19940784638993,0.68,1.22,2,3,5,4,44.4,55.6,2,2,0,0,2,4
2024-07-13,Mjallby,Malmo FF,2,1,4.78,4.07,1.65,4.84,4.06,1.71,Allsvenskan,,20240713_Mjallby_Malmo-FF,-135.65725658822907,0.86,0.74,4,2,8,6,46.2,53.8,0,2,0,0,5,2
2024-07-13,Sirius,GAIS,3,1,2.1,3.62,3.24,2.17,3.72,3.28,Allsvenskan,,20240713_Sirius_GAIS,-10.112880216982148,0.46,1.27,3,5,9,12,45.1,54.9,0,1,0,0,6,4
2024-07-14,Djurgarden,Varnamo,1,0,1.49,4.42,6.03,1.51,4.59,6.37,Allsvenskan,,20240714_Djurgarden_Varnamo,97.14357761889983,1.33,0.73,6,1,13,0,51.8,48.2,5,4,0,0,3,2
2024-07-14,Hacken,Elfsborg,3,5,1.91,3.92,3.53,1.99,3.95,3.57,Allsvenskan,,20240714_Hacken_Elfsborg,4.640190604045301,0.89,1.67,4,5,8,12,44.2,55.8,1,0,0,0,5,6
2024-07-14,Kalmar,Brommapojkarna,0,1,2.53,3.57,2.6,2.58,3.65,2.69,Allsvenskan,,20240714_Kalmar_Brommapojkarna,53.93711068494167,0.36,1.07,1,3,3,6,56.6,43.4,2,1,1,0,1,2
2024-07-14,Vasteras SK,Norrkoping,2,1,1.66,4.12,4.62,1.68,4.22,4.88,Allsvenskan,,20240714_Vasteras-SK_Norrkoping,-25.627916549215115,1.37,0.52,7,3,17,7,55.0,45.0,0,4,1,0,5,5
2024-07-15,Halmstad,AIK,1,2,3.8,3.85,1.86,3.95,4.0,1.88,Allsvenskan,,20240715_Halmstad_AIK,-34.52223391918892,0.79,0.78,4,2,11,7,50.0,50.0,2,3,0,0,6,7
2024-07-15,Hammarby,Goteborg,0,1,1.99,3.73,3.46,2.06,3.83,3.49,Allsvenskan,,20240715_Hammarby_Goteborg,106.25342104269407,1.3,0.9,4,2,9,5,54.4,45.6,2,4,0,0,1,3
2024-07-19,Sirius,Malmo FF,3,4,5.76,4.63,1.49,6.05,4.78,1.51,Allsvenskan,,20240719_Sirius_Malmo-FF,-162.17490543173471,1.22,0.84,6,4,14,9,45.7,54.3,2,1,0,0,5,5
2024-07-20,Brommapojkarna,Hammarby,0,2,2.12,3.79,3.08,2.16,3.88,3.2,Allsvenskan,,20240720_Brommapojkarna_Hammarby,-110.23651797661705,0.76,1.51,4,4,8,6,35.8,64.2,0,1,0,0,9,3
2024-07-20,Kalmar,Djurgarden,2,1,4.19,3.69,1.82,4.27,3.79,1.86,Allsvenskan,,20240720_Kalmar_Djurgarden,-136.8523764972665,1.75,0.94,5,3,12,5,43.7,56.3,3,1,0,0,5,3
2024-07-20,Varnamo,Hacken,2,2,2.82,3.76,2.28,2.83,3.89,2.37,Allsvenskan,,20240720_Varnamo_Hacken,-69.09818332522786,1.32,1.33,4,2,9,6,50.6,49.4,2,0,0,0,5,3
2024-07-21,Elfsborg,Mjallby,3,1,1.83,3.74,4.07,1.83,3.79,4.47,Allsvenskan,,20240721_Elfsborg_Mjallby,32.11799700691836,1.89,0.68,7,3,16,7,49.5,50.5,0,4,0,0,6,8
2024-07-21,Goteborg,Vasteras SK,1,1,2.04,3.64,3.39,2.04,3.78,3.59,Allsvenskan,,20240721_Goteborg_Vasteras-SK,64.43849966594075,1.19,0.91,4,2,8,4,54.9,45.1,0,2,0,0,3,2
2024-07-21,Norrkoping,Halmstad,1,0,1.86,3.84,3.84,1.87,3.94,4.04,Allsvenskan,,20240721_Norrkoping_Halmstad,-34.98873903707181,1.09,1.52,4,6,9,12,50.9,49.1,2,1,0,0,1,2
2024-07-22,GAIS,AIK,2,0,2.7,3.56,2.44,2.77,3.69,2.49,Allsvenskan,,20240722_GAIS_AIK,-30.53270140222321,1.3,0.91,4,4,9,8,46.0,54.0,2,0,0,0,5,8
2024-07-27,Goteborg,Brommapojkarna,3,4,1.99,3.64,3.52,2.04,3.69,3.66,Allsvenskan,,20240727_Goteborg_Brommapojkarna,41.217184301542375,1.65,1.94,4,9,11,20,49.0,51.0,2,0,0,0,2,13
2024-07-27,Halmstad,Varnamo,1,0,3.34,3.2,2.23,3.5,3.21,2.29,Allsvenskan,,20240727_Halmstad_Varnamo,-58.53727948218557,0.65,0.05,1,0,2,0,52.1,47.9,1,1,0,0,1,1
2024-07-27,Malmo FF,Sirius,0,1,1.27,6.03,9.1,1.27,6.45,9.75,Allsvenskan,,20240727_Malmo-FF_Sirius,175.72071097788876,0.22,0.57,0,1,2,3,58.7,41.3,1,3,0,0,3,4
2024-07-27,Norrkoping,Kalmar,2,0,2.33,3.55,2.86,2.38,3.69,2.93,Allsvenskan,,20240727_Norrkoping_Kalmar,-59.00849199304571,1.76,0.75,5,2,12,6,45.5,54.5,2,1,0,0,6,3
2024-07-28,Elfsborg,Djurgarden,1,2,2.12,3.53,3.27,2.17,3.57,3.42,Allsvenskan,,20240728_Elfsborg_Djurgarden,1.5661713078991397,1.52,0.06,4,2,9,7,51.3,48.7,1,2,0,0,5,1
2024-07-28,Hacken,Vasteras SK,4,0,1.53,4.79,4.99,1.55,4.95,5.25,Allsvenskan,,20240728_Hacken_Vasteras-SK,142.3689732451253,1.08,0.67,4,1,9,4,54.5,45.5,1,2,0,0,3,1
2024-07-28,Hammarby,Mjallby,3,0,2.1,3.66,3.22,2.11,3.76,3.39,Allsvenskan,,20240728_Hammarby_Mjallby,24.294643425946333,1.94,0.63,6,2,14,5,49.6,50.4,4,0,0,0,3,5
2024-07-29,AIK,GAIS,0,1,1.91,3.76,3.69,1.93,3.84,3.71,Allsvenskan,,20240729_AIK_GAIS,4.428989925631413,0.21,0.94,1,2,3,4,44.7,55.3,0,0,0,0,2,4
2024-08-03,Brommapojkarna,Halmstad,4,1,1.53,4.26,5.86,1.54,4.35,6.33,Allsvenskan,,20240803_Brommapojkarna_Halmstad,-1.2102242577177549,1.99,0.99,6,3,13,5,52.1,47.9,1,3,0,0,7,7
2024-08-03,GAIS,Norrkoping,0,1,1.75,3.81,4.41,1.76,3.88,4.78,Allsvenskan,,20240803_GAIS_Norrkoping,58.58308920664581,1.21,0.95,5,1,13,1,53.3,46.7,2,1,0,0,10,2
2024-08-03,Vasteras SK,AIK,1,2,2.85,3.46,2.37,3.06,3.46,2.4,Allsvenskan,,20240803_Vasteras-SK_AIK,-70.93027521496128,1.72,1.35,6,5,15,10,46.9,53.1,0,1,0,0,2,8
2024-08-04,Djurgarden,Goteborg,1,1,1.64,3.98,5.02,1.71,4.01,4.9,Allsvenskan,,20240804_Djurgarden_Goteborg,139.1660002522442,0.6,1.06,2,5,4,12,58.6,41.4,0,2,0,0,2,6
2024-08-04,Kalmar,Hammarby,1,4,3.24,3.53,2.14,3.33,3.64,2.18,Allsvenskan,,20240804_Kalmar_Hammarby,-100.99542252113815,0.58,2.09,2,7,3,16,43.1,56.9,2,2,0,0,1,6
2024-08-04,Varnamo,Sirius,2,4,2.34,3.48,2.89,2.37,3.64,2.97,Allsvenskan,,20240804_Varnamo_Sirius,-19.694906865158373,1.14,1.6,4,4,10,9,51.1,48.9,2,2,0,0,1,6
2024-08-10,Goteborg,Varnamo,0,0,2.01,3.54,3.57,2.03,3.68,3.72,Allsvenskan,,20240810_Goteborg_Varnamo,-1.4728965858612355,1.22,0.1,3,1,5,2,53.3,46.7,1,3,0,0,7,5
2024-08-10,Halmstad,Malmo FF,0,1,8.58,5.2,1.33,9.28,5.47,1.34,Allsvenskan,,20240810_Halmstad_Malmo-FF,-202.7895852549716,1.02,1.9,4,7,7,17,39.5,60.5,1,3,1,0,9,14
2024-08-10,Norrkoping,Vasteras SK,2,1,2.64,3.5,2.53,2.73,3.6,2.57,Allsvenskan,,20240810_Norrkoping_Vasteras-SK,55.81218386059368,1.3,1.2,5,3,10,7,51.1,48.9,3,0,0,0,9,5
2024-08-11,AIK,Mjallby,1,0,1.69,3.83,4.84,1.76,3.92,4.68,Allsvenskan,,20240811_AIK_Mjallby,-37.057555164783935,0.89,0.12,3,0,8,3,42.9,57.1,4,1,0,0,9,2
2024-08-11,Elfsborg,GAIS,2,1,1.64,4.2,4.73,1.65,4.32,5.04,Allsvenskan,,20240811_Elfsborg_GAIS,93.78250564638552,0.83,1.33,4,5,9,10,54.2,45.8,1,2,0,0,3,6
2024-08-11,Sirius,Kalmar,3,1,1.68,4.03,4.63,1.71,4.12,4.8,Allsvenskan,,20240811_Sirius_Kalmar,47.74672506433171,1.82,1.02,7,4,16,10,57.3,42.7,2,1,0,0,10,5
2024-08-12,Hammarby,Brommapojkarna,3,3,1.92,3.97,3.48,2.01,4.09,3.42,Allsvenskan,,20240812_Hammarby_Brommapojkarna,121.17758401423794,0.99,0.7,3,3,5,3,59.5,40.5,1,0,1,0,3,2
2024-08-17,Goteborg,Sirius,1,1,2.26,3.61,2.95,2.34,3.75,2.94,Allsvenskan,,20240817_Goteborg_Sirius,-54.119101495889026,0.92,0.91,4,5,9,12,46.7,53.3,2,3,0,0,3,7
2024-08-17,Malmo FF,Norrkoping,2,1,1.37,5.19,7.17,1.38,5.47,7.49,Allsvenskan,,20240817_Malmo-FF_Norrkoping,180.9147728178009,0.21,2.16,2,6,5,14,56.6,43.4,0,0,0,0,7,11
2024-08-17,Varnamo,Hammarby,0,3,2.76,3.37,2.49,2.87,3.37,2.58,Allsvenskan,,20240817_Varnamo_Hammarby,-108.82553393815533,1.04,1.09,4,4,9,10,41.2,58.8,4,0,0,0,9,5
2024-08-17,Vasteras SK,Kalmar,2,1,1.74,3.86,4.48,1.78,3.84,4.7,Allsvenskan,,20240817_Vasteras-SK_Kalmar,-63.899586249155846,0.05,0.83,2,2,3,5,47.0,53.0,2,0,0,0,3,8
2024-08-18,Brommapojkarna,Hacken,1,3,2.83,3.93,2.22,2.92,4.05,2.25,Allsvenskan,,20240818_Brommapojkarna_Hacken,-101.40699150049318,0.37,1.08,1,4,3,12,46.1,53.9,2,4,0,0,3,7
2024-08-18,Djurgarden,AIK,0,2,2.2,3.27,3.36,2.28,3.22,3.51,Allsvenskan,,20240818_Djurgarden_AIK,94.77325308695708,0.17,1.96,2,8,4,17,56.8,43.2,0,2,0,0,4,7
2024-08-18,GAIS,Halmstad,3,1,1.47,4.36,6.69,1.49,4.48,7.06,Allsvenskan,,20240818_GAIS_Halmstad,44.91505060062627,1.93,0.57,7,1,14,1,56.2,43.8,1,1,0,0,7,0
2024-08-18,Mjallby,Elfsborg,1,1,2.81,3.33,2.48,2.89,3.42,2.54,Allsvenskan,,20240818_Mjallby_Elfsborg,-75.12622690765238,0.85,0.69,1,3,2,8,44.2,55.8,1,4,0,0,2,4
2024-08-24,Kalmar,Malmo FF,2,2,5.68,4.33,1.53,5.56,4.46,1.58,Allsvenskan,,20240824_Kalmar_Malmo-FF,-213.4482706345375,1.27,1.3,4,4,10,11,42.0,58.0,3,2,0,0,3,5
2024-08-25,AIK,Brommapojkarna,2,1,1.75,3.94,4.29,1.77,4.11,4.38,Allsvenskan,,20240825_AIK_Brommapojkarna,61.93390932461034,1.11,1.39,5,3,11,7,56.3,43.7,0,1,0,0,5,2
2024-08-25,Elfsborg,Goteborg,3,1,1.77,3.91,4.23,1.82,4.0,4.24,Allsvenskan,,20240825_Elfsborg_Goteborg,116.43606324946154,1.02,1.58,3,4,5,8,48.5,51.5,2,5,0,0,4,6
2024-08-25,Hacken,Varnamo,1,1,1.72,4.12,4.3,1.75,4.27,4.27,Allsvenskan,,20240825_Hacken_Varnamo,114.05520570435829,2.56,1.26,9,4,19,10,54.3,45.7,2,1,0,0,8,4
2024-08-25,Sirius,Djurgarden,0,1,2.31,3.44,3.0,2.37,3.48,3.09,Allsvenskan,,20240825_Sirius_Djurgarden,-62.5256454105629,1.17,0.31,3,1,6,1,44.3,55.7,1,1,0,0,3,1
2024-08-26,Halmstad,Vasteras SK,0,1,3.47,3.43,2.11,3.7,3.47,2.1,Allsvenskan,,20240826_Halmstad_Vasteras-SK,18.083050582592932,0.05,1.19,1,3,4,7,52.4,47.6,0,2,0,0,4,7
2024-08-26,Hammarby,GAIS,0,0,1.77,3.96,4.15,1.81,4.06,4.22,Allsvenskan,,20240826_Hammarby_GAIS,98.71074950843513,0.05,1.24,1,4,3,9,50.0,50.0,2,1,0,0,1,8
2024-08-26,Norrkoping,Mjallby,1,2,2.53,3.43,2.71,2.6,3.47,2.78,Allsvenskan,,20240826_Norrkoping_Mjallby,-56.795147265260084,0.89,0.57,2,3,6,3,49.2,50.8,2,4,0,1,6,1
2024-08-31,GAIS,Kalmar,1,1,1.79,3.72,4.3,1.83,3.8,4.44,Allsvenskan,,20240831_GAIS_Kalmar,45.132254484499754,1.14,1.15,4,6,9,12,48.3,51.7,0,0,0,0,12,11
2024-08-31,Mjallby,Halmstad,3,1,1.51,4.19,6.25,1.53,4.36,6.37,Allsvenskan,,20240831_Mjallby_Halmstad,116.93794724208647,0.94,0.76,4,2,9,2,50.7,49.3,1,0,0,0,7,2
2024-08-31,Varnamo,AIK,0,1,3.8,3.37,2.01,4.08,3.4,2.02,Allsvenskan,,20240831_Varnamo_AIK,-63.47429468923178,0.69,1.19,4,3,9,6,51.9,48.1,0,2,0,0,5,0
2024-08-31,Vasteras SK,Sirius,1,2,2.35,3.62,2.81,2.33,3.69,2.99,Allsvenskan,,20240831_Vasteras-SK_Sirius,-93.84453661754219,0.05,1.8,1,5,4,9,50.5,49.5,2,0,0,0,4,8
2024-09-01,Brommapojkarna,Elfsborg,3,3,2.85,3.69,2.29,3.09,3.73,2.27,Allsvenskan,,20240901_Brommapojkarna_Elfsborg,-147.82370982966745,0.05,0.7,3,3,6,8,40.2,59.8,2,4,0,0,4,5
2024-09-01,Goteborg,Hammarby,0,1,2.55,3.53,2.59,2.61,3.62,2.67,Allsvenskan,,20240901_Goteborg_Hammarby,-121.50407856877587,0.09,1.47,1,4,0,10,41.2,58.8,1,2,0,0,1,7
2024-09-01,Malmo FF,Djurgarden,4,0,1.55,4.14,5.75,1.6,4.19,5.77,Allsvenskan,,20240901_Malmo-FF_Djurgarden,53.69562445000952,1.4,1.33,4,6,9,14,47.1,52.9,1,2,0,0,5,4
2024-09-01,Norrkoping,Hacken,3,3,3.04,3.94,2.1,3.11,4.03,2.15,Allsvenskan,,20240901_Norrkoping_Hacken,-121.83970260687943,2.21,0.77,6,3,11,7,48.7,51.3,0,1,0,0,11,2
2024-09-14,Vasteras SK,GAIS,2,3,2.15,3.56,3.2,2.2,3.66,3.27,Allsvenskan,,20240914_Vasteras-SK_GAIS,-81.89433968099047,0.9,1.32,4,4,7,8,47.9,52.1,0,5,0,0,6,3
2024-09-15,AIK,Malmo FF,0,0,3.04,3.4,2.29,3.07,3.49,2.37,Allsvenskan,,20240915_AIK_Malmo-FF,-118.38836209011629,0.74,0.48,2,0,6,0,45.0,55.0,2,0,0,0,7,1
2024-09-15,Djurgarden,Mjallby,1,1,1.72,3.72,4.79,1.76,3.72,5.03,Allsvenskan,,20240915_Djurgarden_Mjallby,48.05704780707947,0.62,1.74,2,5,5,11,54.2,45.8,1,2,0,0,7,5
2024-09-15,Hacken,Goteborg,3,3,1.68,4.26,4.42,1.71,4.4,4.46,Allsvenskan,,20240915_Hacken_Goteborg,113.45414145327436,0.83,1.25,3,3,6,8,56.4,43.6,1,1,0,0,7,5
2024-09-15,Halmstad,Elfsborg,0,1,9.1,5.25,1.32,9.3,5.62,1.33,Allsvenskan,,20240915_Halmstad_Elfsborg,-188.3095670805044,0.98,0.18,3,1,8,3,36.9,63.1,3,2,0,0,2,6
2024-09-15,Kalmar,Varnamo,3,1,2.65,3.3,2.65,2.75,3.39,2.67,Allsvenskan,,20240915_Kalmar_Varnamo,-7.399639202670869,0.99,0.94,3,2,8,5,56.3,43.7,0,1,0,0,8,3
2024-09-15,Sirius,Brommapojkarna,3,2,1.93,3.95,3.47,1.87,4.06,3.81,Allsvenskan,,20240915_Sirius_Brommapojkarna,67.82925767244546,1.1,1.29,5,3,11,5,53.3,46.7,1,2,0,0,8,4
2024-09-16,Hammarby,Norrkoping,1,1,1.5,4.49,5.93,1.55,4.48,5.9,Allsvenskan,,20240916_Hammarby_Norrkoping,137.735110039029,1.39,0.77,3,1,7,0,59.3,40.7,1,0,0,0,3,1
2024-09-18,GAIS,Malmo FF,0,0,4.54,3.94,1.71,4.45,3.99,1.78,Allsvenskan,,20240918_GAIS_Malmo-FF,-153.7332723528973,0.55,1.15,1,3,2,4,44.4,55.6,0,3,0,0,3,4
2024-09-19,Elfsborg,Norrkoping,2,2,1.26,6.05,9.83,1.25,6.6,10.82,Allsvenskan,,20240919_Elfsborg_Norrkoping,137.67058195209597,3.03,1.09,10,3,20,8,55.6,44.4,2,3,0,0,11,5
2024-09-19,Hacken,Djurgarden,1,2,2.16,3.74,3.06,2.16,3.8,3.26,Allsvenskan,,20240919_Hacken_Djurgarden,-17.410234458384593,0.39,0.44,3,2,9,4,48.1,51.9,0,0,0,0,5,4
2024-09-21,Brommapojkarna,Mjallby,0,0,2.39,3.63,2.75,2.4,3.72,2.87,Allsvenskan,,20240921_Brommapojkarna_Mjallby,-94.36531188000276,1.61,0.91,4,1,8,2,48.0,52.0,1,3,0,0,4,2
2024-09-21,Kalmar,AIK,0,1,4.15,3.46,1.89,4.21,3.54,1.94,Allsvenskan,,20240921_Kalmar_AIK,-82.21964055375042,1.08,1.52,4,4,8,9,41.4,58.6,2,2,0,0,4,4
2024-09-22,Elfsborg,Hammarby,0,0,1.74,4.13,4.13,1.76,4.27,4.26,Allsvenskan,,20240922_Elfsborg_Hammarby,4.4601027090091065,1.42,0.66,4,2,8,5,43.8,56.2,0,1,0,0,1,6
2024-09-22,GAIS,Djurgarden,3,0,2.85,3.29,2.47,2.93,3.32,2.56,Allsvenskan,,20240922_GAIS_Djurgarden,-88.4167829989401,2.15,0.72,7,2,14,3,45.6,54.4,1,1,0,0,10,5
2024-09-22,Malmo FF,Hacken,4,0,1.47,4.86,5.83,1.48,5.07,6.07,Allsvenskan,,20240922_Malmo-FF_Hacken,95.5483225488133,1.93,1.29,4,3,10,9,55.4,44.6,2,1,0,0,5,6
2024-09-22,Varnamo,Vasteras SK,2,0,2.32,3.44,2.95,2.37,3.54,3.03,Allsvenskan,,20240922_Varnamo_Vasteras-SK,44.22911105268122,1.25,1.11,5,5,8,11,52.4,47.6,0,2,0,0,4,12
2024-09-23,Goteborg,Halmstad,1,1,1.52,4.2,6.12,1.58,4.14,6.1,Allsvenskan,,20240923_Goteborg_Halmstad,62.33128073356556,0.69,1.84,3,6,7,12,61.6,38.4,1,2,0,0,5,8
2024-09-25,Djurgarden,Brommapojkarna,2,1,1.77,3.9,4.21,1.79,4.03,4.38,Allsvenskan,,20240925_Djurgarden_Brommapojkarna,132.3519190313034,0.61,1.47,2,6,5,15,60.2,39.8,2,1,0,0,6,6
2024-09-25,Mjallby,Varnamo,1,1,2.11,3.33,3.51,2.16,3.41,3.61,Allsvenskan,,20240925_Mjallby_Varnamo,79.69625427649862,1.36,1.47,5,7,12,16,53.8,46.2,1,2,0,0,10,5
2024-09-25,Sirius,AIK,0,1,2.56,3.23,2.78,2.61,3.29,2.89,Allsvenskan,,20240925_Sirius_AIK,-22.34780839662585,0.31,0.87,1,2,2,5,47.7,52.3,0,1,0,0,1,4
2024-09-26,Halmstad,Kalmar,2,2,2.99,3.14,2.47,3.08,3.22,2.52,Allsvenskan,,20240926_Halmstad_Kalmar,-53.27836148178403,2.42,1.24,8,3,18,7,47.2,52.8,3,2,0,0,11,7
2024-09-26,Hammarby,Hacken,2,0,2.13,3.89,3.0,2.15,4.06,3.1,Allsvenskan,,20240926_Hammarby_Hacken,43.57905718853908,0.83,0.44,3,0,9,0,54.0,46.0,2,3,0,0,6,5
2024-09-26,Vasteras SK,Goteborg,1,1,1.98,3.68,3.56,2.02,3.86,3.57,Allsvenskan,,20240926_Vasteras-SK_Goteborg,-67.40187309497583,1.17,0.05,6,2,13,3,45.8,54.2,0,1,0,0,10,4
2024-09-29,AIK,Hammarby,1,0,2.12,3.14,3.71,2.14,3.18,3.95,Allsvenskan,,20240929_AIK_Hammarby,-34.835981441998,0.5,0.79,2,3,5,8,48.3,51.7,1,3,0,0,2,4
2024-09-29,Hacken,Sirius,2,0,1.78,4.14,3.94,1.8,4.29,4.05,Allsvenskan,,20240929_Hacken_Sirius,15.05777250935671,1.8,0.46,6,1,13,3,51.1,48.9,2,0,0,0,5,4
2024-09-29,Halmstad,Norrkoping,0,0,2.85,3.18,2.53,2.93,3.21,2.63,Allsvenskan,,20240929_Halmstad_Norrkoping,-63.3358865608227,0.88,0.05,4,1,10,2,46.6,53.4,2,3,0,0,7,3
2024-09-29,Kalmar,Elfsborg,1,3,4.03,3.72,1.84,4.16,3.84,1.87,Allsvenskan,,20240929_Kalmar_Elfsborg,-142.1842158426066,1.23,1.97,4,5,9,11,42.7,57.3,4,1,0,0,8,7
2024-09-29,Malmo FF,Mjallby,2,0,1.56,4.21,5.49,1.56,4.42,5.83,Allsvenskan,,20240929_Malmo-FF_Mjallby,126.16468253560924,1.4,1.36,5,4,10,7,57.3,42.7,2,2,0,0,5,6
2024-09-29,Varnamo,Djurgarden,1,1,3.18,3.32,2.25,3.28,3.37,2.32,Allsvenskan,,20240929_Varnamo_Djurgarden,-128.97808532349313,0.85,1.27,4,4,8,7,39.7,60.3,3,0,0,0,2,1
2024-09-30,Brommapojkarna,Vasteras SK,2,1,2.24,3.82,2.87,2.27,3.93,2.95,Allsvenskan,,20240930_Brommapojkarna_Vasteras-SK,46.94711074025827,1.07,0.65,6,1,11,3,62.4,37.6,2,1,0,0,9,2
2024-09-30,Goteborg,GAIS,2,0,2.77,3.52,2.42,2.84,3.6,2.48,Allsvenskan,,20240930_Goteborg_GAIS,-65.69560621601545,1.75,1.55,4,8,9,17,44.8,55.2,2,0,0,1,5,5
2024-10-03,Norrkoping,Sirius,0,2,2.76,3.52,2.43,2.83,3.56,2.51,Allsvenskan,,20241003_Norrkoping_Sirius,-45.866779865872786,0.05,0.22,0,2,1,4,48.8,51.2,1,3,1,0,1,5
2024-10-05,Brommapojkarna,GAIS,2,0,2.14,3.75,3.08,2.19,3.92,3.12,Allsvenskan,,20241005_Brommapojkarna_GAIS,-56.921269336309024,1.37,1.07,5,2,11,5,48.5,51.5,0,2,0,0,7,4
2024-10-05,Hammarby,Halmstad,1,0,1.34,5.12,8.55,1.32,5.61,9.52,Allsvenskan,,20241005_Hammarby_Halmstad,182.79866184609477,0.3,0.17,2,2,6,4,57.9,42.1,2,1,0,0,5,4
2024-10-05,Mjallby,Vasteras SK,2,1,1.9,3.73,3.77,1.93,3.83,3.92,Allsvenskan,,20241005_Mjallby_Vasteras-SK,142.44592000987586,0.58,0.73,2,3,5,7,56.9,43.1,3,1,0,0,2,5
2024-10-06,AIK,Hacken,0,2,1.96,3.55,3.73,1.98,3.68,3.88,Allsvenskan,,20241006_AIK_Hacken,31.467357408228054,0.27,1.0,0,3,1,8,47.3,52.7,1,1,0,0,2,6
2024-10-06,Djurgarden,Kalmar,1,1,1.48,4.43,6.33,1.51,4.55,6.51,Allsvenskan,,20241006_Djurgarden_Kalmar,139.17581452017203,1.86,1.06,7,2,17,5,50.5,49.5,5,3,0,0,7,5
2024-10-06,Malmo FF,Varnamo,1,1,1.39,4.88,7.48,1.41,5.02,7.64,Allsvenskan,,20241006_Malmo-FF_Varnamo,204.013860102614,1.13,1.49,4,4,9,8,59.3,40.7,2,2,1,0,2,10
2024-10-06,Norrkoping,Goteborg,0,2,2.21,3.38,3.2,2.24,3.44,3.37,Allsvenskan,,20241006_Norrkoping_Goteborg,-17.44119401893977,0.87,1.39,2,6,5,14,51.7,48.3,1,4,0,0,2,9
2024-10-06,Sirius,Elfsborg,4,1,2.83,3.67,2.31,2.88,3.76,2.38,Allsvenskan,,20241006_Sirius_Elfsborg,-81.69290794552103,0.37,0.64,4,1,10,1,41.0,59.0,1,1,0,0,3,1
2024-10-19,Elfsborg,Hacken,1,3,1.78,4.17,3.89,1.81,4.25,4.03,Allsvenskan,,20241019_Elfsborg_Hacken,26.24501427089581,1.54,1.06,4,3,8,6,47.9,52.1,3,2,0,0,3,4
2024-10-19,Halmstad,Sirius,3,1,3.72,3.74,1.92,3.85,3.99,1.91,Allsvenskan,,20241019_Halmstad_Sirius,-136.28199225764683,1.87,0.96,5,3,11,7,39.3,60.7,1,3,0,0,6,4
2024-10-19,Vasteras SK,Malmo FF,1,1,4.72,4.2,1.65,4.77,4.25,1.69,Allsvenskan,,20241019_Vasteras-SK_Malmo-FF,-285.26321346818145,0.83,0.73,2,4,4,9,33.9,66.1,2,1,0,0,3,9
2024-10-20,GAIS,Varnamo,0,0,2.23,3.42,3.13,2.23,3.56,3.27,Allsvenskan,,20241020_GAIS_Varnamo,24.116371583354066,0.25,1.23,0,4,3,9,57.8,42.2,0,1,0,0,5,6
2024-10-20,Kalmar,Mjallby,0,3,2.95,3.36,2.36,3.03,3.45,2.42,Allsvenskan,,20241020_Kalmar_Mjallby,-83.69281145198215,1.04,0.89,2,3,3,10,55.3,44.7,3,1,0,0,2,4
2024-10-21,Goteborg,AIK,1,2,2.9,3.11,2.54,2.98,3.17,2.63,Allsvenskan,,20241021_Goteborg_AIK,-83.85417938393425,0.7,1.18,1,3,0,5,40.5,59.5,2,2,0,1,3,5
2024-10-21,Hammarby,Djurgarden,2,0,2.35,3.17,3.16,2.36,3.21,3.35,Allsvenskan,,20241021_Hammarby_Djurgarden,14.282231499700629,0.9,0.73,2,2,7,5,46.7,53.3,4,1,0,0,5,5
2024-10-21,Norrkoping,Brommapojkarna,1,1,2.18,3.5,3.2,2.24,3.5,3.32,Allsvenskan,,20241021_Norrkoping_Brommapojkarna,-23.0774576579322,0.88,1.28,3,4,6,7,44.0,56.0,1,0,0,0,5,5
2024-10-26,Brommapojkarna,Kalmar,1,2,2.12,3.62,3.21,2.2,3.64,3.29,Allsvenskan,,20241026_Brommapojkarna_Kalmar,23.948886287964797,1.24,1.76,4,4,9,11,55.8,44.2,7,1,0,0,5,2
2024-10-26,Mjallby,GAIS,1,1,1.63,3.97,5.22,1.63,4.08,5.56,Allsvenskan,,20241026_Mjallby_GAIS,49.083542222104825,1.05,0.51,4,1,9,3,52.4,47.6,3,2,1,0,4,5
2024-10-26,Sirius,Hammarby,0,3,3.04,3.55,2.23,3.15,3.65,2.27,Allsvenskan,,20241026_Sirius_Hammarby,-86.92510664861902,0.55,0.96,1,3,2,6,40.0,60.0,0,1,0,0,0,4
2024-10-27,AIK,Elfsborg,2,1,2.09,3.33,3.59,2.11,3.42,3.63,Allsvenskan,,20241027_AIK_Elfsborg,1.1180643937159402,0.36,1.33,2,4,5,11,51.2,48.8,2,2,0,0,2,5
2024-10-27,Hacken,Halmstad,0,1,1.44,4.97,6.06,1.48,5.13,6.03,Allsvenskan,,20241027_Hacken_Halmstad,158.61364639963085,0.16,1.45,0,5,0,11,61.4,38.6,1,2,0,0,4,7
2024-10-27,Varnamo,Norrkoping,1,2,2.01,3.24,4.0,2.08,3.19,4.18,Allsvenskan,,20241027_Varnamo_Norrkoping,28.02089715076727,1.31,2.5,4,9,8,18,51.9,48.1,2,1,0,1,2,15
2024-10-28,Djurgarden,Vasteras SK,2,1,1.56,4.3,5.41,1.56,4.51,5.66,Allsvenskan,,20241028_Djurgarden_Vasteras-SK,183.86034694140153,0.31,0.51,2,1,4,2,56.0,44.0,2,2,0,0,2,2
2024-10-28,Malmo FF,Goteborg,2,1,1.43,4.58,7.04,1.44,4.63,7.77,Allsvenskan,,20241028_Malmo-FF_Goteborg,180.1435733609187,1.88,0.72,6,1,13,4,53.9,46.1,2,1,0,0,7,6
2024-11-02,Elfsborg,Vasteras SK,1,0,1.53,4.54,5.37,1.55,4.7,5.61,Allsvenskan,,20241102_Elfsborg_Vasteras-SK,184.179247612665,1.56,0.3,5,1,13,1,54.6,45.4,3,4,0,0,7,0
2024-11-02,Goteborg,Kalmar,1,1,1.94,3.45,3.95,1.95,3.51,4.2,Allsvenskan,,20241102_Goteborg_Kalmar,13.638593609198324,0.38,1.06,1,3,1,7,53.7,46.3,2,3,0,0,1,5
2024-11-02,Hammarby,Malmo FF,2,2,1.66,4.04,4.74,1.73,4.06,4.71,Allsvenskan,,20241102_Hammarby_Malmo-FF,-45.113955312835515,1.04,1.11,3,4,6,7,50.0,50.0,1,2,0,0,5,4
2024-11-03,Brommapojkarna,Varnamo,0,1,3.03,3.6,2.21,3.19,3.68,2.27,Allsvenskan,,20241103_Brommapojkarna_Varnamo,-6.39537660335327,0.5,0.82,1,3,2,5,53.3,46.7,1,5,0,1,2,2
2024-11-03,Hacken,GAIS,1,2,1.86,4.2,3.53,1.91,4.3,3.59,Allsvenskan,,20241103_Hacken_GAIS,61.61572318295066,1.13,1.03,3,3,6,9,53.8,46.2,2,0,0,0,3,6
2024-11-03,Halmstad,Djurgarden,1,0,4.12,3.53,1.88,4.16,3.58,1.94,Allsvenskan,,20241103_Halmstad_Djurgarden,-142.00755665738075,0.38,0.4,1,2,1,4,46.9,53.1,0,1,0,0,1,3
2024-11-03,Sirius,Mjallby,1,1,2.77,3.65,2.35,2.88,3.74,2.39,Allsvenskan,,20241103_Sirius_Mjallby,-31.322298485301417,1.03,0.69,3,3,7,6,49.2,50.8,4,0,0,0,6,3
2024-11-04,Norrkoping,AIK,1,0,3.12,3.19,2.35,3.17,3.24,2.44,Allsvenskan,,20241104_Norrkoping_AIK,-131.45009610170155,0.77,0.69,4,2,9,6,41.7,58.3,1,1,0,1,7,9
2024-11-10,AIK,Halmstad,5,1,1.44,4.27,7.81,1.46,4.37,7.99,Allsvenskan,,20241110_AIK_Halmstad,122.01766601187933,1.74,1.06,5,4,10,6,51.6,48.4,5,1,0,0,4,2
2024-11-10,Djurgarden,Norrkoping,3,1,1.26,5.73,10.72,1.27,5.82,11.75,Allsvenskan,,20241110_Djurgarden_Norrkoping,85.4720843871869,1.63,0.84,6,3,13,7,53.1,46.9,1,1,0,0,8,5
2024-11-10,GAIS,Sirius,2,1,2.01,3.87,3.3,2.02,3.99,3.41,Allsvenskan,,20241110_GAIS_Sirius,-1.3658650561653758,0.84,1.3,4,3,7,9,48.5,51.5,1,1,0,0,3,4
2024-11-10,Kalmar,Hacken,1,0,2.77,4.03,2.22,2.85,4.08,2.26,Allsvenskan,,20241110_Kalmar_Hacken,-88.83430708873561,0.82,0.75,5,3,11,7,48.3,51.7,0,2,0,0,4,6
2024-11-10,Malmo FF,Brommapojkarna,2,1,1.25,6.31,9.85,1.26,6.44,10.06,Allsvenskan,,20241110_Malmo-FF_Brommapojkarna,218.27774967797836,0.68,1.28,2,2,6,4,50.5,49.5,2,0,0,0,6,2
2024-11-10,Mjallby,Goteborg,1,0,2.35,3.53,2.87,2.39,3.62,2.91,Allsvenskan,,20241110_Mjallby_Goteborg,73.26416233824511,0.67,0.05,3,0,5,0,54.3,45.7,3,1,0,0,5,2
2024-11-10,Varnamo,Elfsborg,0,0,1.87,3.69,3.95,1.92,3.75,3.98,Allsvenskan,,20241110_Varnamo_Elfsborg,-98.71507360285318,0.55,0.71,1,2,2,4,45.7,54.3,3,2,0,0,3,0
2024-11-10,Vasteras SK,Hammarby,1,0,2.82,3.73,2.29,2.86,3.84,2.33,Allsvenskan,,20241110_Vasteras-SK_Hammarby,-244.12211017683217,0.98,0.7,3,2,6,5,44.5,55.5,1,1,0,0,7,5
2024-11-21,Landskrona,Varnamo,2,2,4.31,3.15,1.95,4.52,3.25,1.95,Allsvenskan,,20241121_Landskrona_Varnamo,-29.846519162205368,0.78,1.43,3,4,7,9,45.7,54.3,2,1,0,0,1,2
2024-11-24,Varnamo,Landskrona,1,0,1.58,3.82,6.06,1.61,3.89,6.11,Allsvenskan,,20241124_Varnamo_Landskrona,27.789851369876033,0.72,0.24,3,2,8,4,51.3,48.7,4,1,0,0,3,1
2025-03-29,Djurgarden,Malmo FF,0,1,2.73,3.26,2.61,2.8,3.29,2.69,Allsvenskan,,20250329_Djurgarden_Malmo-FF,-96.59717109580606,1.24,1.91,4,4,7,9,46.2,53.8,0,2,0,0,4,3
2025-03-29,Hacken,Brommapojkarna,2,0,1.6,4.23,5.1,1.64,4.31,5.15,Allsvenskan,,20250329_Hacken_Brommapojkarna,93.10183708461045,1.08,0.52,4,1,9,1,56.9,43.1,1,0,0,0,10,4
2025-03-30,Elfsborg,Mjallby,2,2,2.21,3.21,3.37,2.26,3.26,3.51,Allsvenskan,,20250330_Elfsborg_Mjallby,15.92780253661931,0.52,1.46,2,4,4,9,51.0,49.0,0,0,0,0,3,4
2025-03-30,Halmstad,Degerfors,0,5,2.29,3.06,3.39,2.33,3.11,3.54,Allsvenskan,,20250330_Halmstad_Degerfors,49.53216636136722,1.66,1.04,6,5,12,9,48.8,51.2,2,0,0,0,6,8
2025-03-30,Hammarby,Goteborg,4,0,1.94,3.5,3.89,1.94,3.55,4.2,Allsvenskan,,20250330_Hammarby_Goteborg,139.84692613835432,1.62,0.52,5,1,10,2,63.5,36.5,1,2,0,0,4,3
2025-03-30,Norrkoping,Oster,4,3,1.98,3.58,3.68,1.97,3.72,3.86,Allsvenskan,,20250330_Norrkoping_Oster,44.765064928880975,1.47,0.73,4,3,6,7,52.2,47.8,0,1,0,0,6,5
2025-03-31,GAIS,AIK,0,1,2.66,2.98,2.89,2.81,2.91,3.0,Allsvenskan,,20250331_GAIS_AIK,-57.719962774164514,1.09,2.71,3,10,5,20,48.5,51.5,0,3,0,0,3,8
2025-03-31,Varnamo,Sirius,1,2,2.21,3.41,3.22,2.27,3.45,3.3,Allsvenskan,,20250331_Varnamo_Sirius,-15.414103876830723,0.21,0.65,1,2,2,5,51.5,48.5,2,2,0,0,6,5
2025-04-05,Goteborg,Halmstad,1,0,1.46,4.28,7.28,1.48,4.41,7.29,Allsvenskan,,20250405_Goteborg_Halmstad,22.196304788980115,1.43,1.08,5,1,10,2,46.6,53.4,2,2,0,0,8,4
2025-04-05,Oster,Hacken,2,0,3.59,3.67,1.98,3.69,3.72,2.02,Allsvenskan,,20250405_Oster_Hacken,-128.55643251447145,0.65,0.58,2,2,5,5,48.4,51.6,0,3,0,0,3,3
2025-04-05,Sirius,Djurgarden,0,1,3.3,3.45,2.17,3.32,3.46,2.26,Allsvenskan,,20250405_Sirius_Djurgarden,-48.081134039146946,1.0,1.42,3,4,7,9,46.9,53.1,2,4,1,0,3,3
2025-04-06,AIK,Norrkoping,4,3,1.77,3.52,4.82,1.81,3.54,4.99,Allsvenskan,,20250406_AIK_Norrkoping,115.39867804647952,1.9,0.98,5,4,12,9,58.2,41.8,0,4,1,1,10,5
2025-04-06,Brommapojkarna,Hammarby,0,2,3.66,3.45,2.02,3.82,3.46,2.07,Allsvenskan,,20250406_Brommapojkarna_Hammarby,-178.58212837284145,1.74,0.84,4,3,9,8,43.9,56.1,1,0,0,0,4,4
2025-04-06,Degerfors,Varnamo,1,0,2.23,3.19,3.38,2.27,3.24,3.52,Allsvenskan,,20250406_Degerfors_Varnamo,-66.42159315764957,1.28,0.18,2,2,4,6,46.5,53.5,2,3,0,0,5,4
2025-04-06,Mjallby,GAIS,1,1,2.0,3.32,3.94,2.03,3.33,4.14,Allsvenskan,,20250406_Mjallby_GAIS,38.56386590639636,0.14,1.46,1,4,2,9,55.6,44.4,1,2,0,0,4,7
2025-04-07,Malmo FF,Elfsborg,2,1,1.74,3.75,4.57,1.78,3.85,4.7,Allsvenskan,,20250407_Malmo-FF_Elfsborg,107.54424570494461,0.35,2.72,2,9,6,19,53.1,46.9,1,4,0,0,2,6
2025-04-12,Elfsborg,Norrkoping,2,0,1.66,4.01,4.8,1.68,4.14,5.02,Allsvenskan,,20250412_Elfsborg_Norrkoping,90.77661324352243,0.59,0.55,2,2,3,5,42.3,57.7,3,2,0,0,4,5
2025-04-12,Hacken,Mjallby,0,3,2.31,3.47,2.96,2.4,3.58,2.96,Allsvenskan,,20250412_Hacken_Mjallby,-28.24837783912085,0.83,0.57,0,3,0,6,50.0,50.0,1,2,0,0,1,1
2025-04-13,GAIS,Degerfors,2,0,1.82,3.56,4.39,1.83,3.62,4.66,Allsvenskan,,20250413_GAIS_Degerfors,93.06751469085839,0.45,1.41,2,3,5,6,57.4,42.6,1,1,0,0,0,3
2025-04-13,Hammarby,Djurgarden,2,0,2.25,3.25,3.26,2.33,3.3,3.33,Allsvenskan,,20250413_Hammarby_Djurgarden,42.12722830468715,1.31,1.79,4,4,8,8,47.6,52.4,0,1,0,0,4,7
2025-04-13,Sirius,Brommapojkarna,0,3,2.22,3.47,3.12,2.25,3.59,3.22,Allsvenskan,,20250413_Sirius_Brommapojkarna,80.32069626674752,0.96,1.22,2,4,4,9,52.6,47.4,1,3,0,0,6,5
2025-04-13,Varnamo,Goteborg,0,1,2.76,3.33,2.52,2.75,3.45,2.63,Allsvenskan,,20250413_Varnamo_Goteborg,-3.4092934282866736,0.97,0.21,4,1,10,4,49.9,50.1,2,1,0,0,3,5
2025-04-14,AIK,Malmo FF,0,0,4.16,3.29,1.95,4.3,3.36,1.98,Allsvenskan,,20250414_AIK_Malmo-FF,-83.4125007172363,0.24,1.88,0,6,0,12,46.5,53.5,2,2,0,0,3,11
2025-04-14,Halmstad,Oster,1,0,2.97,3.18,2.44,3.09,3.24,2.49,Allsvenskan,,20250414_Halmstad_Oster,-8.037061090979705,1.38,0.09,4,0,9,0,52.4,47.6,2,2,0,0,7,1
2025-04-18,Malmo FF,Sirius,1,1,1.39,4.77,7.66,1.41,4.83,8.13,Allsvenskan,,20250418_Malmo-FF_Sirius,192.8209820143602,1.35,0.18,5,1,13,3,54.2,45.8,2,1,0,0,3,1
2025-04-18,Mjallby,Hammarby,3,1,2.62,3.22,2.71,2.65,3.25,2.88,Allsvenskan,,20250418_Mjallby_Hammarby,-61.61048870446962,0.9,0.32,4,2,8,4,47.8,52.2,0,1,0,0,6,2
2025-04-19,Degerfors,Elfsborg,0,1,3.81,3.46,1.97,3.94,3.5,2.02,Allsvenskan,,20250419_Degerfors_Elfsborg,-154.5278224382987,0.07,0.9,1,2,1,4,41.8,58.2,1,1,0,0,4,1
2025-04-19,Norrkoping,Halmstad,3,0,1.64,3.85,5.23,1.67,3.94,5.44,Allsvenskan,,20250419_Norrkoping_Halmstad,28.112479924514446,1.82,0.49,6,1,13,1,48.7,51.3,1,0,0,0,7,7
2025-04-20,Brommapojkarna,Varnamo,3,2,1.91,3.56,3.91,1.92,3.68,4.12,Allsvenskan,,20250420_Brommapojkarna_Varnamo,-11.445904084538824,1.94,0.11,7,2,15,4,41.2,58.8,3,4,0,1,6,4
2025-04-20,Goteborg,Hacken,2,3,2.23,3.45,3.1,2.25,3.44,3.34,Allsvenskan,,20250420_Goteborg_Hacken,-36.52352261026749,2.04,1.19,5,4,13,9,54.5,45.5,2,0,0,0,7,4
2025-04-20,Oster,AIK,0,1,3.66,3.39,2.03,3.89,3.45,2.05,Allsvenskan,,20250420_Oster_AIK,-188.09947030587614,0.82,0.89,3,3,6,8,45.9,54.1,1,3,0,0,3,8
2025-04-21,Djurgarden,GAIS,0,0,2.14,3.26,3.51,2.2,3.3,3.62,Allsvenskan,,20250421_Djurgarden_GAIS,36.45616208502361,1.24,2.27,4,8,9,19,48.0,52.0,0,1,0,0,3,6
2025-04-23,Elfsborg,Sirius,4,3,1.69,3.95,4.7,1.72,4.02,4.8,Allsvenskan,,20250423_Elfsborg_Sirius,81.17611323930373,2.04,0.18,6,3,13,7,50.1,49.9,0,3,0,0,9,5
2025-04-23,Hacken,Degerfors,3,4,1.76,3.79,4.43,1.81,3.81,4.57,Allsvenskan,,20250423_Hacken_Degerfors,116.29590669305708,1.56,1.21,4,4,8,8,48.6,51.4,1,1,0,0,3,3
2025-04-23,Halmstad,Mjallby,1,3,5.03,3.65,1.71,5.27,3.71,1.73,Allsvenskan,,20250423_Halmstad_Mjallby,-156.23175705388076,0.31,0.28,1,3,2,5,43.5,56.5,2,2,0,0,4,6
2025-04-23,Hammarby,Malmo FF,2,0,2.24,3.34,3.18,2.31,3.38,3.29,Allsvenskan,,20250423_Hammarby_Malmo-FF,-64.6900212702983,0.65,0.63,3,2,8,2,49.7,50.3,0,3,0,0,7,3
2025-04-24,Djurgarden,Oster,1,0,1.4,4.79,7.36,1.41,4.94,7.91,Allsvenskan,,20250424_Djurgarden_Oster,150.80878221869284,0.98,0.05,3,2,7,5,51.8,48.2,2,1,0,0,3,6
2025-04-24,GAIS,Brommapojkarna,1,1,2.06,3.55,3.42,2.1,3.61,3.57,Allsvenskan,,20250424_GAIS_Brommapojkarna,76.2268916272235,1.05,0.97,5,1,10,5,47.9,52.1,3,0,0,0,5,2
2025-04-24,Norrkoping,Goteborg,2,3,2.4,3.39,2.86,2.49,3.43,2.94,Allsvenskan,,20250424_Norrkoping_Goteborg,5.616940179419089,1.23,1.56,5,5,11,11,48.3,51.7,0,2,0,0,6,7
2025-04-24,Varnamo,AIK,1,2,2.95,3.03,2.56,2.89,3.05,2.78,Allsvenskan,,20250424_Varnamo_AIK,-172.95209113235433,1.21,1.44,2,6,4,14,44.3,55.7,1,0,0,0,2,9
2025-04-27,AIK,Elfsborg,2,0,2.14,3.2,3.55,2.15,3.25,3.83,Allsvenskan,,20250427_AIK_Elfsborg,31.135842424416296,2.55,1.64,6,5,16,11,49.9,50.1,3,2,0,0,3,6
2025-04-27,Hacken,Hammarby,1,1,2.86,3.56,2.34,2.94,3.6,2.41,Allsvenskan,,20250427_Hacken_Hammarby,-117.14473858613292,0.14,1.72,1,6,2,12,50.5,49.5,1,1,0,0,3,8
2025-04-27,Mjallby,Degerfors,4,1,1.58,3.96,5.68,1.61,4.07,5.87,Allsvenskan,,20250427_Mjallby_Degerfors,161.02733854330722,1.87,0.05,6,1,12,1,57.5,42.5,1,1,0,0,9,1
2025-04-27,Sirius,Halmstad,1,1,1.59,4.06,5.35,1.63,4.15,5.48,Allsvenskan,,20250427_Sirius_Halmstad,71.29559123893637,0.75,1.31,2,5,2,11,54.8,45.2,2,3,0,0,3,5
2025-04-27,Varnamo,Norrkoping,1,3,2.34,3.42,2.93,2.38,3.47,3.07,Allsvenskan,,20250427_Varnamo_Norrkoping,-28.72420015613875,0.78,1.43,2,5,5,10,52.3,47.7,2,2,0,0,6,6
2025-04-28,Goteborg,GAIS,1,1,2.47,3.26,2.87,2.58,3.33,2.9,Allsvenskan,,20250428_Goteborg_GAIS,-45.96020229555211,0.37,1.65,1,5,1,9,42.1,57.9,1,2,0,0,3,5
2025-04-29,Malmo FF,Oster,2,0,1.22,6.1,12.67,1.24,6.28,13.39,Allsvenskan,,20250429_Malmo-FF_Oster,258.76541316699195,0.79,0.74,3,3,6,6,54.2,45.8,3,4,0,1,3,5
2025-05-03,Degerfors,Sirius,1,1,2.43,3.43,2.79,2.51,3.45,2.9,Allsvenskan,,20250503_Degerfors_Sirius,-66.58685347837354,1.68,1.18,5,1,11,4,48.7,51.3,1,3,0,0,5,5
2025-05-03,Halmstad,Varnamo,4,2,3.33,3.16,2.26,3.42,3.25,2.31,Allsvenskan,,20250503_Halmstad_Varnamo,-2.7584099973348657,1.64,1.1,4,3,10,7,49.7,50.3,2,0,1,0,8,6
2025-05-04,Djurgarden,AIK,1,1,2.67,2.98,2.85,2.73,2.95,3.06,Allsvenskan,,20250504_Djurgarden_AIK,-59.74109304904937,0.07,1.9,1,4,3,9,49.2,50.8,4,2,0,0,1,4
2025-05-04,Mjallby,Goteborg,1,0,1.87,3.58,4.08,1.9,3.66,4.24,Allsvenskan,,20250504_Mjallby_Goteborg,111.64725248197601,1.29,0.72,4,3,10,7,56.2,43.8,5,3,0,0,3,6
2025-05-04,Norrkoping,Hacken,0,2,2.55,3.9,2.42,2.63,3.94,2.5,Allsvenskan,,20250504_Norrkoping_Hacken,-41.60295215721135,1.28,1.36,5,5,13,10,56.1,43.9,1,5,0,0,8,5
2025-05-04,Oster,Hammarby,0,3,6.22,4.33,1.49,6.53,4.46,1.51,Allsvenskan,,20250504_Oster_Hammarby,-223.00936650619292,1.41,2.35,4,6,8,12,37.8,62.2,3,0,0,0,3,8
2025-05-05,Elfsborg,GAIS,2,0,2.31,3.49,2.94,2.29,3.62,3.11,Allsvenskan,,20250505_Elfsborg_GAIS,51.96238211260925,1.66,0.62,5,0,12,0,47.9,52.1,2,1,1,0,4,3
2025-05-05,Malmo FF,Brommapojkarna,1,2,1.38,4.97,7.51,1.39,5.15,8.15,Allsvenskan,,20250505_Malmo-FF_Brommapojkarna,212.85943471226415,0.85,0.95,4,2,9,3,58.0,42.0,3,2,0,0,4,0
2025-05-10,Brommapojkarna,Halmstad,0,1,1.53,4.37,5.69,1.55,4.45,6.0,Allsvenskan,,20250510_Brommapojkarna_Halmstad,42.636463168950286,0.05,1.3,1,5,3,10,47.3,52.7,0,1,0,0,5,2
2025-05-10,GAIS,Varnamo,1,1,1.86,3.51,4.19,1.9,3.57,4.34,Allsvenskan,,20250510_GAIS_Varnamo,104.76409870706334,1.17,0.69,3,1,6,2,56.3,43.7,2,1,0,0,1,1
2025-05-10,Sirius,Hacken,2,0,2.58,3.67,2.49,2.66,3.71,2.58,Allsvenskan,,20250510_Sirius_Hacken,-41.50921518245673,1.11,0.82,2,3,6,7,45.7,54.3,1,0,0,0,0,6
2025-05-11,AIK,Mjallby,2,1,2.37,2.96,3.31,2.47,2.99,3.41,Allsvenskan,,20250511_AIK_Mjallby,25.795099730628408,0.74,0.87,2,3,6,7,51.8,48.2,1,0,0,0,3,7
2025-05-11,Degerfors,Malmo FF,1,4,5.03,4.02,1.63,5.3,4.05,1.66,Allsvenskan,,20250511_Degerfors_Malmo-FF,-228.36339177286823,1.72,1.9,6,7,12,15,37.6,62.4,3,1,0,0,6,9
2025-05-11,Hammarby,Norrkoping,1,1,1.45,4.63,6.38,1.46,4.84,6.8,Allsvenskan,,20250511_Hammarby_Norrkoping,166.72476778844998,0.67,1.13,4,4,8,11,57.7,42.3,2,3,0,0,6,4
2025-05-11,Oster,Elfsborg,0,1,3.35,3.6,2.05,3.31,3.62,2.07,Allsvenskan,,20250511_Oster_Elfsborg,-191.59014631268496,0.62,0.05,1,1,3,3,43.0,57.0,3,2,0,0,0,6
2025-05-12,Goteborg,Djurgarden,1,2,2.4,3.38,2.87,2.46,3.44,2.98,Allsvenskan,,20250512_Goteborg_Djurgarden,-98.33045490847485,0.91,0.72,3,2,8,5,42.9,57.1,0,0,0,0,6,2
2025-05-14,Hacken,AIK,3,3,2.8,3.44,2.45,2.84,3.47,2.55,Allsvenskan,,20250514_Hacken_AIK,-127.41748435655586,1.59,1.47,5,5,13,12,48.4,51.6,0,0,0,0,10,1
2025-05-14,Halmstad,GAIS,1,3,3.74,3.25,2.08,3.93,3.27,2.11,Allsvenskan,,20250514_Halmstad_GAIS,-66.35410120482652,0.71,1.48,2,3,6,6,47.6,52.4,2,1,0,1,1,4
2025-05-14,Hammarby,Sirius,3,2,1.7,4.06,4.49,1.75,4.09,4.58,Allsvenskan,,20250514_Hammarby_Sirius,126.71061154049903,1.06,0.19,3,2,7,4,47.7,52.3,2,2,0,0,3,6
2025-05-15,Djurgarden,Mjallby,1,3,2.36,3.44,2.93,2.38,3.51,3.05,Allsvenskan,,20250515_Djurgarden_Mjallby,-10.057068236830219,1.88,1.52,4,4,7,9,45.6,54.4,0,2,0,0,7,3
2025-05-15,Elfsborg,Brommapojkarna,4,3,1.92,3.91,3.61,1.96,3.93,3.72,Allsvenskan,,20250515_Elfsborg_Brommapojkarna,132.54105101018672,2.2,1.41,8,6,16,14,48.5,51.5,0,2,0,0,6,5
2025-05-15,Goteborg,Oster,0,1,1.46,4.58,6.58,1.45,4.75,7.22,Allsvenskan,,20250515_Goteborg_Oster,75.62329152582788,0.55,0.64,4,1,10,2,57.7,42.3,3,2,0,0,6,3
2025-05-15,Norrkoping,Degerfors,1,2,2.05,3.64,3.41,2.13,3.67,3.44,Allsvenskan,,20250515_Norrkoping_Degerfors,51.24420458662371,0.05,2.09,2,7,3,15,60.8,39.2,2,2,0,0,5,7
2025-05-15,Varnamo,Malmo FF,2,2,4.56,3.79,1.75,4.74,3.83,1.78,Allsvenskan,,20250515_Varnamo_Malmo-FF,-241.3928955006047,0.88,1.28,2,3,4,7,46.8,53.2,1,2,0,0,5,6
2025-05-18,AIK,Hammarby,0,0,3.28,3.09,2.34,3.43,3.1,2.38,Allsvenskan,,20250518_AIK_Hammarby,3.340878661007082,2.02,1.16,7,4,16,9,53.7,46.3,2,3,0,0,12,5
2025-05-18,Hacken,Varnamo,2,0,1.94,3.84,3.57,2.01,3.89,3.57,Allsvenskan,,20250518_Hacken_Varnamo,95.07419654894761,1.07,1.15,3,4,9,9,51.5,48.5,2,0,0,0,4,5
2025-05-18,Malmo FF,Halmstad,3,0,1.21,6.55,12.45,1.22,6.84,13.03,Allsvenskan,,20250518_Malmo-FF_Halmstad,212.53121683410131,0.89,0.71,3,3,5,7,53.1,46.9,3,4,0,0,4,8
2025-05-18,Oster,GAIS,1,1,4.05,3.47,1.92,4.17,3.49,1.97,Allsvenskan,,20250518_Oster_GAIS,-116.82309644006068,1.03,1.71,3,6,7,13,38.9,61.1,5,2,0,0,3,9
2025-05-19,Degerfors,Goteborg,1,3,2.87,3.4,2.41,2.93,3.47,2.48,Allsvenskan,,20250519_Degerfors_Goteborg,-20.5079045098405,1.94,1.38,6,6,14,14,49.3,50.7,3,3,0,0,3,4
2025-05-19,Elfsborg,Djurgarden,4,0,2.17,3.5,3.23,2.17,3.62,3.38,Allsvenskan,,20250519_Elfsborg_Djurgarden,31.49951086273836,0.78,0.59,4,0,8,1,46.4,53.6,1,2,0,0,6,2
2025-05-19,Mjallby,Brommapojkarna,1,0,1.7,3.94,4.64,1.71,4.1,4.76,Allsvenskan,,20250519_Mjallby_Brommapojkarna,149.6681956057837,0.91,0.54,2,2,4,4,53.2,46.8,0,2,0,0,3,2
2025-05-19,Sirius,Norrkoping,1,2,2.04,3.82,3.28,2.14,3.91,3.21,Allsvenskan,,20250519_Sirius_Norrkoping,35.25614189901626,1.31,0.17,2,2,5,4,53.2,46.8,3,1,0,0,6,4
2025-05-22,Hammarby,Mjallby,1,2,1.68,4.04,4.61,1.69,4.21,4.81,Allsvenskan,,20250522_Hammarby_Mjallby,21.796334408604025,0.37,1.7,1,6,1,14,52.6,47.4,1,1,0,0,1,7
2025-05-22,Malmo FF,AIK,0,0,1.72,3.66,4.91,1.74,3.74,5.12,Allsvenskan,,20250522_Malmo-FF_AIK,18.47470806314095,0.46,0.47,2,1,3,4,46.5,53.5,2,4,0,0,2,5
2025-05-24,GAIS,Sirius,2,1,2.0,3.64,3.54,2.04,3.75,3.62,Allsvenskan,,20250524_GAIS_Sirius,41.18875130586002,1.21,0.66,5,1,11,4,59.0,41.0,3,0,0,0,7,2
2025-05-24,Varnamo,Oster,1,1,2.03,3.37,3.75,2.1,3.4,3.8,Allsvenskan,,20250524_Varnamo_Oster,3.875820214973146,0.05,1.4,1,4,3,8,45.2,54.8,5,3,1,0,3,2
2025-05-25,Brommapojkarna,AIK,0,1,3.25,3.49,2.16,3.28,3.54,2.24,Allsvenskan,,20250525_Brommapojkarna_AIK,-189.468784219511,0.05,1.21,0,3,0,6,43.9,56.1,1,1,0,1,0,4
2025-05-25,Djurgarden,Hacken,1,1,2.17,3.55,3.19,2.25,3.63,3.2,Allsvenskan,,20250525_Djurgarden_Hacken,33.7667104011598,0.91,0.36,5,2,10,5,54.7,45.3,4,3,0,0,4,2
2025-05-25,Goteborg,Malmo FF,1,0,2.8,3.47,2.43,2.84,3.54,2.51,Allsvenskan,,20250525_Goteborg_Malmo-FF,-190.57449597768777,1.25,0.66,4,3,10,7,43.5,56.5,3,0,0,0,4,4
2025-05-25,Halmstad,Elfsborg,1,4,4.73,3.73,1.73,4.97,3.91,1.72,Allsvenskan,,20250525_Halmstad_Elfsborg,-181.98574337193486,0.94,1.2,2,4,6,8,38.8,61.2,1,1,0,0,4,5
2025-05-26,Hammarby,Degerfors,1,0,1.38,5.01,7.47,1.37,5.3,8.24,Allsvenskan,,20250526_Hammarby_Degerfors,199.96825389629907,0.97,0.95,3,3,7,3,52.9,47.1,1,1,0,1,5,3
2025-05-26,Norrkoping,Mjallby,1,1,3.86,3.88,1.84,4.03,3.96,1.87,Allsvenskan,,20250526_Norrkoping_Mjallby,-155.43971229102635,1.47,1.75,6,5,12,9,42.5,57.5,0,2,0,0,6,3
2025-05-29,Brommapojkarna,Djurgarden,0,1,2.29,3.62,2.9,2.3,3.72,3.03,Allsvenskan,,20250529_Brommapojkarna_Djurgarden,-117.39217058197073,0.94,1.38,0,3,2,6,48.3,51.7,1,0,0,0,3,6
2025-05-31,Degerfors,Oster,1,2,1.76,3.69,4.55,1.75,3.88,4.81,Allsvenskan,,20250531_Degerfors_Oster,4.889799007150941,1.56,2.2,4,7,9,14,52.4,47.6,3,6,0,0,3,5
2025-05-31,Elfsborg,Hammarby,0,2,2.39,3.49,2.83,2.42,3.57,2.94,Allsvenskan,,20250531_Elfsborg_Hammarby,-6.6552241687527385,1.2,0.95,4,4,8,8,52.6,47.4,3,1,0,0,3,3
2025-05-31,Norrkoping,GAIS,0,3,3.19,3.63,2.14,3.3,3.79,2.14,Allsvenskan,,20250531_Norrkoping_GAIS,-55.56479944919465,1.21,1.64,6,6,14,14,51.0,49.0,2,1,0,0,5,4
2025-06-01,Brommapojkarna,Goteborg,1,3,2.63,3.52,2.54,2.69,3.57,2.62,Allsvenskan,,20250601_Brommapojkarna_Goteborg,-48.215699888883364,0.44,0.48,2,3,6,7,45.2,54.8,2,3,0,0,1,2
2025-06-01,Halmstad,Djurgarden,1,0,4.11,3.41,1.92,4.57,3.51,1.88,Allsvenskan,,20250601_Halmstad_Djurgarden,-141.81907244341028,1.03,0.92,3,4,6,8,49.6,50.4,1,2,0,0,1,4
2025-06-01,Malmo FF,Hacken,3,0,1.69,3.97,4.7,1.69,4.08,5.0,Allsvenskan,,20250601_Malmo-FF_Hacken,108.76075249662131,1.03,0.43,3,2,6,6,55.5,44.5,2,4,0,0,3,2
2025-06-01,Mjallby,Varnamo,2,0,1.4,4.89,7.37,1.4,5.08,7.83,Allsvenskan,,20250601_Mjallby_Varnamo,205.68712997626244,0.05,0.46,2,1,5,1,60.7,39.3,1,3,1,0,1,2
2025-06-01,Sirius,AIK,3,1,3.56,3.28,2.12,3.68,3.28,2.19,Allsvenskan,,20250601_Sirius_AIK,-176.02258373205404,0.85,1.08,4,3,10,9,47.4,52.6,2,3,0,0,7,4
2025-06-28,Hammarby,Halmstad,2,0,1.25,5.61,10.11,1.25,6.19,10.88,Allsvenskan,,20250628_Hammarby_Halmstad,196.23292788600907,1.73,1.07,4,5,9,11,61.0,39.0,0,0,0,0,6,4
2025-06-28,Oster,Sirius,2,2,2.62,3.35,2.49,2.69,3.42,2.64,Allsvenskan,,20250628_Oster_Sirius,-62.57652858295205,1.78,1.06,6,4,14,9,45.3,54.7,0,6,0,0,3,1
2025-06-29,AIK,Goteborg,3,0,2.1,3.14,3.49,2.23,3.21,3.53,Allsvenskan,,20250629_AIK_Goteborg,133.46456982290692,1.6,0.44,5,2,10,4,56.7,43.3,3,1,1,0,0,6
2025-06-29,Degerfors,Brommapojkarna,0,3,2.2,3.46,2.97,2.25,3.71,3.04,Allsvenskan,,20250629_Degerfors_Brommapojkarna,-20.460564321134143,0.09,0.42,0,3,0,7,49.8,50.2,0,1,0,0,7,3
2025-06-29,Hacken,GAIS,1,3,2.76,3.44,2.34,2.98,3.5,2.38,Allsvenskan,,20250629_Hacken_GAIS,-20.382614533241394,1.36,0.74,3,3,7,5,53.1,46.9,1,2,0,0,8,3
2025-06-29,Varnamo,Elfsborg,0,0,3.72,3.61,1.87,3.79,3.72,1.95,Allsvenskan,,20250629_Varnamo_Elfsborg,-199.9821929853399,0.35,0.46,0,2,0,5,45.3,54.7,1,0,0,0,1,1
2025-06-30,Djurgarden,Norrkoping,1,1,1.62,4.09,4.58,1.63,4.36,4.9,Allsvenskan,,20250630_Djurgarden_Norrkoping,86.62919692656374,1.03,0.54,2,2,4,4,59.1,40.9,5,0,0,0,3,1
2025-06-30,Mjallby,Malmo FF,1,1,2.27,3.25,2.99,2.4,3.27,3.12,Allsvenskan,,20250630_Mjallby_Malmo-FF,-19.773686169213306,1.4,1.01,3,4,6,7,54.9,45.1,2,3,0,0,9,2
2025-07-05,GAIS,Malmo FF,0,0,2.87,3.39,2.29,3.04,3.52,2.33,Allsvenskan,,20250705_GAIS_Malmo-FF,-93.12232581354124,0.8,1.68,3,6,7,15,37.5,62.5,1,0,0,0,2,10
2025-07-05,Hammarby,Varnamo,1,0,1.3,5.32,8.21,1.33,5.63,8.73,Allsvenskan,,20250705_Hammarby_Varnamo,229.80587446230584,1.36,0.97,5,4,10,10,61.0,39.0,4,3,0,0,4,10
2025-07-05,Oster,Mjallby,0,1,5.14,4.03,1.57,5.56,4.29,1.58,Allsvenskan,,20250705_Oster_Mjallby,-201.29420920176426,0.49,0.7,2,3,5,8,40.3,59.7,1,0,0,0,8,3
2025-07-06,Djurgarden,Degerfors,5,1,1.62,3.91,4.88,1.68,4.12,4.82,Allsvenskan,,20250706_Djurgarden_Degerfors,156.1033610957686,2.67,0.91,8,3,17,9,47.1,52.9,2,1,0,0,7,8
2025-07-06,Elfsborg,Hacken,0,2,1.69,3.95,4.19,1.74,4.13,4.37,Allsvenskan,,20250706_Elfsborg_Hacken,93.82093545063913,1.56,0.67,5,2,10,5,49.6,50.4,2,0,0,0,8,4
2025-07-06,Goteborg,Sirius,3,1,1.72,3.84,4.18,1.75,4.03,4.46,Allsvenskan,,20250706_Goteborg_Sirius,1.876210975860431,1.68,0.52,6,1,12,2,51.5,48.5,0,0,0,0,7,1
2025-07-06,Halmstad,AIK,2,0,4.75,3.45,1.73,4.91,3.56,1.78,Allsvenskan,,20250706_Halmstad_AIK,-197.08932926390025,0.8,0.75,2,0,4,0,49.6,50.4,2,1,0,0,0,0
2025-07-07,Norrkoping,Brommapojkarna,0,1,2.51,3.78,2.41,2.61,3.97,2.46,Allsvenskan,,20250707_Norrkoping_Brommapojkarna,32.28846414150644,0.05,0.82,1,3,3,6,44.2,55.8,1,2,0,0,3,2
2025-07-12,Goteborg,Elfsborg,1,2,2.4,3.35,2.73,2.44,3.5,2.89,Allsvenskan,,20250712_Goteborg_Elfsborg,-90.15043981026429,0.7,1.02,2,2,5,7,47.4,52.6,1,1,0,0,5,1
2025-07-12,Malmo FF,Norrkoping,3,1,1.24,5.78,9.95,1.26,6.06,11.16,Allsvenskan,,20250712_Malmo-FF_Norrkoping,187.21703021861072,2.16,0.99,6,4,13,11,59.7,40.3,2,1,0,0,4,5
2025-07-13,AIK,Degerfors,3,0,1.64,3.66,5.01,1.71,3.7,5.24,Allsvenskan,,20250713_AIK_Degerfors,230.51386969523446,1.15,0.9,3,3,8,7,57.4,42.6,1,2,0,0,5,3
2025-07-13,Brommapojkarna,Oster,2,0,1.48,4.35,5.72,1.51,4.56,6.16,Allsvenskan,,20250713_Brommapojkarna_Oster,29.01400242830232,1.91,0.49,7,1,16,4,51.1,48.9,1,2,0,0,6,2
2025-07-13,GAIS,Hammarby,3,2,2.47,3.21,2.75,2.52,3.33,2.89,Allsvenskan,,20250713_GAIS_Hammarby,-95.04205499646218,1.93,1.48,5,6,10,13,44.9,55.1,3,1,0,0,4,6
2025-07-13,Hacken,Halmstad,4,1,1.65,3.96,4.49,1.71,4.12,4.58,Allsvenskan,,20250713_Hacken_Halmstad,68.84828585885725,1.1,0.26,4,1,11,1,50.5,49.5,2,2,1,1,6,2
2025-07-13,Varnamo,Djurgarden,1,0,4.42,3.73,1.71,4.44,3.9,1.78,Allsvenskan,,20250713_Varnamo_Djurgarden,-145.304749774705,1.0,1.1,4,3,9,7,45.8,54.2,1,2,0,0,2,9
2025-07-14,Sirius,Mjallby,1,2,2.6,3.42,2.48,2.62,3.53,2.65,Allsvenskan,,20250714_Sirius_Mjallby,-160.66286995829546,1.41,0.33,5,2,9,3,45.2,54.8,1,0,0,0,7,4
2025-07-19,Degerfors,GAIS,0,3,3.7,3.53,1.9,3.83,3.67,1.96,Allsvenskan,,20250719_Degerfors_GAIS,-189.78212215385702,0.05,1.9,1,6,2,14,45.5,54.5,1,0,0,0,3,3
2025-07-19,Djurgarden,Elfsborg,1,0,1.72,3.79,4.26,1.73,3.98,4.63,Allsvenskan,,20250719_Djurgarden_Elfsborg,-57.794280415865614,0.79,0.09,5,1,13,1,50.2,49.8,0,1,0,0,13,1
2025-07-19,Oster,Malmo FF,0,2,5.85,4.17,1.5,6.02,4.26,1.55,Allsvenskan,,20250719_Oster_Malmo-FF,-239.39026323940448,0.26,0.85,0,2,2,2,42.0,58.0,1,2,0,0,2,4
2025-07-20,Halmstad,Hacken,0,0,3.07,3.41,2.16,3.12,3.54,2.27,Allsvenskan,,20250720_Halmstad_Hacken,-88.15370329117513,1.55,1.02,5,4,10,7,47.0,53.0,3,1,0,1,2,6
2025-07-20,Hammarby,Brommapojkarna,3,2,1.68,4.05,4.23,1.71,4.13,4.61,Allsvenskan,,20250720_Hammarby_Brommapojkarna,175.28079114786988,2.08,1.46,7,4,15,6,61.2,38.8,1,2,0,1,9,3
2025-07-20,Mjallby,AIK,2,0,2.24,3.1,3.18,2.27,3.21,3.43,Allsvenskan,,20250720_Mjallby_AIK,18.121607230543077,1.25,1.44,3,5,7,11,48.0,52.0,2,1,0,0,6,6
2025-07-20,Sirius,Goteborg,0,1,2.64,3.5,2.41,2.79,3.63,2.45,Allsvenskan,,20250720_Sirius_Goteborg,-23.60754574658222,0.3,1.1,0,4,0,8,54.5,45.5,2,1,1,0,2,3
2025-07-21,Norrkoping,Varnamo,3,1,2.23,3.53,2.87,2.31,3.65,2.97,Allsvenskan,,20250721_Norrkoping_Varnamo,21.642849927678526,2.2,0.12,7,1,15,1,49.8,50.2,1,1,0,0,5,1
2025-07-26,Brommapojkarna,Malmo FF,2,3,3.56,3.62,1.91,3.78,3.77,1.94,Allsvenskan,,20250726_Brommapojkarna_Malmo-FF,-199.6198288207088,1.69,1.34,5,4,10,7,41.5,58.5,2,1,0,0,4,3
2025-07-26,Degerfors,Norrkoping,0,0,2.18,3.57,2.92,2.21,3.78,3.06,Allsvenskan,,20250726_Degerfors_Norrkoping,-85.38791154781052,0.05,1.35,1,4,1,9,40.4,59.6,2,1,0,0,0,7
2025-07-26,GAIS,Halmstad,3,0,1.3,5.11,8.83,1.34,5.16,9.33,Allsvenskan,,20250726_GAIS_Halmstad,127.70455338489978,0.97,1.0,3,1,6,2,54.9,45.1,3,0,0,0,2,4
2025-07-27,AIK,Oster,0,0,1.54,3.81,6.04,1.58,4.02,6.14,Allsvenskan,,20250727_AIK_Oster,205.91221671349103,0.69,0.72,2,2,4,5,58.6,41.4,1,0,0,0,1,3
2025-07-27,Hacken,Djurgarden,1,6,3.07,3.5,2.13,3.08,3.71,2.23,Allsvenskan,,20250727_Hacken_Djurgarden,-21.959411358255693,1.86,1.7,6,6,18,13,46.0,54.0,0,1,0,0,7,9
2025-07-27,Mjallby,Sirius,2,1,1.5,4.29,5.59,1.54,4.42,5.89,Allsvenskan,,20250727_Mjallby_Sirius,196.85401112686372,0.91,1.71,4,5,8,11,49.6,50.4,2,2,0,0,9,7
2025-07-27,Varnamo,Hammarby,2,3,5.17,4.08,1.56,4.61,4.16,1.7,Allsvenskan,,20250727_Varnamo_Hammarby,-225.61963626003467,1.46,1.95,4,6,9,13,38.2,61.8,4,0,0,0,7,4
2025-07-28,Elfsborg,Goteborg,4,3,2.32,3.47,2.78,2.12,3.7,3.3,Allsvenskan,,20250728_Elfsborg_Goteborg,82.89534978469919,1.13,1.66,4,5,9,11,52.7,47.3,2,1,1,0,4,1
2025-08-02,Brommapojkarna,Norrkoping,6,4,1.66,4.22,4.16,1.65,4.67,4.43,Allsvenskan,,20250802_Brommapojkarna_Norrkoping,-9.51980417541131,0.79,1.8,6,6,15,13,51.8,48.2,1,2,0,0,8,9
2025-08-02,Varnamo,GAIS,2,2,4.62,3.88,1.64,5.1,4.13,1.65,Allsvenskan,,20250802_Varnamo_GAIS,-173.5219125830938,0.48,1.26,2,5,4,13,41.1,58.9,1,2,0,0,4,7
2025-08-03,Djurgarden,Halmstad,1,1,1.22,5.98,10.29,1.26,6.42,10.01,Allsvenskan,,20250803_Djurgarden_Halmstad,123.17132232992617,0.62,1.15,2,5,5,10,54.6,45.4,2,2,0,0,3,6
2025-08-03,Hacken,Elfsborg,1,2,3.07,3.81,2.03,3.17,3.93,2.11,Allsvenskan,,20250803_Hacken_Elfsborg,-72.23039692515863,0.59,1.37,2,6,4,12,51.3,48.7,3,2,0,0,5,6
2025-08-03,Sirius,Oster,1,1,1.66,3.99,4.41,1.7,4.1,4.7,Allsvenskan,,20250803_Sirius_Oster,37.701671501014744,0.91,0.64,2,2,3,3,46.7,53.3,3,1,0,0,3,5
2025-08-04,Goteborg,Degerfors,3,0,1.64,3.89,4.68,1.65,4.15,5.05,Allsvenskan,,20250804_Goteborg_Degerfors,113.14579937048643,1.41,0.68,5,3,11,8,49.1,50.9,3,2,1,0,4,3
2025-08-09,Halmstad,Sirius,0,1,3.19,3.4,2.11,3.42,3.58,2.12,Allsvenskan,,20250809_Halmstad_Sirius,-1.6651768506380904,2.19,1.11,9,2,19,5,53.5,46.5,2,2,0,0,7,3
2025-08-09,Malmo FF,Mjallby,1,3,1.89,3.43,3.82,1.88,3.62,4.24,Allsvenskan,,20250809_Malmo-FF_Mjallby,2.200528668001425,0.89,1.35,4,4,11,7,48.2,51.8,1,0,0,0,7,3
2025-08-10,AIK,Djurgarden,0,0,2.41,3.04,2.94,2.7,3.17,2.8,Allsvenskan,,20250810_AIK_Djurgarden,43.407064102972754,1.46,0.76,5,3,12,6,50.6,49.4,1,2,0,0,8,6
2025-08-10,Degerfors,Hacken,0,0,3.05,3.45,2.15,2.72,3.58,2.53,Allsvenskan,,20250810_Degerfors_Hacken,-140.8748151384857,1.35,0.72,4,3,8,5,46.9,53.1,2,1,0,0,4,3
2025-08-10,Norrkoping,Hammarby,0,2,4.83,4.22,1.56,4.79,4.39,1.64,Allsvenskan,,20250810_Norrkoping_Hammarby,-201.83475318761816,0.67,0.05,2,2,4,5,35.7,64.3,2,2,0,0,3,4
2025-08-10,Oster,Brommapojkarna,1,1,2.69,3.53,2.34,2.76,3.73,2.42,Allsvenskan,,20250810_Oster_Brommapojkarna,-48.3082497374578,0.43,0.6,1,1,1,3,46.9,53.1,0,2,0,0,1,4
2025-08-11,Elfsborg,Varnamo,2,2,1.41,4.84,5.99,1.46,5.0,6.23,Allsvenskan,,20250811_Elfsborg_Varnamo,185.21965381084055,1.0,0.78,4,2,9,4,59.4,40.6,5,2,0,0,3,4
2025-08-11,GAIS,Goteborg,0,1,2.05,3.43,3.28,2.02,3.51,3.8,Allsvenskan,,20250811_GAIS_Goteborg,79.81343926116529,1.01,0.98,4,4,6,10,52.3,47.7,4,4,0,0,2,4
2025-08-16,Halmstad,Malmo FF,0,4,4.76,3.77,1.65,6.01,4.27,1.55,Allsvenskan,,20250816_Halmstad_Malmo-FF,-213.57484579159222,1.17,2.22,4,8,8,16,52.5,47.5,3,1,0,0,4,6
2025-08-16,Norrkoping,Elfsborg,2,1,3.19,3.73,2.0,3.45,3.77,2.04,Allsvenskan,,20250816_Norrkoping_Elfsborg,-156.55192277639617,1.39,0.27,3,1,8,3,40.3,59.7,1,1,0,0,2,1
2025-08-17,Brommapojkarna,Sirius,2,4,2.05,3.83,3.01,2.19,4.06,2.94,Allsvenskan,,20250817_Brommapojkarna_Sirius,-0.3995822642341409,0.27,2.23,2,8,7,17,47.2,52.8,2,0,0,0,3,7
2025-08-17,Goteborg,AIK,2,1,2.31,3.1,3.06,2.23,3.14,3.63,Allsvenskan,,20250817_Goteborg_AIK,-88.38682652180569,1.34,1.19,4,3,9,5,44.3,55.7,0,1,0,0,4,4
2025-08-17,Hacken,Oster,0,2,1.58,4.14,4.83,1.72,4.14,4.49,Allsvenskan,,20250817_Hacken_Oster,92.27078036433568,0.89,1.25,3,3,7,9,54.9,45.1,6,1,0,0,6,1
2025-08-17,Hammarby,GAIS,1,2,1.84,3.68,3.72,1.98,3.75,3.66,Allsvenskan,,20250817_Hammarby_GAIS,88.35676168426517,1.16,0.54,5,2,11,4,48.1,51.9,0,1,0,0,9,4
2025-08-17,Mjallby,Djurgarden,1,1,2.09,3.41,3.2,2.2,3.54,3.26,Allsvenskan,,20250817_Mjallby_Djurgarden,107.09001564234632,1.66,1.49,4,5,10,12,59.4,40.6,2,0,0,0,6,8
2025-08-18,Varnamo,Degerfors,3,2,2.36,3.52,2.69,2.22,3.6,3.19,Allsvenskan,,20250818_Varnamo_Degerfors,48.20429518714241,1.18,1.05,3,2,8,4,54.4,45.6,1,0,0,0,2,3
2025-08-24,Degerfors,AIK,0,1,3.9,3.28,1.92,4.02,3.36,2.01,Allsvenskan,,20250824_Degerfors_AIK,-223.43269115850626,1.69,1.05,3,4,7,10,39.1,60.9,2,5,0,0,9,6
2025-08-24,Djurgarden,Brommapojkarna,1,0,1.56,4.3,4.73,1.61,4.47,5.03,Allsvenskan,,20250824_Djurgarden_Brommapojkarna,118.85784673543026,0.74,1.07,1,2,0,5,55.7,44.3,1,3,0,0,1,4
2025-08-24,Elfsborg,Halmstad,1,2,1.49,4.33,5.62,1.42,4.99,7.05,Allsvenskan,,20250824_Elfsborg_Halmstad,150.86485394352644,1.53,0.95,4,4,7,10,53.7,46.3,2,2,0,0,4,9
2025-08-24,Malmo FF,Goteborg,0,0,1.68,3.73,4.5,1.72,3.92,4.75,Allsvenskan,,20250824_Malmo-FF_Goteborg,123.54339903363666,1.2,0.57,2,2,3,5,59.5,40.5,2,4,0,0,0,5
2025-08-24,Sirius,Hammarby,3,1,3.83,3.82,1.79,4.13,4.05,1.8,Allsvenskan,,20250824_Sirius_Hammarby,-166.70150306167216,1.0,1.04,3,4,7,7,47.0,53.0,0,1,0,0,10,3
2025-08-24,Varnamo,Hacken,1,5,2.73,3.68,2.24,3.2,3.9,2.11,Allsvenskan,,20250824_Varnamo_Hacken,-57.9799107741203,0.74,1.77,2,6,4,13,34.2,65.8,3,1,0,1,6,10
2025-08-25,GAIS,Mjallby,0,2,2.32,3.36,2.82,2.4,3.52,2.92,Allsvenskan,,20250825_GAIS_Mjallby,-86.08411320261644,0.81,1.65,3,6,7,14,47.3,52.7,1,1,0,0,5,10
2025-08-25,Oster,Norrkoping,1,2,2.24,3.43,2.87,2.46,3.42,2.92,Allsvenskan,,20250825_Oster_Norrkoping,-27.74742607761732,1.03,1.74,1,6,2,13,49.2,50.8,0,1,0,0,4,6
2025-08-30,Brommapojkarna,Elfsborg,3,0,2.29,3.61,2.68,2.45,3.67,2.76,Allsvenskan,,20250830_Brommapojkarna_Elfsborg,-123.41140037535934,1.27,0.46,4,1,9,2,43.9,56.1,3,2,0,0,4,0
2025-08-30,Goteborg,Varnamo,1,0,1.41,4.87,5.9,1.46,5.21,5.88,Allsvenskan,,20250830_Goteborg_Varnamo,110.23903304890996,2.19,0.84,5,4,13,11,54.0,46.0,1,3,0,1,7,7
2025-08-30,Mjallby,Halmstad,1,0,1.39,4.56,6.83,1.46,4.65,6.77,Allsvenskan,,20250830_Mjallby_Halmstad,229.55113839332557,1.14,0.86,3,4,6,9,63.9,36.1,2,1,1,0,3,7
2025-08-31,AIK,Sirius,2,1,1.77,3.62,4.09,1.79,3.85,4.38,Allsvenskan,,20250831_AIK_Sirius,104.17843339023239,0.49,0.79,2,3,4,7,60.2,39.8,1,0,0,0,6,3
2025-08-31,GAIS,Hacken,2,1,1.88,3.69,3.56,1.82,4.15,3.95,Allsvenskan,,20250831_GAIS_Hacken,69.4395980724073,1.04,0.05,4,1,9,0,47.6,52.4,2,2,0,0,4,1
2025-08-31,Hammarby,Oster,4,0,1.35,4.86,7.4,1.36,5.11,8.47,Allsvenskan,,20250831_Hammarby_Oster,202.65642470409716,2.24,1.34,9,5,20,11,61.8,38.2,0,3,0,0,11,8
2025-08-31,Malmo FF,Degerfors,1,1,1.27,5.38,9.2,1.34,5.35,8.96,Allsvenskan,,20250831_Malmo-FF_Degerfors,289.66656579089613,0.82,0.58,3,2,10,4,64.8,35.2,2,1,0,0,8,3
2025-08-31,Norrkoping,Djurgarden,0,4,3.97,3.91,1.73,4.09,3.97,1.83,Allsvenskan,,20250831_Norrkoping_Djurgarden,-106.00686081371623,0.05,1.23,0,4,1,9,46.2,53.8,5,0,1,0,2,6
2025-09-13,Degerfors,Mjallby,0,1,4.43,3.71,1.7,4.38,3.74,1.82,Allsvenskan,,20250913_Degerfors_Mjallby,-312.647770750257,0.55,1.77,2,5,6,10,40.7,59.3,3,2,0,0,5,6
2025-09-13,Halmstad,Norrkoping,1,1,2.67,3.21,2.5,2.88,3.24,2.59,Allsvenskan,,20250913_Halmstad_Norrkoping,-19.19357257797151,1.08,1.23,3,5,6,10,55.7,44.3,3,2,0,1,2,2
2025-09-14,Djurgarden,Hammarby,3,3,2.76,3.31,2.36,2.59,3.55,2.67,Allsvenskan,,20250914_Djurgarden_Hammarby,-44.06595717986829,1.59,0.82,6,3,12,7,47.8,52.2,0,0,0,0,6,10
2025-09-14,Elfsborg,Malmo FF,2,2,3.53,3.53,1.94,3.76,3.68,1.97,Allsvenskan,,20250914_Elfsborg_Malmo-FF,-94.28388870274398,1.62,1.28,6,3,14,5,40.3,59.7,0,3,0,1,10,5
2025-09-14,Oster,Varnamo,4,3,2.12,3.44,3.05,2.19,3.67,3.17,Allsvenskan,,20250914_Oster_Varnamo,-2.4746534994419562,0.99,1.18,4,3,8,7,49.5,50.5,2,2,0,0,3,4
2025-09-14,Sirius,GAIS,3,0,2.7,3.49,2.32,2.92,3.57,2.38,Allsvenskan,,20250914_Sirius_GAIS,-100.01972334815582,1.42,0.81,5,2,13,6,43.5,56.5,5,1,0,0,7,4
2025-09-15,AIK,Brommapojkarna,2,1,1.7,3.6,4.56,1.65,3.92,5.42,Allsvenskan,,20250915_AIK_Brommapojkarna,146.36533397522066,0.37,1.14,2,4,4,11,57.7,42.3,3,3,0,0,1,7
2025-09-15,Hacken,Goteborg,1,2,2.22,3.75,2.71,2.23,4.12,2.83,Allsvenskan,,20250915_Hacken_Goteborg,-50.1758454042415,0.52,2.33,3,8,8,18,46.0,54.0,0,1,0,0,5,12
2025-09-20,GAIS,Elfsborg,2,0,2.09,3.39,3.2,1.87,3.81,4.06,Allsvenskan,,20250920_GAIS_Elfsborg,15.426073553142942,1.21,1.09,4,3,7,8,47.0,53.0,1,1,0,0,5,4
2025-09-20,Malmo FF,Djurgarden,0,1,1.74,3.63,4.24,1.81,3.87,4.27,Allsvenskan,,20250920_Malmo-FF_Djurgarden,53.50918729258683,1.14,0.7,3,4,8,9,53.7,46.3,1,3,0,0,0,5
2025-09-20,Mjallby,Oster,1,1,1.46,4.23,6.16,1.53,4.34,6.14,Allsvenskan,,20250920_Mjallby_Oster,258.871273681219,1.52,1.11,4,5,8,11,62.1,37.9,1,1,0,0,7,8
2025-09-21,Goteborg,Brommapojkarna,0,1,1.68,3.93,4.26,1.73,4.23,4.34,Allsvenskan,,20250921_Goteborg_Brommapojkarna,104.16782960959085,1.4,2.45,3,10,8,20,48.6,51.4,1,1,0,0,7,11
2025-09-21,Hammarby,Hacken,4,0,1.6,4.21,4.46,1.59,4.61,4.99,Allsvenskan,,20250921_Hammarby_Hacken,143.65172911062132,0.98,0.63,4,2,9,5,53.6,46.4,0,0,0,0,8,4
2025-09-21,Sirius,Degerfors,1,3,1.49,4.39,5.3,1.55,4.59,5.45,Allsvenskan,,20250921_Sirius_Degerfors,131.71803526480062,0.05,2.05,1,6,3,14,54.7,45.3,1,3,0,0,2,4
2025-09-22,Norrkoping,AIK,3,1,3.49,3.29,2.02,3.97,3.51,1.97,Allsvenskan,,20250922_Norrkoping_AIK,-149.8450058656963,1.32,1.63,5,5,11,9,44.1,55.9,1,4,0,0,3,6
2025-09-22,Varnamo,Halmstad,1,2,2.21,3.45,2.88,2.32,3.62,2.98,Allsvenskan,,20250922_Varnamo_Halmstad,-38.165419203146485,0.84,1.11,1,3,4,4,48.8,51.2,1,2,0,0,2,3
2025-09-27,Elfsborg,Degerfors,1,2,1.94,3.57,3.44,1.78,3.84,4.52,Allsvenskan,,20250927_Elfsborg_Degerfors,157.77649385331165,1.4,1.69,3,5,10,10,61.8,38.2,0,3,0,0,1,8
2025-09-27,Hacken,Norrkoping,2,0,1.61,4.19,4.43,1.65,4.33,4.76,Allsvenskan,,20250927_Hacken_Norrkoping,-1.7140178251001998,0.63,0.14,2,1,5,4,51.6,48.4,1,1,0,0,4,3
2025-09-28,AIK,GAIS,1,1,2.23,3.13,3.12,2.22,3.29,3.47,Allsvenskan,,20250928_AIK_GAIS,15.412343024520851,1.34,0.94,6,4,13,9,50.0,50.0,2,2,1,0,5,5
2025-09-28,Brommapojkarna,Mjallby,0,1,3.31,3.5,2.01,3.45,3.61,2.1,Allsvenskan,,20250928_Brommapojkarna_Mjallby,-212.42103083455095,0.66,1.43,1,4,2,9,38.7,61.3,0,3,0,0,2,2
2025-09-28,Halmstad,Hammarby,1,0,4.46,3.81,1.67,4.58,4.04,1.72,Allsvenskan,,20250928_Halmstad_Hammarby,-180.60265100342463,1.01,0.33,1,0,2,0,42.9,57.1,1,4,0,0,0,1
2025-09-28,Malmo FF,Varnamo,3,2,1.18,6.57,11.57,1.2,7.17,13.07,Allsvenskan,,20250928_Malmo-FF_Varnamo,231.47647222538922,0.64,1.09,3,4,6,8,58.9,41.1,5,0,0,0,2,4
2025-09-29,Djurgarden,Sirius,8,2,1.94,3.68,3.34,1.85,4.02,3.89,Allsvenskan,,20250929_Djurgarden_Sirius,118.46330728196017,2.95,2.06,9,6,19,13,56.0,44.0,1,2,0,0,13,7
2025-09-29,Oster,Goteborg,0,2,3.3,3.52,2.0,3.43,3.88,2.02,Allsvenskan,,20250929_Oster_Goteborg,-104.45746852470393,0.05,0.97,2,4,4,9,51.5,48.5,4,3,1,0,0,4
2025-10-04,Degerfors,Djurgarden,1,1,3.48,3.59,1.93,3.71,3.83,1.94,Allsvenskan,,20251004_Degerfors_Djurgarden,-208.451423780627,2.07,1.65,6,3,13,5,46.0,54.0,2,0,0,1,2,2
2025-10-04,GAIS,Norrkoping,2,1,1.35,4.65,7.55,1.43,4.74,7.18,Allsvenskan,,20251004_GAIS_Norrkoping,113.27029354207934,1.19,0.05,4,1,8,2,56.5,43.5,0,0,0,1,3,2
2025-10-04,Mjallby,Elfsborg,2,0,1.72,3.66,4.38,1.79,3.84,4.39,Allsvenskan,,20251004_Mjallby_Elfsborg,160.3138302836005,1.03,0.85,4,3,7,7,58.7,41.3,0,3,0,0,7,3
2025-10-04,Oster,Halmstad,3,0,2.22,3.22,3.1,2.3,3.24,3.35,Allsvenskan,,20251004_Oster_Halmstad,-45.79746464706773,1.95,1.46,7,6,14,14,43.3,56.7,0,1,0,0,10,8
2025-10-05,AIK,Varnamo,2,3,1.43,4.38,6.36,1.41,4.98,7.35,Allsvenskan,,20251005_AIK_Varnamo,204.16780720192446,1.11,0.73,4,4,6,8,60.8,39.2,1,2,0,0,7,6
2025-10-05,Brommapojkarna,Hacken,1,3,2.91,3.62,2.14,3.21,3.82,2.13,Allsvenskan,,20251005_Brommapojkarna_Hacken,-28.15513929469489,1.53,0.48,5,3,12,7,45.1,54.9,1,2,0,0,8,5
2025-10-05,Goteborg,Hammarby,1,2,2.66,3.44,2.38,2.9,3.69,2.34,Allsvenskan,,20251005_Goteborg_Hammarby,-69.48708820971888,1.52,0.83,6,2,14,6,46.1,53.9,2,0,0,0,10,4
2025-10-05,Sirius,Malmo FF,5,1,2.6,3.44,2.42,2.72,3.7,2.47,Allsvenskan,,20251005_Sirius_Malmo-FF,-157.37506353850176,1.98,0.42,5,1,11,4,37.2,62.8,1,1,0,0,4,4
2025-10-18,Hacken,Sirius,1,1,1.96,3.88,3.15,2.05,3.96,3.31,Allsvenskan,,20251018_Hacken_Sirius,8.769876267586142,1.12,1.51,4,4,8,9,57.8,42.2,2,0,1,0,5,5
2025-10-18,Norrkoping,Malmo FF,0,2,4.59,3.91,1.63,4.76,4.18,1.68,Allsvenskan,,20251018_Norrkoping_Malmo-FF,-156.07605312410328,0.9,1.24,3,4,6,10,40.6,59.4,1,3,0,0,3,6
2025-10-19,Elfsborg,Oster,5,1,1.74,3.87,3.95,1.88,4.01,3.83,Allsvenskan,,20251019_Elfsborg_Oster,76.94233773761789,2.1,0.94,7,2,15,5,51.3,48.7,3,2,0,0,8,6
2025-10-19,GAIS,Djurgarden,3,2,2.47,3.23,2.7,2.31,3.31,3.24,Allsvenskan,,20251019_GAIS_Djurgarden,-14.220016976695433,0.5,1.13,3,4,7,9,55.9,44.1,1,0,0,0,3,4
2025-10-19,Hammarby,AIK,2,1,1.67,3.66,4.69,1.66,3.92,5.33,Allsvenskan,,20251019_Hammarby_AIK,51.223578482301946,1.65,0.89,7,4,16,8,51.5,48.5,1,2,0,0,7,3
2025-10-19,Varnamo,Brommapojkarna,1,1,2.68,3.62,2.3,2.73,3.83,2.4,Allsvenskan,,20251019_Varnamo_Brommapojkarna,-41.43031010968252,0.8,1.45,4,3,10,7,54.6,45.4,1,4,0,0,3,7
2025-10-20,Degerfors,Halmstad,0,1,1.95,3.25,3.75,1.93,3.45,4.23,Allsvenskan,,20251020_Degerfors_Halmstad,-52.01012237727332,0.05,1.04,1,2,3,5,46.6,53.4,1,1,0,0,6,6
2025-10-20,Goteborg,Mjallby,0,2,2.81,3.31,2.34,2.86,3.59,2.41,Allsvenskan,,20251020_Goteborg_Mjallby,-152.65893761908205,0.44,1.81,0,6,4,12,45.0,55.0,3,0,0,0,4,4
2025-10-25,Djurgarden,Varnamo,6,2,1.22,6.27,9.38,1.25,6.1,9.47,Allsvenskan,,20251025_Djurgarden_Varnamo,180.00672144217242,2.68,0.99,8,4,16,8,49.5,50.5,0,3,0,0,8,1
2025-10-25,Oster,Degerfors,1,2,2.87,3.34,2.29,2.37,3.43,2.9,Allsvenskan,,20251025_Oster_Degerfors,34.18985693640957,0.8,1.01,2,4,5,9,52.9,47.1,1,3,0,0,2,2
2025-10-26,AIK,Hacken,2,2,1.94,3.44,3.55,2.12,3.45,3.36,Allsvenskan,,20251026_AIK_Hacken,65.9055822196708,1.37,1.04,6,4,14,10,44.7,55.3,2,2,0,0,5,6
2025-10-26,Halmstad,Goteborg,0,3,3.54,3.49,1.94,3.68,3.63,1.95,Allsvenskan,,20251026_Halmstad_Goteborg,-62.336068771596956,0.86,1.02,1,3,1,8,52.6,47.4,2,1,0,0,2,7
2025-10-26,Mjallby,Norrkoping,2,1,1.78,3.72,3.95,1.71,3.96,4.42,Allsvenskan,,20251026_Mjallby_Norrkoping,246.62072530438354,0.56,0.53,2,1,5,2,57.0,43.0,2,0,0,0,2,7
2025-10-26,Sirius,Elfsborg,4,0,1.72,4.05,3.87,2.08,3.86,3.12,Allsvenskan,,20251026_Sirius_Elfsborg,-34.86679794500901,2.48,1.47,9,4,20,8,40.0,60.0,1,2,0,0,7,7
2025-10-27,Brommapojkarna,GAIS,0,2,3.11,3.49,2.1,3.26,3.49,2.15,Allsvenskan,,20251027_Brommapojkarna_GAIS,-152.18654629850903,0.67,1.38,2,3,6,5,45.8,54.2,1,2,0,0,5,4
2025-10-27,Malmo FF,Hammarby,1,3,2.12,3.35,3.16,2.15,3.51,3.24,Allsvenskan,,20251027_Malmo-FF_Hammarby,-15.94720961526491,0.69,1.86,1,9,0,19,48.6,51.4,1,5,0,1,2,9
2025-11-01,Hacken,Malmo FF,1,1,2.3,3.74,2.61,,,,Allsvenskan,,20251101_Hacken_Malmo-FF,-107.96999595634134,0.74,1.36,3,4,7,8,49.5,50.5,1,3,0,0,5,4
2025-11-01,Norrkoping,Sirius,1,2,2.66,3.83,2.22,,,,Allsvenskan,,20251101_Norrkoping_Sirius,-58.00601538444448,1.4,1.74,3,4,9,9,55.5,44.5,2,1,0,0,9,4
2025-11-02,Djurgarden,Goteborg,0,0,1.69,3.95,4.14,,,,Allsvenskan,,20251102_Djurgarden_Goteborg,54.92413646705609,0.06,0.67,0,3,0,8,53.5,46.5,3,2,0,0,1,5
2025-11-02,Elfsborg,AIK,0,3,2.28,3.55,2.73,,,,Allsvenskan,,20251102_Elfsborg_AIK,-50.15383470506549,0.72,1.29,1,4,2,10,47.7,52.3,0,2,0,0,2,6
2025-11-02,GAIS,Oster,1,1,1.39,4.59,6.78,,,,Allsvenskan,,20251102_GAIS_Oster,190.0936249510969,1.5,1.1,2,2,4,3,61.4,38.6,2,2,0,0,2,2
2025-11-02,Halmstad,Brommapojkarna,0,0,2.79,3.21,2.4,,,,Allsvenskan,,20251102_Halmstad_Brommapojkarna,17.766128486450498,0.18,0.69,0,2,0,6,62.7,37.3,3,2,0,0,3,4
2025-11-03,Degerfors,Hammarby,1,1,3.22,3.56,2.03,,,,Allsvenskan,,20251103_Degerfors_Hammarby,-239.0885174557102,0.99,1.45,3,6,3,12,45.1,54.9,3,2,0,0,5,9
2025-11-03,Varnamo,Mjallby,0,5,5.46,4.32,1.49,,,,Allsvenskan,,20251103_Varnamo_Mjallby,-299.19999538739535,1.08,1.82,2,7,5,14,41.6,58.4,1,1,0,0,1,6
2025-11-09,AIK,Halmstad,0,2,1.33,4.68,8.19,,,,Allsvenskan,,20251109_AIK_Halmstad,115.17460343878815,1.26,0.65,3,2,6,5,55.2,44.8,1,2,0,0,6,2
2025-11-09,Brommapojkarna,Degerfors,1,3,3.44,3.73,1.91,,,,Allsvenskan,,20251109_Brommapojkarna_Degerfors,25.082547975646776,0.35,1.59,1,5,0,11,46.0,54.0,3,2,0,0,4,4
2025-11-09,Goteborg,Norrkoping,2,0,1.68,4.01,4.2,,,,Allsvenskan,,20251109_Goteborg_Norrkoping,106.31633337831022,1.15,0.99,4,3,8,6,51.9,48.1,2,1,0,0,6,5
2025-11-09,Hammarby,Elfsborg,3,0,1.49,4.63,5.08,,,,Allsvenskan,,20251109_Hammarby_Elfsborg,138.68156086628096,1.5,1.69,5,4,11,8,55.8,44.2,0,3,0,0,5,3
2025-11-09,Malmo FF,GAIS,2,1,1.91,3.68,3.46,,,,Allsvenskan,,20251109_Malmo-FF_GAIS,4.679660299264242,1.43,2.14,4,7,8,16,50.4,49.6,2,1,0,0,8,12
2025-11-09,Mjallby,Hacken,1,0,1.53,4.18,5.12,,,,Allsvenskan,,20251109_Mjallby_Hacken,200.7717767667723,1.04,1.47,3,5,5,11,57.1,42.9,1,1,0,0,2,5
2025-11-09,Oster,Djurgarden,1,3,3.41,3.85,1.9,,,,Allsvenskan,,20251109_Oster_Djurgarden,-170.6994222845433,0.54,1.04,2,3,4,6,46.5,53.5,1,3,0,0,6,2
2025-11-09,Sirius,Varnamo,3,1,1.22,6.51,9.02,,,,Allsvenskan,,20251109_Sirius_Varnamo,114.89164583452975,2.24,0.49,9,1,20,3,54.7,45.3,0,1,0,0,11,0
2026-04-04,Degerfors,Sirius,0,3,3.37,3.36,2.02,,,,Allsvenskan,,20260404_Degerfors_Sirius,-93.21775756542365,1.74,1.33,5,3,10,7,50.0,50.0,0,1,0,0,7,10
2026-04-04,Hammarby,Mjallby,3,0,1.94,3.42,3.57,,,,Allsvenskan,,20260404_Hammarby_Mjallby,-63.02785307568524,0.62,0.66,3,2,6,5,44.6,55.4,2,0,0,0,1,2
2026-04-05,AIK,Halmstad,2,1,1.44,4.21,6.42,,,,Allsvenskan,,20260405_AIK_Halmstad,83.49779084145825,1.29,1.05,5,2,10,4,61.9,38.1,1,3,0,0,9,6
2026-04-05,Kalmar,Vasteras SK,0,1,2.15,3.11,3.32,,,,Allsvenskan,,20260405_Kalmar_Vasteras-SK,77.54271594594206,0.54,1.34,3,5,5,12,52.0,48.0,0,2,0,0,4,3
2026-04-05,Orgryte,Malmo FF,1,1,5.31,3.99,1.54,,,,Allsvenskan,,20260405_Orgryte_Malmo-FF,-161.72090378650182,0.69,1.25,3,6,8,11,41.4,58.6,3,2,1,1,3,5
2026-04-06,Elfsborg,Goteborg,2,0,2.18,3.18,3.16,,,,Allsvenskan,,20260406_Elfsborg_Goteborg,-55.99641440481969,0.42,0.99,2,3,5,6,54.9,45.1,1,0,1,0,2,4
2026-04-06,GAIS,Djurgarden,0,1,2.15,3.18,3.23,,,,Allsvenskan,,20260406_GAIS_Djurgarden,-10.94193644529605,1.01,1.24,2,4,4,9,48.1,51.9,1,1,0,0,1,2
2026-04-06,Hacken,Brommapojkarna,2,2,1.64,3.94,4.44,,,,Allsvenskan,,20260406_Hacken_Brommapojkarna,70.75981614979264,0.96,1.02,4,5,9,10,57.4,42.6,1,2,0,0,2,6
2026-04-11,Goteborg,Hacken,0,2,2.82,3.23,2.39,,,,Allsvenskan,,20260411_Goteborg_Hacken,40.146760422398074,0.4,0.6,2,2,4,5,49.1,50.9,1,1,0,0,3,4
2026-04-11,Mjallby,Orgryte,0,2,1.31,4.93,8.29,,,,Allsvenskan,,20260411_Mjallby_Orgryte,236.29035620366176,1.02,1.6,4,5,7,10,62.7,37.3,0,2,0,1,4,4
2026-04-11,Vasteras SK,Elfsborg,2,2,2.91,3.12,2.38,,,,Allsvenskan,,20260411_Vasteras-SK_Elfsborg,-90.34758998749066,1.68,0.52,5,2,12,4,48.6,51.4,2,2,0,0,8,4
2026-04-12,Djurgarden,Kalmar,3,2,1.67,3.66,4.68,,,,Allsvenskan,,20260412_Djurgarden_Kalmar,145.03515074434267,1.68,1.28,6,4,12,9,54.4,45.6,4,5,0,0,3,4
2026-04-12,Halmstad,Degerfors,0,3,2.84,3.07,2.46,,,,Allsvenskan,,20260412_Halmstad_Degerfors,44.28120263826372,0.3,0.05,0,3,1,7,49.7,50.3,2,1,0,0,2,1
2026-04-12,Malmo FF,GAIS,3,1,1.73,3.74,4.18,,,,Allsvenskan,,20260412_Malmo-FF_GAIS,34.764239580352296,1.32,1.87,5,5,12,13,50.1,49.9,1,0,0,0,11,3
2026-04-13,Brommapojkarna,AIK,2,2,3.72,3.62,1.86,,,,Allsvenskan,,20260413_Brommapojkarna_AIK,-135.5006106229664,2.21,1.86,8,5,17,12,38.9,61.1,2,2,0,0,12,2
2026-04-13,Sirius,Hammarby,2,0,2.58,3.38,2.5,,,,Allsvenskan,,20260413_Sirius_Hammarby,-131.43002853005805,0.05,1.03,2,3,6,6,50.0,50.0,0,1,1,0,7,3
2026-04-17,Degerfors,Elfsborg,0,1,2.52,3.08,2.72,,,,Allsvenskan,,20260417_Degerfors_Elfsborg,-71.96956889585749,0.42,0.27,4,2,9,2,49.7,50.3,2,2,0,0,4,6
2026-04-17,Djurgarden,Malmo FF,0,1,2.31,3.41,2.76,,,,Allsvenskan,,20260417_Djurgarden_Malmo-FF,-4.1184791847404085,0.59,1.58,1,5,2,14,51.1,48.9,2,0,0,0,5,7
2026-04-18,Halmstad,Goteborg,1,1,3.7,3.38,1.92,,,,Allsvenskan,,20260418_Halmstad_Goteborg,-72.56374334914108,1.15,0.57,4,4,8,9,54.6,45.4,1,2,0,0,9,6
2026-04-18,Hammarby,Orgryte,8,1,1.17,6.95,11.75,,,,Allsvenskan,,20260418_Hammarby_Orgryte,166.13555699972972,2.91,0.29,9,1,20,1,57.0,43.0,3,2,0,0,8,2
2026-04-18,Mjallby,Brommapojkarna,3,0,1.49,4.1,5.89,,,,Allsvenskan,,20260418_Mjallby_Brommapojkarna,242.9054630656933,0.89,0.81,3,2,7,6,57.8,42.2,1,1,0,0,6,2
2026-04-18,Sirius,Vasteras SK,4,1,1.51,4.01,5.64,,,,Allsvenskan,,20260418_Sirius_Vasteras-SK,126.01612002535876,1.45,0.97,5,3,8,7,54.7,45.3,4,3,0,0,7,3
2026-04-19,AIK,Kalmar,1,0,1.66,3.65,4.78,,,,Allsvenskan,,20260419_AIK_Kalmar,102.45741988520876,0.05,1.59,1,4,1,8,56.0,44.0,0,3,1,0,2,4
2026-04-19,Hacken,GAIS,2,1,1.99,3.56,3.28,,,,Allsvenskan,,20260419_Hacken_GAIS,-56.5762081029402,2.82,1.06,8,2,17,5,48.3,51.7,2,3,0,0,7,2
2026-04-22,Elfsborg,Djurgarden,2,1,2.89,3.24,2.33,,,,Allsvenskan,,20260422_Elfsborg_Djurgarden,-91.86874755505687,1.68,0.05,4,1,6,2,46.1,53.9,0,0,0,0,3,4
2026-04-22,Hammarby,Halmstad,1,1,1.2,6.07,11.57,,,,Allsvenskan,,20260422_Hammarby_Halmstad,199.45626071292622,1.37,0.57,6,2,12,3,52.3,47.7,1,0,0,0,9,2
2026-04-22,Orgryte,Brommapojkarna,1,2,3.13,3.51,2.08,,,,Allsvenskan,,20260422_Orgryte_Brommapojkarna,42.90464631813097,0.95,1.96,3,5,6,11,52.0,48.0,3,6,0,0,1,6
2026-04-22,Vasteras SK,Hacken,3,3,2.93,3.46,2.2,,,,Allsvenskan,,20260422_Vasteras-SK_Hacken,-110.45663295400504,1.44,0.92,6,4,13,8,47.2,52.8,2,3,0,1,2,6
2026-04-23,Degerfors,AIK,2,1,2.83,3.15,2.4,,,,Allsvenskan,,20260423_Degerfors_AIK,-146.25176467907045,0.77,1.25,3,5,7,13,39.1,60.9,0,1,0,0,4,6
2026-04-23,GAIS,Mjallby,0,0,2.56,3.17,2.66,,,,Allsvenskan,,20260423_GAIS_Mjallby,-130.15787567030202,0.05,1.02,1,4,2,10,50.1,49.9,5,2,0,0,1,6
2026-04-23,Kalmar,Goteborg,1,1,2.29,3.3,2.88,,,,Allsvenskan,,20260423_Kalmar_Goteborg,-70.20774673401729,0.92,0.19,4,1,9,4,38.1,61.9,1,0,0,0,5,3
2026-04-23,Malmo FF,Sirius,2,3,2.38,3.44,2.67,,,,Allsvenskan,,20260423_Malmo-FF_Sirius,79.65052739235671,1.63,1.69,5,6,10,13,56.1,43.9,2,2,0,0,6,6
2026-04-26,Brommapojkarna,Vasteras SK,1,2,2.16,3.32,3.08,,,,Allsvenskan,,20260426_Brommapojkarna_Vasteras-SK,26.685869173217498,1.55,1.84,5,6,12,15,50.3,49.7,1,2,0,0,7,6
2026-04-26,Djurgarden,Hammarby,1,1,3.05,3.33,2.16,,,,Allsvenskan,,20260426_Djurgarden_Hammarby,-54.65889035326927,2.02,1.53,7,3,13,8,43.2,56.8,1,4,0,0,11,4
2026-04-26,Goteborg,GAIS,2,2,2.58,3.29,2.51,,,,Allsvenskan,,20260426_Goteborg_GAIS,-38.412648846243655,1.01,1.6,3,3,8,10,45.7,54.3,2,3,0,0,5,6
2026-04-27,AIK,Malmo FF,0,1,2.11,3.28,3.19,,,,Allsvenskan,,20260427_AIK_Malmo-FF,-66.58787625979721,0.62,1.67,2,6,4,14,46.6,53.4,1,0,0,0,4,9
2026-04-27,Hacken,Sirius,2,2,2.96,3.58,2.1,,,,Allsvenskan,,20260427_Hacken_Sirius,-49.61257658244176,1.7,1.04,7,3,14,6,50.6,49.4,2,1,0,0,12,3
2026-04-27,Kalmar,Elfsborg,2,1,2.42,3.13,2.79,,,,Allsvenskan,,20260427_Kalmar_Elfsborg,-77.10309130888527,1.13,1.69,5,4,10,7,48.7,51.3,1,1,0,0,5,5
2026-04-27,Mjallby,Halmstad,2,0,1.35,4.52,7.75,,,,Allsvenskan,,20260427_Mjallby_Halmstad,218.9880366892803,0.66,0.88,4,1,9,2,60.1,39.9,1,3,0,0,3,3
2026-04-27,Orgryte,Degerfors,1,1,3.3,3.32,2.05,,,,Allsvenskan,,20260427_Orgryte_Degerfors,19.00683815909997,1.47,1.81,4,6,9,14,52.2,47.8,3,2,0,0,3,10
2026-05-02,Degerfors,Hacken,1,1,3.0,3.24,2.24,,,,Allsvenskan,,20260502_Degerfors_Hacken,-80.48492203756041,0.05,0.86,1,3,2,4,47.2,52.8,0,1,0,0,5,3
2026-05-02,Sirius,Kalmar,3,2,1.43,4.36,6.17,,,,Allsvenskan,,20260502_Sirius_Kalmar,100.43586470109244,2.25,0.91,6,4,13,11,58.2,41.8,0,3,0,0,7,5
2026-05-03,Elfsborg,AIK,1,1,2.66,3.16,2.51,,,,Allsvenskan,,20260503_Elfsborg_AIK,-28.20223131122566,1.35,0.05,3,2,5,6,45.7,54.3,3,0,0,0,3,3
2026-05-03,GAIS,Orgryte,4,0,1.46,4.3,5.78,,,,Allsvenskan,,20260503_GAIS_Orgryte,96.45647099305575,2.02,1.74,8,6,16,12,51.9,48.1,2,1,0,0,9,5
2026-05-03,Hammarby,Vasteras SK,3,0,1.31,5.03,7.75,,,,Allsvenskan,,20260503_Hammarby_Vasteras-SK,214.5643937055088,0.74,0.05,3,1,7,3,55.5,44.5,1,2,0,0,3,3
2026-05-03,Malmo FF,Mjallby,2,3,2.53,3.25,2.59,,,,Allsvenskan,,20260503_Malmo-FF_Mjallby,-53.97283014633376,1.87,0.9,6,3,15,7,48.6,51.4,1,1,0,0,7,5
2026-05-04,Djurgarden,Goteborg,6,0,1.6,3.86,4.82,,,,Allsvenskan,,20260504_Djurgarden_Goteborg,73.89781302002166,1.89,0.5,7,3,17,7,50.5,49.5,4,2,0,0,5,5
2026-05-04,Halmstad,Brommapojkarna,1,3,2.85,3.17,2.37,,,,Allsvenskan,,20260504_Halmstad_Brommapojkarna,23.273968020604116,0.92,1.36,3,5,6,13,50.5,49.5,3,3,0,0,2,7
2026-05-08,Elfsborg,Brommapojkarna,2,0,1.79,3.48,4.07,,,,Allsvenskan,,20260508_Elfsborg_Brommapojkarna,72.81439289858281,1.54,0.87,5,3,10,6,51.7,48.3,0,1,0,0,7,5
2026-05-09,Degerfors,Mjallby,1,4,3.45,3.19,2.06,,,,Allsvenskan,,20260509_Degerfors_Mjallby,-249.75860861377942,0.63,1.7,2,5,5,12,44.7,55.3,5,2,0,0,3,7
2026-05-09,Goteborg,Hammarby,0,1,5.23,4.06,1.54,,,,Allsvenskan,,20260509_Goteborg_Hammarby,-139.70413714559663,1.02,0.68,2,1,6,2,47.8,52.2,1,1,0,0,3,3
2026-05-09,Vasteras SK,GAIS,0,1,3.04,3.33,2.17,,,,Allsvenskan,,20260509_Vasteras-SK_GAIS,-139.6808763753379,0.78,1.69,1,4,2,8,42.2,57.8,3,0,0,0,1,7
2026-05-10,AIK,Djurgarden,2,4,2.63,3.31,2.45,,,,Allsvenskan,,20260510_AIK_Djurgarden,-60.41433039212916,1.08,1.74,3,4,8,8,49.1,50.9,1,0,1,0,4,4
2026-05-10,Hacken,Malmo FF,3,2,2.05,3.5,3.13,,,,Allsvenskan,,20260510_Hacken_Malmo-FF,-100.46180252847489,1.23,1.97,3,7,7,15,49.9,50.1,3,0,0,0,4,3
2026-05-10,Kalmar,Halmstad,2,0,1.63,3.6,5.06,,,,Allsvenskan,,20260510_Kalmar_Halmstad,17.68648021327158,1.33,1.56,3,4,8,8,54.3,45.7,4,1,0,0,5,5
2026-05-11,Sirius,Orgryte,2,0,1.17,6.76,11.47,,,,Allsvenskan,,20260511_Sirius_Orgryte,126.37440437935197,1.31,0.78,3,3,6,8,56.6,43.4,1,0,0,0,4,3
2026-05-16,GAIS,Degerfors,1,1,1.65,3.48,4.99,,,,Allsvenskan,,20260516_GAIS_Degerfors,132.19733656913422,2.4,0.66,7,2,14,4,54.5,45.5,1,1,0,1,6,2
2026-05-16,Halmstad,Elfsborg,1,1,3.6,3.27,1.95,,,,Allsvenskan,,20260516_Halmstad_Elfsborg,-96.05665567476103,1.65,0.58,5,2,9,3,53.9,46.1,0,2,0,1,5,5
2026-05-17,Brommapojkarna,Kalmar,1,0,2.62,3.31,2.42,,,,Allsvenskan,,20260517_Brommapojkarna_Kalmar,-36.266062497860275,0.71,1.57,1,5,4,9,41.7,58.3,2,0,0,0,2,5
2026-05-17,Hammarby,Malmo FF,4,1,1.4,4.64,6.19,,,,Allsvenskan,,20260517_Hammarby_Malmo-FF,53.1801452081113,0.92,0.06,4,2,6,3,45.2,54.8,0,1,0,1,6,2
2026-05-17,Mjallby,Hacken,0,1,2.27,3.34,2.79,,,,Allsvenskan,,20260517_Mjallby_Hacken,163.9653183491555,1.57,0.05,5,1,11,4,53.8,46.2,5,3,0,1,8,0
2026-05-17,Vasteras SK,AIK,1,1,3.19,3.28,2.09,,,,Allsvenskan,,20260517_Vasteras-SK_AIK,-115.61392624685209,0.29,0.05,1,1,3,2,48.9,51.1,2,4,0,0,0,2
2026-05-18,Djurgarden,Sirius,2,3,2.1,3.62,2.92,,,,Allsvenskan,,20260518_Djurgarden_Sirius,28.563068535729144,0.31,0.9,4,4,8,10,55.6,44.4,1,3,0,0,3,5
2026-05-19,Orgryte,Goteborg,2,3,3.93,3.64,1.76,,,,Allsvenskan,,20260519_Orgryte_Goteborg,-60.35154174535046,1.12,1.62,5,4,12,9,50.1,49.9,0,2,1,0,8,1
2026-05-20,GAIS,Hammarby,2,0,3.05,3.27,2.17,,,,Allsvenskan,,20260520_GAIS_Hammarby,-100.23156243814515,0.93,1.02,6,3,15,5,42.9,57.1,2,2,0,0,13,3
2026-05-21,Elfsborg,Mjallby,1,1,2.12,3.16,3.25,,,,Allsvenskan,,20260521_Elfsborg_Mjallby,-158.44031855808657,0.91,0.34,4,4,9,9,47.3,52.7,2,3,0,0,7,7
2026-05-22,Djurgarden,Brommapojkarna,1,2,1.43,4.43,6.0,,,,Allsvenskan,,20260522_Djurgarden_Brommapojkarna,152.7101154998502,1.26,0.93,3,3,8,6,61.6,38.4,2,1,0,0,10,5
2026-05-23,Halmstad,Orgryte,2,0,1.98,3.42,3.37,,,,Allsvenskan,,20260523_Halmstad_Orgryte,0.6031656667075822,1.24,0.86,4,3,11,7,45.2,54.8,1,1,0,0,3,6
2026-05-23,Kalmar,Degerfors,2,1,1.85,3.31,4.01,,,,Allsvenskan,,20260523_Kalmar_Degerfors,13.291387078765865,1.36,0.39,5,1,11,2,54.1,45.9,2,0,0,0,8,4
2026-05-24,Hammarby,AIK,1,2,1.43,4.36,6.05,,,,Allsvenskan,,20260524_Hammarby_AIK,123.26345422223449,0.96,1.33,5,4,11,9,50.8,49.2,0,2,0,0,6,3
2026-05-24,Malmo FF,Vasteras SK,2,3,1.7,3.66,4.31,,,,Allsvenskan,,20260524_Malmo-FF_Vasteras-SK,173.00725182868882,1.58,1.14,4,4,6,11,64.9,35.1,0,1,0,0,3,1
2026-05-24,Sirius,GAIS,2,1,1.68,3.75,4.31,,,,Allsvenskan,,20260524_Sirius_GAIS,14.786136193382617,0.63,1.22,2,5,6,11,53.4,46.6,3,1,0,0,8,11
2026-05-25,Elfsborg,Hacken,1,1,2.67,3.36,2.37,,,,Allsvenskan,,20260525_Elfsborg_Hacken,-23.907084400286976,1.18,0.55,3,2,4,6,44.5,55.5,4,1,0,0,3,2
2026-05-25,Goteborg,Mjallby,1,1,2.41,3.19,2.75,,,,Allsvenskan,,20260525_Goteborg_Mjallby,-163.28269913735153,1.76,0.35,6,1,12,2,37.0,63.0,1,3,0,1,5,1
2026-05-29,Orgryte,Elfsborg,2,2,4.29,3.68,1.7,,,,Allsvenskan,,20260529_Orgryte_Elfsborg,-108.11419586471789,1.37,1.15,4,3,6,6,46.3,53.7,0,1,0,0,5,7
2026-05-30,AIK,Sirius,0,3,3.24,3.6,1.96,,,,Allsvenskan,,20260530_AIK_Sirius,-63.95819665363092,1.11,1.23,2,5,5,10,46.2,53.8,2,1,1,0,10,5
2026-05-30,GAIS,Kalmar,3,0,2.03,3.33,3.28,,,,Allsvenskan,,20260530_GAIS_Kalmar,102.52882527180736,0.43,0.68,3,2,6,7,54.7,45.3,0,0,0,0,3,5
2026-05-30,Malmo FF,Halmstad,5,2,1.48,4.13,5.7,,,,Allsvenskan,,20260530_Malmo-FF_Halmstad,131.36404423770318,1.77,0.18,6,2,11,4,58.5,41.5,3,2,0,1,8,4
2026-05-31,Degerfors,Brommapojkarna,2,2,2.15,3.21,3.12,,,,Allsvenskan,,20260531_Degerfors_Brommapojkarna,-32.0216996151546,1.49,1.54,5,4,10,7,47.6,52.4,0,1,0,0,6,4
2026-05-31,Hacken,Hammarby,3,2,2.86,3.59,2.14,,,,Allsvenskan,,20260531_Hacken_Hammarby,-85.15797570095492,1.51,0.74,5,2,11,4,46.9,53.1,3,5,0,0,7,5
2026-05-31,Vasteras SK,Goteborg,4,5,2.51,3.28,2.54,,,,Allsvenskan,,20260531_Vasteras-SK_Goteborg,-79.49079179246064,1.29,1.73,4,5,10,11,41.9,58.1,2,1,0,0,3,3
2026-07-03,Sirius,Mjallby,4,4,1.61,3.93,4.5,,,,Allsvenskan,,20260703_Sirius_Mjallby,-52.01250310720525,1.43,0.98,5,4,9,10,49.2,50.8,1,4,0,0,11,5
2026-07-04,Degerfors,Malmo FF,0,1,2.91,3.2,2.26,,,,Allsvenskan,,20260704_Degerfors_Malmo-FF,-150.7581650118018,0.9,0.93,2,4,5,9,41.7,58.3,1,2,0,0,2,9
2026-07-04,Halmstad,Vasteras SK,1,3,2.77,3.21,2.35,,,,Allsvenskan,,20260704_Halmstad_Vasteras-SK,8.225076743706268,0.88,2.15,4,6,8,15,50.0,50.0,2,1,0,0,7,10
2026-07-05,Elfsborg,Hammarby,1,2,3.83,3.64,1.77,,,,Allsvenskan,,20260705_Elfsborg_Hammarby,-96.1505814130744,0.79,1.29,2,5,5,11,50.3,49.7,0,5,0,0,4,5
2026-07-05,Goteborg,AIK,1,2,1.96,3.44,3.4,,,,Allsvenskan,,20260705_Goteborg_AIK,-7.863314948534253,1.19,1.23,4,3,9,7,55.5,44.5,0,1,0,0,9,5
2026-07-05,Kalmar,Orgryte,3,0,1.37,4.63,6.68,,,,Allsvenskan,,20260705_Kalmar_Orgryte,35.92936000648115,1.55,0.71,6,1,13,3,47.2,52.8,1,2,0,0,11,6
2026-07-06,Brommapojkarna,GAIS,1,1,2.82,3.32,2.25,,,,Allsvenskan,,20260706_Brommapojkarna_GAIS,-116.5418098574728,0.4,1.1,2,4,5,10,40.1,59.9,3,2,0,0,3,6
2026-07-06,Hacken,Djurgarden,2,4,2.35,3.63,2.5,,,,Allsvenskan,,20260706_Hacken_Djurgarden,-17.289302169633174,1.34,1.69,4,4,6,12,47.2,52.8,2,3,0,1,5,6
2026-07-11,Mjallby,AIK,1,2,2.16,3.43,2.88,,,,Allsvenskan,,20260711_Mjallby_AIK,122.0902587792732,0.94,1.03,3,4,7,7,47.5,52.5,0,2,0,0,2,7
2026-07-11,Orgryte,Hacken,4,3,5.44,4.54,1.44,,,,Allsvenskan,,20260711_Orgryte_Hacken,-140.99818384329683,1.26,1.58,4,4,9,9,42.5,57.5,0,1,0,0,4,5
2026-07-12,Brommapojkarna,Sirius,1,2,4.53,4.05,1.59,,,,Allsvenskan,,20260712_Brommapojkarna_Sirius,-153.46704136181802,0.84,1.43,4,5,10,10,40.4,59.6,0,2,0,0,3,2
2026-07-12,GAIS,Elfsborg,1,0,1.73,3.55,4.2,,,,Allsvenskan,,20260712_GAIS_Elfsborg,59.5770112747025,0.75,1.4,2,4,4,7,51.1,48.9,1,1,0,1,4,5
2026-07-12,Hammarby,Kalmar,2,0,1.36,4.74,6.63,,,,Allsvenskan,,20260712_Hammarby_Kalmar,159.09711176222254,1.89,0.78,6,4,12,8,49.6,50.4,0,3,0,0,4,2
2026-07-12,Malmo FF,Goteborg,4,0,1.87,3.69,3.42,,,,Allsvenskan,,20260712_Malmo-FF_Goteborg,75.65562491193259,1.19,0.89,4,3,9,6,50.9,49.1,0,3,0,0,6,3
2026-07-12,Vasteras SK,Degerfors,2,0,2.04,3.29,3.29,,,,Allsvenskan,,20260712_Vasteras-SK_Degerfors,15.215270905789566,1.28,1.02,4,3,10,6,54.0,46.0,1,3,0,0,5,7
2026-07-13,Djurgarden,Halmstad,3,0,1.19,6.39,10.63,,,,Allsvenskan,,20260713_Djurgarden_Halmstad,169.33871213170482,1.85,0.78,4,2,8,5,60.1,39.9,2,1,0,0,5,1
2026-07-17,Goteborg,Brommapojkarna,2,1,1.82,3.65,3.62,,,,Allsvenskan,,20260717_Goteborg_Brommapojkarna,46.09451593126505,1.35,1.08,2,3,2,5,48.6,51.4,4,0,0,0,2,1
2026-07-17,Mjallby,Vasteras SK,0,0,1.71,3.74,4.11,,,,Allsvenskan,,20260717_Mjallby_Vasteras-SK,199.96534904312034,0.82,0.63,2,3,6,6,51.8,48.2,1,0,0,0,3,9
2026-07-18,AIK,GAIS,2,0,2.82,3.35,2.25,,,,Allsvenskan,,20260718_AIK_GAIS,-22.86810838599422,1.22,0.61,4,4,11,9,50.3,49.7,1,3,0,0,4,4
2026-07-19,Elfsborg,Sirius,1,3,3.34,3.5,1.95,,,,Allsvenskan,,20260719_Elfsborg_Sirius,-121.24517911954854,0.66,0.75,2,5,6,11,45.9,54.1,1,1,0,0,2,0
2026-07-19,Halmstad,Hacken,0,2,4.82,4.25,1.52,,,,Allsvenskan,,20260719_Halmstad_Hacken,-119.1978931429012,0.05,0.64,0,2,5,3,51.0,49.0,1,1,0,0,6,6
2026-07-19,Hammarby,Degerfors,4,0,1.19,6.21,11.38,,,,Allsvenskan,,20260719_Hammarby_Degerfors,222.00438504118597,2.94,0.94,11,1,20,4,53.1,46.9,0,1,0,0,14,6
2026-07-20,Kalmar,Malmo FF,2,2,2.36,3.4,2.64,,,,Allsvenskan,,20260720_Kalmar_Malmo-FF,-136.6657772131582,1.37,1.03,6,2,12,5,39.3,60.7,2,1,0,0,3,2
2026-07-20,Orgryte,Djurgarden,0,0,7.17,5.21,1.32,,,,Allsvenskan,,20260720_Orgryte_Djurgarden,-171.04933352454987,0.23,1.22,1,7,4,15,48.2,51.8,1,0,0,0,6,6
2026-07-24,Vasteras SK,Orgryte,2,0,1.53,4.1,4.91,,,,Allsvenskan,,20260724_Vasteras-SK_Orgryte,23.714578662079475,1.19,0.05,4,0,10,1,51.9,48.1,1,2,0,0,4,2
2026-07-25,Degerfors,Djurgarden,0,1,4.66,3.8,1.61,,,,Allsvenskan,,20260725_Degerfors_Djurgarden,-186.0169283453813,0.76,0.05,1,1,1,1,37.2,62.8,2,0,0,0,6,2
2026-07-25,Kalmar,Mjallby,2,1,2.51,3.33,2.49,,,,Allsvenskan,,20260725_Kalmar_Mjallby,-178.21767211653446,1.13,1.48,2,5,5,14,43.3,56.7,2,0,0,0,1,3
2026-07-26,Brommapojkarna,Hammarby,1,1,6.74,4.71,1.36,,,,Allsvenskan,,20260726_Brommapojkarna_Hammarby,-192.4019413592075,1.14,1.11,4,3,10,5,45.0,55.0,3,3,0,0,9,6
2026-07-26,GAIS,Halmstad,1,1,1.49,4.11,5.45,,,,Allsvenskan,,20260726_GAIS_Halmstad,162.48673854944764,1.06,0.65,5,2,12,5,49.9,50.1,2,2,0,0,10,4
2026-07-26,Malmo FF,Elfsborg,1,2,1.96,3.49,3.32,,,,Allsvenskan,,20260726_Malmo-FF_Elfsborg,97.82821725319036,0.86,2.09,2,7,5,15,56.8,43.2,0,1,0,0,6,8
2026-07-26,Sirius,Goteborg,4,1,1.45,4.5,5.44,,,,Allsvenskan,,20260726_Sirius_Goteborg,118.9682059038903,1.76,1.4,6,3,12,7,48.1,51.9,1,1,0,0,9,6
2026-07-27,Hacken,AIK,0,0,1.86,3.87,3.29,,,,Allsvenskan,,20260727_Hacken_AIK,-29.923497317065085,0.27,1.05,0,3,0,6,53.0,47.0,1,3,0,0,1,8
2026-08-01,Hacken,Kalmar,1,1,1.7,3.89,3.99,,,,Allsvenskan,,20260801_Hacken_Kalmar,60.692619989424884,1.45,0.51,4,1,7,4,48.1,51.9,1,2,0,0,1,1
2026-08-02,AIK,Orgryte,0,3,1.51,4.11,5.26,,,,Allsvenskan,,20260802_AIK_Orgryte,150.39942100624285,1.28,1.61,3,5,8,12,64.5,35.5,2,3,0,0,6,4
2026-08-02,Brommapojkarna,Malmo FF,1,2,3.06,3.56,2.04,,,,Allsvenskan,,20260802_Brommapojkarna_Malmo-FF,-125.19886725520496,0.53,0.48,2,2,4,5,40.6,59.4,1,0,0,0,4,2
2026-08-02,Goteborg,Degerfors,2,0,1.74,3.53,4.19,,,,Allsvenskan,,20260802_Goteborg_Degerfors,105.07214137306642,1.91,0.97,5,3,12,7,50.6,49.4,2,1,0,0,6,3
2026-08-03,Djurgarden,Vasteras SK,6,0,1.5,4.35,4.93,,,,Allsvenskan,,20260803_Djurgarden_Vasteras-SK,131.33325152551924,2.19,1.02,6,2,14,5,59.6,40.4,2,4,0,0,10,4
2026-08-03,Halmstad,Sirius,0,2,6.88,4.75,1.35,,,,Allsvenskan,,20260803_Halmstad_Sirius,-227.80217787823062,0.05,1.06,0,3,0,7,47.1,52.9,0,2,0,0,2,4
2026-08-08,Mjallby,Elfsborg,0,1,2.75,3.13,2.48,,,,Allsvenskan,,20260808_Mjallby_Elfsborg,115.40288449047762,1.46,0.18,4,3,10,5,59.7,40.3,1,2,0,0,4,3
2026-08-08,Orgryte,AIK,3,4,2.55,3.45,2.48,,,,Allsvenskan,,20260808_Orgryte_AIK,-116.6139258484991,1.55,1.86,4,5,8,11,42.0,58.0,2,0,0,0,5,3
2026-08-09,Goteborg,Kalmar,3,2,2.38,3.32,2.72,,,,Allsvenskan,,20260809_Goteborg_Kalmar,28.772623873053135,1.69,0.39,5,2,13,4,47.6,52.4,1,1,0,0,5,1
2026-08-09,Halmstad,GAIS,0,2,4.78,3.95,1.6,,,,Allsvenskan,,20260809_Halmstad_GAIS,-157.10942325621522,0.5,1.03,2,2,5,5,45.0,55.0,0,0,0,0,1,0
2026-08-09,Hammarby,Hacken,3,0,1.5,4.54,5.02,,,,Allsvenskan,,20260809_Hammarby_Hacken,91.22990708474026,1.4,0.05,3,0,7,0,59.8,40.2,2,1,0,0,3,3
2026-08-09,Malmo FF,Degerfors,1,2,1.43,4.3,6.44,,,,Allsvenskan,,20260809_Malmo-FF_Degerfors,193.7579651129156,1.56,1.35,5,4,10,8,57.3,42.7,2,3,0,0,4,2
2026-08-10,Sirius,Brommapojkarna,2,2,1.41,4.57,6.41,,,,Allsvenskan,,20260810_Sirius_Brommapojkarna,200.8494580417282,1.32,1.42,5,5,10,13,59.5,40.5,4,4,0,0,6,1
2026-08-10,Vasteras SK,Djurgarden,1,0,5.09,4.19,1.54,,,,Allsvenskan,,20260810_Vasteras-SK_Djurgarden,-146.6698315759004,1.31,0.96,2,4,4,10,41.3,58.7,1,3,0,0,4,6
2026-08-14,Elfsborg,Vasteras SK,3,0,1.57,4.02,5.07,,,,Allsvenskan,,20260814_Elfsborg_Vasteras-SK,49.97615469867924,1.34,0.78,3,2,8,2,43.9,56.1,2,3,0,0,3,1
2026-08-15,Mjallby,Sirius,4,3,2.92,3.52,2.19,,,,Allsvenskan,,20260815_Mjallby_Sirius,-29.22773661776887,1.78,1.8,5,5,12,11,47.8,52.2,3,2,0,0,7,9
2026-08-16,Brommapojkarna,Orgryte,3,1,1.75,3.9,3.92,,,,Allsvenskan,,20260816_Brommapojkarna_Orgryte,20.99683415629852,0.87,0.36,4,1,9,2,46.1,53.9,1,0,0,0,4,4
2026-08-16,Degerfors,Goteborg,3,0,3.25,3.26,2.13,,,,Allsvenskan,,20260816_Degerfors_Goteborg,-114.96092608469166,1.02,1.13,3,3,7,7,48.4,51.6,3,0,0,0,6,2
2026-08-16,Djurgarden,AIK,1,3,1.37,4.97,6.6,,,,Allsvenskan,,20260816_Djurgarden_AIK,26.671935264663716,1.08,1.0,3,3,8,6,53.2,46.8,2,3,0,0,3,5
2026-08-16,GAIS,Malmo FF,0,1,2.21,3.53,2.89,,,,Allsvenskan,,20260816_GAIS_Malmo-FF,4.05235601799518,1.36,0.29,5,1,11,2,55.3,44.7,1,3,0,0,3,1
2026-08-16,Kalmar,Hammarby,0,4,5.1,4.09,1.56,,,,Allsvenskan,,20260816_Kalmar_Hammarby,-167.70016124208064,0.98,0.05,4,4,9,10,48.8,51.2,2,0,0,1,10,6
2026-08-17,Hacken,Halmstad,1,0,1.31,5.34,7.38,,,,Allsvenskan,,20260817_Hacken_Halmstad,132.08287599145933,0.51,0.82,1,2,0,5,52.9,47.1,1,2,0,0,5,4
2026-08-21,Sirius,Hacken,0,3,1.76,4.0,3.8,,,,Allsvenskan,,20260821_Sirius_Hacken,85.91528560698089,2.07,0.58,7,3,15,6,57.7,42.3,1,4,0,0,7,7
2026-08-22,Orgryte,Halmstad,1,1,1.89,3.63,3.54,,,,Allsvenskan,,20260822_Orgryte_Halmstad,25.68552950185881,1.34,0.71,3,3,9,6,52.3,47.7,2,4,0,0,8,8
2026-08-23,Brommapojkarna,Degerfors,2,0,1.95,3.44,3.54,,,,Allsvenskan,,20260823_Brommapojkarna_Degerfors,36.47582642587531,0.27,0.05,2,0,3,0,47.1,52.9,0,3,0,0,4,0
2026-08-23,Goteborg,Elfsborg,1,1,2.55,3.32,2.53,,,,Allsvenskan,,20260823_Goteborg_Elfsborg,-27.58763704753119,1.61,1.07,6,2,15,5,46.0,54.0,1,2,0,0,16,8
2026-08-23,Hammarby,GAIS,2,0,1.38,4.83,6.56,,,,Allsvenskan,,20260823_Hammarby_GAIS,88.97056550331672,1.08,0.55,4,1,9,2,58.7,41.3,0,1,0,0,3,3
2026-08-23,Vasteras SK,Kalmar,0,0,2.6,3.32,2.5,,,,Allsvenskan,,20260823_Vasteras-SK_Kalmar,-1.3827159104828297,0.74,1.11,2,3,2,7,54.8,45.2,1,1,0,0,5,5
2026-08-24,Malmo FF,Djurgarden,0,3,2.58,3.5,2.44,,,,Allsvenskan,,20260824_Malmo-FF_Djurgarden,3.112220305607707,1.26,0.6,4,4,7,10,55.6,44.4,1,3,0,0,5,5
2026-08-29,Elfsborg,Degerfors,2,0,1.54,3.95,5.46,,,,Allsvenskan,,20260829_Elfsborg_Degerfors,120.67893542196134,1.87,0.86,9,4,19,8,61.9,38.1,1,1,0,0,13,4
2026-08-29,Hacken,Vasteras SK,1,3,1.38,4.83,6.57,,,,Allsvenskan,,20260829_Hacken_Vasteras-SK,89.13971160988103,0.05,0.7,1,3,1,5,53.5,46.5,1,2,1,0,4,2
2026-08-29,Halmstad,Kalmar,1,0,3.32,3.48,2.01,,,,Allsvenskan,,20260829_Halmstad_Kalmar,-73.54477991555586,0.79,0.59,3,1,5,5,42.8,57.2,2,1,1,0,4,8
2026-08-30,AIK,Hammarby,3,2,7.02,4.97,1.35,,,,Allsvenskan,,20260830_AIK_Hammarby,-81.68086108586544,0.92,1.66,3,5,9,10,45.5,54.5,3,4,1,0,3,10
2026-08-30,Goteborg,Orgryte,1,0,1.59,4.16,4.6,,,,Allsvenskan,,20260830_Goteborg_Orgryte,92.20610696726908,0.93,0.68,3,2,4,5,53.2,46.8,0,1,0,0,2,2
2026-08-31,Djurgarden,Mjallby,4,0,1.43,4.59,5.87,,,,Allsvenskan,,20260831_Djurgarden_Mjallby,-34.40703673020789,1.48,0.19,5,1,11,2,50.9,49.1,1,1,0,0,7,4
2026-08-31,GAIS,Brommapojkarna,4,0,1.74,3.7,4.22,,,,Allsvenskan,,20260831_GAIS_Brommapojkarna,77.47535851815951,1.03,0.21,4,2,10,4,54.8,45.2,2,1,0,0,6,3
2026-08-31,Sirius,Malmo FF,0,1,1.67,4.13,4.1,,,,Allsvenskan,,20260831_Sirius_Malmo-FF,43.814933129576275,1.5,0.6,4,2,9,5,53.2,46.8,0,2,0,0,6,4
2026-09-03,Mjallby,Djurgarden,0,2,4.68,4.02,1.61,,,,Allsvenskan,,20260903_Mjallby_Djurgarden,8.038022257938337,0.41,1.38,2,4,4,9,49.1,50.9,2,1,0,1,2,4
2026-09-05,Degerfors,Halmstad,2,0,2.02,3.35,3.45,,,,Allsvenskan,,20260905_Degerfors_Halmstad,-1.3671033035354867,1.02,0.14,3,0,6,2,51.5,48.5,3,0,0,0,5,3
2026-09-05,GAIS,Hacken,0,0,2.27,3.5,2.8,,,,Allsvenskan,,20260905_GAIS_Hacken,19.551569312603533,1.61,1.0,6,4,13,9,51.3,48.7,2,2,0,0,5,4
2026-09-05,Vasteras SK,Sirius,0,1,3.99,3.84,1.74,,,,Allsvenskan,,20260905_Vasteras-SK_Sirius,-116.71996464303606,0.16,0.81,1,2,3,5,49.2,50.8,1,3,0,0,1,3
2026-09-06,Brommapojkarna,Elfsborg,2,1,3.59,3.6,1.89,,,,Allsvenskan,,20260906_Brommapojkarna_Elfsborg,-80.07294463992025,0.86,0.67,3,4,7,7,50.2,49.8,0,1,0,0,5,6
2026-09-06,Orgryte,Hammarby,1,1,10.83,6.75,1.19,,,,Allsvenskan,,20260906_Orgryte_Hammarby,-233.7271904186971,0.34,0.88,3,2,7,6,34.6,65.4,3,2,0,1,5,1
2026-09-07,Kalmar,Djurgarden,0,1,4.76,3.97,1.61,,,,Allsvenskan,,20260907_Kalmar_Djurgarden,-161.20384206837093,1.49,0.14,5,1,13,3,50.2,49.8,2,2,0,0,8,2
2026-09-07,Malmo FF,AIK,0,0,1.68,3.93,4.28,,,,Allsvenskan,,20260907_Malmo-FF_AIK,-9.427118025011623,0.39,0.05,3,0,8,0,51.3,48.7,0,1,0,1,2,0
2026-09-07,Mjallby,Goteborg,1,4,2.32,3.42,2.77,,,,Allsvenskan,,20260907_Mjallby_Goteborg,78.72001911012353,0.94,1.64,1,5,4,12,51.1,48.9,3,0,0,0,0,13
2026-09-11,Hacken,Mjallby,1,1,1.47,4.37,5.56,,,,Allsvenskan,,20260911_Hacken_Mjallby,-41.99640804264186,1.18,1.32,4,3,7,6,56.6,43.4,0,3,0,0,4,8
2026-09-12,AIK,Vasteras SK,1,4,1.75,3.64,4.2,,,,Allsvenskan,,20260912_AIK_Vasteras-SK,117.13106155353103,1.1,1.28,3,4,7,9,53.6,46.4,2,1,0,0,6,7
2026-09-12,Goteborg,Halmstad,2,1,1.4,4.58,6.41,,,,Allsvenskan,,20260912_Goteborg_Halmstad,137.22624848860642,1.43,1.38,4,4,9,8,56.3,43.7,2,1,0,0,5,1
2026-09-13,Elfsborg,Kalmar,1,0,1.9,3.44,3.7,,,,Allsvenskan,,20260913_Elfsborg_Kalmar,82.83885328126462,0.8,0.61,3,0,6,0,49.3,50.7,3,0,0,0,1,2
2026-09-13,Hammarby,Brommapojkarna,3,1,1.18,6.91,11.34,,,,Allsvenskan,,20260913_Hammarby_Brommapojkarna,157.26936546606066,1.4,0.05,4,1,7,1,50.4,49.6,1,0,0,0,8,0
2026-09-13,Malmo FF,Orgryte,4,1,1.39,4.77,6.35,,,,Allsvenskan,,20260913_Malmo-FF_Orgryte,165.4441412708925,1.34,0.76,4,3,7,9,50.4,49.6,0,3,0,0,7,10
2026-09-14,Djurgarden,GAIS,2,0,1.43,4.41,6.26,,,,Allsvenskan,,20260914_Djurgarden_GAIS,61.78452986477873,1.1,1.27,3,4,8,6,55.3,44.7,2,5,0,0,3,9
2026-09-14,Sirius,Degerfors,2,0,1.41,4.45,6.51,,,,Allsvenskan,,20260914_Sirius_Degerfors,186.92125666248035,1.37,1.08,4,1,7,2,54.6,45.4,1,1,0,0,8,5
2026-09-16,AIK,Mjallby,1,1,2.24,3.46,2.88,,,,Allsvenskan,,20260916_AIK_Mjallby,-7.222946634352638,1.52,1.31,5,4,11,8,52.2,47.8,0,6,0,1,2,3
