date,home_team,away_team,home_goals,away_goals,sede_ciudad,sede_pais,sede_nombre,odd_home,odd_draw,odd_away,tournament,stadium,MATCH_ID,elo_diff,home_xg,away_xg,home_shots_on,away_shots_on,home_shots_off,away_shots_off,home_possession,away_possession,home_yellow,away_yellow,home_red,away_red,home_corners,away_corners
2021-08-20 15:00:00,Mamelodi Sundowns,AmaZulu,1.0,0.0,Pretoria,South Africa,Loftus Versfeld Stadium,,,,South African Premier Division,,20210820_Mamelodi-Sundowns_AmaZulu,0.0,0.43,2.09,2,9,5,20,50.0,50.0,2,2,0,0,4,8
2021-08-21 13:00:00,Golden Arrows,Maritzburg United,2.0,1.0,Durban,South Africa,Princess Magogo Stadium,,,,South African Premier Division,,20210821_Golden-Arrows_Maritzburg-United,0.0,0.9,1.17,2,3,5,6,50.6,49.4,1,0,0,0,2,6
2021-08-21 13:00:00,Orlando Pirates,Stellenbosch,2.0,2.0,Johannesburg,South Africa,Orlando Stadium,,,,South African Premier Division,,20210821_Orlando-Pirates_Stellenbosch,0.0,1.07,0.99,2,4,5,8,49.7,50.3,1,2,0,0,7,6
2021-08-21 13:00:00,Sekhukhune United FC,Chippa United,0.0,1.0,Tembisa,South Africa,Makhulong Stadium,,,,South African Premier Division,,20210821_Sekhukhune-United-FC_Chippa-United,0.0,0.61,0.39,2,1,2,4,45.0,55.0,0,0,0,0,3,1
2021-08-21 15:00:00,Baroka FC,Marumo Gallants,2.0,0.0,Polokwane,South Africa,Peter Mokaba Stadium,,,,South African Premier Division,,20210821_Baroka-FC_Marumo-Gallants,0.0,0.66,0.54,4,0,9,0,48.3,51.7,0,1,0,0,3,0
2021-08-21 15:00:00,Cape Town City FC,SuperSport United,0.0,0.0,Cape Town,South Africa,Athlone Stadium,,,,South African Premier Division,,20210821_Cape-Town-City-FC_SuperSport-United,0.0,1.11,1.38,3,5,7,12,49.2,50.8,1,1,0,0,5,5
2021-08-22 13:00:00,Moroka Swallows,Royal AM,1.0,0.0,Soweto,South Africa,Dobsonville Stadium,,,,South African Premier Division,,20210822_Moroka-Swallows_Royal-AM,0.0,1.5,1.64,4,4,8,9,54.1,45.9,0,3,0,0,6,5
2021-08-22 15:00:00,TS Galaxy FC,Kaizer Chiefs,0.0,0.0,Nelspruit,South Africa,Mbombela Stadium,,,,South African Premier Division,,20210822_TS-Galaxy-FC_Kaizer-Chiefs,0.0,0.7,0.64,2,2,3,3,44.0,56.0,1,2,0,0,3,3
2021-08-24 15:00:00,Chippa United,Mamelodi Sundowns,0.0,0.0,Gqeberha,South Africa,Nelson Mandela Bay Stadium,,,,South African Premier Division,,20210824_Chippa-United_Mamelodi-Sundowns,0.0,0.71,1.07,3,2,7,3,49.5,50.5,2,0,0,0,4,5
2021-08-24 15:00:00,Marumo Gallants,Orlando Pirates,0.0,0.0,Polokwane,South Africa,Peter Mokaba Stadium,,,,South African Premier Division,,20210824_Marumo-Gallants_Orlando-Pirates,-12.0,2.0,1.65,6,5,11,10,43.5,56.5,2,1,0,0,7,8
2021-08-25 13:00:00,SuperSport United,Golden Arrows,3.0,1.0,Pretoria,South Africa,Lucas Masterpieces Moripe Stadium,,,,South African Premier Division,,20210825_SuperSport-United_Golden-Arrows,-12.0,1.03,0.54,5,3,13,2,53.6,46.4,0,1,0,1,8,2
2021-08-25 15:00:00,AmaZulu,Moroka Swallows,0.0,0.0,Durban,South Africa,Hollywoodbets Kings Park Stadium,,,,South African Premier Division,,20210825_AmaZulu_Moroka-Swallows,-24.0,1.82,1.41,6,5,14,9,47.3,52.7,0,1,0,0,7,7
2021-08-25 15:00:00,Kaizer Chiefs,Baroka FC,2.0,1.0,Johannesburg,South Africa,FNB Stadium,,,,South African Premier Division,,20210825_Kaizer-Chiefs_Baroka-FC,-12.0,1.29,0.75,5,3,13,5,52.3,47.7,0,4,0,0,2,4
2021-08-25 15:00:00,Maritzburg United,Sekhukhune United FC,0.0,2.0,Pietermaritzburg,South Africa,Harry Gwala Stadium,,,,South African Premier Division,,20210825_Maritzburg-United_Sekhukhune-United-FC,0.0,0.95,0.63,1,2,1,5,47.8,52.2,0,1,0,0,4,4
2021-08-25 15:00:00,Royal AM,Cape Town City FC,1.0,2.0,Durban,South Africa,Chatsworth Stadium,,,,South African Premier Division,,20210825_Royal-AM_Cape-Town-City-FC,-12.0,0.05,1.13,1,4,2,9,52.0,48.0,2,2,0,1,3,7
2021-08-25 15:00:00,Stellenbosch,TS Galaxy FC,1.0,0.0,Stellenbosch,South Africa,Danie Craven Stadium,,,,South African Premier Division,,20210825_Stellenbosch_TS-Galaxy-FC,0.0,0.84,1.5,3,4,5,9,47.3,52.7,3,3,0,0,2,5
2021-09-11 13:00:00,Orlando Pirates,Moroka Swallows,1.0,0.0,Johannesburg,South Africa,Orlando Stadium,,,,South African Premier Division,,20210911_Orlando-Pirates_Moroka-Swallows,-11.586685912933035,0.51,1.58,2,5,5,12,47.6,52.4,1,2,0,0,3,4
2021-09-11 13:00:00,TS Galaxy FC,Golden Arrows,2.0,2.0,Nelspruit,South Africa,Mbombela Stadium,,,,South African Premier Division,,20210911_TS-Galaxy-FC_Golden-Arrows,-11.585699413622933,1.58,1.34,5,4,11,8,40.5,59.5,2,2,1,0,8,5
2021-09-11 15:00:00,Baroka FC,Maritzburg United,0.0,1.0,Polokwane,South Africa,Peter Mokaba Stadium,,,,South African Premier Division,,20210911_Baroka-FC_Maritzburg-United,23.585699413622933,0.5,1.6,2,5,4,11,53.0,47.0,0,2,0,0,5,6
2021-09-11 15:00:00,Sekhukhune United FC,Stellenbosch,1.0,1.0,Johannesburg,South Africa,Emirates Airline Park,,,,South African Premier Division,,20210911_Sekhukhune-United-FC_Stellenbosch,-12.0,0.56,1.19,2,4,5,9,47.9,52.1,1,0,0,0,4,6
2021-09-12 13:00:00,Royal AM,Chippa United,1.0,0.0,Durban,South Africa,Chatsworth Stadium,,,,South African Premier Division,,20210912_Royal-AM_Chippa-United,-35.58569941362293,1.1,0.91,4,2,7,4,49.1,50.9,1,3,0,0,8,1
2021-09-12 15:00:00,Mamelodi Sundowns,Kaizer Chiefs,2.0,0.0,Pretoria,South Africa,Loftus Versfeld Stadium,,,,South African Premier Division,,20210912_Mamelodi-Sundowns_Kaizer-Chiefs,-0.4143005863770668,1.42,1.15,4,5,7,13,47.6,52.4,2,3,0,0,3,6
2021-09-14 15:00:00,AmaZulu,SuperSport United,0.0,0.0,Durban,South Africa,Hollywoodbets Kings Park Stadium,,,,South African Premier Division,,20210914_AmaZulu_SuperSport-United,-23.586685912933035,0.81,1.19,2,3,5,7,54.6,45.4,1,3,0,0,3,1
2021-09-18 13:00:00,Chippa United,Orlando Pirates,1.0,3.0,Gqeberha,South Africa,Nelson Mandela Bay Stadium,,,,South African Premier Division,,20210918_Chippa-United_Orlando-Pirates,-13.21054757592242,0.68,0.63,1,3,4,8,49.9,50.1,4,2,0,0,3,6
2021-09-18 15:00:00,Baroka FC,Sekhukhune United FC,1.0,0.0,Polokwane,South Africa,Peter Mokaba Stadium,,,,South African Premier Division,,20210918_Baroka-FC_Sekhukhune-United-FC,-13.641973310143158,0.05,0.05,1,1,4,2,47.9,52.1,1,2,0,0,1,1
2021-09-18 15:00:00,Cape Town City FC,Stellenbosch,0.0,3.0,Cape Town,South Africa,Athlone Stadium,,,,South African Premier Division,,20210918_Cape-Town-City-FC_Stellenbosch,0.0,0.98,2.14,3,6,8,14,52.8,47.2,4,1,0,0,5,6
2021-09-18 15:00:00,Kaizer Chiefs,Royal AM,1.0,4.0,Johannesburg,South Africa,FNB Stadium,,,,South African Premier Division,,20210918_Kaizer-Chiefs_Royal-AM,10.760884069736676,1.5,1.4,5,4,10,8,46.0,54.0,2,1,0,0,5,7
2021-09-19 13:00:00,Moroka Swallows,SuperSport United,0.0,3.0,Soweto,South Africa,Dobsonville Stadium,,,,South African Premier Division,,20210919_Moroka-Swallows_SuperSport-United,-12.82855086706445,0.51,1.23,0,4,0,9,56.0,44.0,4,1,0,0,1,2
2021-09-19 15:00:00,Mamelodi Sundowns,TS Galaxy FC,3.0,0.0,Pretoria,South Africa,Loftus Versfeld Stadium,,,,South African Premier Division,,20210919_Mamelodi-Sundowns_TS-Galaxy-FC,35.61430180258003,1.11,0.48,4,1,9,3,50.4,49.6,1,0,0,0,4,1
2021-09-22 13:00:00,Golden Arrows,AmaZulu,2.0,2.0,Durban,South Africa,Sugar Ray Xulu Stadium,,,,South African Premier Division,,20210922_Golden-Arrows_AmaZulu,9.54467106090442,1.5,1.71,6,5,15,8,49.0,51.0,2,1,0,1,8,5
2021-09-22 15:00:00,Maritzburg United,Marumo Gallants,1.0,0.0,Pietermaritzburg,South Africa,Harry Gwala Stadium,,,,South African Premier Division,,20210922_Maritzburg-United_Marumo-Gallants,0.3990715510119571,0.09,0.8,1,3,1,6,55.1,44.9,0,1,0,0,4,4
2021-09-24 15:00:00,Moroka Swallows,Cape Town City FC,0.0,0.0,Soweto,South Africa,Dobsonville Stadium,,,,South African Premier Division,,20210924_Moroka-Swallows_Cape-Town-City-FC,-12.370474546485639,0.62,0.49,2,1,5,3,44.5,55.5,1,1,0,0,3,3
2021-09-25 13:00:00,AmaZulu,Baroka FC,1.0,0.0,Durban,South Africa,Hollywoodbets Kings Park Stadium,,,,South African Premier Division,,20210925_AmaZulu_Baroka-FC,-9.272663270274279,1.09,1.13,3,6,8,12,50.3,49.7,1,3,0,0,6,4
2021-09-25 13:00:00,Orlando Pirates,Mamelodi Sundowns,0.0,2.0,Johannesburg,South Africa,Orlando Stadium,,,,South African Premier Division,,20210925_Orlando-Pirates_Mamelodi-Sundowns,-11.25884064974548,0.19,1.76,1,7,3,14,50.9,49.1,1,1,0,0,4,10
2021-09-25 13:00:00,Sekhukhune United FC,Golden Arrows,1.0,1.0,Johannesburg,South Africa,Emirates Airline Park,,,,South African Premier Division,,20210925_Sekhukhune-United-FC_Golden-Arrows,-10.912747922103108,1.95,1.52,6,5,15,10,46.2,53.8,4,2,0,0,6,4
2021-09-25 15:00:00,Stellenbosch,Chippa United,2.0,1.0,Stellenbosch,South Africa,Danie Craven Stadium,,,,South African Premier Division,,20210925_Stellenbosch_Chippa-United,36.3544495264905,0.71,1.09,2,5,4,13,50.5,49.5,0,4,0,0,5,4
2021-09-25 15:00:00,SuperSport United,Maritzburg United,2.0,1.0,Pretoria,South Africa,Lucas Masterpieces Moripe Stadium,,,,South African Premier Division,,20210925_SuperSport-United_Maritzburg-United,22.358424631520393,0.76,1.82,2,7,5,17,48.5,51.5,1,2,0,0,4,11
2021-09-26 13:00:00,Royal AM,TS Galaxy FC,4.0,2.0,Durban,South Africa,Chatsworth Stadium,,,,South African Premier Division,,20210926_Royal-AM_TS-Galaxy-FC,24.384864337968565,1.8,0.65,6,2,13,4,47.4,52.6,1,2,0,0,9,2
2021-09-26 15:00:00,Marumo Gallants,Kaizer Chiefs,0.0,0.0,Polokwane,South Africa,Peter Mokaba Stadium,,,,South African Premier Division,,20210926_Marumo-Gallants_Kaizer-Chiefs,-11.60035816519462,0.5,0.49,1,2,3,3,48.8,51.2,0,0,0,0,4,2
2021-10-02 13:30:00,AmaZulu,Kaizer Chiefs,1.0,1.0,Durban,South Africa,Hollywoodbets Kings Park Stadium,,,,South African Premier Division,,20211002_AmaZulu_Kaizer-Chiefs,14.66286067263104,0.05,1.4,1,5,3,11,48.6,51.4,2,2,0,0,2,5
2021-10-02 13:30:00,Chippa United,SuperSport United,0.0,0.0,Mdantsane,South Africa,Sisa Dukashe Stadium,,,,South African Premier Division,,20211002_Chippa-United_SuperSport-United,-57.904519454925776,0.66,0.8,1,1,2,3,42.1,57.9,0,1,0,0,0,5
2021-10-02 13:30:00,TS Galaxy FC,Sekhukhune United FC,0.0,1.0,Nelspruit,South Africa,Mbombela Stadium,,,,South African Premier Division,,20211002_TS-Galaxy-FC_Sekhukhune-United-FC,-21.853519681572834,0.65,1.71,0,4,1,8,47.9,52.1,3,2,0,0,4,6
2021-10-02 15:00:00,Baroka FC,Stellenbosch,1.0,1.0,Polokwane,South Africa,Peter Mokaba Stadium,,,,South African Premier Division,,20211002_Baroka-FC_Stellenbosch,-47.4115518804349,0.38,1.28,2,3,3,6,48.0,52.0,1,2,1,0,1,4
2021-10-02 15:30:00,Cape Town City FC,Orlando Pirates,1.0,1.0,Cape Town,South Africa,DHL Cape Town Stadium,,,,South African Premier Division,,20211002_Cape-Town-City-FC_Orlando-Pirates,-12.759796386035987,0.76,0.73,2,4,4,8,51.2,48.8,0,0,1,0,6,8
2021-10-03 13:30:00,Golden Arrows,Marumo Gallants,3.0,1.0,Durban,South Africa,Sugar Ray Xulu Stadium,,,,South African Premier Division,,20211003_Golden-Arrows_Marumo-Gallants,21.650726992063028,1.82,0.39,5,2,11,5,49.1,50.9,3,2,0,0,8,3
2021-10-03 13:30:00,Royal AM,Maritzburg United,2.0,1.0,Durban,South Africa,Chatsworth Stadium,,,,South African Premier Division,,20211003_Royal-AM_Maritzburg-United,23.59905580092095,0.69,1.03,2,4,5,8,51.2,48.8,3,1,0,0,8,9
2021-10-03 15:30:00,Mamelodi Sundowns,Moroka Swallows,3.0,0.0,Pretoria,South Africa,Loftus Versfeld Stadium,,,,South African Premier Division,,20211003_Mamelodi-Sundowns_Moroka-Swallows,58.75748935359934,1.18,0.65,5,3,11,7,48.6,51.4,0,1,0,0,1,3
2021-10-16 13:30:00,Sekhukhune United FC,Cape Town City FC,1.0,0.0,Johannesburg,South Africa,Emirates Airline Park,,,,South African Premier Division,,20211016_Sekhukhune-United-FC_Cape-Town-City-FC,-0.03277396040812164,0.13,0.58,1,2,2,5,51.3,48.7,5,2,0,0,4,2
2021-10-16 15:00:00,SuperSport United,Baroka FC,2.0,0.0,Pretoria,South Africa,Lucas Masterpieces Moripe Stadium,,,,South African Premier Division,,20211016_SuperSport-United_Baroka-FC,43.85468793653081,0.71,1.9,3,6,6,13,49.5,50.5,2,3,0,0,3,4
2021-10-16 15:30:00,Kaizer Chiefs,Chippa United,4.0,0.0,Johannesburg,South Africa,FNB Stadium,,,,South African Premier Division,,20211016_Kaizer-Chiefs_Chippa-United,9.670102610522008,1.36,1.95,6,4,12,8,50.2,49.8,1,1,0,0,4,6
2021-10-17 13:30:00,Moroka Swallows,Stellenbosch,1.0,1.0,Soweto,South Africa,Dobsonville Stadium,,,,South African Premier Division,,20211017_Moroka-Swallows_Stellenbosch,-55.05458778259617,0.99,1.35,2,5,5,10,49.7,50.3,3,1,1,0,5,8
2021-10-19 13:30:00,Marumo Gallants,Royal AM,2.0,2.0,Polokwane,South Africa,Peter Mokaba Stadium,,,,South African Premier Division,,20211019_Marumo-Gallants_Royal-AM,-58.780561007146616,1.47,1.22,4,3,8,7,54.3,45.7,0,0,0,0,4,3
2021-10-19 15:30:00,TS Galaxy FC,AmaZulu,0.0,1.0,Nelspruit,South Africa,Mbombela Stadium,,,,South African Premier Division,,20211019_TS-Galaxy-FC_AmaZulu,-46.564217808819876,0.05,1.37,0,4,0,10,49.8,50.2,2,3,0,0,3,3
2021-10-20 13:30:00,Golden Arrows,Mamelodi Sundowns,0.0,1.0,Durban,South Africa,Sugar Ray Xulu Stadium,,,,South African Premier Division,,20211020_Golden-Arrows_Mamelodi-Sundowns,-46.657010599905334,0.99,0.97,2,3,5,8,52.7,47.3,2,0,0,0,4,6
2021-10-20 15:30:00,Maritzburg United,Orlando Pirates,0.0,0.0,Pietermaritzburg,South Africa,Harry Gwala Stadium,,,,South African Premier Division,,20211020_Maritzburg-United_Orlando-Pirates,-33.09331706686271,1.22,0.92,4,2,9,3,48.4,51.6,0,1,0,0,4,2
2021-10-23 13:30:00,Maritzburg United,TS Galaxy FC,1.0,0.0,Pietermaritzburg,South Africa,Harry Gwala Stadium,,,,South African Premier Division,,20211023_Maritzburg-United_TS-Galaxy-FC,34.70500152608247,0.93,1.23,2,4,5,8,48.1,51.9,1,2,0,0,3,7
2021-10-23 15:30:00,Cape Town City FC,Golden Arrows,4.0,3.0,Cape Town,South Africa,DHL Cape Town Stadium,,,,South African Premier Division,,20211023_Cape-Town-City-FC_Golden-Arrows,-11.736363099633536,1.84,1.61,6,5,14,11,43.8,56.2,2,1,0,0,6,5
2021-10-24 13:30:00,Chippa United,Moroka Swallows,0.0,0.0,Mdantsane,South Africa,Sisa Dukashe Stadium,,,,South African Premier Division,,20211024_Chippa-United_Moroka-Swallows,-12.740479087685344,0.05,1.98,0,7,0,15,52.9,47.1,1,0,0,0,2,3
2021-10-24 15:30:00,SuperSport United,Kaizer Chiefs,1.0,2.0,Pretoria,South Africa,Lucas Masterpieces Moripe Stadium,,,,South African Premier Division,,20211024_SuperSport-United_Kaizer-Chiefs,43.09835511498545,1.42,0.98,3,3,8,8,50.5,49.5,3,2,0,0,2,2
2021-10-27 13:30:00,Stellenbosch,Marumo Gallants,1.0,0.0,Stellenbosch,South Africa,Danie Craven Stadium,,,,South African Premier Division,,20211027_Stellenbosch_Marumo-Gallants,63.234937267208124,0.52,0.62,1,3,4,7,47.9,52.1,1,1,0,0,5,3
2021-10-27 15:30:00,Sekhukhune United FC,AmaZulu,2.0,0.0,Johannesburg,South Africa,Emirates Airline Park,,,,South African Premier Division,,20211027_Sekhukhune-United-FC_AmaZulu,-0.6184556356033681,1.7,1.29,5,4,11,12,54.8,45.2,1,1,0,0,3,6
2021-10-28 15:30:00,Orlando Pirates,Royal AM,1.0,1.0,Johannesburg,South Africa,Orlando Stadium,,,,South African Premier Division,,20211028_Orlando-Pirates_Royal-AM,-12.006577075863788,1.47,1.64,2,2,4,6,47.2,52.8,0,4,1,0,7,2
2021-11-02 13:30:00,Kaizer Chiefs,Stellenbosch,0.0,1.0,Johannesburg,South Africa,FNB Stadium,,,,South African Premier Division,,20211102_Kaizer-Chiefs_Stellenbosch,-27.38002449299347,0.85,1.73,2,5,5,11,44.3,55.7,2,3,0,0,4,8
2021-11-02 15:00:00,Golden Arrows,Moroka Swallows,0.0,0.0,Durban,South Africa,Princess Magogo Stadium,,,,South African Premier Division,,20211102_Golden-Arrows_Moroka-Swallows,7.830648174339331,1.87,0.55,6,1,10,3,55.5,44.5,2,3,0,0,4,2
2021-11-02 15:00:00,TS Galaxy FC,Baroka FC,2.0,1.0,Nelspruit,South Africa,Mbombela Stadium,,,,South African Premier Division,,20211102_TS-Galaxy-FC_Baroka-FC,-44.04337060192415,0.95,1.21,5,2,9,6,49.5,50.5,1,3,0,0,3,3
2021-11-02 15:30:00,Orlando Pirates,Sekhukhune United FC,2.0,1.0,Johannesburg,South Africa,Orlando Stadium,,,,South African Premier Division,,20211102_Orlando-Pirates_Sekhukhune-United-FC,-12.835972776631479,1.49,0.41,4,3,9,7,48.8,51.2,0,1,0,0,5,5
2021-11-02 15:30:00,Royal AM,SuperSport United,2.0,1.0,Durban,South Africa,Chatsworth Stadium,,,,South African Premier Division,,20211102_Royal-AM_SuperSport-United,-7.487140912587847,0.72,1.39,2,7,4,15,47.9,52.1,0,1,1,0,3,17
2021-11-03 15:00:00,Cape Town City FC,Chippa United,1.0,0.0,Cape Town,South Africa,DHL Cape Town Stadium,,,,South African Premier Division,,20211103_Cape-Town-City-FC_Chippa-United,32.76548832841104,0.37,0.86,1,5,3,9,54.6,45.4,0,2,0,0,1,3
2021-11-03 15:30:00,Mamelodi Sundowns,Maritzburg United,1.0,0.0,Pretoria,South Africa,Loftus Versfeld Stadium,,,,South African Premier Division,,20211103_Mamelodi-Sundowns_Maritzburg-United,76.45820386507921,0.56,0.26,2,0,3,0,51.1,48.9,2,2,0,0,5,0
2021-11-04 13:30:00,AmaZulu,Marumo Gallants,0.0,0.0,Durban,South Africa,King Goodwill Zwelithini Stadium,,,,South African Premier Division,,20211104_AmaZulu_Marumo-Gallants,42.41784695256297,1.43,0.51,6,1,13,2,63.3,36.7,0,3,1,0,8,2
2021-11-05 15:30:00,SuperSport United,TS Galaxy FC,2.0,1.0,Pretoria,South Africa,Lucas Masterpieces Moripe Stadium,,,,South African Premier Division,,20211105_SuperSport-United_TS-Galaxy-FC,69.63203034015532,1.73,0.67,7,1,13,3,56.8,43.2,2,3,0,0,8,0
2021-11-06 13:30:00,Kaizer Chiefs,Orlando Pirates,2.0,1.0,Johannesburg,South Africa,FNB Stadium,,,,South African Premier Division,,20211106_Kaizer-Chiefs_Orlando-Pirates,-20.97115760022939,1.38,0.98,5,4,11,10,46.7,53.3,1,3,0,0,6,8
2021-11-06 15:00:00,Stellenbosch,Golden Arrows,0.0,0.0,Stellenbosch,South Africa,Danie Craven Stadium,,,,South African Premier Division,,20211106_Stellenbosch_Golden-Arrows,65.05870014464654,2.1,0.87,6,2,14,3,51.4,48.6,2,1,0,0,4,2
2021-11-07 13:30:00,Chippa United,Maritzburg United,0.0,0.0,Gqeberha,South Africa,Nelson Mandela Bay Stadium,,,,South African Premier Division,,20211107_Chippa-United_Maritzburg-United,-24.562352231260093,1.19,0.37,3,1,6,1,53.4,46.6,1,3,1,0,5,2
2021-11-07 13:30:00,Moroka Swallows,Sekhukhune United FC,0.0,1.0,Soweto,South Africa,Dobsonville Stadium,,,,South African Premier Division,,20211107_Moroka-Swallows_Sekhukhune-United-FC,-31.77678883052181,0.93,0.57,3,2,9,2,43.4,56.6,1,4,0,0,6,3
2021-11-07 13:30:00,Royal AM,Baroka FC,1.0,1.0,Durban,South Africa,Chatsworth Stadium,,,,South African Premier Division,,20211107_Royal-AM_Baroka-FC,69.64484744946503,0.71,0.89,1,2,2,3,50.4,49.6,1,1,0,0,4,4
2021-11-07 15:30:00,Marumo Gallants,Mamelodi Sundowns,0.0,4.0,Polokwane,South Africa,Peter Mokaba Stadium,,,,South African Premier Division,,20211107_Marumo-Gallants_Mamelodi-Sundowns,-116.98414100299578,1.12,0.86,2,4,3,8,39.6,60.4,2,2,0,0,4,6
2021-11-07 16:00:00,AmaZulu,Cape Town City FC,2.0,0.0,Durban,South Africa,Moses Mabhida Stadium,,,,South African Premier Division,,20211107_AmaZulu_Cape-Town-City-FC,-12.168108238733794,0.73,0.74,5,3,11,9,55.3,44.7,0,1,0,1,9,3
2021-11-20 13:30:00,Golden Arrows,Orlando Pirates,0.0,0.0,Durban,South Africa,Princess Magogo Stadium,,,,South African Premier Division,,20211120_Golden-Arrows_Orlando-Pirates,-21.592685378851684,0.37,0.54,1,3,4,5,52.5,47.5,1,0,0,0,3,5
2021-11-20 13:30:00,Stellenbosch,AmaZulu,2.0,2.0,Stellenbosch,South Africa,Danie Craven Stadium,,,,South African Premier Division,,20211120_Stellenbosch_AmaZulu,38.36943467119772,0.97,1.17,4,2,7,5,51.4,48.6,0,3,0,1,6,2
2021-11-20 15:00:00,Baroka FC,Chippa United,0.0,1.0,Polokwane,South Africa,Peter Mokaba Stadium,,,,South African Premier Division,,20211120_Baroka-FC_Chippa-United,9.704851113310042,0.19,2.15,0,7,0,17,47.9,52.1,2,2,0,0,2,7
2021-11-20 15:00:00,SuperSport United,Marumo Gallants,1.0,2.0,Pretoria,South Africa,Lucas Masterpieces Moripe Stadium,,,,South African Premier Division,,20211120_SuperSport-United_Marumo-Gallants,75.6866911069958,1.13,1.68,4,4,7,6,57.9,42.1,1,2,0,1,8,5
2021-11-20 15:30:00,Cape Town City FC,Mamelodi Sundowns,0.0,0.0,Cape Town,South Africa,DHL Cape Town Stadium,,,,South African Premier Division,,20211120_Cape-Town-City-FC_Mamelodi-Sundowns,-85.83951751199334,0.1,1.14,0,3,0,6,51.9,48.1,1,0,0,0,0,7
2021-11-20 15:30:00,Sekhukhune United FC,Royal AM,1.0,0.0,Johannesburg,South Africa,Emirates Airline Park,,,,South African Premier Division,,20211120_Sekhukhune-United-FC_Royal-AM,-9.763985530363243,1.13,0.46,3,0,7,0,49.3,50.7,0,2,0,0,2,0
2021-11-21 13:30:00,TS Galaxy FC,Moroka Swallows,1.0,0.0,Nelspruit,South Africa,Mbombela Stadium,,,,South African Premier Division,,20211121_TS-Galaxy-FC_Moroka-Swallows,-30.5631384247431,1.38,0.89,3,3,7,5,47.5,52.5,2,2,1,0,4,4
2021-11-21 17:00:00,Maritzburg United,Kaizer Chiefs,0.0,1.0,Pietermaritzburg,South Africa,Harry Gwala Stadium,,,,South African Premier Division,,20211121_Maritzburg-United_Kaizer-Chiefs,-34.86683409595162,1.05,1.68,3,6,8,11,51.6,48.4,1,2,0,0,3,8
2021-11-24 15:00:00,Marumo Gallants,Maritzburg United,0.0,0.0,Polokwane,South Africa,Peter Mokaba Stadium,,,,South African Premier Division,,20211124_Marumo-Gallants_Maritzburg-United,-3.609170922627527,0.81,0.69,4,2,9,5,52.8,47.2,1,2,0,0,4,4
2021-11-24 15:30:00,Kaizer Chiefs,AmaZulu,1.0,1.0,Johannesburg,South Africa,FNB Stadium,,,,South African Premier Division,,20211124_Kaizer-Chiefs_AmaZulu,13.301333784850385,1.01,0.57,3,1,8,3,47.1,52.9,1,0,0,0,2,1
2021-11-24 15:30:00,Mamelodi Sundowns,SuperSport United,2.0,2.0,Pretoria,South Africa,Loftus Versfeld Stadium,,,,South African Premier Division,,20211124_Mamelodi-Sundowns_SuperSport-United,69.17625556255803,2.29,0.84,7,2,14,4,57.8,42.2,0,2,0,0,5,7
2021-11-24 15:30:00,Stellenbosch,Orlando Pirates,0.0,3.0,Stellenbosch,South Africa,Danie Craven Stadium,,,,South African Premier Division,,20211124_Stellenbosch_Orlando-Pirates,38.44867395381107,1.26,1.03,4,3,10,5,50.2,49.8,1,2,0,0,7,4
2021-11-27 13:30:00,Mamelodi Sundowns,Sekhukhune United FC,2.0,0.0,Pretoria,South Africa,Tuks Stadium,,,,South African Premier Division,,20211127_Mamelodi-Sundowns_Sekhukhune-United-FC,44.641819221677906,1.49,1.44,4,5,9,12,53.5,46.5,3,2,0,0,2,5
2021-11-27 13:30:00,TS Galaxy FC,Cape Town City FC,2.0,2.0,Nelspruit,South Africa,Mbombela Stadium,,,,South African Premier Division,,20211127_TS-Galaxy-FC_Cape-Town-City-FC,-50.40750657526246,0.74,1.1,2,5,4,12,46.4,53.6,3,2,0,0,0,8
2021-11-28 13:30:00,Golden Arrows,Baroka FC,3.0,2.0,Durban,South Africa,Princess Magogo Stadium,,,,South African Premier Division,,20211128_Golden-Arrows_Baroka-FC,35.04197452170388,1.83,1.62,5,6,12,13,53.4,46.6,2,2,0,0,10,8
2021-11-28 13:30:00,Moroka Swallows,Kaizer Chiefs,1.0,3.0,Soweto,South Africa,Dobsonville Stadium,,,,South African Premier Division,,20211128_Moroka-Swallows_Kaizer-Chiefs,-69.8783714819026,0.64,0.63,2,3,4,5,50.8,49.2,1,2,0,0,3,10
2021-11-28 13:30:00,Royal AM,Stellenbosch,1.0,0.0,Durban,South Africa,Chatsworth Stadium,,,,South African Premier Division,,20211128_Royal-AM_Stellenbosch,-15.375777142871357,1.23,0.52,3,3,7,8,48.0,52.0,1,0,0,1,2,6
2021-11-28 15:30:00,Maritzburg United,AmaZulu,1.0,1.0,Pietermaritzburg,South Africa,Harry Gwala Stadium,,,,South African Premier Division,,20211128_Maritzburg-United_AmaZulu,-43.748877093947385,1.81,0.6,5,4,11,7,46.8,53.2,3,3,0,0,6,2
2021-12-01 15:15:00,Marumo Gallants,TS Galaxy FC,3.0,1.0,Polokwane,South Africa,Peter Mokaba Stadium,,,,South African Premier Division,,20211201_Marumo-Gallants_TS-Galaxy-FC,13.115109197168522,1.95,1.03,6,4,14,9,54.0,46.0,2,1,0,0,7,3
2021-12-02 18:00:00,Orlando Pirates,Baroka FC,0.0,0.0,Johannesburg,South Africa,Orlando Stadium,,,,South African Premier Division,,20211202_Orlando-Pirates_Baroka-FC,79.26136341225765,0.3,0.14,1,0,3,0,61.3,38.7,0,2,0,0,5,1
2021-12-04 13:30:00,AmaZulu,Royal AM,0.0,0.0,Durban,South Africa,Moses Mabhida Stadium,,,,South African Premier Division,,20211204_AmaZulu_Royal-AM,-20.605961651411008,1.25,1.74,3,4,8,9,51.1,48.9,1,1,0,0,5,5
2021-12-04 13:30:00,Chippa United,Golden Arrows,1.0,2.0,Gqeberha,South Africa,Nelson Mandela Bay Stadium,,,,South African Premier Division,,20211204_Chippa-United_Golden-Arrows,-30.870392974275774,0.05,2.52,1,8,4,18,57.3,42.7,1,1,0,0,4,7
2021-12-04 13:30:00,Moroka Swallows,Maritzburg United,1.0,1.0,Soweto,South Africa,Dobsonville Stadium,,,,South African Premier Division,,20211204_Moroka-Swallows_Maritzburg-United,-24.86814444876086,1.7,0.42,4,2,11,5,49.7,50.3,2,3,0,0,3,8
2021-12-04 18:15:00,Stellenbosch,Mamelodi Sundowns,1.0,1.0,Stellenbosch,South Africa,Danie Craven Stadium,,,,South African Premier Division,,20211204_Stellenbosch_Mamelodi-Sundowns,-67.17362111170723,1.3,1.02,3,1,7,3,44.9,55.1,5,1,0,0,5,1
2021-12-05 13:30:00,SuperSport United,Sekhukhune United FC,0.0,1.0,Pretoria,South Africa,Lucas Masterpieces Moripe Stadium,,,,South African Premier Division,,20211205_SuperSport-United_Sekhukhune-United-FC,-9.351513565801952,0.42,0.05,3,1,7,4,50.1,49.9,2,1,0,0,7,2
2021-12-07 15:30:00,TS Galaxy FC,Chippa United,3.0,1.0,Nelspruit,South Africa,Mbombela Stadium,,,,South African Premier Division,,20211207_TS-Galaxy-FC_Chippa-United,-17.476701217930895,1.93,0.87,6,1,13,2,52.2,47.8,2,2,0,0,4,4
2021-12-07 17:30:00,Cape Town City FC,Maritzburg United,3.0,2.0,Cape Town,South Africa,DHL Cape Town Stadium,,,,South African Premier Division,,20211207_Cape-Town-City-FC_Maritzburg-United,29.8290852995774,0.75,0.19,3,2,5,4,50.5,49.5,3,2,0,0,5,5
2021-12-08 13:30:00,Mamelodi Sundowns,Royal AM,3.0,2.0,Pretoria,South Africa,Loftus Versfeld Stadium,,,,South African Premier Division,,20211208_Mamelodi-Sundowns_Royal-AM,55.90722996704949,1.55,1.08,4,4,9,7,46.3,53.7,1,1,0,0,6,7
2021-12-08 15:00:00,Baroka FC,Moroka Swallows,0.0,1.0,Polokwane,South Africa,Peter Mokaba Stadium,,,,South African Premier Division,,20211208_Baroka-FC_Moroka-Swallows,-0.16941857049414466,0.05,0.74,2,2,7,5,50.5,49.5,1,1,0,0,3,4
2021-12-08 15:00:00,Sekhukhune United FC,Marumo Gallants,0.0,1.0,Johannesburg,South Africa,Emirates Airline Park,,,,South African Premier Division,,20211208_Sekhukhune-United-FC_Marumo-Gallants,58.25450136407221,1.05,1.53,4,5,7,11,48.1,51.9,2,1,0,0,6,7
2021-12-08 15:00:00,Stellenbosch,SuperSport United,0.0,1.0,Stellenbosch,South Africa,Danie Craven Stadium,,,,South African Premier Division,,20211208_Stellenbosch_SuperSport-United,21.721522764820747,0.05,1.58,0,5,0,9,47.3,52.7,1,2,0,0,1,6
2021-12-08 15:30:00,AmaZulu,Orlando Pirates,1.0,1.0,Durban,South Africa,Hollywoodbets Kings Park Stadium,,,,South African Premier Division,,20211208_AmaZulu_Orlando-Pirates,-8.245563796010856,1.02,0.05,4,1,9,3,41.5,58.5,2,2,0,0,4,1
2021-12-11 13:30:00,Baroka FC,Cape Town City FC,0.0,0.0,Polokwane,South Africa,Peter Mokaba Stadium,,,,South African Premier Division,,20211211_Baroka-FC_Cape-Town-City-FC,-76.1181576530812,1.25,0.85,4,2,9,3,44.3,55.7,2,2,0,0,5,3
2021-12-11 13:30:00,Chippa United,AmaZulu,1.0,1.0,Gqeberha,South Africa,Nelson Mandela Bay Stadium,,,,South African Premier Division,,20211211_Chippa-United_AmaZulu,-66.39001552144532,0.73,0.98,2,2,3,5,52.7,47.3,2,2,0,0,6,2
2021-12-11 13:30:00,Moroka Swallows,Marumo Gallants,0.0,1.0,Soweto,South Africa,Dobsonville Stadium,,,,South African Premier Division,,20211211_Moroka-Swallows_Marumo-Gallants,-32.69420950838435,0.86,1.46,3,5,6,12,47.6,52.4,5,3,0,0,7,9
2021-12-11 15:30:00,Orlando Pirates,TS Galaxy FC,2.0,0.0,Johannesburg,South Africa,Orlando Stadium,,,,South African Premier Division,,20211211_Orlando-Pirates_TS-Galaxy-FC,66.33657352848968,1.54,0.44,4,1,9,3,47.5,52.5,1,2,0,0,5,2
2021-12-11 18:15:00,SuperSport United,Mamelodi Sundowns,0.0,1.0,Pretoria,South Africa,Lucas Masterpieces Moripe Stadium,,,,South African Premier Division,,20211211_SuperSport-United_Mamelodi-Sundowns,-81.64819029314481,0.21,0.17,0,2,1,3,47.7,52.3,3,2,0,0,2,3
2021-12-12 13:30:00,Royal AM,Golden Arrows,0.0,0.0,Durban,South Africa,Chatsworth Stadium,,,,South African Premier Division,,20211212_Royal-AM_Golden-Arrows,9.857316855245017,0.68,1.09,1,3,2,6,56.3,43.7,4,0,0,0,1,3
2021-12-12 15:00:00,Maritzburg United,Stellenbosch,0.0,0.0,Pietermaritzburg,South Africa,Harry Gwala Stadium,,,,South African Premier Division,,20211212_Maritzburg-United_Stellenbosch,-53.035061902034386,0.45,1.44,1,5,1,11,51.7,48.3,1,1,0,0,1,3
2021-12-12 16:00:00,Kaizer Chiefs,Sekhukhune United FC,2.0,0.0,Johannesburg,South Africa,FNB Stadium,,,,South African Premier Division,,20211212_Kaizer-Chiefs_Sekhukhune-United-FC,13.301872481702276,1.63,0.55,7,2,14,5,46.4,53.6,1,1,1,0,7,3
2021-12-14 13:30:00,AmaZulu,Chippa United,2.0,2.0,Durban,South Africa,Hollywoodbets Kings Park Stadium,,,,South African Premier Division,,20211214_AmaZulu_Chippa-United,61.85897048533684,0.93,0.36,2,2,5,3,56.3,43.7,2,0,1,0,4,1
2021-12-14 15:00:00,Marumo Gallants,Cape Town City FC,0.0,0.0,Polokwane,South Africa,Peter Mokaba Stadium,,,,South African Premier Division,,20211214_Marumo-Gallants_Cape-Town-City-FC,-5.804372175381786,0.64,1.18,1,3,3,6,55.9,44.1,2,2,0,0,1,4
2021-12-14 15:30:00,Mamelodi Sundowns,Baroka FC,2.0,1.0,Pretoria,South Africa,Loftus Versfeld Stadium,,,,South African Premier Division,,20211214_Mamelodi-Sundowns_Baroka-FC,169.44779757096035,1.6,0.19,5,1,11,2,48.9,51.1,2,3,0,0,5,1
2021-12-14 17:30:00,Moroka Swallows,Orlando Pirates,1.0,1.0,Soweto,South Africa,Dobsonville Stadium,,,,South African Premier Division,,20211214_Moroka-Swallows_Orlando-Pirates,-82.04128573287926,1.12,1.5,3,5,6,12,45.7,54.3,3,0,0,0,12,3
2021-12-17 15:15:00,Marumo Gallants,AmaZulu,0.0,1.0,Polokwane,South Africa,Peter Mokaba Stadium,,,,South African Premier Division,,20211217_Marumo-Gallants_AmaZulu,-5.606304949866626,1.28,0.5,3,2,9,4,57.5,42.5,1,2,0,0,5,2
2021-12-17 17:30:00,Mamelodi Sundowns,Orlando Pirates,4.0,1.0,Pretoria,South Africa,Loftus Versfeld Stadium,,,,South African Premier Division,,20211217_Mamelodi-Sundowns_Orlando-Pirates,86.06398089317031,1.41,2.11,4,8,6,16,47.3,52.7,1,1,0,0,3,9
2021-12-18 13:30:00,Golden Arrows,TS Galaxy FC,1.0,1.0,Durban,South Africa,Princess Magogo Stadium,,,,South African Premier Division,,20211218_Golden-Arrows_TS-Galaxy-FC,67.69374764539702,1.67,0.93,5,4,12,8,53.5,46.5,2,3,0,0,4,5
2021-12-18 13:30:00,Stellenbosch,Baroka FC,1.0,0.0,Stellenbosch,South Africa,Danie Craven Stadium,,,,South African Premier Division,,20211218_Stellenbosch_Baroka-FC,79.54541578435942,1.55,0.07,5,2,10,4,57.4,42.6,0,5,0,0,13,3
2021-12-18 16:00:00,Sekhukhune United FC,SuperSport United,0.0,0.0,Johannesburg,South Africa,Emirates Airline Park,,,,South African Premier Division,,20211218_Sekhukhune-United-FC_SuperSport-United,3.653005931601001,0.83,0.05,4,0,9,1,50.6,49.4,1,5,0,0,8,4
2021-12-18 18:15:00,Cape Town City FC,Moroka Swallows,2.0,1.0,Cape Town,South Africa,DHL Cape Town Stadium,,,,South African Premier Division,,20211218_Cape-Town-City-FC_Moroka-Swallows,57.264243276182924,1.78,0.74,7,2,17,4,56.7,43.3,0,1,0,0,8,3
2021-12-19 13:30:00,Royal AM,Kaizer Chiefs,1.0,0.0,Durban,South Africa,Chatsworth Stadium,,,,South African Premier Division,,20211219_Royal-AM_Kaizer-Chiefs,-25.576167996653794,1.41,1.68,5,4,11,10,50.4,49.6,3,1,0,0,6,6
2021-12-19 16:00:00,Maritzburg United,Chippa United,0.0,2.0,Pietermaritzburg,South Africa,Harry Gwala Stadium,,,,South African Premier Division,,20211219_Maritzburg-United_Chippa-United,10.259914880002498,1.32,0.05,5,2,10,4,44.1,55.9,1,3,0,0,9,2
2021-12-20 15:30:00,Orlando Pirates,Marumo Gallants,2.0,1.0,Johannesburg,South Africa,Orlando Stadium,,,,South African Premier Division,,20211220_Orlando-Pirates_Marumo-Gallants,27.33590732309017,1.37,0.05,4,1,8,3,56.9,43.1,0,4,0,0,4,3
2021-12-20 17:30:00,AmaZulu,Mamelodi Sundowns,1.0,0.0,Durban,South Africa,Hollywoodbets Kings Park Stadium,,,,South African Premier Division,,20211220_AmaZulu_Mamelodi-Sundowns,-102.35441741926479,1.63,1.03,6,3,13,6,41.5,58.5,2,1,0,0,8,4
2021-12-22 13:30:00,TS Galaxy FC,Stellenbosch,0.0,1.0,Nelspruit,South Africa,Mbombela Stadium,,,,South African Premier Division,,20211222_TS-Galaxy-FC_Stellenbosch,-73.03682895986367,1.02,1.84,4,6,9,15,40.4,59.6,1,3,0,0,11,7
2021-12-22 15:00:00,Baroka FC,Royal AM,1.0,0.0,Polokwane,South Africa,Peter Mokaba Stadium,,,,South African Premier Division,,20211222_Baroka-FC_Royal-AM,-112.55101131603647,0.88,0.7,5,2,12,6,52.0,48.0,1,0,0,0,6,4
2021-12-22 15:00:00,Chippa United,Sekhukhune United FC,0.0,0.0,Gqeberha,South Africa,Nelson Mandela Bay Stadium,,,,South African Premier Division,,20211222_Chippa-United_Sekhukhune-United-FC,-47.19611716878967,0.5,0.05,2,1,3,2,47.8,52.2,1,1,0,0,4,7
2021-12-22 15:00:00,Moroka Swallows,Golden Arrows,2.0,2.0,Soweto,South Africa,Dobsonville Stadium,,,,South African Premier Division,,20211222_Moroka-Swallows_Golden-Arrows,-68.8748212496912,0.61,0.6,3,2,7,3,45.9,54.1,2,1,0,0,5,2
2021-12-22 15:30:00,SuperSport United,Cape Town City FC,3.0,2.0,Pretoria,South Africa,Lucas Masterpieces Moripe Stadium,,,,South African Premier Division,,20211222_SuperSport-United_Cape-Town-City-FC,-11.317819126812537,0.41,0.95,3,3,7,7,42.9,57.1,1,0,0,0,4,6
2021-12-22 17:30:00,Kaizer Chiefs,Maritzburg United,2.0,0.0,Johannesburg,South Africa,FNB Stadium,,,,South African Premier Division,,20211222_Kaizer-Chiefs_Maritzburg-United,85.27257491422984,1.24,0.05,4,1,10,2,53.7,46.3,2,2,0,0,2,0
2021-12-23 15:30:00,Mamelodi Sundowns,Marumo Gallants,1.0,1.0,Pretoria,South Africa,Loftus Versfeld Stadium,,,,South African Premier Division,,20211223_Mamelodi-Sundowns_Marumo-Gallants,127.19492651046994,1.18,1.55,4,5,8,12,53.3,46.7,3,0,1,0,5,5
2021-12-23 17:30:00,Orlando Pirates,AmaZulu,2.0,1.0,Johannesburg,South Africa,Orlando Stadium,,,,South African Premier Division,,20211223_Orlando-Pirates_AmaZulu,-6.261721050623919,0.82,0.05,2,1,5,1,53.5,46.5,0,1,0,0,4,1
2022-02-07 17:30:00,Mamelodi Sundowns,Chippa United,2.0,0.0,Pretoria,South Africa,Loftus Versfeld Stadium,,,,South African Premier Division,,20220207_Mamelodi-Sundowns_Chippa-United,138.17365982538763,1.59,0.4,4,2,9,5,63.9,36.1,2,2,0,0,5,5
2022-02-14 17:30:00,Baroka FC,Mamelodi Sundowns,1.0,1.0,Polokwane,South Africa,Old Peter Mokaba Stadium,,,,South African Premier Division,,20220214_Baroka-FC_Mamelodi-Sundowns,-173.0408872170799,1.41,1.56,3,6,6,12,38.8,61.2,2,3,0,0,4,5
2022-02-15 15:30:00,Royal AM,Sekhukhune United FC,1.0,0.0,Durban,South Africa,Chatsworth Stadium,,,,South African Premier Division,,20220215_Royal-AM_Sekhukhune-United-FC,9.678511782195983,1.14,1.21,2,6,3,13,50.2,49.8,2,3,0,0,2,10
2022-02-15 17:30:00,Cape Town City FC,Kaizer Chiefs,0.0,0.0,Cape Town,South Africa,DHL Cape Town Stadium,,,,South African Premier Division,,20220215_Cape-Town-City-FC_Kaizer-Chiefs,-37.21400595318232,0.09,0.98,1,3,2,6,53.8,46.2,5,2,0,0,0,4
2022-02-15 17:30:00,Maritzburg United,SuperSport United,2.0,1.0,Pietermaritzburg,South Africa,Harry Gwala Stadium,,,,South African Premier Division,,20220215_Maritzburg-United_SuperSport-United,-79.74735344150531,2.7,1.15,8,2,17,4,47.8,52.2,3,3,0,0,9,3
2022-02-16 15:30:00,Stellenbosch,Moroka Swallows,1.0,1.0,Stellenbosch,South Africa,Danie Craven Stadium,,,,South African Premier Division,,20220216_Stellenbosch_Moroka-Swallows,86.00147256991818,1.39,0.96,3,2,5,5,54.2,45.8,3,3,0,0,2,3
2022-02-16 17:30:00,Orlando Pirates,Golden Arrows,0.0,0.0,Johannesburg,South Africa,Orlando Stadium,,,,South African Premier Division,,20220216_Orlando-Pirates_Golden-Arrows,34.177586184914844,0.98,0.05,4,2,9,4,49.4,50.6,0,3,0,0,5,5
2022-02-19 13:30:00,Chippa United,Royal AM,2.0,2.0,Mdantsane,South Africa,Sisa Dukashe Stadium,,,,South African Premier Division,,20220219_Chippa-United_Royal-AM,-72.76443783805348,0.44,1.39,2,4,2,11,43.5,56.5,4,1,1,0,4,2
2022-02-19 16:00:00,Moroka Swallows,TS Galaxy FC,0.0,1.0,Soweto,South Africa,Dobsonville Stadium,,,,South African Premier Division,,20220219_Moroka-Swallows_TS-Galaxy-FC,8.974347408847507,0.43,0.05,1,1,1,3,42.2,57.8,1,1,0,0,2,3
2022-02-20 13:30:00,Golden Arrows,Cape Town City FC,0.0,1.0,Durban,South Africa,Princess Magogo Stadium,,,,South African Premier Division,,20220220_Golden-Arrows_Cape-Town-City-FC,1.4696358015773967,0.69,1.17,4,2,11,5,57.4,42.6,2,1,1,0,5,4
2022-02-20 16:00:00,Sekhukhune United FC,Baroka FC,4.0,0.0,Johannesburg,South Africa,Emirates Airline Park,,,,South African Premier Division,,20220220_Sekhukhune-United-FC_Baroka-FC,54.16596129486584,0.78,0.09,4,1,8,3,54.8,45.2,3,2,0,0,5,4
2022-02-22 17:30:00,AmaZulu,TS Galaxy FC,0.0,0.0,Durban,South Africa,Moses Mabhida Stadium,,,,South African Premier Division,,20220222_AmaZulu_TS-Galaxy-FC,73.93856966450403,0.37,0.57,0,2,0,5,46.3,53.7,2,1,0,0,0,7
2022-02-25 17:30:00,Maritzburg United,Golden Arrows,1.0,2.0,Pietermaritzburg,South Africa,Harry Gwala Stadium,,,,South African Premier Division,,20220225_Maritzburg-United_Golden-Arrows,-42.27594874046122,1.18,0.05,5,2,12,6,50.1,49.9,1,4,0,0,6,4
2022-02-26 13:30:00,Chippa United,Marumo Gallants,2.0,3.0,Mdantsane,South Africa,Sisa Dukashe Stadium,,,,South African Premier Division,,20220226_Chippa-United_Marumo-Gallants,-24.379684365309004,1.9,1.34,5,5,9,11,54.1,45.9,3,0,1,0,3,6
2022-02-26 15:30:00,Sekhukhune United FC,Moroka Swallows,0.0,1.0,Johannesburg,South Africa,Emirates Airline Park,,,,South African Premier Division,,20220226_Sekhukhune-United-FC_Moroka-Swallows,73.33565110385985,1.32,0.7,3,3,5,6,48.9,51.1,4,2,0,0,4,2
2022-02-26 17:30:00,Baroka FC,Kaizer Chiefs,0.0,1.0,Polokwane,South Africa,Peter Mokaba Stadium,,,,South African Premier Division,,20220226_Baroka-FC_Kaizer-Chiefs,-109.0560437263232,0.36,1.27,0,2,1,5,44.6,55.4,1,2,0,1,1,5
2022-02-27 13:30:00,SuperSport United,Royal AM,0.0,2.0,Pretoria,South Africa,Lucas Masterpieces Moripe Stadium,,,,South African Premier Division,,20220227_SuperSport-United_Royal-AM,-22.96400003584108,0.93,1.17,5,3,12,7,41.4,58.6,2,1,0,0,8,2
2022-03-02 15:00:00,Marumo Gallants,Baroka FC,3.0,0.0,Polokwane,South Africa,Peter Mokaba Stadium,,,,South African Premier Division,,20220302_Marumo-Gallants_Baroka-FC,70.92428211908873,1.24,0.57,3,2,5,5,56.4,43.6,1,1,1,0,3,1
2022-03-02 15:30:00,Orlando Pirates,Cape Town City FC,0.0,0.0,Johannesburg,South Africa,Orlando Stadium,,,,South African Premier Division,,20220302_Orlando-Pirates_Cape-Town-City-FC,21.243144865129352,0.5,0.8,0,5,0,7,56.3,43.7,1,2,1,0,1,6
2022-03-02 17:30:00,AmaZulu,Stellenbosch,2.0,2.0,Durban,South Africa,Moses Mabhida Stadium,,,,South African Premier Division,,20220302_AmaZulu_Stellenbosch,-5.420899065940375,1.17,1.1,5,4,11,10,53.0,47.0,1,3,0,0,10,4
2022-03-02 17:30:00,TS Galaxy FC,Mamelodi Sundowns,0.0,3.0,Nelspruit,South Africa,Mbombela Stadium,,,,South African Premier Division,,20220302_TS-Galaxy-FC_Mamelodi-Sundowns,-152.85106470403935,0.95,1.39,3,4,8,9,43.8,56.2,1,2,0,0,4,3
2022-03-05 13:30:00,Baroka FC,TS Galaxy FC,1.0,0.0,Polokwane,South Africa,Peter Mokaba Stadium,,,,South African Premier Division,,20220305_Baroka-FC_TS-Galaxy-FC,-30.179331516779257,0.34,0.45,1,0,1,0,43.5,56.5,3,2,0,0,2,5
2022-03-05 13:30:00,Orlando Pirates,Kaizer Chiefs,1.0,2.0,Johannesburg,South Africa,Orlando Stadium,,,,South African Premier Division,,20220305_Orlando-Pirates_Kaizer-Chiefs,-10.444388759551202,0.73,1.48,1,4,1,9,46.8,53.2,3,1,0,0,3,10
2022-03-05 15:00:00,Cape Town City FC,Sekhukhune United FC,2.0,1.0,Cape Town,South Africa,DHL Cape Town Stadium,,,,South African Premier Division,,20220305_Cape-Town-City-FC_Sekhukhune-United-FC,27.228096486436698,0.96,1.05,4,4,7,10,43.1,56.9,1,4,0,0,5,8
2022-03-05 15:30:00,SuperSport United,AmaZulu,2.0,0.0,Pretoria,South Africa,Lucas Masterpieces Moripe Stadium,,,,South African Premier Division,,20220305_SuperSport-United_AmaZulu,-27.702850389684272,1.27,0.13,4,0,9,1,53.9,46.1,1,3,0,0,5,4
2022-03-05 17:30:00,Maritzburg United,Mamelodi Sundowns,2.0,1.0,Pietermaritzburg,South Africa,Harry Gwala Stadium,,,,South African Premier Division,,20220305_Maritzburg-United_Mamelodi-Sundowns,-168.16909553267396,3.0,2.3,9,8,19,17,46.3,53.7,1,1,0,0,8,12
2022-03-06 13:30:00,Golden Arrows,Chippa United,1.0,2.0,Durban,South Africa,Princess Magogo Stadium,,,,South African Premier Division,,20220306_Golden-Arrows_Chippa-United,58.495211585253855,1.58,1.36,6,5,12,10,54.9,45.1,0,0,0,0,8,4
2022-03-06 13:30:00,Royal AM,Moroka Swallows,1.0,0.0,Durban,South Africa,Chatsworth Stadium,,,,South African Premier Division,,20220306_Royal-AM_Moroka-Swallows,90.43653852469879,0.48,0.05,1,0,3,0,52.4,47.6,4,0,0,0,2,3
2022-03-06 15:30:00,Marumo Gallants,Stellenbosch,1.0,0.0,Polokwane,South Africa,Peter Mokaba Stadium,,,,South African Premier Division,,20220306_Marumo-Gallants_Stellenbosch,-21.26473351201821,1.08,0.05,4,0,7,1,50.3,49.7,1,4,0,0,6,1
2022-03-16 15:00:00,Marumo Gallants,Chippa United,0.0,0.0,Polokwane,South Africa,Peter Mokaba Stadium,,,,South African Premier Division,,20220316_Marumo-Gallants_Chippa-United,55.014250028830475,1.57,0.66,6,3,14,5,50.9,49.1,1,1,0,0,6,3
2022-03-16 15:30:00,Sekhukhune United FC,Maritzburg United,1.0,1.0,Johannesburg,South Africa,Emirates Airline Park,,,,South African Premier Division,,20220316_Sekhukhune-United-FC_Maritzburg-United,20.50446364874483,0.77,1.45,4,5,8,11,48.6,51.4,1,3,0,0,5,8
2022-03-16 17:30:00,Orlando Pirates,SuperSport United,3.0,2.0,Johannesburg,South Africa,Orlando Stadium,,,,South African Premier Division,,20220316_Orlando-Pirates_SuperSport-United,21.69866163723259,0.99,1.05,3,4,7,9,52.1,47.9,5,3,0,0,2,11
2022-03-19 13:30:00,TS Galaxy FC,SuperSport United,1.0,1.0,Nelspruit,South Africa,Mbombela Stadium,,,,South African Premier Division,,20220319_TS-Galaxy-FC_SuperSport-United,-63.171044838938315,1.83,1.23,6,5,14,10,48.8,51.2,1,2,0,0,5,3
2022-03-19 15:30:00,Cape Town City FC,Marumo Gallants,1.0,0.0,Cape Town,South Africa,DHL Cape Town Stadium,,,,South African Premier Division,,20220319_Cape-Town-City-FC_Marumo-Gallants,15.243058998515835,0.95,0.98,3,5,6,13,55.1,44.9,0,1,0,0,2,8
2022-03-19 17:30:00,Kaizer Chiefs,Golden Arrows,0.0,1.0,Johannesburg,South Africa,FNB Stadium,,,,South African Premier Division,,20220319_Kaizer-Chiefs_Golden-Arrows,68.68046194933072,1.24,1.26,5,3,11,7,52.9,47.1,1,2,0,0,4,5
2022-03-20 13:30:00,Stellenbosch,Royal AM,2.0,2.0,Stellenbosch,South Africa,Danie Craven Stadium,,,,South African Premier Division,,20220320_Stellenbosch_Royal-AM,-34.30935098710506,0.83,1.15,2,3,5,6,49.6,50.4,1,0,0,0,7,5
2022-04-02 13:00:00,Stellenbosch,Sekhukhune United FC,1.0,1.0,Stellenbosch,South Africa,Danie Craven Stadium,,,,South African Premier Division,,20220402_Stellenbosch_Sekhukhune-United-FC,33.67862370472335,1.14,1.26,4,5,8,11,58.8,41.2,1,1,0,0,6,6
2022-04-02 13:00:00,TS Galaxy FC,Royal AM,1.0,4.0,Nelspruit,South Africa,Mbombela Stadium,,,,South African Premier Division,,20220402_TS-Galaxy-FC_Royal-AM,-112.45361151028442,1.13,1.22,3,4,5,9,43.8,56.2,0,0,0,0,1,9
2022-04-02 15:00:00,Chippa United,Kaizer Chiefs,1.0,3.0,Gqeberha,South Africa,Nelson Mandela Bay Stadium,,,,South African Premier Division,,20220402_Chippa-United_Kaizer-Chiefs,-82.9466005820509,0.58,1.29,1,4,3,5,54.4,45.6,2,3,0,0,2,2
2022-04-02 17:30:00,Golden Arrows,SuperSport United,3.0,2.0,Durban,South Africa,Princess Magogo Stadium,,,,South African Premier Division,,20220402_Golden-Arrows_SuperSport-United,14.492697832685735,1.25,0.79,5,2,10,6,51.5,48.5,2,0,0,0,7,9
2022-04-03 15:00:00,Cape Town City FC,Baroka FC,5.0,1.0,Cape Town,South Africa,DHL Cape Town Stadium,,,,South African Premier Division,,20220403_Cape-Town-City-FC_Baroka-FC,114.61826095723131,1.8,1.16,8,3,15,6,46.7,53.3,1,0,0,0,6,2
2022-04-05 15:30:00,SuperSport United,Chippa United,1.0,1.0,Pretoria,South Africa,Lucas Masterpieces Moripe Stadium,,,,South African Premier Division,,20220405_SuperSport-United_Chippa-United,26.145485240164362,0.48,0.42,1,2,2,3,56.6,43.4,1,1,0,0,1,5
2022-04-05 17:30:00,Kaizer Chiefs,TS Galaxy FC,0.0,0.0,Johannesburg,South Africa,FNB Stadium,,,,South African Premier Division,,20220405_Kaizer-Chiefs_TS-Galaxy-FC,130.77904035709435,1.51,0.96,5,3,11,7,50.8,49.2,1,3,0,0,4,3
2022-04-06 15:00:00,Baroka FC,AmaZulu,0.0,1.0,Polokwane,South Africa,Peter Mokaba Stadium,,,,South African Premier Division,,20220406_Baroka-FC_AmaZulu,-88.49451941207963,0.6,1.72,2,8,6,18,40.6,59.4,2,1,0,0,7,11
2022-04-06 15:00:00,Golden Arrows,Stellenbosch,0.0,2.0,Durban,South Africa,Princess Magogo Stadium,,,,South African Premier Division,,20220406_Golden-Arrows_Stellenbosch,5.50022646203729,0.45,0.42,1,2,4,4,50.3,49.7,0,1,0,0,2,2
2022-04-06 15:00:00,Royal AM,Marumo Gallants,2.0,0.0,Durban,South Africa,Chatsworth Stadium,,,,South African Premier Division,,20220406_Royal-AM_Marumo-Gallants,50.53026519469404,0.56,1.13,3,4,7,9,49.7,50.3,0,3,0,0,2,5
2022-04-06 15:30:00,Sekhukhune United FC,Orlando Pirates,0.0,1.0,Johannesburg,South Africa,Emirates Airline Park,,,,South African Premier Division,,20220406_Sekhukhune-United-FC_Orlando-Pirates,-57.22708289221396,0.71,1.48,4,5,10,11,49.4,50.6,6,1,0,0,9,7
2022-04-06 17:30:00,Maritzburg United,Cape Town City FC,0.0,1.0,Pietermaritzburg,South Africa,Harry Gwala Stadium,,,,South African Premier Division,,20220406_Maritzburg-United_Cape-Town-City-FC,-88.80088574399429,0.25,1.04,0,4,2,7,47.1,52.9,2,1,0,0,2,1
2022-04-06 17:30:00,Moroka Swallows,Mamelodi Sundowns,2.0,4.0,Soweto,South Africa,Dobsonville Stadium,,,,South African Premier Division,,20220406_Moroka-Swallows_Mamelodi-Sundowns,-155.10481546428582,0.27,1.5,2,6,6,13,42.3,57.7,2,0,0,0,6,9
2022-04-12 13:00:00,Mamelodi Sundowns,Golden Arrows,6.0,0.0,Pretoria,South Africa,Loftus Versfeld Stadium,,,,South African Premier Division,,20220412_Mamelodi-Sundowns_Golden-Arrows,94.72804876158375,1.6,0.05,6,1,14,2,55.2,44.8,1,0,0,0,5,2
2022-04-12 17:30:00,Baroka FC,Orlando Pirates,0.0,0.0,Polokwane,South Africa,Peter Mokaba Stadium,,,,South African Premier Division,,20220412_Baroka-FC_Orlando-Pirates,-138.70052167682138,0.38,0.05,1,0,1,0,39.4,60.6,0,1,0,0,2,2
2022-04-12 18:00:00,Maritzburg United,Moroka Swallows,1.0,1.0,Pietermaritzburg,South Africa,Harry Gwala Stadium,,,,South African Premier Division,,20220412_Maritzburg-United_Moroka-Swallows,20.40474795329669,0.94,0.98,1,2,1,3,60.5,39.5,1,0,0,0,2,2
2022-04-16 13:00:00,AmaZulu,Maritzburg United,1.0,0.0,Durban,South Africa,Moses Mabhida Stadium,,,,South African Premier Division,,20220416_AmaZulu_Maritzburg-United,65.02933258148278,0.43,1.22,2,4,5,10,54.1,45.9,5,4,0,0,2,2
2022-04-16 13:00:00,Sekhukhune United FC,TS Galaxy FC,0.0,1.0,Tembisa,South Africa,Makhulong Stadium,,,,South African Premier Division,,20220416_Sekhukhune-United-FC_TS-Galaxy-FC,41.87754334400233,1.88,1.68,6,7,13,15,56.6,43.4,4,1,0,1,4,9
2022-04-16 15:00:00,Cape Town City FC,Royal AM,1.0,1.0,Cape Town,South Africa,DHL Cape Town Stadium,,,,South African Premier Division,,20220416_Cape-Town-City-FC_Royal-AM,-5.429568569172261,0.05,0.14,1,2,0,3,40.2,59.8,2,5,0,0,3,1
2022-04-16 17:30:00,Kaizer Chiefs,SuperSport United,0.0,1.0,Johannesburg,South Africa,FNB Stadium,,,,South African Premier Division,,20220416_Kaizer-Chiefs_SuperSport-United,71.76407936795249,0.46,0.55,3,4,5,9,50.6,49.4,3,2,0,0,3,6
2022-04-17 13:00:00,Chippa United,Stellenbosch,1.0,0.0,Gqeberha,South Africa,Nelson Mandela Bay Stadium,,,,South African Premier Division,,20220417_Chippa-United_Stellenbosch,-69.42603967894411,0.75,0.05,2,0,6,0,49.5,50.5,0,0,0,0,3,1
2022-04-17 13:00:00,Marumo Gallants,Moroka Swallows,1.0,1.0,Polokwane,South Africa,Peter Mokaba Stadium,,,,South African Premier Division,,20220417_Marumo-Gallants_Moroka-Swallows,60.8631189546129,1.28,1.92,3,6,7,11,58.0,42.0,1,2,0,0,5,7
2022-04-23 13:00:00,Golden Arrows,Sekhukhune United FC,0.0,0.0,Durban,South Africa,Princess Magogo Stadium,,,,South African Premier Division,,20220423_Golden-Arrows_Sekhukhune-United-FC,39.34334079342602,0.33,0.27,1,1,1,3,47.1,52.9,2,2,0,0,3,6
2022-04-23 13:00:00,TS Galaxy FC,Maritzburg United,1.0,1.0,Nelspruit,South Africa,Mbombela Stadium,,,,South African Premier Division,,20220423_TS-Galaxy-FC_Maritzburg-United,1.2518487913073386,1.8,1.53,5,5,14,11,45.8,54.2,3,3,0,0,6,11
2022-04-23 15:00:00,Stellenbosch,Kaizer Chiefs,1.0,0.0,Stellenbosch,South Africa,Danie Craven Stadium,,,,South African Premier Division,,20220423_Stellenbosch_Kaizer-Chiefs,-26.60335183849861,0.05,0.43,1,1,1,2,51.7,48.3,2,0,0,0,1,7
2022-04-23 17:30:00,Marumo Gallants,SuperSport United,0.0,0.0,Polokwane,South Africa,Peter Mokaba Stadium,,,,South African Premier Division,,20220423_Marumo-Gallants_SuperSport-United,-3.076054510120912,0.91,1.25,5,4,10,10,50.6,49.4,0,2,0,0,4,7
2022-04-24 13:00:00,Moroka Swallows,Baroka FC,3.0,2.0,Soweto,South Africa,Dobsonville Stadium,,,,South African Premier Division,,20220424_Moroka-Swallows_Baroka-FC,20.013797554325038,2.0,1.63,6,5,14,11,53.1,46.9,1,3,0,0,6,11
2022-04-24 13:00:00,Royal AM,AmaZulu,0.0,0.0,Durban,South Africa,Chatsworth Stadium,,,,South African Premier Division,,20220424_Royal-AM_AmaZulu,37.933745007163225,0.66,1.05,3,3,5,8,54.1,45.9,3,2,0,0,7,2
2022-04-27 13:00:00,Golden Arrows,Kaizer Chiefs,2.0,1.0,Durban,South Africa,Princess Magogo Stadium,,,,South African Premier Division,,20220427_Golden-Arrows_Kaizer-Chiefs,-28.359537103303637,1.47,0.9,4,3,9,6,46.1,53.9,1,2,1,0,3,2
2022-04-27 15:00:00,Orlando Pirates,Chippa United,0.0,0.0,Johannesburg,South Africa,Orlando Stadium,,,,South African Premier Division,,20220427_Orlando-Pirates_Chippa-United,74.22707809221151,0.39,0.73,0,3,0,6,48.5,51.5,3,2,0,0,3,5
2022-04-27 17:30:00,Mamelodi Sundowns,Cape Town City FC,0.0,0.0,Pretoria,South Africa,Loftus Versfeld Stadium,,,,South African Premier Division,,20220427_Mamelodi-Sundowns_Cape-Town-City-FC,50.467590221982846,0.87,1.59,2,7,4,15,50.6,49.4,2,3,0,0,4,12
2022-04-30 13:00:00,Kaizer Chiefs,Cape Town City FC,1.0,2.0,Johannesburg,South Africa,FNB Stadium,,,,South African Premier Division,,20220430_Kaizer-Chiefs_Cape-Town-City-FC,-49.576161965982465,0.74,1.61,2,5,4,11,48.6,51.4,0,1,0,0,2,4
2022-05-02 13:00:00,TS Galaxy FC,Orlando Pirates,1.0,0.0,Nelspruit,South Africa,Mbombela Stadium,,,,South African Premier Division,,20220502_TS-Galaxy-FC_Orlando-Pirates,-98.7139849400221,0.25,0.17,1,0,2,1,44.6,55.4,1,1,0,0,2,2
2022-05-03 15:00:00,Moroka Swallows,AmaZulu,0.0,1.0,Soweto,South Africa,Dobsonville Stadium,,,,South African Premier Division,,20220503_Moroka-Swallows_AmaZulu,-81.72061770399591,0.05,0.96,0,2,0,6,42.8,57.2,4,3,1,0,1,4
2022-05-03 15:00:00,SuperSport United,Stellenbosch,0.0,0.0,Pretoria,South Africa,Lucas Masterpieces Moripe Stadium,,,,South African Premier Division,,20220503_SuperSport-United_Stellenbosch,-29.296053782777335,0.18,0.33,2,1,7,2,48.8,51.2,2,2,0,0,4,0
2022-05-03 15:30:00,Sekhukhune United FC,Mamelodi Sundowns,0.0,2.0,Johannesburg,South Africa,Emirates Airline Park,,,,South African Premier Division,,20220503_Sekhukhune-United-FC_Mamelodi-Sundowns,-148.60124793987688,0.05,1.7,0,5,0,13,43.6,56.4,2,1,0,0,2,8
2022-05-03 17:30:00,Kaizer Chiefs,Marumo Gallants,1.0,0.0,Johannesburg,South Africa,FNB Stadium,,,,South African Premier Division,,20220503_Kaizer-Chiefs_Marumo-Gallants,9.652306426367886,1.41,0.93,4,3,8,7,44.8,55.2,0,5,0,0,0,3
2022-05-04 15:00:00,Baroka FC,Golden Arrows,1.0,0.0,Polokwane,South Africa,Peter Mokaba Stadium,,,,South African Premier Division,,20220504_Baroka-FC_Golden-Arrows,-105.67754275233574,1.87,0.96,7,2,17,5,51.4,48.6,1,3,1,0,10,3
2022-05-04 15:00:00,Chippa United,Cape Town City FC,0.0,0.0,Gqeberha,South Africa,Nelson Mandela Bay Stadium,,,,South African Premier Division,,20220504_Chippa-United_Cape-Town-City-FC,-98.75203203456385,1.11,1.14,1,4,0,10,47.1,52.9,1,0,0,0,3,6
2022-05-04 17:30:00,Maritzburg United,Royal AM,1.0,0.0,Pietermaritzburg,South Africa,Harry Gwala Stadium,,,,South African Premier Division,,20220504_Maritzburg-United_Royal-AM,-121.17450076596742,1.13,0.88,4,4,11,10,52.9,47.1,3,1,0,0,7,6
2022-05-06 17:30:00,SuperSport United,Moroka Swallows,2.0,2.0,Pretoria,South Africa,Lucas Masterpieces Moripe Stadium,,,,South African Premier Division,,20220506_SuperSport-United_Moroka-Swallows,58.59948404816441,0.98,1.93,3,7,5,15,49.3,50.7,0,1,0,0,2,12
2022-05-07 13:00:00,Chippa United,Baroka FC,2.0,2.0,Gqeberha,South Africa,Nelson Mandela Bay Stadium,,,,South African Premier Division,,20220507_Chippa-United_Baroka-FC,56.98614051591244,1.07,1.58,3,4,8,8,52.6,47.4,1,2,0,0,6,8
2022-05-07 13:00:00,Marumo Gallants,Golden Arrows,0.0,0.0,Polokwane,South Africa,Peter Mokaba Stadium,,,,South African Premier Division,,20220507_Marumo-Gallants_Golden-Arrows,-13.67194409561489,1.25,0.78,6,3,16,8,46.8,53.2,2,2,0,0,2,2
2022-05-07 15:00:00,AmaZulu,Sekhukhune United FC,0.0,0.0,Durban,South Africa,Moses Mabhida Stadium,,,,South African Premier Division,,20220507_AmaZulu_Sekhukhune-United-FC,84.67792398951838,0.32,1.09,2,3,3,8,51.0,49.0,2,1,0,1,5,6
2022-05-07 15:00:00,Stellenbosch,Maritzburg United,1.0,1.0,Stellenbosch,South Africa,Danie Craven Stadium,,,,South African Premier Division,,20220507_Stellenbosch_Maritzburg-United,64.7549790910075,1.55,0.11,5,1,10,1,48.7,51.3,2,3,0,0,11,5
2022-05-07 17:30:00,Cape Town City FC,TS Galaxy FC,2.0,0.0,Cape Town,South Africa,DHL Cape Town Stadium,,,,South African Premier Division,,20220507_Cape-Town-City-FC_TS-Galaxy-FC,109.64736633780808,1.86,0.27,7,1,17,3,56.4,43.6,6,1,0,0,3,1
2022-05-08 15:30:00,Kaizer Chiefs,Mamelodi Sundowns,1.0,1.0,Johannesburg,South Africa,FNB Stadium,,,,South African Premier Division,,20220508_Kaizer-Chiefs_Mamelodi-Sundowns,-102.37355244078844,1.11,0.05,3,1,6,4,49.8,50.2,2,0,0,0,4,4
2022-05-14 13:00:00,Baroka FC,SuperSport United,3.0,1.0,Polokwane,South Africa,Peter Mokaba Stadium,,,,South African Premier Division,,20220514_Baroka-FC_SuperSport-United,-72.50673430187908,0.39,1.23,3,4,5,6,41.3,58.7,1,0,0,0,10,6
2022-05-14 13:00:00,Cape Town City FC,AmaZulu,0.0,0.0,Cape Town,South Africa,DHL Cape Town Stadium,,,,South African Premier Division,,20220514_Cape-Town-City-FC_AmaZulu,42.256102527556095,1.29,0.42,2,3,2,6,48.5,51.5,0,2,0,0,3,4
2022-05-14 13:00:00,Golden Arrows,Royal AM,2.0,2.0,Durban,South Africa,Sugar Ray Xulu Stadium,,,,South African Premier Division,,20220514_Golden-Arrows_Royal-AM,-53.98963697581303,0.98,0.98,4,4,9,11,47.3,52.7,4,2,0,0,3,6
2022-05-14 13:00:00,Mamelodi Sundowns,Stellenbosch,0.0,3.0,Pretoria,South Africa,Tuks Stadium,,,,South African Premier Division,,20220514_Mamelodi-Sundowns_Stellenbosch,91.31645101741606,1.19,0.69,3,3,5,6,54.3,45.7,0,2,0,0,1,3
2022-05-14 13:00:00,Moroka Swallows,Chippa United,0.0,0.0,Soweto,South Africa,Dobsonville Stadium,,,,South African Premier Division,,20220514_Moroka-Swallows_Chippa-United,-35.16739447154464,0.44,0.05,3,0,7,0,46.3,53.7,1,1,0,0,3,0
2022-05-14 13:00:00,Sekhukhune United FC,Kaizer Chiefs,0.0,1.0,Johannesburg,South Africa,Emirates Airline Park,,,,South African Premier Division,,20220514_Sekhukhune-United-FC_Kaizer-Chiefs,-61.11483686816996,0.15,2.21,0,7,2,15,57.8,42.2,1,3,0,0,0,5
2022-05-14 13:00:00,TS Galaxy FC,Marumo Gallants,0.0,0.0,Nelspruit,South Africa,Mbombela Stadium,,,,South African Premier Division,,20220514_TS-Galaxy-FC_Marumo-Gallants,-30.28133130022138,0.53,1.61,3,6,7,12,48.4,51.6,0,2,0,0,3,6
2022-05-21 13:00:00,Chippa United,TS Galaxy FC,0.0,1.0,Gqeberha,South Africa,Nelson Mandela Bay Stadium,,,,South African Premier Division,,20220521_Chippa-United_TS-Galaxy-FC,21.66824333679301,1.08,1.21,4,3,11,5,55.2,44.8,3,1,0,0,6,4
2022-05-21 13:00:00,Kaizer Chiefs,Moroka Swallows,2.0,2.0,Johannesburg,South Africa,FNB Stadium,,,,South African Premier Division,,20220521_Kaizer-Chiefs_Moroka-Swallows,86.17761315985354,1.18,1.43,3,6,5,12,53.0,47.0,3,1,0,0,4,5
2022-05-21 13:00:00,Maritzburg United,Baroka FC,1.0,0.0,Pietermaritzburg,South Africa,Harry Gwala Stadium,,,,South African Premier Division,,20220521_Maritzburg-United_Baroka-FC,24.77632489378584,2.49,0.45,8,2,18,5,56.0,44.0,0,2,0,0,7,2
2022-05-21 13:00:00,Marumo Gallants,Sekhukhune United FC,2.0,2.0,Polokwane,South Africa,Peter Mokaba Stadium,,,,South African Premier Division,,20220521_Marumo-Gallants_Sekhukhune-United-FC,34.0315575879431,1.53,1.45,5,3,9,5,46.4,53.6,0,0,0,0,5,5
2022-05-21 13:00:00,Stellenbosch,Cape Town City FC,1.0,0.0,Stellenbosch,South Africa,Danie Craven Stadium,,,,South African Premier Division,,20220521_Stellenbosch_Cape-Town-City-FC,-39.36419138024394,0.8,0.86,3,4,5,8,56.5,43.5,1,2,0,0,1,6
2022-05-23 13:00:00,Royal AM,Mamelodi Sundowns,2.0,3.0,Durban,South Africa,Chatsworth Stadium,,,,South African Premier Division,,20220523_Royal-AM_Mamelodi-Sundowns,-51.49928327177986,1.23,1.55,5,5,11,10,48.3,51.7,3,3,0,0,5,5
2022-05-24 13:00:00,AmaZulu,Golden Arrows,1.0,2.0,Durban,South Africa,Moses Mabhida Stadium,,,,South African Premier Division,,20220524_AmaZulu_Golden-Arrows,40.6520303775776,1.56,0.92,4,3,8,7,50.3,49.7,1,2,1,0,2,5
2022-05-24 17:30:00,Orlando Pirates,Maritzburg United,4.0,1.0,Johannesburg,South Africa,Orlando Stadium,,,,South African Premier Division,,20220524_Orlando-Pirates_Maritzburg-United,55.17866216311154,1.95,1.64,6,4,15,8,50.1,49.9,2,1,0,0,8,2
2022-05-27 17:30:00,Royal AM,Orlando Pirates,2.0,2.0,Durban,South Africa,Chatsworth Stadium,,,,South African Premier Division,,20220527_Royal-AM_Orlando-Pirates,-1.6017862921048618,1.51,1.1,5,4,13,11,47.6,52.4,0,3,0,0,1,5
2022-05-30 16:00:00,SuperSport United,Orlando Pirates,2.0,0.0,Pretoria,South Africa,Lucas Masterpieces Moripe Stadium,,,,South African Premier Division,,20220530_SuperSport-United_Orlando-Pirates,-57.58581404434608,0.68,0.69,2,2,5,6,42.0,58.0,1,1,0,0,5,6
2022-08-05 17:30:00,Cape Town City FC,Mamelodi Sundowns,0.0,2.0,Cape Town,South Africa,DHL Cape Town Stadium,,,,South African Premier Division,,20220805_Cape-Town-City-FC_Mamelodi-Sundowns,-45.37368201061986,0.99,0.54,2,3,3,8,55.3,44.7,3,1,0,0,4,10
2022-08-06 13:00:00,Golden Arrows,Richards Bay FC,0.0,2.0,Durban,South Africa,Princess Magogo Stadium,,,,South African Premier Division,,20220806_Golden-Arrows_Richards-Bay-FC,8.412735308171477,0.05,0.85,0,2,2,3,54.1,45.9,2,3,0,0,4,5
2022-08-06 13:00:00,Marumo Gallants,Stellenbosch,0.0,0.0,Polokwane,South Africa,Peter Mokaba Stadium,,,,South African Premier Division,,20220806_Marumo-Gallants_Stellenbosch,-70.78588471133344,0.46,0.86,0,3,1,6,44.9,55.1,2,0,0,0,1,2
2022-08-06 13:00:00,Orlando Pirates,Moroka Swallows,1.0,0.0,Johannesburg,South Africa,Orlando Stadium,,,,South African Premier Division,,20220806_Orlando-Pirates_Moroka-Swallows,79.60845052656737,0.51,0.92,3,3,10,8,56.7,43.3,1,2,0,0,5,5
2022-08-06 15:30:00,Royal AM,Kaizer Chiefs,1.0,0.0,Durban,South Africa,Chatsworth Stadium,,,,South African Premier Division,,20220806_Royal-AM_Kaizer-Chiefs,11.744414472914286,1.11,1.24,2,5,4,10,44.2,55.8,0,1,0,0,2,5
2022-08-06 18:00:00,Maritzburg United,Sekhukhune United FC,1.0,1.0,Pietermaritzburg,South Africa,Harry Gwala Stadium,,,,South African Premier Division,,20220806_Maritzburg-United_Sekhukhune-United-FC,14.73972109444776,1.01,1.22,5,4,12,9,47.5,52.5,0,3,0,0,8,7
2022-08-07 13:00:00,TS Galaxy FC,AmaZulu,0.0,0.0,Johannesburg,South Africa,Wits Football Stadium,,,,South African Premier Division,,20220807_TS-Galaxy-FC_AmaZulu,-58.32287396287575,1.07,0.22,3,1,4,2,49.5,50.5,2,4,0,0,3,3
2022-08-07 15:30:00,SuperSport United,Chippa United,1.0,1.0,Pretoria,South Africa,Lucas Masterpieces Moripe Stadium,,,,South African Premier Division,,20220807_SuperSport-United_Chippa-United,32.88243382400924,1.05,0.62,2,2,7,3,48.3,51.7,0,1,0,0,3,0
2022-08-09 13:00:00,Richards Bay FC,Marumo Gallants,0.0,0.0,Durban,South Africa,King Goodwill Zwelithini Stadium,,,,South African Premier Division,,20220809_Richards-Bay-FC_Marumo-Gallants,31.65667054068126,0.07,1.01,1,5,1,8,50.4,49.6,5,1,0,0,3,9
2022-08-09 15:00:00,Moroka Swallows,Cape Town City FC,3.0,2.0,Soweto,South Africa,Dobsonville Stadium,,,,South African Premier Division,,20220809_Moroka-Swallows_Cape-Town-City-FC,-117.48275282684244,1.29,2.39,3,7,6,17,47.3,52.7,2,0,0,0,3,11
2022-08-09 17:30:00,Kaizer Chiefs,Maritzburg United,3.0,0.0,Johannesburg,South Africa,FNB Stadium,,,,South African Premier Division,,20220809_Kaizer-Chiefs_Maritzburg-United,51.02217424198875,1.33,0.91,5,3,11,4,50.8,49.2,3,3,0,0,4,4
2022-08-10 15:00:00,AmaZulu,SuperSport United,2.0,1.0,Durban,South Africa,Moses Mabhida Stadium,,,,South African Premier Division,,20220810_AmaZulu_SuperSport-United,28.403698407026695,1.52,0.05,6,1,13,4,45.9,54.1,1,0,0,0,9,2
2022-08-10 17:30:00,Chippa United,Royal AM,1.0,3.0,Gqeberha,South Africa,Nelson Mandela Bay Stadium,,,,South African Premier Division,,20220810_Chippa-United_Royal-AM,-85.46835646805675,0.31,1.25,1,5,1,11,45.1,54.9,3,0,0,0,1,9
2022-08-10 17:30:00,Mamelodi Sundowns,TS Galaxy FC,0.0,1.0,Pretoria,South Africa,Loftus Versfeld Stadium,,,,South African Premier Division,,20220810_Mamelodi-Sundowns_TS-Galaxy-FC,151.53792130817806,1.01,0.81,3,2,7,2,52.2,47.8,4,2,1,0,5,2
2022-08-10 17:30:00,Sekhukhune United FC,Golden Arrows,1.0,0.0,Polokwane,South Africa,Peter Mokaba Stadium,,,,South African Premier Division,,20220810_Sekhukhune-United-FC_Golden-Arrows,-49.079413985938345,1.46,0.05,6,0,12,0,52.5,47.5,0,7,0,0,8,2
2022-08-10 17:30:00,Stellenbosch,Orlando Pirates,1.0,1.0,Stellenbosch,South Africa,Danie Craven Stadium,,,,South African Premier Division,,20220810_Stellenbosch_Orlando-Pirates,14.652731022024454,2.13,1.28,8,6,16,11,53.6,46.4,3,0,0,0,10,6
2022-08-12 17:30:00,Maritzburg United,Moroka Swallows,0.0,0.0,Pietermaritzburg,South Africa,Harry Gwala Stadium,,,,South African Premier Division,,20220812_Maritzburg-United_Moroka-Swallows,0.8645507998762696,0.54,1.2,2,4,4,8,42.9,57.1,3,2,0,0,4,4
2022-08-13 13:00:00,Mamelodi Sundowns,Kaizer Chiefs,4.0,0.0,Pretoria,South Africa,Loftus Versfeld Stadium,,,,South African Premier Division,,20220813_Mamelodi-Sundowns_Kaizer-Chiefs,78.51716565358561,1.7,0.68,5,1,12,2,49.5,50.5,1,1,0,0,8,4
2022-08-13 13:00:00,Marumo Gallants,Golden Arrows,1.0,1.0,Polokwane,South Africa,Peter Mokaba Stadium,,,,South African Premier Division,,20220813_Marumo-Gallants_Golden-Arrows,-0.7140645972338007,2.25,0.48,7,3,16,7,51.3,48.7,3,2,0,0,8,5
2022-08-13 13:00:00,Stellenbosch,Royal AM,3.0,1.0,Stellenbosch,South Africa,Danie Craven Stadium,,,,South African Premier Division,,20220813_Stellenbosch_Royal-AM,-9.735977967362942,1.07,1.55,3,7,7,15,48.7,51.3,2,2,1,0,5,7
2022-08-13 16:00:00,Richards Bay FC,Sekhukhune United FC,1.0,0.0,Durban,South Africa,King Goodwill Zwelithini Stadium,,,,South African Premier Division,,20220813_Richards-Bay-FC_Sekhukhune-United-FC,50.47337266620207,0.55,0.05,1,0,2,1,58.5,41.5,1,1,0,0,4,2
2022-08-13 18:00:00,AmaZulu,Cape Town City FC,2.0,1.0,Durban,South Africa,Moses Mabhida Stadium,,,,South African Premier Division,,20220813_AmaZulu_Cape-Town-City-FC,-4.018382171889016,0.97,0.89,3,2,8,3,40.0,60.0,3,2,0,0,6,3
2022-08-14 13:00:00,Orlando Pirates,Chippa United,0.0,1.0,Johannesburg,South Africa,Orlando Stadium,,,,South African Premier Division,,20220814_Orlando-Pirates_Chippa-United,80.30355603680846,0.58,0.05,0,1,0,2,57.3,42.7,2,1,0,0,3,3
2022-08-14 15:30:00,TS Galaxy FC,SuperSport United,2.0,0.0,Nelspruit,South Africa,Mbombela Stadium,,,,South African Premier Division,,20220814_TS-Galaxy-FC_SuperSport-United,2.018844534177333,1.36,1.55,4,3,7,6,55.2,44.8,2,0,0,0,1,4
2022-08-16 17:30:00,Cape Town City FC,Maritzburg United,0.0,0.0,Cape Town,South Africa,Athlone Stadium,,,,South African Premier Division,,20220816_Cape-Town-City-FC_Maritzburg-United,72.68964360863333,0.48,0.46,2,2,5,5,56.7,43.3,1,3,0,0,6,5
2022-08-17 17:30:00,Royal AM,Orlando Pirates,0.0,1.0,Durban,South Africa,Moses Mabhida Stadium,,,,South African Premier Division,,20220817_Royal-AM_Orlando-Pirates,25.76618245365762,1.03,0.74,4,3,7,9,46.3,53.7,3,2,1,0,7,1
2022-08-19 17:30:00,Moroka Swallows,AmaZulu,2.0,3.0,Soweto,South Africa,Dobsonville Stadium,,,,South African Premier Division,,20220819_Moroka-Swallows_AmaZulu,-93.75365893648313,1.83,0.76,6,3,14,7,43.3,56.7,2,1,0,0,3,8
2022-08-20 13:00:00,Golden Arrows,TS Galaxy FC,0.0,0.0,Durban,South Africa,Princess Magogo Stadium,,,,South African Premier Division,,20220820_Golden-Arrows_TS-Galaxy-FC,-12.384338668745158,0.05,0.65,0,2,1,6,54.2,45.8,2,2,0,0,3,4
2022-08-20 13:00:00,Sekhukhune United FC,Mamelodi Sundowns,1.0,1.0,Polokwane,South Africa,Peter Mokaba Stadium,,,,South African Premier Division,,20220820_Sekhukhune-United-FC_Mamelodi-Sundowns,-159.4300758642612,1.21,0.93,5,2,11,4,35.6,64.4,1,0,0,0,3,2
2022-08-20 15:30:00,Cape Town City FC,Stellenbosch,1.0,1.0,Cape Town,South Africa,DHL Cape Town Stadium,,,,South African Premier Division,,20220820_Cape-Town-City-FC_Stellenbosch,-37.727134968424934,1.34,0.63,4,2,9,5,58.3,41.7,1,0,0,0,8,3
2022-08-20 18:00:00,Kaizer Chiefs,Richards Bay FC,1.0,0.0,Durban,South Africa,Moses Mabhida Stadium,,,,South African Premier Division,,20220820_Kaizer-Chiefs_Richards-Bay-FC,-8.76491976596003,0.58,0.84,2,1,4,2,52.3,47.7,1,2,0,0,3,3
2022-08-20 18:00:00,Maritzburg United,Chippa United,2.0,1.0,Pietermaritzburg,South Africa,Harry Gwala Stadium,,,,South African Premier Division,,20220820_Maritzburg-United_Chippa-United,-13.911895130946505,0.59,0.54,2,2,3,5,55.2,44.8,3,2,0,0,0,0
2022-08-21 13:00:00,Royal AM,Marumo Gallants,2.0,2.0,Durban,South Africa,Chatsworth Stadium,,,,South African Premier Division,,20220821_Royal-AM_Marumo-Gallants,48.85339568291124,1.18,1.08,4,4,10,7,50.0,50.0,1,3,0,0,6,3
2022-08-21 15:30:00,SuperSport United,Orlando Pirates,0.0,0.0,Pretoria,South Africa,Lucas Masterpieces Moripe Stadium,,,,South African Premier Division,,20220821_SuperSport-United_Orlando-Pirates,-61.69413398177835,0.05,0.48,0,3,0,6,49.5,50.5,5,2,0,0,1,3
2022-08-23 17:30:00,Cape Town City FC,Kaizer Chiefs,2.0,0.0,Cape Town,South Africa,DHL Cape Town Stadium,,,,South African Premier Division,,20220823_Cape-Town-City-FC_Kaizer-Chiefs,-3.0089916222354987,1.32,0.64,4,1,9,3,50.4,49.6,1,2,0,1,6,2
2022-08-23 17:30:00,Moroka Swallows,Sekhukhune United FC,2.0,1.0,Soweto,South Africa,Dobsonville Stadium,,,,South African Premier Division,,20220823_Moroka-Swallows_Sekhukhune-United-FC,-14.766197506962953,1.53,1.06,5,2,11,3,46.6,53.4,3,2,0,0,4,0
2022-08-24 15:00:00,Mamelodi Sundowns,Stellenbosch,3.0,0.0,Pretoria,South Africa,Loftus Versfeld Stadium,,,,South African Premier Division,,20220824_Mamelodi-Sundowns_Stellenbosch,47.6089538012377,2.19,1.19,7,3,16,6,54.3,45.7,3,0,0,0,7,4
2022-08-24 17:30:00,AmaZulu,Golden Arrows,0.0,1.0,Durban,South Africa,Princess Magogo Stadium,,,,South African Premier Division,,20220824_AmaZulu_Golden-Arrows,69.43068251772843,1.14,0.24,3,1,8,2,48.1,51.9,1,1,0,0,5,3
2022-08-24 17:30:00,Chippa United,TS Galaxy FC,0.0,0.0,Gqeberha,South Africa,Nelson Mandela Bay Stadium,,,,South African Premier Division,,20220824_Chippa-United_TS-Galaxy-FC,-39.979341438796155,0.99,0.65,2,1,4,1,45.7,54.3,0,0,0,0,3,1
2022-08-24 17:30:00,Orlando Pirates,Marumo Gallants,1.0,0.0,Johannesburg,South Africa,Orlando Stadium,,,,South African Premier Division,,20220824_Orlando-Pirates_Marumo-Gallants,45.07879598823456,0.9,1.46,2,4,4,8,48.6,51.4,1,2,0,0,3,4
2022-08-24 17:30:00,Richards Bay FC,SuperSport United,0.0,1.0,Durban,South Africa,King Goodwill Zwelithini Stadium,,,,South African Premier Division,,20220824_Richards-Bay-FC_SuperSport-United,38.139069852402145,1.02,1.15,3,3,7,6,48.4,51.6,2,3,0,0,9,3
2022-08-24 17:30:00,Royal AM,Maritzburg United,1.0,0.0,Durban,South Africa,Chatsworth Stadium,,,,South African Premier Division,,20220824_Royal-AM_Maritzburg-United,63.48632385850715,1.06,1.33,1,6,1,12,46.9,53.1,1,2,0,0,1,3
2022-09-02 17:30:00,SuperSport United,Mamelodi Sundowns,2.0,1.0,Pretoria,South Africa,Lucas Masterpieces Moripe Stadium,,,,South African Premier Division,,20220902_SuperSport-United_Mamelodi-Sundowns,-130.76452410495676,1.36,1.26,4,2,9,4,40.6,59.4,1,0,0,0,4,3
2022-09-03 13:00:00,Golden Arrows,Chippa United,3.0,2.0,Durban,South Africa,Princess Magogo Stadium,,,,South African Premier Division,,20220903_Golden-Arrows_Chippa-United,41.44197592460296,0.81,0.25,3,2,8,4,48.9,51.1,1,0,0,0,5,1
2022-09-03 13:00:00,Stellenbosch,Richards Bay FC,1.0,2.0,Stellenbosch,South Africa,Danie Craven Stadium,,,,South African Premier Division,,20220903_Stellenbosch_Richards-Bay-FC,50.90880189159407,0.88,1.5,4,4,7,8,46.3,53.7,2,2,1,0,4,1
2022-09-03 15:30:00,Kaizer Chiefs,AmaZulu,0.0,0.0,Johannesburg,South Africa,FNB Stadium,,,,South African Premier Division,,20220903_Kaizer-Chiefs_AmaZulu,-25.002381927007264,0.33,0.37,0,4,0,10,46.8,53.2,4,2,1,0,2,12
2022-09-03 15:30:00,Sekhukhune United FC,Royal AM,1.0,2.0,Polokwane,South Africa,Peter Mokaba Stadium,,,,South African Premier Division,,20220903_Sekhukhune-United-FC_Royal-AM,-95.6590882884716,0.14,0.86,1,2,3,5,42.6,57.4,2,0,0,0,2,3
2022-09-03 18:00:00,TS Galaxy FC,Cape Town City FC,0.0,1.0,Nelspruit,South Africa,Mbombela Stadium,,,,South African Premier Division,,20220903_TS-Galaxy-FC_Cape-Town-City-FC,-41.10608108191809,1.21,0.52,5,3,12,8,44.9,55.1,1,3,0,0,6,6
2022-09-04 13:00:00,Marumo Gallants,Moroka Swallows,1.0,1.0,Polokwane,South Africa,Peter Mokaba Stadium,,,,South African Premier Division,,20220904_Marumo-Gallants_Moroka-Swallows,19.622042365610696,0.49,1.1,1,6,4,13,51.4,48.6,0,4,0,0,2,5
2022-09-04 15:30:00,Maritzburg United,Orlando Pirates,1.0,0.0,Pietermaritzburg,South Africa,Harry Gwala Stadium,,,,South African Premier Division,,20220904_Maritzburg-United_Orlando-Pirates,-83.3473861644161,2.01,1.21,7,4,16,8,48.7,51.3,2,2,0,0,9,8
2022-09-06 15:00:00,Royal AM,Richards Bay FC,0.0,1.0,Durban,South Africa,Chatsworth Stadium,,,,South African Premier Division,,20220906_Royal-AM_Richards-Bay-FC,37.93419727068135,0.99,1.03,4,4,10,7,56.4,43.6,2,3,0,0,4,10
2022-09-06 17:30:00,Cape Town City FC,Sekhukhune United FC,0.0,0.0,Cape Town,South Africa,Athlone Stadium,,,,South African Premier Division,,20220906_Cape-Town-City-FC_Sekhukhune-United-FC,110.36739354882411,0.85,0.66,4,2,7,5,57.1,42.9,4,2,0,0,7,1
2022-09-07 17:30:00,Chippa United,Mamelodi Sundowns,0.0,1.0,Gqeberha,South Africa,Nelson Mandela Bay Stadium,,,,South African Premier Division,,20220907_Chippa-United_Mamelodi-Sundowns,-153.5987724206152,0.87,0.79,5,2,12,5,48.5,51.5,2,2,0,0,5,5
2022-09-09 17:30:00,Maritzburg United,SuperSport United,1.0,2.0,Pietermaritzburg,South Africa,Harry Gwala Stadium,,,,South African Premier Division,,20220909_Maritzburg-United_SuperSport-United,-30.22087654507618,1.28,1.75,4,6,8,13,50.5,49.5,3,0,0,0,6,8
2022-09-10 13:00:00,AmaZulu,Chippa United,1.0,2.0,Durban,South Africa,Moses Mabhida Stadium,,,,South African Premier Division,,20220910_AmaZulu_Chippa-United,98.86819605304095,1.32,0.93,5,4,10,7,51.1,48.9,1,0,0,0,8,8
2022-09-10 13:00:00,Moroka Swallows,Stellenbosch,1.0,2.0,Johannesburg,South Africa,Wits Football Stadium,,,,South African Premier Division,,20220910_Moroka-Swallows_Stellenbosch,-78.98887013988588,1.3,1.45,5,4,11,8,40.5,59.5,0,2,0,0,7,2
2022-09-10 15:30:00,Orlando Pirates,TS Galaxy FC,2.0,0.0,Johannesburg,South Africa,Orlando Stadium,,,,South African Premier Division,,20220910_Orlando-Pirates_TS-Galaxy-FC,41.722164706519834,1.9,0.91,5,2,10,3,54.0,46.0,3,1,0,0,12,4
2022-09-10 18:00:00,Mamelodi Sundowns,Golden Arrows,2.0,1.0,Pretoria,South Africa,Tuks Stadium,,,,South African Premier Division,,20220910_Mamelodi-Sundowns_Golden-Arrows,98.02147514174021,2.01,0.93,5,2,9,5,47.6,52.4,2,3,0,0,8,10
2022-09-11 13:00:00,Marumo Gallants,Kaizer Chiefs,1.0,1.0,Rustenburg,South Africa,Royal Bafokeng Stadium,,,,South African Premier Division,,20220911_Marumo-Gallants_Kaizer-Chiefs,-41.46844211992175,0.88,0.77,4,1,8,4,47.5,52.5,0,1,0,0,12,2
2022-09-17 13:00:00,Chippa United,Marumo Gallants,1.0,0.0,Gqeberha,South Africa,Nelson Mandela Bay Stadium,,,,South African Premier Division,,20220917_Chippa-United_Marumo-Gallants,-20.22150301104307,1.63,0.6,5,1,11,2,56.9,43.1,2,1,0,0,7,3
2022-09-17 13:00:00,Golden Arrows,Moroka Swallows,4.0,0.0,Durban,South Africa,Princess Magogo Stadium,,,,South African Premier Division,,20220917_Golden-Arrows_Moroka-Swallows,54.37113212189365,1.75,1.29,4,4,7,10,52.0,48.0,0,2,0,0,8,8
2022-09-17 15:30:00,Sekhukhune United FC,Stellenbosch,1.0,1.0,Polokwane,South Africa,Peter Mokaba Stadium,,,,South African Premier Division,,20220917_Sekhukhune-United-FC_Stellenbosch,-104.32532294359498,1.87,1.45,7,4,14,9,43.6,56.4,2,0,0,0,11,5
2022-09-17 18:00:00,Kaizer Chiefs,SuperSport United,2.0,1.0,Johannesburg,South Africa,FNB Stadium,,,,South African Premier Division,,20220917_Kaizer-Chiefs_SuperSport-United,0.726654395430387,1.93,1.27,7,3,15,6,51.3,48.7,0,4,0,0,9,6
2022-09-18 13:00:00,Mamelodi Sundowns,AmaZulu,1.0,0.0,Pretoria,South Africa,Loftus Versfeld Stadium,,,,South African Premier Division,,20220918_Mamelodi-Sundowns_AmaZulu,92.78852944433424,0.84,1.01,2,1,4,1,55.4,44.6,2,2,0,0,7,2
2022-09-18 15:30:00,Richards Bay FC,TS Galaxy FC,0.0,0.0,Durban,South Africa,King Goodwill Zwelithini Stadium,,,,South African Premier Division,,20220918_Richards-Bay-FC_TS-Galaxy-FC,51.062284968404356,0.23,0.99,1,3,1,6,49.8,50.2,2,1,0,0,1,3
2022-10-04 15:00:00,Sekhukhune United FC,Orlando Pirates,2.0,0.0,Polokwane,South Africa,Peter Mokaba Stadium,,,,South African Premier Division,,20221004_Sekhukhune-United-FC_Orlando-Pirates,-93.18821524352802,0.63,0.86,3,1,7,3,46.9,53.1,2,3,0,0,2,1
2022-10-04 17:30:00,Golden Arrows,Cape Town City FC,1.0,1.0,Durban,South Africa,Princess Magogo Stadium,,,,South African Premier Division,,20221004_Golden-Arrows_Cape-Town-City-FC,-31.780873956213554,0.81,0.75,2,4,3,8,38.5,61.5,1,0,0,0,6,4
2022-10-04 17:30:00,Stellenbosch,Maritzburg United,3.0,0.0,Stellenbosch,South Africa,Danie Craven Stadium,,,,South African Premier Division,,20221004_Stellenbosch_Maritzburg-United,79.36222177746549,1.71,0.72,4,5,8,12,56.0,44.0,1,1,0,0,5,4
2022-10-04 17:30:00,SuperSport United,Royal AM,3.0,1.0,Pretoria,South Africa,Lucas Masterpieces Moripe Stadium,,,,South African Premier Division,,20221004_SuperSport-United_Royal-AM,-34.591530354680344,1.39,1.18,5,2,10,5,53.8,46.2,2,2,1,0,8,0
2022-10-04 17:30:00,TS Galaxy FC,Marumo Gallants,0.0,1.0,Nelspruit,South Africa,Mbombela Stadium,,,,South African Premier Division,,20221004_TS-Galaxy-FC_Marumo-Gallants,12.569636780967585,1.05,0.32,3,1,5,3,54.8,45.2,3,2,0,0,2,4
2022-10-05 15:00:00,AmaZulu,Richards Bay FC,0.0,1.0,Durban,South Africa,Moses Mabhida Stadium,,,,South African Premier Division,,20221005_AmaZulu_Richards-Bay-FC,-8.305797402298367,1.12,1.56,2,5,4,12,52.8,47.2,1,2,0,0,4,9
2022-10-05 17:30:00,Moroka Swallows,Kaizer Chiefs,1.0,2.0,Soweto,South Africa,Dobsonville Stadium,,,,South African Premier Division,,20221005_Moroka-Swallows_Kaizer-Chiefs,-89.74101898929075,1.23,1.5,5,7,10,18,52.9,47.1,3,3,0,0,8,6
2022-10-07 17:30:00,SuperSport United,Sekhukhune United FC,3.0,1.0,Pretoria,South Africa,Lucas Masterpieces Moripe Stadium,,,,South African Premier Division,,20221007_SuperSport-United_Sekhukhune-United-FC,56.17648944295752,1.35,1.11,4,3,9,6,53.5,46.5,2,0,0,0,5,9
2022-10-08 13:30:00,TS Galaxy FC,Moroka Swallows,0.0,0.0,Nelspruit,South Africa,Mbombela Stadium,,,,South African Premier Division,,20221008_TS-Galaxy-FC_Moroka-Swallows,35.55432957423159,0.05,0.97,0,2,0,4,54.7,45.3,1,1,1,0,2,5
2022-10-08 18:00:00,Orlando Pirates,Richards Bay FC,0.0,0.0,Johannesburg,South Africa,Orlando Stadium,,,,South African Premier Division,,20221008_Orlando-Pirates_Richards-Bay-FC,-13.31413640774349,1.19,0.05,3,0,6,0,49.8,50.2,0,3,0,0,3,4
2022-10-09 13:30:00,Stellenbosch,Kaizer Chiefs,1.0,3.0,Cape Town,South Africa,DHL Cape Town Stadium,,,,South African Premier Division,,20221009_Stellenbosch_Kaizer-Chiefs,14.860154830985266,1.44,1.96,5,7,11,16,54.3,45.7,1,0,0,0,7,9
2022-10-14 17:30:00,Golden Arrows,Stellenbosch,1.0,1.0,Durban,South Africa,Princess Magogo Stadium,,,,South African Premier Division,,20221014_Golden-Arrows_Stellenbosch,-25.315537960721258,1.77,0.87,7,4,17,9,46.8,53.2,0,1,0,0,10,4
2022-10-14 17:30:00,Orlando Pirates,AmaZulu,1.0,1.0,Johannesburg,South Africa,Orlando Stadium,,,,South African Premier Division,,20221014_Orlando-Pirates_AmaZulu,18.8776551208839,1.2,0.68,4,2,9,5,54.6,45.4,1,1,0,0,3,3
2022-10-15 13:30:00,Richards Bay FC,Maritzburg United,0.0,0.0,Durban,South Africa,King Goodwill Zwelithini Stadium,,,,South African Premier Division,,20221015_Richards-Bay-FC_Maritzburg-United,82.23914969720727,0.34,1.38,1,4,3,9,51.9,48.1,1,2,0,1,4,3
2022-10-15 15:30:00,Kaizer Chiefs,Chippa United,1.0,2.0,Durban,South Africa,Moses Mabhida Stadium,,,,South African Premier Division,,20221015_Kaizer-Chiefs_Chippa-United,79.59672896470352,1.89,1.03,8,5,18,11,50.4,49.6,2,3,0,0,7,7
2022-10-18 15:00:00,Chippa United,Sekhukhune United FC,1.0,0.0,Durban,South Africa,Chatsworth Stadium,,,,South African Premier Division,,20221018_Chippa-United_Sekhukhune-United-FC,34.324466438032005,1.18,1.62,4,5,9,10,48.0,52.0,3,1,0,0,6,3
2022-10-18 15:00:00,Stellenbosch,SuperSport United,0.0,2.0,Stellenbosch,South Africa,Danie Craven Stadium,,,,South African Premier Division,,20221018_Stellenbosch_SuperSport-United,11.851162357248995,0.73,1.05,1,4,1,8,51.1,48.9,2,1,1,0,1,0
2022-10-18 17:30:00,Golden Arrows,Orlando Pirates,0.0,2.0,Durban,South Africa,Princess Magogo Stadium,,,,South African Premier Division,,20221018_Golden-Arrows_Orlando-Pirates,-8.175082028904626,0.13,1.21,0,3,0,7,54.3,45.7,1,2,0,0,3,2
2022-10-19 15:00:00,AmaZulu,Maritzburg United,1.0,1.0,Durban,South Africa,Moses Mabhida Stadium,,,,South African Premier Division,,20221019_AmaZulu_Maritzburg-United,48.829432783337325,0.41,1.56,3,5,8,10,55.9,44.1,2,1,0,0,2,5
2022-10-19 17:30:00,Kaizer Chiefs,TS Galaxy FC,2.0,2.0,Johannesburg,South Africa,FNB Stadium,,,,South African Premier Division,,20221019_Kaizer-Chiefs_TS-Galaxy-FC,71.1564859743703,1.61,1.96,7,5,17,13,54.1,45.9,1,2,0,0,5,7
2022-10-19 17:30:00,Mamelodi Sundowns,Marumo Gallants,1.0,0.0,Pretoria,South Africa,Loftus Versfeld Stadium,,,,South African Premier Division,,20221019_Mamelodi-Sundowns_Marumo-Gallants,149.9171817319616,1.59,0.5,5,1,10,0,51.0,49.0,0,3,0,0,4,3
2022-10-19 17:30:00,Moroka Swallows,Royal AM,2.0,0.0,Soweto,South Africa,Dobsonville Stadium,,,,South African Premier Division,,20221019_Moroka-Swallows_Royal-AM,-94.20913322780939,0.49,0.19,2,0,2,1,50.8,49.2,1,0,0,0,8,3
2022-10-19 17:30:00,Richards Bay FC,Cape Town City FC,1.0,0.0,Durban,South Africa,King Goodwill Zwelithini Stadium,,,,South African Premier Division,,20221019_Richards-Bay-FC_Cape-Town-City-FC,-10.286030937374562,0.45,1.76,1,5,5,11,49.3,50.7,1,4,0,0,4,6
2022-10-25 15:00:00,Royal AM,Golden Arrows,3.0,1.0,Durban,South Africa,Chatsworth Stadium,,,,South African Premier Division,,20221025_Royal-AM_Golden-Arrows,6.393454896290677,0.76,0.05,3,1,7,3,54.8,45.2,1,2,0,0,3,3
2022-10-25 17:30:00,Cape Town City FC,Chippa United,2.0,1.0,Cape Town,South Africa,DHL Cape Town Stadium,,,,South African Premier Division,,20221025_Cape-Town-City-FC_Chippa-United,35.831554784757145,1.91,1.13,7,3,16,7,49.1,50.9,5,1,0,0,5,2
2022-10-25 18:30:00,Maritzburg United,Mamelodi Sundowns,0.0,5.0,Pietermaritzburg,South Africa,Harry Gwala Stadium,,,,South African Premier Division,,20221025_Maritzburg-United_Mamelodi-Sundowns,-175.86398757352367,1.57,1.1,5,5,11,11,48.4,51.6,0,2,0,0,3,6
2022-10-26 17:30:00,Marumo Gallants,AmaZulu,0.0,0.0,Polokwane,South Africa,Peter Mokaba Stadium,,,,South African Premier Division,,20221026_Marumo-Gallants_AmaZulu,-33.77393787790129,0.05,1.94,0,7,0,17,53.0,47.0,1,1,0,0,1,9
2022-10-28 17:30:00,Maritzburg United,Golden Arrows,0.0,2.0,Pietermaritzburg,South Africa,Harry Gwala Stadium,,,,South African Premier Division,,20221028_Maritzburg-United_Golden-Arrows,-39.45333981087515,0.05,0.17,1,2,2,5,49.8,50.2,4,3,0,0,3,4
2022-10-29 13:30:00,Orlando Pirates,Kaizer Chiefs,0.0,1.0,Johannesburg,South Africa,FNB Stadium,,,,South African Premier Division,,20221029_Orlando-Pirates_Kaizer-Chiefs,2.410267181574909,0.68,1.8,2,5,5,13,58.5,41.5,1,3,1,0,5,4
2022-10-29 15:30:00,Marumo Gallants,Cape Town City FC,2.0,1.0,Polokwane,South Africa,Peter Mokaba Stadium,,,,South African Premier Division,,20221029_Marumo-Gallants_Cape-Town-City-FC,-70.81684815875315,0.52,1.65,2,5,4,10,52.9,47.1,2,0,0,0,1,7
2022-10-29 16:00:00,Royal AM,Mamelodi Sundowns,0.0,3.0,Durban,South Africa,Chatsworth Stadium,,,,South African Premier Division,,20221029_Royal-AM_Mamelodi-Sundowns,-119.25171489134914,0.41,1.7,0,4,0,8,50.1,49.9,0,1,0,0,2,5
2022-10-30 13:30:00,AmaZulu,Stellenbosch,1.0,0.0,Durban,South Africa,King Goodwill Zwelithini Stadium,,,,South African Premier Division,,20221030_AmaZulu_Stellenbosch,-23.398899193527086,0.84,0.96,3,3,7,5,50.4,49.6,2,4,0,1,5,7
2022-10-30 13:30:00,Chippa United,Richards Bay FC,3.0,3.0,Johannesburg,South Africa,Wits Football Stadium,,,,South African Premier Division,,20221030_Chippa-United_Richards-Bay-FC,-61.02264119856977,0.81,1.04,3,3,6,6,40.7,59.3,2,2,0,0,2,3
2022-10-30 13:30:00,TS Galaxy FC,Sekhukhune United FC,1.0,1.0,Nelspruit,South Africa,Mbombela Stadium,,,,South African Premier Division,,20221030_TS-Galaxy-FC_Sekhukhune-United-FC,26.60275931108481,1.25,1.14,4,2,8,3,45.2,54.8,2,1,0,0,5,4
2022-10-30 15:30:00,SuperSport United,Moroka Swallows,1.0,1.0,Pretoria,South Africa,Lucas Masterpieces Moripe Stadium,,,,South African Premier Division,,20221030_SuperSport-United_Moroka-Swallows,93.30847054493529,1.09,0.94,3,3,5,6,51.2,48.8,1,1,0,0,7,4
2022-12-30 13:30:00,Mamelodi Sundowns,Orlando Pirates,2.0,0.0,Pretoria,South Africa,Loftus Versfeld Stadium,,,,South African Premier Division,,20221230_Mamelodi-Sundowns_Orlando-Pirates,125.9328089624064,0.66,0.7,2,2,5,5,54.1,45.9,2,1,0,0,5,5
2022-12-30 15:30:00,Cape Town City FC,Royal AM,2.0,1.0,Cape Town,South Africa,DHL Cape Town Stadium,,,,South African Premier Division,,20221230_Cape-Town-City-FC_Royal-AM,14.298526038286127,1.46,1.06,6,1,13,3,49.0,51.0,2,2,0,0,8,2
2022-12-30 15:30:00,Stellenbosch,Chippa United,1.0,1.0,Stellenbosch,South Africa,Danie Craven Stadium,,,,South African Premier Division,,20221230_Stellenbosch_Chippa-United,26.50223720095869,1.25,0.58,3,2,8,5,53.0,47.0,2,1,0,0,5,3
2022-12-30 17:30:00,Maritzburg United,TS Galaxy FC,1.0,2.0,Pietermaritzburg,South Africa,Harry Gwala Stadium,,,,South African Premier Division,,20221230_Maritzburg-United_TS-Galaxy-FC,-23.850108134180573,0.37,2.02,1,7,0,17,44.2,55.8,0,2,0,0,0,5
2022-12-30 17:30:00,SuperSport United,Marumo Gallants,1.0,0.0,Pretoria,South Africa,Lucas Masterpieces Moripe Stadium,,,,South African Premier Division,,20221230_SuperSport-United_Marumo-Gallants,50.254247849606145,1.46,1.05,4,2,10,3,52.1,47.9,0,2,0,0,6,5
2022-12-31 13:30:00,Golden Arrows,Kaizer Chiefs,0.0,2.0,Durban,South Africa,Moses Mabhida Stadium,,,,South African Premier Division,,20221231_Golden-Arrows_Kaizer-Chiefs,-42.419496497027694,0.88,1.29,1,3,4,6,49.9,50.1,2,2,0,0,4,1
2022-12-31 13:30:00,Richards Bay FC,Moroka Swallows,1.0,0.0,Durban,South Africa,King Goodwill Zwelithini Stadium,,,,South African Premier Division,,20221231_Richards-Bay-FC_Moroka-Swallows,94.73482692510879,1.64,0.83,4,1,9,1,60.1,39.9,0,0,0,0,3,2
2022-12-31 15:30:00,Sekhukhune United FC,AmaZulu,0.0,0.0,Polokwane,South Africa,Peter Mokaba Stadium,,,,South African Premier Division,,20221231_Sekhukhune-United-FC_AmaZulu,-75.08075025658832,1.03,0.05,4,0,7,0,47.6,52.4,1,2,0,0,5,1
2023-02-03 16:00:00,Moroka Swallows,Richards Bay FC,1.0,0.0,Soweto,South Africa,Dobsonville Stadium,,,,South African Premier Division,,20230203_Moroka-Swallows_Richards-Bay-FC,-112.34827425910635,1.78,0.06,4,0,11,1,51.8,48.2,2,0,0,0,4,4
2023-02-03 17:30:00,Maritzburg United,AmaZulu,1.0,1.0,Pietermaritzburg,South Africa,Harry Gwala Stadium,,,,South African Premier Division,,20230203_Maritzburg-United_AmaZulu,-82.78613704275654,1.39,1.68,6,4,12,7,51.5,48.5,0,0,0,0,7,5
2023-02-04 13:30:00,Chippa United,Stellenbosch,1.0,2.0,Gqeberha,South Africa,Nelson Mandela Bay Stadium,,,,South African Premier Division,,20230204_Chippa-United_Stellenbosch,-24.675069972965275,0.05,1.7,1,6,4,12,52.1,47.9,0,3,0,0,2,5
2023-02-04 13:30:00,Golden Arrows,Royal AM,1.0,2.0,Durban,South Africa,Princess Magogo Stadium,,,,South African Premier Division,,20230204_Golden-Arrows_Royal-AM,-10.308736254874702,0.88,1.42,3,4,8,7,49.2,50.8,0,1,0,0,6,3
2023-02-04 13:30:00,Orlando Pirates,Mamelodi Sundowns,0.0,1.0,Johannesburg,South Africa,Orlando Stadium,,,,South African Premier Division,,20230204_Orlando-Pirates_Mamelodi-Sundowns,-141.59563296435135,0.82,0.63,1,2,2,7,44.0,56.0,1,1,0,0,5,2
2023-02-04 15:30:00,SuperSport United,Cape Town City FC,2.0,0.0,Pretoria,South Africa,Lucas Masterpieces Moripe Stadium,,,,South African Premier Division,,20230204_SuperSport-United_Cape-Town-City-FC,7.032475528988016,1.44,0.05,4,0,9,0,61.6,38.4,1,3,0,0,10,4
2023-02-04 18:00:00,Marumo Gallants,Sekhukhune United FC,2.0,0.0,Rustenburg,South Africa,Royal Bafokeng Stadium,,,,South African Premier Division,,20230204_Marumo-Gallants_Sekhukhune-United-FC,32.40831632509867,1.15,1.09,4,3,8,8,49.2,50.8,3,1,0,0,6,5
2023-02-05 14:00:00,TS Galaxy FC,Kaizer Chiefs,0.0,0.0,Nelspruit,South Africa,Mbombela Stadium,,,,South African Premier Division,,20230205_TS-Galaxy-FC_Kaizer-Chiefs,-78.67362370644946,0.98,0.27,3,0,5,2,46.8,53.2,0,0,0,0,2,2
2023-02-17 17:30:00,Orlando Pirates,Maritzburg United,2.0,1.0,Johannesburg,South Africa,Orlando Stadium,,,,South African Premier Division,,20230217_Orlando-Pirates_Maritzburg-United,74.57926572685983,1.51,0.69,4,2,8,5,56.3,43.7,0,0,0,0,4,3
2023-02-18 13:30:00,Royal AM,SuperSport United,1.0,1.0,Durban,South Africa,Chatsworth Stadium,,,,South African Premier Division,,20230218_Royal-AM_SuperSport-United,-44.45693838016973,0.05,0.84,2,2,4,3,43.4,56.6,0,0,0,0,2,4
2023-02-18 15:30:00,Sekhukhune United FC,Richards Bay FC,2.0,0.0,Polokwane,South Africa,Peter Mokaba Stadium,,,,South African Premier Division,,20230218_Sekhukhune-United-FC_Richards-Bay-FC,-104.60017136138299,0.77,0.78,2,2,3,5,44.2,55.8,1,0,0,0,3,4
2023-02-18 18:00:00,AmaZulu,TS Galaxy FC,1.0,2.0,Durban,South Africa,Moses Mabhida Stadium,,,,South African Premier Division,,20230218_AmaZulu_TS-Galaxy-FC,31.102753415265397,1.58,0.89,6,3,13,8,47.4,52.6,0,0,0,0,5,4
2023-02-19 13:30:00,Kaizer Chiefs,Golden Arrows,2.0,3.0,Polokwane,South Africa,Peter Mokaba Stadium,,,,South African Premier Division,,20230219_Kaizer-Chiefs_Golden-Arrows,72.47600814382054,2.1,1.72,7,7,14,15,52.6,47.4,3,1,0,0,8,9
2023-02-19 15:45:00,Cape Town City FC,Moroka Swallows,2.0,0.0,Cape Town,South Africa,DHL Cape Town Stadium,,,,South African Premier Division,,20230219_Cape-Town-City-FC_Moroka-Swallows,71.55641226282228,1.62,0.05,5,2,10,4,53.3,46.7,3,2,0,0,5,3
2023-02-24 17:30:00,SuperSport United,Maritzburg United,2.0,0.0,Pretoria,South Africa,Lucas Masterpieces Moripe Stadium,,,,South African Premier Division,,20230224_SuperSport-United_Maritzburg-United,132.91418943575013,1.9,0.3,6,1,12,3,53.5,46.5,3,1,0,1,4,4
2023-02-25 13:30:00,Kaizer Chiefs,Orlando Pirates,1.0,0.0,Johannesburg,South Africa,FNB Stadium,,,,South African Premier Division,,20230225_Kaizer-Chiefs_Orlando-Pirates,20.890827348565608,0.58,1.36,2,5,6,10,50.5,49.5,2,1,0,0,2,7
2023-02-25 15:30:00,Richards Bay FC,Stellenbosch,1.0,2.0,Durban,South Africa,King Goodwill Zwelithini Stadium,,,,South African Premier Division,,20230225_Richards-Bay-FC_Stellenbosch,-2.338925966176248,0.05,1.39,2,3,3,6,46.0,54.0,0,0,0,0,4,1
2023-02-25 15:30:00,Sekhukhune United FC,Cape Town City FC,0.0,1.0,Polokwane,South Africa,Peter Mokaba Stadium,,,,South African Premier Division,,20230225_Sekhukhune-United-FC_Cape-Town-City-FC,-89.364872629405,0.4,1.25,2,3,4,8,45.8,54.2,0,2,0,0,6,5
2023-02-25 18:00:00,AmaZulu,Royal AM,1.0,1.0,Durban,South Africa,Moses Mabhida Stadium,,,,South African Premier Division,,20230225_AmaZulu_Royal-AM,-17.946697239781997,1.63,0.97,5,4,12,10,48.2,51.8,3,2,0,0,2,4
2023-02-26 13:30:00,Chippa United,Moroka Swallows,1.0,2.0,Gqeberha,South Africa,Nelson Mandela Bay Stadium,,,,South African Premier Division,,20230226_Chippa-United_Moroka-Swallows,30.268129124918914,1.43,0.31,5,2,11,4,53.8,46.2,0,4,0,0,7,5
2023-03-03 17:30:00,Moroka Swallows,Orlando Pirates,1.0,4.0,Soweto,South Africa,Dobsonville Stadium,,,,South African Premier Division,,20230303_Moroka-Swallows_Orlando-Pirates,-46.40780217211477,0.69,0.52,3,4,5,8,50.3,49.7,1,2,0,0,2,9
2023-03-04 13:30:00,Richards Bay FC,Kaizer Chiefs,0.0,1.0,Durban,South Africa,King Goodwill Zwelithini Stadium,,,,South African Premier Division,,20230304_Richards-Bay-FC_Kaizer-Chiefs,-39.91664415074001,0.05,0.82,3,2,6,5,43.2,56.8,0,0,0,0,3,2
2023-03-04 15:45:00,Royal AM,Sekhukhune United FC,2.0,0.0,Durban,South Africa,Chatsworth Stadium,,,,South African Premier Division,,20230304_Royal-AM_Sekhukhune-United-FC,75.77941471963936,1.1,0.88,3,2,5,2,53.4,46.6,3,0,0,0,3,3
2023-03-04 18:00:00,Maritzburg United,Cape Town City FC,1.0,2.0,Pietermaritzburg,South Africa,Harry Gwala Stadium,,,,South African Premier Division,,20230304_Maritzburg-United_Cape-Town-City-FC,-130.0581264247112,1.46,0.33,5,2,12,6,40.7,59.3,1,1,0,0,6,2
2023-03-05 13:30:00,Chippa United,AmaZulu,0.0,2.0,Gqeberha,South Africa,Nelson Mandela Bay Stadium,,,,South African Premier Division,,20230305_Chippa-United_AmaZulu,-34.183550307424866,0.2,1.03,0,2,0,4,52.2,47.8,0,3,0,0,4,4
2023-03-05 13:30:00,Marumo Gallants,TS Galaxy FC,0.0,0.0,Bloemfontein,South Africa,Free State Toyota Stadium,,,,South African Premier Division,,20230305_Marumo-Gallants_TS-Galaxy-FC,-5.843619034078074,0.41,0.67,0,1,2,0,60.1,39.9,0,2,0,0,1,0
2023-03-05 13:30:00,Stellenbosch,Mamelodi Sundowns,1.0,1.0,Stellenbosch,South Africa,Danie Craven Stadium,,,,South African Premier Division,,20230305_Stellenbosch_Mamelodi-Sundowns,-128.42852497788908,0.72,0.09,1,3,5,7,50.2,49.8,2,1,0,0,5,6
2023-03-05 15:45:00,SuperSport United,Golden Arrows,2.0,1.0,Pretoria,South Africa,Lucas Masterpieces Moripe Stadium,,,,South African Premier Division,,20230305_SuperSport-United_Golden-Arrows,69.67995408838306,1.63,0.18,4,1,8,2,56.5,43.5,0,1,0,0,8,3
2023-03-14 17:30:00,Cape Town City FC,Marumo Gallants,2.0,2.0,Cape Town,South Africa,DHL Cape Town Stadium,,,,South African Premier Division,,20230314_Cape-Town-City-FC_Marumo-Gallants,67.18079004430365,2.58,1.01,6,5,15,13,58.4,41.6,1,0,0,0,8,7
2023-03-14 17:30:00,Mamelodi Sundowns,Royal AM,5.0,1.0,Pretoria,South Africa,Loftus Versfeld Stadium,,,,South African Premier Division,,20230314_Mamelodi-Sundowns_Royal-AM,135.80473541692572,1.78,0.77,5,1,12,0,46.8,53.2,1,1,0,0,6,2
2023-03-17 17:30:00,Moroka Swallows,Golden Arrows,0.0,1.0,Soweto,South Africa,Dobsonville Stadium,,,,South African Premier Division,,20230317_Moroka-Swallows_Golden-Arrows,-35.818534901655084,1.11,1.66,2,5,5,10,50.6,49.4,1,3,0,0,4,3
2023-03-17 17:30:00,Stellenbosch,AmaZulu,2.0,0.0,Stellenbosch,South Africa,Danie Craven Stadium,,,,South African Premier Division,,20230317_Stellenbosch_AmaZulu,31.172949152281035,1.39,1.77,4,4,8,7,51.5,48.5,1,4,0,0,8,2
2023-03-18 13:30:00,Sekhukhune United FC,Chippa United,1.0,1.0,Polokwane,South Africa,Peter Mokaba Stadium,,,,South African Premier Division,,20230318_Sekhukhune-United-FC_Chippa-United,-23.488043646924552,0.16,1.37,1,4,3,10,45.2,54.8,0,5,0,0,1,4
2023-03-18 15:45:00,Orlando Pirates,SuperSport United,1.0,0.0,Johannesburg,South Africa,Orlando Stadium,,,,South African Premier Division,,20230318_Orlando-Pirates_SuperSport-United,-57.527686109762044,0.05,1.26,1,5,2,10,48.0,52.0,1,2,0,0,3,9
2023-03-18 18:00:00,Maritzburg United,Kaizer Chiefs,2.0,3.0,Pietermaritzburg,South Africa,Harry Gwala Stadium,,,,South African Premier Division,,20230318_Maritzburg-United_Kaizer-Chiefs,-151.63024419360545,2.24,0.05,9,3,20,7,40.9,59.1,1,0,0,0,13,5
2023-03-19 13:30:00,TS Galaxy FC,Richards Bay FC,4.0,0.0,Nelspruit,South Africa,Mbombela Stadium,,,,South African Premier Division,,20230319_TS-Galaxy-FC_Richards-Bay-FC,-6.728258985011053,1.34,1.61,4,5,8,10,48.0,52.0,3,2,0,0,1,7
2023-04-01 13:00:00,Richards Bay FC,Orlando Pirates,0.0,2.0,Durban,South Africa,King Goodwill Zwelithini Stadium,,,,South African Premier Division,,20230401_Richards-Bay-FC_Orlando-Pirates,-43.70245740812811,1.01,1.47,2,6,4,13,51.4,48.6,0,3,0,0,3,6
2023-04-01 15:30:00,Chippa United,SuperSport United,1.0,1.0,Gqeberha,South Africa,Nelson Mandela Bay Stadium,,,,South African Premier Division,,20230401_Chippa-United_SuperSport-United,-107.8237069761492,1.16,0.13,5,2,14,4,45.5,54.5,2,4,0,0,11,4
2023-04-01 15:30:00,Kaizer Chiefs,Stellenbosch,2.0,1.0,Johannesburg,South Africa,FNB Stadium,,,,South African Premier Division,,20230401_Kaizer-Chiefs_Stellenbosch,16.26810545915191,0.58,1.45,3,4,7,11,53.2,46.8,1,2,0,0,5,11
2023-04-01 18:00:00,AmaZulu,Moroka Swallows,0.0,1.0,Durban,South Africa,Moses Mabhida Stadium,,,,South African Premier Division,,20230401_AmaZulu_Moroka-Swallows,59.43686966892119,1.12,0.9,5,5,10,13,52.8,47.2,2,1,0,0,8,5
2023-04-02 13:00:00,Golden Arrows,Sekhukhune United FC,0.0,0.0,Durban,South Africa,Princess Magogo Stadium,,,,South African Premier Division,,20230402_Golden-Arrows_Sekhukhune-United-FC,65.49778607749681,0.65,0.68,2,1,3,3,51.7,48.3,0,1,0,0,2,5
2023-04-02 15:30:00,TS Galaxy FC,Maritzburg United,1.0,2.0,Nelspruit,South Africa,Mbombela Stadium,,,,South African Premier Division,,20230402_TS-Galaxy-FC_Maritzburg-United,103.03483348047553,0.52,0.79,2,4,4,10,60.7,39.3,3,2,0,0,3,2
2023-04-04 17:30:00,Mamelodi Sundowns,Cape Town City FC,0.0,0.0,Pretoria,South Africa,Loftus Versfeld Stadium,,,,South African Premier Division,,20230404_Mamelodi-Sundowns_Cape-Town-City-FC,115.80296926669757,0.49,0.55,3,1,8,1,61.2,38.8,1,2,0,0,7,3
2023-04-05 17:30:00,Marumo Gallants,Royal AM,3.0,1.0,Bloemfontein,South Africa,Free State Toyota Stadium,,,,South African Premier Division,,20230405_Marumo-Gallants_Royal-AM,-27.5261179441452,1.95,0.96,5,3,11,6,54.6,45.4,2,0,0,0,3,5
2023-04-07 17:30:00,SuperSport United,TS Galaxy FC,2.0,0.0,Pretoria,South Africa,TUT Stadium,,,,South African Premier Division,,20230407_SuperSport-United_TS-Galaxy-FC,67.40468126974247,1.07,0.56,2,2,2,5,52.8,47.2,1,2,0,0,2,5
2023-04-08 13:00:00,Richards Bay FC,Golden Arrows,0.0,1.0,Durban,South Africa,King Goodwill Zwelithini Stadium,,,,South African Premier Division,,20230408_Richards-Bay-FC_Golden-Arrows,-17.360949862264533,0.31,1.0,1,2,2,4,50.4,49.6,1,5,0,0,3,2
2023-04-08 15:30:00,Chippa United,Orlando Pirates,0.0,2.0,Gqeberha,South Africa,Nelson Mandela Bay Stadium,,,,South African Premier Division,,20230408_Chippa-United_Orlando-Pirates,-85.1234781282144,0.58,0.91,3,4,7,9,45.1,54.9,3,2,0,0,3,9
2023-04-08 15:30:00,Sekhukhune United FC,Maritzburg United,1.0,0.0,Polokwane,South Africa,Peter Mokaba Stadium,,,,South African Premier Division,,20230408_Sekhukhune-United-FC_Maritzburg-United,15.676725747317278,0.93,1.15,2,4,5,8,44.7,55.3,4,2,0,0,3,8
2023-04-08 18:00:00,Kaizer Chiefs,Marumo Gallants,1.0,1.0,Johannesburg,South Africa,FNB Stadium,,,,South African Premier Division,,20230408_Kaizer-Chiefs_Marumo-Gallants,76.60942668489338,1.64,1.37,5,5,11,10,55.4,44.6,0,1,0,0,8,3
2023-04-09 13:00:00,Moroka Swallows,Mamelodi Sundowns,0.0,0.0,Soweto,South Africa,Dobsonville Stadium,,,,South African Premier Division,,20230409_Moroka-Swallows_Mamelodi-Sundowns,-211.11980168708396,0.64,1.3,1,3,3,6,38.7,61.3,1,1,0,0,3,3
2023-04-09 13:00:00,Royal AM,Stellenbosch,3.0,1.0,Durban,South Africa,Chatsworth Stadium,,,,South African Premier Division,,20230409_Royal-AM_Stellenbosch,-35.835612147587426,0.76,0.05,3,1,6,3,47.6,52.4,2,3,0,0,3,3
2023-04-09 15:30:00,Cape Town City FC,AmaZulu,2.0,2.0,Cape Town,South Africa,DHL Cape Town Stadium,,,,South African Premier Division,,20230409_Cape-Town-City-FC_AmaZulu,71.66188157372949,0.79,1.69,3,5,5,10,56.5,43.5,2,1,0,0,4,6
2023-04-12 17:30:00,Golden Arrows,Mamelodi Sundowns,1.0,1.0,Durban,South Africa,Princess Magogo Stadium,,,,South African Premier Division,,20230412_Golden-Arrows_Mamelodi-Sundowns,-152.12513129549893,1.37,0.39,4,1,10,0,48.7,51.3,2,0,0,0,4,2
2023-04-12 17:30:00,Marumo Gallants,Chippa United,3.0,1.0,Polokwane,South Africa,Peter Mokaba Stadium,,,,South African Premier Division,,20230412_Marumo-Gallants_Chippa-United,57.94854657161068,1.62,1.05,6,3,13,5,55.0,45.0,3,1,0,0,4,2
2023-04-18 17:30:00,Marumo Gallants,SuperSport United,0.0,0.0,Polokwane,South Africa,Peter Mokaba Stadium,,,,South African Premier Division,,20230418_Marumo-Gallants_SuperSport-United,-51.458418022508795,0.99,0.38,1,1,1,2,44.3,55.7,1,2,0,0,5,6
2023-04-21 17:30:00,Maritzburg United,Richards Bay FC,1.0,1.0,Pietermaritzburg,South Africa,Harry Gwala Stadium,,,,South African Premier Division,,20230421_Maritzburg-United_Richards-Bay-FC,-59.400021494253,0.19,0.33,2,3,3,5,47.0,53.0,1,4,0,0,7,4
2023-04-22 13:00:00,Orlando Pirates,Cape Town City FC,2.0,1.0,Johannesburg,South Africa,Orlando Stadium,,,,South African Premier Division,,20230422_Orlando-Pirates_Cape-Town-City-FC,-3.051992681394495,0.31,1.51,2,5,6,12,44.4,55.6,1,1,0,0,7,8
2023-04-22 13:00:00,TS Galaxy FC,Royal AM,1.0,1.0,Nelspruit,South Africa,Mbombela Stadium,,,,South African Premier Division,,20230422_TS-Galaxy-FC_Royal-AM,-37.588846138110284,1.0,0.94,4,5,8,12,45.0,55.0,2,3,0,0,4,8
2023-04-22 15:30:00,Stellenbosch,Moroka Swallows,3.0,0.0,Stellenbosch,South Africa,Danie Craven Stadium,,,,South African Premier Division,,20230422_Stellenbosch_Moroka-Swallows,67.24760519802021,1.42,0.15,5,0,12,0,54.8,45.2,3,2,0,0,7,2
2023-04-23 13:00:00,Sekhukhune United FC,Kaizer Chiefs,1.0,0.0,Polokwane,South Africa,Peter Mokaba Stadium,,,,South African Premier Division,,20230423_Sekhukhune-United-FC_Kaizer-Chiefs,-132.01500888296118,0.76,1.29,3,5,7,11,48.9,51.1,2,2,0,0,8,5
2023-04-23 15:30:00,SuperSport United,AmaZulu,2.0,1.0,Pretoria,South Africa,TUT Stadium,,,,South African Premier Division,,20230423_SuperSport-United_AmaZulu,78.02985140035685,1.56,0.44,7,2,15,5,52.8,47.2,1,0,0,0,7,3
2023-04-25 13:00:00,Mamelodi Sundowns,Richards Bay FC,1.0,0.0,Pretoria,South Africa,Loftus Versfeld Stadium,,,,South African Premier Division,,20230425_Mamelodi-Sundowns_Richards-Bay-FC,189.37733020787277,1.57,0.55,5,2,9,4,53.8,46.2,2,1,0,0,7,2
2023-04-27 13:00:00,Chippa United,Kaizer Chiefs,0.0,1.0,Gqeberha,South Africa,Nelson Mandela Bay Stadium,,,,South African Premier Division,,20230427_Chippa-United_Kaizer-Chiefs,-123.01482054452458,0.57,0.78,2,2,4,3,47.1,52.9,1,1,0,0,2,2
2023-04-27 15:30:00,Moroka Swallows,Maritzburg United,1.0,0.0,Soweto,South Africa,Dobsonville Stadium,,,,South African Premier Division,,20230427_Moroka-Swallows_Maritzburg-United,41.849599804192394,1.05,1.15,3,4,9,9,49.7,50.3,1,1,0,0,6,6
2023-04-29 13:00:00,Royal AM,Cape Town City FC,1.0,2.0,Durban,South Africa,Chatsworth Stadium,,,,South African Premier Division,,20230429_Royal-AM_Cape-Town-City-FC,-25.391456319951885,0.76,0.76,3,3,7,5,44.6,55.4,0,0,0,0,3,5
2023-04-29 15:30:00,Stellenbosch,Golden Arrows,5.0,2.0,Stellenbosch,South Africa,Danie Craven Stadium,,,,South African Premier Division,,20230429_Stellenbosch_Golden-Arrows,26.03584527881162,1.81,1.76,6,4,13,9,53.4,46.6,1,0,0,0,14,4
2023-04-29 18:00:00,AmaZulu,Sekhukhune United FC,2.0,0.0,Durban,South Africa,Moses Mabhida Stadium,,,,South African Premier Division,,20230429_AmaZulu_Sekhukhune-United-FC,16.592930624812425,0.97,0.62,3,2,7,4,49.9,50.1,0,3,0,0,3,7
2023-04-30 13:00:00,TS Galaxy FC,Orlando Pirates,1.0,2.0,Nelspruit,South Africa,Mbombela Stadium,,,,South African Premier Division,,20230430_TS-Galaxy-FC_Orlando-Pirates,-81.55266663548196,1.27,1.02,4,2,9,3,48.3,51.7,3,3,0,0,6,1
2023-05-01 13:00:00,Kaizer Chiefs,Moroka Swallows,1.0,2.0,Polokwane,South Africa,Peter Mokaba Stadium,,,,South African Premier Division,,20230501_Kaizer-Chiefs_Moroka-Swallows,107.73471396264176,1.56,1.53,5,5,10,10,45.6,54.4,5,4,0,0,3,4
2023-05-02 17:30:00,SuperSport United,Stellenbosch,0.0,0.0,Pretoria,South Africa,TUT Stadium,,,,South African Premier Division,,20230502_SuperSport-United_Stellenbosch,26.62489171631819,2.05,0.64,7,3,16,6,53.3,46.7,1,1,0,0,4,1
2023-05-03 13:00:00,Orlando Pirates,Royal AM,1.0,1.0,Johannesburg,South Africa,Orlando Stadium,,,,South African Premier Division,,20230503_Orlando-Pirates_Royal-AM,66.90873713786868,1.1,1.19,4,4,8,9,56.5,43.5,2,3,1,0,4,4
2023-05-03 15:15:00,Sekhukhune United FC,TS Galaxy FC,1.0,1.0,Polokwane,South Africa,Peter Mokaba Stadium,,,,South African Premier Division,,20230503_Sekhukhune-United-FC_TS-Galaxy-FC,-22.417169991329274,1.47,0.05,3,1,7,1,45.9,54.1,1,2,0,0,2,7
2023-05-03 17:30:00,AmaZulu,Mamelodi Sundowns,2.0,2.0,Durban,South Africa,Princess Magogo Stadium,,,,South African Premier Division,,20230503_AmaZulu_Mamelodi-Sundowns,-169.81670502505995,1.69,1.05,5,4,9,7,42.9,57.1,1,2,0,0,3,4
2023-05-03 17:30:00,Cape Town City FC,Golden Arrows,0.0,0.0,Cape Town,South Africa,DHL Cape Town Stadium,,,,South African Premier Division,,20230503_Cape-Town-City-FC_Golden-Arrows,53.286228705721896,0.63,1.24,2,5,3,10,55.6,44.4,1,1,0,0,2,4
2023-05-03 17:30:00,Maritzburg United,Marumo Gallants,2.0,2.0,Pietermaritzburg,South Africa,Harry Gwala Stadium,,,,South African Premier Division,,20230503_Maritzburg-United_Marumo-Gallants,-119.51897590227281,2.15,0.45,7,3,14,7,46.2,53.8,0,3,0,0,6,10
2023-05-03 17:30:00,Richards Bay FC,Chippa United,2.0,3.0,Durban,South Africa,King Goodwill Zwelithini Stadium,,,,South African Premier Division,,20230503_Richards-Bay-FC_Chippa-United,28.007712391441373,1.97,1.62,7,7,14,14,48.4,51.6,1,0,0,0,7,5
2023-05-06 17:00:00,Marumo Gallants,Mamelodi Sundowns,0.0,2.0,Polokwane,South Africa,Peter Mokaba Stadium,,,,South African Premier Division,,20230506_Marumo-Gallants_Mamelodi-Sundowns,-140.32805755870663,0.05,0.77,2,3,4,8,40.4,59.6,1,1,0,0,1,6
2023-05-13 13:00:00,Cape Town City FC,Richards Bay FC,2.0,0.0,Cape Town,South Africa,Athlone Stadium,,,,South African Premier Division,,20230513_Cape-Town-City-FC_Richards-Bay-FC,106.49798521758953,0.51,0.43,2,0,6,1,56.4,43.6,3,1,0,0,4,0
2023-05-13 13:00:00,Golden Arrows,AmaZulu,1.0,0.0,Durban,South Africa,Princess Magogo Stadium,,,,South African Premier Division,,20230513_Golden-Arrows_AmaZulu,6.822886789851964,0.63,0.85,2,1,4,2,47.5,52.5,1,1,0,0,2,3
2023-05-13 13:00:00,Maritzburg United,Stellenbosch,1.0,0.0,Pietermaritzburg,South Africa,Harry Gwala Stadium,,,,South African Premier Division,,20230513_Maritzburg-United_Stellenbosch,-147.1182430217741,1.74,0.91,6,5,10,12,41.8,58.2,3,1,0,0,4,9
2023-05-13 13:00:00,Orlando Pirates,Sekhukhune United FC,1.0,1.0,Johannesburg,South Africa,Orlando Stadium,,,,South African Premier Division,,20230513_Orlando-Pirates_Sekhukhune-United-FC,119.38162568242751,1.32,0.06,5,1,12,0,59.5,40.5,0,2,0,0,12,4
2023-05-13 13:00:00,Royal AM,Moroka Swallows,0.0,1.0,Durban,South Africa,Chatsworth Stadium,,,,South African Premier Division,,20230513_Royal-AM_Moroka-Swallows,31.28191669159719,0.07,0.94,1,2,2,8,42.7,57.3,1,0,0,0,4,3
2023-05-13 13:00:00,SuperSport United,Kaizer Chiefs,1.0,0.0,Rustenburg,South Africa,Royal Bafokeng Stadium,,,,South African Premier Division,,20230513_SuperSport-United_Kaizer-Chiefs,20.778935472121702,1.21,0.93,6,2,12,4,48.4,51.6,1,6,0,0,5,6
2023-05-13 13:00:00,TS Galaxy FC,Chippa United,4.0,0.0,Nelspruit,South Africa,Mbombela Stadium,,,,South African Premier Division,,20230513_TS-Galaxy-FC_Chippa-United,28.87583418924669,0.47,0.68,4,3,9,9,47.0,53.0,0,2,0,0,6,7
2023-05-16 17:30:00,Mamelodi Sundowns,Maritzburg United,1.0,1.0,Pretoria,South Africa,Loftus Versfeld Stadium,,,,South African Premier Division,,20230516_Mamelodi-Sundowns_Maritzburg-United,242.50467935170536,0.7,0.73,2,1,5,4,58.5,41.5,1,0,0,0,3,3
2023-05-20 13:00:00,AmaZulu,Orlando Pirates,0.0,4.0,Durban,South Africa,Moses Mabhida Stadium,,,,South African Premier Division,,20230520_AmaZulu_Orlando-Pirates,-83.06436070343807,0.15,1.42,2,4,5,12,42.2,57.8,1,3,0,0,5,6
2023-05-20 13:00:00,Chippa United,Golden Arrows,0.0,0.0,Gqeberha,South Africa,Nelson Mandela Bay Stadium,,,,South African Premier Division,,20230520_Chippa-United_Golden-Arrows,-81.71056504340368,1.23,0.2,3,0,5,1,46.8,53.2,1,4,0,1,6,5
2023-05-20 13:00:00,Kaizer Chiefs,Cape Town City FC,0.0,1.0,Johannesburg,South Africa,FNB Stadium,,,,South African Premier Division,,20230520_Kaizer-Chiefs_Cape-Town-City-FC,-18.007107470529718,1.51,0.4,3,2,6,4,44.9,55.1,2,1,0,0,3,1
2023-05-20 13:00:00,Moroka Swallows,Marumo Gallants,2.0,0.0,Soweto,South Africa,Dobsonville Stadium,,,,South African Premier Division,,20230520_Moroka-Swallows_Marumo-Gallants,-16.489414416112368,1.74,0.99,4,3,10,6,46.8,53.2,2,1,1,0,9,5
2023-05-20 13:00:00,Richards Bay FC,Royal AM,0.0,0.0,Durban,South Africa,King Goodwill Zwelithini Stadium,,,,South African Premier Division,,20230520_Richards-Bay-FC_Royal-AM,-58.32152487442863,1.06,0.05,2,0,5,1,45.3,54.7,0,2,0,0,5,4
2023-05-20 13:00:00,Sekhukhune United FC,SuperSport United,1.0,0.0,Polokwane,South Africa,Peter Mokaba Stadium,,,,South African Premier Division,,20230520_Sekhukhune-United-FC_SuperSport-United,-130.3726960783033,1.97,0.52,6,0,14,0,49.5,50.5,0,3,0,0,14,3
2023-05-20 13:00:00,Stellenbosch,TS Galaxy FC,2.0,1.0,Stellenbosch,South Africa,Danie Craven Stadium,,,,South African Premier Division,,20230520_Stellenbosch_TS-Galaxy-FC,49.59491131884715,0.68,1.18,2,3,5,4,47.3,52.7,3,0,0,0,6,5
2023-08-04 17:30:00,Sekhukhune United FC,Mamelodi Sundowns,1.0,2.0,Polokwane,South Africa,Peter Mokaba Stadium,,,,South African Premier Division,,20230804_Sekhukhune-United-FC_Mamelodi-Sundowns,-182.9446818679953,1.1,1.69,3,4,8,9,46.6,53.4,0,3,0,0,2,6
2023-08-05 13:00:00,Golden Arrows,Moroka Swallows,1.0,1.0,Hammarsdale,South Africa,Mpumalanga Stadium,,,,South African Premier Division,,20230805_Golden-Arrows_Moroka-Swallows,8.526104130951808,1.2,0.86,4,2,9,6,43.1,56.9,2,0,0,0,10,4
2023-08-05 13:00:00,SuperSport United,Richards Bay FC,2.0,0.0,Polokwane,South Africa,Peter Mokaba Stadium,,,,South African Premier Division,,20230805_SuperSport-United_Richards-Bay-FC,130.40313380259545,1.11,0.82,5,3,9,6,60.1,39.9,2,2,0,0,1,1
2023-08-05 15:30:00,Royal AM,AmaZulu,0.0,0.0,Pietermaritzburg,South Africa,Harry Gwala Stadium,,,,South African Premier Division,,20230805_Royal-AM_AmaZulu,18.800873633611673,0.71,0.58,2,0,5,1,43.6,56.4,2,2,0,0,3,3
2023-08-05 18:00:00,Stellenbosch,Orlando Pirates,1.0,0.0,Stellenbosch,South Africa,Danie Craven Stadium,,,,South African Premier Division,,20230805_Stellenbosch_Orlando-Pirates,-32.82853876400054,1.1,0.25,5,0,10,0,43.6,56.4,2,2,0,0,3,3
2023-08-06 13:00:00,Kaizer Chiefs,Chippa United,0.0,0.0,Durban,South Africa,Moses Mabhida Stadium,,,,South African Premier Division,,20230806_Kaizer-Chiefs_Chippa-United,95.85585152157273,0.11,0.68,1,3,3,5,52.2,47.8,1,2,0,0,0,6
2023-08-06 13:00:00,TS Galaxy FC,Cape Town Spurs FC,1.0,0.0,Nelspruit,South Africa,Mbombela Stadium,,,,South African Premier Division,,20230806_TS-Galaxy-FC_Cape-Town-Spurs-FC,-32.771740723072526,0.49,1.01,1,3,0,9,47.3,52.7,1,3,0,0,4,5
2023-08-06 15:30:00,Cape Town City FC,Polokwane City FC,1.0,0.0,Cape Town,South Africa,Athlone Stadium,,,,South African Premier Division,,20230806_Cape-Town-City-FC_Polokwane-City-FC,66.03257130116322,1.08,1.22,2,4,4,9,52.3,47.7,1,1,0,0,2,4
2023-08-08 15:00:00,Richards Bay FC,Golden Arrows,1.0,2.0,Durban,South Africa,King Goodwill Zwelithini Stadium,,,,South African Premier Division,,20230808_Richards-Bay-FC_Golden-Arrows,-79.69605643593309,1.42,0.87,6,2,15,5,44.9,55.1,4,4,0,0,10,10
2023-08-08 17:30:00,Orlando Pirates,Royal AM,4.0,2.0,Johannesburg,South Africa,Orlando Stadium,,,,South African Premier Division,,20230808_Orlando-Pirates_Royal-AM,70.15071514501597,0.66,0.69,4,2,9,4,52.4,47.6,1,5,0,1,5,6
2023-08-09 13:00:00,Mamelodi Sundowns,Kaizer Chiefs,2.0,1.0,Pretoria,South Africa,Lucas Masterpieces Moripe Stadium,,,,South African Premier Division,,20230809_Mamelodi-Sundowns_Kaizer-Chiefs,133.03499588233444,1.06,0.76,2,2,4,4,56.3,43.7,0,2,0,0,0,3
2023-08-09 13:00:00,Moroka Swallows,Cape Town City FC,0.0,1.0,Soweto,South Africa,Dobsonville Stadium,,,,South African Premier Division,,20230809_Moroka-Swallows_Cape-Town-City-FC,-78.43024058597553,1.18,0.78,5,3,12,9,50.2,49.8,3,1,0,0,8,4
2023-08-09 15:30:00,AmaZulu,SuperSport United,0.0,0.0,Durban,South Africa,Moses Mabhida Stadium,,,,South African Premier Division,,20230809_AmaZulu_SuperSport-United,-101.92130225418191,0.77,0.35,4,2,9,6,46.6,53.4,2,2,0,0,7,3
2023-08-09 17:30:00,Cape Town Spurs FC,Sekhukhune United FC,0.0,2.0,Cape Town,South Africa,Athlone Stadium,,,,South African Premier Division,,20230809_Cape-Town-Spurs-FC_Sekhukhune-United-FC,27.156240754995906,1.17,1.92,5,7,10,14,50.4,49.6,3,2,0,0,8,6
2023-08-09 17:30:00,Chippa United,TS Galaxy FC,0.0,0.0,Gqeberha,South Africa,Nelson Mandela Bay Stadium,,,,South African Premier Division,,20230809_Chippa-United_TS-Galaxy-FC,-47.71520110203346,0.05,0.98,0,3,0,8,53.3,46.7,0,2,0,0,0,6
2023-08-09 17:30:00,Polokwane City FC,Stellenbosch,1.0,0.0,Polokwane,South Africa,Old Peter Mokaba Stadium,,,,South African Premier Division,,20230809_Polokwane-City-FC_Stellenbosch,-60.29723707003882,0.05,1.44,1,5,2,11,48.0,52.0,0,2,0,0,4,6
2023-08-15 15:00:00,Mamelodi Sundowns,Golden Arrows,4.0,0.0,Pretoria,South Africa,Lucas Masterpieces Moripe Stadium,,,,South African Premier Division,,20230815_Mamelodi-Sundowns_Golden-Arrows,148.11062017720383,1.46,0.34,5,0,11,0,54.8,45.2,0,1,0,0,2,0
2023-08-15 17:30:00,Chippa United,Orlando Pirates,1.0,1.0,Gqeberha,South Africa,Nelson Mandela Bay Stadium,,,,South African Premier Division,,20230815_Chippa-United_Orlando-Pirates,-132.4485273692144,0.29,0.17,4,1,9,3,46.4,53.6,1,2,0,0,5,2
2023-08-16 17:30:00,Sekhukhune United FC,Moroka Swallows,1.0,2.0,Polokwane,South Africa,Peter Mokaba Stadium,,,,South African Premier Division,,20230816_Sekhukhune-United-FC_Moroka-Swallows,-15.361259579388616,1.14,1.19,4,4,9,10,56.9,43.1,0,5,0,0,4,6
2023-08-18 17:30:00,Royal AM,Stellenbosch,1.0,3.0,Pietermaritzburg,South Africa,Harry Gwala Stadium,,,,South African Premier Division,,20230818_Royal-AM_Stellenbosch,-59.130711451644174,1.22,2.3,6,6,14,13,51.5,48.5,0,1,0,0,7,9
2023-08-18 17:30:00,SuperSport United,Cape Town City FC,1.0,0.0,Pretoria,South Africa,TUT Stadium,,,,South African Premier Division,,20230818_SuperSport-United_Cape-Town-City-FC,-17.152218169963135,0.36,1.14,2,3,7,7,49.7,50.3,4,1,0,0,7,4
2023-08-19 13:00:00,Polokwane City FC,Cape Town Spurs FC,3.0,1.0,Polokwane,South Africa,Peter Mokaba Stadium,,,,South African Premier Division,,20230819_Polokwane-City-FC_Cape-Town-Spurs-FC,30.380136186175605,0.77,0.97,3,3,6,7,50.4,49.6,2,3,0,0,3,4
2023-08-19 15:30:00,AmaZulu,Richards Bay FC,0.0,0.0,Durban,South Africa,Moses Mabhida Stadium,,,,South African Premier Division,,20230819_AmaZulu_Richards-Bay-FC,56.59163918056697,1.48,1.1,5,4,11,9,48.6,51.4,0,1,0,0,6,9
2023-08-19 18:00:00,Chippa United,Mamelodi Sundowns,0.0,2.0,Gqeberha,South Africa,Nelson Mandela Bay Stadium,,,,South African Premier Division,,20230819_Chippa-United_Mamelodi-Sundowns,-231.22009219950678,0.67,1.72,3,5,6,12,40.5,59.5,2,0,1,0,4,6
2023-08-20 13:00:00,TS Galaxy FC,Kaizer Chiefs,1.0,0.0,Nelspruit,South Africa,Mbombela Stadium,,,,South African Premier Division,,20230820_TS-Galaxy-FC_Kaizer-Chiefs,-35.7026835289937,0.34,0.49,1,2,5,5,48.6,51.4,1,0,0,0,8,5
2023-08-23 15:00:00,Richards Bay FC,Mamelodi Sundowns,0.0,1.0,Durban,South Africa,King Goodwill Zwelithini Stadium,,,,South African Premier Division,,20230823_Richards-Bay-FC_Mamelodi-Sundowns,-256.6476888356933,0.47,1.33,4,5,9,9,35.6,64.4,1,1,0,0,5,8
2023-08-23 17:30:00,Cape Town City FC,Sekhukhune United FC,0.0,1.0,Cape Town,South Africa,Athlone Stadium,,,,South African Premier Division,,20230823_Cape-Town-City-FC_Sekhukhune-United-FC,111.34177118892262,0.9,0.55,1,3,2,5,59.1,40.9,1,2,0,0,6,3
2023-08-25 17:30:00,Cape Town Spurs FC,Chippa United,0.0,1.0,Cape Town,South Africa,Athlone Stadium,,,,South African Premier Division,,20230825_Cape-Town-Spurs-FC_Chippa-United,29.353332664192976,1.02,0.85,5,2,11,6,50.4,49.6,1,4,0,0,7,2
2023-08-26 13:00:00,Golden Arrows,Polokwane City FC,3.0,2.0,Hammarsdale,South Africa,Mpumalanga Stadium,,,,South African Premier Division,,20230826_Golden-Arrows_Polokwane-City-FC,-7.861605543152791,1.89,1.17,5,4,12,8,50.8,49.2,4,0,0,0,4,5
2023-08-26 15:30:00,Kaizer Chiefs,AmaZulu,3.0,0.0,Johannesburg,South Africa,FNB Stadium,,,,South African Premier Division,,20230826_Kaizer-Chiefs_AmaZulu,30.24356910380766,1.04,0.12,3,0,6,1,53.6,46.4,1,4,0,0,4,2
2023-08-26 18:00:00,Stellenbosch,SuperSport United,1.0,2.0,Stellenbosch,South Africa,Danie Craven Stadium,,,,South African Premier Division,,20230826_Stellenbosch_SuperSport-United,-34.08877547747079,0.61,1.52,1,5,2,11,52.9,47.1,1,0,0,0,2,9
2023-08-27 13:00:00,Royal AM,TS Galaxy FC,1.0,0.0,Pietermaritzburg,South Africa,Harry Gwala Stadium,,,,South African Premier Division,,20230827_Royal-AM_TS-Galaxy-FC,-24.56685683327578,1.19,1.45,5,3,11,6,42.3,57.7,2,1,0,0,5,0
2023-08-29 15:00:00,SuperSport United,Golden Arrows,0.0,3.0,Polokwane,South Africa,Peter Mokaba Stadium,,,,South African Premier Division,,20230829_SuperSport-United_Golden-Arrows,71.70246447476143,0.38,1.67,2,5,5,11,55.8,44.2,1,3,0,0,1,5
2023-08-29 17:30:00,Orlando Pirates,Cape Town City FC,2.0,0.0,Johannesburg,South Africa,Orlando Stadium,,,,South African Premier Division,,20230829_Orlando-Pirates_Cape-Town-City-FC,5.558627889375657,1.61,1.96,5,6,11,14,51.8,48.2,0,1,0,0,4,11
2023-08-30 15:00:00,Polokwane City FC,Mamelodi Sundowns,0.0,2.0,Polokwane,South Africa,Peter Mokaba Stadium,,,,South African Premier Division,,20230830_Polokwane-City-FC_Mamelodi-Sundowns,-176.34274760811104,1.62,0.47,6,2,14,3,46.7,53.3,3,4,0,0,3,2
2023-08-30 17:30:00,AmaZulu,TS Galaxy FC,1.0,0.0,Durban,South Africa,Moses Mabhida Stadium,,,,South African Premier Division,,20230830_AmaZulu_TS-Galaxy-FC,-19.109451745927117,0.68,0.97,4,3,9,7,51.8,48.2,0,6,0,0,3,4
2023-08-30 17:30:00,Chippa United,Royal AM,2.0,3.0,Gqeberha,South Africa,Nelson Mandela Bay Stadium,,,,South African Premier Division,,20230830_Chippa-United_Royal-AM,-33.58798678121707,1.35,1.95,2,8,5,17,54.9,45.1,1,1,0,1,3,7
2023-08-30 17:30:00,Moroka Swallows,Cape Town Spurs FC,3.0,1.0,Soweto,South Africa,Dobsonville Stadium,,,,South African Premier Division,,20230830_Moroka-Swallows_Cape-Town-Spurs-FC,49.51167728849009,0.93,1.66,4,4,8,12,51.6,48.4,5,2,0,0,6,6
2023-08-30 17:30:00,Richards Bay FC,Sekhukhune United FC,1.0,1.0,Durban,South Africa,King Goodwill Zwelithini Stadium,,,,South African Premier Division,,20230830_Richards-Bay-FC_Sekhukhune-United-FC,-63.12762425769665,0.91,0.73,3,2,6,6,42.5,57.5,1,1,1,0,4,4
2023-08-30 17:30:00,Stellenbosch,Kaizer Chiefs,0.0,2.0,Cape Town,South Africa,Athlone Stadium,,,,South African Premier Division,,20230830_Stellenbosch_Kaizer-Chiefs,23.488727841898935,0.99,1.35,6,3,13,6,52.4,47.6,2,2,0,1,4,4
2023-09-15 17:30:00,Moroka Swallows,Richards Bay FC,0.0,1.0,Soweto,South Africa,Dobsonville Stadium,,,,South African Premier Division,,20230915_Moroka-Swallows_Richards-Bay-FC,93.85404297199943,1.19,1.48,4,4,9,8,55.2,44.8,2,0,0,0,2,3
2023-09-16 13:00:00,Golden Arrows,Stellenbosch,0.0,0.0,Hammarsdale,South Africa,Mpumalanga Stadium,,,,South African Premier Division,,20230916_Golden-Arrows_Stellenbosch,11.291052173353592,0.95,1.73,6,5,11,11,46.3,53.7,0,1,0,0,5,3
2023-09-16 15:30:00,Kaizer Chiefs,Royal AM,0.0,0.0,Johannesburg,South Africa,FNB Stadium,,,,South African Premier Division,,20230916_Kaizer-Chiefs_Royal-AM,33.889413094195106,1.74,0.62,4,2,10,4,44.3,55.7,3,1,0,0,1,3
2023-09-17 15:30:00,AmaZulu,Cape Town City FC,3.0,2.0,Durban,South Africa,Moses Mabhida Stadium,,,,South African Premier Division,,20230917_AmaZulu_Cape-Town-City-FC,-72.345372917227,1.96,1.57,7,5,14,10,45.2,54.8,1,0,0,0,5,6
2023-09-19 17:30:00,Cape Town Spurs FC,Golden Arrows,1.0,2.0,Cape Town,South Africa,Athlone Stadium,,,,South African Premier Division,,20230919_Cape-Town-Spurs-FC_Golden-Arrows,-94.06169733706679,1.0,1.79,5,5,10,12,44.8,55.2,0,3,0,0,8,5
2023-09-19 17:30:00,Richards Bay FC,Chippa United,1.0,2.0,Durban,South Africa,King Goodwill Zwelithini Stadium,,,,South African Premier Division,,20230919_Richards-Bay-FC_Chippa-United,-4.701965864690919,2.08,1.53,7,5,14,10,53.7,46.3,3,5,1,1,4,6
2023-09-19 17:30:00,Stellenbosch,Moroka Swallows,0.0,2.0,Stellenbosch,South Africa,Danie Craven Stadium,,,,South African Premier Division,,20230919_Stellenbosch_Moroka-Swallows,28.600821935986914,0.41,2.04,1,6,1,15,62.6,37.4,0,1,0,0,4,7
2023-09-20 17:30:00,Orlando Pirates,Mamelodi Sundowns,0.0,1.0,Johannesburg,South Africa,Orlando Stadium,,,,South African Premier Division,,20230920_Orlando-Pirates_Mamelodi-Sundowns,-111.55299289555683,0.57,1.24,1,4,1,8,44.1,55.9,1,2,0,0,2,8
2023-09-20 17:30:00,Royal AM,Sekhukhune United FC,0.0,1.0,Pietermaritzburg,South Africa,Harry Gwala Stadium,,,,South African Premier Division,,20230920_Royal-AM_Sekhukhune-United-FC,17.49448454966773,1.5,1.28,5,2,13,5,48.8,51.2,0,0,0,0,9,5
2023-09-20 17:30:00,SuperSport United,Kaizer Chiefs,1.0,0.0,Polokwane,South Africa,Peter Mokaba Stadium,,,,South African Premier Division,,20230920_SuperSport-United_Kaizer-Chiefs,53.145078884938584,1.28,1.0,2,3,5,6,51.1,48.9,1,1,0,0,0,7
2023-09-20 17:30:00,TS Galaxy FC,Cape Town City FC,0.0,0.0,Nelspruit,South Africa,Mbombela Stadium,,,,South African Premier Division,,20230920_TS-Galaxy-FC_Cape-Town-City-FC,-64.09140313648027,0.16,0.58,1,1,2,1,44.9,55.1,3,3,0,0,3,1
2023-09-25 13:00:00,Polokwane City FC,AmaZulu,0.0,0.0,Polokwane,South Africa,Old Peter Mokaba Stadium,,,,South African Premier Division,,20230925_Polokwane-City-FC_AmaZulu,9.499995661748244,1.64,0.97,5,1,12,2,48.6,51.4,4,1,0,0,8,4
2023-09-26 17:30:00,Chippa United,SuperSport United,1.0,0.0,Gqeberha,South Africa,Nelson Mandela Bay Stadium,,,,South African Premier Division,,20230926_Chippa-United_SuperSport-United,-139.4837108313643,1.73,0.74,6,0,11,0,45.0,55.0,1,1,0,0,7,2
2023-09-27 17:30:00,Kaizer Chiefs,Sekhukhune United FC,2.0,1.0,Durban,South Africa,Moses Mabhida Stadium,,,,South African Premier Division,,20230927_Kaizer-Chiefs_Sekhukhune-United-FC,26.267950777114493,1.18,0.63,4,1,8,2,51.2,48.8,1,1,0,0,5,3
2023-09-27 17:30:00,Mamelodi Sundowns,Stellenbosch,3.0,1.0,Pretoria,South Africa,Lucas Masterpieces Moripe Stadium,,,,South African Premier Division,,20230927_Mamelodi-Sundowns_Stellenbosch,183.76405779052016,1.42,1.12,4,4,10,9,50.4,49.6,2,1,0,0,4,4
2023-09-29 17:30:00,Moroka Swallows,AmaZulu,2.0,1.0,Soweto,South Africa,Dobsonville Stadium,,,,South African Premier Division,,20230929_Moroka-Swallows_AmaZulu,20.162388318085505,1.97,1.75,7,3,16,5,51.6,48.4,3,2,0,0,5,2
2023-09-30 13:00:00,Cape Town City FC,Cape Town Spurs FC,3.0,1.0,Cape Town,South Africa,DHL Cape Town Stadium,,,,South African Premier Division,,20230930_Cape-Town-City-FC_Cape-Town-Spurs-FC,97.5030929380282,1.13,0.31,3,1,5,2,53.0,47.0,3,0,0,0,5,3
2023-09-30 15:30:00,Polokwane City FC,Royal AM,1.0,0.0,Polokwane,South Africa,Old Peter Mokaba Stadium,,,,South African Premier Division,,20230930_Polokwane-City-FC_Royal-AM,16.651158151527852,1.08,0.37,3,2,5,3,47.5,52.5,1,1,0,0,5,3
2023-10-01 13:30:00,TS Galaxy FC,Richards Bay FC,1.0,1.0,Nelspruit,South Africa,Mbombela Stadium,,,,South African Premier Division,,20231001_TS-Galaxy-FC_Richards-Bay-FC,49.37325011055532,0.34,1.63,2,4,6,7,52.1,47.9,1,2,0,0,2,2
2023-10-03 17:30:00,Kaizer Chiefs,Cape Town City FC,0.0,1.0,Johannesburg,South Africa,FNB Stadium,,,,South African Premier Division,,20231003_Kaizer-Chiefs_Cape-Town-City-FC,-12.351947701857398,0.59,0.79,0,2,1,6,46.6,53.4,0,0,0,0,0,8
2023-10-04 15:00:00,Moroka Swallows,Chippa United,0.0,0.0,Soweto,South Africa,Dobsonville Stadium,,,,South African Premier Division,,20231004_Moroka-Swallows_Chippa-United,54.70005965688165,1.42,1.31,5,3,9,8,52.5,47.5,2,4,0,0,6,3
2023-10-04 17:30:00,Cape Town Spurs FC,SuperSport United,1.0,2.0,Cape Town,South Africa,Athlone Stadium,,,,South African Premier Division,,20231004_Cape-Town-Spurs-FC_SuperSport-United,-148.42070465341635,0.18,1.98,1,7,3,15,43.1,56.9,0,0,0,0,2,7
2023-10-04 17:30:00,Richards Bay FC,Polokwane City FC,0.0,1.0,Durban,South Africa,King Goodwill Zwelithini Stadium,,,,South African Premier Division,,20231004_Richards-Bay-FC_Polokwane-City-FC,-86.76024343007202,1.07,1.11,4,4,9,11,47.1,52.9,1,1,0,0,2,9
2023-10-04 17:30:00,Stellenbosch,TS Galaxy FC,3.0,0.0,Stellenbosch,South Africa,Danie Craven Stadium,,,,South African Premier Division,,20231004_Stellenbosch_TS-Galaxy-FC,37.112155940591265,0.68,0.93,3,2,4,5,53.9,46.1,2,0,0,0,2,1
2023-10-05 17:30:00,Sekhukhune United FC,Golden Arrows,0.0,1.0,Polokwane,South Africa,Peter Mokaba Stadium,,,,South African Premier Division,,20231005_Sekhukhune-United-FC_Golden-Arrows,-66.30603010161735,1.01,0.72,4,1,10,3,46.4,53.6,1,1,0,0,3,2
2023-10-08 13:30:00,Sekhukhune United FC,Polokwane City FC,0.0,0.0,Polokwane,South Africa,Peter Mokaba Stadium,,,,South African Premier Division,,20231008_Sekhukhune-United-FC_Polokwane-City-FC,-50.25943218636826,1.26,0.95,3,3,9,8,43.6,56.4,2,2,0,0,4,8
2023-10-24 17:30:00,AmaZulu,Orlando Pirates,0.0,0.0,Durban,South Africa,Moses Mabhida Stadium,,,,South African Premier Division,,20231024_AmaZulu_Orlando-Pirates,-89.75894136671513,0.45,1.18,2,5,3,8,52.7,47.3,2,0,0,0,1,6
2023-10-26 17:30:00,SuperSport United,Royal AM,3.0,1.0,Pretoria,South Africa,TUT Stadium,,,,South African Premier Division,,20231026_SuperSport-United_Royal-AM,109.4984949757727,1.11,0.46,4,1,9,2,51.5,48.5,3,3,0,1,7,0
2023-10-27 17:30:00,Orlando Pirates,Polokwane City FC,1.0,1.0,Johannesburg,South Africa,Orlando Stadium,,,,South African Premier Division,,20231027_Orlando-Pirates_Polokwane-City-FC,47.81201964330353,1.65,0.25,7,1,16,1,43.6,56.4,1,0,0,1,2,1
2023-10-28 13:30:00,Golden Arrows,Kaizer Chiefs,2.0,1.0,Hammarsdale,South Africa,Mpumalanga Stadium,,,,South African Premier Division,,20231028_Golden-Arrows_Kaizer-Chiefs,39.159989059905,1.84,1.1,6,2,10,2,44.9,55.1,1,3,0,0,8,3
2023-10-28 15:45:00,Chippa United,AmaZulu,1.0,1.0,Gqeberha,South Africa,Nelson Mandela Bay Stadium,,,,South African Premier Division,,20231028_Chippa-United_AmaZulu,-13.08804728467203,1.17,0.05,3,1,7,3,45.4,54.6,3,3,0,0,6,4
2023-10-29 13:30:00,Richards Bay FC,Cape Town City FC,1.0,3.0,Durban,South Africa,King Goodwill Zwelithini Stadium,,,,South African Premier Division,,20231029_Richards-Bay-FC_Cape-Town-City-FC,-136.7488253793556,0.18,1.14,3,3,5,5,42.8,57.2,2,3,0,0,6,2
2023-10-29 13:30:00,TS Galaxy FC,Sekhukhune United FC,2.0,0.0,Nelspruit,South Africa,Mbombela Stadium,,,,South African Premier Division,,20231029_TS-Galaxy-FC_Sekhukhune-United-FC,-12.026485004033702,1.92,0.9,6,4,11,9,50.4,49.6,1,3,0,1,7,3
2023-11-01 16:00:00,TS Galaxy FC,SuperSport United,2.0,3.0,Nelspruit,South Africa,Mbombela Stadium,,,,South African Premier Division,,20231101_TS-Galaxy-FC_SuperSport-United,-117.41780041996071,1.45,1.49,3,4,6,9,32.5,67.5,1,4,0,0,3,3
2023-11-01 17:30:00,Cape Town Spurs FC,Orlando Pirates,2.0,1.0,Cape Town,South Africa,DHL Cape Town Stadium,,,,South African Premier Division,,20231101_Cape-Town-Spurs-FC_Orlando-Pirates,-146.26404213897126,1.55,0.58,6,2,14,2,44.1,55.9,2,0,0,0,4,3
2023-11-07 17:30:00,Cape Town City FC,Chippa United,2.0,1.0,Cape Town,South Africa,DHL Cape Town Stadium,,,,South African Premier Division,,20231107_Cape-Town-City-FC_Chippa-United,89.60782056933044,1.24,0.2,3,1,7,1,54.6,45.4,0,5,0,0,3,2
2023-11-07 17:30:00,Orlando Pirates,Sekhukhune United FC,1.0,0.0,Johannesburg,South Africa,Orlando Stadium,,,,South African Premier Division,,20231107_Orlando-Pirates_Sekhukhune-United-FC,88.6247745735061,0.29,0.47,1,1,3,1,52.3,47.7,0,1,0,0,0,3
2023-11-07 17:30:00,Royal AM,Golden Arrows,1.0,0.0,Pietermaritzburg,South Africa,Harry Gwala Stadium,,,,South African Premier Division,,20231107_Royal-AM_Golden-Arrows,-103.0787940391192,1.07,0.24,2,0,3,0,43.5,56.5,2,2,0,0,3,3
2023-11-07 17:30:00,Stellenbosch,Richards Bay FC,2.0,1.0,Stellenbosch,South Africa,Danie Craven Stadium,,,,South African Premier Division,,20231107_Stellenbosch_Richards-Bay-FC,110.39135986934252,0.23,0.45,2,2,4,6,53.8,46.2,1,1,0,0,4,2
2023-11-08 17:30:00,Kaizer Chiefs,Cape Town Spurs FC,3.0,2.0,Johannesburg,South Africa,FNB Stadium,,,,South African Premier Division,,20231108_Kaizer-Chiefs_Cape-Town-Spurs-FC,70.7518486379156,0.05,1.01,3,3,5,7,49.2,50.8,4,4,0,0,3,6
2023-11-08 17:30:00,Moroka Swallows,TS Galaxy FC,1.0,0.0,Soweto,South Africa,Dobsonville Stadium,,,,South African Premier Division,,20231108_Moroka-Swallows_TS-Galaxy-FC,56.49853655048332,1.87,0.73,5,0,10,0,52.2,47.8,1,2,0,0,4,2
2023-11-08 17:30:00,Polokwane City FC,SuperSport United,1.0,1.0,Polokwane,South Africa,Old Peter Mokaba Stadium,,,,South African Premier Division,,20231108_Polokwane-City-FC_SuperSport-United,-77.44604522391523,0.05,0.9,1,4,3,7,51.6,48.4,3,3,0,1,0,4
2023-11-10 17:30:00,Cape Town City FC,Royal AM,2.0,0.0,Cape Town,South Africa,DHL Cape Town Stadium,,,,South African Premier Division,,20231110_Cape-Town-City-FC_Royal-AM,89.78384145153404,1.72,1.19,4,4,9,6,51.7,48.3,2,1,0,0,3,3
2023-11-11 13:30:00,Kaizer Chiefs,Orlando Pirates,0.0,1.0,Johannesburg,South Africa,FNB Stadium,,,,South African Premier Division,,20231111_Kaizer-Chiefs_Orlando-Pirates,-41.38019026367465,0.92,1.33,3,5,7,10,44.0,56.0,1,2,0,1,6,9
2023-11-11 13:30:00,Polokwane City FC,Moroka Swallows,0.0,0.0,Polokwane,South Africa,Old Peter Mokaba Stadium,,,,South African Premier Division,,20231111_Polokwane-City-FC_Moroka-Swallows,-7.776584555796489,0.16,1.25,0,5,0,10,52.2,47.8,2,4,1,0,1,4
2023-11-11 18:00:00,Chippa United,Stellenbosch,0.0,0.0,Gqeberha,South Africa,Nelson Mandela Bay Stadium,,,,South African Premier Division,,20231111_Chippa-United_Stellenbosch,-65.51972302702507,1.29,0.5,5,3,13,5,49.7,50.3,0,1,0,0,6,2
2023-11-12 13:30:00,Golden Arrows,AmaZulu,1.0,3.0,Hammarsdale,South Africa,Mpumalanga Stadium,,,,South African Premier Division,,20231112_Golden-Arrows_AmaZulu,68.7716741507968,1.34,0.78,3,3,7,6,56.1,43.9,4,2,0,1,2,3
2023-11-12 13:30:00,Richards Bay FC,Cape Town Spurs FC,1.0,0.0,Durban,South Africa,King Goodwill Zwelithini Stadium,,,,South African Premier Division,,20231112_Richards-Bay-FC_Cape-Town-Spurs-FC,-26.07228897238656,0.5,0.88,2,3,4,5,52.0,48.0,0,3,0,0,2,7
2023-11-12 15:45:00,Sekhukhune United FC,SuperSport United,2.0,1.0,Polokwane,South Africa,Peter Mokaba Stadium,,,,South African Premier Division,,20231112_Sekhukhune-United-FC_SuperSport-United,-144.6861952213162,1.71,2.03,5,6,11,14,46.9,53.1,1,4,0,0,8,13
2023-11-25 13:30:00,AmaZulu,Stellenbosch,0.0,1.0,Durban,South Africa,Moses Mabhida Stadium,,,,South African Premier Division,,20231125_AmaZulu_Stellenbosch,-27.78216955099083,0.57,1.06,2,3,4,7,49.4,50.6,1,1,0,0,1,8
2023-11-25 13:30:00,Richards Bay FC,Orlando Pirates,0.0,0.0,Durban,South Africa,King Goodwill Zwelithini Stadium,,,,South African Premier Division,,20231125_Richards-Bay-FC_Orlando-Pirates,-155.06210000616898,0.77,0.9,2,3,4,8,53.0,47.0,1,1,0,0,4,7
2023-11-25 15:45:00,Cape Town Spurs FC,Royal AM,1.0,2.0,Cape Town,South Africa,DHL Cape Town Stadium,,,,South African Premier Division,,20231125_Cape-Town-Spurs-FC_Royal-AM,-57.1208272169481,1.33,0.54,5,2,11,6,49.5,50.5,2,1,0,0,2,2
2023-11-26 13:30:00,Moroka Swallows,Kaizer Chiefs,0.0,1.0,Soweto,South Africa,Dobsonville Stadium,,,,South African Premier Division,,20231126_Moroka-Swallows_Kaizer-Chiefs,25.336573080912785,0.74,0.74,3,2,6,3,52.2,47.8,1,0,0,0,5,2
2023-11-26 13:30:00,TS Galaxy FC,Polokwane City FC,3.0,0.0,Nelspruit,South Africa,Mbombela Stadium,,,,South African Premier Division,,20231126_TS-Galaxy-FC_Polokwane-City-FC,-69.1217617953223,2.01,0.05,7,0,15,0,44.6,55.4,0,1,0,0,10,1
2023-11-26 15:45:00,Golden Arrows,Cape Town City FC,0.0,1.0,Hammarsdale,South Africa,Mpumalanga Stadium,,,,South African Premier Division,,20231126_Golden-Arrows_Cape-Town-City-FC,-40.934619250889455,1.03,1.27,4,3,11,7,45.5,54.5,1,0,0,0,8,5
2023-11-28 17:30:00,Cape Town Spurs FC,Stellenbosch,0.0,3.0,Cape Town,South Africa,DHL Cape Town Stadium,,,,South African Premier Division,,20231128_Cape-Town-Spurs-FC_Stellenbosch,-132.68963642094468,0.05,0.83,0,3,0,8,49.5,50.5,3,3,0,0,3,7
2023-11-29 17:30:00,SuperSport United,Mamelodi Sundowns,0.0,2.0,Pretoria,South Africa,Lucas Masterpieces Moripe Stadium,,,,South African Premier Division,,20231129_SuperSport-United_Mamelodi-Sundowns,-125.40339670106641,1.86,1.04,7,3,15,5,37.8,62.2,2,1,0,0,9,6
2023-12-05 17:30:00,Orlando Pirates,Moroka Swallows,2.0,0.0,Johannesburg,South Africa,Orlando Stadium,,,,South African Premier Division,,20231205_Orlando-Pirates_Moroka-Swallows,45.04588098914428,1.28,1.1,4,5,11,11,47.2,52.8,3,2,0,0,8,5
2023-12-06 17:30:00,AmaZulu,Mamelodi Sundowns,0.0,1.0,Durban,South Africa,King Goodwill Zwelithini Stadium,,,,South African Premier Division,,20231206_AmaZulu_Mamelodi-Sundowns,-226.00989754883608,0.05,1.64,1,4,1,9,49.2,50.8,2,0,0,0,2,4
2023-12-06 17:30:00,Sekhukhune United FC,Chippa United,2.0,0.0,Polokwane,South Africa,Peter Mokaba Stadium,,,,South African Premier Division,,20231206_Sekhukhune-United-FC_Chippa-United,3.749096458404665,0.25,0.1,2,1,7,2,52.2,47.8,2,3,0,0,7,4
2023-12-08 17:30:00,Stellenbosch,Cape Town City FC,1.0,0.0,Stellenbosch,South Africa,Danie Craven Stadium,,,,South African Premier Division,,20231208_Stellenbosch_Cape-Town-City-FC,-45.15722338338742,0.23,0.55,1,3,2,8,48.0,52.0,1,8,0,0,5,1
2023-12-09 13:30:00,Polokwane City FC,Kaizer Chiefs,0.0,1.0,Polokwane,South Africa,Peter Mokaba Stadium,,,,South African Premier Division,,20231209_Polokwane-City-FC_Kaizer-Chiefs,-9.132834014004402,0.86,0.38,4,1,10,0,48.5,51.5,2,1,0,0,5,0
2023-12-09 15:45:00,Chippa United,Golden Arrows,2.0,0.0,Gqeberha,South Africa,Nelson Mandela Bay Stadium,,,,South African Premier Division,,20231209_Chippa-United_Golden-Arrows,-74.62453373365565,1.55,0.53,6,1,13,2,50.0,50.0,0,1,0,0,9,5
2023-12-09 18:00:00,Orlando Pirates,TS Galaxy FC,1.0,0.0,Johannesburg,South Africa,Orlando Stadium,,,,South African Premier Division,,20231209_Orlando-Pirates_TS-Galaxy-FC,104.63003919868129,0.93,0.28,2,0,4,0,56.6,43.4,2,1,0,0,1,2
2023-12-10 13:30:00,Royal AM,Richards Bay FC,3.0,2.0,Pietermaritzburg,South Africa,Harry Gwala Stadium,,,,South African Premier Division,,20231210_Royal-AM_Richards-Bay-FC,62.41390139226792,1.22,0.3,3,2,6,4,53.1,46.9,6,0,0,0,1,2
2023-12-13 17:30:00,AmaZulu,Sekhukhune United FC,1.0,0.0,Durban,South Africa,King Goodwill Zwelithini Stadium,,,,South African Premier Division,,20231213_AmaZulu_Sekhukhune-United-FC,1.4665689855009987,0.38,0.9,1,2,1,6,50.4,49.6,4,3,0,0,0,1
2023-12-13 17:30:00,Mamelodi Sundowns,Cape Town Spurs FC,3.0,0.0,Pretoria,South Africa,Loftus Versfeld Stadium,,,,South African Premier Division,,20231213_Mamelodi-Sundowns_Cape-Town-Spurs-FC,321.59586442224986,1.34,0.76,5,3,10,5,58.0,42.0,3,1,0,0,6,1
2023-12-15 13:30:00,Moroka Swallows,SuperSport United,1.0,2.0,Soweto,South Africa,Dobsonville Stadium,,,,South African Premier Division,,20231215_Moroka-Swallows_SuperSport-United,-63.426854619637425,0.54,1.05,1,2,4,6,53.5,46.5,1,2,0,0,4,2
2023-12-17 13:30:00,Golden Arrows,Orlando Pirates,1.0,2.0,Hammarsdale,South Africa,Mpumalanga Stadium,,,,South African Premier Division,,20231217_Golden-Arrows_Orlando-Pirates,-69.93435619303364,1.34,1.19,5,3,9,5,38.0,62.0,0,1,0,1,10,5
2023-12-22 17:30:00,AmaZulu,Cape Town Spurs FC,1.0,1.0,Durban,South Africa,Moses Mabhida Stadium,,,,South African Premier Division,,20231222_AmaZulu_Cape-Town-Spurs-FC,100.52102639996201,1.14,0.67,5,2,9,4,50.7,49.3,0,1,0,1,10,5
2023-12-23 13:30:00,Chippa United,Polokwane City FC,1.0,2.0,Gqeberha,South Africa,Nelson Mandela Bay Stadium,,,,South African Premier Division,,20231223_Chippa-United_Polokwane-City-FC,-31.084553298371247,1.95,1.84,6,6,15,10,44.5,55.5,0,1,0,0,10,4
2023-12-23 13:30:00,Golden Arrows,TS Galaxy FC,0.0,2.0,Hammarsdale,South Africa,Mpumalanga Stadium,,,,South African Premier Division,,20231223_Golden-Arrows_TS-Galaxy-FC,42.062288215963235,1.01,1.68,4,5,12,13,56.3,43.7,1,1,0,0,8,3
2023-12-23 13:30:00,Kaizer Chiefs,Richards Bay FC,1.0,0.0,Johannesburg,South Africa,FNB Stadium,,,,South African Premier Division,,20231223_Kaizer-Chiefs_Richards-Bay-FC,121.9260082487167,0.4,0.3,1,0,4,0,51.9,48.1,0,1,0,0,5,3
2023-12-23 13:30:00,Royal AM,Moroka Swallows,0.0,0.0,Pietermaritzburg,South Africa,Harry Gwala Stadium,,,,South African Premier Division,,20231223_Royal-AM_Moroka-Swallows,-7.396404037641787,0.94,1.52,3,4,5,9,48.2,51.8,4,3,0,0,4,7
2023-12-23 15:45:00,SuperSport United,Orlando Pirates,3.0,1.0,Polokwane,South Africa,Peter Mokaba Stadium,,,,South African Premier Division,,20231223_SuperSport-United_Orlando-Pirates,-10.799640295346762,1.06,0.44,3,2,7,6,52.7,47.3,0,3,0,1,7,3
2023-12-24 13:30:00,Cape Town City FC,Mamelodi Sundowns,0.0,0.0,Cape Town,South Africa,DHL Cape Town Stadium,,,,South African Premier Division,,20231224_Cape-Town-City-FC_Mamelodi-Sundowns,-145.30216382543358,0.95,0.05,3,2,6,3,49.7,50.3,2,1,0,0,4,2
2023-12-27 17:30:00,Mamelodi Sundowns,Moroka Swallows,3.0,0.0,Pretoria,South Africa,Loftus Versfeld Stadium,,,,South African Premier Division,,20231227_Mamelodi-Sundowns_Moroka-Swallows,218.26218213478364,1.31,0.57,5,3,11,8,61.8,38.2,1,1,0,0,6,5
2023-12-29 15:45:00,AmaZulu,Royal AM,3.0,0.0,Durban,South Africa,Moses Mabhida Stadium,,,,South African Premier Division,,20231229_AmaZulu_Royal-AM,-1.0749788149971664,1.59,0.78,6,3,14,7,58.5,41.5,4,2,0,0,8,5
2023-12-29 18:00:00,Orlando Pirates,Stellenbosch,2.0,3.0,Johannesburg,South Africa,Orlando Stadium,,,,South African Premier Division,,20231229_Orlando-Pirates_Stellenbosch,22.125905805522734,1.4,1.11,4,4,9,9,47.5,52.5,2,2,1,0,4,9
2023-12-30 13:30:00,Moroka Swallows,Golden Arrows,0.0,3.0,Soweto,South Africa,Dobsonville Stadium,,,,South African Premier Division,,20231230_Moroka-Swallows_Golden-Arrows,3.1466226681702665,0.45,2.14,1,6,3,13,47.9,52.1,2,2,0,0,2,6
2023-12-30 13:30:00,Richards Bay FC,SuperSport United,3.0,1.0,Durban,South Africa,King Goodwill Zwelithini Stadium,,,,South African Premier Division,,20231230_Richards-Bay-FC_SuperSport-United,-192.96468031635277,1.05,1.77,4,5,8,11,43.1,56.9,3,3,0,0,7,4
2023-12-30 13:30:00,TS Galaxy FC,Chippa United,2.0,0.0,Nelspruit,South Africa,Mbombela Stadium,,,,South African Premier Division,,20231230_TS-Galaxy-FC_Chippa-United,18.24350204150892,0.72,1.92,2,6,5,13,47.5,52.5,3,1,0,0,1,11
2023-12-30 15:45:00,Mamelodi Sundowns,Polokwane City FC,0.0,0.0,Pretoria,South Africa,Loftus Versfeld Stadium,,,,South African Premier Division,,20231230_Mamelodi-Sundowns_Polokwane-City-FC,212.51650155844914,0.56,0.34,0,0,2,0,64.1,35.9,2,2,1,0,4,6
2023-12-30 18:00:00,Sekhukhune United FC,Kaizer Chiefs,1.0,1.0,Polokwane,South Africa,Peter Mokaba Stadium,,,,South African Premier Division,,20231230_Sekhukhune-United-FC_Kaizer-Chiefs,-70.53798613949834,0.45,1.09,1,4,3,8,51.3,48.7,0,1,0,0,2,6
2023-12-31 13:30:00,Cape Town Spurs FC,Cape Town City FC,0.0,2.0,Cape Town,South Africa,DHL Cape Town Stadium,,,,South African Premier Division,,20231231_Cape-Town-Spurs-FC_Cape-Town-City-FC,-184.1754852050999,0.51,1.61,1,4,1,9,42.2,57.8,3,1,0,0,2,2
2024-02-16 17:30:00,SuperSport United,Stellenbosch,1.0,1.0,Pretoria,South Africa,Lucas Masterpieces Moripe Stadium,,,,South African Premier Division,,20240216_SuperSport-United_Stellenbosch,5.2542172166881755,0.64,0.44,2,2,5,3,54.6,45.4,0,1,0,0,6,4
2024-02-17 13:30:00,Chippa United,Cape Town City FC,1.0,1.0,"East London, South Africa",South Africa,Buffalo City Stadium,,,,South African Premier Division,,20240217_Chippa-United_Cape-Town-City-FC,-141.87433247380022,0.99,1.03,1,6,4,13,51.1,48.9,3,2,0,0,2,6
2024-02-17 13:30:00,Moroka Swallows,Polokwane City FC,0.0,1.0,Soweto,South Africa,Dobsonville Stadium,,,,South African Premier Division,,20240217_Moroka-Swallows_Polokwane-City-FC,-35.03436440070868,1.42,1.4,3,6,5,12,48.8,51.2,1,2,0,0,3,7
2024-02-17 15:30:00,Sekhukhune United FC,Richards Bay FC,3.0,1.0,Polokwane,South Africa,Peter Mokaba Stadium,,,,South African Premier Division,,20240217_Sekhukhune-United-FC_Richards-Bay-FC,51.64390801848026,1.04,0.82,3,3,7,5,55.5,44.5,0,0,0,0,1,2
2024-02-17 15:45:00,Cape Town Spurs FC,AmaZulu,3.0,1.0,Cape Town,South Africa,Athlone Stadium,,,,South African Premier Division,,20240217_Cape-Town-Spurs-FC_AmaZulu,-111.97639460454093,0.87,1.14,3,4,8,7,47.2,52.8,1,2,0,0,4,8
2024-02-17 18:00:00,Mamelodi Sundowns,Orlando Pirates,1.0,1.0,Pretoria,South Africa,Loftus Versfeld Stadium,,,,South African Premier Division,,20240217_Mamelodi-Sundowns_Orlando-Pirates,148.02421249593772,1.0,1.05,5,3,9,7,58.2,41.8,3,1,0,0,5,2
2024-02-18 13:30:00,Royal AM,Kaizer Chiefs,0.0,0.0,Pietermaritzburg,South Africa,Harry Gwala Stadium,,,,South African Premier Division,,20240218_Royal-AM_Kaizer-Chiefs,-57.10964485320301,1.06,0.72,3,2,7,3,46.7,53.3,2,2,0,0,6,4
2024-02-18 15:45:00,TS Galaxy FC,Golden Arrows,3.0,1.0,Nelspruit,South Africa,Mbombela Stadium,,,,South African Premier Division,,20240218_TS-Galaxy-FC_Golden-Arrows,-15.909048178552439,1.4,1.12,4,3,7,5,51.6,48.4,1,3,0,1,6,4
2024-02-27 17:30:00,Mamelodi Sundowns,AmaZulu,3.0,0.0,Pretoria,South Africa,Loftus Versfeld Stadium,,,,South African Premier Division,,20240227_Mamelodi-Sundowns_AmaZulu,223.87493922782892,1.37,1.24,4,4,10,10,61.9,38.1,0,1,0,0,4,4
2024-02-28 17:30:00,Cape Town City FC,SuperSport United,1.0,1.0,Cape Town,South Africa,DHL Cape Town Stadium,,,,South African Premier Division,,20240228_Cape-Town-City-FC_SuperSport-United,6.494174791991554,1.42,1.41,5,4,10,9,49.6,50.4,3,0,0,0,9,5
2024-02-28 17:30:00,Golden Arrows,Sekhukhune United FC,0.0,1.0,Hammarsdale,South Africa,Mpumalanga Stadium,,,,South African Premier Division,,20240228_Golden-Arrows_Sekhukhune-United-FC,8.409764375942586,0.89,1.26,3,4,8,10,48.6,51.4,3,2,0,0,5,7
2024-03-01 17:30:00,Stellenbosch,Chippa United,1.0,1.0,Stellenbosch,South Africa,Danie Craven Stadium,,,,South African Premier Division,,20240301_Stellenbosch_Chippa-United,121.19922047454384,1.09,0.07,3,1,4,2,52.6,47.4,0,2,0,0,7,2
2024-03-02 13:30:00,Polokwane City FC,Orlando Pirates,0.0,1.0,Polokwane,South Africa,Peter Mokaba Stadium,,,,South African Premier Division,,20240302_Polokwane-City-FC_Orlando-Pirates,-45.43514109378134,0.05,0.88,3,3,5,5,41.8,58.2,1,1,0,0,2,0
2024-03-02 15:45:00,Kaizer Chiefs,Moroka Swallows,0.0,0.0,Johannesburg,South Africa,FNB Stadium,,,,South African Premier Division,,20240302_Kaizer-Chiefs_Moroka-Swallows,64.45294338613076,0.05,1.32,0,2,0,4,63.0,37.0,3,0,0,0,4,6
2024-03-02 18:00:00,Richards Bay FC,Royal AM,1.0,2.0,Durban,South Africa,King Goodwill Zwelithini Stadium,,,,South African Premier Division,,20240302_Richards-Bay-FC_Royal-AM,-72.44974658422393,0.83,1.12,3,3,7,7,49.7,50.3,0,2,0,0,9,4
2024-03-03 13:30:00,Cape Town Spurs FC,TS Galaxy FC,2.0,0.0,Cape Town,South Africa,Athlone Stadium,,,,South African Premier Division,,20240303_Cape-Town-Spurs-FC_TS-Galaxy-FC,-92.44476018990599,1.61,1.24,5,2,11,4,45.0,55.0,4,2,0,0,8,6
2024-03-05 17:30:00,AmaZulu,Moroka Swallows,1.0,1.0,Durban,South Africa,King Goodwill Zwelithini Stadium,,,,South African Premier Division,,20240305_AmaZulu_Moroka-Swallows,9.171969230460263,0.8,0.74,3,4,7,8,41.7,58.3,1,1,0,0,3,6
2024-03-05 17:30:00,Cape Town City FC,Stellenbosch,0.0,1.0,Cape Town,South Africa,DHL Cape Town Stadium,,,,South African Premier Division,,20240305_Cape-Town-City-FC_Stellenbosch,15.185346808987333,1.48,1.12,4,3,10,6,51.7,48.3,2,0,0,0,3,2
2024-03-05 17:30:00,Kaizer Chiefs,Golden Arrows,1.0,0.0,Johannesburg,South Africa,FNB Stadium,,,,South African Premier Division,,20240305_Kaizer-Chiefs_Golden-Arrows,55.2267362480593,1.16,0.45,4,3,9,6,47.4,52.6,0,0,0,0,9,2
2024-03-06 17:30:00,Chippa United,Richards Bay FC,3.0,0.0,Gqeberha,South Africa,Nelson Mandela Bay Stadium,,,,South African Premier Division,,20240306_Chippa-United_Richards-Bay-FC,54.37018120598805,1.11,0.54,3,2,5,4,49.9,50.1,2,2,0,0,1,2
2024-03-06 17:30:00,Orlando Pirates,Cape Town Spurs FC,1.0,1.0,Johannesburg,South Africa,Orlando Stadium,,,,South African Premier Division,,20240306_Orlando-Pirates_Cape-Town-Spurs-FC,161.3174842816038,1.38,1.4,4,3,9,7,54.6,45.4,2,0,0,0,7,2
2024-03-06 17:30:00,Sekhukhune United FC,Royal AM,1.0,0.0,Polokwane,South Africa,Peter Mokaba Stadium,,,,South African Premier Division,,20240306_Sekhukhune-United-FC_Royal-AM,2.4098521852033628,0.76,1.49,3,4,6,9,56.4,43.6,1,1,0,0,1,9
2024-03-09 13:30:00,Orlando Pirates,Kaizer Chiefs,3.0,2.0,Johannesburg,South Africa,FNB Stadium,,,,South African Premier Division,,20240309_Orlando-Pirates_Kaizer-Chiefs,34.933673039545965,2.01,1.3,9,4,20,10,50.0,50.0,2,3,0,0,14,6
2024-03-09 15:30:00,Moroka Swallows,Sekhukhune United FC,1.0,4.0,Soweto,South Africa,Dobsonville Stadium,,,,South African Premier Division,,20240309_Moroka-Swallows_Sekhukhune-United-FC,-32.59543671148208,0.56,2.18,2,8,5,16,47.5,52.5,3,0,0,0,4,14
2024-03-09 15:30:00,Stellenbosch,Cape Town Spurs FC,1.0,1.0,Stellenbosch,South Africa,Danie Craven Stadium,,,,South African Premier Division,,20240309_Stellenbosch_Cape-Town-Spurs-FC,152.9325331010691,0.85,0.41,2,1,4,2,49.7,50.3,1,1,0,0,2,3
2024-03-09 15:30:00,SuperSport United,AmaZulu,1.0,1.0,Polokwane,South Africa,Peter Mokaba Stadium,,,,South African Premier Division,,20240309_SuperSport-United_AmaZulu,94.87470433146154,1.03,0.64,6,3,12,8,61.5,38.5,2,2,0,0,11,3
2024-03-09 18:00:00,Mamelodi Sundowns,Chippa United,2.0,0.0,Pretoria,South Africa,Lucas Masterpieces Moripe Stadium,,,,South African Premier Division,,20240309_Mamelodi-Sundowns_Chippa-United,251.841565322301,1.43,0.93,4,4,8,8,51.9,48.1,2,5,0,0,9,7
2024-03-09 18:00:00,Richards Bay FC,TS Galaxy FC,0.0,0.0,Durban,South Africa,King Goodwill Zwelithini Stadium,,,,South African Premier Division,,20240309_Richards-Bay-FC_TS-Galaxy-FC,-94.25239615371606,0.54,1.6,1,6,4,13,46.9,53.1,2,1,0,0,2,5
2024-03-10 13:30:00,Polokwane City FC,Golden Arrows,0.0,1.0,Polokwane,South Africa,Old Peter Mokaba Stadium,,,,South African Premier Division,,20240310_Polokwane-City-FC_Golden-Arrows,49.26600404899591,0.71,0.58,3,2,6,8,52.8,47.2,2,1,0,0,5,2
2024-03-10 15:45:00,Royal AM,Cape Town City FC,2.0,0.0,Pietermaritzburg,South Africa,Harry Gwala Stadium,,,,South African Premier Division,,20240310_Royal-AM_Cape-Town-City-FC,-90.58267071291789,2.47,1.35,7,4,15,7,49.1,50.9,0,1,0,0,9,6
2024-03-12 17:30:00,Mamelodi Sundowns,SuperSport United,1.0,1.0,Pretoria,South Africa,Loftus Versfeld Stadium,,,,South African Premier Division,,20240312_Mamelodi-Sundowns_SuperSport-United,147.44707445490735,0.29,0.54,3,2,7,7,57.0,43.0,2,0,0,0,8,2
2024-03-30 13:30:00,Cape Town City FC,Kaizer Chiefs,0.0,0.0,Cape Town,South Africa,Athlone Stadium,,,,South African Premier Division,,20240330_Cape-Town-City-FC_Kaizer-Chiefs,22.829802752018622,0.59,0.72,2,1,4,1,48.3,51.7,0,3,0,0,3,4
2024-03-30 13:30:00,Golden Arrows,Richards Bay FC,2.0,1.0,Hammarsdale,South Africa,Mpumalanga Stadium,,,,South African Premier Division,,20240330_Golden-Arrows_Richards-Bay-FC,88.29654593084138,0.9,1.46,4,5,8,13,57.0,43.0,0,2,1,0,5,7
2024-03-30 13:30:00,Polokwane City FC,Chippa United,1.0,0.0,Polokwane,South Africa,Old Peter Mokaba Stadium,,,,South African Premier Division,,20240330_Polokwane-City-FC_Chippa-United,43.276091472772805,1.54,0.85,4,3,10,7,51.7,48.3,2,1,0,0,6,5
2024-03-30 13:30:00,Stellenbosch,Royal AM,3.0,0.0,Stellenbosch,South Africa,Danie Craven Stadium,,,,South African Premier Division,,20240330_Stellenbosch_Royal-AM,80.42054461781572,1.36,1.19,3,4,5,9,51.3,48.7,2,1,0,0,5,5
2024-03-30 15:30:00,TS Galaxy FC,AmaZulu,2.0,0.0,Nelspruit,South Africa,Mbombela Stadium,,,,South African Premier Division,,20240330_TS-Galaxy-FC_AmaZulu,-4.0465758995098895,0.74,0.05,4,0,10,1,51.5,48.5,2,1,0,0,7,2
2024-03-30 15:45:00,Sekhukhune United FC,Orlando Pirates,2.0,1.0,Polokwane,South Africa,Peter Mokaba Stadium,,,,South African Premier Division,,20240330_Sekhukhune-United-FC_Orlando-Pirates,-72.10103213032221,0.74,1.51,2,4,5,9,47.0,53.0,1,1,0,0,1,5
2024-03-31 13:30:00,Cape Town Spurs FC,Moroka Swallows,0.0,1.0,Cape Town,South Africa,Athlone Stadium,,,,South African Premier Division,,20240331_Cape-Town-Spurs-FC_Moroka-Swallows,-30.291900592609636,0.62,1.45,2,3,5,5,47.3,52.7,1,3,0,0,5,6
2024-04-02 17:30:00,AmaZulu,Polokwane City FC,0.0,0.0,Durban,South Africa,Moses Mabhida Stadium,,,,South African Premier Division,,20240402_AmaZulu_Polokwane-City-FC,-40.891342627349104,1.34,0.54,6,2,14,5,46.0,54.0,1,1,0,0,11,5
2024-04-02 17:30:00,Kaizer Chiefs,Stellenbosch,0.0,1.0,Johannesburg,South Africa,FNB Stadium,,,,South African Premier Division,,20240402_Kaizer-Chiefs_Stellenbosch,-51.27043970136947,0.05,2.25,0,6,0,12,42.3,57.7,2,3,0,0,1,9
2024-04-02 17:30:00,Mamelodi Sundowns,Richards Bay FC,1.0,0.0,Pretoria,South Africa,Loftus Versfeld Stadium,,,,South African Premier Division,,20240402_Mamelodi-Sundowns_Richards-Bay-FC,332.0765570050987,0.65,0.52,2,1,4,4,57.3,42.7,1,0,0,0,3,1
2024-04-02 17:30:00,Sekhukhune United FC,Cape Town City FC,2.0,2.0,Polokwane,South Africa,Peter Mokaba Stadium,,,,South African Premier Division,,20240402_Sekhukhune-United-FC_Cape-Town-City-FC,-23.159676752503174,0.85,1.31,4,2,8,5,49.0,51.0,1,0,0,0,3,4
2024-04-03 17:30:00,Chippa United,Cape Town Spurs FC,2.0,0.0,Gqeberha,South Africa,Nelson Mandela Bay Stadium,,,,South African Premier Division,,20240403_Chippa-United_Cape-Town-Spurs-FC,28.311622914015288,0.86,1.17,4,4,11,11,51.8,48.2,0,1,0,0,8,3
2024-04-03 17:30:00,Golden Arrows,SuperSport United,2.0,2.0,Hammarsdale,South Africa,Mpumalanga Stadium,,,,South African Premier Division,,20240403_Golden-Arrows_SuperSport-United,-87.91911265598878,1.9,1.06,7,5,16,13,43.2,56.8,0,2,0,0,7,12
2024-04-03 17:30:00,Moroka Swallows,Orlando Pirates,1.0,1.0,Soweto,South Africa,Dobsonville Stadium,,,,South African Premier Division,,20240403_Moroka-Swallows_Orlando-Pirates,-101.03990293251036,1.63,0.37,5,3,11,5,48.9,51.1,1,1,0,0,8,4
2024-04-03 17:30:00,TS Galaxy FC,Royal AM,3.0,0.0,Nelspruit,South Africa,Mbombela Stadium,,,,South African Premier Division,,20240403_TS-Galaxy-FC_Royal-AM,7.688773359858033,1.74,0.94,4,3,10,6,44.2,55.8,2,2,0,0,6,7
2024-04-06 13:00:00,Chippa United,Kaizer Chiefs,2.0,0.0,"East London, South Africa",South Africa,Buffalo City Stadium,,,,South African Premier Division,,20240406_Chippa-United_Kaizer-Chiefs,-62.38062042748197,1.17,1.19,4,5,9,11,43.6,56.4,0,4,0,0,4,6
2024-04-06 13:00:00,Richards Bay FC,Moroka Swallows,1.0,0.0,Durban,South Africa,King Goodwill Zwelithini Stadium,,,,South African Premier Division,,20240406_Richards-Bay-FC_Moroka-Swallows,-95.78624880804182,0.79,0.83,1,2,4,4,48.5,51.5,3,1,0,0,3,8
2024-04-06 15:00:00,Stellenbosch,Sekhukhune United FC,0.0,0.0,Stellenbosch,South Africa,Danie Craven Stadium,,,,South African Premier Division,,20240406_Stellenbosch_Sekhukhune-United-FC,62.618275324044134,0.05,1.63,0,6,0,14,54.1,45.9,2,1,0,0,1,7
2024-04-06 15:30:00,Orlando Pirates,Golden Arrows,7.0,1.0,Johannesburg,South Africa,Orlando Stadium,,,,South African Premier Division,,20240406_Orlando-Pirates_Golden-Arrows,77.64696368067644,1.99,0.36,9,1,18,3,56.7,43.3,3,1,0,0,8,3
2024-04-06 18:00:00,SuperSport United,TS Galaxy FC,0.0,1.0,Pretoria,South Africa,Lucas Masterpieces Moripe Stadium,,,,South African Premier Division,,20240406_SuperSport-United_TS-Galaxy-FC,70.48552571641972,1.89,0.91,8,2,17,4,57.6,42.4,1,4,0,1,10,3
2024-04-07 13:00:00,Cape Town City FC,AmaZulu,0.0,1.0,Cape Town,South Africa,DHL Cape Town Stadium,,,,South African Premier Division,,20240407_Cape-Town-City-FC_AmaZulu,79.28661375930915,0.05,1.02,0,2,0,3,51.4,48.6,1,2,0,0,3,2
2024-04-07 13:00:00,Royal AM,Polokwane City FC,3.0,2.0,Pietermaritzburg,South Africa,Harry Gwala Stadium,,,,South African Premier Division,,20240407_Royal-AM_Polokwane-City-FC,-38.67580786904978,1.05,1.2,4,3,9,5,44.2,55.8,2,1,0,0,4,4
2024-04-09 17:30:00,Cape Town Spurs FC,Mamelodi Sundowns,0.0,1.0,Cape Town,South Africa,Athlone Stadium,,,,South African Premier Division,,20240409_Cape-Town-Spurs-FC_Mamelodi-Sundowns,-309.096476500878,0.85,0.69,3,2,7,5,34.4,65.6,0,1,0,0,3,1
2024-04-15 17:30:00,Moroka Swallows,Mamelodi Sundowns,2.0,2.0,Soweto,South Africa,Dobsonville Stadium,,,,South African Premier Division,,20240415_Moroka-Swallows_Mamelodi-Sundowns,-261.1651753883889,1.53,1.33,5,4,11,9,36.3,63.7,3,1,0,0,7,4
2024-04-17 17:30:00,Sekhukhune United FC,Stellenbosch,1.0,1.0,Polokwane,South Africa,Peter Mokaba Stadium,,,,South African Premier Division,,20240417_Sekhukhune-United-FC_Stellenbosch,-58.33899245515795,0.96,0.79,3,4,9,10,55.5,44.5,2,2,0,0,6,8
2024-04-17 17:30:00,SuperSport United,Polokwane City FC,1.0,1.0,Pretoria,South Africa,Lucas Masterpieces Moripe Stadium,,,,South African Premier Division,,20240417_SuperSport-United_Polokwane-City-FC,61.89615548396,1.07,0.97,3,4,7,9,52.9,47.1,0,0,0,0,3,6
2024-04-20 13:00:00,Golden Arrows,Royal AM,1.0,1.0,Hammarsdale,South Africa,Mpumalanga Stadium,,,,South African Premier Division,,20240420_Golden-Arrows_Royal-AM,-3.0212763168954098,0.93,1.6,1,3,2,7,38.2,61.8,2,0,0,0,3,2
2024-04-20 15:00:00,Sekhukhune United FC,Cape Town Spurs FC,1.0,0.0,Polokwane,South Africa,Peter Mokaba Stadium,,,,South African Premier Division,,20240420_Sekhukhune-United-FC_Cape-Town-Spurs-FC,129.47809300872973,0.62,1.12,2,2,5,3,59.5,40.5,3,0,0,0,3,3
2024-04-20 15:30:00,Orlando Pirates,AmaZulu,1.0,0.0,Johannesburg,South Africa,Orlando Stadium,,,,South African Premier Division,,20240420_Orlando-Pirates_AmaZulu,91.39183546602999,1.73,0.67,6,2,14,5,57.6,42.4,0,3,0,0,6,2
2024-04-20 18:00:00,SuperSport United,Chippa United,0.0,2.0,Pretoria,South Africa,Lucas Masterpieces Moripe Stadium,,,,South African Premier Division,,20240420_SuperSport-United_Chippa-United,84.19054168210505,1.58,0.43,5,2,13,6,53.1,46.9,1,1,0,0,11,5
2024-04-21 13:00:00,Polokwane City FC,Cape Town City FC,2.0,2.0,Polokwane,South Africa,Old Peter Mokaba Stadium,,,,South African Premier Division,,20240421_Polokwane-City-FC_Cape-Town-City-FC,-37.729919781032095,0.89,0.31,2,2,4,3,43.0,57.0,0,1,0,0,6,1
2024-04-21 13:00:00,Richards Bay FC,Kaizer Chiefs,1.0,0.0,Durban,South Africa,King Goodwill Zwelithini Stadium,,,,South African Premier Division,,20240421_Richards-Bay-FC_Kaizer-Chiefs,-112.54478961930522,0.9,0.17,3,1,7,2,46.0,54.0,0,1,0,0,7,3
2024-04-21 15:30:00,TS Galaxy FC,Stellenbosch,1.0,2.0,Nelspruit,South Africa,Mbombela Stadium,,,,South African Premier Division,,20240421_TS-Galaxy-FC_Stellenbosch,-71.24359257458786,0.9,1.86,5,6,12,15,44.3,55.7,0,1,0,0,3,7
2024-04-23 17:30:00,Mamelodi Sundowns,Sekhukhune United FC,2.0,1.0,Pretoria,South Africa,Loftus Versfeld Stadium,,,,South African Premier Division,,20240423_Mamelodi-Sundowns_Sekhukhune-United-FC,171.19104678422354,0.24,0.9,2,2,5,6,54.6,45.4,3,3,0,0,4,2
2024-04-26 17:30:00,Cape Town Spurs FC,Richards Bay FC,1.0,0.0,Cape Town,South Africa,Athlone Stadium,,,,South African Premier Division,,20240426_Cape-Town-Spurs-FC_Richards-Bay-FC,-13.010519061583636,1.01,1.1,4,3,8,7,47.1,52.9,3,3,0,0,4,6
2024-04-26 17:30:00,TS Galaxy FC,Moroka Swallows,2.0,1.0,Pretoria,South Africa,Lucas Masterpieces Moripe Stadium,,,,South African Premier Division,,20240426_TS-Galaxy-FC_Moroka-Swallows,40.51189039803057,2.31,0.96,7,4,16,11,50.2,49.8,2,1,0,0,6,9
2024-04-27 13:00:00,AmaZulu,Chippa United,2.0,1.0,Durban,South Africa,Moses Mabhida Stadium,,,,South African Premier Division,,20240427_AmaZulu_Chippa-United,-9.414060737296268,0.84,1.33,3,5,8,11,51.8,48.2,3,2,0,0,3,7
2024-04-27 15:30:00,Kaizer Chiefs,SuperSport United,2.0,1.0,Polokwane,South Africa,Peter Mokaba Stadium,,,,South African Premier Division,,20240427_Kaizer-Chiefs_SuperSport-United,-50.97775121603513,2.38,0.83,9,3,19,7,43.5,56.5,0,2,0,0,7,5
2024-04-27 18:00:00,Stellenbosch,Polokwane City FC,5.0,0.0,Stellenbosch,South Africa,Danie Craven Stadium,,,,South African Premier Division,,20240427_Stellenbosch_Polokwane-City-FC,97.61719379421015,2.63,0.47,6,2,12,4,52.2,47.8,2,0,0,0,6,2
2024-04-28 13:00:00,Royal AM,Orlando Pirates,0.0,4.0,Pietermaritzburg,South Africa,Harry Gwala Stadium,,,,South African Premier Division,,20240428_Royal-AM_Orlando-Pirates,-102.36820512372219,0.27,1.89,2,5,5,9,47.5,52.5,1,2,0,1,5,2
2024-04-28 15:30:00,Cape Town City FC,Golden Arrows,1.0,1.0,Cape Town,South Africa,DHL Cape Town Stadium,,,,South African Premier Division,,20240428_Cape-Town-City-FC_Golden-Arrows,53.47944380451372,1.42,0.97,4,3,8,5,52.6,47.4,0,2,0,0,4,3
2024-04-29 17:30:00,Mamelodi Sundowns,TS Galaxy FC,3.0,0.0,Pretoria,South Africa,Loftus Versfeld Stadium,,,,South African Premier Division,,20240429_Mamelodi-Sundowns_TS-Galaxy-FC,201.30186651687177,1.39,0.05,4,2,9,9,49.9,50.1,1,2,0,0,4,5
2024-04-30 17:30:00,Cape Town Spurs FC,Polokwane City FC,0.0,1.0,Cape Town,South Africa,Athlone Stadium,,,,South African Premier Division,,20240430_Cape-Town-Spurs-FC_Polokwane-City-FC,-82.34121998777141,1.55,0.51,5,3,8,5,46.1,53.9,4,3,0,0,3,8
2024-04-30 17:30:00,Richards Bay FC,AmaZulu,2.0,1.0,Durban,South Africa,King Goodwill Zwelithini Stadium,,,,South African Premier Division,,20240430_Richards-Bay-FC_AmaZulu,-92.88327902508331,0.8,0.76,2,3,4,7,48.1,51.9,0,0,0,0,5,3
2024-05-01 13:00:00,Cape Town City FC,Orlando Pirates,0.0,2.0,Cape Town,South Africa,DHL Cape Town Stadium,,,,South African Premier Division,,20240501_Cape-Town-City-FC_Orlando-Pirates,-62.09721253800626,0.95,1.28,2,5,5,11,48.0,52.0,3,1,1,0,7,13
2024-05-01 13:00:00,Chippa United,Moroka Swallows,1.0,2.0,"East London, South Africa",South Africa,Buffalo City Stadium,,,,South African Premier Division,,20240501_Chippa-United_Moroka-Swallows,18.595625385167978,0.96,2.04,1,6,1,13,43.7,56.3,0,0,0,0,3,6
2024-05-01 15:30:00,Stellenbosch,Golden Arrows,3.0,0.0,Stellenbosch,South Africa,Danie Craven Stadium,,,,South African Premier Division,,20240501_Stellenbosch_Golden-Arrows,122.84457347183388,1.73,0.9,4,0,10,0,48.8,51.2,2,1,0,0,4,0
2024-05-01 17:30:00,Royal AM,SuperSport United,0.0,1.0,Pietermaritzburg,South Africa,Harry Gwala Stadium,,,,South African Premier Division,,20240501_Royal-AM_SuperSport-United,-51.86297600497528,0.83,0.45,3,1,8,4,49.0,51.0,4,4,0,0,1,5
2024-05-02 17:30:00,Kaizer Chiefs,Mamelodi Sundowns,1.0,5.0,Johannesburg,South Africa,FNB Stadium,,,,South African Premier Division,,20240502_Kaizer-Chiefs_Mamelodi-Sundowns,-220.58400621683995,1.75,1.55,7,5,16,10,48.4,51.6,2,3,0,0,9,4
2024-05-03 17:30:00,Sekhukhune United FC,TS Galaxy FC,0.0,0.0,Polokwane,South Africa,Peter Mokaba Stadium,,,,South African Premier Division,,20240503_Sekhukhune-United-FC_TS-Galaxy-FC,22.797211015014682,0.81,0.05,2,0,3,0,50.6,49.4,1,0,0,0,5,3
2024-05-07 17:30:00,Cape Town City FC,Moroka Swallows,2.0,0.0,Cape Town,South Africa,Athlone Stadium,,,,South African Premier Division,,20240507_Cape-Town-City-FC_Moroka-Swallows,54.67358598947931,1.03,0.91,2,1,4,2,52.0,48.0,0,1,0,0,1,1
2024-05-07 17:30:00,Kaizer Chiefs,TS Galaxy FC,2.0,2.0,Polokwane,South Africa,Peter Mokaba Stadium,,,,South African Premier Division,,20240507_Kaizer-Chiefs_TS-Galaxy-FC,-13.8648471950969,1.62,1.13,5,4,11,8,53.5,46.5,4,2,0,0,4,6
2024-05-07 17:30:00,Royal AM,Cape Town Spurs FC,0.0,1.0,Pietermaritzburg,South Africa,Harry Gwala Stadium,,,,South African Premier Division,,20240507_Royal-AM_Cape-Town-Spurs-FC,65.94560700451439,1.27,0.43,6,1,16,3,60.5,39.5,0,0,0,0,5,2
2024-05-07 17:30:00,SuperSport United,Sekhukhune United FC,1.0,1.0,Pretoria,South Africa,Lucas Masterpieces Moripe Stadium,,,,South African Premier Division,,20240507_SuperSport-United_Sekhukhune-United-FC,3.87681530258169,1.19,1.77,3,5,7,8,47.2,52.8,1,1,0,0,3,8
2024-05-08 17:30:00,Golden Arrows,Mamelodi Sundowns,0.0,0.0,Hammarsdale,South Africa,Mpumalanga Stadium,,,,South African Premier Division,,20240508_Golden-Arrows_Mamelodi-Sundowns,-254.57085740491038,0.75,0.72,3,2,7,5,40.9,59.1,1,0,0,0,6,2
2024-05-08 17:30:00,Orlando Pirates,Chippa United,2.0,0.0,Johannesburg,South Africa,Orlando Stadium,,,,South African Premier Division,,20240508_Orlando-Pirates_Chippa-United,143.21406410148825,1.57,1.36,5,4,10,9,56.0,44.0,1,1,0,0,3,7
2024-05-08 17:30:00,Polokwane City FC,Richards Bay FC,0.0,0.0,Polokwane,South Africa,Old Peter Mokaba Stadium,,,,South African Premier Division,,20240508_Polokwane-City-FC_Richards-Bay-FC,88.30335665613165,0.05,0.53,0,3,1,6,50.5,49.5,2,0,0,0,2,5
2024-05-08 17:30:00,Stellenbosch,AmaZulu,0.0,0.0,Stellenbosch,South Africa,Danie Craven Stadium,,,,South African Premier Division,,20240508_Stellenbosch_AmaZulu,139.4510452429738,0.36,0.85,0,0,0,0,52.0,48.0,3,1,0,0,3,3
2024-05-10 17:30:00,SuperSport United,Cape Town Spurs FC,0.0,0.0,Polokwane,South Africa,Peter Mokaba Stadium,,,,South African Premier Division,,20240510_SuperSport-United_Cape-Town-Spurs-FC,123.86777853734588,0.66,1.26,4,5,8,12,53.0,47.0,0,0,0,0,2,2
2024-05-11 13:00:00,Moroka Swallows,Stellenbosch,2.0,0.0,Soweto,South Africa,Dobsonville Stadium,,,,South African Premier Division,,20240511_Moroka-Swallows_Stellenbosch,-151.06092710266057,0.65,1.41,2,4,3,10,43.6,56.4,2,2,0,0,3,2
2024-05-11 13:00:00,Polokwane City FC,Sekhukhune United FC,0.0,0.0,Polokwane,South Africa,Old Peter Mokaba Stadium,,,,South African Premier Division,,20240511_Polokwane-City-FC_Sekhukhune-United-FC,-36.737899847953486,0.57,1.6,1,5,2,10,48.5,51.5,0,0,0,0,3,4
2024-05-11 15:30:00,Mamelodi Sundowns,Royal AM,1.0,0.0,Pretoria,South Africa,Lucas Masterpieces Moripe Stadium,,,,South African Premier Division,,20240511_Mamelodi-Sundowns_Royal-AM,271.2046042192087,0.77,0.05,4,2,9,5,54.0,46.0,0,0,0,0,5,3
2024-05-11 18:00:00,Orlando Pirates,Richards Bay FC,0.0,1.0,Johannesburg,South Africa,Orlando Stadium,,,,South African Premier Division,,20240511_Orlando-Pirates_Richards-Bay-FC,197.41585953020308,1.0,0.53,4,2,6,4,60.9,39.1,0,0,0,0,7,7
2024-05-12 13:00:00,Cape Town City FC,TS Galaxy FC,1.0,1.0,Cape Town,South Africa,DHL Cape Town Stadium,,,,South African Premier Division,,20240512_Cape-Town-City-FC_TS-Galaxy-FC,21.141945613002235,1.05,0.92,2,4,5,9,51.1,48.9,0,3,0,0,0,8
2024-05-12 13:00:00,Golden Arrows,Chippa United,1.0,1.0,Hammarsdale,South Africa,Mpumalanga Stadium,,,,South African Premier Division,,20240512_Golden-Arrows_Chippa-United,28.3120268053774,0.49,0.27,1,1,5,4,46.4,53.6,1,0,0,1,2,3
2024-05-12 15:30:00,AmaZulu,Kaizer Chiefs,1.0,1.0,Durban,South Africa,Moses Mabhida Stadium,,,,South African Premier Division,,20240512_AmaZulu_Kaizer-Chiefs,-20.12136170901931,0.05,0.43,1,2,3,4,47.0,53.0,0,1,0,0,2,2
2024-05-14 17:30:00,Royal AM,Mamelodi Sundowns,0.0,2.0,Pietermaritzburg,South Africa,Harry Gwala Stadium,,,,South African Premier Division,,20240514_Royal-AM_Mamelodi-Sundowns,-279.5315244606054,0.58,1.01,3,3,5,9,41.4,58.6,1,1,0,0,5,8
2024-05-18 13:00:00,Cape Town City FC,Richards Bay FC,3.0,1.0,Cape Town,South Africa,DHL Cape Town Stadium,,,,South African Premier Division,,20240518_Cape-Town-City-FC_Richards-Bay-FC,99.47642271858786,1.49,1.22,5,3,13,6,59.8,40.2,1,3,1,0,13,1
2024-05-18 13:00:00,Golden Arrows,Cape Town Spurs FC,1.0,1.0,Hammarsdale,South Africa,Mpumalanga Stadium,,,,South African Premier Division,,20240518_Golden-Arrows_Cape-Town-Spurs-FC,63.989822055193144,0.19,0.84,1,2,1,7,53.6,46.4,1,3,0,0,4,2
2024-05-18 13:00:00,Kaizer Chiefs,Polokwane City FC,0.0,0.0,Johannesburg,South Africa,FNB Stadium,,,,South African Premier Division,,20240518_Kaizer-Chiefs_Polokwane-City-FC,0.0347216446746188,0.08,0.91,0,4,2,9,53.6,46.4,1,2,0,0,6,10
2024-05-18 13:00:00,Royal AM,Chippa United,0.0,0.0,Pietermaritzburg,South Africa,Harry Gwala Stadium,,,,South African Premier Division,,20240518_Royal-AM_Chippa-United,-12.45531598974344,1.68,0.36,6,0,15,0,49.2,50.8,2,4,0,0,7,4
2024-05-18 13:00:00,Sekhukhune United FC,AmaZulu,0.0,1.0,Polokwane,South Africa,Peter Mokaba Stadium,,,,South African Premier Division,,20240518_Sekhukhune-United-FC_AmaZulu,52.907809270201824,0.52,1.04,2,4,4,10,57.4,42.6,0,2,0,0,4,1
2024-05-18 13:00:00,Stellenbosch,Mamelodi Sundowns,0.0,1.0,Cape Town,South Africa,Athlone Stadium,,,,South African Premier Division,,20240518_Stellenbosch_Mamelodi-Sundowns,-138.02842268161817,0.05,0.33,0,1,1,1,37.7,62.3,2,1,0,0,2,7
2024-05-18 13:00:00,SuperSport United,Moroka Swallows,2.0,0.0,Pretoria,South Africa,Lucas Masterpieces Moripe Stadium,,,,South African Premier Division,,20240518_SuperSport-United_Moroka-Swallows,58.21450003036807,0.38,1.43,2,2,6,5,60.7,39.3,1,3,1,0,3,2
2024-05-18 13:00:00,TS Galaxy FC,Orlando Pirates,1.0,0.0,Nelspruit,South Africa,Mbombela Stadium,,,,South African Premier Division,,20240518_TS-Galaxy-FC_Orlando-Pirates,-81.2857311118596,1.26,0.43,4,2,9,4,49.1,50.9,2,2,0,0,5,4
2024-05-21 17:30:00,TS Galaxy FC,Mamelodi Sundowns,1.0,1.0,Nelspruit,South Africa,Mbombela Stadium,,,,South African Premier Division,,20240521_TS-Galaxy-FC_Mamelodi-Sundowns,-210.3736695038749,1.11,0.97,6,2,13,5,42.0,58.0,2,0,0,0,7,4
2024-05-25 13:00:00,AmaZulu,Golden Arrows,1.0,3.0,Durban,South Africa,Moses Mabhida Stadium,,,,South African Premier Division,,20240525_AmaZulu_Golden-Arrows,13.990055343368113,1.11,1.61,3,5,8,10,59.8,40.2,1,0,0,0,6,4
2024-05-25 13:00:00,Cape Town Spurs FC,Kaizer Chiefs,2.0,0.0,Cape Town,South Africa,DHL Cape Town Stadium,,,,South African Premier Division,,20240525_Cape-Town-Spurs-FC_Kaizer-Chiefs,-78.5273328964031,0.32,0.51,2,2,1,3,45.6,54.4,0,1,0,0,1,4
2024-05-25 13:00:00,Chippa United,Sekhukhune United FC,0.0,1.0,"East London, South Africa",South Africa,Buffalo City Stadium,,,,South African Premier Division,,20240525_Chippa-United_Sekhukhune-United-FC,-63.876265010497036,0.61,0.29,3,1,7,1,40.4,59.6,0,4,0,0,3,5
2024-05-25 13:00:00,Mamelodi Sundowns,Cape Town City FC,0.0,1.0,Pretoria,South Africa,Loftus Versfeld Stadium,,,,South African Premier Division,,20240525_Mamelodi-Sundowns_Cape-Town-City-FC,190.3011733979456,0.57,1.28,2,3,5,5,56.2,43.8,1,3,0,0,4,2
2024-05-25 13:00:00,Moroka Swallows,Royal AM,1.0,2.0,Soweto,South Africa,Dobsonville Stadium,,,,South African Premier Division,,20240525_Moroka-Swallows_Royal-AM,21.829949786539828,0.82,0.85,2,3,3,6,47.9,52.1,1,2,0,0,5,12
2024-05-25 13:00:00,Orlando Pirates,SuperSport United,1.0,1.0,Johannesburg,South Africa,Orlando Stadium,,,,South African Premier Division,,20240525_Orlando-Pirates_SuperSport-United,35.90922577240008,1.45,0.05,3,1,7,3,48.6,51.4,2,4,0,0,3,3
2024-05-25 13:00:00,Polokwane City FC,TS Galaxy FC,1.0,0.0,Polokwane,South Africa,Old Peter Mokaba Stadium,,,,South African Premier Division,,20240525_Polokwane-City-FC_TS-Galaxy-FC,-35.613473269731,0.95,0.49,2,1,3,2,45.1,54.9,2,1,0,0,3,1
2024-05-25 13:00:00,Richards Bay FC,Stellenbosch,2.0,1.0,Durban,South Africa,King Goodwill Zwelithini Stadium,,,,South African Premier Division,,20240525_Richards-Bay-FC_Stellenbosch,-160.61366642879148,2.13,1.19,8,4,18,7,47.1,52.9,1,2,0,0,6,5
2024-09-14 13:00:00,Royal AM,Cape Town City FC,1.0,1.0,Pietermaritzburg,South Africa,Harry Gwala Stadium,,,,South African Premier Division,,20240914_Royal-AM_Cape-Town-City-FC,-103.0124708981075,1.42,0.49,3,2,6,5,47.8,52.2,1,3,0,0,2,1
2024-09-14 15:30:00,Marumo Gallants,Kaizer Chiefs,1.0,2.0,Bloemfontein,South Africa,Free State Toyota Stadium,,,,South African Premier Division,,20240914_Marumo-Gallants_Kaizer-Chiefs,7.388138252413,1.81,0.82,6,2,13,5,51.6,48.4,2,1,0,0,3,1
2024-09-14 18:00:00,Polokwane City FC,AmaZulu,2.0,1.0,Polokwane,South Africa,Old Peter Mokaba Stadium,,,,South African Premier Division,,20240914_Polokwane-City-FC_AmaZulu,30.594775403321364,2.01,0.54,6,2,10,4,50.6,49.4,1,0,0,0,7,7
2024-09-15 13:00:00,Richards Bay FC,TS Galaxy FC,1.0,0.0,Durban,South Africa,King Goodwill Zwelithini Stadium,,,,South African Premier Division,,20240915_Richards-Bay-FC_TS-Galaxy-FC,-79.28798403920746,2.09,0.16,6,1,13,2,48.3,51.7,1,2,0,0,6,6
2024-09-17 17:30:00,Mamelodi Sundowns,SuperSport United,2.0,0.0,Pretoria,South Africa,Loftus Versfeld Stadium,,,,South African Premier Division,,20240917_Mamelodi-Sundowns_SuperSport-United,168.79879954685384,1.88,1.26,6,6,13,12,48.3,51.7,3,1,0,0,8,3
2024-09-18 17:30:00,Orlando Pirates,Chippa United,2.0,1.0,Johannesburg,South Africa,Orlando Stadium,,,,South African Premier Division,,20240918_Orlando-Pirates_Chippa-United,132.95672776133733,1.15,0.93,4,1,8,2,55.7,44.3,1,2,0,1,3,3
2024-09-18 17:30:00,Sekhukhune United FC,Magesi FC,1.0,0.0,Polokwane,South Africa,Peter Mokaba Stadium,,,,South African Premier Division,,20240918_Sekhukhune-United-FC_Magesi-FC,25.865325663224667,0.84,0.55,2,3,5,7,51.4,48.6,3,3,0,0,4,7
2024-09-18 17:30:00,Stellenbosch,Golden Arrows,0.0,2.0,Cape Town,South Africa,Athlone Stadium,,,,South African Premier Division,,20240918_Stellenbosch_Golden-Arrows,75.73995814288173,0.46,1.37,1,3,3,8,54.9,45.1,1,0,0,0,3,5
2024-09-21 13:00:00,Golden Arrows,Marumo Gallants,2.0,0.0,Hammarsdale,South Africa,Mpumalanga Stadium,,,,South African Premier Division,,20240921_Golden-Arrows_Marumo-Gallants,27.683756037994726,2.71,1.23,7,4,15,11,57.5,42.5,1,1,0,0,6,7
2024-09-21 13:00:00,Magesi FC,Polokwane City FC,0.0,2.0,Polokwane,South Africa,Old Peter Mokaba Stadium,,,,South African Premier Division,,20240921_Magesi-FC_Polokwane-City-FC,-30.932093513827567,0.83,1.3,3,4,5,7,46.4,53.6,1,1,0,0,2,2
2024-09-21 15:30:00,SuperSport United,Royal AM,0.0,0.0,Pretoria,South Africa,TUT Stadium,,,,South African Premier Division,,20240921_SuperSport-United_Royal-AM,78.4969363420314,0.29,0.49,0,4,0,8,47.1,52.9,1,2,0,0,1,1
2024-09-21 18:00:00,Chippa United,Richards Bay FC,1.0,0.0,"East London, South Africa",South Africa,Buffalo City Stadium,,,,South African Premier Division,,20240921_Chippa-United_Richards-Bay-FC,-18.7108852615886,0.66,0.83,1,4,0,10,44.6,55.4,1,0,0,0,6,3
2024-09-24 13:00:00,Orlando Pirates,Polokwane City FC,3.0,0.0,Johannesburg,South Africa,Orlando Stadium,,,,South African Premier Division,,20240924_Orlando-Pirates_Polokwane-City-FC,52.170498315540726,0.61,1.21,3,4,5,9,47.0,53.0,3,0,0,0,3,7
2024-09-24 15:30:00,Mamelodi Sundowns,Marumo Gallants,4.0,1.0,Pretoria,South Africa,Loftus Versfeld Stadium,,,,South African Premier Division,,20240924_Mamelodi-Sundowns_Marumo-Gallants,252.15501201359302,1.02,1.29,4,5,8,12,59.6,40.4,3,0,0,0,7,8
2024-09-24 17:30:00,Royal AM,Richards Bay FC,0.0,0.0,Pietermaritzburg,South Africa,Harry Gwala Stadium,,,,South African Premier Division,,20240924_Royal-AM_Richards-Bay-FC,18.653540401108557,0.05,0.05,1,2,3,5,54.8,45.2,0,1,0,0,2,4
2024-09-25 17:30:00,AmaZulu,Kaizer Chiefs,1.0,3.0,Durban,South Africa,Moses Mabhida Stadium,,,,South African Premier Division,,20240925_AmaZulu_Kaizer-Chiefs,-25.93552063945208,1.34,1.78,4,6,8,13,47.0,53.0,1,1,1,0,4,6
2024-09-25 17:30:00,Sekhukhune United FC,Chippa United,1.0,1.0,Polokwane,South Africa,Peter Mokaba Stadium,,,,South African Premier Division,,20240925_Sekhukhune-United-FC_Chippa-United,89.59516977194403,0.07,1.2,1,3,3,8,51.4,48.6,2,3,0,0,8,5
2024-09-25 17:30:00,Stellenbosch,Cape Town City FC,3.0,0.0,Cape Town,South Africa,Athlone Stadium,,,,South African Premier Division,,20240925_Stellenbosch_Cape-Town-City-FC,-2.4602019409758213,0.73,0.05,3,0,6,0,50.3,49.7,0,2,0,0,2,2
2024-09-25 17:30:00,SuperSport United,TS Galaxy FC,1.0,0.0,Pretoria,South Africa,TUT Stadium,,,,South African Premier Division,,20240925_SuperSport-United_TS-Galaxy-FC,29.268785893014865,1.49,0.24,3,2,6,5,55.3,44.7,3,1,0,0,2,6
2024-09-26 10:00:00,Golden Arrows,Magesi FC,0.0,1.0,Hammarsdale,South Africa,Mpumalanga Stadium,,,,South African Premier Division,,20240926_Golden-Arrows_Magesi-FC,36.922734302806475,1.34,1.78,4,4,9,9,52.4,47.6,1,1,0,0,3,4
2024-09-28 13:00:00,Kaizer Chiefs,Mamelodi Sundowns,1.0,2.0,Johannesburg,South Africa,FNB Stadium,,,,South African Premier Division,,20240928_Kaizer-Chiefs_Mamelodi-Sundowns,-217.4355607722664,1.11,1.3,3,5,7,9,42.7,57.3,1,2,0,0,8,2
2024-09-28 13:00:00,Sekhukhune United FC,Golden Arrows,2.0,0.0,Polokwane,South Africa,Peter Mokaba Stadium,,,,South African Premier Division,,20240928_Sekhukhune-United-FC_Golden-Arrows,32.33642581516301,0.65,1.02,2,3,3,11,51.4,48.6,0,4,0,0,4,6
2024-09-28 15:30:00,Magesi FC,Royal AM,0.0,0.0,Polokwane,South Africa,Old Peter Mokaba Stadium,,,,South African Premier Division,,20240928_Magesi-FC_Royal-AM,32.419774213601386,0.73,1.48,3,4,6,10,54.3,45.7,3,2,0,0,0,9
2024-09-28 18:00:00,Cape Town City FC,SuperSport United,1.0,0.0,Cape Town,South Africa,Athlone Stadium,,,,South African Premier Division,,20240928_Cape-Town-City-FC_SuperSport-United,-2.8093481790767783,0.05,1.43,1,4,3,8,54.6,45.4,1,2,0,0,3,1
2024-09-28 18:00:00,Marumo Gallants,AmaZulu,1.0,0.0,Bloemfontein,South Africa,Free State Toyota Stadium,,,,South African Premier Division,,20240928_Marumo-Gallants_AmaZulu,4.318982476597284,0.23,0.72,1,2,5,4,56.9,43.1,2,5,0,0,4,3
2024-09-29 13:00:00,Chippa United,TS Galaxy FC,2.0,1.0,Gqeberha,South Africa,Nelson Mandela Bay Stadium,,,,South African Premier Division,,20240929_Chippa-United_TS-Galaxy-FC,-41.95019642647867,0.95,0.94,5,1,10,4,48.9,51.1,3,2,0,0,3,3
2024-09-29 13:00:00,Richards Bay FC,Orlando Pirates,0.0,1.0,Durban,South Africa,King Goodwill Zwelithini Stadium,,,,South African Premier Division,,20240929_Richards-Bay-FC_Orlando-Pirates,-151.69854632162378,1.72,1.37,4,5,11,10,47.4,52.6,1,0,0,0,5,6
2024-09-29 15:30:00,Polokwane City FC,Stellenbosch,1.0,1.0,Polokwane,South Africa,Old Peter Mokaba Stadium,,,,South African Premier Division,,20240929_Polokwane-City-FC_Stellenbosch,-41.96171887938226,0.82,0.88,4,3,9,7,56.2,43.8,2,1,0,1,3,6
2024-10-22 17:30:00,Orlando Pirates,SuperSport United,2.0,0.0,Johannesburg,South Africa,Orlando Stadium,,,,South African Premier Division,,20241022_Orlando-Pirates_SuperSport-United,68.69913262920977,1.4,1.81,4,5,10,11,49.6,50.4,2,1,0,0,3,6
2024-10-23 17:30:00,Chippa United,Stellenbosch,0.0,2.0,Gqeberha,South Africa,Nelson Mandela Bay Stadium,,,,South African Premier Division,,20241023_Chippa-United_Stellenbosch,-97.21811862052164,0.99,1.24,2,3,5,7,46.7,53.3,3,0,0,0,1,5
2024-10-25 17:30:00,Orlando Pirates,AmaZulu,2.0,1.0,Johannesburg,South Africa,Orlando Stadium,,,,South African Premier Division,,20241025_Orlando-Pirates_AmaZulu,165.48755778393388,1.24,0.67,5,1,12,1,55.6,44.4,1,1,0,0,6,1
2024-10-26 13:00:00,Marumo Gallants,TS Galaxy FC,1.0,1.0,Bloemfontein,South Africa,Dr. Petrus Molemela Stadium,,,,South African Premier Division,,20241026_Marumo-Gallants_TS-Galaxy-FC,-6.513490556865008,1.03,0.5,3,2,7,5,53.3,46.7,1,1,0,0,7,3
2024-10-26 13:00:00,Richards Bay FC,Stellenbosch,0.0,0.0,Durban,South Africa,King Goodwill Zwelithini Stadium,,,,South African Premier Division,,20241026_Richards-Bay-FC_Stellenbosch,-135.42151181231475,1.13,0.76,4,3,9,5,43.3,56.7,1,4,0,0,2,9
2024-10-26 16:00:00,SuperSport United,Kaizer Chiefs,1.0,0.0,Polokwane,South Africa,Peter Mokaba Stadium,,,,South African Premier Division,,20241026_SuperSport-United_Kaizer-Chiefs,22.812895204339384,0.55,0.06,2,0,5,1,46.3,53.7,1,1,0,0,4,0
2024-10-26 18:00:00,Chippa United,Golden Arrows,2.0,0.0,Gqeberha,South Africa,Nelson Mandela Bay Stadium,,,,South African Premier Division,,20241026_Chippa-United_Golden-Arrows,-35.60228349042177,1.25,0.63,3,3,7,8,44.0,56.0,1,3,1,0,4,8
2024-10-27 13:00:00,Cape Town City FC,Magesi FC,0.0,0.0,Cape Town,South Africa,Athlone Stadium,,,,South African Premier Division,,20241027_Cape-Town-City-FC_Magesi-FC,62.784513258457764,0.05,1.65,0,5,1,13,58.0,42.0,1,0,0,0,2,10
2024-10-27 13:00:00,Polokwane City FC,Mamelodi Sundowns,1.0,0.0,Polokwane,South Africa,Old Peter Mokaba Stadium,,,,South African Premier Division,,20241027_Polokwane-City-FC_Mamelodi-Sundowns,-205.16282182828036,0.44,1.7,1,6,3,14,41.8,58.2,3,2,0,0,2,5
2024-10-29 17:30:00,AmaZulu,Chippa United,2.0,0.0,Durban,South Africa,Moses Mabhida Stadium,,,,South African Premier Division,,20241029_AmaZulu_Chippa-United,-30.646540023986972,0.05,0.75,2,0,4,1,43.3,56.7,1,2,0,0,6,1
2024-10-29 17:30:00,Sekhukhune United FC,Richards Bay FC,2.0,0.0,Polokwane,South Africa,Peter Mokaba Stadium,,,,South African Premier Division,,20241029_Sekhukhune-United-FC_Richards-Bay-FC,106.00645960591487,1.54,0.81,4,2,9,2,55.9,44.1,1,2,0,0,8,3
2024-10-29 17:30:00,TS Galaxy FC,Orlando Pirates,0.0,2.0,Nelspruit,South Africa,Mbombela Stadium,,,,South African Premier Division,,20241029_TS-Galaxy-FC_Orlando-Pirates,-137.85893888004443,0.44,1.32,2,4,4,9,43.1,56.9,2,2,0,0,5,1
2024-10-30 17:30:00,Golden Arrows,SuperSport United,0.0,0.0,Hammarsdale,South Africa,Mpumalanga Stadium,,,,South African Premier Division,,20241030_Golden-Arrows_SuperSport-United,-55.56880513233045,0.36,0.3,0,1,0,4,37.7,62.3,1,0,0,0,2,5
2024-10-30 17:30:00,Magesi FC,Kaizer Chiefs,2.0,2.0,Polokwane,South Africa,Peter Mokaba Stadium,,,,South African Premier Division,,20241030_Magesi-FC_Kaizer-Chiefs,4.429157008809398,0.85,0.62,2,3,4,6,49.6,50.4,0,1,0,0,2,4
2024-10-30 17:30:00,Mamelodi Sundowns,Cape Town City FC,3.0,0.0,Pretoria,South Africa,Loftus Versfeld Stadium,,,,South African Premier Division,,20241030_Mamelodi-Sundowns_Cape-Town-City-FC,158.03820029711937,1.94,0.25,6,1,14,1,48.4,51.6,0,1,0,0,6,0
2024-10-31 17:30:00,Stellenbosch,Marumo Gallants,1.0,0.0,Cape Town,South Africa,DHL Cape Town Stadium,,,,South African Premier Division,,20241031_Stellenbosch_Marumo-Gallants,92.71347841488046,1.73,0.06,7,1,16,1,48.8,51.2,0,1,0,0,8,6
2024-11-05 17:30:00,Orlando Pirates,Richards Bay FC,1.0,0.0,Johannesburg,South Africa,Orlando Stadium,,,,South African Premier Division,,20241105_Orlando-Pirates_Richards-Bay-FC,193.6444180077142,1.13,0.11,3,0,7,0,57.0,43.0,2,0,0,0,6,4
2024-11-06 17:30:00,Mamelodi Sundowns,Polokwane City FC,2.0,0.0,Pretoria,South Africa,Loftus Versfeld Stadium,,,,South African Premier Division,,20241106_Mamelodi-Sundowns_Polokwane-City-FC,175.32586240489536,1.77,0.08,4,0,11,0,58.9,41.1,2,1,0,0,3,1
2024-11-06 17:30:00,Stellenbosch,TS Galaxy FC,1.0,1.0,Cape Town,South Africa,Athlone Stadium,,,,South African Premier Division,,20241106_Stellenbosch_TS-Galaxy-FC,102.9951783875124,0.47,1.39,2,5,5,13,51.8,48.2,3,1,0,0,2,17
2024-11-26 17:30:00,Chippa United,SuperSport United,0.0,0.0,Gqeberha,South Africa,Nelson Mandela Bay Stadium,,,,South African Premier Division,,20241126_Chippa-United_SuperSport-United,-75.87302049621326,0.05,0.05,0,1,1,0,42.4,57.6,3,0,0,0,2,2
2024-11-26 17:30:00,Sekhukhune United FC,TS Galaxy FC,1.0,3.0,Polokwane,South Africa,Peter Mokaba Stadium,,,,South African Premier Division,,20241126_Sekhukhune-United-FC_TS-Galaxy-FC,78.60795413055939,1.6,1.85,4,6,10,14,49.0,51.0,3,2,0,0,2,8
2024-11-27 17:30:00,Cape Town City FC,Polokwane City FC,1.0,0.0,Cape Town,South Africa,Athlone Stadium,,,,South African Premier Division,,20241127_Cape-Town-City-FC_Polokwane-City-FC,9.920133655407653,0.45,1.29,3,3,7,6,55.8,44.2,2,0,0,0,3,5
2024-11-27 17:30:00,Kaizer Chiefs,Richards Bay FC,2.0,1.0,Polokwane,South Africa,Peter Mokaba Stadium,,,,South African Premier Division,,20241127_Kaizer-Chiefs_Richards-Bay-FC,63.530501907944654,1.44,0.65,3,2,6,4,50.1,49.9,4,0,0,0,1,3
2024-11-29 17:30:00,SuperSport United,Marumo Gallants,0.0,1.0,Pretoria,South Africa,Lucas Masterpieces Moripe Stadium,,,,South African Premier Division,,20241129_SuperSport-United_Marumo-Gallants,64.82963721675674,0.84,0.5,3,1,7,0,59.1,40.9,0,1,0,0,3,3
2024-11-30 13:30:00,Richards Bay FC,AmaZulu,1.0,3.0,Durban,South Africa,King Goodwill Zwelithini Stadium,,,,South African Premier Division,,20241130_Richards-Bay-FC_AmaZulu,-36.13557221930387,0.96,1.73,2,7,3,15,50.1,49.9,1,4,0,0,0,8
2024-11-30 15:45:00,Kaizer Chiefs,Royal AM,2.0,2.0,Polokwane,South Africa,Peter Mokaba Stadium,,,,South African Premier Division,,20241130_Kaizer-Chiefs_Royal-AM,37.88565259091206,1.29,1.42,6,4,14,7,47.3,52.7,2,0,0,0,5,8
2024-11-30 18:00:00,Chippa United,Magesi FC,2.0,0.0,"East London, South Africa",South Africa,Buffalo City Stadium,,,,South African Premier Division,,20241130_Chippa-United_Magesi-FC,-34.233307015104856,0.1,0.05,2,0,6,0,39.6,60.4,2,1,0,0,5,3
2024-11-30 18:00:00,Mamelodi Sundowns,Sekhukhune United FC,3.0,0.0,Pretoria,South Africa,Loftus Versfeld Stadium,,,,South African Premier Division,,20241130_Mamelodi-Sundowns_Sekhukhune-United-FC,183.47816942323675,1.35,0.05,5,0,12,0,61.8,38.2,1,2,0,0,10,1
2024-12-01 13:30:00,Golden Arrows,Cape Town City FC,3.0,2.0,Hammarsdale,South Africa,Mpumalanga Stadium,,,,South African Premier Division,,20241201_Golden-Arrows_Cape-Town-City-FC,-76.11789519075069,1.33,0.81,4,2,9,4,52.3,47.7,3,2,0,0,8,2
2024-12-01 13:30:00,Orlando Pirates,Stellenbosch,0.0,1.0,Johannesburg,South Africa,Orlando Stadium,,,,South African Premier Division,,20241201_Orlando-Pirates_Stellenbosch,59.19551161864251,1.81,1.06,7,2,15,4,58.0,42.0,2,4,0,0,8,3
2024-12-01 15:45:00,Polokwane City FC,TS Galaxy FC,1.0,1.0,Polokwane,South Africa,Old Peter Mokaba Stadium,,,,South African Premier Division,,20241201_Polokwane-City-FC_TS-Galaxy-FC,32.94153258692495,1.18,0.84,2,3,4,5,52.2,47.8,0,2,0,0,6,5
2024-12-06 17:30:00,Richards Bay FC,SuperSport United,0.0,1.0,Durban,South Africa,King Goodwill Zwelithini Stadium,,,,South African Premier Division,,20241206_Richards-Bay-FC_SuperSport-United,-110.50683171621631,1.56,1.97,5,7,10,14,45.7,54.3,2,1,0,0,4,8
2024-12-07 13:30:00,TS Galaxy FC,AmaZulu,1.0,0.0,Nelspruit,South Africa,Mbombela Stadium,,,,South African Premier Division,,20241207_TS-Galaxy-FC_AmaZulu,28.96466033642446,1.59,1.84,5,6,12,12,47.3,52.7,2,3,0,1,1,5
2024-12-07 15:45:00,Marumo Gallants,Magesi FC,3.0,1.0,Bloemfontein,South Africa,Dr. Petrus Molemela Stadium,,,,South African Premier Division,,20241207_Marumo-Gallants_Magesi-FC,-0.9572182674266969,1.45,1.49,5,4,10,10,51.3,48.7,2,1,0,0,5,3
2024-12-07 18:00:00,Sekhukhune United FC,Cape Town City FC,1.0,0.0,Polokwane,South Africa,Peter Mokaba Stadium,,,,South African Premier Division,,20241207_Sekhukhune-United-FC_Cape-Town-City-FC,-8.513079779188729,1.63,0.74,5,1,11,2,47.4,52.6,2,3,0,0,9,3
2024-12-08 13:30:00,Polokwane City FC,Kaizer Chiefs,2.0,0.0,Polokwane,South Africa,Peter Mokaba Stadium,,,,South African Premier Division,,20241208_Polokwane-City-FC_Kaizer-Chiefs,24.642566954568338,1.17,0.84,3,3,5,6,49.8,50.2,4,1,0,0,7,2
2024-12-14 13:30:00,Golden Arrows,Richards Bay FC,0.0,1.0,Hammarsdale,South Africa,Mpumalanga Stadium,,,,South African Premier Division,,20241214_Golden-Arrows_Richards-Bay-FC,98.43205497169652,1.2,1.2,4,5,10,10,56.4,43.6,0,2,0,0,6,8
2024-12-14 15:45:00,Chippa United,Cape Town City FC,0.0,1.0,"East London, South Africa",South Africa,Buffalo City Stadium,,,,South African Premier Division,,20241214_Chippa-United_Cape-Town-City-FC,-57.588299254641925,0.75,0.58,0,1,0,1,45.2,54.8,0,6,0,0,3,6
2024-12-14 18:00:00,SuperSport United,Magesi FC,1.0,0.0,Pretoria,South Africa,Lucas Masterpieces Moripe Stadium,,,,South African Premier Division,,20241214_SuperSport-United_Magesi-FC,55.785401270275315,0.93,0.33,1,0,4,0,51.2,48.8,1,2,0,0,4,1
2024-12-15 13:30:00,Polokwane City FC,Marumo Gallants,1.0,0.0,Polokwane,South Africa,Peter Mokaba Stadium,,,,South African Premier Division,,20241215_Polokwane-City-FC_Marumo-Gallants,42.298876269785296,1.43,1.04,5,3,8,9,52.4,47.6,1,1,0,0,6,5
2024-12-16 13:30:00,TS Galaxy FC,Kaizer Chiefs,1.0,1.0,Nelspruit,South Africa,Mbombela Stadium,,,,South African Premier Division,,20241216_TS-Galaxy-FC_Kaizer-Chiefs,16.12196812873981,0.78,0.78,5,1,11,4,50.1,49.9,1,1,0,0,7,7
2024-12-18 17:30:00,Stellenbosch,Mamelodi Sundowns,0.0,1.0,Cape Town,South Africa,DHL Cape Town Stadium,,,,South African Premier Division,,20241218_Stellenbosch_Mamelodi-Sundowns,-143.50259523099862,0.85,0.66,3,3,5,7,48.2,51.8,2,0,0,0,4,4
2024-12-24 13:00:00,AmaZulu,Mamelodi Sundowns,0.0,1.0,Durban,South Africa,Moses Mabhida Stadium,,,,South African Premier Division,,20241224_AmaZulu_Mamelodi-Sundowns,-285.07947203112417,1.44,0.58,4,2,8,3,38.7,61.3,1,1,0,0,6,7
2024-12-24 13:00:00,Orlando Pirates,Marumo Gallants,8.0,1.0,Johannesburg,South Africa,Orlando Stadium,,,,South African Premier Division,,20241224_Orlando-Pirates_Marumo-Gallants,136.47039242668188,2.55,0.82,8,3,17,5,59.1,40.9,2,2,0,0,8,4
2024-12-28 13:30:00,Golden Arrows,Polokwane City FC,0.0,0.0,Hammarsdale,South Africa,Mpumalanga Stadium,,,,South African Premier Division,,20241228_Golden-Arrows_Polokwane-City-FC,-64.16883874723385,0.48,0.44,1,2,3,4,55.1,44.9,0,2,0,0,3,4
2024-12-28 13:30:00,Richards Bay FC,Mamelodi Sundowns,0.0,2.0,Durban,South Africa,King Goodwill Zwelithini Stadium,,,,South African Premier Division,,20241228_Richards-Bay-FC_Mamelodi-Sundowns,-328.6170193412652,0.05,2.01,0,4,1,8,36.0,64.0,2,2,0,0,1,2
2024-12-28 15:45:00,Sekhukhune United FC,Marumo Gallants,1.0,0.0,Polokwane,South Africa,Old Peter Mokaba Stadium,,,,South African Premier Division,,20241228_Sekhukhune-United-FC_Marumo-Gallants,72.7721785169515,2.22,1.84,7,6,13,17,48.8,51.2,1,3,0,1,6,8
2024-12-28 18:00:00,SuperSport United,Stellenbosch,1.0,1.0,Pretoria,South Africa,Lucas Masterpieces Moripe Stadium,,,,South African Premier Division,,20241228_SuperSport-United_Stellenbosch,-44.70504419478971,1.21,0.24,4,1,7,2,47.9,52.1,1,2,0,0,9,2
2024-12-29 13:30:00,Cape Town City FC,AmaZulu,0.0,1.0,Cape Town,South Africa,DHL Cape Town Stadium,,,,South African Premier Division,,20241229_Cape-Town-City-FC_AmaZulu,92.0518013087335,0.64,0.5,3,1,4,2,55.1,44.9,5,0,0,0,5,4
2024-12-29 13:30:00,Magesi FC,Orlando Pirates,0.0,1.0,Polokwane,South Africa,Old Peter Mokaba Stadium,,,,South African Premier Division,,20241229_Magesi-FC_Orlando-Pirates,-166.63751097311842,0.14,1.15,2,4,5,8,44.0,56.0,0,0,0,0,6,5
2024-12-29 15:45:00,Kaizer Chiefs,Chippa United,1.0,0.0,Durban,South Africa,Moses Mabhida Stadium,,,,South African Premier Division,,20241229_Kaizer-Chiefs_Chippa-United,24.89315043455099,1.93,0.94,8,3,16,5,51.8,48.2,2,3,0,0,5,3
2025-01-04 13:30:00,AmaZulu,Golden Arrows,0.0,0.0,Durban,South Africa,Moses Mabhida Stadium,,,,South African Premier Division,,20250104_AmaZulu_Golden-Arrows,-19.147252861134348,0.05,0.13,1,0,2,0,51.6,48.4,0,1,0,0,1,1
2025-01-04 13:30:00,TS Galaxy FC,Magesi FC,0.0,0.0,Nelspruit,South Africa,Mbombela Stadium,,,,South African Premier Division,,20250104_TS-Galaxy-FC_Magesi-FC,50.76849286995457,0.27,0.59,1,1,2,2,57.6,42.4,3,3,1,0,2,3
2025-01-04 18:00:00,Marumo Gallants,Richards Bay FC,0.0,0.0,Bloemfontein,South Africa,Dr. Petrus Molemela Stadium,,,,South African Premier Division,,20250104_Marumo-Gallants_Richards-Bay-FC,54.69421069761097,0.6,0.56,2,1,5,6,47.0,53.0,3,5,0,1,2,7
2025-01-05 13:30:00,Polokwane City FC,Sekhukhune United FC,1.0,1.0,Polokwane,South Africa,Old Peter Mokaba Stadium,,,,South African Premier Division,,20250105_Polokwane-City-FC_Sekhukhune-United-FC,-13.5801567669414,0.73,1.73,1,4,4,10,53.3,46.7,2,1,0,0,4,6
2025-01-05 15:45:00,Cape Town City FC,Kaizer Chiefs,1.0,0.0,Cape Town,South Africa,DHL Cape Town Stadium,,,,South African Premier Division,,20250105_Cape-Town-City-FC_Kaizer-Chiefs,26.504441321658533,0.92,1.32,3,3,7,6,55.2,44.8,0,0,0,0,5,5
2025-01-08 17:30:00,AmaZulu,Sekhukhune United FC,0.0,2.0,Durban,South Africa,King Goodwill Zwelithini Stadium,,,,South African Premier Division,,20250108_AmaZulu_Sekhukhune-United-FC,-91.38388748209172,0.66,0.69,2,3,5,7,47.7,52.3,2,1,0,0,1,3
2025-01-08 17:30:00,Cape Town City FC,Orlando Pirates,1.0,0.0,Cape Town,South Africa,DHL Cape Town Stadium,,,,South African Premier Division,,20250108_Cape-Town-City-FC_Orlando-Pirates,-95.44308078542917,1.1,1.16,2,4,5,9,38.4,61.6,1,2,0,0,8,3
2025-01-08 17:30:00,Kaizer Chiefs,Stellenbosch,2.0,1.0,Johannesburg,South Africa,FNB Stadium,,,,South African Premier Division,,20250108_Kaizer-Chiefs_Stellenbosch,-89.96808742567691,1.63,0.05,7,1,15,0,43.9,56.1,0,2,0,0,9,3
2025-01-11 13:30:00,Magesi FC,AmaZulu,0.0,1.0,Polokwane,South Africa,Old Peter Mokaba Stadium,,,,South African Premier Division,,20250111_Magesi-FC_AmaZulu,-1.5727184119343747,0.43,0.88,3,3,8,6,47.4,52.6,0,2,0,0,4,3
2025-01-11 13:30:00,Marumo Gallants,Cape Town City FC,1.0,0.0,Bloemfontein,South Africa,Dr. Petrus Molemela Stadium,,,,South African Premier Division,,20250111_Marumo-Gallants_Cape-Town-City-FC,-89.31792157963196,1.17,0.55,4,2,8,4,39.8,60.2,0,1,0,0,6,3
2025-01-12 13:30:00,Kaizer Chiefs,Golden Arrows,0.0,1.0,Durban,South Africa,Moses Mabhida Stadium,,,,South African Premier Division,,20250112_Kaizer-Chiefs_Golden-Arrows,20.800178081918602,0.05,2.31,0,6,2,12,53.1,46.9,1,1,0,0,1,10
2025-01-12 15:45:00,SuperSport United,Sekhukhune United FC,0.0,3.0,Pretoria,South Africa,Lucas Masterpieces Moripe Stadium,,,,South African Premier Division,,20250112_SuperSport-United_Sekhukhune-United-FC,-28.377821963291808,0.64,1.57,1,5,2,9,52.6,47.4,3,2,1,0,3,4
2025-01-17 17:30:00,Cape Town City FC,Richards Bay FC,2.0,1.0,Cape Town,South Africa,Athlone Stadium,,,,South African Premier Division,,20250117_Cape-Town-City-FC_Richards-Bay-FC,125.24617201523574,1.79,0.44,7,2,15,5,50.9,49.1,2,1,0,0,6,2
2025-01-17 17:30:00,SuperSport United,Polokwane City FC,0.0,1.0,Pretoria,South Africa,Lucas Masterpieces Moripe Stadium,,,,South African Premier Division,,20250117_SuperSport-United_Polokwane-City-FC,-17.842771573200707,0.29,0.61,0,2,0,7,51.2,48.8,3,1,0,0,2,4
2025-01-18 13:30:00,Golden Arrows,TS Galaxy FC,1.0,1.0,Hammarsdale,South Africa,Mpumalanga Stadium,,,,South African Premier Division,,20250118_Golden-Arrows_TS-Galaxy-FC,-6.2555209266747624,1.03,1.4,3,5,5,9,53.8,46.2,0,0,0,0,4,6
2025-01-18 18:00:00,Chippa United,Marumo Gallants,2.0,2.0,"East London, South Africa",South Africa,Buffalo City Stadium,,,,South African Premier Division,,20250118_Chippa-United_Marumo-Gallants,-25.684104879463575,1.63,1.27,6,5,13,14,46.1,53.9,2,1,0,0,8,7
2025-01-19 13:30:00,Kaizer Chiefs,Sekhukhune United FC,1.0,0.0,Durban,South Africa,Moses Mabhida Stadium,,,,South African Premier Division,,20250119_Kaizer-Chiefs_Sekhukhune-United-FC,-85.41189740672121,1.19,1.55,4,4,10,9,51.2,48.8,3,1,0,0,2,3
2025-01-22 17:30:00,Magesi FC,Mamelodi Sundowns,1.0,2.0,Polokwane,South Africa,Old Peter Mokaba Stadium,,,,South African Premier Division,,20250122_Magesi-FC_Mamelodi-Sundowns,-302.6815288068203,1.35,1.3,5,2,12,4,44.7,55.3,1,4,0,0,6,2
2025-01-23 17:30:00,AmaZulu,Stellenbosch,0.0,5.0,Durban,South Africa,King Goodwill Zwelithini Stadium,,,,South African Premier Division,,20250123_AmaZulu_Stellenbosch,-95.48357553389519,1.1,0.76,2,5,4,10,55.0,45.0,1,2,0,0,1,2
2025-01-31 17:30:00,Richards Bay FC,Magesi FC,0.0,0.0,Durban,South Africa,King Goodwill Zwelithini Stadium,,,,South African Premier Division,,20250131_Richards-Bay-FC_Magesi-FC,-34.62846611473333,0.34,0.42,1,1,1,1,54.9,45.1,4,1,0,0,3,0
2025-02-01 13:30:00,Orlando Pirates,Kaizer Chiefs,1.0,0.0,Johannesburg,South Africa,FNB Stadium,,,,South African Premier Division,,20250201_Orlando-Pirates_Kaizer-Chiefs,111.69002209168707,0.61,0.05,2,0,3,0,55.4,44.6,2,0,0,0,4,0
2025-02-01 13:30:00,Stellenbosch,Sekhukhune United FC,1.0,1.0,Stellenbosch,South Africa,Danie Craven Stadium,,,,South African Premier Division,,20250201_Stellenbosch_Sekhukhune-United-FC,10.868957151064023,1.57,0.63,4,3,9,5,52.4,47.6,1,4,1,0,2,3
2025-02-01 15:30:00,Polokwane City FC,Chippa United,1.0,0.0,Polokwane,South Africa,Old Peter Mokaba Stadium,,,,South African Premier Division,,20250201_Polokwane-City-FC_Chippa-United,101.74393761472265,1.42,0.07,4,0,7,0,49.1,50.9,2,1,0,0,5,1
2025-02-01 18:00:00,AmaZulu,SuperSport United,2.0,1.0,Durban,South Africa,Moses Mabhida Stadium,,,,South African Premier Division,,20250201_AmaZulu_SuperSport-United,-55.26585799867894,1.46,1.11,6,2,11,5,47.6,52.4,1,1,0,0,5,2
2025-02-02 13:30:00,TS Galaxy FC,Cape Town City FC,2.0,0.0,Nelspruit,South Africa,Mbombela Stadium,,,,South African Premier Division,,20250202_TS-Galaxy-FC_Cape-Town-City-FC,-43.73006490475336,1.12,1.34,4,4,7,5,49.9,50.1,1,3,0,0,12,6
2025-02-02 15:45:00,Mamelodi Sundowns,Golden Arrows,4.0,0.0,Pretoria,South Africa,Lucas Masterpieces Moripe Stadium,,,,South African Premier Division,,20250202_Mamelodi-Sundowns_Golden-Arrows,253.06533244216462,1.95,0.56,6,1,11,1,57.4,42.6,1,1,0,0,1,0
2025-02-04 17:30:00,Kaizer Chiefs,AmaZulu,2.0,2.0,Johannesburg,South Africa,FNB Stadium,,,,South African Premier Division,,20250204_Kaizer-Chiefs_AmaZulu,24.38927585737906,1.27,0.92,4,3,10,6,45.0,55.0,1,1,0,0,5,8
2025-02-04 17:30:00,Richards Bay FC,Marumo Gallants,2.0,1.0,Durban,South Africa,King Goodwill Zwelithini Stadium,,,,South African Premier Division,,20250204_Richards-Bay-FC_Marumo-Gallants,-71.74040829741762,0.16,0.82,2,3,6,7,50.7,49.3,2,0,0,0,4,4
2025-02-05 10:00:00,Magesi FC,Chippa United,1.0,4.0,Polokwane,South Africa,Seshego Stadium,,,,South African Premier Division,,20250205_Magesi-FC_Chippa-United,-6.9999562011994385,1.46,1.18,4,5,7,11,49.7,50.3,1,2,0,0,6,4
2025-02-05 17:30:00,Cape Town City FC,Golden Arrows,1.0,1.0,Cape Town,South Africa,Athlone Stadium,,,,South African Premier Division,,20250205_Cape-Town-City-FC_Golden-Arrows,40.58617589985397,1.54,0.32,3,1,7,1,51.9,48.1,4,3,0,0,7,3
2025-02-05 17:30:00,Sekhukhune United FC,Orlando Pirates,1.0,2.0,Polokwane,South Africa,Old Peter Mokaba Stadium,,,,South African Premier Division,,20250205_Sekhukhune-United-FC_Orlando-Pirates,-63.956816805675544,1.07,2.11,4,8,10,18,47.1,52.9,2,0,0,0,9,10
2025-02-05 17:30:00,SuperSport United,Mamelodi Sundowns,0.0,3.0,Pretoria,South Africa,Lucas Masterpieces Moripe Stadium,,,,South African Premier Division,,20250205_SuperSport-United_Mamelodi-Sundowns,-252.73856948568027,0.63,0.76,2,3,5,7,49.5,50.5,0,1,0,0,4,4
2025-02-05 17:30:00,TS Galaxy FC,Polokwane City FC,0.0,0.0,Nelspruit,South Africa,Mbombela Stadium,,,,South African Premier Division,,20250205_TS-Galaxy-FC_Polokwane-City-FC,-48.62317857304424,1.88,0.83,6,5,13,10,47.7,52.3,0,1,0,0,6,3
2025-02-07 17:30:00,AmaZulu,Marumo Gallants,2.0,0.0,Durban,South Africa,Moses Mabhida Stadium,,,,South African Premier Division,,20250207_AmaZulu_Marumo-Gallants,11.130699074592712,1.67,1.21,6,3,13,7,46.6,53.4,2,2,0,0,2,5
2025-02-07 17:30:00,Stellenbosch,Kaizer Chiefs,0.0,1.0,Cape Town,South Africa,Athlone Stadium,,,,South African Premier Division,,20250207_Stellenbosch_Kaizer-Chiefs,75.23255511381512,0.25,0.45,1,1,1,2,59.5,40.5,0,4,0,0,3,4
2025-02-08 13:30:00,Magesi FC,Cape Town City FC,2.0,0.0,Polokwane,South Africa,Seshego Stadium,,,,South African Premier Division,,20250208_Magesi-FC_Cape-Town-City-FC,-104.37469647169132,1.55,0.12,4,0,10,0,49.7,50.3,1,2,0,0,11,4
2025-02-08 13:30:00,Mamelodi Sundowns,Orlando Pirates,4.0,1.0,Pretoria,South Africa,Loftus Versfeld Stadium,,,,South African Premier Division,,20250208_Mamelodi-Sundowns_Orlando-Pirates,122.32583303770525,0.64,0.55,4,1,11,4,55.9,44.1,1,1,0,0,5,4
2025-02-08 18:00:00,Richards Bay FC,Polokwane City FC,2.0,0.0,Durban,South Africa,King Goodwill Zwelithini Stadium,,,,South African Premier Division,,20250208_Richards-Bay-FC_Polokwane-City-FC,-142.04251531000068,0.88,1.12,4,2,8,5,44.8,55.2,2,2,0,0,4,6
2025-02-08 18:00:00,TS Galaxy FC,Chippa United,1.0,0.0,Nelspruit,South Africa,Mbombela Stadium,,,,South African Premier Division,,20250208_TS-Galaxy-FC_Chippa-United,60.197025868659466,0.55,0.47,2,1,6,4,51.3,48.7,1,3,0,0,4,2
2025-02-09 13:30:00,Sekhukhune United FC,SuperSport United,1.0,1.0,Polokwane,South Africa,Old Peter Mokaba Stadium,,,,South African Premier Division,,20250209_Sekhukhune-United-FC_SuperSport-United,55.90874296240895,0.81,0.99,1,4,2,10,52.3,47.7,3,1,0,0,4,4
2025-02-11 17:30:00,TS Galaxy FC,Mamelodi Sundowns,1.0,0.0,Nelspruit,South Africa,Mbombela Stadium,,,,South African Premier Division,,20250211_TS-Galaxy-FC_Mamelodi-Sundowns,-239.14799847492986,1.04,1.03,2,3,6,6,44.2,55.8,1,0,0,0,3,2
2025-02-18 17:30:00,Cape Town City FC,Chippa United,0.0,2.0,Cape Town,South Africa,Athlone Stadium,,,,South African Premier Division,,20250218_Cape-Town-City-FC_Chippa-United,68.29933803141466,0.91,0.69,3,2,8,5,55.7,44.3,1,1,0,0,5,5
2025-02-18 17:30:00,Kaizer Chiefs,SuperSport United,1.0,4.0,Johannesburg,South Africa,FNB Stadium,,,,South African Premier Division,,20250218_Kaizer-Chiefs_SuperSport-United,13.254269782224128,0.56,1.22,2,4,4,8,49.8,50.2,1,1,0,0,4,8
2025-02-18 17:30:00,Polokwane City FC,Magesi FC,0.0,1.0,Polokwane,South Africa,Old Peter Mokaba Stadium,,,,South African Premier Division,,20250218_Polokwane-City-FC_Magesi-FC,103.84961251924415,1.35,1.12,2,3,6,7,59.8,40.2,0,0,1,0,6,2
2025-02-18 17:30:00,TS Galaxy FC,Stellenbosch,2.0,3.0,Nelspruit,South Africa,Mbombela Stadium,,,,South African Premier Division,,20250218_TS-Galaxy-FC_Stellenbosch,-11.505349531760203,1.52,2.07,5,6,12,13,50.9,49.1,1,1,0,0,8,4
2025-02-19 17:30:00,Marumo Gallants,Mamelodi Sundowns,1.0,3.0,Bloemfontein,South Africa,Dr. Petrus Molemela Stadium,,,,South African Premier Division,,20250219_Marumo-Gallants_Mamelodi-Sundowns,-295.4446140214243,0.72,1.34,1,4,2,8,41.7,58.3,1,0,0,0,3,8
2025-02-19 17:30:00,Sekhukhune United FC,AmaZulu,4.0,2.0,Polokwane,South Africa,Old Peter Mokaba Stadium,,,,South African Premier Division,,20250219_Sekhukhune-United-FC_AmaZulu,64.47559919466835,1.67,1.5,4,4,8,8,53.5,46.5,1,1,0,0,4,8
2025-02-21 17:30:00,Stellenbosch,Richards Bay FC,1.0,1.0,Stellenbosch,South Africa,Danie Craven Stadium,,,,South African Premier Division,,20250221_Stellenbosch_Richards-Bay-FC,132.31897689497782,1.74,1.36,6,5,15,11,56.4,43.6,2,0,0,0,4,7
2025-02-22 13:30:00,Chippa United,Sekhukhune United FC,0.0,1.0,"East London, South Africa",South Africa,Buffalo City Stadium,,,,South African Premier Division,,20250222_Chippa-United_Sekhukhune-United-FC,-98.92735449409133,0.34,0.56,0,2,0,3,49.3,50.7,1,3,0,0,3,2
2025-02-22 13:30:00,Orlando Pirates,Cape Town City FC,2.0,1.0,Johannesburg,South Africa,Orlando Stadium,,,,South African Premier Division,,20250222_Orlando-Pirates_Cape-Town-City-FC,127.04905423998866,1.66,1.8,4,6,9,13,49.4,50.6,5,1,0,0,4,6
2025-02-22 15:45:00,Mamelodi Sundowns,TS Galaxy FC,4.0,1.0,Pretoria,South Africa,Lucas Masterpieces Moripe Stadium,,,,South African Premier Division,,20250222_Mamelodi-Sundowns_TS-Galaxy-FC,216.1299956049388,1.63,0.85,5,2,10,6,59.2,40.8,0,2,0,0,10,3
2025-02-22 18:00:00,AmaZulu,Magesi FC,3.0,0.0,Durban,South Africa,Moses Mabhida Stadium,,,,South African Premier Division,,20250222_AmaZulu_Magesi-FC,18.77523983634387,1.32,0.67,4,2,8,5,53.1,46.9,1,1,0,0,4,2
2025-02-23 13:30:00,Marumo Gallants,Polokwane City FC,0.0,0.0,Bloemfontein,South Africa,Dr. Petrus Molemela Stadium,,,,South African Premier Division,,20250223_Marumo-Gallants_Polokwane-City-FC,-82.37566210880414,0.73,0.7,4,2,7,5,46.0,54.0,1,2,0,1,4,3
2025-02-25 17:30:00,Stellenbosch,Magesi FC,2.0,1.0,Stellenbosch,South Africa,Danie Craven Stadium,,,,South African Premier Division,,20250225_Stellenbosch_Magesi-FC,118.93275477530574,1.12,0.9,3,3,7,8,60.6,39.4,4,1,0,0,1,2
2025-02-26 17:30:00,Sekhukhune United FC,Mamelodi Sundowns,2.0,4.0,Polokwane,South Africa,Old Peter Mokaba Stadium,,,,South African Premier Division,,20250226_Sekhukhune-United-FC_Mamelodi-Sundowns,-187.21010957854037,1.77,1.54,5,5,11,12,48.2,51.8,1,1,0,0,1,9
2025-02-28 17:30:00,Stellenbosch,Polokwane City FC,1.0,1.0,Stellenbosch,South Africa,Danie Craven Stadium,,,,South African Premier Division,,20250228_Stellenbosch_Polokwane-City-FC,45.536883834026185,0.68,1.48,1,5,2,14,55.6,44.4,3,1,0,0,2,7
2025-03-01 13:30:00,Magesi FC,SuperSport United,1.0,0.0,Polokwane,South Africa,Seshego Stadium,,,,South African Premier Division,,20250301_Magesi-FC_SuperSport-United,-72.82464925722161,1.07,0.05,4,0,9,0,52.2,47.8,1,2,0,0,8,3
2025-03-01 13:30:00,Mamelodi Sundowns,Kaizer Chiefs,1.0,0.0,Pretoria,South Africa,Lucas Masterpieces Moripe Stadium,,,,South African Premier Division,,20250301_Mamelodi-Sundowns_Kaizer-Chiefs,263.0587616197181,1.2,0.37,2,0,7,0,61.1,38.9,3,0,0,0,3,3
2025-03-01 15:30:00,TS Galaxy FC,Golden Arrows,2.0,0.0,Nelspruit,South Africa,Mbombela Stadium,,,,South African Premier Division,,20250301_TS-Galaxy-FC_Golden-Arrows,36.26641316881796,0.91,0.2,2,0,4,1,46.5,53.5,2,2,0,0,4,3
2025-03-01 15:45:00,Marumo Gallants,Orlando Pirates,2.0,0.0,Bloemfontein,South Africa,Free State Toyota Stadium,,,,South African Premier Division,,20250301_Marumo-Gallants_Orlando-Pirates,-185.10838122189057,1.1,0.7,4,2,12,2,49.2,50.8,1,0,0,0,7,2
2025-03-01 18:00:00,Richards Bay FC,Chippa United,0.0,0.0,Durban,South Africa,King Goodwill Zwelithini Stadium,,,,South African Premier Division,,20250301_Richards-Bay-FC_Chippa-United,-11.263291275284246,0.05,0.58,1,3,4,6,52.1,47.9,1,3,0,0,5,5
2025-03-02 13:30:00,AmaZulu,Cape Town City FC,2.0,0.0,Durban,South Africa,King Goodwill Zwelithini Stadium,,,,South African Premier Division,,20250302_AmaZulu_Cape-Town-City-FC,-5.636391289067433,1.18,0.48,2,2,2,4,42.8,57.2,1,4,0,0,5,4
2025-03-04 17:30:00,Kaizer Chiefs,Magesi FC,1.0,0.0,Johannesburg,South Africa,FNB Stadium,,,,South African Premier Division,,20250304_Kaizer-Chiefs_Magesi-FC,42.357415589696075,1.61,0.05,4,0,7,0,49.7,50.3,0,1,0,0,6,0
2025-03-04 17:30:00,Marumo Gallants,Stellenbosch,0.0,1.0,Bloemfontein,South Africa,Dr. Petrus Molemela Stadium,,,,South African Premier Division,,20250304_Marumo-Gallants_Stellenbosch,-102.91259226718194,0.77,1.6,1,4,3,8,50.4,49.6,2,3,1,0,3,4
2025-03-05 17:30:00,Cape Town City FC,TS Galaxy FC,1.0,1.0,Cape Town,South Africa,Athlone Stadium,,,,South African Premier Division,,20250305_Cape-Town-City-FC_TS-Galaxy-FC,-59.044639311897754,0.8,2.09,1,8,0,18,50.9,49.1,1,0,0,0,0,8
2025-03-05 17:30:00,Chippa United,Orlando Pirates,0.0,1.0,Gqeberha,South Africa,Nelson Mandela Bay Stadium,,,,South African Premier Division,,20250305_Chippa-United_Orlando-Pirates,-165.69925010969723,1.19,1.52,4,5,10,10,37.3,62.7,1,1,1,0,8,4
2025-03-05 17:30:00,Golden Arrows,Mamelodi Sundowns,1.0,1.0,Hammarsdale,South Africa,Mpumalanga Stadium,,,,South African Premier Division,,20250305_Golden-Arrows_Mamelodi-Sundowns,-284.3087243182638,1.65,0.05,7,1,16,0,36.6,63.4,0,0,0,0,16,1
2025-03-05 17:30:00,Richards Bay FC,Sekhukhune United FC,2.0,1.0,Durban,South Africa,King Goodwill Zwelithini Stadium,,,,South African Premier Division,,20250305_Richards-Bay-FC_Sekhukhune-United-FC,-121.05223999103396,0.94,2.31,3,6,7,13,45.2,54.8,1,1,0,0,1,3
2025-03-05 17:30:00,SuperSport United,AmaZulu,0.0,0.0,Pretoria,South Africa,Lucas Masterpieces Moripe Stadium,,,,South African Premier Division,,20250305_SuperSport-United_AmaZulu,-3.374113998706889,1.27,0.74,4,3,9,5,54.4,45.6,2,3,0,0,3,7
2025-03-11 17:30:00,Magesi FC,Richards Bay FC,1.0,0.0,Polokwane,South Africa,Seshego Stadium,,,,South African Premier Division,,20250311_Magesi-FC_Richards-Bay-FC,-15.85552052348794,0.54,0.6,1,1,2,2,48.9,51.1,2,0,0,0,2,1
2025-03-11 17:30:00,Mamelodi Sundowns,AmaZulu,2.0,0.0,Pretoria,South Africa,Lucas Masterpieces Moripe Stadium,,,,South African Premier Division,,20250311_Mamelodi-Sundowns_AmaZulu,258.85693412056116,1.4,1.31,4,3,8,7,57.3,42.7,0,0,0,0,3,2
2025-03-11 17:30:00,Stellenbosch,Orlando Pirates,0.0,0.0,Cape Town,South Africa,Athlone Stadium,,,,South African Premier Division,,20250311_Stellenbosch_Orlando-Pirates,-44.62437733756883,1.15,0.87,5,3,9,6,46.3,53.7,4,4,0,0,5,5
2025-03-11 17:30:00,TS Galaxy FC,SuperSport United,3.0,1.0,Nelspruit,South Africa,Mbombela Stadium,,,,South African Premier Division,,20250311_TS-Galaxy-FC_SuperSport-United,41.529375383846855,1.11,1.6,5,4,12,8,48.6,51.4,1,1,0,0,7,5
2025-03-12 17:30:00,Kaizer Chiefs,Cape Town City FC,0.0,0.0,Johannesburg,South Africa,FNB Stadium,,,,South African Premier Division,,20250312_Kaizer-Chiefs_Cape-Town-City-FC,22.394034507995457,1.45,0.64,4,2,9,5,49.9,50.1,2,1,0,0,2,2
2025-03-12 17:30:00,Marumo Gallants,Sekhukhune United FC,1.0,2.0,Bloemfontein,South Africa,Dr. Petrus Molemela Stadium,,,,South African Premier Division,,20250312_Marumo-Gallants_Sekhukhune-United-FC,-86.80199474358619,0.55,0.97,2,3,4,7,44.1,55.9,3,5,0,1,3,4
2025-03-12 17:30:00,Polokwane City FC,Golden Arrows,0.0,1.0,Polokwane,South Africa,Old Peter Mokaba Stadium,,,,South African Premier Division,,20250312_Polokwane-City-FC_Golden-Arrows,38.71978039052556,0.6,0.97,3,3,8,6,51.6,48.4,2,3,0,0,2,4
2025-03-14 17:30:00,AmaZulu,TS Galaxy FC,1.0,2.0,Durban,South Africa,King Goodwill Zwelithini Stadium,,,,South African Premier Division,,20250314_AmaZulu_TS-Galaxy-FC,-53.374508450279336,1.7,1.2,6,4,12,9,47.4,52.6,1,0,0,0,7,4
2025-03-15 13:30:00,Cape Town City FC,Marumo Gallants,0.0,1.0,Cape Town,South Africa,Athlone Stadium,,,,South African Premier Division,,20250315_Cape-Town-City-FC_Marumo-Gallants,32.82058415691063,0.8,1.2,2,3,6,7,50.1,49.9,0,1,1,0,10,4
2025-03-15 13:30:00,Magesi FC,Golden Arrows,1.0,0.0,Polokwane,South Africa,Seshego Stadium,,,,South African Premier Division,,20250315_Magesi-FC_Golden-Arrows,-49.180623724845645,0.81,0.05,3,0,7,0,43.9,56.1,2,1,1,0,3,1
2025-03-15 18:00:00,Chippa United,Polokwane City FC,2.0,0.0,"East London, South Africa",South Africa,Buffalo City Stadium,,,,South African Premier Division,,20250315_Chippa-United_Polokwane-City-FC,-70.13731539916807,0.64,0.78,4,3,8,7,44.4,55.6,3,0,0,0,7,4
2025-03-16 13:30:00,Orlando Pirates,Mamelodi Sundowns,2.0,1.0,Johannesburg,South Africa,FNB Stadium,,,,South African Premier Division,,20250316_Orlando-Pirates_Mamelodi-Sundowns,-139.77649890072348,1.22,1.83,3,4,7,9,46.9,53.1,2,4,0,1,7,3
2025-03-16 13:30:00,Richards Bay FC,Kaizer Chiefs,2.0,0.0,Durban,South Africa,King Goodwill Zwelithini Stadium,,,,South African Premier Division,,20250316_Richards-Bay-FC_Kaizer-Chiefs,-59.36521623557519,1.48,1.67,4,6,10,12,46.8,53.2,2,1,0,1,6,6
2025-03-16 15:45:00,Sekhukhune United FC,Stellenbosch,1.0,2.0,Polokwane,South Africa,Peter Mokaba Stadium,,,,South African Premier Division,,20250316_Sekhukhune-United-FC_Stellenbosch,-25.672537934817,1.68,1.19,5,4,11,7,53.9,46.1,0,1,0,0,12,3
2025-03-29 13:30:00,Chippa United,AmaZulu,2.0,1.0,"East London, South Africa",South Africa,Buffalo City Stadium,,,,South African Premier Division,,20250329_Chippa-United_AmaZulu,-25.04690795981969,0.67,1.58,2,4,3,9,43.0,57.0,0,1,0,0,2,7
2025-03-29 13:30:00,Golden Arrows,Kaizer Chiefs,2.0,1.0,Durban,South Africa,Moses Mabhida Stadium,,,,South African Premier Division,,20250329_Golden-Arrows_Kaizer-Chiefs,-0.6023174847207429,1.23,0.19,5,2,11,6,46.3,53.7,0,5,0,0,6,7
2025-03-29 15:45:00,Magesi FC,Stellenbosch,1.0,0.0,Polokwane,South Africa,Seshego Stadium,,,,South African Premier Division,,20250329_Magesi-FC_Stellenbosch,-124.48411228703185,0.24,0.71,1,2,1,4,42.6,57.4,1,3,0,1,4,2
2025-03-30 13:30:00,Polokwane City FC,Richards Bay FC,3.0,1.0,Polokwane,South Africa,Old Peter Mokaba Stadium,,,,South African Premier Division,,20250330_Polokwane-City-FC_Richards-Bay-FC,42.05497891477785,1.08,0.42,3,2,7,5,49.0,51.0,2,0,0,0,6,9
2025-03-30 15:30:00,TS Galaxy FC,Marumo Gallants,1.0,2.0,Nelspruit,South Africa,Mbombela Stadium,,,,South African Premier Division,,20250330_TS-Galaxy-FC_Marumo-Gallants,94.66606027210764,1.99,0.18,7,2,14,3,54.4,45.6,0,0,0,0,8,4
2025-03-30 15:45:00,SuperSport United,Cape Town City FC,0.0,0.0,Polokwane,South Africa,Peter Mokaba Stadium,,,,South African Premier Division,,20250330_SuperSport-United_Cape-Town-City-FC,15.260832645957407,0.51,0.75,1,3,1,6,49.6,50.4,1,3,0,0,2,3
2025-04-04 17:30:00,AmaZulu,Richards Bay FC,1.0,0.0,Durban,South Africa,King Goodwill Zwelithini Stadium,,,,South African Premier Division,,20250404_AmaZulu_Richards-Bay-FC,23.435658671963893,1.15,1.37,4,4,8,9,49.7,50.3,6,2,0,0,9,5
2025-04-05 13:00:00,Golden Arrows,Chippa United,0.0,0.0,Hammarsdale,South Africa,Mpumalanga Stadium,,,,South African Premier Division,,20250405_Golden-Arrows_Chippa-United,29.160932254192176,1.45,0.62,5,3,11,7,53.0,47.0,1,1,0,0,5,2
2025-04-05 13:00:00,Marumo Gallants,SuperSport United,1.0,1.0,Bloemfontein,South Africa,Dr. Petrus Molemela Stadium,,,,South African Premier Division,,20250405_Marumo-Gallants_SuperSport-United,-6.103149945169434,0.17,0.26,1,1,1,2,51.4,48.6,4,2,0,0,3,3
2025-04-05 13:00:00,Polokwane City FC,Orlando Pirates,0.0,1.0,Polokwane,South Africa,Old Peter Mokaba Stadium,,,,South African Premier Division,,20250405_Polokwane-City-FC_Orlando-Pirates,-127.79713146751624,0.86,0.56,3,2,6,4,46.9,53.1,1,1,0,0,9,2
2025-04-05 17:00:00,Kaizer Chiefs,TS Galaxy FC,1.0,1.0,Polokwane,South Africa,Peter Mokaba Stadium,,,,South African Premier Division,,20250405_Kaizer-Chiefs_TS-Galaxy-FC,-64.98686302545752,0.65,1.64,1,4,3,10,44.5,55.5,1,1,0,0,1,6
2025-04-06 15:30:00,Cape Town City FC,Sekhukhune United FC,1.0,2.0,Cape Town,South Africa,DHL Cape Town Stadium,,,,South African Premier Division,,20250406_Cape-Town-City-FC_Sekhukhune-United-FC,-73.59561660087456,1.3,1.87,5,6,11,11,47.1,52.9,5,2,0,0,7,5
2025-04-15 17:30:00,Stellenbosch,AmaZulu,1.0,0.0,Stellenbosch,South Africa,Danie Craven Stadium,,,,South African Premier Division,,20250415_Stellenbosch_AmaZulu,93.18235161998291,0.5,0.05,2,0,7,1,55.3,44.7,0,3,1,0,5,1
2025-04-18 17:30:00,Richards Bay FC,Cape Town City FC,1.0,0.0,Durban,South Africa,King Goodwill Zwelithini Stadium,,,,South African Premier Division,,20250418_Richards-Bay-FC_Cape-Town-City-FC,-24.13268490658288,0.96,1.42,4,5,9,9,46.3,53.7,2,2,1,0,6,5
2025-04-19 13:00:00,Marumo Gallants,Golden Arrows,1.0,1.0,Bloemfontein,South Africa,Dr. Petrus Molemela Stadium,,,,South African Premier Division,,20250419_Marumo-Gallants_Golden-Arrows,-21.52074959980291,0.91,1.45,4,4,11,11,49.5,50.5,2,1,0,0,4,6
2025-04-19 15:30:00,Chippa United,Kaizer Chiefs,0.0,0.0,Gqeberha,South Africa,Nelson Mandela Bay Stadium,,,,South African Premier Division,,20250419_Chippa-United_Kaizer-Chiefs,-6.935569967810352,0.1,0.96,1,3,1,8,50.3,49.7,0,1,0,0,4,6
2025-04-19 15:30:00,Sekhukhune United FC,Polokwane City FC,2.0,0.0,Polokwane,South Africa,Peter Mokaba Stadium,,,,South African Premier Division,,20250419_Sekhukhune-United-FC_Polokwane-City-FC,50.138273975234824,1.33,1.76,5,6,11,14,52.3,47.7,2,3,1,0,6,11
2025-04-20 13:00:00,Magesi FC,TS Galaxy FC,2.0,1.0,Polokwane,South Africa,Seshego Stadium,,,,South African Premier Division,,20250420_Magesi-FC_TS-Galaxy-FC,-57.030956552066755,0.87,0.9,3,3,8,7,45.0,55.0,3,2,0,0,5,5
2025-04-26 13:00:00,Golden Arrows,AmaZulu,0.0,1.0,Hammarsdale,South Africa,Mpumalanga Stadium,,,,South African Premier Division,,20250426_Golden-Arrows_AmaZulu,25.758856429760044,0.86,1.28,2,4,3,6,53.5,46.5,3,2,0,0,5,7
2025-04-26 13:00:00,Kaizer Chiefs,Marumo Gallants,1.0,2.0,Johannesburg,South Africa,FNB Stadium,,,,South African Premier Division,,20250426_Kaizer-Chiefs_Marumo-Gallants,0.32317085423073877,0.52,1.01,2,4,5,10,53.7,46.3,1,2,0,0,3,8
2025-04-26 13:00:00,Polokwane City FC,SuperSport United,1.0,1.0,Polokwane,South Africa,Old Peter Mokaba Stadium,,,,South African Premier Division,,20250426_Polokwane-City-FC_SuperSport-United,8.676025572156504,1.54,1.16,2,2,3,7,49.2,50.8,2,2,0,0,7,3
2025-04-27 13:00:00,TS Galaxy FC,Sekhukhune United FC,1.0,1.0,Soweto,South Africa,Dobsonville Stadium,,,,South African Premier Division,,20250427_TS-Galaxy-FC_Sekhukhune-United-FC,-37.15419624677338,1.49,0.3,3,1,8,2,42.2,57.8,3,2,0,0,8,4
2025-04-30 17:30:00,Mamelodi Sundowns,Richards Bay FC,3.0,0.0,Pretoria,South Africa,Loftus Versfeld Stadium,,,,South African Premier Division,,20250430_Mamelodi-Sundowns_Richards-Bay-FC,295.93111878922696,2.53,1.65,8,6,16,10,60.8,39.2,1,0,0,0,6,6
2025-04-30 17:30:00,Orlando Pirates,Sekhukhune United FC,0.0,1.0,Johannesburg,South Africa,Orlando Stadium,,,,South African Premier Division,,20250430_Orlando-Pirates_Sekhukhune-United-FC,84.2068350827501,0.8,0.05,1,1,3,2,53.7,46.3,1,6,0,0,3,4
2025-04-30 17:30:00,Stellenbosch,Chippa United,1.0,0.0,Stellenbosch,South Africa,Danie Craven Stadium,,,,South African Premier Division,,20250430_Stellenbosch_Chippa-United,111.30612541552159,1.8,0.84,4,4,10,9,54.6,45.4,2,2,0,0,3,7
2025-05-02 17:30:00,AmaZulu,Polokwane City FC,1.0,1.0,Durban,South Africa,King Goodwill Zwelithini Stadium,,,,South African Premier Division,,20250502_AmaZulu_Polokwane-City-FC,-6.150436348915491,2.23,1.66,6,4,14,8,46.8,53.2,2,1,0,0,10,3
2025-05-03 13:00:00,Golden Arrows,Stellenbosch,0.0,3.0,Hammarsdale,South Africa,Mpumalanga Stadium,,,,South African Premier Division,,20250503_Golden-Arrows_Stellenbosch,-106.306719847988,0.66,1.93,2,7,4,15,49.2,50.8,1,0,0,0,1,9
2025-05-03 13:00:00,Kaizer Chiefs,Orlando Pirates,1.0,2.0,Johannesburg,South Africa,FNB Stadium,,,,South African Premier Division,,20250503_Kaizer-Chiefs_Orlando-Pirates,-164.07764052312086,0.31,1.96,1,7,3,17,49.6,50.4,3,2,0,0,3,8
2025-05-03 15:30:00,Magesi FC,Sekhukhune United FC,1.0,1.0,Polokwane,South Africa,Seshego Stadium,,,,South African Premier Division,,20250503_Magesi-FC_Sekhukhune-United-FC,-79.85496894031235,1.13,1.47,5,5,9,13,53.3,46.7,2,4,0,1,7,4
2025-05-03 15:45:00,SuperSport United,Chippa United,2.0,0.0,Polokwane,South Africa,Peter Mokaba Stadium,,,,South African Premier Division,,20250503_SuperSport-United_Chippa-United,19.654178371459466,1.17,1.21,6,5,14,13,47.9,52.1,5,1,0,0,7,7
2025-05-03 18:00:00,Cape Town City FC,Mamelodi Sundowns,0.0,2.0,Cape Town,South Africa,DHL Cape Town Stadium,,,,South African Premier Division,,20250503_Cape-Town-City-FC_Mamelodi-Sundowns,-301.15894222404654,0.57,1.55,2,4,5,10,36.2,63.8,1,1,0,0,2,4
2025-05-04 13:00:00,TS Galaxy FC,Richards Bay FC,0.0,1.0,Pretoria,South Africa,Lucas Masterpieces Moripe Stadium,,,,South African Premier Division,,20250504_TS-Galaxy-FC_Richards-Bay-FC,81.98757644056104,0.8,1.12,2,1,2,1,47.4,52.6,1,2,0,0,1,3
2025-05-06 17:30:00,Golden Arrows,Orlando Pirates,1.0,2.0,Durban,South Africa,Moses Mabhida Stadium,,,,South African Premier Division,,20250506_Golden-Arrows_Orlando-Pirates,-160.40018077002765,0.46,1.47,2,5,4,10,42.1,57.9,4,0,0,0,1,8
2025-05-07 17:30:00,Mamelodi Sundowns,Chippa United,3.0,0.0,Pretoria,South Africa,Loftus Versfeld Stadium,,,,South African Premier Division,,20250507_Mamelodi-Sundowns_Chippa-United,299.11427187272966,1.79,0.07,5,0,11,0,62.0,38.0,0,1,0,0,6,4
2025-05-11 13:00:00,Mamelodi Sundowns,Stellenbosch,3.0,0.0,Pretoria,South Africa,Lucas Masterpieces Moripe Stadium,,,,South African Premier Division,,20250511_Mamelodi-Sundowns_Stellenbosch,155.12281440663173,1.15,2.7,4,8,8,17,54.4,45.6,1,2,0,0,7,9
2025-05-13 17:30:00,Orlando Pirates,Golden Arrows,3.0,0.0,Johannesburg,South Africa,Orlando Stadium,,,,South African Premier Division,,20250513_Orlando-Pirates_Golden-Arrows,174.045539691974,1.33,0.27,5,0,10,0,53.2,46.8,3,2,0,0,4,2
2025-05-14 17:30:00,Chippa United,Mamelodi Sundowns,0.0,3.0,"East London, South Africa",South Africa,Buffalo City Stadium,,,,South African Premier Division,,20250514_Chippa-United_Mamelodi-Sundowns,-313.36470905586793,1.82,2.11,6,7,12,17,41.2,58.8,0,2,0,0,10,11
2025-05-17 13:00:00,Marumo Gallants,Chippa United,1.0,1.0,Bloemfontein,South Africa,Dr. Petrus Molemela Stadium,,,,South African Premier Division,,20250517_Marumo-Gallants_Chippa-United,44.78073509659157,1.58,1.0,4,4,6,8,50.0,50.0,1,1,0,0,6,4
2025-05-17 13:00:00,Orlando Pirates,TS Galaxy FC,1.0,1.0,Johannesburg,South Africa,Orlando Stadium,,,,South African Premier Division,,20250517_Orlando-Pirates_TS-Galaxy-FC,138.71997784302107,0.5,1.47,2,4,5,9,49.0,51.0,2,4,0,0,3,5
2025-05-17 13:00:00,Polokwane City FC,Cape Town City FC,0.0,2.0,Polokwane,South Africa,Old Peter Mokaba Stadium,,,,South African Premier Division,,20250517_Polokwane-City-FC_Cape-Town-City-FC,48.091231743028175,0.74,1.82,3,4,8,11,49.4,50.6,2,1,0,0,4,6
2025-05-17 13:00:00,Richards Bay FC,Golden Arrows,0.0,0.0,Durban,South Africa,King Goodwill Zwelithini Stadium,,,,South African Premier Division,,20250517_Richards-Bay-FC_Golden-Arrows,-4.209958852786713,1.24,0.65,3,3,7,5,56.8,43.2,1,2,0,0,5,3
2025-05-17 13:00:00,Sekhukhune United FC,Kaizer Chiefs,1.0,1.0,Polokwane,South Africa,Peter Mokaba Stadium,,,,South African Premier Division,,20250517_Sekhukhune-United-FC_Kaizer-Chiefs,113.58557612257937,0.67,0.67,1,1,0,4,40.7,59.3,2,3,0,1,3,5
2025-05-17 13:00:00,Stellenbosch,SuperSport United,2.0,1.0,Stellenbosch,South Africa,Danie Craven Stadium,,,,South African Premier Division,,20250517_Stellenbosch_SuperSport-United,98.36072707668586,1.63,0.79,5,2,11,8,53.6,46.4,3,2,0,0,12,1
2025-05-18 15:30:00,Mamelodi Sundowns,Magesi FC,2.0,0.0,Pretoria,South Africa,Loftus Versfeld Stadium,,,,South African Premier Division,,20250518_Mamelodi-Sundowns_Magesi-FC,266.6374967642969,0.8,1.24,4,3,10,6,60.6,39.4,0,0,0,0,6,4
2025-05-20 17:30:00,SuperSport United,Orlando Pirates,0.0,1.0,Polokwane,South Africa,Peter Mokaba Stadium,,,,South African Premier Division,,20250520_SuperSport-United_Orlando-Pirates,-159.9558778290159,0.61,1.08,0,4,2,8,41.5,58.5,1,1,0,0,2,4
2025-05-24 13:00:00,AmaZulu,Orlando Pirates,1.0,1.0,Durban,South Africa,Moses Mabhida Stadium,,,,South African Premier Division,,20250524_AmaZulu_Orlando-Pirates,-167.2834596194375,1.44,0.47,4,1,8,2,50.9,49.1,6,0,0,0,8,2
2025-05-24 13:00:00,Cape Town City FC,Stellenbosch,0.0,0.0,Cape Town,South Africa,DHL Cape Town Stadium,,,,South African Premier Division,,20250524_Cape-Town-City-FC_Stellenbosch,-144.94962478252637,0.39,0.08,0,1,0,2,46.1,53.9,0,3,0,0,0,3
2025-05-24 13:00:00,Golden Arrows,Sekhukhune United FC,3.0,2.0,Durban,South Africa,Princess Magogo Stadium,,,,South African Premier Division,,20250524_Golden-Arrows_Sekhukhune-United-FC,-106.09326172457213,1.25,0.71,5,3,12,7,46.7,53.3,2,4,0,0,5,4
2025-05-24 13:00:00,Kaizer Chiefs,Polokwane City FC,0.0,0.0,Johannesburg,South Africa,FNB Stadium,,,,South African Premier Division,,20250524_Kaizer-Chiefs_Polokwane-City-FC,-14.071494231971883,2.16,1.93,5,5,11,11,47.5,52.5,1,0,0,0,6,10
2025-05-24 13:00:00,Magesi FC,Marumo Gallants,1.0,1.0,Polokwane,South Africa,Seshego Stadium,,,,South African Premier Division,,20250524_Magesi-FC_Marumo-Gallants,6.01618915306517,1.69,2.42,5,8,10,18,48.3,51.7,4,3,0,0,5,7
2025-05-24 13:00:00,SuperSport United,Richards Bay FC,0.0,2.0,Polokwane,South Africa,Peter Mokaba Stadium,,,,South African Premier Division,,20250524_SuperSport-United_Richards-Bay-FC,19.658564827965847,0.43,1.98,2,5,7,12,45.3,54.7,3,0,0,0,4,6
2025-05-28 17:30:00,Orlando Pirates,Magesi FC,1.0,1.0,Johannesburg,South Africa,Orlando Stadium,,,,South African Premier Division,,20250528_Orlando-Pirates_Magesi-FC,153.0105511230788,0.67,1.21,4,4,8,10,58.1,41.9,1,3,0,0,7,4
2025-05-29 10:00:00,SuperSport United,Golden Arrows,1.0,1.0,Pretoria,South Africa,Lucas Masterpieces Moripe Stadium,,,,South African Premier Division,,20250529_SuperSport-United_Golden-Arrows,-12.49338478464665,0.98,1.56,3,5,6,14,43.1,56.9,2,0,0,0,10,8
2025-08-09 13:00:00,AmaZulu,Orbit College,1.0,0.0,Durban,South Africa,Princess Magogo Stadium,,,,South African Premier Division,,20250809_AmaZulu_Orbit-College,-10.031619121294398,0.05,0.88,1,3,4,6,48.2,51.8,2,2,0,0,3,0
2025-08-09 13:00:00,Chippa United,Mamelodi Sundowns,1.0,1.0,Gqeberha,South Africa,Nelson Mandela Bay Stadium,,,,South African Premier Division,,20250809_Chippa-United_Mamelodi-Sundowns,-322.8675106503358,1.24,1.16,5,4,12,8,41.9,58.1,2,0,0,0,4,4
2025-08-09 13:00:00,Polokwane City FC,Magesi FC,0.0,0.0,Polokwane,South Africa,Old Peter Mokaba Stadium,,,,South African Premier Division,,20250809_Polokwane-City-FC_Magesi-FC,-22.282083359914623,0.05,0.91,0,3,1,8,44.8,55.2,1,0,0,0,0,1
2025-08-09 13:00:00,Richards Bay FC,Marumo Gallants,1.0,2.0,Durban,South Africa,King Goodwill Zwelithini Stadium,,,,South African Premier Division,,20250809_Richards-Bay-FC_Marumo-Gallants,-16.62619430459972,0.94,0.62,3,2,6,1,46.6,53.4,3,3,0,1,6,1
2025-08-09 15:30:00,Orlando Pirates,Sekhukhune United FC,0.0,1.0,Johannesburg,South Africa,Orlando Stadium,,,,South African Premier Division,,20250809_Orlando-Pirates_Sekhukhune-United-FC,88.49005246748766,0.35,1.75,0,6,0,15,55.9,44.1,2,3,0,0,2,8
2025-08-09 18:00:00,Siwelele,Golden Arrows,3.0,1.0,Bloemfontein,South Africa,Dr. Petrus Molemela Stadium,,,,South African Premier Division,,20250809_Siwelele_Golden-Arrows,22.359725176321263,0.99,0.05,3,1,8,4,57.4,42.6,0,3,0,0,4,2
2025-08-10 13:00:00,TS Galaxy FC,Durban City,0.0,2.0,Nelspruit,South Africa,Mbombela Stadium,,,,South African Premier Division,,20250810_TS-Galaxy-FC_Durban-City,15.431287987243877,0.05,0.84,2,2,3,4,48.0,52.0,3,0,0,0,4,3
2025-08-10 15:30:00,Stellenbosch,Kaizer Chiefs,0.0,2.0,Cape Town,South Africa,Athlone Stadium,,,,South African Premier Division,,20250810_Stellenbosch_Kaizer-Chiefs,133.0102975799016,0.58,1.6,2,3,6,6,53.3,46.7,1,4,0,0,5,3
2025-08-12 17:30:00,Mamelodi Sundowns,AmaZulu,2.0,0.0,Pretoria,South Africa,Loftus Versfeld Stadium,,,,South African Premier Division,,20250812_Mamelodi-Sundowns_AmaZulu,257.779787606685,1.37,0.05,2,0,3,0,54.2,45.8,1,2,0,0,1,2
2025-08-12 17:30:00,Marumo Gallants,Orlando Pirates,2.0,1.0,Bloemfontein,South Africa,Dr. Petrus Molemela Stadium,,,,South African Premier Division,,20250812_Marumo-Gallants_Orlando-Pirates,-127.22537817962461,1.82,0.05,5,1,13,2,39.7,60.3,0,2,0,0,3,2
2025-08-12 17:30:00,Orbit College,Siwelele,1.0,0.0,Soweto,South Africa,Dobsonville Stadium,,,,South African Premier Division,,20250812_Orbit-College_Siwelele,-23.575170481753275,0.93,0.53,2,2,7,4,48.7,51.3,0,0,0,0,4,1
2025-08-13 17:30:00,Durban City,Chippa United,1.0,0.0,Durban,South Africa,Chatsworth Stadium,,,,South African Premier Division,,20250813_Durban-City_Chippa-United,57.77931056670286,0.5,0.67,2,1,4,2,50.4,49.6,1,0,0,0,3,1
2025-08-13 17:30:00,Golden Arrows,Richards Bay FC,1.0,0.0,Durban,South Africa,King Goodwill Zwelithini Stadium,,,,South African Premier Division,,20250813_Golden-Arrows_Richards-Bay-FC,6.561513708271377,1.35,0.87,3,4,6,9,47.6,52.4,0,3,0,0,2,7
2025-08-13 17:30:00,Kaizer Chiefs,Polokwane City FC,1.0,0.0,Johannesburg,South Africa,FNB Stadium,,,,South African Premier Division,,20250813_Kaizer-Chiefs_Polokwane-City-FC,2.5134540134654344,0.78,1.13,1,3,1,5,49.1,50.9,4,2,0,0,1,3
2025-08-13 17:30:00,Magesi FC,Stellenbosch,1.0,1.0,Polokwane,South Africa,Seshego Stadium,,,,South African Premier Division,,20250813_Magesi-FC_Stellenbosch,-82.01475824884164,1.04,1.2,3,3,6,5,46.6,53.4,2,0,0,0,6,9
2025-08-13 17:30:00,Sekhukhune United FC,TS Galaxy FC,1.0,0.0,Polokwane,South Africa,Peter Mokaba Stadium,,,,South African Premier Division,,20250813_Sekhukhune-United-FC_TS-Galaxy-FC,65.14905579046217,0.09,0.56,1,2,3,3,49.1,50.9,1,1,0,1,2,5
2025-08-19 17:30:00,Chippa United,TS Galaxy FC,1.0,4.0,"East London, South Africa",South Africa,Buffalo City Stadium,,,,South African Premier Division,,20250819_Chippa-United_TS-Galaxy-FC,-48.39207394099276,0.71,1.66,2,4,7,9,36.8,63.2,2,2,0,0,2,5
2025-08-19 17:30:00,Durban City,Golden Arrows,1.0,1.0,Durban,South Africa,Chatsworth Stadium,,,,South African Premier Division,,20250819_Durban-City_Golden-Arrows,44.37030873893946,0.71,1.36,1,3,0,9,56.4,43.6,1,3,0,0,1,3
2025-08-19 17:30:00,Kaizer Chiefs,Richards Bay FC,1.0,0.0,Johannesburg,South Africa,FNB Stadium,,,,South African Premier Division,,20250819_Kaizer-Chiefs_Richards-Bay-FC,43.30724327816006,2.19,1.2,6,4,13,9,51.6,48.4,1,3,0,0,6,4
2025-08-19 17:30:00,Orbit College,Sekhukhune United FC,0.0,3.0,Soweto,South Africa,Dobsonville Stadium,,,,South African Premier Division,,20250819_Orbit-College_Sekhukhune-United-FC,-77.35692833279313,0.5,1.38,3,5,9,11,51.8,48.2,1,1,0,0,8,7
2025-08-19 17:30:00,Siwelele,Polokwane City FC,0.0,1.0,Pretoria,South Africa,Lucas Masterpieces Moripe Stadium,,,,South African Premier Division,,20250819_Siwelele_Polokwane-City-FC,33.37179329617584,0.72,1.29,1,5,2,11,49.6,50.4,6,1,0,0,6,4
2025-08-20 17:30:00,AmaZulu,Marumo Gallants,1.0,0.0,Durban,South Africa,Princess Magogo Stadium,,,,South African Premier Division,,20250820_AmaZulu_Marumo-Gallants,-17.657715293741603,2.03,0.92,5,4,10,10,52.6,47.4,0,4,0,0,6,8
2025-08-20 17:30:00,Magesi FC,Mamelodi Sundowns,0.0,2.0,Polokwane,South Africa,Seshego Stadium,,,,South African Premier Division,,20250820_Magesi-FC_Mamelodi-Sundowns,-264.0472981607302,1.1,0.19,2,2,5,5,42.1,57.9,0,2,0,0,6,3
2025-08-20 17:30:00,Orlando Pirates,Stellenbosch,1.0,0.0,Johannesburg,South Africa,Orlando Stadium,,,,South African Premier Division,,20250820_Orlando-Pirates_Stellenbosch,33.41042316966559,0.54,0.28,1,2,2,4,55.1,44.9,0,1,0,0,3,3
2025-08-26 17:30:00,Orlando Pirates,Orbit College,1.0,0.0,Johannesburg,South Africa,Orlando Stadium,,,,South African Premier Division,,20250826_Orlando-Pirates_Orbit-College,130.10057294435956,0.89,1.02,3,3,5,4,55.0,45.0,2,2,0,0,0,5
2025-08-26 17:30:00,Polokwane City FC,Durban City,0.0,0.0,Polokwane,South Africa,Old Peter Mokaba Stadium,,,,South African Premier Division,,20250826_Polokwane-City-FC_Durban-City,-42.8379054235545,1.25,1.15,4,4,9,8,50.4,49.6,2,0,0,0,6,2
2025-08-26 17:30:00,Richards Bay FC,Chippa United,1.0,0.0,Durban,South Africa,Princess Magogo Stadium,,,,South African Premier Division,,20250826_Richards-Bay-FC_Chippa-United,3.1732286642422878,0.07,0.05,2,0,6,0,52.6,47.4,3,0,0,0,6,4
2025-08-26 17:30:00,Stellenbosch,Marumo Gallants,1.0,0.0,Stellenbosch,South Africa,Danie Craven Stadium,,,,South African Premier Division,,20250826_Stellenbosch_Marumo-Gallants,63.159130490682855,1.3,1.12,4,3,7,7,49.3,50.7,0,1,0,0,7,3
2025-08-26 17:30:00,TS Galaxy FC,Siwelele,2.0,0.0,Nelspruit,South Africa,Mbombela Stadium,,,,South African Premier Division,,20250826_TS-Galaxy-FC_Siwelele,18.19545630240259,0.57,1.79,4,5,8,11,49.6,50.4,0,3,0,0,6,6
2025-08-27 17:30:00,Golden Arrows,Magesi FC,2.0,1.0,Durban,South Africa,King Goodwill Zwelithini Stadium,,,,South African Premier Division,,20250827_Golden-Arrows_Magesi-FC,-16.46713278667994,0.05,1.72,2,6,4,12,43.9,56.1,1,4,0,0,4,9
2025-08-27 17:30:00,Kaizer Chiefs,Mamelodi Sundowns,0.0,0.0,Johannesburg,South Africa,FNB Stadium,,,,South African Premier Division,,20250827_Kaizer-Chiefs_Mamelodi-Sundowns,-266.9421064665132,0.05,0.56,2,1,3,2,37.0,63.0,2,2,0,0,2,0
2025-08-27 17:30:00,Sekhukhune United FC,AmaZulu,1.0,1.0,Polokwane,South Africa,Peter Mokaba Stadium,,,,South African Premier Division,,20250827_Sekhukhune-United-FC_AmaZulu,76.70705620392141,0.75,1.17,4,4,9,8,52.0,48.0,2,0,0,0,6,4
2025-08-29 17:30:00,Siwelele,Richards Bay FC,0.0,0.0,Bloemfontein,South Africa,Dr. Petrus Molemela Stadium,,,,South African Premier Division,,20250829_Siwelele_Richards-Bay-FC,24.43950448062128,1.37,0.61,5,1,11,1,56.0,44.0,1,2,0,0,3,4
2025-08-30 13:00:00,Magesi FC,AmaZulu,1.0,1.0,Polokwane,South Africa,Seshego Stadium,,,,South African Premier Division,,20250830_Magesi-FC_AmaZulu,-29.487210377908923,0.38,0.84,1,3,4,6,48.2,51.8,2,3,0,0,4,4
2025-08-30 13:00:00,Stellenbosch,Mamelodi Sundowns,0.0,1.0,Cape Town,South Africa,Athlone Stadium,,,,South African Premier Division,,20250830_Stellenbosch_Mamelodi-Sundowns,-185.15802007654383,0.12,1.65,1,5,4,11,36.4,63.6,1,1,0,0,2,4
2025-08-30 15:30:00,Golden Arrows,Kaizer Chiefs,0.0,1.0,Durban,South Africa,Moses Mabhida Stadium,,,,South African Premier Division,,20250830_Golden-Arrows_Kaizer-Chiefs,-17.369726726781437,0.34,1.09,1,4,3,9,52.5,47.5,2,1,0,0,3,7
2025-08-30 15:30:00,Sekhukhune United FC,Durban City,2.0,0.0,Polokwane,South Africa,Peter Mokaba Stadium,,,,South African Premier Division,,20250830_Sekhukhune-United-FC_Durban-City,65.02902789545237,1.24,0.52,5,3,11,8,55.4,44.6,1,1,0,0,6,2
2025-08-30 18:00:00,Orbit College,TS Galaxy FC,1.0,3.0,Soweto,South Africa,Dobsonville Stadium,,,,South African Premier Division,,20250830_Orbit-College_TS-Galaxy-FC,-31.44448569922315,1.47,1.5,6,5,13,13,45.6,54.4,1,1,0,0,6,7
2025-08-31 13:00:00,Chippa United,Orlando Pirates,0.0,3.0,Gqeberha,South Africa,Nelson Mandela Bay Stadium,,,,South African Premier Division,,20250831_Chippa-United_Orlando-Pirates,-206.4000638809407,1.09,1.78,3,5,7,11,40.7,59.3,1,0,1,0,6,7
2025-08-31 13:00:00,Marumo Gallants,Polokwane City FC,1.0,1.0,Bloemfontein,South Africa,Dr. Petrus Molemela Stadium,,,,South African Premier Division,,20250831_Marumo-Gallants_Polokwane-City-FC,13.419523552501005,1.23,1.4,5,3,12,8,51.9,48.1,1,4,0,0,6,7
2025-09-14 13:00:00,Mamelodi Sundowns,Magesi FC,3.0,0.0,Pretoria,South Africa,Lucas Masterpieces Moripe Stadium,,,,South African Premier Division,,20250914_Mamelodi-Sundowns_Magesi-FC,282.61110325677737,2.28,0.74,7,4,15,9,59.1,40.9,4,1,0,0,9,3
2025-09-16 17:30:00,Chippa United,Orbit College,2.0,1.0,"East London, South Africa",South Africa,Buffalo City Stadium,,,,South African Premier Division,,20250916_Chippa-United_Orbit-College,-55.57808648839659,1.0,0.38,3,1,7,0,48.4,51.6,1,2,0,0,5,2
2025-09-16 17:30:00,Durban City,Siwelele,2.0,0.0,Durban,South Africa,Chatsworth Stadium,,,,South African Premier Division,,20250916_Durban-City_Siwelele,36.72717813813438,1.23,0.96,5,4,11,9,37.1,62.9,2,1,0,0,5,6
2025-09-16 17:30:00,Kaizer Chiefs,Sekhukhune United FC,1.0,3.0,Johannesburg,South Africa,FNB Stadium,,,,South African Premier Division,,20250916_Kaizer-Chiefs_Sekhukhune-United-FC,-73.31999852896229,0.89,1.11,2,4,4,10,47.2,52.8,3,0,0,0,5,8
2025-09-17 17:30:00,AmaZulu,Stellenbosch,2.0,1.0,Durban,South Africa,Princess Magogo Stadium,,,,South African Premier Division,,20250917_AmaZulu_Stellenbosch,-57.70067965525277,1.8,0.31,5,2,11,6,46.7,53.3,1,0,0,0,5,5
2025-09-17 17:30:00,Marumo Gallants,Mamelodi Sundowns,1.0,1.0,Bloemfontein,South Africa,Dr. Petrus Molemela Stadium,,,,South African Premier Division,,20250917_Marumo-Gallants_Mamelodi-Sundowns,-278.5559066949588,1.23,0.5,5,2,10,3,41.5,58.5,1,2,0,0,7,5
2025-09-17 17:30:00,Polokwane City FC,Golden Arrows,2.0,1.0,Polokwane,South Africa,Old Peter Mokaba Stadium,,,,South African Premier Division,,20250917_Polokwane-City-FC_Golden-Arrows,-0.748413123051705,1.41,0.95,4,3,8,5,51.0,49.0,2,0,0,0,5,3
2025-09-17 17:30:00,Richards Bay FC,TS Galaxy FC,1.0,1.0,Richards Bay,South Africa,Richards Bay Stadium,,,,South African Premier Division,,20250917_Richards-Bay-FC_TS-Galaxy-FC,-75.45339150494237,0.96,1.24,3,3,8,5,52.2,47.8,4,4,0,0,7,4
2025-09-20 13:00:00,Magesi FC,Siwelele,2.0,0.0,Polokwane,South Africa,Seshego Stadium,,,,South African Premier Division,,20250920_Magesi-FC_Siwelele,18.365947402874326,1.52,0.05,5,2,11,4,52.0,48.0,0,0,0,0,5,1
2025-09-20 13:00:00,Sekhukhune United FC,Golden Arrows,1.0,0.0,Polokwane,South Africa,Peter Mokaba Stadium,,,,South African Premier Division,,20250920_Sekhukhune-United-FC_Golden-Arrows,135.02126685429062,0.44,1.16,2,4,5,11,52.5,47.5,1,2,0,0,1,4
2025-09-20 15:30:00,Stellenbosch,Richards Bay FC,0.0,1.0,Stellenbosch,South Africa,Danie Craven Stadium,,,,South African Premier Division,,20250920_Stellenbosch_Richards-Bay-FC,102.9413638992362,1.02,0.67,2,3,2,5,50.8,49.2,1,2,0,0,4,3
2025-09-20 18:00:00,Mamelodi Sundowns,Durban City,3.0,1.0,Pretoria,South Africa,Lucas Masterpieces Moripe Stadium,,,,South African Premier Division,,20250920_Mamelodi-Sundowns_Durban-City,242.68198768415232,1.4,0.9,4,3,9,4,56.3,43.7,1,2,0,0,5,4
2025-09-20 18:00:00,Orbit College,Marumo Gallants,1.0,1.0,Rustenburg,South Africa,Olympia Park,,,,South African Premier Division,,20250920_Orbit-College_Marumo-Gallants,-42.032115572911835,0.59,1.23,3,5,6,12,51.2,48.8,1,0,0,0,2,8
2025-09-21 13:00:00,Polokwane City FC,Chippa United,2.0,1.0,Polokwane,South Africa,Old Peter Mokaba Stadium,,,,South African Premier Division,,20250921_Polokwane-City-FC_Chippa-United,61.3561156995745,0.05,0.31,2,1,5,3,53.2,46.8,0,1,0,0,3,5
2025-09-23 17:30:00,Siwelele,Orlando Pirates,0.0,1.0,Bloemfontein,South Africa,Free State Stadium,,,,South African Premier Division,,20250923_Siwelele_Orlando-Pirates,-183.55791644436886,1.19,1.53,2,5,6,12,44.0,56.0,2,1,0,0,6,7
2025-09-24 13:00:00,Golden Arrows,Mamelodi Sundowns,1.0,0.0,Durban,South Africa,King Goodwill Zwelithini Stadium,,,,South African Premier Division,,20250924_Golden-Arrows_Mamelodi-Sundowns,-306.66317919063863,1.31,0.55,3,3,6,7,38.5,61.5,5,1,0,0,4,4
2025-09-24 15:30:00,Kaizer Chiefs,Marumo Gallants,1.0,1.0,Johannesburg,South Africa,FNB Stadium,,,,South African Premier Division,,20250924_Kaizer-Chiefs_Marumo-Gallants,12.386271890146418,0.97,0.3,3,2,6,4,49.5,50.5,2,1,0,0,3,2
2025-09-24 17:30:00,Orbit College,Polokwane City FC,1.0,0.0,Rustenburg,South Africa,Olympia Park,,,,South African Premier Division,,20250924_Orbit-College_Polokwane-City-FC,-42.04270829885354,1.19,1.65,4,6,9,14,49.2,50.8,1,0,0,0,2,6
2025-09-24 17:30:00,Richards Bay FC,Magesi FC,1.0,0.0,Richards Bay,South Africa,Richards Bay Stadium,,,,South African Premier Division,,20250924_Richards-Bay-FC_Magesi-FC,-23.729259570259956,0.87,0.2,2,1,3,1,52.1,47.9,1,5,0,0,0,1
2025-09-24 17:30:00,Sekhukhune United FC,Chippa United,1.0,1.0,Polokwane,South Africa,Peter Mokaba Stadium,,,,South African Premier Division,,20250924_Sekhukhune-United-FC_Chippa-United,190.53462595700967,1.56,0.1,5,1,11,3,56.8,43.2,1,1,0,0,9,3
2025-09-24 17:30:00,Stellenbosch,Durban City,0.0,0.0,Stellenbosch,South Africa,Danie Craven Stadium,,,,South African Premier Division,,20250924_Stellenbosch_Durban-City,24.593892824873592,0.82,0.63,2,2,6,5,47.9,52.1,0,1,0,0,5,2
2025-09-24 17:30:00,TS Galaxy FC,AmaZulu,3.0,1.0,Nelspruit,South Africa,Mbombela Stadium,,,,South African Premier Division,,20250924_TS-Galaxy-FC_AmaZulu,-2.868580853924641,1.3,0.7,5,2,10,2,42.8,57.2,5,3,0,0,6,5
2025-09-27 13:00:00,Golden Arrows,Orbit College,3.0,0.0,Durban,South Africa,King Goodwill Zwelithini Stadium,,,,South African Premier Division,,20250927_Golden-Arrows_Orbit-College,8.326755454468412,1.86,1.09,4,4,8,7,49.4,50.6,1,1,0,0,4,3
2025-09-27 15:30:00,Polokwane City FC,Sekhukhune United FC,1.0,0.0,Polokwane,South Africa,Old Peter Mokaba Stadium,,,,South African Premier Division,,20250927_Polokwane-City-FC_Sekhukhune-United-FC,-116.82651529089708,0.05,0.3,1,0,1,0,43.9,56.1,2,1,0,0,3,2
2025-09-27 18:00:00,Durban City,Magesi FC,3.0,1.0,Durban,South Africa,Chatsworth Stadium,,,,South African Premier Division,,20250927_Durban-City_Magesi-FC,37.37463564312384,1.04,0.97,4,3,9,6,47.9,52.1,1,2,0,0,8,2
2025-09-27 18:00:00,Mamelodi Sundowns,Richards Bay FC,4.0,1.0,Pretoria,South Africa,Lucas Masterpieces Moripe Stadium,,,,South African Premier Division,,20250927_Mamelodi-Sundowns_Richards-Bay-FC,266.32644459771336,1.88,1.14,7,5,15,10,64.3,35.7,1,1,0,0,10,9
2025-09-28 13:00:00,Siwelele,Marumo Gallants,1.0,0.0,Bloemfontein,South Africa,Dr. Petrus Molemela Stadium,,,,South African Premier Division,,20250928_Siwelele_Marumo-Gallants,-54.82596867500001,0.82,1.05,2,4,4,8,50.3,49.7,0,5,0,0,8,5
2025-09-28 15:30:00,Chippa United,Stellenbosch,0.0,0.0,"East London, South Africa",South Africa,Buffalo City Stadium,,,,South African Premier Division,,20250928_Chippa-United_Stellenbosch,-112.61455739719986,1.06,1.14,2,3,5,8,43.9,56.1,3,0,0,0,5,3
2025-09-30 17:30:00,Orlando Pirates,TS Galaxy FC,2.0,0.0,Johannesburg,South Africa,Orlando Stadium,,,,South African Premier Division,,20250930_Orlando-Pirates_TS-Galaxy-FC,105.41375289651478,0.33,0.55,2,3,5,9,53.7,46.3,0,1,0,0,3,2
2025-10-01 17:30:00,Kaizer Chiefs,AmaZulu,1.0,1.0,Johannesburg,South Africa,FNB Stadium,,,,South African Premier Division,,20251001_Kaizer-Chiefs_AmaZulu,-2.8392650553546446,0.54,1.57,2,5,3,11,46.4,53.6,1,1,0,0,2,2
2025-10-17 17:30:00,Richards Bay FC,Orbit College,1.0,2.0,Richards Bay,South Africa,Richards Bay Stadium,,,,South African Premier Division,,20251017_Richards-Bay-FC_Orbit-College,15.129132405310202,1.43,1.05,4,4,8,9,46.9,53.1,1,1,0,0,4,6
2025-10-18 13:30:00,AmaZulu,Durban City,1.0,0.0,Durban,South Africa,Moses Mabhida Stadium,,,,South African Premier Division,,20251018_AmaZulu_Durban-City,-13.46150138038388,1.06,0.09,3,0,6,0,50.4,49.6,2,2,0,0,4,3
2025-10-18 15:30:00,Magesi FC,TS Galaxy FC,2.0,1.0,Polokwane,South Africa,Seshego Stadium,,,,South African Premier Division,,20251018_Magesi-FC_TS-Galaxy-FC,-58.302038866336034,0.81,1.81,2,7,4,14,47.7,52.3,1,1,0,0,3,5
2025-10-19 13:30:00,Marumo Gallants,Chippa United,2.0,1.0,Bloemfontein,South Africa,Dr. Petrus Molemela Stadium,,,,South African Premier Division,,20251019_Marumo-Gallants_Chippa-United,55.06017098642428,1.98,0.67,7,1,16,2,52.5,47.5,2,4,0,0,4,0
2025-10-22 17:30:00,Kaizer Chiefs,Siwelele,0.0,0.0,Johannesburg,South Africa,FNB Stadium,,,,South African Premier Division,,20251022_Kaizer-Chiefs_Siwelele,52.576993157247216,0.84,0.84,4,2,8,7,54.5,45.5,1,3,0,0,2,6
2025-10-22 17:30:00,Orlando Pirates,Polokwane City FC,1.0,0.0,Johannesburg,South Africa,Orlando Stadium,,,,South African Premier Division,,20251022_Orlando-Pirates_Polokwane-City-FC,144.66365060310545,0.6,0.09,1,1,2,2,50.2,49.8,2,0,0,0,4,1
2025-10-22 17:30:00,Stellenbosch,Golden Arrows,4.0,3.0,Cape Town,South Africa,Athlone Stadium,,,,South African Premier Division,,20251022_Stellenbosch_Golden-Arrows,42.24471122544492,1.42,0.85,6,3,13,7,53.9,46.1,3,2,0,0,6,3
2025-10-31 17:30:00,Durban City,Kaizer Chiefs,0.0,1.0,Durban,South Africa,Moses Mabhida Stadium,,,,South African Premier Division,,20251031_Durban-City_Kaizer-Chiefs,5.442138923429411,1.48,0.61,6,2,10,7,44.9,55.1,1,1,0,1,8,5
2025-10-31 18:30:00,Siwelele,Sekhukhune United FC,1.0,0.0,Bloemfontein,South Africa,Dr. Petrus Molemela Stadium,,,,South African Premier Division,,20251031_Siwelele_Sekhukhune-United-FC,-129.1099739090505,0.52,0.23,2,0,4,0,46.4,53.6,3,1,0,0,0,2
2025-11-01 13:30:00,Mamelodi Sundowns,Orlando Pirates,1.0,1.0,Pretoria,South Africa,Loftus Versfeld Stadium,,,,South African Premier Division,,20251101_Mamelodi-Sundowns_Orlando-Pirates,95.28575827783561,0.38,1.91,2,5,5,12,51.8,48.2,2,0,0,0,4,7
2025-11-01 13:30:00,Orbit College,Magesi FC,3.0,1.0,Rustenburg,South Africa,Olympia Park,,,,South African Premier Division,,20251101_Orbit-College_Magesi-FC,-8.241453150951884,1.3,0.38,4,1,6,1,44.8,55.2,0,3,0,0,5,2
2025-11-01 16:00:00,Polokwane City FC,Richards Bay FC,1.0,1.0,Polokwane,South Africa,Old Peter Mokaba Stadium,,,,South African Premier Division,,20251101_Polokwane-City-FC_Richards-Bay-FC,32.87414860318063,0.69,0.3,1,1,3,2,52.0,48.0,2,1,0,0,4,2
2025-11-01 18:15:00,Chippa United,AmaZulu,0.0,3.0,"East London, South Africa",South Africa,Buffalo City Stadium,,,,South African Premier Division,,20251101_Chippa-United_AmaZulu,-105.7892154955282,1.26,0.81,4,3,8,8,41.6,58.4,4,2,1,0,4,4
2025-11-02 13:30:00,TS Galaxy FC,Stellenbosch,2.0,0.0,Nelspruit,South Africa,Mbombela Stadium,,,,South African Premier Division,,20251102_TS-Galaxy-FC_Stellenbosch,-33.468729548102374,1.47,0.77,3,3,7,7,52.4,47.6,2,3,0,0,6,7
2025-11-02 16:00:00,Golden Arrows,Marumo Gallants,4.0,0.0,Durban,South Africa,King Goodwill Zwelithini Stadium,,,,South African Premier Division,,20251102_Golden-Arrows_Marumo-Gallants,-12.87013561049389,1.56,0.51,4,0,8,0,47.6,52.4,2,2,0,0,3,0
2025-11-04 17:30:00,AmaZulu,Polokwane City FC,0.0,1.0,Durban,South Africa,Princess Magogo Stadium,,,,South African Premier Division,,20251104_AmaZulu_Polokwane-City-FC,38.68072288598432,1.24,1.07,4,3,8,8,48.5,51.5,2,1,0,0,9,1
2025-11-04 17:30:00,Chippa United,Magesi FC,0.0,0.0,"East London, South Africa",South Africa,Buffalo City Stadium,,,,South African Premier Division,,20251104_Chippa-United_Magesi-FC,-58.14865110865503,0.59,0.97,2,4,7,9,53.2,46.8,1,5,0,0,3,1
2025-11-04 17:30:00,Kaizer Chiefs,Orbit College,4.0,1.0,Johannesburg,South Africa,FNB Stadium,,,,South African Premier Division,,20251104_Kaizer-Chiefs_Orbit-College,35.045765639270485,1.81,0.12,5,1,10,3,53.3,46.7,2,2,0,0,5,3
2025-11-04 17:30:00,Sekhukhune United FC,Richards Bay FC,1.0,1.0,Polokwane,South Africa,Peter Mokaba Stadium,,,,South African Premier Division,,20251104_Sekhukhune-United-FC_Richards-Bay-FC,107.79827258977025,0.32,1.24,2,4,4,7,59.3,40.7,2,1,0,0,2,2
2025-11-05 17:30:00,Durban City,Marumo Gallants,1.0,0.0,Durban,South Africa,Chatsworth Stadium,,,,South African Premier Division,,20251105_Durban-City_Marumo-Gallants,19.2893874523877,1.2,1.03,4,4,7,9,47.9,52.1,3,2,0,0,8,6
2025-11-05 17:30:00,Golden Arrows,Orlando Pirates,1.0,3.0,Durban,South Africa,King Goodwill Zwelithini Stadium,,,,South African Premier Division,,20251105_Golden-Arrows_Orlando-Pirates,-164.25480662111363,0.69,1.91,3,7,7,15,42.1,57.9,1,3,0,0,2,5
2025-11-05 17:30:00,Mamelodi Sundowns,TS Galaxy FC,1.0,0.0,Pretoria,South Africa,Loftus Versfeld Stadium,,,,South African Premier Division,,20251105_Mamelodi-Sundowns_TS-Galaxy-FC,222.5384573805818,1.39,0.85,6,2,13,5,57.3,42.7,1,2,0,0,3,3
2025-11-05 17:30:00,Stellenbosch,Siwelele,0.0,2.0,Cape Town,South Africa,Athlone Stadium,,,,South African Premier Division,,20251105_Stellenbosch_Siwelele,56.43522416717565,1.07,0.55,4,2,10,5,43.5,56.5,3,1,0,0,5,5
2025-11-22 13:30:00,AmaZulu,Siwelele,2.0,0.0,Durban,South Africa,Moses Mabhida Stadium,,,,South African Premier Division,,20251122_AmaZulu_Siwelele,30.81018212819049,0.77,1.05,2,1,4,3,49.2,50.8,1,2,0,0,4,3
2025-11-22 16:00:00,Marumo Gallants,Sekhukhune United FC,1.0,1.0,Bloemfontein,South Africa,Dr. Petrus Molemela Stadium,,,,South African Premier Division,,20251122_Marumo-Gallants_Sekhukhune-United-FC,-97.63410074346211,1.46,0.4,6,2,12,5,53.1,46.9,1,3,0,0,7,3
2025-11-23 13:30:00,TS Galaxy FC,Golden Arrows,2.0,1.0,Nelspruit,South Africa,Mbombela Stadium,,,,South African Premier Division,,20251123_TS-Galaxy-FC_Golden-Arrows,32.07807472981881,1.97,1.15,3,2,6,5,54.9,45.1,2,1,0,0,1,8
2025-11-23 16:00:00,Richards Bay FC,Durban City,0.0,0.0,Richards Bay,South Africa,Richards Bay Stadium,,,,South African Premier Division,,20251123_Richards-Bay-FC_Durban-City,-44.906113636349346,0.92,0.05,2,0,6,0,48.2,51.8,1,1,0,0,3,3
2025-11-25 17:30:00,Orlando Pirates,Chippa United,2.0,0.0,Johannesburg,South Africa,Orlando Stadium,,,,South African Premier Division,,20251125_Orlando-Pirates_Chippa-United,252.29732024597774,1.33,0.14,4,0,7,0,54.1,45.9,0,1,0,0,4,3
2025-11-26 17:30:00,Orbit College,Stellenbosch,1.0,2.0,Rustenburg,South Africa,Olympia Park,,,,South African Premier Division,,20251126_Orbit-College_Stellenbosch,-43.4466490667121,0.56,1.16,4,4,10,8,42.0,58.0,2,3,0,0,7,10
2025-11-28 17:30:00,Richards Bay FC,AmaZulu,2.0,0.0,Richards Bay,South Africa,Richards Bay Stadium,,,,South African Premier Division,,20251128_Richards-Bay-FC_AmaZulu,-61.748303477068475,0.74,0.52,4,2,12,3,43.3,56.7,1,1,0,0,10,1
2025-11-29 13:30:00,Durban City,Orlando Pirates,0.0,2.0,Durban,South Africa,Moses Mabhida Stadium,,,,South African Premier Division,,20251129_Durban-City_Orlando-Pirates,-158.45813381920675,0.68,1.23,4,4,8,8,51.6,48.4,3,3,0,0,3,4
2025-11-29 16:00:00,Polokwane City FC,TS Galaxy FC,0.0,0.0,Polokwane,South Africa,Old Peter Mokaba Stadium,,,,South African Premier Division,,20251129_Polokwane-City-FC_TS-Galaxy-FC,-22.226843351898196,0.35,1.04,2,4,5,11,45.2,54.8,1,2,0,0,0,10
2025-11-29 16:00:00,Siwelele,Chippa United,0.0,0.0,Bloemfontein,South Africa,Dr. Petrus Molemela Stadium,,,,South African Premier Division,,20251129_Siwelele_Chippa-United,70.18157081252889,0.16,0.91,1,3,1,6,54.0,46.0,0,3,0,0,2,5
2025-11-30 13:30:00,Marumo Gallants,Magesi FC,1.0,1.0,Bloemfontein,South Africa,Dr. Petrus Molemela Stadium,,,,South African Premier Division,,20251130_Marumo-Gallants_Magesi-FC,7.091858931241632,0.35,1.49,2,7,5,17,48.0,52.0,0,2,0,0,2,7
2025-12-02 17:30:00,Golden Arrows,AmaZulu,0.0,1.0,Durban,South Africa,King Goodwill Zwelithini Stadium,,,,South African Premier Division,,20251202_Golden-Arrows_AmaZulu,-40.489468463176536,0.8,0.34,2,1,6,3,51.4,48.6,1,1,0,0,4,3
2025-12-03 17:30:00,Chippa United,Kaizer Chiefs,0.0,0.0,Gqeberha,South Africa,Nelson Mandela Bay Stadium,,,,South African Premier Division,,20251203_Chippa-United_Kaizer-Chiefs,-120.48582282746952,0.05,0.05,0,2,1,5,43.7,56.3,2,0,0,0,1,7
2025-12-03 17:30:00,Magesi FC,Sekhukhune United FC,0.0,1.0,Polokwane,South Africa,Seshego Stadium,,,,South African Premier Division,,20251203_Magesi-FC_Sekhukhune-United-FC,-97.9088207479308,0.31,1.41,2,5,4,12,42.7,57.3,1,2,0,0,4,13
2025-12-03 17:30:00,Orbit College,Durban City,0.0,3.0,Rustenburg,South Africa,Olympia Park,,,,South African Premier Division,,20251203_Orbit-College_Durban-City,-40.327463596965345,0.87,2.49,3,8,6,18,51.6,48.4,5,1,0,0,5,5
2025-12-03 17:30:00,Siwelele,Mamelodi Sundowns,1.0,1.0,Bloemfontein,South Africa,Dr. Petrus Molemela Stadium,,,,South African Premier Division,,20251203_Siwelele_Mamelodi-Sundowns,-276.4246871299433,0.05,0.81,1,2,4,5,40.3,59.7,1,2,0,0,3,6
2025-12-03 17:30:00,Stellenbosch,Polokwane City FC,1.0,2.0,Cape Town,South Africa,Athlone Stadium,,,,South African Premier Division,,20251203_Stellenbosch_Polokwane-City-FC,19.520837888195047,1.74,1.7,5,4,11,9,53.9,46.1,5,0,0,0,7,6
2025-12-07 13:30:00,TS Galaxy FC,Kaizer Chiefs,0.0,0.0,Nelspruit,South Africa,Mbombela Stadium,,,,South African Premier Division,,20251207_TS-Galaxy-FC_Kaizer-Chiefs,2.4957479557785973,0.66,0.55,2,0,4,0,46.5,53.5,2,0,0,0,3,1
2026-01-19 17:30:00,Mamelodi Sundowns,Orbit College,2.0,0.0,Pretoria,South Africa,Loftus Versfeld Stadium,,,,South African Premier Division,,20260119_Mamelodi-Sundowns_Orbit-College,291.1520173359322,1.52,0.87,5,3,13,6,61.2,38.8,1,0,0,0,4,1
2026-01-20 17:30:00,Kaizer Chiefs,Golden Arrows,1.0,0.0,Johannesburg,South Africa,FNB Stadium,,,,South African Premier Division,,20260120_Kaizer-Chiefs_Golden-Arrows,61.30012305258197,0.68,1.32,4,4,8,11,53.9,46.1,3,3,0,0,5,6
2026-01-20 17:30:00,Sekhukhune United FC,Stellenbosch,0.0,1.0,Polokwane,South Africa,Peter Mokaba Stadium,,,,South African Premier Division,,20260120_Sekhukhune-United-FC_Stellenbosch,58.0546031806291,0.05,1.0,0,3,0,6,53.6,46.4,1,3,0,0,1,5
2026-01-21 17:30:00,TS Galaxy FC,Marumo Gallants,2.0,0.0,Nelspruit,South Africa,Mbombela Stadium,,,,South African Premier Division,,20260121_TS-Galaxy-FC_Marumo-Gallants,55.717328791632326,1.17,1.09,4,5,7,9,53.9,46.1,2,3,0,0,5,4
2026-01-23 17:30:00,Richards Bay FC,Siwelele,1.0,1.0,Richards Bay,South Africa,Richards Bay Stadium,,,,South African Premier Division,,20260123_Richards-Bay-FC_Siwelele,-0.4977026685319288,0.44,0.05,1,1,1,2,46.5,53.5,2,5,0,0,0,1
2026-01-24 13:30:00,Orbit College,Chippa United,0.0,1.0,Rustenburg,South Africa,Olympia Park,,,,South African Premier Division,,20260124_Orbit-College_Chippa-United,34.94694740456407,0.13,0.68,0,1,0,3,49.9,50.1,1,0,0,0,5,1
2026-01-24 13:30:00,Sekhukhune United FC,Orlando Pirates,0.0,0.0,Polokwane,South Africa,Peter Mokaba Stadium,,,,South African Premier Division,,20260124_Sekhukhune-United-FC_Orlando-Pirates,-116.68498591777256,0.79,0.3,3,0,7,0,43.7,56.3,3,0,0,0,0,2
2026-01-25 13:30:00,AmaZulu,TS Galaxy FC,3.0,2.0,Durban,South Africa,Moses Mabhida Stadium,,,,South African Premier Division,,20260125_AmaZulu_TS-Galaxy-FC,-12.01024620893304,1.67,1.29,7,5,14,10,46.5,53.5,0,0,0,0,8,6
2026-01-25 16:00:00,Durban City,Polokwane City FC,1.0,0.0,Durban,South Africa,Chatsworth Stadium,,,,South African Premier Division,,20260125_Durban-City_Polokwane-City-FC,-6.672862602144278,0.17,1.37,1,5,3,9,50.3,49.7,3,0,0,0,0,4
2026-01-27 17:30:00,Sekhukhune United FC,Mamelodi Sundowns,0.0,2.0,Polokwane,South Africa,Peter Mokaba Stadium,,,,South African Premier Division,,20260127_Sekhukhune-United-FC_Mamelodi-Sundowns,-184.58107544262157,1.13,0.95,3,2,7,4,39.5,60.5,1,0,0,0,7,4
2026-01-28 17:30:00,Marumo Gallants,Kaizer Chiefs,0.0,1.0,Bloemfontein,South Africa,Dr. Petrus Molemela Stadium,,,,South African Premier Division,,20260128_Marumo-Gallants_Kaizer-Chiefs,-73.39036697384427,0.83,0.49,2,1,4,3,51.6,48.4,2,2,0,0,4,3
2026-01-30 17:30:00,Richards Bay FC,Golden Arrows,2.0,2.0,Richards Bay,South Africa,Richards Bay Stadium,,,,South African Premier Division,,20260130_Richards-Bay-FC_Golden-Arrows,27.491735170003494,1.51,1.26,5,5,11,11,49.8,50.2,0,2,0,0,7,12
2026-01-31 13:30:00,Chippa United,Durban City,2.0,0.0,"East London, South Africa",South Africa,Buffalo City Stadium,,,,South African Premier Division,,20260131_Chippa-United_Durban-City,-99.3116078347964,1.17,1.42,4,5,6,13,55.8,44.2,3,1,0,0,3,7
2026-01-31 13:30:00,Marumo Gallants,AmaZulu,0.0,1.0,Bloemfontein,South Africa,Dr. Petrus Molemela Stadium,,,,South African Premier Division,,20260131_Marumo-Gallants_AmaZulu,-85.80780492154122,0.96,1.67,4,5,10,13,50.2,49.8,2,1,0,0,6,8
2026-01-31 16:00:00,Orlando Pirates,Magesi FC,2.0,0.0,Johannesburg,South Africa,Orlando Stadium,,,,South African Premier Division,,20260131_Orlando-Pirates_Magesi-FC,214.13217793759486,1.28,1.22,2,4,5,8,49.1,50.9,3,5,0,0,0,5
2026-01-31 16:00:00,Polokwane City FC,Orbit College,2.0,2.0,Polokwane,South Africa,Old Peter Mokaba Stadium,,,,South African Premier Division,,20260131_Polokwane-City-FC_Orbit-College,72.98257577930417,0.75,0.41,2,2,4,5,56.3,43.7,1,1,0,0,1,2
2026-02-01 13:30:00,TS Galaxy FC,Sekhukhune United FC,0.0,1.0,Nelspruit,South Africa,Mbombela Stadium,,,,South African Premier Division,,20260201_TS-Galaxy-FC_Sekhukhune-United-FC,-30.35197616949631,0.63,1.01,1,3,1,7,50.4,49.6,1,2,0,0,1,5
2026-02-03 17:30:00,AmaZulu,Orlando Pirates,0.0,2.0,Durban,South Africa,Moses Mabhida Stadium,,,,South African Premier Division,,20260203_AmaZulu_Orlando-Pirates,-128.9335006491142,0.05,0.53,0,2,2,5,44.0,56.0,3,2,0,0,1,6
2026-02-13 17:30:00,Durban City,TS Galaxy FC,2.0,0.0,Durban,South Africa,Chatsworth Stadium,,,,South African Premier Division,,20260213_Durban-City_TS-Galaxy-FC,-4.438826673653011,1.3,0.72,5,3,9,6,47.4,52.6,1,1,0,0,7,7
2026-02-13 17:30:00,Magesi FC,Golden Arrows,0.0,2.0,Polokwane,South Africa,Seshego Stadium,,,,South African Premier Division,,20260213_Magesi-FC_Golden-Arrows,-3.8613465781354535,1.28,1.14,4,6,9,12,51.0,49.0,0,1,0,0,9,2
2026-02-14 13:30:00,Orlando Pirates,Marumo Gallants,3.0,0.0,Johannesburg,South Africa,Orlando Stadium,,,,South African Premier Division,,20260214_Orlando-Pirates_Marumo-Gallants,240.67211293508262,1.73,0.76,4,3,8,7,52.1,47.9,2,1,0,0,5,9
2026-02-14 16:00:00,Polokwane City FC,Siwelele,0.0,0.0,Polokwane,South Africa,Old Peter Mokaba Stadium,,,,South African Premier Division,,20260214_Polokwane-City-FC_Siwelele,22.924301672554066,0.29,0.43,1,2,2,2,50.2,49.8,0,2,0,0,3,3
2026-02-14 18:15:00,Chippa United,Richards Bay FC,3.0,0.0,"East London, South Africa",South Africa,Buffalo City Stadium,,,,South African Premier Division,,20260214_Chippa-United_Richards-Bay-FC,-39.36447063287301,1.16,1.15,5,5,13,11,44.2,55.8,4,0,1,0,5,7
2026-02-15 13:30:00,Sekhukhune United FC,Orbit College,2.0,0.0,Polokwane,South Africa,Peter Mokaba Stadium,,,,South African Premier Division,,20260215_Sekhukhune-United-FC_Orbit-College,129.6461485427369,1.25,1.05,4,3,7,6,61.2,38.8,2,2,0,0,6,1
2026-02-18 17:30:00,Orlando Pirates,Mamelodi Sundowns,1.0,2.0,Johannesburg,South Africa,FNB Stadium,,,,South African Premier Division,,20260218_Orlando-Pirates_Mamelodi-Sundowns,-63.869073794664246,1.75,0.66,7,2,14,6,45.9,54.1,3,2,0,0,6,1
2026-02-18 17:30:00,Stellenbosch,Magesi FC,1.0,1.0,Stellenbosch,South Africa,Danie Craven Stadium,,,,South African Premier Division,,20260218_Stellenbosch_Magesi-FC,88.53501387060237,0.84,1.92,4,7,9,16,45.9,54.1,2,1,0,0,3,6
2026-02-24 17:30:00,AmaZulu,Mamelodi Sundowns,0.0,1.0,Durban,South Africa,Moses Mabhida Stadium,,,,South African Premier Division,,20260224_AmaZulu_Mamelodi-Sundowns,-222.90559740197978,1.49,0.41,5,2,12,4,42.3,57.7,0,1,0,0,9,5
2026-02-24 17:30:00,Kaizer Chiefs,Stellenbosch,1.0,2.0,Johannesburg,South Africa,FNB Stadium,,,,South African Premier Division,,20260224_Kaizer-Chiefs_Stellenbosch,19.850081686223575,0.79,1.92,1,7,3,15,47.2,52.8,1,2,0,0,3,6
2026-02-27 17:30:00,Magesi FC,Polokwane City FC,0.0,2.0,Polokwane,South Africa,Seshego Stadium,,,,South African Premier Division,,20260227_Magesi-FC_Polokwane-City-FC,-61.87578315447763,0.22,0.72,1,2,2,5,48.9,51.1,2,0,0,0,2,3
2026-02-27 17:30:00,Stellenbosch,AmaZulu,1.0,0.0,Stellenbosch,South Africa,Danie Craven Stadium,,,,South African Premier Division,,20260227_Stellenbosch_AmaZulu,3.275569796994887,0.69,0.05,1,2,4,1,55.4,44.6,0,0,0,0,3,4
2026-02-28 13:30:00,Kaizer Chiefs,Orlando Pirates,0.0,3.0,Johannesburg,South Africa,FNB Stadium,,,,South African Premier Division,,20260228_Kaizer-Chiefs_Orlando-Pirates,-146.85181836154788,0.13,1.64,0,4,0,8,39.6,60.4,2,3,1,0,0,5
2026-02-28 16:00:00,Golden Arrows,Chippa United,0.0,0.0,Durban,South Africa,King Goodwill Zwelithini Stadium,,,,South African Premier Division,,20260228_Golden-Arrows_Chippa-United,12.280670324594212,0.79,0.86,3,4,6,9,52.2,47.8,6,3,0,0,7,5
2026-02-28 16:00:00,Siwelele,TS Galaxy FC,1.0,0.0,Bloemfontein,South Africa,Free State Stadium,,,,South African Premier Division,,20260228_Siwelele_TS-Galaxy-FC,-19.351878693149956,1.66,0.68,7,1,16,2,52.1,47.9,2,2,0,0,11,1
2026-02-28 18:15:00,Orbit College,Richards Bay FC,0.0,0.0,Rustenburg,South Africa,Olympia Park,,,,South African Premier Division,,20260228_Orbit-College_Richards-Bay-FC,-38.04404966826064,0.05,0.46,0,1,0,5,44.8,55.2,2,0,0,0,0,6
2026-03-01 13:30:00,Mamelodi Sundowns,Sekhukhune United FC,3.0,1.0,Pretoria,South Africa,Loftus Versfeld Stadium,,,,South African Premier Division,,20260301_Mamelodi-Sundowns_Sekhukhune-United-FC,193.2622190584152,0.84,0.46,4,2,9,2,62.0,38.0,1,0,0,0,5,1
2026-03-01 13:30:00,Marumo Gallants,Durban City,0.0,1.0,Pretoria,South Africa,Lucas Masterpieces Moripe Stadium,,,,South African Premier Division,,20260301_Marumo-Gallants_Durban-City,-83.64736627201046,0.45,1.21,2,4,4,10,47.0,53.0,3,2,1,0,3,6
2026-03-03 17:30:00,Richards Bay FC,Kaizer Chiefs,1.0,0.0,Richards Bay,South Africa,Richards Bay Stadium,,,,South African Premier Division,,20260303_Richards-Bay-FC_Kaizer-Chiefs,-58.83499739054355,1.27,0.73,4,2,11,2,47.0,53.0,1,2,0,0,4,5
2026-03-03 17:30:00,Siwelele,Stellenbosch,0.0,0.0,Bloemfontein,South Africa,Free State Stadium,,,,South African Premier Division,,20260303_Siwelele_Stellenbosch,-53.919538111448446,1.05,0.33,2,2,4,4,43.0,57.0,3,4,0,0,5,7
2026-03-03 17:30:00,TS Galaxy FC,Orbit College,1.0,2.0,Nelspruit,South Africa,Mbombela Stadium,,,,South African Premier Division,,20260303_TS-Galaxy-FC_Orbit-College,58.974779897539975,1.44,1.5,3,5,6,9,48.6,51.4,1,3,0,0,7,7
2026-03-04 17:30:00,AmaZulu,Magesi FC,0.0,0.0,Durban,South Africa,Princess Magogo Stadium,,,,South African Premier Division,,20260304_AmaZulu_Magesi-FC,89.95586938852762,1.22,1.2,5,3,12,4,56.0,44.0,2,2,0,0,4,6
2026-03-04 17:30:00,Chippa United,Marumo Gallants,1.0,3.0,"East London, South Africa",South Africa,Buffalo City Stadium,,,,South African Premier Division,,20260304_Chippa-United_Marumo-Gallants,25.805003712591997,1.07,1.51,3,5,6,11,52.4,47.6,3,1,0,0,3,8
2026-03-04 17:30:00,Durban City,Sekhukhune United FC,1.0,1.0,Durban,South Africa,Chatsworth Stadium,,,,South African Premier Division,,20260304_Durban-City_Sekhukhune-United-FC,-37.16206240770953,1.11,0.66,3,3,6,8,54.1,45.9,1,0,0,0,2,5
2026-03-04 17:30:00,Mamelodi Sundowns,Golden Arrows,2.0,1.0,Pretoria,South Africa,Loftus Versfeld Stadium,,,,South African Premier Division,,20260304_Mamelodi-Sundowns_Golden-Arrows,307.0402804268758,1.85,0.65,5,2,11,5,58.8,41.2,1,1,0,0,6,2
2026-03-04 17:30:00,Polokwane City FC,Orlando Pirates,1.0,2.0,Polokwane,South Africa,Old Peter Mokaba Stadium,,,,South African Premier Division,,20260304_Polokwane-City-FC_Orlando-Pirates,-172.01416134438455,0.97,1.86,4,6,8,12,41.4,58.6,3,0,0,0,4,4
2026-03-10 17:30:00,Orbit College,Mamelodi Sundowns,0.0,2.0,Rustenburg,South Africa,Olympia Park,,,,South African Premier Division,,20260310_Orbit-College_Mamelodi-Sundowns,-332.4584134400575,0.97,0.95,3,3,6,7,41.9,58.1,2,3,1,0,6,10
2026-03-11 17:30:00,Orlando Pirates,Richards Bay FC,2.0,0.0,Johannesburg,South Africa,Orlando Stadium,,,,South African Premier Division,,20260311_Orlando-Pirates_Richards-Bay-FC,212.59457755958715,1.22,0.6,4,2,11,6,61.3,38.7,0,1,0,0,4,3
2026-03-13 17:30:00,Stellenbosch,TS Galaxy FC,1.0,1.0,Stellenbosch,South Africa,Danie Craven Stadium,,,,South African Premier Division,,20260313_Stellenbosch_TS-Galaxy-FC,72.07312938455493,1.06,1.77,4,4,8,8,46.1,53.9,0,0,0,0,4,5
2026-03-14 13:30:00,Magesi FC,Chippa United,2.0,2.0,Polokwane,South Africa,Seshego Stadium,,,,South African Premier Division,,20260314_Magesi-FC_Chippa-United,-6.700767801515667,1.35,1.33,4,5,7,9,53.8,46.2,3,2,0,0,5,8
2026-03-14 13:30:00,Marumo Gallants,Golden Arrows,1.0,2.0,Pretoria,South Africa,Lucas Masterpieces Moripe Stadium,,,,South African Premier Division,,20260314_Marumo-Gallants_Golden-Arrows,-20.847484567638276,2.44,0.49,9,2,19,2,42.0,58.0,1,3,0,0,8,3
2026-03-14 13:30:00,Orlando Pirates,Siwelele,1.0,1.0,Johannesburg,South Africa,Orlando Stadium,,,,South African Premier Division,,20260314_Orlando-Pirates_Siwelele,200.68264054157794,0.05,0.66,2,2,4,6,60.7,39.3,2,0,0,0,5,7
2026-03-14 16:00:00,AmaZulu,Richards Bay FC,2.0,1.0,Durban,South Africa,Moses Mabhida Stadium,,,,South African Premier Division,,20260314_AmaZulu_Richards-Bay-FC,44.80425388418348,1.16,0.47,5,1,12,1,58.6,41.4,0,1,0,0,7,3
2026-03-14 16:00:00,Sekhukhune United FC,Polokwane City FC,0.0,0.0,Polokwane,South Africa,Peter Mokaba Stadium,,,,South African Premier Division,,20260314_Sekhukhune-United-FC_Polokwane-City-FC,59.54127564350301,0.25,2.0,0,6,2,13,56.4,43.6,0,0,0,0,2,5
2026-03-15 13:30:00,Kaizer Chiefs,Durban City,1.0,0.0,Johannesburg,South Africa,FNB Stadium,,,,South African Premier Division,,20260315_Kaizer-Chiefs_Durban-City,-21.70577202003028,1.59,0.05,6,0,14,0,51.9,48.1,2,0,0,0,4,2
2026-03-17 17:30:00,Mamelodi Sundowns,Marumo Gallants,3.0,1.0,Pretoria,South Africa,Loftus Versfeld Stadium,,,,South African Premier Division,,20260317_Mamelodi-Sundowns_Marumo-Gallants,349.25510403306293,1.74,1.39,5,4,12,9,56.9,43.1,0,1,0,0,6,5
2026-03-18 17:30:00,Golden Arrows,Stellenbosch,1.0,1.0,Durban,South Africa,King Goodwill Zwelithini Stadium,,,,South African Premier Division,,20260318_Golden-Arrows_Stellenbosch,-70.86076422632868,0.05,1.5,1,5,2,11,44.5,55.5,2,6,0,0,3,8
2026-03-21 13:30:00,Polokwane City FC,AmaZulu,0.0,1.0,Polokwane,South Africa,Old Peter Mokaba Stadium,,,,South African Premier Division,,20260321_Polokwane-City-FC_AmaZulu,-20.19576728997049,0.53,0.67,2,3,3,9,44.0,56.0,1,4,1,1,2,6
2026-03-21 13:30:00,Stellenbosch,Chippa United,2.0,1.0,Cape Town,South Africa,Athlone Stadium,,,,South African Premier Division,,20260321_Stellenbosch_Chippa-United,100.7806811153282,1.87,0.7,6,2,11,4,60.5,39.5,3,4,1,0,8,3
2026-03-21 16:00:00,Kaizer Chiefs,Magesi FC,2.0,0.0,Durban,South Africa,Moses Mabhida Stadium,,,,South African Premier Division,,20260321_Kaizer-Chiefs_Magesi-FC,87.85392187414163,1.08,0.39,2,0,5,0,55.4,44.6,2,1,0,0,2,4
2026-03-22 13:30:00,Golden Arrows,Sekhukhune United FC,1.0,0.0,Durban,South Africa,King Goodwill Zwelithini Stadium,,,,South African Premier Division,,20260322_Golden-Arrows_Sekhukhune-United-FC,-88.39313856874105,0.94,1.32,3,2,7,5,40.3,59.7,0,2,0,0,6,7
2026-03-22 13:30:00,Siwelele,Orbit College,1.0,0.0,Bloemfontein,South Africa,Free State Stadium,,,,South African Premier Division,,20260322_Siwelele_Orbit-College,62.124704762138435,0.76,0.64,2,2,5,3,56.4,43.6,2,1,0,0,4,3
2026-03-22 13:30:00,TS Galaxy FC,Orlando Pirates,0.0,6.0,Nelspruit,South Africa,Mbombela Stadium,,,,South African Premier Division,,20260322_TS-Galaxy-FC_Orlando-Pirates,-213.82590672767628,0.27,1.31,1,6,4,11,43.5,56.5,2,4,0,0,7,8
2026-03-22 16:00:00,Durban City,Richards Bay FC,1.0,0.0,Durban,South Africa,Chatsworth Stadium,,,,South African Premier Division,,20260322_Durban-City_Richards-Bay-FC,55.681792599465325,1.41,0.19,5,0,12,0,52.7,47.3,0,3,0,1,7,1
2026-04-03 17:30:00,Mamelodi Sundowns,Chippa United,4.0,1.0,Pretoria,South Africa,Loftus Versfeld Stadium,,,,South African Premier Division,,20260403_Mamelodi-Sundowns_Chippa-United,349.62815778547565,1.67,0.38,5,1,10,1,54.9,45.1,1,0,0,0,10,4
2026-04-06 13:00:00,Orbit College,Kaizer Chiefs,1.0,3.0,Gqeberha,South Africa,Nelson Mandela Bay Stadium,,,,South African Premier Division,,20260406_Orbit-College_Kaizer-Chiefs,-100.97067822031931,1.3,0.97,4,3,9,6,45.2,54.8,1,2,0,0,5,5
2026-04-06 15:30:00,AmaZulu,Sekhukhune United FC,2.0,2.0,Durban,South Africa,Princess Magogo Stadium,,,,South African Premier Division,,20260406_AmaZulu_Sekhukhune-United-FC,-8.980310241300685,0.63,1.35,2,4,3,10,47.5,52.5,0,3,0,0,3,5
2026-04-07 17:30:00,Chippa United,Siwelele,1.0,0.0,Gqeberha,South Africa,Nelson Mandela Bay Stadium,,,,South African Premier Division,,20260407_Chippa-United_Siwelele,-82.99525174498422,1.04,0.87,1,2,2,6,40.1,59.9,2,2,1,0,5,6
2026-04-07 17:30:00,Durban City,Mamelodi Sundowns,0.0,1.0,Durban,South Africa,Chatsworth Stadium,,,,South African Premier Division,,20260407_Durban-City_Mamelodi-Sundowns,-255.92634392386822,0.77,0.95,2,2,4,3,46.9,53.1,2,0,0,0,5,2
2026-04-07 17:30:00,Magesi FC,Marumo Gallants,3.0,0.0,Polokwane,South Africa,Seshego Stadium,,,,South African Premier Division,,20260407_Magesi-FC_Marumo-Gallants,-1.3569270465220598,1.91,0.65,6,2,15,4,56.1,43.9,1,4,0,0,4,2
2026-04-07 17:30:00,Orlando Pirates,Golden Arrows,5.0,0.0,Johannesburg,South Africa,Orlando Stadium,,,,South African Premier Division,,20260407_Orlando-Pirates_Golden-Arrows,205.5437796858214,1.46,0.78,5,3,12,7,62.9,37.1,1,6,0,0,10,3
2026-04-07 17:30:00,Richards Bay FC,Stellenbosch,2.0,1.0,Richards Bay,South Africa,Richards Bay Stadium,,,,South African Premier Division,,20260407_Richards-Bay-FC_Stellenbosch,-97.34489129339795,1.97,1.55,6,2,12,5,50.5,49.5,3,2,0,0,6,1
2026-04-08 17:30:00,TS Galaxy FC,Polokwane City FC,1.0,2.0,Pretoria,South Africa,Solomon Mahlangu Stadium,,,,South African Premier Division,,20260408_TS-Galaxy-FC_Polokwane-City-FC,-25.764439111866295,0.05,0.68,1,3,2,8,45.4,54.6,1,4,0,0,4,10
2026-04-10 17:30:00,Richards Bay FC,Orlando Pirates,2.0,2.0,Richards Bay,South Africa,Richards Bay Stadium,,,,South African Premier Division,,20260410_Richards-Bay-FC_Orlando-Pirates,-233.58176978441452,1.88,1.54,6,6,13,14,39.6,60.4,2,0,0,0,7,4
2026-04-11 13:00:00,Golden Arrows,Durban City,1.0,0.0,Durban,South Africa,King Goodwill Zwelithini Stadium,,,,South African Premier Division,,20260411_Golden-Arrows_Durban-City,-39.33318121917341,1.01,1.31,3,2,6,6,44.7,55.3,4,0,0,0,7,5
2026-04-11 13:00:00,Siwelele,AmaZulu,1.0,1.0,Bloemfontein,South Africa,Dr. Petrus Molemela Stadium,,,,South African Premier Division,,20260411_Siwelele_AmaZulu,-42.74301119726442,0.68,2.34,1,10,2,20,44.6,55.4,2,2,0,0,0,9
2026-04-11 15:30:00,Sekhukhune United FC,Magesi FC,1.0,0.0,Polokwane,South Africa,Peter Mokaba Stadium,,,,South African Premier Division,,20260411_Sekhukhune-United-FC_Magesi-FC,111.06208082501121,0.85,1.36,4,4,8,9,56.3,43.7,1,0,0,0,3,5
2026-04-11 18:00:00,Chippa United,Polokwane City FC,1.0,1.0,"East London, South Africa",South Africa,Buffalo City Stadium,,,,South African Premier Division,,20260411_Chippa-United_Polokwane-City-FC,-64.111164696071,0.71,0.54,2,1,4,1,48.0,52.0,1,1,0,0,5,6
2026-04-12 13:00:00,Kaizer Chiefs,TS Galaxy FC,2.0,0.0,Johannesburg,South Africa,FNB Stadium,,,,South African Premier Division,,20260412_Kaizer-Chiefs_TS-Galaxy-FC,79.75859755125339,0.83,1.6,2,6,4,15,53.2,46.8,1,2,0,0,3,11
2026-04-12 15:30:00,Marumo Gallants,Orbit College,0.0,0.0,Bloemfontein,South Africa,Dr. Petrus Molemela Stadium,,,,South African Premier Division,,20260412_Marumo-Gallants_Orbit-College,-7.0230005340404205,0.95,1.09,2,3,3,8,49.1,50.9,0,2,0,0,2,2
2026-04-15 17:30:00,Magesi FC,Kaizer Chiefs,1.0,4.0,Polokwane,South Africa,Peter Mokaba Stadium,,,,South African Premier Division,,20260415_Magesi-FC_Kaizer-Chiefs,-120.0542205013619,1.97,1.25,5,4,12,8,40.7,59.3,0,1,0,0,12,6
2026-04-17 17:30:00,Stellenbosch,Sekhukhune United FC,3.0,1.0,Cape Town,South Africa,Athlone Stadium,,,,South African Premier Division,,20260417_Stellenbosch_Sekhukhune-United-FC,-22.014465630616996,2.25,0.79,7,1,18,0,51.4,48.6,1,1,0,0,6,1
2026-04-18 13:00:00,Marumo Gallants,Siwelele,0.0,0.0,Bloemfontein,South Africa,Dr. Petrus Molemela Stadium,,,,South African Premier Division,,20260418_Marumo-Gallants_Siwelele,-83.92212023966727,0.52,0.81,4,2,7,2,52.1,47.9,3,1,1,0,2,5
2026-04-18 13:00:00,Orbit College,Golden Arrows,1.0,2.0,Rustenburg,South Africa,Olympia Park,,,,South African Premier Division,,20260418_Orbit-College_Golden-Arrows,-76.63825622751415,1.23,0.48,5,2,12,5,51.2,48.8,0,1,0,0,8,1
2026-04-18 13:00:00,Orlando Pirates,AmaZulu,3.0,0.0,Johannesburg,South Africa,Orlando Stadium,,,,South African Premier Division,,20260418_Orlando-Pirates_AmaZulu,155.8568291747183,1.72,0.46,7,2,15,6,53.6,46.4,1,0,0,0,6,3
2026-04-18 15:30:00,Polokwane City FC,Kaizer Chiefs,0.0,0.0,Polokwane,South Africa,Old Peter Mokaba Stadium,,,,South African Premier Division,,20260418_Polokwane-City-FC_Kaizer-Chiefs,-51.26379022431547,0.4,1.38,1,5,2,11,49.1,50.9,1,1,0,0,2,6
2026-04-19 13:00:00,TS Galaxy FC,Richards Bay FC,0.0,1.0,Nelspruit,South Africa,Mbombela Stadium,,,,South African Premier Division,,20260419_TS-Galaxy-FC_Richards-Bay-FC,-24.163172411406777,1.29,1.27,4,4,10,11,44.7,55.3,2,0,0,0,5,5
2026-04-19 15:30:00,Magesi FC,Durban City,5.0,2.0,Polokwane,South Africa,Seshego Stadium,,,,South African Premier Division,,20260419_Magesi-FC_Durban-City,-89.6101768186818,2.64,0.61,9,2,20,3,48.8,51.2,1,1,0,0,8,2
2026-04-22 17:30:00,Mamelodi Sundowns,Stellenbosch,1.0,1.0,Pretoria,South Africa,Loftus Versfeld Stadium,,,,South African Premier Division,,20260422_Mamelodi-Sundowns_Stellenbosch,241.44186551367056,0.75,0.14,1,1,2,1,55.8,44.2,0,1,0,0,2,1
2026-04-24 17:30:00,Durban City,Orbit College,1.0,1.0,Durban,South Africa,Chatsworth Stadium,,,,South African Premier Division,,20260424_Durban-City_Orbit-College,83.63289136953608,0.74,1.01,4,4,7,9,52.7,47.3,1,1,0,0,6,2
2026-04-24 17:30:00,Golden Arrows,Siwelele,0.0,0.0,Durban,South Africa,King Goodwill Zwelithini Stadium,,,,South African Premier Division,,20260424_Golden-Arrows_Siwelele,11.492671395945308,1.24,1.32,3,4,7,9,46.7,53.3,1,2,0,0,4,5
2026-04-25 13:00:00,AmaZulu,Chippa United,5.0,1.0,Durban,South Africa,Moses Mabhida Stadium,,,,South African Premier Division,,20260425_AmaZulu_Chippa-United,85.50224841293903,2.0,0.61,7,1,15,4,53.1,46.9,2,1,0,0,7,7
2026-04-25 15:30:00,Sekhukhune United FC,Marumo Gallants,1.0,1.0,Polokwane,South Africa,Peter Mokaba Stadium,,,,South African Premier Division,,20260425_Sekhukhune-United-FC_Marumo-Gallants,126.24311751824189,0.85,1.27,3,3,7,8,57.2,42.8,1,0,0,0,2,3
2026-04-26 13:00:00,Polokwane City FC,Stellenbosch,1.0,0.0,Polokwane,South Africa,Old Peter Mokaba Stadium,,,,South African Premier Division,,20260426_Polokwane-City-FC_Stellenbosch,-47.04048820109438,1.33,0.93,5,4,10,9,46.6,53.4,1,0,0,0,1,10
2026-04-26 13:00:00,TS Galaxy FC,Magesi FC,0.0,0.0,Nelspruit,South Africa,Mbombela Stadium,,,,South African Premier Division,,20260426_TS-Galaxy-FC_Magesi-FC,3.526402634488022,0.94,0.28,1,1,2,2,49.0,51.0,2,1,0,0,1,1
2026-04-26 13:45:00,Orlando Pirates,Kaizer Chiefs,1.0,1.0,Johannesburg,South Africa,FNB Stadium,,,,South African Premier Division,,20260426_Orlando-Pirates_Kaizer-Chiefs,146.02324271463203,0.85,0.56,1,2,3,3,56.2,43.8,3,2,0,0,2,5
2026-04-26 15:30:00,Richards Bay FC,Mamelodi Sundowns,0.0,0.0,Richards Bay,South Africa,Richards Bay Stadium,,,,South African Premier Division,,20260426_Richards-Bay-FC_Mamelodi-Sundowns,-295.5740207570793,1.41,0.8,6,2,12,4,41.8,58.2,3,0,0,0,7,4
2026-04-29 17:30:00,Polokwane City FC,Mamelodi Sundowns,0.0,1.0,Polokwane,South Africa,Seshego Stadium,,,,South African Premier Division,,20260429_Polokwane-City-FC_Mamelodi-Sundowns,-252.1427913533371,1.29,0.22,6,1,12,2,44.9,55.1,1,2,0,0,4,2
2026-04-29 17:30:00,Siwelele,Kaizer Chiefs,2.0,0.0,Bloemfontein,South Africa,Free State Stadium,,,,South African Premier Division,,20260429_Siwelele_Kaizer-Chiefs,-63.80269506477157,0.99,0.46,3,1,5,2,47.8,52.2,2,0,0,0,4,2
2026-05-03 13:00:00,Mamelodi Sundowns,Polokwane City FC,3.0,0.0,Pretoria,South Africa,Loftus Versfeld Stadium,,,,South African Premier Division,,20260503_Mamelodi-Sundowns_Polokwane-City-FC,261.2521555357798,1.29,0.46,3,2,7,5,58.5,41.5,1,0,0,0,5,1
2026-05-05 17:30:00,Magesi FC,Orbit College,1.0,2.0,Polokwane,South Africa,Seshego Stadium,,,,South African Premier Division,,20260505_Magesi-FC_Orbit-College,21.36680814161582,0.77,0.75,2,3,4,6,47.5,52.5,2,1,0,0,5,5
2026-05-05 17:30:00,Siwelele,Durban City,2.0,2.0,Bloemfontein,South Africa,Dr. Petrus Molemela Stadium,,,,South African Premier Division,,20260505_Siwelele_Durban-City,17.71300682675951,0.59,0.84,3,2,7,3,52.9,47.1,3,1,0,0,3,5
2026-05-05 17:30:00,Stellenbosch,Orlando Pirates,0.0,2.0,Cape Town,South Africa,Athlone Stadium,,,,South African Premier Division,,20260505_Stellenbosch_Orlando-Pirates,-155.57962590827265,0.66,0.9,1,3,2,6,45.9,54.1,2,0,0,0,2,6
2026-05-06 11:00:00,Chippa United,Sekhukhune United FC,1.0,3.0,"East London, South Africa",South Africa,Buffalo City Stadium,,,,South African Premier Division,,20260506_Chippa-United_Sekhukhune-United-FC,-102.73965461209195,0.93,0.67,3,3,5,6,46.5,53.5,2,1,0,0,4,4
2026-05-06 17:30:00,AmaZulu,Golden Arrows,1.0,1.0,Durban,South Africa,Moses Mabhida Stadium,,,,South African Premier Division,,20260506_AmaZulu_Golden-Arrows,33.706797286393794,1.3,0.41,4,2,9,4,51.7,48.3,1,3,0,0,7,6
2026-05-06 17:30:00,Mamelodi Sundowns,Kaizer Chiefs,1.0,1.0,Pretoria,South Africa,Loftus Versfeld Stadium,,,,South African Premier Division,,20260506_Mamelodi-Sundowns_Kaizer-Chiefs,236.3417030151454,1.3,1.09,2,5,6,11,54.8,45.2,2,6,0,0,4,3
2026-05-06 17:30:00,Marumo Gallants,TS Galaxy FC,1.0,1.0,Bloemfontein,South Africa,Dr. Petrus Molemela Stadium,,,,South African Premier Division,,20260506_Marumo-Gallants_TS-Galaxy-FC,-17.604998540695306,1.59,0.81,6,1,15,2,54.8,45.2,2,2,0,0,12,5
2026-05-06 17:30:00,Richards Bay FC,Polokwane City FC,0.0,0.0,Richards Bay,South Africa,Richards Bay Stadium,,,,South African Premier Division,,20260506_Richards-Bay-FC_Polokwane-City-FC,-17.917415035094564,1.47,0.48,5,3,9,8,44.8,55.2,2,1,0,0,8,5
2026-05-08 17:30:00,Durban City,Stellenbosch,0.0,0.0,Durban,South Africa,Chatsworth Stadium,,,,South African Premier Division,,20260508_Durban-City_Stellenbosch,-40.67768054880071,1.61,0.89,6,3,14,8,52.7,47.3,2,1,0,0,6,6
2026-05-09 13:00:00,Golden Arrows,Polokwane City FC,0.0,0.0,Durban,South Africa,King Goodwill Zwelithini Stadium,,,,South African Premier Division,,20260509_Golden-Arrows_Polokwane-City-FC,-3.5064688937459323,0.92,0.49,4,1,8,2,44.5,55.5,1,2,0,0,5,4
2026-05-09 13:00:00,Marumo Gallants,Richards Bay FC,1.0,1.0,Bloemfontein,South Africa,Dr. Petrus Molemela Stadium,,,,South African Premier Division,,20260509_Marumo-Gallants_Richards-Bay-FC,-72.53169018502308,0.83,1.67,4,7,9,18,55.3,44.7,4,3,0,0,9,13
2026-05-09 13:00:00,Orbit College,AmaZulu,0.0,0.0,Rustenburg,South Africa,Olympia Park,,,,South African Premier Division,,20260509_Orbit-College_AmaZulu,-112.00683912987142,1.01,0.26,3,0,5,0,46.8,53.2,2,0,0,0,2,1
2026-05-09 13:00:00,TS Galaxy FC,Chippa United,1.0,1.0,Nelspruit,South Africa,Mbombela Stadium,,,,South African Premier Division,,20260509_TS-Galaxy-FC_Chippa-United,10.401454318000333,0.99,0.98,3,3,4,6,53.7,46.3,4,2,0,0,4,4
2026-05-09 15:30:00,Mamelodi Sundowns,Siwelele,7.0,4.0,Pretoria,South Africa,Lucas Masterpieces Moripe Stadium,,,,South African Premier Division,,20260509_Mamelodi-Sundowns_Siwelele,265.29705166121425,2.02,1.31,7,5,16,10,59.4,40.6,0,1,0,0,6,5
2026-05-09 18:00:00,Magesi FC,Orlando Pirates,0.0,3.0,Polokwane,South Africa,Peter Mokaba Stadium,,,,South African Premier Division,,20260509_Magesi-FC_Orlando-Pirates,-280.12158213041357,0.55,1.16,2,4,4,8,39.9,60.1,2,3,0,0,5,4
2026-05-10 15:30:00,Sekhukhune United FC,Kaizer Chiefs,0.0,2.0,Polokwane,South Africa,Peter Mokaba Stadium,,,,South African Premier Division,,20260510_Sekhukhune-United-FC_Kaizer-Chiefs,-4.739037028486337,1.08,0.86,4,3,8,7,51.6,48.4,0,0,0,0,5,5
2026-05-12 17:30:00,TS Galaxy FC,Mamelodi Sundowns,3.0,2.0,Nelspruit,South Africa,Mbombela Stadium,,,,South African Premier Division,,20260512_TS-Galaxy-FC_Mamelodi-Sundowns,-340.9624379343263,2.05,1.08,6,3,11,7,40.4,59.6,2,1,0,0,7,2
2026-05-16 13:00:00,AmaZulu,Kaizer Chiefs,0.0,1.0,Durban,South Africa,Moses Mabhida Stadium,,,,South African Premier Division,,20260516_AmaZulu_Kaizer-Chiefs,-29.054537646014523,0.12,1.2,2,3,6,5,50.2,49.8,1,1,0,0,3,1
2026-05-16 13:00:00,Chippa United,Golden Arrows,0.0,2.0,Gqeberha,South Africa,Nelson Mandela Bay Stadium,,,,South African Premier Division,,20260516_Chippa-United_Golden-Arrows,-79.47952625806988,0.78,1.44,2,5,4,10,43.2,56.8,1,1,0,0,3,9
2026-05-16 13:00:00,Orlando Pirates,Durban City,0.0,0.0,Johannesburg,South Africa,Orlando Stadium,,,,South African Premier Division,,20260516_Orlando-Pirates_Durban-City,212.7664869642124,1.59,0.46,4,2,8,3,58.7,41.3,2,2,0,0,4,4
2026-05-16 13:00:00,Polokwane City FC,Marumo Gallants,1.0,1.0,Polokwane,South Africa,Old Peter Mokaba Stadium,,,,South African Premier Division,,20260516_Polokwane-City-FC_Marumo-Gallants,86.62201901017261,0.05,0.74,1,2,2,7,50.7,49.3,1,0,0,0,2,3
2026-05-16 13:00:00,Richards Bay FC,Sekhukhune United FC,1.0,1.0,Richards Bay,South Africa,Richards Bay Stadium,,,,South African Premier Division,,20260516_Richards-Bay-FC_Sekhukhune-United-FC,-43.93236484906174,0.06,0.27,1,1,2,1,48.4,51.6,3,2,0,0,3,0
2026-05-16 13:00:00,Siwelele,Magesi FC,1.0,0.0,Bloemfontein,South Africa,Dr. Petrus Molemela Stadium,,,,South African Premier Division,,20260516_Siwelele_Magesi-FC,86.14477521607114,0.82,0.85,2,3,4,6,52.9,47.1,2,4,1,0,2,3
2026-05-16 13:00:00,Stellenbosch,Orbit College,2.0,0.0,Stellenbosch,South Africa,Danie Craven Stadium,,,,South African Premier Division,,20260516_Stellenbosch_Orbit-College,101.37819607953361,1.38,0.79,5,2,11,4,49.6,50.4,1,1,0,0,6,3
2026-05-23 13:00:00,Durban City,AmaZulu,0.0,1.0,Durban,South Africa,Chatsworth Stadium,,,,South African Premier Division,,20260523_Durban-City_AmaZulu,-23.48084527938863,0.91,2.05,3,8,5,19,50.0,50.0,2,2,0,0,4,10
2026-05-23 13:00:00,Golden Arrows,TS Galaxy FC,0.0,0.0,Durban,South Africa,King Goodwill Zwelithini Stadium,,,,South African Premier Division,,20260523_Golden-Arrows_TS-Galaxy-FC,58.05424863348594,0.84,0.31,3,1,7,3,48.4,51.6,2,3,0,0,7,2
2026-05-23 13:00:00,Kaizer Chiefs,Chippa United,0.0,1.0,Durban,South Africa,Moses Mabhida Stadium,,,,South African Premier Division,,20260523_Kaizer-Chiefs_Chippa-United,156.3593480428367,0.69,1.11,4,4,10,7,56.5,43.5,2,2,0,0,5,6
2026-05-23 13:00:00,Magesi FC,Richards Bay FC,1.0,0.0,Polokwane,South Africa,Seshego Stadium,,,,South African Premier Division,,20260523_Magesi-FC_Richards-Bay-FC,-83.66799052943315,0.97,1.41,2,4,5,7,43.9,56.1,0,3,0,0,4,4
2026-05-23 13:00:00,Marumo Gallants,Stellenbosch,0.0,0.0,Bloemfontein,South Africa,Dr. Petrus Molemela Stadium,,,,South African Premier Division,,20260523_Marumo-Gallants_Stellenbosch,-113.39690046449778,0.22,1.12,1,3,1,6,45.9,54.1,0,0,0,0,5,4
2026-05-23 13:00:00,Orbit College,Orlando Pirates,0.0,2.0,Nelspruit,South Africa,Mbombela Stadium,,,,South African Premier Division,,20260523_Orbit-College_Orlando-Pirates,-278.30907368907174,1.05,0.94,2,2,3,3,41.8,58.2,0,2,0,0,6,2
2026-05-23 13:00:00,Sekhukhune United FC,Siwelele,2.0,2.0,Polokwane,South Africa,Peter Mokaba Stadium,,,,South African Premier Division,,20260523_Sekhukhune-United-FC_Siwelele,20.268565176589618,0.65,0.19,2,2,4,4,52.0,48.0,0,0,0,1,2,5
2026-08-01 13:00:00,Golden Arrows,Chippa United,0.0,0.0,Durban,South Africa,King Goodwill Zwelithini Stadium,,,,South African Premier Division,,20260801_Golden-Arrows_Chippa-United,79.03324844705594,0.7,1.21,1,5,2,10,52.4,47.6,2,2,0,0,1,5
2026-08-01 13:00:00,Orlando Pirates,Milford FC,2.0,0.0,Johannesburg,South Africa,Orlando Stadium,,,,South African Premier Division,,20260801_Orlando-Pirates_Milford-FC,209.5876338506307,0.97,0.05,4,0,7,0,61.2,38.8,0,2,0,0,4,2
2026-08-01 13:00:00,Stellenbosch,AmaZulu,0.0,1.0,Durban,South Africa,Sugar Ray Xulu Stadium,,,,South African Premier Division,,20260801_Stellenbosch_AmaZulu,1.4711837746995116,1.74,0.94,6,3,12,7,42.2,57.8,6,2,0,0,3,2
2026-08-01 15:30:00,Sekhukhune United FC,Durban City,1.0,0.0,Polokwane,South Africa,Seshego Stadium,,,,South African Premier Division,,20260801_Sekhukhune-United-FC_Durban-City,44.10415125177224,1.48,1.29,4,5,5,10,46.3,53.7,1,3,0,0,5,1
2026-08-01 18:00:00,Kruger United,Kaizer Chiefs,1.0,3.0,Nelspruit,South Africa,Mbombela Stadium,,,,South African Premier Division,,20260801_Kruger-United_Kaizer-Chiefs,-63.36580655027933,0.89,1.05,2,3,3,6,45.3,54.7,1,1,0,0,1,4
2026-08-02 13:00:00,Richards Bay FC,Polokwane City FC,1.0,2.0,Richards Bay,South Africa,Richards Bay Stadium,,,,South African Premier Division,,20260802_Richards-Bay-FC_Polokwane-City-FC,-29.423628784544007,0.63,1.69,2,7,6,16,49.1,50.9,1,2,0,0,7,5
2026-08-02 15:30:00,Siwelele,TS Galaxy FC,2.0,2.0,Bloemfontein,South Africa,Free State Stadium,,,,South African Premier Division,,20260802_Siwelele_TS-Galaxy-FC,53.85468429528305,1.03,1.3,4,6,9,12,53.6,46.4,2,3,0,0,3,4
2026-08-11 17:30:00,Chippa United,Richards Bay FC,1.0,1.0,Soweto,South Africa,Dobsonville Stadium,,,,South African Premier Division,,20260811_Chippa-United_Richards-Bay-FC,-28.957686469532064,1.71,0.58,5,2,10,3,48.6,51.4,2,1,0,1,7,2
2026-08-11 17:30:00,Marumo Gallants,Kruger United,0.0,0.0,,,,,,,South African Premier Division,,20260811_Marumo-Gallants_Kruger-United,-53.95692952266404,1.49,0.05,4,0,10,0,51.8,48.2,1,3,0,0,9,1
2026-08-11 17:30:00,Polokwane City FC,Stellenbosch,3.0,3.0,Polokwane,South Africa,Seshego Stadium,,,,South African Premier Division,,20260811_Polokwane-City-FC_Stellenbosch,-5.817367509707083,0.08,0.93,3,3,6,5,51.3,48.7,2,1,0,0,3,4
2026-08-11 17:30:00,TS Galaxy FC,Mamelodi Sundowns,2.0,3.0,Nelspruit,South Africa,Mbombela Stadium,,,,South African Premier Division,,20260811_TS-Galaxy-FC_Mamelodi-Sundowns,-295.04266301995744,0.75,2.04,2,8,4,18,48.6,51.4,3,1,0,0,1,10
2026-08-12 17:30:00,AmaZulu,Orlando Pirates,1.0,1.0,Durban,South Africa,Kings Park Stadium,,,,South African Premier Division,,20260812_AmaZulu_Orlando-Pirates,-162.4975747364897,0.97,1.3,6,6,13,13,49.3,50.7,0,1,0,0,8,6
2026-08-12 17:30:00,Durban City,Golden Arrows,0.0,0.0,Durban,South Africa,Chatsworth Stadium,,,,South African Premier Division,,20260812_Durban-City_Golden-Arrows,-33.26157542843316,0.41,1.07,0,3,0,8,51.6,48.4,1,1,0,0,1,5
2026-08-12 17:30:00,Kaizer Chiefs,Sekhukhune United FC,2.0,0.0,Johannesburg,South Africa,FNB Stadium,,,,South African Premier Division,,20260812_Kaizer-Chiefs_Sekhukhune-United-FC,23.906490711611013,1.22,1.77,3,6,6,16,50.2,49.8,3,4,0,0,7,8
2026-08-12 17:30:00,Milford FC,Siwelele,1.0,0.0,Richards Bay,South Africa,Richards Bay Stadium,,,,South African Premier Division,,20260812_Milford-FC_Siwelele,-23.62226444633211,0.3,0.98,1,3,3,5,49.0,51.0,6,1,1,1,1,2
2026-08-14 17:30:00,Stellenbosch,Marumo Gallants,3.0,1.0,Cape Town,South Africa,Athlone Stadium,,,,South African Premier Division,,20260814_Stellenbosch_Marumo-Gallants,91.73001704446324,0.19,0.75,3,2,6,7,50.9,49.1,2,3,0,0,2,7
2026-08-15 13:00:00,AmaZulu,Siwelele,2.0,0.0,Durban,South Africa,Kings Park Stadium,,,,South African Premier Division,,20260815_AmaZulu_Siwelele,52.57409295620391,1.71,0.05,5,0,9,0,52.9,47.1,3,1,0,0,6,2
2026-08-15 13:00:00,Kaizer Chiefs,Mamelodi Sundowns,1.0,1.0,Johannesburg,South Africa,FNB Stadium,,,,South African Premier Division,,20260815_Kaizer-Chiefs_Mamelodi-Sundowns,-182.30851057758787,0.09,1.41,1,5,2,10,45.7,54.3,0,0,0,0,2,7
2026-08-15 15:30:00,Sekhukhune United FC,Polokwane City FC,2.0,0.0,Polokwane,South Africa,Seshego Stadium,,,,South African Premier Division,,20260815_Sekhukhune-United-FC_Polokwane-City-FC,13.748157411670263,0.68,0.65,2,1,3,2,45.9,54.1,1,0,0,0,4,1
2026-08-15 18:00:00,Durban City,Richards Bay FC,1.0,1.0,Durban,South Africa,Chatsworth Stadium,,,,South African Premier Division,,20260815_Durban-City_Richards-Bay-FC,13.589991404457805,0.69,1.27,1,5,2,12,42.7,57.3,2,4,0,0,3,5
2026-08-15 18:00:00,Milford FC,Kruger United,2.0,1.0,Durban,South Africa,Sugar Ray Xulu Stadium,,,,South African Premier Division,,20260815_Milford-FC_Kruger-United,18.97099387905473,1.64,0.73,5,1,9,1,54.1,45.9,2,2,0,0,9,3
2026-08-16 13:00:00,Chippa United,Orlando Pirates,0.0,3.0,Durban,South Africa,Kings Park Stadium,,,,South African Premier Division,,20260816_Chippa-United_Orlando-Pirates,-265.0650546946474,0.07,1.22,0,5,1,11,46.0,54.0,1,2,0,0,1,7
2026-08-16 15:30:00,TS Galaxy FC,Golden Arrows,0.0,0.0,Pretoria,South Africa,Solomon Mahlangu Stadium,,,,South African Premier Division,,20260816_TS-Galaxy-FC_Golden-Arrows,-52.118871594886286,0.7,1.46,1,5,0,12,43.6,56.4,2,3,0,0,0,8
2026-08-19 17:30:00,Mamelodi Sundowns,Marumo Gallants,2.0,0.0,Pretoria,South Africa,Loftus Versfeld Stadium,,,,South African Premier Division,,20260819_Mamelodi-Sundowns_Marumo-Gallants,331.7561243086195,1.6,1.58,5,4,12,7,58.5,41.5,5,0,0,0,7,2
2026-08-25 17:30:00,Kruger United,Durban City,0.0,2.0,Nelspruit,South Africa,Mbombela Stadium,,,,South African Premier Division,,20260825_Kruger-United_Durban-City,-7.926609527710298,0.09,1.5,0,5,1,11,53.2,46.8,3,1,0,0,5,6
2026-08-25 17:30:00,Marumo Gallants,TS Galaxy FC,2.0,3.0,Rustenburg,South Africa,Royal Bafokeng Stadium,,,,South African Premier Division,,20260825_Marumo-Gallants_TS-Galaxy-FC,-39.94815455780599,0.98,1.35,3,4,8,8,50.7,49.3,1,2,0,0,4,5
2026-08-25 17:30:00,Orlando Pirates,Sekhukhune United FC,2.0,0.0,Johannesburg,South Africa,Orlando Stadium,,,,South African Premier Division,,20260825_Orlando-Pirates_Sekhukhune-United-FC,164.52127949057103,0.82,1.65,2,5,3,13,57.9,42.1,2,2,0,0,3,9
2026-08-25 17:30:00,Siwelele,Chippa United,1.0,1.0,Bloemfontein,South Africa,Free State Stadium,,,,South African Premier Division,,20260825_Siwelele_Chippa-United,54.55423115715894,2.45,1.09,5,3,12,8,58.4,41.6,4,3,0,0,5,6
2026-08-26 17:30:00,Golden Arrows,Stellenbosch,1.0,0.0,Durban,South Africa,King Goodwill Zwelithini Stadium,,,,South African Premier Division,,20260826_Golden-Arrows_Stellenbosch,-24.13946127934514,1.36,0.05,3,0,7,0,52.6,47.4,0,0,0,0,3,3
2026-08-26 17:30:00,Mamelodi Sundowns,AmaZulu,5.0,2.0,Pretoria,South Africa,Loftus Versfeld Stadium,,,,South African Premier Division,,20260826_Mamelodi-Sundowns_AmaZulu,195.95360699035905,1.57,0.05,5,2,11,5,56.9,43.1,1,1,1,0,7,3
2026-08-26 17:30:00,Polokwane City FC,Milford FC,0.0,0.0,Polokwane,South Africa,Old Peter Mokaba Stadium,,,,South African Premier Division,,20260826_Polokwane-City-FC_Milford-FC,-5.786746242141135,1.44,0.36,4,1,8,3,47.5,52.5,0,0,0,0,7,6
2026-08-26 17:30:00,Richards Bay FC,Kaizer Chiefs,2.0,2.0,Durban,South Africa,Princess Magogo Stadium,,,,South African Premier Division,,20260826_Richards-Bay-FC_Kaizer-Chiefs,-117.90749872919491,1.89,0.87,6,3,13,7,49.3,50.7,2,0,0,0,9,5
2026-09-01 17:30:00,Durban City,Stellenbosch,0.0,0.0,Durban,South Africa,Chatsworth Stadium,,,,South African Premier Division,,20260901_Durban-City_Stellenbosch,-29.234124304918396,0.54,0.57,2,3,5,8,50.9,49.1,0,2,0,0,6,3
2026-09-01 17:30:00,Kruger United,Orlando Pirates,0.0,4.0,Nelspruit,South Africa,Mbombela Stadium,,,,South African Premier Division,,20260901_Kruger-United_Orlando-Pirates,-255.62902609782827,0.8,3.15,3,10,6,20,43.7,56.3,1,2,0,0,2,10
2026-09-02 17:30:00,Mamelodi Sundowns,Milford FC,2.0,0.0,Pretoria,South Africa,Loftus Versfeld Stadium,,,,South African Premier Division,,20260902_Mamelodi-Sundowns_Milford-FC,251.44175891054874,1.53,0.35,5,1,8,1,62.3,37.7,2,1,0,0,5,0
2026-09-04 17:30:00,Marumo Gallants,Polokwane City FC,2.0,2.0,Rustenburg,South Africa,Royal Bafokeng Stadium,,,,South African Premier Division,,20260904_Marumo-Gallants_Polokwane-City-FC,-97.61480881175089,1.14,0.74,3,2,5,5,46.1,53.9,0,0,0,0,2,7
2026-09-04 17:30:00,Richards Bay FC,AmaZulu,1.0,2.0,Durban,South Africa,Princess Magogo Stadium,,,,South African Premier Division,,20260904_Richards-Bay-FC_AmaZulu,-86.01483838899458,1.24,0.79,4,3,10,6,48.0,52.0,2,0,0,0,5,3
2026-09-05 13:00:00,Chippa United,Milford FC,0.0,0.0,"East London, South Africa",South Africa,Buffalo City Stadium,,,,South African Premier Division,,20260905_Chippa-United_Milford-FC,-71.46618603844036,0.93,0.85,2,3,5,5,49.6,50.4,2,2,0,0,4,6
2026-09-05 15:30:00,Sekhukhune United FC,TS Galaxy FC,0.0,0.0,Polokwane,South Africa,Old Peter Mokaba Stadium,,,,South African Premier Division,,20260905_Sekhukhune-United-FC_TS-Galaxy-FC,66.3057612015134,0.07,0.99,0,3,1,6,48.8,51.2,1,3,0,0,3,4
2026-09-06 13:00:00,Golden Arrows,Mamelodi Sundowns,1.0,2.0,Durban,South Africa,King Goodwill Zwelithini Stadium,,,,South African Premier Division,,20260906_Golden-Arrows_Mamelodi-Sundowns,-247.0609664081967,1.34,0.27,4,2,8,3,50.4,49.6,4,2,0,0,4,5
2026-09-06 15:30:00,Kaizer Chiefs,Siwelele,3.0,2.0,Soweto,South Africa,Dobsonville Stadium,,,,South African Premier Division,,20260906_Kaizer-Chiefs_Siwelele,93.0168524590888,2.44,0.63,8,2,18,5,55.5,44.5,0,2,1,0,8,4
